year,month,coast_region,n_pixels,mean_SPEI3,upland_mean_WUE_T_pct_change,upland_mean_abs_WUE_T_pct_change,upland_mean_lower_pct_change,upland_mean_upper_pct_change,upland_mean_prediction_interval_width,pct_pixels_decrease,pct_pixels_increase,pct_pixels_strong_decrease,pct_pixels_strong_increase,pct_pixels_robust_strong_response,pct_pixels_possible_strong_response,dry_n_pixels,dry_pct_pixels,dry_mean_WUE_T_pct_change,dry_mean_abs_WUE_T_pct_change,dry_pct_pixels_decrease,dry_pct_pixels_increase,dry_pct_pixels_strong_decrease,dry_pct_pixels_strong_increase
2000,1,AK Coast,1904,0.0427,0.779,3.6556,-28.0461,29.6042,57.6503,55.67,44.33,0.0,18.86,0.0,100.0,115,6.04,-3.4512,3.4512,100.0,0.0,0.0,0.0
2000,1,Pacific Coast,283,0.2392,-0.3512,0.8184,-31.8992,31.1968,63.0961,69.26,30.74,0.0,0.0,0.0,100.0,0,0.0,nan,nan,nan,nan,nan,nan
2000,1,Gulf Coast,57,-1.2966,47.1925,47.1925,13.5038,80.8811,67.3773,0.0,100.0,0.0,100.0,89.47,100.0,48,84.21,47.568,47.568,0.0,100.0,0.0,100.0
2000,1,Atlantic Coast,835,-1.0385,1.9101,1.9172,-27.4364,31.2566,58.693,2.28,97.72,0.0,0.0,0.0,100.0,407,48.74,2.7278,2.7278,0.0,100.0,0.0,0.0
2000,2,AK Coast,1904,0.4478,2.7885,4.4335,-25.9912,31.5682,57.5594,33.25,66.75,0.0,31.51,0.0,100.0,14,0.74,-3.7186,3.7186,100.0,0.0,0.0,0.0
2000,2,Pacific Coast,283,0.3755,-0.6624,0.6699,-32.1963,30.8715,63.0678,97.88,2.12,0.0,0.0,0.0,100.0,0,0.0,nan,nan,nan,nan,nan,nan
2000,2,Gulf Coast,57,-0.2878,5.6103,15.012,-26.737,37.9577,64.6947,42.11,57.89,33.33,50.88,1.75,100.0,0,0.0,nan,nan,nan,nan,nan,nan
2000,2,Atlantic Coast,835,-1.1709,2.1805,2.1815,-27.1697,31.5306,58.7004,0.36,99.64,0.0,0.0,0.0,100.0,478,57.25,2.6867,2.6867,0.0,100.0,0.0,0.0
2000,3,AK Coast,1904,0.617,3.7397,4.3469,-24.9921,32.4716,57.4637,16.44,83.56,0.0,34.66,0.0,100.0,11,0.58,-3.3145,3.3145,100.0,0.0,0.0,0.0
2000,3,Pacific Coast,283,0.2322,-0.3513,0.8366,-31.8977,31.1952,63.0929,67.14,32.86,0.0,0.0,0.0,100.0,2,0.71,1.9869,1.9869,0.0,100.0,0.0,0.0
2000,3,Gulf Coast,57,0.2134,-19.6405,19.6405,-51.7322,12.4511,64.1833,100.0,0.0,96.49,0.0,0.0,100.0,0,0.0,nan,nan,nan,nan,nan,nan
2000,3,Atlantic Coast,835,-0.8045,1.575,1.7204,-27.7223,30.8724,58.5946,8.5,91.5,0.0,0.0,0.0,100.0,272,32.57,2.6973,2.6973,0.0,100.0,0.0,0.0
2000,4,AK Coast,1904,0.0701,0.7443,3.3259,-28.0472,29.5357,57.583,51.58,48.42,0.0,13.66,0.0,100.0,111,5.83,-3.6109,3.6109,100.0,0.0,0.0,0.0
2000,4,Pacific Coast,283,-0.0694,0.1128,0.7986,-31.4327,31.6583,63.091,37.81,62.19,0.0,0.0,0.0,100.0,0,0.0,nan,nan,nan,nan,nan,nan
2000,4,Gulf Coast,57,0.668,-19.3619,19.3619,-51.5523,12.8285,64.3808,100.0,0.0,98.25,0.0,0.0,100.0,0,0.0,nan,nan,nan,nan,nan,nan
2000,4,Atlantic Coast,835,-0.6382,1.2018,1.5234,-28.084,30.4876,58.5716,19.04,80.96,0.0,0.0,0.0,100.0,255,30.54,2.6929,2.6929,0.0,100.0,0.0,0.0
2000,5,AK Coast,1904,-0.1894,-0.5074,3.0113,-29.3548,28.3401,57.6949,72.58,27.42,0.0,13.39,0.0,100.0,275,14.44,-3.5969,3.5969,100.0,0.0,0.0,0.0
2000,5,Pacific Coast,283,-0.3258,0.4725,0.6922,-31.0691,32.0142,63.0833,37.1,62.9,0.0,0.0,0.0,100.0,12,4.24,1.9959,1.9959,0.0,100.0,0.0,0.0
2000,5,Gulf Coast,57,0.2507,-19.1881,19.441,-51.2826,12.9064,64.189,96.49,3.51,91.23,1.75,0.0,100.0,0,0.0,nan,nan,nan,nan,nan,nan
2000,5,Atlantic Coast,835,-0.5023,0.9353,1.6074,-28.3499,30.2205,58.5704,30.54,69.46,0.0,0.0,0.0,100.0,279,33.41,2.6048,2.6048,0.0,100.0,0.0,0.0
2000,6,AK Coast,1904,-0.4081,-1.6793,2.5742,-30.5674,27.2088,57.7761,77.05,22.95,0.0,0.89,0.0,100.0,299,15.7,-3.4667,3.4667,100.0,0.0,0.0,0.0
2000,6,Pacific Coast,283,0.2173,-0.4473,0.516,-31.9827,31.088,63.0707,84.81,15.19,0.0,0.0,0.0,100.0,1,0.35,3.5518,3.5518,0.0,100.0,0.0,0.0
2000,6,Gulf Coast,57,0.1158,-11.1147,16.9845,-43.3147,21.0852,64.3998,77.19,22.81,68.42,15.79,1.75,100.0,0,0.0,nan,nan,nan,nan,nan,nan
2000,6,Atlantic Coast,835,-0.4124,0.8017,1.6369,-28.4797,30.083,58.5627,38.68,61.32,0.0,0.0,0.0,100.0,320,38.32,2.5625,2.5625,0.0,100.0,0.0,0.0
2000,7,AK Coast,1904,0.1005,0.651,2.9082,-28.0773,29.3793,57.4566,50.21,49.79,0.0,15.13,0.0,100.0,33,1.73,-3.463,3.463,100.0,0.0,0.0,0.0
2000,7,Pacific Coast,283,0.6335,-0.8224,0.8595,-32.3913,30.7466,63.1378,94.35,5.65,0.0,0.0,0.0,100.0,0,0.0,nan,nan,nan,nan,nan,nan
2000,7,Gulf Coast,57,-0.8747,38.247,39.8279,5.0925,71.4016,66.309,8.77,91.23,7.02,91.23,71.93,100.0,21,36.84,50.1691,50.1691,0.0,100.0,0.0,100.0
2000,7,Atlantic Coast,835,-0.5697,1.0306,1.8383,-28.2796,30.3407,58.6203,29.34,70.66,0.0,0.0,0.0,100.0,318,38.08,2.6686,2.6686,0.0,100.0,0.0,0.0
2000,8,AK Coast,1904,0.2431,1.6721,3.6434,-27.0753,30.4195,57.4948,41.96,58.04,0.0,25.37,0.0,100.0,26,1.37,-3.2391,3.2391,100.0,0.0,0.0,0.0
2000,8,Pacific Coast,283,0.2136,-0.3857,0.6362,-31.923,31.1515,63.0745,75.27,24.73,0.0,0.0,0.0,100.0,0,0.0,nan,nan,nan,nan,nan,nan
2000,8,Gulf Coast,57,-0.3665,13.9855,25.1572,-18.5124,46.4835,64.9959,33.33,66.67,31.58,64.91,24.56,100.0,0,0.0,nan,nan,nan,nan,nan,nan
2000,8,Atlantic Coast,835,-0.5676,0.9916,2.0314,-28.345,30.3282,58.6732,30.18,69.82,0.0,0.0,0.0,100.0,356,42.63,2.6634,2.6634,0.0,100.0,0.0,0.0
2000,9,AK Coast,1904,0.0785,2.106,4.7284,-26.9555,31.1675,58.123,48.58,51.42,0.0,35.77,0.0,100.0,424,22.27,-3.1856,3.1856,100.0,0.0,0.0,0.0
2000,9,Pacific Coast,283,0.3334,-0.3997,0.7975,-31.9626,31.1632,63.1258,78.09,21.91,0.0,0.0,0.0,100.0,3,1.06,2.1622,2.1622,0.0,100.0,0.0,0.0
2000,9,Gulf Coast,57,0.2477,-16.4626,19.1201,-48.6025,15.6773,64.2798,91.23,8.77,91.23,7.02,0.0,100.0,0,0.0,nan,nan,nan,nan,nan,nan
2000,9,Atlantic Coast,835,-0.38,0.5396,1.7727,-28.7778,29.8569,58.6347,39.28,60.72,0.0,0.0,0.0,100.0,269,32.22,2.8237,2.8237,0.0,100.0,0.0,0.0
2000,10,AK Coast,1904,-0.0823,0.5446,3.2683,-28.3895,29.4788,57.8683,51.84,48.16,0.0,13.66,0.0,100.0,318,16.7,-3.2156,3.2156,100.0,0.0,0.0,0.0
2000,10,Pacific Coast,283,0.273,-0.126,0.7189,-31.7125,31.4604,63.1729,46.29,53.71,0.0,0.0,0.0,100.0,0,0.0,nan,nan,nan,nan,nan,nan
2000,10,Gulf Coast,57,1.3281,3.5413,5.6128,-30.3711,37.4537,67.8248,28.07,71.93,8.77,40.35,0.0,100.0,0,0.0,nan,nan,nan,nan,nan,nan
2000,10,Atlantic Coast,835,-0.7914,1.5219,1.7334,-27.7837,30.8275,58.6111,14.73,85.27,0.0,0.0,0.0,100.0,351,42.04,2.6559,2.6559,0.0,100.0,0.0,0.0
2000,11,AK Coast,1904,0.2712,1.4334,2.8329,-27.2745,30.1414,57.4158,40.28,59.72,0.0,16.91,0.0,100.0,3,0.16,-3.6973,3.6973,100.0,0.0,0.0,0.0
2000,11,Pacific Coast,283,-0.6308,1.206,1.7168,-30.4017,32.8136,63.2153,27.21,72.79,0.0,0.0,0.0,100.0,159,56.18,2.3167,2.3167,0.0,100.0,0.0,0.0
2000,11,Gulf Coast,57,0.7339,-19.6736,19.6736,-51.7749,12.4277,64.2027,100.0,0.0,100.0,0.0,0.0,100.0,0,0.0,nan,nan,nan,nan,nan,nan
2000,11,Atlantic Coast,835,-0.3678,0.7154,1.394,-28.5382,29.969,58.5073,34.37,65.63,0.0,0.0,0.0,100.0,183,21.92,2.5059,2.5059,0.0,100.0,0.0,0.0
2000,12,AK Coast,1904,0.2499,1.8359,3.9701,-26.9795,30.6514,57.6309,47.74,52.26,0.0,25.84,0.0,100.0,111,5.83,-3.5843,3.5843,100.0,0.0,0.0,0.0
2000,12,Pacific Coast,283,-1.352,2.2029,2.2029,-29.4465,33.8524,63.2989,0.0,100.0,0.0,0.0,0.0,100.0,221,78.09,2.5733,2.5733,0.0,100.0,0.0,0.0
2000,12,Gulf Coast,57,-0.3859,12.206,12.7539,-20.2226,44.6346,64.8572,5.26,94.74,1.75,77.19,1.75,100.0,0,0.0,nan,nan,nan,nan,nan,nan
2000,12,Atlantic Coast,835,-0.688,1.2995,1.8003,-28.0078,30.6069,58.6148,26.11,73.89,0.0,0.0,0.0,100.0,350,41.92,2.7128,2.7128,0.0,100.0,0.0,0.0
2001,1,AK Coast,1904,0.8391,5.47,6.2893,-23.4424,34.3823,57.8247,22.58,77.42,0.0,45.85,0.0,100.0,22,1.16,-3.2296,3.2296,100.0,0.0,0.0,0.0
2001,1,Pacific Coast,283,-1.5537,2.6683,2.6683,-29.0507,34.3873,63.438,0.0,100.0,0.0,0.0,0.0,100.0,240,84.81,2.9348,2.9348,0.0,100.0,0.0,0.0
2001,1,Gulf Coast,57,-0.2966,5.4833,8.8019,-26.8536,37.8202,64.6738,26.32,73.68,12.28,49.12,0.0,100.0,0,0.0,nan,nan,nan,nan,nan,nan
2001,1,Atlantic Coast,835,-0.5181,0.9223,2.0749,-28.4091,30.2537,58.6628,30.54,69.46,0.0,0.0,0.0,100.0,317,37.96,2.69,2.69,0.0,100.0,0.0,0.0
2001,2,AK Coast,1904,0.6766,5.038,6.3931,-23.981,34.057,58.038,27.52,72.48,0.0,47.22,0.0,100.0,210,11.03,-3.2574,3.2574,100.0,0.0,0.0,0.0
2001,2,Pacific Coast,283,-1.3736,2.3222,2.3931,-29.3839,34.0282,63.4121,7.77,92.23,0.0,0.0,0.0,100.0,195,68.9,3.1413,3.1413,0.0,100.0,0.0,0.0
2001,2,Gulf Coast,57,0.4458,-22.5967,22.5967,-54.6534,9.46,64.1134,100.0,0.0,100.0,0.0,0.0,100.0,0,0.0,nan,nan,nan,nan,nan,nan
2001,2,Atlantic Coast,835,-1.1259,2.0733,2.1997,-27.2795,31.4262,58.7058,5.87,94.13,0.0,0.0,0.0,100.0,529,63.35,2.6879,2.6879,0.0,100.0,0.0,0.0
2001,3,AK Coast,1904,0.7662,5.1297,6.4182,-23.8214,34.0809,57.9023,28.78,71.22,0.0,49.68,0.0,100.0,106,5.57,-3.5512,3.5512,100.0,0.0,0.0,0.0
2001,3,Pacific Coast,283,-1.1524,1.9856,2.2249,-29.6983,33.6695,63.3678,24.03,75.97,0.0,0.0,0.0,100.0,188,66.43,3.0617,3.0617,0.0,100.0,0.0,0.0
2001,3,Gulf Coast,57,0.8566,-14.4318,14.4318,-46.8736,18.01,64.8836,100.0,0.0,80.7,0.0,0.0,100.0,0,0.0,nan,nan,nan,nan,nan,nan
2001,3,Atlantic Coast,835,0.1536,-0.3388,0.8369,-29.5545,28.8768,58.4313,61.08,38.92,0.0,0.0,0.0,100.0,6,0.72,2.4579,2.4579,0.0,100.0,0.0,0.0
2001,4,AK Coast,1904,0.4563,3.5935,4.6932,-25.3045,32.4914,57.7959,24.05,75.95,0.0,41.18,0.0,100.0,225,11.82,-3.2204,3.2204,100.0,0.0,0.0,0.0
2001,4,Pacific Coast,283,-0.9022,1.5899,1.8254,-30.0367,33.2166,63.2533,16.61,83.39,0.0,0.0,0.0,100.0,147,51.94,2.6594,2.6594,0.0,100.0,0.0,0.0
2001,4,Gulf Coast,57,1.0706,-6.9288,10.1258,-39.8485,25.9908,65.8393,70.18,29.82,50.88,14.04,0.0,100.0,0,0.0,nan,nan,nan,nan,nan,nan
2001,4,Atlantic Coast,835,-0.1832,0.3737,0.7977,-28.8399,29.5873,58.4272,37.13,62.87,0.0,0.0,0.0,100.0,13,1.56,2.337,2.337,0.0,100.0,0.0,0.0
2001,5,AK Coast,1904,0.2336,1.5944,3.6429,-27.169,30.3579,57.5269,42.54,57.46,0.0,23.63,0.0,100.0,58,3.05,-3.4581,3.4581,100.0,0.0,0.0,0.0
2001,5,Pacific Coast,283,-0.7041,1.1879,1.3113,-30.3925,32.7683,63.1608,15.55,84.45,0.0,0.0,0.0,100.0,94,33.22,2.4124,2.4124,0.0,100.0,0.0,0.0
2001,5,Gulf Coast,57,0.5255,-20.8025,20.8025,-52.9674,11.3624,64.3298,100.0,0.0,98.25,0.0,0.0,100.0,0,0.0,nan,nan,nan,nan,nan,nan
2001,5,Atlantic Coast,835,-0.2152,0.4528,0.9255,-28.7682,29.6738,58.442,35.69,64.31,0.0,0.0,0.0,100.0,55,6.59,2.3847,2.3847,0.0,100.0,0.0,0.0
2001,6,AK Coast,1904,-0.0895,0.7448,3.0552,-28.2583,29.748,58.0063,46.43,53.57,0.0,12.08,0.0,100.0,445,23.37,-3.1948,3.1948,100.0,0.0,0.0,0.0
2001,6,Pacific Coast,283,-0.314,0.4528,0.8979,-31.098,32.0037,63.1017,39.22,60.78,0.0,0.0,0.0,100.0,38,13.43,2.1867,2.1867,0.0,100.0,0.0,0.0
2001,6,Gulf Coast,57,0.1958,-19.4322,19.4971,-51.5344,12.6701,64.2046,98.25,1.75,89.47,0.0,0.0,100.0,0,0.0,nan,nan,nan,nan,nan,nan
2001,6,Atlantic Coast,835,-0.5073,1.0611,1.3207,-28.1876,30.3099,58.4974,17.49,82.51,0.0,0.0,0.0,100.0,149,17.84,2.5734,2.5734,0.0,100.0,0.0,0.0
2001,7,AK Coast,1904,-0.0903,0.9636,3.7588,-28.0643,29.9916,58.0559,51.37,48.63,0.0,19.33,0.0,100.0,438,23.0,-3.2,3.2,100.0,0.0,0.0,0.0
2001,7,Pacific Coast,283,-0.2586,0.4249,1.0819,-31.1491,31.9989,63.148,50.18,49.82,0.0,0.0,0.0,100.0,57,20.14,2.7231,2.7231,0.0,100.0,0.0,0.0
2001,7,Gulf Coast,57,-0.3279,9.8033,19.5358,-22.6314,42.2379,64.8693,36.84,63.16,28.07,57.89,8.77,100.0,1,1.75,54.2358,54.2358,0.0,100.0,0.0,100.0
2001,7,Atlantic Coast,835,0.1091,-0.2532,1.1109,-29.4827,28.9764,58.4592,62.51,37.49,0.0,0.0,0.0,100.0,43,5.15,2.4271,2.4271,0.0,100.0,0.0,0.0
2001,8,AK Coast,1904,-0.043,0.6563,3.5378,-28.2248,29.5373,57.7621,52.1,47.9,0.0,18.91,0.0,100.0,324,17.02,-3.4986,3.4986,100.0,0.0,0.0,0.0
2001,8,Pacific Coast,283,0.8901,-0.9339,0.9788,-32.5443,30.6765,63.2208,92.23,7.77,0.0,0.0,0.0,100.0,0,0.0,nan,nan,nan,nan,nan,nan
2001,8,Gulf Coast,57,0.2772,-17.0242,18.0572,-49.1603,15.1119,64.2722,91.23,8.77,89.47,5.26,0.0,100.0,0,0.0,nan,nan,nan,nan,nan,nan
2001,8,Atlantic Coast,835,0.2202,-0.4998,1.2491,-29.743,28.7435,58.4865,63.71,36.29,0.0,0.0,0.0,100.0,53,6.35,2.4998,2.4998,0.0,100.0,0.0,0.0
2001,9,AK Coast,1904,0.0405,0.7808,2.9378,-28.0538,29.6154,57.6692,49.95,50.05,0.0,14.23,0.0,100.0,201,10.56,-3.2373,3.2373,100.0,0.0,0.0,0.0
2001,9,Pacific Coast,283,0.6197,-0.8102,0.8461,-32.3778,30.7575,63.1353,94.7,5.3,0.0,0.0,0.0,100.0,0,0.0,nan,nan,nan,nan,nan,nan
2001,9,Gulf Coast,57,0.8667,-11.1365,15.0351,-43.9713,21.6982,65.6695,77.19,22.81,70.18,19.3,0.0,100.0,0,0.0,nan,nan,nan,nan,nan,nan
2001,9,Atlantic Coast,835,-0.0432,-0.0228,1.4766,-29.312,29.2663,58.5783,47.9,52.1,0.0,0.0,0.0,100.0,133,15.93,2.6434,2.6434,0.0,100.0,0.0,0.0
2001,10,AK Coast,1904,-0.1556,-0.3288,2.7789,-29.1735,28.5158,57.6893,64.39,35.61,0.0,9.51,0.0,100.0,210,11.03,-3.358,3.358,100.0,0.0,0.0,0.0
2001,10,Pacific Coast,283,0.1716,-0.3338,0.5186,-31.8692,31.2015,63.0707,70.67,29.33,0.0,0.0,0.0,100.0,0,0.0,nan,nan,nan,nan,nan,nan
2001,10,Gulf Coast,57,-0.1287,-1.9955,20.3109,-34.321,30.3299,64.6509,66.67,33.33,56.14,29.82,10.53,100.0,2,3.51,52.9377,52.9377,0.0,100.0,0.0,100.0
2001,10,Atlantic Coast,835,-0.619,0.8968,2.1057,-28.4818,30.2754,58.7572,37.37,62.63,0.0,0.0,0.0,100.0,389,46.59,2.8111,2.8111,0.0,100.0,0.0,0.0
2001,11,AK Coast,1904,-0.7555,-1.9401,3.1138,-31.1922,27.3121,58.5043,82.41,17.59,0.0,4.2,0.0,100.0,944,49.58,-3.3727,3.3727,100.0,0.0,0.0,0.0
2001,11,Pacific Coast,283,0.6169,-0.8302,0.8487,-32.3946,30.7342,63.1287,94.7,5.3,0.0,0.0,0.0,100.0,0,0.0,nan,nan,nan,nan,nan,nan
2001,11,Gulf Coast,57,0.5593,-14.7184,16.0238,-47.0442,17.6074,64.6517,92.98,7.02,85.96,1.75,0.0,100.0,0,0.0,nan,nan,nan,nan,nan,nan
2001,11,Atlantic Coast,835,-0.7648,0.9719,2.2547,-28.4673,30.4111,58.8784,32.81,67.19,0.0,0.0,0.0,100.0,413,49.46,2.915,2.915,0.0,100.0,0.0,0.0
2001,12,AK Coast,1904,-0.6694,-1.972,3.2431,-31.1077,27.1637,58.2714,85.61,14.39,0.0,5.25,0.0,100.0,662,34.77,-3.3489,3.3489,100.0,0.0,0.0,0.0
2001,12,Pacific Coast,283,0.6627,-0.9744,1.0748,-32.5495,30.6007,63.1503,98.59,1.41,0.0,0.0,0.0,100.0,4,1.41,3.5518,3.5518,0.0,100.0,0.0,0.0
2001,12,Gulf Coast,57,0.2108,-13.3657,17.0498,-45.5257,18.7943,64.3199,80.7,19.3,77.19,8.77,0.0,100.0,0,0.0,nan,nan,nan,nan,nan,nan
2001,12,Atlantic Coast,835,-1.1937,1.8004,2.1308,-27.6455,31.2462,58.8917,17.6,82.4,0.0,0.0,0.0,100.0,492,58.92,2.8924,2.8924,0.0,100.0,0.0,0.0
2002,1,AK Coast,1904,-0.5239,-1.7246,3.2967,-30.7035,27.2542,57.9577,79.88,20.12,0.0,5.36,0.0,100.0,490,25.74,-3.581,3.581,100.0,0.0,0.0,0.0
2002,1,Pacific Coast,283,0.7651,-0.9978,0.9978,-32.5711,30.5756,63.1467,100.0,0.0,0.0,0.0,0.0,100.0,0,0.0,nan,nan,nan,nan,nan,nan
2002,1,Gulf Coast,57,-0.164,-1.5208,14.1306,-33.8005,30.7588,64.5592,50.88,49.12,42.11,35.09,0.0,100.0,0,0.0,nan,nan,nan,nan,nan,nan
2002,1,Atlantic Coast,835,-1.1787,1.9496,2.1092,-27.4569,31.3561,58.813,9.58,90.42,0.0,0.0,0.0,100.0,500,59.88,2.8059,2.8059,0.0,100.0,0.0,0.0
2002,2,AK Coast,1904,0.2395,2.0481,4.0583,-26.8131,30.9093,57.7225,38.66,61.34,0.0,25.11,0.0,100.0,226,11.87,-3.4801,3.4801,100.0,0.0,0.0,0.0
2002,2,Pacific Coast,283,0.2806,-0.3631,0.8552,-31.9191,31.1929,63.1121,69.96,30.04,0.0,0.0,0.0,100.0,0,0.0,nan,nan,nan,nan,nan,nan
2002,2,Gulf Coast,57,-1.1226,49.8337,49.8337,16.2985,83.3689,67.0705,0.0,100.0,0.0,100.0,92.98,100.0,43,75.44,52.4362,52.4362,0.0,100.0,0.0,100.0
2002,2,Atlantic Coast,835,-1.0891,1.8194,2.1105,-27.5572,31.1959,58.7531,14.73,85.27,0.0,0.0,0.0,100.0,500,59.88,2.71,2.71,0.0,100.0,0.0,0.0
2002,3,AK Coast,1904,0.1135,1.4597,4.0786,-27.4283,30.3476,57.7759,52.1,47.9,0.0,28.26,0.0,100.0,270,14.18,-3.3936,3.3936,100.0,0.0,0.0,0.0
2002,3,Pacific Coast,283,-0.2238,0.4058,1.1427,-31.1596,31.9713,63.1309,53.0,47.0,0.0,0.0,0.0,100.0,81,28.62,2.2176,2.2176,0.0,100.0,0.0,0.0
2002,3,Gulf Coast,57,-1.4419,46.3368,46.3368,12.4793,80.1944,67.7151,0.0,100.0,0.0,100.0,91.23,100.0,57,100.0,46.3368,46.3368,0.0,100.0,0.0,100.0
2002,3,Atlantic Coast,835,-0.4615,0.9151,1.3118,-28.3458,30.1761,58.522,28.86,71.14,0.0,0.0,0.0,100.0,215,25.75,2.6945,2.6945,0.0,100.0,0.0,0.0
2002,4,AK Coast,1904,-0.1463,0.0916,3.378,-28.7973,28.9804,57.7777,54.83,45.17,0.0,12.08,0.0,100.0,389,20.43,-3.5801,3.5801,100.0,0.0,0.0,0.0
2002,4,Pacific Coast,283,-0.5766,0.9743,1.1985,-30.594,32.5425,63.1365,27.21,72.79,0.0,0.0,0.0,100.0,104,36.75,2.0947,2.0947,0.0,100.0,0.0,0.0
2002,4,Gulf Coast,57,-1.2354,52.6044,52.6044,18.8643,86.3445,67.4802,0.0,100.0,0.0,100.0,100.0,100.0,56,98.25,52.6604,52.6604,0.0,100.0,0.0,100.0
2002,4,Atlantic Coast,835,-0.5043,1.0119,1.3068,-28.2421,30.2659,58.508,17.72,82.28,0.0,0.0,0.0,100.0,190,22.75,2.56,2.56,0.0,100.0,0.0,0.0
2002,5,AK Coast,1904,-0.63,0.1074,3.7315,-29.4624,29.6771,59.1395,65.76,34.24,0.0,19.96,0.0,100.0,911,47.85,-2.8257,2.8257,100.0,0.0,0.0,0.0
2002,5,Pacific Coast,283,-0.3845,0.5844,0.7811,-30.9622,32.1311,63.0934,20.85,79.15,0.0,0.0,0.0,100.0,42,14.84,1.9865,1.9865,0.0,100.0,0.0,0.0
2002,5,Gulf Coast,57,-0.4902,20.1393,20.2321,-12.4021,52.6807,65.0828,1.75,98.25,0.0,91.23,10.53,100.0,0,0.0,nan,nan,nan,nan,nan,nan
2002,5,Atlantic Coast,835,-0.3248,0.6663,1.1131,-28.5678,29.9004,58.4683,28.98,71.02,0.0,0.0,0.0,100.0,86,10.3,2.6397,2.6397,0.0,100.0,0.0,0.0
2002,6,AK Coast,1904,-0.3974,-0.7877,3.1841,-29.8391,28.2637,58.1028,68.64,31.36,0.0,8.67,0.0,100.0,592,31.09,-3.3778,3.3778,100.0,0.0,0.0,0.0
2002,6,Pacific Coast,283,-0.5016,0.7689,0.9924,-30.7947,32.3324,63.1271,27.21,72.79,0.0,0.0,0.0,100.0,58,20.49,2.5166,2.5166,0.0,100.0,0.0,0.0
2002,6,Gulf Coast,57,-0.1981,-1.0111,11.1455,-33.2722,31.2501,64.5223,61.4,38.6,47.37,26.32,1.75,100.0,0,0.0,nan,nan,nan,nan,nan,nan
2002,6,Atlantic Coast,835,-0.1428,0.2755,1.1321,-28.96,29.511,58.471,46.59,53.41,0.0,0.0,0.0,100.0,76,9.1,2.631,2.631,0.0,100.0,0.0,0.0
2002,7,AK Coast,1904,-0.5309,-1.9099,2.8533,-30.8745,27.0548,57.9293,80.15,19.85,0.0,1.37,0.0,100.0,432,22.69,-3.4692,3.4692,100.0,0.0,0.0,0.0
2002,7,Pacific Coast,283,-0.4792,0.7562,0.9319,-30.8043,32.3167,63.121,26.5,73.5,0.0,0.0,0.0,100.0,51,18.02,2.4883,2.4883,0.0,100.0,0.0,0.0
2002,7,Gulf Coast,57,-0.3272,8.2466,18.4087,-24.1933,40.6866,64.8799,42.11,57.89,33.33,43.86,12.28,100.0,3,5.26,53.6217,53.6217,0.0,100.0,0.0,100.0
2002,7,Atlantic Coast,835,-0.1053,0.2149,1.1629,-29.018,29.4477,58.4657,42.04,57.96,0.0,0.0,0.0,100.0,68,8.14,2.4606,2.4606,0.0,100.0,0.0,0.0
2002,8,AK Coast,1904,-0.4296,0.1738,4.0608,-29.1061,29.4536,58.5597,66.44,33.56,0.0,20.48,0.0,100.0,557,29.25,-2.8586,2.8586,100.0,0.0,0.0,0.0
2002,8,Pacific Coast,283,-0.821,1.3896,1.4434,-30.201,32.9801,63.1811,6.36,93.64,0.0,0.0,0.0,100.0,86,30.39,2.5967,2.5967,0.0,100.0,0.0,0.0
2002,8,Gulf Coast,57,-0.1454,1.7972,25.4613,-30.6884,34.2827,64.9711,56.14,43.86,56.14,36.84,24.56,100.0,8,14.04,48.0078,48.0078,0.0,100.0,0.0,100.0
2002,8,Atlantic Coast,835,-0.1231,0.1988,1.494,-29.0674,29.465,58.5323,49.58,50.42,0.0,0.0,0.0,100.0,178,21.32,2.5998,2.5998,0.0,100.0,0.0,0.0
2002,9,AK Coast,1904,-0.3952,-0.8069,3.0613,-29.8519,28.238,58.0899,71.59,28.41,0.0,10.45,0.0,100.0,463,24.32,-3.18,3.18,100.0,0.0,0.0,0.0
2002,9,Pacific Coast,283,-1.0537,1.8722,1.9919,-29.7547,33.4992,63.2539,9.19,90.81,0.0,0.0,0.0,100.0,185,65.37,2.4328,2.4328,0.0,100.0,0.0,0.0
2002,9,Gulf Coast,57,0.1479,-6.5832,22.0055,-38.9036,25.7372,64.6408,68.42,31.58,66.67,24.56,8.77,100.0,2,3.51,53.1418,53.1418,0.0,100.0,0.0,100.0
2002,9,Atlantic Coast,835,-0.1162,0.0977,1.5946,-29.1788,29.3741,58.5529,46.59,53.41,0.0,0.0,0.0,100.0,152,18.2,2.6486,2.6486,0.0,100.0,0.0,0.0
2002,10,AK Coast,1904,0.271,2.0287,3.6035,-26.7714,30.8288,57.6003,35.98,64.02,0.0,23.9,0.0,100.0,160,8.4,-3.4854,3.4854,100.0,0.0,0.0,0.0
2002,10,Pacific Coast,283,-1.617,2.7226,2.8037,-29.0266,34.4718,63.4984,7.07,92.93,0.0,0.0,0.0,100.0,238,84.1,3.1578,3.1578,0.0,100.0,0.0,0.0
2002,10,Gulf Coast,57,0.3412,-15.3698,18.5562,-47.4977,16.7582,64.2559,89.47,10.53,85.96,7.02,0.0,100.0,0,0.0,nan,nan,nan,nan,nan,nan
2002,10,Atlantic Coast,835,0.4169,-0.8335,1.8395,-30.1622,28.4952,58.6573,63.47,36.53,0.0,0.0,0.0,100.0,74,8.86,2.6594,2.6594,0.0,100.0,0.0,0.0
2002,11,AK Coast,1904,0.7493,4.5044,5.5946,-24.3681,33.377,57.7451,20.75,79.25,0.0,37.82,0.0,100.0,59,3.1,-3.5187,3.5187,100.0,0.0,0.0,0.0
2002,11,Pacific Coast,283,-1.074,1.8876,2.1044,-29.7726,33.5477,63.3203,13.43,86.57,0.0,0.0,0.0,100.0,177,62.54,2.8796,2.8796,0.0,100.0,0.0,0.0
2002,11,Gulf Coast,57,0.7776,-16.2307,16.5018,-48.5877,16.1262,64.7139,94.74,5.26,84.21,0.0,0.0,100.0,0,0.0,nan,nan,nan,nan,nan,nan
2002,11,Atlantic Coast,835,0.8009,-1.643,2.002,-30.9807,27.6948,58.6754,87.07,12.93,0.0,0.0,0.0,100.0,30,3.59,2.7348,2.7348,0.0,100.0,0.0,0.0
2002,12,AK Coast,1904,0.5402,3.3357,4.7381,-25.4892,32.1607,57.65,35.4,64.6,0.0,31.36,0.0,100.0,37,1.94,-3.5586,3.5586,100.0,0.0,0.0,0.0
2002,12,Pacific Coast,283,-0.0535,0.2411,1.4379,-31.3686,31.8508,63.2194,50.88,49.12,0.0,0.0,0.0,100.0,52,18.37,2.5297,2.5297,0.0,100.0,0.0,0.0
2002,12,Gulf Coast,57,0.7158,-19.1345,19.1459,-51.3232,13.0543,64.3775,98.25,1.75,94.74,0.0,0.0,100.0,0,0.0,nan,nan,nan,nan,nan,nan
2002,12,Atlantic Coast,835,1.0587,-2.1835,2.3512,-31.5443,27.1773,58.7216,93.41,6.59,0.0,0.0,0.0,100.0,12,1.44,2.6632,2.6632,0.0,100.0,0.0,0.0
2003,1,AK Coast,1904,0.0189,0.6894,3.8727,-28.1365,29.5152,57.6517,56.72,43.28,0.0,18.96,0.0,100.0,116,6.09,-3.5867,3.5867,100.0,0.0,0.0,0.0
2003,1,Pacific Coast,283,0.3282,-0.4682,0.7625,-32.02,31.0836,63.1036,80.57,19.43,0.0,0.0,0.0,100.0,3,1.06,1.8708,1.8708,0.0,100.0,0.0,0.0
2003,1,Gulf Coast,57,-0.1674,-2.5233,10.2064,-34.7741,29.7274,64.5015,57.89,42.11,38.6,31.58,0.0,100.0,0,0.0,nan,nan,nan,nan,nan,nan
2003,1,Atlantic Coast,835,0.4368,-0.9637,1.2757,-30.2071,28.2798,58.487,73.89,26.11,0.0,0.0,0.0,100.0,4,0.48,2.2726,2.2726,0.0,100.0,0.0,0.0
2003,2,AK Coast,1904,0.1453,0.9252,2.6821,-27.8243,29.6746,57.4989,42.17,57.83,0.0,11.92,0.0,100.0,93,4.88,-3.3848,3.3848,100.0,0.0,0.0,0.0
2003,2,Pacific Coast,283,0.1939,-0.3708,0.6034,-31.9057,31.1642,63.0699,69.96,30.04,0.0,0.0,0.0,100.0,0,0.0,nan,nan,nan,nan,nan,nan
2003,2,Gulf Coast,57,-0.0648,-8.7509,11.8521,-40.9393,23.4376,64.377,70.18,29.82,61.4,8.77,0.0,100.0,0,0.0,nan,nan,nan,nan,nan,nan
2003,2,Atlantic Coast,835,0.3064,-0.7499,1.4739,-30.0045,28.5046,58.5091,69.82,30.18,0.0,0.0,0.0,100.0,18,2.16,2.4294,2.4294,0.0,100.0,0.0,0.0
2003,3,AK Coast,1904,-0.1009,-0.4119,2.4922,-29.1819,28.3581,57.5399,60.5,39.5,0.0,6.36,0.0,100.0,101,5.3,-3.4889,3.4889,100.0,0.0,0.0,0.0
2003,3,Pacific Coast,283,-0.1778,0.3343,1.144,-31.2269,31.8955,63.1224,49.47,50.53,0.0,0.0,0.0,100.0,54,19.08,2.1455,2.1455,0.0,100.0,0.0,0.0
2003,3,Gulf Coast,57,-0.2631,5.4074,24.2733,-27.0354,37.8502,64.8857,59.65,40.35,52.63,38.6,24.56,100.0,4,7.02,52.9757,52.9757,0.0,100.0,0.0,100.0
2003,3,Atlantic Coast,835,0.3949,-0.8684,1.4533,-30.1237,28.3869,58.5107,71.02,28.98,0.0,0.0,0.0,100.0,17,2.04,2.3027,2.3027,0.0,100.0,0.0,0.0
2003,4,AK Coast,1904,-0.1277,0.5017,3.2222,-28.4678,29.4712,57.9391,48.48,51.52,0.0,12.97,0.0,100.0,403,21.17,-3.2241,3.2241,100.0,0.0,0.0,0.0
2003,4,Pacific Coast,283,0.2992,-0.5141,0.7184,-32.052,31.0237,63.0757,79.51,20.49,0.0,0.0,0.0,100.0,0,0.0,nan,nan,nan,nan,nan,nan
2003,4,Gulf Coast,57,0.6419,-15.6858,15.9155,-47.991,16.6194,64.6104,96.49,3.51,89.47,0.0,0.0,100.0,0,0.0,nan,nan,nan,nan,nan,nan
2003,4,Atlantic Coast,835,0.7793,-1.6042,1.8706,-30.9299,27.7214,58.6513,82.28,17.72,0.0,0.0,0.0,100.0,3,0.36,2.7262,2.7262,0.0,100.0,0.0,0.0
2003,5,AK Coast,1904,-0.3937,-0.9617,2.7194,-29.9574,28.0341,57.9915,67.33,32.67,0.0,3.89,0.0,100.0,550,28.89,-3.4315,3.4315,100.0,0.0,0.0,0.0
2003,5,Pacific Coast,283,0.8159,-1.0917,1.0917,-32.663,30.4797,63.1427,100.0,0.0,0.0,0.0,0.0,100.0,0,0.0,nan,nan,nan,nan,nan,nan
2003,5,Gulf Coast,57,0.8427,-14.9521,15.1137,-47.3715,17.4673,64.8387,98.25,1.75,84.21,0.0,0.0,100.0,0,0.0,nan,nan,nan,nan,nan,nan
2003,5,Atlantic Coast,835,0.5986,-1.1895,1.9576,-30.5135,28.1344,58.6479,68.86,31.14,0.0,0.0,0.0,100.0,36,4.31,2.388,2.388,0.0,100.0,0.0,0.0
2003,6,AK Coast,1904,-0.0508,-0.0894,2.5924,-28.8752,28.6964,57.5716,57.93,42.07,0.0,7.35,0.0,100.0,119,6.25,-3.259,3.259,100.0,0.0,0.0,0.0
2003,6,Pacific Coast,283,0.2937,-0.1938,1.0349,-31.7841,31.3964,63.1805,56.54,43.46,0.0,0.0,0.0,100.0,12,4.24,2.1054,2.1054,0.0,100.0,0.0,0.0
2003,6,Gulf Coast,57,1.394,6.1377,7.6408,-28.2433,40.5188,68.7621,19.3,80.7,7.02,57.89,0.0,100.0,0,0.0,nan,nan,nan,nan,nan,nan
2003,6,Atlantic Coast,835,0.7455,-1.5365,2.1189,-30.8667,27.7937,58.6604,79.88,20.12,0.0,0.0,0.0,100.0,19,2.28,2.3118,2.3118,0.0,100.0,0.0,0.0
2003,7,AK Coast,1904,0.226,1.3647,2.9302,-27.3566,30.0861,57.4427,39.34,60.66,0.0,15.7,0.0,100.0,40,2.1,-3.3852,3.3852,100.0,0.0,0.0,0.0
2003,7,Pacific Coast,283,-0.7955,1.4337,1.7323,-30.1762,33.0437,63.2199,23.32,76.68,0.0,0.0,0.0,100.0,151,53.36,2.4543,2.4543,0.0,100.0,0.0,0.0
2003,7,Gulf Coast,57,1.0568,-6.3006,11.8392,-39.5527,26.9515,66.5042,61.4,38.6,50.88,19.3,0.0,100.0,0,0.0,nan,nan,nan,nan,nan,nan
2003,7,Atlantic Coast,835,0.8026,-1.674,1.9643,-30.998,27.65,58.648,80.0,20.0,0.0,0.0,0.0,100.0,4,0.48,2.2933,2.2933,0.0,100.0,0.0,0.0
2003,8,AK Coast,1904,0.3742,2.4112,3.7718,-26.3352,31.1576,57.4928,35.03,64.97,0.0,27.52,0.0,100.0,32,1.68,-3.012,3.012,100.0,0.0,0.0,0.0
2003,8,Pacific Coast,283,-1.2116,2.039,2.1629,-29.6396,33.7177,63.3573,10.95,89.05,0.0,0.0,0.0,100.0,173,61.13,3.036,3.036,0.0,100.0,0.0,0.0
2003,8,Gulf Coast,57,0.8923,-9.4656,14.1823,-42.5705,23.6393,66.2098,70.18,29.82,63.16,17.54,0.0,100.0,0,0.0,nan,nan,nan,nan,nan,nan
2003,8,Atlantic Coast,835,0.8703,-1.8713,2.118,-31.1933,27.4507,58.6439,86.83,13.17,0.0,0.0,0.0,100.0,13,1.56,2.6849,2.6849,0.0,100.0,0.0,0.0
2003,9,AK Coast,1904,-0.2249,0.0355,3.3705,-28.9634,29.0344,57.9978,60.5,39.5,0.0,14.81,0.0,100.0,431,22.64,-3.2877,3.2877,100.0,0.0,0.0,0.0
2003,9,Pacific Coast,283,-0.6345,1.09,1.3815,-30.4987,32.6787,63.1774,23.32,76.68,0.0,0.0,0.0,100.0,98,34.63,2.5024,2.5024,0.0,100.0,0.0,0.0
2003,9,Gulf Coast,57,0.1771,-6.669,17.1446,-39.0256,25.6876,64.7131,68.42,31.58,63.16,22.81,3.51,100.0,0,0.0,nan,nan,nan,nan,nan,nan
2003,9,Atlantic Coast,835,0.5622,-1.26,1.6724,-30.5418,28.0218,58.5636,78.56,21.44,0.0,0.0,0.0,100.0,17,2.04,2.6043,2.6043,0.0,100.0,0.0,0.0
2003,10,AK Coast,1904,-0.1606,0.015,3.1285,-28.8912,28.9213,57.8125,54.83,45.17,0.0,10.45,0.0,100.0,372,19.54,-3.4467,3.4467,100.0,0.0,0.0,0.0
2003,10,Pacific Coast,283,-0.0968,0.427,1.1513,-31.1642,32.0181,63.1823,38.52,61.48,0.0,0.0,0.0,100.0,50,17.67,2.0863,2.0863,0.0,100.0,0.0,0.0
2003,10,Gulf Coast,57,-0.3259,12.1257,19.2015,-20.3688,44.6201,64.989,33.33,66.67,22.81,59.65,17.54,100.0,2,3.51,53.4403,53.4403,0.0,100.0,0.0,100.0
2003,10,Atlantic Coast,835,0.6183,-1.3393,1.736,-30.6229,27.9443,58.5672,81.44,18.56,0.0,0.0,0.0,100.0,20,2.4,2.5456,2.5456,0.0,100.0,0.0,0.0
2003,11,AK Coast,1904,-0.1006,0.6425,3.9427,-28.3436,29.6286,57.9722,56.04,43.96,0.0,19.8,0.0,100.0,415,21.8,-3.407,3.407,100.0,0.0,0.0,0.0
2003,11,Pacific Coast,283,-0.0037,0.2103,0.9588,-31.3654,31.7861,63.1515,38.87,61.13,0.0,0.0,0.0,100.0,13,4.59,1.9244,1.9244,0.0,100.0,0.0,0.0
2003,11,Gulf Coast,57,-0.0054,-10.9416,15.5656,-43.1177,21.2345,64.3522,80.7,19.3,73.68,14.04,0.0,100.0,0,0.0,nan,nan,nan,nan,nan,nan
2003,11,Atlantic Coast,835,0.2853,-0.6672,1.3781,-29.9168,28.5825,58.4994,62.99,37.01,0.0,0.0,0.0,100.0,17,2.04,2.4598,2.4598,0.0,100.0,0.0,0.0
2003,12,AK Coast,1904,0.5142,3.2474,4.6118,-25.5253,32.0202,57.5455,30.78,69.22,0.0,35.92,0.0,100.0,6,0.32,-3.1788,3.1788,100.0,0.0,0.0,0.0
2003,12,Pacific Coast,283,0.2122,-0.4717,0.6663,-32.026,31.0825,63.1085,81.27,18.73,0.0,0.0,0.0,100.0,5,1.77,3.5518,3.5518,0.0,100.0,0.0,0.0
2003,12,Gulf Coast,57,-0.0789,-7.8482,14.7772,-40.0498,24.3535,64.4033,75.44,24.56,68.42,19.3,0.0,100.0,0,0.0,nan,nan,nan,nan,nan,nan
2003,12,Atlantic Coast,835,0.1574,-0.3546,1.2149,-29.5897,28.8805,58.4702,58.8,41.2,0.0,0.0,0.0,100.0,22,2.63,2.4816,2.4816,0.0,100.0,0.0,0.0
2004,1,AK Coast,1904,-0.0584,-0.0485,2.6569,-28.8205,28.7235,57.5439,57.77,42.23,0.0,8.61,0.0,100.0,131,6.88,-3.5891,3.5891,100.0,0.0,0.0,0.0
2004,1,Pacific Coast,283,0.0398,-0.1434,0.5422,-31.6766,31.3897,63.0663,57.95,42.05,0.0,0.0,0.0,100.0,0,0.0,nan,nan,nan,nan,nan,nan
2004,1,Gulf Coast,57,-0.364,10.7356,15.2184,-21.6849,43.156,64.8409,31.58,68.42,15.79,57.89,8.77,100.0,0,0.0,nan,nan,nan,nan,nan,nan
2004,1,Atlantic Coast,835,-0.4258,0.8376,1.439,-28.4263,30.1016,58.5279,27.19,72.81,0.0,0.0,0.0,100.0,200,23.95,2.6295,2.6295,0.0,100.0,0.0,0.0
2004,2,AK Coast,1904,-0.3193,-0.1957,3.1886,-29.279,28.8876,58.1666,62.29,37.71,0.0,13.81,0.0,100.0,641,33.67,-3.3294,3.3294,100.0,0.0,0.0,0.0
2004,2,Pacific Coast,283,0.1458,-0.1919,0.8651,-31.7427,31.359,63.1016,60.42,39.58,0.0,0.0,0.0,100.0,8,2.83,1.859,1.859,0.0,100.0,0.0,0.0
2004,2,Gulf Coast,57,-0.2063,-0.8784,7.9348,-33.1367,31.38,64.5167,56.14,43.86,33.33,29.82,0.0,100.0,0,0.0,nan,nan,nan,nan,nan,nan
2004,2,Atlantic Coast,835,-0.1294,0.1788,0.9135,-29.05,29.4077,58.4576,49.34,50.66,0.0,0.0,0.0,100.0,72,8.62,2.6882,2.6882,0.0,100.0,0.0,0.0
2004,3,AK Coast,1904,-0.1795,0.2965,4.0265,-28.7133,29.3063,58.0196,66.18,33.82,0.0,21.59,0.0,100.0,432,22.69,-3.3481,3.3481,100.0,0.0,0.0,0.0
2004,3,Pacific Coast,283,-0.365,0.5267,0.6739,-31.012,32.0654,63.0774,30.04,69.96,0.0,0.0,0.0,100.0,0,0.0,nan,nan,nan,nan,nan,nan
2004,3,Gulf Coast,57,-0.5842,27.4879,27.4879,-5.1524,60.1283,65.2807,0.0,100.0,0.0,100.0,15.79,100.0,0,0.0,nan,nan,nan,nan,nan,nan
2004,3,Atlantic Coast,835,-0.7555,1.3842,1.6327,-27.9223,30.6906,58.6128,14.01,85.99,0.0,0.0,0.0,100.0,283,33.89,2.7046,2.7046,0.0,100.0,0.0,0.0
2004,4,AK Coast,1904,0.4492,3.6139,5.4456,-25.307,32.5347,57.8417,32.93,67.07,0.0,46.48,0.0,100.0,232,12.18,-3.4172,3.4172,100.0,0.0,0.0,0.0
2004,4,Pacific Coast,283,-1.1775,1.9296,1.9373,-29.7324,33.5917,63.3241,3.18,96.82,0.0,0.0,0.0,100.0,153,54.06,2.9668,2.9668,0.0,100.0,0.0,0.0
2004,4,Gulf Coast,57,-0.3458,9.2834,13.3348,-23.1068,41.6737,64.7805,31.58,68.42,21.05,54.39,5.26,100.0,0,0.0,nan,nan,nan,nan,nan,nan
2004,4,Atlantic Coast,835,-0.3213,0.6493,0.9929,-28.5795,29.8781,58.4576,25.39,74.61,0.0,0.0,0.0,100.0,64,7.66,2.6214,2.6214,0.0,100.0,0.0,0.0
2004,5,AK Coast,1904,0.5555,3.2455,3.5767,-25.4528,31.9437,57.3965,15.39,84.61,0.0,27.31,0.0,100.0,5,0.26,-2.4251,2.4251,100.0,0.0,0.0,0.0
2004,5,Pacific Coast,283,-1.38,2.4723,2.4723,-29.1938,34.1383,63.3321,0.0,100.0,0.0,0.0,0.0,100.0,271,95.76,2.5164,2.5164,0.0,100.0,0.0,0.0
2004,5,Gulf Coast,57,-1.1956,48.9587,48.9587,15.3411,82.5764,67.2353,0.0,100.0,0.0,100.0,91.23,100.0,46,80.7,49.2684,49.2684,0.0,100.0,0.0,100.0
2004,5,Atlantic Coast,835,-0.5649,1.0542,1.6869,-28.2409,30.3493,58.5902,29.94,70.06,0.0,0.0,0.0,100.0,319,38.2,2.6371,2.6371,0.0,100.0,0.0,0.0
2004,6,AK Coast,1904,0.2269,2.3559,4.5503,-26.5848,31.2966,57.8814,39.6,60.4,0.0,31.78,0.0,100.0,315,16.54,-3.3582,3.3582,100.0,0.0,0.0,0.0
2004,6,Pacific Coast,283,-1.2621,2.2142,2.2142,-29.4268,33.8551,63.2819,0.0,100.0,0.0,0.0,0.0,100.0,230,81.27,2.4259,2.4259,0.0,100.0,0.0,0.0
2004,6,Gulf Coast,57,-0.9067,40.2617,40.2617,7.105,73.4184,66.3134,0.0,100.0,0.0,96.49,63.16,100.0,21,36.84,50.4063,50.4063,0.0,100.0,0.0,100.0
2004,6,Atlantic Coast,835,0.1068,-0.2847,1.5228,-29.5531,28.9837,58.5368,60.36,39.64,0.0,0.0,0.0,100.0,129,15.45,2.5886,2.5886,0.0,100.0,0.0,0.0
2004,7,AK Coast,1904,-0.2039,0.3166,2.9626,-28.7198,29.3529,58.0727,51.68,48.32,0.0,11.13,0.0,100.0,483,25.37,-3.1495,3.1495,100.0,0.0,0.0,0.0
2004,7,Pacific Coast,283,-0.6681,1.1051,1.1179,-30.4545,32.6647,63.1193,2.47,97.53,0.0,0.0,0.0,100.0,39,13.78,2.0848,2.0848,0.0,100.0,0.0,0.0
2004,7,Gulf Coast,57,-1.362,44.2227,44.3824,10.2224,78.2229,68.0005,1.75,98.25,0.0,98.25,73.68,100.0,51,89.47,44.8366,45.0151,1.96,98.04,0.0,98.04
2004,7,Atlantic Coast,835,0.1472,-0.3685,1.6262,-29.6464,28.9094,58.5558,61.56,38.44,0.0,0.0,0.0,100.0,117,14.01,2.6584,2.6584,0.0,100.0,0.0,0.0
2004,8,AK Coast,1904,-0.7909,-2.0088,2.8072,-31.2782,27.2606,58.5388,85.77,14.23,0.0,2.68,0.0,100.0,822,43.17,-3.2021,3.2021,100.0,0.0,0.0,0.0
2004,8,Pacific Coast,283,0.2494,-0.3958,0.7255,-31.9401,31.1486,63.0887,78.8,21.2,0.0,0.0,0.0,100.0,2,0.71,1.842,1.842,0.0,100.0,0.0,0.0
2004,8,Gulf Coast,57,-0.381,12.749,23.7589,-19.7534,45.2514,65.0048,38.6,61.4,33.33,54.39,29.82,100.0,2,3.51,52.9944,52.9944,0.0,100.0,0.0,100.0
2004,8,Atlantic Coast,835,0.5318,-1.1403,1.494,-30.4046,28.124,58.5285,81.56,18.44,0.0,0.0,0.0,100.0,15,1.8,2.3724,2.3724,0.0,100.0,0.0,0.0
2004,9,AK Coast,1904,-0.7434,-2.0004,3.0552,-31.2185,27.2176,58.4361,82.77,17.23,0.0,2.42,0.0,100.0,726,38.13,-3.2313,3.2313,100.0,0.0,0.0,0.0
2004,9,Pacific Coast,283,0.7948,-0.7197,0.8521,-32.3385,30.8991,63.2376,79.15,20.85,0.0,0.0,0.0,100.0,0,0.0,nan,nan,nan,nan,nan,nan
2004,9,Gulf Coast,57,-0.8093,36.902,36.902,3.8641,69.9398,66.0758,0.0,100.0,0.0,96.49,54.39,100.0,18,31.58,52.9558,52.9558,0.0,100.0,0.0,100.0
2004,9,Atlantic Coast,835,0.7082,-1.5,2.3322,-30.8592,27.8591,58.7183,75.21,24.79,0.0,0.0,0.0,100.0,81,9.7,2.5127,2.5127,0.0,100.0,0.0,0.0
2004,10,AK Coast,1904,-0.414,-1.361,2.424,-30.3232,27.6011,57.9243,77.26,22.74,0.0,1.68,0.0,100.0,337,17.7,-3.12,3.12,100.0,0.0,0.0,0.0
2004,10,Pacific Coast,283,1.3842,-1.2385,1.2385,-32.9109,30.434,63.3449,100.0,0.0,0.0,0.0,0.0,100.0,0,0.0,nan,nan,nan,nan,nan,nan
2004,10,Gulf Coast,57,2.525,21.8538,21.8538,-23.3868,67.0944,90.4812,0.0,100.0,0.0,100.0,0.0,100.0,0,0.0,nan,nan,nan,nan,nan,nan
2004,10,Atlantic Coast,835,0.5921,-1.2244,1.8059,-30.5193,28.0706,58.5899,73.65,26.35,0.0,0.0,0.0,100.0,8,0.96,2.2313,2.2313,0.0,100.0,0.0,0.0
2004,11,AK Coast,1904,0.5029,2.9229,3.6945,-25.7886,31.6343,57.4229,20.9,79.1,0.0,29.36,0.0,100.0,12,0.63,-3.7514,3.7514,100.0,0.0,0.0,0.0
2004,11,Pacific Coast,283,0.11,-0.0765,0.7288,-31.6349,31.4819,63.1167,45.23,54.77,0.0,0.0,0.0,100.0,0,0.0,nan,nan,nan,nan,nan,nan
2004,11,Gulf Coast,57,2.1632,19.7428,19.7428,-23.5811,63.0666,86.6477,0.0,100.0,0.0,100.0,0.0,100.0,0,0.0,nan,nan,nan,nan,nan,nan
2004,11,Atlantic Coast,835,0.41,-0.89,1.5586,-30.1675,28.3875,58.5549,72.81,27.19,0.0,0.0,0.0,100.0,28,3.35,2.6949,2.6949,0.0,100.0,0.0,0.0
2004,12,AK Coast,1904,0.6944,4.5475,5.4214,-24.259,33.3539,57.613,16.75,83.25,0.0,50.79,0.0,100.0,85,4.46,-3.4885,3.4885,100.0,0.0,0.0,0.0
2004,12,Pacific Coast,283,-0.1582,0.425,1.1509,-31.1762,32.0261,63.2023,37.1,62.9,0.0,0.0,0.0,100.0,18,6.36,2.3286,2.3286,0.0,100.0,0.0,0.0
2004,12,Gulf Coast,57,2.1597,22.8213,22.8213,-23.6358,69.2783,92.914,0.0,100.0,0.0,100.0,0.0,100.0,0,0.0,nan,nan,nan,nan,nan,nan
2004,12,Atlantic Coast,835,-0.1429,0.2684,1.2055,-28.9739,29.5107,58.4846,36.05,63.95,0.0,0.0,0.0,100.0,47,5.63,2.7714,2.7714,0.0,100.0,0.0,0.0
2005,1,AK Coast,1904,0.6417,3.8511,4.1005,-24.8668,32.5691,57.4358,9.98,90.02,0.0,35.82,0.0,100.0,5,0.26,-2.0907,2.0907,100.0,0.0,0.0,0.0
2005,1,Pacific Coast,283,-0.5131,1.0097,1.576,-30.5907,32.6102,63.2009,29.68,70.32,0.0,0.0,0.0,100.0,123,43.46,2.3548,2.3548,0.0,100.0,0.0,0.0
2005,1,Gulf Coast,57,1.6817,15.3012,15.4838,-24.6287,55.2312,79.8599,5.26,94.74,0.0,87.72,0.0,100.0,0,0.0,nan,nan,nan,nan,nan,nan
2005,1,Atlantic Coast,835,-0.0114,0.0174,1.0814,-29.2097,29.2445,58.4542,44.55,55.45,0.0,0.0,0.0,100.0,24,2.87,2.5676,2.5676,0.0,100.0,0.0,0.0
2005,2,AK Coast,1904,0.4504,2.542,3.2934,-26.1614,31.2455,57.4068,21.38,78.62,0.0,19.01,0.0,100.0,7,0.37,-3.7432,3.7432,100.0,0.0,0.0,0.0
2005,2,Pacific Coast,283,-0.6507,1.2514,1.7767,-30.3733,32.8761,63.2494,28.62,71.38,0.0,0.0,0.0,100.0,143,50.53,2.5928,2.5928,0.0,100.0,0.0,0.0
2005,2,Gulf Coast,57,1.666,14.5159,14.7772,-25.0792,54.111,79.1901,5.26,94.74,1.75,80.7,0.0,100.0,0,0.0,nan,nan,nan,nan,nan,nan
2005,2,Atlantic Coast,835,-0.2414,0.4306,0.9358,-28.7979,29.6592,58.4571,40.72,59.28,0.0,0.0,0.0,100.0,82,9.82,2.6079,2.6079,0.0,100.0,0.0,0.0
2005,3,AK Coast,1904,0.2764,1.5697,2.957,-27.1439,30.2833,57.4272,35.66,64.34,0.0,15.13,0.0,100.0,31,1.63,-3.5914,3.5914,100.0,0.0,0.0,0.0
2005,3,Pacific Coast,283,-0.7209,1.2973,1.6709,-30.3084,32.903,63.2114,27.21,72.79,0.0,0.0,0.0,100.0,160,56.54,2.4078,2.4078,0.0,100.0,0.0,0.0
2005,3,Gulf Coast,57,1.3398,3.7085,10.4577,-30.818,38.235,69.053,33.33,66.67,24.56,56.14,0.0,100.0,0,0.0,nan,nan,nan,nan,nan,nan
2005,3,Atlantic Coast,835,0.2806,-0.6289,1.1775,-29.8583,28.6005,58.4588,74.13,25.87,0.0,0.0,0.0,100.0,15,1.8,2.4139,2.4139,0.0,100.0,0.0,0.0
2005,4,AK Coast,1904,0.1148,1.0019,3.1257,-27.7771,29.7809,57.558,47.16,52.84,0.0,16.86,0.0,100.0,117,6.14,-3.5156,3.5156,100.0,0.0,0.0,0.0
2005,4,Pacific Coast,283,-0.3965,0.6626,1.0086,-30.894,32.2192,63.1132,25.44,74.56,0.0,0.0,0.0,100.0,34,12.01,2.1296,2.1296,0.0,100.0,0.0,0.0
2005,4,Gulf Coast,57,0.8661,-14.4994,15.1368,-46.9128,17.914,64.8268,94.74,5.26,89.47,1.75,0.0,100.0,0,0.0,nan,nan,nan,nan,nan,nan
2005,4,Atlantic Coast,835,0.5986,-1.3125,1.7142,-30.6039,27.9789,58.5827,75.81,24.19,0.0,0.0,0.0,100.0,9,1.08,2.4014,2.4014,0.0,100.0,0.0,0.0
2005,5,AK Coast,1904,0.0682,0.419,2.6955,-28.3127,29.1507,57.4633,54.57,45.43,0.0,11.97,0.0,100.0,48,2.52,-3.569,3.569,100.0,0.0,0.0,0.0
2005,5,Pacific Coast,283,0.683,-0.9674,0.9747,-32.5266,30.5918,63.1184,98.59,1.41,0.0,0.0,0.0,100.0,0,0.0,nan,nan,nan,nan,nan,nan
2005,5,Gulf Coast,57,0.2859,-23.7095,23.7095,-55.8023,8.3834,64.1857,100.0,0.0,100.0,0.0,0.0,100.0,0,0.0,nan,nan,nan,nan,nan,nan
2005,5,Atlantic Coast,835,0.745,-1.557,1.9841,-30.8831,27.769,58.6521,78.92,21.08,0.0,0.0,0.0,100.0,31,3.71,2.4795,2.4795,0.0,100.0,0.0,0.0
2005,6,AK Coast,1904,-0.5002,-1.6164,2.7742,-30.6247,27.3918,58.0165,78.31,21.69,0.0,2.84,0.0,100.0,560,29.41,-3.4457,3.4457,100.0,0.0,0.0,0.0
2005,6,Pacific Coast,283,1.1304,-1.1435,1.1686,-32.7834,30.4965,63.2798,99.65,0.35,0.0,0.0,0.0,100.0,1,0.35,3.5518,3.5518,0.0,100.0,0.0,0.0
2005,6,Gulf Coast,57,0.4592,-24.4479,24.4479,-56.4967,7.601,64.0977,100.0,0.0,100.0,0.0,0.0,100.0,0,0.0,nan,nan,nan,nan,nan,nan
2005,6,Atlantic Coast,835,0.5156,-1.0831,1.9496,-30.4,28.2338,58.6338,68.5,31.5,0.0,0.0,0.0,100.0,74,8.86,2.5989,2.5989,0.0,100.0,0.0,0.0
2005,7,AK Coast,1904,-0.3716,-0.9624,2.4785,-29.9447,28.0199,57.9646,67.49,32.51,0.0,3.05,0.0,100.0,449,23.58,-3.2904,3.2904,100.0,0.0,0.0,0.0
2005,7,Pacific Coast,283,1.3826,-1.138,1.138,-32.813,30.537,63.35,100.0,0.0,0.0,0.0,0.0,100.0,0,0.0,nan,nan,nan,nan,nan,nan
2005,7,Gulf Coast,57,0.2362,-21.3076,21.3076,-53.3987,10.7835,64.1821,100.0,0.0,98.25,0.0,0.0,100.0,0,0.0,nan,nan,nan,nan,nan,nan
2005,7,Atlantic Coast,835,0.4246,-0.9305,1.6539,-30.1996,28.3386,58.5382,71.74,28.26,0.0,0.0,0.0,100.0,32,3.83,2.4673,2.4673,0.0,100.0,0.0,0.0
2005,8,AK Coast,1904,-0.4424,-1.361,2.8817,-30.323,27.601,57.924,76.58,23.42,0.0,4.67,0.0,100.0,444,23.32,-3.4333,3.4333,100.0,0.0,0.0,0.0
2005,8,Pacific Coast,283,0.7304,-0.7507,0.7889,-32.343,30.8416,63.1846,93.29,6.71,0.0,0.0,0.0,100.0,0,0.0,nan,nan,nan,nan,nan,nan
2005,8,Gulf Coast,57,0.2101,-12.2065,15.6818,-44.5057,20.0927,64.5984,84.21,15.79,78.95,8.77,0.0,100.0,0,0.0,nan,nan,nan,nan,nan,nan
2005,8,Atlantic Coast,835,0.0647,-0.1673,1.4412,-29.4226,29.088,58.5107,56.89,43.11,0.0,0.0,0.0,100.0,101,12.1,2.4619,2.4619,0.0,100.0,0.0,0.0
2005,9,AK Coast,1904,0.131,1.0823,3.523,-27.6955,29.8601,57.5556,48.53,51.47,0.0,19.91,0.0,100.0,75,3.94,-3.5403,3.5403,100.0,0.0,0.0,0.0
2005,9,Pacific Coast,283,-0.3761,0.627,0.9404,-30.9309,32.1849,63.1157,28.98,71.02,0.0,0.0,0.0,100.0,45,15.9,2.1874,2.1874,0.0,100.0,0.0,0.0
2005,9,Gulf Coast,57,0.6231,-15.1196,16.8252,-47.6607,17.4214,65.0821,89.47,10.53,78.95,5.26,0.0,100.0,0,0.0,nan,nan,nan,nan,nan,nan
2005,9,Atlantic Coast,835,-0.6735,1.0997,1.854,-28.2274,30.4267,58.6541,25.75,74.25,0.0,0.0,0.0,100.0,306,36.65,2.7394,2.7394,0.0,100.0,0.0,0.0
2005,10,AK Coast,1904,0.0223,0.4354,2.9137,-28.3416,29.2124,57.554,52.47,47.53,0.0,11.55,0.0,100.0,157,8.25,-3.5967,3.5967,100.0,0.0,0.0,0.0
2005,10,Pacific Coast,283,-0.1922,0.2104,0.4281,-31.3214,31.7421,63.0635,27.21,72.79,0.0,0.0,0.0,100.0,1,0.35,1.9913,1.9913,0.0,100.0,0.0,0.0
2005,10,Gulf Coast,57,1.0588,-7.091,12.1349,-40.2717,26.0897,66.3614,66.67,33.33,56.14,17.54,0.0,100.0,0,0.0,nan,nan,nan,nan,nan,nan
2005,10,Atlantic Coast,835,-0.1505,0.327,1.7549,-28.9783,29.6323,58.6107,36.05,63.95,0.0,0.0,0.0,100.0,176,21.08,2.6149,2.6149,0.0,100.0,0.0,0.0
2005,11,AK Coast,1904,0.1465,1.1854,3.5864,-27.6115,29.9823,57.5937,49.0,51.0,0.0,20.43,0.0,100.0,111,5.83,-3.5394,3.5394,100.0,0.0,0.0,0.0
2005,11,Pacific Coast,283,-0.1617,0.1762,0.5557,-31.3575,31.71,63.0675,40.28,59.72,0.0,0.0,0.0,100.0,0,0.0,nan,nan,nan,nan,nan,nan
2005,11,Gulf Coast,57,0.3327,-11.7509,18.9441,-44.0043,20.5026,64.5069,80.7,19.3,78.95,15.79,1.75,100.0,0,0.0,nan,nan,nan,nan,nan,nan
2005,11,Atlantic Coast,835,-0.189,0.3342,1.8837,-29.0119,29.6803,58.6922,35.45,64.55,0.0,0.0,0.0,100.0,213,25.51,2.7455,2.7455,0.0,100.0,0.0,0.0
2005,12,AK Coast,1904,0.0214,0.4665,3.5666,-28.3363,29.2692,57.6055,62.08,37.92,0.0,18.75,0.0,100.0,90,4.73,-3.6404,3.6404,100.0,0.0,0.0,0.0
2005,12,Pacific Coast,283,0.2124,-0.3349,0.7885,-31.9088,31.2389,63.1477,64.66,35.34,0.0,0.0,0.0,100.0,5,1.77,3.5518,3.5518,0.0,100.0,0.0,0.0
2005,12,Gulf Coast,57,-0.5604,20.5821,27.8646,-12.1907,53.3548,65.5455,31.58,68.42,24.56,66.67,36.84,100.0,17,29.82,53.4091,53.4091,0.0,100.0,0.0,100.0
2005,12,Atlantic Coast,835,0.4212,-0.8862,2.132,-30.2492,28.4767,58.7259,71.86,28.14,0.0,0.0,0.0,100.0,145,17.37,2.8387,2.8387,0.0,100.0,0.0,0.0
2006,1,AK Coast,1904,-0.2546,0.2302,3.8409,-28.8199,29.2803,58.1002,58.72,41.28,0.0,23.32,0.0,100.0,564,29.62,-3.3733,3.3733,100.0,0.0,0.0,0.0
2006,1,Pacific Coast,283,0.9691,-1.0542,1.0542,-32.6648,30.5565,63.2213,100.0,0.0,0.0,0.0,0.0,100.0,0,0.0,nan,nan,nan,nan,nan,nan
2006,1,Gulf Coast,57,-0.8173,27.7403,32.7996,-5.4086,60.8893,66.2979,21.05,78.95,15.79,77.19,49.12,100.0,24,42.11,45.7886,45.7886,0.0,100.0,0.0,100.0
2006,1,Atlantic Coast,835,-0.2998,0.5742,1.4031,-28.6902,29.8385,58.5287,29.22,70.78,0.0,0.0,0.0,100.0,158,18.92,2.6299,2.6299,0.0,100.0,0.0,0.0
2006,2,AK Coast,1904,0.2129,1.4173,3.3796,-27.3594,30.194,57.5533,45.54,54.46,0.0,15.65,0.0,100.0,77,4.04,-3.4473,3.4473,100.0,0.0,0.0,0.0
2006,2,Pacific Coast,283,0.924,-1.0638,1.0696,-32.664,30.5364,63.2005,96.82,3.18,0.0,0.0,0.0,100.0,0,0.0,nan,nan,nan,nan,nan,nan
2006,2,Gulf Coast,57,-0.7194,31.861,33.3329,-1.0425,64.7645,65.8069,10.53,89.47,8.77,84.21,49.12,100.0,13,22.81,52.3022,52.3022,0.0,100.0,0.0,100.0
2006,2,Atlantic Coast,835,-0.4828,0.9301,1.265,-28.3203,30.1805,58.5007,25.99,74.01,0.0,0.0,0.0,100.0,160,19.16,2.5899,2.5899,0.0,100.0,0.0,0.0
2006,3,AK Coast,1904,-0.3616,-0.8517,2.82,-29.838,28.1347,57.9727,63.45,36.55,0.0,5.09,0.0,100.0,495,26.0,-3.3993,3.3993,100.0,0.0,0.0,0.0
2006,3,Pacific Coast,283,0.8254,-1.0578,1.0578,-32.6364,30.5207,63.1571,100.0,0.0,0.0,0.0,0.0,100.0,0,0.0,nan,nan,nan,nan,nan,nan
2006,3,Gulf Coast,57,0.0098,-13.0523,14.4796,-45.1954,19.0908,64.2862,85.96,14.04,82.46,7.02,0.0,100.0,0,0.0,nan,nan,nan,nan,nan,nan
2006,3,Atlantic Coast,835,-1.5299,2.6089,2.6089,-26.8484,32.0661,58.9145,0.0,100.0,0.0,0.0,0.0,100.0,723,86.59,2.7738,2.7738,0.0,100.0,0.0,0.0
2006,4,AK Coast,1904,0.4203,2.8538,4.5272,-25.9304,31.6381,57.5685,35.35,64.65,0.0,35.29,0.0,100.0,30,1.58,-3.3893,3.3893,100.0,0.0,0.0,0.0
2006,4,Pacific Coast,283,0.1392,0.1202,1.162,-31.4795,31.7199,63.1995,50.88,49.12,0.0,0.0,0.0,100.0,37,13.07,2.1904,2.1904,0.0,100.0,0.0,0.0
2006,4,Gulf Coast,57,0.8195,-16.7673,16.7673,-49.0104,15.4758,64.4863,100.0,0.0,91.23,0.0,0.0,100.0,0,0.0,nan,nan,nan,nan,nan,nan
2006,4,Atlantic Coast,835,-1.6074,2.6968,2.6968,-26.7787,32.1723,58.9509,0.0,100.0,0.0,0.0,0.0,100.0,745,89.22,2.8161,2.8161,0.0,100.0,0.0,0.0
2006,5,AK Coast,1904,-0.0046,0.1543,3.0071,-28.604,28.9126,57.5166,58.04,41.96,0.0,12.03,0.0,100.0,71,3.73,-3.6135,3.6135,100.0,0.0,0.0,0.0
2006,5,Pacific Coast,283,0.3604,-0.1485,1.103,-31.762,31.465,63.227,65.37,34.63,0.0,0.0,0.0,100.0,42,14.84,2.4119,2.4119,0.0,100.0,0.0,0.0
2006,5,Gulf Coast,57,1.3586,4.8112,6.6139,-29.2255,38.8479,68.0734,19.3,80.7,7.02,52.63,0.0,100.0,0,0.0,nan,nan,nan,nan,nan,nan
2006,5,Atlantic Coast,835,-1.5023,2.5188,2.5338,-26.9412,31.9787,58.9199,1.68,98.32,0.0,0.0,0.0,100.0,670,80.24,2.8267,2.8267,0.0,100.0,0.0,0.0
2006,6,AK Coast,1904,0.7093,4.4294,4.8867,-24.3609,33.2198,57.5806,15.81,84.19,0.0,39.97,0.0,100.0,25,1.31,-3.5409,3.5409,100.0,0.0,0.0,0.0
2006,6,Pacific Coast,283,0.16,0.0238,0.9584,-31.5652,31.6128,63.178,45.94,54.06,0.0,0.0,0.0,100.0,4,1.41,2.3142,2.3142,0.0,100.0,0.0,0.0
2006,6,Gulf Coast,57,1.3484,3.0467,11.7351,-32.6761,38.7695,71.4456,45.61,54.39,24.56,47.37,0.0,100.0,0,0.0,nan,nan,nan,nan,nan,nan
2006,6,Atlantic Coast,835,-0.2449,0.4571,2.1662,-28.8967,29.8109,58.7076,35.57,64.43,0.0,0.0,0.0,100.0,278,33.29,2.6821,2.6821,0.0,100.0,0.0,0.0
2006,7,AK Coast,1904,0.4597,3.3345,5.0807,-25.5113,32.1803,57.6916,36.82,63.18,0.0,39.65,0.0,100.0,90,4.73,-3.4364,3.4364,100.0,0.0,0.0,0.0
2006,7,Pacific Coast,283,-0.3299,0.461,0.6055,-31.0759,31.998,63.0739,19.43,80.57,0.0,0.0,0.0,100.0,0,0.0,nan,nan,nan,nan,nan,nan
2006,7,Gulf Coast,57,-0.1265,-3.7013,16.0085,-35.9623,28.5597,64.522,70.18,29.82,57.89,22.81,7.02,100.0,0,0.0,nan,nan,nan,nan,nan,nan
2006,7,Atlantic Coast,835,-0.0582,0.0857,2.1068,-29.2729,29.4443,58.7173,44.91,55.09,0.0,0.0,0.0,100.0,257,30.78,2.7297,2.7297,0.0,100.0,0.0,0.0
2006,8,AK Coast,1904,0.7125,4.7231,5.8348,-24.117,33.5632,57.6801,22.95,77.05,0.0,52.15,0.0,100.0,25,1.31,-3.2474,3.2474,100.0,0.0,0.0,0.0
2006,8,Pacific Coast,283,-0.7562,1.29,1.337,-30.2823,32.8623,63.1446,4.59,95.41,0.0,0.0,0.0,100.0,66,23.32,2.1538,2.1538,0.0,100.0,0.0,0.0
2006,8,Gulf Coast,57,-0.6011,25.1962,29.3919,-7.5669,57.9594,65.5263,19.3,80.7,10.53,78.95,42.11,100.0,8,14.04,52.8989,52.8989,0.0,100.0,0.0,100.0
2006,8,Atlantic Coast,835,-0.0628,0.07,1.9349,-29.2506,29.3905,58.6411,46.59,53.41,0.0,0.0,0.0,100.0,216,25.87,2.6646,2.6646,0.0,100.0,0.0,0.0
2006,9,AK Coast,1904,0.4934,3.1353,4.1989,-25.6207,31.8912,57.5119,26.68,73.32,0.0,34.14,0.0,100.0,34,1.79,-3.4239,3.4239,100.0,0.0,0.0,0.0
2006,9,Pacific Coast,283,-1.191,2.1114,2.1294,-29.5284,33.7512,63.2796,2.83,97.17,0.0,0.0,0.0,100.0,215,75.97,2.4645,2.4645,0.0,100.0,0.0,0.0
2006,9,Gulf Coast,57,-0.6788,29.7873,31.8748,-3.0866,62.6612,65.7478,12.28,87.72,8.77,85.96,42.11,100.0,15,26.32,53.6135,53.6135,0.0,100.0,0.0,100.0
2006,9,Atlantic Coast,835,-0.4035,0.6241,1.3968,-28.6554,29.9036,58.559,37.72,62.28,0.0,0.0,0.0,100.0,197,23.59,2.7195,2.7195,0.0,100.0,0.0,0.0
2006,10,AK Coast,1904,0.661,4.2945,5.3375,-24.5326,33.1217,57.6543,26.42,73.58,0.0,44.12,0.0,100.0,12,0.63,-3.3182,3.3182,100.0,0.0,0.0,0.0
2006,10,Pacific Coast,283,-1.2056,2.1245,2.2609,-29.5426,33.7916,63.3342,10.25,89.75,0.0,0.0,0.0,100.0,214,75.62,2.7832,2.7832,0.0,100.0,0.0,0.0
2006,10,Gulf Coast,57,-0.2729,6.8203,19.0651,-25.5895,39.2302,64.8197,42.11,57.89,36.84,50.88,8.77,100.0,1,1.75,52.5098,52.5098,0.0,100.0,0.0,100.0
2006,10,Atlantic Coast,835,-0.22,0.304,1.4533,-28.9748,29.5828,58.5577,49.22,50.78,0.0,0.0,0.0,100.0,191,22.87,2.7344,2.7344,0.0,100.0,0.0,0.0
2006,11,AK Coast,1904,-0.0084,0.7692,3.7294,-28.1272,29.6655,57.7927,55.15,44.85,0.0,19.75,0.0,100.0,304,15.97,-3.4337,3.4337,100.0,0.0,0.0,0.0
2006,11,Pacific Coast,283,0.4553,-0.5906,0.9133,-32.1532,30.972,63.1252,69.96,30.04,0.0,0.0,0.0,100.0,2,0.71,2.3314,2.3314,0.0,100.0,0.0,0.0
2006,11,Gulf Coast,57,-0.9058,43.6353,45.9454,10.4082,76.8623,66.4541,8.77,91.23,8.77,91.23,82.46,100.0,29,50.88,53.0707,53.0707,0.0,100.0,0.0,100.0
2006,11,Atlantic Coast,835,0.0836,-0.3028,1.6967,-29.6078,29.0022,58.6101,58.56,41.44,0.0,0.0,0.0,100.0,140,16.77,2.7493,2.7493,0.0,100.0,0.0,0.0
2006,12,AK Coast,1904,0.1305,0.772,2.4602,-27.9526,29.4966,57.4493,42.49,57.51,0.0,6.62,0.0,100.0,91,4.78,-3.6223,3.6223,100.0,0.0,0.0,0.0
2006,12,Pacific Coast,283,0.245,-0.4595,0.973,-32.0232,31.1041,63.1273,70.67,29.33,0.0,0.0,0.0,100.0,8,2.83,2.9487,2.9487,0.0,100.0,0.0,0.0
2006,12,Gulf Coast,57,-0.8919,45.3215,45.3215,12.1544,78.4885,66.3342,0.0,100.0,0.0,98.25,85.96,100.0,18,31.58,53.1171,53.1171,0.0,100.0,0.0,100.0
2006,12,Atlantic Coast,835,0.0939,-0.2601,1.3479,-29.5187,28.9985,58.5172,58.08,41.92,0.0,0.0,0.0,100.0,94,11.26,2.6379,2.6379,0.0,100.0,0.0,0.0
2007,1,AK Coast,1904,0.0021,0.4787,3.3146,-28.3246,29.282,57.6066,57.98,42.02,0.0,17.28,0.0,100.0,162,8.51,-3.5513,3.5513,100.0,0.0,0.0,0.0
2007,1,Pacific Coast,283,0.3557,-0.134,1.2494,-31.7449,31.477,63.2219,64.31,35.69,0.0,0.0,0.0,100.0,41,14.49,2.1296,2.1296,0.0,100.0,0.0,0.0
2007,1,Gulf Coast,57,-1.313,49.3584,49.3584,15.629,83.0879,67.4589,0.0,100.0,0.0,100.0,100.0,100.0,51,89.47,49.5374,49.5374,0.0,100.0,0.0,100.0
2007,1,Atlantic Coast,835,0.0701,-0.1589,1.2358,-29.3962,29.0783,58.4745,47.9,52.1,0.0,0.0,0.0,100.0,34,4.07,2.421,2.421,0.0,100.0,0.0,0.0
2007,2,AK Coast,1904,-0.0571,0.1374,3.6374,-28.7054,28.9803,57.6857,67.8,32.2,0.0,15.76,0.0,100.0,170,8.93,-3.6478,3.6478,100.0,0.0,0.0,0.0
2007,2,Pacific Coast,283,-0.1932,0.2558,0.6727,-31.2844,31.7961,63.0805,51.24,48.76,0.0,0.0,0.0,100.0,7,2.47,1.852,1.852,0.0,100.0,0.0,0.0
2007,2,Gulf Coast,57,-0.9888,49.0264,49.0264,15.6752,82.3776,66.7024,0.0,100.0,0.0,100.0,91.23,100.0,33,57.89,53.6229,53.6229,0.0,100.0,0.0,100.0
2007,2,Atlantic Coast,835,-0.5361,0.9703,1.6721,-28.3214,30.2621,58.5836,25.03,74.97,0.0,0.0,0.0,100.0,237,28.38,2.7174,2.7174,0.0,100.0,0.0,0.0
2007,3,AK Coast,1904,-0.5413,-1.2177,3.5574,-30.3971,27.9618,58.3589,80.04,19.96,0.0,9.03,0.0,100.0,640,33.61,-3.2509,3.2509,100.0,0.0,0.0,0.0
2007,3,Pacific Coast,283,-0.4358,0.8264,1.3767,-30.7604,32.4133,63.1736,33.22,66.78,0.0,0.0,0.0,100.0,96,33.92,2.3997,2.3997,0.0,100.0,0.0,0.0
2007,3,Gulf Coast,57,-1.2823,49.8948,49.8948,16.1865,83.603,67.4165,0.0,100.0,0.0,100.0,96.49,100.0,51,89.47,50.1251,50.1251,0.0,100.0,0.0,100.0
2007,3,Atlantic Coast,835,-0.6901,1.2766,1.8088,-28.0431,30.5962,58.6393,14.01,85.99,0.0,0.0,0.0,100.0,293,35.09,2.6612,2.6612,0.0,100.0,0.0,0.0
2007,4,AK Coast,1904,-0.8952,-1.4633,3.5843,-30.9978,28.0712,59.069,86.34,13.66,0.0,9.56,0.0,100.0,1147,60.24,-3.1672,3.1672,100.0,0.0,0.0,0.0
2007,4,Pacific Coast,283,-0.134,0.2589,0.943,-31.2973,31.8151,63.1123,43.46,56.54,0.0,0.0,0.0,100.0,37,13.07,1.9994,1.9994,0.0,100.0,0.0,0.0
2007,4,Gulf Coast,57,-0.9366,48.3684,48.3684,15.1398,81.597,66.4573,0.0,100.0,0.0,100.0,92.98,100.0,12,21.05,53.3341,53.3341,0.0,100.0,0.0,100.0
2007,4,Atlantic Coast,835,-0.5444,0.8092,2.087,-28.5478,30.1661,58.714,36.29,63.71,0.0,0.0,0.0,100.0,365,43.71,2.7659,2.7659,0.0,100.0,0.0,0.0
2007,5,AK Coast,1904,-0.3754,-0.029,4.0097,-29.2097,29.1518,58.3614,69.33,30.67,0.0,19.01,0.0,100.0,623,32.72,-3.2086,3.2086,100.0,0.0,0.0,0.0
2007,5,Pacific Coast,283,-0.7283,1.2978,1.6005,-30.2959,32.8914,63.1873,22.26,77.74,0.0,0.0,0.0,100.0,152,53.71,2.2319,2.2319,0.0,100.0,0.0,0.0
2007,5,Gulf Coast,57,-1.1197,52.6195,52.6195,19.0354,86.2037,67.1682,0.0,100.0,0.0,100.0,100.0,100.0,47,82.46,53.3017,53.3017,0.0,100.0,0.0,100.0
2007,5,Atlantic Coast,835,-0.672,1.0359,2.3629,-28.3615,30.4333,58.7948,30.42,69.58,0.0,0.0,0.0,100.0,444,53.17,2.8011,2.8011,0.0,100.0,0.0,0.0
2007,6,AK Coast,1904,-0.1148,-0.2261,2.7237,-29.0551,28.6029,57.6579,58.98,41.02,0.0,7.46,0.0,100.0,237,12.45,-3.538,3.538,100.0,0.0,0.0,0.0
2007,6,Pacific Coast,283,-0.6104,0.9646,1.0605,-30.5943,32.5234,63.1177,13.43,86.57,0.0,0.0,0.0,100.0,44,15.55,2.1367,2.1367,0.0,100.0,0.0,0.0
2007,6,Gulf Coast,57,-0.6907,31.5636,32.4858,-1.302,64.4292,65.7311,12.28,87.72,3.51,85.96,50.88,100.0,13,22.81,53.0962,53.0962,0.0,100.0,0.0,100.0
2007,6,Atlantic Coast,835,-0.4772,0.902,1.6371,-28.3819,30.1859,58.5678,31.14,68.86,0.0,0.0,0.0,100.0,241,28.86,2.6497,2.6497,0.0,100.0,0.0,0.0
2007,7,AK Coast,1904,-0.751,-1.3721,2.5425,-30.78,28.0358,58.8158,77.47,22.53,0.0,2.84,0.0,100.0,728,38.24,-2.7651,2.7651,100.0,0.0,0.0,0.0
2007,7,Pacific Coast,283,-0.2386,0.376,0.7947,-31.1746,31.9265,63.101,29.33,70.67,0.0,0.0,0.0,100.0,17,6.01,2.5592,2.5592,0.0,100.0,0.0,0.0
2007,7,Gulf Coast,57,-1.3703,39.417,42.0096,4.4325,74.4015,69.969,8.77,91.23,5.26,89.47,70.18,100.0,48,84.21,38.6487,41.7274,10.42,89.58,6.25,87.5
2007,7,Atlantic Coast,835,-0.4996,0.9018,1.8069,-28.4291,30.2327,58.6618,26.71,73.29,0.0,0.0,0.0,100.0,293,35.09,2.7378,2.7378,0.0,100.0,0.0,0.0
2007,8,AK Coast,1904,-1.0675,-2.327,2.679,-31.9047,27.2507,59.1554,91.07,8.93,0.0,0.53,0.0,100.0,963,50.58,-2.8811,2.8811,100.0,0.0,0.0,0.0
2007,8,Pacific Coast,283,0.3717,-0.5122,0.843,-32.0684,31.044,63.1124,80.21,19.79,0.0,0.0,0.0,100.0,6,2.12,2.3573,2.3573,0.0,100.0,0.0,0.0
2007,8,Gulf Coast,57,-0.9303,45.2618,45.2618,12.035,78.4886,66.4537,0.0,100.0,0.0,100.0,80.7,100.0,23,40.35,53.3476,53.3476,0.0,100.0,0.0,100.0
2007,8,Atlantic Coast,835,-0.5634,1.1118,1.8938,-28.2161,30.4397,58.6558,20.24,79.76,0.0,0.0,0.0,100.0,285,34.13,2.7456,2.7456,0.0,100.0,0.0,0.0
2007,9,AK Coast,1904,-0.8548,-1.5721,2.8757,-31.03,27.8857,58.9157,82.46,17.54,0.0,5.72,0.0,100.0,731,38.39,-2.7346,2.7346,100.0,0.0,0.0,0.0
2007,9,Pacific Coast,283,0.6843,-0.9111,0.9457,-32.4789,30.6567,63.1356,96.11,3.89,0.0,0.0,0.0,100.0,0,0.0,nan,nan,nan,nan,nan,nan
2007,9,Gulf Coast,57,0.445,-11.7375,16.1719,-44.4105,20.9355,65.346,84.21,15.79,77.19,15.79,0.0,100.0,0,0.0,nan,nan,nan,nan,nan,nan
2007,9,Atlantic Coast,835,-0.7946,1.2521,2.0783,-28.1249,30.6292,58.7541,20.12,79.88,0.0,0.0,0.0,100.0,369,44.19,2.7405,2.7405,0.0,100.0,0.0,0.0
2007,10,AK Coast,1904,-0.6271,-0.8113,2.7894,-30.176,28.5535,58.7295,70.38,29.62,0.0,7.46,0.0,100.0,717,37.66,-2.8423,2.8423,100.0,0.0,0.0,0.0
2007,10,Pacific Coast,283,0.5937,-0.8184,0.859,-32.3792,30.7424,63.1216,94.35,5.65,0.0,0.0,0.0,100.0,0,0.0,nan,nan,nan,nan,nan,nan
2007,10,Gulf Coast,57,0.046,-5.5457,21.3401,-37.8082,26.7168,64.525,64.91,35.09,63.16,29.82,8.77,100.0,0,0.0,nan,nan,nan,nan,nan,nan
2007,10,Atlantic Coast,835,-0.8569,1.5294,1.7433,-27.8036,30.8624,58.666,13.53,86.47,0.0,0.0,0.0,100.0,336,40.24,2.7776,2.7776,0.0,100.0,0.0,0.0
2007,11,AK Coast,1904,0.1061,2.2823,3.9521,-26.8165,31.3811,58.1976,37.08,62.92,0.0,29.62,0.0,100.0,335,17.59,-2.5846,2.5846,100.0,0.0,0.0,0.0
2007,11,Pacific Coast,283,-0.3904,0.6132,0.8817,-30.9338,32.1602,63.094,23.32,76.68,0.0,0.0,0.0,100.0,8,2.83,1.9014,1.9014,0.0,100.0,0.0,0.0
2007,11,Gulf Coast,57,-0.164,-1.1482,15.0088,-33.4364,31.14,64.5764,57.89,42.11,45.61,33.33,3.51,100.0,0,0.0,nan,nan,nan,nan,nan,nan
2007,11,Atlantic Coast,835,-0.5732,1.1066,1.5246,-28.1684,30.3816,58.55,26.47,73.53,0.0,0.0,0.0,100.0,272,32.57,2.6415,2.6415,0.0,100.0,0.0,0.0
2007,12,AK Coast,1904,-0.0319,0.4328,3.2619,-28.4294,29.2949,57.7243,57.35,42.65,0.0,16.91,0.0,100.0,208,10.92,-3.2738,3.2738,100.0,0.0,0.0,0.0
2007,12,Pacific Coast,283,-0.3794,0.3802,0.7193,-31.1657,31.9261,63.0919,45.58,54.42,0.0,0.0,0.0,100.0,21,7.42,2.2935,2.2935,0.0,100.0,0.0,0.0
2007,12,Gulf Coast,57,-0.5898,26.794,31.0634,-5.927,59.515,65.4421,21.05,78.95,15.79,77.19,45.61,100.0,1,1.75,53.9113,53.9113,0.0,100.0,0.0,100.0
2007,12,Atlantic Coast,835,-0.2198,0.4723,1.1041,-28.7571,29.7017,58.4588,31.02,68.98,0.0,0.0,0.0,100.0,69,8.26,2.4397,2.4397,0.0,100.0,0.0,0.0
2008,1,AK Coast,1904,0.313,2.3293,4.1684,-26.4623,31.1209,57.5832,31.88,68.12,0.0,28.78,0.0,100.0,129,6.78,-3.6279,3.6279,100.0,0.0,0.0,0.0
2008,1,Pacific Coast,283,0.0389,-0.155,0.5222,-31.6863,31.3763,63.0626,68.2,31.8,0.0,0.0,0.0,100.0,0,0.0,nan,nan,nan,nan,nan,nan
2008,1,Gulf Coast,57,0.8587,-15.206,15.4951,-47.5555,17.1435,64.6989,91.23,8.77,87.72,0.0,0.0,100.0,0,0.0,nan,nan,nan,nan,nan,nan
2008,1,Atlantic Coast,835,-0.4073,0.8675,1.3615,-28.3773,30.1123,58.4896,23.35,76.65,0.0,0.0,0.0,100.0,137,16.41,2.4409,2.4409,0.0,100.0,0.0,0.0
2008,2,AK Coast,1904,0.0225,0.1172,2.0848,-28.618,28.8525,57.4706,50.0,50.0,0.0,3.62,0.0,100.0,124,6.51,-3.629,3.629,100.0,0.0,0.0,0.0
2008,2,Pacific Coast,283,0.336,-0.6082,0.6317,-32.1411,30.9247,63.0658,96.11,3.89,0.0,0.0,0.0,100.0,0,0.0,nan,nan,nan,nan,nan,nan
2008,2,Gulf Coast,57,0.5741,-22.5271,22.5271,-54.6072,9.553,64.1602,100.0,0.0,100.0,0.0,0.0,100.0,0,0.0,nan,nan,nan,nan,nan,nan
2008,2,Atlantic Coast,835,0.2673,-0.4732,1.2066,-29.732,28.7855,58.5175,56.53,43.47,0.0,0.0,0.0,100.0,5,0.6,2.5661,2.5661,0.0,100.0,0.0,0.0
2008,3,AK Coast,1904,0.3764,2.0269,2.6987,-26.6545,30.7084,57.3628,20.48,79.52,0.0,12.29,0.0,100.0,2,0.11,-2.0907,2.0907,100.0,0.0,0.0,0.0
2008,3,Pacific Coast,283,-0.1435,0.1239,0.4246,-31.4075,31.6552,63.0627,61.84,38.16,0.0,0.0,0.0,100.0,5,1.77,1.94,1.94,0.0,100.0,0.0,0.0
2008,3,Gulf Coast,57,0.186,-20.202,20.3227,-52.2983,11.8943,64.1927,98.25,1.75,96.49,0.0,0.0,100.0,0,0.0,nan,nan,nan,nan,nan,nan
2008,3,Atlantic Coast,835,0.0008,0.0238,1.1532,-29.2242,29.2719,58.4962,37.96,62.04,0.0,0.0,0.0,100.0,44,5.27,2.3384,2.3384,0.0,100.0,0.0,0.0
2008,4,AK Coast,1904,0.5953,3.8332,4.8944,-24.9427,32.6092,57.5519,22.74,77.26,0.0,36.66,0.0,100.0,6,0.32,-2.0907,2.0907,100.0,0.0,0.0,0.0
2008,4,Pacific Coast,283,-0.9125,1.5907,1.6467,-30.0094,33.1908,63.2003,8.13,91.87,0.0,0.0,0.0,100.0,148,52.3,2.3703,2.3703,0.0,100.0,0.0,0.0
2008,4,Gulf Coast,57,-1.3363,48.9058,48.9058,15.0672,82.7445,67.6773,0.0,100.0,0.0,100.0,85.96,100.0,56,98.25,48.8643,48.8643,0.0,100.0,0.0,100.0
2008,4,Atlantic Coast,835,0.1561,-0.3469,1.4623,-29.6164,28.9225,58.5389,53.77,46.23,0.0,0.0,0.0,100.0,51,6.11,2.4739,2.4739,0.0,100.0,0.0,0.0
2008,5,AK Coast,1904,0.6527,3.9068,4.0517,-24.8148,32.6284,57.4431,6.93,93.07,0.0,30.62,0.0,100.0,6,0.32,-2.6343,2.6343,100.0,0.0,0.0,0.0
2008,5,Pacific Coast,283,-1.0119,1.7353,1.7673,-29.8894,33.3601,63.2495,5.3,94.7,0.0,0.0,0.0,100.0,151,53.36,2.6418,2.6418,0.0,100.0,0.0,0.0
2008,5,Gulf Coast,57,-1.4772,43.7414,43.7414,9.8503,77.6325,67.7823,0.0,100.0,0.0,100.0,75.44,100.0,57,100.0,43.7414,43.7414,0.0,100.0,0.0,100.0
2008,5,Atlantic Coast,835,-0.2028,0.4285,1.0098,-28.7939,29.6509,58.4448,34.13,65.87,0.0,0.0,0.0,100.0,33,3.95,2.3534,2.3534,0.0,100.0,0.0,0.0
2008,6,AK Coast,1904,0.6125,3.5612,4.0122,-25.1446,32.267,57.4116,14.08,85.92,0.0,33.04,0.0,100.0,0,0.0,nan,nan,nan,nan,nan,nan
2008,6,Pacific Coast,283,-1.1261,1.8853,1.9115,-29.757,33.5275,63.2845,5.3,94.7,0.0,0.0,0.0,100.0,161,56.89,2.7338,2.7338,0.0,100.0,0.0,0.0
2008,6,Gulf Coast,57,-1.506,39.8858,39.8858,5.7112,74.0604,68.3491,0.0,100.0,0.0,100.0,59.65,100.0,55,96.49,39.5415,39.5415,0.0,100.0,0.0,100.0
2008,6,Atlantic Coast,835,-0.5729,1.1956,1.4116,-28.0613,30.4526,58.5139,19.28,80.72,0.0,0.0,0.0,100.0,223,26.71,2.5082,2.5082,0.0,100.0,0.0,0.0
2008,7,AK Coast,1904,0.7466,4.6721,4.9694,-24.088,33.4322,57.5202,11.19,88.81,0.0,44.96,0.0,100.0,5,0.26,-2.0907,2.0907,100.0,0.0,0.0,0.0
2008,7,Pacific Coast,283,-0.9895,1.7206,1.7791,-29.8972,33.3383,63.2355,9.19,90.81,0.0,0.0,0.0,100.0,151,53.36,2.5856,2.5856,0.0,100.0,0.0,0.0
2008,7,Gulf Coast,57,-0.9696,44.0179,44.0179,10.7322,77.3035,66.5712,0.0,100.0,0.0,100.0,71.93,100.0,26,45.61,51.2864,51.2864,0.0,100.0,0.0,100.0
2008,7,Atlantic Coast,835,-0.5059,1.0879,1.3151,-28.1604,30.3361,58.4965,13.05,86.95,0.0,0.0,0.0,100.0,151,18.08,2.5031,2.5031,0.0,100.0,0.0,0.0
2008,8,AK Coast,1904,-0.1502,-0.1836,3.3719,-29.0315,28.6642,57.6957,63.6,36.4,0.0,12.71,0.0,100.0,205,10.77,-3.5482,3.5482,100.0,0.0,0.0,0.0
2008,8,Pacific Coast,283,-0.0702,0.3911,1.4687,-31.2159,31.9981,63.214,52.65,47.35,0.0,0.0,0.0,100.0,89,31.45,2.4161,2.4161,0.0,100.0,0.0,0.0
2008,8,Gulf Coast,57,-1.3197,47.3767,47.3767,13.4756,81.2779,67.8022,0.0,100.0,0.0,100.0,89.47,100.0,52,91.23,47.2945,47.2945,0.0,100.0,0.0,100.0
2008,8,Atlantic Coast,835,-0.1063,0.1307,1.4071,-29.1476,29.4089,58.5565,49.34,50.66,0.0,0.0,0.0,100.0,153,18.32,2.7521,2.7521,0.0,100.0,0.0,0.0
2008,9,AK Coast,1904,-0.4845,-0.8216,3.3727,-29.9503,28.3071,58.2574,66.12,33.88,0.0,8.98,0.0,100.0,677,35.56,-3.3496,3.3496,100.0,0.0,0.0,0.0
2008,9,Pacific Coast,283,-0.2695,0.4299,0.9285,-31.1226,31.9823,63.1049,41.34,58.66,0.0,0.0,0.0,100.0,38,13.43,2.1899,2.1899,0.0,100.0,0.0,0.0
2008,9,Gulf Coast,57,-0.6846,32.0245,32.111,-0.8044,64.8535,65.658,3.51,96.49,0.0,89.47,47.37,100.0,7,12.28,52.6216,52.6216,0.0,100.0,0.0,100.0
2008,9,Atlantic Coast,835,0.4071,-0.8912,1.6873,-30.1861,28.4036,58.5897,67.43,32.57,0.0,0.0,0.0,100.0,34,4.07,2.573,2.573,0.0,100.0,0.0,0.0
2008,10,AK Coast,1904,-0.789,-0.6036,3.1318,-30.231,29.0238,59.2547,73.27,26.73,0.0,11.03,0.0,100.0,878,46.11,-2.6575,2.6575,100.0,0.0,0.0,0.0
2008,10,Pacific Coast,283,-0.535,0.8325,0.8593,-30.7222,32.3872,63.1093,6.71,93.29,0.0,0.0,0.0,100.0,37,13.07,2.4701,2.4701,0.0,100.0,0.0,0.0
2008,10,Gulf Coast,57,-1.5751,32.7901,35.0009,-2.7214,68.3016,71.023,8.77,91.23,5.26,91.23,47.37,100.0,57,100.0,32.7901,35.0009,8.77,91.23,5.26,91.23
2008,10,Atlantic Coast,835,0.1944,-0.4476,1.6896,-29.723,28.8277,58.5507,62.28,37.72,0.0,0.0,0.0,100.0,123,14.73,2.4931,2.4931,0.0,100.0,0.0,0.0
2008,11,AK Coast,1904,-0.5465,0.0887,3.3034,-29.395,29.5724,58.9674,62.03,37.97,0.0,15.86,0.0,100.0,741,38.92,-2.6791,2.6791,100.0,0.0,0.0,0.0
2008,11,Pacific Coast,283,-0.6451,1.0547,1.0547,-30.5013,32.6106,63.1119,0.0,100.0,0.0,0.0,0.0,100.0,35,12.37,2.0228,2.0228,0.0,100.0,0.0,0.0
2008,11,Gulf Coast,57,-0.5963,26.9807,34.3889,-5.8433,59.8048,65.648,21.05,78.95,19.3,75.44,47.37,100.0,11,19.3,53.0295,53.0295,0.0,100.0,0.0,100.0
2008,11,Atlantic Coast,835,-0.0687,0.0361,1.4468,-29.2395,29.3116,58.551,55.69,44.31,0.0,0.0,0.0,100.0,147,17.6,2.7284,2.7284,0.0,100.0,0.0,0.0
2008,12,AK Coast,1904,-0.4071,-0.9833,3.4692,-29.9788,28.0122,57.991,70.69,29.31,0.0,11.71,0.0,100.0,618,32.46,-3.5911,3.5911,100.0,0.0,0.0,0.0
2008,12,Pacific Coast,283,-0.6835,0.9195,0.9472,-30.6359,32.4749,63.1109,8.83,91.17,0.0,0.0,0.0,100.0,16,5.65,2.3922,2.3922,0.0,100.0,0.0,0.0
2008,12,Gulf Coast,57,0.248,-14.2603,16.501,-46.3898,17.8693,64.2591,82.46,17.54,73.68,10.53,0.0,100.0,0,0.0,nan,nan,nan,nan,nan,nan
2008,12,Atlantic Coast,835,-0.2473,0.516,1.08,-28.7161,29.7481,58.4641,43.35,56.65,0.0,0.0,0.0,100.0,98,11.74,2.5079,2.5079,0.0,100.0,0.0,0.0
2009,1,AK Coast,1904,-0.208,-1.2319,2.166,-29.9601,27.4963,57.4563,76.58,23.42,0.0,0.47,0.0,100.0,29,1.52,-3.272,3.272,100.0,0.0,0.0,0.0
2009,1,Pacific Coast,283,-0.6964,1.199,1.3251,-30.3745,32.7724,63.1469,11.31,88.69,0.0,0.0,0.0,100.0,89,31.45,2.1054,2.1054,0.0,100.0,0.0,0.0
2009,1,Gulf Coast,57,-0.0772,-2.8154,22.6937,-35.1186,29.4877,64.6063,56.14,43.86,56.14,40.35,5.26,100.0,0,0.0,nan,nan,nan,nan,nan,nan
2009,1,Atlantic Coast,835,-0.4578,0.7998,1.9788,-28.5136,30.1132,58.6268,38.56,61.44,0.0,0.0,0.0,100.0,346,41.44,2.6254,2.6254,0.0,100.0,0.0,0.0
2009,2,AK Coast,1904,0.2529,2.7918,5.1013,-26.2257,31.8094,58.0351,45.22,54.78,0.0,39.39,0.0,100.0,300,15.76,-3.1508,3.1508,100.0,0.0,0.0,0.0
2009,2,Pacific Coast,283,-0.7195,1.2054,1.2232,-30.3632,32.774,63.1372,5.3,94.7,0.0,0.0,0.0,100.0,50,17.67,2.3606,2.3606,0.0,100.0,0.0,0.0
2009,2,Gulf Coast,57,0.08,-16.2175,16.4402,-48.3413,15.9064,64.2477,92.98,7.02,91.23,0.0,0.0,100.0,0,0.0,nan,nan,nan,nan,nan,nan
2009,2,Atlantic Coast,835,-1.1981,2.0156,2.3153,-27.3897,31.4209,58.8106,13.29,86.71,0.0,0.0,0.0,100.0,584,69.94,2.759,2.759,0.0,100.0,0.0,0.0
2009,3,AK Coast,1904,0.6067,4.2233,5.6158,-24.6543,33.1009,57.7551,31.3,68.7,0.0,44.8,0.0,100.0,75,3.94,-3.313,3.313,100.0,0.0,0.0,0.0
2009,3,Pacific Coast,283,-0.6516,1.0773,1.1228,-30.4848,32.6393,63.1241,7.77,92.23,0.0,0.0,0.0,100.0,44,15.55,2.2568,2.2568,0.0,100.0,0.0,0.0
2009,3,Gulf Coast,57,-0.5646,25.9657,25.9657,-6.6542,58.5856,65.2398,0.0,100.0,0.0,100.0,10.53,100.0,0,0.0,nan,nan,nan,nan,nan,nan
2009,3,Atlantic Coast,835,-1.1725,2.261,2.2657,-27.0937,31.6156,58.7093,1.44,98.56,0.0,0.0,0.0,100.0,560,67.07,2.6845,2.6845,0.0,100.0,0.0,0.0
2009,4,AK Coast,1904,0.4289,4.3761,6.9889,-24.7837,33.5359,58.3196,44.75,55.25,0.0,47.43,0.0,100.0,350,18.38,-3.2766,3.2766,100.0,0.0,0.0,0.0
2009,4,Pacific Coast,283,-0.6942,1.1688,1.2673,-30.4112,32.7489,63.1601,14.13,85.87,0.0,0.0,0.0,100.0,95,33.57,2.4145,2.4145,0.0,100.0,0.0,0.0
2009,4,Gulf Coast,57,-0.2894,5.0783,10.3879,-27.2552,37.4118,64.667,43.86,56.14,21.05,36.84,1.75,100.0,0,0.0,nan,nan,nan,nan,nan,nan
2009,4,Atlantic Coast,835,-0.7772,1.5036,1.5839,-27.7861,30.7932,58.5793,8.62,91.38,0.0,0.0,0.0,100.0,283,33.89,2.7094,2.7094,0.0,100.0,0.0,0.0
2009,5,AK Coast,1904,-0.0023,1.063,4.0019,-27.8593,29.9853,57.8446,48.06,51.94,0.0,26.47,0.0,100.0,377,19.8,-3.4844,3.4844,100.0,0.0,0.0,0.0
2009,5,Pacific Coast,283,-0.2603,0.329,0.5174,-31.2047,31.8628,63.0675,23.32,76.68,0.0,0.0,0.0,100.0,4,1.41,1.9147,1.9147,0.0,100.0,0.0,0.0
2009,5,Gulf Coast,57,-1.1791,51.8659,51.8659,18.2308,85.501,67.2702,0.0,100.0,0.0,100.0,100.0,100.0,50,87.72,52.1769,52.1769,0.0,100.0,0.0,100.0
2009,5,Atlantic Coast,835,0.3209,-0.7164,1.4973,-29.9786,28.5459,58.5245,66.59,33.41,0.0,0.0,0.0,100.0,39,4.67,2.4054,2.4054,0.0,100.0,0.0,0.0
2009,6,AK Coast,1904,-0.3647,-0.1563,3.132,-29.3175,29.005,58.3224,59.56,40.44,0.0,11.61,0.0,100.0,614,32.25,-3.1217,3.1217,100.0,0.0,0.0,0.0
2009,6,Pacific Coast,283,-0.4244,0.5892,0.6591,-30.9527,32.131,63.0838,20.49,79.51,0.0,0.0,0.0,100.0,16,5.65,2.1097,2.1097,0.0,100.0,0.0,0.0
2009,6,Gulf Coast,57,-0.0867,-8.2087,13.2093,-40.392,23.9745,64.3666,80.7,19.3,77.19,15.79,0.0,100.0,0,0.0,nan,nan,nan,nan,nan,nan
2009,6,Atlantic Coast,835,0.2541,-0.5909,1.6478,-29.8653,28.6836,58.5489,67.78,32.22,0.0,0.0,0.0,100.0,116,13.89,2.5646,2.5646,0.0,100.0,0.0,0.0
2009,7,AK Coast,1904,-0.6325,-1.8671,2.8153,-30.9777,27.2435,58.2212,81.78,18.22,0.0,2.63,0.0,100.0,582,30.57,-3.2365,3.2365,100.0,0.0,0.0,0.0
2009,7,Pacific Coast,283,0.0101,-0.0165,0.8158,-31.5637,31.5308,63.0946,62.9,37.1,0.0,0.0,0.0,100.0,19,6.71,1.9399,1.9399,0.0,100.0,0.0,0.0
2009,7,Gulf Coast,57,0.0026,-12.2062,14.9717,-44.3627,19.9503,64.313,85.96,14.04,80.7,10.53,0.0,100.0,0,0.0,nan,nan,nan,nan,nan,nan
2009,7,Atlantic Coast,835,0.2555,-0.602,1.7926,-29.9132,28.7093,58.6225,65.03,34.97,0.0,0.0,0.0,100.0,120,14.37,2.7832,2.7832,0.0,100.0,0.0,0.0
2009,8,AK Coast,1904,-0.1908,-0.5606,2.9423,-29.3793,28.2581,57.6374,64.92,35.08,0.0,8.3,0.0,100.0,173,9.09,-3.5277,3.5277,100.0,0.0,0.0,0.0
2009,8,Pacific Coast,283,-0.4493,0.8205,1.3983,-30.7625,32.4035,63.166,39.22,60.78,0.0,0.0,0.0,100.0,109,38.52,2.3219,2.3219,0.0,100.0,0.0,0.0
2009,8,Gulf Coast,57,0.6439,-17.5508,17.8524,-49.8049,14.7034,64.5083,92.98,7.02,87.72,0.0,0.0,100.0,0,0.0,nan,nan,nan,nan,nan,nan
2009,8,Atlantic Coast,835,-0.1231,0.1877,1.8405,-29.141,29.5165,58.6575,34.37,65.63,0.0,0.0,0.0,100.0,146,17.49,2.7311,2.7311,0.0,100.0,0.0,0.0
2009,9,AK Coast,1904,-0.3314,-0.7234,3.2764,-29.6973,28.2505,57.9478,69.59,30.41,0.0,11.34,0.0,100.0,381,20.01,-3.3115,3.3115,100.0,0.0,0.0,0.0
2009,9,Pacific Coast,283,-0.2448,0.3434,0.7201,-31.2046,31.8914,63.0961,42.4,57.6,0.0,0.0,0.0,100.0,33,11.66,2.4628,2.4628,0.0,100.0,0.0,0.0
2009,9,Gulf Coast,57,-1.5605,33.8672,37.3133,-1.6774,69.4118,71.0892,10.53,89.47,10.53,89.47,57.89,100.0,54,94.74,33.1469,36.7845,11.11,88.89,11.11,88.89
2009,9,Atlantic Coast,835,0.0748,-0.282,1.4357,-29.5339,28.9699,58.5038,54.73,45.27,0.0,0.0,0.0,100.0,70,8.38,2.5475,2.5475,0.0,100.0,0.0,0.0
2009,10,AK Coast,1904,-0.3413,-1.115,2.7597,-30.0136,27.7836,57.7972,71.9,28.1,0.0,5.67,0.0,100.0,377,19.8,-3.5399,3.5399,100.0,0.0,0.0,0.0
2009,10,Pacific Coast,283,0.6454,-0.7729,0.781,-32.3497,30.804,63.1537,95.05,4.95,0.0,0.0,0.0,100.0,0,0.0,nan,nan,nan,nan,nan,nan
2009,10,Gulf Coast,57,-0.3064,13.9482,30.5972,-19.044,46.9404,65.9845,45.61,54.39,43.86,50.88,38.6,100.0,19,33.33,48.6626,48.6626,0.0,100.0,0.0,100.0
2009,10,Atlantic Coast,835,0.2657,-0.6141,1.644,-29.8883,28.6602,58.5485,63.11,36.89,0.0,0.0,0.0,100.0,87,10.42,2.5988,2.5988,0.0,100.0,0.0,0.0
2009,11,AK Coast,1904,-0.3532,-1.3854,3.0292,-30.2629,27.492,57.7549,77.84,22.16,0.0,5.78,0.0,100.0,299,15.7,-3.5851,3.5851,100.0,0.0,0.0,0.0
2009,11,Pacific Coast,283,0.6485,-0.6566,0.7567,-32.2519,30.9387,63.1906,80.21,19.79,0.0,0.0,0.0,100.0,0,0.0,nan,nan,nan,nan,nan,nan
2009,11,Gulf Coast,57,-0.796,21.2158,31.6121,-12.0879,54.5195,66.6074,29.82,70.18,24.56,68.42,40.35,100.0,25,43.86,40.0408,40.1588,4.0,96.0,0.0,96.0
2009,11,Atlantic Coast,835,0.402,-0.9068,1.7331,-30.1888,28.3753,58.5641,65.51,34.49,0.0,0.0,0.0,100.0,30,3.59,2.4729,2.4729,0.0,100.0,0.0,0.0
2009,12,AK Coast,1904,-0.1268,-0.7762,2.2622,-29.51,27.9576,57.4676,69.49,30.51,0.0,4.31,0.0,100.0,43,2.26,-3.5645,3.5645,100.0,0.0,0.0,0.0
2009,12,Pacific Coast,283,-0.2105,0.1147,0.7669,-31.4299,31.6592,63.089,57.24,42.76,0.0,0.0,0.0,100.0,12,4.24,2.5719,2.5719,0.0,100.0,0.0,0.0
2009,12,Gulf Coast,57,0.1589,-17.5754,19.0961,-49.6874,14.5365,64.2238,94.74,5.26,89.47,3.51,0.0,100.0,0,0.0,nan,nan,nan,nan,nan,nan
2009,12,Atlantic Coast,835,1.0802,-2.1715,2.4752,-31.5628,27.2197,58.7826,91.74,8.26,0.0,0.0,0.0,100.0,39,4.67,2.6819,2.6819,0.0,100.0,0.0,0.0
2010,1,AK Coast,1904,-0.3832,-1.8795,2.4877,-30.676,26.917,57.593,83.72,16.28,0.0,0.37,0.0,100.0,131,6.88,-3.6189,3.6189,100.0,0.0,0.0,0.0
2010,1,Pacific Coast,283,0.1051,-0.2167,0.6703,-31.754,31.3205,63.0745,66.08,33.92,0.0,0.0,0.0,100.0,0,0.0,nan,nan,nan,nan,nan,nan
2010,1,Gulf Coast,57,0.6684,-20.5867,20.5867,-52.7362,11.5628,64.299,100.0,0.0,96.49,0.0,0.0,100.0,0,0.0,nan,nan,nan,nan,nan,nan
2010,1,Atlantic Coast,835,1.155,-2.2842,2.3954,-31.6629,27.0945,58.7574,92.69,7.31,0.0,0.0,0.0,100.0,0,0.0,nan,nan,nan,nan,nan,nan
2010,2,AK Coast,1904,-0.6123,-2.0092,2.7991,-31.0787,27.0604,58.1391,81.04,18.96,0.0,1.16,0.0,100.0,557,29.25,-3.3315,3.3315,100.0,0.0,0.0,0.0
2010,2,Pacific Coast,283,-0.2515,0.444,1.0214,-31.1159,32.004,63.1199,31.45,68.55,0.0,0.0,0.0,100.0,40,14.13,2.3153,2.3153,0.0,100.0,0.0,0.0
2010,2,Gulf Coast,57,0.7526,-18.8119,18.8119,-50.9888,13.365,64.3539,100.0,0.0,98.25,0.0,0.0,100.0,0,0.0,nan,nan,nan,nan,nan,nan
2010,2,Atlantic Coast,835,1.2188,-2.5727,2.6538,-31.9629,26.8175,58.7803,95.21,4.79,0.0,0.0,0.0,100.0,4,0.48,2.9412,2.9412,0.0,100.0,0.0,0.0
2010,3,AK Coast,1904,-0.5152,-0.3169,3.3094,-29.6457,29.0119,58.6575,67.49,32.51,0.0,12.76,0.0,100.0,771,40.49,-3.0323,3.0323,100.0,0.0,0.0,0.0
2010,3,Pacific Coast,283,0.2135,-0.3948,0.6884,-31.9312,31.1417,63.0729,83.39,16.61,0.0,0.0,0.0,100.0,0,0.0,nan,nan,nan,nan,nan,nan
2010,3,Gulf Coast,57,0.382,-23.8403,23.8403,-55.9153,8.2348,64.1501,100.0,0.0,100.0,0.0,0.0,100.0,0,0.0,nan,nan,nan,nan,nan,nan
2010,3,Atlantic Coast,835,0.9424,-1.9504,2.0401,-31.2751,27.3743,58.6494,92.22,7.78,0.0,0.0,0.0,100.0,0,0.0,nan,nan,nan,nan,nan,nan
2010,4,AK Coast,1904,0.2874,2.32,4.4786,-26.5258,31.1658,57.6916,44.28,55.72,0.0,31.93,0.0,100.0,144,7.56,-3.5599,3.5599,100.0,0.0,0.0,0.0
2010,4,Pacific Coast,283,0.2583,-0.4733,0.6426,-32.0081,31.0614,63.0695,84.81,15.19,0.0,0.0,0.0,100.0,0,0.0,nan,nan,nan,nan,nan,nan
2010,4,Gulf Coast,57,0.1872,-21.2267,21.2267,-53.3242,10.8707,64.1949,100.0,0.0,100.0,0.0,0.0,100.0,0,0.0,nan,nan,nan,nan,nan,nan
2010,4,Atlantic Coast,835,0.4501,-0.8737,1.8148,-30.1982,28.4507,58.6489,60.48,39.52,0.0,0.0,0.0,100.0,62,7.43,2.5514,2.5514,0.0,100.0,0.0,0.0
2010,5,AK Coast,1904,0.274,2.1268,3.9734,-26.7129,30.9664,57.6793,39.71,60.29,0.0,27.05,0.0,100.0,128,6.72,-3.1886,3.1886,100.0,0.0,0.0,0.0
2010,5,Pacific Coast,283,0.7337,-1.0161,1.0198,-32.5797,30.5476,63.1273,98.59,1.41,0.0,0.0,0.0,100.0,0,0.0,nan,nan,nan,nan,nan,nan
2010,5,Gulf Coast,57,-0.0089,-11.6603,14.6112,-43.8262,20.5056,64.3318,84.21,15.79,73.68,10.53,0.0,100.0,0,0.0,nan,nan,nan,nan,nan,nan
2010,5,Atlantic Coast,835,-0.1274,0.2064,1.435,-29.0639,29.4768,58.5408,43.11,56.89,0.0,0.0,0.0,100.0,131,15.69,2.656,2.656,0.0,100.0,0.0,0.0
2010,6,AK Coast,1904,0.1144,1.1512,3.1863,-27.6803,29.9826,57.6629,41.18,58.82,0.0,17.44,0.0,100.0,159,8.35,-3.1503,3.1503,100.0,0.0,0.0,0.0
2010,6,Pacific Coast,283,1.3085,-1.2352,1.2603,-32.9019,30.4315,63.3334,99.65,0.35,0.0,0.0,0.0,100.0,1,0.35,3.5518,3.5518,0.0,100.0,0.0,0.0
2010,6,Gulf Coast,57,0.597,-22.7725,22.7725,-54.8237,9.2788,64.1025,100.0,0.0,100.0,0.0,0.0,100.0,0,0.0,nan,nan,nan,nan,nan,nan
2010,6,Atlantic Coast,835,-0.9513,1.7293,1.8436,-27.6073,31.0658,58.6731,8.74,91.26,0.0,0.0,0.0,100.0,379,45.39,2.724,2.724,0.0,100.0,0.0,0.0
2010,7,AK Coast,1904,0.2061,1.3688,3.3631,-27.3778,30.1154,57.4932,39.39,60.61,0.0,16.65,0.0,100.0,54,2.84,-3.5926,3.5926,100.0,0.0,0.0,0.0
2010,7,Pacific Coast,283,1.0056,-1.1081,1.1087,-32.7195,30.5033,63.2228,99.65,0.35,0.0,0.0,0.0,100.0,0,0.0,nan,nan,nan,nan,nan,nan
2010,7,Gulf Coast,57,0.1024,-16.8449,17.5958,-48.9666,15.2769,64.2435,92.98,7.02,89.47,1.75,0.0,100.0,0,0.0,nan,nan,nan,nan,nan,nan
2010,7,Atlantic Coast,835,-0.6791,1.2505,1.7215,-28.062,30.5629,58.6249,24.67,75.33,0.0,0.0,0.0,100.0,337,40.36,2.731,2.731,0.0,100.0,0.0,0.0
2010,8,AK Coast,1904,0.1671,1.3554,3.9151,-27.437,30.1478,57.5848,52.31,47.69,0.0,22.27,0.0,100.0,50,2.63,-3.427,3.427,100.0,0.0,0.0,0.0
2010,8,Pacific Coast,283,0.541,-0.7107,0.9293,-32.2751,30.8537,63.1288,86.57,13.43,0.0,0.0,0.0,100.0,1,0.35,1.7961,1.7961,0.0,100.0,0.0,0.0
2010,8,Gulf Coast,57,0.3621,-7.8314,16.6242,-40.3366,24.6738,65.0104,71.93,28.07,66.67,24.56,1.75,100.0,0,0.0,nan,nan,nan,nan,nan,nan
2010,8,Atlantic Coast,835,-0.3779,0.7051,1.5604,-28.5783,29.9886,58.5669,33.65,66.35,0.0,0.0,0.0,100.0,220,26.35,2.6817,2.6817,0.0,100.0,0.0,0.0
2010,9,AK Coast,1904,-0.4685,-1.1594,3.2219,-30.1957,27.8768,58.0724,74.11,25.89,0.0,7.83,0.0,100.0,596,31.3,-3.4689,3.4689,100.0,0.0,0.0,0.0
2010,9,Pacific Coast,283,0.6487,-0.9085,0.9281,-32.4686,30.6516,63.1202,97.88,2.12,0.0,0.0,0.0,100.0,0,0.0,nan,nan,nan,nan,nan,nan
2010,9,Gulf Coast,57,-0.1073,1.1549,23.2188,-31.2536,33.5634,64.817,61.4,38.6,56.14,36.84,19.3,100.0,5,8.77,51.5293,51.5293,0.0,100.0,0.0,100.0
2010,9,Atlantic Coast,835,-0.3138,0.577,1.335,-28.6757,29.8297,58.5054,30.78,69.22,0.0,0.0,0.0,100.0,124,14.85,2.5411,2.5411,0.0,100.0,0.0,0.0
2010,10,AK Coast,1904,-0.8226,-2.4338,3.0056,-31.6454,26.7779,58.4233,87.66,12.34,0.0,1.47,0.0,100.0,821,43.12,-3.3542,3.3542,100.0,0.0,0.0,0.0
2010,10,Pacific Coast,283,0.8886,-1.0341,1.0341,-32.6289,30.5607,63.1896,100.0,0.0,0.0,0.0,0.0,100.0,0,0.0,nan,nan,nan,nan,nan,nan
2010,10,Gulf Coast,57,1.3288,3.4458,12.2178,-31.5593,38.4509,70.0102,36.84,63.16,22.81,56.14,0.0,100.0,0,0.0,nan,nan,nan,nan,nan,nan
2010,10,Atlantic Coast,835,-0.482,0.9149,1.5454,-28.3644,30.1943,58.5586,29.22,70.78,0.0,0.0,0.0,100.0,239,28.62,2.6613,2.6613,0.0,100.0,0.0,0.0
2010,11,AK Coast,1904,-0.535,-1.5636,2.5173,-30.6588,27.5317,58.1906,80.41,19.59,0.0,2.94,0.0,100.0,462,24.26,-2.9972,2.9972,100.0,0.0,0.0,0.0
2010,11,Pacific Coast,283,0.5412,-0.7886,0.8035,-32.3418,30.7646,63.1064,96.11,3.89,0.0,0.0,0.0,100.0,0,0.0,nan,nan,nan,nan,nan,nan
2010,11,Gulf Coast,57,1.2295,-0.5789,6.5776,-34.0981,32.9403,67.0384,45.61,54.39,29.82,22.81,0.0,100.0,0,0.0,nan,nan,nan,nan,nan,nan
2010,11,Atlantic Coast,835,-0.8407,1.4396,1.9659,-27.9146,30.7938,58.7084,17.72,82.28,0.0,0.0,0.0,100.0,389,46.59,2.7515,2.7515,0.0,100.0,0.0,0.0
2010,12,AK Coast,1904,-0.2292,-0.0038,3.5051,-29.0623,29.0546,58.1168,71.85,28.15,0.0,13.03,0.0,100.0,321,16.86,-2.8545,2.8545,100.0,0.0,0.0,0.0
2010,12,Pacific Coast,283,0.4255,-0.6263,0.9213,-32.2051,30.9525,63.1576,83.39,16.61,0.0,0.0,0.0,100.0,5,1.77,3.5518,3.5518,0.0,100.0,0.0,0.0
2010,12,Gulf Coast,57,2.3595,22.9001,22.9001,-23.7105,69.5107,93.2212,0.0,100.0,0.0,100.0,0.0,100.0,0,0.0,nan,nan,nan,nan,nan,nan
2010,12,Atlantic Coast,835,-1.0647,1.769,2.275,-27.64,31.178,58.818,14.01,85.99,0.0,0.0,0.0,100.0,508,60.84,2.7841,2.7841,0.0,100.0,0.0,0.0
2011,1,AK Coast,1904,-0.1715,0.2727,4.5179,-28.6919,29.2373,57.9292,67.96,32.04,0.0,24.26,0.0,100.0,292,15.34,-3.5011,3.5011,100.0,0.0,0.0,0.0
2011,1,Pacific Coast,283,0.0705,-0.194,0.377,-31.7269,31.3389,63.0658,60.42,39.58,0.0,0.0,0.0,100.0,0,0.0,nan,nan,nan,nan,nan,nan
2011,1,Gulf Coast,57,1.1634,-3.3403,9.1301,-36.6284,29.9478,66.5761,63.16,36.84,47.37,26.32,0.0,100.0,0,0.0,nan,nan,nan,nan,nan,nan
2011,1,Atlantic Coast,835,-0.5209,1.0799,1.4509,-28.1881,30.3478,58.5358,17.01,82.99,0.0,0.0,0.0,100.0,219,26.23,2.5545,2.5545,0.0,100.0,0.0,0.0
2011,2,AK Coast,1904,-0.1848,0.6407,4.5069,-28.4428,29.7243,58.167,59.98,40.02,0.0,25.32,0.0,100.0,578,30.36,-3.4101,3.4101,100.0,0.0,0.0,0.0
2011,2,Pacific Coast,283,0.1503,-0.2803,0.6408,-31.8184,31.2577,63.0761,65.37,34.63,0.0,0.0,0.0,100.0,0,0.0,nan,nan,nan,nan,nan,nan
2011,2,Gulf Coast,57,0.8266,-16.0948,16.0948,-48.426,16.2363,64.6624,100.0,0.0,85.96,0.0,0.0,100.0,0,0.0,nan,nan,nan,nan,nan,nan
2011,2,Atlantic Coast,835,-0.5837,1.1383,1.6649,-28.1441,30.4206,58.5647,21.32,78.68,0.0,0.0,0.0,100.0,253,30.3,2.5701,2.5701,0.0,100.0,0.0,0.0
2011,3,AK Coast,1904,-0.188,-0.354,3.3728,-29.2264,28.5183,57.7447,64.23,35.77,0.0,16.12,0.0,100.0,282,14.81,-3.5644,3.5644,100.0,0.0,0.0,0.0
2011,3,Pacific Coast,283,0.4804,-0.7453,0.747,-32.291,30.8003,63.0913,98.94,1.06,0.0,0.0,0.0,100.0,0,0.0,nan,nan,nan,nan,nan,nan
2011,3,Gulf Coast,57,0.0084,-14.2057,14.2419,-46.324,17.9126,64.2366,98.25,1.75,96.49,0.0,0.0,100.0,0,0.0,nan,nan,nan,nan,nan,nan
2011,3,Atlantic Coast,835,-0.2265,0.468,1.1516,-28.7683,29.7043,58.4726,34.61,65.39,0.0,0.0,0.0,100.0,90,10.78,2.5762,2.5762,0.0,100.0,0.0,0.0
2011,4,AK Coast,1904,-0.1816,-0.1634,3.7129,-29.0407,28.714,57.7547,59.19,40.81,0.0,13.13,0.0,100.0,294,15.44,-3.6676,3.6676,100.0,0.0,0.0,0.0
2011,4,Pacific Coast,283,0.9461,-1.1571,1.1571,-32.7487,30.4345,63.1832,100.0,0.0,0.0,0.0,0.0,100.0,0,0.0,nan,nan,nan,nan,nan,nan
2011,4,Gulf Coast,57,0.3528,-24.8606,24.8606,-56.9453,7.2241,64.1694,100.0,0.0,100.0,0.0,0.0,100.0,0,0.0,nan,nan,nan,nan,nan,nan
2011,4,Atlantic Coast,835,-0.5474,0.901,1.817,-28.4216,30.2236,58.6453,29.82,70.18,0.0,0.0,0.0,100.0,280,33.53,2.6999,2.6999,0.0,100.0,0.0,0.0
2011,5,AK Coast,1904,-0.742,-2.1791,2.8803,-31.3413,26.9831,58.3244,82.83,17.17,0.0,0.89,0.0,100.0,880,46.22,-3.4582,3.4582,100.0,0.0,0.0,0.0
2011,5,Pacific Coast,283,1.3013,-1.2572,1.2572,-32.9135,30.3991,63.3126,100.0,0.0,0.0,0.0,0.0,100.0,0,0.0,nan,nan,nan,nan,nan,nan
2011,5,Gulf Coast,57,0.5437,-23.7797,23.7797,-55.8227,8.2632,64.0858,100.0,0.0,100.0,0.0,0.0,100.0,0,0.0,nan,nan,nan,nan,nan,nan
2011,5,Atlantic Coast,835,-0.6916,1.1849,2.2483,-28.1872,30.557,58.7441,25.63,74.37,0.0,0.0,0.0,100.0,438,52.46,2.7312,2.7312,0.0,100.0,0.0,0.0
2011,6,AK Coast,1904,-0.1295,0.7361,4.4469,-28.3175,29.7896,58.1071,60.35,39.65,0.0,23.53,0.0,100.0,470,24.68,-3.3744,3.3744,100.0,0.0,0.0,0.0
2011,6,Pacific Coast,283,0.895,-1.097,1.097,-32.683,30.489,63.172,100.0,0.0,0.0,0.0,0.0,100.0,0,0.0,nan,nan,nan,nan,nan,nan
2011,6,Gulf Coast,57,0.3183,-22.2018,22.2018,-54.2752,9.8715,64.1467,100.0,0.0,100.0,0.0,0.0,100.0,0,0.0,nan,nan,nan,nan,nan,nan
2011,6,Atlantic Coast,835,-1.1435,1.7196,2.4146,-27.7387,31.1779,58.9166,24.43,75.57,0.0,0.0,0.0,100.0,574,68.74,2.8893,2.8893,0.0,100.0,0.0,0.0
2011,7,AK Coast,1904,0.1992,2.3938,4.9847,-26.594,31.3816,57.9756,47.79,52.21,0.0,33.51,0.0,100.0,297,15.6,-3.3071,3.3071,100.0,0.0,0.0,0.0
2011,7,Pacific Coast,283,1.1836,-1.1575,1.1575,-32.7998,30.4848,63.2845,100.0,0.0,0.0,0.0,0.0,100.0,0,0.0,nan,nan,nan,nan,nan,nan
2011,7,Gulf Coast,57,0.7499,-16.4224,17.3143,-48.8437,15.9988,64.8425,94.74,5.26,89.47,3.51,0.0,100.0,0,0.0,nan,nan,nan,nan,nan,nan
2011,7,Atlantic Coast,835,-1.0118,1.9076,1.9541,-27.429,31.2441,58.6731,7.07,92.93,0.0,0.0,0.0,100.0,454,54.37,2.6918,2.6918,0.0,100.0,0.0,0.0
2011,8,AK Coast,1904,0.5147,3.9749,5.3416,-24.9282,32.8779,57.8061,26.94,73.06,0.0,43.7,0.0,100.0,197,10.35,-3.3646,3.3646,100.0,0.0,0.0,0.0
2011,8,Pacific Coast,283,0.788,-0.5806,0.7859,-32.1971,31.0358,63.2329,81.27,18.73,0.0,0.0,0.0,100.0,0,0.0,nan,nan,nan,nan,nan,nan
2011,8,Gulf Coast,57,0.8361,-15.438,16.7441,-48.0375,17.1614,65.1989,92.98,7.02,84.21,5.26,0.0,100.0,0,0.0,nan,nan,nan,nan,nan,nan
2011,8,Atlantic Coast,835,-0.5975,1.0469,1.8721,-28.2778,30.3716,58.6495,29.7,70.3,0.0,0.0,0.0,100.0,323,38.68,2.753,2.753,0.0,100.0,0.0,0.0
2011,9,AK Coast,1904,0.553,3.8321,5.3543,-25.0399,32.7041,57.744,26.68,73.32,0.0,40.97,0.0,100.0,136,7.14,-3.568,3.568,100.0,0.0,0.0,0.0
2011,9,Pacific Coast,283,0.0655,-0.1422,0.6448,-31.6817,31.3974,63.0791,64.31,35.69,0.0,0.0,0.0,100.0,0,0.0,nan,nan,nan,nan,nan,nan
2011,9,Gulf Coast,57,0.5819,-20.344,20.5821,-52.5327,11.8447,64.3774,96.49,3.51,96.49,0.0,0.0,100.0,0,0.0,nan,nan,nan,nan,nan,nan
2011,9,Atlantic Coast,835,-0.181,0.0367,1.9308,-29.3015,29.3748,58.6762,54.85,45.15,0.0,0.0,0.0,100.0,245,29.34,2.8013,2.8013,0.0,100.0,0.0,0.0
2011,10,AK Coast,1904,0.2131,2.0079,5.0848,-26.9322,30.948,57.8802,54.57,45.43,0.0,31.2,0.0,100.0,208,10.92,-3.5154,3.5154,100.0,0.0,0.0,0.0
2011,10,Pacific Coast,283,-0.1151,0.2022,0.9173,-31.3471,31.7516,63.0987,42.76,57.24,0.0,0.0,0.0,100.0,8,2.83,1.9894,1.9894,0.0,100.0,0.0,0.0
2011,10,Gulf Coast,57,0.3381,-18.2178,18.5811,-50.3284,13.8928,64.2212,94.74,5.26,91.23,1.75,0.0,100.0,0,0.0,nan,nan,nan,nan,nan,nan
2011,10,Atlantic Coast,835,-0.1309,-0.0792,2.4575,-29.5049,29.3464,58.8514,51.98,48.02,0.0,0.0,0.0,100.0,309,37.01,2.8411,2.8411,0.0,100.0,0.0,0.0
2011,11,AK Coast,1904,0.0889,0.8937,3.7172,-27.9135,29.7009,57.6143,52.36,47.64,0.0,19.38,0.0,100.0,128,6.72,-3.7241,3.7241,100.0,0.0,0.0,0.0
2011,11,Pacific Coast,283,-0.0128,-0.0164,0.5799,-31.5561,31.5233,63.0795,45.58,54.42,0.0,0.0,0.0,100.0,1,0.35,1.8657,1.8657,0.0,100.0,0.0,0.0
2011,11,Gulf Coast,57,1.1683,-2.9444,8.9842,-36.5244,30.6355,67.1599,57.89,42.11,40.35,26.32,0.0,100.0,0,0.0,nan,nan,nan,nan,nan,nan
2011,11,Atlantic Coast,835,-0.1901,0.1997,1.7174,-29.0986,29.498,58.5966,45.15,54.85,0.0,0.0,0.0,100.0,170,20.36,2.7505,2.7505,0.0,100.0,0.0,0.0
2011,12,AK Coast,1904,0.5412,3.1795,3.6498,-25.5291,31.8881,57.4172,14.18,85.82,0.0,27.57,0.0,100.0,21,1.1,-3.357,3.357,100.0,0.0,0.0,0.0
2011,12,Pacific Coast,283,-1.005,1.5622,1.5739,-30.0252,33.1495,63.1747,4.24,95.76,0.0,0.0,0.0,100.0,111,39.22,2.1062,2.1062,0.0,100.0,0.0,0.0
2011,12,Gulf Coast,57,0.1563,-16.4934,18.1884,-48.6219,15.6352,64.2571,91.23,8.77,85.96,3.51,0.0,100.0,0,0.0,nan,nan,nan,nan,nan,nan
2011,12,Atlantic Coast,835,-0.5132,0.947,1.8513,-28.3536,30.2475,58.6011,34.01,65.99,0.0,0.0,0.0,100.0,315,37.72,2.6672,2.6672,0.0,100.0,0.0,0.0
2012,1,AK Coast,1904,0.4659,3.2133,4.4418,-25.5921,32.0187,57.6108,30.36,69.64,0.0,36.34,0.0,100.0,85,4.46,-3.2249,3.2249,100.0,0.0,0.0,0.0
2012,1,Pacific Coast,283,-0.7997,1.3664,1.3668,-30.2068,32.9396,63.1464,0.35,99.65,0.0,0.0,0.0,100.0,90,31.8,2.0757,2.0757,0.0,100.0,0.0,0.0
2012,1,Gulf Coast,57,-0.6038,26.1854,28.2544,-6.5413,58.9121,65.4534,7.02,92.98,7.02,84.21,33.33,100.0,6,10.53,51.2465,51.2465,0.0,100.0,0.0,100.0
2012,1,Atlantic Coast,835,-1.1343,1.9663,2.0248,-27.4158,31.3483,58.7641,8.26,91.74,0.0,0.0,0.0,100.0,491,58.8,2.7653,2.7653,0.0,100.0,0.0,0.0
2012,2,AK Coast,1904,0.7705,4.7751,5.2896,-24.0377,33.5879,57.6256,20.33,79.67,0.0,41.96,0.0,100.0,1,0.05,-3.763,3.763,100.0,0.0,0.0,0.0
2012,2,Pacific Coast,283,-0.9816,1.6925,1.7209,-29.9196,33.3045,63.2241,4.24,95.76,0.0,0.0,0.0,100.0,115,40.64,2.7379,2.7379,0.0,100.0,0.0,0.0
2012,2,Gulf Coast,57,-1.53,38.4936,39.2751,3.9194,73.0678,69.1484,3.51,96.49,3.51,96.49,56.14,100.0,57,100.0,38.4936,39.2751,3.51,96.49,3.51,96.49
2012,2,Atlantic Coast,835,-0.9922,1.7414,2.0865,-27.6147,31.0975,58.7122,15.57,84.43,0.0,0.0,0.0,100.0,471,56.41,2.7079,2.7079,0.0,100.0,0.0,0.0
2012,3,AK Coast,1904,-0.162,-0.153,2.9172,-29.0401,28.7341,57.7743,57.62,42.38,0.0,8.77,0.0,100.0,350,18.38,-3.4443,3.4443,100.0,0.0,0.0,0.0
2012,3,Pacific Coast,283,0.5379,-0.5251,1.1285,-32.1171,31.0668,63.1839,71.02,28.98,0.0,0.0,0.0,100.0,10,3.53,1.9576,1.9576,0.0,100.0,0.0,0.0
2012,3,Gulf Coast,57,-1.0995,52.4829,52.4829,18.9326,86.0332,67.1006,0.0,100.0,0.0,100.0,100.0,100.0,45,78.95,53.3375,53.3375,0.0,100.0,0.0,100.0
2012,3,Atlantic Coast,835,-0.8659,1.495,2.0183,-27.8664,30.8564,58.7228,19.16,80.84,0.0,0.0,0.0,100.0,412,49.34,2.7947,2.7947,0.0,100.0,0.0,0.0
2012,4,AK Coast,1904,-0.3265,-1.1967,2.5823,-30.0615,27.6681,57.7296,75.05,24.95,0.0,4.41,0.0,100.0,323,16.96,-3.5727,3.5727,100.0,0.0,0.0,0.0
2012,4,Pacific Coast,283,0.6644,-0.7084,0.9989,-32.3011,30.8842,63.1852,72.08,27.92,0.0,0.0,0.0,100.0,0,0.0,nan,nan,nan,nan,nan,nan
2012,4,Gulf Coast,57,-0.3388,8.5732,9.7003,-23.8059,40.9524,64.7584,10.53,89.47,7.02,77.19,0.0,100.0,0,0.0,nan,nan,nan,nan,nan,nan
2012,4,Atlantic Coast,835,-0.5817,0.9333,1.7262,-28.3988,30.2653,58.6642,30.66,69.34,0.0,0.0,0.0,100.0,268,32.1,2.8357,2.8357,0.0,100.0,0.0,0.0
2012,5,AK Coast,1904,-0.3858,-1.3205,2.7922,-30.2342,27.5933,57.8275,73.63,26.37,0.0,3.36,0.0,100.0,371,19.49,-3.4757,3.4757,100.0,0.0,0.0,0.0
2012,5,Pacific Coast,283,0.9335,-1.0572,1.058,-32.6601,30.5456,63.2058,99.29,0.71,0.0,0.0,0.0,100.0,0,0.0,nan,nan,nan,nan,nan,nan
2012,5,Gulf Coast,57,0.112,-17.8594,17.9551,-49.9698,14.2509,64.2206,96.49,3.51,92.98,0.0,0.0,100.0,0,0.0,nan,nan,nan,nan,nan,nan
2012,5,Atlantic Coast,835,-0.1666,0.257,1.444,-29.0091,29.523,58.5321,44.43,55.57,0.0,0.0,0.0,100.0,161,19.28,2.7116,2.7116,0.0,100.0,0.0,0.0
2012,6,AK Coast,1904,-0.3885,-0.5179,3.6663,-29.619,28.5833,58.2023,69.54,30.46,0.0,16.12,0.0,100.0,579,30.41,-3.2984,3.2984,100.0,0.0,0.0,0.0
2012,6,Pacific Coast,283,0.4413,-0.6566,0.8227,-32.212,30.8988,63.1108,80.21,19.79,0.0,0.0,0.0,100.0,1,0.35,3.5518,3.5518,0.0,100.0,0.0,0.0
2012,6,Gulf Coast,57,0.0461,-10.1019,17.5129,-42.3024,22.0986,64.401,78.95,21.05,66.67,17.54,3.51,100.0,0,0.0,nan,nan,nan,nan,nan,nan
2012,6,Atlantic Coast,835,0.236,-0.4751,1.3992,-29.7427,28.7926,58.5353,57.96,42.04,0.0,0.0,0.0,100.0,54,6.47,2.5126,2.5126,0.0,100.0,0.0,0.0
2012,7,AK Coast,1904,0.4334,3.3758,5.2934,-25.5135,32.2651,57.7787,35.4,64.6,0.0,40.55,0.0,100.0,215,11.29,-3.6256,3.6256,100.0,0.0,0.0,0.0
2012,7,Pacific Coast,283,0.3622,-0.3753,1.0763,-31.9486,31.198,63.1466,66.08,33.92,0.0,0.0,0.0,100.0,5,1.77,1.8809,1.8809,0.0,100.0,0.0,0.0
2012,7,Gulf Coast,57,-0.7005,24.326,30.0822,-8.5612,57.2131,65.7743,26.32,73.68,21.05,71.93,43.86,100.0,16,28.07,46.9958,46.9958,0.0,100.0,0.0,100.0
2012,7,Atlantic Coast,835,0.326,-0.6847,1.2885,-29.939,28.5696,58.5086,67.43,32.57,0.0,0.0,0.0,100.0,17,2.04,2.3818,2.3818,0.0,100.0,0.0,0.0
2012,8,AK Coast,1904,0.2617,2.3626,4.5405,-26.5175,31.2428,57.7603,42.54,57.46,0.0,31.46,0.0,100.0,240,12.61,-3.5567,3.5567,100.0,0.0,0.0,0.0
2012,8,Pacific Coast,283,0.5106,-0.6397,0.8077,-32.2072,30.9278,63.135,79.86,20.14,0.0,0.0,0.0,100.0,0,0.0,nan,nan,nan,nan,nan,nan
2012,8,Gulf Coast,57,-0.0354,2.9519,14.8624,-29.495,35.3988,64.8938,42.11,57.89,29.82,45.61,1.75,100.0,0,0.0,nan,nan,nan,nan,nan,nan
2012,8,Atlantic Coast,835,0.3372,-0.6928,1.5936,-29.9746,28.589,58.5637,60.24,39.76,0.0,0.0,0.0,100.0,32,3.83,2.5459,2.5459,0.0,100.0,0.0,0.0
2012,9,AK Coast,1904,1.0235,6.8898,7.8584,-22.1103,35.8898,58.0001,23.69,76.31,0.0,59.66,0.0,100.0,5,0.26,-2.0907,2.0907,100.0,0.0,0.0,0.0
2012,9,Pacific Coast,283,-1.0322,1.7916,1.9732,-29.8527,33.4359,63.2885,14.49,85.51,0.0,0.0,0.0,100.0,162,57.24,2.7857,2.7857,0.0,100.0,0.0,0.0
2012,9,Gulf Coast,57,-0.0013,4.882,15.3986,-27.6921,37.4561,65.1482,42.11,57.89,33.33,49.12,5.26,100.0,1,1.75,52.1343,52.1343,0.0,100.0,0.0,100.0
2012,9,Atlantic Coast,835,0.1163,-0.3147,1.2977,-29.5754,28.9459,58.5213,51.14,48.86,0.0,0.0,0.0,100.0,42,5.03,2.5076,2.5076,0.0,100.0,0.0,0.0
2012,10,AK Coast,1904,0.4423,3.7998,5.8042,-25.1774,32.7769,57.9543,34.56,65.44,0.0,44.8,0.0,100.0,258,13.55,-3.3906,3.3906,100.0,0.0,0.0,0.0
2012,10,Pacific Coast,283,-0.1502,0.1813,0.6364,-31.358,31.7205,63.0785,45.58,54.42,0.0,0.0,0.0,100.0,13,4.59,2.1182,2.1182,0.0,100.0,0.0,0.0
2012,10,Gulf Coast,57,-0.3396,14.0322,24.1353,-18.4614,46.5257,64.9871,28.07,71.93,26.32,64.91,19.3,100.0,0,0.0,nan,nan,nan,nan,nan,nan
2012,10,Atlantic Coast,835,0.2402,-0.5271,1.3669,-29.7808,28.7266,58.5074,62.87,37.13,0.0,0.0,0.0,100.0,47,5.63,2.462,2.462,0.0,100.0,0.0,0.0
2012,11,AK Coast,1904,-0.0056,1.0216,3.595,-27.9438,29.9869,57.9307,47.74,52.26,0.0,16.33,0.0,100.0,313,16.44,-3.1652,3.1652,100.0,0.0,0.0,0.0
2012,11,Pacific Coast,283,0.7468,-0.8917,0.9152,-32.4761,30.6928,63.1689,94.35,5.65,0.0,0.0,0.0,100.0,0,0.0,nan,nan,nan,nan,nan,nan
2012,11,Gulf Coast,57,-0.4066,14.0858,18.102,-18.3823,46.554,64.9363,22.81,77.19,14.04,63.16,7.02,100.0,0,0.0,nan,nan,nan,nan,nan,nan
2012,11,Atlantic Coast,835,-0.6482,1.2676,1.6648,-28.0148,30.5499,58.5647,23.95,76.05,0.0,0.0,0.0,100.0,326,39.04,2.5598,2.5598,0.0,100.0,0.0,0.0
2012,12,AK Coast,1904,-1.008,-2.2563,3.3767,-31.764,27.2515,59.0155,90.91,9.09,0.0,5.15,0.0,100.0,1151,60.45,-3.1991,3.1991,100.0,0.0,0.0,0.0
2012,12,Pacific Coast,283,1.1118,-1.1689,1.2693,-32.8171,30.4794,63.2965,98.59,1.41,0.0,0.0,0.0,100.0,4,1.41,3.5518,3.5518,0.0,100.0,0.0,0.0
2012,12,Gulf Coast,57,-0.0197,-12.2426,13.8403,-44.3872,19.9021,64.2893,91.23,8.77,84.21,5.26,0.0,100.0,0,0.0,nan,nan,nan,nan,nan,nan
2012,12,Atlantic Coast,835,-0.4732,0.8491,1.4809,-28.4406,30.1388,58.5793,26.35,73.65,0.0,0.0,0.0,100.0,222,26.59,2.7895,2.7895,0.0,100.0,0.0,0.0
2013,1,AK Coast,1904,-0.5559,-2.2493,2.7115,-31.1681,26.6696,57.8377,87.34,12.66,0.0,0.74,0.0,100.0,410,21.53,-3.5806,3.5806,100.0,0.0,0.0,0.0
2013,1,Pacific Coast,283,0.3218,-0.5746,0.6355,-32.1091,30.9599,63.0689,90.11,9.89,0.0,0.0,0.0,100.0,0,0.0,nan,nan,nan,nan,nan,nan
2013,1,Gulf Coast,57,-0.3378,8.6483,11.8498,-23.734,41.0306,64.7645,26.32,73.68,12.28,61.4,3.51,100.0,0,0.0,nan,nan,nan,nan,nan,nan
2013,1,Atlantic Coast,835,-0.7801,1.5755,1.7003,-27.7121,30.8631,58.5752,10.18,89.82,0.0,0.0,0.0,100.0,319,38.2,2.6343,2.6343,0.0,100.0,0.0,0.0
2013,2,AK Coast,1904,0.2039,1.2882,3.2037,-27.4552,30.0317,57.4868,39.18,60.82,0.0,15.55,0.0,100.0,75,3.94,-3.6723,3.6723,100.0,0.0,0.0,0.0
2013,2,Pacific Coast,283,-0.4393,0.6768,0.8146,-30.8688,32.2224,63.0912,19.08,80.92,0.0,0.0,0.0,100.0,10,3.53,1.8688,1.8688,0.0,100.0,0.0,0.0
2013,2,Gulf Coast,57,-0.7629,37.7363,37.7885,4.7825,70.6901,65.9076,1.75,98.25,0.0,98.25,63.16,100.0,11,19.3,52.7046,52.7046,0.0,100.0,0.0,100.0
2013,2,Atlantic Coast,835,0.2113,-0.5432,1.5053,-29.8002,28.7138,58.5141,61.68,38.32,0.0,0.0,0.0,100.0,41,4.91,2.4339,2.4339,0.0,100.0,0.0,0.0
2013,3,AK Coast,1904,0.6317,3.7765,4.1537,-24.9521,32.5052,57.4573,16.65,83.35,0.0,34.82,0.0,100.0,2,0.11,-2.0907,2.0907,100.0,0.0,0.0,0.0
2013,3,Pacific Coast,283,-1.5907,2.6759,2.6809,-29.0596,34.4115,63.4711,2.12,97.88,0.0,0.0,0.0,100.0,232,81.98,3.0998,3.0998,0.0,100.0,0.0,0.0
2013,3,Gulf Coast,57,-1.3196,49.2996,49.2996,15.557,83.0422,67.4852,0.0,100.0,0.0,100.0,98.25,100.0,53,92.98,49.3841,49.3841,0.0,100.0,0.0,100.0
2013,3,Atlantic Coast,835,-0.262,0.5142,1.4382,-28.7452,29.7736,58.5188,35.33,64.67,0.0,0.0,0.0,100.0,166,19.88,2.5755,2.5755,0.0,100.0,0.0,0.0
2013,4,AK Coast,1904,-0.0152,0.1894,3.0715,-28.5811,28.9598,57.5409,56.93,43.07,0.0,12.55,0.0,100.0,80,4.2,-3.5625,3.5625,100.0,0.0,0.0,0.0
2013,4,Pacific Coast,283,-1.196,2.0175,2.2305,-29.6704,33.7054,63.3758,18.37,81.63,0.0,0.0,0.0,100.0,180,63.6,3.1093,3.1093,0.0,100.0,0.0,0.0
2013,4,Gulf Coast,57,-1.4831,42.7187,42.7187,8.6849,76.7524,68.0675,0.0,100.0,0.0,100.0,73.68,100.0,57,100.0,42.7187,42.7187,0.0,100.0,0.0,100.0
2013,4,Atlantic Coast,835,0.1949,-0.4646,1.5126,-29.7221,28.7929,58.5149,57.13,42.87,0.0,0.0,0.0,100.0,40,4.79,2.3568,2.3568,0.0,100.0,0.0,0.0
2013,5,AK Coast,1904,-0.0082,1.5123,4.7644,-27.5348,30.5594,58.0942,55.04,44.96,0.0,30.41,0.0,100.0,437,22.95,-3.3497,3.3497,100.0,0.0,0.0,0.0
2013,5,Pacific Coast,283,-0.5931,1.0694,1.517,-30.5223,32.6611,63.1834,34.98,65.02,0.0,0.0,0.0,100.0,143,50.53,2.2926,2.2926,0.0,100.0,0.0,0.0
2013,5,Gulf Coast,57,-1.2403,50.3678,50.3678,16.6851,84.0506,67.3655,0.0,100.0,0.0,100.0,94.74,100.0,51,89.47,50.8491,50.8491,0.0,100.0,0.0,100.0
2013,5,Atlantic Coast,835,-0.0913,0.1398,1.311,-29.1092,29.3889,58.4981,49.82,50.18,0.0,0.0,0.0,100.0,110,13.17,2.5799,2.5799,0.0,100.0,0.0,0.0
2013,6,AK Coast,1904,-0.2579,1.9255,4.6042,-27.597,31.448,59.045,52.68,47.32,0.0,31.62,0.0,100.0,682,35.82,-2.5619,2.5619,100.0,0.0,0.0,0.0
2013,6,Pacific Coast,283,-0.3068,0.5554,1.3385,-31.0285,32.1394,63.1679,47.35,52.65,0.0,0.0,0.0,100.0,76,26.86,2.5274,2.5274,0.0,100.0,0.0,0.0
2013,6,Gulf Coast,57,-1.2936,42.358,42.372,8.1079,76.6082,68.5003,1.75,98.25,0.0,96.49,75.44,100.0,47,82.46,41.8556,41.8725,2.13,97.87,0.0,95.74
2013,6,Atlantic Coast,835,0.7093,-1.5439,1.7573,-30.8253,27.7375,58.5627,88.14,11.86,0.0,0.0,0.0,100.0,0,0.0,nan,nan,nan,nan,nan,nan
2013,7,AK Coast,1904,0.0096,2.1203,4.9572,-27.0389,31.2794,58.3182,49.84,50.16,0.0,34.4,0.0,100.0,508,26.68,-3.1194,3.1194,100.0,0.0,0.0,0.0
2013,7,Pacific Coast,283,-0.1942,0.2896,0.8352,-31.2589,31.8381,63.0969,45.94,54.06,0.0,0.0,0.0,100.0,25,8.83,2.301,2.301,0.0,100.0,0.0,0.0
2013,7,Gulf Coast,57,-0.4966,16.1786,23.7791,-16.4513,48.8086,65.2599,31.58,68.42,28.07,64.91,26.32,100.0,9,15.79,48.6438,48.6438,0.0,100.0,0.0,100.0
2013,7,Atlantic Coast,835,0.7877,-1.6736,2.1884,-31.0018,27.6547,58.6564,82.4,17.6,0.0,0.0,0.0,100.0,38,4.55,2.4237,2.4237,0.0,100.0,0.0,0.0
2013,8,AK Coast,1904,0.0858,1.3098,3.9227,-27.5452,30.1648,57.71,46.22,53.78,0.0,25.11,0.0,100.0,249,13.08,-3.5886,3.5886,100.0,0.0,0.0,0.0
2013,8,Pacific Coast,283,0.1095,-0.1708,0.7541,-31.7178,31.3762,63.094,68.55,31.45,0.0,0.0,0.0,100.0,12,4.24,2.1847,2.1847,0.0,100.0,0.0,0.0
2013,8,Gulf Coast,57,0.175,-1.6037,18.4098,-34.4202,31.2128,65.633,56.14,43.86,52.63,36.84,7.02,100.0,2,3.51,54.1131,54.1131,0.0,100.0,0.0,100.0
2013,8,Atlantic Coast,835,0.6413,-1.3596,2.0291,-30.6743,27.9551,58.6294,75.21,24.79,0.0,0.0,0.0,100.0,43,5.15,2.4526,2.4526,0.0,100.0,0.0,0.0
2013,9,AK Coast,1904,0.5146,3.5944,4.6271,-25.2197,32.4085,57.6282,18.07,81.93,0.0,37.18,0.0,100.0,141,7.41,-3.4744,3.4744,100.0,0.0,0.0,0.0
2013,9,Pacific Coast,283,1.5109,-0.8325,1.2273,-32.5549,30.8899,63.4448,90.81,9.19,0.0,0.0,0.0,100.0,20,7.07,2.3547,2.3547,0.0,100.0,0.0,0.0
2013,9,Gulf Coast,57,0.1777,2.8038,20.389,-30.3018,35.9095,66.2112,49.12,50.88,47.37,47.37,12.28,100.0,4,7.02,49.8251,49.8251,0.0,100.0,0.0,100.0
2013,9,Atlantic Coast,835,0.046,-0.1639,1.357,-29.4228,29.095,58.5178,46.83,53.17,0.0,0.0,0.0,100.0,45,5.39,2.4531,2.4531,0.0,100.0,0.0,0.0
2013,10,AK Coast,1904,0.8616,6.1782,7.4169,-22.7975,35.1539,57.9513,22.11,77.89,0.0,62.55,0.0,100.0,153,8.04,-3.5665,3.5665,100.0,0.0,0.0,0.0
2013,10,Pacific Coast,283,0.1997,-0.2463,0.8661,-31.8056,31.313,63.1186,70.32,29.68,0.0,0.0,0.0,100.0,18,6.36,2.4651,2.4651,0.0,100.0,0.0,0.0
2013,10,Gulf Coast,57,-0.3035,16.662,26.8414,-16.3258,49.6498,65.9756,33.33,66.67,26.32,63.16,35.09,100.0,9,15.79,53.3558,53.3558,0.0,100.0,0.0,100.0
2013,10,Atlantic Coast,835,-0.634,1.2324,1.5251,-28.0511,30.516,58.5671,20.36,79.64,0.0,0.0,0.0,100.0,277,33.17,2.6434,2.6434,0.0,100.0,0.0,0.0
2013,11,AK Coast,1904,0.8791,5.7498,6.518,-23.0835,34.5831,57.6667,13.08,86.92,0.0,65.44,0.0,100.0,53,2.78,-3.6854,3.6854,100.0,0.0,0.0,0.0
2013,11,Pacific Coast,283,-0.8723,1.4999,1.5343,-30.096,33.0957,63.1917,7.42,92.58,0.0,0.0,0.0,100.0,125,44.17,2.4068,2.4068,0.0,100.0,0.0,0.0
2013,11,Gulf Coast,57,-0.5011,18.3272,28.3718,-14.3908,51.0452,65.436,36.84,63.16,28.07,61.4,36.84,100.0,12,21.05,52.3837,52.3837,0.0,100.0,0.0,100.0
2013,11,Atlantic Coast,835,-0.5238,1.0176,1.3069,-28.2431,30.2783,58.5214,22.87,77.13,0.0,0.0,0.0,100.0,200,23.95,2.6573,2.6573,0.0,100.0,0.0,0.0
2013,12,AK Coast,1904,0.7573,5.0951,6.3952,-23.8022,33.9924,57.7946,26.79,73.21,0.0,51.31,0.0,100.0,42,2.21,-3.4993,3.4993,100.0,0.0,0.0,0.0
2013,12,Pacific Coast,283,-2.0485,3.231,3.231,-28.5721,35.034,63.606,0.0,100.0,0.0,0.0,0.0,100.0,283,100.0,3.231,3.231,0.0,100.0,0.0,0.0
2013,12,Gulf Coast,57,-1.0158,44.5748,44.5748,11.2832,77.8665,66.5833,0.0,100.0,0.0,100.0,80.7,100.0,28,49.12,50.7945,50.7945,0.0,100.0,0.0,100.0
2013,12,Atlantic Coast,835,-0.1497,0.292,1.3585,-28.9558,29.5398,58.4957,44.19,55.81,0.0,0.0,0.0,100.0,129,15.45,2.4613,2.4613,0.0,100.0,0.0,0.0
2014,1,AK Coast,1904,0.7277,4.761,5.4806,-24.0669,33.5889,57.6558,21.69,78.31,0.0,47.58,0.0,100.0,23,1.21,-2.5892,2.5892,100.0,0.0,0.0,0.0
2014,1,Pacific Coast,283,-1.8986,3.2269,3.2269,-28.5725,35.0263,63.5988,0.0,100.0,0.0,0.0,0.0,100.0,280,98.94,3.2432,3.2432,0.0,100.0,0.0,0.0
2014,1,Gulf Coast,57,-1.8352,13.1633,29.0689,-26.5156,52.8423,79.3579,40.35,59.65,35.09,57.89,28.07,100.0,57,100.0,13.1633,29.0689,40.35,59.65,35.09,57.89
2014,1,Atlantic Coast,835,0.2319,-0.5892,1.2738,-29.8422,28.6637,58.5059,79.04,20.96,0.0,0.0,0.0,100.0,86,10.3,2.8084,2.8084,0.0,100.0,0.0,0.0
2014,2,AK Coast,1904,0.3343,2.0862,3.8563,-26.6901,30.8625,57.5526,42.59,57.41,0.0,24.53,0.0,100.0,19,1.0,-2.7044,2.7044,100.0,0.0,0.0,0.0
2014,2,Pacific Coast,283,-1.2887,2.2938,2.3061,-29.3623,33.9499,63.3122,2.47,97.53,0.0,0.0,0.0,100.0,235,83.04,2.5838,2.5838,0.0,100.0,0.0,0.0
2014,2,Gulf Coast,57,-1.4749,44.5028,44.5028,10.5805,78.4252,67.8446,0.0,100.0,0.0,100.0,80.7,100.0,57,100.0,44.5028,44.5028,0.0,100.0,0.0,100.0
2014,2,Atlantic Coast,835,0.4509,-1.1085,1.6434,-30.377,28.16,58.537,83.83,16.17,0.0,0.0,0.0,100.0,70,8.38,2.6614,2.6614,0.0,100.0,0.0,0.0
2014,3,AK Coast,1904,-0.0203,0.6491,3.7241,-28.239,29.5373,57.7763,53.83,46.17,0.0,14.18,0.0,100.0,240,12.61,-3.4793,3.4793,100.0,0.0,0.0,0.0
2014,3,Pacific Coast,283,0.0779,-0.0109,0.9675,-31.5773,31.5555,63.1328,60.07,39.93,0.0,0.0,0.0,100.0,38,13.43,2.1507,2.1507,0.0,100.0,0.0,0.0
2014,3,Gulf Coast,57,-1.1868,50.0554,50.4992,16.2343,83.8766,67.6423,1.75,98.25,1.75,98.25,96.49,100.0,49,85.96,50.1649,50.6811,2.04,97.96,2.04,97.96
2014,3,Atlantic Coast,835,0.6247,-1.3878,1.6189,-30.645,27.8694,58.5144,91.02,8.98,0.0,0.0,0.0,100.0,2,0.24,2.1794,2.1794,0.0,100.0,0.0,0.0
2014,4,AK Coast,1904,-0.9371,-2.0746,3.2463,-31.5202,27.3711,58.8913,86.45,13.55,0.0,3.73,0.0,100.0,1135,59.61,-3.2524,3.2524,100.0,0.0,0.0,0.0
2014,4,Pacific Coast,283,0.6598,-0.6515,1.018,-32.2511,30.9481,63.1992,78.8,21.2,0.0,0.0,0.0,100.0,0,0.0,nan,nan,nan,nan,nan,nan
2014,4,Gulf Coast,57,-0.6878,33.4972,33.5061,0.7101,66.2844,65.5743,1.75,98.25,0.0,98.25,38.6,100.0,2,3.51,49.5562,49.5562,0.0,100.0,0.0,100.0
2014,4,Atlantic Coast,835,0.8247,-1.7536,1.9878,-31.0724,27.5652,58.6376,84.79,15.21,0.0,0.0,0.0,100.0,1,0.12,2.9412,2.9412,0.0,100.0,0.0,0.0
2014,5,AK Coast,1904,-0.4385,-0.1342,4.2112,-29.3649,29.0965,58.4614,68.8,31.2,0.0,19.43,0.0,100.0,727,38.18,-3.2614,3.2614,100.0,0.0,0.0,0.0
2014,5,Pacific Coast,283,0.3904,-0.3356,1.0589,-31.9232,31.252,63.1751,69.96,30.04,0.0,0.0,0.0,100.0,24,8.48,1.9971,1.9971,0.0,100.0,0.0,0.0
2014,5,Gulf Coast,57,-1.0611,49.3787,49.3787,15.9124,82.8449,66.9324,0.0,100.0,0.0,100.0,91.23,100.0,36,63.16,52.3167,52.3167,0.0,100.0,0.0,100.0
2014,5,Atlantic Coast,835,0.5327,-1.165,1.5609,-30.4379,28.1078,58.5457,76.77,23.23,0.0,0.0,0.0,100.0,3,0.36,2.6372,2.6372,0.0,100.0,0.0,0.0
2014,6,AK Coast,1904,-0.0507,1.1883,4.4857,-27.9,30.2766,58.1766,59.87,40.13,0.0,24.53,0.0,100.0,442,23.21,-3.2375,3.2375,100.0,0.0,0.0,0.0
2014,6,Pacific Coast,283,-0.4829,0.8108,1.469,-30.7855,32.4072,63.1927,48.41,51.59,0.0,0.0,0.0,100.0,106,37.46,2.6491,2.6491,0.0,100.0,0.0,0.0
2014,6,Gulf Coast,57,-1.7832,16.889,27.6377,-21.5833,55.3613,76.9446,28.07,71.93,26.32,66.67,29.82,100.0,57,100.0,16.889,27.6377,28.07,71.93,26.32,66.67
2014,6,Atlantic Coast,835,0.0062,-0.0109,0.9837,-29.232,29.2101,58.4421,46.95,53.05,0.0,0.0,0.0,100.0,5,0.6,2.3426,2.3426,0.0,100.0,0.0,0.0
2014,7,AK Coast,1904,0.2157,3.1175,5.0755,-26.0167,32.2516,58.2683,39.92,60.08,0.0,37.24,0.0,100.0,391,20.54,-2.9046,2.9046,100.0,0.0,0.0,0.0
2014,7,Pacific Coast,283,-0.5675,0.9441,1.3218,-30.6518,32.5399,63.1916,39.58,60.42,0.0,0.0,0.0,100.0,105,37.1,2.7152,2.7152,0.0,100.0,0.0,0.0
2014,7,Gulf Coast,57,-1.4705,23.4305,31.9939,-13.5513,60.4122,73.9635,21.05,78.95,21.05,73.68,42.11,100.0,43,75.44,19.9116,30.2526,25.58,74.42,25.58,67.44
2014,7,Atlantic Coast,835,-0.2292,0.4975,1.21,-28.7463,29.7412,58.4875,31.62,68.38,0.0,0.0,0.0,100.0,109,13.05,2.4353,2.4353,0.0,100.0,0.0,0.0
2014,8,AK Coast,1904,0.3983,3.1069,5.1153,-25.8114,32.0253,57.8367,39.81,60.19,0.0,34.4,0.0,100.0,136,7.14,-3.1981,3.1981,100.0,0.0,0.0,0.0
2014,8,Pacific Coast,283,-0.6151,1.0041,1.0564,-30.5582,32.5663,63.1244,11.31,88.69,0.0,0.0,0.0,100.0,53,18.73,2.3016,2.3016,0.0,100.0,0.0,0.0
2014,8,Gulf Coast,57,0.1778,-4.1864,20.0362,-36.8497,28.4768,65.3265,63.16,36.84,57.89,29.82,7.02,100.0,2,3.51,44.2571,44.2571,0.0,100.0,0.0,100.0
2014,8,Atlantic Coast,835,-0.4736,0.8624,1.6332,-28.4315,30.1562,58.5877,30.78,69.22,0.0,0.0,0.0,100.0,238,28.5,2.669,2.669,0.0,100.0,0.0,0.0
2014,9,AK Coast,1904,0.1002,1.2181,3.6206,-27.6287,30.0648,57.6936,45.96,54.04,0.0,20.43,0.0,100.0,195,10.24,-3.372,3.372,100.0,0.0,0.0,0.0
2014,9,Pacific Coast,283,0.1897,-0.1022,0.7604,-31.672,31.4676,63.1396,49.82,50.18,0.0,0.0,0.0,100.0,1,0.35,1.7962,1.7962,0.0,100.0,0.0,0.0
2014,9,Gulf Coast,57,0.5564,-3.1369,15.8829,-36.1276,29.8538,65.9814,57.89,42.11,50.88,29.82,5.26,100.0,1,1.75,54.2452,54.2452,0.0,100.0,0.0,100.0
2014,9,Atlantic Coast,835,-0.2576,0.4357,1.3646,-28.8165,29.688,58.5044,40.84,59.16,0.0,0.0,0.0,100.0,148,17.72,2.5227,2.5227,0.0,100.0,0.0,0.0
2014,10,AK Coast,1904,-0.3552,-0.9116,2.7656,-29.865,28.0419,57.9069,66.75,33.25,0.0,4.88,0.0,100.0,480,25.21,-3.4698,3.4698,100.0,0.0,0.0,0.0
2014,10,Pacific Coast,283,0.5684,-0.5306,1.1353,-32.1346,31.0734,63.208,80.21,19.79,0.0,0.0,0.0,100.0,23,8.13,2.6615,2.6615,0.0,100.0,0.0,0.0
2014,10,Gulf Coast,57,-0.7666,29.4955,37.1747,-3.7015,62.6926,66.394,21.05,78.95,19.3,78.95,57.89,100.0,28,49.12,47.8635,47.8635,0.0,100.0,0.0,100.0
2014,10,Atlantic Coast,835,-0.4307,0.8738,1.2144,-28.3753,30.1229,58.4982,24.31,75.69,0.0,0.0,0.0,100.0,135,16.17,2.6606,2.6606,0.0,100.0,0.0,0.0
2014,11,AK Coast,1904,-0.315,-1.2017,3.0959,-30.0625,27.6591,57.7216,72.69,27.31,0.0,6.14,0.0,100.0,267,14.02,-3.6145,3.6145,100.0,0.0,0.0,0.0
2014,11,Pacific Coast,283,0.2975,-0.4158,0.8792,-31.9727,31.141,63.1137,81.63,18.37,0.0,0.0,0.0,100.0,15,5.3,2.5282,2.5282,0.0,100.0,0.0,0.0
2014,11,Gulf Coast,57,-1.548,26.6848,33.2565,-9.9564,63.326,73.2825,17.54,82.46,14.04,80.7,43.86,100.0,52,91.23,26.352,33.5556,19.23,80.77,15.38,78.85
2014,11,Atlantic Coast,835,0.0364,-0.1194,0.9994,-29.3428,29.104,58.4468,54.97,45.03,0.0,0.0,0.0,100.0,25,2.99,2.4086,2.4086,0.0,100.0,0.0,0.0
2014,12,AK Coast,1904,-0.3112,-1.0685,3.219,-29.9434,27.8064,57.7498,72.9,27.1,0.0,9.35,0.0,100.0,284,14.92,-3.67,3.67,100.0,0.0,0.0,0.0
2014,12,Pacific Coast,283,0.3844,-0.7075,0.8689,-32.2666,30.8517,63.1183,93.64,6.36,0.0,0.0,0.0,100.0,5,1.77,3.5518,3.5518,0.0,100.0,0.0,0.0
2014,12,Gulf Coast,57,-0.0185,-10.1443,16.5875,-42.3357,22.0471,64.3828,75.44,24.56,70.18,17.54,0.0,100.0,0,0.0,nan,nan,nan,nan,nan,nan
2014,12,Atlantic Coast,835,0.0022,-0.0025,1.0633,-29.2331,29.2281,58.4612,43.47,56.53,0.0,0.0,0.0,100.0,38,4.55,2.4102,2.4102,0.0,100.0,0.0,0.0
2015,1,AK Coast,1904,-0.276,-0.3722,3.5662,-29.3403,28.596,57.9363,70.43,29.57,0.0,14.39,0.0,100.0,400,21.01,-3.4904,3.4904,100.0,0.0,0.0,0.0
2015,1,Pacific Coast,283,-0.4415,0.6796,0.8117,-30.8648,32.2239,63.0887,19.43,80.57,0.0,0.0,0.0,100.0,0,0.0,nan,nan,nan,nan,nan,nan
2015,1,Gulf Coast,57,-0.221,0.2925,10.4875,-31.9797,32.5647,64.5444,61.4,38.6,47.37,31.58,0.0,100.0,0,0.0,nan,nan,nan,nan,nan,nan
2015,1,Atlantic Coast,835,0.5322,-1.1613,1.4722,-30.4199,28.0973,58.5172,81.68,18.32,0.0,0.0,0.0,100.0,7,0.84,2.2964,2.2964,0.0,100.0,0.0,0.0
2015,2,AK Coast,1904,0.0504,0.398,2.44,-28.3632,29.1592,57.5224,49.68,50.32,0.0,8.77,0.0,100.0,122,6.41,-3.3861,3.3861,100.0,0.0,0.0,0.0
2015,2,Pacific Coast,283,-0.3533,0.4853,0.5327,-31.0501,32.0208,63.071,14.49,85.51,0.0,0.0,0.0,100.0,3,1.06,1.8479,1.8479,0.0,100.0,0.0,0.0
2015,2,Gulf Coast,57,-0.6457,32.054,32.054,-0.6576,64.7656,65.4232,0.0,100.0,0.0,100.0,22.81,100.0,0,0.0,nan,nan,nan,nan,nan,nan
2015,2,Atlantic Coast,835,0.297,-0.7276,1.1901,-29.9635,28.5083,58.4718,69.1,30.9,0.0,0.0,0.0,100.0,7,0.84,2.6428,2.6428,0.0,100.0,0.0,0.0
2015,3,AK Coast,1904,0.005,0.4369,3.4819,-28.3668,29.2406,57.6074,56.57,43.43,0.0,18.38,0.0,100.0,138,7.25,-3.5848,3.5848,100.0,0.0,0.0,0.0
2015,3,Pacific Coast,283,-1.1403,1.9353,1.9499,-29.7142,33.5849,63.2991,2.47,97.53,0.0,0.0,0.0,100.0,142,50.18,2.9325,2.9325,0.0,100.0,0.0,0.0
2015,3,Gulf Coast,57,-1.8157,16.8336,17.3639,-19.9527,53.6199,73.5726,8.77,91.23,1.75,82.46,5.26,100.0,57,100.0,16.8336,17.3639,8.77,91.23,1.75,82.46
2015,3,Atlantic Coast,835,0.1951,-0.4445,1.274,-29.6818,28.7928,58.4745,67.31,32.69,0.0,0.0,0.0,100.0,46,5.51,2.4145,2.4145,0.0,100.0,0.0,0.0
2015,4,AK Coast,1904,0.3535,2.1338,3.1497,-26.5846,30.8523,57.4368,28.31,71.69,0.0,23.32,0.0,100.0,22,1.16,-3.0819,3.0819,100.0,0.0,0.0,0.0
2015,4,Pacific Coast,283,-0.8683,1.4899,1.5075,-30.1017,33.0816,63.1834,4.24,95.76,0.0,0.0,0.0,100.0,112,39.58,2.4757,2.4757,0.0,100.0,0.0,0.0
2015,4,Gulf Coast,57,-1.8064,17.1791,19.2882,-19.8216,54.1798,74.0014,10.53,89.47,7.02,82.46,10.53,100.0,57,100.0,17.1791,19.2882,10.53,89.47,7.02,82.46
2015,4,Atlantic Coast,835,0.3702,-0.8463,1.5495,-30.1165,28.4239,58.5404,73.41,26.59,0.0,0.0,0.0,100.0,50,5.99,2.5125,2.5125,0.0,100.0,0.0,0.0
2015,5,AK Coast,1904,0.3283,1.9903,3.2182,-26.7349,30.7156,57.4506,31.62,68.38,0.0,22.11,0.0,100.0,43,2.26,-3.3757,3.3757,100.0,0.0,0.0,0.0
2015,5,Pacific Coast,283,-1.3114,2.3475,2.3475,-29.3052,34.0002,63.3054,0.0,100.0,0.0,0.0,0.0,100.0,250,88.34,2.4512,2.4512,0.0,100.0,0.0,0.0
2015,5,Gulf Coast,57,-0.5799,25.5892,28.0711,-7.1163,58.2947,65.411,14.04,85.96,5.26,80.7,38.6,100.0,5,8.77,53.5506,53.5506,0.0,100.0,0.0,100.0
2015,5,Atlantic Coast,835,-0.1133,0.1645,1.8627,-29.1577,29.4867,58.6444,42.99,57.01,0.0,0.0,0.0,100.0,189,22.63,2.7118,2.7118,0.0,100.0,0.0,0.0
2015,6,AK Coast,1904,0.0848,0.5872,2.908,-28.1668,29.3412,57.508,53.15,46.85,0.0,15.55,0.0,100.0,95,4.99,-3.5476,3.5476,100.0,0.0,0.0,0.0
2015,6,Pacific Coast,283,-1.5602,2.5094,2.5268,-29.2242,34.243,63.4672,4.95,95.05,0.0,0.0,0.0,100.0,204,72.08,3.2322,3.2322,0.0,100.0,0.0,0.0
2015,6,Gulf Coast,57,0.3267,-18.4324,21.2433,-50.5513,13.6865,64.2378,94.74,5.26,92.98,5.26,1.75,100.0,0,0.0,nan,nan,nan,nan,nan,nan
2015,6,Atlantic Coast,835,0.076,-0.155,1.4032,-29.4144,29.1044,58.5188,45.51,54.49,0.0,0.0,0.0,100.0,63,7.54,2.4035,2.4035,0.0,100.0,0.0,0.0
2015,7,AK Coast,1904,-0.2805,-0.6059,2.934,-29.5333,28.3216,57.8549,63.45,36.55,0.0,6.99,0.0,100.0,407,21.38,-3.4578,3.4578,100.0,0.0,0.0,0.0
2015,7,Pacific Coast,283,-1.2406,2.0841,2.5021,-29.6456,33.8138,63.4594,21.91,78.09,0.0,0.0,0.0,100.0,194,68.55,3.2529,3.2529,0.0,100.0,0.0,0.0
2015,7,Gulf Coast,57,1.6756,13.4747,16.4139,-26.3314,53.2809,79.6123,10.53,89.47,10.53,82.46,0.0,100.0,0,0.0,nan,nan,nan,nan,nan,nan
2015,7,Atlantic Coast,835,-0.4688,0.8739,1.4226,-28.4061,30.1539,58.56,26.71,73.29,0.0,0.0,0.0,100.0,193,23.11,2.7481,2.7481,0.0,100.0,0.0,0.0
2015,8,AK Coast,1904,-0.2415,-0.2932,3.8132,-29.2289,28.6425,57.8714,69.96,30.04,0.0,14.23,0.0,100.0,371,19.49,-3.5939,3.5939,100.0,0.0,0.0,0.0
2015,8,Pacific Coast,283,-0.6743,1.2098,1.6774,-30.4051,32.8247,63.2298,27.56,72.44,0.0,0.0,0.0,100.0,117,41.34,2.7456,2.7456,0.0,100.0,0.0,0.0
2015,8,Gulf Coast,57,1.3195,3.6694,13.613,-32.6703,40.0091,72.6794,40.35,59.65,33.33,54.39,0.0,100.0,0,0.0,nan,nan,nan,nan,nan,nan
2015,8,Atlantic Coast,835,-0.4712,0.8792,1.4171,-28.3975,30.156,58.5535,32.22,67.78,0.0,0.0,0.0,100.0,232,27.78,2.6805,2.6805,0.0,100.0,0.0,0.0
2015,9,AK Coast,1904,-0.0821,0.4611,3.926,-28.4621,29.3842,57.8463,61.97,38.03,0.0,19.59,0.0,100.0,287,15.07,-3.4326,3.4326,100.0,0.0,0.0,0.0
2015,9,Pacific Coast,283,0.2162,-0.2471,0.6878,-31.8056,31.3114,63.1169,64.66,35.34,0.0,0.0,0.0,100.0,5,1.77,2.1942,2.1942,0.0,100.0,0.0,0.0
2015,9,Gulf Coast,57,1.7566,13.6021,17.7325,-27.3691,54.5734,81.9425,12.28,87.72,12.28,78.95,0.0,100.0,0,0.0,nan,nan,nan,nan,nan,nan
2015,9,Atlantic Coast,835,-0.5724,1.0116,1.8443,-28.2925,30.3156,58.6081,25.39,74.61,0.0,0.0,0.0,100.0,293,35.09,2.672,2.672,0.0,100.0,0.0,0.0
2015,10,AK Coast,1904,-0.0514,0.3812,3.2032,-28.4773,29.2397,57.7171,55.57,44.43,0.0,16.65,0.0,100.0,225,11.82,-3.3291,3.3291,100.0,0.0,0.0,0.0
2015,10,Pacific Coast,283,-0.4098,0.6386,0.9011,-30.9154,32.1925,63.108,33.92,66.08,0.0,0.0,0.0,100.0,31,10.95,2.4256,2.4256,0.0,100.0,0.0,0.0
2015,10,Gulf Coast,57,0.5011,-10.9836,18.4652,-43.3889,21.4217,64.8106,77.19,22.81,71.93,15.79,3.51,100.0,1,1.75,53.5311,53.5311,0.0,100.0,0.0,100.0
2015,10,Atlantic Coast,835,-0.0753,0.1667,1.5594,-29.1072,29.4405,58.5477,41.56,58.44,0.0,0.0,0.0,100.0,129,15.45,2.5155,2.5155,0.0,100.0,0.0,0.0
2015,11,AK Coast,1904,0.3462,2.3033,3.5958,-26.4693,31.0758,57.5451,25.47,74.53,0.0,21.22,0.0,100.0,138,7.25,-3.4584,3.4584,100.0,0.0,0.0,0.0
2015,11,Pacific Coast,283,-0.4418,0.7323,1.0877,-30.8313,32.296,63.1273,34.63,65.37,0.0,0.0,0.0,100.0,74,26.15,2.2331,2.2331,0.0,100.0,0.0,0.0
2015,11,Gulf Coast,57,0.1304,-0.5615,22.4013,-33.0228,31.8998,64.9226,61.4,38.6,59.65,35.09,14.04,100.0,2,3.51,54.2521,54.2521,0.0,100.0,0.0,100.0
2015,11,Atlantic Coast,835,0.2315,-0.4568,1.48,-29.7281,28.8145,58.5426,57.96,42.04,0.0,0.0,0.0,100.0,36,4.31,2.3084,2.3084,0.0,100.0,0.0,0.0
2015,12,AK Coast,1904,0.2116,1.9355,3.3518,-26.9279,30.799,57.727,29.88,70.12,0.0,20.12,0.0,100.0,243,12.76,-3.1823,3.1823,100.0,0.0,0.0,0.0
2015,12,Pacific Coast,283,0.2516,-0.4043,0.9784,-31.9791,31.1705,63.1496,73.5,26.5,0.0,0.0,0.0,100.0,19,6.71,2.4578,2.4578,0.0,100.0,0.0,0.0
2015,12,Gulf Coast,57,-0.5324,17.9656,28.6821,-14.7885,50.7197,65.5082,31.58,68.42,29.82,64.91,33.33,100.0,14,24.56,51.2856,51.2856,0.0,100.0,0.0,100.0
2015,12,Atlantic Coast,835,0.4106,-0.7566,1.7832,-30.0525,28.5394,58.5919,64.07,35.93,0.0,0.0,0.0,100.0,37,4.43,2.3496,2.3496,0.0,100.0,0.0,0.0
2016,1,AK Coast,1904,0.5165,4.0465,5.5196,-24.8569,32.95,57.8069,25.84,74.16,0.0,48.79,0.0,100.0,196,10.29,-3.282,3.282,100.0,0.0,0.0,0.0
2016,1,Pacific Coast,283,0.8865,-1.0342,1.0359,-32.6298,30.5614,63.1912,99.29,0.71,0.0,0.0,0.0,100.0,0,0.0,nan,nan,nan,nan,nan,nan
2016,1,Gulf Coast,57,-0.0878,-5.4296,16.822,-37.6709,26.8117,64.4826,68.42,31.58,59.65,29.82,0.0,100.0,0,0.0,nan,nan,nan,nan,nan,nan
2016,1,Atlantic Coast,835,0.6246,-1.2336,1.8649,-30.5509,28.0836,58.6344,73.17,26.83,0.0,0.0,0.0,100.0,47,5.63,2.5406,2.5406,0.0,100.0,0.0,0.0
2016,2,AK Coast,1904,-0.0855,1.3727,4.6245,-27.7766,30.5219,58.2986,54.36,45.64,0.0,26.0,0.0,100.0,585,30.72,-3.2837,3.2837,100.0,0.0,0.0,0.0
2016,2,Pacific Coast,283,0.8133,-0.7909,1.0289,-32.4047,30.8229,63.2276,75.97,24.03,0.0,0.0,0.0,100.0,0,0.0,nan,nan,nan,nan,nan,nan
2016,2,Gulf Coast,57,-0.7189,36.3064,36.3064,3.4666,69.1462,65.6797,0.0,100.0,0.0,98.25,50.88,100.0,2,3.51,53.0857,53.0857,0.0,100.0,0.0,100.0
2016,2,Atlantic Coast,835,0.6564,-1.4234,1.9121,-30.7299,27.8832,58.6132,80.0,20.0,0.0,0.0,0.0,100.0,20,2.4,2.4064,2.4064,0.0,100.0,0.0,0.0
2016,3,AK Coast,1904,-0.0956,1.5375,5.0347,-27.6652,30.7403,58.4055,58.61,41.39,0.0,28.41,0.0,100.0,650,34.14,-3.3106,3.3106,100.0,0.0,0.0,0.0
2016,3,Pacific Coast,283,0.6666,-0.914,0.95,-32.4773,30.6494,63.1268,92.93,7.07,0.0,0.0,0.0,100.0,0,0.0,nan,nan,nan,nan,nan,nan
2016,3,Gulf Coast,57,-0.6714,33.7772,33.7772,1.0306,66.5238,65.4932,0.0,100.0,0.0,100.0,43.86,100.0,0,0.0,nan,nan,nan,nan,nan,nan
2016,3,Atlantic Coast,835,0.3466,-0.7501,1.2808,-29.9988,28.4987,58.4975,69.58,30.42,0.0,0.0,0.0,100.0,11,1.32,2.3166,2.3166,0.0,100.0,0.0,0.0
2016,4,AK Coast,1904,-0.1915,1.7152,4.8969,-27.6374,31.0678,58.7052,53.26,46.74,0.0,25.89,0.0,100.0,724,38.03,-3.0663,3.0663,100.0,0.0,0.0,0.0
2016,4,Pacific Coast,283,0.0135,-0.0615,0.7484,-31.6023,31.4793,63.0816,62.19,37.81,0.0,0.0,0.0,100.0,19,6.71,1.9992,1.9992,0.0,100.0,0.0,0.0
2016,4,Gulf Coast,57,-1.0409,49.857,49.857,16.4156,83.2984,66.8828,0.0,100.0,0.0,100.0,92.98,100.0,38,66.67,53.5428,53.5428,0.0,100.0,0.0,100.0
2016,4,Atlantic Coast,835,0.0895,-0.237,1.1571,-29.4698,28.9958,58.4656,59.16,40.84,0.0,0.0,0.0,100.0,35,4.19,2.3879,2.3879,0.0,100.0,0.0,0.0
2016,5,AK Coast,1904,-0.1264,0.2849,3.0917,-28.6497,29.2195,57.8692,52.1,47.9,0.0,10.82,0.0,100.0,300,15.76,-3.1375,3.1375,100.0,0.0,0.0,0.0
2016,5,Pacific Coast,283,0.0655,-0.1581,0.649,-31.6954,31.3793,63.0747,63.96,36.04,0.0,0.0,0.0,100.0,4,1.41,1.9149,1.9149,0.0,100.0,0.0,0.0
2016,5,Gulf Coast,57,0.2329,-21.3652,21.3652,-53.455,10.7247,64.1797,100.0,0.0,100.0,0.0,0.0,100.0,0,0.0,nan,nan,nan,nan,nan,nan
2016,5,Atlantic Coast,835,0.2587,-0.6209,1.7116,-29.9031,28.6612,58.5644,70.06,29.94,0.0,0.0,0.0,100.0,136,16.29,2.6083,2.6083,0.0,100.0,0.0,0.0
2016,6,AK Coast,1904,0.1887,1.5009,3.599,-27.3109,30.3128,57.6237,41.49,58.51,0.0,22.27,0.0,100.0,146,7.67,-3.4398,3.4398,100.0,0.0,0.0,0.0
2016,6,Pacific Coast,283,-1.1415,1.9497,1.9852,-29.6903,33.5897,63.2799,7.77,92.23,0.0,0.0,0.0,100.0,179,63.25,2.6802,2.6802,0.0,100.0,0.0,0.0
2016,6,Gulf Coast,57,0.4508,-21.6825,22.4134,-53.7837,10.4186,64.2023,98.25,1.75,98.25,1.75,0.0,100.0,0,0.0,nan,nan,nan,nan,nan,nan
2016,6,Atlantic Coast,835,0.3567,-0.7791,1.7264,-30.0674,28.5092,58.5766,71.98,28.02,0.0,0.0,0.0,100.0,110,13.17,2.4699,2.4699,0.0,100.0,0.0,0.0
2016,7,AK Coast,1904,-0.0841,0.1527,3.3497,-28.6942,28.9995,57.6937,58.56,41.44,0.0,13.24,0.0,100.0,216,11.34,-3.5763,3.5763,100.0,0.0,0.0,0.0
2016,7,Pacific Coast,283,-0.5221,0.8288,0.9039,-30.7218,32.3793,63.1011,14.49,85.51,0.0,0.0,0.0,100.0,25,8.83,2.0304,2.0304,0.0,100.0,0.0,0.0
2016,7,Gulf Coast,57,-0.1038,-5.2267,12.8376,-37.4553,27.0018,64.4571,63.16,36.84,49.12,26.32,0.0,100.0,0,0.0,nan,nan,nan,nan,nan,nan
2016,7,Atlantic Coast,835,0.1516,-0.3676,1.696,-29.652,28.9169,58.5689,56.05,43.95,0.0,0.0,0.0,100.0,102,12.22,2.632,2.632,0.0,100.0,0.0,0.0
2016,8,AK Coast,1904,0.0759,0.8743,3.4068,-27.9208,29.6694,57.5902,52.1,47.9,0.0,18.12,0.0,100.0,119,6.25,-3.5243,3.5243,100.0,0.0,0.0,0.0
2016,8,Pacific Coast,283,-0.4201,0.6555,0.8721,-30.8982,32.2091,63.1074,27.21,72.79,0.0,0.0,0.0,100.0,45,15.9,2.2705,2.2705,0.0,100.0,0.0,0.0
2016,8,Gulf Coast,57,-1.5623,28.5,32.7864,-7.7504,64.7504,72.5007,19.3,80.7,12.28,78.95,47.37,100.0,51,89.47,26.9426,31.7333,21.57,78.43,13.73,76.47
2016,8,Atlantic Coast,835,-0.0107,-0.0521,1.672,-29.3372,29.2331,58.5703,48.86,51.14,0.0,0.0,0.0,100.0,156,18.68,2.6596,2.6596,0.0,100.0,0.0,0.0
2016,9,AK Coast,1904,0.0645,0.5045,3.0227,-28.2397,29.2488,57.4884,54.36,45.64,0.0,15.02,0.0,100.0,44,2.31,-3.487,3.487,100.0,0.0,0.0,0.0
2016,9,Pacific Coast,283,-0.3033,0.4614,0.8369,-31.0875,32.0102,63.0977,37.46,62.54,0.0,0.0,0.0,100.0,31,10.95,2.2377,2.2377,0.0,100.0,0.0,0.0
2016,9,Gulf Coast,57,-0.9518,33.4001,36.4936,-0.1527,66.9529,67.1056,8.77,91.23,8.77,91.23,54.39,100.0,29,50.88,43.6376,45.1063,3.45,96.55,3.45,96.55
2016,9,Atlantic Coast,835,0.1592,-0.4166,1.6559,-29.7052,28.8719,58.5771,60.12,39.88,0.0,0.0,0.0,100.0,115,13.77,2.6582,2.6582,0.0,100.0,0.0,0.0
2016,10,AK Coast,1904,-0.2181,-0.0265,3.1511,-29.0111,28.9581,57.9692,60.19,39.81,0.0,13.55,0.0,100.0,356,18.7,-3.1147,3.1147,100.0,0.0,0.0,0.0
2016,10,Pacific Coast,283,1.7548,-1.1212,1.1357,-32.8593,30.6169,63.4762,99.29,0.71,0.0,0.0,0.0,100.0,0,0.0,nan,nan,nan,nan,nan,nan
2016,10,Gulf Coast,57,-0.0081,-8.571,16.1368,-40.7943,23.6522,64.4465,78.95,21.05,66.67,12.28,3.51,100.0,2,3.51,53.4231,53.4231,0.0,100.0,0.0,100.0
2016,10,Atlantic Coast,835,0.3228,-0.6801,1.5498,-29.9501,28.5899,58.5399,62.4,37.6,0.0,0.0,0.0,100.0,41,4.91,2.3793,2.3793,0.0,100.0,0.0,0.0
2016,11,AK Coast,1904,-0.6929,-1.9511,3.0837,-31.13,27.2279,58.3578,84.03,15.97,0.0,3.52,0.0,100.0,722,37.92,-3.2951,3.2951,100.0,0.0,0.0,0.0
2016,11,Pacific Coast,283,1.7582,-1.1017,1.1066,-32.8547,30.6513,63.506,99.29,0.71,0.0,0.0,0.0,100.0,0,0.0,nan,nan,nan,nan,nan,nan
2016,11,Gulf Coast,57,-0.1137,-5.2211,12.6823,-37.4517,27.0095,64.4612,66.67,33.33,54.39,24.56,0.0,100.0,0,0.0,nan,nan,nan,nan,nan,nan
2016,11,Atlantic Coast,835,-0.3076,0.5456,1.6525,-28.7428,29.834,58.5768,36.53,63.47,0.0,0.0,0.0,100.0,212,25.39,2.6488,2.6488,0.0,100.0,0.0,0.0
2016,12,AK Coast,1904,-1.0652,-2.5249,3.1914,-32.0365,26.9867,59.0232,91.28,8.72,0.0,2.78,0.0,100.0,1251,65.7,-3.2602,3.2602,100.0,0.0,0.0,0.0
2016,12,Pacific Coast,283,0.9086,-1.0497,1.1752,-32.6771,30.5778,63.255,98.23,1.77,0.0,0.0,0.0,100.0,5,1.77,3.5518,3.5518,0.0,100.0,0.0,0.0
2016,12,Gulf Coast,57,0.3593,-22.6706,22.6706,-54.7458,9.4045,64.1504,100.0,0.0,100.0,0.0,0.0,100.0,0,0.0,nan,nan,nan,nan,nan,nan
2016,12,Atlantic Coast,835,-0.6036,1.1635,1.4255,-28.1155,30.4426,58.5581,21.08,78.92,0.0,0.0,0.0,100.0,236,28.26,2.687,2.687,0.0,100.0,0.0,0.0
2017,1,AK Coast,1904,-0.4979,-1.3344,2.6641,-30.3796,27.7108,58.0904,73.37,26.63,0.0,2.52,0.0,100.0,566,29.73,-3.3339,3.3339,100.0,0.0,0.0,0.0
2017,1,Pacific Coast,283,0.2167,-0.1222,0.9835,-31.7006,31.4561,63.1567,55.83,44.17,0.0,0.0,0.0,100.0,18,6.36,2.0944,2.0944,0.0,100.0,0.0,0.0
2017,1,Gulf Coast,57,1.1533,-3.8025,7.6149,-36.9464,29.3414,66.2878,66.67,33.33,47.37,17.54,0.0,100.0,0,0.0,nan,nan,nan,nan,nan,nan
2017,1,Atlantic Coast,835,-0.5137,0.9944,1.2927,-28.2726,30.2614,58.534,21.2,78.8,0.0,0.0,0.0,100.0,192,22.99,2.641,2.641,0.0,100.0,0.0,0.0
2017,2,AK Coast,1904,-0.1988,1.0114,4.1477,-28.1946,30.2175,58.4121,57.3,42.7,0.0,26.94,0.0,100.0,619,32.51,-3.0957,3.0957,100.0,0.0,0.0,0.0
2017,2,Pacific Coast,283,0.5114,-0.3652,1.0704,-31.9726,31.2422,63.2148,66.78,33.22,0.0,0.0,0.0,100.0,6,2.12,1.9079,1.9079,0.0,100.0,0.0,0.0
2017,2,Gulf Coast,57,1.2384,-0.2758,6.9068,-33.8175,33.2659,67.0834,54.39,45.61,33.33,26.32,0.0,100.0,0,0.0,nan,nan,nan,nan,nan,nan
2017,2,Atlantic Coast,835,-0.4738,0.8913,1.3844,-28.3687,30.1512,58.52,27.07,72.93,0.0,0.0,0.0,100.0,184,22.04,2.5771,2.5771,0.0,100.0,0.0,0.0
2017,3,AK Coast,1904,-0.3942,0.6201,3.9101,-28.8058,30.046,58.8519,64.6,35.4,0.0,18.43,0.0,100.0,589,30.93,-2.5542,2.5542,100.0,0.0,0.0,0.0
2017,3,Pacific Coast,283,1.2381,-1.1997,1.1997,-32.8497,30.4504,63.3001,100.0,0.0,0.0,0.0,0.0,100.0,0,0.0,nan,nan,nan,nan,nan,nan
2017,3,Gulf Coast,57,0.791,-17.3982,17.4761,-49.6586,14.8622,64.5208,98.25,1.75,94.74,0.0,0.0,100.0,0,0.0,nan,nan,nan,nan,nan,nan
2017,3,Atlantic Coast,835,-0.6869,1.3353,1.4319,-27.9432,30.6138,58.5571,12.81,87.19,0.0,0.0,0.0,100.0,212,25.39,2.6817,2.6817,0.0,100.0,0.0,0.0
2017,4,AK Coast,1904,-1.0937,-2.2153,3.0499,-31.8543,27.4236,59.2779,87.5,12.5,0.0,3.47,0.0,100.0,1118,58.72,-2.98,2.98,100.0,0.0,0.0,0.0
2017,4,Pacific Coast,283,1.5748,-1.0992,1.0992,-32.8235,30.625,63.4485,100.0,0.0,0.0,0.0,0.0,100.0,0,0.0,nan,nan,nan,nan,nan,nan
2017,4,Gulf Coast,57,-0.1822,3.1647,20.2021,-29.1789,35.5083,64.6872,49.12,50.88,45.61,43.86,3.51,100.0,0,0.0,nan,nan,nan,nan,nan,nan
2017,4,Atlantic Coast,835,-0.8736,1.6095,1.8505,-27.7136,30.9326,58.6462,17.84,82.16,0.0,0.0,0.0,100.0,394,47.19,2.6935,2.6935,0.0,100.0,0.0,0.0
2017,5,AK Coast,1904,-0.9526,-2.516,2.6579,-31.9324,26.9005,58.8329,93.75,6.25,0.0,0.0,0.0,100.0,783,41.12,-2.8934,2.8934,100.0,0.0,0.0,0.0
2017,5,Pacific Coast,283,0.8783,-0.8176,0.9163,-32.4411,30.8059,63.247,83.75,16.25,0.0,0.0,0.0,100.0,0,0.0,nan,nan,nan,nan,nan,nan
2017,5,Gulf Coast,57,-1.0283,42.5736,42.638,9.2383,75.9088,66.6705,1.75,98.25,0.0,96.49,77.19,100.0,33,57.89,50.7745,50.7745,0.0,100.0,0.0,100.0
2017,5,Atlantic Coast,835,0.2435,-0.5722,1.6623,-29.845,28.7006,58.5456,64.07,35.93,0.0,0.0,0.0,100.0,91,10.9,2.4972,2.4972,0.0,100.0,0.0,0.0
2017,6,AK Coast,1904,-0.4848,-1.0034,2.6646,-30.1356,28.1289,58.2645,65.55,34.45,0.0,2.52,0.0,100.0,625,32.83,-3.1862,3.1862,100.0,0.0,0.0,0.0
2017,6,Pacific Coast,283,0.4924,-0.726,0.7849,-32.2832,30.8311,63.1143,91.87,8.13,0.0,0.0,0.0,100.0,1,0.35,3.5518,3.5518,0.0,100.0,0.0,0.0
2017,6,Gulf Coast,57,-0.9664,35.866,35.866,2.5987,69.1334,66.5347,0.0,100.0,0.0,91.23,56.14,100.0,28,49.12,46.5579,46.5579,0.0,100.0,0.0,100.0
2017,6,Atlantic Coast,835,0.8794,-1.8714,1.9253,-31.1773,27.4345,58.6118,93.17,6.83,0.0,0.0,0.0,100.0,0,0.0,nan,nan,nan,nan,nan,nan
2017,7,AK Coast,1904,0.0761,1.1479,3.6831,-27.7255,30.0214,57.7468,49.21,50.79,0.0,18.49,0.0,100.0,215,11.29,-3.3984,3.3984,100.0,0.0,0.0,0.0
2017,7,Pacific Coast,283,-0.5803,0.9595,1.1095,-30.6049,32.524,63.1289,18.02,81.98,0.0,0.0,0.0,100.0,67,23.67,2.2427,2.2427,0.0,100.0,0.0,0.0
2017,7,Gulf Coast,57,-0.543,24.9257,35.7324,-7.8807,57.7321,65.6128,26.32,73.68,24.56,71.93,54.39,100.0,12,21.05,52.8655,52.8655,0.0,100.0,0.0,100.0
2017,7,Atlantic Coast,835,1.1117,-2.2914,2.3475,-31.65,27.0673,58.7174,94.37,5.63,0.0,0.0,0.0,100.0,0,0.0,nan,nan,nan,nan,nan,nan
2017,8,AK Coast,1904,0.4097,2.8695,4.2273,-25.9368,31.6759,57.6128,30.04,69.96,0.0,28.94,0.0,100.0,99,5.2,-3.4878,3.4878,100.0,0.0,0.0,0.0
2017,8,Pacific Coast,283,-0.875,1.5134,1.601,-30.0887,33.1156,63.2043,12.01,87.99,0.0,0.0,0.0,100.0,144,50.88,2.4191,2.4191,0.0,100.0,0.0,0.0
2017,8,Gulf Coast,57,-0.5173,19.81,25.1633,-12.8381,52.4581,65.2963,17.54,82.46,14.04,77.19,22.81,100.0,5,8.77,47.2764,47.2764,0.0,100.0,0.0,100.0
2017,8,Atlantic Coast,835,1.0676,-2.1219,2.514,-31.5121,27.2683,58.7804,89.94,10.06,0.0,0.0,0.0,100.0,43,5.15,2.7252,2.7252,0.0,100.0,0.0,0.0
2017,9,AK Coast,1904,0.5419,3.5409,4.5964,-25.2319,32.3136,57.5456,23.79,76.21,0.0,39.34,0.0,100.0,51,2.68,-3.286,3.286,100.0,0.0,0.0,0.0
2017,9,Pacific Coast,283,-0.8149,1.3914,1.6445,-30.2296,33.0124,63.242,22.61,77.39,0.0,0.0,0.0,100.0,128,45.23,2.8189,2.8189,0.0,100.0,0.0,0.0
2017,9,Gulf Coast,57,0.5275,-12.7083,19.1737,-45.0375,19.6208,64.6583,85.96,14.04,80.7,8.77,5.26,100.0,0,0.0,nan,nan,nan,nan,nan,nan
2017,9,Atlantic Coast,835,0.5658,-1.2427,1.8911,-30.5768,28.0914,58.6682,77.13,22.87,0.0,0.0,0.0,100.0,67,8.02,2.7432,2.7432,0.0,100.0,0.0,0.0
2017,10,AK Coast,1904,0.8547,5.4057,5.7177,-23.3984,34.2099,57.6082,10.87,89.13,0.0,53.57,0.0,100.0,5,0.26,-2.0907,2.0907,100.0,0.0,0.0,0.0
2017,10,Pacific Coast,283,-0.4418,0.7147,0.9952,-30.8458,32.2752,63.121,26.5,73.5,0.0,0.0,0.0,100.0,50,17.67,2.366,2.366,0.0,100.0,0.0,0.0
2017,10,Gulf Coast,57,-0.4439,17.4964,23.4816,-15.094,50.0869,65.1808,24.56,75.44,19.3,68.42,22.81,100.0,3,5.26,53.6995,53.6995,0.0,100.0,0.0,100.0
2017,10,Atlantic Coast,835,0.5612,-1.1356,1.4748,-30.42,28.1488,58.5688,75.09,24.91,0.0,0.0,0.0,100.0,1,0.12,2.2523,2.2523,0.0,100.0,0.0,0.0
2017,11,AK Coast,1904,0.368,2.9801,5.1898,-25.9512,31.9114,57.8626,38.92,61.08,0.0,39.18,0.0,100.0,241,12.66,-3.4496,3.4496,100.0,0.0,0.0,0.0
2017,11,Pacific Coast,283,0.3241,-0.3662,1.1607,-31.9412,31.2088,63.15,73.5,26.5,0.0,0.0,0.0,100.0,26,9.19,2.6938,2.6938,0.0,100.0,0.0,0.0
2017,11,Gulf Coast,57,-1.3206,45.2319,45.6658,11.1221,79.3416,68.2195,3.51,96.49,3.51,96.49,85.96,100.0,49,85.96,45.0588,45.5636,4.08,95.92,4.08,95.92
2017,11,Atlantic Coast,835,-0.2925,0.5588,1.9035,-28.7646,29.8822,58.6468,29.94,70.06,0.0,0.0,0.0,100.0,241,28.86,2.6622,2.6622,0.0,100.0,0.0,0.0
2017,12,AK Coast,1904,0.7082,5.6284,6.9175,-23.4717,34.7285,58.2003,25.53,74.47,0.0,49.42,0.0,100.0,230,12.08,-3.0557,3.0557,100.0,0.0,0.0,0.0
2017,12,Pacific Coast,283,-0.7981,1.127,1.4514,-30.4862,32.7402,63.2264,34.98,65.02,0.0,0.0,0.0,100.0,99,34.98,2.9672,2.9672,0.0,100.0,0.0,0.0
2017,12,Gulf Coast,57,-2.2859,-24.2785,24.2785,-73.2619,24.7049,97.9668,100.0,0.0,100.0,0.0,0.0,100.0,57,100.0,-24.2785,24.2785,100.0,0.0,100.0,0.0
2017,12,Atlantic Coast,835,-0.2658,0.5907,1.2128,-28.644,29.8255,58.4695,23.83,76.17,0.0,0.0,0.0,100.0,42,5.03,2.3228,2.3228,0.0,100.0,0.0,0.0
2018,1,AK Coast,1904,0.2626,3.0436,4.7272,-25.9885,32.0758,58.0643,34.56,65.44,0.0,36.5,0.0,100.0,284,14.92,-2.8538,2.8538,100.0,0.0,0.0,0.0
2018,1,Pacific Coast,283,-0.1885,0.389,1.1866,-31.1799,31.958,63.1378,44.52,55.48,0.0,0.0,0.0,100.0,48,16.96,2.3574,2.3574,0.0,100.0,0.0,0.0
2018,1,Gulf Coast,57,-1.419,43.517,43.517,9.2692,77.7648,68.4956,0.0,100.0,0.0,100.0,75.44,100.0,57,100.0,43.517,43.517,0.0,100.0,0.0,100.0
2018,1,Atlantic Coast,835,-0.603,1.1965,1.4732,-28.078,30.4711,58.5491,20.48,79.52,0.0,0.0,0.0,100.0,265,31.74,2.6307,2.6307,0.0,100.0,0.0,0.0
2018,2,AK Coast,1904,0.4262,3.1483,4.2996,-25.7001,31.9968,57.6969,20.69,79.31,0.0,30.36,0.0,100.0,196,10.29,-3.2507,3.2507,100.0,0.0,0.0,0.0
2018,2,Pacific Coast,283,-0.8556,1.5112,1.9034,-30.1362,33.1586,63.2948,23.67,76.33,0.0,0.0,0.0,100.0,152,53.71,2.9295,2.9295,0.0,100.0,0.0,0.0
2018,2,Gulf Coast,57,-1.6065,35.4998,35.4998,1.1593,69.8404,68.681,0.0,100.0,0.0,100.0,38.6,100.0,57,100.0,35.4998,35.4998,0.0,100.0,0.0,100.0
2018,2,Atlantic Coast,835,0.0334,-0.1376,1.0102,-29.3678,29.0925,58.4603,49.58,50.42,0.0,0.0,0.0,100.0,21,2.51,2.4592,2.4592,0.0,100.0,0.0,0.0
2018,3,AK Coast,1904,-0.1512,0.2721,3.0868,-28.6853,29.2295,57.9148,52.36,47.64,0.0,13.5,0.0,100.0,467,24.53,-3.4025,3.4025,100.0,0.0,0.0,0.0
2018,3,Pacific Coast,283,-0.165,0.2008,0.5486,-31.3363,31.7379,63.0742,30.39,69.61,0.0,0.0,0.0,100.0,1,0.35,1.891,1.891,0.0,100.0,0.0,0.0
2018,3,Gulf Coast,57,-0.3618,11.0699,21.9759,-21.3966,43.5365,64.9331,43.86,56.14,36.84,52.63,19.3,100.0,2,3.51,53.387,53.387,0.0,100.0,0.0,100.0
2018,3,Atlantic Coast,835,-0.0288,0.0563,1.6612,-29.2274,29.3399,58.5673,43.95,56.05,0.0,0.0,0.0,100.0,118,14.13,2.5392,2.5392,0.0,100.0,0.0,0.0
2018,4,AK Coast,1904,-0.0056,1.6588,4.5912,-27.3964,30.714,58.1104,49.16,50.84,0.0,34.45,0.0,100.0,531,27.89,-3.3611,3.3611,100.0,0.0,0.0,0.0
2018,4,Pacific Coast,283,-0.2539,0.3661,0.6853,-31.1744,31.9065,63.0809,25.44,74.56,0.0,0.0,0.0,100.0,0,0.0,nan,nan,nan,nan,nan,nan
2018,4,Gulf Coast,57,-0.5333,21.2482,26.2614,-11.4351,53.9315,65.3665,22.81,77.19,19.3,64.91,38.6,100.0,6,10.53,53.158,53.158,0.0,100.0,0.0,100.0
2018,4,Atlantic Coast,835,0.1645,-0.362,1.4386,-29.6266,28.9027,58.5293,52.69,47.31,0.0,0.0,0.0,100.0,41,4.91,2.343,2.343,0.0,100.0,0.0,0.0
2018,5,AK Coast,1904,0.3574,2.8601,4.4751,-25.9983,31.7185,57.7168,28.99,71.01,0.0,35.29,0.0,100.0,218,11.45,-3.3825,3.3825,100.0,0.0,0.0,0.0
2018,5,Pacific Coast,283,-0.0372,0.0163,0.7151,-31.5225,31.5552,63.0777,47.7,52.3,0.0,0.0,0.0,100.0,0,0.0,nan,nan,nan,nan,nan,nan
2018,5,Gulf Coast,57,0.341,-16.2651,18.6162,-48.3901,15.86,64.2501,85.96,14.04,82.46,8.77,0.0,100.0,0,0.0,nan,nan,nan,nan,nan,nan
2018,5,Atlantic Coast,835,0.5805,-1.1764,2.0536,-30.506,28.1532,58.6592,65.63,34.37,0.0,0.0,0.0,100.0,53,6.35,2.4504,2.4504,0.0,100.0,0.0,0.0
2018,6,AK Coast,1904,0.641,4.4319,5.5158,-24.4511,33.3149,57.766,23.9,76.1,0.0,44.85,0.0,100.0,114,5.99,-3.288,3.288,100.0,0.0,0.0,0.0
2018,6,Pacific Coast,283,-0.2727,0.3144,0.5001,-31.221,31.8498,63.0708,36.4,63.6,0.0,0.0,0.0,100.0,7,2.47,2.196,2.196,0.0,100.0,0.0,0.0
2018,6,Gulf Coast,57,-0.5528,23.4873,25.6938,-9.1726,56.1473,65.32,17.54,82.46,10.53,75.44,33.33,100.0,4,7.02,53.6202,53.6202,0.0,100.0,0.0,100.0
2018,6,Atlantic Coast,835,0.778,-1.5021,1.9159,-30.8389,27.8347,58.6737,71.26,28.74,0.0,0.0,0.0,100.0,0,0.0,nan,nan,nan,nan,nan,nan
2018,7,AK Coast,1904,0.6332,4.4547,6.143,-24.4269,33.3363,57.7632,31.36,68.64,0.0,50.84,0.0,100.0,66,3.47,-3.5914,3.5914,100.0,0.0,0.0,0.0
2018,7,Pacific Coast,283,-1.3664,2.4147,2.4147,-29.2561,34.0855,63.3417,0.0,100.0,0.0,0.0,0.0,100.0,228,80.57,2.7012,2.7012,0.0,100.0,0.0,0.0
2018,7,Gulf Coast,57,-0.2203,3.7524,18.3851,-28.641,36.1457,64.7868,57.89,42.11,43.86,38.6,8.77,100.0,3,5.26,52.149,52.149,0.0,100.0,0.0,100.0
2018,7,Atlantic Coast,835,0.918,-1.7272,2.1563,-31.0951,27.6407,58.7357,77.96,22.04,0.0,0.0,0.0,100.0,18,2.16,2.3473,2.3473,0.0,100.0,0.0,0.0
2018,8,AK Coast,1904,0.5743,4.4928,6.2689,-24.4677,33.4533,57.9211,33.56,66.44,0.0,50.84,0.0,100.0,200,10.5,-3.4717,3.4717,100.0,0.0,0.0,0.0
2018,8,Pacific Coast,283,-1.2949,2.3119,2.3119,-29.3392,33.963,63.3022,0.0,100.0,0.0,0.0,0.0,100.0,237,83.75,2.4798,2.4798,0.0,100.0,0.0,0.0
2018,8,Gulf Coast,57,-1.1642,33.6326,38.7766,-0.6661,67.9313,68.5974,15.79,84.21,14.04,84.21,61.4,100.0,43,75.44,40.4576,42.7699,4.65,95.35,4.65,95.35
2018,8,Atlantic Coast,835,0.6952,-1.484,1.6274,-30.7642,27.7962,58.5604,85.63,14.37,0.0,0.0,0.0,100.0,0,0.0,nan,nan,nan,nan,nan,nan
2018,9,AK Coast,1904,-0.2107,0.5288,4.094,-28.6086,29.6662,58.2748,61.92,38.08,0.0,18.28,0.0,100.0,522,27.42,-3.1977,3.1977,100.0,0.0,0.0,0.0
2018,9,Pacific Coast,283,-0.9149,1.5711,1.6461,-30.0384,33.1806,63.219,10.95,89.05,0.0,0.0,0.0,100.0,136,48.06,2.5503,2.5503,0.0,100.0,0.0,0.0
2018,9,Gulf Coast,57,-1.3293,23.0977,32.0333,-12.5672,58.7625,71.3297,28.07,71.93,26.32,71.93,42.11,100.0,47,82.46,29.4826,34.6862,17.02,82.98,17.02,82.98
2018,9,Atlantic Coast,835,0.9658,-2.0852,2.3318,-31.4365,27.2661,58.7026,90.06,9.94,0.0,0.0,0.0,100.0,13,1.56,2.6073,2.6073,0.0,100.0,0.0,0.0
2018,10,AK Coast,1904,-0.0952,0.7556,3.3031,-28.2422,29.7535,57.9957,49.95,50.05,0.0,15.86,0.0,100.0,374,19.64,-3.0929,3.0929,100.0,0.0,0.0,0.0
2018,10,Pacific Coast,283,-0.6157,1.0056,1.0358,-30.5532,32.5643,63.1175,8.13,91.87,0.0,0.0,0.0,100.0,62,21.91,2.062,2.062,0.0,100.0,0.0,0.0
2018,10,Gulf Coast,57,-0.4753,14.0798,23.2235,-18.5717,46.7314,65.3031,33.33,66.67,24.56,56.14,26.32,100.0,11,19.3,47.8637,47.8637,0.0,100.0,0.0,100.0
2018,10,Atlantic Coast,835,0.6063,-1.2848,2.0781,-30.6135,28.044,58.6574,71.98,28.02,0.0,0.0,0.0,100.0,60,7.19,2.6688,2.6688,0.0,100.0,0.0,0.0
2018,11,AK Coast,1904,-0.2729,-0.2115,3.0123,-29.2616,28.8387,58.1002,63.08,36.92,0.0,8.67,0.0,100.0,466,24.47,-3.1808,3.1808,100.0,0.0,0.0,0.0
2018,11,Pacific Coast,283,-0.3429,0.5588,0.9507,-30.9946,32.1122,63.1068,33.57,66.43,0.0,0.0,0.0,100.0,37,13.07,2.1047,2.1047,0.0,100.0,0.0,0.0
2018,11,Gulf Coast,57,-0.1512,-1.9121,21.2184,-34.2528,30.4285,64.6813,71.93,28.07,64.91,26.32,14.04,100.0,4,7.02,51.4378,51.4378,0.0,100.0,0.0,100.0
2018,11,Atlantic Coast,835,0.9435,-1.9155,2.4202,-31.2972,27.4663,58.7635,77.96,22.04,0.0,0.0,0.0,100.0,12,1.44,2.4123,2.4123,0.0,100.0,0.0,0.0
2018,12,AK Coast,1904,0.4242,2.7404,4.168,-26.0374,31.5182,57.5556,33.09,66.91,0.0,29.04,0.0,100.0,45,2.36,-3.6466,3.6466,100.0,0.0,0.0,0.0
2018,12,Pacific Coast,283,-0.5791,0.7166,0.782,-30.8319,32.2652,63.0971,14.49,85.51,0.0,0.0,0.0,100.0,7,2.47,3.0564,3.0564,0.0,100.0,0.0,0.0
2018,12,Gulf Coast,57,-0.0454,-5.3064,17.9462,-37.5684,26.9555,64.5239,70.18,29.82,61.4,26.32,3.51,100.0,1,1.75,52.0588,52.0588,0.0,100.0,0.0,100.0
2018,12,Atlantic Coast,835,1.1023,-2.325,2.5066,-31.6906,27.0407,58.7313,92.57,7.43,0.0,0.0,0.0,100.0,5,0.6,2.2271,2.2271,0.0,100.0,0.0,0.0
2019,1,AK Coast,1904,0.3669,2.1742,3.1403,-26.5306,30.879,57.4096,26.26,73.74,0.0,19.22,0.0,100.0,7,0.37,-2.0907,2.0907,100.0,0.0,0.0,0.0
2019,1,Pacific Coast,283,-0.1897,0.2725,0.7642,-31.27,31.8149,63.0849,42.76,57.24,0.0,0.0,0.0,100.0,1,0.35,1.885,1.885,0.0,100.0,0.0,0.0
2019,1,Gulf Coast,57,0.5449,-21.8229,21.8229,-53.8916,10.2457,64.1373,100.0,0.0,98.25,0.0,0.0,100.0,0,0.0,nan,nan,nan,nan,nan,nan
2019,1,Atlantic Coast,835,1.4478,-2.8652,2.8759,-32.3049,26.5745,58.8794,98.56,1.44,0.0,0.0,0.0,100.0,0,0.0,nan,nan,nan,nan,nan,nan
2019,2,AK Coast,1904,0.3571,3.3379,5.605,-25.6956,32.3713,58.0669,41.02,58.98,0.0,38.97,0.0,100.0,351,18.43,-3.397,3.397,100.0,0.0,0.0,0.0
2019,2,Pacific Coast,283,0.3391,-0.4923,0.6934,-32.0426,31.058,63.1006,68.9,31.1,0.0,0.0,0.0,100.0,0,0.0,nan,nan,nan,nan,nan,nan
2019,2,Gulf Coast,57,0.9434,-12.5484,12.5484,-44.9777,19.881,64.8587,100.0,0.0,100.0,0.0,0.0,100.0,0,0.0,nan,nan,nan,nan,nan,nan
2019,2,Atlantic Coast,835,0.8765,-1.9875,2.0822,-31.2923,27.3174,58.6097,93.53,6.47,0.0,0.0,0.0,100.0,4,0.48,2.9412,2.9412,0.0,100.0,0.0,0.0
2019,3,AK Coast,1904,0.6922,5.526,6.9137,-23.6215,34.6735,58.295,27.05,72.95,0.0,52.47,0.0,100.0,288,15.13,-3.0032,3.0032,100.0,0.0,0.0,0.0
2019,3,Pacific Coast,283,-0.1344,0.6176,1.8064,-31.0291,32.2642,63.2933,50.53,49.47,0.0,0.0,0.0,100.0,119,42.05,2.6965,2.6965,0.0,100.0,0.0,0.0
2019,3,Gulf Coast,57,1.066,-7.4931,7.6594,-40.2654,25.2791,65.5445,96.49,3.51,70.18,0.0,0.0,100.0,0,0.0,nan,nan,nan,nan,nan,nan
2019,3,Atlantic Coast,835,-0.1265,0.2272,1.2119,-29.0144,29.4688,58.4832,48.74,51.26,0.0,0.0,0.0,100.0,101,12.1,2.6111,2.6111,0.0,100.0,0.0,0.0
2019,4,AK Coast,1904,0.5011,4.1413,5.4775,-24.8711,33.1537,58.0249,32.04,67.96,0.0,41.65,0.0,100.0,221,11.61,-2.8965,2.8965,100.0,0.0,0.0,0.0
2019,4,Pacific Coast,283,0.0458,0.3865,1.6785,-31.2676,32.0407,63.3084,54.42,45.58,0.0,0.0,0.0,100.0,87,30.74,2.7914,2.7914,0.0,100.0,0.0,0.0
2019,4,Gulf Coast,57,0.8113,-16.8299,16.8299,-49.0904,15.4306,64.5209,100.0,0.0,94.74,0.0,0.0,100.0,0,0.0,nan,nan,nan,nan,nan,nan
2019,4,Atlantic Coast,835,0.051,-0.1547,0.9255,-29.3772,29.0677,58.4449,63.23,36.77,0.0,0.0,0.0,100.0,42,5.03,2.4224,2.4224,0.0,100.0,0.0,0.0
2019,5,AK Coast,1904,0.4686,3.6374,5.4098,-25.2507,32.5256,57.7764,32.56,67.44,0.0,49.32,0.0,100.0,188,9.87,-3.3669,3.3669,100.0,0.0,0.0,0.0
2019,5,Pacific Coast,283,-0.5036,0.9383,1.8516,-30.7085,32.5852,63.2937,50.18,49.82,0.0,0.0,0.0,100.0,125,44.17,3.0542,3.0542,0.0,100.0,0.0,0.0
2019,5,Gulf Coast,57,0.9078,-13.7906,13.796,-46.1751,18.5939,64.769,98.25,1.75,91.23,0.0,0.0,100.0,0,0.0,nan,nan,nan,nan,nan,nan
2019,5,Atlantic Coast,835,0.0925,-0.2412,1.2703,-29.4858,29.0035,58.4894,57.84,42.16,0.0,0.0,0.0,100.0,56,6.71,2.55,2.55,0.0,100.0,0.0,0.0
2019,6,AK Coast,1904,-0.2771,-0.9512,2.2055,-29.8443,27.942,57.7863,67.8,32.2,0.0,1.42,0.0,100.0,301,15.81,-3.2512,3.2512,100.0,0.0,0.0,0.0
2019,6,Pacific Coast,283,0.0033,0.0515,1.1107,-31.5096,31.6126,63.1222,55.12,44.88,0.0,0.0,0.0,100.0,13,4.59,1.9686,1.9686,0.0,100.0,0.0,0.0
2019,6,Gulf Coast,57,1.0982,-5.9076,8.9004,-38.9083,27.093,66.0013,75.44,24.56,56.14,14.04,0.0,100.0,0,0.0,nan,nan,nan,nan,nan,nan
2019,6,Atlantic Coast,835,0.4623,-0.9815,1.4229,-30.2494,28.2865,58.5359,70.78,29.22,0.0,0.0,0.0,100.0,12,1.44,2.3761,2.3761,0.0,100.0,0.0,0.0
2019,7,AK Coast,1904,-0.276,-1.1478,3.0764,-29.9674,27.6719,57.6393,78.31,21.69,0.0,9.19,0.0,100.0,151,7.93,-3.5887,3.5887,100.0,0.0,0.0,0.0
2019,7,Pacific Coast,283,0.1785,-0.0043,0.9923,-31.5898,31.5812,63.171,48.41,51.59,0.0,0.0,0.0,100.0,11,3.89,2.1108,2.1108,0.0,100.0,0.0,0.0
2019,7,Gulf Coast,57,1.5211,10.5729,12.1413,-25.8371,46.983,72.82,14.04,85.96,5.26,80.7,0.0,100.0,0,0.0,nan,nan,nan,nan,nan,nan
2019,7,Atlantic Coast,835,0.412,-0.9163,1.6503,-30.1889,28.3563,58.5453,71.14,28.86,0.0,0.0,0.0,100.0,56,6.71,2.5419,2.5419,0.0,100.0,0.0,0.0
2019,8,AK Coast,1904,-0.7513,0.5638,4.2338,-29.2851,30.4127,59.6978,69.85,30.15,0.0,18.33,0.0,100.0,1006,52.84,-2.6419,2.6419,100.0,0.0,0.0,0.0
2019,8,Pacific Coast,283,-0.5414,0.8772,1.0737,-30.6942,32.4487,63.1429,24.38,75.62,0.0,0.0,0.0,100.0,70,24.73,2.446,2.446,0.0,100.0,0.0,0.0
2019,8,Gulf Coast,57,-0.6223,25.3912,31.5649,-7.4398,58.2222,65.662,21.05,78.95,15.79,75.44,45.61,100.0,13,22.81,52.4781,52.4781,0.0,100.0,0.0,100.0
2019,8,Atlantic Coast,835,0.5036,-1.0613,1.4742,-30.3295,28.2068,58.5363,74.49,25.51,0.0,0.0,0.0,100.0,2,0.24,2.2763,2.2763,0.0,100.0,0.0,0.0
2019,9,AK Coast,1904,-0.2301,2.1807,5.1581,-27.3807,31.742,59.1227,56.3,43.7,0.0,33.19,0.0,100.0,754,39.6,-2.7245,2.7245,100.0,0.0,0.0,0.0
2019,9,Pacific Coast,283,0.7717,-0.4621,1.3212,-32.1309,31.2067,63.3375,75.27,24.73,0.0,0.0,0.0,100.0,32,11.31,2.8868,2.8868,0.0,100.0,0.0,0.0
2019,9,Gulf Coast,57,-1.068,46.8521,46.8521,13.352,80.3522,67.0002,0.0,100.0,0.0,98.25,84.21,100.0,32,56.14,49.7007,49.7007,0.0,100.0,0.0,96.88
2019,9,Atlantic Coast,835,-0.2219,0.3319,1.4239,-28.9344,29.5982,58.5327,40.12,59.88,0.0,0.0,0.0,100.0,129,15.45,2.6567,2.6567,0.0,100.0,0.0,0.0
2019,10,AK Coast,1904,0.238,3.4356,5.9526,-25.7256,32.5967,58.3223,44.07,55.93,0.0,46.27,0.0,100.0,420,22.06,-3.0644,3.0644,100.0,0.0,0.0,0.0
2019,10,Pacific Coast,283,-0.2131,0.4308,1.5317,-31.1858,32.0473,63.233,62.9,37.1,0.0,0.0,0.0,100.0,84,29.68,3.0779,3.0779,0.0,100.0,0.0,0.0
2019,10,Gulf Coast,57,-1.9683,-0.5105,14.0614,-41.8209,40.7999,82.6208,52.63,47.37,49.12,33.33,1.75,100.0,57,100.0,-0.5105,14.0614,52.63,47.37,49.12,33.33
2019,10,Atlantic Coast,835,0.0416,-0.1105,1.2807,-29.3478,29.1269,58.4747,52.57,47.43,0.0,0.0,0.0,100.0,55,6.59,2.4486,2.4486,0.0,100.0,0.0,0.0
2019,11,AK Coast,1904,0.8871,5.7907,6.7453,-23.1336,34.715,57.8485,22.69,77.31,0.0,52.73,0.0,100.0,36,1.89,-3.5165,3.5165,100.0,0.0,0.0,0.0
2019,11,Pacific Coast,283,-1.0925,1.9114,1.9114,-29.7098,33.5326,63.2423,0.35,99.65,0.0,0.0,0.0,100.0,154,54.42,2.4807,2.4807,0.0,100.0,0.0,0.0
2019,11,Gulf Coast,57,-0.2696,9.7912,25.8412,-22.8666,42.4489,65.3155,43.86,56.14,38.6,47.37,26.32,100.0,11,19.3,49.7448,49.7448,0.0,100.0,0.0,100.0
2019,11,Atlantic Coast,835,-0.3387,0.6514,1.305,-28.6012,29.9039,58.5051,30.9,69.1,0.0,0.0,0.0,100.0,144,17.25,2.5224,2.5224,0.0,100.0,0.0,0.0
2019,12,AK Coast,1904,0.8215,5.1611,5.4389,-23.6328,33.955,57.5878,6.04,93.96,0.0,48.32,0.0,100.0,34,1.79,-3.6031,3.6031,100.0,0.0,0.0,0.0
2019,12,Pacific Coast,283,-0.9307,1.4569,1.6763,-30.1429,33.0568,63.1997,20.85,79.15,0.0,0.0,0.0,100.0,167,59.01,2.2424,2.2424,0.0,100.0,0.0,0.0
2019,12,Gulf Coast,57,0.7478,-14.3344,15.701,-46.846,18.1772,65.0232,92.98,7.02,84.21,5.26,0.0,100.0,0,0.0,nan,nan,nan,nan,nan,nan
2019,12,Atlantic Coast,835,0.5981,-1.2914,1.5624,-30.5638,27.981,58.5448,79.28,20.72,0.0,0.0,0.0,100.0,1,0.12,2.1506,2.1506,0.0,100.0,0.0,0.0
2020,1,AK Coast,1904,0.0006,1.1535,3.6934,-27.778,30.0851,57.8631,44.59,55.41,0.0,21.06,0.0,100.0,390,20.48,-3.3979,3.3979,100.0,0.0,0.0,0.0
2020,1,Pacific Coast,283,-0.1447,0.1245,0.4163,-31.4057,31.6547,63.0604,43.11,56.89,0.0,0.0,0.0,100.0,0,0.0,nan,nan,nan,nan,nan,nan
2020,1,Gulf Coast,57,0.4335,-19.7769,19.8392,-51.8987,12.345,64.2437,98.25,1.75,92.98,0.0,0.0,100.0,0,0.0,nan,nan,nan,nan,nan,nan
2020,1,Atlantic Coast,835,0.1043,-0.223,0.9788,-29.4488,29.0029,58.4516,54.49,45.51,0.0,0.0,0.0,100.0,7,0.84,2.3154,2.3154,0.0,100.0,0.0,0.0
2020,2,AK Coast,1904,-0.2349,-0.2546,3.6505,-29.2122,28.703,57.9152,66.65,33.35,0.0,16.33,0.0,100.0,474,24.89,-3.5562,3.5562,100.0,0.0,0.0,0.0
2020,2,Pacific Coast,283,0.2169,0.1638,1.2453,-31.4535,31.7811,63.2346,49.12,50.88,0.0,0.0,0.0,100.0,38,13.43,2.1252,2.1252,0.0,100.0,0.0,0.0
2020,2,Gulf Coast,57,-0.5576,24.588,25.932,-8.0652,57.2412,65.3065,5.26,94.74,3.51,89.47,28.07,100.0,2,3.51,53.2143,53.2143,0.0,100.0,0.0,100.0
2020,2,Atlantic Coast,835,0.5163,-1.1563,1.5261,-30.4218,28.1091,58.5309,82.28,17.72,0.0,0.0,0.0,100.0,16,1.92,2.4752,2.4752,0.0,100.0,0.0,0.0
2020,3,AK Coast,1904,-0.0446,0.9,3.1478,-28.0756,29.8757,57.9513,43.75,56.25,0.0,16.65,0.0,100.0,363,19.07,-3.0954,3.0954,100.0,0.0,0.0,0.0
2020,3,Pacific Coast,283,-0.092,0.5347,1.542,-31.1019,32.1712,63.2731,45.58,54.42,0.0,0.0,0.0,100.0,79,27.92,2.8055,2.8055,0.0,100.0,0.0,0.0
2020,3,Gulf Coast,57,-0.4064,13.9471,16.3286,-18.5065,46.4007,64.9072,19.3,80.7,7.02,73.68,1.75,100.0,0,0.0,nan,nan,nan,nan,nan,nan
2020,3,Atlantic Coast,835,-0.3739,0.7644,1.5257,-28.5007,30.0294,58.5301,32.1,67.9,0.0,0.0,0.0,100.0,215,25.75,2.517,2.517,0.0,100.0,0.0,0.0
2020,4,AK Coast,1904,0.7053,5.5894,7.2798,-23.5206,34.6994,58.2199,30.57,69.43,0.0,56.99,0.0,100.0,203,10.66,-2.9297,2.9297,100.0,0.0,0.0,0.0
2020,4,Pacific Coast,283,-1.436,2.2394,2.3192,-29.4658,33.9447,63.4105,10.95,89.05,0.0,0.0,0.0,100.0,189,66.78,3.1302,3.1302,0.0,100.0,0.0,0.0
2020,4,Gulf Coast,57,0.6633,-19.4284,19.4284,-51.6171,12.7604,64.3776,100.0,0.0,100.0,0.0,0.0,100.0,0,0.0,nan,nan,nan,nan,nan,nan
2020,4,Atlantic Coast,835,0.1864,-0.4485,1.5398,-29.719,28.8221,58.5411,55.45,44.55,0.0,0.0,0.0,100.0,60,7.19,2.5153,2.5153,0.0,100.0,0.0,0.0
2020,5,AK Coast,1904,0.0295,1.3856,4.5117,-27.5848,30.3559,57.9407,52.78,47.22,0.0,27.26,0.0,100.0,409,21.48,-3.5179,3.5179,100.0,0.0,0.0,0.0
2020,5,Pacific Coast,283,-0.5587,0.9608,1.256,-30.6101,32.5316,63.1418,18.02,81.98,0.0,0.0,0.0,100.0,60,21.2,2.343,2.343,0.0,100.0,0.0,0.0
2020,5,Gulf Coast,57,1.3223,2.8557,9.2937,-31.6737,37.3851,69.0588,36.84,63.16,29.82,42.11,0.0,100.0,0,0.0,nan,nan,nan,nan,nan,nan
2020,5,Atlantic Coast,835,0.2164,-0.4876,1.1701,-29.7251,28.7499,58.475,60.6,39.4,0.0,0.0,0.0,100.0,13,1.56,2.3645,2.3645,0.0,100.0,0.0,0.0
2020,6,AK Coast,1904,-0.0116,0.2702,3.5585,-28.5509,29.0913,57.6422,61.82,38.18,0.0,15.81,0.0,100.0,84,4.41,-3.3987,3.3987,100.0,0.0,0.0,0.0
2020,6,Pacific Coast,283,-0.0533,-0.0479,0.4685,-31.5799,31.484,63.0639,61.13,38.87,0.0,0.0,0.0,100.0,1,0.35,3.5518,3.5518,0.0,100.0,0.0,0.0
2020,6,Gulf Coast,57,0.9737,-10.4524,14.5566,-43.3036,22.3988,65.7024,73.68,26.32,66.67,19.3,0.0,100.0,0,0.0,nan,nan,nan,nan,nan,nan
2020,6,Atlantic Coast,835,0.5371,-1.153,1.3735,-30.4116,28.1056,58.5172,80.96,19.04,0.0,0.0,0.0,100.0,1,0.12,2.1494,2.1494,0.0,100.0,0.0,0.0
2020,7,AK Coast,1904,-0.2792,-0.7844,3.0793,-29.6723,28.1034,57.7757,68.86,31.14,0.0,9.98,0.0,100.0,333,17.49,-3.5762,3.5762,100.0,0.0,0.0,0.0
2020,7,Pacific Coast,283,0.5436,-0.6519,1.0484,-32.2259,30.9221,63.1481,78.45,21.55,0.0,0.0,0.0,100.0,3,1.06,1.9597,1.9597,0.0,100.0,0.0,0.0
2020,7,Gulf Coast,57,-1.7293,18.6791,31.9071,-20.1651,57.5232,77.6883,35.09,64.91,29.82,61.4,36.84,100.0,53,92.98,16.3573,30.5837,37.74,62.26,32.08,58.49
2020,7,Atlantic Coast,835,0.2809,-0.6034,1.5822,-29.8755,28.6686,58.5441,60.84,39.16,0.0,0.0,0.0,100.0,66,7.9,2.5691,2.5691,0.0,100.0,0.0,0.0
2020,8,AK Coast,1904,-0.1925,0.2157,4.4227,-28.818,29.2494,58.0674,72.37,27.63,0.0,17.65,0.0,100.0,418,21.95,-3.5081,3.5081,100.0,0.0,0.0,0.0
2020,8,Pacific Coast,283,-0.2837,0.426,1.0105,-31.1434,31.9955,63.1389,52.3,47.7,0.0,0.0,0.0,100.0,52,18.37,2.7071,2.7071,0.0,100.0,0.0,0.0
2020,8,Gulf Coast,57,-1.3353,41.4361,41.4361,7.4383,75.4339,67.9956,0.0,100.0,0.0,98.25,56.14,100.0,49,85.96,42.9027,42.9027,0.0,100.0,0.0,97.96
2020,8,Atlantic Coast,835,0.2161,-0.4972,1.4492,-29.7615,28.7671,58.5286,65.03,34.97,0.0,0.0,0.0,100.0,91,10.9,2.6215,2.6215,0.0,100.0,0.0,0.0
2020,9,AK Coast,1904,-0.421,-1.0521,2.9159,-30.0676,27.9633,58.0309,72.22,27.78,0.0,5.78,0.0,100.0,422,22.16,-3.238,3.238,100.0,0.0,0.0,0.0
2020,9,Pacific Coast,283,-0.5293,0.7808,1.2846,-30.8145,32.376,63.1905,47.7,52.3,0.0,0.0,0.0,100.0,76,26.86,2.9546,2.9546,0.0,100.0,0.0,0.0
2020,9,Gulf Coast,57,-2.8662,-15.1127,21.6978,-61.2777,31.0522,92.3298,82.46,17.54,77.19,14.04,0.0,100.0,57,100.0,-15.1127,21.6978,82.46,17.54,77.19,14.04
2020,9,Atlantic Coast,835,0.3796,-1.0228,2.0362,-30.358,28.3125,58.6704,73.89,26.11,0.0,0.0,0.0,100.0,119,14.25,2.8598,2.8598,0.0,100.0,0.0,0.0
2020,10,AK Coast,1904,-0.4022,-1.9988,2.3962,-30.8038,26.8062,57.61,86.66,13.34,0.0,0.26,0.0,100.0,147,7.72,-3.5776,3.5776,100.0,0.0,0.0,0.0
2020,10,Pacific Coast,283,-1.1181,1.5755,1.8061,-30.0767,33.2277,63.3044,22.97,77.03,0.0,0.0,0.0,100.0,141,49.82,3.0048,3.0048,0.0,100.0,0.0,0.0
2020,10,Gulf Coast,57,-3.036,-24.3381,24.3381,-73.3467,24.6704,98.0171,100.0,0.0,100.0,0.0,0.0,100.0,57,100.0,-24.3381,24.3381,100.0,0.0,100.0,0.0
2020,10,Atlantic Coast,835,0.5267,-1.1186,2.0799,-30.4508,28.2136,58.6644,70.9,29.1,0.0,0.0,0.0,100.0,86,10.3,2.7142,2.7142,0.0,100.0,0.0,0.0
2020,11,AK Coast,1904,0.2736,2.096,3.9111,-26.7224,30.9144,57.6368,32.56,67.44,0.0,25.21,0.0,100.0,192,10.08,-3.48,3.48,100.0,0.0,0.0,0.0
2020,11,Pacific Coast,283,-0.9004,1.2935,1.5887,-30.3497,32.9367,63.2864,30.74,69.26,0.0,0.0,0.0,100.0,107,37.81,3.2922,3.2922,0.0,100.0,0.0,0.0
2020,11,Gulf Coast,57,-3.15,-24.0918,24.0918,-73.0113,24.8277,97.839,100.0,0.0,100.0,0.0,0.0,100.0,57,100.0,-24.0918,24.0918,100.0,0.0,100.0,0.0
2020,11,Atlantic Coast,835,0.573,-1.2217,1.8586,-30.5238,28.0803,58.604,79.64,20.36,0.0,0.0,0.0,100.0,56,6.71,2.5571,2.5571,0.0,100.0,0.0,0.0
2020,12,AK Coast,1904,0.4634,2.6482,3.3125,-26.0507,31.3472,57.3979,22.27,77.73,0.0,22.74,0.0,100.0,11,0.58,-3.1398,3.1398,100.0,0.0,0.0,0.0
2020,12,Pacific Coast,283,-1.0159,1.5236,1.6789,-30.1061,33.1534,63.2595,15.19,84.81,0.0,0.0,0.0,100.0,128,45.23,2.8826,2.8826,0.0,100.0,0.0,0.0
2020,12,Gulf Coast,57,-1.6188,32.3439,32.452,-2.5814,67.2692,69.8506,1.75,98.25,0.0,98.25,36.84,100.0,56,98.25,32.0247,32.1347,1.79,98.21,0.0,98.21
2020,12,Atlantic Coast,835,0.525,-1.0235,1.6738,-30.3223,28.2753,58.5976,68.26,31.74,0.0,0.0,0.0,100.0,27,3.23,2.6921,2.6921,0.0,100.0,0.0,0.0
2021,1,AK Coast,1904,0.7927,5.0522,5.2963,-23.7194,33.8237,57.5432,8.67,91.33,0.0,48.84,0.0,100.0,9,0.47,-2.3889,2.3889,100.0,0.0,0.0,0.0
2021,1,Pacific Coast,283,-0.1696,0.2592,0.9179,-31.2925,31.8109,63.1034,56.54,43.46,0.0,0.0,0.0,100.0,44,15.55,2.2447,2.2447,0.0,100.0,0.0,0.0
2021,1,Gulf Coast,57,-0.901,43.038,43.2687,9.8435,76.2324,66.389,1.75,98.25,1.75,98.25,73.68,100.0,26,45.61,53.5589,53.5589,0.0,100.0,0.0,100.0
2021,1,Atlantic Coast,835,0.2566,-0.567,1.5597,-29.837,28.7031,58.5401,60.36,39.64,0.0,0.0,0.0,100.0,51,6.11,2.5781,2.5781,0.0,100.0,0.0,0.0
2021,2,AK Coast,1904,0.0819,1.3515,4.0165,-27.5465,30.2495,57.7959,43.96,56.04,0.0,20.75,0.0,100.0,359,18.86,-3.6154,3.6154,100.0,0.0,0.0,0.0
2021,2,Pacific Coast,283,0.0549,0.1507,1.3276,-31.4464,31.7479,63.1943,58.3,41.7,0.0,0.0,0.0,100.0,64,22.61,2.5254,2.5254,0.0,100.0,0.0,0.0
2021,2,Gulf Coast,57,-1.2687,49.3262,49.3262,15.6394,83.0129,67.3735,0.0,100.0,0.0,100.0,94.74,100.0,51,89.47,49.7658,49.7658,0.0,100.0,0.0,100.0
2021,2,Atlantic Coast,835,0.4814,-1.0816,1.5391,-30.3616,28.1985,58.5601,68.62,31.38,0.0,0.0,0.0,100.0,4,0.48,2.9412,2.9412,0.0,100.0,0.0,0.0
2021,3,AK Coast,1904,0.1739,1.8847,4.0651,-27.0406,30.8099,57.8505,42.75,57.25,0.0,26.31,0.0,100.0,300,15.76,-3.349,3.349,100.0,0.0,0.0,0.0
2021,3,Pacific Coast,283,-0.0532,0.1482,1.1316,-31.4201,31.7164,63.1365,60.42,39.58,0.0,0.0,0.0,100.0,52,18.37,2.4964,2.4964,0.0,100.0,0.0,0.0
2021,3,Gulf Coast,57,-0.9411,44.8949,44.8949,11.6375,78.1523,66.5148,0.0,100.0,0.0,98.25,82.46,100.0,27,47.37,53.3336,53.3336,0.0,100.0,0.0,100.0
2021,3,Atlantic Coast,835,-0.0857,0.106,1.539,-29.1665,29.3786,58.5451,49.22,50.78,0.0,0.0,0.0,100.0,129,15.45,2.6428,2.6428,0.0,100.0,0.0,0.0
2021,4,AK Coast,1904,-0.0605,1.9404,4.5973,-27.2418,31.1227,58.3645,48.06,51.94,0.0,29.78,0.0,100.0,547,28.73,-3.0935,3.0935,100.0,0.0,0.0,0.0
2021,4,Pacific Coast,283,-1.0672,1.875,1.9011,-29.7462,33.4963,63.2425,4.24,95.76,0.0,0.0,0.0,100.0,168,59.36,2.5026,2.5026,0.0,100.0,0.0,0.0
2021,4,Gulf Coast,57,-1.2906,43.7336,43.7336,9.848,77.6192,67.7712,0.0,100.0,0.0,100.0,77.19,100.0,42,73.68,42.9509,42.9509,0.0,100.0,0.0,100.0
2021,4,Atlantic Coast,835,0.3081,-0.7323,1.3289,-29.979,28.5144,58.4933,74.25,25.75,0.0,0.0,0.0,100.0,56,6.71,2.5162,2.5162,0.0,100.0,0.0,0.0
2021,5,AK Coast,1904,0.1903,1.7275,3.7846,-27.1109,30.566,57.6768,40.65,59.35,0.0,26.1,0.0,100.0,190,9.98,-3.3757,3.3757,100.0,0.0,0.0,0.0
2021,5,Pacific Coast,283,-1.8077,2.948,2.948,-28.8091,34.7051,63.5142,0.0,100.0,0.0,0.0,0.0,100.0,266,93.99,3.0467,3.0467,0.0,100.0,0.0,0.0
2021,5,Gulf Coast,57,-0.6661,26.0718,28.9015,-6.7842,58.9277,65.7119,21.05,78.95,14.04,73.68,42.11,100.0,16,28.07,51.5677,51.5677,0.0,100.0,0.0,100.0
2021,5,Atlantic Coast,835,-0.2223,0.3051,1.8781,-29.019,29.6292,58.6482,33.77,66.23,0.0,0.0,0.0,100.0,176,21.08,2.7688,2.7688,0.0,100.0,0.0,0.0
2021,6,AK Coast,1904,0.4966,2.9911,3.9646,-25.7491,31.7314,57.4805,23.32,76.68,0.0,29.25,0.0,100.0,28,1.47,-3.6738,3.6738,100.0,0.0,0.0,0.0
2021,6,Pacific Coast,283,-1.8679,3.0332,3.0332,-28.7355,34.8019,63.5374,0.0,100.0,0.0,0.0,0.0,100.0,273,96.47,3.0917,3.0917,0.0,100.0,0.0,0.0
2021,6,Gulf Coast,57,-1.3003,31.5304,39.5418,-4.6102,67.671,72.2812,17.54,82.46,17.54,82.46,57.89,100.0,37,64.91,27.2126,39.5545,27.03,72.97,27.03,72.97
2021,6,Atlantic Coast,835,0.3917,-0.763,1.6073,-30.0637,28.5378,58.6016,59.88,40.12,0.0,0.0,0.0,100.0,48,5.75,2.4636,2.4636,0.0,100.0,0.0,0.0
2021,7,AK Coast,1904,0.8917,5.3185,5.818,-23.5292,34.1662,57.6954,19.28,80.72,0.0,49.63,0.0,100.0,3,0.16,-2.0907,2.0907,100.0,0.0,0.0,0.0
2021,7,Pacific Coast,283,-1.0973,1.9033,1.9052,-29.7194,33.5259,63.2452,1.06,98.94,0.0,0.0,0.0,100.0,153,54.06,2.4866,2.4866,0.0,100.0,0.0,0.0
2021,7,Gulf Coast,57,-1.1719,21.9193,27.8333,-13.6652,57.5038,71.169,17.54,82.46,14.04,75.44,33.33,100.0,31,54.39,21.3101,31.4123,25.81,74.19,22.58,70.97
2021,7,Atlantic Coast,835,1.0431,-1.9192,2.0413,-31.2581,27.4197,58.6778,89.46,10.54,0.0,0.0,0.0,100.0,5,0.6,2.306,2.306,0.0,100.0,0.0,0.0
2021,8,AK Coast,1904,0.7636,5.036,6.4001,-23.8787,33.9506,57.8294,30.25,69.75,0.0,49.89,0.0,100.0,17,0.89,-2.9538,2.9538,100.0,0.0,0.0,0.0
2021,8,Pacific Coast,283,-0.6959,1.1846,1.4945,-30.4142,32.7834,63.1976,26.5,73.5,0.0,0.0,0.0,100.0,112,39.58,2.5291,2.5291,0.0,100.0,0.0,0.0
2021,8,Gulf Coast,57,-0.8336,27.7725,33.2972,-5.4727,61.0177,66.4904,21.05,78.95,14.04,73.68,47.37,100.0,25,43.86,44.7101,44.7358,4.0,96.0,0.0,96.0
2021,8,Atlantic Coast,835,1.3186,-2.6768,2.6927,-32.0709,26.7173,58.7882,98.8,1.2,0.0,0.0,0.0,100.0,0,0.0,nan,nan,nan,nan,nan,nan
2021,9,AK Coast,1904,0.4218,3.6339,5.7623,-25.3491,32.6168,57.9659,39.34,60.66,0.0,42.65,0.0,100.0,244,12.82,-3.3813,3.3813,100.0,0.0,0.0,0.0
2021,9,Pacific Coast,283,0.2666,-0.3203,1.0305,-31.9008,31.2601,63.1609,77.39,22.61,0.0,0.0,0.0,100.0,24,8.48,3.0647,3.0647,0.0,100.0,0.0,0.0
2021,9,Gulf Coast,57,-0.6857,23.9321,32.415,-8.9958,56.8599,65.8557,22.81,77.19,21.05,71.93,45.61,100.0,19,33.33,48.3074,48.3074,0.0,100.0,0.0,100.0
2021,9,Atlantic Coast,835,1.3467,-2.5824,2.8014,-32.0185,26.8537,58.8723,91.14,8.86,0.0,0.0,0.0,100.0,9,1.08,2.5729,2.5729,0.0,100.0,0.0,0.0
2021,10,AK Coast,1904,0.2729,1.6746,3.0977,-27.0561,30.4053,57.4614,37.71,62.29,0.0,18.59,0.0,100.0,43,2.26,-3.5053,3.5053,100.0,0.0,0.0,0.0
2021,10,Pacific Coast,283,1.2691,-1.1023,1.1114,-32.7614,30.5568,63.3181,99.29,0.71,0.0,0.0,0.0,100.0,0,0.0,nan,nan,nan,nan,nan,nan
2021,10,Gulf Coast,57,0.158,-14.5609,18.8339,-46.7264,17.6047,64.3311,87.72,12.28,78.95,10.53,0.0,100.0,0,0.0,nan,nan,nan,nan,nan,nan
2021,10,Atlantic Coast,835,0.7257,-1.5446,1.9532,-30.8458,27.7566,58.6024,84.91,15.09,0.0,0.0,0.0,100.0,27,3.23,2.3675,2.3675,0.0,100.0,0.0,0.0
2021,11,AK Coast,1904,-0.1989,-0.6721,3.1053,-29.5152,28.1711,57.6862,71.48,28.52,0.0,9.3,0.0,100.0,208,10.92,-3.5391,3.5391,100.0,0.0,0.0,0.0
2021,11,Pacific Coast,283,1.1483,-0.945,0.9858,-32.5902,30.7002,63.2904,93.99,6.01,0.0,0.0,0.0,100.0,0,0.0,nan,nan,nan,nan,nan,nan
2021,11,Gulf Coast,57,-0.8423,40.4278,40.4355,7.3541,73.5016,66.1475,1.75,98.25,0.0,96.49,68.42,100.0,16,28.07,52.9051,52.9051,0.0,100.0,0.0,100.0
2021,11,Atlantic Coast,835,0.1027,-0.2956,1.3466,-29.5439,28.9527,58.4966,64.67,35.33,0.0,0.0,0.0,100.0,89,10.66,2.5588,2.5588,0.0,100.0,0.0,0.0
2021,12,AK Coast,1904,0.056,0.8427,3.4184,-27.978,29.6634,57.6413,46.69,53.31,0.0,18.33,0.0,100.0,225,11.82,-3.5581,3.5581,100.0,0.0,0.0,0.0
2021,12,Pacific Coast,283,0.7962,-0.9208,1.0212,-32.5233,30.6818,63.205,98.59,1.41,0.0,0.0,0.0,100.0,4,1.41,3.5518,3.5518,0.0,100.0,0.0,0.0
2021,12,Gulf Coast,57,0.9836,-10.5041,12.0656,-43.1534,22.1452,65.2986,85.96,14.04,68.42,7.02,0.0,100.0,0,0.0,nan,nan,nan,nan,nan,nan
2021,12,Atlantic Coast,835,-0.5921,1.2296,1.5421,-28.0346,30.4939,58.5285,18.2,81.8,0.0,0.0,0.0,100.0,259,31.02,2.5128,2.5128,0.0,100.0,0.0,0.0
2022,1,AK Coast,1904,-0.0335,0.7234,3.4489,-28.1783,29.6251,57.8035,52.89,47.11,0.0,19.28,0.0,100.0,206,10.82,-3.0372,3.0372,100.0,0.0,0.0,0.0
2022,1,Pacific Coast,283,0.037,0.0528,0.8731,-31.5075,31.6132,63.1207,46.64,53.36,0.0,0.0,0.0,100.0,0,0.0,nan,nan,nan,nan,nan,nan
2022,1,Gulf Coast,57,0.096,-15.5032,16.0625,-47.6309,16.6246,64.2555,91.23,8.77,80.7,3.51,0.0,100.0,0,0.0,nan,nan,nan,nan,nan,nan
2022,1,Atlantic Coast,835,-0.8481,1.4166,1.9192,-27.9324,30.7657,58.6981,19.64,80.36,0.0,0.0,0.0,100.0,382,45.75,2.7389,2.7389,0.0,100.0,0.0,0.0
2022,2,AK Coast,1904,0.7291,4.5339,5.3775,-24.2738,33.3416,57.6154,26.26,73.74,0.0,47.79,0.0,100.0,0,0.0,nan,nan,nan,nan,nan,nan
2022,2,Pacific Coast,283,-0.6797,1.1522,1.3153,-30.4287,32.7331,63.1618,20.85,79.15,0.0,0.0,0.0,100.0,96,33.92,2.4046,2.4046,0.0,100.0,0.0,0.0
2022,2,Gulf Coast,57,-0.3208,7.3838,12.5297,-24.9845,39.7522,64.7367,40.35,59.65,24.56,42.11,7.02,100.0,0,0.0,nan,nan,nan,nan,nan,nan
2022,2,Atlantic Coast,835,-0.7425,1.4121,1.5535,-27.8722,30.6964,58.5686,11.98,88.02,0.0,0.0,0.0,100.0,269,32.22,2.7007,2.7007,0.0,100.0,0.0,0.0
2022,3,AK Coast,1904,0.4349,4.0791,6.7004,-25.0779,33.2361,58.3141,41.75,58.25,0.0,49.79,0.0,100.0,400,21.01,-3.2509,3.2509,100.0,0.0,0.0,0.0
2022,3,Pacific Coast,283,-1.5117,2.242,2.3096,-29.4827,33.9666,63.4492,8.83,91.17,0.0,0.0,0.0,100.0,176,62.19,3.3429,3.3429,0.0,100.0,0.0,0.0
2022,3,Gulf Coast,57,-1.6734,27.1215,29.9724,-8.9301,63.173,72.1031,12.28,87.72,8.77,85.96,33.33,100.0,57,100.0,27.1215,29.9724,12.28,87.72,8.77,85.96
2022,3,Atlantic Coast,835,-0.2334,0.4931,0.9389,-28.7343,29.7205,58.4548,43.47,56.53,0.0,0.0,0.0,100.0,105,12.57,2.4748,2.4748,0.0,100.0,0.0,0.0
2022,4,AK Coast,1904,-0.0593,2.9959,5.3245,-26.4663,32.4581,58.9244,44.12,55.88,0.0,38.81,0.0,100.0,647,33.98,-2.6907,2.6907,100.0,0.0,0.0,0.0
2022,4,Pacific Coast,283,-0.93,1.5943,1.7637,-30.0356,33.2243,63.2599,21.55,78.45,0.0,0.0,0.0,100.0,153,54.06,2.8208,2.8208,0.0,100.0,0.0,0.0
2022,4,Gulf Coast,57,-1.6048,32.563,33.9273,-2.548,67.674,70.2221,5.26,94.74,3.51,92.98,43.86,100.0,57,100.0,32.563,33.9273,5.26,94.74,3.51,92.98
2022,4,Atlantic Coast,835,-0.3111,0.587,1.246,-28.6616,29.8357,58.4973,34.61,65.39,0.0,0.0,0.0,100.0,147,17.6,2.6254,2.6254,0.0,100.0,0.0,0.0
2022,5,AK Coast,1904,-0.7628,-1.9905,2.6723,-31.2326,27.2516,58.4842,83.82,16.18,0.0,0.16,0.0,100.0,655,34.4,-3.0324,3.0324,100.0,0.0,0.0,0.0
2022,5,Pacific Coast,283,0.0457,0.0734,1.2682,-31.5042,31.6509,63.1551,61.84,38.16,0.0,0.0,0.0,100.0,66,23.32,2.2761,2.2761,0.0,100.0,0.0,0.0
2022,5,Gulf Coast,57,-1.1791,49.9198,49.9198,16.3289,83.5106,67.1817,0.0,100.0,0.0,100.0,94.74,100.0,43,75.44,50.8995,50.8995,0.0,100.0,0.0,100.0
2022,5,Atlantic Coast,835,-0.0606,0.0609,1.4229,-29.1932,29.3149,58.5081,52.57,47.43,0.0,0.0,0.0,100.0,137,16.41,2.5433,2.5433,0.0,100.0,0.0,0.0
2022,6,AK Coast,1904,-1.6329,-2.2351,2.8094,-32.1756,27.7053,59.8809,92.12,7.88,0.0,2.26,0.0,100.0,1268,66.6,-2.7652,2.7652,100.0,0.0,0.0,0.0
2022,6,Pacific Coast,283,0.7039,-0.2476,1.499,-31.9378,31.4425,63.3803,73.5,26.5,0.0,0.0,0.0,100.0,55,19.43,2.829,2.829,0.0,100.0,0.0,0.0
2022,6,Gulf Coast,57,-1.6602,27.6594,33.9855,-9.0355,64.3544,73.39,19.3,80.7,12.28,80.7,49.12,100.0,56,98.25,27.2694,33.7084,19.64,80.36,12.5,80.36
2022,6,Atlantic Coast,835,-0.3146,0.6154,1.4159,-28.6438,29.8746,58.5184,37.72,62.28,0.0,0.0,0.0,100.0,184,22.04,2.5784,2.5784,0.0,100.0,0.0,0.0
2022,7,AK Coast,1904,-0.4455,-0.8356,3.2653,-29.9209,28.2497,58.1705,70.06,29.94,0.0,9.4,0.0,100.0,527,27.68,-3.2296,3.2296,100.0,0.0,0.0,0.0
2022,7,Pacific Coast,283,0.4783,-0.2185,1.4967,-31.8788,31.4418,63.3206,72.08,27.92,0.0,0.0,0.0,100.0,57,20.14,2.7948,2.7948,0.0,100.0,0.0,0.0
2022,7,Gulf Coast,57,-1.8072,13.7493,31.2277,-26.3339,53.8326,80.1665,42.11,57.89,36.84,54.39,36.84,100.0,52,91.23,11.0047,30.1637,46.15,53.85,40.38,50.0
2022,7,Atlantic Coast,835,-0.1861,0.2871,1.5042,-28.9843,29.5584,58.5428,47.66,52.34,0.0,0.0,0.0,100.0,178,21.32,2.6726,2.6726,0.0,100.0,0.0,0.0
2022,8,AK Coast,1904,0.4372,2.6459,3.7485,-26.0955,31.3873,57.4829,29.88,70.12,0.0,26.84,0.0,100.0,8,0.42,-2.5047,2.5047,100.0,0.0,0.0,0.0
2022,8,Pacific Coast,283,-0.052,0.081,0.8614,-31.4848,31.6469,63.1317,56.54,43.46,0.0,0.0,0.0,100.0,26,9.19,2.9678,2.9678,0.0,100.0,0.0,0.0
2022,8,Gulf Coast,57,-1.4133,30.0966,35.2948,-5.3013,65.4946,70.7959,14.04,85.96,10.53,84.21,47.37,100.0,47,82.46,31.6121,35.7413,12.77,87.23,8.51,85.11
2022,8,Atlantic Coast,835,-0.065,0.0409,1.4162,-29.222,29.3038,58.5258,50.66,49.34,0.0,0.0,0.0,100.0,123,14.73,2.6539,2.6539,0.0,100.0,0.0,0.0
2022,9,AK Coast,1904,1.1114,6.6285,7.4129,-22.3164,35.5734,57.8898,19.59,80.41,0.0,64.5,0.0,100.0,41,2.15,-3.4877,3.4877,100.0,0.0,0.0,0.0
2022,9,Pacific Coast,283,-0.6195,1.4364,2.1415,-30.2853,33.158,63.4433,34.63,65.37,0.0,0.0,0.0,100.0,145,51.24,3.2404,3.2404,0.0,100.0,0.0,0.0
2022,9,Gulf Coast,57,0.2858,-2.9946,20.9103,-35.6369,29.6477,65.2847,68.42,31.58,64.91,29.82,12.28,100.0,1,1.75,53.841,53.841,0.0,100.0,0.0,100.0
2022,9,Atlantic Coast,835,0.2762,-0.6873,1.651,-29.9926,28.6179,58.6106,64.55,35.45,0.0,0.0,0.0,100.0,99,11.86,2.6885,2.6885,0.0,100.0,0.0,0.0
2022,10,AK Coast,1904,0.8187,4.7439,5.807,-24.1075,33.5953,57.7028,23.37,76.63,0.0,46.48,0.0,100.0,19,1.0,-3.3531,3.3531,100.0,0.0,0.0,0.0
2022,10,Pacific Coast,283,-1.0748,1.8949,2.006,-29.7452,33.5351,63.2802,12.37,87.63,0.0,0.0,0.0,100.0,196,69.26,2.6173,2.6173,0.0,100.0,0.0,0.0
2022,10,Gulf Coast,57,0.2483,-8.0524,19.6843,-40.4327,24.328,64.7607,77.19,22.81,71.93,15.79,7.02,100.0,4,7.02,51.6544,51.6544,0.0,100.0,0.0,100.0
2022,10,Atlantic Coast,835,0.0689,-0.157,1.3313,-29.4143,29.1002,58.5145,52.22,47.78,0.0,0.0,0.0,100.0,86,10.3,2.5651,2.5651,0.0,100.0,0.0,0.0
2022,11,AK Coast,1904,0.5919,3.6395,5.2134,-25.2041,32.4832,57.6873,31.25,68.75,0.0,42.38,0.0,100.0,114,5.99,-3.6197,3.6197,100.0,0.0,0.0,0.0
2022,11,Pacific Coast,283,-0.8579,1.5028,1.612,-30.0933,33.0989,63.1922,13.07,86.93,0.0,0.0,0.0,100.0,150,53.0,2.2666,2.2666,0.0,100.0,0.0,0.0
2022,11,Gulf Coast,57,0.8602,-9.8407,13.0047,-42.5488,22.8674,65.4161,75.44,24.56,66.67,12.28,0.0,100.0,0,0.0,nan,nan,nan,nan,nan,nan
2022,11,Atlantic Coast,835,0.1121,-0.1874,1.4383,-29.4556,29.0808,58.5364,52.34,47.66,0.0,0.0,0.0,100.0,69,8.26,2.4291,2.4291,0.0,100.0,0.0,0.0
2022,12,AK Coast,1904,0.3075,1.9575,3.4286,-26.8034,30.7185,57.5219,35.35,64.65,0.0,21.27,0.0,100.0,49,2.57,-3.2725,3.2725,100.0,0.0,0.0,0.0
2022,12,Pacific Coast,283,-0.304,0.3242,0.8269,-31.2288,31.8771,63.1059,31.8,68.2,0.0,0.0,0.0,100.0,6,2.12,3.2593,3.2593,0.0,100.0,0.0,0.0
2022,12,Gulf Coast,57,0.5216,-22.489,22.489,-54.5515,9.5736,64.1251,100.0,0.0,100.0,0.0,0.0,100.0,0,0.0,nan,nan,nan,nan,nan,nan
2022,12,Atlantic Coast,835,0.0363,-0.1072,1.2921,-29.3514,29.1369,58.4883,54.97,45.03,0.0,0.0,0.0,100.0,95,11.38,2.5161,2.5161,0.0,100.0,0.0,0.0
2023,1,AK Coast,1904,0.1918,1.6476,3.9216,-27.187,30.4821,57.6691,51.52,48.48,0.0,24.0,0.0,100.0,92,4.83,-3.1204,3.1204,100.0,0.0,0.0,0.0
2023,1,Pacific Coast,283,0.2269,0.0155,0.929,-31.5843,31.6153,63.1996,49.47,50.53,0.0,0.0,0.0,100.0,25,8.83,2.1122,2.1122,0.0,100.0,0.0,0.0
2023,1,Gulf Coast,57,1.5175,10.553,11.4324,-25.6003,46.7064,72.3067,12.28,87.72,3.51,71.93,0.0,100.0,0,0.0,nan,nan,nan,nan,nan,nan
2023,1,Atlantic Coast,835,0.3844,-0.8173,1.4252,-30.0779,28.4432,58.5212,69.34,30.66,0.0,0.0,0.0,100.0,22,2.63,2.3534,2.3534,0.0,100.0,0.0,0.0
2023,2,AK Coast,1904,0.0489,0.3455,2.7216,-28.4146,29.1055,57.5201,58.56,41.44,0.0,11.71,0.0,100.0,89,4.67,-3.5038,3.5038,100.0,0.0,0.0,0.0
2023,2,Pacific Coast,283,0.223,-0.2005,0.7409,-31.7666,31.3657,63.1323,46.29,53.71,0.0,0.0,0.0,100.0,0,0.0,nan,nan,nan,nan,nan,nan
2023,2,Gulf Coast,57,1.1865,-2.3932,8.6272,-35.7019,30.9155,66.6174,54.39,45.61,42.11,31.58,0.0,100.0,0,0.0,nan,nan,nan,nan,nan,nan
2023,2,Atlantic Coast,835,-0.2454,0.4094,1.4697,-28.8744,29.6932,58.5677,37.72,62.28,0.0,0.0,0.0,100.0,181,21.68,2.6848,2.6848,0.0,100.0,0.0,0.0
2023,3,AK Coast,1904,0.2509,1.6832,3.6682,-27.0769,30.4433,57.5202,40.02,59.98,0.0,25.26,0.0,100.0,81,4.25,-3.6728,3.6728,100.0,0.0,0.0,0.0
2023,3,Pacific Coast,283,0.1294,0.1409,1.2694,-31.4625,31.7444,63.2069,51.59,48.41,0.0,0.0,0.0,100.0,53,18.73,2.2097,2.2097,0.0,100.0,0.0,0.0
2023,3,Gulf Coast,57,1.6325,14.9251,14.9251,-22.3372,52.1875,74.5247,0.0,100.0,0.0,100.0,0.0,100.0,0,0.0,nan,nan,nan,nan,nan,nan
2023,3,Atlantic Coast,835,-0.7097,1.3021,1.6157,-28.0028,30.607,58.6098,18.2,81.8,0.0,0.0,0.0,100.0,296,35.45,2.7069,2.7069,0.0,100.0,0.0,0.0
2023,4,AK Coast,1904,-0.0867,0.8795,3.7317,-28.1077,29.8667,57.9744,50.0,50.0,0.0,21.27,0.0,100.0,356,18.7,-3.1443,3.1443,100.0,0.0,0.0,0.0
2023,4,Pacific Coast,283,0.3092,-0.5224,0.6457,-32.0615,31.0168,63.0783,81.63,18.37,0.0,0.0,0.0,100.0,0,0.0,nan,nan,nan,nan,nan,nan
2023,4,Gulf Coast,57,1.0362,-8.6394,8.6394,-41.3449,24.066,65.4109,100.0,0.0,70.18,0.0,0.0,100.0,0,0.0,nan,nan,nan,nan,nan,nan
2023,4,Atlantic Coast,835,-0.4441,0.8701,1.2502,-28.38,30.1202,58.5003,27.9,72.1,0.0,0.0,0.0,100.0,150,17.96,2.5742,2.5742,0.0,100.0,0.0,0.0
2023,5,AK Coast,1904,0.401,2.8654,4.445,-25.9586,31.6895,57.648,37.24,62.76,0.0,36.45,0.0,100.0,133,6.99,-3.4665,3.4665,100.0,0.0,0.0,0.0
2023,5,Pacific Coast,283,0.2126,-0.1767,1.0853,-31.7474,31.394,63.1414,62.54,37.46,0.0,0.0,0.0,100.0,17,6.01,2.2482,2.2482,0.0,100.0,0.0,0.0
2023,5,Gulf Coast,57,1.3719,4.8957,12.5408,-30.2163,40.0076,70.2239,29.82,70.18,19.3,63.16,0.0,100.0,0,0.0,nan,nan,nan,nan,nan,nan
2023,5,Atlantic Coast,835,-0.1652,0.2693,1.367,-28.9847,29.5234,58.5081,47.43,52.57,0.0,0.0,0.0,100.0,147,17.6,2.6476,2.6476,0.0,100.0,0.0,0.0
2023,6,AK Coast,1904,0.9469,6.0083,6.3947,-22.8207,34.8373,57.6579,10.98,89.02,0.0,59.77,0.0,100.0,0,0.0,nan,nan,nan,nan,nan,nan
2023,6,Pacific Coast,283,-0.4095,0.6564,1.0209,-30.9025,32.2153,63.1178,24.38,75.62,0.0,0.0,0.0,100.0,38,13.43,2.1326,2.1326,0.0,100.0,0.0,0.0
2023,6,Gulf Coast,57,0.8518,-15.1782,15.2087,-47.5428,17.1864,64.7292,98.25,1.75,91.23,0.0,0.0,100.0,0,0.0,nan,nan,nan,nan,nan,nan
2023,6,Atlantic Coast,835,0.185,-0.4131,1.3406,-29.6598,28.8336,58.4934,57.96,42.04,0.0,0.0,0.0,100.0,39,4.67,2.4145,2.4145,0.0,100.0,0.0,0.0
2023,7,AK Coast,1904,1.324,8.077,8.9702,-21.0236,37.1776,58.2011,16.7,83.3,0.0,68.33,0.0,100.0,89,4.67,-3.4526,3.4526,100.0,0.0,0.0,0.0
2023,7,Pacific Coast,283,-0.9623,1.7261,2.3222,-29.9918,33.4441,63.4359,30.39,69.61,0.0,0.0,0.0,100.0,168,59.36,3.2602,3.2602,0.0,100.0,0.0,0.0
2023,7,Gulf Coast,57,1.1201,-4.5676,12.5223,-38.2681,29.133,67.4011,56.14,43.86,49.12,26.32,0.0,100.0,0,0.0,nan,nan,nan,nan,nan,nan
2023,7,Atlantic Coast,835,0.0475,-0.1725,1.4923,-29.4489,29.1039,58.5528,51.14,48.86,0.0,0.0,0.0,100.0,94,11.26,2.6378,2.6378,0.0,100.0,0.0,0.0
2023,8,AK Coast,1904,1.1286,7.1911,8.3377,-21.8363,36.2185,58.0548,18.54,81.46,0.0,67.75,0.0,100.0,92,4.83,-3.5979,3.5979,100.0,0.0,0.0,0.0
2023,8,Pacific Coast,283,-1.0301,1.829,2.264,-29.8706,33.5286,63.3991,25.09,74.91,0.0,0.0,0.0,100.0,180,63.6,3.0812,3.0812,0.0,100.0,0.0,0.0
2023,8,Gulf Coast,57,2.896,19.0003,20.5094,-25.285,63.2856,88.5706,7.02,92.98,5.26,89.47,0.0,100.0,0,0.0,nan,nan,nan,nan,nan,nan
2023,8,Atlantic Coast,835,-0.3644,0.2807,1.8263,-29.0786,29.6399,58.7185,42.28,57.72,0.0,0.0,0.0,100.0,235,28.14,2.8071,2.8071,0.0,100.0,0.0,0.0
2023,9,AK Coast,1904,0.6765,4.3501,5.4286,-24.4885,33.1887,57.6772,24.53,75.47,0.0,43.07,0.0,100.0,38,2.0,-3.3317,3.3317,100.0,0.0,0.0,0.0
2023,9,Pacific Coast,283,0.1694,-0.0852,0.9262,-31.6592,31.4888,63.148,62.54,37.46,0.0,0.0,0.0,100.0,31,10.95,2.138,2.138,0.0,100.0,0.0,0.0
2023,9,Gulf Coast,57,2.6125,13.6561,19.7231,-28.595,55.9071,84.5021,21.05,78.95,17.54,78.95,0.0,100.0,0,0.0,nan,nan,nan,nan,nan,nan
2023,9,Atlantic Coast,835,-0.3953,0.4993,2.1292,-28.8878,29.8864,58.7742,34.97,65.03,0.0,0.0,0.0,100.0,285,34.13,2.7988,2.7988,0.0,100.0,0.0,0.0
2023,10,AK Coast,1904,0.0992,1.596,4.2032,-27.3393,30.5313,57.8706,48.63,51.37,0.0,27.42,0.0,100.0,301,15.81,-3.3506,3.3506,100.0,0.0,0.0,0.0
2023,10,Pacific Coast,283,-0.2021,0.2796,0.7565,-31.2651,31.8243,63.0894,45.58,54.42,0.0,0.0,0.0,100.0,24,8.48,2.3666,2.3666,0.0,100.0,0.0,0.0
2023,10,Gulf Coast,57,1.7898,12.7067,18.6893,-28.7001,54.1135,82.8136,19.3,80.7,15.79,75.44,0.0,100.0,0,0.0,nan,nan,nan,nan,nan,nan
2023,10,Atlantic Coast,835,-0.9422,1.2132,2.183,-28.1791,30.6056,58.7847,24.91,75.09,0.0,0.0,0.0,100.0,415,49.7,2.7861,2.7861,0.0,100.0,0.0,0.0
2023,11,AK Coast,1904,0.2354,2.823,5.1656,-26.2203,31.8662,58.0864,41.12,58.88,0.0,39.44,0.0,100.0,356,18.7,-3.187,3.187,100.0,0.0,0.0,0.0
2023,11,Pacific Coast,283,-0.4444,0.6837,0.8062,-30.8656,32.233,63.0986,25.09,74.91,0.0,0.0,0.0,100.0,34,12.01,2.2203,2.2203,0.0,100.0,0.0,0.0
2023,11,Gulf Coast,57,0.0337,-6.4206,24.8424,-38.7157,25.8745,64.5902,75.44,24.56,73.68,24.56,14.04,100.0,2,3.51,53.4001,53.4001,0.0,100.0,0.0,100.0
2023,11,Atlantic Coast,835,-0.3656,0.7256,1.4311,-28.535,29.9861,58.5211,28.38,71.62,0.0,0.0,0.0,100.0,164,19.64,2.5498,2.5498,0.0,100.0,0.0,0.0
2023,12,AK Coast,1904,0.2309,2.504,5.3049,-26.5015,31.5096,58.0111,46.48,53.52,0.0,35.66,0.0,100.0,345,18.12,-3.4751,3.4751,100.0,0.0,0.0,0.0
2023,12,Pacific Coast,283,-0.4765,0.5267,0.6608,-31.0165,32.0699,63.0864,21.55,78.45,0.0,0.0,0.0,100.0,5,1.77,3.5518,3.5518,0.0,100.0,0.0,0.0
2023,12,Gulf Coast,57,-0.5463,23.1177,27.355,-9.5657,55.8011,65.3667,21.05,78.95,14.04,77.19,35.09,100.0,7,12.28,52.5985,52.5985,0.0,100.0,0.0,100.0
2023,12,Atlantic Coast,835,0.2841,-0.5754,1.1745,-29.8208,28.6701,58.4909,61.56,38.44,0.0,0.0,0.0,100.0,9,1.08,2.3548,2.3548,0.0,100.0,0.0,0.0
2024,1,AK Coast,1904,0.4379,3.0408,4.7184,-25.7986,31.8802,57.6789,38.81,61.19,0.0,31.78,0.0,100.0,39,2.05,-3.2652,3.2652,100.0,0.0,0.0,0.0
2024,1,Pacific Coast,283,0.2396,-0.4463,0.5435,-31.9809,31.0882,63.0691,81.63,18.37,0.0,0.0,0.0,100.0,0,0.0,nan,nan,nan,nan,nan,nan
2024,1,Gulf Coast,57,-0.2338,1.552,11.6473,-30.7414,33.8453,64.5868,50.88,49.12,38.6,38.6,0.0,100.0,0,0.0,nan,nan,nan,nan,nan,nan
2024,1,Atlantic Coast,835,1.1768,-2.3937,2.439,-31.7592,26.9719,58.7311,96.05,3.95,0.0,0.0,0.0,100.0,0,0.0,nan,nan,nan,nan,nan,nan
2024,2,AK Coast,1904,0.5286,3.2067,4.4879,-25.5588,31.9722,57.531,30.99,69.01,0.0,36.24,0.0,100.0,21,1.1,-3.735,3.735,100.0,0.0,0.0,0.0
2024,2,Pacific Coast,283,0.851,-1.0902,1.0902,-32.6696,30.4892,63.1587,100.0,0.0,0.0,0.0,0.0,100.0,0,0.0,nan,nan,nan,nan,nan,nan
2024,2,Gulf Coast,57,0.7315,-18.8801,18.8801,-51.0576,13.2974,64.355,100.0,0.0,98.25,0.0,0.0,100.0,0,0.0,nan,nan,nan,nan,nan,nan
2024,2,Atlantic Coast,835,1.094,-2.0192,2.1143,-31.3631,27.3248,58.6878,92.46,7.54,0.0,0.0,0.0,100.0,3,0.36,2.4844,2.4844,0.0,100.0,0.0,0.0
2024,3,AK Coast,1904,0.6084,4.1441,5.1463,-24.7146,33.0027,57.7173,24.37,75.63,0.0,38.5,0.0,100.0,97,5.09,-3.4429,3.4429,100.0,0.0,0.0,0.0
2024,3,Pacific Coast,283,0.7456,-0.9082,0.948,-32.4901,30.6737,63.1638,92.93,7.07,0.0,0.0,0.0,100.0,0,0.0,nan,nan,nan,nan,nan,nan
2024,3,Gulf Coast,57,1.0361,-8.5599,8.6876,-41.2844,24.1645,65.4489,98.25,1.75,61.4,0.0,0.0,100.0,0,0.0,nan,nan,nan,nan,nan,nan
2024,3,Atlantic Coast,835,1.0136,-2.1554,2.1641,-31.4856,27.1749,58.6605,97.84,2.16,0.0,0.0,0.0,100.0,0,0.0,nan,nan,nan,nan,nan,nan
2024,4,AK Coast,1904,0.6327,4.8178,6.7709,-24.2666,33.9022,58.1687,39.23,60.77,0.0,49.42,0.0,100.0,210,11.03,-3.0555,3.0555,100.0,0.0,0.0,0.0
2024,4,Pacific Coast,283,0.3606,-0.4425,0.7974,-32.0048,31.1198,63.1246,63.6,36.4,0.0,0.0,0.0,100.0,0,0.0,nan,nan,nan,nan,nan,nan
2024,4,Gulf Coast,57,1.3537,4.5675,7.2008,-29.4811,38.6161,68.0972,22.81,77.19,10.53,56.14,0.0,100.0,0,0.0,nan,nan,nan,nan,nan,nan
2024,4,Atlantic Coast,835,0.376,-0.8571,1.1412,-30.0949,28.3806,58.4755,78.68,21.32,0.0,0.0,0.0,100.0,4,0.48,2.5866,2.5866,0.0,100.0,0.0,0.0
2024,5,AK Coast,1904,0.6071,3.8129,5.1827,-25.0002,32.626,57.6261,34.14,65.86,0.0,43.49,0.0,100.0,32,1.68,-3.6762,3.6762,100.0,0.0,0.0,0.0
2024,5,Pacific Coast,283,0.0148,-0.1091,0.545,-31.6415,31.4232,63.0647,56.54,43.46,0.0,0.0,0.0,100.0,0,0.0,nan,nan,nan,nan,nan,nan
2024,5,Gulf Coast,57,0.8022,-16.2084,16.2084,-48.4751,16.0583,64.5333,100.0,0.0,100.0,0.0,0.0,100.0,0,0.0,nan,nan,nan,nan,nan,nan
2024,5,Atlantic Coast,835,0.6783,-1.481,1.7137,-30.7586,27.7965,58.555,85.15,14.85,0.0,0.0,0.0,100.0,1,0.12,2.9412,2.9412,0.0,100.0,0.0,0.0
2024,6,AK Coast,1904,0.0632,0.736,3.4465,-28.0738,29.5457,57.6195,54.99,45.01,0.0,18.54,0.0,100.0,151,7.93,-3.5056,3.5056,100.0,0.0,0.0,0.0
2024,6,Pacific Coast,283,-0.2559,0.3842,0.8931,-31.1698,31.9381,63.1079,41.7,58.3,0.0,0.0,0.0,100.0,30,10.6,2.2292,2.2292,0.0,100.0,0.0,0.0
2024,6,Gulf Coast,57,0.2232,-16.6046,19.5509,-48.7354,15.5262,64.2616,91.23,8.77,85.96,7.02,0.0,100.0,0,0.0,nan,nan,nan,nan,nan,nan
2024,6,Atlantic Coast,835,-0.3531,0.7094,1.3,-28.5448,29.9635,58.5083,28.5,71.5,0.0,0.0,0.0,100.0,146,17.49,2.6136,2.6136,0.0,100.0,0.0,0.0
2024,7,AK Coast,1904,0.7222,4.4069,4.7525,-24.3577,33.1715,57.5292,12.66,87.34,0.0,40.02,0.0,100.0,6,0.32,-2.6481,2.6481,100.0,0.0,0.0,0.0
2024,7,Pacific Coast,283,-0.3346,0.5346,0.9681,-31.0279,32.0972,63.1251,40.28,59.72,0.0,0.0,0.0,100.0,53,18.73,2.4614,2.4614,0.0,100.0,0.0,0.0
2024,7,Gulf Coast,57,-0.9534,23.3365,31.8124,-11.6357,58.3086,69.9443,22.81,77.19,19.3,75.44,40.35,100.0,22,38.6,24.3204,38.4773,31.82,68.18,31.82,68.18
2024,7,Atlantic Coast,835,0.2744,-0.5186,1.2654,-29.7771,28.74,58.517,63.23,36.77,0.0,0.0,0.0,100.0,27,3.23,2.5945,2.5945,0.0,100.0,0.0,0.0
2024,8,AK Coast,1904,0.8195,5.5494,6.5141,-23.3719,34.4707,57.8426,23.95,76.05,0.0,49.79,0.0,100.0,35,1.84,-3.1344,3.1344,100.0,0.0,0.0,0.0
2024,8,Pacific Coast,283,-0.2327,0.355,1.1195,-31.2289,31.9389,63.1678,51.59,48.41,0.0,0.0,0.0,100.0,52,18.37,3.0199,3.0199,0.0,100.0,0.0,0.0
2024,8,Gulf Coast,57,-1.5692,25.7923,29.9769,-10.4561,62.0406,72.4967,15.79,84.21,10.53,78.95,35.09,100.0,48,84.21,23.8587,28.828,18.75,81.25,12.5,75.0
2024,8,Atlantic Coast,835,0.2372,-0.4742,1.4007,-29.741,28.7925,58.5334,56.29,43.71,0.0,0.0,0.0,100.0,37,4.43,2.5351,2.5351,0.0,100.0,0.0,0.0
2024,9,AK Coast,1904,0.9725,6.0884,7.204,-22.8703,35.0471,57.9173,23.21,76.79,0.0,53.99,0.0,100.0,24,1.26,-3.5921,3.5921,100.0,0.0,0.0,0.0
2024,9,Pacific Coast,283,-0.1485,0.2836,0.9348,-31.2813,31.8486,63.1298,42.4,57.6,0.0,0.0,0.0,100.0,30,10.6,2.6135,2.6135,0.0,100.0,0.0,0.0
2024,9,Gulf Coast,57,-1.6065,24.3219,33.6251,-12.9845,61.6282,74.6127,24.56,75.44,22.81,75.44,43.86,100.0,48,84.21,21.5167,32.5643,29.17,70.83,27.08,70.83
2024,9,Atlantic Coast,835,0.7262,-1.4941,2.0082,-30.82,27.8318,58.6518,77.13,22.87,0.0,0.0,0.0,100.0,27,3.23,2.5631,2.5631,0.0,100.0,0.0,0.0
2024,10,AK Coast,1904,0.4398,2.8943,4.426,-25.8804,31.6689,57.5493,35.29,64.71,0.0,37.5,0.0,100.0,24,1.26,-3.3336,3.3336,100.0,0.0,0.0,0.0
2024,10,Pacific Coast,283,-0.1733,0.2654,0.7787,-31.2869,31.8177,63.1046,45.94,54.06,0.0,0.0,0.0,100.0,28,9.89,2.4332,2.4332,0.0,100.0,0.0,0.0
2024,10,Gulf Coast,57,-1.2432,30.974,33.8177,-4.0132,65.9612,69.9743,12.28,87.72,7.02,85.96,52.63,100.0,37,64.91,31.1083,35.0803,13.51,86.49,10.81,83.78
2024,10,Atlantic Coast,835,-0.1436,0.1479,2.2133,-29.2129,29.5087,58.7217,43.23,56.77,0.0,0.0,0.0,100.0,276,33.05,2.7091,2.7091,0.0,100.0,0.0,0.0
2024,11,AK Coast,1904,-0.3104,-1.3678,2.7188,-30.1999,27.4643,57.6642,75.84,24.16,0.0,3.83,0.0,100.0,223,11.71,-3.5944,3.5944,100.0,0.0,0.0,0.0
2024,11,Pacific Coast,283,0.4809,-0.5234,0.7712,-32.1008,31.0539,63.1546,78.8,21.2,0.0,0.0,0.0,100.0,1,0.35,2.1447,2.1447,0.0,100.0,0.0,0.0
2024,11,Gulf Coast,57,-1.12,33.4833,34.5522,-0.1455,67.1121,67.2576,5.26,94.74,3.51,87.72,57.89,100.0,37,64.91,42.4184,42.4184,0.0,100.0,0.0,97.3
2024,11,Atlantic Coast,835,-0.3527,0.3333,2.4736,-29.0884,29.7549,58.8433,42.4,57.6,0.0,0.0,0.0,100.0,369,44.19,2.7824,2.7824,0.0,100.0,0.0,0.0
2024,12,AK Coast,1904,-0.1938,-1.0644,2.5876,-29.8164,27.6876,57.5041,71.69,28.31,0.0,3.89,0.0,100.0,42,2.21,-3.6524,3.6524,100.0,0.0,0.0,0.0
2024,12,Pacific Coast,283,0.2746,-0.4531,0.9177,-32.0246,31.1185,63.143,76.68,23.32,0.0,0.0,0.0,100.0,7,2.47,3.1561,3.1561,0.0,100.0,0.0,0.0
2024,12,Gulf Coast,57,-1.4554,37.8237,37.8237,3.5085,72.139,68.6305,0.0,100.0,0.0,100.0,52.63,100.0,49,85.96,36.5051,36.5051,0.0,100.0,0.0,100.0
2024,12,Atlantic Coast,835,-0.663,1.2133,2.1443,-28.1278,30.5544,58.6822,26.11,73.89,0.0,0.0,0.0,100.0,414,49.58,2.6512,2.6512,0.0,100.0,0.0,0.0
2025,1,AK Coast,1904,0.7422,4.8132,5.7904,-24.0333,33.6597,57.6931,26.89,73.11,0.0,49.68,0.0,100.0,9,0.47,-2.9792,2.9792,100.0,0.0,0.0,0.0
2025,1,Pacific Coast,283,-0.2489,0.4776,1.181,-31.0894,32.0445,63.1339,44.52,55.48,0.0,0.0,0.0,100.0,67,23.67,2.1072,2.1072,0.0,100.0,0.0,0.0
2025,1,Gulf Coast,57,-1.6667,30.3151,30.3151,-4.4896,65.1199,69.6095,0.0,100.0,0.0,100.0,28.07,100.0,57,100.0,30.3151,30.3151,0.0,100.0,0.0,100.0
2025,1,Atlantic Coast,835,-0.6694,1.2466,1.6449,-28.0447,30.5379,58.5826,17.37,82.63,0.0,0.0,0.0,100.0,248,29.7,2.6516,2.6516,0.0,100.0,0.0,0.0
2025,2,AK Coast,1904,0.6982,4.6715,5.8877,-24.1879,33.5309,57.7188,24.63,75.37,0.0,50.79,0.0,100.0,77,4.04,-3.6953,3.6953,100.0,0.0,0.0,0.0
2025,2,Pacific Coast,283,-0.4078,0.6464,0.9142,-30.9055,32.1983,63.1038,29.33,70.67,0.0,0.0,0.0,100.0,42,14.84,2.0543,2.0543,0.0,100.0,0.0,0.0
2025,2,Gulf Coast,57,-1.178,50.9788,50.9788,17.3691,84.5886,67.2196,0.0,100.0,0.0,100.0,98.25,100.0,43,75.44,51.4435,51.4435,0.0,100.0,0.0,100.0
2025,2,Atlantic Coast,835,-0.459,0.821,1.3423,-28.447,30.0891,58.5361,32.1,67.9,0.0,0.0,0.0,100.0,195,23.35,2.6805,2.6805,0.0,100.0,0.0,0.0
2025,3,AK Coast,1904,0.631,4.121,5.436,-24.6843,32.9262,57.6105,27.73,72.27,0.0,48.48,0.0,100.0,28,1.47,-3.6335,3.6335,100.0,0.0,0.0,0.0
2025,3,Pacific Coast,283,-0.2304,0.3557,0.8104,-31.1887,31.9002,63.0888,30.04,69.96,0.0,0.0,0.0,100.0,1,0.35,1.7887,1.7887,0.0,100.0,0.0,0.0
2025,3,Gulf Coast,57,-0.3959,12.9914,13.529,-19.4454,45.4282,64.8737,8.77,91.23,1.75,75.44,0.0,100.0,0,0.0,nan,nan,nan,nan,nan,nan
2025,3,Atlantic Coast,835,-0.5076,1.035,1.281,-28.2171,30.2871,58.5042,18.56,81.44,0.0,0.0,0.0,100.0,149,17.84,2.5941,2.5941,0.0,100.0,0.0,0.0
2025,4,AK Coast,1904,-0.0721,0.0152,2.1936,-28.799,28.8294,57.6285,52.31,47.69,0.0,4.36,0.0,100.0,198,10.4,-3.2452,3.2452,100.0,0.0,0.0,0.0
2025,4,Pacific Coast,283,0.2733,-0.4699,0.5583,-32.0088,31.069,63.0778,83.04,16.96,0.0,0.0,0.0,100.0,0,0.0,nan,nan,nan,nan,nan,nan
2025,4,Gulf Coast,57,0.0826,-17.089,17.2529,-49.2059,15.0278,64.2337,96.49,3.51,91.23,0.0,0.0,100.0,0,0.0,nan,nan,nan,nan,nan,nan
2025,4,Atlantic Coast,835,-0.4823,0.906,1.4001,-28.3625,30.1745,58.5371,23.71,76.29,0.0,0.0,0.0,100.0,209,25.03,2.6194,2.6194,0.0,100.0,0.0,0.0
2025,5,AK Coast,1904,0.556,4.2155,5.8858,-24.7316,33.1626,57.8942,31.57,68.43,0.0,49.47,0.0,100.0,179,9.4,-3.2906,3.2906,100.0,0.0,0.0,0.0
2025,5,Pacific Coast,283,-0.1416,0.1433,0.533,-31.3904,31.6769,63.0672,41.7,58.3,0.0,0.0,0.0,100.0,0,0.0,nan,nan,nan,nan,nan,nan
2025,5,Gulf Coast,57,0.2902,-20.7045,20.7045,-52.7849,11.3759,64.1609,100.0,0.0,100.0,0.0,0.0,100.0,0,0.0,nan,nan,nan,nan,nan,nan
2025,5,Atlantic Coast,835,0.3375,-0.7358,1.3794,-29.9911,28.5196,58.5107,71.86,28.14,0.0,0.0,0.0,100.0,22,2.63,2.5049,2.5049,0.0,100.0,0.0,0.0
2025,6,AK Coast,1904,0.9902,6.5184,8.1536,-22.5569,35.5936,58.1505,29.52,70.48,0.0,63.97,0.0,100.0,127,6.67,-3.3737,3.3737,100.0,0.0,0.0,0.0
2025,6,Pacific Coast,283,-1.5005,2.5178,2.5197,-29.1826,34.2182,63.4007,0.71,99.29,0.0,0.0,0.0,100.0,232,81.98,2.824,2.824,0.0,100.0,0.0,0.0
2025,6,Gulf Coast,57,-0.1621,-2.8127,16.5752,-35.0801,29.4547,64.5348,70.18,29.82,64.91,21.05,7.02,100.0,0,0.0,nan,nan,nan,nan,nan,nan
2025,6,Atlantic Coast,835,0.3896,-0.8597,1.2006,-30.0969,28.3775,58.4745,76.41,23.59,0.0,0.0,0.0,100.0,5,0.6,2.3033,2.3033,0.0,100.0,0.0,0.0
2025,7,AK Coast,1904,0.5557,3.8784,5.7984,-25.0586,32.8154,57.8739,35.35,64.65,0.0,43.96,0.0,100.0,155,8.14,-3.4017,3.4017,100.0,0.0,0.0,0.0
2025,7,Pacific Coast,283,-1.1736,2.0687,2.1157,-29.5766,33.714,63.2906,6.01,93.99,0.0,0.0,0.0,100.0,211,74.56,2.5855,2.5855,0.0,100.0,0.0,0.0
2025,7,Gulf Coast,57,-0.3237,6.651,21.6527,-25.8474,39.1494,64.9969,52.63,47.37,45.61,43.86,17.54,100.0,8,14.04,52.7904,52.7904,0.0,100.0,0.0,100.0
2025,7,Atlantic Coast,835,0.5963,-1.2868,1.5533,-30.5543,27.9808,58.5351,85.39,14.61,0.0,0.0,0.0,100.0,8,0.96,2.4178,2.4178,0.0,100.0,0.0,0.0
2025,8,AK Coast,1904,0.276,2.2312,4.6971,-26.6042,31.0667,57.6709,47.32,52.68,0.0,35.19,0.0,100.0,69,3.62,-3.5028,3.5028,100.0,0.0,0.0,0.0
2025,8,Pacific Coast,283,-0.8073,1.4673,1.7924,-30.1494,33.0841,63.2335,19.79,80.21,0.0,0.0,0.0,100.0,157,55.48,2.4688,2.4688,0.0,100.0,0.0,0.0
2025,8,Gulf Coast,57,-0.4283,17.2075,26.7996,-15.5167,49.9316,65.4483,31.58,68.42,29.82,63.16,33.33,100.0,10,17.54,52.7211,52.7211,0.0,100.0,0.0,100.0
2025,8,Atlantic Coast,835,0.002,-0.1363,1.3915,-29.4078,29.1352,58.5429,54.01,45.99,0.0,0.0,0.0,100.0,109,13.05,2.7447,2.7447,0.0,100.0,0.0,0.0
2025,9,AK Coast,1904,0.129,1.3677,3.322,-27.4722,30.2077,57.6799,41.23,58.77,0.0,20.96,0.0,100.0,212,11.13,-3.3136,3.3136,100.0,0.0,0.0,0.0
2025,9,Pacific Coast,283,0.3961,-0.1061,1.0163,-31.7184,31.5062,63.2246,59.36,40.64,0.0,0.0,0.0,100.0,21,7.42,2.2283,2.2283,0.0,100.0,0.0,0.0
2025,9,Gulf Coast,57,1.0796,-6.9204,16.155,-41.3601,27.5193,68.8794,68.42,31.58,63.16,24.56,0.0,100.0,0,0.0,nan,nan,nan,nan,nan,nan
2025,9,Atlantic Coast,835,-0.3812,0.5777,1.664,-28.7199,29.8752,58.5951,37.84,62.16,0.0,0.0,0.0,100.0,250,29.94,2.6788,2.6788,0.0,100.0,0.0,0.0
2025,10,AK Coast,1904,0.6057,3.7474,4.6532,-25.0339,32.5286,57.5624,25.74,74.26,0.0,38.13,0.0,100.0,19,1.0,-3.4632,3.4632,100.0,0.0,0.0,0.0
2025,10,Pacific Coast,283,0.3962,-0.5339,0.68,-32.0912,31.0233,63.1145,80.92,19.08,0.0,0.0,0.0,100.0,0,0.0,nan,nan,nan,nan,nan,nan
2025,10,Gulf Coast,57,1.4177,4.9204,13.4509,-31.9794,41.8201,73.7994,38.6,61.4,33.33,49.12,0.0,100.0,0,0.0,nan,nan,nan,nan,nan,nan
2025,10,Atlantic Coast,835,-0.5454,1.05,1.8831,-28.252,30.3519,58.6039,25.27,74.73,0.0,0.0,0.0,100.0,310,37.13,2.5976,2.5976,0.0,100.0,0.0,0.0
2025,11,AK Coast,1904,0.3652,2.1335,3.5388,-26.6035,30.8704,57.474,36.08,63.92,0.0,26.0,0.0,100.0,29,1.52,-3.6791,3.6791,100.0,0.0,0.0,0.0
2025,11,Pacific Coast,283,0.2672,-0.084,0.8991,-31.6737,31.5057,63.1794,45.58,54.42,0.0,0.0,0.0,100.0,0,0.0,nan,nan,nan,nan,nan,nan
2025,11,Gulf Coast,57,2.4374,21.6258,21.6258,-23.7501,67.0017,90.7518,0.0,100.0,0.0,98.25,0.0,100.0,0,0.0,nan,nan,nan,nan,nan,nan
2025,11,Atlantic Coast,835,-1.0201,1.7852,2.0808,-27.5734,31.1438,58.7171,9.94,90.06,0.0,0.0,0.0,100.0,446,53.41,2.7048,2.7048,0.0,100.0,0.0,0.0
2025,12,AK Coast,1904,0.1095,1.1612,3.6704,-27.66,29.9823,57.6423,44.96,55.04,0.0,22.16,0.0,100.0,175,9.19,-3.499,3.499,100.0,0.0,0.0,0.0
2025,12,Pacific Coast,283,0.2117,-0.3852,0.8407,-31.9523,31.1818,63.1341,75.97,24.03,0.0,0.0,0.0,100.0,7,2.47,3.0646,3.0646,0.0,100.0,0.0,0.0
2025,12,Gulf Coast,57,1.7672,12.3873,18.8874,-28.9422,53.7167,82.6589,21.05,78.95,17.54,75.44,0.0,100.0,0,0.0,nan,nan,nan,nan,nan,nan
2025,12,Atlantic Coast,835,-0.7894,1.627,1.7173,-27.6539,30.908,58.5619,7.19,92.81,0.0,0.0,0.0,100.0,324,38.8,2.5589,2.5589,0.0,100.0,0.0,0.0
