"metric","water_class","SPEI_value","month_f","site_name","SPEI_timescale","model_group","predicted_pct_change","predicted_pct_change_lower","predicted_pct_change_upper"
"WUE_ET","Upland",-2.2305992217053,"7","US-A03","SPEI_48","WUE_ET",-2.97206719184131,-10.2891269084122,4.3449925247296
"WUE_T","Upland",-2.2305992217053,"7","US-A03","SPEI_48","WUE_T",0.716529781828453,-6.45243959600858,7.88549915966549
"WUE_ET","Freshwater",-2.2305992217053,"7","US-A03","SPEI_48","WUE_ET",-2.65821227881403,-10.6183290201578,5.30190446252975
"WUE_T","Freshwater",-2.2305992217053,"7","US-A03","SPEI_48","WUE_T",1.03038469485574,-6.84603263826832,8.9068020279798
"WUE_ET","Saline",-2.2305992217053,"7","US-A03","SPEI_48","WUE_ET",-2.00823919355093,-10.6822207557734,6.66574236867151
"WUE_T","Saline",-2.2305992217053,"7","US-A03","SPEI_48","WUE_T",1.68035778011884,-6.91207117121102,10.2727867314487
"WUE_ET","Upland",-2.20786724706266,"7","US-A03","SPEI_48","WUE_ET",-2.95307707502077,-10.2484585418788,4.3423043918373
"WUE_T","Upland",-2.20786724706266,"7","US-A03","SPEI_48","WUE_T",0.700422858116394,-6.44993954804287,7.85078526427566
"WUE_ET","Freshwater",-2.20786724706266,"7","US-A03","SPEI_48","WUE_ET",-2.63922216199349,-10.5807260319493,5.30228170796233
"WUE_T","Freshwater",-2.20786724706266,"7","US-A03","SPEI_48","WUE_T",1.01427777114368,-6.84560897939452,8.87416452168188
"WUE_ET","Saline",-2.20786724706266,"7","US-A03","SPEI_48","WUE_ET",-1.98924907673039,-10.6456438909385,6.66714573747776
"WUE_T","Saline",-2.20786724706266,"7","US-A03","SPEI_48","WUE_T",1.66425085640678,-6.91236229062993,10.2408640034435
"WUE_ET","Upland",-2.18513527242003,"7","US-A03","SPEI_48","WUE_ET",-2.93408169197937,-10.2081877594201,4.34002437546137
"WUE_T","Upland",-2.18513527242003,"7","US-A03","SPEI_48","WUE_T",0.68431250253916,-6.44760264751079,7.81622765258911
"WUE_ET","Freshwater",-2.18513527242003,"7","US-A03","SPEI_48","WUE_ET",-2.62022677895208,-10.543503580889,5.3030500229848
"WUE_T","Freshwater",-2.18513527242003,"7","US-A03","SPEI_48","WUE_T",0.998167415566444,-6.84534329042082,8.8416781215537
"WUE_ET","Saline",-2.18513527242003,"7","US-A03","SPEI_48","WUE_ET",-1.97025369368898,-10.6094178040054,6.66891041662743
"WUE_T","Saline",-2.18513527242003,"7","US-A03","SPEI_48","WUE_T",1.64814050082955,-6.91280103686357,10.2090820385227
"WUE_ET","Upland",-2.1624032977774,"7","US-A03","SPEI_48","WUE_ET",-2.91507989181717,-10.1683072795181,4.33814749588373
"WUE_T","Upland",-2.1624032977774,"7","US-A03","SPEI_48","WUE_T",0.668198270993889,-6.44543011186325,7.78182665385103
"WUE_ET","Freshwater",-2.1624032977774,"7","US-A03","SPEI_48","WUE_ET",-2.60122497878989,-10.5066543354341,5.30420437785434
"WUE_T","Freshwater",-2.1624032977774,"7","US-A03","SPEI_48","WUE_T",0.982053184021172,-6.8452365591033,8.80934292714564
"WUE_ET","Saline",-2.1624032977774,"7","US-A03","SPEI_48","WUE_ET",-1.95125189352679,-10.5735350977119,6.67103131065828
"WUE_T","Saline",-2.1624032977774,"7","US-A03","SPEI_48","WUE_T",1.63202626928428,-6.91338824501864,10.1774407835872
"WUE_ET","Upland",-2.13967132313477,"7","US-A03","SPEI_48","WUE_ET",-2.8960703939774,-10.1288086778932,4.33666788993838
"WUE_T","Upland",-2.13967132313477,"7","US-A03","SPEI_48","WUE_T",0.652079685375365,-6.44342313743055,7.74758250818128
"WUE_ET","Freshwater",-2.13967132313477,"7","US-A03","SPEI_48","WUE_ET",-2.58221548095011,-10.4701699188218,5.30573895692155
"WUE_T","Freshwater",-2.13967132313477,"7","US-A03","SPEI_48","WUE_T",0.965934598402648,-6.8452897548788,8.7771589516841
"WUE_ET","Saline",-2.13967132313477,"7","US-A03","SPEI_48","WUE_ET",-1.93224239568701,-10.5379873960756,6.67350260470161
"WUE_T","Saline",-2.13967132313477,"7","US-A03","SPEI_48","WUE_T",1.61590768366575,-6.9141247352383,10.1459401025698
"WUE_ET","Upland",-2.11693934849214,"7","US-A03","SPEI_48","WUE_ET",-2.87705185213875,-10.0896826565744,4.33557895229689
"WUE_T","Upland",-2.11693934849214,"7","US-A03","SPEI_48","WUE_T",0.635956251895486,-6.44158288495579,7.71349538874676
"WUE_ET","Freshwater",-2.11693934849214,"7","US-A03","SPEI_48","WUE_ET",-2.56319693911146,-10.4340411636749,5.30764728545199
"WUE_T","Freshwater",-2.11693934849214,"7","US-A03","SPEI_48","WUE_T",0.94981116492277,-6.8455038142536,8.74512614409914
"WUE_ET","Saline",-2.11693934849214,"7","US-A03","SPEI_48","WUE_ET",-1.91322385384836,-10.5027655947967,6.6763178871
"WUE_T","Saline",-2.11693934849214,"7","US-A03","SPEI_48","WUE_T",1.59978425018587,-6.91501129833718,10.1145797987089
"WUE_ET","Upland",-2.0942073738495,"7","US-A03","SPEI_48","WUE_ET",-2.85802282241934,-10.0509189596993,4.33487331486066
"WUE_T","Upland",-2.0942073738495,"7","US-A03","SPEI_48","WUE_T",0.619827455181211,-6.43991048338903,7.67956539375145
"WUE_ET","Freshwater",-2.0942073738495,"7","US-A03","SPEI_48","WUE_ET",-2.54416790939206,-10.3982580334905,5.30992221470638
"WUE_T","Freshwater",-2.0942073738495,"7","US-A03","SPEI_48","WUE_T",0.933682368208494,-6.84587964485553,8.71324438127252
"WUE_ET","Saline",-2.0942073738495,"7","US-A03","SPEI_48","WUE_ET",-1.89419482412896,-10.4678597841995,6.67947013594159
"WUE_T","Saline",-2.0942073738495,"7","US-A03","SPEI_48","WUE_T",1.5836554534716,-6.91604869995742,10.0833596069006
"WUE_ET","Upland",-2.07147539920687,"7","US-A03","SPEI_48","WUE_ET",-2.83898183061359,-10.0125065952913,4.33454293406415
"WUE_T","Upland",-2.07147539920687,"7","US-A03","SPEI_48","WUE_T",0.603692773295803,-6.43840701778643,7.64579256437804
"WUE_ET","Freshwater",-2.07147539920687,"7","US-A03","SPEI_48","WUE_ET",-2.52512691758631,-10.3628098348436,5.31255599967098
"WUE_T","Freshwater",-2.07147539920687,"7","US-A03","SPEI_48","WUE_T",0.917547686323086,-6.84641811334256,8.68151348598874
"WUE_ET","Saline",-2.07147539920687,"7","US-A03","SPEI_48","WUE_ET",-1.8751538323232,-10.4332594583812,6.68295179373479
"WUE_T","Saline",-2.07147539920687,"7","US-A03","SPEI_48","WUE_T",1.56752077158619,-6.91723766867885,10.0522792118512
"WUE_ET","Upland",-2.04874342456424,"7","US-A03","SPEI_48","WUE_ET",-2.81992740219795,-9.97443395489353,4.33457915049763
"WUE_T","Upland",-2.04874342456424,"7","US-A03","SPEI_48","WUE_T",0.587551684234605,-6.43707352529419,7.6121768937634
"WUE_ET","Freshwater",-2.04874342456424,"7","US-A03","SPEI_48","WUE_ET",-2.50607248917067,-10.3276853318425,5.31554035350119
"WUE_T","Freshwater",-2.04874342456424,"7","US-A03","SPEI_48","WUE_T",0.901406597261888,-6.84712004136248,8.64993323588625
"WUE_ET","Saline",-2.04874342456424,"7","US-A03","SPEI_48","WUE_ET",-1.85609940390757,-10.3989536266797,6.68675481886461
"WUE_T","Saline",-2.04874342456424,"7","US-A03","SPEI_48","WUE_T",1.55137968252499,-6.91857889200876,10.0213382570587
"WUE_ET","Upland",-2.02601144992161,"7","US-A03","SPEI_48","WUE_ET",-2.80085806259542,-9.9366888478899,4.33497272269906
"WUE_T","Upland",-2.02601144992161,"7","US-A03","SPEI_48","WUE_T",0.571403665986763,-6.43591099659296,7.57871832856649
"WUE_ET","Freshwater",-2.02601144992161,"7","US-A03","SPEI_48","WUE_ET",-2.48700314956814,-10.2928727791046,5.31886647996832
"WUE_T","Freshwater",-2.02601144992161,"7","US-A03","SPEI_48","WUE_T",0.885258579014046,-6.84798620699691,8.61850336502501
"WUE_ET","Saline",-2.02601144992161,"7","US-A03","SPEI_48","WUE_ET",-1.83703006430503,-10.3649308442862,6.69087071567614
"WUE_T","Saline",-2.02601144992161,"7","US-A03","SPEI_48","WUE_T",1.53523166427715,-6.92007301777816,9.99053634633246
"WUE_ET","Upland",-2.00327947527897,"7","US-A03","SPEI_48","WUE_ET",-2.7817723120632,-9.89925851844749,4.33571389432108
"WUE_T","Upland",-2.00327947527897,"7","US-A03","SPEI_48","WUE_T",0.555248193685383,-6.43492038137687,7.54541676874764
"WUE_ET","Freshwater",-2.00327947527897,"7","US-A03","SPEI_48","WUE_ET",-2.46791739903592,-10.2583599350005,5.32252513692861
"WUE_T","Freshwater",-2.00327947527897,"7","US-A03","SPEI_48","WUE_T",0.869103106712666,-6.84901735002571,8.58722356345104
"WUE_ET","Saline",-2.00327947527897,"7","US-A03","SPEI_48","WUE_ET",-1.81794431377282,-10.3311792213283,6.69529059378266
"WUE_T","Saline",-2.00327947527897,"7","US-A03","SPEI_48","WUE_T",1.51907619197577,-6.92172065922961,9.95987304318115
"WUE_ET","Upland",-1.98054750063634,"7","US-A03","SPEI_48","WUE_ET",-2.76266853928204,-9.86212962391114,4.33679254534707
"WUE_T","Upland",-1.98054750063634,"7","US-A03","SPEI_48","WUE_T",0.539084730471575,-6.43410260258831,7.51227206353146
"WUE_ET","Freshwater",-1.98054750063634,"7","US-A03","SPEI_48","WUE_ET",-2.44881362625475,-10.2241340302066,5.3265067776971
"WUE_T","Freshwater",-1.98054750063634,"7","US-A03","SPEI_48","WUE_T",0.852939643498858,-6.85021418543466,8.55609347243237
"WUE_ET","Saline",-1.98054750063634,"7","US-A03","SPEI_48","WUE_ET",-1.79884054099165,-10.2976863833332,6.70000530134995
"WUE_T","Saline",-1.98054750063634,"7","US-A03","SPEI_48","WUE_T",1.50291272876196,-6.92352240808571,9.92934786560963
"WUE_ET","Upland",-1.95781552599371,"7","US-A03","SPEI_48","WUE_ET",-2.74354503278195,-9.8252883094798,4.3381982439159
"WUE_T","Upland",-1.95781552599371,"7","US-A03","SPEI_48","WUE_T",0.522912730587012,-6.43345855523608,7.47928401641011
"WUE_ET","Freshwater",-1.95781552599371,"7","US-A03","SPEI_48","WUE_ET",-2.42969011975466,-10.1901818377822,5.3308015982729
"WUE_T","Freshwater",-1.95781552599371,"7","US-A03","SPEI_48","WUE_T",0.836767643614295,-6.85157740217423,8.52511268940282
"WUE_ET","Saline",-1.95781552599371,"7","US-A03","SPEI_48","WUE_ET",-1.77971703449156,-10.2644395382419,6.70500546925878
"WUE_T","Saline",-1.95781552599371,"7","US-A03","SPEI_48","WUE_T",1.4867407288774,-6.92547883329737,9.89896029105217
"WUE_ET","Upland",-1.93508355135108,"7","US-A03","SPEI_48","WUE_ET",-2.72439998384692,-9.78872031907585,4.33992035138201
"WUE_T","Upland",-1.93508355135108,"7","US-A03","SPEI_48","WUE_T",0.506731642759845,-6.43298910738332,7.44645239290301
"WUE_ET","Freshwater",-1.93508355135108,"7","US-A03","SPEI_48","WUE_ET",-2.41054507081964,-10.1564897741784,5.33539963253912
"WUE_T","Freshwater",-1.93508355135108,"7","US-A03","SPEI_48","WUE_T",0.820586555787128,-6.85310766378073,8.49428077535498
"WUE_ET","Saline",-1.93508355135108,"7","US-A03","SPEI_48","WUE_ET",-1.76057198555653,-10.2314255714467,6.71028160033367
"WUE_T","Saline",-1.93508355135108,"7","US-A03","SPEI_48","WUE_T",1.47055964105023,-6.92759048149505,9.86870976359552
"WUE_ET","Upland",-1.91235157670844,"7","US-A03","SPEI_48","WUE_ET",-2.70523150784814,-9.75241106231066,4.34194804661438
"WUE_T","Upland",-1.91235157670844,"7","US-A03","SPEI_48","WUE_T",0.49054091324919,-6.43269509852001,7.41377692501839
"WUE_ET","Freshwater",-1.91235157670844,"7","US-A03","SPEI_48","WUE_ET",-2.39137659482086,-10.1230439636643,5.3402907740226
"WUE_T","Freshwater",-1.91235157670844,"7","US-A03","SPEI_48","WUE_T",0.804395826276473,-6.85480560678725,8.4635972593402
"WUE_ET","Saline",-1.91235157670844,"7","US-A03","SPEI_48","WUE_ET",-1.74140350955775,-10.1986311078928,6.71582408877727
"WUE_T","Saline",-1.91235157670844,"7","US-A03","SPEI_48","WUE_T",1.45436891153958,-6.92985787539527,9.83859569847442
"WUE_ET","Upland",-1.88961960206581,"7","US-A03","SPEI_48","WUE_ET",-2.68603765887406,-9.71634571233845,4.34427039459032
"WUE_T","Upland",-1.88961960206581,"7","US-A03","SPEI_48","WUE_T",0.47433998908926,-6.43257733985788,7.3812573180364
"WUE_ET","Freshwater",-1.88961960206581,"7","US-A03","SPEI_48","WUE_ET",-2.37218274584678,-10.0898303292574,5.34546483756387
"WUE_T","Freshwater",-1.88961960206581,"7","US-A03","SPEI_48","WUE_T",0.788194902116543,-6.85667184079495,8.43306164502804
"WUE_ET","Saline",-1.88961960206581,"7","US-A03","SPEI_48","WUE_ET",-1.72220966058368,-10.1660425982049,6.72162327703753
"WUE_T","Saline",-1.88961960206581,"7","US-A03","SPEI_48","WUE_T",1.43816798737965,-6.9322815137269,9.8086174884862
"WUE_ET","Upland",-1.86688762742318,"7","US-A03","SPEI_48","WUE_ET",-2.66681642454331,-9.68050931202366,4.34687646293704
"WUE_T","Upland",-1.86688762742318,"7","US-A03","SPEI_48","WUE_T",0.458128319919394,-6.43263661796881,7.3488932578076
"WUE_ET","Freshwater",-1.86688762742318,"7","US-A03","SPEI_48","WUE_ET",-2.35296151151602,-10.056834687606,5.35091166457391
"WUE_T","Freshwater",-1.86688762742318,"7","US-A03","SPEI_48","WUE_T",0.771983232946677,-6.85870695158877,8.40267341748213
"WUE_ET","Saline",-1.86688762742318,"7","US-A03","SPEI_48","WUE_ET",-1.70298842625292,-10.1336464063167,6.72766955381082
"WUE_T","Saline",-1.86688762742318,"7","US-A03","SPEI_48","WUE_T",1.42195631820978,-6.93486187404843,9.77877451046799
"WUE_ET","Upland",-1.84415565278055,"7","US-A03","SPEI_48","WUE_ET",-2.64756575807659,-9.64488676583545,4.34975524968227
"WUE_T","Upland",-1.84415565278055,"7","US-A03","SPEI_48","WUE_T",0.441905358544863,-6.43287369218616,7.31668440927589
"WUE_ET","Freshwater",-1.84415565278055,"7","US-A03","SPEI_48","WUE_ET",-2.3337108450493,-10.0240427477162,5.35662105761756
"WUE_T","Freshwater",-1.84415565278055,"7","US-A03","SPEI_48","WUE_T",0.755760271572146,-6.86091149902531,8.3724320421696
"WUE_ET","Saline",-1.84415565278055,"7","US-A03","SPEI_48","WUE_ET",-1.6837377597862,-10.1014288099341,6.73395329036174
"WUE_T","Saline",-1.84415565278055,"7","US-A03","SPEI_48","WUE_T",1.40573335683525,-6.93759941077133,9.74906612444184
"WUE_ET","Upland",-1.82142367813792,"7","US-A03","SPEI_48","WUE_ET",-2.62828357076552,-9.60946301116196,4.35289586963093
"WUE_T","Upland",-1.82142367813792,"7","US-A03","SPEI_48","WUE_T",0.425670564428976,-6.4332893000439,7.28463042890186
"WUE_ET","Freshwater",-1.82142367813792,"7","US-A03","SPEI_48","WUE_ET",-2.31442865773823,-9.99144026338096,5.36258294790449
"WUE_T","Freshwater",-1.82142367813792,"7","US-A03","SPEI_48","WUE_T",0.73952547745626,-6.86328602153184,8.34233697644436
"WUE_ET","Saline",-1.82142367813792,"7","US-A03","SPEI_48","WUE_ET",-1.66445557247513,-10.0693761418672,6.74046499691692
"WUE_T","Saline",-1.82142367813792,"7","US-A03","SPEI_48","WUE_T",1.38949856271936,-6.94049455915649,9.71949168459522
"WUE_ET","Upland",-1.79869170349528,"7","US-A03","SPEI_48","WUE_ET",-2.60896772577357,-9.57422317490709,4.35628772335995
"WUE_T","Upland",-1.79869170349528,"7","US-A03","SPEI_48","WUE_T",0.409423406842356,-6.43388416249131,7.25273097617603
"WUE_ET","Freshwater",-1.79869170349528,"7","US-A03","SPEI_48","WUE_ET",-2.29511281274629,-9.95901317208857,5.36878754659599
"WUE_T","Freshwater",-1.79869170349528,"7","US-A03","SPEI_48","WUE_T",0.723278319869639,-6.86583104042982,8.3123876801691
"WUE_ET","Saline",-1.79869170349528,"7","US-A03","SPEI_48","WUE_ET",-1.64513972748319,-10.0374749186602,6.7471954636938
"WUE_T","Saline",-1.79869170349528,"7","US-A03","SPEI_48","WUE_T",1.37325140513274,-6.94354773915623,9.69005054942171
"WUE_ET","Upland",-1.77595972885265,"7","US-A03","SPEI_48","WUE_ET",-2.58961607264583,-9.5391523691705,4.35992022387884
"WUE_T","Upland",-1.77595972885265,"7","US-A03","SPEI_48","WUE_T",0.393163358730956,-6.43465897913133,7.22098569659324
"WUE_ET","Freshwater",-1.77595972885265,"7","US-A03","SPEI_48","WUE_ET",-2.27576115961855,-9.92674741888515,5.37522509964806
"WUE_T","Freshwater",-1.77595972885265,"7","US-A03","SPEI_48","WUE_T",0.707018271758239,-6.86854705671352,8.28258360023
"WUE_ET","Saline",-1.77595972885265,"7","US-A03","SPEI_48","WUE_ET",-1.62578807435544,-10.0057116759988,6.75413552728791
"WUE_T","Saline",-1.77595972885265,"7","US-A03","SPEI_48","WUE_T",1.35699135702134,-6.94675935274553,9.66074206678822
"WUE_ET","Upland",-1.75322775421002,"7","US-A03","SPEI_48","WUE_ET",-2.57022644943276,-9.504235792768,4.36378289390247
"WUE_T","Upland",-1.75322775421002,"7","US-A03","SPEI_48","WUE_T",0.376889898271633,-6.43561443199818,7.18939422854145
"WUE_ET","Freshwater",-1.75322775421002,"7","US-A03","SPEI_48","WUE_ET",-2.25637153640548,-9.89462904789529,5.38188597508434
"WUE_T","Freshwater",-1.75322775421002,"7","US-A03","SPEI_48","WUE_T",0.690744811298916,-6.87143455433935,8.25292417693718
"WUE_ET","Saline",-1.75322775421002,"7","US-A03","SPEI_48","WUE_ET",-1.60639845114237,-9.97407305325431,6.76127615096956
"WUE_T","Saline",-1.75322775421002,"7","US-A03","SPEI_48","WUE_T",1.34071789656202,-6.95012978688185,9.63156558000589
"WUE_ET","Upland",-1.73049577956739,"7","US-A03","SPEI_48","WUE_ET",-2.5507966791817,-9.46945892184851,4.36786556348511
"WUE_T","Upland",-1.73049577956739,"7","US-A03","SPEI_48","WUE_T",0.360602512980084,-6.43675119147483,7.157956217435
"WUE_ET","Freshwater",-1.73049577956739,"7","US-A03","SPEI_48","WUE_ET",-2.23694176615442,-9.86264437176686,5.38876083945802
"WUE_T","Freshwater",-1.73049577956739,"7","US-A03","SPEI_48","WUE_T",0.674457426007367,-6.87449400505524,8.22340885706998
"WUE_ET","Saline",-1.73049577956739,"7","US-A03","SPEI_48","WUE_ET",-1.58696868089132,-9.94254595087922,6.76860858909659
"WUE_T","Saline",-1.73049577956739,"7","US-A03","SPEI_48","WUE_T",1.32443051127047,-6.95365941774831,9.60252044028925
"WUE_ET","Upland",-1.70776380492475,"7","US-A03","SPEI_48","WUE_ET",-2.53132457672943,-9.43480747818086,4.372158324722
"WUE_T","Upland",-1.70776380492475,"7","US-A03","SPEI_48","WUE_T",0.344300697238644,-6.43806991778095,7.12667131225824
"WUE_ET","Freshwater",-1.70776380492475,"7","US-A03","SPEI_48","WUE_ET",-2.21746966370215,-9.83077994475319,5.3958406173489
"WUE_T","Freshwater",-1.70776380492475,"7","US-A03","SPEI_48","WUE_T",0.658155610265927,-6.87772587014946,8.19403709068132
"WUE_ET","Saline",-1.70776380492475,"7","US-A03","SPEI_48","WUE_ET",-1.56749657843904,-9.91111750362575,6.77612434674767
"WUE_T","Saline",-1.70776380492475,"7","US-A03","SPEI_48","WUE_T",1.30812869552903,-6.95734861248692,9.57360600354498
"WUE_ET","Upland",-1.68503183028212,"7","US-A03","SPEI_48","WUE_ET",-2.51180795035043,-9.40026766435695,4.37665176365609
"WUE_T","Upland",-1.68503183028212,"7","US-A03","SPEI_48","WUE_T",0.327983958083388,-6.43957126726689,7.09553918343366
"WUE_ET","Freshwater",-1.68503183028212,"7","US-A03","SPEI_48","WUE_ET",-2.19795303732315,-9.79902277190287,5.40311669725657
"WUE_T","Freshwater",-1.68503183028212,"7","US-A03","SPEI_48","WUE_T",0.641838871110671,-6.8811306053943,8.16480834761564
"WUE_ET","Saline",-1.68503183028212,"7","US-A03","SPEI_48","WUE_ET",-1.54797995206005,-9.87977527578951,6.78381537166942
"WUE_T","Saline",-1.68503183028212,"7","US-A03","SPEI_48","WUE_T",1.29181195637377,-6.96119773344446,9.54482164619201
"WUE_ET","Upland",-1.66229985563949,"7","US-A03","SPEI_48","WUE_ET",-2.49224460348612,-9.36582641276819,4.38133720579595
"WUE_T","Upland",-1.66229985563949,"7","US-A03","SPEI_48","WUE_T",0.311651821636646,-6.44125589899389,7.06455954226718
"WUE_ET","Freshwater",-1.66229985563949,"7","US-A03","SPEI_48","WUE_ET",-2.17838969045884,-9.76736052957629,5.41058114865861
"WUE_T","Freshwater",-1.66229985563949,"7","US-A03","SPEI_48","WUE_T",0.62550673466393,-6.8847086661266,8.13572213545446
"WUE_ET","Saline",-1.66229985563949,"7","US-A03","SPEI_48","WUE_ET",-1.52841660519573,-9.84850746719551,6.79167425680405
"WUE_T","Saline",-1.66229985563949,"7","US-A03","SPEI_48","WUE_T",1.27547981992703,-6.96520714250197,9.51616678235603
"WUE_ET","Upland",-1.63956788099686,"7","US-A03","SPEI_48","WUE_ET",-2.47263234043683,-9.33147145530807,4.3862067744344
"WUE_T","Upland",-1.63956788099686,"7","US-A03","SPEI_48","WUE_T",0.29530383415764,-6.44312447805246,7.03373214636774
"WUE_ET","Freshwater",-1.63956788099686,"7","US-A03","SPEI_48","WUE_ET",-2.15877742740955,-9.73578162686504,5.41822677204594
"WUE_T","Freshwater",-1.63956788099686,"7","US-A03","SPEI_48","WUE_T",0.609158747184923,-6.88846051010721,8.10677800447706
"WUE_ET","Saline",-1.63956788099686,"7","US-A03","SPEI_48","WUE_ET",-1.50880434214645,-9.81730296970183,6.79969428540894
"WUE_T","Saline",-1.63956788099686,"7","US-A03","SPEI_48","WUE_T",1.25913183244803,-6.96937720363148,9.48764086852753
"WUE_ET","Upland",-1.61683590635423,"7","US-A03","SPEI_48","WUE_ET",-2.4529689705973,-9.29719115119912,4.39125321000453
"WUE_T","Upland",-1.61683590635423,"7","US-A03","SPEI_48","WUE_T",0.278939555251709,-6.4451776750595,7.00305678556291
"WUE_ET","Freshwater",-1.61683590635423,"7","US-A03","SPEI_48","WUE_ET",-2.13911405757001,-9.70427505251055,5.42604693737053
"WUE_T","Freshwater",-1.61683590635423,"7","US-A03","SPEI_48","WUE_T",0.592794468278992,-6.89238659798919,8.07797553454718
"WUE_ET","Saline",-1.61683590635423,"7","US-A03","SPEI_48","WUE_ET",-1.48914097230691,-9.78615122145601,6.80786927684219
"WUE_T","Saline",-1.61683590635423,"7","US-A03","SPEI_48","WUE_T",1.2427675535421,-6.97370828366308,9.45924339074728
"WUE_ET","Upland",-1.59410393171159,"7","US-A03","SPEI_48","WUE_ET",-2.43325231660726,-9.26297475309642,4.39647011988191
"WUE_T","Upland",-1.59410393171159,"7","US-A03","SPEI_48","WUE_T",0.262558565403815,-6.44741617230144,6.97253330310907
"WUE_ET","Freshwater",-1.59410393171159,"7","US-A03","SPEI_48","WUE_ET",-2.11939740357997,-9.67283061057691,5.43403580341696
"WUE_T","Freshwater",-1.59410393171159,"7","US-A03","SPEI_48","WUE_T",0.576413478431098,-6.89648739784786,8.04931435471006
"WUE_ET","Saline",-1.59410393171159,"7","US-A03","SPEI_48","WUE_ET",-1.46942431831687,-9.75504242800486,6.81619379137112
"WUE_T","Saline",-1.59410393171159,"7","US-A03","SPEI_48","WUE_T",1.2263865636942,-6.97820075603992,9.43097388342833
"WUE_ET","Upland",-1.57137195706896,"7","US-A03","SPEI_48","WUE_ET",-2.41348020958298,-9.22881211847594,4.40185169930998
"WUE_T","Upland",-1.57137195706896,"7","US-A03","SPEI_48","WUE_T",0.246160455239135,-6.44984066186558,6.94216157234384
"WUE_ET","Freshwater",-1.57137195706896,"7","US-A03","SPEI_48","WUE_ET",-2.0996252965557,-9.6414386630662,5.44218806995481
"WUE_T","Freshwater",-1.57137195706896,"7","US-A03","SPEI_48","WUE_T",0.560015368266418,-6.90076338491688,8.02079412144972
"WUE_ET","Saline",-1.57137195706896,"7","US-A03","SPEI_48","WUE_ET",-1.44965221129259,-9.72396731760051,6.82466289501533
"WUE_T","Saline",-1.57137195706896,"7","US-A03","SPEI_48","WUE_T",1.20998845352952,-6.98285500112377,9.40283190818282
"WUE_ET","Upland",-1.54863998242633,"7","US-A03","SPEI_48","WUE_ET",-2.39365050340112,-9.1946939981352,4.40739299133297
"WUE_T","Upland",-1.54863998242633,"7","US-A03","SPEI_48","WUE_T",0.229744833989122,-6.45245185162114,6.91194151959938
"WUE_ET","Freshwater",-1.54863998242633,"7","US-A03","SPEI_48","WUE_ET",-2.07979559037383,-9.61009038595715,5.45049920520948
"WUE_T","Freshwater",-1.54863998242633,"7","US-A03","SPEI_48","WUE_T",0.543599747016405,-6.90521504585359,7.9924145398864
"WUE_ET","Saline",-1.54863998242633,"7","US-A03","SPEI_48","WUE_ET",-1.42982250511073,-9.69291738215324,6.83327237193178
"WUE_T","Saline",-1.54863998242633,"7","US-A03","SPEI_48","WUE_T",1.19357283227951,-6.98767140965513,9.37481707421415
"WUE_ET","Upland",-1.5259080077837,"7","US-A03","SPEI_48","WUE_ET",-2.37376108999719,-9.16061234737754,4.41309016738316
"WUE_T","Upland",-1.5259080077837,"7","US-A03","SPEI_48","WUE_T",0.213311339287053,-6.45525047123866,6.88187314981277
"WUE_ET","Freshwater",-1.5259080077837,"7","US-A03","SPEI_48","WUE_ET",-2.05990617696991,-9.57877804416491,5.45896569022509
"WUE_T","Freshwater",-1.5259080077837,"7","US-A03","SPEI_48","WUE_T",0.527166252314336,-6.90984288282288,7.96417538745155
"WUE_ET","Saline",-1.5259080077837,"7","US-A03","SPEI_48","WUE_ET",-1.40993309170681,-9.66188513648659,6.84201895307298
"WUE_T","Saline",-1.5259080077837,"7","US-A03","SPEI_48","WUE_T",1.17713933757744,-6.99265038597152,9.3469290611264
"WUE_ET","Upland",-1.50317603314106,"7","US-A03","SPEI_48","WUE_ET",-2.35380987871189,-9.12655985281836,4.41894009539458
"WUE_T","Upland",-1.50317603314106,"7","US-A03","SPEI_48","WUE_T",0.196859620430571,-6.45823726793,6.85195650879114
"WUE_ET","Freshwater",-1.50317603314106,"7","US-A03","SPEI_48","WUE_ET",-2.03995496568461,-9.547494568574,5.46758463720479
"WUE_T","Freshwater",-1.50317603314106,"7","US-A03","SPEI_48","WUE_T",0.510714533457854,-6.91464741184198,7.93607647875768
"WUE_ET","Saline",-1.50317603314106,"7","US-A03","SPEI_48","WUE_ET",-1.3899818804215,-9.63086371657638,6.85089995573338
"WUE_T","Saline",-1.50317603314106,"7","US-A03","SPEI_48","WUE_T",1.16068761872096,-6.99779234735665,9.31916758479856
"WUE_ET","Upland",-1.48044405849843,"7","US-A03","SPEI_48","WUE_ET",-2.33379479210782,-9.09252982391946,4.42494023970382
"WUE_T","Upland",-1.48044405849843,"7","US-A03","SPEI_48","WUE_T",0.180389333561409,-6.46141300699454,6.82219167411736
"WUE_ET","Freshwater",-1.48044405849843,"7","US-A03","SPEI_48","WUE_ET",-2.01993987908054,-9.51623345863155,5.47635370047048
"WUE_T","Freshwater",-1.48044405849843,"7","US-A03","SPEI_48","WUE_T",0.494244246588692,-6.91962916390498,7.90811765708236
"WUE_ET","Saline",-1.48044405849843,"7","US-A03","SPEI_48","WUE_ET",-1.36996679381743,-9.59984678592944,6.85991319829457
"WUE_T","Saline",-1.48044405849843,"7","US-A03","SPEI_48","WUE_T",1.1442173318518,-7.00309772532006,9.29153238902365
"WUE_ET","Upland",-1.4577120838558,"7","US-A03","SPEI_48","WUE_ET",-2.31371381275805,-9.0585168429871,4.431089217471
"WUE_T","Upland",-1.4577120838558,"7","US-A03","SPEI_48","WUE_T",0.163900163351133,-6.46477848104514,6.79257880774741
"WUE_ET","Freshwater",-1.4577120838558,"7","US-A03","SPEI_48","WUE_ET",-1.99985889973077,-9.48498936007145,5.48527156060992
"WUE_T","Freshwater",-1.4577120838558,"7","US-A03","SPEI_48","WUE_T",0.477755076378416,-6.92478869039187,7.8802988431487
"WUE_ET","Saline",-1.4577120838558,"7","US-A03","SPEI_48","WUE_ET",-1.34988581446766,-9.56882908329631,6.86905745436098
"WUE_T","Saline",-1.4577120838558,"7","US-A03","SPEI_48","WUE_T",1.12772816164152,-7.00856696940641,9.26402329268945
"WUE_ET","Upland",-1.43498010921317,"7","US-A03","SPEI_48","WUE_ET",-2.29356502605035,-9.02451721648628,4.43738716438558
"WUE_T","Upland",-1.43498010921317,"7","US-A03","SPEI_48","WUE_T",0.147391839081111,-6.46833451574271,6.76311819390493
"WUE_ET","Freshwater",-1.43498010921317,"7","US-A03","SPEI_48","WUE_ET",-1.97971011302307,-9.45375846436349,5.49433823831736
"WUE_T","Freshwater",-1.43498010921317,"7","US-A03","SPEI_48","WUE_T",0.461246752108394,-6.93012656602647,7.85262007024326
"WUE_ET","Saline",-1.43498010921317,"7","US-A03","SPEI_48","WUE_ET",-1.32973702775996,-9.53780680279631,6.87833274727639
"WUE_T","Saline",-1.43498010921317,"7","US-A03","SPEI_48","WUE_T",1.1112198373715,-7.01420054904854,9.23664022379154
"WUE_ET","Upland",-1.41224813457053,"7","US-A03","SPEI_48","WUE_ET",-2.27334665837329,-8.99052927434174,4.44383595759515
"WUE_T","Upland",-1.41224813457053,"7","US-A03","SPEI_48","WUE_T",0.130864146704941,-6.47208197253028,6.73381026594017
"WUE_ET","Freshwater",-1.41224813457053,"7","US-A03","SPEI_48","WUE_ET",-1.95949174534601,-9.42253877164494,5.50355528095292
"WUE_T","Freshwater",-1.41224813457053,"7","US-A03","SPEI_48","WUE_T",0.444719059732224,-6.93564338963401,7.82508150909845
"WUE_ET","Saline",-1.41224813457053,"7","US-A03","SPEI_48","WUE_ET",-1.30951866008291,-9.50677784588212,6.8877405257163
"WUE_T","Saline",-1.41224813457053,"7","US-A03","SPEI_48","WUE_T",1.09469214499533,-7.01999895361843,9.20938324360908
"WUE_ET","Upland",-1.3895161599279,"7","US-A03","SPEI_48","WUE_ET",-2.25305702539954,-8.95655263909347,4.45043858829439
"WUE_T","Upland",-1.3895161599279,"7","US-A03","SPEI_48","WUE_T",0.114316905108236,-6.47602173984404,6.70465555006051
"WUE_ET","Freshwater",-1.3895161599279,"7","US-A03","SPEI_48","WUE_ET",-1.93920211237226,-9.39132943514697,5.51292521040245
"WUE_T","Freshwater",-1.3895161599279,"7","US-A03","SPEI_48","WUE_T",0.428171818135519,-6.94133977930152,7.79768341557255
"WUE_ET","Saline",-1.3895161599279,"7","US-A03","SPEI_48","WUE_ET",-1.28922902710916,-9.47574119942982,6.89728314521151
"WUE_T","Saline",-1.3895161599279,"7","US-A03","SPEI_48","WUE_T",1.07814490339862,-7.02596268924747,9.18225249604471
"WUE_ET","Upland",-1.36678418528527,"7","US-A03","SPEI_48","WUE_ET",-2.23269455695521,-8.92258831114368,4.45719919723326
"WUE_T","Upland",-1.36678418528527,"7","US-A03","SPEI_48","WUE_T",0.0977499705377538,-6.48015473282627,6.67565467390177
"WUE_ET","Freshwater",-1.36678418528527,"7","US-A03","SPEI_48","WUE_ET",-1.91883964392793,-9.36013083502027,5.52245154716441
"WUE_T","Freshwater",-1.36678418528527,"7","US-A03","SPEI_48","WUE_T",0.411604883565037,-6.94721637148388,7.77042613861396
"WUE_ET","Saline",-1.36678418528527,"7","US-A03","SPEI_48","WUE_ET",-1.26886655866483,-9.44469700839795,6.90696389106829
"WUE_T","Saline",-1.36678418528527,"7","US-A03","SPEI_48","WUE_T",1.06157796882814,-7.03209227778926,9.15524821544554
"WUE_ET","Upland",-1.34405221064264,"7","US-A03","SPEI_48","WUE_ET",-2.21225784157282,-8.88863891757084,4.4641232344252
"WUE_T","Upland",-1.34405221064264,"7","US-A03","SPEI_48","WUE_T",0.0811632477313056,-6.48448189368319,6.6468083891458
"WUE_ET","Freshwater",-1.34405221064264,"7","US-A03","SPEI_48","WUE_ET",-1.89840292854554,-9.32894479751323,5.53213894042216
"WUE_T","Freshwater",-1.34405221064264,"7","US-A03","SPEI_48","WUE_T",0.395018160758589,-6.95327381978603,7.74331014130321
"WUE_ET","Saline",-1.34405221064264,"7","US-A03","SPEI_48","WUE_ET",-1.24842984328243,-9.4136467881637,6.91678710159883
"WUE_T","Saline",-1.34405221064264,"7","US-A03","SPEI_48","WUE_T",1.04499124602169,-7.03838825513992,9.1283707471833
"WUE_ET","Upland",-1.321320236,"7","US-A03","SPEI_48","WUE_ET",-2.19174564406935,-8.85470865373179,4.47121736559309
"WUE_T","Upland",-1.321320236,"7","US-A03","SPEI_48","WUE_T",0.0645566909070965,-6.48900418803032,6.61811756984451
"WUE_ET","Freshwater",-1.321320236,"7","US-A03","SPEI_48","WUE_ET",-1.87789073104206,-9.29777453992128,5.54199307783715
"WUE_T","Freshwater",-1.321320236,"7","US-A03","SPEI_48","WUE_T",0.37841160393438,-6.9595127914885,7.71633599935726
"WUE_ET","Saline",-1.321320236,"7","US-A03","SPEI_48","WUE_ET",-1.22791764577896,-9.38259337647113,6.9267580849132
"WUE_T","Saline",-1.321320236,"7","US-A03","SPEI_48","WUE_T",1.02838468919748,-7.04485116803633,9.1016205464313
"WUE_ET","Upland",-1.29858826135737,"7","US-A03","SPEI_48","WUE_ET",-2.17115687129398,-8.82080284284593,4.47848910025797
"WUE_T","Upland",-1.29858826135737,"7","US-A03","SPEI_48","WUE_T",0.0479302914380952,-6.49372259746165,6.58958318033784
"WUE_ET","Freshwater",-1.29858826135737,"7","US-A03","SPEI_48","WUE_ET",-1.85730195826669,-9.2666242742433,5.55202035770991
"WUE_T","Freshwater",-1.29858826135737,"7","US-A03","SPEI_48","WUE_T",0.361785204465378,-6.96593396248784,7.6895043714186
"WUE_ET","Saline",-1.29858826135737,"7","US-A03","SPEI_48","WUE_ET",-1.20732887300359,-9.35154055908772,6.93688281308054
"WUE_T","Saline",-1.29858826135737,"7","US-A03","SPEI_48","WUE_T",1.01175828972848,-7.05148157011059,9.07499814956756
"WUE_ET","Upland",-1.27585628671474,"7","US-A03","SPEI_48","WUE_ET",-2.15049052357647,-8.7869274418216,4.48594639466865
"WUE_T","Upland",-1.27585628671474,"7","US-A03","SPEI_48","WUE_T",0.0312840628868392,-6.49863811224241,6.56120623801609
"WUE_ET","Freshwater",-1.27585628671474,"7","US-A03","SPEI_48","WUE_ET",-1.83663561054919,-9.23549876378307,5.56222754268469
"WUE_T","Freshwater",-1.27585628671474,"7","US-A03","SPEI_48","WUE_T",0.345138975914122,-6.97253801275143,7.66281596457968
"WUE_ET","Saline",-1.27585628671474,"7","US-A03","SPEI_48","WUE_ET",-1.18666252528608,-9.32049264934298,6.94716759877081
"WUE_T","Saline",-1.27585628671474,"7","US-A03","SPEI_48","WUE_T",0.995112061177226,-7.05828001856059,9.04850414091504
"WUE_ET","Upland",-1.25312431207211,"7","US-A03","SPEI_48","WUE_ET",-2.12974579538313,-8.75308952656547,4.49359793579921
"WUE_T","Upland",-1.25312431207211,"7","US-A03","SPEI_48","WUE_T",0.0146180606271407,-6.50375173186297,6.53298785311725
"WUE_ET","Freshwater",-1.25312431207211,"7","US-A03","SPEI_48","WUE_ET",-1.81589088235585,-9.20440375730312,5.57262199259142
"WUE_T","Freshwater",-1.25312431207211,"7","US-A03","SPEI_48","WUE_T",0.328472973654424,-6.97932562419549,7.63627157150434
"WUE_ET","Saline",-1.25312431207211,"7","US-A03","SPEI_48","WUE_ET",-1.16591779709274,-9.28945490904828,6.9576193148628
"WUE_T","Saline",-1.25312431207211,"7","US-A03","SPEI_48","WUE_T",0.978446058917528,-7.06524707124517,9.02213918908023
"WUE_ET","Upland",-1.23039233742948,"7","US-A03","SPEI_48","WUE_ET",-2.10892203204338,-8.71929688143956,4.5014528173528
"WUE_T","Upland",-1.23039233742948,"7","US-A03","SPEI_48","WUE_T",-0.0020676290104078,-6.50906445743513,6.50492919941431
"WUE_ET","Freshwater",-1.23039233742948,"7","US-A03","SPEI_48","WUE_ET",-1.7950671190161,-9.17334561973227,5.58321138170007
"WUE_T","Freshwater",-1.23039233742948,"7","US-A03","SPEI_48","WUE_T",0.311787284016875,-6.9862974753493,7.60987204338305
"WUE_ET","Saline",-1.23039233742948,"7","US-A03","SPEI_48","WUE_ET",-1.14509403375299,-9.25843319946932,6.96824513196334
"WUE_T","Saline",-1.23039233742948,"7","US-A03","SPEI_48","WUE_T",0.96176036927998,-7.07238328242621,8.99590402098617
"WUE_ET","Upland",-1.20766036278684,"7","US-A03","SPEI_48","WUE_ET",-2.08801872487699,-8.68555779722892,4.50952034747495
"WUE_T","Upland",-1.20766036278684,"7","US-A03","SPEI_48","WUE_T",-0.0187728933107811,-6.51457728628013,6.47703149965857
"WUE_ET","Freshwater",-1.20766036278684,"7","US-A03","SPEI_48","WUE_ET",-1.77416381184971,-9.14233115156452,5.59400352786511
"WUE_T","Freshwater",-1.20766036278684,"7","US-A03","SPEI_48","WUE_T",0.295082019716502,-6.99345423716835,7.58361827660135
"WUE_ET","Saline",-1.20766036278684,"7","US-A03","SPEI_48","WUE_ET",-1.1241907265866,-9.22743381309139,6.97905235991819
"WUE_T","Saline",-1.20766036278684,"7","US-A03","SPEI_48","WUE_T",0.945055104979606,-7.07968919924722,8.96979940920643
"WUE_ET","Upland",-1.18492838814421,"7","US-A03","SPEI_48","WUE_ET",-2.06703558721409,-8.65188129476036,4.51781012033218
"WUE_T","Upland",-1.18492838814421,"7","US-A03","SPEI_48","WUE_T",-0.0354975825655774,-6.52029120915028,6.44929604401913
"WUE_ET","Freshwater",-1.18492838814421,"7","US-A03","SPEI_48","WUE_ET",-1.75318067418681,-9.11136779056436,5.60500644219074
"WUE_T","Freshwater",-1.18492838814421,"7","US-A03","SPEI_48","WUE_T",0.278357330461706,-7.00079656915836,7.55751123008177
"WUE_ET","Saline",-1.18492838814421,"7","US-A03","SPEI_48","WUE_ET",-1.1032075889237,-9.19646367365334,6.99004849580594
"WUE_T","Saline",-1.18492838814421,"7","US-A03","SPEI_48","WUE_T",0.92833041572481,-7.08716535772232,8.94382618917194
"WUE_ET","Upland",-1.16219641350158,"7","US-A03","SPEI_48","WUE_ET",-2.04597258483172,-8.61827707494114,4.52633190527769
"WUE_T","Upland",-1.16219641350158,"7","US-A03","SPEI_48","WUE_T",-0.0522415084993033,-6.52620720467983,6.42172418768122
"WUE_ET","Freshwater",-1.16219641350158,"7","US-A03","SPEI_48","WUE_ET",-1.73211767180444,-9.08046356810771,5.61622822449883
"WUE_T","Freshwater",-1.16219641350158,"7","US-A03","SPEI_48","WUE_T",0.26161340452798,-7.00832511424344,7.5315519232994
"WUE_ET","Saline",-1.16219641350158,"7","US-A03","SPEI_48","WUE_ET",-1.08214458654134,-9.16553030117467,7.00124112809199
"WUE_T","Saline",-1.16219641350158,"7","US-A03","SPEI_48","WUE_T",0.911586489791084,-7.09481227805078,8.91798525763295
"WUE_ET","Upland",-1.13946443885895,"7","US-A03","SPEI_48","WUE_ET",-2.02482993553832,-8.58475532563568,4.53509545455905
"WUE_T","Upland",-1.13946443885895,"7","US-A03","SPEI_48","WUE_T",-0.0690044475014251,-6.53232623264795,6.3943173376451
"WUE_ET","Freshwater",-1.13946443885895,"7","US-A03","SPEI_48","WUE_ET",-1.71097502251104,-9.04962693707653,5.62767689205446
"WUE_T","Freshwater",-1.13946443885895,"7","US-A03","SPEI_48","WUE_T",0.244850465525858,-7.01604049324585,7.50574142429756
"WUE_ET","Saline",-1.13946443885895,"7","US-A03","SPEI_48","WUE_ET",-1.06100193724793,-9.13464165324304,7.01263777874718
"WUE_T","Saline",-1.13946443885895,"7","US-A03","SPEI_48","WUE_T",0.894823550788962,-7.10263045982673,8.89227756140466
"WUE_ET","Upland",-1.11673246421631,"7","US-A03","SPEI_48","WUE_ET",-2.00360797665566,-8.55132603773085,4.54411008441953
"WUE_T","Upland",-1.11673246421631,"7","US-A03","SPEI_48","WUE_T",-0.0857861605644958,-6.53864922481946,6.36707690369047
"WUE_ET","Freshwater",-1.11673246421631,"7","US-A03","SPEI_48","WUE_ET",-1.68975306362838,-9.01886615683453,5.63936002957778
"WUE_T","Freshwater",-1.11673246421631,"7","US-A03","SPEI_48","WUE_T",0.228068752462787,-7.02394329954014,7.48008080446572
"WUE_ET","Saline",-1.11673246421631,"7","US-A03","SPEI_48","WUE_ET",-1.03977997836527,-9.10380553655863,7.02424557982809
"WUE_T","Saline",-1.11673246421631,"7","US-A03","SPEI_48","WUE_T",0.878041837725892,-7.11062037824091,8.86670405369269
"WUE_ET","Upland",-1.09400048957368,"7","US-A03","SPEI_48","WUE_ET",-1.98230713921958,-8.51799880791079,4.55338452947163
"WUE_T","Upland",-1.09400048957368,"7","US-A03","SPEI_48","WUE_T",-0.102586398287734,-6.54517708045287,6.3400042838774
"WUE_ET","Freshwater",-1.09400048957368,"7","US-A03","SPEI_48","WUE_ET",-1.66845222619229,-8.98818911807171,5.65128466568712
"WUE_T","Freshwater",-1.09400048957368,"7","US-A03","SPEI_48","WUE_T",0.211268514739549,-7.03203409586534,7.45457112534444
"WUE_ET","Saline",-1.09400048957368,"7","US-A03","SPEI_48","WUE_ET",-1.01847914092919,-9.07302944160085,7.03607115974247
"WUE_T","Saline",-1.09400048957368,"7","US-A03","SPEI_48","WUE_T",0.861241600002653,-7.11878248150317,8.84126568150848
"WUE_ET","Upland",-1.07126851493105,"7","US-A03","SPEI_48","WUE_ET",-1.9609280573796,-8.48478310896067,4.56292699420146
"WUE_T","Upland",-1.07126851493105,"7","US-A03","SPEI_48","WUE_T",-0.119404891772184,-6.55191066519324,6.31310088164888
"WUE_ET","Freshwater",-1.07126851493105,"7","US-A03","SPEI_48","WUE_ET",-1.64707314435232,-8.95760359206916,5.66345730336452
"WUE_T","Freshwater",-1.07126851493105,"7","US-A03","SPEI_48","WUE_T",0.1944500212551,-7.04031341219671,7.42921345470691
"WUE_ET","Saline",-1.07126851493105,"7","US-A03","SPEI_48","WUE_ET",-0.997100059089217,-9.04232078866546,7.04812067048703
"WUE_T","Saline",-1.07126851493105,"7","US-A03","SPEI_48","WUE_T",0.844423106518203,-7.12711718854957,8.81596340158598
"WUE_ET","Upland",-1.04853654028842,"7","US-A03","SPEI_48","WUE_ET",-1.93947171964038,-8.45168863630765,4.57274519702689
"WUE_T","Upland",-1.04853654028842,"7","US-A03","SPEI_48","WUE_T",-0.136241341348236,-6.55885080975671,6.28636812706024
"WUE_ET","Freshwater",-1.04853654028842,"7","US-A03","SPEI_48","WUE_ET",-1.62561680661309,-8.92711755050928,5.6758839372831
"WUE_T","Freshwater",-1.04853654028842,"7","US-A03","SPEI_48","WUE_T",0.177613571679047,-7.04878174309831,7.40400888645641
"WUE_ET","Saline",-1.04853654028842,"7","US-A03","SPEI_48","WUE_ET",-0.97564372134999,-9.01168724419743,7.06039980149745
"WUE_T","Saline",-1.04853654028842,"7","US-A03","SPEI_48","WUE_T",0.827586656942151,-7.1356248861887,8.790798200073
"WUE_ET","Upland",-1.02580456564579,"7","US-A03","SPEI_48","WUE_ET",-1.91793946695867,-8.41872514567406,4.58284621175672
"WUE_T","Upland",-1.02580456564579,"7","US-A03","SPEI_48","WUE_T",-0.153095420311898,-6.56599830477109,6.25980746414729
"WUE_ET","Freshwater",-1.02580456564579,"7","US-A03","SPEI_48","WUE_ET",-1.60408455393138,-8.89673902297146,5.6885699151087
"WUE_T","Freshwater",-1.02580456564579,"7","US-A03","SPEI_48","WUE_T",0.160759492715385,-7.05743954375166,7.37895852918243
"WUE_ET","Saline",-1.02580456564579,"7","US-A03","SPEI_48","WUE_ET",-0.954111468668279,-8.98113658871593,7.07291365137938
"WUE_T","Saline",-1.02580456564579,"7","US-A03","SPEI_48","WUE_T",0.810732577978489,-7.14430592576222,8.7657710817192
"WUE_ET","Upland",-1.00307259100315,"7","US-A03","SPEI_48","WUE_ET",-1.8963329879233,-8.38590229070393,4.59323631485732
"WUE_T","Upland",-1.00307259100315,"7","US-A03","SPEI_48","WUE_T",-0.169966779475325,-6.57335389641483,6.23342033746418
"WUE_ET","Freshwater",-1.00307259100315,"7","US-A03","SPEI_48","WUE_ET",-1.58247807489602,-8.86647595499237,5.70151980520033
"WUE_T","Freshwater",-1.00307259100315,"7","US-A03","SPEI_48","WUE_T",0.143888133551959,-7.06628722682441,7.35406349392832
"WUE_ET","Saline",-1.00307259100315,"7","US-A03","SPEI_48","WUE_ET",-0.932504989632916,-8.95067658433434,7.08566660506851
"WUE_T","Saline",-1.00307259100315,"7","US-A03","SPEI_48","WUE_T",0.793861218815062,-7.15316062061436,8.74088305824449
"WUE_ET","Upland",-0.980340616360521,"7","US-A03","SPEI_48","WUE_ET",-1.87465429815869,-8.35322945563711,4.60392085931973
"WUE_T","Upland",-0.980340616360521,"7","US-A03","SPEI_48","WUE_T",-0.186855051582213,-6.58091828233948,6.20720817917506
"WUE_ET","Freshwater",-0.980340616360521,"7","US-A03","SPEI_48","WUE_ET",-1.56079938513141,-8.83633606062175,5.71473729035893
"WUE_T","Freshwater",-0.980340616360521,"7","US-A03","SPEI_48","WUE_T",0.12699986144507,-7.07532515960107,7.32932488249121
"WUE_ET","Saline",-0.980340616360521,"7","US-A03","SPEI_48","WUE_ET",-0.910826299868303,-8.92031483568304,7.09866223594644
"WUE_T","Saline",-0.980340616360521,"7","US-A03","SPEI_48","WUE_T",0.776972946708174,-7.16218924378022,8.71613513719656
"WUE_ET","Upland",-0.957608641717888,"7","US-A03","SPEI_48","WUE_ET",-1.8529057772285,-8.32071573071209,4.61490417625508
"WUE_T","Upland",-0.957608641717888,"7","US-A03","SPEI_48","WUE_T",-0.203759853846744,-6.58869211012503,6.18117240243154
"WUE_ET","Freshwater",-0.957608641717888,"7","US-A03","SPEI_48","WUE_ET",-1.53905086420122,-8.80632680720082,5.72822507879838
"WUE_T","Freshwater",-0.957608641717888,"7","US-A03","SPEI_48","WUE_T",0.11009505918054,-7.08455366308883,7.30474378144991
"WUE_ET","Saline",-0.957608641717888,"7","US-A03","SPEI_48","WUE_ET",-0.889077778938116,-8.89005877865771,7.11190322078148
"WUE_T","Saline",-0.957608641717888,"7","US-A03","SPEI_48","WUE_T",0.760068144443644,-7.17139202740991,8.6915283162972
"WUE_ET","Upland",-0.934876667075256,"7","US-A03","SPEI_48","WUE_ET",-1.83109025801024,-8.28837002287692,4.62618950685644
"WUE_T","Upland",-0.934876667075256,"7","US-A03","SPEI_48","WUE_T",-0.220680787817769,-6.59667597740163,6.15531440176609
"WUE_ET","Freshwater",-0.934876667075256,"7","US-A03","SPEI_48","WUE_ET",-1.51723534498296,-8.7764555246118,5.74198483464589
"WUE_T","Freshwater",-0.934876667075256,"7","US-A03","SPEI_48","WUE_T",0.0931741252095141,-7.09397301221334,7.28032126263237
"WUE_ET","Saline",-0.934876667075256,"7","US-A03","SPEI_48","WUE_ET",-0.867262259719852,-8.85991579000057,7.12539127056087
"WUE_T","Saline",-0.934876667075256,"7","US-A03","SPEI_48","WUE_T",0.743147210472618,-7.18076916307406,8.6670635840193
"WUE_ET","Upland",-0.912144692432624,"7","US-A03","SPEI_48","WUE_ET",-1.80921101407964,-8.25620093831261,4.63777891015333
"WUE_T","Upland",-0.912144692432624,"7","US-A03","SPEI_48","WUE_T",-0.237617444575845,-6.60487043045805,6.12963554130636
"WUE_ET","Freshwater",-0.912144692432624,"7","US-A03","SPEI_48","WUE_ET",-1.49535610105236,-8.74672930392061,5.7560171018159
"WUE_T","Freshwater",-0.912144692432624,"7","US-A03","SPEI_48","WUE_T",0.0762374684514382,-7.10358343546016,7.25605837236303
"WUE_ET","Saline",-0.912144692432624,"7","US-A03","SPEI_48","WUE_ET",-0.845383015789252,-8.82989309025155,7.13912705867304
"WUE_T","Saline",-0.912144692432624,"7","US-A03","SPEI_48","WUE_T",0.726210553714542,-7.19032080178017,8.64274190920925
"WUE_ET","Upland",-0.889412717789991,"7","US-A03","SPEI_48","WUE_ET",-1.7872719280168,-8.22421703772172,4.64967318168811
"WUE_T","Upland",-0.889412717789991,"7","US-A03","SPEI_48","WUE_T",-0.254569406099777,-6.61327596915509,6.10413715695554
"WUE_ET","Freshwater",-0.889412717789991,"7","US-A03","SPEI_48","WUE_ET",-1.47341701498952,-8.717155243656,5.77032121367696
"WUE_T","Freshwater",-0.889412717789991,"7","US-A03","SPEI_48","WUE_T",0.0592855069275058,-7.11338511948257,7.23195613333758
"WUE_ET","Saline",-0.889412717789991,"7","US-A03","SPEI_48","WUE_ET",-0.823443929726417,-8.79999798510802,7.15311012565518
"WUE_T","Saline",-0.889412717789991,"7","US-A03","SPEI_48","WUE_T",0.70925859219061,-7.20004705842978,8.618564242811
"WUE_ET","Upland",-0.866680743147359,"7","US-A03","SPEI_48","WUE_ET",-1.76527733658763,-8.1924265103907,4.66187183721544
"WUE_T","Upland",-0.866680743147359,"7","US-A03","SPEI_48","WUE_T",-0.271536250423872,-6.62189304182691,6.07882054097917
"WUE_ET","Freshwater",-0.866680743147359,"7","US-A03","SPEI_48","WUE_ET",-1.45142242356035,-8.68774014932493,5.78489530220423
"WUE_T","Freshwater",-0.866680743147359,"7","US-A03","SPEI_48","WUE_T",0.0423186626034113,-7.12337820554772,7.20801553075454
"WUE_ET","Saline",-0.866680743147359,"7","US-A03","SPEI_48","WUE_ET",-0.801449338297242,-8.77023757192573,7.16733889533125
"WUE_T","Saline",-0.866680743147359,"7","US-A03","SPEI_48","WUE_T",0.692291747866516,-7.20994800880872,8.59453150454175
"WUE_ET","Upland",-0.843948768504727,"7","US-A03","SPEI_48","WUE_ET",-1.74323186743801,-8.1608368655346,4.67437313065857
"WUE_T","Upland",-0.843948768504727,"7","US-A03","SPEI_48","WUE_T",-0.288517556332004,-6.63072204103357,6.05368692836956
"WUE_ET","Freshwater",-0.843948768504727,"7","US-A03","SPEI_48","WUE_ET",-1.42937695441073,-8.65849024766353,5.79973633884207
"WUE_T","Freshwater",-0.843948768504727,"7","US-A03","SPEI_48","WUE_T",0.0253373566952794,-7.13356278669702,7.18423750008757
"WUE_ET","Saline",-0.843948768504727,"7","US-A03","SPEI_48","WUE_ET",-0.779403869147627,-8.74061845897617,7.18181072068092
"WUE_T","Saline",-0.843948768504727,"7","US-A03","SPEI_48","WUE_T",0.675310441958384,-7.22002368719058,8.57064457110735
"WUE_ET","Upland",-0.821216793862094,"7","US-A03","SPEI_48","WUE_ET",-1.72114056744967,-8.12945515364256,4.68717401874322
"WUE_T","Upland",-0.821216793862094,"7","US-A03","SPEI_48","WUE_T",-0.305512907174961,-6.63976331102813,6.02873749667821
"WUE_ET","Freshwater",-0.821216793862094,"7","US-A03","SPEI_48","WUE_ET",-1.40728565442238,-8.62941140018622,5.81484009134145
"WUE_T","Freshwater",-0.821216793862094,"7","US-A03","SPEI_48","WUE_T",0.00834200585232248,-7.14393891499464,7.16062292669929
"WUE_ET","Saline",-0.821216793862094,"7","US-A03","SPEI_48","WUE_ET",-0.75731256915928,-8.71114697057066,7.1965218322521
"WUE_T","Saline",-0.821216793862094,"7","US-A03","SPEI_48","WUE_T",0.658315091115427,-7.23027409328628,8.54690427551714
"WUE_ET","Upland",-0.798484819219462,"7","US-A03","SPEI_48","WUE_ET",-1.69900886091146,-8.09828792906062,4.70027020723771
"WUE_T","Upland",-0.798484819219462,"7","US-A03","SPEI_48","WUE_T",-0.322521893040825,-6.6490171489153,6.00397336283365
"WUE_ET","Freshwater",-0.798484819219462,"7","US-A03","SPEI_48","WUE_ET",-1.38515394788417,-8.6005090691519,5.83020117338356
"WUE_T","Freshwater",-0.798484819219462,"7","US-A03","SPEI_48","WUE_T",-0.00866698001354194,-7.15450660305974,7.13717264303266
"WUE_ET","Saline",-0.798484819219462,"7","US-A03","SPEI_48","WUE_ET",-0.735180862621069,-8.68182910997641,7.21146738473427
"WUE_T","Saline",-0.798484819219462,"7","US-A03","SPEI_48","WUE_T",0.641306105249562,-7.24069919376585,8.52331140426497
"WUE_ET","Upland",-0.77575284457683,"7","US-A03","SPEI_48","WUE_ET",-1.6768426082628,-8.06734137712169,4.71365616059609
"WUE_T","Upland",-0.77575284457683,"7","US-A03","SPEI_48","WUE_T",-0.33954411549763,-6.65848381169474,5.97939558069948
"WUE_ET","Freshwater",-0.77575284457683,"7","US-A03","SPEI_48","WUE_ET",-1.36298769523552,-8.57178844059056,5.84581305011953
"WUE_T","Freshwater",-0.77575284457683,"7","US-A03","SPEI_48","WUE_T",-0.0256892024703469,-7.16526583110094,7.11388742616025
"WUE_ET","Saline",-0.77575284457683,"7","US-A03","SPEI_48","WUE_ET",-0.713014609972412,-8.65267067381335,7.22664145386853
"WUE_T","Saline",-0.77575284457683,"7","US-A03","SPEI_48","WUE_T",0.624283882792757,-7.25129892899737,8.49986669458288
"WUE_ET","Upland",-0.753020869934198,"7","US-A03","SPEI_48","WUE_ET",-1.6546481554651,-8.03662144258054,4.72732513165035
"WUE_T","Upland",-0.753020869934198,"7","US-A03","SPEI_48","WUE_T",-0.356579192403847,-6.66816352393666,5.95500513912897
"WUE_ET","Freshwater",-0.753020869934198,"7","US-A03","SPEI_48","WUE_ET",-1.34079324243781,-8.54325454734401,5.86166806246838
"WUE_T","Freshwater",-0.753020869934198,"7","US-A03","SPEI_48","WUE_T",-0.0427242793765633,-7.17621655452013,7.090767995767
"WUE_ET","Saline",-0.753020869934198,"7","US-A03","SPEI_48","WUE_ET",-0.690820157174711,-8.6236773652879,7.24203705093848
"WUE_T","Saline",-0.753020869934198,"7","US-A03","SPEI_48","WUE_T",0.607248805886541,-7.26207322029272,8.4765708320658
"WUE_ET","Upland",-0.730288895291565,"7","US-A03","SPEI_48","WUE_ET",-1.63243235514748,-8.00613393157175,4.74126922127678
"WUE_T","Upland",-0.730288895291565,"7","US-A03","SPEI_48","WUE_T",-0.373626761833896,-6.6780564847171,5.93080296104931
"WUE_ET","Freshwater",-0.730288895291565,"7","US-A03","SPEI_48","WUE_ET",-1.3185774421202,-8.51491236514076,5.87775748090036
"WUE_T","Freshwater",-0.730288895291565,"7","US-A03","SPEI_48","WUE_T",-0.0597718488066127,-7.18735871074877,7.06781501313554
"WUE_ET","Saline",-0.730288895291565,"7","US-A03","SPEI_48","WUE_ET",-0.668604356857097,-8.59485488047196,7.25764616675776
"WUE_T","Saline",-0.730288895291565,"7","US-A03","SPEI_48","WUE_T",0.590201236456491,-7.2730219763778,8.45342444929079
"WUE_ET","Upland",-0.707556920648933,"7","US-A03","SPEI_48","WUE_ET",-1.61020257385111,-7.97588460050925,4.75547945280702
"WUE_T","Upland",-0.707556920648933,"7","US-A03","SPEI_48","WUE_T",-0.390686486156044,-6.68816287479259,5.9067899024805
"WUE_ET","Freshwater",-0.707556920648933,"7","US-A03","SPEI_48","WUE_ET",-1.29634766082383,-8.48676689554688,5.89407157389921
"WUE_T","Freshwater",-0.707556920648933,"7","US-A03","SPEI_48","WUE_T",-0.0768315731287605,-7.19869222632069,7.04502908006316
"WUE_ET","Saline",-0.707556920648933,"7","US-A03","SPEI_48","WUE_ET",-0.646374575560727,-8.56620898093696,7.27345982981551
"WUE_T","Saline",-0.707556920648933,"7","US-A03","SPEI_48","WUE_T",0.573141512134344,-7.28414510006841,8.43042812433709
"WUE_ET","Upland",-0.6848249460063,"7","US-A03","SPEI_48","WUE_ET",-1.58796660606637,-7.94587913308549,4.76994592095275
"WUE_T","Upland",-0.6848249460063,"7","US-A03","SPEI_48","WUE_T",-0.407758049887809,-6.69848285683697,5.88296675706136
"WUE_ET","Freshwater",-0.6848249460063,"7","US-A03","SPEI_48","WUE_ET",-1.27411169303909,-8.45882313720068,5.9105997511225
"WUE_T","Freshwater",-0.6848249460063,"7","US-A03","SPEI_48","WUE_T",-0.0939031368605254,-7.21021701698527,7.02241074326422
"WUE_ET","Saline",-0.6848249460063,"7","US-A03","SPEI_48","WUE_ET",-0.624138607775982,-8.53774545968741,7.28946824413545
"WUE_T","Saline",-0.6848249460063,"7","US-A03","SPEI_48","WUE_T",0.556069948402578,-7.29544248820122,8.40758238500637
"WUE_ET","Upland",-0.662092971363668,"7","US-A03","SPEI_48","WUE_ET",-1.56573255036182,-7.916123058241,4.78465795751735
"WUE_T","Upland",-0.662092971363668,"7","US-A03","SPEI_48","WUE_T",-0.42484115596819,-6.70901657311929,5.85933426118291
"WUE_ET","Freshwater",-0.662092971363668,"7","US-A03","SPEI_48","WUE_ET",-1.25187763733454,-8.43108600005382,5.92733072538474
"WUE_T","Freshwater",-0.662092971363668,"7","US-A03","SPEI_48","WUE_T",-0.110986242940907,-7.22193298535595,6.99996049947413
"WUE_ET","Saline",-0.662092971363668,"7","US-A03","SPEI_48","WUE_ET",-0.601904552071437,-8.50947005241326,7.30566094827038
"WUE_T","Saline",-0.662092971363668,"7","US-A03","SPEI_48","WUE_T",0.538986842322197,-7.30691402920405,8.38488771384844
"WUE_ET","Upland",-0.639360996721036,"7","US-A03","SPEI_48","WUE_ET",-1.54350907392976,-7.88662219983115,4.79960405197162
"WUE_T","Upland",-0.639360996721036,"7","US-A03","SPEI_48","WUE_T",-0.441935544551128,-6.71976417259165,5.8358930834894
"WUE_ET","Freshwater",-0.639360996721036,"7","US-A03","SPEI_48","WUE_ET",-1.22965416090248,-8.40356074020562,5.94425241840066
"WUE_T","Freshwater",-0.639360996721036,"7","US-A03","SPEI_48","WUE_T",-0.128080631523845,-7.23384004748696,6.97767878443927
"WUE_ET","Saline",-0.639360996721036,"7","US-A03","SPEI_48","WUE_ET",-0.579681075639377,-8.48138884576838,7.32202669448963
"WUE_T","Saline",-0.639360996721036,"7","US-A03","SPEI_48","WUE_T",0.52189245373926,-7.3185596284897,8.36234453596822
"WUE_ET","Upland",-0.616629022078404,"7","US-A03","SPEI_48","WUE_ET",-1.52130536135123,-7.85738271974024,4.81477199703778
"WUE_T","Upland",-0.616629022078404,"7","US-A03","SPEI_48","WUE_T",-0.459040992068199,-6.73072581419728,5.81264383006088
"WUE_ET","Freshwater",-0.616629022078404,"7","US-A03","SPEI_48","WUE_ET",-1.20745044832395,-8.37625299304432,5.96135209639643
"WUE_T","Freshwater",-0.616629022078404,"7","US-A03","SPEI_48","WUE_T",-0.145186079040916,-7.24593813582856,6.95556597774673
"WUE_ET","Saline",-0.616629022078404,"7","US-A03","SPEI_48","WUE_ET",-0.557477363060842,-8.45350830219603,7.33855357607434
"WUE_T","Saline",-0.616629022078404,"7","US-A03","SPEI_48","WUE_T",0.504787006222188,-7.33037921104773,8.33995322349211
"WUE_ET","Upland",-0.593897047435771,"7","US-A03","SPEI_48","WUE_ET",-1.49913114363621,-7.82841125969487,4.83014897242245
"WUE_T","Upland",-0.593897047435771,"7","US-A03","SPEI_48","WUE_T",-0.476157316319434,-6.74190167709165,5.78958704445278
"WUE_ET","Freshwater",-0.593897047435771,"7","US-A03","SPEI_48","WUE_ET",-1.18527623060893,-8.34916890468709,5.97861644346924
"WUE_T","Freshwater",-0.593897047435771,"7","US-A03","SPEI_48","WUE_T",-0.162302403292152,-7.25822720909457,6.93362240251027
"WUE_ET","Saline",-0.593897047435771,"7","US-A03","SPEI_48","WUE_ET",-0.535303145345822,-8.42583537786662,7.35522908717498
"WUE_T","Saline",-0.593897047435771,"7","US-A03","SPEI_48","WUE_T",0.487670681970953,-7.34237273070488,8.31771409464679
"WUE_ET","Upland",-0.571165072793139,"7","US-A03","SPEI_48","WUE_ET",-1.4769966631787,-7.79971499478242,4.84572166842502
"WUE_T","Upland",-0.571165072793139,"7","US-A03","SPEI_48","WUE_T",-0.493284375938347,-6.75329196427443,5.76672321239774
"WUE_ET","Freshwater",-0.571165072793139,"7","US-A03","SPEI_48","WUE_ET",-1.16314175015142,-8.32231517576338,5.99603167546055
"WUE_T","Freshwater",-0.571165072793139,"7","US-A03","SPEI_48","WUE_T",-0.179429462911064,-7.27070725553622,6.91184832971409
"WUE_ET","Saline",-0.571165072793139,"7","US-A03","SPEI_48","WUE_ET",-0.513168664888313,-8.39837755858357,7.37204022880694
"WUE_T","Saline",-0.571165072793139,"7","US-A03","SPEI_48","WUE_T",0.47054362235204,-7.3545401730358,8.29562741773988
"WUE_ET","Upland",-0.548433098150507,"7","US-A03","SPEI_48","WUE_ET",-1.45491263222936,-7.77130166499228,4.86147640053355
"WUE_T","Upland",-0.548433098150507,"7","US-A03","SPEI_48","WUE_T",-0.51042206948376,-6.7648969051601,5.74405276619258
"WUE_ET","Freshwater",-0.548433098150507,"7","US-A03","SPEI_48","WUE_ET",-1.14105771920208,-8.29569908487479,6.01358364647063
"WUE_T","Freshwater",-0.548433098150507,"7","US-A03","SPEI_48","WUE_T",-0.196567156456477,-7.28337829522939,6.89024398231643
"WUE_ET","Saline",-0.548433098150507,"7","US-A03","SPEI_48","WUE_ET",-0.491084633938975,-8.37114287679485,7.38897360891691
"WUE_T","Saline",-0.548433098150507,"7","US-A03","SPEI_48","WUE_T",0.453405928806627,-7.36688155734859,8.27369341496184
"WUE_ET","Upland",-0.525701123507875,"7","US-A03","SPEI_48","WUE_ET",-1.4328903877148,-7.7431798687194,4.8773990932898
"WUE_T","Upland",-0.525701123507875,"7","US-A03","SPEI_48","WUE_T",-0.527570350900752,-6.77671677756036,5.72157607575886
"WUE_ET","Freshwater",-0.525701123507875,"7","US-A03","SPEI_48","WUE_ET",-1.11903547468751,-8.26932877203507,6.03125782266004
"WUE_T","Freshwater",-0.525701123507875,"7","US-A03","SPEI_48","WUE_T",-0.213715437873469,-7.29624040173848,6.86880952599154
"WUE_ET","Saline",-0.525701123507875,"7","US-A03","SPEI_48","WUE_ET",-0.469062389424409,-8.34414017270279,7.40601539385398
"WUE_T","Saline",-0.525701123507875,"7","US-A03","SPEI_48","WUE_T",0.436257647389636,-7.37939695730996,8.25191225208923
"WUE_ET","Upland",-0.502969148865242,"7","US-A03","SPEI_48","WUE_ET",-1.41094178979461,-7.71535899761566,4.89347541802644
"WUE_T","Upland",-0.502969148865242,"7","US-A03","SPEI_48","WUE_T",-0.544729222305132,-6.78875190249851,5.69929345788825
"WUE_ET","Freshwater",-0.502969148865242,"7","US-A03","SPEI_48","WUE_ET",-1.09708687676732,-8.24321316698543,6.04903941345079
"WUE_T","Freshwater",-0.502969148865242,"7","US-A03","SPEI_48","WUE_T",-0.230874309277849,-7.30929369666828,6.84754507811258
"WUE_ET","Saline",-0.502969148865242,"7","US-A03","SPEI_48","WUE_ET",-0.447113791504219,-8.31737902352903,7.4231514405206
"WUE_T","Saline",-0.502969148865242,"7","US-A03","SPEI_48","WUE_T",0.419098775985256,-7.39208649551324,8.23028404748375
"WUE_ET","Upland",-0.48023717422261,"7","US-A03","SPEI_48","WUE_ET",-1.38907917136697,-7.68784921725233,4.90969087451839
"WUE_T","Upland",-0.48023717422261,"7","US-A03","SPEI_48","WUE_T",-0.561898730921878,-6.80100264287462,5.67720518103087
"WUE_ET","Freshwater",-0.48023717422261,"7","US-A03","SPEI_48","WUE_ET",-1.07522425833969,-8.2173619654036,6.06691344872422
"WUE_T","Freshwater",-0.48023717422261,"7","US-A03","SPEI_48","WUE_T",-0.248043817894595,-7.32253834818405,6.82645071239486
"WUE_ET","Saline",-0.48023717422261,"7","US-A03","SPEI_48","WUE_ET",-0.425251173076585,-8.29086971844606,7.44036737229289
"WUE_T","Saline",-0.48023717422261,"7","US-A03","SPEI_48","WUE_T",0.401929267368509,-7.40495034191685,8.20880887665387
"WUE_ET","Upland",-0.457505199579978,"7","US-A03","SPEI_48","WUE_ET",-1.36731520562525,-7.66066130752044,4.92603089626994
"WUE_T","Upland",-0.457505199579978,"7","US-A03","SPEI_48","WUE_T",-0.57907895732025,-6.81346939071752,5.65531147607702
"WUE_ET","Freshwater",-0.457505199579978,"7","US-A03","SPEI_48","WUE_ET",-1.05346029259797,-8.19178546786154,6.08486488266561
"WUE_T","Freshwater",-0.457505199579978,"7","US-A03","SPEI_48","WUE_T",-0.265224044292967,-7.33597455821889,6.80552646963295
"WUE_ET","Saline",-0.457505199579978,"7","US-A03","SPEI_48","WUE_ET",-0.403487207334863,-8.26462310729988,7.45764869263016
"WUE_T","Saline",-0.457505199579978,"7","US-A03","SPEI_48","WUE_T",0.384749040970137,-7.41798870148525,8.18748678342552
"WUE_ET","Upland",-0.434773224937345,"7","US-A03","SPEI_48","WUE_ET",-1.34566276247177,-7.63380646067296,4.94248093572943
"WUE_T","Upland",-0.434773224937345,"7","US-A03","SPEI_48","WUE_T",-0.596270001855022,-6.82615255106788,5.63361254735784
"WUE_ET","Freshwater",-0.434773224937345,"7","US-A03","SPEI_48","WUE_ET",-1.03180784944448,-8.16649437910195,6.10287868021298
"WUE_T","Freshwater",-0.434773224937345,"7","US-A03","SPEI_48","WUE_T",-0.282415088827739,-7.34960254643633,6.78477236878085
"WUE_ET","Saline",-0.434773224937345,"7","US-A03","SPEI_48","WUE_ET",-0.381834764181381,-8.23865041372799,7.47498088536523
"WUE_T","Saline",-0.434773224937345,"7","US-A03","SPEI_48","WUE_T",0.367557996435365,-7.43120179878737,8.1663177916581
"WUE_ET","Upland",-0.412041250294713,"7","US-A03","SPEI_48","WUE_ET",-1.32413492011508,-7.60729629664153,4.95902645641137
"WUE_T","Upland",-0.412041250294713,"7","US-A03","SPEI_48","WUE_T",-0.613471986413348,-6.83905254395831,5.61210857113161
"WUE_ET","Freshwater",-0.412041250294713,"7","US-A03","SPEI_48","WUE_ET",-1.0102800070878,-8.14149982408028,6.12093980990469
"WUE_T","Freshwater",-0.412041250294713,"7","US-A03","SPEI_48","WUE_T",-0.299617073386065,-7.36342255233994,6.76418840556781
"WUE_ET","Saline",-0.412041250294713,"7","US-A03","SPEI_48","WUE_ET",-0.360306921824694,-8.21296324914299,7.4923494054936
"WUE_T","Saline",-0.412041250294713,"7","US-A03","SPEI_48","WUE_T",0.350356011877039,-7.44458988000717,8.14530190376125
"WUE_ET","Upland",-0.389309275652081,"7","US-A03","SPEI_48","WUE_ET",-1.30274500909337,-7.58114292662824,4.9756529084415
"WUE_T","Upland",-0.389309275652081,"7","US-A03","SPEI_48","WUE_T",-0.630685059279473,-6.85216981031505,5.5907996917561
"WUE_ET","Freshwater",-0.389309275652081,"7","US-A03","SPEI_48","WUE_ET",-0.988890096066087,-8.11681341181922,6.13903321968705
"WUE_T","Freshwater",-0.389309275652081,"7","US-A03","SPEI_48","WUE_T",-0.31683014625219,-7.37743484128656,6.74377454878218
"WUE_ET","Saline",-0.389309275652081,"7","US-A03","SPEI_48","WUE_ET",-0.338917010802983,-8.18757367103213,7.50973964942617
"WUE_T","Saline",-0.389309275652081,"7","US-A03","SPEI_48","WUE_T",0.333142939010914,-7.45815321868758,8.12443909670941
"WUE_ET","Upland",-0.366577301009448,"7","US-A03","SPEI_48","WUE_ET",-1.2815066408572,-7.55535899725728,4.99234571554288
"WUE_T","Upland",-0.366577301009448,"7","US-A03","SPEI_48","WUE_T",-0.647909398501404,-6.8655048162623,5.5696860192595
"WUE_ET","Freshwater",-0.366577301009448,"7","US-A03","SPEI_48","WUE_ET",-0.967651727829917,-8.09244728013288,6.15714382447305
"WUE_T","Freshwater",-0.366577301009448,"7","US-A03","SPEI_48","WUE_T",-0.334054485474121,-7.39163970890404,6.7235307379558
"WUE_ET","Saline",-0.366577301009448,"7","US-A03","SPEI_48","WUE_ET",-0.317678642566813,-8.16249422327933,7.5271369381457
"WUE_T","Saline",-0.366577301009448,"7","US-A03","SPEI_48","WUE_T",0.315918599788983,-7.47189211992236,8.10372931950033
"WUE_ET","Upland",-0.343845326366816,"7","US-A03","SPEI_48","WUE_ET",-1.26043365277222,-7.52995759030292,5.00909028475848
"WUE_T","Upland",-0.343845326366816,"7","US-A03","SPEI_48","WUE_T",-0.665145206166571,-6.87905804545143,5.54876763311829
"WUE_ET","Freshwater",-0.343845326366816,"7","US-A03","SPEI_48","WUE_ET",-0.946578739744933,-8.06841399807692,6.17525651858705
"WUE_T","Freshwater",-0.343845326366816,"7","US-A03","SPEI_48","WUE_T",-0.351290293139288,-7.4060374735825,6.70345688730393
"WUE_ET","Saline",-0.343845326366816,"7","US-A03","SPEI_48","WUE_ET",-0.296605654481829,-8.13773784628154,7.54452653731788
"WUE_T","Saline",-0.343845326366816,"7","US-A03","SPEI_48","WUE_T",0.298682792123816,-7.48580691319449,8.08317249744212
"WUE_ET","Upland",-0.321113351724184,"7","US-A03","SPEI_48","WUE_ET",-1.2395400485698,-7.50495211163454,5.02587201449495
"WUE_T","Upland",-0.321113351724184,"7","US-A03","SPEI_48","WUE_T",-0.682392702076074,-6.89282999044647,5.52804458629432
"WUE_ET","Freshwater",-0.321113351724184,"7","US-A03","SPEI_48","WUE_ET",-0.925685135542515,-8.04472645846021,6.19335618737518
"WUE_T","Freshwater",-0.321113351724184,"7","US-A03","SPEI_48","WUE_T",-0.368537789048791,-7.42062846806455,6.68355288996697
"WUE_ET","Saline",-0.321113351724184,"7","US-A03","SPEI_48","WUE_ET",-0.275712050279411,-8.11331777794596,7.56189367738714
"WUE_T","Saline",-0.321113351724184,"7","US-A03","SPEI_48","WUE_T",0.281435296214313,-7.49989794435467,8.0627685367833
"WUE_ET","Upland",-0.298381377081552,"7","US-A03","SPEI_48","WUE_ET",-1.21884008330254,-7.48035642765925,5.04267626105418
"WUE_T","Upland",-0.298381377081552,"7","US-A03","SPEI_48","WUE_T",-0.699652132631848,-6.90682116434816,5.50751689908446
"WUE_ET","Freshwater",-0.298381377081552,"7","US-A03","SPEI_48","WUE_ET",-0.904985170275255,-8.02139801477501,6.2114276742245
"WUE_T","Freshwater",-0.298381377081552,"7","US-A03","SPEI_48","WUE_T",-0.385797219604564,-7.43541305120042,6.6638186119913
"WUE_ET","Saline",-0.298381377081552,"7","US-A03","SPEI_48","WUE_ET",-0.255012085012151,-8.08924767860169,7.57922350857739
"WUE_T","Saline",-0.298381377081552,"7","US-A03","SPEI_48","WUE_T",0.26417586565854,-7.51416558677457,8.04251731809165
"WUE_ET","Upland",-0.275649402438919,"7","US-A03","SPEI_48","WUE_ET",-1.19834826599491,-7.45618485933031,5.05948832734049
"WUE_T","Upland",-0.275649402438919,"7","US-A03","SPEI_48","WUE_T",-0.716923770796308,-6.9210321006482,5.48718455905559
"WUE_ET","Freshwater",-0.275649402438919,"7","US-A03","SPEI_48","WUE_ET",-0.884493352967624,-7.99844247764275,6.2294557717075
"WUE_T","Freshwater",-0.275649402438919,"7","US-A03","SPEI_48","WUE_T",-0.403068857769024,-7.45039160796969,6.64425389243164
"WUE_ET","Saline",-0.275649402438919,"7","US-A03","SPEI_48","WUE_ET",-0.23452026770452,-8.06554162740146,7.59650109199243
"WUE_T","Saline",-0.275649402438919,"7","US-A03","SPEI_48","WUE_T",0.24690422749408,-7.52861024133524,8.0224186963234
"WUE_ET","Upland",-0.252917427796287,"7","US-A03","SPEI_48","WUE_ET",-1.17807928055646,-7.43245201719804,5.07629345608512
"WUE_T","Upland",-0.252917427796287,"7","US-A03","SPEI_48","WUE_T",-0.734207907402893,-6.93546334058762,5.46704752578183
"WUE_ET","Freshwater",-0.252917427796287,"7","US-A03","SPEI_48","WUE_ET",-0.864224367529176,-7.97587395542446,6.24742522036611
"WUE_T","Freshwater",-0.252917427796287,"7","US-A03","SPEI_48","WUE_T",-0.42035299437561,-7.46556453710649,6.62485854835527
"WUE_ET","Saline",-0.252917427796287,"7","US-A03","SPEI_48","WUE_ET",-0.214251282266072,-8.04221397654706,7.61371141201491
"WUE_T","Saline",-0.252917427796287,"7","US-A03","SPEI_48","WUE_T",0.229620090887494,-7.54323232468981,8.0024725064648
"WUE_ET","Upland",-0.230185453153655,"7","US-A03","SPEI_48","WUE_ET",-1.15804798248417,-7.40917278744834,5.09307682248
"WUE_T","Upland",-0.230185453153655,"7","US-A03","SPEI_48","WUE_T",-0.751504850049517,-6.95011543180319,5.44710573170416
"WUE_ET","Freshwater",-0.230185453153655,"7","US-A03","SPEI_48","WUE_ET",-0.844193069456886,-7.95370684312623,6.26532070421246
"WUE_T","Freshwater",-0.230185453153655,"7","US-A03","SPEI_48","WUE_T",-0.437649937022233,-7.48093224993447,6.60563237589
"WUE_ET","Saline",-0.230185453153655,"7","US-A03","SPEI_48","WUE_ET",-0.194219984193782,-8.01927934087103,7.63083937248347
"WUE_T","Saline",-0.230185453153655,"7","US-A03","SPEI_48","WUE_T",0.212323148240871,-7.55803226809935,7.98267856458109
"WUE_ET","Upland",-0.207453478511022,"7","US-A03","SPEI_48","WUE_ET",-1.13826937939699,-7.38636227987019,5.1098235210762
"WUE_T","Upland",-0.207453478511022,"7","US-A03","SPEI_48","WUE_T",-0.768814920430178,-6.9649889243015,5.42735908344115
"WUE_ET","Freshwater",-0.207453478511022,"7","US-A03","SPEI_48","WUE_ET",-0.82441446636971,-7.93195577411313,6.28312684137371
"WUE_T","Freshwater",-0.207453478511022,"7","US-A03","SPEI_48","WUE_T",-0.454960007402895,-7.49649516655448,6.58657515174869
"WUE_ET","Saline",-0.207453478511022,"7","US-A03","SPEI_48","WUE_ET",-0.174441381106606,-7.9967525536498,7.64786979143659
"WUE_T","Saline",-0.207453478511022,"7","US-A03","SPEI_48","WUE_T",0.195013077860209,-7.57301051379366,7.96303666951408
"WUE_ET","Upland",-0.18472150386839,"7","US-A03","SPEI_48","WUE_ET",-1.11875861072637,-7.36403578859704,5.12651856714431
"WUE_T","Upland",-0.18472150386839,"7","US-A03","SPEI_48","WUE_T",-0.786138451119604,-6.98008436656662,5.40780746432741
"WUE_ET","Freshwater",-0.18472150386839,"7","US-A03","SPEI_48","WUE_ET",-0.804903697699084,-7.91063558364402,6.30082818824585
"WUE_T","Freshwater",-0.18472150386839,"7","US-A03","SPEI_48","WUE_T",-0.47228353809232,-7.51225371212387,6.56768663593923
"WUE_ET","Saline",-0.18472150386839,"7","US-A03","SPEI_48","WUE_ET",-0.15493061243598,-7.97464863314027,7.66478740826831
"WUE_T","Saline",-0.18472150386839,"7","US-A03","SPEI_48","WUE_T",0.177689547170784,-7.58816751136308,7.94354660570465
"WUE_ET","Upland",-0.161989529225758,"7","US-A03","SPEI_48","WUE_ET",-1.09953092421728,-7.3422087399132,5.14314689147863
"WUE_T","Upland",-0.161989529225758,"7","US-A03","SPEI_48","WUE_T",-0.803475782284625,-6.99540230106119,5.38845073649193
"WUE_ET","Freshwater",-0.161989529225758,"7","US-A03","SPEI_48","WUE_ET",-0.785676011189999,-7.88976125979815,6.31840923741815
"WUE_T","Freshwater",-0.161989529225758,"7","US-A03","SPEI_48","WUE_T",-0.489620869257342,-7.5282083125374,6.54896657402272
"WUE_ET","Saline",-0.161989529225758,"7","US-A03","SPEI_48","WUE_ET",-0.135702925926895,-7.9529827377337,7.68157688587991
"WUE_T","Saline",-0.161989529225758,"7","US-A03","SPEI_48","WUE_T",0.160352216005763,-7.60350371361896,7.92420814563049
"WUE_ET","Upland",-0.139257554583125,"7","US-A03","SPEI_48","WUE_ET",-1.08060165533054,-7.32089667858708,5.159693367926
"WUE_T","Upland",-0.139257554583125,"7","US-A03","SPEI_48","WUE_T",-0.82082725771451,-7.01094326085219,5.36928874542317
"WUE_ET","Freshwater",-0.139257554583125,"7","US-A03","SPEI_48","WUE_ET",-0.766746742303258,-7.86934793051511,6.33585444590859
"WUE_T","Freshwater",-0.139257554583125,"7","US-A03","SPEI_48","WUE_T",-0.506972344687226,-7.5443593911303,6.53041470175584
"WUE_ET","Saline",-0.139257554583125,"7","US-A03","SPEI_48","WUE_ET",-0.116773657040154,-7.93177015387785,7.69822283979754
"WUE_T","Saline",-0.139257554583125,"7","US-A03","SPEI_48","WUE_T",0.143000740575878,-7.61901957329556,7.90502105444731
"WUE_ET","Upland",-0.116525579940493,"7","US-A03","SPEI_48","WUE_ET",-1.06198620189726,-7.30011523419999,5.17614283040547
"WUE_T","Upland",-0.116525579940493,"7","US-A03","SPEI_48","WUE_T",-0.838193220850259,-7.0267077654079,5.35032132370738
"WUE_ET","Freshwater",-0.116525579940493,"7","US-A03","SPEI_48","WUE_ET",-0.748131288869977,-7.84941083116622,6.35314825342627
"WUE_T","Freshwater",-0.116525579940493,"7","US-A03","SPEI_48","WUE_T",-0.524338307822976,-7.56070736456848,6.51203074892252
"WUE_ET","Saline",-0.116525579940493,"7","US-A03","SPEI_48","WUE_ET",-0.0981582036068731,-7.91102626635791,7.71470985914417
"WUE_T","Saline",-0.116525579940493,"7","US-A03","SPEI_48","WUE_T",0.125634777440128,-7.63471553903945,7.8859850939197
"WUE_ET","Upland",-0.093793605297861,"7","US-A03","SPEI_48","WUE_ET",-1.04369998895061,-7.27988010727334,5.19248012937212
"WUE_T","Upland",-0.093793605297861,"7","US-A03","SPEI_48","WUE_T",-0.855574008660014,-7.04269631572993,5.33154829840991
"WUE_ET","Freshwater",-0.093793605297861,"7","US-A03","SPEI_48","WUE_ET",-0.729845075923323,-7.82996528943488,6.37027513758824
"WUE_T","Freshwater",-0.093793605297861,"7","US-A03","SPEI_48","WUE_T",-0.54171909563273,-7.57725263796468,6.49381444669922
"WUE_ET","Saline",-0.093793605297861,"7","US-A03","SPEI_48","WUE_ET",-0.0798719906602194,-7.89076654417321,7.73102256285277
"WUE_T","Saline",-0.093793605297861,"7","US-A03","SPEI_48","WUE_T",0.108253989630373,-7.65059205052381,7.86710002978455
"WUE_ET","Upland",-0.0710616306552283,"7","US-A03","SPEI_48","WUE_ET",-1.02575843113742,-7.26020708721607,5.20869022494124
"WUE_T","Upland",-0.0710616306552283,"7","US-A03","SPEI_48","WUE_T",-0.872969944231205,-7.05890938992464,5.31296950146223
"WUE_ET","Freshwater",-0.0710616306552283,"7","US-A03","SPEI_48","WUE_ET",-0.711903518110135,-7.81102673947045,6.38721970325018
"WUE_T","Freshwater",-0.0710616306552283,"7","US-A03","SPEI_48","WUE_T",-0.559115031203922,-7.59399560032584,6.475765537918
"WUE_ET","Saline",-0.0710616306552283,"7","US-A03","SPEI_48","WUE_ET",-0.0619304328470305,-7.87100655291157,7.74714568721751
"WUE_T","Saline",-0.0710616306552283,"7","US-A03","SPEI_48","WUE_T",0.0908580540591819,-7.66664953374073,7.84836564185909
"WUE_ET","Upland",-0.0483296560125961,"7","US-A03","SPEI_48","WUE_ET",-1.00817690124396,-7.24111194239642,5.2247581399085
"WUE_T","Upland",-0.0483296560125961,"7","US-A03","SPEI_48","WUE_T",-0.890381334931968,-7.07534743730559,5.29458476744165
"WUE_ET","Freshwater",-0.0483296560125961,"7","US-A03","SPEI_48","WUE_ET",-0.694321988216679,-7.79261061654851,6.40396664011516
"WUE_T","Freshwater",-0.0483296560125961,"7","US-A03","SPEI_48","WUE_T",-0.576526421904685,-7.61093661887804,6.45788377506867
"WUE_ET","Saline",-0.0483296560125961,"7","US-A03","SPEI_48","WUE_ET",-0.0443489029535742,-7.8517618589463,7.76306405303915
"WUE_T","Saline",-0.0483296560125961,"7","US-A03","SPEI_48","WUE_T",0.073446663358419,-7.68288839581819,7.82978172253503
"WUE_ET","Upland",-0.0255976813699639,"7","US-A03","SPEI_48","WUE_ET",-0.990970686130413,-7.22261037466446,5.24066900240364
"WUE_T","Upland",-0.0255976813699639,"7","US-A03","SPEI_48","WUE_T",-0.907808466674105,-7.09201087251493,5.27639393916672
"WUE_ET","Freshwater",-0.0255976813699639,"7","US-A03","SPEI_48","WUE_ET",-0.67711577310313,-7.77473231047584,6.42050076426958
"WUE_T","Freshwater",-0.0255976813699639,"7","US-A03","SPEI_48","WUE_T",-0.593953553646822,-7.62807603316832,6.44016892587468
"WUE_ET","Saline",-0.0255976813699639,"7","US-A03","SPEI_48","WUE_ET",-0.0271426878400258,-7.83304798663037,7.77876261095031
"WUE_T","Saline",-0.0255976813699639,"7","US-A03","SPEI_48","WUE_T",0.0560195316162826,-7.69930901928859,7.81134808252115
"WUE_ET","Upland",-0.00286570672733166,"7","US-A03","SPEI_48","WUE_ET",-0.974154952749846,-7.20471799723534,5.25640809173565
"WUE_T","Upland",-0.00286570672733166,"7","US-A03","SPEI_48","WUE_T",-0.925251599425786,-7.10890007150711,5.25839687265553
"WUE_ET","Freshwater",-0.00286570672733166,"7","US-A03","SPEI_48","WUE_ET",-0.660300039722563,-7.75740714137536,6.43680706193024
"WUE_T","Freshwater",-0.00286570672733166,"7","US-A03","SPEI_48","WUE_T",-0.611396686398503,-7.64541415098759,6.42262077819058
"WUE_ET","Saline",-0.00286570672733166,"7","US-A03","SPEI_48","WUE_ET",-0.0103269544594589,-7.81488039584791,7.794226486929
"WUE_T","Saline",-0.00286570672733166,"7","US-A03","SPEI_48","WUE_T",0.0385763988646013,-7.71591175808241,7.79306455581161
"WUE_ET","Upland",0.0198662679153006,"7","US-A03","SPEI_48","WUE_ET",-0.957744726489991,-7.18745029597396,5.27196084299398
"WUE_T","Upland",0.0198662679153006,"7","US-A03","SPEI_48","WUE_T",-0.942710965738855,-7.126015368976,5.24059343749828
"WUE_ET","Freshwater",0.0198662679153006,"7","US-A03","SPEI_48","WUE_ET",-0.643889813462708,-7.74065032063075,6.45287069370534
"WUE_T","Freshwater",0.0198662679153006,"7","US-A03","SPEI_48","WUE_T",-0.628856052711572,-7.66295124580764,6.4052391403845
"WUE_ET","Saline",0.0198662679153006,"7","US-A03","SPEI_48","WUE_ET",0.00608327180039625,-7.79727444620467,7.80944098980546
"WUE_T","Saline",0.0198662679153006,"7","US-A03","SPEI_48","WUE_T",0.0211170325515324,-7.73269693513798,7.77493100024104
"WUE_ET","Upland",0.0425982425579332,"7","US-A03","SPEI_48","WUE_ET",-0.941754855044914,-7.17082262433588,5.28731291424605
"WUE_T","Upland",0.0425982425579332,"7","US-A03","SPEI_48","WUE_T",-0.960186766158242,-7.14335705509315,5.22298352277666
"WUE_ET","Freshwater",0.0425982425579332,"7","US-A03","SPEI_48","WUE_ET",-0.62789994201763,-7.72447694155348,6.46867705751822
"WUE_T","Freshwater",0.0425982425579332,"7","US-A03","SPEI_48","WUE_T",-0.646331853130959,-7.68068755335895,6.38802384709703
"WUE_ET","Saline",0.0425982425579332,"7","US-A03","SPEI_48","WUE_ET",0.0220731432454735,-7.78024538788054,7.82439167437148
"WUE_T","Saline",0.0425982425579332,"7","US-A03","SPEI_48","WUE_T",0.00364123213214529,-7.74966483897442,7.75694730323871
"WUE_ET","Upland",0.0653302172005654,"7","US-A03","SPEI_48","WUE_ET",-0.926200039434079,-7.15485018736507,5.30245010849692
"WUE_T","Upland",0.0653302172005654,"7","US-A03","SPEI_48","WUE_T",-0.977679176078591,-7.16092537964398,5.2055670274868
"WUE_ET","Freshwater",0.0653302172005654,"7","US-A03","SPEI_48","WUE_ET",-0.612345126406796,-7.7089019656107,6.48421171279711
"WUE_T","Freshwater",0.0653302172005654,"7","US-A03","SPEI_48","WUE_T",-0.663824263051308,-7.698623275879,6.37097474977638
"WUE_ET","Saline",0.0653302172005654,"7","US-A03","SPEI_48","WUE_ET",0.0376279588563084,-7.76380834954152,7.83906426725414
"WUE_T","Saline",0.0653302172005654,"7","US-A03","SPEI_48","WUE_T",-0.0138511777882042,-7.76681572808041,7.739113372504
"WUE_ET","Upland",0.0880621918431976,"7","US-A03","SPEI_48","WUE_ET",-0.911094829517972,-7.13954804919142,5.31735839015548
"WUE_T","Upland",0.0880621918431976,"7","US-A03","SPEI_48","WUE_T",-0.995188346633422,-7.17872055321211,5.18834385994527
"WUE_ET","Freshwater",0.0880621918431976,"7","US-A03","SPEI_48","WUE_ET",-0.597239916490689,-7.69394022684569,6.49946039386431
"WUE_T","Freshwater",0.0880621918431976,"7","US-A03","SPEI_48","WUE_T",-0.681333433606139,-7.71675858317147,6.35409171595919
"WUE_ET","Saline",0.0880621918431976,"7","US-A03","SPEI_48","WUE_ET",0.0527331687724151,-7.74797834202759,7.85344467957242
"WUE_T","Saline",0.0880621918431976,"7","US-A03","SPEI_48","WUE_T",-0.0313603483430349,-7.78414983195286,7.72142913526679
"WUE_ET","Upland",0.11079416648583,"7","US-A03","SPEI_48","WUE_ET",-0.896453549747951,-7.12493116329711,5.3320240638012
"WUE_T","Upland",0.11079416648583,"7","US-A03","SPEI_48","WUE_T",-1.01271439430515,-7.19674274175511,5.17131395314481
"WUE_ET","Freshwater",0.11079416648583,"7","US-A03","SPEI_48","WUE_ET",-0.582598636720668,-7.67960645073429,6.51440917729295
"WUE_T","Freshwater",0.11079416648583,"7","US-A03","SPEI_48","WUE_T",-0.698859481277866,-7.73509360669829,6.33737464414256
"WUE_ET","Saline",0.11079416648583,"7","US-A03","SPEI_48","WUE_ET",0.0673744485424361,-7.73277027374555,7.86751917083042
"WUE_T","Saline",0.11079416648583,"7","US-A03","SPEI_48","WUE_T",-0.0488863960147623,-7.80166734496682,7.7038945529373
"WUE_ET","Upland",0.133526141128462,"7","US-A03","SPEI_48","WUE_ET",-0.882290157378678,-7.11101438776691,5.34643407300955
"WUE_T","Upland",0.133526141128462,"7","US-A03","SPEI_48","WUE_T",-1.03025738142323,-7.21499205459157,5.15447729174511
"WUE_ET","Freshwater",0.133526141128462,"7","US-A03","SPEI_48","WUE_ET",-0.568435244351395,-7.66591525275187,6.52904476404908
"WUE_T","Freshwater",0.133526141128462,"7","US-A03","SPEI_48","WUE_T",-0.716402468395944,-7.75362842686553,6.32082349007364
"WUE_ET","Saline",0.133526141128462,"7","US-A03","SPEI_48","WUE_ET",0.0815378409117093,-7.71819894586221,7.88127462768563
"WUE_T","Saline",0.133526141128462,"7","US-A03","SPEI_48","WUE_T",-0.0664293831328397,-7.81936841340761,7.68650964714193
"WUE_ET","Upland",0.156258115771095,"7","US-A03","SPEI_48","WUE_ET",-0.868618235743321,-7.09781251060577,5.36057603911913
"WUE_T","Upland",0.156258115771095,"7","US-A03","SPEI_48","WUE_T",-1.0478173168728,-7.2334685462199,5.13783391247429
"WUE_ET","Freshwater",0.156258115771095,"7","US-A03","SPEI_48","WUE_ET",-0.554763322716038,-7.6528811588492,6.54335451341712
"WUE_T","Freshwater",0.156258115771095,"7","US-A03","SPEI_48","WUE_T",-0.733962403845521,-7.77236307465017,6.30443826695912
"WUE_ET","Saline",0.156258115771095,"7","US-A03","SPEI_48","WUE_ET",0.095209762547066,-7.70427907032123,7.89469859541536
"WUE_T","Saline",0.156258115771095,"7","US-A03","SPEI_48","WUE_T",-0.0839893185824172,-7.83725313699836,7.66927449983353
"WUE_ET","Upland",0.178990090413727,"7","US-A03","SPEI_48","WUE_ET",-0.855451050728356,-7.08534028439548,5.37443818293877
"WUE_T","Upland",0.178990090413727,"7","US-A03","SPEI_48","WUE_T",-1.06539416615552,-7.25217222481966,5.12138389250862
"WUE_ET","Freshwater",0.178990090413727,"7","US-A03","SPEI_48","WUE_ET",-0.541596137701073,-7.64051864050972,6.55732636510758
"WUE_T","Freshwater",0.178990090413727,"7","US-A03","SPEI_48","WUE_T",-0.751539253128238,-7.79129754012327,6.2882190338668
"WUE_ET","Saline",0.178990090413727,"7","US-A03","SPEI_48","WUE_ET",0.108376947562031,-7.69102530242191,7.90777919754597
"WUE_T","Saline",0.178990090413727,"7","US-A03","SPEI_48","WUE_T",-0.101566167865134,-7.85532157736531,7.65218924163505
"WUE_ET","Upland",0.201722065056359,"7","US-A03","SPEI_48","WUE_ET",-0.842801397779958,-7.07361240552173,5.38800960996181
"WUE_T","Upland",0.201722065056359,"7","US-A03","SPEI_48","WUE_T",-1.08298783330672,-7.27110304023727,5.10512737362383
"WUE_ET","Freshwater",0.201722065056359,"7","US-A03","SPEI_48","WUE_ET",-0.528946484752675,-7.62884207960736,6.57094911010201
"WUE_T","Freshwater",0.201722065056359,"7","US-A03","SPEI_48","WUE_T",-0.769132920279434,-7.81043175984199,6.27216591928312
"WUE_ET","Saline",0.201722065056359,"7","US-A03","SPEI_48","WUE_ET",0.121026600510429,-7.67845220374529,7.92050540476615
"WUE_T","Saline",0.201722065056359,"7","US-A03","SPEI_48","WUE_T",-0.11915983501633,-7.87357374527038,7.63525407523772
"WUE_ET","Upland",0.224454039698991,"7","US-A03","SPEI_48","WUE_ET",-0.830681571340389,-7.06264352249483,5.40128037981405
"WUE_T","Upland",0.224454039698991,"7","US-A03","SPEI_48","WUE_T",-1.10059815900979,-7.29026088349546,5.08906456547589
"WUE_ET","Freshwater",0.224454039698991,"7","US-A03","SPEI_48","WUE_ET",-0.516826658313106,-7.61786577197785,6.58421245535164
"WUE_T","Freshwater",0.224454039698991,"7","US-A03","SPEI_48","WUE_T",-0.786743245982503,-7.8297656161789,6.25627912421389
"WUE_ET","Saline",0.224454039698991,"7","US-A03","SPEI_48","WUE_ET",0.133146426949998,-7.66657424370152,7.93286709760152
"WUE_T","Saline",0.224454039698991,"7","US-A03","SPEI_48","WUE_T",-0.136770160719399,-7.89200959985285,7.61846927841405
"WUE_ET","Upland",0.247186014341624,"7","US-A03","SPEI_48","WUE_ET",-0.819103229948471,-7.05244817975229,5.41424171985535
"WUE_T","Upland",0.247186014341624,"7","US-A03","SPEI_48","WUE_T",-1.11822490771272,-7.30964557717911,5.07319576175366
"WUE_ET","Freshwater",0.247186014341624,"7","US-A03","SPEI_48","WUE_ET",-0.505248316921188,-7.60760386282447,6.59710722898209
"WUE_T","Freshwater",0.247186014341624,"7","US-A03","SPEI_48","WUE_T",-0.80436999468544,-7.84929892739054,6.24055893801966
"WUE_ET","Saline",0.247186014341624,"7","US-A03","SPEI_48","WUE_ET",0.144724768341916,-7.65540573466912,7.94485527135295
"WUE_T","Saline",0.247186014341624,"7","US-A03","SPEI_48","WUE_T",-0.154396909422336,-7.91062903865803,7.60183521981336
"WUE_ET","Upland",0.269917988984256,"7","US-A03","SPEI_48","WUE_ET",-0.808077204228295,-7.04304071599485,5.42688630753826
"WUE_T","Upland",0.269917988984256,"7","US-A03","SPEI_48","WUE_T",-1.13586774800491,-7.32925685953219,5.05752136352237
"WUE_ET","Freshwater",0.269917988984256,"7","US-A03","SPEI_48","WUE_ET",-0.494222291201011,-7.59807023629297,6.60962565389095
"WUE_T","Freshwater",0.269917988984256,"7","US-A03","SPEI_48","WUE_T",-0.822012834977629,-7.86903143141436,6.2250057614591
"WUE_ET","Saline",0.269917988984256,"7","US-A03","SPEI_48","WUE_ET",0.155750794062093,-7.64496072337843,7.95646231150262
"WUE_T","Saline",0.269917988984256,"7","US-A03","SPEI_48","WUE_T",-0.172039749714525,-7.92943188147877,7.58535238204972
"WUE_ET","Upland",0.292649963626888,"7","US-A03","SPEI_48","WUE_ET",-0.797613772099975,-7.03443535860663,5.43920781440668
"WUE_T","Upland",0.292649963626888,"7","US-A03","SPEI_48","WUE_T",-1.15352628711245,-7.34909440966787,5.04204183544297
"WUE_ET","Freshwater",0.292649963626888,"7","US-A03","SPEI_48","WUE_ET",-0.483758859072692,-7.58927862872149,6.62176091057611
"WUE_T","Freshwater",0.292649963626888,"7","US-A03","SPEI_48","WUE_T",-0.839671374085163,-7.88896281189441,6.20962006372408
"WUE_ET","Saline",0.292649963626888,"7","US-A03","SPEI_48","WUE_ET",0.166214226190412,-7.63525310269669,7.96768155507752
"WUE_T","Saline",0.292649963626888,"7","US-A03","SPEI_48","WUE_T",-0.18969828882206,-7.94841789646574,7.56902131882162
"WUE_ET","Upland",0.315381938269521,"7","US-A03","SPEI_48","WUE_ET",-0.787722582116419,-7.02664614183702,5.45120097760418
"WUE_T","Upland",0.315381938269521,"7","US-A03","SPEI_48","WUE_T",-1.17120006678574,-7.36915784272373,5.02675770915225
"WUE_ET","Freshwater",0.315381938269521,"7","US-A03","SPEI_48","WUE_ET",-0.473867669089136,-7.58124254856241,6.63350721038414
"WUE_T","Freshwater",0.315381938269521,"7","US-A03","SPEI_48","WUE_T",-0.857345153758458,-7.90909269345575,6.19440238593884
"WUE_ET","Saline",0.315381938269521,"7","US-A03","SPEI_48","WUE_ET",0.176105416173968,-7.62629653335484,7.97850736570277
"WUE_T","Saline",0.315381938269521,"7","US-A03","SPEI_48","WUE_T",-0.207372068495354,-7.96758679549161,7.5528426585009
"WUE_ET","Upland",0.338113912912153,"7","US-A03","SPEI_48","WUE_ET",-0.778412478044096,-7.01968675207542,5.46286179598723
"WUE_T","Upland",0.338113912912153,"7","US-A03","SPEI_48","WUE_T",-1.18888854888364,-7.38944669588524,5.01166959811795
"WUE_ET","Freshwater",0.338113912912153,"7","US-A03","SPEI_48","WUE_ET",-0.464557565016813,-7.573975121626,6.64485999159238
"WUE_T","Freshwater",0.338113912912153,"7","US-A03","SPEI_48","WUE_T",-0.875033635856359,-7.92942062780284,6.17935335609012
"WUE_ET","Saline",0.338113912912153,"7","US-A03","SPEI_48","WUE_ET",0.185415520246291,-7.61810429339289,7.98893533388547
"WUE_T","Saline",0.338113912912153,"7","US-A03","SPEI_48","WUE_T",-0.225060550593255,-7.98693822042307,7.53681711923656
"WUE_ET","Upland",0.360845887554785,"7","US-A03","SPEI_48","WUE_ET",-0.769691528285171,-7.01357046325976,5.47418740668942
"WUE_T","Upland",0.360845887554785,"7","US-A03","SPEI_48","WUE_T",-1.20659112230442,-7.40996043033366,4.99677818572483
"WUE_ET","Freshwater",0.360845887554785,"7","US-A03","SPEI_48","WUE_ET",-0.455836615257887,-7.56748903834472,6.65581580782895
"WUE_T","Freshwater",0.360845887554785,"7","US-A03","SPEI_48","WUE_T",-0.892736209277133,-7.94994609622214,6.16447367766787
"WUE_ET","Saline",0.360845887554785,"7","US-A03","SPEI_48","WUE_ET",0.194136470005217,-7.61068922915673,7.99896216916716
"WUE_T","Saline",0.360845887554785,"7","US-A03","SPEI_48","WUE_T",-0.242763124014029,-8.0064717458459,7.52094549781784
"WUE_ET","Upland",0.383577862197417,"7","US-A03","SPEI_48","WUE_ET",-0.761567021377914,-7.00831003831987,5.48517599556404
"WUE_T","Upland",0.383577862197417,"7","US-A03","SPEI_48","WUE_T",-1.22430710728418,-7.43069843064187,4.98208421607351
"WUE_ET","Freshwater",0.383577862197417,"7","US-A03","SPEI_48","WUE_ET",-0.447712108350631,-7.56179646763092,6.66637225092966
"WUE_T","Freshwater",0.383577862197417,"7","US-A03","SPEI_48","WUE_T",-0.910452194256897,-7.97066850955525,6.14976412104146
"WUE_ET","Saline",0.383577862197417,"7","US-A03","SPEI_48","WUE_ET",0.202260976912473,-7.60406367373999,8.00858562756494
"WUE_T","Saline",0.383577862197417,"7","US-A03","SPEI_48","WUE_T",-0.260479108993793,-8.02618687928433,7.50522866129674
"WUE_ET","Upland",0.40630983684005,"7","US-A03","SPEI_48","WUE_ET",-0.754045562727929,-7.0039176895694,5.49582656411355
"WUE_T","Upland",0.40630983684005,"7","US-A03","SPEI_48","WUE_T",-1.24203576705063,-7.45166000965606,4.9675884755548
"WUE_ET","Freshwater",0.40630983684005,"7","US-A03","SPEI_48","WUE_ET",-0.440190649700645,-7.55690903368701,6.67652773428572
"WUE_T","Freshwater",0.40630983684005,"7","US-A03","SPEI_48","WUE_T",-0.928180854023347,-7.9915872138018,6.1352255057551
"WUE_ET","Saline",0.40630983684005,"7","US-A03","SPEI_48","WUE_ET",0.209782435562458,-7.59823942897347,8.01780430009839
"WUE_T","Saline",0.40630983684005,"7","US-A03","SPEI_48","WUE_T",-0.278207768760243,-8.04608306709356,7.48966752957307
"WUE_ET","Upland",0.429041811482682,"7","US-A03","SPEI_48","WUE_ET",-0.747133210206298,-7.00040506736305,5.50613864695045
"WUE_T","Upland",0.429041811482682,"7","US-A03","SPEI_48","WUE_T",-1.25977632307462,-7.47284441667169,4.95329177052245
"WUE_ET","Freshwater",0.429041811482682,"7","US-A03","SPEI_48","WUE_ET",-0.433278297179015,-7.55283782197955,6.68628122762152
"WUE_T","Freshwater",0.429041811482682,"7","US-A03","SPEI_48","WUE_T",-0.945921410047336,-8.01270149902131,6.12085867892664
"WUE_ET","Saline",0.429041811482682,"7","US-A03","SPEI_48","WUE_ET",0.216694788084089,-7.59322777576581,8.02661735193398
"WUE_T","Saline",0.429041811482682,"7","US-A03","SPEI_48","WUE_T",-0.295948324784232,-8.06615970360653,7.47426305403806
"WUE_ET","Upland",0.451773786125314,"7","US-A03","SPEI_48","WUE_ET",-0.740835409078423,-6.99778311645304,5.51611229829619
"WUE_T","Upland",0.451773786125314,"7","US-A03","SPEI_48","WUE_T",-1.27752795313609,-7.49425083167827,4.93919492540609
"WUE_ET","Freshwater",0.451773786125314,"7","US-A03","SPEI_48","WUE_ET",-0.42698049605114,-7.54959324687883,6.69563225477655
"WUE_T","Freshwater",0.451773786125314,"7","US-A03","SPEI_48","WUE_T",-0.963673040108806,-8.03401059407528,6.10666451385767
"WUE_ET","Saline",0.451773786125314,"7","US-A03","SPEI_48","WUE_ET",0.222992589211964,-7.58903934749069,8.03502452591461
"WUE_T","Saline",0.451773786125314,"7","US-A03","SPEI_48","WUE_T",-0.313699954845702,-8.0864161261246,7.45901621643319
"WUE_ET","Upland",0.474505760767947,"7","US-A03","SPEI_48","WUE_ET",-0.735157133295291,-6.99606207704642,5.52574781045584
"WUE_T","Upland",0.474505760767947,"7","US-A03","SPEI_48","WUE_T",-1.29528980427235,-7.51587837177374,4.92529876322904
"WUE_ET","Freshwater",0.474505760767947,"7","US-A03","SPEI_48","WUE_ET",-0.421302220268008,-7.54718506881145,6.70458062827544
"WUE_T","Freshwater",0.474505760767947,"7","US-A03","SPEI_48","WUE_T",-0.981434891245068,-8.05551367368555,6.09264389119542
"WUE_ET","Saline",0.474505760767947,"7","US-A03","SPEI_48","WUE_ET",0.228670864995096,-7.58568415244595,8.04302588243614
"WUE_T","Saline",0.474505760767947,"7","US-A03","SPEI_48","WUE_T",-0.331461805981963,-8.10685162223904,7.44392801027512
"WUE_ET","Upland",0.497237735410579,"7","US-A03","SPEI_48","WUE_ET",-0.730102820925473,-6.9952513452533,5.53504570340235
"WUE_T","Upland",0.497237735410579,"7","US-A03","SPEI_48","WUE_T",-1.31306099219834,-7.53772608719496,4.91160410279828
"WUE_ET","Freshwater",0.497237735410579,"7","US-A03","SPEI_48","WUE_ET",-0.416247907898189,-7.54562226558133,6.71312644978495
"WUE_T","Freshwater",0.497237735410579,"7","US-A03","SPEI_48","WUE_T",-0.999206079171053,-8.07720985490682,6.07879769656471
"WUE_ET","Saline",0.497237735410579,"7","US-A03","SPEI_48","WUE_ET",0.233725177364915,-7.58317144952556,8.05062180425539
"WUE_T","Saline",0.497237735410579,"7","US-A03","SPEI_48","WUE_T",-0.349232993907949,-8.12746542646386,7.42899943864796
"WUE_ET","Upland",0.519969710053211,"7","US-A03","SPEI_48","WUE_ET",-0.725676354727099,-6.99535936567566,5.54400665622147
"WUE_T","Upland",0.519969710053211,"7","US-A03","SPEI_48","WUE_T",-1.33084060311112,-7.55979295921093,4.89811175298869
"WUE_ET","Freshwater",0.519969710053211,"7","US-A03","SPEI_48","WUE_ET",-0.411821441699816,-7.54491293661689,6.72127005321726
"WUE_T","Freshwater",0.519969710053211,"7","US-A03","SPEI_48","WUE_T",-1.01698569008383,-8.09909819547712,6.06512681530945
"WUE_ET","Saline",0.519969710053211,"7","US-A03","SPEI_48","WUE_ET",0.238151643563288,-7.58150965722094,8.05781294434752
"WUE_T","Saline",0.519969710053211,"7","US-A03","SPEI_48","WUE_T",-0.36701260482073,-8.14825671876668,7.41423150912522
"WUE_ET","Upland",0.542701684695844,"7","US-A03","SPEI_48","WUE_ET",-0.721881060643775,-6.99639354233305,5.5526314210455
"WUE_T","Upland",0.542701684695844,"7","US-A03","SPEI_48","WUE_T",-1.3486276977998,-7.58207790049398,4.88482250489438
"WUE_ET","Freshwater",0.542701684695844,"7","US-A03","SPEI_48","WUE_ET",-0.408026147616492,-7.54506422531044,6.72901193007746
"WUE_T","Freshwater",0.542701684695844,"7","US-A03","SPEI_48","WUE_T",-1.03477278477252,-8.12117769461083,6.05163212506579
"WUE_ET","Saline",0.542701684695844,"7","US-A03","SPEI_48","WUE_ET",0.241946937646612,-7.5807062794342,8.06460015472742
"WUE_T","Saline",0.542701684695844,"7","US-A03","SPEI_48","WUE_T",-0.384799699509411,-8.16922462547357,7.39962522645475
"WUE_ET","Upland",0.565433659338476,"7","US-A03","SPEI_48","WUE_ET",-0.71871923379746,-6.99835978944417,5.56092132184924
"WUE_T","Upland",0.565433659338476,"7","US-A03","SPEI_48","WUE_T",-1.36642129637332,-7.60457974152185,4.87173714877521
"WUE_ET","Freshwater",0.565433659338476,"7","US-A03","SPEI_48","WUE_ET",-0.404864320770177,-7.54608187566916,6.7363532341288
"WUE_T","Freshwater",0.565433659338476,"7","US-A03","SPEI_48","WUE_T",-1.05256638334604,-8.14344727964532,6.03831451295324
"WUE_ET","Saline",0.565433659338476,"7","US-A03","SPEI_48","WUE_ET",0.245108764492927,-7.58076745838153,8.07098498736738
"WUE_T","Saline",0.565433659338476,"7","US-A03","SPEI_48","WUE_T",-0.402593298082935,-8.19036820558487,7.385181609419
"WUE_ET","Upland",0.588165633981108,"7","US-A03","SPEI_48","WUE_ET",-0.716192043260842,-7.00126235526042,5.56887826873874
"WUE_T","Upland",0.588165633981108,"7","US-A03","SPEI_48","WUE_T",-1.38422038074341,-7.62729722983494,4.85885646834812
"WUE_ET","Freshwater",0.588165633981108,"7","US-A03","SPEI_48","WUE_ET",-0.402337130233559,-7.54797006852609,6.74329580805897
"WUE_T","Freshwater",0.588165633981108,"7","US-A03","SPEI_48","WUE_T",-1.07036546771612,-8.16590580575781,6.02517487032557
"WUE_ET","Saline",0.588165633981108,"7","US-A03","SPEI_48","WUE_ET",0.247635955029545,-7.5816978123921,8.07696972245119
"WUE_T","Saline",0.588165633981108,"7","US-A03","SPEI_48","WUE_T",-0.420392382453019,-8.21168645048362,7.37090168557758
"WUE_ET","Upland",0.61089760862374,"7","US-A03","SPEI_48","WUE_ET",-0.71429957927095,-7.00510376016142,5.57650460161952
"WUE_T","Upland",0.61089760862374,"7","US-A03","SPEI_48","WUE_T",-1.40202390299297,-7.65022903397852,4.84618122799259
"WUE_ET","Freshwater",0.61089760862374,"7","US-A03","SPEI_48","WUE_ET",-0.400444666243667,-7.55073137275825,6.74984204027092
"WUE_T","Freshwater",0.61089760862374,"7","US-A03","SPEI_48","WUE_T",-1.08816898996568,-8.18855206036042,6.01221408042905
"WUE_ET","Saline",0.61089760862374,"7","US-A03","SPEI_48","WUE_ET",0.249528419019438,-7.58350039031404,8.08255722835291
"WUE_T","Saline",0.61089760862374,"7","US-A03","SPEI_48","WUE_T",-0.438195904702579,-8.23317828841339,7.35678647900823
"WUE_ET","Upland",0.633629583266373,"7","US-A03","SPEI_48","WUE_ET",-0.713040932817945,-7.00988477253732,5.58380290690143
"WUE_T","Upland",0.633629583266373,"7","US-A03","SPEI_48","WUE_T",-1.41983079417936,-7.6733737482525,4.83371215989378
"WUE_ET","Freshwater",0.633629583266373,"7","US-A03","SPEI_48","WUE_ET",-0.399186019790662,-7.55436673267645,6.75599469309513
"WUE_T","Freshwater",0.633629583266373,"7","US-A03","SPEI_48","WUE_T",-1.10597588115208,-8.21138476821133,5.99943300590717
"WUE_ET","Saline",0.633629583266373,"7","US-A03","SPEI_48","WUE_ET",0.250787065472442,-7.58617666211397,8.08775079305886
"WUE_T","Saline",0.633629583266373,"7","US-A03","SPEI_48","WUE_T",-0.456002795888976,-8.25484258966586,7.3428369978879
"WUE_ET","Upland",0.656361557909005,"7","US-A03","SPEI_48","WUE_ET",-0.71241448801525,-7.01560455359175,5.59077557756125
"WUE_T","Upland",0.656361557909005,"7","US-A03","SPEI_48","WUE_T",-1.43763997474974,-7.69672989687869,4.82144994737922
"WUE_ET","Freshwater",0.656361557909005,"7","US-A03","SPEI_48","WUE_ET",-0.398559574987967,-7.55887562432517,6.76175647434923
"WUE_T","Freshwater",0.656361557909005,"7","US-A03","SPEI_48","WUE_T",-1.12378506172245,-8.23440259592931,5.9868324724844
"WUE_ET","Saline",0.656361557909005,"7","US-A03","SPEI_48","WUE_ET",0.251413510275137,-7.58972668604912,8.09255370659939
"WUE_T","Saline",0.656361557909005,"7","US-A03","SPEI_48","WUE_T",-0.473811976459349,-8.27667817157034,7.32905421865164
"WUE_ET","Upland",0.679093532551637,"7","US-A03","SPEI_48","WUE_ET",-0.712417926788647,-7.022260616296,5.59742476271871
"WUE_T","Upland",0.679093532551637,"7","US-A03","SPEI_48","WUE_T",-1.45545036032953,-7.72029593873728,4.80939521807822
"WUE_ET","Freshwater",0.679093532551637,"7","US-A03","SPEI_48","WUE_ET",-0.398563013761363,-7.5642560196909,6.76712999216818
"WUE_T","Freshwater",0.679093532551637,"7","US-A03","SPEI_48","WUE_T",-1.14159544730225,-8.25760415679085,5.97441326218636
"WUE_ET","Saline",0.679093532551637,"7","US-A03","SPEI_48","WUE_ET",0.251410071501741,-7.59414907164681,8.0969692146503
"WUE_T","Saline",0.679093532551637,"7","US-A03","SPEI_48","WUE_T",-0.491622362039143,-8.29868380311566,7.31543907903737
"WUE_ET","Upland",0.70182550719427,"7","US-A03","SPEI_48","WUE_ET",-0.713048293602114,-7.02984883837027,5.60375225116604
"WUE_T","Upland",0.70182550719427,"7","US-A03","SPEI_48","WUE_T",-1.47326086617178,-7.7440702704269,4.79754853808335
"WUE_ET","Freshwater",0.70182550719427,"7","US-A03","SPEI_48","WUE_ET",-0.399193380574831,-7.57050440363876,6.7721176424891
"WUE_T","Freshwater",0.70182550719427,"7","US-A03","SPEI_48","WUE_T",-1.15940595314449,-8.28098801379301,5.96217610750402
"WUE_ET","Saline",0.70182550719427,"7","US-A03","SPEI_48","WUE_ET",0.250779704688273,-7.59944099836372,8.10100040774027
"WUE_T","Saline",0.70182550719427,"7","US-A03","SPEI_48","WUE_T",-0.509432867881388,-8.32085820798492,7.30199247222215
"WUE_ET","Upland",0.724557481836902,"7","US-A03","SPEI_48","WUE_ET",-0.714301881839832,-7.03836338239792,5.60975961871826
"WUE_T","Upland",0.724557481836902,"7","US-A03","SPEI_48","WUE_T",-1.49107041293269,-7.76805123512388,4.7859104092585
"WUE_ET","Freshwater",0.724557481836902,"7","US-A03","SPEI_48","WUE_ET",-0.400446968812549,-7.57761569227085,6.77672175464575
"WUE_T","Freshwater",0.724557481836902,"7","US-A03","SPEI_48","WUE_T",-1.17721549990541,-8.30455268822244,5.95012168841162
"WUE_ET","Saline",0.724557481836902,"7","US-A03","SPEI_48","WUE_ET",0.249526116450555,-7.60559812350788,8.10465035640899
"WUE_T","Saline",0.724557481836902,"7","US-A03","SPEI_48","WUE_T",-0.527242414642306,-8.3432000724638,7.28871524317919
"WUE_ET","Upland",0.747289456479534,"7","US-A03","SPEI_48","WUE_ET",-0.716174362795758,-7.04779678271177,5.61544805712025
"WUE_T","Upland",0.747289456479534,"7","US-A03","SPEI_48","WUE_T",-1.50887792954566,-7.79223712450175,4.77448126541043
"WUE_ET","Freshwater",0.747289456479534,"7","US-A03","SPEI_48","WUE_ET",-0.402319449768475,-7.58558332026397,6.78094442072702
"WUE_T","Freshwater",0.747289456479534,"7","US-A03","SPEI_48","WUE_T",-1.19502301651838,-8.32829666141421,5.93825062837745
"WUE_ET","Saline",0.747289456479534,"7","US-A03","SPEI_48","WUE_ET",0.24765363549463,-7.6126146733676,8.10792194435686
"WUE_T","Saline",0.747289456479534,"7","US-A03","SPEI_48","WUE_T",-0.545049931255275,-8.36570804727278,7.27560818476224
"WUE_ET","Upland",0.770021431122167,"7","US-A03","SPEI_48","WUE_ET",-0.718660672313706,-7.05813992074568,5.62081857611827
"WUE_T","Upland",0.770021431122167,"7","US-A03","SPEI_48","WUE_T",-1.52668236130437,-7.81662619273888,4.76326147013014
"WUE_ET","Freshwater",0.770021431122167,"7","US-A03","SPEI_48","WUE_ET",-0.404805759286423,-7.59439920805789,6.78478768948504
"WUE_T","Freshwater",0.770021431122167,"7","US-A03","SPEI_48","WUE_T",-1.21282744827709,-8.35221838814029,5.92656349158612
"WUE_ET","Saline",0.770021431122167,"7","US-A03","SPEI_48","WUE_ET",0.245167325976681,-7.62048339416439,8.11081804611775
"WUE_T","Saline",0.770021431122167,"7","US-A03","SPEI_48","WUE_T",-0.562854363013982,-8.38838076000096,7.26267203397299
"WUE_ET","Upland",0.792753405764799,"7","US-A03","SPEI_48","WUE_ET",-0.721754977284239,-7.06938206623788,5.6258721116694
"WUE_T","Upland",0.792753405764799,"7","US-A03","SPEI_48","WUE_T",-1.54448267570891,-7.84121666743431,4.75225131601649
"WUE_ET","Freshwater",0.792753405764799,"7","US-A03","SPEI_48","WUE_ET",-0.407900064256956,-7.60405379407365,6.78825366555974
"WUE_T","Freshwater",0.792753405764799,"7","US-A03","SPEI_48","WUE_T",-1.23062776268162,-8.37631630688114,5.91506078151789
"WUE_ET","Saline",0.792753405764799,"7","US-A03","SPEI_48","WUE_ET",0.242073021006148,-7.62919557290185,8.11334161491415
"WUE_T","Saline",0.792753405764799,"7","US-A03","SPEI_48","WUE_T",-0.58065467741852,-8.41121682467451,7.24990746983747
"WUE_ET","Upland",0.815485380407431,"7","US-A03","SPEI_48","WUE_ET",-0.725450663620991,-7.08151095944645,5.63060963220447
"WUE_T","Upland",0.815485380407431,"7","US-A03","SPEI_48","WUE_T",-1.562277868918,-7.86600676206175,4.74145102422574
"WUE_ET","Freshwater",0.815485380407431,"7","US-A03","SPEI_48","WUE_ET",-0.411595750593708,-7.61453610521969,6.79134460403228
"WUE_T","Freshwater",0.815485380407431,"7","US-A03","SPEI_48","WUE_T",-1.24842295589072,-8.40058885150093,5.90374293971949
"WUE_ET","Saline",0.815485380407431,"7","US-A03","SPEI_48","WUE_ET",0.238377334669396,-7.63874109524489,8.11549576458369
"WUE_T","Saline",0.815485380407431,"7","US-A03","SPEI_48","WUE_T",-0.598449870627617,-8.43421485267149,7.23731511141625
"WUE_ET","Upland",0.838217355050063,"7","US-A03","SPEI_48","WUE_ET",-0.729740335381625,-7.0945129270398,5.63503225627655
"WUE_T","Upland",0.838217355050063,"7","US-A03","SPEI_48","WUE_T",-1.58006697259469,-7.89099468987239,4.73086074468302
"WUE_ET","Freshwater",0.838217355050063,"7","US-A03","SPEI_48","WUE_ET",-0.415885422354342,-7.62583385828276,6.79406301357408
"WUE_T","Freshwater",0.838217355050063,"7","US-A03","SPEI_48","WUE_T",-1.2662120595674,-8.42503446423611,5.8926103451013
"WUE_ET","Saline",0.838217355050063,"7","US-A03","SPEI_48","WUE_ET",0.234087662908762,-7.6491085327105,8.11728385852803
"WUE_T","Saline",0.838217355050063,"7","US-A03","SPEI_48","WUE_T",-0.616238974304298,-8.4573734648776,7.22489551626901
"WUE_ET","Upland",0.860949329692696,"7","US-A03","SPEI_48","WUE_ET",-0.734615599725512,-7.10837296570228,5.63914176625126
"WUE_T","Upland",0.860949329692696,"7","US-A03","SPEI_48","WUE_T",-1.59784907154188,-7.91617869803214,4.72048055494838
"WUE_ET","Freshwater",0.860949329692696,"7","US-A03","SPEI_48","WUE_ET",-0.420760686698228,-7.63793351541976,6.79641214202331
"WUE_T","Freshwater",0.860949329692696,"7","US-A03","SPEI_48","WUE_T",-1.2839941585146,-8.44965162818126,5.88166331115207
"WUE_ET","Saline",0.860949329692696,"7","US-A03","SPEI_48","WUE_ET",0.229212398564875,-7.66028515709881,8.11870995422856
"WUE_T","Saline",0.860949329692696,"7","US-A03","SPEI_48","WUE_T",-0.634021073251492,-8.4806913219897,7.21264917548671
"WUE_ET","Upland",0.883681304335328,"7","US-A03","SPEI_48","WUE_ET",-0.740067349010349,-7.12307495937374,5.64294026135304
"WUE_T","Upland",0.883681304335328,"7","US-A03","SPEI_48","WUE_T",-1.61562329332302,-7.94155705424326,4.71031046759722
"WUE_ET","Freshwater",0.883681304335328,"7","US-A03","SPEI_48","WUE_ET",-0.426212435983066,-7.65082049811347,6.79839562614734
"WUE_T","Freshwater",0.883681304335328,"7","US-A03","SPEI_48","WUE_T",-1.30176838029574,-8.4744388536746,5.87090209308313
"WUE_ET","Saline",0.883681304335328,"7","US-A03","SPEI_48","WUE_ET",0.223760649280038,-7.67225717407871,8.11977847263879
"WUE_T","Saline",0.883681304335328,"7","US-A03","SPEI_48","WUE_T",-0.651795295032632,-8.50416711179974,7.20057652173448
"WUE_ET","Upland",0.90641327897796,"7","US-A03","SPEI_48","WUE_ET",-0.746085942829939,-7.13860186295883,5.64642997729895
"WUE_T","Upland",0.90641327897796,"7","US-A03","SPEI_48","WUE_T",-1.63338880366094,-7.96712804266169,4.7003504353398
"WUE_ET","Freshwater",0.90641327897796,"7","US-A03","SPEI_48","WUE_ET",-0.432231029802656,-7.66447936338634,6.80001730378103
"WUE_T","Freshwater",0.90641327897796,"7","US-A03","SPEI_48","WUE_T",-1.31953389063366,-8.49939467374259,5.86032689247527
"WUE_ET","Saline",0.90641327897796,"7","US-A03","SPEI_48","WUE_ET",0.217742055460448,-7.68500990720746,8.12049401812836
"WUE_T","Saline",0.90641327897796,"7","US-A03","SPEI_48","WUE_T",-0.669560805370556,-8.52779954494365,7.18867793420254
"WUE_ET","Upland",0.929145253620593,"7","US-A03","SPEI_48","WUE_ET",-0.752661134872114,-7.15493584725221,5.64961357750799
"WUE_T","Upland",0.929145253620593,"7","US-A03","SPEI_48","WUE_T",-1.6511448165232,-7.99288998579475,4.69060035274834
"WUE_ET","Freshwater",0.929145253620593,"7","US-A03","SPEI_48","WUE_ET",-0.43880622184483,-7.67889392547867,6.80128148178901
"WUE_T","Freshwater",0.929145253620593,"7","US-A03","SPEI_48","WUE_T",-1.33728990349592,-8.52451766465943,5.84993785766759
"WUE_ET","Saline",0.929145253620593,"7","US-A03","SPEI_48","WUE_ET",0.211166863418274,-7.69852789406999,8.12086162090654
"WUE_T","Saline",0.929145253620593,"7","US-A03","SPEI_48","WUE_T",-0.687316818232817,-8.55158737409185,7.17695373762621
"WUE_ET","Upland",0.951877228263225,"7","US-A03","SPEI_48","WUE_ET",-0.759782246834892,-7.17205843757589,5.6524939439061
"WUE_T","Upland",0.951877228263225,"7","US-A03","SPEI_48","WUE_T",-1.66889058439958,-8.01884123311333,4.68106006431418
"WUE_ET","Freshwater",0.951877228263225,"7","US-A03","SPEI_48","WUE_ET",-0.445927333807609,-7.6940473908111,6.80219272319589
"WUE_T","Freshwater",0.951877228263225,"7","US-A03","SPEI_48","WUE_T",-1.3550356713723,-8.54980643431964,5.83973509157505
"WUE_ET","Saline",0.951877228263225,"7","US-A03","SPEI_48","WUE_ET",0.204045751455495,-7.71279503545073,8.12088653836172
"WUE_T","Saline",0.951877228263225,"7","US-A03","SPEI_48","WUE_T",-0.705062586109191,-8.57552938295772,7.16540421073934
"WUE_ET","Upland",0.974609202905858,"7","US-A03","SPEI_48","WUE_ET",-0.767438264247951,-7.18995063364248,5.65507410514657
"WUE_T","Upland",0.974609202905858,"7","US-A03","SPEI_48","WUE_T",-1.68662539371192,-8.04498015792231,4.67172937049846
"WUE_ET","Freshwater",0.974609202905858,"7","US-A03","SPEI_48","WUE_ET",-0.453583351220668,-7.70992247027497,6.80275576783364
"WUE_T","Freshwater",0.974609202905858,"7","US-A03","SPEI_48","WUE_T",-1.37277048068464,-8.57525961864793,5.82971865727864
"WUE_ET","Saline",0.974609202905858,"7","US-A03","SPEI_48","WUE_ET",0.196389734042436,-7.72779471165413,8.120574179739
"WUE_T","Saline",0.974609202905858,"7","US-A03","SPEI_48","WUE_T",-0.722797395421537,-8.59962438283377,7.15402959199069
"WUE_ET","Upland",0.99734117754849,"7","US-A03","SPEI_48","WUE_ET",-0.775617781211953,-7.20859308303729,5.65735752061339
"WUE_T","Upland",0.99734117754849,"7","US-A03","SPEI_48","WUE_T",-1.70434857534827,-8.07130517993347,4.66260802923692
"WUE_ET","Freshwater",0.99734117754849,"7","US-A03","SPEI_48","WUE_ET",-0.46176286818467,-7.72650152851426,6.80297579214492
"WUE_T","Freshwater",0.99734117754849,"7","US-A03","SPEI_48","WUE_T",-1.39049366232099,-8.60087590280116,5.81988857815917
"WUE_ET","Saline",0.99734117754849,"7","US-A03","SPEI_48","WUE_ET",0.188210217078435,-7.74350990591004,8.11993034006691
"WUE_T","Saline",0.99734117754849,"7","US-A03","SPEI_48","WUE_T",-0.740520577057888,-8.62387123243706,7.14283007832128
"WUE_ET","Upland",1.02007315219112,"7","US-A03","SPEI_48","WUE_ET",-0.784308880290184,-7.22796633968063,5.65934857910026
"WUE_T","Upland",1.02007315219112,"7","US-A03","SPEI_48","WUE_T",-1.72205952468109,-8.09781480477359,4.65369575541141
"WUE_ET","Freshwater",1.02007315219112,"7","US-A03","SPEI_48","WUE_ET",-0.470453967262901,-7.74376680508937,6.80285887056357
"WUE_T","Freshwater",1.02007315219112,"7","US-A03","SPEI_48","WUE_T",-1.40820461165381,-8.62665405861197,5.81024483530436
"WUE_ET","Saline",1.02007315219112,"7","US-A03","SPEI_48","WUE_ET",0.179519118000203,-7.75992338039114,8.11896161639154
"WUE_T","Saline",1.02007315219112,"7","US-A03","SPEI_48","WUE_T",-0.758231526390702,-8.64826887306453,7.13180582028313
"WUE_ET","Upland",1.04280512683375,"7","US-A03","SPEI_48","WUE_ET",-0.793499217013649,-7.24805099670816,5.66105256268087
"WUE_T","Upland",1.04280512683375,"7","US-A03","SPEI_48","WUE_T",-1.73975769565434,-8.1245076201525,4.64499222884382
"WUE_ET","Freshwater",1.04280512683375,"7","US-A03","SPEI_48","WUE_ET",-0.479644303986366,-7.76170053842903,6.80241193045629
"WUE_T","Freshwater",1.04280512683375,"7","US-A03","SPEI_48","WUE_T",-1.42590278262706,-8.65259294026362,5.8007873750095
"WUE_ET","Saline",1.04280512683375,"7","US-A03","SPEI_48","WUE_ET",0.170328781276738,-7.77701780362857,8.11767536618204
"WUE_T","Saline",1.04280512683375,"7","US-A03","SPEI_48","WUE_T",-0.775929697363953,-8.67281632441492,7.12095692968701
"WUE_ET","Upland",1.06553710147639,"7","US-A03","SPEI_48","WUE_ET",-0.803176160644106,-7.26882773582018,5.66247541453197
"WUE_T","Upland",1.06553710147639,"7","US-A03","SPEI_48","WUE_T",-1.75744258617364,-8.15138227614769,4.6364971038004
"WUE_ET","Freshwater",1.06553710147639,"7","US-A03","SPEI_48","WUE_ET",-0.489321247616822,-7.7802850192346,6.80164252400095
"WUE_T","Freshwater",1.06553710147639,"7","US-A03","SPEI_48","WUE_T",-1.44358767314636,-8.6786914647783,5.79151611848559
"WUE_ET","Saline",1.06553710147639,"7","US-A03","SPEI_48","WUE_ET",0.160651837646282,-7.79477582535627,8.11607950064884
"WUE_T","Saline",1.06553710147639,"7","US-A03","SPEI_48","WUE_T",-0.793614587883255,-8.69751266611596,7.11028349034946
"WUE_ET","Upland",1.08826907611902,"7","US-A03","SPEI_48","WUE_ET",-0.813326781018261,-7.29027752656242,5.6636239645259
"WUE_T","Upland",1.08826907611902,"7","US-A03","SPEI_48","WUE_T",-1.77511374679022,-8.17843750436808,4.62821001078765
"WUE_ET","Freshwater",1.08826907611902,"7","US-A03","SPEI_48","WUE_ET",-0.499471867990978,-7.79950276765073,6.80055903166878
"WUE_T","Freshwater",1.08826907611902,"7","US-A03","SPEI_48","WUE_T",-1.46125883376293,-8.70494862995917,5.78243096243331
"WUE_ET","Saline",1.08826907611902,"7","US-A03","SPEI_48","WUE_ET",0.150501217272126,-7.81318023211643,8.11418266666068
"WUE_T","Saline",1.08826907611902,"7","US-A03","SPEI_48","WUE_T",-0.811285748499828,-8.72235705459045,7.09978555759079
"WUE_ET","Upland",1.11100105076165,"7","US-A03","SPEI_48","WUE_ET",-0.823937787444547,-7.31238190647196,5.66450633158287
"WUE_T","Upland",1.11100105076165,"7","US-A03","SPEI_48","WUE_T",-1.79277079756986,-8.20567215154963,4.62013055640991
"WUE_ET","Freshwater",1.11100105076165,"7","US-A03","SPEI_48","WUE_ET",-0.510082874417264,-7.81933678016313,6.7991710313286
"WUE_T","Freshwater",1.11100105076165,"7","US-A03","SPEI_48","WUE_T",-1.47891588454258,-8.73136354618315,5.773531777098
"WUE_ET","Saline",1.11100105076165,"7","US-A03","SPEI_48","WUE_ET",0.13989021084584,-7.83221415632266,8.11199457801434
"WUE_T","Saline",1.11100105076165,"7","US-A03","SPEI_48","WUE_T",-0.828942799279475,-8.74734875300245,7.0894631544435
"WUE_ET","Upland",1.13373302540428,"7","US-A03","SPEI_48","WUE_ET",-0.834995691111946,-7.33512285795569,5.6651314757318
"WUE_T","Upland",1.13373302540428,"7","US-A03","SPEI_48","WUE_T",-1.81041340080337,-8.23308513695849,4.61225833535176
"WUE_ET","Freshwater",1.13373302540428,"7","US-A03","SPEI_48","WUE_ET",-0.521140778084663,-7.83977043064671,6.79748887447739
"WUE_T","Freshwater",1.13373302540428,"7","US-A03","SPEI_48","WUE_T",-1.49655848777608,-8.75793539509923,5.76481841954706
"WUE_ET","Saline",1.13373302540428,"7","US-A03","SPEI_48","WUE_ET",0.128832307178441,-7.85186102273533,8.10952563709221
"WUE_T","Saline",1.13373302540428,"7","US-A03","SPEI_48","WUE_T",-0.846585402512979,-8.77248709220121,7.07931628717526
"WUE_ET","Upland",1.15646500004692,"7","US-A03","SPEI_48","WUE_ET",-0.846486829310612,-7.35848293954916,5.66550928092793
"WUE_T","Upland",1.15646500004692,"7","US-A03","SPEI_48","WUE_T",-1.82804126382756,-8.26067545997398,4.60459293231885
"WUE_ET","Freshwater",1.15646500004692,"7","US-A03","SPEI_48","WUE_ET",-0.532631916283329,-7.86078759028948,6.79552375772282
"WUE_T","Freshwater",1.15646500004692,"7","US-A03","SPEI_48","WUE_T",-1.51418635080028,-8.78466343657885,5.75629073497828
"WUE_ET","Saline",1.15646500004692,"7","US-A03","SPEI_48","WUE_ET",0.117341168979775,-7.8721046599825,8.10678699794205
"WUE_T","Saline",1.15646500004692,"7","US-A03","SPEI_48","WUE_T",-0.864213265537177,-8.79777147727992,7.06934494620557
"WUE_ET","Upland",1.17919697468955,"7","US-A03","SPEI_48","WUE_ET",-0.858397315667357,-7.38244560663125,5.66565097529654
"WUE_T","Upland",1.17919697468955,"7","US-A03","SPEI_48","WUE_T",-1.84565415956068,-8.28844223837904,4.59713391925768
"WUE_ET","Freshwater",1.17919697468955,"7","US-A03","SPEI_48","WUE_ET",-0.544542402640074,-7.88237291309047,6.79328810781032
"WUE_T","Freshwater",1.17919697468955,"7","US-A03","SPEI_48","WUE_T",-1.5317992465334,-8.81154704511405,5.74794855204726
"WUE_ET","Saline",1.17919697468955,"7","US-A03","SPEI_48","WUE_ET",0.10543068262303,-7.89292954417854,8.1037909094246
"WUE_T","Saline",1.17919697468955,"7","US-A03","SPEI_48","WUE_T",-0.881826161270292,-8.82320142197965,7.05954909943906
"WUE_ET","Upland",1.20192894933218,"7","US-A03","SPEI_48","WUE_ET",-0.870713080164507,-7.40699531514037,5.66556915481136
"WUE_T","Upland",1.20192894933218,"7","US-A03","SPEI_48","WUE_T",-1.86325192551041,-8.31638470935044,4.58988085832961
"WUE_ET","Freshwater",1.20192894933218,"7","US-A03","SPEI_48","WUE_ET",-0.556858167137224,-7.90451193324428,6.79079559896983
"WUE_T","Freshwater",1.20192894933218,"7","US-A03","SPEI_48","WUE_T",-1.54939701248313,-8.83858571047892,5.73979168551266
"WUE_ET","Saline",1.20192894933218,"7","US-A03","SPEI_48","WUE_ET",0.0931149181258799,-7.91432089461466,8.10055073086642
"WUE_T","Saline",1.20192894933218,"7","US-A03","SPEI_48","WUE_T",-0.899423927220027,-8.8487765493392,7.04992869489914
"WUE_ET","Upland",1.22466092397481,"7","US-A03","SPEI_48","WUE_ET",-0.883419874074226,-7.43211781850472,5.66527807035627
"WUE_T","Upland",1.22466092397481,"7","US-A03","SPEI_48","WUE_T",-1.88083447878219,-8.34450225761259,4.58283330004821
"WUE_ET","Freshwater",1.22466092397481,"7","US-A03","SPEI_48","WUE_ET",-0.569564961046943,-7.92719133436286,6.78806141226898
"WUE_T","Freshwater",1.22466092397481,"7","US-A03","SPEI_48","WUE_T",-1.56697956575491,-8.86577906442957,5.73181993291976
"WUE_ET","Saline",1.22466092397481,"7","US-A03","SPEI_48","WUE_ET",0.0804081242161614,-7.93626491274463,8.09708116117695
"WUE_T","Saline",1.22466092397481,"7","US-A03","SPEI_48","WUE_T",-0.917006480491805,-8.8744966170304,7.0404836560468
"WUE_ET","Upland",1.24739289861744,"7","US-A03","SPEI_48","WUE_ET",-0.896503288005579,-7.45780044947739,5.66479387346624
"WUE_T","Upland",1.24739289861744,"7","US-A03","SPEI_48","WUE_T",-1.89840182896583,-8.37279443961852,4.57599078168686
"WUE_ET","Freshwater",1.24739289861744,"7","US-A03","SPEI_48","WUE_ET",-0.582648374978295,-7.95039920683661,6.78510245688002
"WUE_T","Freshwater",1.24739289861744,"7","US-A03","SPEI_48","WUE_T",-1.58454691593855,-8.89312690363079,5.72403307175369
"WUE_ET","Saline",1.24739289861744,"7","US-A03","SPEI_48","WUE_ET",0.0673247102848086,-7.95874901351907,8.09339843408869
"WUE_T","Saline",1.24739289861744,"7","US-A03","SPEI_48","WUE_T",-0.934573830675446,-8.9003615391637,7.03121387781281
"WUE_ET","Upland",1.27012487326008,"7","US-A03","SPEI_48","WUE_ET",-0.909948846962399,-7.48403161958105,5.66413392565626
"WUE_T","Upland",1.27012487326008,"7","US-A03","SPEI_48","WUE_T",-1.91595403562478,-8.40126090977303,4.56935283852348
"WUE_ET","Freshwater",1.27012487326008,"7","US-A03","SPEI_48","WUE_ET",-0.596093933935116,-7.97412460688777,6.78193673901754
"WUE_T","Freshwater",1.27012487326008,"7","US-A03","SPEI_48","WUE_T",-1.60209912259749,-8.92062911907258,5.71643087387759
"WUE_ET","Saline",1.27012487326008,"7","US-A03","SPEI_48","WUE_ET",0.0538791513279882,-7.9817614610564,8.08951976371238
"WUE_T","Saline",1.27012487326008,"7","US-A03","SPEI_48","WUE_T",-0.95212603733439,-8.9263713194994,7.02211924483062
"WUE_ET","Upland",1.29285684790271,"7","US-A03","SPEI_48","WUE_ET",-0.92374205829973,-7.51080080002868,5.66331668342922
"WUE_T","Upland",1.29285684790271,"7","US-A03","SPEI_48","WUE_T",-1.93349120377201,-8.42990141119416,4.56291900365015
"WUE_ET","Freshwater",1.29285684790271,"7","US-A03","SPEI_48","WUE_ET",-0.609887145272447,-7.99835754507895,6.77858325453406
"WUE_T","Freshwater",1.29285684790271,"7","US-A03","SPEI_48","WUE_T",-1.61963629074472,-8.94828568723792,5.70901310574847
"WUE_ET","Saline",1.29285684790271,"7","US-A03","SPEI_48","WUE_ET",0.0400859399906571,-8.00529136762697,8.08546324760829
"WUE_T","Saline",1.29285684790271,"7","US-A03","SPEI_48","WUE_T",-0.96966320548162,-8.95252604321447,7.01319963225123
"WUE_ET","Upland",1.31558882254534,"7","US-A03","SPEI_48","WUE_ET",-0.937868434700573,-7.53809855735173,5.66236168795058
"WUE_T","Upland",1.31558882254534,"7","US-A03","SPEI_48","WUE_T",-1.95101348514298,-8.45871577615788,4.55668880587192
"WUE_ET","Freshwater",1.31558882254534,"7","US-A03","SPEI_48","WUE_ET",-0.62401352167329,-8.02308902249622,6.77506197914964
"WUE_T","Freshwater",1.31558882254534,"7","US-A03","SPEI_48","WUE_T",-1.6371585721157,-8.9760966705859,5.70177952635451
"WUE_ET","Saline",1.31558882254534,"7","US-A03","SPEI_48","WUE_ET",0.0259595635898137,-8.02932872978049,8.08124785696011
"WUE_T","Saline",1.31558882254534,"7","US-A03","SPEI_48","WUE_T",-0.987185486852593,-8.97882587748274,7.00445490377755
"WUE_ET","Upland",1.33832079718797,"7","US-A03","SPEI_48","WUE_ET",-0.952313517750992,-7.56591636576052,5.66128933025854
"WUE_T","Upland",1.33832079718797,"7","US-A03","SPEI_48","WUE_T",-1.96852106582889,-8.48770390198936,4.55066177033158
"WUE_ET","Freshwater",1.33832079718797,"7","US-A03","SPEI_48","WUE_ET",-0.638458604723709,-8.04831086593818,6.77139365649077
"WUE_T","Freshwater",1.33832079718797,"7","US-A03","SPEI_48","WUE_T",-1.65466615280161,-9.00406219464977,5.69472988904655
"WUE_ET","Saline",1.33832079718797,"7","US-A03","SPEI_48","WUE_ET",0.0115144805393953,-8.05386428890668,8.07689324998547
"WUE_T","Saline",1.33832079718797,"7","US-A03","SPEI_48","WUE_T",-1.0046930675385,-9.00527104986842,6.99588491479141
"WUE_ET","Upland",1.36105277183061,"7","US-A03","SPEI_48","WUE_ET",-0.967062919717881,-7.59424668259379,5.66012084315803
"WUE_T","Upland",1.36105277183061,"7","US-A03","SPEI_48","WUE_T",-1.98601417040355,-8.51686575549724,4.54483741469015
"WUE_ET","Freshwater",1.36105277183061,"7","US-A03","SPEI_48","WUE_ET",-0.653208006690598,-8.0740158009727,6.7675997875915
"WUE_T","Freshwater",1.36105277183061,"7","US-A03","SPEI_48","WUE_T",-1.67215925737626,-9.03218245234007,5.68786393758754
"WUE_ET","Saline",1.36105277183061,"7","US-A03","SPEI_48","WUE_ET",-0.00323492142749338,-8.07888960129237,8.07241975843738
"WUE_T","Saline",1.36105277183061,"7","US-A03","SPEI_48","WUE_T",-1.02218617211316,-9.03186185257781,6.98748950835149
"WUE_ET","Upland",1.38378474647324,"7","US-A03","SPEI_48","WUE_ET",-0.982102340013557,-7.62308289239922,5.65887821237211
"WUE_T","Upland",1.38378474647324,"7","US-A03","SPEI_48","WUE_T",-2.00349305949205,-8.5462013656317,4.53921524664761
"WUE_ET","Freshwater",1.38378474647324,"7","US-A03","SPEI_48","WUE_ET",-0.668247426986274,-8.10019740515216,6.76370255117961
"WUE_T","Freshwater",1.38378474647324,"7","US-A03","SPEI_48","WUE_T",-1.68963814646477,-9.06045769708427,5.68118140415474
"WUE_ET","Saline",1.38378474647324,"7","US-A03","SPEI_48","WUE_ET",-0.0182743417231702,-8.10439699962181,8.06784831617547
"WUE_T","Saline",1.38378474647324,"7","US-A03","SPEI_48","WUE_T",-1.03966506120166,-9.05859863607672,6.9792685136734
"WUE_ET","Upland",1.40651672111587,"7","US-A03","SPEI_48","WUE_ET",-0.997417559593764,-7.65241903676048,5.65758391757295
"WUE_T","Upland",1.40651672111587,"7","US-A03","SPEI_48","WUE_T",-2.02095801597086,-8.57571079562405,4.53379476368234
"WUE_ET","Freshwater",1.40651672111587,"7","US-A03","SPEI_48","WUE_ET",-0.683562646566481,-8.12684986645416,6.7597245733212
"WUE_T","Freshwater",1.40651672111587,"7","US-A03","SPEI_48","WUE_T",-1.70710310294357,-9.08888821645919,5.67468201057204
"WUE_ET","Saline",1.40651672111587,"7","US-A03","SPEI_48","WUE_ET",-0.0335895613033769,-8.13037938040089,8.06320025779414
"WUE_T","Saline",1.40651672111587,"7","US-A03","SPEI_48","WUE_T",-1.05713001768047,-9.08548178415097,6.97122174879003
"WUE_ET","Upland",1.4292486957585,"7","US-A03","SPEI_48","WUE_ET",-1.01299447442711,-7.68224982632816,5.65626087747393
"WUE_T","Upland",1.4292486957585,"7","US-A03","SPEI_48","WUE_T",-2.03840934690407,-8.60539414277767,4.52857544896953
"WUE_ET","Freshwater",1.4292486957585,"7","US-A03","SPEI_48","WUE_ET",-0.69913956139983,-8.15396799815217,6.75568887535251
"WUE_T","Freshwater",1.4292486957585,"7","US-A03","SPEI_48","WUE_T",-1.72455443387679,-9.11747433210816,5.66836546435458
"WUE_ET","Saline",1.4292486957585,"7","US-A03","SPEI_48","WUE_ET",-0.0491664761367259,-8.15683022085157,8.05849726857812
"WUE_T","Saline",1.4292486957585,"7","US-A03","SPEI_48","WUE_T",-1.07458134861368,-9.11251171397794,6.96334901675058
"WUE_ET","Upland",1.45198067040114,"7","US-A03","SPEI_48","WUE_ET",-1.02881910704683,-7.71257053116126,5.65493231706759
"WUE_T","Upland",1.45198067040114,"7","US-A03","SPEI_48","WUE_T",-2.05584737938419,-8.63525152741494,4.52355676864657
"WUE_ET","Freshwater",1.45198067040114,"7","US-A03","SPEI_48","WUE_ET",-0.71496419401955,-8.18154714244206,6.75161875440296
"WUE_T","Freshwater",1.45198067040114,"7","US-A03","SPEI_48","WUE_T",-1.7419924663569,-9.14621638935869,5.66223145664488
"WUE_ET","Saline",1.45198067040114,"7","US-A03","SPEI_48","WUE_ET",-0.0649911087564459,-8.18374349509654,8.05376127758365
"WUE_T","Saline",1.45198067040114,"7","US-A03","SPEI_48","WUE_T",-1.0920193810938,-9.13968886637779,6.95565010419019
"WUE_ET","Upland",1.47471264504377,"7","US-A03","SPEI_48","WUE_ET",-1.04487764250707,-7.74337697377202,5.65362168875787
"WUE_T","Upland",1.47471264504377,"7","US-A03","SPEI_48","WUE_T",-2.07327246129339,-8.66528309061446,4.51873816802768
"WUE_ET","Freshwater",1.47471264504377,"7","US-A03","SPEI_48","WUE_ET",-0.731022729479792,-8.20958316795415,6.74753770899457
"WUE_T","Freshwater",1.47471264504377,"7","US-A03","SPEI_48","WUE_T",-1.75941754826611,-9.17511475515732,5.6562796586251
"WUE_ET","Saline",1.47471264504377,"7","US-A03","SPEI_48","WUE_ET",-0.0810496442166875,-8.21111367606342,8.04901438763005
"WUE_T","Saline",1.47471264504377,"7","US-A03","SPEI_48","WUE_T",-1.109444463003,-9.16701370399295,6.94812477798695
"WUE_ET","Upland",1.4974446196864,"7","US-A03","SPEI_48","WUE_ET",-1.06115640923595,-7.77466534761921,5.6523525291473
"WUE_T","Upland",1.4974446196864,"7","US-A03","SPEI_48","WUE_T",-2.09068495489661,-8.69548897910952,4.51411906931629
"WUE_ET","Freshwater",1.4974446196864,"7","US-A03","SPEI_48","WUE_ET",-0.747301496208671,-8.23807230621735,6.7434693138
"WUE_T","Freshwater",1.4974446196864,"7","US-A03","SPEI_48","WUE_T",-1.77683004186933,-9.20416980387767,5.65050972013901
"WUE_ET","Saline",1.4974446196864,"7","US-A03","SPEI_48","WUE_ET",-0.0973284109455665,-8.23893558782224,8.0442787659311
"WUE_T","Saline",1.4974446196864,"7","US-A03","SPEI_48","WUE_T",-1.12685695660622,-9.19448669785418,6.94077278464173
"WUE_ET","Upland",1.52017659432903,"7","US-A03","SPEI_48","WUE_ET",-1.07764206982633,-7.8064325206704,5.65114838101775
"WUE_T","Upland",1.52017659432903,"7","US-A03","SPEI_48","WUE_T",-2.10808524660874,-8.72586935998797,4.50969886677049
"WUE_ET","Freshwater",1.52017659432903,"7","US-A03","SPEI_48","WUE_ET",-0.763787156799042,-8.26701143796602,6.73943712436794
"WUE_T","Freshwater",1.52017659432903,"7","US-A03","SPEI_48","WUE_T",-1.79423033358146,-9.23338193100624,5.64492126384333
"WUE_ET","Saline",1.52017659432903,"7","US-A03","SPEI_48","WUE_ET",-0.113814071535938,-8.26720468430051,8.03957654122864
"WUE_T","Saline",1.52017659432903,"7","US-A03","SPEI_48","WUE_T",-1.14425724831836,-9.22210834074005,6.93359384410333
"WUE_ET","Upland",1.54290856897166,"7","US-A03","SPEI_48","WUE_ET",-1.09432187653524,-7.83867645689613,5.65003270382565
"WUE_T","Upland",1.54290856897166,"7","US-A03","SPEI_48","WUE_T",-2.12547375882748,-8.756424440188,4.50547692253304
"WUE_ET","Freshwater",1.54290856897166,"7","US-A03","SPEI_48","WUE_ET",-0.780466963507957,-8.29639848996774,6.73546456295183
"WUE_T","Freshwater",1.54290856897166,"7","US-A03","SPEI_48","WUE_T",-1.8116188458002,-9.2627515711961,5.6395138795957
"WUE_ET","Saline",1.54290856897166,"7","US-A03","SPEI_48","WUE_ET",-0.130493878244853,-8.29591743567015,8.03492967918045
"WUE_T","Saline",1.54290856897166,"7","US-A03","SPEI_48","WUE_T",-1.1616457605371,-9.24987916477248,6.92658764369828
"WUE_ET","Upland",1.5656405436143,"7","US-A03","SPEI_48","WUE_ET",-1.11118360925754,-7.87139592748579,5.64902870897072
"WUE_T","Upland",1.5656405436143,"7","US-A03","SPEI_48","WUE_T",-2.14285093854938,-8.78715444366138,4.50145256656263
"WUE_ET","Freshwater",1.5656405436143,"7","US-A03","SPEI_48","WUE_ET",-0.797328696230253,-8.32623217201032,6.73157477954982
"WUE_T","Freshwater",1.5656405436143,"7","US-A03","SPEI_48","WUE_T",-1.82899602552209,-9.29227917671796,5.63428712567377
"WUE_ET","Saline",1.5656405436143,"7","US-A03","SPEI_48","WUE_ET",-0.147355610967149,-8.32507108774678,8.03035986581248
"WUE_T","Saline",1.5656405436143,"7","US-A03","SPEI_48","WUE_T",-1.17902294025899,-9.27779972088697,6.919753840369
"WUE_ET","Upland",1.58837251825693,"7","US-A03","SPEI_48","WUE_ET",-1.12821551933122,-7.90459028448827,5.64815924582583
"WUE_T","Upland",1.58837251825693,"7","US-A03","SPEI_48","WUE_T",-2.16021724982627,-8.81805959523926,4.49762509558672
"WUE_ET","Freshwater",1.58837251825693,"7","US-A03","SPEI_48","WUE_ET",-0.814360606303934,-8.35651177016699,6.72779055755912
"WUE_T","Freshwater",1.58837251825693,"7","US-A03","SPEI_48","WUE_T",-1.84636233679899,-9.32196520228545,5.62924052868748
"WUE_ET","Saline",1.58837251825693,"7","US-A03","SPEI_48","WUE_ET",-0.16438752104083,-8.35466347107949,8.02588842899783
"WUE_T","Saline",1.58837251825693,"7","US-A03","SPEI_48","WUE_T",-1.19638925153588,-9.30587056435442,6.91309206128266
"WUE_ET","Upland",1.61110449289956,"7","US-A03","SPEI_48","WUE_ET",-1.14540605214938,-7.93825891176042,5.64744680746165
"WUE_T","Upland",1.61110449289956,"7","US-A03","SPEI_48","WUE_T",-2.17757316173076,-8.8491400945763,4.49399377111478
"WUE_ET","Freshwater",1.61110449289956,"7","US-A03","SPEI_48","WUE_ET",-0.831551139122101,-8.38723663556002,6.72413435731582
"WUE_T","Freshwater",1.61110449289956,"7","US-A03","SPEI_48","WUE_T",-1.86371824870348,-9.35181008102562,5.62437358361866
"WUE_ET","Saline",1.61110449289956,"7","US-A03","SPEI_48","WUE_ET",-0.181578053858997,-8.38469250806617,8.02153640034818
"WUE_T","Saline",1.61110449289956,"7","US-A03","SPEI_48","WUE_T",-1.21374516344037,-9.33409223155181,6.90660190467106
"WUE_ET","Upland",1.63383646754219,"7","US-A03","SPEI_48","WUE_ET",-1.1627439988254,-7.97240130720418,5.64691330955339
"WUE_T","Upland",1.63383646754219,"7","US-A03","SPEI_48","WUE_T",-2.19491914651255,-8.88039611151687,4.49055781849176
"WUE_ET","Freshwater",1.63383646754219,"7","US-A03","SPEI_48","WUE_ET",-0.848889085798112,-8.41840626675656,6.72062809516034
"WUE_T","Freshwater",1.63383646754219,"7","US-A03","SPEI_48","WUE_T",-1.88106423348527,-9.38181421966634,5.6196857526958
"WUE_ET","Saline",1.63383646754219,"7","US-A03","SPEI_48","WUE_ET",-0.198916000535009,-8.41515630701915,8.01732430594913
"WUE_T","Saline",1.63383646754219,"7","US-A03","SPEI_48","WUE_T",-1.23109114822217,-9.36246523561305,6.90028293916872
"WUE_ET","Upland",1.65656844218483,"7","US-A03","SPEI_48","WUE_ET",-1.18021921650893,-8.0070178697717,5.64657943675385
"WUE_T","Upland",1.65656844218483,"7","US-A03","SPEI_48","WUE_T",-2.21225568052727,-8.91182779385288,4.48731643279835
"WUE_ET","Freshwater",1.65656844218483,"7","US-A03","SPEI_48","WUE_ET",-0.866364303481642,-8.45002105985188,6.71729245288859
"WUE_T","Freshwater",1.65656844218483,"7","US-A03","SPEI_48","WUE_T",-1.89840076749998,-9.41197800374742,5.61517646874746
"WUE_ET","Saline",1.65656844218483,"7","US-A03","SPEI_48","WUE_ET",-0.216391218218538,-8.44605393172117,8.01327149528409
"WUE_T","Saline",1.65656844218483,"7","US-A03","SPEI_48","WUE_T",-1.24842768223688,-9.39099007236315,6.89413470788939
"WUE_ET","Upland",1.67930041682746,"7","US-A03","SPEI_48","WUE_ET",-1.19782272590509,-8.04210990963457,5.64646445782439
"WUE_T","Upland",1.67930041682746,"7","US-A03","SPEI_48","WUE_T",-2.22958323779665,-8.94343525861164,4.48426878301834
"WUE_ET","Freshwater",1.67930041682746,"7","US-A03","SPEI_48","WUE_ET",-0.883967812877803,-8.48208232228809,6.71414669653248
"WUE_T","Freshwater",1.67930041682746,"7","US-A03","SPEI_48","WUE_T",-1.91572832476937,-9.44230178879268,5.61084513925394
"WUE_ET","Saline",1.67930041682746,"7","US-A03","SPEI_48","WUE_ET",-0.233994727614699,-8.47738542911582,8.00939597388642
"WUE_T","Saline",1.67930041682746,"7","US-A03","SPEI_48","WUE_T",-1.26575523950626,-9.41966721194777,6.88815673293524
"WUE_ET","Upland",1.70203239147009,"7","US-A03","SPEI_48","WUE_ET",-1.2155464807886,-8.07767931318919,5.64658635161199
"WUE_T","Upland",1.70203239147009,"7","US-A03","SPEI_48","WUE_T",-2.2469022849001,-8.97521858234389,4.48141401254369
"WUE_ET","Freshwater",1.70203239147009,"7","US-A03","SPEI_48","WUE_ET",-0.90169156776132,-8.51459195679983,6.71120882127719
"WUE_T","Freshwater",1.70203239147009,"7","US-A03","SPEI_48","WUE_T",-1.93304737187282,-9.47278589150955,5.60669114776391
"WUE_ET","Saline",1.70203239147009,"7","US-A03","SPEI_48","WUE_ET",-0.251718482498216,-8.50915151612856,8.00571455113213
"WUE_T","Saline",1.70203239147009,"7","US-A03","SPEI_48","WUE_T",-1.28307428660971,-9.44849709001865,6.88234851679923
"WUE_ET","Upland",1.72476436611272,"7","US-A03","SPEI_48","WUE_ET",-1.23338292401418,-8.11372804221656,5.6469621941882
"WUE_T","Upland",1.72476436611272,"7","US-A03","SPEI_48","WUE_T",-2.26421328176307,-9.00717779774209,4.47875123421595
"WUE_ET","Freshwater",1.72476436611272,"7","US-A03","SPEI_48","WUE_ET",-0.919528010986898,-8.54755198418781,6.70849596221402
"WUE_T","Freshwater",1.72476436611272,"7","US-A03","SPEI_48","WUE_T",-1.95035836873579,-9.5034305877964,5.60271385032483
"WUE_ET","Saline",1.72476436611272,"7","US-A03","SPEI_48","WUE_ET",-0.269554925723794,-8.5413530907254,8.00224323927781
"WUE_T","Saline",1.72476436611272,"7","US-A03","SPEI_48","WUE_T",-1.30038528347268,-9.47748010513505,6.87670953818969
"WUE_ET","Upland",1.74749634075536,"7","US-A03","SPEI_48","WUE_ET",-1.25132478313721,-8.15025789037125,5.64760832409683
"WUE_T","Upland",1.74749634075536,"7","US-A03","SPEI_48","WUE_T",-2.28151668260621,-9.03931289209547,4.47627952688305
"WUE_ET","Freshwater",1.74749634075536,"7","US-A03","SPEI_48","WUE_ET",-0.937469870109923,-8.58096431133505,6.7060245711152
"WUE_T","Freshwater",1.74749634075536,"7","US-A03","SPEI_48","WUE_T",-1.96766176957893,-9.53423611182706,5.5989125726692
"WUE_ET","Saline",1.74749634075536,"7","US-A03","SPEI_48","WUE_ET",-0.287496784846819,-8.5739909950891,7.99899742539546
"WUE_T","Saline",1.74749634075536,"7","US-A03","SPEI_48","WUE_T",-1.31768868431583,-9.50661661754993,6.87123924891828
"WUE_ET","Upland",1.77022831539799,"7","US-A03","SPEI_48","WUE_ET",-1.2693649955948,-8.18727037532044,5.64854038413085
"WUE_T","Upland",1.77022831539799,"7","US-A03","SPEI_48","WUE_T",-2.29881293639088,-9.07162380611856,4.47399793333679
"WUE_ET","Freshwater",1.77022831539799,"7","US-A03","SPEI_48","WUE_ET",-0.955510082567514,-8.61483062855136,6.70381046341633
"WUE_T","Freshwater",1.77022831539799,"7","US-A03","SPEI_48","WUE_T",-1.9849580233636,-9.5652026550981,5.59528660837091
"WUE_ET","Saline",1.77022831539799,"7","US-A03","SPEI_48","WUE_ET",-0.30553699730441,-8.60706591244432,7.9959919178355
"WUE_T","Saline",1.77022831539799,"7","US-A03","SPEI_48","WUE_T",-1.3349849381005,-9.53590694814337,6.86593707194237
"WUE_ET","Upland",1.79296029004062,"7","US-A03","SPEI_48","WUE_ET",-1.28749660962253,-8.22476662595857,5.64977340671351
"WUE_T","Upland",1.79296029004062,"7","US-A03","SPEI_48","WUE_T",-2.31610248892768,-9.10411043494697,4.47190545709161
"WUE_ET","Freshwater",1.79296029004062,"7","US-A03","SPEI_48","WUE_ET",-0.973641696595247,-8.64915230120237,6.70186890801188
"WUE_T","Freshwater",1.79296029004062,"7","US-A03","SPEI_48","WUE_T",-2.0022475759004,-9.59633036765155,5.59183521585076
"WUE_ET","Saline",1.79296029004062,"7","US-A03","SPEI_48","WUE_ET",-0.323668611332143,-8.64057825487037,7.99324103220608
"WUE_T","Saline",1.79296029004062,"7","US-A03","SPEI_48","WUE_T",-1.35227449063729,-9.56535137940256,6.86080239812798
"WUE_ET","Upland",1.81569226468325,"7","US-A03","SPEI_48","WUE_ET",-1.30571282455524,-8.26274736638214,5.65132171727167
"WUE_T","Upland",1.81569226468325,"7","US-A03","SPEI_48","WUE_T",-2.33338578055565,-9.13677262391893,4.47000106280763
"WUE_ET","Freshwater",1.81569226468325,"7","US-A03","SPEI_48","WUE_ET",-0.991857911527954,-8.68393035552248,6.70021453246657
"WUE_T","Freshwater",1.81569226468325,"7","US-A03","SPEI_48","WUE_T",-2.01953086752837,-9.62761935380578,5.58855761874905
"WUE_ET","Saline",1.81569226468325,"7","US-A03","SPEI_48","WUE_ET",-0.341884826264849,-8.67452815592413,7.99075850339443
"WUE_T","Saline",1.81569226468325,"7","US-A03","SPEI_48","WUE_T",-1.36955778226526,-9.59495015134214,6.85583458681162
"WUE_ET","Upland",1.83842423932588,"7","US-A03","SPEI_48","WUE_ET",-1.32400708878437,-8.3012129545172,5.65319877694845
"WUE_T","Upland",1.83842423932588,"7","US-A03","SPEI_48","WUE_T",-2.35066324218789,-9.16961016335991,4.46828367898413
"WUE_ET","Freshwater",1.83842423932588,"7","US-A03","SPEI_48","WUE_ET",-1.01015217575709,-8.71916551647891,6.69886116496473
"WUE_T","Freshwater",1.83842423932588,"7","US-A03","SPEI_48","WUE_T",-2.0368083291606,-9.6590696666737,5.58545300835249
"WUE_ET","Saline",1.83842423932588,"7","US-A03","SPEI_48","WUE_ET",-0.360179090493987,-8.70891551842008,7.98855733743211
"WUE_T","Saline",1.83842423932588,"7","US-A03","SPEI_48","WUE_T",-1.3868352438975,-9.62470345631445,6.85103296851945
