SITENAME,Date,Salinity,TN,TP
SRS1a,12/1/2000,-9999,47.646,0.67
SRS1a,12/4/2000,-9999,42.793,0.44
SRS1a,12/7/2000,-9999,32.179,0.35
SRS1a,12/10/2000,-9999,41.576,0.35
SRS1a,12/13/2000,-9999,51.388,0.27
SRS1a,12/16/2000,-9999,37.313,0.39
SRS1a,12/17/2000,-9999,38.615,0.38
SRS1a,12/21/2000,-9999,44.696,0.26
SRS1a,12/24/2000,-9999,45.19,0.75
SRS1a,12/27/2000,-9999,35.107,0.47
SRS1a,12/30/2000,-9999,37.165,0.09
SRS1a,1/2/2001,-9999,50.221,0.15
SRS1a,1/5/2001,-9999,42.781,0.17
SRS1a,1/8/2001,-9999,42.413,0.23
SRS1a,1/10/2001,-9999,36.282,0.44
SRS1a,1/13/2001,-9999,40.263,0.75
SRS1a,1/16/2001,-9999,36.326,0.37
SRS1a,1/18/2001,-9999,36.21,0.36
SRS1a,1/19/2001,-9999,31.875,0.24
SRS1a,2/15/2001,-9999,42.712,0.55
SRS1a,2/18/2001,-9999,46.401,1
SRS1a,2/21/2001,-9999,42.756,0.86
SRS1a,2/24/2001,-9999,44.923,1.01
SRS1a,2/27/2001,-9999,52.987,1.11
SRS1a,3/2/2001,-9999,60.26,0.99
SRS1a,3/5/2001,-9999,43.626,0.81
SRS1a,3/8/2001,-9999,41.91,1.03
SRS1a,3/11/2001,-9999,46.157,1.39
SRS1a,3/14/2001,-9999,45.679,1.56
SRS1a,3/17/2001,-9999,34.78,-9999
SRS1a,3/19/2001,-9999,42.971,-9999
SRS1a,3/22/2001,-9999,86.916,-9999
SRS1a,3/25/2001,-9999,78.253,0.98
SRS1a,3/28/2001,-9999,96.857,-9999
SRS1a,3/31/2001,-9999,73.572,0.91
SRS1a,4/3/2001,-9999,72.112,0.73
SRS1a,4/6/2001,-9999,82.592,0.47
SRS1a,4/9/2001,-9999,70.814,0.38
SRS1a,4/12/2001,-9999,71.94,0.45
SRS1a,4/15/2001,-9999,66.269,0.38
SRS1a,4/17/2001,-9999,80.128,0.9
SRS1a,4/20/2001,-9999,54.846,0.5
SRS1a,4/23/2001,-9999,41.656,0.55
SRS1a,4/26/2001,-9999,43.977,0.74
SRS1a,4/29/2001,-9999,40.293,0.35
SRS1a,5/2/2001,-9999,39.401,0.4
SRS1a,5/5/2001,-9999,39.952,0.47
SRS1a,5/8/2001,-9999,38.488,0.48
SRS1a,5/11/2001,-9999,53.165,0.63
SRS1a,5/14/2001,-9999,57.566,0.97
SRS1a,5/17/2001,-9999,79.332,0.94
SRS1a,5/20/2001,-9999,69.961,1.04
SRS1a,5/23/2001,-9999,78.279,1.9
SRS1a,5/26/2001,-9999,62.527,1.08
SRS1a,5/29/2001,-9999,86.129,1.13
SRS1a,6/1/2001,-9999,16.509,0.87
SRS1a,6/4/2001,-9999,93.634,0.85
SRS1a,6/7/2001,-9999,85.966,0.7
SRS1a,6/10/2001,-9999,79.164,0.56
SRS1a,6/12/2001,-9999,52.508,0.67
SRS1a,6/15/2001,-9999,75.918,0.97
SRS1a,6/18/2001,-9999,84.758,1.31
SRS1a,6/21/2001,-9999,76.465,0.73
SRS1a,6/24/2001,-9999,86.539,1.43
SRS1a,6/27/2001,-9999,80.418,0.84
SRS1a,6/30/2001,-9999,70.641,0.96
SRS1a,7/3/2001,-9999,68.538,0.67
SRS1a,7/6/2001,-9999,64.789,0.71
SRS1a,7/9/2001,-9999,70.127,0.82
SRS1a,7/12/2001,-9999,73.456,0.9
SRS1a,7/15/2001,-9999,87.81,0.75
SRS1a,7/18/2001,-9999,77.286,1.06
SRS1a,7/21/2001,-9999,76.618,0.65
SRS1a,7/24/2001,-9999,58.154,0.52
SRS1a,7/27/2001,-9999,59.48,0.64
SRS1a,7/30/2001,-9999,52.402,0.23
SRS1a,7/31/2001,-9999,91.866,0.86
SRS1a,8/3/2001,-9999,111.377,0.56
SRS1a,8/6/2001,-9999,73.389,0.18
SRS1a,8/9/2001,-9999,73.486,0.3
SRS1a,8/12/2001,-9999,59.9,0.28
SRS1a,8/15/2001,-9999,56.365,0.13
SRS1a,8/18/2001,-9999,64.633,0.23
SRS1a,8/21/2001,-9999,61.024,0.21
SRS1a,8/24/2001,-9999,54.637,0.12
SRS1a,8/27/2001,-9999,52.122,0.06
SRS1a,8/30/2001,-9999,56.103,0.12
SRS1a,9/2/2001,-9999,57.517,0.14
SRS1a,9/5/2001,-9999,49.431,0.1
SRS1a,9/8/2001,-9999,49.982,0.23
SRS1a,9/11/2001,-9999,53.654,0.23
SRS1a,9/13/2001,-9999,54.798,0.28
SRS1a,9/16/2001,-9999,-9999,0.18
SRS1a,9/19/2001,-9999,107.247,0.54
SRS1a,9/22/2001,-9999,94.032,0.11
SRS1a,9/25/2001,-9999,89.794,0.27
SRS1a,9/28/2001,-9999,103.356,0.16
SRS1a,10/1/2001,-9999,91.692,0.18
SRS1a,10/4/2001,-9999,96.581,0.13
SRS1a,10/7/2001,-9999,75.151,0.13
SRS1a,10/10/2001,-9999,75.624,0.15
SRS1a,10/13/2001,-9999,64.846,0.13
SRS1a,10/16/2001,-9999,59.452,0.1
SRS1a,10/19/2001,-9999,54.765,0.09
SRS1a,10/22/2001,-9999,59.98,0.18
SRS1a,10/25/2001,-9999,-9999,-9999
SRS1a,10/28/2001,-9999,104.655,0.88
SRS1a,10/31/2001,-9999,90.783,0.44
SRS1a,11/3/2001,-9999,103.452,0.42
SRS1a,11/6/2001,-9999,85.411,0.11
SRS1a,11/9/2001,-9999,101.07,0.87
SRS1a,11/12/2001,-9999,81.932,0.1
SRS1a,11/15/2001,-9999,71.742,0.12
SRS1a,11/18/2001,-9999,70.892,0.54
SRS1a,11/21/2001,-9999,100.137,1.02
SRS1a,11/24/2001,-9999,83.015,0.12
SRS1a,11/27/2001,-9999,51.746,0.25
SRS1a,11/28/2001,-9999,-9999,0.27
SRS1a,12/1/2001,-9999,55.383,-9999
SRS1a,12/4/2001,-9999,42.026,0.1
SRS1a,12/7/2001,-9999,45.614,0.08
SRS1a,12/10/2001,-9999,50.408,0.08
SRS1a,12/13/2001,-9999,62.128,0.19
SRS1a,12/16/2001,-9999,48.083,0.1
SRS1a,12/19/2001,-9999,45.149,0.09
SRS1a,12/22/2001,-9999,67.472,0.17
SRS1a,12/25/2001,-9999,62.189,0.2
SRS1a,12/28/2001,-9999,64.18,0.45
SRS1a,12/31/2001,-9999,58.267,0.2
SRS1a,1/3/2002,-9999,62.158,0.23
SRS1a,1/6/2002,-9999,61.607,0.29
SRS1a,1/9/2002,-9999,62.803,0.3
SRS1a,1/12/2002,-9999,56.254,0.29
SRS1a,1/15/2002,-9999,52.078,0.29
SRS1a,1/18/2002,-9999,40.731,0.32
SRS1a,1/21/2002,-9999,39.988,0.18
SRS1a,1/22/2002,-9999,37.122,0.34
SRS1a,1/25/2002,-9999,40.766,0.3
SRS1a,1/28/2002,-9999,42.035,0.7
SRS1a,1/31/2002,-9999,46.002,0.76
SRS1a,2/3/2002,-9999,45.992,0.59
SRS1a,2/6/2002,-9999,39.159,0.42
SRS1a,2/9/2002,-9999,46.925,-9999
SRS1a,2/12/2002,-9999,42.753,0.76
SRS1a,2/15/2002,-9999,40.47,0.66
SRS1a,2/18/2002,-9999,38.235,0.75
SRS1a,2/21/2002,-9999,33.872,0.51
SRS1a,2/24/2002,-9999,21.689,0.39
SRS1a,2/27/2002,-9999,22.263,0.59
SRS1a,2/28/2002,-9999,43.674,0.57
SRS1a,3/3/2002,-9999,23.38,0.37
SRS1a,3/6/2002,-9999,29.638,0.61
SRS1a,3/9/2002,-9999,23.245,0.97
SRS1a,3/12/2002,-9999,26.19,0.61
SRS1a,3/15/2002,-9999,43.738,0.99
SRS1a,3/18/2002,-9999,28.219,0.4
SRS1a,3/21/2002,-9999,18.898,0.3
SRS1a,3/24/2002,-9999,28.02,0.67
SRS1a,3/27/2002,-9999,23.196,0.53
SRS1a,3/28/2002,-9999,30.004,-9999
SRS1a,3/31/2002,-9999,25.384,0.6
SRS1a,4/3/2002,-9999,35.631,0.57
SRS1a,4/6/2002,-9999,34.868,0.61
SRS1a,4/9/2002,-9999,34.466,0.47
SRS1a,4/12/2002,-9999,73.218,0.49
SRS1a,4/15/2002,-9999,53.398,0.6
SRS1a,4/18/2002,-9999,71.799,0.45
SRS1a,4/21/2002,-9999,78.634,0.74
SRS1a,4/24/2002,-9999,71.755,0.56
SRS1a,4/27/2002,-9999,73.811,0.9
SRS1a,4/30/2002,-9999,64.657,0.36
SRS1a,5/3/2002,-9999,72.407,0.33
SRS1a,5/6/2002,-9999,72.263,0.5
SRS1a,5/8/2002,-9999,83.372,0.72
SRS1a,5/12/2002,-9999,79.934,1.36
SRS1a,5/15/2002,-9999,93.749,-9999
SRS1a,5/18/2002,-9999,84.62,1.84
SRS1a,5/21/2002,-9999,74.03,1.47
SRS1a,5/24/2002,-9999,66.128,1.16
SRS1a,5/27/2002,-9999,44.101,0.81
SRS1a,5/30/2002,-9999,69.865,1.94
SRS1a,6/2/2002,-9999,69.148,1.88
SRS1a,6/5/2002,-9999,42.343,0.93
SRS1a,6/8/2002,-9999,47.303,0.93
SRS1a,6/11/2002,-9999,44.191,0.67
SRS1a,6/14/2002,-9999,44.448,0.71
SRS1a,6/17/2002,-9999,38.607,0.56
SRS1a,6/20/2002,-9999,30.612,0.63
SRS1a,6/23/2002,-9999,29.077,0.36
SRS1a,6/25/2002,-9999,31.336,0.55
SRS1a,6/29/2002,-9999,90.626,1.29
SRS1a,7/2/2002,-9999,73.605,0.59
SRS1a,7/5/2002,-9999,74.589,0.62
SRS1a,7/8/2002,-9999,87.936,1.2
SRS1a,7/11/2002,-9999,82.193,1.04
SRS1a,7/14/2002,-9999,59.595,0.6
SRS1a,7/17/2002,-9999,46.114,0.5
SRS1a,7/20/2002,-9999,73.905,0.25
SRS1a,7/23/2002,-9999,72.909,0.18
SRS1a,7/26/2002,-9999,74.607,0.11
SRS1a,7/28/2002,-9999,85.47,0.86
SRS1a,8/2/2002,-9999,46.254,0.03
SRS1a,8/5/2002,-9999,46.656,0.1
SRS1a,8/8/2002,-9999,50.917,-9999
SRS1a,8/11/2002,-9999,48.407,0.08
SRS1a,8/14/2002,-9999,44.914,0.12
SRS1a,8/17/2002,-9999,38.633,0.08
SRS1a,8/20/2002,-9999,44.541,0.07
SRS1a,8/22/2002,-9999,37.79,0.09
SRS1a,8/25/2002,-9999,100.865,0.69
SRS1a,8/28/2002,-9999,101.743,0.7
SRS1a,8/31/2002,-9999,64.49,0.44
SRS1a,9/3/2002,-9999,78.213,0.32
SRS1a,9/6/2002,-9999,68.141,0.12
SRS1a,9/9/2002,-9999,54.385,0.15
SRS1a,9/12/2002,-9999,47.757,-9999
SRS1a,9/15/2002,-9999,46.338,0.09
SRS1a,9/18/2002,-9999,56.262,0.14
SRS1a,9/21/2002,-9999,50.495,0.14
SRS1a,9/24/2002,-9999,50.829,0.09
SRS1a,9/25/2002,-9999,-9999,-9999
SRS1a,9/28/2002,-9999,39.235,0.74
SRS1a,10/1/2002,-9999,41.327,0.47
SRS1a,10/4/2002,-9999,37.618,-9999
SRS1a,10/7/2002,-9999,42.059,0.29
SRS1a,10/10/2002,-9999,48.468,0.42
SRS1a,10/13/2002,-9999,48.655,0.51
SRS1a,10/16/2002,-9999,51.512,0.6
SRS1a,10/19/2002,-9999,45.434,0.45
SRS1a,10/22/2002,-9999,36.94,0.28
SRS1a,10/23/2002,-9999,55.21,0.42
SRS1a,10/26/2002,-9999,48.084,0.25
SRS1a,10/29/2002,-9999,42.961,0.36
SRS1a,11/1/2002,-9999,36.832,0.32
SRS1a,11/4/2002,-9999,40.475,0.28
SRS1a,11/7/2002,-9999,36.522,0.18
SRS1a,11/10/2002,-9999,-9999,0.34
SRS1a,11/13/2002,-9999,-9999,0.3
SRS1a,11/16/2002,-9999,40.438,0.21
SRS1a,11/19/2002,-9999,45.49,0.3
SRS1a,11/20/2002,-9999,51.012,0.47
SRS1a,11/23/2002,-9999,80.896,0.58
SRS1a,11/26/2002,-9999,83.963,0.71
SRS1a,11/29/2002,-9999,81.001,0.59
SRS1a,12/2/2002,-9999,78.188,1.08
SRS1a,12/5/2002,-9999,83.137,1.93
SRS1a,12/8/2002,-9999,72.029,0.95
SRS1a,12/11/2002,-9999,64.787,1.07
SRS1a,12/14/2002,-9999,69.66,0.66
SRS1a,12/17/2002,-9999,70.333,0.79
SRS1a,12/19/2002,-9999,81.439,1.08
SRS1a,1/24/2003,-9999,80.224,0.67
SRS1a,1/27/2003,-9999,79.71,0.83
SRS1a,1/30/2003,-9999,73.192,0.65
SRS1a,2/2/2003,-9999,63.392,0.82
SRS1a,2/5/2003,-9999,91.337,0.77
SRS1a,2/8/2003,-9999,71.097,1.15
SRS1a,2/11/2003,-9999,64.53,0.96
SRS1a,2/14/2003,-9999,68.162,1.34
SRS1a,2/17/2003,-9999,61.433,0.68
SRS1a,2/20/2003,-9999,64.348,0.58
SRS1a,2/23/2003,-9999,25.084,1.89
SRS1a,2/26/2003,-9999,29.259,1.56
SRS1a,3/1/2003,-9999,22.438,2.01
SRS1a,3/4/2003,-9999,26.077,2.04
SRS1a,3/7/2003,-9999,22.417,1.3
SRS1a,3/10/2003,-9999,22.125,0.94
SRS1a,3/13/2003,-9999,27.131,0.83
SRS1a,3/16/2003,-9999,28.284,0.88
SRS1a,3/19/2003,-9999,19.458,0.96
SRS1a,3/22/2003,-9999,23.084,0.43
SRS1a,3/25/2003,-9999,28.055,0.34
SRS1a,3/26/2003,-9999,27.284,0.6
SRS1a,3/29/2003,-9999,78.937,1.65
SRS1a,4/1/2003,-9999,80.756,1.51
SRS1a,4/4/2003,-9999,71.524,1.01
SRS1a,4/7/2003,-9999,91.041,0.93
SRS1a,4/10/2003,-9999,134.198,1.14
SRS1a,4/13/2003,-9999,86.391,0.79
SRS1a,4/16/2003,-9999,-9999,1.09
SRS1a,4/19/2003,-9999,90.417,0.54
SRS1a,4/22/2003,-9999,65.833,0.63
SRS1a,4/24/2003,-9999,-9999,0.89
SRS1a,4/27/2003,-9999,91.157,-9999
SRS1a,4/30/2003,-9999,75.122,-9999
SRS1a,5/3/2003,-9999,59.992,1.2
SRS1a,5/6/2003,-9999,55.237,1.06
SRS1a,5/9/2003,-9999,56.958,1.42
SRS1a,5/12/2003,-9999,57.442,1.26
SRS1a,5/15/2003,-9999,47.619,1.08
SRS1a,5/18/2003,-9999,42.986,0.97
SRS1a,5/21/2003,-9999,36.365,0.71
SRS1a,5/24/2003,-9999,47.705,0.33
SRS1a,5/27/2003,-9999,30.426,0.3
SRS1a,5/30/2003,-9999,69.606,-9999
SRS1a,6/2/2003,-9999,54.95,-9999
SRS1a,6/5/2003,-9999,53.814,-9999
SRS1a,6/8/2003,-9999,61.697,-9999
SRS1a,6/11/2003,-9999,50.94,0.4
SRS1a,6/14/2003,-9999,28.529,0.25
SRS1a,6/16/2003,-9999,31.822,0.31
SRS1a,6/20/2003,-9999,48.486,0.79
SRS1a,6/23/2003,-9999,66.554,1.2
SRS1a,6/26/2003,-9999,43.219,0.55
SRS1a,6/29/2003,-9999,41.59,0.52
SRS1a,7/2/2003,-9999,33.096,0.34
SRS1a,7/5/2003,-9999,35.352,0.19
SRS1a,7/8/2003,-9999,41.587,0.14
SRS1a,7/11/2003,-9999,45.161,0.12
SRS1a,7/14/2003,-9999,54.967,0.18
SRS1a,7/17/2003,-9999,31.727,0.14
SRS1a,7/20/2003,-9999,34.067,0.11
SRS1a,7/23/2003,-9999,52.264,0.2
SRS1a,7/26/2003,-9999,59.328,0.22
SRS1a,7/29/2003,-9999,59.17,0.14
SRS1a,8/1/2003,-9999,70.978,0.25
SRS1a,8/4/2003,-9999,63.879,0.36
SRS1a,8/7/2003,-9999,56.036,0.17
SRS1a,8/10/2003,-9999,55.143,0.12
SRS1a,8/13/2003,-9999,50.739,0.15
SRS1a,8/16/2003,-9999,59.267,0.13
SRS1a,8/18/2003,-9999,61.624,0.14
SRS1a,8/21/2003,-9999,64.648,0.31
SRS1a,8/24/2003,-9999,54.968,0.45
SRS1a,8/27/2003,-9999,63.025,0.18
SRS1a,8/30/2003,-9999,46.214,0.11
SRS1a,9/2/2003,-9999,58.836,0.11
SRS1a,9/5/2003,-9999,62.254,0.2
SRS1a,9/8/2003,-9999,47.564,0.13
SRS1a,9/9/2003,-9999,52.518,0.24
SRS1a,9/13/2003,-9999,74.873,0.4
SRS1a,9/16/2003,-9999,58.77,0.45
SRS1a,9/19/2003,-9999,51.983,0.18
SRS1a,9/22/2003,-9999,62.298,0.3
SRS1a,9/25/2003,-9999,56.812,0.15
SRS1a,9/28/2003,-9999,36.732,0.18
SRS1a,10/1/2003,-9999,32.437,0.16
SRS1a,10/4/2003,-9999,31.756,0.12
SRS1a,10/7/2003,-9999,30.71,0.12
SRS1a,10/8/2003,-9999,51.094,0.14
SRS1a,12/6/2003,-9999,28.614,0.21
SRS1a,12/9/2003,-9999,26.615,0.11
SRS1a,12/12/2003,-9999,26.785,0.1
SRS1a,12/15/2003,-9999,28.578,0.14
SRS1a,12/18/2003,-9999,31.652,0.11
SRS1a,12/21/2003,-9999,29.044,0.14
SRS1a,12/24/2003,-9999,27.418,0.11
SRS1a,12/27/2003,-9999,31.776,0.11
SRS1a,12/30/2003,-9999,35.03,0.16
SRS1a,1/2/2004,-9999,30.929,0.11
SRS1a,1/5/2004,-9999,37.4,0.06
SRS1a,1/8/2004,-9999,38.72,0.09
SRS1a,1/11/2004,-9999,37.27,0.16
SRS1a,1/14/2004,-9999,34.959,0.26
SRS1a,1/17/2004,-9999,50.703,0.15
SRS1a,1/20/2004,-9999,52.253,0.17
SRS1a,1/23/2004,-9999,33.787,0.27
SRS1a,1/26/2004,-9999,32.897,0.35
SRS1a,1/29/2004,-9999,40.143,-9999
SRS1a,2/1/2004,-9999,77.545,0.71
SRS1a,2/4/2004,-9999,54.183,0.54
SRS1a,2/7/2004,-9999,82.279,1.02
SRS1a,2/9/2004,-9999,54.154,0.44
SRS1a,2/13/2004,-9999,49.889,0.35
SRS1a,2/16/2004,-9999,48.246,0.35
SRS1a,2/19/2004,-9999,49.384,0.49
SRS1a,2/22/2004,-9999,61.721,0.47
SRS1a,2/25/2004,-9999,59.625,0.52
SRS1a,2/28/2004,-9999,90.467,1.04
SRS1a,3/2/2004,-9999,73.066,0.84
SRS1a,3/5/2004,-9999,59.455,0.48
SRS1a,3/8/2004,-9999,49.539,0.25
SRS1a,3/11/2004,-9999,71.427,0.52
SRS1a,3/14/2004,-9999,41.837,0.37
SRS1a,3/17/2004,-9999,36.837,0.15
SRS1a,3/20/2004,-9999,32.094,0.21
SRS1a,3/23/2004,-9999,42,0.26
SRS1a,3/26/2004,-9999,39.879,0.28
SRS1a,3/29/2004,-9999,56.228,0.53
SRS1a,4/1/2004,-9999,59.043,0.66
SRS1a,4/4/2004,-9999,52.867,0.48
SRS1a,4/7/2004,-9999,57.41,0.57
SRS1a,4/10/2004,-9999,63.007,0.48
SRS1a,4/13/2004,-9999,55.331,0.32
SRS1a,4/16/2004,-9999,48.891,0.51
SRS1a,4/18/2004,-9999,55.963,0.98
SRS1a,4/22/2004,-9999,47.567,0.47
SRS1a,4/25/2004,-9999,42.376,0.41
SRS1a,4/28/2004,-9999,38.777,0.43
SRS1a,5/1/2004,-9999,35.945,0.17
SRS1a,5/4/2004,-9999,51.454,0.32
SRS1a,5/5/2004,-9999,37.38,0.45
SRS1a,5/8/2004,-9999,64.867,2.25
SRS1a,5/11/2004,-9999,79.07,1.48
SRS1a,5/14/2004,-9999,70.187,2.47
SRS1a,5/17/2004,-9999,72.704,1.84
SRS1a,5/20/2004,-9999,58.152,2.25
SRS1a,5/23/2004,-9999,51.256,1.53
SRS1a,5/26/2004,-9999,47.021,1.1
SRS1a,5/29/2004,-9999,68.261,0.93
SRS1a,6/1/2004,-9999,65.764,1.42
SRS1a,6/4/2004,-9999,77.101,1.53
SRS1a,6/7/2004,-9999,92.081,0.93
SRS1a,6/10/2004,-9999,116.328,0.69
SRS1a,6/13/2004,-9999,67.124,0.39
SRS1a,6/16/2004,-9999,72.62,0.44
SRS1a,6/19/2004,-9999,54.096,0.32
SRS1a,6/22/2004,-9999,57.586,0.36
SRS1a,6/24/2004,-9999,53.029,0.41
SRS1a,6/27/2004,-9999,29.171,0.52
SRS1a,6/30/2004,-9999,-9999,0.38
SRS1a,7/3/2004,-9999,30.646,0.38
SRS1a,7/6/2004,-9999,35.381,0.36
SRS1a,7/9/2004,-9999,29.295,0.34
SRS1a,7/12/2004,-9999,28.278,0.35
SRS1a,7/14/2004,-9999,46.062,0.35
SRS1a,7/18/2004,-9999,58.407,0.39
SRS1a,7/21/2004,-9999,71.952,0.53
SRS1a,7/24/2004,-9999,45.314,0.54
SRS1a,7/27/2004,-9999,51.403,0.59
SRS1a,7/30/2004,-9999,48.053,0.31
SRS1a,8/2/2004,-9999,57.136,-9999
SRS1a,8/5/2004,-9999,69.681,0.35
SRS1a,8/8/2004,-9999,51.615,0.57
SRS1a,8/11/2004,-9999,35.95,0.2
SRS1a,8/14/2004,-9999,44.097,0.3
SRS1a,8/17/2004,-9999,64.79,0.35
SRS1a,8/19/2004,-9999,53.057,0.29
SRS1a,8/22/2004,-9999,36.315,0.16
SRS1a,8/25/2004,-9999,39.34,-9999
SRS1a,8/28/2004,-9999,38.553,0.21
SRS1a,8/31/2004,-9999,31.562,0.17
SRS1a,9/3/2004,-9999,27.215,0.16
SRS1a,9/6/2004,-9999,23.673,0.16
SRS1a,9/8/2004,-9999,30.369,0.15
SRS1a,9/11/2004,-9999,83.128,1.13
SRS1a,9/14/2004,-9999,90.42,1.35
SRS1a,9/17/2004,-9999,90.218,1.65
SRS1a,9/20/2004,-9999,83.344,0.95
SRS1a,9/23/2004,-9999,96.507,0.86
SRS1a,9/26/2004,-9999,66.789,0.92
SRS1a,9/29/2004,-9999,64.076,0.41
SRS1a,10/2/2004,-9999,53.557,0.24
SRS1a,10/5/2004,-9999,49.529,0.24
SRS1a,10/8/2004,-9999,35.761,0.16
SRS1a,10/11/2004,-9999,32.834,0.14
SRS1a,10/13/2004,-9999,29.994,0.17
SRS1a,10/17/2004,-9999,-9999,-9999
SRS1a,10/20/2004,-9999,97.264,1.15
SRS1a,10/23/2004,-9999,124.073,1.34
SRS1a,10/26/2004,-9999,170.01,1.71
SRS1a,10/29/2004,-9999,141.569,1.48
SRS1a,11/1/2004,-9999,124.904,1.08
SRS1a,11/4/2004,-9999,115.119,0.78
SRS1a,11/7/2004,-9999,116.315,1.69
SRS1a,11/10/2004,-9999,61.373,0.47
SRS1a,11/13/2004,-9999,61.31,0.18
SRS1a,11/16/2004,-9999,51.509,0.2
SRS1a,11/19/2004,-9999,32.634,0.2
SRS1a,11/21/2004,-9999,37.563,0.31
SRS1a,11/25/2004,-9999,42.275,-9999
SRS1a,11/28/2004,-9999,120.825,0.77
SRS1a,12/1/2004,-9999,122.093,0.62
SRS1a,12/4/2004,-9999,131.957,-9999
SRS1a,12/7/2004,-9999,67.04,0.84
SRS1a,12/10/2004,-9999,51.9,0.3
SRS1a,12/13/2004,-9999,42.404,0.12
SRS1a,12/16/2004,-9999,122.898,0.33
SRS1a,12/19/2004,-9999,75.145,0.12
SRS1a,12/22/2004,-9999,63.755,0.2
SRS1a,12/25/2004,-9999,63.402,0.17
SRS1a,12/28/2004,-9999,57.491,0.26
SRS1a,12/31/2004,-9999,62.5,0.29
SRS1a,1/3/2005,-9999,62.723,0.17
SRS1a,1/4/2005,-9999,89.784,0.66
SRS1c,1/7/2005,-9999,41.922,0.15
SRS1c,1/10/2005,-9999,43.145,0.14
SRS1c,1/13/2005,-9999,39.639,0.09
SRS1c,1/16/2005,-9999,37.279,0.08
SRS1c,1/19/2005,-9999,38.369,0.08
SRS1c,1/22/2005,-9999,42.861,0.07
SRS1c,1/25/2005,-9999,45.389,0.07
SRS1c,1/28/2005,-9999,48.903,0.08
SRS1c,1/31/2005,-9999,43.424,0.07
SRS1c,2/3/2005,-9999,42.66,0.08
SRS1c,2/6/2005,-9999,40.32,0.19
SRS1c,2/9/2005,-9999,36.067,0.1
SRS1c,2/12/2005,-9999,38.4,0.11
SRS1c,2/15/2005,-9999,37.791,0.1
SRS1c,2/16/2005,-9999,34.965,0.17
SRS1c,2/19/2005,-9999,83.73,0.18
SRS1c,2/22/2005,-9999,96.947,0.22
SRS1c,2/25/2005,-9999,104.669,0.23
SRS1c,3/6/2005,-9999,129.229,0.25
SRS1c,3/12/2005,-9999,105.56,0.17
SRS1c,5/26/2005,-9999,35.4,0.49
SRS1c,5/29/2005,-9999,41.152,0.47
SRS1c,6/1/2005,-9999,40.899,0.42
SRS1c,6/4/2005,-9999,49.959,0.42
SRS1c,6/7/2005,-9999,50.973,-9999
SRS1c,6/10/2005,-9999,41.573,0.53
SRS1c,6/13/2005,-9999,33.97,0.46
SRS1c,6/16/2005,-9999,35.296,0.52
SRS1c,6/19/2005,-9999,35.062,0.46
SRS1c,6/22/2005,-9999,38.227,0.42
SRS1c,6/25/2005,-9999,32.55,0.45
SRS1c,6/28/2005,-9999,36.039,0.6
SRS1c,6/30/2005,-9999,47.516,0.69
SRS1c,7/3/2005,-9999,29.574,0.16
SRS1c,7/6/2005,-9999,43.195,0.3
SRS1c,7/9/2005,-9999,34.406,0.19
SRS1c,7/12/2005,-9999,23.451,0.17
SRS1c,7/15/2005,-9999,23.406,0.18
SRS1c,7/17/2005,-9999,25.427,0.22
SRS1c,7/21/2005,-9999,28.306,0.12
SRS1c,7/24/2005,-9999,33.472,0.14
SRS1c,7/27/2005,-9999,23.234,0.1
SRS1c,7/30/2005,-9999,23.476,0.11
SRS1c,8/2/2005,-9999,22.151,0.08
SRS1c,8/5/2005,-9999,27.826,0.17
SRS1c,8/8/2005,-9999,29.105,0.12
SRS1c,8/11/2005,-9999,26.745,0.1
SRS1c,8/14/2005,-9999,28.693,0.16
SRS1c,8/17/2005,-9999,26.693,0.1
SRS1c,8/20/2005,-9999,31.084,0.12
SRS1c,8/22/2005,-9999,37.472,0.13
SRS1c,8/26/2005,-9999,61.098,0.13
SRS1c,9/4/2005,-9999,33.687,0.16
SRS1c,9/7/2005,-9999,36.135,0.16
SRS1c,9/10/2005,-9999,48.991,0.16
SRS1c,9/13/2005,-9999,57.558,0.17
SRS1c,9/16/2005,-9999,65.743,0.19
SRS1c,9/19/2005,-9999,44.329,0.19
SRS1c,9/22/2005,-9999,50.503,0.22
SRS1c,9/23/2005,-9999,74.352,0.21
SRS1c,9/26/2005,-9999,23.932,0.25
SRS1c,9/29/2005,-9999,25.511,0.23
SRS1c,10/2/2005,-9999,26.674,0.24
SRS1c,10/5/2005,-9999,22.266,0.24
SRS1c,10/8/2005,-9999,23.802,0.24
SRS1c,10/11/2005,-9999,34.177,0.29
SRS1c,10/14/2005,-9999,26.765,0.32
SRS1c,10/17/2005,-9999,37.877,0.28
SRS1c,10/18/2005,-9999,38.831,0.38
SRS1c,10/21/2005,-9999,19.775,0.12
SRS1c,10/24/2005,-9999,18.856,0.08
SRS1c,10/27/2005,-9999,18.325,0.12
SRS1c,10/30/2005,-9999,18.946,0.13
SRS1c,11/2/2005,-9999,16.121,0.08
SRS1c,11/5/2005,-9999,18.237,0.1
SRS1c,11/8/2005,-9999,20.561,0.14
SRS1c,11/10/2005,-9999,29.856,0.16
SRS1c,11/13/2005,-9999,31.604,0.22
SRS1c,11/16/2005,-9999,27.339,0.22
SRS1c,11/19/2005,-9999,39.112,-9999
SRS1c,11/22/2005,-9999,39.312,0.24
SRS1c,11/25/2005,-9999,32.717,0.17
SRS1c,11/28/2005,-9999,69.21,0.17
SRS1c,12/1/2005,-9999,33.314,0.22
SRS1c,12/4/2005,-9999,30.073,0.22
SRS1c,12/7/2005,-9999,29.636,0.24
SRS1c,12/10/2005,-9999,31.41,0.23
SRS1c,12/13/2005,-9999,32.065,0.26
SRS1c,12/16/2005,-9999,23.095,0.22
SRS1c,12/18/2005,-9999,20.634,1.22
SRS1c,12/22/2005,-9999,25.26,0.18
SRS1c,12/25/2005,-9999,27.4,0.28
SRS1c,12/28/2005,-9999,28.01,0.2
SRS1c,12/31/2005,-9999,30.881,0.17
SRS1c,1/3/2006,-9999,28.612,0.16
SRS1c,1/5/2006,-9999,29.442,0.23
SRS1d,1/8/2006,-9999,21.7,0.89
SRS1d,1/11/2006,-9999,21.702,0.68
SRS1d,1/14/2006,-9999,21.897,0.77
SRS1d,1/17/2006,-9999,26.407,0.7
SRS1d,1/20/2006,-9999,26.657,1.2
SRS1d,1/23/2006,-9999,21.372,0.71
SRS1d,1/26/2006,-9999,22.69,0.76
SRS1d,1/29/2006,-9999,21.427,0.78
SRS1d,2/1/2006,-9999,23.264,0.56
SRS1d,2/4/2006,-9999,24.32,0.64
SRS1d,2/7/2006,-9999,24.819,0.56
SRS1d,2/9/2006,-9999,24.856,0.66
SRS1d,2/12/2006,-9999,33.68,0.23
SRS1d,2/15/2006,-9999,34.97,0.27
SRS1d,2/18/2006,-9999,34.247,0.25
SRS1d,2/21/2006,-9999,33.365,0.26
SRS1d,2/24/2006,-9999,32.014,0.28
SRS1d,2/27/2006,-9999,39.854,0.33
SRS1d,3/1/2006,-9999,41.39,0.36
SRS1d,3/5/2006,-9999,34.702,0.29
SRS1d,3/8/2006,-9999,38.008,0.3
SRS1d,3/11/2006,-9999,36.884,0.3
SRS1d,3/14/2006,-9999,40.072,0.29
SRS1d,3/17/2006,-9999,36.312,0.28
SRS1d,3/20/2006,-9999,39.801,0.27
SRS1d,3/23/2006,-9999,37.444,0.26
SRS1d,3/26/2006,-9999,48.305,0.29
SRS1d,3/29/2006,-9999,36.944,0.31
SRS1d,4/1/2006,-9999,37.813,0.33
SRS1d,4/4/2006,-9999,34.845,0.34
SRS1d,4/6/2006,-9999,40.642,0.44
SRS1d,4/9/2006,-9999,76.614,1.18
SRS1d,4/12/2006,-9999,73.568,1.01
SRS1d,4/15/2006,-9999,65.24,1.13
SRS1d,4/18/2006,-9999,63.482,1.18
SRS1d,4/21/2006,-9999,71.184,1.23
SRS1d,4/24/2006,-9999,73.768,1.24
SRS1d,4/27/2006,-9999,57.737,1.15
SRS1d,4/30/2006,-9999,67.703,1.13
SRS1d,5/3/2006,-9999,67.85,1.16
SRS1d,5/6/2006,-9999,69.333,1.25
SRS1d,5/9/2006,-9999,84.947,1.32
SRS1d,5/12/2006,-9999,118.163,1.22
SRS1d,5/15/2006,-9999,113.368,1.34
SRS1d,5/16/2006,-9999,102.258,1.59
SRS1d,5/19/2006,-9999,49.193,0.26
SRS1d,5/22/2006,-9999,51.523,0.28
SRS1d,5/25/2006,-9999,46.856,0.27
SRS1d,5/28/2006,-9999,50.204,0.25
SRS1d,5/31/2006,-9999,44.226,0.22
SRS1d,6/3/2006,-9999,41.666,0.26
SRS1d,6/6/2006,-9999,38.975,0.32
SRS1d,6/9/2006,-9999,40.934,0.28
SRS1d,6/12/2006,-9999,38.677,0.31
SRS1d,6/14/2006,-9999,42.906,0.36
SRS1d,6/18/2006,-9999,59.723,0.21
SRS1d,6/21/2006,-9999,40.481,0.15
SRS1d,6/24/2006,-9999,62.522,0.15
SRS1d,6/27/2006,-9999,40.497,0.26
SRS1d,6/30/2006,-9999,37.764,0.24
SRS1d,7/3/2006,-9999,35.607,0.2
SRS1d,7/6/2006,-9999,29.596,0.17
SRS1d,7/9/2006,-9999,31.277,0.17
SRS1d,7/12/2006,-9999,32.56,0.18
SRS1d,7/15/2006,-9999,30.972,0.18
SRS1d,7/18/2006,-9999,33.529,0.18
SRS1d,7/21/2006,-9999,29.216,0.19
SRS1d,7/24/2006,-9999,27.654,0.21
SRS1d,7/25/2006,-9999,28.9,0.28
SRS1d,7/28/2006,-9999,48.609,0.19
SRS1d,7/31/2006,-9999,34.311,0.16
SRS1d,8/3/2006,-9999,38.003,0.19
SRS1d,8/6/2006,-9999,35.146,0.16
SRS1d,8/9/2006,-9999,37.293,0.17
SRS1d,8/12/2006,-9999,41.812,0.18
SRS1d,8/15/2006,-9999,38.78,0.16
SRS1d,8/18/2006,-9999,40.019,0.17
SRS1d,8/21/2006,-9999,64.627,0.16
SRS1d,8/24/2006,-9999,49.927,0.21
SRS1d,8/27/2006,-9999,44.702,0.23
SRS1d,8/30/2006,-9999,46.951,0.35
SRS1d,9/1/2006,-9999,48.307,0.23
SRS1d,9/4/2006,-9999,41.301,0.19
SRS1d,9/7/2006,-9999,35.42,0.13
SRS1d,9/10/2006,-9999,33.278,0.25
SRS1d,9/13/2006,-9999,36.197,0.28
SRS1d,9/16/2006,-9999,50.297,0.26
SRS1d,9/19/2006,-9999,39.209,0.39
SRS1d,9/21/2006,-9999,28.742,0.39
SRS1d,9/24/2006,-9999,22.07,0.12
SRS1d,9/27/2006,-9999,19.78,0.15
SRS1d,9/30/2006,-9999,23.075,0.15
SRS1d,10/3/2006,-9999,23.946,0.11
SRS1d,10/6/2006,-9999,25.128,0.16
SRS1d,10/9/2006,-9999,29.575,0.15
SRS1d,10/12/2006,-9999,41.754,0.38
SRS1d,10/15/2006,-9999,41.346,0.44
SRS1d,10/18/2006,-9999,41.723,0.37
SRS1d,10/21/2006,-9999,43.49,0.34
SRS1d,10/24/2006,-9999,43.74,0.28
SRS1d,10/27/2006,-9999,40.379,0.23
SRS1d,10/30/2006,-9999,36.908,0.26
SRS1d,11/2/2006,-9999,41.368,0.29
SRS1d,11/5/2006,-9999,39.859,0.24
SRS1d,11/8/2006,-9999,41.832,0.28
SRS1d,11/11/2006,-9999,40.799,0.26
SRS1d,11/13/2006,-9999,41.831,0.24
SRS1d,11/16/2006,-9999,53.649,0.33
SRS1d,11/19/2006,-9999,65.65,-9999
SRS1d,11/22/2006,-9999,56.231,0.4
SRS1d,11/25/2006,-9999,52.219,0.39
SRS1d,11/28/2006,-9999,54.897,0.34
SRS1d,12/1/2006,-9999,56.002,0.34
SRS1d,12/4/2006,-9999,57.132,0.34
SRS1d,12/7/2006,-9999,56.494,0.31
SRS1d,12/13/2006,-9999,58.686,0.25
SRS1d,12/19/2006,-9999,62.065,0.2
SRS1d,12/25/2006,-9999,71.799,0.22
SRS1d,12/31/2006,-9999,63.522,0.49
SRS1d,1/6/2007,-9999,69.269,0.25
SRS1d,1/12/2007,-9999,59.627,0.27
SRS1d,1/18/2007,-9999,62.54,0.23
SRS1d,1/24/2007,-9999,43.29,0.24
SRS1d,1/30/2007,-9999,45.688,0.16
SRS1d,2/4/2007,-9999,66.924,0.17
SRS1d,2/10/2007,-9999,50.1,0.19
SRS1d,2/16/2007,-9999,55.351,0.2
SRS1d,2/22/2007,-9999,57.262,0.18
SRS1d,2/28/2007,-9999,67.297,0.19
SRS1d,3/6/2007,-9999,62.752,0.2
SRS1d,3/12/2007,-9999,66.091,0.21
SRS1d,3/18/2007,-9999,72.809,0.2
SRS1d,3/22/2007,-9999,54.808,0.19
SRS1d,3/28/2007,-9999,50.637,0.21
SRS1d,4/3/2007,-9999,64.945,0.26
SRS1d,4/9/2007,-9999,61.188,0.23
SRS1d,4/15/2007,-9999,53.004,0.25
SRS1d,4/21/2007,-9999,31.137,0.18
SRS1d,4/26/2007,-9999,48.112,0.23
SRS1d,5/3/2007,-9999,80.188,0.22
SRS1d,5/9/2007,-9999,98.255,-9999
SRS1d,5/15/2007,-9999,107.804,0.35
SRS1d,5/21/2007,-9999,87.077,0.2
SRS1d,5/27/2007,-9999,116.772,1.33
SRS1d,6/2/2007,-9999,97.775,1.36
SRS1d,6/8/2007,-9999,96.618,1.11
SRS1d,6/14/2007,-9999,132.465,1.19
SRS1d,6/20/2007,-9999,79.813,1.21
SRS1d,6/26/2007,-9999,93.111,0.11
SRS1d,7/2/2007,-9999,75.699,0.11
SRS1d,7/8/2007,-9999,60.857,0.11
SRS1d,7/14/2007,-9999,63.547,0.14
SRS1d,7/20/2007,-9999,61.162,0.16
SRS1d,7/26/2007,-9999,58.592,0.18
SRS1d,8/1/2007,-9999,55.805,0.13
SRS1d,8/7/2007,-9999,51.084,0.2
SRS1d,8/11/2007,-9999,42.77,0.12
SRS1d,8/17/2007,-9999,33.38,0.1
SRS1d,8/23/2007,-9999,40.45,0.14
SRS1d,8/29/2007,-9999,45.465,0.12
SRS1d,9/4/2007,-9999,57.825,0.16
SRS1d,9/8/2007,-9999,60.765,0.53
SRS1d,9/14/2007,-9999,47.212,0.49
SRS1d,9/20/2007,-9999,35.361,0.37
SRS1d,9/26/2007,-9999,41.074,0.51
SRS1d,10/2/2007,-9999,29.901,0.32
SRS1d,10/8/2007,-9999,32.685,0.26
SRS1d,10/14/2007,-9999,40.356,0.16
SRS1d,10/20/2007,-9999,41.196,0.14
SRS1d,10/26/2007,-9999,36.432,0.18
SRS1d,11/1/2007,-9999,46.849,0.16
SRS1d,11/7/2007,-9999,59.15,0.2
SRS1d,11/13/2007,-9999,61.342,0.25
SRS1d,11/19/2007,-9999,60.763,0.29
SRS1d,11/25/2007,-9999,56.057,0.15
SRS1d,12/1/2007,-9999,60.102,0.16
SRS1d,12/5/2007,-9999,54.879,0.13
SRS1d,12/11/2007,-9999,54.639,0.46
SRS1d,12/17/2007,-9999,59.801,0.21
SRS1d,12/23/2007,-9999,54.196,0.12
SRS1d,12/29/2007,-9999,62.73,0.16
SRS1d,1/4/2008,-9999,76.252,0.19
SRS1d,1/10/2008,-9999,73.512,0.14
SRS1d,1/16/2008,-9999,132.659,0.1
SRS1d,1/22/2008,-9999,137.096,0.1
SRS1d,1/28/2008,-9999,142.075,0.11
SRS1d,2/3/2008,-9999,154.766,0.09
SRS1d,2/9/2008,-9999,179.575,0.11
SRS1d,2/15/2008,-9999,196.268,0.28
SRS1d,2/21/2008,-9999,208.345,0.08
SRS1d,2/27/2008,-9999,205.793,0.15
SRS1d,3/2/2008,-9999,198.077,0.15
SRS1d,3/8/2008,-9999,199.797,0.22
SRS1d,3/14/2008,-9999,225.65,0.21
SRS1d,3/26/2008,-9999,220.47,0.2
SRS1d,3/31/2008,-9999,195.795,0.17
SRS1d,4/10/2008,-9999,105.707,0.14
SRS1d,4/16/2008,-9999,77.081,0.13
SRS1d,4/22/2008,-9999,81.758,0.08
SRS1d,4/28/2008,-9999,83.304,0.1
SRS1d,5/4/2008,-9999,86.116,0.09
SRS1d,5/10/2008,-9999,91.709,0.1
SRS1d,5/16/2008,-9999,114.682,0.15
SRS1d,5/20/2008,-9999,115.708,0.13
SRS1d,5/26/2008,-9999,63.643,0.58
SRS1d,6/1/2008,-9999,53.039,0.62
SRS1d,6/7/2008,-9999,44.232,0.64
SRS1d,6/13/2008,-9999,45.546,0.59
SRS1d,6/19/2008,-9999,35.375,0.52
SRS1d,6/24/2008,-9999,29.187,0.28
SRS1d,6/30/2008,-9999,24.551,0.2
SRS1d,7/6/2008,-9999,27.054,0.23
SRS1d,7/12/2008,-9999,36.37,0.31
SRS1d,7/18/2008,-9999,43.322,0.38
SRS1d,7/24/2008,-9999,43.046,0.43
SRS1d,7/30/2008,-9999,38.456,0.37
SRS1d,8/5/2008,-9999,32.905,0.38
SRS1d,8/9/2008,-9999,19.59,0.36
SRS1d,8/15/2008,-9999,37.476,0.38
SRS1d,8/21/2008,-9999,30.804,0.34
SRS1d,8/27/2008,-9999,24.572,0.45
SRS1d,9/2/2008,-9999,28.844,-9999
SRS1d,9/8/2008,-9999,33.951,0.25
SRS1d,9/14/2008,-9999,21.615,0.38
SRS1d,9/18/2008,-9999,19.133,0.18
SRS1d,9/24/2008,-9999,19.281,0.13
SRS1d,9/30/2008,-9999,18.396,0.12
SRS1d,10/5/2008,-9999,16.364,0.13
SRS1d,10/12/2008,-9999,20.268,0.18
SRS1d,10/18/2008,-9999,22.415,0.11
SRS1d,10/24/2008,-9999,19.694,0.13
SRS1d,10/30/2008,-9999,24.377,0.13
SRS1d,11/3/2008,-9999,23.341,0.13
SRS1d,11/9/2008,-9999,19.855,0.13
SRS1d,11/15/2008,-9999,21.377,0.2
SRS1d,11/21/2008,-9999,27.858,0.59
SRS1d,11/27/2008,-9999,34.351,0.3
SRS1d,12/2/2008,-9999,41.762,0.12
SRS1d,12/8/2008,-9999,83.713,-9999
SRS1d,12/14/2008,-9999,57.142,0.44
SRS1d,12/20/2008,-9999,46.964,0.75
SRS1d,12/26/2008,-9999,31.474,0.18
SRS1d,1/1/2009,-9999,36.755,0.18
SRS1d,1/5/2009,-9999,39.415,0.15
SRS1d,1/11/2009,-9999,147.589,-9999
SRS1d,1/17/2009,-9999,85.805,0.36
SRS1d,1/23/2009,-9999,95.795,0.49
SRS1d,1/29/2009,-9999,87.25,0.33
SRS1d,2/2/2009,-9999,125.187,-9999
SRS1d,2/8/2009,-9999,111.094,0.2
SRS1d,2/14/2009,-9999,116.703,0.22
SRS1d,2/20/2009,-9999,130.177,0.19
SRS1d,2/26/2009,-9999,131.498,0.16
SRS1d,3/2/2009,-9999,137.479,0.26
SRS1d,3/8/2009,-9999,261.963,0.23
SRS1d,3/14/2009,-9999,126.254,0.3
SRS1d,3/20/2009,-9999,130.74,0.4
SRS1d,3/26/2009,-9999,140.561,0.49
SRS1d,3/31/2009,-9999,167.441,0.58
SRS1d,6/5/2009,-9999,326.059,0.33
SRS1d,6/11/2009,-9999,288.272,0.26
SRS1d,6/17/2009,-9999,274.533,0.26
SRS1d,6/23/2009,-9999,240.911,0.15
SRS1d,6/28/2009,-9999,144.249,0.2
SRS1d,7/5/2009,-9999,104.662,0.21
SRS1d,7/11/2009,-9999,93.866,0.16
SRS1d,7/16/2009,-9999,81.516,0.15
SRS1d,7/22/2009,-9999,39.613,0.3
SRS1d,7/28/2009,-9999,46.578,0.24
SRS1d,8/3/2009,-9999,34.357,0.19
SRS1d,8/9/2009,-9999,51.845,-9999
SRS1d,8/13/2009,-9999,52.395,0.26
SRS1d,8/19/2009,-9999,51.484,0.33
SRS1d,8/25/2009,-9999,48.629,0.28
SRS1d,8/31/2009,-9999,45.221,0.29
SRS1d,9/6/2009,-9999,49.003,0.32
SRS1d,9/12/2009,-9999,10.562,0.16
SRS1d,9/18/2009,-9999,11.211,0.11
SRS1d,9/24/2009,-9999,12.127,0.12
SRS1d,9/30/2009,-9999,13.287,0.13
SRS1d,10/5/2009,-9999,22.833,0.13
SRS1d,10/11/2009,-9999,57.746,0.36
SRS1d,10/17/2009,-9999,57.784,0.2
SRS1d,10/23/2009,-9999,59.898,0.31
SRS1d,10/29/2009,-9999,59.427,0.25
SRS1d,11/4/2009,-9999,55.228,0.78
SRS1d,11/9/2009,-9999,50.412,0.3
SRS1d,11/15/2009,-9999,104.937,0.1
SRS1d,11/21/2009,-9999,103.593,0.09
SRS1d,11/27/2009,-9999,113.738,0.17
SRS1d,12/3/2009,-9999,98.773,0.08
SRS1d,12/7/2009,-9999,89.044,0.1
SRS1d,12/13/2009,-9999,146.049,0.17
SRS1d,12/19/2009,-9999,136.086,0.17
SRS1d,12/25/2009,-9999,132.048,0.2
SRS1d,12/31/2009,-9999,127.372,0.12
SRS1d,1/6/2010,-9999,123.506,0.18
SRS1d,1/12/2010,-9999,175.613,1.16
SRS1d,1/17/2010,-9999,65.316,0.31
SRS1d,1/23/2010,-9999,60.464,0.38
SRS1d,1/29/2010,-9999,62.725,0.5
SRS1d,2/7/2010,-9999,1100.703,0.21
SRS1d,2/13/2010,-9999,105.351,0.14
SRS1d,2/19/2010,-9999,107.69,0.1
SRS1d,2/25/2010,-9999,109.418,0.14
SRS1d,3/3/2010,-9999,129.173,0.07
SRS1d,3/9/2010,-9999,129.635,0.13
SRS1d,3/13/2010,-9999,127.303,0.22
SRS1d,3/19/2010,-9999,147.42,0.2
SRS1d,3/25/2010,-9999,163.309,0.17
SRS1d,3/31/2010,-9999,119.028,0.16
SRS1d,4/6/2010,-9999,123.992,0.19
SRS1d,4/10/2010,-9999,77.689,0.45
SRS1d,4/16/2010,-9999,80.667,0.15
SRS1d,4/22/2010,-9999,82.797,0.81
SRS1d,4/28/2010,-9999,79.79,0.34
SRS1d,5/4/2010,-9999,73.552,0.41
SRS1d,5/8/2010,-9999,106.404,0.17
SRS1d,5/14/2010,-9999,106.331,0.27
SRS1d,5/20/2010,-9999,117.326,0.44
SRS1d,5/26/2010,-9999,99.966,0.39
SRS1d,6/1/2010,-9999,109.061,0.2
SRS1d,6/7/2010,-9999,104.612,0.21
SRS1d,6/13/2010,-9999,76.229,0.26
SRS1d,6/19/2010,-9999,56.436,0.23
SRS1d,6/25/2010,-9999,54.828,0.15
SRS1d,7/1/2010,-9999,56.168,0.17
SRS1d,7/6/2010,-9999,54.253,0.16
SRS1d,7/13/2010,-9999,39.503,0.14
SRS1d,7/19/2010,-9999,40.742,0.15
SRS1d,7/25/2010,-9999,47.169,0.49
SRS1d,7/31/2010,-9999,43.537,0.12
SRS1d,8/6/2010,-9999,37.799,0.12
SRS1d,8/12/2010,-9999,49.019,0.12
SRS1d,8/18/2010,-9999,51.123,0.11
SRS1d,8/24/2010,-9999,54.483,0.09
SRS1d,8/30/2010,-9999,45.332,0.09
SRS1d,9/5/2010,-9999,48.932,0.09
SRS1d,9/10/2010,-9999,52.791,0.16
SRS1d,9/16/2010,-9999,55.408,0.13
SRS1d,9/22/2010,-9999,73.06,0.34
SRS1d,9/28/2010,-9999,60.187,0.19
SRS1d,10/3/2010,-9999,55.758,0.18
SRS1d,10/10/2010,-9999,40.28,0.07
SRS1d,10/16/2010,-9999,26.67,0.08
SRS1d,10/22/2010,-9999,28.471,0.2
SRS1d,10/28/2010,-9999,33.579,0.13
SRS1d,11/1/2010,-9999,42.915,0.12
SRS1d,11/7/2010,-9999,42.475,0.08
SRS1d,11/13/2010,-9999,41.663,0.07
SRS1d,11/19/2010,-9999,31.09,0.09
SRS1d,11/25/2010,-9999,38.417,0.08
SRS1d,11/30/2010,-9999,36.286,0.08
SRS1d,12/7/2010,-9999,32.157,0.17
SRS1d,12/13/2010,-9999,31.572,0.13
SRS1d,12/19/2010,-9999,41.574,0.16
SRS1d,12/25/2010,-9999,40.638,0.14
SRS1d,12/31/2010,-9999,47.529,0.18
SRS1d,1/4/2011,-9999,55.843,0.22
SRS1d,1/10/2011,-9999,92.554,0.19
SRS1d,1/16/2011,-9999,107.541,0.21
SRS1d,1/22/2011,-9999,99.346,0.21
SRS1d,1/28/2011,-9999,99.328,0.22
SRS1d,2/2/2011,-9999,97.918,0.19
SRS1d,2/8/2011,-9999,85.52,0.15
SRS1d,2/14/2011,-9999,75.194,0.15
SRS1d,2/20/2011,-9999,79.571,0.23
SRS1d,2/26/2011,-9999,94.729,0.21
SRS1d,3/4/2011,-9999,168.04,0.14
SRS1d,3/10/2011,-9999,158.501,0.16
SRS1d,3/16/2011,-9999,232.565,2.02
SRS1d,7/25/2011,-9999,199.669,0.2
SRS1d,7/31/2011,-9999,133.165,0.19
SRS1d,8/5/2011,-9999,124.92,0.19
SRS1d,8/11/2011,-9999,91.859,0.14
SRS1d,8/17/2011,-9999,81.145,0.11
SRS1d,8/23/2011,-9999,68.235,0.12
SRS1d,8/29/2011,-9999,78.458,0.15
SRS1d,9/4/2011,-9999,77.001,0.13
SRS1d,9/10/2011,-9999,75.97,0.22
SRS1d,9/16/2011,-9999,88.334,0.16
SRS1d,9/22/2011,-9999,81.802,0.19
SRS1d,9/28/2011,-9999,78.009,0.15
SRS1d,10/4/2011,-9999,85.281,0.19
SRS1d,10/10/2011,-9999,92.54,0.17
SRS1d,10/15/2011,-9999,60.497,0.47
SRS1d,10/21/2011,-9999,52.475,0.26
SRS1d,10/27/2011,-9999,57.038,0.32
SRS1d,11/2/2011,-9999,51.069,0.3
SRS1d,11/7/2011,-9999,53.062,0.45
SRS1d,11/13/2011,-9999,70.886,0.31
SRS1d,11/19/2011,-9999,68.261,0.26
SRS1d,11/25/2011,-9999,68.825,0.48
SRS1d,12/1/2011,-9999,62.37,0.37
SRS1d,12/7/2011,-9999,69.721,0.34
SRS1d,12/13/2011,-9999,65.631,0.35
SRS1d,12/17/2011,-9999,80.202,0.21
SRS1d,12/23/2011,-9999,74.429,0.22
SRS1d,12/29/2011,-9999,79.985,0.24
SRS1d,1/4/2012,-9999,87.485,0.55
SRS1d,1/10/2012,-9999,74.874,0.34
SRS1d,1/16/2012,-9999,61.515,0.28
SRS1d,1/22/2012,-9999,61.076,0.22
SRS1d,1/28/2012,-9999,68.963,0.32
SRS1d,2/1/2012,-9999,69.706,0.29
SRS1d,2/7/2012,-9999,100.085,-9999
SRS1d,2/12/2012,-9999,89.165,-9999
SRS1d,3/10/2012,-9999,116.546,0.24
SRS1d,3/16/2012,-9999,175.233,0.26
SRS1d,3/22/2012,-9999,202.274,1.63
SRS1d,3/28/2012,-9999,168.921,0.28
SRS1d,4/24/2012,-9999,205.298,0.34
SRS1d,4/30/2012,-9999,114.195,0.38
SRS1d,5/6/2012,-9999,95.833,0.37
SRS1d,5/10/2012,-9999,98.285,0.22
SRS1d,5/16/2012,-9999,160.926,0.66
SRS1d,5/22/2012,-9999,83.018,0.17
SRS1d,5/28/2012,-9999,60.687,0.21
SRS1d,6/3/2012,-9999,58.773,0.2
SRS1d,6/9/2012,-9999,56.294,0.19
SRS1d,6/15/2012,-9999,68.608,0.25
SRS1d,6/17/2012,-9999,65.375,0.33
SRS1d,6/25/2012,-9999,65.82,0.19
SRS1d,7/1/2012,-9999,65.601,0.18
SRS1d,7/7/2012,-9999,80.216,0.19
SRS1d,7/13/2012,-9999,84.798,0.21
SRS1d,7/16/2012,-9999,73.861,0.19
SRS1d,7/23/2012,-9999,66.85,0.15
SRS1d,7/29/2012,-9999,75.801,0.12
SRS1d,8/4/2012,-9999,84.018,0.15
SRS1d,8/10/2012,-9999,77.256,0.19
SRS1d,8/14/2012,-9999,73.477,0.21
SRS1d,8/20/2012,-9999,106.53,0.16
SRS1d,8/26/2012,-9999,85.541,0.18
SRS1d,9/1/2012,-9999,84.077,0.27
SRS1d,9/7/2012,-9999,84.043,0.13
SRS1d,9/13/2012,-9999,73.888,0.18
SRS1d,9/17/2012,-9999,55.849,0.19
SRS1d,9/23/2012,-9999,53.483,0.14
SRS1d,9/29/2012,-9999,46.724,0.15
SRS1d,10/5/2012,-9999,40.645,0.15
SRS1d,10/10/2012,-9999,44.994,0.23
SRS1d,10/16/2012,-9999,42.815,0.12
SRS1d,10/22/2012,-9999,48.715,0.17
SRS1d,10/28/2012,-9999,45.651,0.14
SRS1d,11/1/2012,-9999,45.059,0.15
SRS1d,11/7/2012,-9999,47.201,0.21
SRS1d,11/13/2012,-9999,50.374,0.29
SRS1d,11/19/2012,-9999,50.531,0.35
SRS1d,11/25/2012,-9999,44.744,0.23
SRS1d,12/1/2012,-9999,50.227,0.22
SRS1d,12/7/2012,-9999,53.197,0.24
SRS1d,12/13/2012,-9999,54.831,0.23
SRS1d,12/17/2012,-9999,54.489,0.31
SRS1d,12/23/2012,-9999,46.093,0.26
SRS1d,12/29/2012,-9999,50.654,0.28
SRS1d,1/4/2013,-9999,56.769,0.47
SRS1d,1/8/2013,-9999,57.674,0.36
SRS1d,1/14/2013,-9999,109.181,0.4
SRS1d,1/20/2013,-9999,115.168,0.33
SRS1d,1/26/2013,-9999,110.451,0.31
SRS1d,2/1/2013,-9999,110.064,0.32
SRS1d,2/7/2013,-9999,113.463,0.33
SRS1d,2/12/2013,-9999,105.177,0.37
SRS1d,2/18/2013,-9999,111.359,0.13
SRS1d,2/24/2013,-9999,-9999,-9999
SRS1d,3/2/2013,-9999,116.35,0.19
SRS1d,3/7/2013,-9999,100.529,0.79
SRS1d,3/13/2013,-9999,103.847,0.81
SRS1d,3/19/2013,-9999,114.82,0.87
SRS1d,3/25/2013,-9999,121.48,0.86
SRS1d,3/31/2013,-9999,130.37,0.9
SRS1d,4/4/2013,-9999,200.559,1.08
SRS1d,4/10/2013,-9999,138.282,0.51
SRS1d,4/16/2013,-9999,137.589,0.5
SRS1d,4/22/2013,-9999,141.152,0.36
SRS1d,4/28/2013,-9999,160.063,0.26
SRS1d,5/4/2013,-9999,126.689,0.29
SRS1d,5/8/2013,-9999,129.763,0.39
SRS1d,5/14/2013,-9999,129.838,0.25
SRS1d,5/20/2013,-9999,120.331,0.22
SRS1d,5/26/2013,-9999,108.073,0.42
SRS1d,6/1/2013,-9999,90.958,0.23
SRS1d,6/7/2013,-9999,85.04,0.25
SRS1d,6/13/2013,-9999,79.729,0.14
SRS1d,6/19/2013,-9999,65.399,0.23
SRS1d,6/23/2013,-9999,51.673,0.19
SRS1d,6/29/2013,-9999,50.076,0.32
SRS1d,7/5/2013,-9999,53.447,0.22
SRS1d,7/11/2013,-9999,55.087,0.22
SRS1d,7/18/2013,-9999,45.719,0.3
SRS1d,7/24/2013,-9999,43.341,0.29
SRS1d,7/30/2013,-9999,47.748,0.15
SRS1d,8/5/2013,-9999,50.166,0.15
SRS1d,8/11/2013,-9999,52.451,0.15
SRS1d,8/16/2013,-9999,56.735,0.22
SRS1d,8/22/2013,-9999,66.118,0.25
SRS1d,8/28/2013,-9999,66.123,0.15
SRS1d,9/3/2013,-9999,63.358,0.18
SRS1d,9/9/2013,-9999,53.309,0.23
SRS1d,9/15/2013,-9999,42.882,0.15
SRS1d,9/21/2013,-9999,39.624,0.16
SRS1d,9/27/2013,-9999,45.789,0.2
SRS1d,10/3/2013,-9999,40.591,0.15
SRS1d,10/9/2013,-9999,40.083,0.18
SRS1d,10/15/2013,-9999,46.575,0.19
SRS1d,10/21/2013,-9999,44.89,0.21
SRS1d,10/27/2013,-9999,44.573,0.19
SRS1d,11/2/2013,-9999,32.28,0.12
SRS1d,11/7/2013,-9999,44.342,0.17
SRS1d,11/13/2013,-9999,55.686,0.16
SRS1d,11/19/2013,-9999,64.49,0.2
SRS1d,11/25/2013,-9999,55.601,0.12
SRS1d,12/1/2013,-9999,53.859,0.17
SRS1d,12/7/2013,-9999,46.39,0.14
SRS1d,12/10/2013,-9999,48.141,0.16
SRS1d,1/17/2014,-9999,102.29,0.77
SRS1d,1/23/2014,-9999,62.458,0.2
SRS1d,1/29/2014,-9999,61.54,0.17
SRS1d,2/4/2014,-9999,56.489,0.22
SRS1d,2/8/2014,-9999,61.969,1.38
SRS1d,2/14/2014,-9999,61.784,1.39
SRS1d,2/20/2014,-9999,58.5,1.75
SRS1d,2/26/2014,-9999,60.095,1.65
SRS1d,3/4/2014,-9999,53.005,1.68
SRS1d,3/9/2014,-9999,63.097,0.32
SRS1d,3/15/2014,-9999,60.772,0.33
SRS1d,3/21/2014,-9999,71.465,0.29
SRS1d,3/27/2014,-9999,76.925,0.27
SRS1d,4/1/2014,-9999,80.674,0.32
SRS1d,4/7/2014,-9999,101.197,0.2
SRS1d,4/13/2014,-9999,98.552,0.18
SRS1d,4/19/2014,-9999,103.66,0.25
SRS1d,4/25/2014,-9999,74.684,0.25
SRS1d,5/1/2014,-9999,96.149,0.33
SRS1d,5/7/2014,-9999,105.149,0.4
SRS1d,5/12/2014,-9999,141.829,0.48
SRS1d,5/18/2014,-9999,280.36,0.85
SRS1d,5/19/2014,-9999,379.456,1.35
SRS1d,6/17/2014,-9999,199.017,0.99
SRS1d,6/23/2014,-9999,144.641,0.79
SRS1d,6/29/2014,-9999,115.733,0.63
SRS1d,7/5/2014,-9999,111.26,0.54
SRS1d,7/11/2014,-9999,92.302,0.72
SRS1d,7/16/2014,-9999,91.424,0.56
SRS1d,7/22/2014,-9999,89.494,0.16
SRS1d,7/28/2014,-9999,79.783,0.13
SRS1d,8/3/2014,-9999,90.621,0.26
SRS1d,8/9/2014,-9999,77.802,0.43
SRS1d,8/14/2014,-9999,70.777,0.35
SRS1d,8/21/2014,-9999,62.06,0.26
SRS1d,8/27/2014,-9999,70.362,0.33
SRS1d,9/2/2014,-9999,63.152,0.22
SRS1d,9/8/2014,-9999,61.848,0.2
SRS1d,9/14/2014,-9999,53.273,0.35
SRS1d,9/18/2014,-9999,46.492,0.14
SRS1d,9/24/2014,-9999,51.086,0.16
SRS1d,9/30/2014,-9999,50.346,0.18
SRS1d,10/6/2014,-9999,62.635,0.16
SRS1d,10/12/2014,-9999,57.407,0.2
SRS1d,10/18/2014,-9999,65.872,0.17
SRS1d,10/24/2014,-9999,59.949,0.12
SRS1d,10/30/2014,-9999,62.655,0.1
SRS1d,11/5/2014,-9999,66.524,0.14
SRS1d,11/10/2014,-9999,70.949,0.13
SRS1d,11/16/2014,-9999,71.783,0.18
SRS1d,11/22/2014,-9999,78.387,0.11
SRS1d,11/28/2014,-9999,76.563,0.11
SRS1d,12/4/2014,-9999,74.101,0.21
SRS1d,12/10/2014,-9999,52.106,0.13
SRS1d,12/16/2014,-9999,54.164,0.1
SRS1d,12/22/2014,-9999,51.531,0.1
SRS1d,12/28/2014,-9999,57.609,0.11
SRS1d,1/3/2015,-9999,63.142,0.1
SRS1d,1/9/2015,-9999,59.25,0.13
SRS1d,1/13/2015,-9999,59.048,0.2
SRS1d,1/19/2015,-9999,63.673,0.33
SRS1d,1/25/2015,-9999,66.606,0.29
SRS1d,1/31/2015,-9999,62.64,0.29
SRS1d,2/5/2015,-9999,70.053,0.26
SRS1d,2/11/2015,-9999,81.679,0.21
SRS1d,2/17/2015,-9999,75.16,0.25
SRS1d,2/23/2015,-9999,77.556,0.3
SRS1d,3/1/2015,-9999,83.198,0.41
SRS1d,3/5/2015,-9999,148.002,0.33
SRS1d,3/11/2015,-9999,188.732,0.34
SRS1d,3/15/2015,-9999,192.26,0.35
SRS1d,5/2/2015,-9999,183.827,0.63
SRS1d,8/17/2015,-9999,-9999,0.53
SRS1d,8/23/2015,-9999,248.644,0.34
SRS1d,9/4/2015,-9999,158.042,0.37
SRS1d,9/10/2015,-9999,-9999,-9999
SRS1d,9/16/2015,-9999,163.963,0.48
SRS1d,9/20/2015,-9999,119.578,0.33
SRS1d,9/21/2015,-9999,96.158,0.26
SRS1d,10/8/2015,-9999,81.539,0.42
SRS1d,10/13/2015,-9999,85.571,0.41
SRS1d,10/20/2015,-9999,72.191,0.28
SRS1d,10/26/2015,-9999,76.35,0.28
SRS1d,11/1/2015,-9999,72.753,0.32
SRS1d,11/6/2015,-9999,78.679,0.25
SRS1d,11/12/2015,-9999,71.197,0.29
SRS1d,11/18/2015,-9999,71.304,0.17
SRS1d,11/24/2015,-9999,69.331,0.16
SRS1d,11/30/2015,-9999,64.902,0.16
SRS1d,12/6/2015,-9999,57.769,0.24
SRS1d,12/12/2015,-9999,60.65,0.29
SRS1d,12/18/2015,-9999,62.091,0.2
SRS1d,12/24/2015,-9999,72.819,0.29
SRS1d,12/30/2015,-9999,63.667,0.24
SRS1d,1/5/2016,-9999,67.154,0.26
SRS1d,1/10/2016,-9999,59.753,0.19
SRS1d,1/16/2016,-9999,55.064,0.19
SRS1d,1/22/2016,-9999,52.671,0.2
SRS1d,1/28/2016,-9999,49.811,0.19
SRS1d,2/2/2016,-9999,46.134,0.18
SRS1d,2/8/2016,-9999,47.647,0.22
SRS1d,2/14/2016,-9999,48.35,0.21
SRS1d,2/20/2016,-9999,50.878,0.22
SRS1d,2/26/2016,-9999,51.19,0.21
SRS1d,3/2/2016,-9999,52.707,0.25
SRS1d,3/14/2016,-9999,59.675,0.23
SRS1d,3/20/2016,-9999,65.1,0.24
SRS1d,3/26/2016,-9999,54.857,0.24
SRS1d,4/1/2016,-9999,61.567,0.17
SRS1d,4/5/2016,-9999,63.361,0.23
SRS1d,4/11/2016,-9999,68.722,0.27
SRS1d,4/17/2016,-9999,64.9,0.29
SRS1d,4/23/2016,-9999,66.332,0.28
SRS1d,4/29/2016,-9999,65.753,0.31
SRS1d,5/5/2016,-9999,62.05,0.25
SRS1d,5/10/2016,-9999,59.248,0.28
SRS1d,5/16/2016,-9999,55.531,0.23
SRS1d,5/22/2016,-9999,67.539,0.23
SRS1d,5/28/2016,-9999,77.019,0.21
SRS1d,6/3/2016,-9999,75.664,0.21
SRS1d,6/9/2016,-9999,70.001,0.2
SRS1d,6/15/2016,-9999,100.52,0.19
SRS1d,6/21/2016,-9999,88.028,0.19
SRS1d,6/27/2016,-9999,79.487,0.2
SRS1d,7/3/2016,-9999,90.882,0.17
SRS1d,7/9/2016,-9999,47.62,0.17
SRS1d,7/15/2016,-9999,53.945,0.27
SRS1d,7/19/2016,-9999,47.512,0.19
SRS1d,7/25/2016,-9999,129.385,0.14
SRS1d,7/31/2016,-9999,122.476,0.14
SRS1d,8/6/2016,-9999,116.801,0.14
SRS1d,8/12/2016,-9999,104.384,0.15
SRS1d,8/18/2016,-9999,58.888,0.21
SRS1d,8/24/2016,-9999,60.715,0.13
SRS1d,8/30/2016,-9999,52.388,0.12
SRS1d,9/5/2016,-9999,46.858,0.12
SRS1d,9/11/2016,-9999,48.919,0.17
SRS1d,9/17/2016,-9999,33.913,0.18
SRS1d,9/23/2016,-9999,39.818,0.18
SRS1d,9/29/2016,-9999,43.084,0.2
SRS1d,10/5/2016,-9999,43.519,0.18
SRS1d,10/11/2016,-9999,42.037,0.19
SRS1d,10/17/2016,-9999,39.02,0.22
SRS1d,10/23/2016,-9999,49.474,0.23
SRS1d,10/29/2016,-9999,46.569,0.15
SRS1d,11/2/2016,-9999,47.2,0.21
SRS1d,11/8/2016,-9999,48.768,0.18
SRS1d,11/14/2016,-9999,50.597,0.21
SRS1d,11/20/2016,-9999,51.103,0.29
SRS1d,11/26/2016,-9999,55.668,0.25
SRS1d,12/1/2016,-9999,60.534,0.28
SRS1d,12/7/2016,-9999,64.194,0.81
SRS1d,12/13/2016,-9999,67.371,0.41
SRS1d,12/19/2016,-9999,70.789,0.58
SRS1d,12/25/2016,-9999,71.495,-9999
SRS1d,12/31/2016,-9999,75.81,0.54
SRS1d,1/5/2017,-9999,90.969,0.6
SRS1d,1/11/2017,-9999,82.77,0.31
SRS1d,1/17/2017,-9999,81.651,0.34
SRS1d,1/23/2017,-9999,101.338,0.41
SRS1d,1/29/2017,-9999,98.075,0.47
SRS1d,2/4/2017,-9999,98.735,0.36
SRS1d,2/10/2017,-9999,97.112,0.37
SRS1d,2/16/2017,-9999,107.355,1.93
SRS1d,2/22/2017,-9999,114.589,0.39
SRS1d,2/28/2017,-9999,117.604,0.47
SRS1d,3/6/2017,-9999,118.683,0.5
SRS1d,3/10/2017,-9999,122.419,0.62
SRS1d,3/16/2017,-9999,117.97,0.6
SRS1d,3/22/2017,-9999,112.062,0.45
SRS1d,3/28/2017,-9999,117.661,0.68
SRS1d,4/3/2017,-9999,120.849,0.56
SRS1d,4/9/2017,-9999,128.367,0.61
SRS1d,4/15/2017,-9999,95.304,0.39
SRS1d,4/20/2017,-9999,118.056,0.58
SRS1d,4/27/2017,-9999,124.164,0.36
SRS1d,5/3/2017,-9999,154.758,0.35
SRS1d,5/7/2017,0.4,130.952,0.45
SRS1d,5/8/2017,0.3,125.87,0.57
SRS1d,6/6/2017,0.2,129.696,0.74
SRS1d,6/12/2017,0.2,91.868,0.42
SRS1d,6/18/2017,0.2,67.522,0.72
SRS1d,6/22/2017,0.2,114.507,3.14
SRS1d,6/28/2017,0.2,64.126,0.77
SRS1d,7/4/2017,0.2,67.134,0.76
SRS1d,7/10/2017,0.2,67.559,0.72
SRS1d,7/16/2017,0.2,61.369,0.69
SRS1d,7/21/2017,0.2,75.075,0.43
SRS1d,7/27/2017,0.2,77.523,0.39
SRS1d,8/2/2017,0.2,64.506,0.74
SRS1d,8/8/2017,0.2,68.373,0.74
SRS1d,8/14/2017,0.2,72.441,1.34
SRS1d,8/20/2017,0.2,66.983,1.4
SRS1d,8/26/2017,0.2,68.889,1.24
SRS1d,9/1/2017,0.2,69.48,1.01
SRS1d,9/7/2017,0.2,71.533,1.19
SRS1d,9/13/2017,0.2,89.72,1.18
SRS1d,9/19/2017,0.2,57.595,0.84
SRS1d,9/25/2017,0.2,54.682,1.12
SRS1d,9/29/2017,0.2,61.177,1.44
SRS1d,10/5/2017,0.2,49.036,1.15
SRS1d,10/10/2017,0.2,46.881,0.45
SRS1d,10/16/2017,0.2,43.252,0.36
SRS1d,10/22/2017,0.2,49.846,0.33
SRS1d,10/28/2017,0.1,42.848,0.3
SRS1d,11/3/2017,0.2,39.868,0.33
SRS1d,11/7/2017,0.2,46.286,0.36
SRS1d,11/13/2017,0.2,38.608,0.65
SRS1d,11/19/2017,0.2,37.927,0.47
SRS1d,11/25/2017,0.2,36.895,0.44
SRS1d,12/1/2017,0.2,38.362,0.45
SRS1d,12/5/2017,0.2,40.301,0.45
SRS1d,12/11/2017,0.2,74.408,0.7
SRS1d,12/17/2017,0.2,71.451,0.65
SRS1d,12/23/2017,0.2,69.739,0.64
SRS1d,12/29/2017,0.2,74.593,0.54
SRS1d,1/4/2018,0.2,74.641,0.52
SRS1d,1/9/2018,0.3,77.086,0.72
SRS1d,1/15/2018,0.3,74.87,0.32
SRS1d,1/21/2018,0.3,74.086,0.34
SRS1d,1/27/2018,0.3,80.411,0.49
SRS1d,2/2/2018,0.3,91.559,0.77
SRS1d,2/8/2018,0.3,71.364,0.26
SRS1d,2/14/2018,0.3,75.053,0.26
SRS1d,2/20/2018,0.3,74.793,0.25
SRS1d,2/26/2018,0.3,80.888,0.26
SRS1d,3/4/2018,0.3,80.713,0.27
SRS1d,3/8/2018,0.3,81.343,0.28
SRS1d,3/14/2018,0.3,88.442,1.2
SRS1d,3/20/2018,0.3,93.087,1.19
SRS1d,3/26/2018,0.3,108.924,1.47
SRS1d,4/1/2018,0.3,101.712,1.48
SRS1d,4/7/2018,0.4,125.733,1.32
SRS1d,4/12/2018,0.4,148.934,0.68
SRS1d,4/18/2018,0.4,165.482,0.6
SRS1d,4/24/2018,0.4,217.69,0.76
SRS1d,4/30/2018,0.5,246.812,1.15
SRS1d,5/10/2018,0.4,181.198,1.25
SRS1d,5/16/2018,0.4,201.898,0.44
SRS1d,5/22/2018,0.3,168.648,0.55
SRS1d,5/28/2018,0.2,127.739,0.6
SRS1d,6/3/2018,0.2,73.816,0.75
SRS1d,6/7/2018,0.2,152.359,1.01
SRS1d,6/13/2018,0.2,128.336,0.72
SRS1d,6/19/2018,0.2,122.025,0.62
SRS1d,6/25/2018,0.2,111.063,0.61
SRS1d,7/1/2018,0.2,84.169,0.58
SRS1d,7/7/2018,0.2,51.586,0.61
SRS1d,7/12/2018,0.2,54.686,0.62
SRS1d,7/18/2018,0.2,74.501,0.29
SRS1d,7/24/2018,0.2,85.396,0.28
SRS1d,7/30/2018,0.2,87.695,0.3
SRS1d,8/5/2018,0.2,84.307,0.32
SRS1d,8/10/2018,0.2,83.675,0.31
SRS1d,8/16/2018,0.2,58.349,0.45
SRS1d,8/22/2018,0.2,59.251,0.46
SRS1d,8/28/2018,0.3,67.722,0.45
SRS1d,9/3/2018,0.3,62.531,0.42
SRS1d,9/9/2018,0.2,57.503,0.43
SRS1d,9/13/2018,0.2,61.715,0.57
SRS1d,9/19/2018,0.2,70.386,0.32
SRS1d,9/25/2018,0.2,76.86,0.28
SRS1d,10/1/2018,0.2,75.669,0.21
SRS1d,10/7/2018,0.2,74.299,0.2
SRS1d,10/13/2018,0.2,78.946,0.22
SRS1d,10/18/2018,0.3,43.731,0.21
SRS1d,10/24/2018,0.3,42.484,0.25
SRS1d,10/30/2018,0.3,38.989,0.35
SRS1d,11/4/2018,0.3,94.672,1.13
SRS1d,11/10/2018,0.3,94.606,0.95
SRS1d,11/16/2018,0.3,94.907,1.06
SRS1d,11/22/2018,0.3,98.81,0.96
SRS1d,11/28/2018,0.3,99.808,0.92
SRS1d,12/4/2018,0.3,107.721,0.94
SRS1d,12/9/2018,0.3,64.941,0.91
SRS1d,12/15/2018,0.3,78.935,0.82
SRS1d,12/21/2018,0.3,84.53,0.81
SRS1d,12/27/2018,0.3,69.168,0.73
SRS1d,1/2/2019,0.3,123.89,0.8
SRS1d,1/8/2019,0.3,82.688,0.78
SRS1d,1/14/2019,0.3,126.021,0.55
SRS1d,1/20/2019,0.3,130.323,0.68
SRS1d,1/26/2019,0.3,123.873,0.57
SRS1d,2/1/2019,0.2,130.714,0.31
SRS1d,2/5/2019,0.3,122.227,0.36
SRS1d,2/11/2019,0.3,112.969,0.62
SRS1d,2/17/2019,0.2,106.969,0.59
SRS1d,2/23/2019,0.3,101.033,0.78
SRS1d,3/1/2019,0.3,100.739,0.61
SRS1d,3/7/2019,0.3,79.506,0.7
SRS1d,3/13/2019,0.3,82.092,0.7
SRS1d,3/19/2019,0.3,98.235,0.27
SRS1d,3/25/2019,0.3,95.307,0.28
SRS1d,3/31/2019,0.3,112.609,0.68
SRS1d,4/6/2019,0.3,115.214,0.75
SRS1d,4/12/2019,0.3,122.744,0.68
SRS1d,4/18/2019,0.4,124.697,0.71
SRS1d,4/24/2019,0.4,122.042,0.73
SRS1d,4/30/2019,0.4,127.947,0.71
SRS1d,5/5/2019,0.4,144.233,0.68
SRS1d,5/12/2019,0.4,130,0.27
SRS1d,5/18/2019,0.4,125,0.23
SRS1d,5/24/2019,0.3,87.857,0.23
SRS1d,5/30/2019,0.3,96.429,0.22
SRS1d,6/5/2019,0.3,115,0.25
SRS1d,6/9/2019,0.3,115.952,0.36
SRS1d,6/15/2019,0.2,89.524,0.33
SRS1d,6/21/2019,0.2,81.905,0.93
SRS1d,6/27/2019,0.3,76.429,0.45
SRS1d,7/1/2019,0.3,82.381,0.33
SRS1d,7/7/2019,0.3,83.571,0.21
SRS1d,7/13/2019,0.3,80,0.2
SRS1d,7/19/2019,0.3,93.571,0.27
SRS1d,7/25/2019,0.3,95.714,0.29
SRS1d,7/31/2019,0.3,91.429,0.21
SRS1d,8/6/2019,0.3,82.857,0.22
SRS1d,8/12/2019,0.3,75.714,0.45
SRS1d,8/18/2019,0.2,72.857,0.42
SRS1d,8/24/2019,0.3,80,0.59
SRS1d,8/30/2019,0.3,84.286,0.72
SRS1d,9/5/2019,0.3,85.714,0.45
SRS1d,9/10/2019,0.3,87.857,0.42
SRS1d,9/16/2019,0.3,91.667,0.76
SRS1d,9/22/2019,0.3,92.5,0.75
SRS1d,9/28/2019,0.3,97.381,0.79
SRS1d,10/4/2019,0.3,101.429,0.87
SRS1d,10/10/2019,0.3,98.095,0.8
SRS1d,10/16/2019,0.3,96.905,0.84
SRS1d,10/22/2019,0.3,94.286,0.5
SRS1d,10/28/2019,0.3,92.143,0.5
SRS1d,11/3/2019,0.3,89.286,0.48
SRS1d,11/9/2019,0.3,57.021,0.36
SRS1d,11/15/2019,0.3,57.229,0.41
SRS1d,11/21/2019,0.3,54.831,0.45
SRS1d,11/27/2019,0.3,60.68,0.44
SRS1d,12/3/2019,0.3,61.248,0.46
SRS1d,12/9/2019,0.4,54.983,0.54
SRS1d,12/13/2019,0.3,98.81,0.63
SRS1d,12/19/2019,0.3,104.524,0.67
SRS1d,12/25/2019,0.3,119.524,0.64
SRS1d,12/31/2019,0.3,127.857,0.62
SRS1d,1/6/2020,0.3,127.619,0.63
SRS1d,1/10/2020,0.3,134.048,0.32
SRS1d,1/16/2020,0.3,123.571,0.35
SRS1d,1/22/2020,0.4,122.857,0.31
SRS1d,1/28/2020,0.4,121.429,0.21
SRS1d,2/3/2020,0.3,113.571,0.25
SRS1d,2/8/2020,0.3,110,0.57
SRS1d,2/14/2020,0.3,107.857,0.53
SRS1d,2/20/2020,0.3,133.333,0.63
SRS1d,2/26/2020,0.3,120.952,0.58
SRS1d,3/3/2020,0.4,116.429,0.52
SRS1d,3/8/2020,0.4,131.19,0.7
SRS1d,3/15/2020,0.3,136.429,0.54
SRS1d,3/21/2020,0.3,175,0.4
SRS1d,3/27/2020,0.4,392.143,0.48
SRS1d,6/4/2020,0.3,100.238,0.61
SRS1d,6/10/2020,0.3,71.429,0.46
SRS1d,6/15/2020,0.3,86.19,1.04
SRS1d,6/21/2020,0.3,82.143,0.57
SRS1d,6/27/2020,0.3,83.333,0.59
SRS1d,7/3/2020,0.3,92.619,1.02
SRS1d,7/9/2020,0.3,96.19,0.92
SRS1d,7/14/2020,0.3,92.857,1.33
SRS1d,7/21/2020,0.3,104.762,1.16
SRS1d,7/27/2020,0.3,90.238,1.22
SRS1d,8/2/2020,0.3,107.143,1.76
SRS1d,8/8/2020,0.3,94.286,1.46
SRS1d,8/14/2020,0.3,99.286,0.32
SRS1d,8/20/2020,0.3,60.942,0.29
SRS1d,8/25/2020,0.3,61.385,0.33
SRS1d,9/1/2020,0.3,61.548,1.06
SRS1d,9/7/2020,0.3,79.442,1.02
SRS1d,9/12/2020,0.3,72.741,0.66
SRS1d,9/18/2020,0.3,70.008,0.72
SRS1d,9/24/2020,0.3,63.088,0.84
SRS1d,9/30/2020,0.2,72.997,0.76
SRS1d,10/5/2020,0.2,61.95,0.9
SRS1d,10/11/2020,0.2,57.712,1.05
SRS1d,10/17/2020,0.2,55.79,1.28
SRS1d,10/23/2020,0.2,52.607,1.01
SRS1d,10/29/2020,0.2,51.668,1.06
SRS1d,11/2/2020,0.2,55.254,1.12
SRS1d,11/8/2020,0.2,58.451,0.98
SRS1d,11/14/2020,0.2,50.59,0.86
SRS1d,11/20/2020,0.2,44.969,0.77
SRS1d,11/26/2020,0.2,45.987,0.71
SRS1d,12/2/2020,0.2,33.975,0.7
SRS1d,12/8/2020,0.2,68.571,0.68
SRS1d,12/14/2020,0.2,64.762,0.59
SRS1d,12/20/2020,0.2,65.714,0.59
SRS1d,12/26/2020,0.2,63.333,0.51
SRS1d,1/1/2021,0.2,60.714,0.54
SRS1d,1/7/2021,0.2,65.476,0.58
SRS1d,1/11/2021,0.2,68.095,0.64
SRS1d,1/17/2021,0.3,72.857,0.93
SRS1d,1/23/2021,0.3,79.048,0.66
SRS1d,1/29/2021,0.3,80.238,0.67
SRS1d,2/4/2021,0.3,83.333,0.67
SRS1d,2/8/2021,0.3,87.857,0.72
SRS1d,2/14/2021,0.3,96.429,0.8
SRS1d,2/20/2021,0.3,100.476,0.8
SRS1d,2/26/2021,0.3,93.81,0.98
SRS1d,3/4/2021,0.3,93.333,0.42
SRS1d,3/10/2021,0.3,89.524,0.36
SRS1d,3/16/2021,0.3,90.952,0.36
SRS1d,3/22/2021,0.3,93.81,0.38
SRS1d,3/28/2021,0.3,95.238,0.35
SRS1d,4/3/2021,0.3,96.19,0.41
SRS1d,4/9/2021,0.3,93.81,0.38
SRS1d,4/15/2021,0.3,95.714,1.18
SRS1d,4/21/2021,0.3,96.786,1.17
SRS1d,4/27/2021,0.2,104.048,1.41
SRS1d,5/3/2021,0.4,247.143,1.61
SRS1d,5/8/2021,0.4,121.19,1.17
SRS1d,5/14/2021,0.3,119.048,1.2
SRS1d,5/20/2021,0.3,115.714,0.83
SRS1d,5/26/2021,0.3,119.524,0.81
SRS1d,6/1/2021,0.4,127.857,0.81
SRS1d,6/6/2021,0.3,123.81,0.71
SRS1d,6/12/2021,0.3,120.952,0.86
SRS1d,6/18/2021,0.3,143.571,0.79
SRS1d,6/24/2021,0.3,128.333,0.81
SRS1d,6/30/2021,0.3,94.762,1.06
SRS1d,7/6/2021,0.3,78.333,0.88
SRS1d,7/12/2021,0.3,70.238,0.68
SRS1d,7/16/2021,0.1,60.238,1
SRS1d,7/22/2021,0.3,74.286,1.11
SRS1d,7/28/2021,0.4,94.762,0.91
SRS1d,8/2/2021,0.4,91.429,1.25
SRS1d,8/8/2021,0.4,89.048,1.29
SRS1d,8/14/2021,0.3,79.524,1.29
SRS1d,8/20/2021,0.3,74.762,0.86
SRS1d,8/26/2021,0.3,79.524,0.9
SRS1d,8/31/2021,0.4,89.762,0.94
SRS1d,9/7/2021,0.4,100,0.97
SRS1d,9/13/2021,0.4,98.571,1.44
SRS1d,9/19/2021,0.3,97.857,1.38
SRS1d,9/25/2021,0.3,85,1.3
SRS1d,10/1/2021,0.3,78.571,1.19
SRS1d,10/7/2021,0.3,85,0.79
SRS1d,10/13/2021,0.3,80.714,1.22
SRS1d,10/19/2021,0.3,83.571,1.18
SRS1d,10/25/2021,0.3,91.667,1.13
SRS1d,10/31/2021,0.3,90,1.08
SRS1d,11/4/2021,0.3,95,0.99
SRS1d,11/10/2021,0.3,95.714,0.83
SRS1d,11/16/2021,0.3,95.714,0.57
SRS1d,11/22/2021,0.3,98.571,0.82
SRS1d,11/28/2021,0.3,103.334,0.74
SRS1d,12/4/2021,0.3,82.381,1.15
SRS1d,12/10/2021,0.3,84.286,1.18
SRS1d,12/16/2021,0.3,86.667,1.21
SRS1d,12/22/2021,0.3,88.095,1.23
SRS1d,12/28/2021,0.3,87.619,1.23
SRS1d,1/3/2022,0.3,91.19,1.28
SRS1d,1/8/2022,0.3,85.952,1.25
SRS1d,1/14/2022,0.3,86.429,1.17
SRS1d,1/20/2022,0.3,85.714,0.96
SRS1d,1/26/2022,0.3,72.857,0.39
SRS1d,2/1/2022,0.3,78.095,0.92
SRS1d,3/7/2022,0.3,78.334,1.09
SRS1d,3/13/2022,0.3,82.857,0.83
SRS1d,3/19/2022,0.3,81.666,0.86
SRS1d,3/25/2022,0.3,83.571,0.95
SRS1d,3/31/2022,0.3,88.334,0.89
SRS1d,4/4/2022,0.3,86.191,0.89
SRS1d,4/10/2022,0.3,65.727,1.28
SRS1d,4/16/2022,0.3,63.547,1.05
SRS1d,4/22/2022,0.4,66.169,0.92
SRS1d,4/28/2022,0.4,76.086,1.07
SRS1d,5/3/2022,0.3,76.084,1.01
SRS1d,5/9/2022,0.3,80,0.75
SRS1d,5/15/2022,0.3,87.143,0.74
SRS1d,5/21/2022,0.4,87.857,0.97
SRS1d,5/27/2022,0.4,99.286,1.34
SRS1d,6/1/2022,0.4,105,0.91
SRS1d,6/8/2022,0.2,54.706,0.28
SRS1d,6/14/2022,0.2,52.813,0.28
SRS1d,6/20/2022,0.2,45.921,0.25
SRS1d,6/26/2022,0.2,53.549,0.26
SRS1d,7/2/2022,0.2,60.574,0.31
SRS1d,7/7/2022,0.3,61.186,0.34
SRS1d,7/13/2022,0.3,52.857,0.26
SRS1d,7/19/2022,0.3,49.286,0.3
SRS1d,7/25/2022,0.3,54.286,0.36
SRS1d,7/31/2022,0.3,60,0.3
SRS1d,8/5/2022,0.3,52.967,0.26
SRS1d,8/11/2022,0.3,53.029,0.24
SRS1d,8/17/2022,0.3,56.146,0.28
SRS1d,8/23/2022,0.3,58.627,0.3
SRS1d,8/29/2022,0.3,54.745,0.32
SRS1d,9/4/2022,0.3,58.28,0.7
SRS1d,9/10/2022,0.3,49.796,0.73
SRS1d,9/16/2022,0.3,54.934,0.29
SRS1d,9/22/2022,0.3,48.922,0.3
SRS1d,9/28/2022,0.3,44.732,0.33
SRS1d,10/4/2022,0.2,47.883,0.3
SRS1d,10/10/2022,0.2,36.324,0.31
SRS1d,10/14/2022,0.3,55.268,0.35
SRS1d,10/20/2022,0.3,64.676,0.29
SRS1d,10/26/2022,0.3,66.717,0.37
SRS1d,11/1/2022,0.3,68.731,0.34
SRS1d,11/6/2022,0.3,67.01,0.92
SRS1d,11/12/2022,0.3,68.037,0.91
SRS1d,11/18/2022,0.3,72.736,0.89
SRS1d,11/24/2022,0.3,63.127,0.73
SRS1d,11/30/2022,0.3,64.68,1.29
SRS1d,12/4/2022,0.3,72.075,0.47
SRS1d,12/10/2022,0.3,74.047,0.49
SRS1d,12/16/2022,0.3,71.273,0.49
SRS1d,12/22/2022,0.3,77.238,0.48
SRS1d,12/28/2022,0.3,72.483,0.52
SRS2,11/19/2000,-9999,40.944,0.1
SRS2,11/22/2000,-9999,39.723,0.09
SRS2,11/25/2000,-9999,33.089,0.09
SRS2,11/28/2000,-9999,33.271,0.09
SRS2,12/1/2000,-9999,38.112,0.09
SRS2,12/4/2000,-9999,30.198,0.07
SRS2,12/7/2000,-9999,49.217,0.11
SRS2,12/10/2000,-9999,39.52,0.13
SRS2,12/13/2000,-9999,44.553,0.1
SRS2,12/16/2000,-9999,50.945,0.14
SRS2,12/19/2000,-9999,44.47,0.13
SRS2,12/22/2000,-9999,48.505,0.12
SRS2,12/25/2000,-9999,41.124,0.12
SRS2,12/28/2000,-9999,50.773,0.09
SRS2,12/31/2000,-9999,60.637,0.09
SRS2,1/3/2001,-9999,59.971,0.09
SRS2,1/6/2001,-9999,59.81,0.11
SRS2,1/9/2001,-9999,58.2,0.11
SRS2,1/12/2001,-9999,52.714,0.13
SRS2,1/15/2001,-9999,66.847,0.12
SRS2,1/18/2001,-9999,75.749,0.11
SRS2,1/21/2001,-9999,57.422,0.1
SRS2,1/24/2001,-9999,62.032,0.13
SRS2,1/26/2001,-9999,60.856,0.12
SRS2,1/29/2001,-9999,56.548,0.17
SRS2,2/1/2001,-9999,55.601,0.24
SRS2,2/4/2001,-9999,59.132,0.24
SRS2,2/7/2001,-9999,58.367,0.21
SRS2,2/10/2001,-9999,60.467,0.29
SRS2,2/13/2001,-9999,57.869,0.26
SRS2,2/16/2001,-9999,65.135,0.28
SRS2,2/19/2001,-9999,66.091,0.11
SRS2,2/22/2001,-9999,-9999,0.08
SRS2,2/25/2001,-9999,66.166,0.35
SRS2,3/6/2001,-9999,61.465,0.36
SRS2,3/9/2001,-9999,57.624,0.51
SRS2,3/12/2001,-9999,109.14,0.25
SRS2,3/15/2001,-9999,118.896,0.18
SRS2,3/18/2001,-9999,130.085,0.21
SRS2,3/21/2001,-9999,117.588,0.15
SRS2,3/24/2001,-9999,101.807,0.1
SRS2,3/27/2001,-9999,119.999,0.1
SRS2,3/30/2001,-9999,120.455,0.2
SRS2,4/2/2001,-9999,113.406,0.13
SRS2,4/5/2001,-9999,117.903,0.17
SRS2,4/8/2001,-9999,131.149,0.14
SRS2,4/11/2001,-9999,127.686,0.17
SRS2,4/13/2001,-9999,149.928,0.4
SRS2,7/12/2001,-9999,215.14,0.85
SRS2,7/15/2001,-9999,139.202,0.25
SRS2,7/18/2001,-9999,147.927,0.26
SRS2,7/21/2001,-9999,120.796,0.28
SRS2,7/23/2001,-9999,111.46,0.28
SRS2,7/26/2001,-9999,85.162,0.33
SRS2,7/29/2001,-9999,92.197,0.25
SRS2,8/1/2001,-9999,95.772,0.35
SRS2,8/4/2001,-9999,70.35,0.18
SRS2,8/7/2001,-9999,54.02,0.19
SRS2,8/10/2001,-9999,69.701,0.17
SRS2,8/13/2001,-9999,60.914,0.13
SRS2,8/16/2001,-9999,73.158,0.1
SRS2,8/19/2001,-9999,62.521,0.08
SRS2,8/22/2001,-9999,68.861,0.05
SRS2,8/25/2001,-9999,73.919,0.11
SRS2,8/28/2001,-9999,77.99,0.08
SRS2,8/31/2001,-9999,71.981,0.1
SRS2,9/3/2001,-9999,69.462,0.11
SRS2,9/5/2001,-9999,72.722,0.18
SRS2,9/8/2001,-9999,39.621,-9999
SRS2,9/11/2001,-9999,26.487,0.11
SRS2,9/14/2001,-9999,38.022,0.09
SRS2,9/17/2001,-9999,48.284,0.09
SRS2,9/20/2001,-9999,39.551,0.09
SRS2,9/23/2001,-9999,53.156,0.09
SRS2,9/26/2001,-9999,41.597,0.11
SRS2,9/29/2001,-9999,35.715,0.15
SRS2,10/2/2001,-9999,33.746,0.15
SRS2,10/5/2001,-9999,35.641,0.15
SRS2,10/8/2001,-9999,35.275,0.11
SRS2,10/11/2001,-9999,32.663,0.11
SRS2,10/14/2001,-9999,29.155,0.11
SRS2,10/17/2001,-9999,-9999,-9999
SRS2,10/20/2001,-9999,-9999,0.47
SRS2,10/23/2001,-9999,62.593,0.15
SRS2,10/26/2001,-9999,54.156,0.08
SRS2,10/29/2001,-9999,76.402,0.67
SRS2,11/1/2001,-9999,80.923,0.13
SRS2,11/4/2001,-9999,67.752,0.6
SRS2,11/7/2001,-9999,53.132,0.73
SRS2,11/10/2001,-9999,82.154,0.6
SRS2,11/13/2001,-9999,68.301,1.08
SRS2,11/16/2001,-9999,55.892,0.46
SRS2,11/19/2001,-9999,54.283,0.17
SRS2,11/22/2001,-9999,45.021,0.04
SRS2,11/25/2001,-9999,68.311,0.04
SRS2,11/28/2001,-9999,61.841,0.1
SRS2,12/1/2001,-9999,72.825,0.22
SRS2,12/4/2001,-9999,74.663,0.16
SRS2,12/7/2001,-9999,58.723,0.07
SRS2,12/10/2001,-9999,46.733,0.07
SRS2,12/13/2001,-9999,52.113,0.08
SRS2,12/16/2001,-9999,61.556,0.05
SRS2,12/19/2001,-9999,51.368,0.1
SRS2,12/22/2001,-9999,65.836,0.06
SRS2,12/25/2001,-9999,55.306,0.05
SRS2,12/28/2001,-9999,50.533,0.07
SRS2,12/31/2001,-9999,52.766,0.04
SRS2,1/3/2002,-9999,58.976,0.06
SRS2,1/6/2002,-9999,37.524,0.04
SRS2,1/9/2002,-9999,48.577,0.06
SRS2,1/12/2002,-9999,88.292,0.04
SRS2,1/15/2002,-9999,52.135,-9999
SRS2,1/18/2002,-9999,54.82,0.17
SRS2,1/21/2002,-9999,40.701,0.2
SRS2,1/24/2002,-9999,48.86,0.11
SRS2,1/27/2002,-9999,51.379,0.27
SRS2,1/30/2002,-9999,46.185,0.23
SRS2,2/2/2002,-9999,60.125,0.08
SRS2,2/3/2002,-9999,51.622,0.17
SRS2,2/13/2002,-9999,28.267,0.23
SRS2,2/16/2002,-9999,26.977,0.3
SRS2,2/19/2002,-9999,35.408,0.27
SRS2,2/22/2002,-9999,27.086,0.27
SRS2,2/25/2002,-9999,28.673,0.47
SRS2,2/28/2002,-9999,23.311,0.18
SRS2,3/3/2002,-9999,21.966,0.17
SRS2,3/6/2002,-9999,25.107,0.19
SRS2,3/8/2002,-9999,31.141,0.23
SRS2,3/11/2002,-9999,32.577,0.15
SRS2,3/14/2002,-9999,33.402,0.19
SRS2,3/17/2002,-9999,31.229,0.22
SRS2,3/20/2002,-9999,26.843,0.25
SRS2,3/23/2002,-9999,44.638,0.28
SRS2,3/26/2002,-9999,37.44,0.54
SRS2,3/29/2002,-9999,38.571,0.33
SRS2,4/1/2002,-9999,41.161,0.35
SRS2,4/4/2002,-9999,48.118,0.28
SRS2,4/5/2002,-9999,47.436,0.27
SRS2,4/9/2002,-9999,108.355,0.3
SRS2,4/12/2002,-9999,115.084,0.21
SRS2,4/15/2002,-9999,113.801,0.26
SRS2,4/18/2002,-9999,104.836,0.31
SRS2,4/21/2002,-9999,103.443,0.32
SRS2,4/24/2002,-9999,129.184,0.31
SRS2,6/9/2002,-9999,95.008,0.33
SRS2,6/12/2002,-9999,80.312,0.64
SRS2,6/15/2002,-9999,68.902,0.25
SRS2,6/18/2002,-9999,55.877,0.42
SRS2,6/21/2002,-9999,60.234,0.46
SRS2,6/24/2002,-9999,96.876,0.89
SRS2,6/27/2002,-9999,71.873,0.58
SRS2,6/30/2002,-9999,64.025,0.77
SRS2,7/3/2002,-9999,73.77,0.58
SRS2,7/6/2002,-9999,73.484,0.25
SRS2,7/9/2002,-9999,52.196,0.16
SRS2,7/12/2002,-9999,82.324,0.14
SRS2,7/15/2002,-9999,56.894,0.22
SRS2,7/16/2002,-9999,73.361,0.48
SRS2,7/19/2002,-9999,51.582,0.07
SRS2,7/22/2002,-9999,45.312,0.08
SRS2,7/25/2002,-9999,44.702,0.06
SRS2,7/28/2002,-9999,47.698,0.08
SRS2,7/31/2002,-9999,41.176,0.08
SRS2,8/3/2002,-9999,44.782,0.14
SRS2,8/6/2002,-9999,43.451,0.08
SRS2,8/9/2002,-9999,44.661,0.05
SRS2,8/12/2002,-9999,39.517,0.07
SRS2,8/15/2002,-9999,42.193,0.06
SRS2,8/18/2002,-9999,50.205,0.08
SRS2,8/21/2002,-9999,44.174,0.06
SRS2,8/24/2002,-9999,54.924,0.16
SRS2,8/27/2002,-9999,-9999,-9999
SRS2,9/2/2002,-9999,50.193,0.14
SRS2,9/8/2002,-9999,46.548,0.16
SRS2,9/14/2002,-9999,68.525,0.15
SRS2,9/17/2002,-9999,54.652,0.09
SRS2,9/20/2002,-9999,-9999,0.12
SRS2,9/23/2002,-9999,-9999,0.06
SRS2,9/24/2002,-9999,-9999,0.05
SRS2,9/27/2002,-9999,38.351,0.08
SRS2,9/30/2002,-9999,38.009,0.08
SRS2,10/3/2002,-9999,34.867,0.05
SRS2,10/6/2002,-9999,37.362,0.05
SRS2,10/9/2002,-9999,39.222,0.06
SRS2,10/12/2002,-9999,42.232,0.06
SRS2,10/15/2002,-9999,38.953,0.05
SRS2,10/18/2002,-9999,34.351,0.04
SRS2,10/21/2002,-9999,63.03,0.11
SRS2,10/24/2002,-9999,60.751,0.08
SRS2,10/27/2002,-9999,40.185,0.09
SRS2,10/30/2002,-9999,43.049,0.08
SRS2,11/2/2002,-9999,59.698,0.07
SRS2,11/5/2002,-9999,60.418,0.07
SRS2,11/8/2002,-9999,39.119,0.08
SRS2,11/11/2002,-9999,54.842,0.09
SRS2,11/14/2002,-9999,38.589,0.06
SRS2,11/17/2002,-9999,38,0.19
SRS2,11/19/2002,-9999,46.043,0.12
SRS2,11/22/2002,-9999,58.153,0.11
SRS2,11/25/2002,-9999,67.849,0.09
SRS2,11/28/2002,-9999,55.304,0.09
SRS2,12/1/2002,-9999,43.284,0.1
SRS2,12/4/2002,-9999,49.519,0.08
SRS2,12/7/2002,-9999,60.034,0.11
SRS2,12/10/2002,-9999,51.636,0.1
SRS2,12/13/2002,-9999,75.34,0.13
SRS2,12/16/2002,-9999,70.524,-9999
SRS2,12/18/2002,-9999,75,0.27
SRS2,12/22/2002,-9999,49.964,0.1
SRS2,12/25/2002,-9999,48.43,0.09
SRS2,12/28/2002,-9999,47.099,0.05
SRS2,12/31/2002,-9999,55.572,0.06
SRS2,1/3/2003,-9999,54.569,0.06
SRS2,1/6/2003,-9999,50.971,0.08
SRS2,1/9/2003,-9999,50.801,0.05
SRS2,1/12/2003,-9999,48.994,0.08
SRS2,1/15/2003,-9999,53.985,0.1
SRS2,1/17/2003,-9999,63.632,0.11
SRS2,1/20/2003,-9999,74.187,0.1
SRS2,1/23/2003,-9999,65.285,0.1
SRS2,1/26/2003,-9999,74.634,0.11
SRS2,1/29/2003,-9999,68.151,0.09
SRS2,2/1/2003,-9999,71.296,0.11
SRS2,2/4/2003,-9999,71.085,0.1
SRS2,2/7/2003,-9999,75.203,0.17
SRS2,2/10/2003,-9999,104.026,0.1
SRS2,2/13/2003,-9999,82.856,0.12
SRS2,2/16/2003,-9999,78.55,0.08
SRS2,2/19/2003,-9999,84.608,0.05
SRS2,2/20/2003,-9999,130.32,0.18
SRS2,2/23/2003,-9999,26.308,0.18
SRS2,2/26/2003,-9999,23.996,0.11
SRS2,3/1/2003,-9999,25.89,0.13
SRS2,3/4/2003,-9999,26.525,0.12
SRS2,3/7/2003,-9999,25.905,0.13
SRS2,3/10/2003,-9999,30.795,0.13
SRS2,3/13/2003,-9999,25.208,0.14
SRS2,3/16/2003,-9999,27.98,0.14
SRS2,3/19/2003,-9999,22.913,0.14
SRS2,3/22/2003,-9999,26.189,0.14
SRS2,3/24/2003,-9999,22.761,0.15
SRS2,3/28/2003,-9999,223.681,0.27
SRS2,3/31/2003,-9999,125.194,0.13
SRS2,4/3/2003,-9999,224.435,0.13
SRS2,4/6/2003,-9999,126.625,0.15
SRS2,4/9/2003,-9999,167.112,0.19
SRS2,4/12/2003,-9999,115.233,0.11
SRS2,4/15/2003,-9999,166.619,0.12
SRS2,4/18/2003,-9999,178.956,0.12
SRS2,4/21/2003,-9999,138.855,0.16
SRS2,4/23/2003,-9999,109.686,0.15
SRS2,4/27/2003,-9999,67.718,0.29
SRS2,4/30/2003,-9999,59.896,0.14
SRS2,5/18/2003,-9999,81.921,0.16
SRS2,5/21/2003,-9999,55.114,0.1
SRS2,5/24/2003,-9999,55.945,0.15
SRS2,5/27/2003,-9999,53.6,0.07
SRS2,5/30/2003,-9999,41.221,0.09
SRS2,6/2/2003,-9999,45.422,0.06
SRS2,6/5/2003,-9999,40.069,0.11
SRS2,6/8/2003,-9999,40.658,0.06
SRS2,6/10/2003,-9999,31.562,0.09
SRS2,6/13/2003,-9999,59.903,0.19
SRS2,6/16/2003,-9999,49.116,0.16
SRS2,6/19/2003,-9999,50.118,0.15
SRS2,6/22/2003,-9999,59.99,0.19
SRS2,6/25/2003,-9999,91.737,0.13
SRS2,6/28/2003,-9999,50.724,0.15
SRS2,7/1/2003,-9999,56.456,0.15
SRS2,7/4/2003,-9999,63.05,0.13
SRS2,7/7/2003,-9999,51.828,0.17
SRS2,7/10/2003,-9999,69.388,0.12
SRS2,7/13/2003,-9999,43.538,0.12
SRS2,7/16/2003,-9999,32.49,-9999
SRS2,7/19/2003,-9999,57.094,-9999
SRS2,7/22/2003,-9999,39.243,0.24
SRS2,7/24/2003,-9999,40.996,0.28
SRS2,7/27/2003,-9999,68.854,0.06
SRS2,7/30/2003,-9999,52.256,0.02
SRS2,8/2/2003,-9999,50.175,0.02
SRS2,8/5/2003,-9999,49.39,0.02
SRS2,8/8/2003,-9999,56.205,0.11
SRS2,8/11/2003,-9999,54.293,0.05
SRS2,8/14/2003,-9999,44.701,0.05
SRS2,8/17/2003,-9999,48.159,0.1
SRS2,8/18/2003,-9999,82.364,0.16
SRS2,8/21/2003,-9999,42.279,0.08
SRS2,8/24/2003,-9999,64.075,0.07
SRS2,8/27/2003,-9999,45.777,0.08
SRS2,8/30/2003,-9999,34.598,0.07
SRS2,9/2/2003,-9999,-9999,0.08
SRS2,9/5/2003,-9999,38.032,-9999
SRS2,9/8/2003,-9999,55.186,0.17
SRS2,9/9/2003,-9999,37.879,0.15
SRS2,9/12/2003,-9999,35.47,0.08
SRS2,9/15/2003,-9999,39.758,0.08
SRS2,9/18/2003,-9999,79.298,-9999
SRS2,9/21/2003,-9999,29.127,0.13
SRS2,9/24/2003,-9999,26.678,0.12
SRS2,9/27/2003,-9999,28.904,0.1
SRS2,9/30/2003,-9999,28.389,0.08
SRS2,10/3/2003,-9999,28.315,0.09
SRS2,10/6/2003,-9999,35.723,0.08
SRS2,10/9/2003,-9999,30.649,0.08
SRS2,10/12/2003,-9999,27.328,0.11
SRS2,10/15/2003,-9999,32.696,0.12
SRS2,10/16/2003,-9999,32.707,0.1
SRS2,10/19/2003,-9999,20.474,0.22
SRS2,10/22/2003,-9999,32.785,0.22
SRS2,10/25/2003,-9999,29.01,0.2
SRS2,10/28/2003,-9999,44.675,0.2
SRS2,10/31/2003,-9999,33.142,0.19
SRS2,11/3/2003,-9999,34.367,0.14
SRS2,11/6/2003,-9999,35.22,0.15
SRS2,11/9/2003,-9999,25.417,0.25
SRS2,11/10/2003,-9999,33.257,0.3
SRS2,11/13/2003,-9999,36.633,0.1
SRS2,11/16/2003,-9999,32.135,0.12
SRS2,11/19/2003,-9999,30.919,0.12
SRS2,11/22/2003,-9999,29.232,0.13
SRS2,11/24/2003,-9999,28.378,0.09
SRS2,12/12/2003,-9999,31.999,0.07
SRS2,12/15/2003,-9999,32.22,0.04
SRS2,12/18/2003,-9999,36.647,0.05
SRS2,12/21/2003,-9999,33.421,0.27
SRS2,12/24/2003,-9999,31.011,0.3
SRS2,12/27/2003,-9999,32.008,0.11
SRS2,12/30/2003,-9999,36.982,0.18
SRS2,1/2/2004,-9999,36.901,0.13
SRS2,1/5/2004,-9999,29.91,0.12
SRS2,1/6/2004,-9999,27.689,0.14
SRS2,1/9/2004,-9999,35.304,0.08
SRS2,1/12/2004,-9999,43.268,0.13
SRS2,1/15/2004,-9999,30.405,0.36
SRS2,1/18/2004,-9999,37.727,0.29
SRS2,1/21/2004,-9999,22.753,0.17
SRS2,1/24/2004,-9999,37.169,0.11
SRS2,1/27/2004,-9999,36.546,0.07
SRS2,1/30/2004,-9999,46.454,0.07
SRS2,2/2/2004,-9999,63.557,0.06
SRS2,2/5/2004,-9999,33.175,0.07
SRS2,2/8/2004,-9999,35.024,0.07
SRS2,2/10/2004,-9999,39.376,0.09
SRS2,2/13/2004,-9999,37.45,0.09
SRS2,2/16/2004,-9999,33.833,0.11
SRS2,2/19/2004,-9999,35.539,0.09
SRS2,2/22/2004,-9999,38.291,0.1
SRS2,2/25/2004,-9999,40.305,0.16
SRS2,2/28/2004,-9999,26.352,0.14
SRS2,3/2/2004,-9999,33.772,0.11
SRS2,3/5/2004,-9999,47.952,0.09
SRS2,3/8/2004,-9999,29.365,0.09
SRS2,3/11/2004,-9999,34.666,0.09
SRS2,3/14/2004,-9999,31.74,0.08
SRS2,3/15/2004,-9999,36.023,0.09
SRS2,3/18/2004,-9999,38.578,0.12
SRS2,3/21/2004,-9999,41.175,0.23
SRS2,3/24/2004,-9999,37.795,0.12
SRS2,3/27/2004,-9999,47.378,0.09
SRS2,3/30/2004,-9999,43.613,0.1
SRS2,4/2/2004,-9999,45.77,0.08
SRS2,4/5/2004,-9999,54.471,0.09
SRS2,4/8/2004,-9999,47.482,0.09
SRS2,4/11/2004,-9999,48.959,0.07
SRS2,4/14/2004,-9999,42.957,0.08
SRS2,4/17/2004,-9999,38.143,-9999
SRS2,4/20/2004,-9999,57.903,-9999
SRS2,4/23/2004,-9999,65.982,0.12
SRS2,4/26/2004,-9999,55.173,0.1
SRS2,4/29/2004,-9999,64.875,0.1
SRS2,5/2/2004,-9999,57.938,0.17
SRS2,5/4/2004,-9999,68.756,0.15
SRS2,5/8/2004,-9999,71.951,0.18
SRS2,5/11/2004,-9999,91.377,0.12
SRS2,6/27/2004,-9999,90.608,0.19
SRS2,6/30/2004,-9999,90.298,0.17
SRS2,7/3/2004,-9999,90.982,0.2
SRS2,7/6/2004,-9999,108.561,0.22
SRS2,7/9/2004,-9999,103.303,0.23
SRS2,7/12/2004,-9999,75.042,0.19
SRS2,7/15/2004,-9999,81.676,0.25
SRS2,7/18/2004,-9999,69.079,0.2
SRS2,7/21/2004,-9999,78.46,0.26
SRS2,7/24/2004,-9999,81.278,0.24
SRS2,7/27/2004,-9999,69.44,0.26
SRS2,7/29/2004,-9999,57.398,0.29
SRS2,8/1/2004,-9999,155.486,0.15
SRS2,8/4/2004,-9999,109.339,0.14
SRS2,8/7/2004,-9999,92.114,0.13
SRS2,8/10/2004,-9999,88.427,0.12
SRS2,8/13/2004,-9999,75.185,0.15
SRS2,8/16/2004,-9999,47.736,0.2
SRS2,8/17/2004,-9999,78.369,-9999
SRS2,8/20/2004,-9999,60.337,0.12
SRS2,8/23/2004,-9999,47.531,0.11
SRS2,8/26/2004,-9999,51.197,0.1
SRS2,8/29/2004,-9999,42.294,0.09
SRS2,9/1/2004,-9999,44.128,0.1
SRS2,9/4/2004,-9999,37.053,-9999
SRS2,9/7/2004,-9999,31.039,0.21
SRS2,9/8/2004,-9999,41.737,0.26
SRS2,9/11/2004,-9999,50.82,0.09
SRS2,9/14/2004,-9999,60.065,0.17
SRS2,9/17/2004,-9999,57.633,0.18
SRS2,9/20/2004,-9999,69.114,0.14
SRS2,9/23/2004,-9999,65.376,0.16
SRS2,9/26/2004,-9999,53.876,0.1
SRS2,9/29/2004,-9999,54.621,0.12
SRS2,10/2/2004,-9999,64.689,0.11
SRS2,10/5/2004,-9999,51.87,0.1
SRS2,10/8/2004,-9999,54.058,0.1
SRS2,10/11/2004,-9999,39.681,0.12
SRS2,10/13/2004,-9999,52.869,0.14
SRS2,10/17/2004,-9999,88.644,0.17
SRS2,10/20/2004,-9999,33.149,0.1
SRS2,10/23/2004,-9999,56.233,0.11
SRS2,10/26/2004,-9999,61.468,0.12
SRS2,10/29/2004,-9999,66.226,0.11
SRS2,11/1/2004,-9999,66.717,0.15
SRS2,11/4/2004,-9999,47.871,0.13
SRS2,11/7/2004,-9999,52.59,0.14
SRS2,11/10/2004,-9999,41.989,0.1
SRS2,11/13/2004,-9999,41.024,0.1
SRS2,11/16/2004,-9999,41.459,0.13
SRS2,11/17/2004,-9999,41.072,0.14
SRS2,11/20/2004,-9999,27.359,0.13
SRS2,11/23/2004,-9999,26.808,0.12
SRS2,11/26/2004,-9999,24.67,0.12
SRS2,11/29/2004,-9999,24.548,0.11
SRS2,12/2/2004,-9999,25.553,0.13
SRS2,12/5/2004,-9999,30.797,0.12
SRS2,12/7/2004,-9999,29.44,0.16
SRS2,12/10/2004,-9999,64.967,0.09
SRS2,12/13/2004,-9999,37.706,0.09
SRS2,12/16/2004,-9999,30.396,0.06
SRS2,12/19/2004,-9999,29.723,0.06
SRS2,12/22/2004,-9999,25.497,0.06
SRS2,12/25/2004,-9999,31.987,0.06
SRS2,12/28/2004,-9999,30.788,0.08
SRS2,12/31/2004,-9999,31.16,0.08
SRS2,1/3/2005,-9999,30.762,0.12
SRS2,1/5/2005,-9999,41.349,0.09
SRS2,1/8/2005,-9999,77.026,0.15
SRS2,1/11/2005,-9999,73.311,0.13
SRS2,1/14/2005,-9999,61.164,0.13
SRS2,1/17/2005,-9999,72.228,0.12
SRS2,1/20/2005,-9999,59.506,0.1
SRS2,1/23/2005,-9999,65.74,0.16
SRS2,1/26/2005,-9999,65.603,0.12
SRS2,1/29/2005,-9999,66.663,0.09
SRS2,2/1/2005,-9999,42.499,0.11
SRS2,2/4/2005,-9999,46.494,0.12
SRS2,2/7/2005,-9999,61.527,0.16
SRS2,2/10/2005,-9999,47.292,0.07
SRS2,2/13/2005,-9999,62.111,0.12
SRS2,2/16/2005,-9999,63.02,0.12
SRS2,2/19/2005,-9999,77.849,0.14
SRS2,2/22/2005,-9999,76.866,0.12
SRS2,2/25/2005,-9999,75.919,0.14
SRS2,2/28/2005,-9999,81.994,0.16
SRS2,3/3/2005,-9999,88.411,0.17
SRS2,3/6/2005,-9999,92.613,0.18
SRS2,3/9/2005,-9999,103.277,0.16
SRS2,3/12/2005,-9999,98.442,0.16
SRS2,3/15/2005,-9999,98.981,0.17
SRS2,3/16/2005,-9999,107.943,0.23
SRS2,3/19/2005,-9999,169.1,0.09
SRS2,3/22/2005,-9999,124.905,0.08
SRS2,3/25/2005,-9999,132.855,0.09
SRS2,3/28/2005,-9999,147.729,0.08
SRS2,3/31/2005,-9999,130.282,0.13
SRS2,4/3/2005,-9999,156.648,0.11
SRS2,4/6/2005,-9999,156.187,0.11
SRS2,4/9/2005,-9999,171.094,0.11
SRS2,4/12/2005,-9999,192.688,0.11
SRS2,4/13/2005,-9999,190.843,0.14
SRS2,4/16/2005,-9999,88.853,0.24
SRS2,4/19/2005,-9999,122.247,0.15
SRS2,4/22/2005,-9999,122.934,0.16
SRS2,4/24/2005,-9999,119.487,0.17
SRS2,7/3/2005,-9999,61.051,0.21
SRS2,7/6/2005,-9999,40.997,0.16
SRS2,7/9/2005,-9999,43.878,0.17
SRS2,7/12/2005,-9999,37.94,0.17
SRS2,7/15/2005,-9999,36.111,0.19
SRS2,7/17/2005,-9999,35.44,0.21
SRS2,7/21/2005,-9999,65.154,0.08
SRS2,7/24/2005,-9999,64.33,0.22
SRS2,7/27/2005,-9999,54.993,0.08
SRS2,7/30/2005,-9999,68.277,0.09
SRS2,8/2/2005,-9999,68.013,0.08
SRS2,8/5/2005,-9999,63.708,0.12
SRS2,8/8/2005,-9999,68.576,0.11
SRS2,8/11/2005,-9999,61.069,0.1
SRS2,8/14/2005,-9999,61.448,0.1
SRS2,8/17/2005,-9999,69.933,0.09
SRS2,8/20/2005,-9999,66.422,0.09
SRS2,8/22/2005,-9999,71.186,0.13
SRS2,8/26/2005,-9999,73.94,-9999
SRS2,8/29/2005,-9999,27.819,0.11
SRS2,9/1/2005,-9999,47.511,0.12
SRS2,9/4/2005,-9999,42.673,0.24
SRS2,9/7/2005,-9999,59.982,0.23
SRS2,9/10/2005,-9999,49.068,0.15
SRS2,9/13/2005,-9999,36.487,0.11
SRS2,9/16/2005,-9999,66.231,0.13
SRS2,9/19/2005,-9999,44.763,0.13
SRS2,9/22/2005,-9999,34.613,0.14
SRS2,9/23/2005,-9999,34.503,0.12
SRS2,9/26/2005,-9999,23.845,0.2
SRS2,9/29/2005,-9999,23.54,0.25
SRS2,10/2/2005,-9999,33.389,0.21
SRS2,10/5/2005,-9999,33.539,0.32
SRS2,10/8/2005,-9999,24.476,0.22
SRS2,10/11/2005,-9999,21.923,0.23
SRS2,10/14/2005,-9999,23.42,0.24
SRS2,10/17/2005,-9999,25.887,0.29
SRS2,10/18/2005,-9999,37.138,0.33
SRS2,10/21/2005,-9999,20.534,0.09
SRS2,10/24/2005,-9999,38.264,-9999
SRS2,10/27/2005,-9999,26.769,0.13
SRS2,10/30/2005,-9999,19.156,0.12
SRS2,11/2/2005,-9999,21.479,0.14
SRS2,11/5/2005,-9999,20.497,0.15
SRS2,11/8/2005,-9999,23.112,0.12
SRS2,11/10/2005,-9999,20.966,0.19
SRS2,11/13/2005,-9999,35.926,0.22
SRS2,11/16/2005,-9999,33.291,0.26
SRS2,11/19/2005,-9999,35.217,0.28
SRS2,11/22/2005,-9999,32.589,0.19
SRS2,11/25/2005,-9999,40.621,0.41
SRS2,11/28/2005,-9999,45.873,0.25
SRS2,12/1/2005,-9999,32.849,0.21
SRS2,12/4/2005,-9999,31.909,0.25
SRS2,12/7/2005,-9999,35.085,0.3
SRS2,12/10/2005,-9999,37.305,0.27
SRS2,12/13/2005,-9999,40.833,0.23
SRS2,12/16/2005,-9999,35.949,0.27
SRS2,12/18/2005,-9999,34.571,0.18
SRS2,12/22/2005,-9999,31.726,0.15
SRS2,12/25/2005,-9999,39.982,0.18
SRS2,12/28/2005,-9999,29.17,0.18
SRS2,12/31/2005,-9999,30.429,0.19
SRS2,1/3/2006,-9999,24.439,0.23
SRS2,1/6/2006,-9999,22.653,0.17
SRS2,1/9/2006,-9999,21.659,0.16
SRS2,1/12/2006,-9999,23.115,0.18
SRS2,1/15/2006,-9999,23.642,0.18
SRS2,1/17/2006,-9999,25.823,0.18
SRS2,2/12/2006,-9999,37.935,0.3
SRS2,2/15/2006,-9999,27.492,0.24
SRS2,2/18/2006,-9999,30.351,0.26
SRS2,2/21/2006,-9999,30.39,0.29
SRS2,2/24/2006,-9999,27.869,0.28
SRS2,2/27/2006,-9999,26.583,0.27
SRS2,3/1/2006,-9999,30.764,0.29
SRS2,3/5/2006,-9999,31.203,0.39
SRS2,3/8/2006,-9999,28.393,0.39
SRS2,3/11/2006,-9999,33.836,0.32
SRS2,3/14/2006,-9999,30.174,0.26
SRS2,3/17/2006,-9999,31.932,0.27
SRS2,3/20/2006,-9999,34.833,0.26
SRS2,3/23/2006,-9999,36.867,0.29
SRS2,3/26/2006,-9999,41.98,0.36
SRS2,3/29/2006,-9999,40.361,0.28
SRS2,4/1/2006,-9999,40.033,0.28
SRS2,4/4/2006,-9999,41.311,0.31
SRS2,4/6/2006,-9999,42.186,0.39
SRS2,4/9/2006,-9999,66.935,1.29
SRS2,4/12/2006,-9999,77.279,1.32
SRS2,4/15/2006,-9999,75.855,1.36
SRS2,4/18/2006,-9999,67.955,1.38
SRS2,4/21/2006,-9999,78.658,1.38
SRS2,4/22/2006,-9999,86.595,1.51
SRS2,5/19/2006,-9999,81.942,0.43
SRS2,5/22/2006,-9999,88.561,0.47
SRS2,5/25/2006,-9999,94.625,0.49
SRS2,5/28/2006,-9999,74.74,0.43
SRS2,5/31/2006,-9999,63.827,0.39
SRS2,6/3/2006,-9999,51.371,0.34
SRS2,6/6/2006,-9999,39.631,0.39
SRS2,6/9/2006,-9999,48.725,0.44
SRS2,6/12/2006,-9999,42.064,0.48
SRS2,6/14/2006,-9999,44.839,0.5
SRS2,6/18/2006,-9999,45.311,0.24
SRS2,6/21/2006,-9999,31.21,0.27
SRS2,6/24/2006,-9999,40.177,0.27
SRS2,6/27/2006,-9999,42.778,0.28
SRS2,6/30/2006,-9999,38.405,0.33
SRS2,7/3/2006,-9999,38.931,0.26
SRS2,7/6/2006,-9999,38.042,0.29
SRS2,7/9/2006,-9999,45.745,0.22
SRS2,7/12/2006,-9999,35.847,0.24
SRS2,7/15/2006,-9999,28.133,0.22
SRS2,7/18/2006,-9999,32.138,0.25
SRS2,7/21/2006,-9999,31.891,0.3
SRS2,7/24/2006,-9999,30.358,0.24
SRS2,7/27/2006,-9999,28.291,0.24
SRS2,7/30/2006,-9999,33.373,0.25
SRS2,7/31/2006,-9999,31.313,0.28
SRS2,8/12/2006,-9999,36.787,0.22
SRS2,8/15/2006,-9999,35.808,0.14
SRS2,8/18/2006,-9999,32.576,0.14
SRS2,8/21/2006,-9999,32.875,0.19
SRS2,8/24/2006,-9999,33.611,0.15
SRS2,8/27/2006,-9999,40.113,0.19
SRS2,8/30/2006,-9999,36.879,0.2
SRS2,9/1/2006,-9999,35.846,0.2
SRS2,9/4/2006,-9999,54.441,0.15
SRS2,9/7/2006,-9999,53.97,0.15
SRS2,9/10/2006,-9999,46.51,0.2
SRS2,9/13/2006,-9999,50.971,0.12
SRS2,9/16/2006,-9999,58.384,0.12
SRS2,9/19/2006,-9999,57.272,0.14
SRS2,9/21/2006,-9999,61.876,0.2
SRS2,9/24/2006,-9999,35.931,0.15
SRS2,9/27/2006,-9999,41.103,0.17
SRS2,9/30/2006,-9999,37.829,0.22
SRS2,10/3/2006,-9999,32.467,0.22
SRS2,10/6/2006,-9999,36.021,0.15
SRS2,10/8/2006,-9999,36.899,0.19
SRS2,10/12/2006,-9999,28.687,0.38
SRS2,10/15/2006,-9999,29.139,0.41
SRS2,10/18/2006,-9999,31.189,0.4
SRS2,10/21/2006,-9999,33.925,0.4
SRS2,10/24/2006,-9999,33.814,0.35
SRS2,10/27/2006,-9999,34.733,0.4
SRS2,10/30/2006,-9999,29.558,0.32
SRS2,11/2/2006,-9999,28.58,0.35
SRS2,11/5/2006,-9999,38.103,0.32
SRS2,11/8/2006,-9999,34.146,0.33
SRS2,11/11/2006,-9999,37.044,0.3
SRS2,11/13/2006,-9999,35.438,0.34
SRS2,11/16/2006,-9999,50.55,0.27
SRS2,11/19/2006,-9999,47.814,0.31
SRS2,11/22/2006,-9999,57.744,0.24
SRS2,11/25/2006,-9999,60.5,0.24
SRS2,11/28/2006,-9999,50.244,0.32
SRS2,12/1/2006,-9999,57.88,0.28
SRS2,12/4/2006,-9999,54.85,0.27
SRS2,12/6/2006,-9999,56.179,0.28
SRS2,12/13/2006,-9999,59.02,0.22
SRS2,12/19/2006,-9999,57.825,0.21
SRS2,12/25/2006,-9999,61.931,0.19
SRS2,12/31/2006,-9999,62.967,0.2
SRS2,1/6/2007,-9999,64.885,0.21
SRS2,1/12/2007,-9999,67.111,0.24
SRS2,1/17/2007,-9999,66.12,0.31
SRS2,1/24/2007,-9999,54.176,0.25
SRS2,1/30/2007,-9999,59.09,0.21
SRS2,2/4/2007,-9999,71.457,0.18
SRS2,2/10/2007,-9999,65.352,0.19
SRS2,2/16/2007,-9999,61.378,0.2
SRS2,2/22/2007,-9999,65.159,0.18
SRS2,2/28/2007,-9999,61.108,0.17
SRS2,3/6/2007,-9999,64.521,0.21
SRS2,3/12/2007,-9999,74.751,0.23
SRS2,3/25/2007,-9999,41.036,0.03
SRS2,3/31/2007,-9999,47.707,-9999
SRS2,4/6/2007,-9999,44.006,0.29
SRS2,4/12/2007,-9999,31.915,0.24
SRS2,4/18/2007,-9999,3.992,-9999
SRS2,4/24/2007,-9999,40.026,0.14
SRS2,4/30/2007,-9999,79.115,0.3
SRS2,5/6/2007,-9999,72.284,0.21
SRS2,5/12/2007,-9999,75.491,0.23
SRS2,5/18/2007,-9999,102.691,0.34
SRS2,5/23/2007,-9999,75.23,0.44
SRS2,5/30/2007,-9999,54.376,1.23
SRS2,6/5/2007,-9999,56.363,1.18
SRS2,6/11/2007,-9999,110.562,1.13
SRS2,6/17/2007,-9999,46.984,1.13
SRS2,6/23/2007,-9999,79.794,0.12
SRS2,6/26/2007,-9999,74.138,0.11
SRS2,7/5/2007,-9999,89.733,0.13
SRS2,7/11/2007,-9999,90.812,0.15
SRS2,7/17/2007,-9999,107.109,0.12
SRS2,7/23/2007,-9999,129.709,0.2
SRS2,8/1/2007,-9999,63.091,0.11
SRS2,8/7/2007,-9999,99.334,0.14
SRS2,8/11/2007,-9999,48.374,0.16
SRS2,8/17/2007,-9999,52.578,0.15
SRS2,8/23/2007,-9999,49.168,0.13
SRS2,8/29/2007,-9999,49.343,0.14
SRS2,9/4/2007,-9999,47.558,0.15
SRS2,9/8/2007,-9999,44.963,0.33
SRS2,9/14/2007,-9999,42.201,0.47
SRS2,9/20/2007,-9999,45.096,0.52
SRS2,9/26/2007,-9999,42.533,0.57
SRS2,10/2/2007,-9999,40.726,0.56
SRS2,10/8/2007,-9999,40.251,0.42
SRS2,10/14/2007,-9999,58.676,0.4
SRS2,10/20/2007,-9999,57.283,0.21
SRS2,10/26/2007,-9999,66.978,0.18
SRS2,11/1/2007,-9999,59.162,0.17
SRS2,11/7/2007,-9999,59.573,0.16
SRS2,11/13/2007,-9999,53.362,0.2
SRS2,11/18/2007,-9999,56.555,0.19
SRS2,11/25/2007,-9999,55.489,0.11
SRS2,12/1/2007,-9999,46.996,0.15
SRS2,12/5/2007,-9999,47.596,-9999
SRS2,12/11/2007,-9999,64.859,0.14
SRS2,12/17/2007,-9999,69.706,0.12
SRS2,12/23/2007,-9999,65.261,0.11
SRS2,12/29/2007,-9999,70.76,0.1
SRS2,1/4/2008,-9999,74.808,0.14
SRS2,1/9/2008,-9999,73.58,0.04
SRS2,1/16/2008,-9999,104.843,0.16
SRS2,1/22/2008,-9999,133.267,0.15
SRS2,1/28/2008,-9999,132.927,0.13
SRS2,2/3/2008,-9999,139.833,0.16
SRS2,2/9/2008,-9999,133.702,0.17
SRS2,2/15/2008,-9999,130.568,0.14
SRS2,2/21/2008,-9999,145.007,0.14
SRS2,2/27/2008,-9999,145.538,0.17
SRS2,3/2/2008,-9999,123.761,0.24
SRS2,3/8/2008,-9999,127.071,0.2
SRS2,3/14/2008,-9999,147.07,0.27
SRS2,3/20/2008,-9999,162.134,0.25
SRS2,3/26/2008,-9999,143.757,0.2
SRS2,3/31/2008,-9999,100.477,0.2
SRS2,4/6/2008,-9999,118.401,0.24
SRS2,4/10/2008,-9999,75.043,0.08
SRS2,4/16/2008,-9999,70.98,0.14
SRS2,4/22/2008,-9999,78.347,0.11
SRS2,4/28/2008,-9999,22.234,0.17
SRS2,5/4/2008,-9999,98.986,0.19
SRS2,5/10/2008,-9999,107.624,0.18
SRS2,5/16/2008,-9999,83.983,0.22
SRS2,5/20/2008,-9999,106.139,0.28
SRS2,5/26/2008,-9999,151.816,-9999
SRS2,6/1/2008,-9999,109.736,0.78
SRS2,6/7/2008,-9999,97.028,0.83
SRS2,6/13/2008,-9999,105.038,0.79
SRS2,6/19/2008,-9999,121.658,1.65
SRS2,6/24/2008,-9999,69.267,0.59
SRS2,6/30/2008,-9999,50.401,0.36
SRS2,7/6/2008,-9999,54.855,0.29
SRS2,7/12/2008,-9999,38.522,0.36
SRS2,7/18/2008,-9999,34.633,0.36
SRS2,7/24/2008,-9999,21.473,0.32
SRS2,7/30/2008,-9999,20.797,0.28
SRS2,8/5/2008,-9999,22.56,0.37
SRS2,8/9/2008,-9999,41.39,0.33
SRS2,8/15/2008,-9999,44.885,0.46
SRS2,8/21/2008,-9999,37.297,0.29
SRS2,8/27/2008,-9999,25.217,0.22
SRS2,9/2/2008,-9999,24.782,0.21
SRS2,9/8/2008,-9999,27.245,0.21
SRS2,9/14/2008,-9999,31.018,0.26
SRS2,9/18/2008,-9999,40.654,0.24
SRS2,9/24/2008,-9999,47.561,0.17
SRS2,9/30/2008,-9999,39.407,0.13
SRS2,10/5/2008,-9999,23.183,0.19
SRS2,10/12/2008,-9999,29.475,0.1
SRS2,10/18/2008,-9999,31.222,0.1
SRS2,10/24/2008,-9999,30.942,0.11
SRS2,10/30/2008,-9999,28.713,0.17
SRS2,11/3/2008,-9999,29.174,0.14
SRS2,11/9/2008,-9999,31.341,0.15
SRS2,11/15/2008,-9999,29.006,0.1
SRS2,11/21/2008,-9999,35.589,0.13
SRS2,11/27/2008,-9999,32.814,0.13
SRS2,12/2/2008,-9999,28.836,0.13
SRS2,12/8/2008,-9999,41.666,0.17
SRS2,12/14/2008,-9999,34.802,0.15
SRS2,12/20/2008,-9999,36.487,0.13
SRS2,12/26/2008,-9999,36.01,0.14
SRS2,1/1/2009,-9999,35.051,0.18
SRS2,1/5/2009,-9999,39.452,0.19
SRS2,1/11/2009,-9999,92.993,0.16
SRS2,1/17/2009,-9999,102.432,0.28
SRS2,1/23/2009,-9999,102.303,0.22
SRS2,1/29/2009,-9999,97.683,0.34
SRS2,2/2/2009,-9999,-9999,-9999
SRS2,2/8/2009,-9999,84.889,0.21
SRS2,2/14/2009,-9999,94.772,0.28
SRS2,2/20/2009,-9999,110.879,0.32
SRS2,2/26/2009,-9999,147.951,0.19
SRS2,3/2/2009,-9999,166.112,0.22
SRS2,3/8/2009,-9999,156.461,0.29
SRS2,3/14/2009,-9999,131.147,0.32
SRS2,3/20/2009,-9999,124.029,0.36
SRS2,3/26/2009,-9999,136.013,0.35
SRS2,3/31/2009,-9999,159.69,0.46
SRS2,4/7/2009,-9999,91.659,0.36
SRS2,4/11/2009,-9999,88.893,0.4
SRS2,5/24/2009,-9999,-9999,0.36
SRS2,5/30/2009,-9999,-9999,-9999
SRS2,6/5/2009,-9999,126.536,0.63
SRS2,6/11/2009,-9999,157.059,0.33
SRS2,6/17/2009,-9999,169.183,0.16
SRS2,6/23/2009,-9999,151.86,0.21
SRS2,6/28/2009,-9999,159.938,0.23
SRS2,7/5/2009,-9999,75.963,-9999
SRS2,7/11/2009,-9999,158.618,0.21
SRS2,7/16/2009,-9999,135.26,0.25
SRS2,7/22/2009,-9999,103.385,-9999
SRS2,7/28/2009,-9999,87.235,0.17
SRS2,8/3/2009,-9999,51.355,0.23
SRS2,8/9/2009,-9999,53.347,0.3
SRS2,8/10/2009,-9999,68.309,0.21
SRS2,8/19/2009,-9999,-9999,-9999
SRS2,8/25/2009,-9999,84.137,0.61
SRS2,8/31/2009,-9999,77.826,0.29
SRS2,9/6/2009,-9999,64.71,0.3
SRS2,9/12/2009,-9999,31.411,0.04
SRS2,9/18/2009,-9999,13.851,0.03
SRS2,9/24/2009,-9999,22.725,0.11
SRS2,9/30/2009,-9999,22.34,0.05
SRS2,10/5/2009,-9999,29.267,0.16
SRS2,10/11/2009,-9999,91.403,0.32
SRS2,10/17/2009,-9999,111.278,0.24
SRS2,10/23/2009,-9999,97.727,0.37
SRS2,10/29/2009,-9999,86.474,0.29
SRS2,11/4/2009,-9999,93.167,0.23
SRS2,11/9/2009,-9999,97.538,0.35
SRS2,11/15/2009,-9999,173.31,0.24
SRS2,11/21/2009,-9999,129.576,0.15
SRS2,11/27/2009,-9999,135.047,0.12
SRS2,12/3/2009,-9999,143.364,0.13
SRS2,12/7/2009,-9999,137.604,0.14
SRS2,12/13/2009,-9999,209.735,0.55
SRS2,12/19/2009,-9999,215.081,0.19
SRS2,12/25/2009,-9999,202.9,0.11
SRS2,12/31/2009,-9999,205.407,0.09
SRS2,1/6/2010,-9999,202.01,0.09
SRS2,1/12/2010,-9999,241.793,0.1
SRS2,1/17/2010,-9999,141.028,0.59
SRS2,1/23/2010,-9999,133.289,0.48
SRS2,1/25/2010,-9999,132.433,0.56
SRS2,2/7/2010,-9999,209.609,0.16
SRS2,2/13/2010,-9999,973.054,0.15
SRS2,2/18/2010,-9999,1005.894,0.17
SRS2,3/13/2010,-9999,213.008,0.31
SRS2,3/19/2010,-9999,216.955,0.25
SRS2,3/25/2010,-9999,196.376,0.25
SRS2,3/31/2010,-9999,186.687,0.28
SRS2,4/6/2010,-9999,188.125,0.33
SRS2,4/10/2010,-9999,118.331,0.34
SRS2,4/16/2010,-9999,99.484,0.19
SRS2,4/22/2010,-9999,98.06,0.36
SRS2,4/28/2010,-9999,93.205,0.27
SRS2,5/4/2010,-9999,100.73,0.18
SRS2,5/8/2010,-9999,122.443,0.24
SRS2,5/14/2010,-9999,150.605,0.2
SRS2,5/20/2010,-9999,173.698,-9999
SRS2,5/26/2010,-9999,463.956,0.37
SRS2,6/1/2010,-9999,172.068,0.28
SRS2,6/7/2010,-9999,146.229,0.3
SRS2,6/13/2010,-9999,150.691,0.25
SRS2,6/19/2010,-9999,83.297,0.2
SRS2,6/25/2010,-9999,78.416,0.21
SRS2,7/1/2010,-9999,73.175,0.27
SRS2,7/6/2010,-9999,63.193,0.22
SRS2,7/13/2010,-9999,43.897,0.17
SRS2,7/19/2010,-9999,40.638,0.15
SRS2,7/25/2010,-9999,49.604,0.17
SRS2,7/31/2010,-9999,41.863,0.17
SRS2,8/6/2010,-9999,44.953,0.16
SRS2,8/12/2010,-9999,70.169,0.18
SRS2,8/18/2010,-9999,69.148,0.13
SRS2,8/24/2010,-9999,87.428,0.65
SRS2,8/30/2010,-9999,75.073,0.12
SRS2,9/5/2010,-9999,70.653,0.19
SRS2,9/10/2010,-9999,82.919,0.3
SRS2,9/16/2010,-9999,122.419,1.02
SRS2,9/22/2010,-9999,90.708,0.39
SRS2,9/28/2010,-9999,88.694,0.33
SRS2,10/3/2010,-9999,86.059,0.32
SRS2,10/10/2010,-9999,48.716,0.1
SRS2,10/16/2010,-9999,58.836,0.14
SRS2,10/22/2010,-9999,67.748,0.13
SRS2,10/28/2010,-9999,63.043,0.14
SRS2,11/1/2010,-9999,59.357,0.11
SRS2,11/7/2010,-9999,65.213,0.1
SRS2,11/13/2010,-9999,53.619,0.14
SRS2,11/19/2010,-9999,64.475,0.14
SRS2,11/25/2010,-9999,51.251,0.13
SRS2,11/30/2010,-9999,64.656,0.15
SRS2,12/7/2010,-9999,43.152,0.21
SRS2,12/13/2010,-9999,58.419,0.24
SRS2,12/19/2010,-9999,58.189,0.26
SRS2,12/25/2010,-9999,55.694,0.23
SRS2,12/31/2010,-9999,53.991,0.22
SRS2,1/4/2011,-9999,61.178,0.32
SRS2,1/10/2011,-9999,110.512,0.23
SRS2,1/16/2011,-9999,113.833,0.25
SRS2,1/22/2011,-9999,120.606,0.24
SRS2,1/28/2011,-9999,104.203,0.22
SRS2,2/2/2011,-9999,104.016,0.22
SRS2,2/8/2011,-9999,90.624,0.14
SRS2,2/14/2011,-9999,110.254,0.17
SRS2,2/20/2011,-9999,120.095,0.13
SRS2,2/26/2011,-9999,119.409,0.2
SRS2,3/4/2011,-9999,228.649,0.4
SRS2,3/10/2011,-9999,237.818,0.23
SRS2,3/16/2011,-9999,245.017,0.2
SRS2,3/22/2011,-9999,225.835,0.19
SRS2,3/28/2011,-9999,485.92,0.43
SRS2,7/19/2011,-9999,116.817,0.19
SRS2,7/25/2011,-9999,92.922,0.15
SRS2,7/31/2011,-9999,85.911,0.13
SRS2,8/5/2011,-9999,83.803,0.14
SRS2,8/11/2011,-9999,67.478,0.14
SRS2,8/17/2011,-9999,64.565,0.12
SRS2,8/23/2011,-9999,69.929,0.12
SRS2,8/29/2011,-9999,76.556,0.32
SRS2,9/4/2011,-9999,67.204,0.13
SRS2,9/10/2011,-9999,74.216,0.15
SRS2,9/16/2011,-9999,72.998,0.27
SRS2,9/22/2011,-9999,74.601,0.27
SRS2,9/28/2011,-9999,68.244,0.18
SRS2,10/4/2011,-9999,57.774,0.21
SRS2,10/10/2011,-9999,65.197,0.22
SRS2,10/15/2011,-9999,64.799,0.29
SRS2,10/21/2011,-9999,61.539,0.2
SRS2,10/27/2011,-9999,49.407,0.17
SRS2,11/2/2011,-9999,53.899,0.21
SRS2,11/7/2011,-9999,59.186,0.21
SRS2,11/13/2011,-9999,156.268,0.33
SRS2,11/19/2011,-9999,161.076,0.27
SRS2,11/25/2011,-9999,197.072,-9999
SRS2,12/1/2011,-9999,145.019,0.37
SRS2,12/7/2011,-9999,134.553,0.29
SRS2,12/13/2011,-9999,-9999,-9999
SRS2,12/17/2011,-9999,169.35,0.54
SRS2,12/23/2011,-9999,188.773,0.33
SRS2,12/29/2011,-9999,179.217,0.32
SRS2,1/4/2012,-9999,172.497,0.24
SRS2,1/10/2012,-9999,-9999,-9999
SRS2,1/16/2012,-9999,130.01,0.16
SRS2,1/22/2012,-9999,237.591,-9999
SRS2,1/28/2012,-9999,125.44,0.31
SRS2,2/1/2012,-9999,169.131,0.26
SRS2,2/7/2012,-9999,134.871,-9999
SRS2,2/13/2012,-9999,113.616,-9999
SRS2,2/19/2012,-9999,94.592,-9999
SRS2,2/25/2012,-9999,90.972,-9999
SRS2,3/1/2012,-9999,95.836,-9999
SRS2,3/7/2012,-9999,81.138,0.18
SRS2,3/13/2012,-9999,131.762,0.16
SRS2,3/19/2012,-9999,206.271,-9999
SRS2,3/25/2012,-9999,134.174,0.34
SRS2,3/31/2012,-9999,150.246,0.29
SRS2,4/6/2012,-9999,135.595,0.28
SRS2,4/11/2012,-9999,187.037,0.35
SRS2,4/18/2012,-9999,135.386,0.21
SRS2,4/24/2012,-9999,102.318,0.19
SRS2,4/30/2012,-9999,83.869,0.17
SRS2,5/6/2012,-9999,68.897,0.2
SRS2,5/9/2012,-9999,100.863,0.16
SRS2,5/22/2012,-9999,81.646,0.56
SRS2,5/28/2012,-9999,55.835,0.16
SRS2,6/3/2012,-9999,53.8,0.15
SRS2,6/9/2012,-9999,55.852,0.17
SRS2,6/15/2012,-9999,61.096,0.21
SRS2,6/19/2012,-9999,63.463,0.24
SRS2,6/25/2012,-9999,66.853,0.12
SRS2,7/1/2012,-9999,72.779,0.14
SRS2,7/7/2012,-9999,77.442,0.32
SRS2,7/13/2012,-9999,70.65,0.5
SRS2,7/17/2012,-9999,61.952,0.2
SRS2,8/4/2012,-9999,90.382,0.2
SRS2,8/10/2012,-9999,84.449,0.21
SRS2,8/14/2012,-9999,67.98,0.34
SRS2,8/20/2012,-9999,89.187,0.15
SRS2,8/26/2012,-9999,82.74,0.12
SRS2,9/1/2012,-9999,81.505,0.11
SRS2,9/7/2012,-9999,75.018,0.15
SRS2,9/13/2012,-9999,74.926,0.2
SRS2,9/17/2012,-9999,47.631,0.17
SRS2,9/23/2012,-9999,57.632,0.41
SRS2,9/29/2012,-9999,45.715,0.16
SRS2,10/5/2012,-9999,44.087,0.13
SRS2,10/10/2012,-9999,42.74,0.15
SRS2,10/16/2012,-9999,52.542,0.15
SRS2,10/22/2012,-9999,51.769,0.13
SRS2,10/28/2012,-9999,57.047,0.15
SRS2,11/1/2012,-9999,50.31,0.17
SRS2,11/7/2012,-9999,52.403,0.21
SRS2,11/13/2012,-9999,49.286,0.15
SRS2,11/19/2012,-9999,51.135,0.18
SRS2,11/25/2012,-9999,43.613,0.19
SRS2,12/1/2012,-9999,53.691,0.21
SRS2,12/7/2012,-9999,70.054,0.24
SRS2,12/13/2012,-9999,54.047,0.21
SRS2,12/17/2012,-9999,61.63,0.25
SRS2,12/23/2012,-9999,43.422,0.21
SRS2,12/29/2012,-9999,45.726,0.25
SRS2,1/4/2013,-9999,48.181,0.26
SRS2,1/8/2013,-9999,48.788,0.29
SRS2,1/14/2013,-9999,83.147,0.31
SRS2,1/20/2013,-9999,92.869,0.4
SRS2,1/26/2013,-9999,93.652,0.37
SRS2,2/1/2013,-9999,94.922,0.47
SRS2,2/7/2013,-9999,94.946,0.37
SRS2,2/12/2013,-9999,106.173,0.33
SRS2,2/18/2013,-9999,106.438,0.21
SRS2,2/24/2013,-9999,102.592,0.11
SRS2,3/2/2013,-9999,101,0.14
SRS2,3/7/2013,-9999,92.837,0.57
SRS2,3/13/2013,-9999,105.631,0.66
SRS2,3/19/2013,-9999,102.05,0.58
SRS2,3/25/2013,-9999,132.877,0.61
SRS2,3/31/2013,-9999,125.024,0.6
SRS2,4/4/2013,-9999,138.693,0.73
SRS2,4/10/2013,-9999,112.715,0.39
SRS2,4/16/2013,-9999,135.607,0.36
SRS2,4/22/2013,-9999,125.672,1.19
SRS2,4/28/2013,-9999,123.41,0.52
SRS2,5/4/2013,-9999,68.35,0.35
SRS2,5/8/2013,-9999,82.291,0.22
SRS2,5/14/2013,-9999,92.526,0.2
SRS2,5/20/2013,-9999,96.807,0.22
SRS2,5/26/2013,-9999,55.407,0.12
SRS2,6/1/2013,-9999,47.935,0.19
SRS2,6/7/2013,-9999,48.435,0.14
SRS2,6/13/2013,-9999,55.445,0.26
SRS2,6/19/2013,-9999,60.037,0.17
SRS2,6/23/2013,-9999,51.468,0.22
SRS2,6/29/2013,-9999,46.103,0.12
SRS2,7/5/2013,-9999,37.86,0.13
SRS2,7/10/2013,-9999,41.747,0.18
SRS2,7/18/2013,-9999,30.179,0.12
SRS2,7/24/2013,-9999,37.792,0.17
SRS2,7/30/2013,-9999,42.107,0.21
SRS2,8/5/2013,-9999,81.159,1.05
SRS2,8/11/2013,-9999,53.993,0.29
SRS2,8/16/2013,-9999,49.428,0.34
SRS2,9/15/2013,-9999,44.958,0.13
SRS2,9/21/2013,-9999,44.919,0.15
SRS2,9/27/2013,-9999,45.53,0.15
SRS2,10/3/2013,-9999,48.959,0.13
SRS2,10/9/2013,-9999,45.867,0.15
SRS2,10/15/2013,-9999,52.33,0.13
SRS2,10/21/2013,-9999,49.628,0.16
SRS2,10/27/2013,-9999,47.124,0.14
SRS2,11/2/2013,-9999,47.878,0.09
SRS2,11/7/2013,-9999,47.374,0.12
SRS2,11/13/2013,-9999,47.74,0.27
SRS2,11/19/2013,-9999,47.241,0.13
SRS2,11/25/2013,-9999,48.357,0.18
SRS2,12/1/2013,-9999,39.814,0.14
SRS2,12/7/2013,-9999,39.889,0.13
SRS2,12/13/2013,-9999,48.982,0.18
SRS2,12/19/2013,-9999,47.635,0.09
SRS2,12/25/2013,-9999,45.895,0.1
SRS2,12/31/2013,-9999,47.981,0.11
SRS2,1/6/2014,-9999,56.957,0.12
SRS2,1/12/2014,-9999,58.027,0.12
SRS2,1/17/2014,-9999,64.439,0.14
SRS2,1/23/2014,-9999,70.504,0.15
SRS2,1/29/2014,-9999,80.138,0.12
SRS2,2/4/2014,-9999,89.51,0.17
SRS2,2/8/2014,-9999,78.312,1.45
SRS2,2/14/2014,-9999,95.42,2.18
SRS2,2/20/2014,-9999,80.412,1.58
SRS2,2/26/2014,-9999,83.832,1.58
SRS2,3/4/2014,-9999,88.421,1.64
SRS2,3/9/2014,-9999,87.405,0.3
SRS2,3/15/2014,-9999,91.238,0.33
SRS2,3/21/2014,-9999,97.499,0.37
SRS2,3/27/2014,-9999,93.686,0.32
SRS2,4/1/2014,-9999,87.944,0.35
SRS2,4/7/2014,-9999,82.948,0.15
SRS2,4/13/2014,-9999,97.835,0.19
SRS2,4/19/2014,-9999,92.701,0.19
SRS2,4/25/2014,-9999,86.536,0.18
SRS2,5/1/2014,-9999,95.055,0.18
SRS2,5/7/2014,-9999,90.384,0.23
SRS2,5/12/2014,-9999,96.745,0.29
SRS2,5/18/2014,-9999,120.102,0.61
SRS2,5/24/2014,-9999,145.812,0.67
SRS2,5/29/2014,-9999,177.839,0.73
SRS2,6/5/2014,-9999,148.704,0.76
SRS2,6/11/2014,-9999,139.382,0.64
SRS2,6/17/2014,-9999,74.178,0.4
SRS2,6/23/2014,-9999,71.751,0.6
SRS2,6/29/2014,-9999,70.347,0.46
SRS2,7/5/2014,-9999,63.302,0.43
SRS2,7/11/2014,-9999,55.616,0.57
SRS2,7/16/2014,-9999,65.947,4.35
SRS2,7/22/2014,-9999,58.036,0.13
SRS2,7/28/2014,-9999,54.203,0.25
SRS2,8/3/2014,-9999,61.014,0.27
SRS2,8/9/2014,-9999,48.649,0.14
SRS2,8/14/2014,-9999,53.217,0.16
SRS2,8/21/2014,-9999,53.638,0.12
SRS2,8/27/2014,-9999,47.557,0.17
SRS2,9/2/2014,-9999,47.001,0.12
SRS2,9/8/2014,-9999,53.41,0.15
SRS2,9/14/2014,-9999,47.714,0.29
SRS2,9/18/2014,-9999,59.497,0.11
SRS2,9/24/2014,-9999,60.818,0.1
SRS2,9/30/2014,-9999,60.954,0.12
SRS2,10/6/2014,-9999,66.164,0.13
SRS2,10/12/2014,-9999,52.085,0.19
SRS2,10/18/2014,-9999,70.395,0.13
SRS2,10/24/2014,-9999,69.515,0.09
SRS2,10/30/2014,-9999,67.404,0.1
SRS2,11/5/2014,-9999,65.371,0.14
SRS2,11/10/2014,-9999,67.117,0.32
SRS2,11/16/2014,-9999,63.127,0.1
SRS2,11/22/2014,-9999,67.932,0.09
SRS2,11/28/2014,-9999,67.912,0.09
SRS2,12/3/2014,-9999,70.196,0.14
SRS2,12/10/2014,-9999,48.671,0.07
SRS2,12/16/2014,-9999,48.908,0.09
SRS2,12/22/2014,-9999,49.772,0.11
SRS2,12/28/2014,-9999,50.25,0.17
SRS2,1/3/2015,-9999,53.55,0.12
SRS2,1/9/2015,-9999,56.573,0.12
SRS2,1/13/2015,-9999,60.619,0.11
SRS2,1/19/2015,-9999,65.48,0.23
SRS2,1/25/2015,-9999,70.562,0.23
SRS2,1/31/2015,-9999,78.264,0.26
SRS2,2/5/2015,-9999,74.729,0.22
SRS2,2/11/2015,-9999,84.687,0.23
SRS2,2/17/2015,-9999,94.802,0.24
SRS2,2/23/2015,-9999,103.928,0.3
SRS2,3/1/2015,-9999,93.395,0.26
SRS2,3/5/2015,-9999,124.058,0.24
SRS2,3/11/2015,-9999,119.932,0.24
SRS2,3/17/2015,-9999,131.601,0.24
SRS2,3/23/2015,-9999,128.476,0.28
SRS2,3/29/2015,-9999,137.143,0.3
SRS2,4/4/2015,-9999,129.922,0.29
SRS2,4/9/2015,-9999,144.813,0.37
SRS2,4/10/2015,-9999,163.68,0.54
SRS2,5/3/2015,-9999,69.387,0.37
SRS2,5/9/2015,-9999,87.091,0.41
SRS2,5/15/2015,-9999,97.716,0.45
SRS2,5/19/2015,-9999,110.459,0.59
SRS2,5/26/2015,-9999,92.585,0.49
SRS2,6/2/2015,-9999,116.328,0.21
SRS2,6/8/2015,-9999,115.59,0.19
SRS2,6/14/2015,-9999,102.797,0.18
SRS2,6/20/2015,-9999,109.255,0.27
SRS2,6/26/2015,-9999,78.45,0.22
SRS2,7/2/2015,-9999,69.219,0.2
SRS2,7/8/2015,-9999,162.893,1.6
SRS2,7/13/2015,-9999,57.126,0.17
SRS2,7/19/2015,-9999,43.346,0.15
SRS2,7/25/2015,-9999,51.844,0.18
SRS2,7/31/2015,-9999,54.787,0.17
SRS2,8/6/2015,-9999,60.925,0.27
SRS2,8/11/2015,-9999,76.628,0.29
SRS2,8/17/2015,-9999,71.765,0.17
SRS2,8/23/2015,-9999,88.98,0.83
SRS2,8/29/2015,-9999,98.562,0.25
SRS2,9/4/2015,-9999,87.556,0.2
SRS2,9/10/2015,-9999,85.14,0.16
SRS2,9/16/2015,-9999,91.335,0.2
SRS2,9/20/2015,-9999,75.743,0.27
SRS2,9/26/2015,-9999,74.029,0.19
SRS2,10/2/2015,-9999,67.358,0.14
SRS2,10/8/2015,-9999,70.313,0.27
SRS2,10/14/2015,-9999,61.002,0.26
SRS2,10/20/2015,-9999,54.734,0.23
SRS2,10/26/2015,-9999,67.968,0.31
SRS2,11/1/2015,-9999,68.318,0.34
SRS2,11/6/2015,-9999,82.515,0.31
SRS2,11/9/2015,-9999,78.894,0.36
SRS2,11/18/2015,-9999,59.604,0.18
SRS2,11/24/2015,-9999,59.175,0.16
SRS2,11/30/2015,-9999,69.746,0.26
SRS2,12/6/2015,-9999,64.36,0.24
SRS2,12/12/2015,-9999,58.205,0.22
SRS2,12/18/2015,-9999,58.215,0.21
SRS2,12/24/2015,-9999,61.002,0.25
SRS2,12/30/2015,-9999,60.982,0.29
SRS2,1/5/2016,-9999,61.519,0.31
SRS2,1/10/2016,-9999,53.936,0.14
SRS2,1/16/2016,-9999,55.77,0.19
SRS2,1/22/2016,-9999,51.937,0.15
SRS2,1/28/2016,-9999,45.526,0.16
SRS2,2/2/2016,-9999,43.522,0.19
SRS2,2/8/2016,-9999,42.665,0.19
SRS2,2/14/2016,-9999,40.933,0.19
SRS2,2/20/2016,-9999,52.697,0.89
SRS2,2/26/2016,-9999,42.73,0.22
SRS2,3/2/2016,-9999,43.533,0.21
SRS2,3/8/2016,-9999,50.562,0.18
SRS2,3/14/2016,-9999,53.018,0.21
SRS2,3/20/2016,-9999,56.304,0.28
SRS2,3/26/2016,-9999,55.158,0.16
SRS2,4/1/2016,-9999,55.524,0.16
SRS2,4/5/2016,-9999,60.999,0.18
SRS2,4/11/2016,-9999,67.3,0.2
SRS2,4/17/2016,-9999,65.915,0.26
SRS2,4/23/2016,-9999,67.961,0.24
SRS2,4/29/2016,-9999,57.03,0.59
SRS2,5/5/2016,-9999,67.199,0.25
SRS2,5/10/2016,-9999,60.857,0.23
SRS2,5/16/2016,-9999,59.336,0.18
SRS2,5/22/2016,-9999,48.943,0.17
SRS2,5/28/2016,-9999,50.308,0.17
SRS2,6/3/2016,-9999,53.631,0.19
SRS2,6/9/2016,-9999,58.703,0.15
SRS2,6/15/2016,-9999,73.616,0.19
SRS2,6/21/2016,-9999,76.806,0.13
SRS2,6/27/2016,-9999,74.764,0.13
SRS2,7/3/2016,-9999,84.628,0.14
SRS2,7/9/2016,-9999,80.686,0.18
SRS2,7/15/2016,-9999,81.141,0.15
SRS2,7/19/2016,-9999,85.051,0.34
SRS2,7/25/2016,-9999,59.05,0.13
SRS2,7/31/2016,-9999,59.79,0.15
SRS2,8/6/2016,-9999,57.786,0.13
SRS2,8/12/2016,-9999,58.482,0.17
SRS2,8/18/2016,-9999,61.123,0.13
SRS2,8/24/2016,-9999,60.904,0.13
SRS2,8/30/2016,-9999,56.813,0.13
SRS2,9/5/2016,-9999,52.786,0.13
SRS2,9/11/2016,-9999,57.271,0.14
SRS2,9/17/2016,-9999,44.92,0.19
SRS2,9/23/2016,-9999,46.134,0.19
SRS2,9/29/2016,-9999,40.789,0.17
SRS2,10/5/2016,-9999,37.155,0.19
SRS2,10/11/2016,-9999,39.986,0.23
SRS2,10/17/2016,-9999,43.041,0.2
SRS2,10/23/2016,-9999,45.25,0.14
SRS2,10/29/2016,-9999,45.85,0.16
SRS2,11/2/2016,-9999,46.066,0.15
SRS2,11/8/2016,-9999,50.065,0.16
SRS2,11/14/2016,-9999,50.428,0.18
SRS2,11/20/2016,-9999,53.491,0.16
SRS2,11/26/2016,-9999,51.841,0.17
SRS2,12/1/2016,-9999,56.1,0.19
SRS2,12/7/2016,-9999,59.539,0.54
SRS2,12/13/2016,-9999,79.166,0.89
SRS2,12/19/2016,-9999,84.726,0.76
SRS2,12/25/2016,-9999,71.807,0.55
SRS2,12/31/2016,-9999,86.167,0.63
SRS2,1/5/2017,-9999,88.18,0.75
SRS2,1/11/2017,-9999,83.649,0.3
SRS2,1/17/2017,-9999,85.343,0.28
SRS2,1/23/2017,-9999,94.515,0.27
SRS2,1/25/2017,-9999,89.299,0.26
SRS2,2/4/2017,-9999,89.846,0.32
SRS2,2/10/2017,-9999,95.245,0.36
SRS2,2/16/2017,-9999,96.448,0.38
SRS2,2/22/2017,-9999,105.127,0.38
SRS2,2/28/2017,-9999,119.994,0.47
SRS2,3/6/2017,-9999,118.594,0.46
SRS2,3/10/2017,-9999,121.308,0.17
SRS2,3/16/2017,-9999,117.019,0.56
SRS2,3/22/2017,-9999,111.759,0.4
SRS2,3/28/2017,-9999,115.322,0.47
SRS2,4/3/2017,-9999,169.667,0.39
SRS2,4/4/2017,-9999,128.479,0.59
SRS2,4/25/2017,-9999,174.254,0.36
SRS2,6/6/2017,0.2,183.929,1.98
SRS2,6/12/2017,0.2,80.263,0.43
SRS2,6/18/2017,0.2,81.613,0.68
SRS2,6/22/2017,0.2,83.049,0.9
SRS2,6/28/2017,0.2,87.621,1.02
SRS2,7/4/2017,0.2,90.501,1.47
SRS2,7/10/2017,0.2,82.119,0.87
SRS2,7/16/2017,0.2,67.118,0.75
SRS2,7/21/2017,0.2,88.322,1.63
SRS2,7/27/2017,0.2,62.175,0.35
SRS2,8/2/2017,0.2,59.179,0.37
SRS2,8/8/2017,0.1,46.184,0.31
SRS2,8/14/2017,0.2,51.03,1.11
SRS2,8/20/2017,0.2,55.85,1.1
SRS2,8/26/2017,0.2,45.749,1.08
SRS2,9/1/2017,0.1,44.118,0.92
SRS2,9/7/2017,0.2,49.266,0.89
SRS2,9/13/2017,0.1,49.33,0.57
SRS2,9/19/2017,0.1,48.245,0.83
SRS2,9/25/2017,0.1,43.102,0.56
SRS2,9/29/2017,0.1,38.879,0.43
SRS2,10/5/2017,0.1,41.301,1.25
SRS2,10/10/2017,0.1,31.967,1.15
SRS2,10/16/2017,0.1,40.666,0.25
SRS2,10/22/2017,0.1,36.808,0.23
SRS2,10/28/2017,0.1,42.438,0.23
SRS2,11/3/2017,0.1,39.623,0.23
SRS2,11/7/2017,0.1,39.825,0.28
SRS2,11/13/2017,0.1,30.616,0.32
SRS2,11/19/2017,0.1,31.313,0.37
SRS2,11/25/2017,0.1,29.473,0.46
SRS2,12/1/2017,0.1,28.703,0.5
SRS2,12/5/2017,0.1,31.166,0.47
SRS2,12/11/2017,0.2,55.374,0.47
SRS2,12/17/2017,0.2,50.79,0.47
SRS2,12/23/2017,0.2,50.254,0.5
SRS2,12/29/2017,0.2,51.487,0.54
SRS2,1/4/2018,0.2,53.826,0.6
SRS2,1/9/2018,0.2,52.993,0.7
SRS2,1/15/2018,0.2,53.541,0.28
SRS2,1/21/2018,0.2,54.697,0.28
SRS2,1/27/2018,0.2,57.07,0.27
SRS2,2/1/2018,0.2,59.038,0.26
SRS2,2/8/2018,0.2,54.163,0.21
SRS2,2/14/2018,0.2,65.584,0.2
SRS2,2/20/2018,0.2,56.48,0.26
SRS2,2/26/2018,0.2,60.13,0.28
SRS2,3/4/2018,0.2,62.095,0.27
SRS2,3/8/2018,0.2,64.204,0.3
SRS2,3/14/2018,0.3,72.261,1.1
SRS2,3/20/2018,0.2,72.237,1.11
SRS2,3/26/2018,0.3,81.142,1.14
SRS2,4/1/2018,0.3,75.444,1.08
SRS2,4/7/2018,0.3,84.992,1.14
SRS2,4/12/2018,0.3,107.454,0.6
SRS2,4/18/2018,0.3,104.169,0.54
SRS2,4/24/2018,0.3,117.638,0.62
SRS2,4/30/2018,0.3,123.044,0.7
SRS2,5/6/2018,0.3,144.249,1.47
SRS2,5/10/2018,0.4,154.435,1.19
SRS2,5/16/2018,0.4,141.317,0.58
SRS2,5/22/2018,0.3,91.229,0.39
SRS2,5/28/2018,0.2,63.755,0.38
SRS2,6/3/2018,0.2,58.81,0.37
SRS2,6/7/2018,0.2,54.625,0.73
SRS2,6/13/2018,0.2,44.623,0.42
SRS2,6/19/2018,0.2,43.484,0.56
SRS2,6/25/2018,0.2,44.874,0.63
SRS2,7/1/2018,0.2,49.764,0.63
SRS2,7/7/2018,0.2,53.64,0.7
SRS2,7/12/2018,0.2,53.433,0.77
SRS2,7/18/2018,0.2,65.497,0.34
SRS2,7/24/2018,0.2,67.511,0.3
SRS2,7/30/2018,0.2,66.693,0.31
SRS2,8/5/2018,0.2,57.378,0.38
SRS2,8/10/2018,0.2,66.196,0.34
SRS2,8/16/2018,0.2,45.954,0.42
SRS2,8/22/2018,0.2,44.149,0.42
SRS2,8/28/2018,0.2,43.231,0.38
SRS2,9/3/2018,0.2,43.669,0.36
SRS2,9/9/2018,0.2,39.081,0.36
SRS2,9/13/2018,0.2,43.623,0.45
SRS2,9/19/2018,0.2,54.707,0.23
SRS2,9/25/2018,0.2,52.121,0.19
SRS2,10/1/2018,0.2,54.832,0.2
SRS2,10/7/2018,0.2,60.187,0.19
SRS2,10/13/2018,0.2,58.719,0.19
SRS2,10/18/2018,0.2,63.089,0.21
SRS2,10/24/2018,0.2,64.568,0.21
SRS2,10/30/2018,0.2,65.549,0.21
SRS2,11/4/2018,0.2,66.366,0.93
SRS2,11/10/2018,0.2,63.733,1.07
SRS2,11/16/2018,0.2,64.247,0.9
SRS2,11/22/2018,0.2,65.276,0.78
SRS2,11/28/2018,0.2,70.759,0.68
SRS2,12/4/2018,0.3,74.918,1.01
SRS2,12/9/2018,0.3,56.226,0.57
SRS2,12/15/2018,0.3,61.693,0.67
SRS2,12/21/2018,0.3,55.265,0.56
SRS2,12/27/2018,0.2,53.255,0.55
SRS2,1/2/2019,0.3,54.463,0.65
SRS2,1/7/2019,0.3,57.642,0.98
SRS2,1/14/2019,0.3,95.165,0.39
SRS2,1/20/2019,0.3,94.353,0.35
SRS2,1/26/2019,0.3,102.42,0.33
SRS2,2/1/2019,0.2,93.753,0.27
SRS2,2/5/2019,0.2,94.44,0.38
SRS2,2/11/2019,0.3,113.458,0.6
SRS2,2/17/2019,0.2,95.953,0.52
SRS2,2/23/2019,0.2,91.149,0.58
SRS2,3/1/2019,0.2,93.978,0.72
SRS2,3/7/2019,0.3,99.425,0.68
SRS2,3/12/2019,0.3,115.459,0.73
SRS2,3/19/2019,0.3,114.985,0.39
SRS2,3/25/2019,0.3,103.819,0.38
SRS2,3/31/2019,0.3,116.63,0.41
SRS2,4/6/2019,0.3,131.904,0.76
SRS2,4/12/2019,0.3,119.205,0.71
SRS2,4/18/2019,0.3,111.362,0.66
SRS2,4/24/2019,0.3,122.396,0.83
SRS2,4/30/2019,0.3,122.673,0.93
SRS2,5/5/2019,0.2,89.761,0.85
SRS2,5/12/2019,0.3,117.143,0.85
SRS2,5/18/2019,0.3,123.571,0.32
SRS2,5/24/2019,0.3,138.571,0.35
SRS2,5/30/2019,0.4,180,0.48
SRS2,6/5/2019,0.3,206.429,0.95
SRS2,6/9/2019,0.2,176.19,0.52
SRS2,6/15/2019,0.2,173.095,0.39
SRS2,6/21/2019,0.2,145.952,0.34
SRS2,6/27/2019,0.2,101.905,0.36
SRS2,7/1/2019,0.2,80.238,0.41
SRS2,7/7/2019,0.2,72.143,0.94
SRS2,7/13/2019,0.2,55.714,0.24
SRS2,7/19/2019,0.2,62.143,0.26
SRS2,7/25/2019,0.2,58.571,0.24
SRS2,7/31/2019,0.2,69.286,0.26
SRS2,8/5/2019,0.2,77.857,1.08
SRS2,8/12/2019,0.2,66.429,0.72
SRS2,8/18/2019,0.2,57.857,0.52
SRS2,8/24/2019,0.1,47.143,0.54
SRS2,8/30/2019,0.2,59.286,1.14
SRS2,9/5/2019,0.2,55,0.59
SRS2,9/10/2019,0.2,61.429,0.71
SRS2,9/16/2019,0.2,80,1.4
SRS2,9/22/2019,0.2,70.238,0.79
SRS2,9/28/2019,0.2,70.476,0.91
SRS2,10/4/2019,0.2,73.095,0.81
SRS2,10/10/2019,0.2,71.429,0.5
SRS2,10/16/2019,0.2,70.476,0.53
SRS2,10/22/2019,0.2,71.905,0.53
SRS2,10/28/2019,0.3,72.381,0.66
SRS2,11/3/2019,0.3,72.381,0.72
SRS2,11/9/2019,0.3,74.629,0.48
SRS2,11/15/2019,0.3,72.067,0.45
SRS2,11/21/2019,0.3,52.308,1.43
SRS2,11/27/2019,0.3,53.172,0.47
SRS2,12/3/2019,0.3,55.639,0.38
SRS2,12/9/2019,0.3,58.017,0.49
SRS2,12/13/2019,0.3,84.286,0.72
SRS2,12/19/2019,0.3,86.905,0.8
SRS2,12/25/2019,0.3,82.619,0.86
SRS2,12/31/2019,0.3,76.19,1
SRS2,1/6/2020,0.3,74.048,1.06
SRS2,1/10/2020,0.3,84.048,0.22
SRS2,1/16/2020,0.3,84.524,0.3
SRS2,1/22/2020,0.3,84.762,0.22
SRS2,1/28/2020,0.3,84.524,0.19
SRS2,2/3/2020,0.3,82.143,0.19
SRS2,2/8/2020,0.3,76.667,0.65
SRS2,2/14/2020,0.3,79.048,0.65
SRS2,2/20/2020,0.3,82.619,0.67
SRS2,2/26/2020,0.3,83.095,0.61
SRS2,3/3/2020,0.3,88.095,0.59
SRS2,3/8/2020,0.3,88.571,0.67
SRS2,3/15/2020,0.3,106.429,0.28
SRS2,3/21/2020,0.3,115.476,0.34
SRS2,3/27/2020,0.3,138.571,0.32
SRS2,4/2/2020,0.4,154.524,0.42
SRS2,4/8/2020,0.4,156.905,0.35
SRS2,4/14/2020,0.4,223.81,0.69
SRS2,4/20/2020,0.5,314.286,0.92
SRS2,6/21/2020,0.3,187.381,0.64
SRS2,6/27/2020,0.2,125.238,0.67
SRS2,7/3/2020,0.2,115.714,0.47
SRS2,7/9/2020,0.2,106.667,0.68
SRS2,7/14/2020,0.2,85.476,0.54
SRS2,7/21/2020,0.2,60.135,1.18
SRS2,7/27/2020,0.3,52.397,0.99
SRS2,8/2/2020,0.2,52.487,0.98
SRS2,8/8/2020,0.2,46.727,1.25
SRS2,8/14/2020,0.2,86.19,1.06
SRS2,8/20/2020,0.2,90.952,1.14
SRS2,8/25/2020,0.3,85.238,1.4
SRS2,9/1/2020,0.2,54.14,1.05
SRS2,9/7/2020,0.2,54.89,0.92
SRS2,9/12/2020,0.2,46.204,0.51
SRS2,9/18/2020,0.2,41.982,0.54
SRS2,9/24/2020,0.2,44.429,0.28
SRS2,9/30/2020,0.2,43.271,0.54
SRS2,10/5/2020,0.2,46.625,0.74
SRS2,10/11/2020,0.2,46.332,0.84
SRS2,10/17/2020,0.2,45.336,0.83
SRS2,10/23/2020,0.2,43.535,0.75
SRS2,10/29/2020,0.2,24.217,0.75
SRS2,11/2/2020,0.2,38.717,0.95
SRS2,11/8/2020,0.2,43.917,0.86
SRS2,11/14/2020,0.2,81.281,0.7
SRS2,11/20/2020,0.2,34.329,0.74
SRS2,11/26/2020,0.2,33.826,0.93
SRS2,12/2/2020,0.2,46.65,1.12
SRS2,12/7/2020,0.1,38.08,1.29
SRS2,12/14/2020,0.2,71.19,0.66
SRS2,12/20/2020,0.2,70.238,0.6
SRS2,12/26/2020,0.2,70.238,0.63
SRS2,1/1/2021,0.2,67.381,0.67
SRS2,1/7/2021,0.2,69.524,0.75
SRS2,1/11/2021,0.2,69.524,0.8
SRS2,1/17/2021,0.3,65.476,0.86
SRS2,1/23/2021,0.3,65.238,0.99
SRS2,1/29/2021,0.3,74.762,0.95
SRS2,2/4/2021,0.3,72.381,1.23
SRS2,2/8/2021,0.3,74.048,0.99
SRS2,2/14/2021,0.3,87.381,0.7
SRS2,2/20/2021,0.3,89.762,0.64
SRS2,2/26/2021,0.3,84.524,0.59
SRS2,3/4/2021,0.3,86.667,0.34
SRS2,3/10/2021,0.3,87.381,0.36
SRS2,3/16/2021,0.3,85.952,0.39
SRS2,3/22/2021,0.3,90,0.35
SRS2,3/28/2021,0.3,90.952,0.4
SRS2,4/3/2021,0.4,95.238,0.41
SRS2,4/9/2021,0.4,92.619,0.44
SRS2,4/15/2021,0.4,99.048,0.97
SRS2,4/21/2021,0.4,104.762,1.06
SRS2,4/27/2021,0.3,95,0.84
SRS2,5/3/2021,0.3,91.429,1.06
SRS2,5/8/2021,0.3,102.143,0.66
SRS2,5/14/2021,0.4,125.714,0.83
SRS2,5/20/2021,0.4,102.143,0.77
SRS2,5/26/2021,0.4,104.286,0.81
SRS2,6/1/2021,0.4,109.286,0.83
SRS2,6/6/2021,0.2,107.857,0.78
SRS2,6/12/2021,0.4,115.238,0.73
SRS2,6/18/2021,0.3,105.238,0.71
SRS2,6/24/2021,0.3,95.714,0.74
SRS2,6/30/2021,0.3,90.476,0.71
SRS2,7/6/2021,0.3,83.81,0.71
SRS2,7/12/2021,0.2,85,0.62
SRS2,7/16/2021,0.2,78.333,0.75
SRS2,7/22/2021,0.3,75,0.88
SRS2,7/28/2021,0.2,65.357,0.91
SRS2,8/2/2021,0.2,58.333,0.93
SRS2,8/8/2021,0.2,61.19,0.78
SRS2,8/14/2021,0.2,56.429,0.83
SRS2,8/20/2021,0.2,57.143,0.84
SRS2,8/26/2021,0.2,61.667,0.82
SRS2,8/31/2021,0.2,60.714,0.98
SRS2,9/7/2021,0.2,68.333,1.18
SRS2,9/13/2021,0.2,68.81,1.32
SRS2,9/19/2021,0.2,72.143,1.07
SRS2,9/25/2021,0.2,68.571,0.6
SRS2,10/1/2021,0.2,67.857,1.32
SRS2,10/7/2021,0.2,74.762,0.71
SRS2,10/13/2021,0.3,72.143,0.72
SRS2,10/19/2021,0.3,76.905,0.69
SRS2,10/25/2021,0.3,78.81,0.7
SRS2,10/31/2021,0.3,80,0.71
SRS2,11/4/2021,0.3,90.952,0.64
SRS2,11/10/2021,0.3,85.952,0.69
SRS2,11/16/2021,0.3,84.048,0.59
SRS2,11/22/2021,0.3,78.809,0.61
SRS2,11/28/2021,0.3,75.714,0.7
SRS2,12/4/2021,0.3,75,1.05
SRS2,12/10/2021,0.3,82.143,1.15
SRS2,12/16/2021,0.3,82.381,1.15
SRS2,12/22/2021,0.3,83.095,1.16
SRS2,12/28/2021,0.3,80.952,1.13
SRS2,1/3/2022,0.3,83.095,1.16
SRS2,1/8/2022,0.3,80.952,1.19
SRS2,1/14/2022,0.3,83.333,1.13
SRS2,1/20/2022,0.3,81.429,0.98
SRS2,1/26/2022,0.3,79.286,0.93
SRS2,1/31/2022,0.3,81.905,1.12
SRS2,2/7/2022,0.3,66.667,0.92
SRS2,2/13/2022,0.3,65.476,0.99
SRS2,2/19/2022,0.3,58.81,0.74
SRS2,2/25/2022,0.3,58.095,0.81
SRS2,3/1/2022,0.3,58.333,0.83
SRS2,3/7/2022,0.3,62.381,1.09
SRS2,3/13/2022,0.3,63.809,0.5
SRS2,3/19/2022,0.2,65,0.89
SRS2,3/25/2022,0.2,63.571,0.9
SRS2,3/31/2022,0.2,53.571,0.83
SRS2,4/4/2022,0.2,51.666,0.85
SRS2,4/10/2022,0.2,37.353,0.92
SRS2,4/16/2022,0.2,39.873,1
SRS2,4/22/2022,0.2,33.258,1.02
SRS2,4/28/2022,0.2,31.213,1.21
SRS2,5/3/2022,0.2,35.355,1.17
SRS2,5/9/2022,0.2,34.286,0.64
SRS2,5/15/2022,0.2,43.571,0.73
SRS2,5/21/2022,0.2,47.143,0.82
SRS2,5/27/2022,0.2,49.286,0.62
SRS2,6/1/2022,0.3,47.857,0.66
SRS2,6/8/2022,0.2,32.901,0.27
SRS2,6/14/2022,0.2,27.34,0.27
SRS2,6/20/2022,0.2,27.547,0.24
SRS2,6/26/2022,0.2,30.418,0.25
SRS2,7/2/2022,0.2,30.318,0.28
SRS2,7/7/2022,0.2,32.009,0.29
SRS2,7/13/2022,0.2,43.571,0.25
SRS2,7/19/2022,0.2,42.857,0.27
SRS2,7/25/2022,0.2,38.571,0.26
SRS2,7/31/2022,0.2,38.571,0.27
SRS2,8/5/2022,0.2,35.838,0.24
SRS2,8/11/2022,0.2,35.738,0.21
SRS2,8/17/2022,0.2,36.08,0.22
SRS2,8/23/2022,0.2,41.609,0.23
SRS2,8/29/2022,0.2,39.142,0.24
SRS2,9/4/2022,0.2,38.793,0.65
SRS2,9/10/2022,0.2,36.739,0.62
SRS2,9/16/2022,0.2,35.506,0.73
SRS2,9/22/2022,0.2,36.253,0.65
SRS2,9/28/2022,0.2,35.724,0.62
SRS2,10/4/2022,0.2,32.881,0.6
SRS2,10/10/2022,0.2,34.71,0.68
SRS2,10/14/2022,0.2,62.796,0.54
SRS2,10/20/2022,0.2,60.203,0.55
SRS2,10/26/2022,0.2,58.956,0.52
SRS2,11/1/2022,0.2,59.286,0.59
SRS2,11/6/2022,0.2,55.589,0.59
SRS2,11/12/2022,0.2,53.116,0.59
SRS2,11/18/2022,0.2,50.439,0.97
SRS2,11/24/2022,0.2,52.025,0.59
SRS2,11/30/2022,0.2,51.514,0.65
SRS2,12/4/2022,0.3,71.211,0.36
SRS2,12/10/2022,0.3,72.038,0.35
SRS2,12/16/2022,0.3,65.944,0.36
SRS2,12/22/2022,0.3,57.308,0.32
SRS2,12/28/2022,0.3,62.357,0.35
SRS3,11/17/2000,-9999,34.156,0.12
SRS3,11/20/2000,-9999,35.354,0.19
SRS3,11/23/2000,-9999,48.464,0.28
SRS3,11/26/2000,-9999,37.12,0.1
SRS3,11/29/2000,-9999,31.704,0.09
SRS3,12/2/2000,-9999,38.777,0.08
SRS3,12/4/2000,-9999,43.881,0.1
SRS3,12/7/2000,-9999,53.126,0.14
SRS3,12/10/2000,-9999,57.73,0.11
SRS3,12/13/2000,-9999,52.22,0.13
SRS3,12/16/2000,-9999,47.514,0.14
SRS3,12/19/2000,-9999,42.691,0.14
SRS3,12/22/2000,-9999,37.585,0.12
SRS3,12/25/2000,-9999,48.297,0.1
SRS3,12/28/2000,-9999,41.934,0.12
SRS3,12/31/2000,-9999,62.65,0.11
SRS3,1/3/2001,-9999,54.096,0.13
SRS3,1/6/2001,-9999,49.555,0.14
SRS3,1/9/2001,-9999,63.194,0.13
SRS3,1/12/2001,-9999,62.94,0.12
SRS3,1/15/2001,-9999,63.852,0.09
SRS3,1/18/2001,-9999,54.605,0.07
SRS3,1/21/2001,-9999,62.934,0.11
SRS3,1/24/2001,-9999,61.291,0.11
SRS3,1/25/2001,-9999,61.892,0.43
SRS3,1/28/2001,-9999,53.109,-9999
SRS3,1/31/2001,-9999,83.161,-9999
SRS3,2/5/2001,-9999,114.802,-9999
SRS3,3/2/2001,-9999,87.047,-9999
SRS3,3/5/2001,-9999,115.105,0.89
SRS3,3/8/2001,-9999,75.17,0.46
SRS3,3/18/2001,-9999,163.689,0.35
SRS3,3/21/2001,-9999,163.622,0.76
SRS3,3/24/2001,-9999,161.844,0.64
SRS3,3/27/2001,-9999,171.515,0.58
SRS3,3/30/2001,-9999,159.164,0.58
SRS3,4/2/2001,-9999,162.264,-9999
SRS3,4/5/2001,-9999,164.913,0.44
SRS3,4/8/2001,-9999,155.549,0.45
SRS3,4/11/2001,-9999,127.89,-9999
SRS3,4/14/2001,-9999,140.646,-9999
SRS3,4/17/2001,-9999,131.938,-9999
SRS3,4/20/2001,-9999,81.973,1.04
SRS3,4/23/2001,-9999,77.872,0.43
SRS3,4/26/2001,-9999,-9999,0.91
SRS3,4/29/2001,-9999,79.501,0.79
SRS3,5/2/2001,-9999,83.709,0.44
SRS3,5/5/2001,-9999,94.144,0.45
SRS3,5/8/2001,-9999,63.372,0.74
SRS3,5/11/2001,-9999,72.1,0.95
SRS3,5/14/2001,-9999,61.287,0.83
SRS3,5/15/2001,-9999,69.705,-9999
SRS3,5/18/2001,-9999,60.659,-9999
SRS3,5/21/2001,-9999,64.583,0.6
SRS3,5/24/2001,-9999,82.41,0.74
SRS3,5/27/2001,-9999,99.712,0.84
SRS3,5/30/2001,-9999,116.935,0.46
SRS3,6/2/2001,-9999,215.219,0.62
SRS3,6/5/2001,-9999,182.345,0.58
SRS3,6/8/2001,-9999,213.213,0.78
SRS3,6/11/2001,-9999,175.608,0.94
SRS3,6/12/2001,-9999,331.063,1.84
SRS3,6/15/2001,-9999,129.91,0.65
SRS3,6/18/2001,-9999,120.722,0.18
SRS3,6/21/2001,-9999,125.493,0.16
SRS3,6/24/2001,-9999,115.927,0.24
SRS3,6/27/2001,-9999,116.41,0.36
SRS3,6/30/2001,-9999,114.505,0.3
SRS3,7/3/2001,-9999,113.961,0.29
SRS3,7/6/2001,-9999,128.78,1.03
SRS3,7/9/2001,-9999,103.304,0.63
SRS3,7/12/2001,-9999,89.284,0.23
SRS3,7/15/2001,-9999,89.499,0.2
SRS3,7/18/2001,-9999,89.579,0.28
SRS3,7/21/2001,-9999,90.415,0.18
SRS3,7/23/2001,-9999,83.217,0.21
SRS3,7/26/2001,-9999,73.204,0.28
SRS3,7/29/2001,-9999,66.885,0.15
SRS3,8/1/2001,-9999,70.376,0.1
SRS3,8/4/2001,-9999,51.274,0.1
SRS3,8/7/2001,-9999,50.221,0.07
SRS3,8/10/2001,-9999,50.878,0.07
SRS3,8/13/2001,-9999,45.776,0.13
SRS3,8/16/2001,-9999,47.567,0.1
SRS3,8/19/2001,-9999,54.409,0.14
SRS3,8/22/2001,-9999,50.245,0.12
SRS3,8/25/2001,-9999,46.735,0.1
SRS3,8/28/2001,-9999,49.271,0.09
SRS3,8/31/2001,-9999,49.552,0.12
SRS3,9/3/2001,-9999,48.174,0.14
SRS3,9/5/2001,-9999,46.628,0.14
SRS3,9/8/2001,-9999,26.867,0.15
SRS3,9/11/2001,-9999,29.789,0.08
SRS3,9/14/2001,-9999,33.442,0.08
SRS3,9/17/2001,-9999,62.891,0.08
SRS3,9/20/2001,-9999,43.138,0.08
SRS3,9/23/2001,-9999,34.814,0.09
SRS3,9/26/2001,-9999,63.205,0.11
SRS3,9/29/2001,-9999,27.386,0.09
SRS3,10/2/2001,-9999,34.059,0.12
SRS3,10/5/2001,-9999,37.75,0.14
SRS3,10/8/2001,-9999,37.883,0.07
SRS3,10/11/2001,-9999,33.407,0.08
SRS3,10/14/2001,-9999,31.84,0.13
SRS3,10/17/2001,-9999,54.675,0.35
SRS3,10/20/2001,-9999,58.082,0.11
SRS3,10/23/2001,-9999,72.91,0.13
SRS3,10/26/2001,-9999,67.249,0.1
SRS3,10/29/2001,-9999,55.546,0.15
SRS3,11/1/2001,-9999,54.471,0.39
SRS3,11/4/2001,-9999,72.129,0.7
SRS3,11/7/2001,-9999,60.111,0.76
SRS3,11/10/2001,-9999,58.225,0.41
SRS3,11/13/2001,-9999,60.49,0.75
SRS3,11/16/2001,-9999,58.859,-9999
SRS3,11/19/2001,-9999,72.282,0.99
SRS3,11/21/2001,-9999,47.956,0.07
SRS3,11/24/2001,-9999,50.47,0.05
SRS3,11/27/2001,-9999,48.677,0.05
SRS3,11/30/2001,-9999,54.278,0.05
SRS3,12/3/2001,-9999,52.159,0.06
SRS3,12/6/2001,-9999,49.424,0.12
SRS3,12/9/2001,-9999,54.856,0.06
SRS3,12/12/2001,-9999,53.498,0.08
SRS3,12/13/2001,-9999,44.561,0.08
SRS3,12/16/2001,-9999,57.64,0.06
SRS3,12/19/2001,-9999,46.465,0.06
SRS3,12/22/2001,-9999,42.315,0.06
SRS3,12/25/2001,-9999,44.68,0.06
SRS3,12/28/2001,-9999,50.787,0.05
SRS3,12/31/2001,-9999,46.96,0.04
SRS3,1/3/2002,-9999,41.699,0.04
SRS3,1/6/2002,-9999,65.793,0.04
SRS3,1/9/2002,-9999,65.535,0.05
SRS3,1/12/2002,-9999,50.366,0.14
SRS3,1/15/2002,-9999,61.519,0.08
SRS3,1/18/2002,-9999,42.577,0.17
SRS3,1/21/2002,-9999,48.217,0.09
SRS3,1/24/2002,-9999,46.875,0.2
SRS3,1/27/2002,-9999,51.768,0.14
SRS3,1/30/2002,-9999,49.007,0.13
SRS3,2/2/2002,-9999,46.299,0.08
SRS3,2/5/2002,-9999,52.748,0.19
SRS3,2/8/2002,-9999,52.179,0.11
SRS3,2/10/2002,-9999,57.468,0.12
SRS3,2/12/2002,-9999,32.924,0.17
SRS3,2/15/2002,-9999,30.994,0.18
SRS3,2/18/2002,-9999,32.572,0.18
SRS3,2/21/2002,-9999,35.374,0.21
SRS3,2/24/2002,-9999,31.541,0.23
SRS3,2/27/2002,-9999,30.409,0.46
SRS3,3/2/2002,-9999,28.043,0.28
SRS3,3/5/2002,-9999,36.506,0.73
SRS3,3/8/2002,-9999,28.241,0.36
SRS3,3/10/2002,-9999,41.504,0.64
SRS3,3/13/2002,-9999,36.25,0.34
SRS3,3/16/2002,-9999,36.55,0.65
SRS3,3/19/2002,-9999,40.735,0.62
SRS3,3/22/2002,-9999,35.067,0.26
SRS3,3/25/2002,-9999,33.836,0.26
SRS3,3/28/2002,-9999,64.443,0.45
SRS3,3/31/2002,-9999,43.727,0.31
SRS3,4/3/2002,-9999,38.333,0.36
SRS3,4/5/2002,-9999,-9999,-9999
SRS3,4/9/2002,-9999,124.263,0.96
SRS3,4/12/2002,-9999,108.824,0.31
SRS3,4/15/2002,-9999,122.578,0.4
SRS3,4/18/2002,-9999,107.948,0.35
SRS3,4/21/2002,-9999,125.387,0.17
SRS3,4/24/2002,-9999,160.25,0.29
SRS3,4/27/2002,-9999,163.647,0.32
SRS3,4/30/2002,-9999,-9999,-9999
SRS3,5/3/2002,-9999,115.35,1.24
SRS3,5/6/2002,-9999,102.625,1.77
SRS3,5/7/2002,-9999,-9999,-9999
SRS3,5/10/2002,-9999,-9999,-9999
SRS3,5/13/2002,-9999,93.546,-9999
SRS3,5/16/2002,-9999,116.515,1.08
SRS3,5/19/2002,-9999,170.01,-9999
SRS3,5/22/2002,-9999,105.08,1.39
SRS3,5/25/2002,-9999,117.611,-9999
SRS3,5/28/2002,-9999,117.829,1.38
SRS3,5/31/2002,-9999,90.402,1.02
SRS3,6/3/2002,-9999,97.206,1.07
SRS3,6/5/2002,-9999,114.141,1.52
SRS3,6/14/2002,-9999,64.915,0.65
SRS3,6/17/2002,-9999,81.672,0.19
SRS3,6/20/2002,-9999,74.298,0.25
SRS3,6/23/2002,-9999,86.17,0.35
SRS3,6/26/2002,-9999,69.719,0.33
SRS3,6/29/2002,-9999,90.963,0.21
SRS3,7/2/2002,-9999,75.965,0.22
SRS3,7/5/2002,-9999,80.035,0.13
SRS3,7/8/2002,-9999,78.857,0.13
SRS3,7/11/2002,-9999,69.25,0.41
SRS3,7/14/2002,-9999,82.17,0.32
SRS3,7/16/2002,-9999,68.803,0.66
SRS3,7/19/2002,-9999,33.879,-9999
SRS3,7/22/2002,-9999,29.924,0.15
SRS3,7/25/2002,-9999,37.664,0.12
SRS3,7/28/2002,-9999,36.552,0.13
SRS3,7/31/2002,-9999,39.849,0.07
SRS3,8/3/2002,-9999,40.795,0.08
SRS3,8/6/2002,-9999,44.478,0.09
SRS3,8/9/2002,-9999,41.498,0.1
SRS3,8/12/2002,-9999,38.731,0.1
SRS3,8/15/2002,-9999,37.278,0.06
SRS3,8/18/2002,-9999,38.574,0.04
SRS3,8/21/2002,-9999,27.403,0.05
SRS3,8/24/2002,-9999,44.55,0.11
SRS3,8/27/2002,-9999,39.003,0.09
SRS3,8/30/2002,-9999,35.404,0.08
SRS3,9/2/2002,-9999,37.109,0.05
SRS3,9/5/2002,-9999,37.567,0.05
SRS3,9/8/2002,-9999,36.675,0.05
SRS3,9/11/2002,-9999,38.166,0.07
SRS3,9/14/2002,-9999,38.564,0.08
SRS3,9/17/2002,-9999,43.753,0.05
SRS3,9/20/2002,-9999,46.452,0.06
SRS3,9/23/2002,-9999,45.362,0.05
SRS3,9/24/2002,-9999,46.914,0.06
SRS3,9/28/2002,-9999,40.912,0.06
SRS3,10/1/2002,-9999,36.952,0.06
SRS3,10/4/2002,-9999,37.633,0.07
SRS3,10/7/2002,-9999,43.154,0.05
SRS3,10/10/2002,-9999,38.994,0.08
SRS3,10/13/2002,-9999,45.721,0.07
SRS3,10/16/2002,-9999,38.276,0.08
SRS3,10/18/2002,-9999,42.082,-9999
SRS3,10/21/2002,-9999,47.795,0.1
SRS3,10/24/2002,-9999,34.76,0.1
SRS3,10/27/2002,-9999,42.366,0.11
SRS3,10/30/2002,-9999,34.03,0.09
SRS3,11/2/2002,-9999,29.362,0.09
SRS3,11/5/2002,-9999,33.33,0.09
SRS3,11/8/2002,-9999,31.112,0.08
SRS3,11/11/2002,-9999,31.537,0.07
SRS3,11/14/2002,-9999,28.988,0.14
SRS3,11/17/2002,-9999,31.34,0.1
SRS3,11/19/2002,-9999,50.879,0.09
SRS3,11/22/2002,-9999,40.977,0.38
SRS3,11/25/2002,-9999,44.552,0.19
SRS3,11/28/2002,-9999,35.472,0.11
SRS3,12/1/2002,-9999,36.66,0.06
SRS3,12/4/2002,-9999,37.723,0.1
SRS3,12/7/2002,-9999,32.009,0.13
SRS3,12/10/2002,-9999,76.263,0.18
SRS3,12/13/2002,-9999,66.47,0.21
SRS3,12/16/2002,-9999,31.242,0.24
SRS3,12/18/2002,-9999,49.425,0.11
SRS3,12/22/2002,-9999,36.984,0.11
SRS3,12/25/2002,-9999,36.623,0.06
SRS3,12/28/2002,-9999,41.835,0.08
SRS3,12/31/2002,-9999,40.877,0.07
SRS3,1/3/2003,-9999,45.248,0.15
SRS3,1/6/2003,-9999,40.645,0.07
SRS3,1/9/2003,-9999,58.969,0.06
SRS3,1/12/2003,-9999,53.561,0.12
SRS3,1/15/2003,-9999,46.344,0.1
SRS3,1/17/2003,-9999,46.202,0.07
SRS3,1/20/2003,-9999,55.723,0.07
SRS3,1/23/2003,-9999,53.888,0.06
SRS3,1/26/2003,-9999,84.387,0.05
SRS3,1/29/2003,-9999,80.162,0.06
SRS3,2/1/2003,-9999,70.121,0.06
SRS3,2/4/2003,-9999,75.631,0.07
SRS3,2/7/2003,-9999,78.774,0.09
SRS3,2/10/2003,-9999,86.85,0.15
SRS3,2/13/2003,-9999,95.135,0.16
SRS3,2/16/2003,-9999,74.464,0.15
SRS3,2/19/2003,-9999,82.056,0.15
SRS3,2/20/2003,-9999,-9999,0.2
SRS3,2/23/2003,-9999,-9999,0.25
SRS3,2/26/2003,-9999,155.394,0.21
SRS3,3/1/2003,-9999,140.308,0.18
SRS3,3/4/2003,-9999,160.487,0.19
SRS3,3/7/2003,-9999,85.567,0.16
SRS3,3/10/2003,-9999,110.438,0.31
SRS3,3/13/2003,-9999,112.481,0.34
SRS3,3/16/2003,-9999,103.581,0.21
SRS3,3/19/2003,-9999,144.247,0.24
SRS3,3/22/2003,-9999,123.364,0.3
SRS3,3/24/2003,-9999,152.779,0.32
SRS3,3/28/2003,-9999,75.482,0.44
SRS3,3/31/2003,-9999,56.871,0.55
SRS3,4/3/2003,-9999,57.526,0.65
SRS3,4/6/2003,-9999,63.134,0.78
SRS3,4/9/2003,-9999,62.679,0.5
SRS3,4/12/2003,-9999,66.024,0.31
SRS3,4/15/2003,-9999,99.267,0.24
SRS3,4/18/2003,-9999,94.191,0.34
SRS3,4/21/2003,-9999,144.299,0.32
SRS3,4/23/2003,-9999,77.325,0.4
SRS3,4/27/2003,-9999,99.113,0.49
SRS3,4/30/2003,-9999,78.459,0.42
SRS3,5/3/2003,-9999,70.054,0.54
SRS3,5/6/2003,-9999,52.825,0.33
SRS3,5/9/2003,-9999,52.524,0.24
SRS3,5/12/2003,-9999,48.461,0.34
SRS3,5/15/2003,-9999,31.92,0.36
SRS3,5/18/2003,-9999,61.91,0.39
SRS3,5/21/2003,-9999,66.921,0.37
SRS3,5/24/2003,-9999,63.035,0.17
SRS3,5/27/2003,-9999,49.308,0.15
SRS3,5/30/2003,-9999,48.836,0.5
SRS3,6/2/2003,-9999,39.008,0.14
SRS3,6/5/2003,-9999,47.903,0.12
SRS3,6/8/2003,-9999,31.187,0.21
SRS3,6/10/2003,-9999,30.007,0.16
SRS3,6/13/2003,-9999,70.387,0.13
SRS3,6/16/2003,-9999,49.005,0.4
SRS3,6/19/2003,-9999,46.181,0.31
SRS3,6/22/2003,-9999,31.797,0.32
SRS3,6/25/2003,-9999,26.099,0.41
SRS3,6/28/2003,-9999,34.661,0.31
SRS3,7/1/2003,-9999,40.895,0.19
SRS3,7/4/2003,-9999,35.8,0.2
SRS3,7/7/2003,-9999,38.339,0.16
SRS3,7/10/2003,-9999,42.406,0.2
SRS3,7/13/2003,-9999,41.119,0.18
SRS3,7/16/2003,-9999,45.952,0.13
SRS3,7/19/2003,-9999,48.118,0.15
SRS3,7/22/2003,-9999,38.615,0.16
SRS3,7/24/2003,-9999,47.271,0.19
SRS3,7/27/2003,-9999,68.425,0.15
SRS3,7/30/2003,-9999,57.147,0.07
SRS3,8/2/2003,-9999,59.76,0.07
SRS3,8/5/2003,-9999,39.072,0.09
SRS3,8/8/2003,-9999,43.114,0.04
SRS3,8/11/2003,-9999,45.012,0.04
SRS3,8/14/2003,-9999,45.099,0.04
SRS3,8/17/2003,-9999,52.35,0.07
SRS3,8/18/2003,-9999,53.765,0.14
SRS3,8/21/2003,-9999,73.782,0.11
SRS3,8/24/2003,-9999,37.553,0.09
SRS3,8/27/2003,-9999,31.056,0.11
SRS3,8/30/2003,-9999,31.91,0.09
SRS3,9/2/2003,-9999,29.544,0.1
SRS3,9/5/2003,-9999,31.625,0.09
SRS3,9/8/2003,-9999,28.292,0.21
SRS3,9/9/2003,-9999,39.257,0.19
SRS3,9/12/2003,-9999,41.39,0.08
SRS3,9/15/2003,-9999,35.818,0.08
SRS3,9/18/2003,-9999,35.306,0.11
SRS3,9/21/2003,-9999,31.607,0.2
SRS3,9/24/2003,-9999,37.321,0.09
SRS3,9/27/2003,-9999,35.902,0.07
SRS3,9/30/2003,-9999,41.369,0.08
SRS3,10/3/2003,-9999,33.369,0.12
SRS3,10/6/2003,-9999,35.25,0.08
SRS3,10/9/2003,-9999,35.973,0.08
SRS3,10/12/2003,-9999,33.24,0.14
SRS3,10/15/2003,-9999,32.709,0.11
SRS3,10/16/2003,-9999,32.736,0.11
SRS3,10/19/2003,-9999,28.709,0.68
SRS3,10/22/2003,-9999,29.786,0.26
SRS3,10/25/2003,-9999,28.862,0.26
SRS3,10/28/2003,-9999,28.961,0.79
SRS3,10/31/2003,-9999,33.85,0.49
SRS3,11/3/2003,-9999,29.955,0.23
SRS3,11/6/2003,-9999,29.367,0.2
SRS3,11/9/2003,-9999,28.515,0.22
SRS3,11/10/2003,-9999,31.205,0.29
SRS3,11/13/2003,-9999,22.17,0.3
SRS3,11/16/2003,-9999,20.715,0.16
SRS3,11/19/2003,-9999,18.917,0.11
SRS3,11/22/2003,-9999,22.656,0.11
SRS3,11/24/2003,-9999,29.149,0.09
SRS3,12/12/2003,-9999,30.843,0.04
SRS3,12/15/2003,-9999,27.621,0.06
SRS3,12/18/2003,-9999,27.586,0.06
SRS3,12/21/2003,-9999,27.921,0.06
SRS3,12/24/2003,-9999,30.145,0.08
SRS3,12/27/2003,-9999,33.737,0.05
SRS3,12/30/2003,-9999,26.502,0.06
SRS3,1/2/2004,-9999,30.355,0.05
SRS3,1/5/2004,-9999,32.359,0.05
SRS3,1/6/2004,-9999,30.455,0.06
SRS3,1/9/2004,-9999,35.13,0.19
SRS3,1/12/2004,-9999,34.69,0.22
SRS3,1/15/2004,-9999,37.543,0.1
SRS3,1/18/2004,-9999,34.504,0.09
SRS3,1/21/2004,-9999,30.834,0.1
SRS3,1/24/2004,-9999,28.118,0.08
SRS3,1/27/2004,-9999,26.076,0.08
SRS3,1/30/2004,-9999,30.059,0.13
SRS3,2/2/2004,-9999,28.408,0.09
SRS3,2/5/2004,-9999,29.045,0.08
SRS3,2/8/2004,-9999,32.464,0.08
SRS3,2/10/2004,-9999,27.71,0.11
SRS3,2/13/2004,-9999,44.243,0.15
SRS3,2/16/2004,-9999,50.92,0.16
SRS3,2/19/2004,-9999,36.66,0.1
SRS3,2/22/2004,-9999,36.039,0.07
SRS3,2/25/2004,-9999,37.292,0.11
SRS3,2/28/2004,-9999,42.26,0.08
SRS3,3/2/2004,-9999,46.992,0.06
SRS3,3/5/2004,-9999,41.546,0.04
SRS3,3/8/2004,-9999,42.817,0.06
SRS3,3/11/2004,-9999,54.259,-9999
SRS3,3/14/2004,-9999,37.594,0.11
SRS3,3/15/2004,-9999,43.731,0.09
SRS3,3/18/2004,-9999,42.026,0.49
SRS3,3/21/2004,-9999,49.176,0.33
SRS3,3/24/2004,-9999,79.719,0.32
SRS3,3/27/2004,-9999,59.761,0.17
SRS3,3/30/2004,-9999,57.331,0.15
SRS3,4/2/2004,-9999,58.956,0.13
SRS3,4/5/2004,-9999,58.822,0.13
SRS3,4/8/2004,-9999,61.784,0.13
SRS3,4/11/2004,-9999,74.102,0.2
SRS3,4/14/2004,-9999,57.59,0.15
SRS3,4/17/2004,-9999,40.957,0.1
SRS3,4/20/2004,-9999,45.993,0.09
SRS3,4/23/2004,-9999,42.302,0.07
SRS3,4/26/2004,-9999,50.496,0.08
SRS3,4/29/2004,-9999,49.839,-9999
SRS3,5/2/2004,-9999,48.808,0.32
SRS3,5/4/2004,-9999,48.238,0.19
SRS3,5/8/2004,-9999,-9999,0.14
SRS3,5/11/2004,-9999,48.266,0.29
SRS3,5/14/2004,-9999,63.849,0.27
SRS3,5/17/2004,-9999,-9999,-9999
SRS3,5/20/2004,-9999,-9999,-9999
SRS3,5/26/2004,-9999,-9999,-9999
SRS3,5/29/2004,-9999,-9999,-9999
SRS3,6/1/2004,-9999,67.239,-9999
SRS3,6/4/2004,-9999,68.722,0.46
SRS3,6/7/2004,-9999,77.423,0.87
SRS3,6/10/2004,-9999,94.914,0.84
SRS3,6/13/2004,-9999,99.46,0.42
SRS3,6/16/2004,-9999,73.011,0.33
SRS3,6/19/2004,-9999,81.613,0.25
SRS3,6/22/2004,-9999,64.279,-9999
SRS3,6/24/2004,-9999,54.787,0.25
SRS3,6/27/2004,-9999,69.819,0.21
SRS3,6/30/2004,-9999,59.135,0.23
SRS3,7/3/2004,-9999,71.034,0.33
SRS3,7/6/2004,-9999,64.167,0.26
SRS3,7/9/2004,-9999,59.939,0.25
SRS3,7/12/2004,-9999,61.13,0.19
SRS3,7/15/2004,-9999,43.488,0.15
SRS3,7/18/2004,-9999,51.15,0.14
SRS3,7/21/2004,-9999,33.853,0.17
SRS3,7/24/2004,-9999,38.026,0.16
SRS3,7/27/2004,-9999,31.555,0.16
SRS3,7/29/2004,-9999,24.714,0.2
SRS3,8/1/2004,-9999,45.923,0.17
SRS3,8/4/2004,-9999,47.024,-9999
SRS3,8/7/2004,-9999,67.324,0.16
SRS3,8/10/2004,-9999,45.876,0.12
SRS3,8/13/2004,-9999,53.473,0.13
SRS3,8/16/2004,-9999,39.315,0.15
SRS3,8/17/2004,-9999,43.736,0.13
SRS3,8/20/2004,-9999,27.772,0.24
SRS3,8/23/2004,-9999,24.894,0.17
SRS3,8/26/2004,-9999,24.645,0.13
SRS3,8/29/2004,-9999,21.539,0.13
SRS3,9/1/2004,-9999,20.711,0.09
SRS3,9/4/2004,-9999,21.195,0.1
SRS3,9/7/2004,-9999,20.776,0.1
SRS3,9/8/2004,-9999,21.904,0.15
SRS3,9/11/2004,-9999,34.184,0.12
SRS3,9/14/2004,-9999,16.597,0.11
SRS3,9/17/2004,-9999,24.491,0.15
SRS3,9/20/2004,-9999,23.049,0.08
SRS3,9/23/2004,-9999,23.157,0.08
SRS3,9/26/2004,-9999,24.275,0.09
SRS3,9/29/2004,-9999,22.808,0.08
SRS3,10/2/2004,-9999,29.86,0.16
SRS3,10/5/2004,-9999,27.309,0.14
SRS3,10/8/2004,-9999,26.469,0.1
SRS3,10/11/2004,-9999,36.28,0.13
SRS3,10/13/2004,-9999,28.062,0.15
SRS3,10/17/2004,-9999,20.408,0.06
SRS3,10/20/2004,-9999,21.659,0.12
SRS3,10/23/2004,-9999,22.496,0.1
SRS3,10/26/2004,-9999,21.848,0.09
SRS3,10/29/2004,-9999,22.27,0.07
SRS3,11/1/2004,-9999,26.144,0.08
SRS3,11/4/2004,-9999,24.991,0.08
SRS3,11/7/2004,-9999,23.483,0.06
SRS3,11/10/2004,-9999,23.876,0.09
SRS3,11/13/2004,-9999,35.633,0.09
SRS3,11/16/2004,-9999,25.836,0.1
SRS3,11/17/2004,-9999,34.497,-9999
SRS3,11/20/2004,-9999,19.946,0.15
SRS3,11/23/2004,-9999,21.607,0.11
SRS3,11/26/2004,-9999,21.508,0.07
SRS3,11/29/2004,-9999,20.345,0.11
SRS3,12/2/2004,-9999,18.929,0.12
SRS3,12/5/2004,-9999,21.154,0.12
SRS3,12/7/2004,-9999,20.494,0.09
SRS3,12/10/2004,-9999,38.449,0.07
SRS3,12/13/2004,-9999,36.943,0.04
SRS3,12/16/2004,-9999,38.25,0.07
SRS3,12/19/2004,-9999,38.112,0.1
SRS3,12/22/2004,-9999,37.633,0.05
SRS3,12/25/2004,-9999,41.085,0.04
SRS3,12/28/2004,-9999,38.777,0.1
SRS3,12/31/2004,-9999,35.067,0.06
SRS3,1/3/2005,-9999,46.501,0.05
SRS3,1/5/2005,-9999,48.162,0.07
SRS3,1/8/2005,-9999,58.61,0.12
SRS3,1/11/2005,-9999,53.32,0.1
SRS3,1/14/2005,-9999,57.502,0.08
SRS3,1/17/2005,-9999,50.833,0.1
SRS3,1/20/2005,-9999,56.317,0.1
SRS3,1/23/2005,-9999,53.323,0.1
SRS3,1/26/2005,-9999,66.419,0.16
SRS3,1/29/2005,-9999,61.178,0.08
SRS3,2/1/2005,-9999,68.782,0.09
SRS3,2/4/2005,-9999,63.315,0.11
SRS3,2/7/2005,-9999,53.446,0.1
SRS3,2/10/2005,-9999,78.228,-9999
SRS3,2/13/2005,-9999,63.052,0.16
SRS3,2/15/2005,-9999,62.427,0.29
SRS3,2/19/2005,-9999,83.419,0.17
SRS3,2/22/2005,-9999,97.893,0.25
SRS3,2/25/2005,-9999,83.587,0.16
SRS3,2/28/2005,-9999,84.914,0.15
SRS3,3/3/2005,-9999,92.395,0.2
SRS3,3/6/2005,-9999,87.353,0.15
SRS3,3/9/2005,-9999,87.194,0.17
SRS3,3/12/2005,-9999,81.884,0.18
SRS3,3/15/2005,-9999,106.874,-9999
SRS3,3/16/2005,-9999,89.124,0.29
SRS3,3/19/2005,-9999,105.231,0.07
SRS3,3/22/2005,-9999,99.061,0.08
SRS3,3/25/2005,-9999,112.308,0.07
SRS3,3/28/2005,-9999,118.612,0.04
SRS3,3/31/2005,-9999,116.23,0.08
SRS3,4/3/2005,-9999,151.795,0.13
SRS3,4/6/2005,-9999,167.134,0.09
SRS3,4/9/2005,-9999,179.075,0.14
SRS3,4/12/2005,-9999,156.314,0.24
SRS3,4/13/2005,-9999,165.518,0.17
SRS3,4/16/2005,-9999,-9999,0.29
SRS3,4/19/2005,-9999,-9999,0.15
SRS3,4/22/2005,-9999,-9999,0.34
SRS3,4/25/2005,-9999,74.382,0.23
SRS3,4/28/2005,-9999,76.855,0.68
SRS3,5/1/2005,-9999,89.638,0.68
SRS3,5/4/2005,-9999,68.297,0.47
SRS3,5/7/2005,-9999,71.546,0.62
SRS3,5/10/2005,-9999,89.482,1.47
SRS3,5/13/2005,-9999,95.534,0.77
SRS3,5/16/2005,-9999,70.447,0.64
SRS3,5/19/2005,-9999,58.823,0.73
SRS3,5/22/2005,-9999,57.207,0.46
SRS3,5/23/2005,-9999,62.009,0.51
SRS3,5/26/2005,-9999,57.946,0.72
SRS3,5/29/2005,-9999,37.602,0.34
SRS3,6/1/2005,-9999,52.525,0.9
SRS3,6/4/2005,-9999,54.966,0.77
SRS3,6/7/2005,-9999,50.984,0.6
SRS3,6/10/2005,-9999,54.821,0.48
SRS3,6/13/2005,-9999,44.413,0.46
SRS3,6/16/2005,-9999,46.66,0.48
SRS3,6/19/2005,-9999,44.409,0.49
SRS3,6/22/2005,-9999,35.494,0.44
SRS3,6/25/2005,-9999,25.953,0.41
SRS3,6/28/2005,-9999,24.543,0.45
SRS3,6/30/2005,-9999,23.275,0.49
SRS3,7/3/2005,-9999,26.68,0.19
SRS3,7/6/2005,-9999,32.894,0.19
SRS3,7/9/2005,-9999,33.723,0.21
SRS3,7/12/2005,-9999,33.248,0.19
SRS3,7/15/2005,-9999,37.318,0.2
SRS3,7/17/2005,-9999,33.416,0.2
SRS3,7/21/2005,-9999,40.063,0.31
SRS3,7/24/2005,-9999,43.339,0.09
SRS3,7/27/2005,-9999,39.641,0.11
SRS3,7/30/2005,-9999,48.745,0.08
SRS3,8/2/2005,-9999,47.102,-9999
SRS3,8/5/2005,-9999,33.645,0.09
SRS3,8/8/2005,-9999,35.106,0.12
SRS3,8/11/2005,-9999,42.234,0.1
SRS3,8/14/2005,-9999,35.485,0.11
SRS3,8/17/2005,-9999,45.762,0.13
SRS3,8/20/2005,-9999,56.366,0.12
SRS3,8/22/2005,-9999,63.209,0.13
SRS3,8/26/2005,-9999,53.398,0.22
SRS3,8/29/2005,-9999,28.004,0.13
SRS3,9/1/2005,-9999,57.391,-9999
SRS3,9/4/2005,-9999,41.757,0.12
SRS3,9/7/2005,-9999,32.049,0.11
SRS3,9/10/2005,-9999,69.27,0.12
SRS3,9/13/2005,-9999,36.433,0.11
SRS3,9/16/2005,-9999,46.717,0.11
SRS3,9/19/2005,-9999,52.791,0.12
SRS3,9/22/2005,-9999,31.334,0.18
SRS3,9/26/2005,-9999,21.207,0.31
SRS3,9/29/2005,-9999,21.566,0.24
SRS3,10/2/2005,-9999,26.218,0.27
SRS3,10/5/2005,-9999,20.611,0.31
SRS3,10/8/2005,-9999,17.997,0.28
SRS3,10/11/2005,-9999,19.609,0.3
SRS3,10/14/2005,-9999,28.686,0.29
SRS3,10/17/2005,-9999,23.492,0.24
SRS3,10/18/2005,-9999,25.082,0.28
SRS3,10/21/2005,-9999,16.652,0.08
SRS3,10/24/2005,-9999,21.596,0.3
SRS3,10/27/2005,-9999,19.503,0.15
SRS3,10/30/2005,-9999,21.698,0.22
SRS3,11/2/2005,-9999,17.333,0.21
SRS3,11/5/2005,-9999,18.825,0.23
SRS3,11/8/2005,-9999,17.822,0.22
SRS3,11/10/2005,-9999,18.608,0.2
SRS3,11/13/2005,-9999,27.885,0.21
SRS3,11/16/2005,-9999,28.369,0.2
SRS3,11/19/2005,-9999,25.043,0.26
SRS3,11/22/2005,-9999,24.9,0.19
SRS3,11/25/2005,-9999,28.06,0.21
SRS3,11/28/2005,-9999,28.218,0.25
SRS3,12/1/2005,-9999,28.082,0.22
SRS3,12/4/2005,-9999,31.209,0.2
SRS3,12/7/2005,-9999,44.37,0.2
SRS3,12/10/2005,-9999,39.308,0.25
SRS3,12/13/2005,-9999,38.516,0.21
SRS3,12/16/2005,-9999,34.872,0.23
SRS3,12/18/2005,-9999,34.712,0.28
SRS3,12/22/2005,-9999,28.46,0.19
SRS3,12/25/2005,-9999,30.421,0.19
SRS3,12/28/2005,-9999,32.574,0.25
SRS3,12/31/2005,-9999,30.654,0.19
SRS3,1/3/2006,-9999,31.713,0.14
SRS3,1/6/2006,-9999,32.926,0.18
SRS3,1/9/2006,-9999,30.937,0.19
SRS3,1/12/2006,-9999,34.178,0.18
SRS3,1/15/2006,-9999,30.177,0.24
SRS3,1/17/2006,-9999,32.831,0.22
SRS3,1/20/2006,-9999,29.789,0.78
SRS3,1/23/2006,-9999,27.798,0.8
SRS3,1/26/2006,-9999,25.63,0.78
SRS3,1/29/2006,-9999,26.109,0.74
SRS3,2/1/2006,-9999,29.051,0.74
SRS3,2/4/2006,-9999,28.67,0.6
SRS3,2/7/2006,-9999,23.907,0.74
SRS3,2/9/2006,-9999,22.919,0.88
SRS3,2/12/2006,-9999,34.108,0.28
SRS3,2/15/2006,-9999,33.274,0.23
SRS3,2/18/2006,-9999,31.745,0.24
SRS3,2/21/2006,-9999,31.104,0.37
SRS3,2/24/2006,-9999,34.98,0.29
SRS3,2/27/2006,-9999,31.413,0.27
SRS3,3/1/2006,-9999,28.615,0.34
SRS3,3/5/2006,-9999,43.96,0.32
SRS3,3/8/2006,-9999,37.012,0.36
SRS3,3/11/2006,-9999,40.163,0.38
SRS3,3/14/2006,-9999,53.203,0.36
SRS3,3/17/2006,-9999,63.199,0.4
SRS3,3/20/2006,-9999,56.228,0.4
SRS3,3/23/2006,-9999,45.532,0.4
SRS3,3/26/2006,-9999,40.464,0.53
SRS3,3/29/2006,-9999,49.579,0.55
SRS3,4/1/2006,-9999,43.333,0.64
SRS3,4/4/2006,-9999,41.965,0.71
SRS3,4/6/2006,-9999,46.993,1.1
SRS3,4/9/2006,-9999,48.281,0.59
SRS3,4/12/2006,-9999,45.774,0.66
SRS3,4/15/2006,-9999,45.294,0.48
SRS3,4/18/2006,-9999,54.439,0.81
SRS3,4/21/2006,-9999,58.047,0.44
SRS3,4/24/2006,-9999,73.38,1.46
SRS3,4/27/2006,-9999,100.067,1.76
SRS3,4/30/2006,-9999,68.532,1.51
SRS3,5/3/2006,-9999,58.572,1.65
SRS3,5/6/2006,-9999,83.486,1.73
SRS3,5/9/2006,-9999,79.511,1.87
SRS3,5/12/2006,-9999,58.323,1.87
SRS3,5/15/2006,-9999,53.468,1.85
SRS3,5/19/2006,-9999,61.77,1.16
SRS3,5/22/2006,-9999,57.638,0.88
SRS3,5/25/2006,-9999,54.26,1.18
SRS3,5/28/2006,-9999,57.281,1.26
SRS3,5/31/2006,-9999,38.308,0.59
SRS3,6/3/2006,-9999,35.327,0.48
SRS3,6/6/2006,-9999,30.081,0.32
SRS3,6/9/2006,-9999,30.584,0.31
SRS3,6/12/2006,-9999,23.927,0.33
SRS3,6/14/2006,-9999,24.316,0.38
SRS3,6/18/2006,-9999,88.934,0.23
SRS3,6/21/2006,-9999,58.938,0.3
SRS3,6/24/2006,-9999,54.974,0.19
SRS3,6/27/2006,-9999,50.289,0.19
SRS3,6/30/2006,-9999,53.184,0.26
SRS3,7/3/2006,-9999,54.558,0.34
SRS3,7/6/2006,-9999,51.52,0.26
SRS3,7/9/2006,-9999,41.236,0.23
SRS3,7/12/2006,-9999,42.545,0.28
SRS3,7/15/2006,-9999,38.781,0.19
SRS3,7/18/2006,-9999,33.933,0.2
SRS3,7/21/2006,-9999,27.793,0.19
SRS3,7/24/2006,-9999,30.248,0.21
SRS3,7/27/2006,-9999,29.061,0.21
SRS3,7/30/2006,-9999,34.646,0.27
SRS3,7/31/2006,-9999,33.263,0.22
SRS3,8/3/2006,-9999,149.179,1.23
SRS3,8/6/2006,-9999,112.501,0.76
SRS3,8/9/2006,-9999,88.924,0.46
SRS3,8/12/2006,-9999,52.489,0.2
SRS3,8/15/2006,-9999,50.782,0.17
SRS3,8/18/2006,-9999,35.67,0.15
SRS3,8/21/2006,-9999,34.592,0.2
SRS3,8/24/2006,-9999,31.834,0.18
SRS3,8/27/2006,-9999,27.475,0.18
SRS3,8/30/2006,-9999,31.606,0.17
SRS3,9/1/2006,-9999,33.029,0.19
SRS3,9/4/2006,-9999,52.229,-9999
SRS3,9/7/2006,-9999,45.319,0.2
SRS3,9/10/2006,-9999,43.438,0.17
SRS3,9/13/2006,-9999,48.926,0.21
SRS3,9/16/2006,-9999,41.406,0.14
SRS3,9/18/2006,-9999,56.343,0.16
SRS3,9/24/2006,-9999,44.181,0.18
SRS3,9/27/2006,-9999,49.859,0.1
SRS3,9/30/2006,-9999,39.201,0.1
SRS3,10/3/2006,-9999,41.653,0.13
SRS3,10/6/2006,-9999,49.546,0.16
SRS3,10/8/2006,-9999,87.611,0.16
SRS3,10/12/2006,-9999,25.281,0.27
SRS3,10/15/2006,-9999,21.784,0.27
SRS3,10/18/2006,-9999,23.516,0.27
SRS3,10/21/2006,-9999,24.521,0.27
SRS3,10/24/2006,-9999,26.613,0.31
SRS3,10/27/2006,-9999,23.745,0.33
SRS3,10/30/2006,-9999,25.162,0.35
SRS3,11/2/2006,-9999,26.398,0.28
SRS3,11/5/2006,-9999,25.304,0.33
SRS3,11/8/2006,-9999,26.352,0.32
SRS3,11/11/2006,-9999,28.247,0.41
SRS3,11/13/2006,-9999,28.338,0.34
SRS3,11/16/2006,-9999,32.156,0.27
SRS3,11/19/2006,-9999,33.328,0.21
SRS3,11/22/2006,-9999,35.385,0.25
SRS3,11/25/2006,-9999,37.288,0.23
SRS3,11/28/2006,-9999,33.141,0.28
SRS3,12/1/2006,-9999,39.093,0.25
SRS3,12/4/2006,-9999,39.791,0.25
SRS3,12/6/2006,-9999,41.301,0.25
SRS3,12/13/2006,-9999,41.044,0.19
SRS3,12/19/2006,-9999,45.41,0.15
SRS3,12/25/2006,-9999,50.893,0.18
SRS3,12/31/2006,-9999,57.319,0.21
SRS3,1/6/2007,-9999,51.351,0.18
SRS3,1/12/2007,-9999,54.176,0.17
SRS3,1/17/2007,-9999,58.88,0.25
SRS3,1/24/2007,-9999,44.166,0.21
SRS3,1/30/2007,-9999,50.567,0.22
SRS3,2/4/2007,-9999,78.359,0.37
SRS3,2/10/2007,-9999,67.381,0.23
SRS3,2/16/2007,-9999,66.743,0.29
SRS3,2/22/2007,-9999,84.784,0.43
SRS3,2/28/2007,-9999,89.181,0.46
SRS3,3/6/2007,-9999,82.864,0.36
SRS3,3/12/2007,-9999,101.442,0.27
SRS3,3/18/2007,-9999,98.19,0.56
SRS3,3/22/2007,-9999,188.95,0.89
SRS3,3/28/2007,-9999,122.728,0.39
SRS3,4/3/2007,-9999,113.855,0.25
SRS3,4/9/2007,-9999,110.696,0.23
SRS3,4/15/2007,-9999,66.524,0.11
SRS3,4/21/2007,-9999,34.954,1.32
SRS3,4/26/2007,-9999,29.891,0.87
SRS3,5/3/2007,-9999,68.093,2.07
SRS3,5/9/2007,-9999,66.128,1.93
SRS3,5/15/2007,-9999,48.363,0.49
SRS3,5/21/2007,-9999,61.339,0.36
SRS3,5/27/2007,-9999,62.11,1.39
SRS3,6/2/2007,-9999,75.139,1.54
SRS3,6/8/2007,-9999,39.72,1.13
SRS3,6/14/2007,-9999,38.551,1.2
SRS3,6/19/2007,-9999,36.658,1.03
SRS3,6/26/2007,-9999,80.888,0.15
SRS3,7/2/2007,-9999,92.657,0.15
SRS3,7/8/2007,-9999,78.614,0.2
SRS3,7/14/2007,-9999,75.928,0.15
SRS3,7/20/2007,-9999,72.652,0.13
SRS3,7/25/2007,-9999,69.088,0.14
SRS3,8/1/2007,-9999,47.379,0.18
SRS3,8/7/2007,-9999,18.483,0.03
SRS3,8/11/2007,-9999,35.56,0.13
SRS3,8/17/2007,-9999,30.783,0.14
SRS3,8/23/2007,-9999,39.759,0.16
SRS3,8/29/2007,-9999,39.597,0.14
SRS3,9/4/2007,-9999,38.112,0.12
SRS3,9/8/2007,-9999,35.58,0.45
SRS3,9/14/2007,-9999,25.532,0.64
SRS3,10/14/2007,-9999,45.497,0.16
SRS3,10/20/2007,-9999,49.773,0.15
SRS3,10/26/2007,-9999,52.571,0.12
SRS3,11/1/2007,-9999,49.613,0.14
SRS3,11/7/2007,-9999,45.878,0.18
SRS3,11/13/2007,-9999,51.751,0.1
SRS3,11/18/2007,-9999,50.67,0.21
SRS3,11/25/2007,-9999,45.031,0.21
SRS3,12/1/2007,-9999,53.768,0.19
SRS3,12/5/2007,-9999,54.233,0.19
SRS3,12/11/2007,-9999,64.457,0.22
SRS3,12/17/2007,-9999,69.054,0.13
SRS3,12/23/2007,-9999,69.684,0.16
SRS3,12/29/2007,-9999,65.934,0.21
SRS3,1/4/2008,-9999,67.393,0.18
SRS3,1/9/2008,-9999,79.508,0.2
SRS3,1/16/2008,-9999,151.71,0.32
SRS3,1/22/2008,-9999,141.912,0.24
SRS3,1/25/2008,-9999,148.606,0.27
SRS3,4/16/2008,-9999,95.153,0.4
SRS3,4/22/2008,-9999,97.938,0.39
SRS3,6/30/2008,-9999,39.857,0.59
SRS3,7/6/2008,-9999,36.99,0.45
SRS3,7/12/2008,-9999,78.838,0.75
SRS3,7/18/2008,-9999,73.543,0.94
SRS3,7/24/2008,-9999,47.849,-9999
SRS3,7/30/2008,-9999,29.435,0.52
SRS3,8/5/2008,-9999,27.37,0.46
SRS3,8/9/2008,-9999,36.017,0.4
SRS3,8/15/2008,-9999,40.668,0.4
SRS3,8/21/2008,-9999,26.551,0.28
SRS3,8/27/2008,-9999,35.194,0.31
SRS3,9/2/2008,-9999,26.578,0.25
SRS3,9/8/2008,-9999,21.353,0.28
SRS3,9/14/2008,-9999,20.912,0.26
SRS3,9/18/2008,-9999,18.281,0.12
SRS3,9/24/2008,-9999,16.063,0.12
SRS3,9/30/2008,-9999,15.937,0.12
SRS3,10/5/2008,-9999,17.312,0.08
SRS3,10/12/2008,-9999,23.356,0.14
SRS3,10/18/2008,-9999,34.361,0.11
SRS3,10/24/2008,-9999,28.142,0.12
SRS3,10/30/2008,-9999,25.28,0.13
SRS3,11/3/2008,-9999,31.777,0.11
SRS3,11/9/2008,-9999,26.668,0.14
SRS3,11/15/2008,-9999,25.394,0.14
SRS3,11/21/2008,-9999,27.504,0.2
SRS3,11/27/2008,-9999,26.206,0.13
SRS3,12/2/2008,-9999,26.39,0.23
SRS3,12/8/2008,-9999,26.418,0.15
SRS3,12/14/2008,-9999,25.926,0.16
SRS3,12/20/2008,-9999,25.765,0.19
SRS3,12/26/2008,-9999,32.873,0.15
SRS3,1/1/2009,-9999,27.523,0.17
SRS3,1/5/2009,-9999,29.397,0.23
SRS3,1/11/2009,-9999,76.214,0.15
SRS3,1/17/2009,-9999,74.355,0.22
SRS3,1/23/2009,-9999,94.795,0.1
SRS3,1/29/2009,-9999,101.948,0.18
SRS3,2/2/2009,-9999,89.217,0.34
SRS3,2/8/2009,-9999,101.338,0.52
SRS3,2/14/2009,-9999,101.211,0.19
SRS3,2/20/2009,-9999,96.639,0.19
SRS3,2/26/2009,-9999,82.718,0.24
SRS3,3/2/2009,-9999,87.454,0.36
SRS3,3/8/2009,-9999,75.101,0.46
SRS3,3/14/2009,-9999,69.219,0.39
SRS3,3/20/2009,-9999,34.921,0.59
SRS3,3/26/2009,-9999,67.847,0.41
SRS3,3/31/2009,-9999,129.558,0.49
SRS3,4/7/2009,-9999,86.594,0.75
SRS3,4/13/2009,-9999,66.289,1.15
SRS3,4/19/2009,-9999,55.444,0.58
SRS3,4/25/2009,-9999,55.982,1.14
SRS3,5/1/2009,-9999,55.759,0.5
SRS3,5/7/2009,-9999,73.724,0.49
SRS3,5/12/2009,-9999,42.742,0.52
SRS3,5/18/2009,-9999,132.583,1.09
SRS3,5/24/2009,-9999,94.515,1.25
SRS3,5/30/2009,-9999,97.774,1.27
SRS3,6/5/2009,-9999,94.634,0.65
SRS3,6/11/2009,-9999,76.341,0.39
SRS3,6/17/2009,-9999,81.384,0.47
SRS3,6/23/2009,-9999,78.741,0.28
SRS3,6/28/2009,-9999,67.538,0.28
SRS3,7/22/2009,-9999,82.131,0.25
SRS3,7/28/2009,-9999,58.657,0.27
SRS3,8/3/2009,-9999,-9999,0.4
SRS3,8/9/2009,-9999,44.673,0.21
SRS3,8/13/2009,-9999,36.941,0.2
SRS3,8/19/2009,-9999,38.384,0.23
SRS3,8/25/2009,-9999,45.27,0.21
SRS3,8/31/2009,-9999,51.671,0.3
SRS3,9/6/2009,-9999,42.805,0.29
SRS3,9/12/2009,-9999,39.887,0.09
SRS3,9/18/2009,-9999,43.428,0.04
SRS3,9/24/2009,-9999,43.076,0.14
SRS3,9/30/2009,-9999,43.462,0.19
SRS3,10/5/2009,-9999,59.704,0.15
SRS3,10/11/2009,-9999,82.796,0.54
SRS3,10/17/2009,-9999,89.345,0.19
SRS3,10/23/2009,-9999,92.224,0.21
SRS3,10/29/2009,-9999,83.285,0.2
SRS3,11/4/2009,-9999,98.051,0.26
SRS3,11/9/2009,-9999,99.539,0.32
SRS3,11/15/2009,-9999,127.413,0.17
SRS3,11/21/2009,-9999,134.841,0.16
SRS3,11/27/2009,-9999,128.904,0.14
SRS3,12/3/2009,-9999,118.877,0.11
SRS3,12/7/2009,-9999,130.873,0.12
SRS3,12/13/2009,-9999,147.728,2.46
SRS3,12/19/2009,-9999,346.685,0.09
SRS3,12/25/2009,-9999,174.463,0.14
SRS3,12/31/2009,-9999,163.594,0.12
SRS3,1/6/2010,-9999,162.82,0.12
SRS3,1/12/2010,-9999,173.173,0.17
SRS3,1/14/2010,-9999,113.274,0.39
SRS3,2/7/2010,-9999,50.19,0.25
SRS3,2/13/2010,-9999,1326.451,0.18
SRS3,2/19/2010,-9999,1114.567,0.2
SRS3,2/25/2010,-9999,1035.163,0.18
SRS3,3/3/2010,-9999,1099.862,0.16
SRS3,3/9/2010,-9999,209.925,0.25
SRS3,3/13/2010,-9999,205.266,0.26
SRS3,3/19/2010,-9999,196.636,0.19
SRS3,3/25/2010,-9999,196.502,0.22
SRS3,3/31/2010,-9999,211.537,0.26
SRS3,4/6/2010,-9999,172.384,0.28
SRS3,4/10/2010,-9999,193.417,0.57
SRS3,4/16/2010,-9999,190.226,0.38
SRS3,4/22/2010,-9999,198.362,0.29
SRS3,4/28/2010,-9999,132.041,0.26
SRS3,5/4/2010,-9999,109.626,0.34
SRS3,5/8/2010,-9999,52.205,0.24
SRS3,5/14/2010,-9999,160.883,0.2
SRS3,5/20/2010,-9999,158.845,0.18
SRS3,5/26/2010,-9999,141.799,0.23
SRS3,6/1/2010,-9999,162.977,0.28
SRS3,6/7/2010,-9999,141.754,0.38
SRS3,6/13/2010,-9999,122.472,0.31
SRS3,6/19/2010,-9999,69.682,0.19
SRS3,6/25/2010,-9999,62.389,0.14
SRS3,7/1/2010,-9999,62.798,0.17
SRS3,7/6/2010,-9999,60.803,0.18
SRS3,7/13/2010,-9999,44.989,0.24
SRS3,7/19/2010,-9999,44.842,0.13
SRS3,7/25/2010,-9999,39.96,0.11
SRS3,7/31/2010,-9999,37.456,0.17
SRS3,8/5/2010,-9999,40.96,0.22
SRS3,8/12/2010,-9999,62.098,0.24
SRS3,8/18/2010,-9999,89.598,0.13
SRS3,8/24/2010,-9999,54.575,0.2
SRS3,8/30/2010,-9999,60.861,0.45
SRS3,9/5/2010,-9999,51.791,0.15
SRS3,9/10/2010,-9999,52.325,0.18
SRS3,9/16/2010,-9999,66.501,0.19
SRS3,9/22/2010,-9999,62.671,0.23
SRS3,9/28/2010,-9999,84.303,0.26
SRS3,10/3/2010,-9999,59.061,0.34
SRS3,10/10/2010,-9999,51.715,0.15
SRS3,10/16/2010,-9999,57.857,0.12
SRS3,10/22/2010,-9999,52.532,0.17
SRS3,10/28/2010,-9999,45.416,0.13
SRS3,11/1/2010,-9999,53.499,0.1
SRS3,11/7/2010,-9999,55.393,0.11
SRS3,11/13/2010,-9999,42.499,0.08
SRS3,11/19/2010,-9999,50.466,0.11
SRS3,11/25/2010,-9999,45.182,0.11
SRS3,11/30/2010,-9999,48.326,0.11
SRS3,12/7/2010,-9999,56.887,0.31
SRS3,12/13/2010,-9999,49.069,0.21
SRS3,12/19/2010,-9999,46.364,0.21
SRS3,12/25/2010,-9999,43.098,0.23
SRS3,12/31/2010,-9999,44.36,0.22
SRS3,1/4/2011,-9999,49.755,0.26
SRS3,1/10/2011,-9999,74.066,0.21
SRS3,1/16/2011,-9999,85.986,0.44
SRS3,1/22/2011,-9999,100.81,0.26
SRS3,1/28/2011,-9999,81.49,0.25
SRS3,2/2/2011,-9999,83.684,0.29
SRS3,2/8/2011,-9999,66.293,0.16
SRS3,2/14/2011,-9999,72.497,0.18
SRS3,2/20/2011,-9999,76.909,0.17
SRS3,2/26/2011,-9999,93.818,0.22
SRS3,3/4/2011,-9999,174.924,0.27
SRS3,3/10/2011,-9999,148.764,0.3
SRS3,3/16/2011,-9999,234.371,1
SRS3,3/22/2011,-9999,351.363,5.43
SRS3,3/28/2011,-9999,134.969,0.55
SRS3,4/3/2011,-9999,396.622,0.9
SRS3,4/9/2011,-9999,132.023,0.56
SRS3,4/15/2011,-9999,408.484,1.77
SRS3,4/21/2011,-9999,131.989,1.55
SRS3,4/27/2011,-9999,151.769,1.14
SRS3,5/3/2011,-9999,147.159,1
SRS3,5/9/2011,-9999,111.449,0.71
SRS3,5/15/2011,-9999,139.066,1.74
SRS3,5/21/2011,-9999,155.169,2.19
SRS3,5/23/2011,-9999,170.812,1.97
SRS3,8/11/2011,-9999,77.372,0.33
SRS3,8/17/2011,-9999,65.662,1.73
SRS3,8/23/2011,-9999,69.878,0.19
SRS3,8/29/2011,-9999,61.852,0.23
SRS3,9/4/2011,-9999,53.888,0.23
SRS3,9/10/2011,-9999,47.665,0.24
SRS3,9/16/2011,-9999,60.296,0.2
SRS3,9/22/2011,-9999,66.071,0.24
SRS3,9/28/2011,-9999,51.673,0.21
SRS3,10/4/2011,-9999,43.248,0.15
SRS3,10/10/2011,-9999,47.676,0.17
SRS3,10/15/2011,-9999,48.9,0.32
SRS3,10/21/2011,-9999,41.943,0.28
SRS3,10/27/2011,-9999,34.68,0.22
SRS3,11/2/2011,-9999,34.787,0.27
SRS3,11/7/2011,-9999,31.719,0.26
SRS3,11/13/2011,-9999,49.525,0.16
SRS3,11/19/2011,-9999,43.073,0.17
SRS3,11/25/2011,-9999,54.159,0.18
SRS3,12/1/2011,-9999,44.647,0.21
SRS3,12/7/2011,-9999,48.382,0.77
SRS3,12/13/2011,-9999,50.767,0.24
SRS3,12/17/2011,-9999,60.073,0.42
SRS3,12/23/2011,-9999,61.595,1.44
SRS3,12/29/2011,-9999,72.493,1.22
SRS3,1/4/2012,-9999,69.729,0.35
SRS3,1/9/2012,-9999,64.868,0.24
SRS3,1/16/2012,-9999,49.233,0.22
SRS3,1/22/2012,-9999,54.566,0.22
SRS3,1/28/2012,-9999,56.651,0.21
SRS3,2/1/2012,-9999,66.344,0.14
SRS3,2/7/2012,-9999,69.303,-9999
SRS3,2/13/2012,-9999,71.34,-9999
SRS3,2/19/2012,-9999,68.474,-9999
SRS3,2/25/2012,-9999,75.534,-9999
SRS3,3/1/2012,-9999,70.411,-9999
SRS3,3/7/2012,-9999,153.196,0.59
SRS3,3/13/2012,-9999,105.978,0.93
SRS3,3/19/2012,-9999,112.279,0.34
SRS3,3/25/2012,-9999,130.699,0.57
SRS3,3/31/2012,-9999,117.051,0.39
SRS3,4/6/2012,-9999,165.001,0.52
SRS3,4/11/2012,-9999,154.731,0.82
SRS3,4/18/2012,-9999,107.084,0.42
SRS3,4/24/2012,-9999,-9999,-9999
SRS3,4/30/2012,-9999,114.298,0.38
SRS3,5/6/2012,-9999,78.755,0.37
SRS3,5/10/2012,-9999,83.87,0.33
SRS3,5/16/2012,-9999,68.105,0.21
SRS3,5/22/2012,-9999,62.119,0.15
SRS3,5/28/2012,-9999,50.741,0.19
SRS3,6/3/2012,-9999,43.566,0.2
SRS3,6/9/2012,-9999,39.174,0.21
SRS3,6/15/2012,-9999,42.847,0.22
SRS3,6/19/2012,-9999,45.712,0.23
SRS3,6/25/2012,-9999,49.179,0.18
SRS3,7/1/2012,-9999,52.984,0.17
SRS3,7/7/2012,-9999,52.126,0.17
SRS3,7/13/2012,-9999,-9999,-9999
SRS3,7/17/2012,-9999,53.226,0.2
SRS3,7/23/2012,-9999,53.779,0.34
SRS3,7/29/2012,-9999,55.645,0.21
SRS3,8/4/2012,-9999,59.528,0.2
SRS3,8/10/2012,-9999,60.103,0.22
SRS3,8/14/2012,-9999,52.171,0.24
SRS3,8/20/2012,-9999,50.453,0.15
SRS3,8/26/2012,-9999,57.48,0.2
SRS3,9/1/2012,-9999,47.192,0.14
SRS3,9/7/2012,-9999,50.028,0.2
SRS3,9/13/2012,-9999,55.465,0.18
SRS3,9/17/2012,-9999,41.068,0.27
SRS3,9/23/2012,-9999,37.844,0.2
SRS3,9/29/2012,-9999,34.037,0.2
SRS3,10/5/2012,-9999,30.742,0.31
SRS3,10/10/2012,-9999,30.04,0.23
SRS3,10/16/2012,-9999,34.684,0.27
SRS3,10/22/2012,-9999,36.342,0.19
SRS3,10/28/2012,-9999,38.326,0.18
SRS3,11/1/2012,-9999,40.034,0.21
SRS3,11/7/2012,-9999,37.442,0.32
SRS3,11/13/2012,-9999,35.973,0.23
SRS3,11/19/2012,-9999,37.822,0.35
SRS3,11/25/2012,-9999,37.774,0.25
SRS3,12/1/2012,-9999,42.312,0.27
SRS3,12/7/2012,-9999,48.545,0.22
SRS3,12/13/2012,-9999,52.175,0.78
SRS3,12/17/2012,-9999,37.337,0.22
SRS3,12/23/2012,-9999,32.645,0.31
SRS3,12/29/2012,-9999,35.631,0.32
SRS3,1/4/2013,-9999,33.723,0.27
SRS3,1/8/2013,-9999,38.478,0.49
SRS3,1/14/2013,-9999,64.515,0.27
SRS3,1/20/2013,-9999,69.073,0.33
SRS3,1/26/2013,-9999,70.929,0.37
SRS3,2/1/2013,-9999,70.678,0.31
SRS3,2/7/2013,-9999,81.349,0.37
SRS3,2/12/2013,-9999,85.381,0.34
SRS3,2/18/2013,-9999,102.059,0.22
SRS3,2/24/2013,-9999,82.648,0.17
SRS3,3/2/2013,-9999,90.42,0.21
SRS3,3/7/2013,-9999,72.882,0.64
SRS3,3/13/2013,-9999,76.274,0.71
SRS3,3/19/2013,-9999,84.468,0.71
SRS3,3/25/2013,-9999,88.496,0.7
SRS3,3/31/2013,-9999,104.506,0.82
SRS3,4/4/2013,-9999,123.724,1.02
SRS3,4/10/2013,-9999,123.871,1.29
SRS3,4/16/2013,-9999,106.538,0.62
SRS3,4/22/2013,-9999,150.855,0.71
SRS3,4/28/2013,-9999,72.294,0.69
SRS3,5/4/2013,-9999,72.17,0.37
SRS3,5/8/2013,-9999,54.129,0.56
SRS3,5/14/2013,-9999,77.525,0.29
SRS3,5/20/2013,-9999,90.935,0.72
SRS3,5/26/2013,-9999,80.197,0.86
SRS3,6/1/2013,-9999,60.594,0.59
SRS3,6/7/2013,-9999,36.659,0.18
SRS3,6/13/2013,-9999,39.708,0.25
SRS3,6/19/2013,-9999,46.231,0.38
SRS3,6/23/2013,-9999,39.136,0.35
SRS3,6/29/2013,-9999,38.907,0.39
SRS3,7/5/2013,-9999,33.442,0.25
SRS3,7/10/2013,-9999,33.193,0.22
SRS3,7/18/2013,-9999,28.513,0.09
SRS3,7/24/2013,-9999,28.303,0.15
SRS3,7/30/2013,-9999,30.343,3.36
SRS3,8/5/2013,-9999,35.4,0.37
SRS3,8/11/2013,-9999,35.046,0.2
SRS3,8/16/2013,-9999,40.421,0.32
SRS3,8/22/2013,-9999,48.511,0.23
SRS3,8/28/2013,-9999,55.121,0.26
SRS3,9/3/2013,-9999,56.333,0.32
SRS3,9/9/2013,-9999,52.936,0.31
SRS3,9/15/2013,-9999,39.868,0.26
SRS3,9/21/2013,-9999,33.733,0.19
SRS3,9/27/2013,-9999,35.277,0.14
SRS3,10/3/2013,-9999,33.811,0.12
SRS3,10/9/2013,-9999,37.372,0.16
SRS3,10/15/2013,-9999,41.329,0.4
SRS3,10/21/2013,-9999,43.42,0.16
SRS3,10/27/2013,-9999,41.47,0.12
SRS3,11/2/2013,-9999,45.872,0.15
SRS3,11/7/2013,-9999,40.792,0.16
SRS3,11/13/2013,-9999,62.277,0.15
SRS3,11/19/2013,-9999,61.443,0.15
SRS3,11/25/2013,-9999,66.071,0.18
SRS3,12/1/2013,-9999,57.603,0.2
SRS3,12/7/2013,-9999,54.195,0.16
SRS3,12/13/2013,-9999,40.716,0.11
SRS3,12/19/2013,-9999,41.878,0.11
SRS3,12/25/2013,-9999,46.274,0.14
SRS3,12/31/2013,-9999,45.292,0.12
SRS3,1/6/2014,-9999,49.877,0.11
SRS3,1/12/2014,-9999,49.522,0.1
SRS3,1/17/2014,-9999,53.229,0.2
SRS3,1/23/2014,-9999,52.151,0.1
SRS3,1/29/2014,-9999,52.959,0.13
SRS3,2/4/2014,-9999,61.303,0.18
SRS3,2/8/2014,-9999,66.734,1.51
SRS3,2/14/2014,-9999,54.955,1.78
SRS3,2/20/2014,-9999,58.68,1.69
SRS3,2/26/2014,-9999,65.464,1.42
SRS3,3/4/2014,-9999,67.579,1.54
SRS3,3/9/2014,-9999,67.34,0.32
SRS3,3/15/2014,-9999,64.254,0.33
SRS3,3/21/2014,-9999,74.615,0.34
SRS3,3/27/2014,-9999,79.269,0.44
SRS3,4/1/2014,-9999,71.682,0.59
SRS3,4/7/2014,-9999,56.597,0.25
SRS3,4/12/2014,-9999,63.762,0.21
SRS3,4/19/2014,-9999,115.73,0.41
SRS3,4/25/2014,-9999,99.732,0.47
SRS3,5/1/2014,-9999,79.892,8.96
SRS3,5/7/2014,-9999,71.277,0.34
SRS3,5/12/2014,-9999,107.747,0.42
SRS3,5/18/2014,-9999,120.376,0.63
SRS3,5/24/2014,-9999,92.665,0.61
SRS3,5/30/2014,-9999,83.485,0.64
SRS3,6/5/2014,-9999,77.195,0.83
SRS3,6/11/2014,-9999,80.268,0.59
SRS3,6/17/2014,-9999,105.321,3.02
SRS3,6/23/2014,-9999,107.774,1.42
SRS3,6/29/2014,-9999,87.618,0.72
SRS3,7/5/2014,-9999,62.439,0.42
SRS3,7/11/2014,-9999,43.792,0.55
SRS3,7/16/2014,-9999,35.603,0.68
SRS3,7/22/2014,-9999,32.946,0.35
SRS3,7/28/2014,-9999,35.621,0.24
SRS3,8/3/2014,-9999,39.892,0.99
SRS3,8/9/2014,-9999,37.926,0.75
SRS3,8/14/2014,-9999,34.098,0.52
SRS3,8/21/2014,-9999,54.774,0.29
SRS3,8/27/2014,-9999,40.248,0.23
SRS3,9/2/2014,-9999,40.647,0.15
SRS3,9/8/2014,-9999,39.808,0.13
SRS3,9/14/2014,-9999,38.409,0.15
SRS3,9/18/2014,-9999,45.036,0.17
SRS3,9/24/2014,-9999,45.966,0.11
SRS3,9/30/2014,-9999,42.609,0.12
SRS3,10/6/2014,-9999,43.118,0.14
SRS3,10/12/2014,-9999,47.652,0.14
SRS3,10/18/2014,-9999,49.522,0.13
SRS3,10/24/2014,-9999,54.04,0.14
SRS3,10/30/2014,-9999,47.635,0.12
SRS3,11/5/2014,-9999,55.163,0.11
SRS3,11/10/2014,-9999,57.493,0.13
SRS3,11/16/2014,-9999,57.954,0.05
SRS3,11/22/2014,-9999,59.4,0.09
SRS3,11/28/2014,-9999,62.89,0.1
SRS3,12/3/2014,-9999,59.113,0.12
SRS3,12/10/2014,-9999,46.029,0.13
SRS3,12/16/2014,-9999,46.31,0.12
SRS3,12/22/2014,-9999,45.301,0.12
SRS3,12/28/2014,-9999,48.627,0.13
SRS3,1/3/2015,-9999,52.545,0.16
SRS3,1/9/2015,-9999,54.085,0.09
SRS3,1/13/2015,-9999,55.941,0.11
SRS3,1/19/2015,-9999,61.764,0.28
SRS3,1/25/2015,-9999,63.948,0.27
SRS3,1/31/2015,-9999,58.694,0.27
SRS3,2/5/2015,-9999,67.464,0.25
SRS3,2/11/2015,-9999,72.265,0.26
SRS3,2/17/2015,-9999,70.566,0.25
SRS3,2/23/2015,-9999,73.447,0.26
SRS3,3/1/2015,-9999,64.267,0.35
SRS3,3/5/2015,-9999,98.833,0.37
SRS3,3/11/2015,-9999,103.676,0.45
SRS3,3/17/2015,-9999,110.201,0.63
SRS3,3/23/2015,-9999,100.517,0.55
SRS3,3/29/2015,-9999,95.865,0.39
SRS3,4/4/2015,-9999,130.973,0.42
SRS3,4/9/2015,-9999,191.348,0.55
SRS3,4/15/2015,-9999,195.582,2.4
SRS3,4/21/2015,-9999,105.226,1.26
SRS3,4/27/2015,-9999,79.747,0.99
SRS3,5/3/2015,-9999,79.417,1.28
SRS3,5/9/2015,-9999,67.602,0.67
SRS3,5/15/2015,-9999,82.35,1.12
SRS3,5/21/2015,-9999,88.19,0.89
SRS3,5/26/2015,-9999,143.506,1.48
SRS3,6/2/2015,-9999,104.364,0.52
SRS3,6/8/2015,-9999,96.41,0.93
SRS3,6/14/2015,-9999,82.838,0.46
SRS3,6/20/2015,-9999,77.614,0.64
SRS3,6/26/2015,-9999,61.684,0.22
SRS3,7/2/2015,-9999,66.643,0.4
SRS3,7/8/2015,-9999,44.9,0.32
SRS3,7/13/2015,-9999,46.048,0.39
SRS3,7/19/2015,-9999,61.777,2.32
SRS3,7/25/2015,-9999,54.1,0.7
SRS3,7/31/2015,-9999,40.372,0.22
SRS3,8/6/2015,-9999,34.104,0.24
SRS3,8/11/2015,-9999,31.764,0.25
SRS3,8/17/2015,-9999,42.826,0.21
SRS3,8/23/2015,-9999,41.686,0.19
SRS3,8/29/2015,-9999,46.827,0.22
SRS3,9/4/2015,-9999,43.754,0.2
SRS3,9/10/2015,-9999,41.468,0.16
SRS3,9/16/2015,-9999,46.235,0.22
SRS3,9/20/2015,-9999,40.806,0.19
SRS3,9/26/2015,-9999,41.374,0.52
SRS3,10/2/2015,-9999,40.93,0.3
SRS3,10/8/2015,-9999,43.15,0.27
SRS3,10/14/2015,-9999,45.794,0.26
SRS3,10/20/2015,-9999,45.685,0.28
SRS3,10/26/2015,-9999,49.799,0.22
SRS3,10/27/2015,-9999,54.239,0.22
SRS3,11/6/2015,-9999,48.216,0.31
SRS3,11/11/2015,-9999,48.019,0.33
SRS3,11/18/2015,-9999,49.455,0.4
SRS3,11/24/2015,-9999,53.352,0.46
SRS3,11/30/2015,-9999,53.747,0.43
SRS3,12/6/2015,-9999,50.022,0.28
SRS3,12/12/2015,-9999,50.77,0.22
SRS3,12/18/2015,-9999,53.687,0.25
SRS3,12/24/2015,-9999,55.51,0.23
SRS3,12/30/2015,-9999,62.432,0.29
SRS3,1/5/2016,-9999,57.839,0.27
SRS3,1/10/2016,-9999,52.692,0.29
SRS3,1/16/2016,-9999,48.189,0.17
SRS3,1/22/2016,-9999,48.624,0.24
SRS3,1/28/2016,-9999,44.667,0.14
SRS3,2/2/2016,-9999,42.135,0.18
SRS3,2/8/2016,-9999,41.183,0.26
SRS3,2/14/2016,-9999,41.55,0.31
SRS3,2/20/2016,-9999,44.732,0.24
SRS3,2/26/2016,-9999,48.34,0.28
SRS3,3/2/2016,-9999,51.086,0.29
SRS3,3/8/2016,-9999,50.36,0.2
SRS3,3/14/2016,-9999,50.113,0.15
SRS3,3/20/2016,-9999,53.621,0.18
SRS3,3/26/2016,-9999,57.179,0.19
SRS3,4/1/2016,-9999,56.008,0.17
SRS3,4/5/2016,-9999,60.925,0.22
SRS3,4/11/2016,-9999,66.442,0.3
SRS3,4/17/2016,-9999,69.426,0.34
SRS3,4/23/2016,-9999,69.814,0.38
SRS3,4/29/2016,-9999,70.82,0.35
SRS3,5/5/2016,-9999,67.486,0.3
SRS3,5/10/2016,-9999,70.499,0.31
SRS3,5/16/2016,0.3,67.378,0.18
SRS3,5/22/2016,0.3,65.545,0.21
SRS3,5/28/2016,0.3,66.464,0.21
SRS3,6/3/2016,0.3,66.745,0.2
SRS3,6/9/2016,0.3,-9999,-9999
SRS3,6/15/2016,0.3,-9999,-9999
SRS3,6/21/2016,0.3,-9999,-9999
SRS3,6/27/2016,0.2,-9999,-9999
SRS3,7/3/2016,0.2,-9999,-9999
SRS3,7/9/2016,0.2,-9999,-9999
SRS3,7/15/2016,0.2,-9999,-9999
SRS3,7/19/2016,0.2,-9999,-9999
SRS3,7/25/2016,0.2,52.071,0.19
SRS3,7/31/2016,0.2,52.521,0.16
SRS3,8/6/2016,0.2,56.409,0.17
SRS3,8/12/2016,0.2,49.249,0.18
SRS3,8/18/2016,0.1,57.181,0.16
SRS3,8/24/2016,0.3,64.752,0.17
SRS3,8/30/2016,0.2,64.12,0.17
SRS3,9/5/2016,0.2,51.402,0.17
SRS3,9/11/2016,0.2,48.944,0.19
SRS3,9/17/2016,0.3,51.633,0.95
SRS3,9/23/2016,0.2,50.806,0.36
SRS3,9/29/2016,0.3,44.934,0.37
SRS3,10/5/2016,0.3,36.868,0.28
SRS3,10/11/2016,0.3,38.135,0.19
SRS3,10/17/2016,0.3,39.909,0.28
SRS3,10/23/2016,0.1,41.123,0.19
SRS3,10/29/2016,0.2,37.576,0.19
SRS3,11/2/2016,0.2,37.232,0.18
SRS3,11/8/2016,0.2,49.253,0.39
SRS3,11/14/2016,0.2,48.894,0.26
SRS3,11/20/2016,0.2,45.789,0.22
SRS3,11/26/2016,0.2,46.833,0.24
SRS3,12/1/2016,0.2,49.732,0.2
SRS3,12/7/2016,0.2,53.555,0.69
SRS3,12/13/2016,0.3,57.063,0.62
SRS3,12/19/2016,0.3,58.196,-9999
SRS3,12/25/2016,0.3,58.678,0.5
SRS3,12/31/2016,0.3,61.436,0.47
SRS3,1/5/2017,0.1,65.805,0.47
SRS3,1/11/2017,0.3,58.937,1.8
SRS3,1/17/2017,0.3,65.354,0.39
SRS3,1/23/2017,0.3,73.017,0.28
SRS3,1/29/2017,0.3,75.044,0.61
SRS3,2/4/2017,0.3,82.709,0.31
SRS3,2/10/2017,0.3,94.787,0.32
SRS3,2/16/2017,0.3,100.014,0.3
SRS3,2/22/2017,0.3,105.435,0.38
SRS3,2/28/2017,0.3,100.785,0.48
SRS3,3/5/2017,0.4,98.967,0.5
SRS3,3/10/2017,0.4,160.926,0.94
SRS3,3/16/2017,0.3,172.57,2.21
SRS3,3/22/2017,0.4,133.09,0.79
SRS3,3/28/2017,0.4,154.688,1.1
SRS3,4/3/2017,0.4,109.427,0.85
SRS3,4/9/2017,0.5,125.238,1.11
SRS3,4/15/2017,0.5,165.36,0.74
SRS3,4/20/2017,0.6,140.605,0.12
SRS3,4/27/2017,1.2,86.97,0.81
SRS3,5/3/2017,1.1,83.978,0.42
SRS3,5/7/2017,0.4,97.243,1.18
SRS3,5/13/2017,0.4,99.314,0.62
SRS3,5/19/2017,0.5,203.361,3.84
SRS3,5/25/2017,0.7,129.712,1.21
SRS3,5/31/2017,1.6,112.924,1.32
SRS3,6/6/2017,1.2,108.566,0.97
SRS3,6/12/2017,0.5,73.117,0.8
SRS3,6/18/2017,0.2,56.936,0.8
SRS3,6/22/2017,0.2,55.427,1.06
SRS3,6/28/2017,0.2,51.252,0.76
SRS3,7/4/2017,0.2,56.227,0.67
SRS3,7/10/2017,0.2,54.068,0.68
SRS3,7/16/2017,0.2,46.776,0.77
SRS3,7/21/2017,0.2,53.629,0.9
SRS3,7/27/2017,0.2,51.589,0.49
SRS3,8/2/2017,0.2,52.83,0.53
SRS3,8/8/2017,0.2,53.316,0.76
SRS3,8/14/2017,0.1,50.287,1.64
SRS3,8/20/2017,0.2,49.865,1.26
SRS3,8/26/2017,0.2,50.87,1.16
SRS3,9/1/2017,0.2,43.204,1.03
SRS3,9/7/2017,0.2,42.172,1.16
SRS3,9/13/2017,0.1,45.267,2.3
SRS3,9/19/2017,0.1,35.644,0.9
SRS3,9/25/2017,0.2,38.456,1.12
SRS3,9/29/2017,0.2,38.628,1.4
SRS3,10/5/2017,0.2,39.181,1.63
SRS3,10/10/2017,0.1,38.743,1.28
SRS3,10/16/2017,0.1,37.441,0.34
SRS3,10/22/2017,0.2,40.23,0.35
SRS3,10/28/2017,0.2,40.799,0.38
SRS3,11/3/2017,0.2,38.894,0.41
SRS3,11/7/2017,0.2,40.682,0.4
SRS3,11/13/2017,0.2,40.338,0.47
SRS3,11/19/2017,0.2,35.034,0.49
SRS3,11/25/2017,0.2,35.28,0.42
SRS3,12/1/2017,0.2,34.887,0.43
SRS3,12/5/2017,0.2,38.242,0.5
SRS3,12/11/2017,0.2,62.47,1.05
SRS3,12/17/2017,0.2,61.652,0.68
SRS3,12/23/2017,0.2,63.028,0.59
SRS3,12/29/2017,0.2,69.984,0.78
SRS3,1/4/2018,0.2,67.169,0.6
SRS3,1/9/2018,0.1,64.621,0.53
SRS3,1/15/2018,0.2,64.618,0.27
SRS3,1/21/2018,0.2,61.113,0.41
SRS3,1/27/2018,0.2,63.588,0.36
SRS3,2/1/2018,0.2,65.99,0.41
SRS3,2/8/2018,0.3,57.26,0.26
SRS3,2/14/2018,0.3,62.095,0.29
SRS3,2/20/2018,0.3,59.345,0.32
SRS3,2/26/2018,0.3,64.099,0.29
SRS3,3/4/2018,0.3,63.984,0.3
SRS3,3/8/2018,0.3,62.4,0.25
SRS3,3/14/2018,0.3,86.047,1.24
SRS3,3/20/2018,0.3,107.321,1.36
SRS3,3/26/2018,0.3,96.163,1.43
SRS3,4/1/2018,0.4,84.307,1.51
SRS3,4/7/2018,0.3,71.528,1.6
SRS3,4/12/2018,0.4,90.386,0.67
SRS3,4/18/2018,0.4,141.228,0.72
SRS3,4/24/2018,0.4,161.422,0.79
SRS3,4/30/2018,0.4,136.355,0.98
SRS3,5/6/2018,0.5,114.655,1.27
SRS3,5/10/2018,0.5,92.186,2.32
SRS3,5/16/2018,0.5,102.496,0.63
SRS3,5/22/2018,0.4,98.094,0.68
SRS3,5/28/2018,0.3,87.319,0.52
SRS3,6/3/2018,0.3,51.196,0.63
SRS3,6/7/2018,0.2,49.632,0.79
SRS3,6/13/2018,0.2,39.725,0.72
SRS3,6/19/2018,0.2,38.314,0.83
SRS3,6/25/2018,0.2,39.598,0.86
SRS3,7/1/2018,0.2,36.431,0.77
SRS3,7/7/2018,0.2,36.209,0.73
SRS3,7/12/2018,0.2,37.4,0.91
SRS3,7/18/2018,0.2,55.916,0.37
SRS3,7/24/2018,0.2,70.991,0.46
SRS3,7/30/2018,0.2,64.403,0.42
SRS3,8/5/2018,0.2,56.462,0.41
SRS3,8/10/2018,0.2,60.053,0.44
SRS3,8/16/2018,0.2,41.439,0.55
SRS3,8/22/2018,0.2,41.578,0.48
SRS3,8/28/2018,0.2,42.277,0.57
SRS3,9/3/2018,0.2,39.178,0.51
SRS3,9/9/2018,0.2,37.829,0.57
SRS3,9/13/2018,0.2,42.472,0.65
SRS3,9/19/2018,0.2,57.646,0.27
SRS3,9/25/2018,0.2,51.745,0.27
SRS3,10/1/2018,0.2,56.973,0.32
SRS3,10/7/2018,0.2,54.389,0.31
SRS3,10/13/2018,0.2,53.829,0.29
SRS3,10/18/2018,0.2,57.644,0.29
SRS3,10/24/2018,0.2,58.13,0.35
SRS3,10/30/2018,0.2,55.52,0.26
SRS3,11/4/2018,0.2,50.739,0.88
SRS3,11/10/2018,0.2,58.66,0.67
SRS3,11/16/2018,0.2,61.829,0.67
SRS3,11/22/2018,0.2,61.494,0.73
SRS3,11/28/2018,0.2,63.18,0.7
SRS3,12/4/2018,0.2,67.121,0.85
SRS3,12/9/2018,0.3,85.485,1.46
SRS3,12/15/2018,0.3,52.705,0.79
SRS3,12/21/2018,0.3,57.617,1.01
SRS3,12/27/2018,0.3,49.082,0.69
SRS3,1/2/2019,0.3,54.088,0.64
SRS3,1/7/2019,0.3,58.824,0.74
SRS3,1/14/2019,0.3,96.465,0.86
SRS3,1/20/2019,0.3,102.796,0.49
SRS3,1/26/2019,0.3,98.497,0.38
SRS3,2/1/2019,0.3,103.56,0.31
SRS3,2/5/2019,0.3,105.8,0.38
SRS3,2/11/2019,0.3,100.448,0.77
SRS3,2/17/2019,0.2,89.688,0.56
SRS3,2/23/2019,0.3,86.923,0.7
SRS3,3/1/2019,0.3,95.778,0.61
SRS3,3/7/2019,0.3,100.326,0.8
SRS3,3/12/2019,0.3,118.828,0.87
SRS3,3/19/2019,0.3,117.074,1.13
SRS3,3/25/2019,0.3,92.798,0.61
SRS3,3/31/2019,0.3,95.409,0.7
SRS3,4/6/2019,0.3,109.626,0.62
SRS3,4/12/2019,0.4,115.239,0.74
SRS3,4/18/2019,0.4,114.728,0.65
SRS3,4/24/2019,0.4,103.912,0.75
SRS3,4/30/2019,0.5,104.481,0.74
SRS3,5/5/2019,0.4,98.937,0.9
SRS3,5/12/2019,0.3,102.143,0.44
SRS3,5/18/2019,0.3,82.857,0.43
SRS3,5/24/2019,0.3,91.429,0.41
SRS3,5/30/2019,0.5,95,0.43
SRS3,6/5/2019,0.8,83.571,0.46
SRS3,6/9/2019,0.2,87.381,0.64
SRS3,6/15/2019,0.2,65.476,0.46
SRS3,6/21/2019,0.2,59.048,0.33
SRS3,6/27/2019,0.2,55.714,0.29
SRS3,7/1/2019,0.2,58.571,0.32
SRS3,7/7/2019,0.2,149.286,-9999
SRS3,7/13/2019,0.2,150.714,-9999
SRS3,7/19/2019,0.2,120,-9999
SRS3,7/25/2019,0.2,90,-9999
SRS3,7/31/2019,0.2,64.286,0.45
SRS3,8/5/2019,0.2,54.286,0.77
SRS3,8/12/2019,0.2,180.714,-9999
SRS3,8/18/2019,0.2,128.571,-9999
SRS3,8/24/2019,0.2,135,-9999
SRS3,8/30/2019,0.2,110.714,-9999
SRS3,9/5/2019,0.2,72.143,0.68
SRS3,9/10/2019,0.2,57.857,0.67
SRS3,9/16/2019,0.2,117.857,-9999
SRS3,9/22/2019,0.2,84.524,-9999
SRS3,9/28/2019,0.2,85.476,-9999
SRS3,10/4/2019,0.2,76.429,1.36
SRS3,10/10/2019,0.2,114.048,-9999
SRS3,10/16/2019,0.2,82.381,-9999
SRS3,10/22/2019,0.2,82.381,-9999
SRS3,10/28/2019,0.2,73.571,0.98
SRS3,11/3/2019,0.2,67.143,0.71
SRS3,11/9/2019,0.2,58.44,0.75
SRS3,11/15/2019,0.3,58.345,0.99
SRS3,11/21/2019,0.3,65.437,1.05
SRS3,11/27/2019,0.3,64.011,0.42
SRS3,12/3/2019,0.3,73.638,0.67
SRS3,12/9/2019,0.3,75.373,0.47
SRS3,12/13/2019,0.3,71.667,0.72
SRS3,12/19/2019,0.3,68.333,0.62
SRS3,12/25/2019,0.3,71.19,0.66
SRS3,12/31/2019,0.3,70.952,0.65
SRS3,1/6/2020,0.3,73.333,0.63
SRS3,1/10/2020,0.3,79.524,0.17
SRS3,1/16/2020,0.3,78.571,0.2
SRS3,1/22/2020,0.3,84.048,0.2
SRS3,1/28/2020,0.3,83.333,0.2
SRS3,2/3/2020,0.3,83.333,1.4
SRS3,2/8/2020,0.3,85.714,0.77
SRS3,2/14/2020,0.3,81.905,0.69
SRS3,2/20/2020,0.3,88.095,0.81
SRS3,2/26/2020,0.3,91.905,0.8
SRS3,3/3/2020,0.3,88.333,0.7
SRS3,3/8/2020,0.3,93.81,0.83
SRS3,3/15/2020,0.3,126.667,0.89
SRS3,3/21/2020,0.3,151.19,1.13
SRS3,3/27/2020,0.4,187.143,1.86
SRS3,4/2/2020,0.4,102.857,1.32
SRS3,4/8/2020,0.6,130.952,2.85
SRS3,4/14/2020,3.6,101.429,1.74
SRS3,4/20/2020,1.5,129.286,1.24
SRS3,4/26/2020,4.2,119.286,1.69
SRS3,5/2/2020,2.4,122.381,1.17
SRS3,6/4/2020,0.6,194.762,0.79
SRS3,6/10/2020,0.5,141.429,0.62
SRS3,6/15/2020,0.5,123.214,0.8
SRS3,6/21/2020,0.5,110.476,1.25
SRS3,6/27/2020,0.3,147.619,1.7
SRS3,7/3/2020,0.3,118.571,1.05
SRS3,7/9/2020,0.2,73.095,0.96
SRS3,7/14/2020,0.2,59.762,0.73
SRS3,7/21/2020,0.2,49.572,1.13
SRS3,7/27/2020,0.2,36.01,0.84
SRS3,8/2/2020,0.2,45.452,1.37
SRS3,8/8/2020,0.2,41.192,1.23
SRS3,8/14/2020,0.2,36.03,1.11
SRS3,8/20/2020,0.2,35.044,1.28
SRS3,8/25/2020,0.2,32.029,1.24
SRS3,9/1/2020,0.2,36.172,0.88
SRS3,9/7/2020,0.2,38.261,0.82
SRS3,9/12/2020,0.2,44.705,0.54
SRS3,9/18/2020,0.2,39.675,0.95
SRS3,9/24/2020,0.2,41.36,0.95
SRS3,9/30/2020,0.2,38.873,0.59
SRS3,10/5/2020,0.2,43.612,0.78
SRS3,10/11/2020,0.2,51.334,0.82
SRS3,10/17/2020,0.2,47.305,0.68
SRS3,10/23/2020,0.2,41.457,0.71
SRS3,10/29/2020,0.2,37.22,0.58
SRS3,11/2/2020,0.2,39.264,0.65
SRS3,11/8/2020,0.2,43.083,0.73
SRS3,11/14/2020,0.2,32.688,0.59
SRS3,11/20/2020,0.2,36.427,0.65
SRS3,11/26/2020,0.2,28.446,0.64
SRS3,12/2/2020,0.2,37.114,0.68
SRS3,12/7/2020,0.1,36.925,0.79
SRS3,12/14/2020,0.2,57.143,0.51
SRS3,12/20/2020,0.2,58.333,0.59
SRS3,12/26/2020,0.2,61.905,0.55
SRS3,1/1/2021,0.2,66.19,0.51
SRS3,1/7/2021,0.2,65.952,0.62
SRS3,1/11/2021,0.2,71.667,0.64
SRS3,1/17/2021,0.3,64.762,0.58
SRS3,1/23/2021,0.3,64.048,0.7
SRS3,1/29/2021,0.3,66.667,0.69
SRS3,2/4/2021,0.3,67.619,0.72
SRS3,2/8/2021,0.3,69.048,0.72
SRS3,2/14/2021,0.3,75.476,0.65
SRS3,2/20/2021,0.3,82.143,0.81
SRS3,2/26/2021,0.3,80.714,0.73
SRS3,3/4/2021,0.3,75.714,0.27
SRS3,3/10/2021,0.3,79.286,0.41
SRS3,3/16/2021,0.3,79.524,0.36
SRS3,3/22/2021,0.3,81.429,0.41
SRS3,3/28/2021,0.3,83.571,0.36
SRS3,4/3/2021,0.4,87.143,0.36
SRS3,4/9/2021,0.4,87.381,0.36
SRS3,4/15/2021,0.4,85.476,0.93
SRS3,4/21/2021,0.4,96.19,0.93
SRS3,4/27/2021,0.3,78.333,0.77
SRS3,5/3/2021,0.4,82.857,0.84
SRS3,5/8/2021,0.4,98.81,0.82
SRS3,5/14/2021,0.4,107.857,0.75
SRS3,5/20/2021,0.4,107.619,0.7
SRS3,5/26/2021,0.4,113.81,0.74
SRS3,6/1/2021,0.5,123.81,0.87
SRS3,6/6/2021,0.4,125.952,0.65
SRS3,6/12/2021,0.4,132.381,0.86
SRS3,6/18/2021,0.4,130.238,0.83
SRS3,6/24/2021,0.4,114.048,0.68
SRS3,6/30/2021,0.3,85.714,0.82
SRS3,7/6/2021,0.3,68.81,0.78
SRS3,7/12/2021,0.3,73.095,0.73
SRS3,7/13/2021,0.3,81.429,1.46
SRS3,8/8/2021,0.3,61.19,0.78
SRS3,8/14/2021,0.3,60.952,0.76
SRS3,8/20/2021,0.2,59.524,0.74
SRS3,8/26/2021,0.3,64.524,0.92
SRS3,8/31/2021,0.2,57.143,0.72
SRS3,9/7/2021,0.2,61.429,1.11
SRS3,9/13/2021,0.2,56.429,1.23
SRS3,9/19/2021,0.2,59.048,0.84
SRS3,9/25/2021,0.2,57.619,0.8
SRS3,10/1/2021,0.2,55,0.89
SRS3,10/7/2021,0.2,61.19,0.83
SRS3,10/13/2021,0.2,60,0.78
SRS3,10/19/2021,0.3,67.619,0.76
SRS3,10/25/2021,0.3,67.857,0.73
SRS3,10/31/2021,0.3,71.667,0.77
SRS3,11/4/2021,0.3,80.238,0.63
SRS3,11/10/2021,0.3,72.381,0.64
SRS3,11/16/2021,0.3,68.571,0.54
SRS3,11/22/2021,0.3,66.429,0.58
SRS3,11/28/2021,0.3,73.571,0.64
SRS3,12/4/2021,0.3,75,1.05
SRS3,12/10/2021,0.3,75.714,1.06
SRS3,12/16/2021,0.3,83.333,1.17
SRS3,12/22/2021,0.3,87.857,1.23
SRS3,12/28/2021,0.3,81.667,1.14
SRS3,1/3/2022,0.3,83.81,1.17
SRS3,1/8/2022,0.3,84.762,0.94
SRS3,1/14/2022,0.3,83.81,0.96
SRS3,1/20/2022,0.3,80.714,0.9
SRS3,1/26/2022,0.3,81.429,0.89
SRS3,1/31/2022,0.3,84.524,0.94
SRS3,2/7/2022,0.3,70.238,1.06
SRS3,2/13/2022,0.3,67.857,1.06
SRS3,2/19/2022,0.3,64.286,1.03
SRS3,2/25/2022,0.3,66.905,1.5
SRS3,3/1/2022,0.3,74.286,1.1
SRS3,3/7/2022,0.3,79.048,1.1
SRS3,3/13/2022,0.3,75.714,0.88
SRS3,3/19/2022,0.3,75,0.91
SRS3,3/25/2022,0.3,72.619,0.93
SRS3,3/31/2022,0.3,66.191,0.73
SRS3,4/4/2022,0.3,70.238,0.92
SRS3,4/10/2022,0.3,49.158,0.98
SRS3,4/16/2022,0.3,51.103,0.86
SRS3,4/22/2022,0.3,43.267,0.86
SRS3,4/28/2022,0.3,40.587,0.86
SRS3,5/3/2022,0.3,40.465,0.91
SRS3,5/9/2022,0.3,42.857,0.21
SRS3,5/15/2022,0.3,46.429,0.26
SRS3,5/21/2022,0.3,44.286,0.24
SRS3,5/27/2022,0.3,51.429,0.27
SRS3,6/1/2022,0.3,38.571,0.36
SRS3,6/8/2022,0.2,35.657,0.34
SRS3,6/14/2022,0.2,39.95,0.45
SRS3,6/20/2022,0.2,39.756,0.36
SRS3,6/26/2022,0.2,35.216,0.37
SRS3,7/2/2022,0.2,34.954,0.38
SRS3,7/7/2022,0.2,32.29,0.3
SRS3,7/13/2022,0.2,32.857,0.24
SRS3,7/19/2022,0.2,38.571,0.26
SRS3,7/25/2022,0.2,37.857,0.26
SRS3,7/31/2022,0.2,28.571,0.29
SRS3,8/5/2022,0.2,27.967,0.23
SRS3,8/11/2022,0.2,32.271,0.26
SRS3,8/17/2022,0.2,28.652,0.24
SRS3,8/23/2022,0.2,27.427,0.28
SRS3,8/29/2022,0.2,28.216,0.28
SRS3,9/4/2022,0.2,30.684,0.54
SRS3,9/10/2022,0.2,30.532,0.44
SRS3,9/16/2022,0.2,58.246,2.25
SRS3,9/22/2022,0.2,30.173,0.54
SRS3,9/28/2022,0.2,29.91,0.56
SRS3,10/4/2022,0.2,23.725,0.55
SRS3,10/10/2022,0.2,27.029,0.59
SRS3,10/14/2022,0.2,38.634,0.59
SRS3,10/20/2022,0.2,37.802,0.53
SRS3,10/26/2022,0.2,40.756,0.48
SRS3,11/1/2022,0.2,42.124,0.59
SRS3,11/6/2022,0.2,40.751,0.72
SRS3,11/12/2022,0.3,45.916,0.77
SRS3,11/18/2022,0.3,45.837,0.75
SRS3,11/24/2022,0.3,44.533,0.72
SRS3,11/30/2022,0.2,41.161,0.73
SRS3,12/4/2022,0.1,53.735,0.39
SRS3,12/10/2022,0.3,53.912,0.39
SRS3,12/16/2022,0.2,54.544,0.36
SRS3,12/22/2022,0.3,56.997,0.38
SRS3,12/28/2022,0.3,57.587,0.41
SRS4,10/31/2000,2,37.329,0.17
SRS4,11/3/2000,2,36.306,0.29
SRS4,11/6/2000,2,27.249,0.21
SRS4,11/9/2000,2,27.769,0.25
SRS4,11/12/2000,2,36.033,0.19
SRS4,11/15/2000,5,40.511,0.34
SRS4,11/18/2000,4,28.226,0.2
SRS4,11/21/2000,2,34.672,0.1
SRS4,11/24/2000,2,38.108,-9999
SRS4,11/27/2000,2,32.27,0.16
SRS4,11/30/2000,5,42.181,0.13
SRS4,12/3/2000,2,31.2,0.12
SRS4,12/6/2000,2,36.847,0.1
SRS4,12/9/2000,2,38.859,0.14
SRS4,12/12/2000,4,55.72,0.15
SRS4,12/15/2000,5,38.181,0.17
SRS4,12/18/2000,3,49.373,0.1
SRS4,12/21/2000,1,-9999,-9999
SRS4,12/24/2000,1,61.73,0.33
SRS4,12/27/2000,1,64.5,0.18
SRS4,12/30/2000,2,55.99,0.19
SRS4,1/2/2001,3,-9999,-9999
SRS4,1/5/2001,2,54.228,0.31
SRS4,1/8/2001,2,55.369,0.16
SRS4,1/11/2001,2,58.269,0.15
SRS4,1/14/2001,3,50.7,0.17
SRS4,1/17/2001,3,42.026,0.17
SRS4,1/20/2001,3,42.413,0.19
SRS4,1/23/2001,3,36.726,0.18
SRS4,1/25/2001,2,44.992,0.18
SRS4,1/29/2001,2,-9999,-9999
SRS4,2/1/2001,2.5,41.405,0.19
SRS4,2/4/2001,3,-9999,-9999
SRS4,2/7/2001,3,34.325,0.57
SRS4,2/10/2001,3,-9999,-9999
SRS4,2/13/2001,4,-9999,-9999
SRS4,2/16/2001,4.5,41.65,0.85
SRS4,2/19/2001,4.5,-9999,-9999
SRS4,2/22/2001,5.5,29.359,0.63
SRS4,2/25/2001,8,45.646,0.72
SRS4,2/28/2001,9.5,30.241,1.04
SRS4,3/3/2001,9,50.461,0.99
SRS4,3/6/2001,10.5,-9999,-9999
SRS4,3/9/2001,11,45.385,1.88
SRS4,3/12/2001,11.5,30.196,1.7
SRS4,3/15/2001,12.5,34.835,2.06
SRS4,3/18/2001,12,34.931,1.66
SRS4,3/21/2001,11,28.217,2.18
SRS4,3/23/2001,12,53.173,1.96
SRS4,3/26/2001,18.7,72.291,0.38
SRS4,3/29/2001,17,66.258,0.47
SRS4,4/1/2001,15.1,64.481,0.37
SRS4,4/4/2001,13.8,64.978,0.37
SRS4,4/7/2001,13.6,66.293,0.39
SRS4,4/10/2001,14.2,68.531,0.48
SRS4,4/13/2001,16.4,77.308,0.46
SRS4,4/16/2001,17.2,76.662,0.47
SRS4,4/19/2001,17.6,106.749,-9999
SRS4,4/22/2001,16.2,73.235,0.53
SRS4,4/25/2001,16.3,67.124,0.5
SRS4,4/28/2001,19.1,71.194,0.54
SRS4,5/1/2001,18.5,71.455,0.45
SRS4,5/4/2001,17.6,-9999,-9999
SRS4,5/7/2001,17.5,66.023,0.56
SRS4,5/10/2001,17.5,38.055,0.37
SRS4,5/13/2001,18.6,36.143,0.43
SRS4,5/16/2001,19.8,35.458,0.28
SRS4,5/19/2001,18.5,39.852,0.29
SRS4,5/22/2001,18.6,27.861,0.39
SRS4,5/23/2001,20.3,38.746,0.73
SRS4,5/26/2001,22.8,29.488,1.01
SRS4,5/29/2001,22.8,28.967,0.94
SRS4,6/1/2001,21.4,31.921,0.84
SRS4,6/4/2001,19.8,36.299,0.91
SRS4,6/7/2001,18.6,28.589,1.04
SRS4,6/10/2001,17.2,33.736,1.13
SRS4,6/13/2001,17.1,39.42,1.1
SRS4,6/16/2001,17,31.059,1.02
SRS4,6/19/2001,15.6,37.297,0.95
SRS4,6/22/2001,13.7,39.505,0.51
SRS4,6/25/2001,12.7,37.806,0.51
SRS4,6/26/2001,12.4,44.778,1.12
SRS4,6/29/2001,10.8,53.231,0.5
SRS4,7/2/2001,9.5,52.798,0.67
SRS4,7/5/2001,9.1,45.462,0.48
SRS4,7/8/2001,9.4,50.057,0.63
SRS4,7/11/2001,9.8,56.901,0.66
SRS4,7/14/2001,9.8,48.881,0.72
SRS4,7/17/2001,9.4,40.949,0.26
SRS4,7/20/2001,8.2,42.074,0.27
SRS4,7/23/2001,7.6,51.85,0.46
SRS4,7/25/2001,8.7,58.029,-9999
SRS4,7/28/2001,6.6,59.971,0.21
SRS4,7/31/2001,3.7,65.784,0.31
SRS4,8/3/2001,2.7,64.207,0.21
SRS4,8/6/2001,1.1,58.97,0.2
SRS4,8/9/2001,0.7,70.287,1.15
SRS4,8/12/2001,0.7,42.61,0.19
SRS4,8/15/2001,0.9,59.546,0.45
SRS4,8/18/2001,0.9,67.525,0.23
SRS4,8/21/2001,0.9,-9999,-9999
SRS4,8/24/2001,0.8,47.844,0.29
SRS4,8/27/2001,0.7,45.154,0.17
SRS4,8/30/2001,0.8,47.802,0.17
SRS4,9/2/2001,1.1,-9999,-9999
SRS4,9/5/2001,1.1,66.591,-9999
SRS4,9/8/2001,0.9,50.865,0.64
SRS4,9/10/2001,0.9,46.82,0.26
SRS4,9/13/2001,0.8,31.022,0.2
SRS4,9/16/2001,2.4,31.035,-9999
SRS4,9/19/2001,3.5,32.848,0.37
SRS4,9/22/2001,1.7,56.107,0.21
SRS4,9/25/2001,0.7,33.51,0.19
SRS4,9/28/2001,0.4,38.711,0.15
SRS4,10/1/2001,0.2,44.505,0.15
SRS4,10/4/2001,0.2,51.238,0.5
SRS4,10/6/2001,0.2,25.968,0.15
SRS4,10/9/2001,0.2,43.692,0.11
SRS4,10/12/2001,0.7,50.942,0.15
SRS4,10/15/2001,0.5,46.589,0.21
SRS4,10/18/2001,0.4,44.304,0.19
SRS4,10/21/2001,0.4,49.519,0.28
SRS4,10/24/2001,0.3,43.522,0.21
SRS4,10/27/2001,0.3,42.661,0.11
SRS4,10/30/2001,0.8,60.527,0.63
SRS4,10/31/2001,1,50.6,0.22
SRS4,11/3/2001,0.8,-9999,-9999
SRS4,11/6/2001,0.5,35.313,-9999
SRS4,11/9/2001,0.5,32.623,0.22
SRS4,11/12/2001,0.4,51.817,0.15
SRS4,11/15/2001,0.4,43.811,0.55
SRS4,11/18/2001,0.3,35.126,0.09
SRS4,11/21/2001,0.4,35.69,0.14
SRS4,11/24/2001,0.5,39.624,0.14
SRS4,11/27/2001,0.7,39.623,0.18
SRS4,11/28/2001,0.7,42.972,0.4
SRS4,12/1/2001,0.9,38.964,0.09
SRS4,12/4/2001,0.9,36.968,0.1
SRS4,12/7/2001,1.1,40.003,0.11
SRS4,12/10/2001,1.2,52.545,-9999
SRS4,12/13/2001,1.1,41.035,0.14
SRS4,12/16/2001,0.9,41.507,0.19
SRS4,12/17/2001,0.8,45.474,0.25
SRS4,12/20/2001,0.7,34.487,0.14
SRS4,12/23/2001,1,65.527,0.12
SRS4,12/26/2001,0.9,36.046,0.3
SRS4,12/29/2001,0.9,39.179,0.16
SRS4,1/1/2002,0.8,34.403,-9999
SRS4,1/4/2002,0.8,31.962,0.36
SRS4,1/7/2002,0.8,44.696,0.19
SRS4,1/10/2002,0.9,39.897,0.09
SRS4,1/13/2002,1.2,43.757,0.09
SRS4,1/16/2002,1.5,34.112,0.1
SRS4,1/19/2002,1.2,40.73,0.07
SRS4,1/22/2002,1.3,40.846,0.17
SRS4,1/24/2002,1.6,40.8,0.17
SRS4,1/27/2002,1.3,25.365,0.31
SRS4,1/30/2002,1.3,28.807,0.66
SRS4,2/2/2002,1.3,34.693,0.27
SRS4,2/5/2002,1.5,-9999,-9999
SRS4,2/8/2002,1.7,33.761,0.13
SRS4,2/11/2002,1.7,30.484,0.46
SRS4,2/14/2002,1.7,29.951,0.21
SRS4,2/17/2002,1.7,53.665,0.55
SRS4,2/20/2002,1.9,37.712,0.81
SRS4,2/23/2002,2.1,34.702,-9999
SRS4,2/26/2002,2.1,39.969,-9999
SRS4,4/2/2002,2.3,26.028,0.13
SRS4,4/8/2002,6.6,71.42,0.74
SRS4,4/11/2002,6,72.545,0.37
SRS4,4/14/2002,6.4,61.96,0.5
SRS4,4/17/2002,9.1,79.956,0.45
SRS4,4/20/2002,9.2,74.002,0.44
SRS4,4/23/2002,8.7,57.52,0.45
SRS4,4/26/2002,11.3,91.904,0.6
SRS4,4/29/2002,13.6,60.284,0.45
SRS4,5/2/2002,14.6,53.19,0.43
SRS4,5/5/2002,16.2,76.293,0.58
SRS4,5/8/2002,15.6,67.643,0.64
SRS4,5/11/2002,15.4,67.852,0.72
SRS4,5/13/2002,15.5,64.166,0.77
SRS4,5/16/2002,17.3,30.594,0.37
SRS4,5/19/2002,18.3,33.289,0.58
SRS4,5/22/2002,19.8,58.146,0.7
SRS4,5/25/2002,17.9,34.542,0.52
SRS4,5/28/2002,17.2,34.449,0.43
SRS4,5/31/2002,17.7,29.032,0.39
SRS4,6/3/2002,17.1,25.152,0.4
SRS4,6/6/2002,15.7,25.88,0.57
SRS4,6/9/2002,13.2,27.423,0.22
SRS4,6/12/2002,10.6,36.471,0.16
SRS4,6/15/2002,8.8,41.276,0.59
SRS4,6/18/2002,6.9,48.956,0.17
SRS4,6/21/2002,2.8,38.756,0.12
SRS4,6/24/2002,0.9,33.212,0.13
SRS4,6/27/2002,0.5,30.133,0.11
SRS4,6/30/2002,0.5,78.516,0.6
SRS4,7/3/2002,0.5,82.875,0.14
SRS4,7/6/2002,0.5,60.856,0.08
SRS4,7/9/2002,0.6,71.085,0.25
SRS4,7/12/2002,0.4,80.486,-9999
SRS4,7/15/2002,0.4,72.973,0.14
SRS4,7/18/2002,0.4,64.335,0.31
SRS4,7/21/2002,0.4,71.151,0.28
SRS4,7/24/2002,0.6,69.985,0.33
SRS4,7/25/2002,0.6,73.898,0.3
SRS4,7/28/2002,0.8,39.882,0.1
SRS4,7/31/2002,0.8,34.25,0.1
SRS4,8/3/2002,0.7,34.487,0.11
SRS4,8/6/2002,0.7,41.392,0.08
SRS4,8/9/2002,0.7,34.716,0.08
SRS4,8/12/2002,0.7,50.028,0.07
SRS4,8/15/2002,0.8,-9999,-9999
SRS4,8/18/2002,0.9,42.843,1
SRS4,8/19/2002,0.9,37.202,0.06
SRS4,8/22/2002,0.9,45.793,0.11
SRS4,8/25/2002,0.7,44.871,0.08
SRS4,8/28/2002,0.6,43.795,0.08
SRS4,8/31/2002,0.6,53.146,0.08
SRS4,9/3/2002,0.6,44.065,0.07
SRS4,9/6/2002,0.5,44.739,0.19
SRS4,9/9/2002,0.6,44.67,0.15
SRS4,9/12/2002,0.4,48.818,0.08
SRS4,9/15/2002,0.4,45.266,0.11
SRS4,9/18/2002,0.5,44.602,0.09
SRS4,9/21/2002,0.6,43.51,0.11
SRS4,9/24/2002,0.6,42.767,0.09
SRS4,9/26/2002,0.5,37.409,0.06
SRS4,9/29/2002,0.5,43.442,0.1
SRS4,10/2/2002,0.6,39.475,0.11
SRS4,10/5/2002,0.6,36.411,0.11
SRS4,10/8/2002,0.8,40.329,0.11
SRS4,10/11/2002,1.7,44.339,0.15
SRS4,10/14/2002,1,62.295,-9999
SRS4,10/17/2002,0.6,31.939,-9999
SRS4,10/20/2002,0.8,29.946,0.15
SRS4,10/21/2002,0.8,33.976,0.09
SRS4,10/27/2002,0.6,37.526,0.25
SRS4,11/24/2002,1.2,84.686,0.17
SRS4,11/27/2002,1.2,54.485,0.11
SRS4,11/30/2002,1.3,46.626,0.15
SRS4,12/3/2002,1.3,37.549,0.09
SRS4,12/6/2002,1.3,48.474,0.11
SRS4,12/9/2002,1.5,31.945,0.13
SRS4,12/12/2002,1.4,-9999,-9999
SRS4,12/15/2002,1.2,31.45,0.06
SRS4,12/17/2002,1,22.218,0.17
SRS4,12/20/2002,1.1,39.137,0.11
SRS4,12/23/2002,1.2,44.052,0.11
SRS4,12/26/2002,1.2,29.532,0.08
SRS4,12/29/2002,1.4,33.3,0.18
SRS4,1/1/2003,1.5,35.146,0.12
SRS4,1/4/2003,1.5,30.806,0.14
SRS4,1/7/2003,1.6,40.32,0.15
SRS4,1/10/2003,1.4,30.347,0.1
SRS4,1/13/2003,1.5,35.007,0.18
SRS4,1/16/2003,1.5,29.711,0.16
SRS4,1/19/2003,1.5,38.231,0.1
SRS4,1/22/2003,1.8,32.387,0.2
SRS4,1/23/2003,1.7,48.018,0.18
SRS4,1/26/2003,1.8,-9999,-9999
SRS4,1/29/2003,2.3,-9999,-9999
SRS4,2/1/2003,2.4,-9999,-9999
SRS4,2/4/2003,2.6,33.413,0.18
SRS4,2/7/2003,2.9,36.089,0.31
SRS4,2/10/2003,2.9,34.961,0.23
SRS4,2/13/2003,2.8,32.12,0.44
SRS4,2/16/2003,2.9,32.29,0.17
SRS4,2/18/2003,3.5,32.716,0.19
SRS4,2/21/2003,5.3,47.15,0.41
SRS4,2/24/2003,7,36.294,0.24
SRS4,2/27/2003,7.1,32.152,0.18
SRS4,3/2/2003,6.9,44.046,0.28
SRS4,3/5/2003,8.6,39.947,0.4
SRS4,3/8/2003,10.2,26.071,0.39
SRS4,3/11/2003,9.8,23.501,0.32
SRS4,3/14/2003,10.3,24.542,0.24
SRS4,3/17/2003,12,21.882,0.28
SRS4,3/20/2003,19.4,23.544,0.25
SRS4,3/23/2003,19,22.404,0.31
SRS4,3/26/2003,16.4,25.067,0.23
SRS4,3/27/2003,-9999,22.961,0.27
SRS4,3/30/2003,12.2,68.896,0.44
SRS4,4/2/2003,9.1,62.97,0.4
SRS4,4/5/2003,6.8,49.684,0.26
SRS4,4/8/2003,6.7,53.25,0.38
SRS4,4/11/2003,7.9,54.838,0.23
SRS4,4/14/2003,12.7,33.934,0.31
SRS4,4/17/2003,12.4,30.524,0.4
SRS4,4/20/2003,15.5,25.795,0.45
SRS4,4/22/2003,15.1,33.914,0.85
SRS4,4/25/2003,13.2,101.224,0.22
SRS4,4/28/2003,12.3,79.728,-9999
SRS4,5/1/2003,11.6,71.62,-9999
SRS4,5/4/2003,9.8,59.616,-9999
SRS4,5/7/2003,8.4,63.532,0.87
SRS4,5/10/2003,6.9,47.598,0.88
SRS4,5/13/2003,5.7,81.205,0.51
SRS4,5/15/2003,5,-9999,0.39
SRS4,5/18/2003,6.1,44.473,0.47
SRS4,5/21/2003,6.2,47.91,0.54
SRS4,5/24/2003,5.7,50.867,0.43
SRS4,5/27/2003,4.8,43.39,0.27
SRS4,5/30/2003,3,41.329,0.32
SRS4,6/2/2003,1.6,35.767,0.28
SRS4,6/5/2003,1.2,38.327,0.34
SRS4,6/8/2003,1.9,43.588,0.38
SRS4,6/11/2003,1.2,42.448,0.42
SRS4,6/14/2003,1.2,36.318,0.3
SRS4,6/17/2003,1.4,37.706,0.22
SRS4,6/19/2003,1.2,34.281,0.25
SRS4,6/22/2003,1.1,65.112,0.39
SRS4,6/25/2003,1.4,68.762,0.63
SRS4,6/28/2003,1.2,72.881,0.43
SRS4,7/1/2003,1.3,79.375,0.34
SRS4,7/4/2003,1,128.092,0.59
SRS4,7/7/2003,1.3,167.357,-9999
SRS4,7/10/2003,1.6,89.269,0.27
SRS4,7/13/2003,1.3,62.135,0.29
SRS4,7/16/2003,1.4,66.73,0.28
SRS4,7/19/2003,1.6,52.191,0.28
SRS4,7/22/2003,1.6,41.55,0.22
SRS4,7/25/2003,1.4,81.055,0.23
SRS4,7/28/2003,1.6,32.639,0.22
SRS4,7/30/2003,1.2,35.447,0.46
SRS4,8/2/2003,1,58.56,0.24
SRS4,8/5/2003,1.2,54.441,0.13
SRS4,8/8/2003,0.9,40.389,0.14
SRS4,8/10/2003,0.8,41.825,0.15
SRS4,8/14/2003,0.7,29.972,0.3
SRS4,8/17/2003,0.8,25.538,0.16
SRS4,8/20/2003,0.8,27.689,0.27
SRS4,8/23/2003,0.8,28.393,0.26
SRS4,8/26/2003,0.6,22.189,0.34
SRS4,8/29/2003,0.5,28.726,0.31
SRS4,9/1/2003,0.4,22.064,0.16
SRS4,9/4/2003,0.6,29.178,0.1
SRS4,9/7/2003,0.4,18.943,0.11
SRS4,9/10/2003,0.4,27.32,0.13
SRS4,9/11/2003,0.3,23.202,0.19
SRS4,9/14/2003,0.3,34.725,0.23
SRS4,9/17/2003,0.4,29.129,0.14
SRS4,9/20/2003,0.3,31.831,0.17
SRS4,9/23/2003,0.5,26.065,0.15
SRS4,9/26/2003,0.3,33.795,0.22
SRS4,9/29/2003,0.3,29.556,0.22
SRS4,10/2/2003,0.2,37.565,0.24
SRS4,10/5/2003,0.2,27.67,0.22
SRS4,10/7/2003,0.3,27.005,0.24
SRS4,10/10/2003,0.3,30.168,0.2
SRS4,10/13/2003,0.3,31.437,0.27
SRS4,10/16/2003,0.3,39.071,0.25
SRS4,10/19/2003,0.5,36.189,0.25
SRS4,10/22/2003,0.5,34.66,0.24
SRS4,10/25/2003,0.4,45.596,0.25
SRS4,10/28/2003,0.5,30.979,0.26
SRS4,10/31/2003,0.5,32.657,0.26
SRS4,11/3/2003,0.8,33.557,0.25
SRS4,11/5/2003,0.7,28.333,0.34
SRS4,11/9/2003,0.5,36.577,0.07
SRS4,11/12/2003,0.5,33.786,0.09
SRS4,11/15/2003,0.5,25.124,0.08
SRS4,11/18/2003,0.7,24.452,0.11
SRS4,11/21/2003,0.6,29.921,0.09
SRS4,11/24/2003,0.6,29.963,0.27
SRS4,11/27/2003,0.6,30.737,0.17
SRS4,11/30/2003,0.6,18.641,0.16
SRS4,12/3/2003,1.2,18.945,0.19
SRS4,12/4/2003,1.4,22.385,0.17
SRS4,12/7/2003,1.1,64.858,0.28
SRS4,12/10/2003,1.1,52.274,0.22
SRS4,12/13/2003,1,35.56,0.25
SRS4,12/16/2003,1,73.151,-9999
SRS4,12/19/2003,0.9,36.972,0.19
SRS4,12/22/2003,1.3,32.671,0.15
SRS4,12/25/2003,1.3,33.218,0.23
SRS4,12/28/2003,1.2,33.798,0.32
SRS4,12/31/2003,1.3,28.92,0.25
SRS4,1/3/2004,1.5,27.814,0.18
SRS4,1/6/2004,1.4,26.8,0.16
SRS4,1/9/2004,1.3,28.464,0.17
SRS4,1/11/2004,1.3,27.683,0.13
SRS4,1/15/2004,1.2,18.993,0.13
SRS4,1/18/2004,1.5,52.733,0.15
SRS4,1/21/2004,1.3,39.267,0.16
SRS4,1/24/2004,1.5,41.032,0.17
SRS4,1/27/2004,1.7,36.702,0.1
SRS4,1/30/2004,2,40.381,0.18
SRS4,2/2/2004,2,-9999,0.12
SRS4,2/5/2004,1.6,29.164,0.19
SRS4,2/8/2004,1.4,31.767,0.23
SRS4,2/9/2004,1.6,25.029,0.17
SRS4,4/9/2004,14.5,73.976,0.66
SRS4,4/12/2004,14.5,98.61,0.47
SRS4,4/15/2004,12.1,66.157,-9999
SRS4,4/18/2004,7.5,60.409,0.35
SRS4,4/21/2004,6.5,54.263,0.26
SRS4,4/24/2004,6.5,40.96,0.21
SRS4,4/27/2004,6.5,35.232,0.19
SRS4,4/30/2004,6.5,30.251,0.22
SRS4,5/2/2004,7.5,29.623,0.23
SRS4,5/12/2004,11,47.672,0.3
SRS4,5/15/2004,10.9,60.205,0.81
SRS4,5/18/2004,11,71.498,1.25
SRS4,5/21/2004,12.6,45.625,0.29
SRS4,5/24/2004,15.4,44.503,0.27
SRS4,5/27/2004,16.9,42.783,0.33
SRS4,5/30/2004,19.2,36.051,0.51
SRS4,6/2/2004,22.2,31.566,0.43
SRS4,6/5/2004,24.2,37.271,0.55
SRS4,6/8/2004,23.7,31.917,0.74
SRS4,6/11/2004,21,23.978,0.46
SRS4,6/14/2004,18.9,35.463,0.57
SRS4,6/17/2004,17.5,43.42,0.42
SRS4,6/20/2004,16.3,49.684,0.35
SRS4,6/23/2004,16.3,26.003,0.25
SRS4,6/26/2004,15.7,31.508,0.28
SRS4,6/29/2004,14.4,30.874,0.23
SRS4,7/2/2004,12.8,30.268,0.28
SRS4,7/5/2004,11.2,34.105,0.33
SRS4,7/8/2004,9.8,28.007,0.47
SRS4,7/11/2004,8.4,31.371,0.38
SRS4,7/14/2004,4.7,33.845,0.52
SRS4,7/17/2004,3.5,26.026,0.7
SRS4,7/19/2004,3.1,30.28,-9999
SRS4,7/23/2004,4.3,92.504,1.23
SRS4,7/26/2004,3.9,-9999,0.52
SRS4,7/29/2004,2.8,51.008,0.51
SRS4,8/1/2004,2.6,-9999,0.47
SRS4,8/4/2004,1.8,-9999,0.26
SRS4,8/7/2004,1,70.596,0.39
SRS4,8/10/2004,0.9,50.948,0.64
SRS4,8/13/2004,1.1,38.331,0.45
SRS4,8/15/2004,1.4,29.784,0.46
SRS4,8/19/2004,0.7,55.321,-9999
SRS4,8/22/2004,0.6,47.249,0.26
SRS4,8/25/2004,0.4,47.476,0.28
SRS4,8/28/2004,0.5,40.314,0.28
SRS4,8/31/2004,0.5,54.686,0.27
SRS4,9/1/2004,0.5,45.078,0.18
SRS4,9/4/2004,0.6,30.945,0.2
SRS4,9/7/2004,12.1,28.664,0.36
SRS4,9/10/2004,4.3,30.768,0.22
SRS4,9/13/2004,2.3,30.174,0.33
SRS4,9/16/2004,1.6,35.724,0.18
SRS4,9/19/2004,1.4,30.135,0.16
SRS4,9/22/2004,1.3,30.778,0.22
SRS4,9/25/2004,0.9,25.99,0.22
SRS4,9/28/2004,14.5,26.27,0.43
SRS4,10/1/2004,9.3,24.107,0.2
SRS4,10/4/2004,4.2,28.056,0.17
SRS4,10/7/2004,2.2,26.43,0.13
SRS4,10/10/2004,1.5,27.149,0.15
SRS4,10/12/2004,1,27.825,0.17
SRS4,10/16/2004,0,23.703,0.05
SRS4,10/19/2004,0,22.005,0.1
SRS4,10/22/2004,0,20.368,0.06
SRS4,10/25/2004,0,21.217,0.14
SRS4,10/28/2004,0,18.962,0.09
SRS4,10/31/2004,0,19.788,0.08
SRS4,11/3/2004,0.5,21.641,0.06
SRS4,11/6/2004,0.5,21.805,0.1
SRS4,11/9/2004,0.7,22.542,0.11
SRS4,11/12/2004,0.7,27.178,0.1
SRS4,11/15/2004,0.9,24.877,0.12
SRS4,11/16/2004,1,26.398,0.15
SRS4,11/19/2004,0.9,23.61,-9999
SRS4,11/22/2004,0.9,28.166,0.15
SRS4,11/25/2004,0.8,26.383,0.15
SRS4,11/28/2004,0.7,25.149,0.17
SRS4,12/1/2004,0.8,26.251,0.23
SRS4,12/2/2004,0.6,27.818,0.13
SRS4,12/5/2004,0.9,45.698,0.15
SRS4,12/8/2004,1.1,31.877,0.15
SRS4,12/11/2004,1.1,54.797,0.11
SRS4,12/14/2004,1,48.404,0.1
SRS4,12/17/2004,1.6,51.632,0.1
SRS4,12/20/2004,1.6,49.571,0.15
SRS4,12/23/2004,1.5,43.5,0.15
SRS4,12/26/2004,1.4,39.071,0.12
SRS4,12/29/2004,2.1,40.209,0.22
SRS4,1/1/2005,2.1,39.134,0.14
SRS4,1/4/2005,1.7,40.618,0.15
SRS4,1/6/2005,1.5,47.455,0.15
SRS4,1/9/2005,1.5,44.383,0.17
SRS4,1/12/2005,1.5,49.97,0.34
SRS4,1/15/2005,2.2,45.691,0.4
SRS4,1/18/2005,2.5,40.952,0.25
SRS4,1/21/2005,2.2,37.531,0.26
SRS4,1/24/2005,3,39.074,0.28
SRS4,1/27/2005,3.4,37.951,0.18
SRS4,1/30/2005,4.5,39.633,0.36
SRS4,2/2/2005,4.6,40.084,0.22
SRS4,2/5/2005,4.5,34.232,0.24
SRS4,2/8/2005,4.3,34.18,0.21
SRS4,2/11/2005,11.9,29.356,0.33
SRS4,2/14/2005,12.8,25.278,0.33
SRS4,2/17/2005,11.2,26.324,0.26
SRS4,2/20/2005,8.4,29.045,0.25
SRS4,2/21/2005,7.7,27.713,0.27
SRS4,2/24/2005,6.8,44.165,0.21
SRS4,2/27/2005,7,29.867,0.2
SRS4,3/2/2005,8.5,44.276,0.27
SRS4,3/5/2005,7.7,45.133,0.25
SRS4,3/8/2005,6.8,43.348,0.25
SRS4,3/9/2005,7.1,35.009,0.24
SRS4,3/12/2005,7.7,35.95,0.22
SRS4,3/15/2005,8.2,39.721,0.3
SRS4,3/18/2005,8.2,-9999,-9999
SRS4,3/21/2005,6.6,31.191,0.11
SRS4,3/24/2005,6.4,37.431,0.28
SRS4,3/27/2005,6.4,28.926,0.26
SRS4,3/30/2005,9.1,33.164,0.39
SRS4,4/2/2005,11.2,23.685,0.4
SRS4,4/5/2005,10.7,23.84,0.3
SRS4,4/8/2005,10.3,21.985,0.3
SRS4,4/11/2005,12.5,24.939,0.32
SRS4,4/14/2005,13.8,22.313,0.39
SRS4,4/17/2005,12.8,33.976,0.39
SRS4,4/19/2005,11.5,26.754,0.4
SRS4,4/22/2005,12.3,36.958,0.2
SRS4,4/25/2005,16.8,35.17,0.15
SRS4,4/28/2005,20.9,34.765,0.27
SRS4,5/1/2005,19.3,38.324,0.39
SRS4,5/4/2005,18.9,36.453,0.28
SRS4,5/7/2005,19.3,35.568,0.21
SRS4,5/10/2005,19,39.585,0.4
SRS4,5/13/2005,19,34.663,0.27
SRS4,5/16/2005,18.4,35.173,0.3
SRS4,5/18/2005,17.6,36.711,0.33
SRS4,5/21/2005,17,37.573,0.68
SRS4,5/24/2005,17.3,35.48,0.57
SRS4,5/27/2005,20.7,34.347,0.58
SRS4,5/30/2005,23.6,36.088,0.53
SRS4,6/2/2005,23.2,42.014,0.56
SRS4,6/5/2005,22.2,36.144,0.67
SRS4,6/8/2005,19.1,26.156,0.27
SRS4,6/11/2005,12.8,30.405,0.79
SRS4,6/14/2005,10.4,32.384,0.94
SRS4,6/17/2005,9.1,29.254,0.76
SRS4,6/20/2005,8.3,29.379,0.52
SRS4,6/23/2005,5.8,29.936,0.57
SRS4,6/26/2005,2.9,27.302,0.46
SRS4,6/28/2005,1.8,26.562,0.41
SRS4,7/1/2005,0.7,28.549,0.34
SRS4,7/24/2005,1,61.44,0.28
SRS4,7/27/2005,1,55.538,0.33
SRS4,7/30/2005,0.9,-9999,-9999
SRS4,8/2/2005,0.9,58.938,0.14
SRS4,8/5/2005,0.9,57.649,0.32
SRS4,8/8/2005,0.9,47.174,0.3
SRS4,8/11/2005,0.9,59.773,0.24
SRS4,8/14/2005,0.8,63.237,0.18
SRS4,8/17/2005,0.8,-9999,0.15
SRS4,8/20/2005,0.6,54.515,0.22
SRS4,8/23/2005,0.5,77.706,0.5
SRS4,8/26/2005,1.9,82.921,0.54
SRS4,8/29/2005,1.5,54.503,0.19
SRS4,9/1/2005,0.4,31.009,0.27
SRS4,9/4/2005,0.3,29.106,0.24
SRS4,9/7/2005,0.3,48.065,0.23
SRS4,9/10/2005,0.3,50.61,0.56
SRS4,9/12/2005,0.3,68.302,0.23
SRS4,9/16/2005,0.3,42.333,0.27
SRS4,9/19/2005,0.3,39.864,0.3
SRS4,9/22/2005,0.3,29.292,0.16
SRS4,9/25/2005,0.2,31.018,0.14
SRS4,9/28/2005,0.3,30.018,0.16
SRS4,10/1/2005,0.3,27.021,0.19
SRS4,10/4/2005,0.3,28.058,0.27
SRS4,10/7/2005,0.3,31.773,0.18
SRS4,10/10/2005,0.2,25.512,0.15
SRS4,10/11/2005,0.2,28.316,0.17
SRS4,10/14/2005,0.3,25.841,0.41
SRS4,10/17/2005,0.3,24.926,0.51
SRS4,10/20/2005,0.3,26.218,0.4
SRS4,10/23/2005,0.3,33.897,0.48
SRS4,10/26/2005,7.7,31.361,-9999
SRS4,10/29/2005,1.8,20.496,0.49
SRS4,11/1/2005,1.2,26.586,0.48
SRS4,11/4/2005,0.9,21.87,0.51
SRS4,11/7/2005,0.8,22.036,0.64
SRS4,11/10/2005,0.7,20.301,0.56
SRS4,11/13/2005,0.9,21.27,0.58
SRS4,11/15/2005,0.8,23.197,0.7
SRS4,11/18/2005,1,36.041,0.38
SRS4,11/21/2005,1.1,30.223,0.57
SRS4,11/24/2005,1.2,33.773,0.51
SRS4,11/27/2005,1.2,33.122,0.48
SRS4,11/30/2005,1.2,32.692,0.35
SRS4,12/3/2005,1,30.097,0.31
SRS4,12/6/2005,1.2,29.309,0.37
SRS4,12/8/2005,1.2,34.147,0.37
SRS4,1/6/2006,1.2,22.584,1.11
SRS4,1/9/2006,1.3,26.8,0.74
SRS4,1/12/2006,1.7,26.719,0.88
SRS4,1/15/2006,1.6,30.17,0.75
SRS4,1/18/2006,1.9,26.835,0.74
SRS4,1/21/2006,2.1,27.194,0.83
SRS4,1/24/2006,1.9,25.939,0.72
SRS4,1/27/2006,1.7,27.123,0.76
SRS4,1/30/2006,1.8,26.031,0.73
SRS4,2/1/2006,2.1,24.859,0.77
SRS4,2/5/2006,2.8,38.707,0.4
SRS4,2/8/2006,2,31.857,0.96
SRS4,2/11/2006,1.6,32.996,0.37
SRS4,2/14/2006,1.6,34.654,0.28
SRS4,2/17/2006,1.6,30.74,0.44
SRS4,2/20/2006,1.4,29.627,0.29
SRS4,2/23/2006,1.4,28.393,0.32
SRS4,2/26/2006,1.3,34.847,0.33
SRS4,3/1/2006,1.3,32.257,0.35
SRS4,3/4/2006,1.2,31.45,0.34
SRS4,3/7/2006,1.4,29.424,0.38
SRS4,3/9/2006,1.4,25.966,0.36
SRS4,3/12/2006,1.5,30.295,0.74
SRS4,3/15/2006,1.5,28.201,0.78
SRS4,3/18/2006,1.5,27.083,0.85
SRS4,3/21/2006,1.8,26.403,0.91
SRS4,3/24/2006,2.2,27.082,0.99
SRS4,3/27/2006,2.6,33.054,0.99
SRS4,3/30/2006,2.7,29.283,1.12
SRS4,4/2/2006,4.2,25.493,1.11
SRS4,4/5/2006,5.3,23.63,1.29
SRS4,4/8/2006,6.4,22.956,1.43
SRS4,4/10/2006,8.4,21.27,1.73
SRS4,4/14/2006,8.4,27.076,0.8
SRS4,4/17/2006,8.1,25.516,0.71
SRS4,4/20/2006,11.9,29.301,0.81
SRS4,4/23/2006,14.9,27.946,1.41
SRS4,4/26/2006,14.2,26.606,1.32
SRS4,4/29/2006,15.4,27.718,1.59
SRS4,5/2/2006,13.8,27.297,1.52
SRS4,5/4/2006,13.5,25.071,1.54
SRS4,5/7/2006,16.3,32.559,0.58
SRS4,5/10/2006,20.8,37.9,0.99
SRS4,5/13/2006,20.7,42.668,1.07
SRS4,5/16/2006,21.3,43.739,1.36
SRS4,5/19/2006,18.5,37.291,0.81
SRS4,5/22/2006,17.3,30.476,0.95
SRS4,5/25/2006,16.4,32.445,1.07
SRS4,5/28/2006,16.4,29.759,1.07
SRS4,5/31/2006,14.9,31.602,0.79
SRS4,6/3/2006,13,26.454,0.77
SRS4,6/5/2006,11.4,26.545,0.76
SRS4,6/9/2006,10.7,60.472,1.18
SRS4,6/12/2006,9.5,68.457,1.21
SRS4,6/15/2006,8.3,70.176,1.46
SRS4,6/18/2006,6.7,62.649,1.39
SRS4,6/21/2006,5.5,66.52,2.3
SRS4,6/24/2006,4.5,60.848,1.48
SRS4,6/27/2006,4.4,57.741,1.52
SRS4,6/30/2006,4.7,56.663,1.49
SRS4,7/3/2006,3.6,58.185,1.33
SRS4,7/6/2006,2.3,52.459,0.7
SRS4,7/9/2006,1.9,43.989,1.01
SRS4,7/12/2006,1.6,42.231,0.99
SRS4,7/15/2006,1.1,40.483,0.78
SRS4,7/18/2006,0.8,35.04,0.8
SRS4,7/21/2006,0.8,28.301,0.87
SRS4,7/24/2006,0.5,26.402,0.53
SRS4,7/26/2006,0.5,32.313,0.74
SRS4,7/29/2006,0.7,43.973,0.99
SRS4,8/1/2006,0.8,39.802,0.93
SRS4,8/4/2006,0.7,44.782,1.43
SRS4,8/7/2006,0.9,33.366,0.46
SRS4,8/10/2006,1.1,32.012,0.62
SRS4,8/13/2006,1.4,34.716,0.77
SRS4,8/16/2006,1.8,26.899,0.35
SRS4,8/19/2006,1.1,25.412,0.36
SRS4,8/21/2006,1,-9999,-9999
SRS4,8/24/2006,0.9,41.504,0.66
SRS4,8/27/2006,0.9,153.594,7.52
SRS4,8/30/2006,0.8,40.476,0.35
SRS4,9/2/2006,0.7,40.428,0.82
SRS4,9/5/2006,0.7,39.647,0.67
SRS4,9/8/2006,0.7,42.657,0.74
SRS4,9/11/2006,0.1,32.416,0.51
SRS4,9/13/2006,0.4,36.483,0.34
SRS4,9/17/2006,0.3,31.849,0.38
SRS4,9/20/2006,0.3,31.907,0.43
SRS4,9/23/2006,0.3,30.988,0.35
SRS4,9/26/2006,0.3,32.735,0.61
SRS4,9/29/2006,0.3,29.363,0.52
SRS4,10/2/2006,0.4,28.143,0.42
SRS4,10/5/2006,0.8,29.016,0.29
SRS4,10/8/2006,1,29.156,0.29
SRS4,10/11/2006,3.3,28.562,0.33
SRS4,10/14/2006,3.8,28.203,0.33
SRS4,10/16/2006,2.8,29.879,0.33
SRS4,10/19/2006,2.2,29.904,0.8
SRS4,10/22/2006,2.9,26.394,0.66
SRS4,10/25/2006,2.7,24.575,0.69
SRS4,10/28/2006,1.8,26.949,0.77
SRS4,10/31/2006,1.8,25.891,0.82
SRS4,11/3/2006,1.8,25.249,0.79
SRS4,11/6/2006,2.1,24.982,0.61
SRS4,11/9/2006,2,25.362,0.6
SRS4,11/12/2006,3.5,22.077,0.38
SRS4,11/15/2006,2.8,23.289,0.63
SRS4,11/18/2006,3,21.162,0.42
SRS4,11/20/2006,2.1,25.286,0.4
SRS4,11/23/2006,1.9,35.117,0.26
SRS4,11/26/2006,1.7,34.675,0.35
SRS4,11/29/2006,1.6,38.718,0.56
SRS4,12/2/2006,1.7,37.27,0.67
SRS4,12/5/2006,2.3,34.284,0.44
SRS4,12/8/2006,1.9,36.297,0.36
SRS4,12/11/2006,2.3,40.742,0.44
SRS4,12/14/2006,2.3,55.133,1.21
SRS4,12/17/2006,2.2,54.246,1.32
SRS4,12/20/2006,2.3,53.923,0.59
SRS4,12/23/2006,2.2,43.024,0.59
SRS4,12/26/2006,3.4,48.653,0.68
SRS4,12/29/2006,3.1,47.033,0.42
SRS4,1/1/2007,2.8,43.798,0.32
SRS4,1/20/2007,2.8,33.518,0.5
SRS4,1/23/2007,3.5,31.726,0.46
SRS4,1/26/2007,4.7,30.811,0.35
SRS4,1/29/2007,4.6,30.475,0.38
SRS4,2/1/2007,4.5,29.965,0.41
SRS4,2/4/2007,5.8,26.865,0.32
SRS4,2/6/2007,5,27.037,0.35
SRS4,2/10/2007,3.6,62.28,1.01
SRS4,2/13/2007,3.4,58.804,0.67
SRS4,2/16/2007,3.3,55.415,0.73
SRS4,2/19/2007,3.4,56.479,1.59
SRS4,2/22/2007,3.8,48.634,0.86
SRS4,2/25/2007,4.4,52.36,0.86
SRS4,2/28/2007,5.3,52.62,1.12
SRS4,3/3/2007,6.4,45.166,1.1
SRS4,3/6/2007,6.9,47.426,1.25
SRS4,3/9/2007,6.6,44.193,1.22
SRS4,3/12/2007,7.7,37.777,1.11
SRS4,3/15/2007,8.6,37.525,0.93
SRS4,3/18/2007,11.1,32.538,1.73
SRS4,3/21/2007,14.5,34.959,1.49
SRS4,3/24/2007,12.4,33.361,0.64
SRS4,3/26/2007,11,38.63,0.53
SRS4,3/28/2007,8.8,-9999,1.32
SRS4,4/1/2007,10.5,59.583,1.57
SRS4,4/4/2007,11.8,43.4,0.77
SRS4,4/7/2007,13.3,41.45,0.53
SRS4,4/10/2007,14.2,41.17,0.59
SRS4,4/13/2007,10.9,30.921,0.37
SRS4,4/16/2007,7.4,51.335,1.3
SRS4,4/19/2007,5,39.061,0.65
SRS4,4/22/2007,5.1,28.253,1.02
SRS4,4/25/2007,4.8,28.635,1.3
SRS4,4/26/2007,4.4,37.956,0.21
SRS4,4/29/2007,4.2,46.37,2.12
SRS4,5/2/2007,5.3,48.614,2.49
SRS4,5/5/2007,8.6,41.726,2.48
SRS4,5/8/2007,10.9,46.982,1.97
SRS4,5/11/2007,11.1,49.372,2.23
SRS4,5/14/2007,18,36.408,0.82
SRS4,5/17/2007,20.5,33.409,0.63
SRS4,5/20/2007,19.9,30.076,0.49
SRS4,5/22/2007,16.4,32.03,0.81
SRS4,6/21/2007,4.5,29.395,0.65
SRS4,6/24/2007,3,28.422,1.94
SRS4,6/27/2007,2.7,36.948,1.59
SRS4,6/30/2007,2.1,32.769,1.56
SRS4,7/3/2007,1.9,32.458,1.27
SRS4,7/6/2007,2.6,30.436,1.51
SRS4,7/9/2007,20,29.711,1.43
SRS4,7/10/2007,1.7,33.71,1.75
SRS4,7/13/2007,1.5,84.844,0.83
SRS4,7/16/2007,1.4,61.336,0.58
SRS4,7/19/2007,1.5,46.022,0.36
SRS4,7/22/2007,1.6,48.884,0.32
SRS4,7/25/2007,1.6,54.836,0.33
SRS4,7/28/2007,1.2,40.024,0.28
SRS4,7/31/2007,1.1,43.315,0.26
SRS4,8/3/2007,2.1,43.971,0.37
SRS4,8/6/2007,2.3,38.839,0.34
SRS4,8/7/2007,0.8,42.299,0.47
SRS4,8/10/2007,1.4,47.282,0.88
SRS4,8/13/2007,1.3,39.35,0.34
SRS4,8/16/2007,1.3,39.94,0.54
SRS4,8/19/2007,1.2,39.662,0.27
SRS4,8/22/2007,1.2,37.565,0.33
SRS4,8/25/2007,1.1,40.676,0.52
SRS4,8/28/2007,1.2,36.955,0.42
SRS4,8/31/2007,1.2,37.283,0.44
SRS4,9/3/2007,1.9,32.282,0.55
SRS4,9/6/2007,1.8,30.325,0.42
SRS4,9/9/2007,1.6,33.095,0.27
SRS4,9/10/2007,1.5,34.76,0.63
SRS4,9/13/2007,2.3,26.842,1.14
SRS4,9/16/2007,2.2,21.651,0.86
SRS4,9/19/2007,2.1,21.37,0.82
SRS4,9/22/2007,2.3,28.03,0.82
SRS4,9/25/2007,2.9,29.135,1.06
SRS4,9/28/2007,2.9,41.325,0.83
SRS4,10/1/2007,6.3,19.966,1.07
SRS4,10/3/2007,2.1,22.439,0.75
SRS4,10/6/2007,4.9,56.186,1.16
SRS4,10/9/2007,3.9,45.959,0.73
SRS4,10/12/2007,3,44.144,0.69
SRS4,10/15/2007,3.3,43.975,0.62
SRS4,10/18/2007,2.3,47.919,0.95
SRS4,10/21/2007,2.8,49.676,0.97
SRS4,10/24/2007,2.5,48.649,0.88
SRS4,10/27/2007,2.2,46.354,0.9
SRS4,10/30/2007,2.2,50.051,0.83
SRS4,11/2/2007,1.8,46.181,0.38
SRS4,11/5/2007,1.6,47.271,0.88
SRS4,11/7/2007,1.9,50.718,0.82
SRS4,11/10/2007,4.5,53.825,0.62
SRS4,11/13/2007,4.5,51.574,0.63
SRS4,11/16/2007,5,54.354,0.56
SRS4,11/19/2007,5,55.346,0.48
SRS4,11/22/2007,2.7,81.219,1.71
SRS4,11/25/2007,4.2,56.063,0.91
SRS4,11/28/2007,6.1,46.095,0.7
SRS4,12/1/2007,5.4,50.005,1
SRS4,12/3/2007,4.6,61.242,1.19
SRS4,12/6/2007,3.8,59.137,1.26
SRS4,12/9/2007,4,56.145,1.08
SRS4,12/12/2007,3.9,51.552,0.76
SRS4,12/15/2007,3.9,24.634,0.81
SRS4,12/18/2007,4.6,28.283,0.69
SRS4,12/21/2007,5,47.068,0.97
SRS4,12/24/2007,6.3,63.203,0.93
SRS4,12/27/2007,9.3,38.326,1.42
SRS4,12/30/2007,12.2,34.629,1.55
SRS4,1/2/2008,11.2,52.042,0.92
SRS4,1/5/2008,7.9,68.283,0.75
SRS4,1/8/2008,8.1,56.923,1.13
SRS4,1/11/2008,10.3,54.199,1.14
SRS4,1/14/2008,12,47.832,0.98
SRS4,1/17/2008,11.1,48.315,0.57
SRS4,1/20/2008,11.4,46.356,0.68
SRS4,1/22/2008,10.8,51.743,1.37
SRS4,1/25/2008,11.2,51.56,0.99
SRS4,1/28/2008,12.8,50.457,1.31
SRS4,1/31/2008,13.7,50.124,1.04
SRS4,2/3/2008,14.4,41.748,1.26
SRS4,2/6/2008,14.1,45.618,1.01
SRS4,2/9/2008,15.5,44.308,1.09
SRS4,2/12/2008,15.3,39.257,0.73
SRS4,2/15/2008,14.4,38.779,0.7
SRS4,2/18/2008,14.5,39.527,1.16
SRS4,3/1/2008,14.2,61.064,1.69
SRS4,3/4/2008,13.5,12.442,1.66
SRS4,3/7/2008,15.5,68.179,2.19
SRS4,3/10/2008,19.4,75.31,1.32
SRS4,3/13/2008,18.6,59.393,1
SRS4,3/16/2008,19.2,53.825,1.13
SRS4,3/18/2008,19.8,53.143,1.31
SRS4,3/21/2008,19.1,72.351,1.84
SRS4,3/24/2008,19,62.986,2.09
SRS4,3/27/2008,17.8,68.741,1.83
SRS4,3/30/2008,16.6,59.605,1.8
SRS4,4/2/2008,16.2,61.664,1.99
SRS4,4/5/2008,16.4,54.516,2.02
SRS4,4/8/2008,17.4,57.81,1.41
SRS4,4/11/2008,14.4,36.977,0.56
SRS4,4/14/2008,11.2,35.762,0.6
SRS4,4/16/2008,9.5,36.645,0.66
SRS4,4/20/2008,8.8,56.381,0.48
SRS4,4/23/2008,12.9,49.27,0.48
SRS4,4/26/2008,16.4,47.765,0.5
SRS4,4/29/2008,15.6,49.173,-9999
SRS4,5/2/2008,14.7,44.689,0.43
SRS4,5/5/2008,15.2,42.713,0.54
SRS4,5/8/2008,18.8,35.261,0.75
SRS4,5/11/2008,20.7,40.522,0.76
SRS4,5/14/2008,20.6,39.581,0.58
SRS4,5/17/2008,20,40.504,0.67
SRS4,5/20/2008,20.2,35.522,0.64
SRS4,5/23/2008,23.1,38.364,0.61
SRS4,5/26/2008,23.6,37.072,0.6
SRS4,5/27/2008,21,40.234,0.99
SRS4,5/30/2008,20.1,37.315,0.51
SRS4,6/2/2008,19.1,38.489,0.52
SRS4,6/5/2008,18.6,39.696,0.65
SRS4,6/8/2008,17.8,37.028,0.57
SRS4,6/11/2008,15.9,35.748,0.65
SRS4,6/12/2008,14.8,37.823,0.57
SRS4,6/15/2008,12.9,-9999,-9999
SRS4,6/18/2008,12.6,35.023,-9999
SRS4,6/21/2008,12.9,29.174,0.75
SRS4,6/24/2008,11.1,32.604,1.6
SRS4,6/27/2008,7.8,30.988,1.44
SRS4,6/30/2008,6.5,38.28,1.48
SRS4,7/2/2008,5.5,39.683,1.66
SRS4,7/5/2008,5.5,32.37,0.45
SRS4,7/8/2008,4.7,29.569,0.36
SRS4,7/11/2008,3.5,33.644,0.42
SRS4,7/14/2008,2.4,25.098,0.34
SRS4,7/17/2008,1.7,28.253,0.44
SRS4,7/20/2008,1.4,26.773,0.4
SRS4,7/23/2008,1.2,28.83,0.6
SRS4,7/26/2008,1.1,26.074,0.49
SRS4,7/29/2008,1,33.032,0.48
SRS4,8/1/2008,0.9,32.492,0.51
SRS4,8/3/2008,1.1,34.714,0.54
SRS4,8/7/2008,1.3,14.024,0.94
SRS4,8/10/2008,0.7,28.396,0.69
SRS4,8/13/2008,0.7,36.167,0.69
SRS4,8/16/2008,0.7,18.458,0.8
SRS4,8/19/2008,0.7,25.839,0.85
SRS4,8/22/2008,3.5,20.376,0.79
SRS4,8/25/2008,1.9,20.398,0.64
SRS4,8/28/2008,0.6,13.848,0.43
SRS4,8/31/2008,0.5,13.104,0.62
SRS4,9/3/2008,0.4,25.888,0.56
SRS4,9/6/2008,0.3,27.644,0.57
SRS4,9/9/2008,0.4,22.039,0.64
SRS4,9/12/2008,1.1,27.464,0.65
SRS4,9/15/2008,0.5,15.225,0.58
SRS4,9/18/2008,0.3,19.928,0.69
SRS4,9/21/2008,0.3,17.579,0.67
SRS4,9/24/2008,0.3,18.283,0.7
SRS4,9/25/2008,0.3,16.279,0.48
SRS4,9/28/2008,0.3,15.809,0.23
SRS4,10/1/2008,2.1,17.941,0.22
SRS4,10/4/2008,1.8,14.489,0.24
SRS4,10/7/2008,0.5,15.824,0.22
SRS4,10/10/2008,0.4,20.249,0.24
SRS4,10/13/2008,0.3,20.822,0.17
SRS4,10/16/2008,0.4,21.136,0.2
SRS4,10/19/2008,0.4,18.958,0.19
SRS4,10/21/2008,0.4,20.384,0.22
SRS4,10/24/2008,0.6,24.875,0.19
SRS4,10/27/2008,0.5,23.638,0.14
SRS4,10/30/2008,0.4,23.666,0.12
SRS4,11/2/2008,0.6,23.524,0.15
SRS4,11/5/2008,0.5,21.685,0.14
SRS4,11/8/2008,0.5,23.799,0.13
SRS4,11/11/2008,0.5,18.528,0.15
SRS4,11/14/2008,0.5,23.831,0.12
SRS4,11/16/2008,0.7,28.263,0.17
SRS4,11/20/2008,0.9,27.729,0.24
SRS4,11/23/2008,1.2,25.218,0.18
SRS4,11/26/2008,1.2,25.061,0.14
SRS4,11/29/2008,1.2,38.466,0.15
SRS4,12/2/2008,1.5,59.396,0.58
SRS4,12/3/2008,0.8,39.267,0.32
SRS4,12/6/2008,1.6,24.797,0.19
SRS4,12/9/2008,1.5,28.739,0.2
SRS4,12/12/2008,1.6,25.487,0.14
SRS4,12/15/2008,1.7,26.383,0.12
SRS4,12/18/2008,1.9,22.158,0.15
SRS4,12/21/2008,1.5,32.385,0.14
SRS4,12/24/2008,1.9,28.001,0.15
SRS4,12/27/2008,2.1,31.565,0.17
SRS4,12/30/2008,1.9,30.046,0.17
SRS4,1/2/2009,1.5,30.243,0.27
SRS4,1/5/2009,1.4,32.536,0.21
SRS4,1/7/2009,1.5,24.829,0.3
SRS4,1/10/2009,1.5,87.045,0.44
SRS4,1/13/2009,1.8,75.68,0.3
SRS4,1/16/2009,2.1,91.886,0.29
SRS4,1/19/2009,2.8,91.955,0.26
SRS4,1/22/2009,2.2,95.647,0.27
SRS4,1/25/2009,2.2,96.875,0.22
SRS4,1/28/2009,2.4,74.031,0.24
SRS4,1/31/2009,2.1,78.892,0.29
SRS4,2/3/2009,2.1,53.07,0.22
SRS4,2/4/2009,1,64.477,0.22
SRS4,2/7/2009,2.4,82.11,0.24
SRS4,2/10/2009,2.7,80.134,0.26
SRS4,2/13/2009,3.2,76.965,0.34
SRS4,2/16/2009,3.8,71.495,0.27
SRS4,2/19/2009,4,-9999,-9999
SRS4,2/22/2009,3.9,69.244,0.3
SRS4,2/25/2009,3.8,76.928,0.26
SRS4,2/28/2009,4,77.229,0.26
SRS4,3/3/2009,6.4,77.282,0.28
SRS4,3/4/2009,7.2,78.93,0.27
SRS4,3/7/2009,8.3,156.15,1.12
SRS4,3/10/2009,8.9,106.843,-9999
SRS4,3/13/2009,12.3,95.385,-9999
SRS4,3/16/2009,14.5,97.759,0.66
SRS4,3/19/2009,14.9,94.609,0.66
SRS4,3/22/2009,12.9,75.31,0.38
SRS4,3/25/2009,11.4,73.452,0.51
SRS4,3/28/2009,14,70.576,0.55
SRS4,3/31/2009,19.9,85.464,0.54
SRS4,4/3/2009,19.6,97.027,0.45
SRS4,4/5/2009,20.9,103.426,0.45
SRS4,4/9/2009,23,58.559,1.23
SRS4,4/12/2009,22.2,71.461,1.16
SRS4,4/15/2009,21.4,61.87,1.04
SRS4,4/18/2009,19.8,61.142,0.89
SRS4,4/21/2009,17.8,115.798,0.78
SRS4,4/24/2009,18.2,65.799,0.71
SRS4,4/27/2009,17.7,59.389,0.85
SRS4,4/30/2009,17.4,63.557,0.55
SRS4,5/3/2009,19.1,63.821,0.57
SRS4,5/5/2009,21.6,52.118,0.68
SRS4,5/9/2009,23.7,47.03,1.31
SRS4,5/12/2009,25.6,45.831,1.22
SRS4,5/15/2009,24.7,64.104,1.41
SRS4,5/18/2009,22.5,69.417,1.08
SRS4,5/21/2009,21.6,51.538,0.75
SRS4,5/24/2009,22,51.027,0.84
SRS4,5/27/2009,22,17.277,0.25
SRS4,5/30/2009,22,42.583,0.95
SRS4,6/2/2009,19.2,41.326,0.72
SRS4,6/3/2009,12.9,45.517,0.82
SRS4,6/6/2009,9.7,90.795,1.59
SRS4,6/9/2009,8.3,94.535,1.42
SRS4,6/12/2009,4.8,83.718,1.17
SRS4,6/15/2009,3.7,85.676,0.99
SRS4,6/18/2009,1.9,84.714,0.95
SRS4,6/21/2009,1.3,87.217,1.14
SRS4,6/24/2009,1.2,71.835,0.44
SRS4,6/27/2009,3,56.246,0.43
SRS4,6/30/2009,1.6,54.168,0.65
SRS4,7/2/2009,0.9,63.175,0.58
SRS4,7/5/2009,0.7,44.63,0.21
SRS4,7/8/2009,0.6,42.78,0.88
SRS4,7/11/2009,0.7,47.133,0.72
SRS4,7/14/2009,0.7,49.897,0.74
SRS4,7/17/2009,0.9,48.896,1.15
SRS4,7/20/2009,0.9,58.559,0.37
SRS4,7/23/2009,1.1,38.209,0.67
SRS4,7/26/2009,1,42.377,0.41
SRS4,7/29/2009,1.1,36.522,0.54
SRS4,8/1/2009,1.3,44.467,0.55
SRS4,8/4/2009,1.5,45.381,0.59
SRS4,8/7/2009,1.6,45.631,0.51
SRS4,8/10/2009,1.3,47.231,0.44
SRS4,8/12/2009,0.9,93.264,0.6
SRS4,8/15/2009,0.9,54.4,0.96
SRS4,8/18/2009,1,46.844,0.99
SRS4,8/21/2009,0.8,37.486,0.68
SRS4,8/24/2009,1.8,36.754,0.47
SRS4,8/27/2009,1.6,32.113,0.34
SRS4,8/29/2009,0.8,31.735,0.43
SRS4,9/5/2009,0.6,14.518,0.72
SRS4,9/8/2009,0.4,14.536,0.49
SRS4,9/11/2009,0.4,12.685,0.64
SRS4,9/14/2009,0.3,11.054,0.48
SRS4,9/17/2009,1,20.307,0.63
SRS4,9/20/2009,0.7,24.181,0.75
SRS4,9/23/2009,0.4,55.444,0.5
SRS4,9/26/2009,0.3,54.084,0.42
SRS4,9/29/2009,0.3,35.235,0.34
SRS4,10/2/2009,0.3,31.969,0.34
SRS4,10/5/2009,0.3,17.793,0.37
SRS4,10/8/2009,0.4,13.12,0.42
SRS4,10/11/2009,0.3,13.2,0.42
SRS4,10/12/2009,0.3,7.619,0.31
SRS4,10/15/2009,0.5,73.958,0.9
SRS4,10/18/2009,1.1,69.813,0.5
SRS4,10/21/2009,1.3,69.368,0.27
SRS4,10/24/2009,1.1,65.505,0.32
SRS4,10/27/2009,1,58.1,0.48
SRS4,10/30/2009,0.9,59.272,0.43
SRS4,11/1/2009,0.7,63.591,0.39
SRS4,11/5/2009,1.3,125.872,0.3
SRS4,11/8/2009,1.4,126.863,0.74
SRS4,11/11/2009,1.8,103.383,0.42
SRS4,11/14/2009,2.5,107.519,0.41
SRS4,11/17/2009,2.9,106.726,0.18
SRS4,11/20/2009,4.4,102.283,0.29
SRS4,11/23/2009,4.4,93.34,0.18
SRS4,11/26/2009,2.9,88.839,0.22
SRS4,11/29/2009,1.6,92.924,0.23
SRS4,12/2/2009,1.2,85.534,0.14
SRS4,12/5/2009,2.8,89.607,0.19
SRS4,12/8/2009,1.9,90.745,0.14
SRS4,12/9/2009,1.5,96.019,0.2
SRS4,12/12/2009,1.5,99.628,0.26
SRS4,12/15/2009,1.6,95.386,0.41
SRS4,12/18/2009,1.7,97.677,0.24
SRS4,12/21/2009,3.7,89.379,0.19
SRS4,12/24/2009,3,88.46,0.16
SRS4,12/27/2009,2.6,79.475,0.18
SRS4,12/30/2009,2.1,80,0.18
SRS4,1/2/2010,1.8,84.156,0.21
SRS4,1/5/2010,1.6,88.56,0.18
SRS4,1/8/2010,1.7,92.806,0.13
SRS4,1/10/2010,1.9,89.271,0.16
SRS4,1/14/2010,2.5,87.168,0.68
SRS4,1/17/2010,2.8,98.763,0.74
SRS4,1/20/2010,2.5,97.337,0.79
SRS4,1/23/2010,2.4,93.629,0.61
SRS4,1/26/2010,2.6,83.442,0.55
SRS4,1/29/2010,2.8,89.211,0.68
SRS4,2/1/2010,3.2,86.403,0.65
SRS4,2/3/2010,4.8,81.746,0.68
SRS4,2/6/2010,3.6,127.3,0.26
SRS4,2/9/2010,3.2,136.969,0.36
SRS4,2/12/2010,3.3,116.29,0.24
SRS4,2/15/2010,3.3,106.321,0.22
SRS4,2/18/2010,3.4,101.417,0.18
SRS4,2/21/2010,3.6,104.797,0.23
SRS4,2/24/2010,3.6,235.566,2.77
SRS4,2/27/2010,3.7,96.568,0.29
SRS4,3/2/2010,3.8,93.18,0.24
SRS4,3/3/2010,4,114.35,0.71
SRS4,3/6/2010,5.2,125.266,0.35
SRS4,3/9/2010,4.2,156.24,0.96
SRS4,3/12/2010,4.7,-9999,0.81
SRS4,3/15/2010,5.8,202.27,0.88
SRS4,3/18/2010,5.6,146.303,0.59
SRS4,3/21/2010,5.2,162.469,0.67
SRS4,3/24/2010,5.6,121.517,0.41
SRS4,3/27/2010,5.9,134.761,0.68
SRS4,3/30/2010,6.9,132.067,0.66
SRS4,4/2/2010,8.4,97.65,0.45
SRS4,4/5/2010,8.1,124.215,0.6
SRS4,4/8/2010,7.4,120.436,0.76
SRS4,4/11/2010,7,115.552,0.4
SRS4,4/14/2010,6,113.438,0.33
SRS4,4/17/2010,5.9,110.458,0.46
SRS4,4/20/2010,5.9,102.543,0.62
SRS4,4/21/2010,5.9,112.169,0.92
SRS4,4/24/2010,7.5,84.694,0.89
SRS4,4/27/2010,7.7,84.798,0.88
SRS4,4/30/2010,10.6,112.076,1.41
SRS4,5/3/2010,10.6,107.699,1.45
SRS4,5/6/2010,9.3,93.912,1.01
SRS4,5/9/2010,7.6,115.652,1.31
SRS4,5/12/2010,6.5,121.794,1.02
SRS4,5/15/2010,6.3,109.688,0.7
SRS4,5/18/2010,7.2,82.921,0.63
SRS4,5/21/2010,11.1,93.404,0.91
SRS4,5/23/2010,11.3,91.875,0.98
SRS4,5/27/2010,10.9,13.626,0.35
SRS4,5/30/2010,13.1,91.012,0.35
SRS4,6/2/2010,16.3,85.531,0.39
SRS4,6/5/2010,14.3,70.798,0.31
SRS4,6/8/2010,12.1,88.081,0.36
SRS4,6/11/2010,10.4,90.731,0.17
SRS4,6/13/2010,9.9,83.367,0.5
SRS4,6/17/2010,11,53.875,0.53
SRS4,6/20/2010,9.5,49.816,0.37
SRS4,6/23/2010,6.8,56.876,0.49
SRS4,6/26/2010,5.3,60.087,0.38
SRS4,6/29/2010,5.1,59.028,0.3
SRS4,7/2/2010,5.5,57.895,0.29
SRS4,7/5/2010,4.4,55.215,0.22
SRS4,7/8/2010,2.9,51.806,0.23
SRS4,7/11/2010,1.9,47.535,0.02
SRS4,7/14/2010,1.7,49.952,0.26
SRS4,7/17/2010,1.6,48.234,0.29
SRS4,7/19/2010,1.3,49.75,0.34
SRS4,7/22/2010,1.4,53.018,0.28
SRS4,7/25/2010,1.4,42.355,0.32
SRS4,7/28/2010,1.6,48.415,0.17
SRS4,7/31/2010,1.3,51.225,0.22
SRS4,8/3/2010,1.3,45.855,0.29
SRS4,8/6/2010,1.2,62.579,0.29
SRS4,8/9/2010,0.9,48.25,0.32
SRS4,8/11/2010,1.4,37.197,0.27
SRS4,8/14/2010,2.2,65.381,0.06
SRS4,8/17/2010,0.8,142.974,0.32
SRS4,8/20/2010,0.6,50.906,0.2
SRS4,8/23/2010,0.5,68.747,0.21
SRS4,8/26/2010,0.5,44.19,0.21
SRS4,8/29/2010,0.6,56.278,0.26
SRS4,9/1/2010,0.6,49.003,0.26
SRS4,9/4/2010,0.6,53.452,0.22
SRS4,9/7/2010,1.1,58.11,0.18
SRS4,9/9/2010,1.7,53.369,0.23
SRS4,9/12/2010,2.2,70.084,0.55
SRS4,9/15/2010,1.6,66.419,0.41
SRS4,9/18/2010,0.7,51.76,0.4
SRS4,9/21/2010,0.5,72.262,0.4
SRS4,9/24/2010,0.5,69.347,0.37
SRS4,9/27/2010,0.5,56.396,0.31
SRS4,9/30/2010,0.4,62.201,0.27
SRS4,10/3/2010,0.3,48.129,0.34
SRS4,10/5/2010,0.4,59.889,0.21
SRS4,10/9/2010,0.5,34.82,0.64
SRS4,10/12/2010,4,38.032,0.29
SRS4,10/15/2010,2.2,38.692,0.24
SRS4,10/18/2010,0.9,35.962,0.31
SRS4,10/21/2010,0.8,37.383,0.29
SRS4,10/24/2010,0.8,39.665,0.51
SRS4,10/27/2010,0.7,40.985,0.35
SRS4,10/30/2010,0.8,42.3,0.3
SRS4,11/2/2010,1,45.159,0.21
SRS4,11/5/2010,1,33.774,0.25
SRS4,11/8/2010,1,51.267,0.17
SRS4,11/11/2010,1.2,37.545,0.21
SRS4,11/14/2010,1.1,39.808,0.2
SRS4,11/17/2010,1.1,39.531,0.21
SRS4,11/20/2010,2.8,31.587,0.22
SRS4,11/22/2010,2.2,35.24,0.22
SRS4,11/25/2010,1.9,37.86,0.16
SRS4,11/28/2010,1.5,42.48,0.18
SRS4,12/1/2010,1.4,40.572,0.19
SRS4,12/4/2010,1.5,44.073,0.17
SRS4,12/7/2010,1.5,48.837,0.2
SRS4,12/10/2010,1.6,44.049,0.22
SRS4,12/12/2010,1.6,47.769,0.2
SRS4,12/16/2010,2.2,39.999,0.29
SRS4,12/19/2010,2.5,44.349,0.38
SRS4,12/21/2010,2.3,48.055,0.32
SRS4,12/25/2010,2.3,44.834,0.31
SRS4,12/28/2010,2.6,45.662,0.34
SRS4,12/31/2010,2.9,48.636,0.33
SRS4,1/3/2011,2.9,50.148,0.45
SRS4,1/6/2011,2.9,48.5,0.46
SRS4,1/9/2011,2.9,48.192,1.87
SRS4,1/11/2011,1.6,47.42,0.52
SRS4,1/14/2011,3.4,71.077,0.26
SRS4,1/17/2011,3.6,74.705,0.28
SRS4,1/20/2011,3.5,73.156,0.27
SRS4,1/23/2011,3.7,69.968,0.24
SRS4,1/26/2011,3.7,65.677,0.25
SRS4,1/29/2011,2.9,66.877,0.28
SRS4,2/1/2011,2.9,66.539,0.25
SRS4,2/4/2011,3,61.772,0.29
SRS4,2/7/2011,3.2,66.786,0.37
SRS4,2/8/2011,3.2,70.989,0.41
SRS4,2/11/2011,3.2,52.826,0.2
SRS4,2/14/2011,3.2,64.998,0.18
SRS4,2/17/2011,3.4,67.02,0.22
SRS4,2/20/2011,4.9,60.875,0.23
SRS4,2/23/2011,7.1,57.084,0.24
SRS4,2/26/2011,7.9,55.422,0.25
SRS4,3/1/2011,8.5,60.296,0.29
SRS4,3/4/2011,8.7,57.918,0.4
SRS4,3/6/2011,8.8,61.289,0.54
SRS4,3/10/2011,12.4,108.943,0.6
SRS4,3/13/2011,12.8,79.549,0.37
SRS4,3/16/2011,12.7,83.279,0.56
SRS4,3/19/2011,13.8,79.674,0.49
SRS4,3/22/2011,15.7,70.214,0.49
SRS4,3/25/2011,16.5,69.865,0.42
SRS4,3/28/2011,18.5,65.232,0.61
SRS4,3/31/2011,18.4,62.278,0.43
SRS4,4/3/2011,18.9,58.605,0.37
SRS4,4/6/2011,18.8,59.084,0.36
SRS4,4/9/2011,18.4,57.925,0.38
SRS4,4/12/2011,18.9,59.827,0.65
SRS4,4/13/2011,19.3,63.632,0.73
SRS4,4/16/2011,20.3,52.298,0.34
SRS4,4/19/2011,23,49.965,0.38
SRS4,4/22/2011,22.8,50.023,0.29
SRS4,4/25/2011,20.9,42.928,0.29
SRS4,4/28/2011,20.5,37.83,0.3
SRS4,5/1/2011,21.1,42.714,0.29
SRS4,5/3/2011,19.7,43.738,0.51
SRS4,5/7/2011,19.9,71.545,0.71
SRS4,5/10/2011,21.6,69.243,0.72
SRS4,5/13/2011,23.7,67.682,0.72
SRS4,5/16/2011,24.7,57.158,0.55
SRS4,5/19/2011,27.6,63.929,0.44
SRS4,5/22/2011,27.7,71.578,0.55
SRS4,5/25/2011,25.2,62.892,0.33
SRS4,5/28/2011,23,62.517,0.3
SRS4,5/31/2011,20.4,52.407,0.35
SRS4,6/1/2011,18.7,67.124,0.62
SRS4,6/4/2011,18.6,81.718,0.9
SRS4,6/7/2011,19.2,79.442,1.14
SRS4,6/10/2011,21.2,86.186,1.31
SRS4,6/13/2011,21.9,69.007,0.86
SRS4,6/16/2011,24.1,86.046,1.2
SRS4,6/19/2011,27.3,85.232,1.41
SRS4,6/22/2011,26.7,88.16,1.38
SRS4,6/25/2011,24.3,93.42,1.1
SRS4,6/28/2011,22,80.184,0.68
SRS4,7/1/2011,19.8,73.374,0.52
SRS4,7/4/2011,18,131.557,1.63
SRS4,7/6/2011,16.9,56.462,0.62
SRS4,7/9/2011,15.2,75.335,1.28
SRS4,7/12/2011,13.3,85.311,1.04
SRS4,7/15/2011,10.9,99.83,1.49
SRS4,7/18/2011,10.1,92.265,1.37
SRS4,7/21/2011,8.2,94.316,1.13
SRS4,7/24/2011,6.3,84.437,0.66
SRS4,7/27/2011,3.9,83.643,0.45
SRS4,7/30/2011,3.6,73.958,0.36
SRS4,8/2/2011,4,80.397,0.25
SRS4,8/4/2011,5.3,74.58,0.43
SRS4,8/7/2011,3.6,68.705,0.59
SRS4,8/10/2011,2.5,66.475,0.47
SRS4,8/13/2011,2,70.157,0.33
SRS4,8/16/2011,1.8,62.682,0.17
SRS4,8/19/2011,1.8,63.372,0.2
SRS4,8/22/2011,1.7,59.304,0.22
SRS4,8/25/2011,1.4,65.661,0.23
SRS4,8/28/2011,4,59.239,0.33
SRS4,8/31/2011,10.7,57.477,0.61
SRS4,9/1/2011,6.2,62.02,0.46
SRS4,9/4/2011,4,54.954,0.93
SRS4,9/7/2011,2.2,62.417,0.9
SRS4,9/10/2011,1.2,54.808,0.73
SRS4,9/13/2011,1.1,58.176,1.01
SRS4,9/16/2011,1,59.784,0.93
SRS4,9/19/2011,1.2,58.368,1.54
SRS4,9/22/2011,1.4,52.57,0.34
SRS4,9/25/2011,1.5,111.465,3.86
SRS4,9/28/2011,3.3,57.406,0.65
SRS4,10/1/2011,1.7,49.302,0.36
SRS4,10/4/2011,1.2,50.088,0.33
SRS4,10/6/2011,1.1,51.737,0.36
SRS4,10/9/2011,1.5,53.994,0.71
SRS4,10/12/2011,1.6,45.835,0.58
SRS4,10/15/2011,6.4,52.588,0.52
SRS4,10/18/2011,4.1,50.084,1.54
SRS4,10/21/2011,2.9,38.56,0.28
SRS4,10/24/2011,1.3,30.455,0.35
SRS4,10/27/2011,1.2,32.14,0.33
SRS4,10/30/2011,1,31.927,0.33
SRS4,11/1/2011,1,31.778,0.37
SRS4,11/4/2011,1.1,50.015,0.44
SRS4,11/7/2011,1,65,0.44
SRS4,11/10/2011,0.9,52.112,0.5
SRS4,11/13/2011,1.7,50.821,0.49
SRS4,11/16/2011,1.6,48.208,0.57
SRS4,11/19/2011,1.2,50.277,0.31
SRS4,11/22/2011,1.3,49.128,0.32
SRS4,11/25/2011,1.1,51.273,0.26
SRS4,11/28/2011,1.2,47.783,0.28
SRS4,11/30/2011,1.1,48.458,0.37
SRS4,12/4/2011,1.3,50.756,0.31
SRS4,12/7/2011,1.6,61.173,0.69
SRS4,12/10/2011,1.4,60.129,0.66
SRS4,12/13/2011,1.5,56.434,0.6
SRS4,12/16/2011,1.6,58.773,0.62
SRS4,12/19/2011,1.3,57.795,0.48
SRS4,12/22/2011,1.7,61.579,0.81
SRS4,12/25/2011,1.5,58.317,0.59
SRS4,12/28/2011,1.5,56.884,0.3
SRS4,12/31/2011,1.3,61.74,0.27
SRS4,1/3/2012,1.3,61.868,0.3
SRS4,1/5/2012,1.7,64.84,0.56
SRS4,1/8/2012,1.9,63.186,0.64
SRS4,1/11/2012,2.3,68.015,0.78
SRS4,1/14/2012,2.6,63.111,0.6
SRS4,1/17/2012,3.1,68.145,0.52
SRS4,1/20/2012,2.8,73.268,0.56
SRS4,1/23/2012,2.6,64.693,0.5
SRS4,1/26/2012,3,63.815,0.39
SRS4,1/29/2012,3,65.082,0.4
SRS4,2/1/2012,3.3,67.89,0.33
SRS4,2/4/2012,3.2,70.941,0.39
SRS4,2/7/2012,3.1,67.586,0.27
SRS4,2/10/2012,4.6,65.98,0.55
SRS4,2/13/2012,5.4,64.772,0.48
SRS4,2/15/2012,4.8,66.304,0.56
SRS4,2/18/2012,4.8,75.08,-9999
SRS4,2/21/2012,5.3,74.136,-9999
SRS4,2/24/2012,5.5,86.039,-9999
SRS4,2/27/2012,6.1,-9999,-9999
SRS4,3/1/2012,5.4,69.952,-9999
SRS4,3/4/2012,5.1,66.482,-9999
SRS4,3/6/2012,5,70.796,-9999
SRS4,3/9/2012,6.2,69.115,0.77
SRS4,3/12/2012,9.7,57.171,0.78
SRS4,3/15/2012,10,59.395,0.42
SRS4,3/18/2012,9.3,-9999,-9999
SRS4,3/21/2012,8.8,62.914,0.86
SRS4,3/24/2012,9.9,53.33,0.49
SRS4,3/27/2012,12.5,52.246,0.54
SRS4,3/30/2012,13.7,56.274,0.69
SRS4,4/2/2012,13.8,52.11,0.58
SRS4,4/5/2012,16.3,50.335,0.47
SRS4,4/8/2012,23.9,41.064,0.51
SRS4,4/10/2012,23.3,40.252,0.45
SRS4,4/13/2012,22.8,78.755,0.37
SRS4,4/16/2012,21.5,59.011,0.85
SRS4,4/19/2012,19,135.386,0.85
SRS4,4/22/2012,19.6,102.318,0.81
SRS4,4/25/2012,21.9,83.869,0.73
SRS4,4/28/2012,17,68.897,0.53
SRS4,5/1/2012,11.8,78.358,0.37
SRS4,5/4/2012,7.9,205.298,0.49
SRS4,5/7/2012,7.4,114.195,0.52
SRS4,5/8/2012,10.6,95.833,0.71
SRS4,5/11/2012,12.2,65.843,0.97
SRS4,5/14/2012,11.7,68.356,0.99
SRS4,5/17/2012,8.8,68.456,0.87
SRS4,5/20/2012,8,63.168,0.88
SRS4,5/23/2012,6.4,70.853,0.68
SRS4,5/26/2012,5.3,61.193,0.82
SRS4,5/29/2012,3.5,61.583,0.55
SRS4,6/1/2012,2.8,60.114,0.66
SRS4,6/4/2012,1.7,58.652,0.57
SRS4,6/7/2012,1.2,55.671,0.7
SRS4,6/10/2012,1.2,54.214,0.69
SRS4,6/13/2012,1.3,59.419,0.71
SRS4,6/16/2012,1.2,65.909,1.58
SRS4,6/19/2012,1.2,51.422,0.58
SRS4,6/22/2012,1.6,53.219,0.56
SRS4,6/24/2012,5.3,49.103,0.86
SRS4,6/28/2012,14.2,56.045,0.89
SRS4,7/1/2012,5.6,65.328,0.77
SRS4,7/4/2012,3.1,73.301,0.67
SRS4,7/7/2012,1.7,67.42,0.75
SRS4,7/9/2012,1.1,55.06,0.58
SRS4,7/13/2012,0.9,61.805,1.54
SRS4,7/16/2012,0.9,64.915,1.41
SRS4,7/19/2012,0.9,81.504,1.78
SRS4,7/22/2012,0.9,95.873,2.45
SRS4,7/25/2012,0.7,74.559,1.28
SRS4,7/28/2012,0.6,74.255,1.24
SRS4,7/31/2012,0.5,68.171,1
SRS4,8/3/2012,0.5,74.008,0.95
SRS4,8/6/2012,0.5,72.557,1.02
SRS4,8/8/2012,0.4,64.695,0.84
SRS4,8/11/2012,0.6,94.061,1.94
SRS4,8/14/2012,0.6,77.527,1.48
SRS4,8/17/2012,0.6,89.21,1.5
SRS4,8/20/2012,0.6,105.146,6.97
SRS4,8/23/2012,1.1,116.671,5.13
SRS4,8/26/2012,0.7,76.293,1.67
SRS4,8/29/2012,1.1,48.782,0.38
SRS4,9/1/2012,0.8,88.865,1.03
SRS4,9/4/2012,0.5,93.059,0.98
SRS4,9/7/2012,0.4,38.937,0.5
SRS4,9/9/2012,0.3,41.055,0.67
SRS4,9/13/2012,0.4,54.243,1.4
SRS4,9/16/2012,0.5,55.034,1.7
SRS4,9/19/2012,0.5,50.765,1.13
SRS4,9/22/2012,0.5,44.314,1.21
SRS4,9/25/2012,0.5,39.749,1.42
SRS4,9/28/2012,0.5,44.479,1.49
SRS4,10/1/2012,0.5,32.501,0.78
SRS4,10/4/2012,0.4,29.3,0.68
SRS4,10/7/2012,0.4,26.73,0.5
SRS4,10/10/2012,0.4,24.639,0.34
SRS4,10/13/2012,0.5,21.618,0.41
SRS4,10/16/2012,0.6,23.821,0.36
SRS4,10/17/2012,0.6,24.628,0.47
SRS4,10/20/2012,2.1,43.116,0.39
SRS4,10/23/2012,1.3,36.41,0.28
SRS4,10/26/2012,0.7,49.528,0.27
SRS4,10/29/2012,3.1,50.242,0.32
SRS4,11/1/2012,6.5,40.834,0.37
SRS4,11/4/2012,3,40.052,0.25
SRS4,11/7/2012,1.1,40.477,0.34
SRS4,11/10/2012,0.6,40.283,0.28
SRS4,11/12/2012,0.3,43.965,0.35
SRS4,11/16/2012,0.6,62.623,0.46
SRS4,11/19/2012,0.7,48.346,0.37
SRS4,11/22/2012,0.6,45.243,0.36
SRS4,11/25/2012,0.5,55.876,0.59
SRS4,11/28/2012,3,50.237,0.41
SRS4,12/1/2012,2,47.885,0.28
SRS4,12/4/2012,1,45.837,0.39
SRS4,12/7/2012,0.8,45.975,0.33
SRS4,12/10/2012,0.7,44.459,0.43
SRS4,12/13/2012,0.7,46.768,0.46
SRS4,12/16/2012,0.7,45.105,0.45
SRS4,12/18/2012,0.7,41.77,0.78
SRS4,12/21/2012,0.7,39.485,0.35
SRS4,12/24/2012,1,41.232,0.33
SRS4,12/27/2012,1.2,43.856,0.35
SRS4,12/30/2012,1.2,42.942,0.46
SRS4,1/2/2013,1.5,46.13,0.46
SRS4,1/5/2013,1.5,42.024,0.5
SRS4,1/8/2013,1.6,43.54,0.5
SRS4,1/11/2013,1.6,43.709,0.53
SRS4,1/14/2013,1.6,45.507,0.57
SRS4,1/15/2013,1.6,49.927,0.76
SRS4,1/18/2013,1.8,63.977,0.45
SRS4,1/21/2013,1.5,65.236,0.3
SRS4,1/24/2013,1.7,66.112,0.39
SRS4,1/27/2013,1.9,67.669,0.42
SRS4,1/30/2013,1.9,66.967,0.45
SRS4,2/2/2013,2.3,63.022,0.49
SRS4,2/4/2013,2.3,67.281,0.44
SRS4,2/8/2013,2.8,69.675,0.3
SRS4,2/11/2013,3.9,58.467,0.19
SRS4,2/14/2013,4.1,60.091,0.29
SRS4,2/17/2013,3.8,65.383,0.22
SRS4,2/20/2013,3.9,71.757,0.22
SRS4,2/23/2013,3.1,96.374,0.23
SRS4,2/26/2013,3.2,63.77,0.24
SRS4,3/1/2013,3.9,67.927,0.26
SRS4,3/4/2013,4,64.63,0.27
SRS4,3/6/2013,3.7,67.271,0.35
SRS4,3/10/2013,4.1,56.987,0.68
SRS4,3/13/2013,6.4,55.968,0.68
SRS4,3/16/2013,9.2,51.341,1.04
SRS4,3/19/2013,9.3,51.203,1.02
SRS4,3/22/2013,8.2,50.484,0.85
SRS4,3/25/2013,8.3,50.821,0.96
SRS4,3/28/2013,8.1,50.669,0.97
SRS4,3/31/2013,7.7,63.504,0.93
SRS4,4/2/2013,8.5,51.908,1
SRS4,4/5/2013,11.1,59.712,1.21
SRS4,4/8/2013,10.3,52.932,0.41
SRS4,4/11/2013,9.3,45.082,0.45
SRS4,4/14/2013,9,45.296,0.36
SRS4,4/17/2013,9.4,47.254,0.5
SRS4,4/20/2013,8.6,46.308,0.37
SRS4,4/23/2013,7.9,44.531,0.38
SRS4,4/26/2013,7.3,45.619,0.35
SRS4,4/29/2013,8.2,41.438,0.6
SRS4,5/1/2013,11.6,43.429,0.71
SRS4,5/4/2013,13.6,55.553,0.52
SRS4,5/7/2013,11.7,51.083,0.66
SRS4,5/10/2013,9.7,50.729,0.37
SRS4,5/13/2013,9.2,54.118,0.41
SRS4,5/16/2013,8.9,47.94,0.49
SRS4,5/19/2013,7.5,57.446,0.53
SRS4,5/22/2013,7,61.713,0.67
SRS4,5/25/2013,5.4,50.984,0.29
SRS4,5/28/2013,5.2,54.595,0.44
SRS4,5/31/2013,3.7,48.874,0.44
SRS4,6/3/2013,1.7,46.443,0.32
SRS4,6/4/2013,1.2,45.249,0.34
SRS4,6/7/2013,1.2,47.078,0.53
SRS4,6/10/2013,0.9,38.324,0.3
SRS4,6/13/2013,0.8,40.561,0.45
SRS4,6/16/2013,0.5,38.065,0.25
SRS4,6/19/2013,0.8,43.263,0.63
SRS4,6/22/2013,1,42.173,0.38
SRS4,6/25/2013,1.1,39.208,0.36
SRS4,6/28/2013,1,39.108,0.33
SRS4,6/30/2013,0.8,37.253,0.3
SRS4,7/4/2013,0.8,31.464,0.43
SRS4,7/7/2013,0.9,29.989,0.31
SRS4,7/10/2013,0.8,41.862,0.36
SRS4,7/13/2013,0.6,36.904,0.31
SRS4,7/16/2013,0.4,29.234,0.33
SRS4,7/19/2013,0.4,27.644,0.21
SRS4,7/22/2013,0.4,29.582,0.34
SRS4,7/25/2013,0.3,31.69,0.42
SRS4,7/28/2013,0.3,30.835,0.29
SRS4,7/31/2013,0.4,34.172,0.34
SRS4,8/3/2013,0.6,35.445,0.3
SRS4,8/6/2013,0.6,33.266,0.26
SRS4,8/9/2013,0.6,34.544,0.4
SRS4,8/12/2013,0.7,37.025,0.28
SRS4,8/14/2013,0.8,42.37,0.47
SRS4,8/17/2013,0.8,47.973,0.54
SRS4,8/20/2013,0.5,51.263,0.42
SRS4,8/23/2013,0.9,46.699,0.48
SRS4,8/26/2013,1.2,45.301,0.27
SRS4,8/29/2013,1.3,47.087,0.32
SRS4,9/1/2013,0.8,44.967,0.24
SRS4,9/4/2013,0.7,48.66,0.47
SRS4,9/5/2013,0.6,55.03,0.59
SRS4,9/8/2013,0.6,52.57,0.52
SRS4,9/11/2013,0.6,56.016,0.55
SRS4,9/14/2013,0.5,99.742,-9999
SRS4,9/17/2013,0.4,45.547,0.51
SRS4,9/20/2013,0.4,42.433,0.33
SRS4,9/23/2013,0.3,38.211,0.32
SRS4,9/26/2013,0.3,42.259,0.32
SRS4,9/29/2013,0.3,43.863,0.38
SRS4,10/2/2013,0.3,41.539,0.35
SRS4,10/5/2013,0.3,43.064,0.33
SRS4,10/8/2013,0.3,44.449,0.27
SRS4,10/11/2013,0.3,44.757,0.23
SRS4,10/14/2013,0.3,43.903,0.26
SRS4,10/17/2013,0.3,43.451,0.28
SRS4,10/20/2013,0.8,46.704,0.3
SRS4,10/23/2013,1,43.799,0.43
SRS4,10/26/2013,0.6,46.714,0.41
SRS4,10/28/2013,0.6,50.419,0.54
SRS4,11/1/2013,0.6,42.981,0.33
SRS4,11/4/2013,0.6,44.535,0.3
SRS4,11/7/2013,1,43.626,0.22
SRS4,11/10/2013,0.9,39.709,0.26
SRS4,11/12/2013,1,42.892,0.3
SRS4,11/15/2013,1,47.946,0.48
SRS4,11/18/2013,1.3,50.737,0.46
SRS4,11/21/2013,4.4,49.311,0.42
SRS4,11/24/2013,4.5,45.476,0.33
SRS4,11/27/2013,2.1,48.588,0.46
SRS4,11/30/2013,1.6,41.917,0.35
SRS4,12/2/2013,1.1,50.119,0.53
SRS4,12/6/2013,3.7,51.681,0.57
SRS4,12/9/2013,3.1,49.819,0.29
SRS4,12/12/2013,1.6,49.629,0.21
SRS4,12/15/2013,1.5,55.328,0.25
SRS4,12/18/2013,1.5,50.728,0.21
SRS4,12/21/2013,1.5,53.023,0.33
SRS4,12/24/2013,1.5,50.884,0.24
SRS4,12/27/2013,1.5,50.169,0.22
SRS4,1/25/2014,1.6,67.312,1.53
SRS4,1/28/2014,1.8,57.295,1.14
SRS4,1/31/2014,2.1,50.187,0.51
SRS4,2/3/2014,2.4,52.123,0.43
SRS4,2/6/2014,2.5,49.506,0.53
SRS4,2/9/2014,2.2,54.351,0.64
SRS4,2/11/2014,1.9,56.559,0.9
SRS4,2/14/2014,1.9,58.5,2.49
SRS4,2/17/2014,2.3,46.536,1.67
SRS4,2/20/2014,2.2,48.741,1.91
SRS4,2/23/2014,1.9,52.925,1.48
SRS4,2/26/2014,1.8,50.257,1.85
SRS4,3/1/2014,2,47.655,1.77
SRS4,3/4/2014,3.6,45.975,1.47
SRS4,3/7/2014,3.6,44.696,1.54
SRS4,3/10/2014,3.4,47.084,1.86
SRS4,3/13/2014,3.4,49.307,1.59
SRS4,3/16/2014,3.4,52.48,1.81
SRS4,3/18/2014,3.7,47.884,1.8
SRS4,4/12/2014,8.7,50.932,0.34
SRS4,4/15/2014,8.8,46.239,0.44
SRS4,4/18/2014,12.4,45.218,0.52
SRS4,4/21/2014,12.8,43.422,0.47
SRS4,4/24/2014,12.1,44.82,0.38
SRS4,4/27/2014,13.4,35.056,0.48
SRS4,4/30/2014,18.2,43.236,0.53
SRS4,5/1/2014,19.1,41.461,0.7
SRS4,5/4/2014,20.8,48.611,0.75
SRS4,5/7/2014,20.6,45.693,0.71
SRS4,5/10/2014,18.5,56.104,0.85
SRS4,5/13/2014,17,55.562,0.91
SRS4,5/16/2014,16.5,51.403,0.77
SRS4,5/19/2014,17.1,62.31,0.58
SRS4,5/22/2014,15.8,59.042,0.89
SRS4,5/25/2014,16.4,41.934,0.61
SRS4,5/28/2014,19,48.079,0.76
SRS4,5/31/2014,18.8,45.992,0.87
SRS4,6/3/2014,17.5,43.667,1.07
SRS4,6/4/2014,12.8,43.079,1.5
SRS4,6/7/2014,11.3,39.464,0.7
SRS4,6/10/2014,10.4,48.414,0.86
SRS4,6/13/2014,10.2,51.111,1.42
SRS4,6/16/2014,11.7,60.758,1.76
SRS4,6/19/2014,9.5,43.817,0.57
SRS4,6/22/2014,7.5,49.613,0.98
SRS4,6/25/2014,6,47.251,0.4
SRS4,6/28/2014,4,43.639,0.23
SRS4,7/1/2014,2.3,43.141,0.24
SRS4,7/4/2014,1.6,43.233,0.45
SRS4,7/7/2014,1.4,41.841,0.44
SRS4,7/9/2014,1.3,39.327,0.46
SRS4,7/13/2014,1.2,41.551,0.34
SRS4,7/16/2014,1.1,48.091,0.47
SRS4,7/19/2014,0.9,48.183,0.41
SRS4,7/22/2014,1.1,44.231,0.44
SRS4,7/25/2014,1.1,46.362,0.43
SRS4,7/28/2014,1.1,46.177,0.61
SRS4,7/31/2014,1.2,41.627,0.32
SRS4,8/3/2014,1.4,46.759,0.43
SRS4,8/6/2014,1.1,42.779,0.47
SRS4,8/9/2014,0.9,41.17,0.66
SRS4,8/12/2014,0.8,42.005,0.61
SRS4,8/13/2014,0.8,39.244,1.48
SRS4,8/16/2014,0.9,31.971,0.47
SRS4,8/19/2014,0.8,34.773,0.75
SRS4,8/22/2014,0.7,32.254,0.47
SRS4,8/25/2014,0.7,32.039,0.7
SRS4,8/28/2014,0.8,29.582,0.81
SRS4,8/31/2014,0.9,30.453,0.58
SRS4,9/3/2014,0.8,26.539,0.3
SRS4,9/6/2014,0.7,27.153,0.42
SRS4,9/8/2014,0.6,27.124,0.61
SRS4,9/12/2014,0.6,43.285,0.81
SRS4,9/15/2014,0.5,40.722,0.64
SRS4,9/18/2014,0.5,43.693,0.66
SRS4,9/21/2014,0.4,42.736,0.52
SRS4,9/24/2014,0.4,42.499,0.67
SRS4,9/27/2014,0.4,41.674,0.52
SRS4,9/30/2014,0.4,53.028,0.44
SRS4,10/3/2014,0.3,44.127,0.4
SRS4,10/6/2014,0.3,39.936,0.39
SRS4,10/7/2014,0.3,41.911,0.52
SRS4,10/10/2014,0.4,31.395,0.44
SRS4,10/13/2014,0.4,40.926,0.67
SRS4,10/16/2014,0.4,42.769,0.66
SRS4,10/19/2014,0.5,46.155,0.65
SRS4,10/22/2014,0.5,45.812,0.67
SRS4,10/25/2014,0.6,43.6,0.56
SRS4,10/28/2014,0.7,53.05,0.78
SRS4,10/31/2014,0.7,50.227,0.4
SRS4,11/7/2014,1.1,61.249,0.39
SRS4,11/10/2014,4.6,59.464,0.65
SRS4,11/13/2014,4.5,53.878,0.22
SRS4,11/16/2014,3,55.208,0.25
SRS4,11/19/2014,2.4,55.999,0.28
SRS4,11/22/2014,1.8,61.971,0.28
SRS4,11/25/2014,4,59.988,0.36
SRS4,11/28/2014,5.5,55.93,0.46
SRS4,12/1/2014,2.7,62.247,0.36
SRS4,12/2/2014,2.6,65.55,0.72
SRS4,12/5/2014,3.6,46.886,0.73
SRS4,12/8/2014,5.3,45.65,0.76
SRS4,12/11/2014,5,58.42,0.73
SRS4,12/14/2014,3.8,48.4,0.55
SRS4,12/17/2014,2.6,50.913,0.56
SRS4,12/20/2014,2.3,46.407,0.46
SRS4,12/23/2014,2.3,53.481,0.82
SRS4,12/26/2014,4.2,48.138,0.84
SRS4,12/29/2014,3.8,44.369,0.3
SRS4,1/1/2015,2.9,46.849,0.33
SRS4,1/4/2015,2.6,44.005,0.35
SRS4,1/7/2015,2.5,44.732,0.42
SRS4,1/8/2015,2.7,48.63,0.59
SRS4,1/11/2015,2.3,59.947,0.73
SRS4,1/14/2015,2.4,64.349,0.95
SRS4,1/17/2015,2.3,56.094,0.63
SRS4,1/20/2015,2.6,72.124,3.65
SRS4,1/23/2015,7.3,54.919,0.61
SRS4,1/26/2015,9.6,51.472,0.55
SRS4,1/29/2015,8.8,51.82,0.39
SRS4,2/1/2015,6.5,57.803,0.48
SRS4,2/4/2015,6.4,52.819,0.53
SRS4,2/7/2015,6.4,52.706,0.76
SRS4,2/9/2015,5.6,57.509,0.77
SRS4,2/12/2015,6.1,58.531,0.82
SRS4,2/15/2015,6.4,67.09,0.91
SRS4,2/18/2015,8.2,67.976,1.15
SRS4,2/21/2015,10.6,55.901,0.84
SRS4,2/24/2015,9.9,54.709,0.77
SRS4,2/27/2015,9.4,61.439,1.09
SRS4,3/2/2015,8.7,61.448,1.1
SRS4,3/5/2015,8,65.283,0.64
SRS4,3/8/2015,7.6,68.228,0.67
SRS4,3/11/2015,7.3,62.514,1.01
SRS4,3/14/2015,7.7,55.586,0.96
SRS4,3/16/2015,8,63.863,1.28
SRS4,3/19/2015,8.2,61.491,0.77
SRS4,3/22/2015,12.8,60.681,1.4
SRS4,3/25/2015,16.4,54.876,1.12
SRS4,3/28/2015,17.4,51.84,1
SRS4,3/31/2015,13.7,50.712,0.92
SRS4,4/3/2015,13,51.026,1.14
SRS4,4/5/2015,13.2,53.019,1.42
SRS4,4/9/2015,14.7,54.99,0.86
SRS4,4/12/2015,15.1,50.558,0.93
SRS4,4/15/2015,15.9,51.987,0.85
SRS4,4/18/2015,18.1,50.671,0.98
SRS4,4/21/2015,23.7,43.064,0.81
SRS4,4/24/2015,24.9,32.259,0.71
SRS4,4/27/2015,23.9,39.025,0.65
SRS4,4/30/2015,23,41.494,0.73
SRS4,5/3/2015,19.7,35.696,0.53
SRS4,5/4/2015,16.8,35.497,0.59
SRS4,5/7/2015,13.3,41.165,1.23
SRS4,5/10/2015,15.2,36.362,1.28
SRS4,5/13/2015,15.5,36.671,1.31
SRS4,5/16/2015,14.2,37.368,1.14
SRS4,5/19/2015,14.6,38.66,1.35
SRS4,5/22/2015,16,39.152,0.78
SRS4,5/25/2015,16.3,38.539,0.79
SRS4,5/28/2015,15.1,36.849,1.32
SRS4,5/31/2015,14.2,36.496,1.5
SRS4,6/2/2015,15.2,32.252,1.75
SRS4,6/5/2015,16.3,45.947,1.08
SRS4,6/8/2015,16.5,47.745,1.05
SRS4,6/11/2015,14.6,218.302,11.37
SRS4,6/14/2015,12.7,48.044,1.06
SRS4,6/17/2015,10.9,49.526,0.84
SRS4,6/20/2015,10.3,49.349,0.63
SRS4,6/23/2015,9.8,51.361,0.59
SRS4,6/26/2015,9,48.05,0.57
SRS4,6/29/2015,8.7,45.561,0.58
SRS4,6/30/2015,8.4,48.159,0.8
SRS4,7/4/2015,8.6,49.74,0.89
SRS4,7/7/2015,8.9,47.608,0.81
SRS4,7/10/2015,7.7,43.261,0.78
SRS4,7/13/2015,6.6,51.532,0.94
SRS4,7/16/2015,7.4,44.958,1.07
SRS4,7/19/2015,10,45.807,1.3
SRS4,7/22/2015,9.8,39.684,1.16
SRS4,7/25/2015,9.8,39.362,1.12
SRS4,7/28/2015,10.8,38.192,1.1
SRS4,7/31/2015,11.1,34.558,0.71
SRS4,8/3/2015,11.9,30.587,0.48
SRS4,8/6/2015,11.3,31.625,0.68
SRS4,8/9/2015,8.5,32.202,0.69
SRS4,8/11/2015,7.9,30.269,0.7
SRS4,8/15/2015,10.2,40.65,0.96
SRS4,8/18/2015,8.7,53.791,1.11
SRS4,8/21/2015,6.7,54.753,1
SRS4,8/24/2015,5.2,63.215,0.95
SRS4,8/27/2015,4.6,63.502,0.57
SRS4,8/30/2015,3.9,55.509,0.7
SRS4,9/2/2015,3.7,56.014,0.62
SRS4,9/5/2015,3.6,49.714,0.4
SRS4,9/8/2015,2.6,47.054,0.46
SRS4,9/11/2015,2.1,46.753,0.52
SRS4,9/14/2015,1.9,44.585,0.52
SRS4,9/15/2015,2.1,46.792,0.75
SRS4,9/18/2015,2.1,104.987,0.39
SRS4,9/21/2015,1.8,43.744,0.3
SRS4,9/24/2015,1.8,35.445,0.33
SRS4,9/27/2015,2.7,41.023,0.37
SRS4,9/30/2015,8.8,39.304,0.98
SRS4,10/1/2015,12,59.845,-9999
SRS4,10/4/2015,13.3,49.74,1.87
SRS4,10/7/2015,15.1,43.735,1.19
SRS4,10/10/2015,12.3,48.905,0.97
SRS4,10/13/2015,10.8,56.19,1.18
SRS4,10/16/2015,9.4,55.623,1
SRS4,10/19/2015,5.7,56.498,1.04
SRS4,10/22/2015,3.9,61.115,0.92
SRS4,10/25/2015,5.2,54.126,0.7
SRS4,10/28/2015,11.2,49.427,0.91
SRS4,10/31/2015,15.9,45.232,1.37
SRS4,11/3/2015,13.8,46.275,0.83
SRS4,11/6/2015,9.5,53.45,0.76
SRS4,11/9/2015,6.7,55.89,0.75
SRS4,11/10/2015,5.6,56.62,0.93
SRS4,11/13/2015,6.2,54.705,0.68
SRS4,11/16/2015,5.8,53.127,0.48
SRS4,11/19/2015,4.6,53.707,0.43
SRS4,11/22/2015,3.9,56.064,0.51
SRS4,11/25/2015,3.9,52.234,0.63
SRS4,11/28/2015,3.2,52.438,0.53
SRS4,11/30/2015,2.7,53.197,0.59
SRS4,12/4/2015,3.5,55.209,0.55
SRS4,12/7/2015,2.3,49.977,0.46
SRS4,12/10/2015,1.5,40.264,0.31
SRS4,12/13/2015,1.3,46.578,0.42
SRS4,12/16/2015,1.7,47.999,0.38
SRS4,12/19/2015,1.7,48.261,0.47
SRS4,12/22/2015,1.7,51.113,0.38
SRS4,12/25/2015,2.4,52.169,0.43
SRS4,12/28/2015,2.3,50.856,0.46
SRS4,12/31/2015,1.4,54.587,0.52
SRS4,1/3/2016,1.1,56.023,0.5
SRS4,1/5/2016,0.9,59.149,0.55
SRS4,1/8/2016,1.2,52.827,0.32
SRS4,1/11/2016,4.1,56.918,0.48
SRS4,1/14/2016,3.6,50.58,0.29
SRS4,1/17/2016,2.6,64.666,0.31
SRS4,1/20/2016,1.8,49.738,0.31
SRS4,1/23/2016,1.5,48.06,0.29
SRS4,1/26/2016,2.3,51.57,0.36
SRS4,1/29/2016,1.2,44.189,0.36
SRS4,2/1/2016,0.7,38.493,0.33
SRS4,2/4/2016,0.5,40.745,0.27
SRS4,2/7/2016,0.5,47.073,0.33
SRS4,2/10/2016,0.6,45.254,0.33
SRS4,2/11/2016,0.5,52.068,0.43
SRS4,2/14/2016,0.6,41.813,0.31
SRS4,2/17/2016,0.7,39.766,0.36
SRS4,2/20/2016,0.8,39.959,0.34
SRS4,2/23/2016,1.1,44.098,0.39
SRS4,2/26/2016,1.1,44.524,0.6
SRS4,2/29/2016,1.1,43.32,0.35
SRS4,3/3/2016,1.1,46.767,0.44
SRS4,3/6/2016,1.2,48.018,0.5
SRS4,3/8/2016,1.2,51.587,0.54
SRS4,3/11/2016,1.3,57.488,0.5
SRS4,3/14/2016,1.4,53.255,0.61
SRS4,3/17/2016,1.2,53.374,0.56
SRS4,3/20/2016,1.3,52.308,0.43
SRS4,3/23/2016,1.4,54.276,0.4
SRS4,3/26/2016,1.7,54.71,0.54
SRS4,3/29/2016,1.7,55.41,0.65
SRS4,4/1/2016,1.5,54.715,0.44
SRS4,4/4/2016,1.4,54.207,0.72
SRS4,4/7/2016,1.2,51.786,0.48
SRS4,4/10/2016,2.2,54.966,0.64
SRS4,4/12/2016,3,58.783,0.72
SRS4,4/15/2016,2,64.684,0.41
SRS4,4/18/2016,1.8,68.037,0.53
SRS4,4/21/2016,1.7,66.96,0.42
SRS4,4/24/2016,2.1,66.39,0.48
SRS4,4/27/2016,6.1,65.35,0.49
SRS4,4/30/2016,7,61.121,0.43
SRS4,5/3/2016,6.8,64.081,0.43
SRS4,5/6/2016,8.6,59.157,0.46
SRS4,5/8/2016,13.1,54.151,0.65
SRS4,5/12/2016,10.6,49.788,0.36
SRS4,5/15/2016,6.4,72.089,0.42
SRS4,5/18/2016,5.7,60.478,0.32
SRS4,5/21/2016,4.5,59.562,0.29
SRS4,5/24/2016,3.5,62.11,0.29
SRS4,5/27/2016,3.2,62.755,0.36
SRS4,5/30/2016,2.5,64.097,0.33
SRS4,6/2/2016,2.4,111.417,0.3
SRS4,6/5/2016,2.1,55.568,0.39
SRS4,6/7/2016,2.5,54.758,0.37
SRS4,6/11/2016,5.1,56.884,0.41
SRS4,6/14/2016,2.9,57.053,0.32
SRS4,6/17/2016,1.9,55.568,0.31
SRS4,6/20/2016,1.5,56.623,0.4
SRS4,6/23/2016,1.7,58.119,0.45
SRS4,6/26/2016,1.7,49.436,0.25
SRS4,6/29/2016,1.4,49.36,0.32
SRS4,7/2/2016,1.2,49.801,0.28
SRS4,7/5/2016,1.1,45.954,0.39
SRS4,7/8/2016,1,45.96,0.42
SRS4,7/11/2016,1.1,43.919,0.3
SRS4,7/13/2016,1.1,46.068,0.39
SRS4,7/16/2016,1.2,51.045,0.26
SRS4,7/19/2016,1.3,51.03,0.27
SRS4,7/22/2016,1.3,52.437,0.24
SRS4,7/25/2016,1.8,54.322,0.29
SRS4,7/28/2016,1.9,49.461,0.3
SRS4,7/31/2016,1.6,49.12,0.3
SRS4,8/2/2016,1.7,50.206,0.39
SRS4,8/5/2016,1.6,58.825,0.38
SRS4,8/8/2016,2.4,55.902,0.28
SRS4,8/11/2016,1.5,53.382,0.29
SRS4,8/14/2016,1.3,53.741,0.29
SRS4,8/17/2016,1.4,63.766,0.33
SRS4,8/20/2016,1.5,58.962,0.22
SRS4,8/23/2016,3.9,55.465,0.27
SRS4,8/26/2016,3.7,51.766,0.25
SRS4,8/29/2016,2.6,52.518,0.24
SRS4,8/31/2016,3.7,51.575,0.34
SRS4,9/4/2016,5.1,46.134,0.37
SRS4,9/7/2016,2.7,51.761,0.41
SRS4,9/10/2016,1.2,42.813,0.44
SRS4,9/13/2016,0.7,43.043,0.36
SRS4,9/16/2016,0.5,44.577,0.42
SRS4,9/19/2016,0.4,41.927,0.42
SRS4,9/22/2016,0.4,40.446,0.35
SRS4,9/25/2016,0.4,35.234,0.33
SRS4,9/28/2016,0.3,35.974,0.27
SRS4,10/1/2016,0.3,35.476,0.29
SRS4,10/4/2016,0.4,35.543,0.28
SRS4,10/7/2016,0.4,36.945,0.25
SRS4,10/10/2016,0.4,39.231,0.26
SRS4,10/12/2016,0.4,43.254,0.32
SRS4,10/16/2016,0.4,49.903,0.43
SRS4,10/19/2016,2.9,51.51,0.41
SRS4,10/22/2016,2.3,44.893,0.27
SRS4,10/25/2016,1.7,47.918,0.31
SRS4,10/28/2016,1,48.706,0.26
SRS4,11/1/2016,0.7,46.14,0.25
SRS4,11/4/2016,0.5,49.478,0.29
SRS4,11/7/2016,0.5,45.134,0.31
SRS4,11/9/2016,0.6,46.767,0.33
SRS4,11/12/2016,0.7,50.739,0.34
SRS4,11/15/2016,5.2,48.146,0.34
SRS4,11/18/2016,6.3,45.478,0.31
SRS4,11/21/2016,3.5,44.656,0.26
SRS4,11/24/2016,1.9,48.22,0.27
SRS4,11/27/2016,1.3,50.697,0.32
SRS4,11/30/2016,1.2,49.553,0.31
SRS4,12/3/2016,1.1,46.912,0.36
SRS4,12/5/2016,1.2,53.507,0.5
SRS4,12/8/2016,1,61.338,0.73
SRS4,12/11/2016,1.4,70.031,0.51
SRS4,12/14/2016,1.5,65.617,0.75
SRS4,12/17/2016,2.9,59.749,0.61
SRS4,12/20/2016,3,59.778,0.6
SRS4,12/23/2016,2.1,56.572,0.35
SRS4,12/26/2016,1.6,59.852,0.53
SRS4,12/29/2016,1.5,60.253,0.44
SRS4,1/1/2017,1.5,59.495,0.32
SRS4,1/4/2017,1.7,53.622,0.43
SRS4,1/7/2017,1.7,104.526,1.73
SRS4,1/10/2017,2,56.625,0.49
SRS4,1/11/2017,2.1,63.623,0.76
SRS4,1/14/2017,2.7,61.594,1.94
SRS4,1/17/2017,3.1,-9999,-9999
SRS4,1/20/2017,3,54.908,0.39
SRS4,1/23/2017,4.2,51.631,0.37
SRS4,1/26/2017,16.5,35.969,1.66
SRS4,1/29/2017,8.7,44.979,0.53
SRS4,2/1/2017,6.3,46.85,0.35
SRS4,2/4/2017,4.8,52.525,0.42
SRS4,2/7/2017,4.2,77.129,0.58
SRS4,2/8/2017,4.1,56.7,0.62
SRS4,2/11/2017,4,64.736,0.49
SRS4,2/14/2017,4.3,56.925,0.39
SRS4,2/17/2017,4.6,58.538,0.39
SRS4,2/20/2017,5.7,59.482,0.48
SRS4,2/23/2017,6.1,57.394,0.58
SRS4,2/26/2017,10.4,54.924,0.6
SRS4,2/28/2017,12.1,53.294,0.64
SRS4,3/4/2017,10,74.415,1.01
SRS4,3/7/2017,8.1,58.868,0.54
SRS4,3/10/2017,7.6,119.067,0.81
SRS4,3/13/2017,9.4,93.493,0.81
SRS4,3/16/2017,11.5,71.682,0.52
SRS4,3/19/2017,10.2,76.918,0.64
SRS4,3/22/2017,9.3,77.171,0.68
SRS4,3/25/2017,9.3,69.256,0.63
SRS4,3/28/2017,10.1,68.035,0.68
SRS4,3/31/2017,16,43.613,0.69
SRS4,4/3/2017,18.8,41.509,0.84
SRS4,4/4/2017,16.3,43.858,1.16
SRS4,4/7/2017,17.5,158.28,3.7
SRS4,4/10/2017,16.8,162.105,2.45
SRS4,4/13/2017,16.4,92.27,3.04
SRS4,4/16/2017,15.9,121.744,3.2
SRS4,4/19/2017,15.6,109.681,2.19
SRS4,4/22/2017,15,77.378,1.37
SRS4,4/25/2017,17,101.638,1.1
SRS4,4/28/2017,25.5,75.447,1.27
SRS4,5/1/2017,23.3,62.484,2
SRS4,5/4/2017,20.4,58.731,1.65
SRS4,5/7/2017,18.7,56.991,1.54
SRS4,5/9/2017,17.5,48.392,1.45
SRS4,5/13/2017,16.3,51.462,0.77
SRS4,5/16/2017,17.6,50.497,0.87
SRS4,5/19/2017,17.7,49.537,0.95
SRS4,5/22/2017,15.7,51.29,0.86
SRS4,5/25/2017,16.8,53.891,1.09
SRS4,5/28/2017,21.2,53.295,2.64
SRS4,5/31/2017,20.9,44.144,0.74
SRS4,6/3/2017,19.9,43.871,0.73
SRS4,6/6/2017,18.5,48.32,0.73
SRS4,6/9/2017,16.3,40.831,0.65
SRS4,6/12/2017,14.4,37.134,0.92
SRS4,6/13/2017,11,47.515,1.61
SRS4,6/16/2017,9.3,48.039,0.52
SRS4,6/19/2017,6.6,53.259,0.66
SRS4,6/22/2017,4.6,73.383,0.99
SRS4,6/25/2017,3.1,59.594,0.68
SRS4,6/28/2017,3,58.828,0.73
SRS4,7/1/2017,2.2,42.86,0.48
SRS4,7/4/2017,1.7,42.306,0.56
SRS4,7/7/2017,1.6,44.087,0.52
SRS4,7/10/2017,1.8,42.704,0.45
SRS4,7/11/2017,1.7,47.698,0.62
SRS4,7/14/2017,1.7,51.595,0.54
SRS4,7/17/2017,1.4,109.636,2.27
SRS4,7/20/2017,1,53.902,0.67
SRS4,7/23/2017,0.8,48.497,0.51
SRS4,7/26/2017,0.6,50.789,0.57
SRS4,7/29/2017,0.4,45.635,0.54
SRS4,8/1/2017,0.4,51.94,0.69
SRS4,8/4/2017,0.4,50.434,0.7
SRS4,8/7/2017,0.4,51.575,0.8
SRS4,8/9/2017,0.4,60.372,0.82
SRS4,8/12/2017,0.4,51.362,0.57
SRS4,8/15/2017,0.4,50.742,0.49
SRS4,8/18/2017,0.4,48.667,0.56
SRS4,8/21/2017,0.5,48.833,0.46
SRS4,8/24/2017,0.5,48.721,0.44
SRS4,8/27/2017,0.4,43.166,0.41
SRS4,8/30/2017,0.3,36.377,0.44
SRS4,9/2/2017,0.4,40.801,0.47
SRS4,9/5/2017,0.4,38.748,0.51
SRS4,9/8/2017,0.4,40.168,0.59
SRS4,9/11/2017,5.7,36.345,0.46
SRS4,9/14/2017,4.6,43.33,0.42
SRS4,9/17/2017,0.6,31.995,0.54
SRS4,9/20/2017,0.3,31.439,0.54
SRS4,9/23/2017,0.3,35.543,0.59
SRS4,9/26/2017,0.3,34.309,0.53
SRS4,9/29/2017,0.2,36.26,0.89
SRS4,10/2/2017,0.2,31.959,0.59
SRS4,10/5/2017,0.3,33.05,0.72
SRS4,10/6/2017,0.2,34.33,0.96
SRS4,10/9/2017,0.5,40.905,0.65
SRS4,10/12/2017,0.4,47.472,0.45
SRS4,10/15/2017,0.3,39.453,0.59
SRS4,10/18/2017,0.2,50.463,1.12
SRS4,10/21/2017,0.2,49.306,0.52
SRS4,10/24/2017,0.3,37.622,0.56
SRS4,10/27/2017,0.3,45.865,0.48
SRS4,10/30/2017,0.3,38.643,0.68
SRS4,11/1/2017,0.4,37.759,0.56
SRS4,11/4/2017,0.4,34.151,0.73
SRS4,11/7/2017,0.3,33.126,0.5
SRS4,11/10/2017,0.3,34.987,0.69
SRS4,11/13/2017,0.3,37.702,0.55
SRS4,11/16/2017,0.4,36.605,0.65
SRS4,11/19/2017,0.3,33.788,0.46
SRS4,11/22/2017,0.3,33.5,0.51
SRS4,11/25/2017,0.3,34.707,0.42
SRS4,11/28/2017,0.3,35.591,0.64
SRS4,12/1/2017,0.5,39.281,0.71
SRS4,12/4/2017,0.4,38.774,0.51
SRS4,12/6/2017,0.3,37.655,0.69
SRS4,12/10/2017,0.3,56.825,0.5
SRS4,12/13/2017,0.5,63.452,0.68
SRS4,12/16/2017,0.5,59.952,0.66
SRS4,12/19/2017,0.6,66.121,0.71
SRS4,12/22/2017,0.5,60.349,0.79
SRS4,12/25/2017,0.6,79.053,1.11
SRS4,12/28/2017,0.7,61.722,0.64
SRS4,12/31/2017,0.8,62.103,0.54
SRS4,1/3/2018,0.9,62.264,0.51
SRS4,1/6/2018,0.9,64.712,0.73
SRS4,1/9/2018,1.1,60.861,0.52
SRS4,1/11/2018,1.1,64.461,0.52
SRS4,1/14/2018,1,64.755,0.64
SRS4,1/17/2018,1.3,65.672,0.59
SRS4,1/20/2018,1.3,67.089,0.5
SRS4,1/23/2018,1.3,69.269,0.41
SRS4,1/26/2018,1.3,61.67,0.29
SRS4,1/29/2018,1.6,66.175,0.35
SRS4,2/1/2018,1.6,62.138,0.35
SRS4,2/4/2018,1.5,60.652,0.33
SRS4,2/6/2018,1.7,60.455,0.53
SRS4,2/10/2018,1.7,63.754,0.39
SRS4,2/13/2018,1.6,70.939,0.8
SRS4,2/16/2018,1.6,67.934,0.65
SRS4,2/19/2018,1.5,71.141,0.53
SRS4,2/22/2018,1.5,69.619,0.67
SRS4,2/25/2018,1.6,76.993,0.95
SRS4,2/28/2018,1.6,75.498,0.74
SRS4,3/3/2018,1.8,68.154,0.88
SRS4,3/6/2018,2.7,64.074,0.46
SRS4,3/9/2018,3.7,68.344,0.66
SRS4,3/12/2018,4.6,61.61,0.73
SRS4,3/13/2018,2.2,66.009,1.27
SRS4,3/16/2018,2.1,62.354,1.47
SRS4,3/19/2018,4.1,70.198,1.77
SRS4,3/22/2018,5.9,67.671,1.8
SRS4,3/25/2018,5.2,65.484,1.63
SRS4,3/28/2018,4.7,64.017,1.48
SRS4,3/31/2018,5.4,63.523,1.77
SRS4,4/3/2018,9.7,63.952,2.14
SRS4,4/6/2018,10,58.921,2.05
SRS4,4/9/2018,9.2,57.872,2.14
SRS4,4/11/2018,9,62.545,2.85
SRS4,4/14/2018,7.9,67.157,0.64
SRS4,4/17/2018,7.7,62.974,0.77
SRS4,4/20/2018,8.2,60.544,0.76
SRS4,4/23/2018,8.3,57.22,0.56
SRS4,4/26/2018,8.2,59.703,0.65
SRS4,4/29/2018,9,55.386,0.82
SRS4,5/1/2018,10.3,54.819,1.2
SRS4,5/4/2018,9.3,66.447,1.07
SRS4,5/7/2018,8.9,71.75,1.03
SRS4,5/10/2018,11.5,66.782,0.96
SRS4,5/13/2018,10.4,68.182,1.05
SRS4,5/16/2018,14.2,67.67,1.33
SRS4,5/19/2018,18.9,54.229,1.41
SRS4,5/22/2018,16.3,52.539,1.29
SRS4,5/25/2018,10.7,51.85,0.85
SRS4,5/28/2018,7.9,50.957,0.66
SRS4,5/31/2018,6.4,43.679,0.73
SRS4,6/3/2018,3.4,47.122,0.75
SRS4,6/5/2018,2.3,46.826,1.03
SRS4,6/8/2018,1.7,53.312,0.77
SRS4,6/11/2018,1.6,46.253,0.8
SRS4,6/14/2018,1.2,51.178,0.82
SRS4,6/17/2018,1,43.045,0.71
SRS4,6/20/2018,0.9,42.43,0.7
SRS4,6/23/2018,0.7,41.573,0.82
SRS4,6/26/2018,0.8,41.483,0.82
SRS4,6/29/2018,0.8,40.048,1.16
SRS4,7/2/2018,0.7,38.089,1.31
SRS4,7/3/2018,0.3,43.984,1.25
SRS4,7/6/2018,0.7,67.979,0.82
SRS4,7/9/2018,0.6,66.523,0.79
SRS4,7/12/2018,0.5,58.681,0.71
SRS4,7/15/2018,0.5,56.979,0.54
SRS4,7/18/2018,0.4,58.733,0.56
SRS4,7/21/2018,0.4,61.526,1.41
SRS4,7/24/2018,0.4,58.571,0.47
SRS4,7/27/2018,0.5,55.076,0.42
SRS4,7/30/2018,0.5,54.634,0.37
SRS4,8/2/2018,0.5,56.025,0.35
SRS4,8/5/2018,0.5,55.581,0.41
SRS4,8/7/2018,0.7,66.687,0.48
SRS4,8/11/2018,0.8,194.394,2.89
SRS4,8/14/2018,0.8,155.307,2.56
SRS4,8/17/2018,0.9,131.867,1.11
SRS4,8/20/2018,1,224.714,1.04
SRS4,8/23/2018,1,130.684,0.98
SRS4,8/26/2018,0.8,120.584,1.02
SRS4,8/29/2018,0.7,119.604,0.97
SRS4,9/1/2018,0.7,92.422,0.74
SRS4,9/4/2018,0.7,79.694,0.72
SRS4,9/7/2018,0.6,72.254,0.87
SRS4,9/9/2018,0.6,79.797,1.26
SRS4,9/13/2018,2,-9999,-9999
SRS4,9/16/2018,0.7,52.852,0.64
SRS4,9/19/2018,0.3,55.921,0.5
SRS4,9/22/2018,0.3,60.112,0.45
SRS4,9/25/2018,0.3,57.395,0.35
SRS4,9/28/2018,0.3,59.291,0.41
SRS4,10/1/2018,0.4,53.635,0.28
SRS4,10/4/2018,0.5,57.404,0.42
SRS4,10/7/2018,0.5,59.993,0.35
SRS4,10/10/2018,0.4,55.028,0.37
SRS4,10/11/2018,0.5,96.186,2.46
SRS4,10/14/2018,0.7,23.852,0.37
SRS4,10/17/2018,0.5,24.783,0.45
SRS4,10/20/2018,0.6,31.385,0.61
SRS4,10/23/2018,0.5,25.886,0.31
SRS4,10/26/2018,1.5,25.63,0.29
SRS4,10/29/2018,1.5,26.208,0.27
SRS4,11/1/2018,1.2,26.369,0.32
SRS4,11/4/2018,1.5,27.789,0.35
SRS4,11/5/2018,1.1,28.278,0.37
SRS4,11/8/2018,0.9,58.224,0.74
SRS4,11/11/2018,0.8,57.101,0.84
SRS4,11/14/2018,0.8,58.185,0.81
SRS4,11/17/2018,0.8,56.47,0.53
SRS4,11/20/2018,0.9,61.449,0.64
SRS4,11/23/2018,0.9,60.736,0.56
SRS4,11/26/2018,1.8,57.156,0.6
SRS4,11/29/2018,4.9,57.71,0.57
SRS4,12/2/2018,3.6,55.308,0.53
SRS4,12/4/2018,3.8,66.503,0.7
SRS4,12/7/2018,3.3,62.74,3.04
SRS4,12/10/2018,2.5,61.734,1.03
SRS4,12/13/2018,2.2,59.889,0.74
SRS4,12/16/2018,1.9,74.756,0.53
SRS4,12/19/2018,1.7,60.57,0.67
SRS4,12/22/2018,6.7,62.447,1.08
SRS4,12/25/2018,10,41.409,0.62
SRS4,12/28/2018,6.4,41.837,0.47
SRS4,12/31/2018,4.9,46.461,0.55
SRS4,1/3/2019,3.8,54.601,0.58
SRS4,1/6/2019,3.1,53.615,0.6
SRS4,1/9/2019,2.9,54.881,0.6
SRS4,1/12/2019,2.8,53.187,0.73
SRS4,1/14/2019,2.8,91.156,0.84
SRS4,1/17/2019,2.7,72.871,0.46
SRS4,1/20/2019,3.2,77.304,0.55
SRS4,1/23/2019,7.4,74.813,0.58
SRS4,1/26/2019,7.2,66.197,0.46
SRS4,1/29/2019,4.8,69.959,0.46
SRS4,2/1/2019,4,70.492,0.34
SRS4,2/4/2019,3.7,73.911,0.42
SRS4,2/7/2019,4,70.517,0.51
SRS4,2/10/2019,4.3,66.903,0.66
SRS4,2/13/2019,4,-9999,-9999
SRS4,2/14/2019,2.3,197.364,2.08
SRS4,2/17/2019,3.3,66.464,0.56
SRS4,2/20/2019,5.2,59.207,0.79
SRS4,2/23/2019,5.5,60.328,0.7
SRS4,2/26/2019,5.4,58.048,0.51
SRS4,3/1/2019,4.7,57.261,0.56
SRS4,3/4/2019,4.8,54.54,0.59
SRS4,3/7/2019,5.4,53.214,0.69
SRS4,3/10/2019,6.1,51.803,0.82
SRS4,3/11/2019,8.1,56.457,1.66
SRS4,3/14/2019,9,60.445,0.63
SRS4,3/17/2019,9.3,69.637,0.73
SRS4,3/20/2019,10.7,62.627,0.68
SRS4,3/23/2019,11.5,77.152,1.01
SRS4,3/26/2019,15.9,55.567,0.74
SRS4,3/29/2019,14.4,58.782,0.72
SRS4,4/1/2019,13.6,59.473,0.58
SRS4,4/4/2019,16.2,55.666,0.77
SRS4,4/7/2019,16,54.197,0.66
SRS4,4/10/2019,15.7,53.559,0.73
SRS4,4/11/2019,14.8,155.193,2.31
SRS4,4/14/2019,16.8,60.966,0.97
SRS4,4/17/2019,15.2,63.486,0.85
SRS4,4/20/2019,13.8,69.083,1.06
SRS4,4/23/2019,15.3,62.577,0.82
SRS4,4/26/2019,14.2,63.194,0.85
SRS4,4/29/2019,14.2,63.603,1.01
SRS4,5/2/2019,13.6,68.77,1.24
SRS4,5/5/2019,13.9,67.579,1.02
SRS4,5/8/2019,16.7,60.372,1.07
SRS4,5/11/2019,16.2,55.772,0.82
SRS4,5/13/2019,15.4,66.194,1.07
SRS4,5/17/2019,17.2,67.857,0.92
SRS4,5/20/2019,16.4,67.857,0.95
SRS4,5/23/2019,15.7,64.286,0.97
SRS4,5/26/2019,14.1,65,0.85
SRS4,5/29/2019,13.2,61.429,0.66
SRS4,6/1/2019,14.8,62.857,1
SRS4,6/3/2019,16.3,125.714,1.34
SRS4,6/6/2019,22,89.524,2.13
SRS4,6/9/2019,22.3,91.905,1.9
SRS4,6/12/2019,19.5,91.667,1.64
SRS4,6/15/2019,14.8,72.857,1.42
SRS4,6/18/2019,10,57.857,0.62
SRS4,6/21/2019,6.1,57.381,0.55
SRS4,6/24/2019,3.9,56.429,0.53
SRS4,6/27/2019,2.7,61.19,0.75
SRS4,6/30/2019,2.6,66.19,0.9
SRS4,7/3/2019,2,75.952,0.54
SRS4,7/6/2019,3.2,61.667,0.65
SRS4,7/9/2019,2.7,59.048,0.73
SRS4,7/12/2019,2,55.952,0.66
SRS4,7/15/2019,1.8,61.19,0.91
SRS4,7/16/2019,1.6,83.333,1.4
SRS4,7/19/2019,1.8,45,0.51
SRS4,7/22/2019,1.8,54.286,0.93
SRS4,7/25/2019,1.6,48.571,0.61
SRS4,7/28/2019,1.8,50,1.37
SRS4,7/31/2019,1.9,45.714,0.57
SRS4,8/3/2019,2.4,47.857,0.81
SRS4,8/5/2019,5.6,55,1.24
SRS4,8/8/2019,4.4,54.286,1.15
SRS4,8/11/2019,2.4,55,1.25
SRS4,8/14/2019,1.5,65,1.15
SRS4,8/17/2019,1.2,53.571,1.03
SRS4,8/20/2019,1,50,1.02
SRS4,8/23/2019,0.8,50,0.69
SRS4,8/26/2019,0.6,52.857,0.81
SRS4,8/29/2019,0.6,52.857,0.66
SRS4,9/1/2019,0.6,57.857,0.74
SRS4,9/4/2019,0.8,55,0.66
SRS4,9/7/2019,0.9,57.143,0.8
SRS4,9/10/2019,0.8,61.429,0.93
SRS4,9/12/2019,0.7,71.429,1.22
SRS4,9/15/2019,0.8,72.857,1.2
SRS4,9/18/2019,0.7,75.476,1.21
SRS4,9/21/2019,0.8,82.857,1.4
SRS4,9/24/2019,1.5,70.476,0.93
SRS4,9/27/2019,6.4,57.619,0.88
SRS4,9/30/2019,10,52.143,0.83
SRS4,10/1/2019,4.5,89.643,1.64
SRS4,10/4/2019,7.8,59.048,1.05
SRS4,10/7/2019,8.3,61.429,1.18
SRS4,10/10/2019,9.2,65,1.54
SRS4,10/13/2019,7.1,65.714,1.29
SRS4,10/16/2019,7.2,65,1.34
SRS4,10/19/2019,11.8,61.429,1.79
SRS4,10/22/2019,8.7,55.238,1.2
SRS4,10/25/2019,4.7,56.19,0.97
SRS4,10/28/2019,3.7,57.143,0.9
SRS4,10/31/2019,3.8,57.857,0.75
SRS4,11/3/2019,2.9,55.476,0.66
SRS4,11/6/2019,1.7,58.095,0.6
SRS4,11/9/2019,1.4,61.905,0.83
SRS4,11/11/2019,1.2,69.524,0.86
SRS4,11/15/2019,7.4,39.148,0.77
SRS4,11/18/2019,7.4,50.864,0.52
SRS4,11/21/2019,8.4,46.807,0.58
SRS4,11/24/2019,7.1,90.258,0.5
SRS4,11/27/2019,8.7,56.258,0.71
SRS4,11/30/2019,6.8,38.013,0.45
SRS4,12/3/2019,4.7,41.355,0.54
SRS4,12/6/2019,3.2,42.49,0.53
SRS4,12/9/2019,2.7,47.729,0.75
SRS4,12/11/2019,2.8,33.195,1.05
SRS4,12/15/2019,2.5,72.381,0.61
SRS4,12/18/2019,3.3,63.81,0.9
SRS4,12/21/2019,3.4,72.619,1.02
SRS4,12/24/2019,3.2,64.286,0.83
SRS4,12/27/2019,5.8,60.714,0.84
SRS4,12/30/2019,4.8,55.952,0.7
SRS4,1/2/2020,3.1,56.429,0.84
SRS4,1/5/2020,2.6,63.095,1.02
SRS4,1/8/2020,2.4,73.333,1.02
SRS4,1/9/2020,2.3,120.714,1.64
SRS4,1/12/2020,2.8,97.857,1.55
SRS4,1/15/2020,3.5,98.095,1.72
SRS4,1/18/2020,3.4,83.095,0.71
SRS4,1/21/2020,3.3,79.524,0.74
SRS4,1/24/2020,3.5,67.857,0.44
SRS4,1/27/2020,5.4,66.905,0.75
SRS4,1/30/2020,6.5,70.714,0.64
SRS4,2/2/2020,6.4,60.476,0.41
SRS4,2/5/2020,4.8,61.429,0.4
SRS4,2/8/2020,4.6,65.714,0.7
SRS4,2/11/2020,4.2,71.667,0.99
SRS4,2/12/2020,4.3,182.143,3.04
SRS4,3/14/2020,10.8,86.429,1.57
SRS4,3/17/2020,11.9,69.286,0.74
SRS4,3/20/2020,11.1,67.143,0.61
SRS4,3/23/2020,10.5,81.905,1.23
SRS4,3/26/2020,11.4,70.238,0.67
SRS4,3/29/2020,15.8,66.429,1.33
SRS4,4/1/2020,16.1,69.048,1.06
SRS4,4/4/2020,18.9,71.905,1.23
SRS4,4/7/2020,22,76.667,1.5
SRS4,4/10/2020,24.5,57.5,1.06
SRS4,4/13/2020,29.1,51.429,1.21
SRS4,4/16/2020,27.1,57.619,1.08
SRS4,4/19/2020,23.9,76.429,1.17
SRS4,4/22/2020,23,75.238,0.98
SRS4,4/25/2020,24.7,63.81,1.27
SRS4,4/28/2020,23,61.905,1.14
SRS4,5/1/2020,20.4,79.762,1.44
SRS4,5/4/2020,19.5,72.619,1.44
SRS4,5/7/2020,19.6,66.905,1.25
SRS4,5/10/2020,21.2,61.667,1.11
SRS4,5/13/2020,20.7,58.929,1.04
SRS4,5/16/2020,18.1,63.571,0.98
SRS4,5/19/2020,18.2,71.786,0.9
SRS4,5/21/2020,19.4,81.786,1.6
SRS4,5/24/2020,20,70.952,1.86
SRS4,5/27/2020,16.8,67.381,1.28
SRS4,5/30/2020,15.9,66.905,1.21
SRS4,6/2/2020,13.7,68.333,1.26
SRS4,6/5/2020,13,75,1.71
SRS4,6/8/2020,13.7,66.667,1.72
SRS4,6/9/2020,14.4,121.071,3.63
SRS4,6/12/2020,14.5,71.905,2.28
SRS4,6/15/2020,12.5,73.333,1.45
SRS4,6/18/2020,10.7,58.81,1.01
SRS4,6/21/2020,9.9,65.238,1.33
SRS4,6/24/2020,9.4,70.476,0.65
SRS4,6/27/2020,8.8,68.333,1.06
SRS4,6/30/2020,7.3,77.143,1.46
SRS4,7/2/2020,6.9,80,1.81
SRS4,7/5/2020,7.3,65.921,1.66
SRS4,7/8/2020,7.7,73.072,1.65
SRS4,7/11/2020,4.9,62.667,1.34
SRS4,7/14/2020,3.3,60.561,1.72
SRS4,7/17/2020,2.9,55.045,0.95
SRS4,7/20/2020,2.6,58.104,1.18
SRS4,7/23/2020,2.3,53.455,1.14
SRS4,7/26/2020,1.5,38.206,0.94
SRS4,7/29/2020,1.2,40.463,1.12
SRS4,8/1/2020,1.6,39.585,1.05
SRS4,8/3/2020,1.8,33.512,1.36
SRS4,8/7/2020,2.8,63.219,2.07
SRS4,8/10/2020,1.4,51.364,1.33
SRS4,8/13/2020,0.9,56.585,1.98
SRS4,8/16/2020,0.8,58.01,1.67
SRS4,8/19/2020,0.7,55.405,1.78
SRS4,8/22/2020,0.7,67.1,2.93
SRS4,8/25/2020,0.8,44.152,2.44
SRS4,8/28/2020,0.7,75,1.86
SRS4,8/31/2020,0.6,78.81,1.97
SRS4,9/3/2020,0.7,75.238,1.72
SRS4,9/6/2020,0.7,72.381,2.42
SRS4,9/9/2020,0.7,93.81,1.47
SRS4,9/12/2020,0.6,66.19,1.18
SRS4,9/14/2020,0.4,53.095,0.97
SRS4,9/18/2020,0.3,38.432,0.97
SRS4,9/21/2020,0.2,52.392,0.88
SRS4,9/23/2020,0.3,35.906,1.11
SRS4,10/4/2020,0.2,39.523,1.16
SRS4,10/7/2020,0.3,44.018,1.42
SRS4,10/10/2020,0.3,41.215,1.16
SRS4,10/13/2020,0.3,43.656,0.95
SRS4,10/16/2020,0.3,43.391,1.11
SRS4,10/19/2020,0.5,41.693,0.95
SRS4,10/22/2020,0.4,40.208,0.91
SRS4,10/25/2020,0.3,35.723,0.87
SRS4,10/28/2020,0.3,32.811,0.84
SRS4,10/31/2020,0.3,42.383,1.24
SRS4,11/3/2020,0.3,37.737,1.06
SRS4,11/6/2020,0.5,31.899,0.99
SRS4,11/9/2020,0.5,34.838,0.94
SRS4,11/12/2020,0.3,23.231,0.57
SRS4,11/15/2020,0.2,19.658,0.58
SRS4,11/18/2020,0.2,24.872,0.62
SRS4,11/21/2020,0.4,24.163,0.69
SRS4,11/23/2020,0.3,25.17,0.77
SRS4,11/26/2020,0.3,54.524,0.7
SRS4,11/29/2020,0.3,55.238,1.24
SRS4,12/2/2020,0.3,53.095,0.69
SRS4,12/5/2020,0.5,53.571,0.8
SRS4,12/8/2020,0.4,58.81,0.67
SRS4,12/10/2020,0.5,85.476,1.53
SRS4,12/13/2020,0.6,60.952,0.86
SRS4,12/16/2020,0.5,54.524,0.79
SRS4,12/19/2020,0.5,55.952,0.86
SRS4,12/22/2020,0.6,66.429,1.24
SRS4,12/25/2020,0.8,60.238,0.9
SRS4,12/28/2020,0.8,59.524,0.81
SRS4,12/31/2020,1,62.143,0.79
SRS4,1/3/2021,1.1,66.429,0.68
SRS4,1/6/2021,0.8,64.048,0.7
SRS4,1/9/2021,0.8,65.714,0.65
SRS4,1/12/2021,0.7,69.048,0.78
SRS4,1/13/2021,0.8,85.476,1.09
SRS4,1/16/2021,0.7,61.19,0.95
SRS4,1/19/2021,0.8,70,1.05
SRS4,1/22/2021,0.8,71.19,0.93
SRS4,1/25/2021,1,67.381,0.7
SRS4,1/28/2021,1,65.952,0.8
SRS4,1/31/2021,1.3,74.048,1.12
SRS4,2/2/2021,1.6,155.714,2.06
SRS4,2/6/2021,1.7,103.571,1.76
SRS4,2/9/2021,1.3,91.429,1.52
SRS4,2/12/2021,1.1,102.381,1.35
SRS4,2/15/2021,1,89.048,1.09
SRS4,2/18/2021,1.1,81.429,1.07
SRS4,2/21/2021,1.2,86.667,0.94
SRS4,2/24/2021,1.8,86.429,0.91
SRS4,2/27/2021,1.7,78.333,0.77
SRS4,3/2/2021,1.7,79.524,0.87
SRS4,3/5/2021,1.6,80.238,0.9
SRS4,3/8/2021,1.8,78.333,0.82
SRS4,3/10/2021,2.4,92.619,1.09
SRS4,3/14/2021,2.3,80.238,0.59
SRS4,3/17/2021,3.8,75.714,0.49
SRS4,3/20/2021,4.3,76.667,0.54
SRS4,3/23/2021,3.2,79.524,0.77
SRS4,3/26/2021,3.4,80,0.75
SRS4,3/29/2021,3.5,76.429,0.47
SRS4,4/1/2021,4,75,0.6
SRS4,4/4/2021,3.6,80.476,0.69
SRS4,4/7/2021,3.7,81.667,0.74
SRS4,4/10/2021,3.9,83.571,0.74
SRS4,4/13/2021,6.1,75.714,0.63
SRS4,4/16/2021,6.8,72.857,0.64
SRS4,4/18/2021,7.6,74.524,0.79
SRS4,4/22/2021,8.8,61.429,0.78
SRS4,4/25/2021,7.3,66.429,0.74
SRS4,4/28/2021,9.1,64.286,0.63
SRS4,5/1/2021,8.5,67.143,0.71
SRS4,5/4/2021,7.8,68.333,0.69
SRS4,5/7/2021,7.1,68.095,0.66
SRS4,5/10/2021,6,75.238,0.67
SRS4,5/13/2021,5.7,73.333,0.79
SRS4,5/16/2021,5.8,71.667,0.8
SRS4,5/18/2021,5.8,74.286,1.31
SRS4,5/21/2021,6.3,283.095,6.29
SRS4,5/24/2021,6.5,81.19,0.74
SRS4,5/27/2021,12,71.429,0.71
SRS4,5/30/2021,16.5,66.429,0.52
SRS4,6/2/2021,18.9,62.381,0.62
SRS4,6/5/2021,16.4,64.286,0.54
SRS4,6/7/2021,15.6,67.857,0.68
SRS4,6/11/2021,14.3,104.524,1.43
SRS4,6/14/2021,16.5,88.571,1.23
SRS4,6/17/2021,21.4,66.19,0.68
SRS4,6/20/2021,17.3,67.857,0.76
SRS4,6/23/2021,14.5,81.19,0.68
SRS4,6/26/2021,12.5,80.952,0.71
SRS4,6/29/2021,11.2,99.286,0.62
SRS4,7/2/2021,9.4,105.952,0.64
SRS4,7/5/2021,7.5,99.048,0.7
SRS4,7/8/2021,7.1,96.667,0.76
SRS4,7/11/2021,7.1,89.524,0.8
SRS4,7/14/2021,7.3,90.476,0.96
SRS4,7/15/2021,3,69.762,0.72
SRS4,7/18/2021,3.1,57.143,0.82
SRS4,7/21/2021,3.3,55.476,0.83
SRS4,7/24/2021,4.5,56.19,0.68
SRS4,7/27/2021,6.9,54.048,0.61
SRS4,7/30/2021,7.3,53.571,0.66
SRS4,8/2/2021,6,56.667,0.93
SRS4,8/4/2021,4.9,75.357,1.1
SRS4,8/7/2021,4.4,53.571,0.54
SRS4,8/10/2021,3.8,56.19,0.83
SRS4,8/13/2021,3.5,58.81,0.88
SRS4,8/16/2021,2.9,56.429,0.78
SRS4,8/19/2021,2.3,51.429,0.83
SRS4,8/22/2021,1.9,52.381,0.83
SRS4,8/25/2021,4.5,50.476,0.66
SRS4,8/28/2021,3.5,54.762,0.74
SRS4,8/31/2021,2.5,52.619,0.72
SRS4,9/3/2021,1.9,53.333,0.69
SRS4,9/6/2021,1.5,52.857,0.67
SRS4,9/9/2021,1.8,54.762,0.6
SRS4,9/12/2021,4.6,51.905,0.61
SRS4,9/15/2021,2.9,50.238,0.65
SRS4,9/18/2021,2.2,50.238,0.76
SRS4,9/20/2021,1.9,49.524,0.79
SRS4,9/24/2021,1.9,225.238,13.31
SRS4,9/27/2021,1.8,52.143,0.65
SRS4,9/30/2021,1,53.81,0.73
SRS4,10/3/2021,0.8,55.476,0.95
SRS4,10/5/2021,0.7,109.286,1.37
SRS4,10/9/2021,2.4,63.095,0.99
SRS4,10/12/2021,2,64.286,1.04
SRS4,10/15/2021,1.2,65,1.04
SRS4,10/18/2021,0.8,64.286,1.93
SRS4,10/21/2021,0.7,52.857,1.26
SRS4,10/24/2021,0.6,60,1.3
SRS4,10/27/2021,1.2,63.095,1.13
SRS4,10/30/2021,2.3,55.714,0.72
SRS4,11/2/2021,5.5,54.048,0.89
SRS4,11/5/2021,3.3,56.429,0.99
SRS4,11/7/2021,2.4,69.762,0.99
SRS4,11/11/2021,1.2,64.286,0.57
SRS4,11/14/2021,1.6,83.095,0.92
SRS4,11/17/2021,1,57.619,0.65
SRS4,11/20/2021,0.8,58.095,0.57
SRS4,11/23/2021,0.6,62.381,0.78
SRS4,11/26/2021,0.7,65.238,0.74
SRS4,11/29/2021,0.7,70.476,0.88
SRS4,12/2/2021,0.6,73.809,0.76
SRS4,12/5/2021,0.7,79.524,0.91
SRS4,12/6/2021,0.7,124.286,2
SRS4,12/9/2021,0.7,73.81,1.03
SRS4,12/12/2021,0.8,73.095,1.02
SRS4,12/15/2021,0.9,74.524,1.04
SRS4,12/18/2021,1,70,0.98
SRS4,12/21/2021,1,74.524,1.04
SRS4,12/24/2021,1.7,73.333,1.03
SRS4,12/27/2021,2.1,74.286,1.04
SRS4,12/30/2021,1.9,76.667,1.07
SRS4,1/2/2022,1.7,74.048,1.04
SRS4,1/5/2022,2.2,72.619,1.02
SRS4,1/8/2022,2.2,71.429,1
SRS4,1/10/2022,1.8,142.857,2
SRS4,1/13/2022,1.7,84.762,1.04
SRS4,1/16/2022,1.8,82.619,1.03
SRS4,1/19/2022,7.7,64.762,1.15
SRS4,1/22/2022,5.9,65.952,0.82
SRS4,1/25/2022,3.8,65.952,0.93
SRS4,1/28/2022,2.8,69.524,0.99
SRS4,1/31/2022,2.6,66.905,1.43
SRS4,2/3/2022,2.3,67.619,1.13
SRS4,2/6/2022,3.1,68.81,1.35
SRS4,2/7/2022,2.3,72.381,1.67
SRS4,2/10/2022,2.5,59.762,0.63
SRS4,2/13/2022,2,60.238,0.69
SRS4,2/16/2022,1.8,54.524,0.68
SRS4,2/19/2022,1.8,52.619,0.76
SRS4,2/22/2022,2.3,54.048,0.66
SRS4,2/25/2022,2.1,55.714,0.74
SRS4,2/28/2022,2,57.857,0.53
SRS4,3/3/2022,1.8,58.095,0.83
SRS4,3/6/2022,2.6,60.714,0.94
SRS4,3/7/2022,2.5,109.643,2.1
SRS4,3/10/2022,2.5,66.191,0.86
SRS4,3/13/2022,2.8,65.714,0.66
SRS4,3/16/2022,3.1,70,0.76
SRS4,3/19/2022,4.4,69.048,0.89
SRS4,3/22/2022,6.2,66.666,0.79
SRS4,3/25/2022,5.6,66.905,0.69
SRS4,3/28/2022,2.8,60.952,0.73
SRS4,3/31/2022,3.6,63.809,0.75
SRS4,4/3/2022,3.7,62.143,0.77
SRS4,4/6/2022,4.2,62.5,0.94
SRS4,4/7/2022,4,134.286,2.08
SRS4,4/10/2022,3,60.53,0.69
SRS4,4/13/2022,2.7,62.752,0.82
SRS4,4/16/2022,2.6,51.45,0.79
SRS4,4/19/2022,3,49.166,0.8
SRS4,4/22/2022,3.1,46.814,0.78
SRS4,4/25/2022,2.7,51.797,0.85
SRS4,4/28/2022,2.7,56.263,2.05
SRS4,5/1/2022,6.1,44.12,0.67
SRS4,5/4/2022,7.2,45.384,0.77
SRS4,5/7/2022,6.2,43.898,0.85
SRS4,5/9/2022,6.1,42.865,1.14
SRS4,5/12/2022,8.1,50.714,0.87
SRS4,5/15/2022,12.2,44.286,1.15
SRS4,5/18/2022,18.7,40,0.83
SRS4,5/21/2022,19.4,33.571,0.71
SRS4,5/24/2022,15.5,42.143,0.67
SRS4,5/27/2022,11.9,40.714,0.96
SRS4,5/30/2022,11.6,46.429,0.95
SRS4,6/2/2022,10,42.857,0.89
SRS4,6/5/2022,7.6,37.857,1
SRS4,6/6/2022,5.6,37.143,1.96
SRS4,6/9/2022,3.2,33.328,0.63
SRS4,6/12/2022,1.7,25.044,0.4
SRS4,6/15/2022,1.1,32.339,0.61
SRS4,6/18/2022,0.8,32.974,0.82
SRS4,6/21/2022,0.6,33.449,0.71
SRS4,6/24/2022,0.6,36.032,0.63
SRS4,6/27/2022,0.6,34.146,1.04
SRS4,6/30/2022,0.6,28.612,0.86
SRS4,7/3/2022,0.7,27.949,0.91
SRS4,7/6/2022,0.7,26.809,0.85
SRS4,7/9/2022,0.8,23.746,0.83
SRS4,7/11/2022,0.8,25.841,1.1
SRS4,7/14/2022,0.9,35.714,0.68
SRS4,7/17/2022,1,30,0.39
SRS4,7/20/2022,1.1,28.571,0.57
SRS4,7/23/2022,1.2,33.571,0.62
SRS4,7/26/2022,1.2,29.286,0.49
SRS4,7/29/2022,1.3,29.286,0.5
SRS4,8/1/2022,1.3,30.714,0.51
SRS4,8/4/2022,1.8,31.429,0.49
SRS4,8/7/2022,2.5,32.857,0.52
SRS4,8/9/2022,2,28.571,0.64
SRS4,8/13/2022,19.1,37.191,0.45
SRS4,8/16/2022,25,38.592,0.58
SRS4,8/19/2022,23.7,36.488,0.68
SRS4,8/22/2022,13.1,31.755,0.48
SRS4,8/25/2022,16.7,28.742,0.39
SRS4,8/28/2022,18.3,27.583,0.37
SRS4,8/31/2022,20.4,26.258,0.4
SRS4,9/3/2022,14.9,26.033,0.44
SRS4,9/6/2022,11,26.279,0.48
SRS4,9/7/2022,8,28.237,0.95
SRS4,9/10/2022,0.6,23.483,0.87
SRS4,9/13/2022,1.9,23.06,0.7
SRS4,9/16/2022,1.6,21.479,0.78
SRS4,9/19/2022,0.6,16.891,0.77
SRS4,9/22/2022,0.4,27.752,0.77
SRS4,9/25/2022,0.4,22.594,0.63
SRS4,9/28/2022,0.3,21.615,0.52
SRS4,10/1/2022,12.3,21.045,0.62
SRS4,10/3/2022,2,20.862,0.51
SRS4,10/7/2022,0.9,36.751,0.53
SRS4,10/10/2022,0.7,37.777,0.54
SRS4,10/13/2022,0.6,40.508,0.57
SRS4,10/16/2022,0.5,37.03,1.03
SRS4,10/19/2022,0.4,37.643,0.48
SRS4,10/22/2022,0.4,38.919,0.4
SRS4,10/25/2022,0.4,35.227,0.46
SRS4,10/28/2022,1,34.316,0.4
SRS4,10/31/2022,1.5,35.742,0.47
SRS4,11/3/2022,0.8,38.807,0.56
SRS4,11/6/2022,0.6,36.38,0.53
SRS4,11/7/2022,0.5,50.573,1.48
SRS4,11/10/2022,0.5,47.243,0.94
SRS4,11/13/2022,8.5,41.518,1.11
SRS4,11/16/2022,4.6,41.525,0.5
SRS4,11/19/2022,1.8,42.664,0.54
SRS4,11/22/2022,1.4,46.939,0.68
SRS4,11/25/2022,1.9,45.063,0.63
SRS4,11/28/2022,3.5,42.401,0.58
SRS4,12/1/2022,2.9,43.211,0.68
SRS4,12/4/2022,1.2,41.642,0.68
SRS4,12/6/2022,0.9,45.901,1.11
SRS4,12/9/2022,1,54.569,0.57
SRS4,12/12/2022,0.9,56.096,0.53
SRS4,12/15/2022,0.9,58.859,0.58
SRS4,12/18/2022,1.9,52.357,0.5
SRS4,12/21/2022,1.6,52.187,0.44
SRS4,12/24/2022,1.4,55.689,0.5
SRS4,12/27/2022,1.4,52.569,0.43
SRS4,12/30/2022,1,52.078,0.44
SRS5,10/31/2000,15,26.88,0.31
SRS5,11/3/2000,5,36.593,0.14
SRS5,11/6/2000,7,27.321,0.19
SRS5,11/9/2000,10,21.385,0.42
SRS5,11/12/2000,17,27.729,0.67
SRS5,11/15/2000,20,26.349,0.54
SRS5,11/18/2000,11,36.513,0.24
SRS5,11/21/2000,10,35.111,0.37
SRS5,11/24/2000,6,39.572,0.32
SRS5,11/27/2000,16,29.359,0.72
SRS5,11/30/2000,16,30.737,0.62
SRS5,12/3/2000,14,41.942,0.57
SRS5,12/6/2000,10,39.935,0.31
SRS5,12/9/2000,19,36.775,0.65
SRS5,12/12/2000,21,33.767,0.98
SRS5,12/15/2000,20,35.235,0.75
SRS5,12/18/2000,9,34.652,0.12
SRS5,12/21/2000,9,36.328,0.13
SRS5,12/24/2000,8,36.112,0.14
SRS5,12/27/2000,9,38.668,0.14
SRS5,12/30/2000,20,20.858,0.52
SRS5,1/2/2001,11,34.874,0.12
SRS5,1/5/2001,11,39.182,0.13
SRS5,1/8/2001,17,23.274,0.42
SRS5,1/11/2001,19,25.27,0.49
SRS5,1/14/2001,19,27.181,0.38
SRS5,1/17/2001,16,34.488,0.43
SRS5,1/20/2001,17,32.829,0.39
SRS5,1/23/2001,14,30.496,0.21
SRS5,1/25/2001,14,34.702,0.23
SRS5,1/28/2001,14.5,27.291,-9999
SRS5,1/31/2001,17,27.397,0.35
SRS5,2/3/2001,14,26.451,-9999
SRS5,2/6/2001,13,26.223,-9999
SRS5,2/9/2001,16,23.33,0.31
SRS5,2/12/2001,18.5,20.055,0.4
SRS5,2/15/2001,18,22.219,0.41
SRS5,2/18/2001,17,24.011,0.54
SRS5,2/21/2001,17,26.24,0.43
SRS5,2/24/2001,21,24.718,0.44
SRS5,2/27/2001,22,19.322,0.56
SRS5,2/28/2001,23.5,27.029,-9999
SRS5,3/3/2001,21,26.998,0.12
SRS5,3/6/2001,22,-9999,-9999
SRS5,3/9/2001,21,36.331,0.24
SRS5,3/12/2001,22,68.409,-9999
SRS5,3/15/2001,21,19.938,0.11
SRS5,3/18/2001,19.5,-9999,-9999
SRS5,3/21/2001,21,15.786,0.3
SRS5,3/23/2001,21,23.694,0.54
SRS5,3/26/2001,28.2,42.585,0.23
SRS5,3/29/2001,28.7,55.944,0.57
SRS5,4/1/2001,28,50.892,0.55
SRS5,4/4/2001,23.5,45.138,0.17
SRS5,4/7/2001,27.3,53.383,0.3
SRS5,4/10/2001,28.7,35.505,0.39
SRS5,4/13/2001,31.5,52.194,0.37
SRS5,4/16/2001,30.6,53.201,0.51
SRS5,4/19/2001,28.9,54.538,0.43
SRS5,4/22/2001,28.5,68.932,0.47
SRS5,4/25/2001,29.6,48.064,0.39
SRS5,4/28/2001,32.1,44.466,0.48
SRS5,5/1/2001,28.5,53.38,0.44
SRS5,5/4/2001,29.3,44.063,0.43
SRS5,5/7/2001,27.4,41.134,0.4
SRS5,5/10/2001,28.8,26.728,0.84
SRS5,5/13/2001,30.9,25.412,0.51
SRS5,5/16/2001,29.8,21.446,0.49
SRS5,5/19/2001,28.3,22.719,0.37
SRS5,5/21/2001,30.7,22.908,0.44
SRS5,5/26/2001,32.3,35.136,0.71
SRS5,5/29/2001,31,41.964,0.5
SRS5,6/1/2001,27.7,39.288,0.59
SRS5,6/4/2001,27.7,37.975,0.61
SRS5,6/7/2001,26,40.071,0.68
SRS5,6/10/2001,27.2,33.97,0.67
SRS5,6/13/2001,29,33.333,0.76
SRS5,6/16/2001,27.1,38.125,0.67
SRS5,6/19/2001,22.8,42.822,0.55
SRS5,6/22/2001,21.9,40.189,0.55
SRS5,6/25/2001,27,34.799,0.63
SRS5,6/26/2001,26.9,35.396,0.7
SRS5,6/29/2001,21,39.948,0.58
SRS5,7/2/2001,22.2,41.084,0.43
SRS5,7/28/2001,7.1,70.945,0.47
SRS5,7/31/2001,8,72.864,0.4
SRS5,8/3/2001,3.7,60.922,0.43
SRS5,8/6/2001,3.8,55.977,0.13
SRS5,8/9/2001,1.9,46.777,0.13
SRS5,8/12/2001,1.7,45.46,0.18
SRS5,8/15/2001,4.5,51.442,0.31
SRS5,8/18/2001,3.5,50.53,0.25
SRS5,9/13/2001,2.6,27.833,0.21
SRS5,9/16/2001,15.5,43.785,0.82
SRS5,9/19/2001,12.2,42.953,0.58
SRS5,9/22/2001,10.9,35.26,0.26
SRS5,9/25/2001,2.7,45.262,0.21
SRS5,9/28/2001,1.4,37.738,0.26
SRS5,10/1/2001,1.2,-9999,-9999
SRS5,10/4/2001,1.5,32.45,0.25
SRS5,10/6/2001,6.2,59.492,0.42
SRS5,10/9/2001,0.7,40.361,0.11
SRS5,10/12/2001,1.5,51.082,0.46
SRS5,10/15/2001,10.3,52.236,0.82
SRS5,10/18/2001,8.2,44.966,0.4
SRS5,10/21/2001,5.2,55.671,0.23
SRS5,10/24/2001,1.4,39.643,0.28
SRS5,10/27/2001,1.5,52.546,0.17
SRS5,10/30/2001,1.2,45.716,0.18
SRS5,10/31/2001,1.4,55.935,-9999
SRS5,11/3/2001,6.8,35.977,0.37
SRS5,11/6/2001,3.9,37.129,0.27
SRS5,11/9/2001,3.6,32.769,0.14
SRS5,11/12/2001,7.1,32.124,0.13
SRS5,11/15/2001,8.3,25.957,0.22
SRS5,11/18/2001,8.7,30.728,0.2
SRS5,11/21/2001,4.1,25.148,0.08
SRS5,11/24/2001,2.6,42.487,0.15
SRS5,11/27/2001,2.1,30.551,0.27
SRS5,11/28/2001,2.1,-9999,-9999
SRS5,12/1/2001,5.1,26.349,0.2
SRS5,12/4/2001,7.2,32.051,0.18
SRS5,12/7/2001,4.6,35.166,0.16
SRS5,12/10/2001,5.1,39.762,0.16
SRS5,12/13/2001,2.5,41.791,0.16
SRS5,12/16/2001,5.2,34.834,0.14
SRS5,12/17/2001,8.1,44.742,0.29
SRS5,12/21/2001,4.4,32.584,0.14
SRS5,12/24/2001,3.4,38.755,0.15
SRS5,12/27/2001,3.8,36.807,0.12
SRS5,12/30/2001,10.2,31.747,0.39
SRS5,1/2/2002,7,26.542,0.17
SRS5,1/5/2002,6.5,26.145,0.14
SRS5,1/8/2002,3.5,34.143,0.16
SRS5,1/11/2002,2.8,32.948,0.11
SRS5,1/14/2002,4.9,26.116,0.14
SRS5,1/17/2002,6.3,30.102,0.13
SRS5,1/20/2002,4.5,49.612,0.12
SRS5,1/23/2002,3.4,63.394,0.13
SRS5,1/24/2002,2.1,32.479,-9999
SRS5,1/27/2002,6.3,28.119,0.29
SRS5,1/30/2002,10.5,37.864,1.09
SRS5,2/2/2002,11.3,33.707,0.74
SRS5,2/5/2002,10.8,31.419,0.73
SRS5,2/8/2002,10.3,33.897,0.77
SRS5,2/11/2002,11,28.259,0.44
SRS5,2/14/2002,12,28.235,0.44
SRS5,2/17/2002,13.4,22.024,0.63
SRS5,2/20/2002,10.9,22.554,0.34
SRS5,2/23/2002,13.6,22.489,0.47
SRS5,2/26/2002,13.5,22.405,0.45
SRS5,3/2/2002,13.5,30.714,0.03
SRS5,3/5/2002,12.9,31.292,0.22
SRS5,3/8/2002,9,28.996,0.32
SRS5,3/11/2002,10.5,33.216,0.52
SRS5,3/14/2002,14.8,39.087,0.78
SRS5,3/17/2002,14.2,38.768,0.77
SRS5,3/20/2002,15.1,30.07,0.41
SRS5,3/23/2002,15,23.962,0.47
SRS5,3/26/2002,16.4,24.32,0.38
SRS5,3/29/2002,20.9,17.387,0.42
SRS5,4/1/2002,23.7,18.534,0.45
SRS5,4/2/2002,24,41.624,0.97
SRS5,4/6/2002,16.9,76.555,0.56
SRS5,4/9/2002,13.4,65.507,0.6
SRS5,4/12/2002,20.2,79.335,-9999
SRS5,4/15/2002,22.8,74.813,-9999
SRS5,4/18/2002,23.1,58.51,0.85
SRS5,4/21/2002,21.7,57.97,0.9
SRS5,4/24/2002,25,57.261,0.83
SRS5,4/27/2002,26.2,59.138,1.14
SRS5,4/30/2002,27.8,56.787,0.88
SRS5,5/3/2002,28.6,61.641,0.56
SRS5,5/6/2002,24.5,70.854,-9999
SRS5,5/9/2002,26.6,48.597,0.72
SRS5,5/12/2002,26.5,56.355,1.18
SRS5,5/13/2002,29.4,86.332,-9999
SRS5,5/16/2002,29,37.791,0.84
SRS5,5/19/2002,29.3,29.501,0.46
SRS5,5/22/2002,25.8,34.882,0.53
SRS5,5/25/2002,23.2,30.452,0.52
SRS5,5/28/2002,26.4,37.084,0.81
SRS5,5/31/2002,27.1,35.216,-9999
SRS5,6/3/2002,24.2,27.665,0.49
SRS5,6/6/2002,20.4,29.623,0.34
SRS5,6/9/2002,20.7,25.544,0.33
SRS5,6/12/2002,20.1,23.765,0.47
SRS5,6/15/2002,23.5,28.632,0.62
SRS5,6/18/2002,10.4,24.051,0.15
SRS5,6/21/2002,4,20.885,0.12
SRS5,6/24/2002,3,17.302,0.16
SRS5,6/27/2002,2.8,18.773,0.12
SRS5,6/30/2002,1.2,76.014,0.38
SRS5,7/3/2002,1.4,76.107,0.3
SRS5,7/6/2002,1.2,83.453,0.26
SRS5,7/9/2002,0.9,73.423,0.39
SRS5,7/12/2002,3.4,66.524,0.24
SRS5,7/15/2002,2.4,58.827,0.21
SRS5,7/18/2002,3.5,68.033,0.25
SRS5,7/21/2002,1.5,64.667,0.21
SRS5,7/24/2002,2.9,70.441,0.22
SRS5,7/25/2002,1.1,95.077,-9999
SRS5,7/28/2002,5.3,50.499,0.08
SRS5,7/31/2002,3.9,43.338,0.1
SRS5,8/3/2002,5.5,38.388,0.08
SRS5,8/6/2002,4.6,38.294,0.07
SRS5,8/9/2002,9.1,41.646,0.09
SRS5,8/12/2002,8.5,39.381,0.13
SRS5,8/15/2002,5.6,37.602,0.12
SRS5,8/18/2002,3.8,39.96,0.16
SRS5,8/19/2002,2.7,46.073,0.1
SRS5,8/22/2002,3.8,36.316,0.09
SRS5,8/25/2002,5.2,38.957,0.08
SRS5,8/28/2002,8.8,36.537,0.12
SRS5,8/31/2002,3.9,34.965,0.11
SRS5,9/3/2002,7.8,41.004,0.11
SRS5,9/6/2002,13.7,41.361,0.34
SRS5,9/9/2002,8.5,32.52,0.19
SRS5,9/12/2002,8.1,31.884,0.16
SRS5,9/15/2002,1.9,38.145,0.15
SRS5,9/18/2002,2.2,38.116,0.13
SRS5,9/21/2002,4.1,37.194,0.11
SRS5,9/24/2002,10.8,36.851,0.15
SRS5,9/26/2002,9.6,38.897,0.15
SRS5,9/29/2002,6.2,34.288,0.12
SRS5,10/2/2002,4.3,34.686,0.15
SRS5,10/5/2002,13.5,29.628,0.21
SRS5,10/8/2002,15.4,31.207,0.46
SRS5,10/11/2002,16.3,24.573,0.17
SRS5,10/14/2002,8,31.803,0.26
SRS5,10/17/2002,14.8,29.358,0.28
SRS5,10/20/2002,5.1,31.645,0.29
SRS5,10/21/2002,16.6,25.338,0.33
SRS5,10/24/2002,11.2,36.398,0.44
SRS5,10/27/2002,6.7,32.733,0.2
SRS5,10/30/2002,5.3,29.93,0.19
SRS5,11/2/2002,8.7,36.383,0.47
SRS5,11/5/2002,12.4,26.261,0.19
SRS5,11/8/2002,14.1,29.872,0.27
SRS5,11/11/2002,7.1,29.083,0.14
SRS5,11/14/2002,5.1,25.327,0.13
SRS5,11/17/2002,11.6,27.475,0.21
SRS5,11/20/2002,5.2,24.945,0.12
SRS5,11/21/2002,10.5,27.352,0.16
SRS5,11/24/2002,7.4,36.766,0.29
SRS5,11/27/2002,4.6,41.809,0.14
SRS5,11/30/2002,5,28.083,0.12
SRS5,12/3/2002,6.7,34.64,0.18
SRS5,12/6/2002,9.7,48.631,0.17
SRS5,12/9/2002,6.4,40.215,0.15
SRS5,12/12/2002,5.7,43.543,0.14
SRS5,12/15/2002,4.7,37.509,0.12
SRS5,12/17/2002,3.9,34.924,0.15
SRS5,1/26/2003,8.3,31.289,0.14
SRS5,1/29/2003,9.2,32.57,0.12
SRS5,2/1/2003,14.2,31.055,0.26
SRS5,2/4/2003,16.9,35.043,0.23
SRS5,2/21/2003,21.7,26.768,0.28
SRS5,2/24/2003,22.4,25.456,0.3
SRS5,2/27/2003,17.7,39.266,0.27
SRS5,3/2/2003,21.8,26.286,0.2
SRS5,3/5/2003,23.4,23.759,0.28
SRS5,3/8/2003,22.9,26.003,0.25
SRS5,3/11/2003,23.8,23.153,0.23
SRS5,3/14/2003,22.2,23.057,0.3
SRS5,3/17/2003,26.6,26.698,0.23
SRS5,3/20/2003,26.9,29.589,0.3
SRS5,3/23/2003,26.6,25.763,0.26
SRS5,3/26/2003,22.4,28.972,0.27
SRS5,3/27/2003,18.4,34.377,0.3
SRS5,3/30/2003,19.3,27.915,0.31
SRS5,4/2/2003,14.2,25.403,0.3
SRS5,4/5/2003,15.8,25.142,0.3
SRS5,4/8/2003,19.9,30.16,0.25
SRS5,4/11/2003,25.6,23.559,0.58
SRS5,4/14/2003,24.9,22.703,0.28
SRS5,4/17/2003,24.8,23.903,0.32
SRS5,4/20/2003,25.5,22.789,0.33
SRS5,4/22/2003,22.5,25.197,0.44
SRS5,4/25/2003,22,39.574,0.32
SRS5,4/28/2003,24.8,34.973,0.13
SRS5,5/1/2003,23.5,37.639,0.34
SRS5,6/22/2003,5.5,36.058,0.43
SRS5,6/25/2003,2.2,33.004,0.11
SRS5,6/26/2003,2.4,49.561,0.15
SRS5,8/14/2003,5.4,49.839,0.43
SRS5,8/17/2003,5.4,55.684,0.55
SRS5,8/20/2003,4.3,66.215,0.42
SRS5,8/23/2003,3.9,43.277,0.44
SRS5,8/26/2003,4.4,36.967,0.43
SRS5,8/29/2003,7.5,57.55,0.62
SRS5,9/1/2003,5.7,29.421,0.39
SRS5,9/4/2003,5.1,32.87,0.26
SRS5,9/7/2003,13,29.193,0.28
SRS5,9/10/2003,8.7,36.636,0.23
SRS5,9/11/2003,6.8,38.79,0.61
SRS5,9/14/2003,7,37.194,0.94
SRS5,9/17/2003,3.6,28.595,0.46
SRS5,9/20/2003,2.9,43.963,0.31
SRS5,9/23/2003,4.6,31.853,0.43
SRS5,9/26/2003,9.4,33.531,0.41
SRS5,9/29/2003,11.5,27.311,0.42
SRS5,10/2/2003,3.8,25.602,0.33
SRS5,10/5/2003,1.6,31.273,0.36
SRS5,10/7/2003,0.6,33.406,0.26
SRS5,10/10/2003,4,34.157,0.46
SRS5,10/13/2003,7.5,28.948,0.54
SRS5,10/16/2003,3.4,27.779,0.36
SRS5,10/19/2003,2.1,30.597,0.28
SRS5,10/22/2003,4.1,30.206,0.43
SRS5,10/25/2003,13,27.798,0.54
SRS5,10/28/2003,10.4,25.054,0.53
SRS5,10/31/2003,8.2,21.995,0.42
SRS5,11/3/2003,4.8,28.648,0.37
SRS5,11/5/2003,7.9,22.929,0.56
SRS5,11/9/2003,5.8,24.748,0.21
SRS5,11/12/2003,2.6,25.1,0.17
SRS5,11/15/2003,4.7,27.7,0.22
SRS5,11/18/2003,2.7,29.619,0.2
SRS5,11/21/2003,4.7,30.997,0.25
SRS5,11/24/2003,7.3,21.52,0.24
SRS5,11/27/2003,9.2,21.917,0.16
SRS5,11/30/2003,5,25.071,0.13
SRS5,12/3/2003,3,29.081,0.11
SRS5,12/4/2003,2.4,27.373,0.15
SRS5,12/7/2003,7.4,34.075,0.12
SRS5,12/10/2003,5.6,32.413,0.11
SRS5,12/13/2003,9.5,28.201,0.24
SRS5,12/16/2003,8.4,30.846,0.19
SRS5,12/19/2003,4.6,24.76,0.18
SRS5,12/22/2003,3.8,32.569,0.14
SRS5,12/25/2003,10.9,30.704,0.14
SRS5,12/28/2003,7.7,35.348,0.11
SRS5,12/31/2003,6.2,32.974,0.1
SRS5,1/3/2004,4.6,29.724,0.13
SRS5,1/6/2004,7.9,29.738,0.16
SRS5,1/9/2004,9,25.051,0.18
SRS5,1/11/2004,11.6,25.881,0.27
SRS5,1/15/2004,12.1,31.543,0.19
SRS5,1/18/2004,11.5,36.048,0.13
SRS5,1/21/2004,14,40.021,0.19
SRS5,1/24/2004,10.5,48.716,0.15
SRS5,1/27/2004,11.8,31.908,0.22
SRS5,1/30/2004,7,41.364,0.26
SRS5,2/2/2004,4.8,37.207,0.18
SRS5,2/5/2004,4.4,38.135,0.15
SRS5,2/8/2004,8.7,36.243,0.18
SRS5,2/9/2004,7.2,38.571,0.2
SRS5,2/12/2004,9.3,37.238,0.16
SRS5,2/15/2004,9.8,34.07,0.22
SRS5,2/18/2004,6.7,36.038,0.11
SRS5,2/21/2004,10.5,31.293,0.17
SRS5,2/24/2004,15.7,26.55,0.2
SRS5,2/27/2004,14.6,34.449,0.21
SRS5,3/1/2004,7,35.476,0.12
SRS5,3/4/2004,6.8,35.868,0.13
SRS5,3/7/2004,12.2,28.853,0.14
SRS5,3/10/2004,16.7,30.503,0.21
SRS5,3/13/2004,12.7,35.598,0.19
SRS5,3/16/2004,12.4,30.576,0.35
SRS5,3/19/2004,18.1,24.976,0.24
SRS5,3/22/2004,17.9,23.05,0.24
SRS5,3/25/2004,13.6,24.596,0.3
SRS5,3/28/2004,14.5,24.924,0.24
SRS5,4/1/2004,18.5,22.8,0.23
SRS5,4/4/2004,24,22.32,0.2
SRS5,4/6/2004,22,20.444,0.23
SRS5,4/9/2004,27,21.168,0.31
SRS5,4/12/2004,27.5,19.209,0.37
SRS5,4/15/2004,18.5,28.726,0.29
SRS5,4/18/2004,14.5,27.801,0.35
SRS5,4/21/2004,16.5,25.928,0.37
SRS5,4/24/2004,19,24.093,0.3
SRS5,4/27/2004,19.5,23.223,0.28
SRS5,4/30/2004,19,23.55,0.27
SRS5,5/2/2004,24,21.965,0.38
SRS5,5/6/2004,25.3,34.746,0.37
SRS5,5/9/2004,24.7,32.224,0.45
SRS5,5/12/2004,24.8,34.782,0.53
SRS5,5/15/2004,22.8,32.533,0.5
SRS5,5/18/2004,25.2,32.008,0.39
SRS5,5/21/2004,26.3,32.057,0.46
SRS5,5/24/2004,28,30.311,0.56
SRS5,5/27/2004,30.2,33.927,0.5
SRS5,5/30/2004,29.7,25.141,0.5
SRS5,6/2/2004,32.1,24.204,0.37
SRS5,6/5/2004,30.5,45.598,0.76
SRS5,6/8/2004,31.7,42.067,0.97
SRS5,6/11/2004,28.4,42.41,0.86
SRS5,6/14/2004,27.5,37.115,0.7
SRS5,6/17/2004,26.6,37.185,0.69
SRS5,6/20/2004,26.9,-9999,-9999
SRS5,6/23/2004,28.7,28.285,0.54
SRS5,6/26/2004,26.8,32.254,0.52
SRS5,6/29/2004,26.6,32.818,0.68
SRS5,7/2/2004,26.1,30.676,0.49
SRS5,7/5/2004,21.6,28.769,0.45
SRS5,7/8/2004,20.6,29.423,0.37
SRS5,7/11/2004,14.9,24.919,0.36
SRS5,7/14/2004,12.4,24.575,0.31
SRS5,7/17/2004,15.8,30.714,0.44
SRS5,7/19/2004,22.8,25,0.38
SRS5,7/23/2004,13.2,35.104,0.39
SRS5,7/26/2004,11,44.482,0.44
SRS5,7/29/2004,9.4,48.39,0.4
SRS5,8/1/2004,11.3,45.138,0.67
SRS5,8/4/2004,12.6,48.035,0.46
SRS5,8/7/2004,6.6,37.693,0.35
SRS5,8/10/2004,2.4,42.989,-9999
SRS5,8/13/2004,2.5,32.085,0.31
SRS5,8/15/2004,3.4,41.88,0.35
SRS5,8/19/2004,6.3,42.516,0.2
SRS5,8/22/2004,5.9,42.631,-9999
SRS5,8/25/2004,2.5,35.731,-9999
SRS5,8/28/2004,2.8,40.036,0.15
SRS5,8/31/2004,7.6,41.788,0.33
SRS5,9/1/2004,14.1,61.824,0.35
SRS5,9/4/2004,8.5,71.176,-9999
SRS5,9/7/2004,20.2,40.773,-9999
SRS5,9/10/2004,7.4,61.29,-9999
SRS5,9/13/2004,3.8,64.654,-9999
SRS5,9/16/2004,8.6,57.419,-9999
SRS5,9/19/2004,16.2,44.241,-9999
SRS5,9/22/2004,8.3,32.283,-9999
SRS5,9/25/2004,9.4,37.003,0.72
SRS5,9/28/2004,23.1,48.753,0.72
SRS5,10/1/2004,16.1,30.926,0.87
SRS5,10/4/2004,7.2,30.326,0.7
SRS5,10/7/2004,4,23.273,0.82
SRS5,10/10/2004,7.3,26.712,0.28
SRS5,10/12/2004,16.9,25.477,0.51
SRS5,10/16/2004,17,33.84,0.31
SRS5,10/19/2004,5.7,38.541,0.12
SRS5,10/22/2004,4.5,37.068,0.12
SRS5,10/25/2004,5.1,35.303,0.18
SRS5,10/28/2004,9.3,42.409,0.1
SRS5,10/31/2004,8.1,36.513,0.96
SRS5,11/3/2004,5.6,28.247,0.69
SRS5,11/6/2004,2.8,27.308,0.37
SRS5,11/9/2004,5.1,24.092,0.4
SRS5,11/12/2004,5.6,23.846,0.26
SRS5,11/15/2004,12.4,19.383,0.35
SRS5,11/16/2004,11.2,24.898,0.45
SRS5,11/19/2004,6.8,26.9,0.18
SRS5,11/22/2004,7.5,29.878,0.26
SRS5,11/28/2004,8.4,23.841,0.24
SRS5,12/1/2004,3.8,23.838,0.19
SRS5,12/2/2004,8.3,24.351,0.27
SRS5,12/5/2004,3.6,37.339,0.08
SRS5,12/8/2004,5.4,32.186,0.21
SRS5,12/11/2004,9,48.338,0.18
SRS5,12/14/2004,9.8,54.33,0.14
SRS5,12/17/2004,5,36.911,0.11
SRS5,12/20/2004,7.2,38.154,0.15
SRS5,12/23/2004,7.7,42.471,0.15
SRS5,12/26/2004,15.7,27.086,0.28
SRS5,12/29/2004,7.8,43.951,0.15
SRS5,1/1/2005,9,40.141,0.16
SRS5,1/4/2005,10.9,36.342,0.22
SRS5,1/6/2005,11.4,40.069,0.22
SRS5,1/9/2005,12.1,30.856,0.42
SRS5,1/12/2005,17,25.982,0.49
SRS5,1/15/2005,17.6,23.618,0.27
SRS5,1/18/2005,9.6,31.61,0.43
SRS5,1/21/2005,13.8,29.272,0.53
SRS5,1/24/2005,20.3,24.454,0.28
SRS5,1/27/2005,18.7,28.672,0.31
SRS5,1/30/2005,19.1,34.765,0.33
SRS5,2/2/2005,21.2,45.24,0.31
SRS5,2/5/2005,15.9,39.879,0.34
SRS5,2/8/2005,21.8,27.422,0.35
SRS5,2/11/2005,28.6,19.278,0.33
SRS5,2/14/2005,25.2,26.425,0.41
SRS5,2/17/2005,20.8,26.272,0.32
SRS5,2/20/2005,16.6,31.657,0.32
SRS5,2/21/2005,13.1,32.403,0.3
SRS5,2/24/2005,19.6,33.009,0.34
SRS5,2/27/2005,23,29.437,0.35
SRS5,3/2/2005,24.9,28.99,0.3
SRS5,3/5/2005,15.7,35.504,0.39
SRS5,3/8/2005,23.5,32.299,0.5
SRS5,3/9/2005,25.5,30.816,0.39
SRS5,3/12/2005,22.1,29.753,0.76
SRS5,3/15/2005,21.5,60.673,1.21
SRS5,3/18/2005,20.8,48.455,0.36
SRS5,3/21/2005,14.1,63.369,0.68
SRS5,3/24/2005,20.3,66.017,0.8
SRS5,4/22/2005,27.4,34.565,0.53
SRS5,4/25/2005,30.3,35.477,1.02
SRS5,4/28/2005,30.4,50.568,1.4
SRS5,7/2/2005,4.2,49.003,0.49
SRS5,7/5/2005,1.8,39.937,0.41
SRS5,7/8/2005,4.8,34.714,0.68
SRS5,7/11/2005,7.6,-9999,0.45
SRS5,7/14/2005,4.5,26.113,0.84
SRS5,7/17/2005,4.2,62.004,-9999
SRS5,7/20/2005,6.1,33.531,0.49
SRS5,7/21/2005,14.6,-9999,0.64
SRS5,7/24/2005,15.6,85.872,0.82
SRS5,7/27/2005,15.4,81.81,0.71
SRS5,7/30/2005,6.1,105.347,0.44
SRS5,8/2/2005,5.9,99.73,0.51
SRS5,8/5/2005,6.7,94.352,0.58
SRS5,8/8/2005,5.3,130.962,0.66
SRS5,8/11/2005,6.2,79.558,0.46
SRS5,8/14/2005,3.6,71.967,0.4
SRS5,8/17/2005,3.4,36.975,0.42
SRS5,8/20/2005,7,68.798,0.33
SRS5,8/23/2005,8.4,72.318,0.36
SRS5,8/26/2005,7.6,36.445,0.19
SRS5,8/29/2005,2.7,33.915,0.34
SRS5,9/1/2005,1,61.134,0.42
SRS5,9/4/2005,1.8,53.067,1.31
SRS5,9/7/2005,3.4,40.411,0.76
SRS5,9/10/2005,3.8,58.623,0.3
SRS5,9/12/2005,1,45.486,0.28
SRS5,9/16/2005,7,31.303,0.55
SRS5,9/19/2005,6.4,31.335,0.57
SRS5,9/22/2005,3,28.787,0.32
SRS5,9/25/2005,1.1,31.47,0.34
SRS5,9/28/2005,2,25.043,0.22
SRS5,10/1/2005,0.9,25.841,0.24
SRS5,10/4/2005,1.1,29.906,0.23
SRS5,10/7/2005,6.4,25.388,0.37
SRS5,10/10/2005,3.7,21.95,0.25
SRS5,10/11/2005,0.2,29.484,0.23
SRS5,10/14/2005,1.9,22.94,0.51
SRS5,10/17/2005,2,30.068,0.42
SRS5,10/20/2005,6.4,36.262,0.79
SRS5,10/23/2005,3.9,24.053,0.55
SRS5,10/26/2005,9.4,22.28,1.11
SRS5,10/29/2005,4,24.393,0.74
SRS5,11/1/2005,2.7,21.425,0.64
SRS5,11/4/2005,10,27.045,1.64
SRS5,11/7/2005,5.3,34.321,0.89
SRS5,11/10/2005,3.7,23.437,0.73
SRS5,11/13/2005,4.3,22.763,0.8
SRS5,11/15/2005,3.7,30.954,0.78
SRS5,11/18/2005,5.9,36.864,0.66
SRS5,11/21/2005,4.4,29.196,0.52
SRS5,11/24/2005,9.4,24.303,0.84
SRS5,11/27/2005,4.7,26.951,0.53
SRS5,11/30/2005,7.4,27.127,0.65
SRS5,12/3/2005,5.8,28.703,0.46
SRS5,12/6/2005,8.1,30.132,0.53
SRS5,12/8/2005,4.5,27.112,0.66
SRS5,12/11/2005,6.4,28.694,0.44
SRS5,12/14/2005,5.3,27.636,0.37
SRS5,12/17/2005,8.4,29.986,0.7
SRS5,12/20/2005,6.6,26.608,0.45
SRS5,12/23/2005,4.7,28.979,0.4
SRS5,12/26/2005,8.1,30.772,0.51
SRS5,12/29/2005,6.7,27.472,0.34
SRS5,1/1/2006,10,27.787,0.44
SRS5,1/3/2006,10,24.264,0.63
SRS5,1/6/2006,11.1,28.013,2.21
SRS5,1/9/2006,4.7,28.754,1.21
SRS5,1/12/2006,5.9,30.72,1.82
SRS5,1/15/2006,13,29.744,2.14
SRS5,1/18/2006,12.7,29.5,1.34
SRS5,1/21/2006,6.3,26.901,1.3
SRS5,1/24/2006,6.9,25.582,1.44
SRS5,1/27/2006,4.2,32.069,1.63
SRS5,1/30/2006,10.1,25.922,2.05
SRS5,2/1/2006,17.7,22.633,0.79
SRS5,2/5/2006,17,36.439,1.02
SRS5,2/8/2006,5.5,33.345,0.58
SRS5,2/11/2006,3.4,32.755,0.35
SRS5,3/12/2006,12.8,33.404,1.8
SRS5,3/15/2006,14.4,30.237,1.91
SRS5,3/18/2006,13.7,30.069,1.6
SRS5,3/21/2006,18.9,29.054,1.02
SRS5,3/24/2006,17.8,27.04,1.31
SRS5,3/27/2006,15.5,23.037,0.7
SRS5,3/30/2006,19.2,23.089,1.14
SRS5,4/2/2006,20.7,24.208,0.98
SRS5,4/5/2006,23.2,19.716,0.77
SRS5,4/8/2006,21.8,17.353,0.71
SRS5,4/10/2006,24.2,16.553,0.79
SRS5,5/7/2006,30.3,25.289,0.85
SRS5,5/10/2006,31.6,33.885,0.97
SRS5,5/13/2006,32.1,27.838,0.75
SRS5,5/16/2006,30.2,26.302,0.91
SRS5,5/19/2006,26.8,23.908,0.93
SRS5,5/22/2006,24.7,23.74,0.73
SRS5,5/25/2006,27.9,24.718,0.75
SRS5,5/28/2006,26.5,29.128,1.17
SRS5,5/31/2006,24.5,23.631,0.87
SRS5,6/3/2006,22.1,23.741,0.74
SRS5,6/5/2006,18,23.508,0.61
SRS5,6/9/2006,21.4,43.424,1.15
SRS5,6/12/2006,18.4,43.225,1.14
SRS5,6/15/2006,19.3,49.213,1.49
SRS5,6/18/2006,17.9,46.666,1.25
SRS5,6/21/2006,12.7,54.501,1.44
SRS5,6/24/2006,14,48.102,0.95
SRS5,6/27/2006,16.4,58.875,1.83
SRS5,6/30/2006,12.4,57.008,1.88
SRS5,7/3/2006,7.3,46.003,1.09
SRS5,7/6/2006,8.4,49.709,1.32
SRS5,7/9/2006,5.1,56.851,1.27
SRS5,7/12/2006,5.9,38.827,0.7
SRS5,7/15/2006,6.1,38.33,0.78
SRS5,7/18/2006,4.1,37.097,0.65
SRS5,7/21/2006,3.2,39.8,0.43
SRS5,7/24/2006,1.3,31.567,0.38
SRS5,7/26/2006,1.1,25.924,0.45
SRS5,7/29/2006,3.1,34.491,0.46
SRS5,8/1/2006,2.6,31.717,0.25
SRS5,8/4/2006,3.9,32.295,0.38
SRS5,8/7/2006,4.5,31.642,0.35
SRS5,8/10/2006,8.4,30.261,0.42
SRS5,8/13/2006,16.7,25.808,0.97
SRS5,8/16/2006,10.9,28.456,0.36
SRS5,8/17/2006,3.8,29.355,0.24
SRS5,8/24/2006,6.7,37.808,0.46
SRS5,8/27/2006,8.7,31.227,0.52
SRS5,8/30/2006,8.8,27.922,0.85
SRS5,9/2/2006,6.9,30.493,0.59
SRS5,9/5/2006,2.5,93.969,0.73
SRS5,9/8/2006,4.5,57.894,0.59
SRS5,9/11/2006,6.7,41.335,0.64
SRS5,9/13/2006,3.7,31.906,-9999
SRS5,9/17/2006,3.1,40.626,1.28
SRS5,9/20/2006,4.7,66.308,1.95
SRS5,9/23/2006,6.1,68.94,2.45
SRS5,9/26/2006,4.6,59.982,2.31
SRS5,9/29/2006,3.8,44.984,1.61
SRS5,10/2/2006,2.4,39.761,1.01
SRS5,10/5/2006,3.6,50.918,1.46
SRS5,10/8/2006,13.7,43.136,2.4
SRS5,10/11/2006,17.9,38.999,2.15
SRS5,10/14/2006,15,30.251,1.57
SRS5,10/16/2006,6.6,30.358,0.92
SRS5,10/19/2006,12.5,41.319,2.09
SRS5,10/22/2006,16.3,27.894,1.51
SRS5,10/25/2006,10.5,31.819,1.01
SRS5,10/28/2006,12,42.789,1.51
SRS5,10/31/2006,10.5,45.87,1.87
SRS5,11/3/2006,15.7,44.901,2.31
SRS5,11/6/2006,8,29.078,1.08
SRS5,11/9/2006,18.2,34.021,-9999
SRS5,11/11/2006,11.4,25.869,0.42
SRS5,11/15/2006,8.5,27.19,0.62
SRS5,11/18/2006,10.1,25.405,0.74
SRS5,11/20/2006,10.6,30.165,0.77
SRS5,11/23/2006,11.6,33.031,1.15
SRS5,11/26/2006,10.1,38.687,1.34
SRS5,11/29/2006,12.4,46.405,1.66
SRS5,12/2/2006,12.2,40.831,1.67
SRS5,12/5/2006,12.5,30.812,1.13
SRS5,12/8/2006,11.5,29.003,0.97
SRS5,12/11/2006,8.4,30.273,0.58
SRS5,12/14/2006,13.2,73.941,1.98
SRS5,12/17/2006,14.8,63.299,0.51
SRS5,12/20/2006,11.9,75.224,2.13
SRS5,12/23/2006,15.4,71.445,2.56
SRS5,12/26/2006,19.8,57.581,1.85
SRS5,12/29/2006,10,69.808,2.28
SRS5,1/1/2007,11.4,56.655,2.06
SRS5,1/4/2007,14,32.995,0.72
SRS5,1/7/2007,14.8,36.713,0.56
SRS5,1/10/2007,11.9,31.905,1.34
SRS5,1/13/2007,10,31.511,1.37
SRS5,1/16/2007,12.7,27.789,0.81
SRS5,1/17/2007,8.5,26.701,1.2
SRS5,1/20/2007,15.7,39.412,1.68
SRS5,1/23/2007,19.3,23.286,1.66
SRS5,1/26/2007,19,25.91,1.69
SRS5,1/29/2007,15.7,23.721,1.45
SRS5,2/1/2007,15.1,22.396,1.06
SRS5,2/4/2007,20.3,23.383,1.61
SRS5,2/6/2007,11.3,24.84,1.24
SRS5,2/10/2007,15.5,40.126,1.04
SRS5,2/13/2007,12.2,42.853,1.23
SRS5,2/16/2007,16.3,36.498,1.33
SRS5,2/19/2007,16.8,35.017,1.25
SRS5,2/22/2007,19.1,33.22,1.49
SRS5,2/25/2007,20.7,35.62,1.23
SRS5,2/28/2007,19,34.262,1.3
SRS5,3/3/2007,22.4,33.678,1.74
SRS5,3/6/2007,16.1,38.348,1.59
SRS5,3/9/2007,20.5,30.881,1.26
SRS5,3/12/2007,23.9,23.31,1.09
SRS5,3/15/2007,20.1,25.929,1.8
SRS5,3/18/2007,27.7,29.562,1.06
SRS5,3/21/2007,23,30.809,1.88
SRS5,3/24/2007,22.2,26.95,1.83
SRS5,3/26/2007,19.2,28.71,1.78
SRS5,3/30/2007,22.4,41.818,2.08
SRS5,4/2/2007,25.2,35.153,2.18
SRS5,4/5/2007,26.5,35.044,1.88
SRS5,4/8/2007,28.2,32.24,1.74
SRS5,4/11/2007,25.4,25.318,1.83
SRS5,4/14/2007,13.6,30.11,1.11
SRS5,4/17/2007,15.6,29.877,1.7
SRS5,4/20/2007,17.7,24.547,0.67
SRS5,4/23/2007,14.3,18.05,1.57
SRS5,4/25/2007,10.8,19.059,1.57
SRS5,4/29/2007,19.4,50.232,1.29
SRS5,5/2/2007,23.3,51.826,2.41
SRS5,5/5/2007,25.5,59.394,1.73
SRS5,5/8/2007,24.6,35.881,1.87
SRS5,5/11/2007,28.7,51.583,2.83
SRS5,5/14/2007,31.3,53.502,1.77
SRS5,5/17/2007,28.4,37.65,2.56
SRS5,5/20/2007,28,27.104,1.14
SRS5,5/22/2007,20.9,31.605,1.62
SRS5,5/25/2007,16.7,64.752,1.23
SRS5,5/28/2007,19.4,58.174,1.33
SRS5,5/31/2007,23.6,54.461,1.68
SRS5,6/3/2007,19.7,45.94,1.55
SRS5,6/6/2007,20.7,45.636,1.4
SRS5,6/9/2007,12.4,43.876,0.87
SRS5,6/12/2007,17.2,44.788,1.05
SRS5,6/15/2007,18.9,32.787,0.99
SRS5,6/17/2007,22.2,26.753,1.11
SRS5,6/21/2007,14.7,33.582,0.49
SRS5,6/24/2007,13.6,30.633,1.04
SRS5,6/27/2007,7.8,28.845,0.78
SRS5,6/30/2007,12.7,34.834,0.64
SRS5,7/3/2007,17.3,33.93,0.73
SRS5,7/6/2007,19.5,33.488,0.73
SRS5,7/9/2007,10,63.994,0.77
SRS5,7/10/2007,3.4,35.421,0.49
SRS5,7/13/2007,9.2,45.904,0.77
SRS5,7/16/2007,12.2,46.228,0.64
SRS5,7/19/2007,21.2,40.234,0.63
SRS5,7/22/2007,10.2,43.34,0.51
SRS5,7/25/2007,8.3,44.206,0.46
SRS5,7/28/2007,7,79.865,0.4
SRS5,7/31/2007,14.8,54.945,0.47
SRS5,8/3/2007,18.4,60.393,0.64
SRS5,8/6/2007,11.9,76.754,0.56
SRS5,8/7/2007,6.6,65.111,0.64
SRS5,8/10/2007,11.5,48.538,0.68
SRS5,8/13/2007,14.8,39.011,0.79
SRS5,8/16/2007,16.8,37.171,0.73
SRS5,8/19/2007,7.6,39.095,0.47
SRS5,8/22/2007,4.9,39.21,0.35
SRS5,8/25/2007,12.2,40.47,0.51
SRS5,8/28/2007,12.2,39.451,0.72
SRS5,8/31/2007,18,33.604,0.64
SRS5,9/3/2007,16.8,30.333,0.57
SRS5,9/6/2007,13.3,33.272,0.31
SRS5,9/9/2007,14.2,27.314,0.25
SRS5,9/10/2007,20.7,34.79,1.85
SRS5,9/13/2007,14.4,34.325,0.9
SRS5,9/16/2007,12.6,29.439,1.45
SRS5,9/19/2007,9.1,24.42,1.33
SRS5,9/22/2007,16,26.003,1.13
SRS5,9/25/2007,12.6,37.864,0.7
SRS5,9/28/2007,19.2,27.694,0.76
SRS5,10/1/2007,13.4,72.263,1.55
SRS5,10/3/2007,15,106.779,0.98
SRS5,10/6/2007,16.8,56.297,1.06
SRS5,10/9/2007,10.8,72.575,2.49
SRS5,10/12/2007,16.7,56.9,1.1
SRS5,10/15/2007,10.4,55.532,0.43
SRS5,10/18/2007,14.2,53.576,0.61
SRS5,10/21/2007,14.5,52.068,2.61
SRS5,10/24/2007,11.8,52.474,0.51
SRS5,10/27/2007,14,49.75,0.96
SRS5,10/30/2007,10.2,39.907,0.75
SRS5,11/2/2007,10.8,39.387,1.34
SRS5,11/5/2007,17.4,45.617,2.39
SRS5,11/7/2007,20.9,38.712,1.56
SRS5,12/6/2007,16.2,39.604,0.57
SRS5,12/9/2007,14.6,43.449,0.79
SRS5,12/12/2007,13.7,42.205,0.81
SRS5,12/15/2007,17.3,38.097,0.52
SRS5,12/18/2007,21.4,36.182,0.76
SRS5,12/21/2007,18,37.1,0.75
SRS5,12/24/2007,22.7,37.298,0.7
SRS5,12/27/2007,25.3,26.56,0.61
SRS5,12/30/2007,25.6,28.598,0.57
SRS5,1/2/2008,21.3,30.568,0.51
SRS5,1/5/2008,16.4,54.886,0.55
SRS5,1/8/2008,21.3,46.634,1.01
SRS5,1/11/2008,24.8,40.445,0.62
SRS5,1/14/2008,27.2,38.184,0.65
SRS5,1/17/2008,20.9,48.212,0.42
SRS5,1/20/2008,22.7,42.013,0.46
SRS5,1/22/2008,19.8,52.191,0.52
SRS5,1/25/2008,26.2,41.082,1.26
SRS5,1/28/2008,27.9,32.345,0.88
SRS5,1/31/2008,27,24.391,0.63
SRS5,2/3/2008,24.7,41.116,0.75
SRS5,2/6/2008,25.8,31.263,0.62
SRS5,2/9/2008,28.2,25.942,0.73
SRS5,2/12/2008,25.4,29.636,0.66
SRS5,2/15/2008,26.6,27.873,0.62
SRS5,2/18/2008,23.2,28.919,0.63
SRS5,2/21/2008,23.9,50.781,0.74
SRS5,2/24/2008,26.3,43.147,0.72
SRS5,2/27/2008,28.4,40.813,0.7
SRS5,3/1/2008,24.3,36.459,1.01
SRS5,3/4/2008,25.1,55.988,0.6
SRS5,3/7/2008,29.9,44.541,0.79
SRS5,3/10/2008,29.7,39.031,0.87
SRS5,3/13/2008,30,38.941,0.7
SRS5,3/16/2008,30.1,46.506,0.4
SRS5,3/18/2008,28.1,44.75,1.03
SRS5,3/21/2008,28.5,33.594,1.2
SRS5,3/24/2008,29.9,37.223,0.98
SRS5,3/27/2008,26.3,56.169,1.53
SRS5,3/30/2008,28.4,29.624,0.69
SRS5,4/2/2008,26.2,32.186,0.52
SRS5,4/5/2008,30.3,29.161,0.59
SRS5,4/8/2008,27.6,28.44,0.73
SRS5,4/11/2008,20.6,34.418,0.54
SRS5,4/14/2008,21.2,30.224,0.68
SRS5,4/16/2008,18.2,35.918,0.88
SRS5,4/20/2008,26,27.942,0.72
SRS5,4/23/2008,26.6,27.11,0.73
SRS5,4/26/2008,27.7,33.938,0.6
SRS5,4/29/2008,26.2,52.209,0.68
SRS5,5/2/2008,26.1,52.854,0.59
SRS5,5/5/2008,30.3,39.543,0.78
SRS5,5/8/2008,31,39.002,0.78
SRS5,5/11/2008,31.7,36.256,0.75
SRS5,5/14/2008,30.3,33.549,0.76
SRS5,5/17/2008,29.6,31.607,0.82
SRS5,5/20/2008,33.1,24.017,0.68
SRS5,5/23/2008,33.6,22.18,0.72
SRS5,5/26/2008,31.6,27.672,0.55
SRS5,5/27/2008,26.1,26.946,0.55
SRS5,5/30/2008,27.6,31.368,0.57
SRS5,6/2/2008,30.8,25.857,0.58
SRS5,6/5/2008,28.9,25.307,0.59
SRS5,6/8/2008,28.2,31.58,0.54
SRS5,6/11/2008,25.6,42.215,0.49
SRS5,6/12/2008,19.2,31.637,0.5
SRS5,6/15/2008,18.3,33.324,1.26
SRS5,6/18/2008,25,28.779,0.57
SRS5,6/21/2008,22.4,51.791,0.52
SRS5,6/24/2008,17,33.911,0.51
SRS5,6/27/2008,12.4,37.456,1.67
SRS5,6/30/2008,15.5,35.358,0.87
SRS5,7/2/2008,13.4,36.002,-9999
SRS5,7/5/2008,14.1,43.052,1.07
SRS5,7/8/2008,12.4,33.149,0.8
SRS5,7/11/2008,8.2,35.924,0.53
SRS5,7/14/2008,10.7,42.748,1.12
SRS5,7/17/2008,12.1,32.567,0.59
SRS5,7/20/2008,8.6,34.638,0.62
SRS5,7/23/2008,14.1,32.588,1.19
SRS5,7/26/2008,8.2,33.291,0.65
SRS5,7/29/2008,12.9,30.853,1.01
SRS5,8/1/2008,15.5,35.541,0.52
SRS5,8/3/2008,20,31.897,0.57
SRS5,8/7/2008,9.3,49.436,0.22
SRS5,8/10/2008,7.1,44.639,1.94
SRS5,8/13/2008,8.4,39.013,1.95
SRS5,8/16/2008,9.4,49.94,1.46
SRS5,8/19/2008,6.4,41.47,1.65
SRS5,8/22/2008,17.1,27.045,0.17
SRS5,8/25/2008,5,24.081,1.02
SRS5,8/28/2008,4.2,18.864,1
SRS5,8/31/2008,6.3,26.361,1.25
SRS5,9/3/2008,9.1,21.056,1.47
SRS5,9/6/2008,13.5,27.081,3.46
SRS5,9/9/2008,4.8,27.786,1.09
SRS5,9/12/2008,5.2,29.314,1.32
SRS5,9/15/2008,7.1,17.643,1.11
SRS5,9/18/2008,11.1,16.591,1.24
SRS5,9/21/2008,5.3,17.954,0.94
SRS5,9/24/2008,3.4,19.518,0.85
SRS5,9/28/2008,12.7,17.724,0.34
SRS5,10/1/2008,15.1,15.934,0.58
SRS5,10/4/2008,6.3,13.487,0.31
SRS5,10/7/2008,1.9,20.361,0.29
SRS5,10/10/2008,5.5,13.675,0.2
SRS5,10/13/2008,4.3,15.967,0.25
SRS5,10/16/2008,2.9,18.604,0.27
SRS5,10/19/2008,8.8,14.59,0.32
SRS5,10/21/2008,4.4,18.204,0.31
SRS5,10/24/2008,4.2,26.505,0.56
SRS5,10/27/2008,9.1,19.537,0.34
SRS5,10/30/2008,4.2,22.435,0.19
SRS5,11/2/2008,3.4,15.147,0.15
SRS5,11/5/2008,5.8,18.345,0.19
SRS5,11/8/2008,4.9,25.153,0.2
SRS5,11/11/2008,5.9,18.415,0.17
SRS5,11/14/2008,13,19.093,0.22
SRS5,11/16/2008,1,14.723,0.23
SRS5,11/20/2008,4.6,22.964,0.13
SRS5,11/23/2008,5.7,23.937,0.18
SRS5,11/26/2008,7.7,20.312,0.17
SRS5,11/29/2008,9.2,15.937,0.34
SRS5,12/2/2008,11,20.518,0.19
SRS5,12/3/2008,4.5,19.786,0.87
SRS5,12/6/2008,4.6,31.513,0.14
SRS5,12/9/2008,5.6,23.655,-9999
SRS5,12/12/2008,13.4,35.455,0.26
SRS5,12/15/2008,9.1,24.109,0.2
SRS5,12/18/2008,9.9,24.82,0.2
SRS5,12/21/2008,7.3,22.767,0.17
SRS5,12/24/2008,4.5,22.574,0.14
SRS5,12/27/2008,6.2,29.64,0.39
SRS5,12/30/2008,8.7,21.024,0.2
SRS5,1/2/2009,9.7,21.575,0.25
SRS5,1/5/2009,7.8,27.162,0.2
SRS5,1/7/2009,8.9,25.298,0.22
SRS5,1/10/2009,7.8,64.8,0.24
SRS5,1/13/2009,14.4,56.114,0.36
SRS5,1/16/2009,15.3,63.944,0.35
SRS5,1/19/2009,9.3,65.466,0.21
SRS5,1/22/2009,9.3,53.943,0.21
SRS5,1/25/2009,10.2,53.546,0.23
SRS5,1/28/2009,10,72.11,0.18
SRS5,1/31/2009,15.5,123.49,0.44
SRS5,2/3/2009,14.6,137.596,0.39
SRS5,2/4/2009,7.4,137.551,0.35
SRS5,2/7/2009,11.5,65.287,0.29
SRS5,2/10/2009,15.4,55.033,0.32
SRS5,2/13/2009,19.4,46.708,0.36
SRS5,2/16/2009,21.2,48.924,0.34
SRS5,2/19/2009,16.6,57.928,0.36
SRS5,2/22/2009,17.2,54.298,0.34
SRS5,2/25/2009,18.2,56.74,0.38
SRS5,2/28/2009,19.6,45.416,0.37
SRS5,3/3/2009,26.4,37.576,0.43
SRS5,3/4/2009,14.3,70.84,0.62
SRS5,3/7/2009,19.2,97.011,0.38
SRS5,3/10/2009,25.4,70.643,0.54
SRS5,3/13/2009,26.8,71.073,0.4
SRS5,3/16/2009,28.6,81.213,0.46
SRS5,3/19/2009,27.3,52.261,0.53
SRS5,3/22/2009,21.6,61.256,0.75
SRS5,3/25/2009,25.5,43.32,0.79
SRS5,3/28/2009,29.6,43.088,0.6
SRS5,3/31/2009,31,40.669,0.86
SRS5,4/3/2009,31.4,45.553,0.63
SRS5,4/5/2009,31.9,83.543,0.47
SRS5,4/9/2009,32.9,56.134,0.56
SRS5,4/12/2009,31,39.024,0.88
SRS5,4/15/2009,30.6,61.924,0.77
SRS5,4/18/2009,27.7,42.638,0.57
SRS5,4/21/2009,28.5,51.249,0.84
SRS5,4/24/2009,31.3,43.381,0.82
SRS5,4/27/2009,27.7,58.831,0.78
SRS5,4/30/2009,29.6,41.187,0.6
SRS5,5/3/2009,31.6,40.116,0.56
SRS5,5/5/2009,33.3,36.497,0.56
SRS5,5/9/2009,34.1,24.768,0.26
SRS5,5/12/2009,34.4,22.204,0.82
SRS5,5/15/2009,32.6,31.783,0.6
SRS5,5/18/2009,30.6,36.985,0.64
SRS5,5/21/2009,31.2,26.267,0.58
SRS5,5/24/2009,31.6,23.925,0.49
SRS5,5/27/2009,31,21.482,0.56
SRS5,5/30/2009,32.4,23.719,0.41
SRS5,6/2/2009,26.2,29.93,0.64
SRS5,6/3/2009,14.9,35.044,1.22
SRS5,6/6/2009,19.4,61.967,1.41
SRS5,6/9/2009,16.1,54.563,1.72
SRS5,6/12/2009,17.9,67.592,0.94
SRS5,6/15/2009,12.6,48.944,1.21
SRS5,6/18/2009,9,62.454,1.5
SRS5,6/21/2009,12.4,63.362,1.55
SRS5,6/24/2009,16.8,56.971,1.04
SRS5,6/27/2009,17.9,47.736,0.89
SRS5,6/30/2009,9.6,44.031,0.74
SRS5,7/2/2009,4.6,55.348,-9999
SRS5,7/5/2009,3.3,45.968,0.11
SRS5,7/8/2009,8.4,81.576,0.82
SRS5,7/11/2009,8.1,55.665,1.56
SRS5,7/14/2009,7.2,72.065,1.01
SRS5,7/17/2009,8.1,61.345,1.28
SRS5,7/20/2009,8.1,46.632,1.52
SRS5,7/23/2009,8.1,34.77,1.08
SRS5,7/26/2009,11,40.048,0.67
SRS5,7/29/2009,4.4,40.897,0.69
SRS5,8/1/2009,4.1,35.314,-9999
SRS5,8/4/2009,6.5,34.901,-9999
SRS5,8/7/2009,9.8,40.407,0.32
SRS5,8/10/2009,9.9,64.372,0.47
SRS5,8/12/2009,9.6,47.845,1.51
SRS5,8/15/2009,6,48.039,0.97
SRS5,8/18/2009,5.3,50.203,1.27
SRS5,8/21/2009,11.1,40.141,0.91
SRS5,8/24/2009,17.8,49.235,0.86
SRS5,8/27/2009,7.7,33.874,0.86
SRS5,8/30/2009,8.9,34.102,0.73
SRS5,9/1/2009,4.3,32.121,0.49
SRS5,9/8/2009,8.2,11.735,1.44
SRS5,9/11/2009,8.9,10.113,1.32
SRS5,9/14/2009,12.4,11.942,1.3
SRS5,9/17/2009,14.8,18.466,0.45
SRS5,9/20/2009,11.9,20.267,0.65
SRS5,9/23/2009,8.9,12.062,1.13
SRS5,9/26/2009,4.6,14.786,0.66
SRS5,9/29/2009,6,14.712,0.69
SRS5,10/2/2009,4.8,15.764,0.5
SRS5,10/5/2009,6,15.245,0.57
SRS5,10/8/2009,6.6,12.315,0.33
SRS5,10/11/2009,4,11.856,0.18
SRS5,10/12/2009,7.1,10.569,0.51
SRS5,10/15/2009,7.9,93.295,0.86
SRS5,10/18/2009,15.9,64.005,0.9
SRS5,10/21/2009,7.5,86.764,0.68
SRS5,10/24/2009,14.3,58.488,0.36
SRS5,10/27/2009,9.4,67.484,0.49
SRS5,10/30/2009,6.8,60.425,0.4
SRS5,11/1/2009,13.5,47.559,0.51
SRS5,11/5/2009,13.4,89.221,0.42
SRS5,11/8/2009,4.4,59.044,0.52
SRS5,11/11/2009,12,93.441,0.64
SRS5,11/14/2009,19.3,80.067,0.65
SRS5,11/17/2009,18.6,75.654,0.79
SRS5,11/20/2009,18.7,63.906,0.77
SRS5,11/23/2009,15.3,68.344,0.36
SRS5,11/26/2009,9.7,67.698,0.59
SRS5,11/29/2009,6.7,81.617,0.54
SRS5,12/2/2009,14,89.406,0.78
SRS5,12/5/2009,16,74.126,0.33
SRS5,12/8/2009,9.5,79.24,0.58
SRS5,12/9/2009,6.1,101.746,0.59
SRS5,12/12/2009,5.9,70.508,0.28
SRS5,12/15/2009,6.8,70.625,0.45
SRS5,12/18/2009,8.6,68.923,0.47
SRS5,12/21/2009,14,62.079,0.7
SRS5,12/24/2009,7.2,67.538,0.25
SRS5,12/27/2009,12,61.436,0.42
SRS5,12/30/2009,8.1,59.788,0.23
SRS5,1/2/2010,12.9,57.086,0.26
SRS5,1/5/2010,10.6,64.566,0.25
SRS5,1/8/2010,8.2,69.729,0.21
SRS5,1/10/2010,5.8,75.098,0.23
SRS5,1/14/2010,8.2,85.942,1.03
SRS5,1/17/2010,12.6,79.164,1.47
SRS5,1/20/2010,11.8,87.164,1.58
SRS5,1/23/2010,14.1,71.186,1.81
SRS5,1/26/2010,13.1,71.359,1.43
SRS5,1/29/2010,10.5,67.881,0.75
SRS5,2/1/2010,17.9,49.873,0.63
SRS5,2/3/2010,18.4,45.851,0.78
SRS5,2/6/2010,12.4,91.91,0.76
SRS5,2/9/2010,11.4,97.197,0.78
SRS5,2/12/2010,13.8,91.157,0.76
SRS5,2/15/2010,15.1,82.282,0.51
SRS5,2/18/2010,13.9,95.536,0.91
SRS5,2/21/2010,11.8,82.853,0.46
SRS5,2/24/2010,14.6,68.009,0.4
SRS5,2/27/2010,17.5,60.779,0.46
SRS5,3/2/2010,20.1,53.049,0.44
SRS5,3/3/2010,25.3,65.125,1.21
SRS5,3/6/2010,16.4,112.362,0.92
SRS5,3/9/2010,13.1,114.464,1.07
SRS5,3/12/2010,16.7,160.977,1.4
SRS5,3/15/2010,21.5,95.919,1.36
SRS5,3/18/2010,17.5,108.31,1.39
SRS5,3/21/2010,19.8,100.731,1.31
SRS5,3/24/2010,19.7,108.533,1.32
SRS5,3/27/2010,18.6,90.433,0.86
SRS5,3/30/2010,23.6,104.279,1.48
SRS5,4/2/2010,19.3,95.999,0.92
SRS5,4/5/2010,17.4,97.869,0.84
SRS5,4/8/2010,15.8,109.39,0.72
SRS5,4/11/2010,18.9,81.064,0.42
SRS5,4/14/2010,11.6,92.644,0.65
SRS5,4/17/2010,12.9,79.648,0.55
SRS5,4/20/2010,20.6,71.557,0.56
SRS5,4/21/2010,17.6,76.344,0.58
SRS5,4/24/2010,19.8,89.464,1.13
SRS5,4/27/2010,25.2,91.427,1.56
SRS5,4/30/2010,22.5,99.974,1.52
SRS5,5/3/2010,20.6,94.114,1.25
SRS5,5/6/2010,17.7,83.141,0.95
SRS5,5/9/2010,16.3,84.832,0.85
SRS5,5/12/2010,18.4,81.85,1.43
SRS5,5/15/2010,17.8,70.096,0.96
SRS5,5/18/2010,23.4,68.572,0.71
SRS5,5/21/2010,16.9,57.629,0.64
SRS5,5/24/2010,23,62.031,0.56
SRS5,5/27/2010,28.1,82.37,0.4
SRS5,5/30/2010,29.2,59.23,0.47
SRS5,6/2/2010,26.7,54.853,0.57
SRS5,6/5/2010,26.3,58.096,0.42
SRS5,6/8/2010,23.7,56.843,0.39
SRS5,6/11/2010,21.5,67.054,0.47
SRS5,6/13/2010,24.1,67.76,0.39
SRS5,6/17/2010,25.5,32.853,1.16
SRS5,8/14/2010,16.4,48.249,0.57
SRS5,8/17/2010,7.6,62.581,0.29
SRS5,8/19/2010,4.4,62.263,0.44
SRS5,9/12/2010,17.1,51.203,0.52
SRS5,9/15/2010,8,60.316,0.25
SRS5,9/18/2010,2.9,62.852,1.12
SRS5,9/21/2010,3.2,59.881,0.25
SRS5,9/24/2010,5.1,57.811,0.28
SRS5,9/27/2010,8.4,43.186,0.27
SRS5,9/30/2010,10.9,62.365,0.29
SRS5,10/3/2010,8,54.891,0.33
SRS5,10/5/2010,4.1,64.008,0.44
SRS5,10/9/2010,10.2,25.377,0.3
SRS5,10/12/2010,16.1,29.472,0.28
SRS5,10/15/2010,7.8,30.843,0.25
SRS5,10/18/2010,4,35.296,0.25
SRS5,10/21/2010,10.5,31.352,0.33
SRS5,10/24/2010,10.4,30.574,0.36
SRS5,10/27/2010,13.7,30.429,0.37
SRS5,10/30/2010,8.1,36.734,0.25
SRS5,11/2/2010,5.8,34.3,0.25
SRS5,11/5/2010,8.6,29.746,0.32
SRS5,11/8/2010,5.7,28.208,0.25
SRS5,11/11/2010,7.7,34.468,0.24
SRS5,11/14/2010,8.4,31.657,0.26
SRS5,11/17/2010,15.8,27.108,0.24
SRS5,11/20/2010,15.7,32.941,0.28
SRS5,11/22/2010,14,78.16,0.95
SRS5,11/25/2010,11.6,39.128,0.28
SRS5,11/28/2010,14.7,38.31,0.26
SRS5,12/1/2010,11.2,41.784,0.36
SRS5,12/4/2010,7.8,41.714,0.29
SRS5,12/7/2010,15.3,39.648,0.33
SRS5,12/10/2010,12.7,38.854,0.26
SRS5,12/13/2010,14.5,36.792,0.3
SRS5,2/11/2011,15.1,63.34,0.72
SRS5,2/14/2011,11,57.589,0.34
SRS5,2/17/2011,16.9,51.062,0.7
SRS5,2/20/2011,20.3,46.335,0.85
SRS5,2/23/2011,22,43.298,0.95
SRS5,2/26/2011,21.7,42.522,0.86
SRS5,3/1/2011,21.1,46.217,0.82
SRS5,3/4/2011,20,46.317,0.82
SRS5,3/6/2011,24.2,41.336,0.94
SRS5,3/10/2011,25.9,92.398,0.96
SRS5,3/13/2011,26.5,80.846,0.65
SRS5,3/16/2011,24.3,79.857,0.64
SRS5,3/19/2011,28.2,73.704,0.76
SRS5,3/22/2011,26.9,71.642,0.56
SRS5,3/25/2011,29.6,58.039,0.35
SRS5,3/28/2011,28.6,52.372,0.28
SRS5,3/31/2011,27.5,60.09,0.48
SRS5,4/3/2011,29.1,52.823,0.41
SRS5,4/6/2011,27,52.257,0.34
SRS5,4/9/2011,28.4,54.405,0.44
SRS5,4/12/2011,29.5,48.144,0.3
SRS5,4/13/2011,27.9,52.132,0.39
SRS5,4/16/2011,31.8,37.882,0.23
SRS5,4/19/2011,32.3,44.144,0.27
SRS5,4/22/2011,29.8,37.859,0.4
SRS5,4/25/2011,29.1,42.002,0.38
SRS5,4/28/2011,30.1,39.172,0.39
SRS5,5/1/2011,30.8,39.803,0.44
SRS5,5/3/2011,19.2,45.417,0.47
SRS5,5/7/2011,30.2,44.649,0.63
SRS5,5/10/2011,33.2,32.939,0.31
SRS5,5/13/2011,32.2,38.126,0.46
SRS5,5/16/2011,33.5,69.37,0.89
SRS5,5/19/2011,33.8,47.557,0.98
SRS5,5/22/2011,31.9,56.905,1.12
SRS5,5/25/2011,28.8,55.889,1
SRS5,5/28/2011,29.4,-9999,-9999
SRS5,5/31/2011,26.2,55.448,0.39
SRS5,6/1/2011,23.7,48.649,0.79
SRS5,6/4/2011,28,68.008,1.42
SRS5,6/7/2011,31,75.638,1.66
SRS5,6/10/2011,32.2,58.749,1.3
SRS5,6/13/2011,34.2,61.415,1.65
SRS5,6/16/2011,35.3,74.195,1.58
SRS5,6/19/2011,34.9,65.229,1.29
SRS5,6/22/2011,33.9,55.431,1.21
SRS5,6/25/2011,30.7,57.155,1.23
SRS5,6/28/2011,27.7,55.208,1.19
SRS5,7/1/2011,25.2,53.707,0.86
SRS5,7/4/2011,26,42.861,0.5
SRS5,7/6/2011,28.1,39.343,0.43
SRS5,7/9/2011,24.8,77.9,1.68
SRS5,7/12/2011,19.7,82.174,1.78
SRS5,7/15/2011,23,78.454,1.62
SRS5,7/18/2011,23.1,65.541,1.53
SRS5,7/21/2011,23.3,63.01,0.95
SRS5,7/24/2011,11.4,68.861,0.5
SRS5,7/27/2011,13.7,67.512,0.73
SRS5,7/30/2011,15.1,70.226,0.49
SRS5,8/2/2011,21.6,52.639,0.41
SRS5,8/4/2011,24,47.271,0.42
SRS5,8/7/2011,14.8,79.593,1.21
SRS5,8/10/2011,14.3,63.261,1.06
SRS5,8/13/2011,13.2,69.858,0.95
SRS5,8/16/2011,14.2,67.991,1
SRS5,8/19/2011,16.1,50.933,0.37
SRS5,8/22/2011,12.6,52.771,0.35
SRS5,8/25/2011,13.7,53.356,0.41
SRS5,8/28/2011,22.8,40.864,0.26
SRS5,8/31/2011,20.4,41.274,0.3
SRS5,9/1/2011,18.6,44.113,0.56
SRS5,9/4/2011,11.7,66.88,1.21
SRS5,9/7/2011,10.9,65.377,1.1
SRS5,9/10/2011,6.1,77.613,1.02
SRS5,9/13/2011,8.8,60.838,0.76
SRS5,9/16/2011,12.4,59.661,0.73
SRS5,9/19/2011,9.5,51.772,0.38
SRS5,9/22/2011,11.8,49.797,0.44
SRS5,9/25/2011,19.7,46.4,0.37
SRS5,9/28/2011,14.6,47.484,0.53
SRS5,10/1/2011,11.2,47.898,0.44
SRS5,10/4/2011,4.9,53.52,0.36
SRS5,10/6/2011,3.7,55.752,0.45
SRS5,10/9/2011,6.2,53.721,0.94
SRS5,10/12/2011,17.8,-9999,-9999
SRS5,10/15/2011,18.1,45.942,0.38
SRS5,10/18/2011,8.4,45.438,0.44
SRS5,10/21/2011,12.8,42.684,0.65
SRS5,10/24/2011,4.8,39.516,0.4
SRS5,10/27/2011,5.2,42.738,0.46
SRS5,10/30/2011,11,41.367,0.6
SRS5,11/1/2011,5.7,43.408,0.79
SRS5,11/4/2011,3.6,41.946,0.43
SRS5,11/7/2011,4.9,44.026,0.41
SRS5,11/10/2011,11.6,40.884,0.55
SRS5,11/13/2011,10.4,41.222,0.49
SRS5,11/16/2011,10.8,44.723,0.55
SRS5,11/19/2011,9.8,43.71,0.44
SRS5,11/22/2011,7.1,47.353,0.5
SRS5,11/25/2011,9.7,43.906,0.5
SRS5,11/28/2011,7.5,50.309,0.47
SRS5,12/1/2011,11.6,40.519,0.48
SRS5,12/4/2011,3.9,52.673,0.44
SRS5,12/7/2011,5.9,52.189,0.56
SRS5,12/10/2011,7.4,52.239,0.46
SRS5,12/13/2011,7.6,50.245,0.43
SRS5,12/15/2011,6.7,52.867,0.51
SRS5,1/8/2012,8.8,55.758,0.67
SRS5,1/11/2012,10.9,53.508,0.52
SRS5,1/14/2012,15.9,46.998,0.23
SRS5,1/17/2012,7.9,59.32,0.55
SRS5,1/20/2012,8.9,57.863,0.41
SRS5,1/23/2012,13.7,47.971,0.43
SRS5,1/26/2012,14.1,49.946,0.44
SRS5,1/29/2012,15.4,46.848,0.25
SRS5,2/1/2012,8.7,57.25,0.35
SRS5,2/4/2012,9.5,56.511,0.37
SRS5,2/7/2012,16.6,46.579,0.35
SRS5,2/10/2012,20,90.888,1.36
SRS5,2/13/2012,19.3,-9999,-9999
SRS5,2/15/2012,15.2,51.123,0.56
SRS5,2/18/2012,13.3,56.905,-9999
SRS5,2/21/2012,19.6,46.098,-9999
SRS5,2/24/2012,18.2,49.51,-9999
SRS5,2/27/2012,15.7,56.316,-9999
SRS5,3/1/2012,15,57.919,-9999
SRS5,3/4/2012,17.5,48.871,-9999
SRS5,3/6/2012,16.5,53.635,-9999
SRS5,3/9/2012,18.7,58.064,1.02
SRS5,3/12/2012,22.6,45.41,0.53
SRS5,3/15/2012,22.7,41.734,0.56
SRS5,3/18/2012,19.1,47.562,0.5
SRS5,3/21/2012,23.6,35.927,0.41
SRS5,3/24/2012,24.2,45.309,0.44
SRS5,3/27/2012,27.1,32.917,0.57
SRS5,3/30/2012,25,33.451,0.35
SRS5,4/2/2012,27.1,33.325,0.45
SRS5,4/5/2012,30.5,28.087,0.36
SRS5,4/8/2012,30.9,30.381,0.44
SRS5,4/10/2012,29.8,35.317,0.74
SRS5,4/13/2012,31.4,79.767,0.63
SRS5,4/16/2012,27.1,76.889,0.45
SRS5,4/19/2012,27.8,62.58,0.69
SRS5,4/22/2012,30.8,79.897,0.47
SRS5,4/25/2012,27.6,85.131,0.42
SRS5,4/28/2012,21.6,71.9,0.39
SRS5,5/1/2012,15.9,68.886,0.41
SRS5,5/4/2012,18.5,191.816,0.59
SRS5,5/7/2012,24.7,34.757,0.51
SRS5,5/8/2012,29,31.808,0.8
SRS5,5/11/2012,28.4,41.818,0.87
SRS5,5/14/2012,18.2,56.094,0.58
SRS5,5/17/2012,23.1,61.31,0.79
SRS5,5/20/2012,20.3,53.113,0.81
SRS5,5/23/2012,16.3,54.047,0.67
SRS5,5/26/2012,14.6,56.116,1.11
SRS5,5/29/2012,14.4,52.24,0.97
SRS5,6/1/2012,12.6,48.453,0.85
SRS5,6/4/2012,7.7,47.852,0.69
SRS5,6/7/2012,13.5,46.15,0.96
SRS5,6/10/2012,11.6,47.313,0.83
SRS5,6/13/2012,6.5,53.33,0.66
SRS5,6/16/2012,13,46.556,0.82
SRS5,6/19/2012,5.6,58.324,0.57
SRS5,6/22/2012,15.2,45.11,0.53
SRS5,6/24/2012,20.4,38.164,0.5
SRS5,6/28/2012,24.3,39.829,0.65
SRS5,7/1/2012,15.1,48.709,0.36
SRS5,7/4/2012,10.3,54.954,0.45
SRS5,7/7/2012,11.2,55.922,0.44
SRS5,7/9/2012,5.6,55.603,0.37
SRS5,7/13/2012,3.2,51.727,0.29
SRS5,7/16/2012,3.8,51.215,0.25
SRS5,7/19/2012,6.5,54.916,0.51
SRS5,7/22/2012,6.6,53.667,0.52
SRS5,7/25/2012,9.9,49.371,0.39
SRS5,7/28/2012,9.9,44.864,0.42
SRS5,7/31/2012,7.5,46.836,0.39
SRS5,8/3/2012,11.2,44.129,0.38
SRS5,8/5/2012,11.7,41.699,0.47
SRS5,8/11/2012,4.3,43.931,0.29
SRS5,8/14/2012,5.8,52.192,0.64
SRS5,8/17/2012,8.3,55.924,0.67
SRS5,8/20/2012,13.5,48.266,0.72
SRS5,8/23/2012,13.7,46.187,0.6
SRS5,8/26/2012,3.6,49.741,0.36
SRS5,8/29/2012,8,49.666,0.5
SRS5,9/1/2012,7,43.615,0.4
SRS5,9/4/2012,8.9,42.617,0.33
SRS5,9/7/2012,4.9,41.669,0.33
SRS5,9/9/2012,1.3,42.812,0.35
SRS5,9/13/2012,2.2,28.886,0.64
SRS5,9/16/2012,6.6,33.332,0.76
SRS5,9/19/2012,12.8,35.23,0.87
SRS5,9/22/2012,8.1,32.73,0.65
SRS5,9/25/2012,3.1,27.606,0.34
SRS5,9/28/2012,3,31.026,0.05
SRS5,10/1/2012,7.8,36.818,0.03
SRS5,10/4/2012,6.6,31.31,0.02
SRS5,10/7/2012,1.3,35.379,0.01
SRS5,10/10/2012,2,31.349,0.01
SRS5,10/13/2012,1.5,33.903,0.1
SRS5,10/16/2012,7,35.788,0.01
SRS5,10/17/2012,7.6,29.873,0.01
SRS5,10/20/2012,15.7,31.439,0.71
SRS5,10/23/2012,5.6,37.056,0.34
SRS5,10/26/2012,5.5,44.178,1.02
SRS5,10/29/2012,17.8,31.123,0.78
SRS5,11/1/2012,7.6,34.288,0.51
SRS5,11/4/2012,9.2,35.985,0.37
SRS5,11/7/2012,5.4,41.656,0.69
SRS5,11/10/2012,3.3,45.434,0.42
SRS5,11/12/2012,0.1,41.34,0.56
SRS5,11/16/2012,14.5,42.364,1.78
SRS5,11/19/2012,7.9,36.449,0.4
SRS5,11/22/2012,10.2,38.506,0.88
SRS5,11/25/2012,14.1,31.688,0.54
SRS5,11/28/2012,16.8,27.868,0.51
SRS5,12/1/2012,7.8,38.506,0.34
SRS5,12/4/2012,7.5,37.256,0.41
SRS5,12/7/2012,7.4,41.276,0.36
SRS5,12/10/2012,8.5,37.641,0.56
SRS5,12/13/2012,11.2,36.914,0.47
SRS5,12/16/2012,9.5,36.966,0.5
SRS5,12/18/2012,15.9,32.168,1.11
SRS5,12/21/2012,7.8,39.278,0.6
SRS5,12/24/2012,5.4,44.349,0.82
SRS5,12/27/2012,11.6,38.798,0.74
SRS5,12/30/2012,11,36.094,0.58
SRS5,1/2/2013,7.8,38.133,0.56
SRS5,1/5/2013,9.1,36.878,0.57
SRS5,1/8/2013,7.7,38.133,0.59
SRS5,1/11/2013,9.8,34.949,0.72
SRS5,1/14/2013,14.5,31.133,0.88
SRS5,1/15/2013,13.7,26.64,1.46
SRS5,1/18/2013,14.1,41.546,0.67
SRS5,1/21/2013,11.4,45.154,0.5
SRS5,1/24/2013,8.7,52.334,0.49
SRS5,1/27/2013,10.5,41.567,0.56
SRS5,1/30/2013,15,38.97,0.66
SRS5,2/2/2013,14.3,41.911,0.54
SRS5,2/4/2013,15,42.152,0.64
SRS5,2/8/2013,18.7,38.206,0.52
SRS5,2/11/2013,18.7,41.645,0.56
SRS5,2/14/2013,19,39.572,0.46
SRS5,2/17/2013,12.1,50.614,0.45
SRS5,2/20/2013,10.3,49.893,0.42
SRS5,2/23/2013,13.8,46.629,0.59
SRS5,2/26/2013,20.3,35.371,0.52
SRS5,3/1/2013,19.7,38.243,0.47
SRS5,3/4/2013,16.9,44.509,0.36
SRS5,3/6/2013,17.6,42.665,0.35
SRS5,3/10/2013,19,41.571,0.64
SRS5,3/13/2013,25.7,46.71,0.72
SRS5,3/16/2013,20.9,37.811,0.46
SRS5,3/19/2013,22.6,35.663,0.54
SRS5,3/22/2013,19.3,39.087,0.49
SRS5,3/25/2013,24.4,30.045,0.41
SRS5,3/28/2013,20.5,37.059,0.41
SRS5,3/31/2013,20.8,36.29,0.44
SRS5,4/2/2013,26,29.063,0.57
SRS5,4/5/2013,25.1,29.122,0.74
SRS5,4/8/2013,21.2,30.205,0.99
SRS5,4/11/2013,21,32.629,0.96
SRS5,4/14/2013,22.7,30.258,0.73
SRS5,4/17/2013,21.8,32.363,0.67
SRS5,4/20/2013,18.9,33.36,0.63
SRS5,4/23/2013,19.8,33.417,0.87
SRS5,4/26/2013,22.3,31.878,0.52
SRS5,4/29/2013,24.2,28.528,0.75
SRS5,5/1/2013,25.1,24.727,0.76
SRS5,5/4/2013,24.9,35.658,0.94
SRS5,5/7/2013,25.1,33.01,0.69
SRS5,5/10/2013,21.3,37.249,0.68
SRS5,5/13/2013,23.7,36.81,0.7
SRS5,5/16/2013,20,43.234,0.73
SRS5,5/19/2013,21.7,40.671,0.7
SRS5,5/22/2013,19.2,43.611,0.56
SRS5,5/25/2013,22.1,35.809,0.58
SRS5,5/28/2013,15.5,45.575,0.44
SRS5,5/29/2013,10.6,42.587,0.37
SRS5,6/1/2013,6.6,43.843,0.38
SRS5,6/4/2013,6.1,44.511,0.83
SRS5,6/7/2013,5.2,48.011,0.97
SRS5,6/10/2013,2.5,50.138,0.76
SRS5,6/13/2013,4.1,48.465,0.92
SRS5,6/16/2013,2.5,39.868,0.71
SRS5,6/19/2013,4.8,43.177,0.77
SRS5,6/22/2013,6.3,47.332,0.64
SRS5,6/25/2013,9.7,42.067,0.44
SRS5,6/28/2013,13.1,38.52,0.55
SRS5,6/30/2013,10.8,37.162,0.53
SRS5,7/4/2013,2.7,49.703,0.59
SRS5,7/7/2013,2.2,56.447,1.25
SRS5,7/10/2013,7.8,53.407,1.03
SRS5,7/13/2013,12.6,48.887,1.02
SRS5,7/16/2013,4,46.019,0.87
SRS5,7/19/2013,3,51.625,1.35
SRS5,7/22/2013,3.6,52.798,1.05
SRS5,7/25/2013,8.1,49.146,1.34
SRS5,7/28/2013,8.7,33.481,0.47
SRS5,7/31/2013,1.8,38.443,0.47
SRS5,8/3/2013,3.9,40.851,0.56
SRS5,8/6/2013,5.1,36.204,0.44
SRS5,8/9/2013,7.2,34.549,0.41
SRS5,8/12/2013,5.9,34.554,0.38
SRS5,8/14/2013,6.6,37.803,0.55
SRS5,8/17/2013,9.9,37.468,0.67
SRS5,8/20/2013,9.9,39.921,0.5
SRS5,8/23/2013,12.6,36.378,0.45
SRS5,8/26/2013,15.8,31.541,0.4
SRS5,8/29/2013,9.2,36.005,0.42
SRS5,9/1/2013,8.9,37.548,0.4
SRS5,9/4/2013,11.3,35.378,0.52
SRS5,9/5/2013,5.3,68.092,1.25
SRS5,9/8/2013,9.8,44.017,1.81
SRS5,9/11/2013,9.6,72.977,2.53
SRS5,9/14/2013,9.6,55.088,1.84
SRS5,9/17/2013,3.7,64.529,1.64
SRS5,9/20/2013,6.2,59.403,1.63
SRS5,9/23/2013,8.8,46.57,1.5
SRS5,9/26/2013,7.8,47.861,1.09
SRS5,9/29/2013,4.9,50.762,1.1
SRS5,10/2/2013,2.8,53.136,1.17
SRS5,10/5/2013,6.2,45.318,1.28
SRS5,10/8/2013,12,38.226,0.74
SRS5,10/11/2013,6.2,47.131,0.74
SRS5,10/14/2013,5.7,48.184,0.72
SRS5,10/17/2013,13.1,35.544,0.5
SRS5,10/20/2013,15,33.498,0.56
SRS5,10/23/2013,11.6,37.908,0.7
SRS5,10/26/2013,4.7,53.21,0.59
SRS5,10/28/2013,4.2,49.947,0.7
SRS5,11/1/2013,6.9,41.979,0.27
SRS5,11/4/2013,15.2,31.273,0.47
SRS5,11/7/2013,6.1,42.27,0.42
SRS5,11/10/2013,11.9,40.18,0.38
SRS5,11/12/2013,6.7,44.639,0.5
SRS5,11/15/2013,5.4,51.173,0.47
SRS5,11/18/2013,15.8,31.564,0.73
SRS5,11/21/2013,19.4,27.406,0.6
SRS5,11/24/2013,10.6,39.899,0.87
SRS5,11/27/2013,9.4,44.181,0.57
SRS5,11/30/2013,6.9,40.808,0.65
SRS5,12/2/2013,10.9,35.271,1.3
SRS5,12/6/2013,17.5,37.647,0.72
SRS5,12/9/2013,10,40.983,0.27
SRS5,12/12/2013,6.4,45.282,0.32
SRS5,12/15/2013,8,50.329,0.43
SRS5,12/18/2013,7.5,43.157,0.3
SRS5,12/21/2013,6.4,46.07,0.34
SRS5,12/24/2013,10.3,46.459,0.32
SRS5,12/27/2013,6.3,50.184,0.27
SRS5,12/30/2013,10.4,40.648,0.24
SRS5,1/2/2014,9.9,42.641,0.24
SRS5,1/5/2014,11.5,50.174,0.26
SRS5,1/8/2014,12.5,40.015,0.34
SRS5,1/11/2014,10.6,49.026,0.31
SRS5,1/14/2014,13.2,38.484,0.3
SRS5,1/17/2014,11.1,38.873,0.22
SRS5,1/20/2014,10.7,43.701,0.25
SRS5,1/22/2014,14.9,35.532,0.36
SRS5,1/25/2014,9.5,40.669,0.39
SRS5,1/28/2014,13.2,38.203,0.38
SRS5,1/31/2014,13.8,36.177,0.48
SRS5,2/3/2014,15.4,35.244,0.55
SRS5,2/6/2014,14.9,37.487,0.5
SRS5,2/9/2014,10.2,40.729,0.42
SRS5,2/11/2014,11.5,41.193,0.85
SRS5,2/14/2014,17.6,31.536,0.87
SRS5,2/17/2014,15,37.302,1.83
SRS5,2/20/2014,11.9,37.95,1.97
SRS5,2/23/2014,12.6,37.672,1.65
SRS5,2/26/2014,12.6,37.063,1.77
SRS5,3/1/2014,21.1,27.637,0.5
SRS5,3/4/2014,16.6,32.979,0.53
SRS5,3/7/2014,21,27.071,0.72
SRS5,3/10/2014,13,36.049,2.21
SRS5,3/13/2014,16.7,37.429,0.49
SRS5,3/16/2014,13.1,36.751,0.57
SRS5,3/18/2014,21.6,28.061,0.97
SRS5,3/22/2014,20.6,27.023,0.98
SRS5,3/25/2014,20.7,25.964,0.76
SRS5,3/28/2014,19.3,24.248,0.56
SRS5,3/31/2014,23,21.943,0.53
SRS5,4/3/2014,20.6,24.96,0.49
SRS5,4/6/2014,22.2,21.938,0.59
SRS5,4/8/2014,21.7,23.284,0.6
SRS5,4/12/2014,20.8,35.774,0.68
SRS5,4/15/2014,26.3,32.574,0.85
SRS5,4/18/2014,25.5,31.15,0.93
SRS5,4/21/2014,27.2,28.025,0.98
SRS5,4/24/2014,25.9,31.299,1.19
SRS5,4/27/2014,29.7,28.062,1.43
SRS5,4/30/2014,30.8,25.431,1.19
SRS5,5/1/2014,30.3,24.219,1.41
SRS5,5/4/2014,33.2,35.3,1.85
SRS5,5/7/2014,29.8,44.391,1.6
SRS5,5/10/2014,24.8,47.634,2.71
SRS5,5/13/2014,28.5,51.884,5.62
SRS5,5/16/2014,30.3,60.653,6.16
SRS5,5/19/2014,25.8,80.471,5.55
SRS5,5/22/2014,28.4,68.044,5.28
SRS5,5/25/2014,31.3,60.131,3.65
SRS5,5/28/2014,31.2,38.712,2.34
SRS5,5/31/2014,29.5,39.594,2.26
SRS5,6/3/2014,25.4,35.845,1.89
SRS5,6/4/2014,19,38.459,1.73
SRS5,6/7/2014,20.9,47.855,2.26
SRS5,6/10/2014,25.2,42.979,1.71
SRS5,6/13/2014,26.1,40.652,1.88
SRS5,6/16/2014,23,39.753,1.26
SRS5,6/19/2014,18.5,42.405,1.28
SRS5,6/22/2014,16,35.756,0.64
SRS5,6/25/2014,15.9,36.751,1
SRS5,6/28/2014,9.8,41.14,0.67
SRS5,7/1/2014,10.9,38.849,0.78
SRS5,7/4/2014,13,34.313,0.52
SRS5,7/7/2014,6.4,41.16,0.56
SRS5,7/9/2014,7,33.048,0.58
SRS5,7/13/2014,8.8,49.463,1.04
SRS5,7/16/2014,14.5,50.992,1.74
SRS5,7/19/2014,10.7,55.161,1.32
SRS5,7/22/2014,6.3,46.699,0.63
SRS5,7/25/2014,7.9,48.733,0.89
SRS5,7/28/2014,11.4,46.462,0.9
SRS5,7/31/2014,18.4,43.622,1.13
SRS5,8/3/2014,14.5,40.701,0.79
SRS5,8/6/2014,7.5,42.63,0.74
SRS5,8/9/2014,10.2,38.75,0.54
SRS5,8/12/2014,12,40.516,0.64
SRS5,8/13/2014,20.6,32.948,1.9
SRS5,8/16/2014,14.7,35.691,1.85
SRS5,8/19/2014,5.9,51.122,2.86
SRS5,8/22/2014,5.6,44.291,2.12
SRS5,8/25/2014,13.6,46.06,2.62
SRS5,8/28/2014,12.7,33.966,1.35
SRS5,8/31/2014,16.3,31.218,0.92
SRS5,9/3/2014,11.1,35.616,1.06
SRS5,9/6/2014,9.2,34.791,0.64
SRS5,9/8/2014,12.9,33.514,1.57
SRS5,9/12/2014,14.7,51.768,1.07
SRS5,9/15/2014,7.5,44.294,0.68
SRS5,9/18/2014,6,48.266,0.81
SRS5,9/21/2014,9.7,42.425,0.65
SRS5,9/24/2014,9,42.771,0.62
SRS5,9/27/2014,10.2,38.04,0.5
SRS5,9/30/2014,12.9,36.456,0.53
SRS5,10/3/2014,13.3,35.13,0.41
SRS5,10/6/2014,11.9,37.092,0.42
SRS5,10/7/2014,17.1,36.065,0.86
SRS5,10/10/2014,12.1,38.601,0.7
SRS5,10/13/2014,12.2,33.045,0.61
SRS5,10/16/2014,8.8,43.707,0.96
SRS5,10/19/2014,7.4,44.848,0.65
SRS5,10/22/2014,12.7,37.787,0.68
SRS5,10/25/2014,7.6,40.782,0.62
SRS5,10/28/2014,13.8,36.099,0.48
SRS5,10/31/2014,15.6,34.031,0.61
SRS5,11/3/2014,12.4,37.706,0.9
SRS5,11/4/2014,4.2,46.616,0.77
SRS5,11/7/2014,15.7,47.734,0.6
SRS5,11/10/2014,20,38.258,0.18
SRS5,11/13/2014,16.9,41.683,0.29
SRS5,11/16/2014,11.8,44.637,0.33
SRS5,11/19/2014,14.3,44.931,0.48
SRS5,11/22/2014,6.8,53.335,0.36
SRS5,11/25/2014,19.6,39.345,0.36
SRS5,11/28/2014,13.8,43.68,0.31
SRS5,12/1/2014,12.2,45.816,0.35
SRS5,12/2/2014,13.1,49.014,1.36
SRS5,12/5/2014,20.8,34.556,0.76
SRS5,12/8/2014,21.6,36.821,0.71
SRS5,1/11/2015,12.8,51.516,0.57
SRS5,1/14/2015,14.9,45.014,1.01
SRS5,1/17/2015,12.7,49.812,0.97
SRS5,1/20/2015,19.1,55.137,0.59
SRS5,1/23/2015,24.5,35.907,0.58
SRS5,1/26/2015,26.6,33.508,0.76
SRS5,1/29/2015,21.5,39.462,0.52
SRS5,2/1/2015,16.4,44.216,0.53
SRS5,2/4/2015,20.2,43.315,0.49
SRS5,2/7/2015,19.3,37.993,0.51
SRS5,2/9/2015,18.7,41.858,0.64
SRS5,2/12/2015,23.9,37.208,0.7
SRS5,2/15/2015,21.2,47.202,1.1
SRS5,2/18/2015,27.5,39.267,0.89
SRS5,2/21/2015,22,40.737,0.54
SRS5,2/24/2015,23.9,37.163,0.56
SRS5,2/27/2015,23.4,39.105,0.71
SRS5,3/2/2015,17.3,48.577,0.7
SRS5,3/5/2015,21.1,39.257,0.7
SRS5,3/8/2015,19.3,54.528,0.64
SRS5,3/11/2015,21,40.236,0.65
SRS5,3/14/2015,23.4,35.142,0.67
SRS5,3/16/2015,21.9,38.475,0.79
SRS5,3/19/2015,27.3,32.955,0.92
SRS5,3/22/2015,29.8,31.064,1.3
SRS5,3/25/2015,31.3,29.402,0.78
SRS5,3/28/2015,26.4,33.769,0.74
SRS5,3/31/2015,22.2,37.84,0.6
SRS5,4/3/2015,26.9,36.127,0.7
SRS5,4/5/2015,27.5,31.094,0.71
SRS5,4/9/2015,27.3,39.938,0.9
SRS5,4/12/2015,29.3,38.473,1.02
SRS5,4/15/2015,28.3,35.674,1.07
SRS5,4/18/2015,32.7,38.595,1.15
SRS5,4/21/2015,34.2,30.07,0.77
SRS5,4/24/2015,32.5,27.031,0.87
SRS5,4/27/2015,32.2,25.787,0.75
SRS5,4/30/2015,30.6,26.764,0.62
SRS5,5/3/2015,23.6,29.401,0.6
SRS5,5/4/2015,20.6,39.441,1.21
SRS5,5/7/2015,24.2,29.024,1.17
SRS5,5/10/2015,29.6,27.167,1.49
SRS5,5/13/2015,24.2,30.873,1.23
SRS5,5/16/2015,27,30.505,1.11
SRS5,5/19/2015,28.5,25.181,1.12
SRS5,5/22/2015,30.3,16.386,1.01
SRS5,5/25/2015,26.5,26.527,0.95
SRS5,5/28/2015,24.5,28.228,0.86
SRS5,5/31/2015,27.6,22.472,0.84
SRS5,6/2/2015,27.5,20.949,0.98
SRS5,6/5/2015,27.8,38.63,1.77
SRS5,6/8/2015,27.4,39.825,1.93
SRS5,6/11/2015,22.9,43.615,2.21
SRS5,6/14/2015,18.6,39.431,1.56
SRS5,6/17/2015,21.3,44.155,1.87
SRS5,6/20/2015,23,35.243,0.99
SRS5,6/23/2015,20.9,39.767,1.16
SRS5,6/26/2015,20.2,37.769,1
SRS5,6/29/2015,23.6,22.834,0.97
SRS5,6/30/2015,22,24.17,1.04
SRS5,7/4/2015,23.1,38.99,2.32
SRS5,7/7/2015,23,37.583,2.19
SRS5,7/10/2015,17.4,35.505,1.53
SRS5,7/13/2015,22,31.582,1.45
SRS5,7/16/2015,26.4,42.365,1.96
SRS5,7/19/2015,24.1,29.032,1.14
SRS5,7/22/2015,26.3,31.89,1.69
SRS5,7/25/2015,24.3,30.978,1.31
SRS5,7/28/2015,25.6,30.234,1.43
SRS5,7/31/2015,23.6,28.341,0.94
SRS5,8/3/2015,26,23.875,0.78
SRS5,8/6/2015,21.7,21.408,0.78
SRS5,8/9/2015,20.6,24.323,0.53
SRS5,8/11/2015,24.1,21.541,0.68
SRS5,8/15/2015,24.3,61.582,2.02
SRS5,8/18/2015,19,48.038,0.92
SRS5,8/21/2015,21,51.146,1.28
SRS5,8/24/2015,18.9,47.293,1.04
SRS5,8/27/2015,16.7,49.94,1.11
SRS5,8/30/2015,13.8,39.243,0.59
SRS5,9/2/2015,19.5,45.356,0.7
SRS5,9/5/2015,17.9,44.99,0.88
SRS5,9/8/2015,12.1,58.83,0.86
SRS5,9/11/2015,10.8,42.513,0.78
SRS5,9/14/2015,17.5,35.434,0.72
SRS5,9/15/2015,9.8,39.134,1.46
SRS5,9/18/2015,13.1,41.106,0.64
SRS5,9/21/2015,16.7,39.851,0.79
SRS5,9/24/2015,12.1,35.152,0.5
SRS5,9/27/2015,20.9,30.717,0.41
SRS5,9/30/2015,26.3,26.611,0.56
SRS5,10/1/2015,29.9,28.889,1.14
SRS5,10/4/2015,29.7,38.451,1.11
SRS5,10/7/2015,27.6,43.776,1.48
SRS5,10/10/2015,24.8,37.535,1.67
SRS5,10/13/2015,24.3,40.791,1.03
SRS5,10/16/2015,19,38.474,0.51
SRS5,10/19/2015,11,44.556,0.69
SRS5,10/22/2015,12.5,65.732,1.37
SRS5,10/25/2015,21.7,53.681,0.97
SRS5,10/28/2015,24.8,37.14,1.18
SRS5,10/31/2015,25.7,32.995,0.7
SRS5,11/3/2015,20.5,38.809,0.51
SRS5,11/6/2015,13.7,59.523,1.36
SRS5,11/9/2015,16.4,46.629,0.57
SRS5,11/10/2015,22.7,47.586,1.96
SRS5,11/13/2015,19.7,38.397,0.46
SRS5,11/16/2015,13.5,42.351,0.46
SRS5,11/19/2015,16.1,44.753,0.6
SRS5,11/22/2015,18.8,41.992,0.59
SRS5,11/25/2015,12.6,43.695,0.54
SRS5,11/28/2015,12.9,43.495,0.59
SRS5,11/30/2015,18.9,37.498,0.7
SRS5,12/4/2015,16.1,48.267,0.59
SRS5,12/7/2015,6.1,60.221,1.05
SRS5,12/10/2015,9.9,56.935,1.15
SRS5,12/13/2015,14.7,40.258,0.49
SRS5,12/16/2015,17.4,39.792,0.48
SRS5,12/19/2015,11.9,42.847,0.45
SRS5,12/22/2015,7.4,54.12,0.63
SRS5,12/25/2015,15.5,42.772,0.55
SRS5,12/28/2015,11.8,44.166,0.55
SRS5,12/31/2015,11.3,46.015,0.51
SRS5,1/3/2016,8.6,47.131,0.45
SRS5,1/5/2016,8.3,51.913,0.89
SRS5,1/8/2016,11.5,54.291,0.84
SRS5,1/11/2016,19.8,41.849,0.57
SRS5,1/14/2016,11.2,48.24,0.63
SRS5,1/17/2016,17,37.014,0.36
SRS5,1/20/2016,7.6,47.165,0.53
SRS5,1/23/2016,11.6,40.631,0.51
SRS5,1/26/2016,9.3,41.158,0.49
SRS5,1/29/2016,10.6,39.188,0.53
SRS5,2/1/2016,2.7,40.229,0.45
SRS5,2/4/2016,3.8,37.583,0.35
SRS5,2/7/2016,4.2,39.505,0.34
SRS5,2/10/2016,12.6,34.855,0.55
SRS5,2/11/2016,11.7,38.303,1.27
SRS5,2/14/2016,5.1,44.925,0.58
SRS5,2/17/2016,4.4,46.239,0.8
SRS5,2/20/2016,3.2,41.129,0.66
SRS5,2/23/2016,6.9,50.938,0.86
SRS5,2/26/2016,11.4,38.125,0.66
SRS5,2/29/2016,5.3,47.193,0.46
SRS5,3/3/2016,5.4,44.603,0.48
SRS5,3/6/2016,6.7,43.676,0.49
SRS5,3/8/2016,6.4,47.334,0.69
SRS5,3/11/2016,12.4,52.432,1.13
SRS5,3/14/2016,13.9,52.693,1.2
SRS5,3/17/2016,9.3,55.04,1.17
SRS5,3/20/2016,13.6,47.387,1.2
SRS5,3/23/2016,9.2,60.716,1.44
SRS5,3/26/2016,11.3,44.916,0.6
SRS5,3/29/2016,11.5,43.496,0.6
SRS5,4/1/2016,11,48.206,0.79
SRS5,4/4/2016,8.7,49.31,0.74
SRS5,4/7/2016,12.6,45.05,0.7
SRS5,4/10/2016,17,40.015,1.31
SRS5,4/12/2016,9.9,45.064,0.82
SRS5,4/15/2016,14,53.318,0.83
SRS5,4/18/2016,11,50.472,1.03
SRS5,4/21/2016,14.5,57.308,0.97
SRS5,4/24/2016,21,43.216,1.02
SRS5,4/27/2016,21.4,45.074,0.96
SRS5,4/30/2016,23,39.949,1
SRS5,5/3/2016,20.8,39.968,0.7
SRS5,5/6/2016,26.6,39.618,0.84
SRS5,5/8/2016,25.6,38.306,0.76
SRS5,5/12/2016,20.3,59.272,1.05
SRS5,5/15/2016,17.3,53.136,1
SRS5,5/18/2016,15.4,60.428,0.92
SRS5,5/21/2016,17.4,47.781,0.95
SRS5,5/24/2016,17.4,48.517,0.87
SRS5,5/27/2016,12.6,53.301,0.41
SRS5,5/30/2016,15.6,47.045,0.42
SRS5,6/2/2016,13.3,49.037,0.47
SRS5,6/5/2016,13.5,44.173,0.47
SRS5,6/7/2016,22.8,33.603,0.87
SRS5,6/11/2016,15.8,52.543,0.96
SRS5,6/14/2016,11,54.822,0.67
SRS5,6/17/2016,11.1,56.52,0.91
SRS5,6/20/2016,11.2,57.02,0.89
SRS5,6/23/2016,9.5,64.708,1.17
SRS5,6/26/2016,15.3,49.436,0.88
SRS5,6/29/2016,8.6,51.669,0.69
SRS5,7/2/2016,10.3,47.01,0.47
SRS5,7/5/2016,6.7,47.336,0.42
SRS5,7/8/2016,9.6,44.812,0.52
SRS5,7/11/2016,7.4,42.864,0.39
SRS5,7/13/2016,4.9,47.26,0.53
SRS5,7/16/2016,6.9,50.033,0.58
SRS5,7/19/2016,7.7,55.817,0.76
SRS5,7/22/2016,12.3,45.128,0.46
SRS5,7/25/2016,17.9,35.425,0.43
SRS5,7/28/2016,12.8,39.359,0.39
SRS5,7/31/2016,16.5,35.712,0.45
SRS5,8/2/2016,12.1,40.548,0.66
SRS5,8/5/2016,16.3,53.367,0.99
SRS5,8/8/2016,16.9,48.372,0.75
SRS5,8/11/2016,5.8,63.811,0.67
SRS5,8/14/2016,7,55.632,0.58
SRS5,8/17/2016,9.4,58.397,0.64
SRS5,8/20/2016,15.8,47.944,0.66
SRS5,8/23/2016,21.5,44.28,0.53
SRS5,8/26/2016,14.7,39.277,0.39
SRS5,8/29/2016,13.2,41.813,0.43
SRS5,8/31/2016,21.3,38.312,0.53
SRS5,9/4/2016,17.4,57.636,1.43
SRS5,9/7/2016,10.9,62.074,1.15
SRS5,9/10/2016,4.9,62.606,1.1
SRS5,9/13/2016,6.1,54.075,0.88
SRS5,9/16/2016,8.4,62.237,1.16
SRS5,9/19/2016,12.5,60.689,1.49
SRS5,9/22/2016,9.4,47.328,0.85
SRS5,9/25/2016,4.7,48.737,0.97
SRS5,9/28/2016,5.4,42.344,0.75
SRS5,10/1/2016,5.1,43.096,0.72
SRS5,10/4/2016,5.5,41.783,0.36
SRS5,10/7/2016,10.2,37.968,0.42
SRS5,10/10/2016,8.3,39.435,0.36
SRS5,10/12/2016,3.2,40.901,0.34
SRS5,11/12/2016,17.5,41.309,1.12
SRS5,11/15/2016,21.6,31.962,0.75
SRS5,11/18/2016,17.8,31.182,0.45
SRS5,11/21/2016,13.1,34.746,0.37
SRS5,11/24/2016,7.8,40.708,0.3
SRS5,11/27/2016,8.2,41.762,0.36
SRS5,11/30/2016,10.8,40.513,0.38
SRS5,12/3/2016,11.1,40.017,0.43
SRS5,12/5/2016,7.4,44.503,0.65
SRS5,12/8/2016,10.4,57.732,0.98
SRS5,12/11/2016,5.2,63.993,0.84
SRS5,12/14/2016,15.2,61.84,1.05
SRS5,12/17/2016,17.5,46.892,0.48
SRS5,12/20/2016,12.1,48.178,0.57
SRS5,12/23/2016,7.4,50.927,0.51
SRS5,12/26/2016,7.3,48.91,0.49
SRS5,12/29/2016,11.5,49.552,0.51
SRS5,1/1/2017,12.6,48.441,0.49
SRS5,1/4/2017,16.7,40.917,0.52
SRS5,1/7/2017,16.6,42.417,0.62
SRS5,1/10/2017,9.5,49.427,0.68
SRS5,1/11/2017,18,41.1,1.48
SRS5,1/14/2017,17.8,42.796,1.34
SRS5,1/17/2017,16.6,41.404,0.8
SRS5,1/20/2017,17.7,37.59,0.57
SRS5,1/23/2017,22.6,32.052,0.59
SRS5,1/26/2017,23.6,29.947,0.53
SRS5,1/29/2017,16.7,38.337,0.41
SRS5,2/1/2017,14.2,40.862,0.43
SRS5,2/4/2017,14.7,38.43,0.47
SRS5,2/7/2017,14,40.471,0.51
SRS5,2/8/2017,13.2,36.848,0.6
SRS5,2/11/2017,17.3,47.458,1.04
SRS5,2/14/2017,17.8,47.215,0.71
SRS5,2/17/2017,23,37.031,0.59
SRS5,2/20/2017,21,40.143,0.58
SRS5,2/23/2017,20.9,39.334,0.54
SRS5,2/26/2017,26.1,31.677,0.68
SRS5,2/28/2017,23.6,36.378,0.74
SRS5,3/4/2017,22.4,47.743,1.03
SRS5,3/7/2017,16,59.29,0.99
SRS5,3/10/2017,21.3,50.702,1.1
SRS5,3/13/2017,26.3,50.42,1.14
SRS5,3/16/2017,25.8,43.858,0.87
SRS5,3/19/2017,20.7,46.418,0.81
SRS5,3/22/2017,22.2,39.841,0.72
SRS5,3/25/2017,21.6,42.871,0.75
SRS5,3/28/2017,28.1,29.711,0.66
SRS5,3/31/2017,30.4,28.893,0.73
SRS5,4/3/2017,30.6,27.378,0.6
SRS5,4/4/2017,22.5,43.132,1.21
SRS5,4/7/2017,28.3,49.24,2.63
SRS5,4/10/2017,29.7,48.291,1.76
SRS5,4/13/2017,27.8,52.455,1.72
SRS5,4/16/2017,28.5,48.75,1.69
SRS5,4/19/2017,29,45.134,1.21
SRS5,4/22/2017,27,36.678,1.26
SRS5,4/25/2017,32.4,34.938,1.59
SRS5,4/28/2017,32.7,38.057,1.12
SRS5,5/1/2017,29.8,37.893,1.14
SRS5,5/4/2017,28.7,34.545,1.06
SRS5,5/7/2017,28.9,31.299,0.92
SRS5,5/9/2017,27.1,33.421,0.94
SRS5,5/13/2017,28.5,34.144,1.06
SRS5,5/16/2017,31.3,30.604,0.99
SRS5,5/19/2017,25.4,39.341,1.09
SRS5,5/22/2017,25.6,37.457,1.01
SRS5,5/25/2017,32.1,32.285,1.28
SRS5,5/28/2017,30.4,37.25,1.37
SRS5,5/31/2017,31.2,31.508,1.07
SRS5,6/3/2017,28.7,32.599,1
SRS5,6/6/2017,28.6,32.407,0.82
SRS5,6/9/2017,25.8,29.75,1.08
SRS5,6/12/2017,18.5,31.149,0.69
SRS5,6/13/2017,17.7,37.038,0.95
SRS5,6/16/2017,17,53.928,1.27
SRS5,6/19/2017,13.4,51.838,1.15
SRS5,6/22/2017,14.8,46.631,0.73
SRS5,6/25/2017,16.2,48.716,0.98
SRS5,6/28/2017,17.9,40.557,0.75
SRS5,7/1/2017,9.6,49.587,0.82
SRS5,7/4/2017,13.7,41.339,0.65
SRS5,7/7/2017,10.2,42.935,0.63
SRS5,7/10/2017,12,37.686,0.52
SRS5,7/11/2017,15.3,41.151,0.66
SRS5,7/17/2017,10.5,67.704,1.73
SRS5,7/20/2017,10.7,71.608,2.15
SRS5,7/23/2017,7.3,66.315,1.73
SRS5,7/26/2017,10.6,58.177,0.96
SRS5,7/29/2017,8.7,66.457,1.17
SRS5,8/1/2017,8.5,49.89,1.36
SRS5,8/4/2017,1.9,47.04,0.77
SRS5,8/7/2017,4.5,46.771,0.77
SRS5,8/9/2017,6.6,69.148,2.82
SRS5,8/12/2017,10.1,88.381,2.11
SRS5,8/15/2017,5.4,104.902,2.29
SRS5,8/18/2017,4.6,82.368,1.85
SRS5,8/21/2017,3.7,88.462,1.94
SRS5,8/24/2017,5.5,89.989,2.2
SRS5,8/27/2017,6,77.267,1.41
SRS5,8/30/2017,0.7,62.492,1.43
SRS5,9/2/2017,2.1,54.847,0.99
SRS5,9/5/2017,3.7,70.29,1.63
SRS5,9/8/2017,10.2,73.68,1.43
SRS5,9/11/2017,9.6,61.906,1.44
SRS5,9/14/2017,8.2,94.567,5.07
SRS5,9/17/2017,2.1,61.085,3.04
SRS5,9/20/2017,3.7,148.841,4.99
SRS5,9/23/2017,4.2,143.597,4.17
SRS5,9/26/2017,3.4,184.457,7.35
SRS5,9/29/2017,1.3,82.439,1.85
SRS5,10/2/2017,1.1,68.943,1.28
SRS5,10/5/2017,0.7,54.33,1.84
SRS5,10/6/2017,6.1,-9999,-9999
SRS5,10/9/2017,9.4,67.131,2.54
SRS5,10/12/2017,2.5,94.676,3.09
SRS5,10/15/2017,2.7,106.953,2.49
SRS5,10/18/2017,4.7,127.383,2.19
SRS5,10/21/2017,1.6,94.027,1.99
SRS5,10/24/2017,3.5,65.38,1.34
SRS5,10/27/2017,3.4,42.912,0.79
SRS5,10/30/2017,1.9,46.77,0.83
SRS5,11/1/2017,0.9,117.331,1.6
SRS5,11/4/2017,2.2,91.92,0.89
SRS5,11/7/2017,6.6,72.897,0.78
SRS5,11/10/2017,3.3,80.112,0.84
SRS5,11/13/2017,2.2,68.514,2.07
SRS5,11/16/2017,1.6,60.089,1.74
SRS5,11/19/2017,4.7,47.304,1.18
SRS5,11/22/2017,6.8,58.16,1.13
SRS5,11/25/2017,3.9,53.147,1.13
SRS5,11/28/2017,0.8,45.762,0.96
SRS5,12/1/2017,2.9,46.023,1.18
SRS5,12/4/2017,8.3,43.504,2.33
SRS5,12/6/2017,9.3,43.959,3.88
SRS5,12/10/2017,7.2,136.9,4.67
SRS5,12/13/2017,2,75.075,1.39
SRS5,12/16/2017,3.4,57.898,1.12
SRS5,12/19/2017,1.9,69.675,0.96
SRS5,12/22/2017,3.7,65.642,1.02
SRS5,12/25/2017,3.2,69.875,1.04
SRS5,12/28/2017,2,64.939,0.82
SRS5,12/31/2017,3.6,72.572,1.13
SRS5,1/3/2018,5.1,70.642,1.16
SRS5,1/6/2018,6.9,69.63,1.35
SRS5,1/9/2018,5.2,71.372,1.27
SRS5,1/11/2018,7.2,82.151,2.05
SRS5,1/14/2018,5.1,58.523,0.57
SRS5,1/17/2018,3.5,64.243,0.59
SRS5,1/20/2018,5.7,62.34,0.69
SRS5,1/23/2018,8.8,65.197,0.92
SRS5,1/26/2018,7.2,61.089,0.64
SRS5,1/29/2018,7.8,69.047,0.97
SRS5,2/1/2018,9.6,71.785,1.19
SRS5,2/4/2018,12.4,68.87,1.54
SRS5,2/7/2018,10.2,67.729,1.03
SRS5,2/10/2018,6,74.713,1.67
SRS5,2/13/2018,7,73.394,1.6
SRS5,2/16/2018,8.7,85.687,2.23
SRS5,2/19/2018,12,77.173,1.99
SRS5,2/22/2018,10.3,68.509,1.45
SRS5,2/25/2018,10.3,66.964,1.38
SRS5,2/28/2018,13.6,56.61,1.35
SRS5,3/3/2018,20.4,45.871,1.51
SRS5,3/6/2018,18.3,43.641,0.92
SRS5,3/9/2018,21.9,39.077,0.84
SRS5,3/12/2018,19.7,42.584,0.88
SRS5,3/13/2018,12,39.577,2.06
SRS5,3/16/2018,16.7,63.529,2.56
SRS5,3/19/2018,21.4,54.534,3.27
SRS5,3/22/2018,24.1,41.898,2.48
SRS5,3/25/2018,15.5,66.354,3.21
SRS5,3/28/2018,15,51.542,2.94
SRS5,3/31/2018,23.2,52.907,3.37
SRS5,4/3/2018,23.8,42.696,2.4
SRS5,4/6/2018,23.8,42.828,2.36
SRS5,4/9/2018,23.2,41.832,2.16
SRS5,4/11/2018,18.6,51.196,1.98
SRS5,4/14/2018,19.6,62.652,1.48
SRS5,4/17/2018,23.6,57.127,2.16
SRS5,4/20/2018,21.9,53.734,1.74
SRS5,4/23/2018,22.9,49.306,1.37
SRS5,4/26/2018,23.2,45.978,1.22
SRS5,4/29/2018,26,43.524,1.38
SRS5,5/1/2018,20.3,44.563,2.02
SRS5,5/4/2018,19.1,63.812,1.65
SRS5,5/7/2018,23.5,55.424,1.72
SRS5,5/10/2018,21.6,58.395,1.77
SRS5,5/13/2018,24,59.718,2.06
SRS5,5/16/2018,28.2,68.097,2.99
SRS5,5/19/2018,28.1,53.825,3.23
SRS5,5/22/2018,20.8,65.013,2.32
SRS5,5/25/2018,17.4,47.827,1.78
SRS5,5/28/2018,15.3,54.571,2.59
SRS5,5/31/2018,13.3,53.068,2.53
SRS5,6/3/2018,8.5,43.895,1.68
SRS5,6/5/2018,6.8,42.404,1.3
SRS5,6/8/2018,6.6,76.117,2.9
SRS5,6/11/2018,6.1,70.036,4.07
SRS5,6/14/2018,6.9,73.168,2.96
SRS5,6/17/2018,8.8,77.184,4.72
SRS5,6/20/2018,5.8,58.479,2.71
SRS5,6/23/2018,7.3,63.745,3.45
SRS5,6/26/2018,4,52.03,1.98
SRS5,6/29/2018,5.8,54.159,2.13
SRS5,7/2/2018,5.7,42.944,1.56
SRS5,7/3/2018,5.8,49.369,3.62
SRS5,7/6/2018,2.4,82.401,2.08
SRS5,7/9/2018,4.1,83.218,2.1
SRS5,7/12/2018,6.6,103.596,2.89
SRS5,7/15/2018,6.5,113.12,3.41
SRS5,7/18/2018,8.5,88.137,2.14
SRS5,7/21/2018,3.2,74.105,1.92
SRS5,7/24/2018,8.1,73.75,1.91
SRS5,7/27/2018,4.4,73.031,1.55
SRS5,7/30/2018,3.9,67.155,1.29
SRS5,8/2/2018,4,57.231,0.87
SRS5,8/5/2018,2.9,55.188,0.63
SRS5,8/7/2018,3.9,84.764,1.5
SRS5,8/11/2018,11.3,70.894,1.88
SRS5,8/14/2018,12.4,77.276,2.13
SRS5,8/17/2018,6.3,78.653,1.78
SRS5,8/20/2018,5.4,71.156,1.55
SRS5,8/23/2018,6.5,82.575,1.97
SRS5,8/26/2018,7.1,72.139,1.58
SRS5,8/29/2018,7.7,73.866,2.09
SRS5,9/1/2018,8,68.585,1.23
SRS5,9/4/2018,5.1,55.71,0.59
SRS5,9/7/2018,10.4,49.14,0.63
SRS5,9/9/2018,18.4,56.381,1.37
SRS5,9/13/2018,14.4,67.002,2.05
SRS5,9/16/2018,5.8,71.938,3.08
SRS5,9/19/2018,3,54.525,0.96
SRS5,9/22/2018,1.4,60.785,0.77
SRS5,9/25/2018,4.4,65.724,1.13
SRS5,9/28/2018,7.2,61.282,1.09
SRS5,10/1/2018,2.8,55.921,0.64
SRS5,10/4/2018,3.9,54.019,0.57
SRS5,10/7/2018,6.7,53.112,0.62
SRS5,10/10/2018,8.9,56.532,1.1
SRS5,10/11/2018,8,161.562,5.12
SRS5,10/14/2018,8.3,47.554,1.87
SRS5,10/17/2018,2.1,33.502,0.96
SRS5,10/20/2018,4.7,41.136,1.42
SRS5,10/23/2018,8.6,40.128,2.06
SRS5,10/26/2018,15.9,41.566,2.58
SRS5,10/29/2018,13.5,43.003,2.4
SRS5,11/1/2018,7.9,35.882,0.99
SRS5,11/4/2018,8.3,37.874,0.81
SRS5,11/5/2018,2.1,35.95,0.38
SRS5,11/8/2018,10.6,65.975,1.58
SRS5,11/11/2018,11.4,59.656,1.35
SRS5,11/14/2018,7.9,52.581,1.02
SRS5,11/17/2018,4.8,52.229,0.67
SRS5,11/20/2018,9.5,54.95,0.89
SRS5,11/23/2018,13.6,51.722,0.91
SRS5,11/26/2018,21.6,53.001,1.17
SRS5,11/29/2018,16.8,48.155,0.91
SRS5,12/2/2018,14.9,45.825,0.69
SRS5,12/4/2018,20.8,115.372,3.84
SRS5,12/7/2018,11.4,39.124,1.7
SRS5,12/10/2018,15.5,86.567,2.08
SRS5,12/13/2018,10.3,50.315,1.21
SRS5,12/16/2018,14,54.422,1.47
SRS5,12/19/2018,10.1,57.459,1.33
SRS5,12/22/2018,21.3,62.697,3.59
SRS5,12/25/2018,14.6,51.482,1.73
SRS5,12/28/2018,12.1,47.314,1
SRS5,12/31/2018,11.2,46.988,0.98
SRS5,1/3/2019,10.2,46.514,0.87
SRS5,1/6/2019,15.3,48.247,1.03
SRS5,1/9/2019,14.5,34.79,0.91
SRS5,1/12/2019,16.4,37.841,0.72
SRS5,1/14/2019,18.8,47.781,1.45
SRS5,1/17/2019,13.8,68.691,1.19
SRS5,1/20/2019,21.1,75.4,2.34
SRS5,1/23/2019,16.3,68.874,1.48
SRS5,1/26/2019,17.8,55.773,0.71
SRS5,1/29/2019,12.7,63.387,1.02
SRS5,2/1/2019,11.7,61.837,0.85
SRS5,2/4/2019,16.4,58.508,0.79
SRS5,2/7/2019,18.1,48.281,0.44
SRS5,2/10/2019,14.9,52.563,0.58
SRS5,2/13/2019,17.4,54.89,0.73
SRS5,2/14/2019,6.9,129.954,3.61
SRS5,2/17/2019,16.3,54.198,1.44
SRS5,2/20/2019,19.1,52.777,1.21
SRS5,2/23/2019,19.2,55.921,1.95
SRS5,2/26/2019,18.6,47.483,1.1
SRS5,3/1/2019,15.6,54.253,1.71
SRS5,3/4/2019,21,47.008,1.18
SRS5,3/7/2019,20.4,40.812,0.61
SRS5,3/10/2019,20.9,38.559,1.03
SRS5,3/11/2019,11.2,50.578,0.42
SRS5,3/14/2019,24.9,45.784,0.66
SRS5,3/17/2019,23.9,46.2,0.85
SRS5,3/20/2019,23.9,49.616,0.99
SRS5,3/23/2019,27.9,46.907,1.27
SRS5,3/26/2019,26.8,42.513,0.8
SRS5,3/29/2019,24.9,44.565,0.73
SRS5,4/14/2019,24.2,66.56,2.28
SRS5,4/17/2019,22.6,62.006,1.79
SRS5,4/20/2019,26.1,65.914,2.39
SRS5,4/23/2019,23.9,71.554,2.62
SRS5,4/26/2019,24.7,67.696,2.9
SRS5,4/29/2019,24.1,62.373,2.43
SRS5,5/2/2019,21.7,67.868,2.25
SRS5,5/5/2019,27.2,60.452,1.83
SRS5,5/8/2019,27.7,54.231,1.44
SRS5,5/11/2019,25.9,48.997,1.3
SRS5,5/12/2019,24.8,45.957,1.09
SRS5,5/17/2019,28.6,67.857,1.91
SRS5,5/20/2019,25,69.286,1.9
SRS5,5/23/2019,23.8,67.857,1.75
SRS5,5/26/2019,19.7,57.143,1
SRS5,5/29/2019,24.3,65,1.62
SRS5,6/1/2019,28,58.571,1.53
SRS5,6/3/2019,30.1,95.714,3.8
SRS5,6/6/2019,33.4,154.524,5.8
SRS5,6/9/2019,33.7,104.286,3.87
SRS5,6/12/2019,30.9,90.952,2.94
SRS5,6/15/2019,29.9,110.476,3.94
SRS5,6/18/2019,25.4,102.143,3.72
SRS5,6/21/2019,25.2,101.905,2.85
SRS5,6/24/2019,24,77.857,2.24
SRS5,6/27/2019,23.6,85.476,2.3
SRS5,6/30/2019,21.8,78.333,1.69
SRS5,7/3/2019,25.2,73.571,1.55
SRS5,7/6/2019,26.6,60.714,1.27
SRS5,7/9/2019,24.9,61.905,1.27
SRS5,7/12/2019,22.1,64.286,1.25
SRS5,7/15/2019,20,61.667,0.9
SRS5,7/16/2019,20.6,87.619,2.71
SRS5,7/19/2019,11.2,52.143,1.33
SRS5,7/22/2019,12.1,62.857,1.34
SRS5,7/25/2019,18.4,44.286,1.25
SRS5,7/28/2019,15.5,41.429,0.79
SRS5,7/31/2019,17.7,44.286,1.04
SRS5,8/3/2019,16.9,41.429,1.21
SRS5,8/5/2019,22.6,114.286,4.62
SRS5,8/8/2019,13.9,112.143,3.79
SRS5,8/11/2019,9.5,93.571,2.53
SRS5,8/14/2019,10.5,87.857,2.61
SRS5,8/17/2019,11.2,70.714,2.1
SRS5,8/20/2019,8.8,75.714,1.71
SRS5,8/23/2019,5.5,83.571,1.99
SRS5,8/26/2019,7.4,74.286,1.71
SRS5,8/29/2019,10.3,79.286,1.87
SRS5,9/1/2019,11.2,57.143,1.2
SRS5,9/4/2019,20.1,57.857,1.71
SRS5,9/7/2019,11.5,63.571,1.31
SRS5,9/10/2019,7.2,52.143,0.91
SRS5,9/12/2019,2.3,80,2.28
SRS5,9/15/2019,6.8,104.286,3.04
SRS5,9/18/2019,12.1,71.667,1.35
SRS5,9/21/2019,5.1,80,1.43
SRS5,9/24/2019,8.4,70.952,1.47
SRS5,9/27/2019,20.2,56.905,1.32
SRS5,9/30/2019,20,58.095,1.3
SRS5,10/1/2019,22.2,136.905,5.12
SRS5,10/4/2019,24,56.667,1.5
SRS5,10/7/2019,20.8,61.667,1.77
SRS5,10/10/2019,22.5,52.381,1.54
SRS5,10/13/2019,14.6,76.19,-9999
SRS5,10/16/2019,19.9,69.048,2.11
SRS5,10/19/2019,22.3,54.524,4.4
SRS5,10/22/2019,16.2,55.714,1.64
SRS5,10/25/2019,9.3,66.429,1.19
SRS5,10/28/2019,14.3,65.476,1.35
SRS5,10/31/2019,15.7,56.19,1.25
SRS5,11/3/2019,11.7,66.667,1.43
SRS5,11/6/2019,7.1,58.333,0.83
SRS5,11/9/2019,11,56.429,0.89
SRS5,11/11/2019,12.5,70.714,1.38
SRS5,11/15/2019,21,66.667,1.62
SRS5,11/18/2019,23.2,39.148,0.56
SRS5,11/21/2019,20.9,50.864,1.04
SRS5,11/24/2019,17.2,46.807,0.44
SRS5,11/26/2019,13.4,90.258,5.6
SRS5,12/15/2019,17.2,60,1.31
SRS5,12/18/2019,13.1,66.19,1.35
SRS5,12/21/2019,6.7,66.905,1.02
SRS5,12/24/2019,16.2,59.524,1.28
SRS5,12/27/2019,15.2,48.81,0.71
SRS5,12/30/2019,13.9,46.429,0.64
SRS5,1/2/2020,10.3,51.905,0.75
SRS5,1/5/2020,8.7,53.571,0.81
SRS5,1/8/2020,8.7,55.238,0.87
SRS5,1/9/2020,8.6,191.429,4.71
SRS5,1/12/2020,13.2,69.048,1.54
SRS5,1/15/2020,15.5,60.714,1.19
SRS5,1/18/2020,14.7,55.952,1.04
SRS5,1/21/2020,14,57.143,1.14
SRS5,1/24/2020,18.5,47.619,0.72
SRS5,1/27/2020,21.6,42.143,0.58
SRS5,1/30/2020,23.7,69.762,1.64
SRS5,2/2/2020,17.1,48.81,0.6
SRS5,2/5/2020,12.4,51.19,0.59
SRS5,2/8/2020,15.1,52.143,0.8
SRS5,2/11/2020,13.6,57.381,1.04
SRS5,2/12/2020,21.8,125.714,3.8
SRS5,2/15/2020,16.9,53.095,0.84
SRS5,2/18/2020,14.4,56.19,0.82
SRS5,2/21/2020,16.5,56.905,1.04
SRS5,2/24/2020,15,68.095,1.2
SRS5,2/27/2020,25.6,52.619,1.44
SRS5,3/1/2020,19.3,49.048,0.84
SRS5,3/4/2020,21.3,48.333,0.78
SRS5,3/7/2020,21.6,47.619,0.87
SRS5,3/10/2020,26.4,65.476,0.96
SRS5,3/11/2020,22.9,184.286,9.08
SRS5,3/14/2020,25.6,64.048,1.57
SRS5,3/17/2020,23.4,59.048,1.37
SRS5,3/20/2020,21.1,62.619,1.4
SRS5,3/23/2020,23.2,75.714,1.79
SRS5,3/26/2020,27.4,91.071,2.83
SRS5,3/29/2020,28.1,91.786,2.51
SRS5,4/1/2020,29.8,66.429,1.96
SRS5,4/4/2020,30.3,78.81,2.72
SRS5,4/7/2020,32.4,97.619,3.25
SRS5,4/10/2020,33,91.429,3.82
SRS5,4/13/2020,33.3,97.619,4.09
SRS5,4/16/2020,30.7,82.381,3.52
SRS5,4/19/2020,30.1,78.333,3.47
SRS5,4/22/2020,32.7,96.667,4.05
SRS5,4/25/2020,32.3,91.667,4.11
SRS5,4/28/2020,27.7,74.524,3.23
SRS5,5/1/2020,27,74.524,3.21
SRS5,5/4/2020,27.5,75.714,2.58
SRS5,5/7/2020,31,84.762,2.69
SRS5,5/10/2020,30,65.714,2.24
SRS5,5/13/2020,28.5,59.048,1.5
SRS5,5/16/2020,25,66.19,1.47
SRS5,5/19/2020,30.8,49.048,1.29
SRS5,5/21/2020,30.5,97.857,3.65
SRS5,5/24/2020,27.5,84.048,2.79
SRS5,5/27/2020,24.2,78.095,2.5
SRS5,5/30/2020,21.3,69.286,1.95
SRS5,6/2/2020,22.3,57.857,1.4
SRS5,6/5/2020,25.2,57.381,1.72
SRS5,6/8/2020,25.8,52.143,1.45
SRS5,6/9/2020,25.7,-9999,-9999
SRS5,6/12/2020,24.2,99.286,4.24
SRS5,6/15/2020,22.1,83.095,3.22
SRS5,6/18/2020,18.2,75.952,2.6
SRS5,6/21/2020,21.3,78.571,3
SRS5,6/24/2020,21,69.524,2.38
SRS5,6/27/2020,21.2,74.048,2.62
SRS5,6/30/2020,21,60.238,1.99
SRS5,7/2/2020,20.9,103.81,4.22
SRS5,7/5/2020,24.8,76.071,5.49
SRS5,7/8/2020,21.2,47.092,3.21
SRS5,7/11/2020,17.4,77.379,3.76
SRS5,7/14/2020,9,84.264,4.28
SRS5,7/17/2020,7.5,70.916,1.88
SRS5,7/20/2020,9.9,69.873,2.14
SRS5,7/23/2020,10.3,57.321,2.21
SRS5,7/26/2020,8.6,54.543,2.22
SRS5,7/29/2020,5.7,57.868,1.91
SRS5,8/1/2020,6.9,44.875,1.42
SRS5,8/3/2020,15.1,45.282,5.4
SRS5,8/7/2020,12.3,98.571,2.39
SRS5,8/10/2020,4.6,116.19,2.68
SRS5,8/13/2020,3.9,92.857,2.04
SRS5,8/16/2020,6.7,86.667,1.84
SRS5,8/19/2020,10.6,74.286,1.74
SRS5,8/22/2020,13.2,62.857,1.84
SRS5,8/25/2020,6.4,80.714,1.77
SRS5,8/28/2020,8.1,84.286,1.71
SRS5,8/31/2020,10.1,73.81,1.34
SRS5,9/3/2020,9.1,70.714,1.23
SRS5,9/6/2020,9.5,66.19,1.06
SRS5,9/9/2020,10.3,62.143,1.08
SRS5,9/12/2020,7.1,61.905,1.03
SRS5,9/14/2020,1.8,66.667,1.26
SRS5,9/18/2020,7.3,40.629,1.5
SRS5,9/21/2020,14.2,43.698,2.77
SRS5,9/24/2020,6.5,62.292,3.16
SRS5,9/27/2020,14.8,35.014,2.33
SRS5,9/30/2020,9,48.925,1.67
SRS5,10/1/2020,8.5,52.123,11.57
SRS5,10/4/2020,5.8,89.612,2.51
SRS5,10/7/2020,4.6,91.727,2.95
SRS5,10/10/2020,6.6,67.262,2.34
SRS5,10/13/2020,13.6,63.917,2.46
SRS5,10/16/2020,14.4,58.034,2.73
SRS5,10/19/2020,10.5,45.272,1.96
SRS5,10/22/2020,6.9,62.402,2.92
SRS5,10/25/2020,5,59.984,2.43
SRS5,10/28/2020,1.5,62.757,2.8
SRS5,10/31/2020,3.9,55.564,2.78
SRS5,11/3/2020,2.1,57.948,2.18
SRS5,11/6/2020,2.1,50.401,1.47
SRS5,11/9/2020,3,46.296,1.57
SRS5,11/12/2020,6.7,65.764,2.92
SRS5,11/15/2020,1.3,45.078,2.35
SRS5,11/18/2020,1.7,29.401,1.71
SRS5,11/21/2020,1,32.843,1.24
SRS5,11/23/2020,3,49.406,2.93
SRS5,11/26/2020,1.2,56.667,0.8
SRS5,11/29/2020,1.7,65.476,1.14
SRS5,12/2/2020,3.6,56.19,0.89
SRS5,12/5/2020,1.3,62.857,0.81
SRS5,12/8/2020,1.4,64.286,0.92
SRS5,12/10/2020,2,80.714,1.31
SRS5,12/13/2020,2.1,75.714,1.48
SRS5,12/16/2020,5.3,88.095,1.88
SRS5,12/19/2020,4.5,74.524,1.42
SRS5,12/22/2020,1.7,70.238,1.14
SRS5,12/25/2020,1.9,64.762,1.01
SRS5,12/28/2020,1.8,62.143,0.86
SRS5,12/31/2020,1.9,68.81,1.09
SRS5,1/3/2021,6.3,59.048,0.81
SRS5,1/6/2021,2.6,62.143,0.75
SRS5,1/9/2021,3.9,64.286,0.69
SRS5,1/12/2021,3,67.857,0.8
SRS5,1/13/2021,1.7,215.357,6.03
SRS5,1/16/2021,7.2,58.571,0.99
SRS5,1/19/2021,4.4,60.238,0.75
SRS5,1/22/2021,3,59.762,0.64
SRS5,1/25/2021,2.8,60,0.72
SRS5,1/28/2021,6.7,57.143,0.83
SRS5,1/31/2021,5.2,68.214,0.92
SRS5,2/2/2021,19.5,73.095,2.36
SRS5,2/6/2021,10.2,77.857,1.45
SRS5,2/9/2021,7.9,93.095,2.15
SRS5,2/12/2021,6.7,103.81,1.96
SRS5,2/15/2021,10.6,77.619,1.53
SRS5,2/18/2021,7.1,75.476,1.13
SRS5,2/21/2021,4.5,84.762,1.26
SRS5,2/24/2021,8.5,76.667,1.22
SRS5,2/27/2021,11.8,67.857,0.71
SRS5,3/2/2021,13.6,61.667,0.69
SRS5,3/5/2021,17.9,61.19,0.95
SRS5,3/8/2021,8.2,72.857,0.89
SRS5,3/10/2021,7.8,90.357,1.3
SRS5,3/14/2021,15.3,71.905,1.4
SRS5,3/17/2021,19.3,68.095,1.45
SRS5,3/20/2021,19.6,59.048,1.19
SRS5,3/23/2021,17.6,54.524,0.92
SRS5,3/26/2021,19.3,60.476,1.25
SRS5,3/29/2021,19.5,62.381,1.31
SRS5,4/1/2021,19.3,52.381,0.9
SRS5,4/4/2021,12.8,73.333,1.27
SRS5,4/7/2021,14.5,68.095,1.15
SRS5,4/10/2021,21.8,55.952,1.23
SRS5,4/13/2021,19.7,51.667,1
SRS5,4/16/2021,22.1,62.619,1.45
SRS5,4/18/2021,13.1,54.643,0.14
SRS5,4/22/2021,20.2,66.19,1.31
SRS5,4/25/2021,18.8,69.762,1.37
SRS5,4/28/2021,22.6,54.762,1.16
SRS5,5/1/2021,22.9,66.905,1.2
SRS5,5/4/2021,21,66.429,1.16
SRS5,5/7/2021,18,67.381,1.1
SRS5,5/10/2021,20.3,69.524,1.2
SRS5,5/13/2021,21.6,63.81,1.09
SRS5,5/16/2021,19.6,59.524,1.19
SRS5,5/18/2021,19,69.048,1.13
SRS5,5/21/2021,17.1,70,1.01
SRS5,5/24/2021,23.3,74.286,1.6
SRS5,5/27/2021,28.9,73.333,1.9
SRS5,5/30/2021,31.5,64.048,1.71
SRS5,6/2/2021,29.3,53.095,1.11
SRS5,6/5/2021,27.2,49.524,0.93
SRS5,6/7/2021,25.5,53.333,0.9
SRS5,6/11/2021,27.7,60.238,1.49
SRS5,6/14/2021,32.4,58.095,1.81
SRS5,6/17/2021,29.5,59.762,1.91
SRS5,6/20/2021,22.3,61.429,2.3
SRS5,6/23/2021,26.5,53.571,1.63
SRS5,6/26/2021,23.5,61.19,1.58
SRS5,6/29/2021,23.5,57.381,1.08
SRS5,7/2/2021,14.4,68.095,1.18
SRS5,7/5/2021,11.5,59.524,0.7
SRS5,7/8/2021,14.3,54.762,0.86
SRS5,7/11/2021,14.3,55.476,0.9
SRS5,7/14/2021,14.7,62.143,1.53
SRS5,7/15/2021,17,124.286,4.36
SRS5,7/18/2021,17.8,67.619,1.53
SRS5,7/21/2021,21.3,62.143,1.54
SRS5,7/24/2021,25.3,61.905,1.66
SRS5,7/27/2021,25.4,58.571,1.65
SRS5,7/30/2021,23.5,46.905,1.35
SRS5,8/2/2021,25.2,50.952,1.04
SRS5,8/4/2021,13.4,75.357,10.08
SRS5,8/7/2021,17.1,83.333,2.41
SRS5,8/10/2021,17.9,74.524,2.11
SRS5,8/13/2021,19.3,66.429,1.81
SRS5,8/16/2021,13.9,85,2.29
SRS5,8/19/2021,14,75.714,1.84
SRS5,8/22/2021,18.7,73.333,1.92
SRS5,8/25/2021,21.6,64.762,1.88
SRS5,8/28/2021,14.1,71.786,1.63
SRS5,8/31/2021,14.3,60.476,1.32
SRS5,9/3/2021,17.1,61.905,1.86
SRS5,9/6/2021,16.9,58.095,1.61
SRS5,9/9/2021,21.7,44.762,1.5
SRS5,9/12/2021,18.8,55.476,1.75
SRS5,9/15/2021,11.9,55,1.4
SRS5,9/18/2021,17.9,66.071,2
SRS5,9/20/2021,19.2,82.857,3.42
SRS5,9/24/2021,17.8,75.476,2.09
SRS5,9/27/2021,10.2,67.857,1.62
SRS5,9/30/2021,7.4,57.619,1.25
SRS5,10/3/2021,8.1,64.286,1.62
SRS5,10/5/2021,18.5,120,4.49
SRS5,10/9/2021,21,63.095,1.47
SRS5,10/12/2021,16.1,66.19,1.42
SRS5,10/15/2021,10.8,64.762,1.67
SRS5,10/18/2021,11.6,66.19,1.46
SRS5,10/21/2021,7.3,71.905,2.19
SRS5,10/24/2021,16.4,45.238,0.66
SRS5,10/27/2021,19.2,40.476,0.64
SRS5,10/30/2021,22.8,37.381,0.77
SRS5,11/2/2021,15.3,44.286,1.08
SRS5,11/5/2021,11.3,49.762,1.23
SRS5,11/7/2021,15.9,98.571,3.49
SRS5,11/11/2021,12.4,74.762,1.63
SRS5,11/14/2021,17.9,75.952,1.76
SRS5,11/17/2021,5.3,62.143,1
SRS5,11/20/2021,6.8,81.191,1.59
SRS5,11/23/2021,11.4,71.429,1.46
SRS5,11/26/2021,8.2,59.762,0.98
SRS5,11/29/2021,14,50.476,0.87
SRS5,12/2/2021,7.9,62.857,0.92
SRS5,12/5/2021,14.3,49.048,0.96
SRS5,12/6/2021,13.2,228.571,15.36
SRS5,12/9/2021,14.6,73.929,1.04
SRS5,12/12/2021,6.6,77.857,1.09
SRS5,12/15/2021,5.2,79.762,1.12
SRS5,12/18/2021,7,90.476,1.27
SRS5,12/21/2021,16.6,71.905,1.01
SRS5,12/24/2021,13.4,66.905,0.94
SRS5,12/27/2021,10,75,1.05
SRS5,12/30/2021,11.5,65.238,0.91
SRS5,1/2/2022,16.5,59.286,0.83
SRS5,1/5/2022,18.5,53.81,0.75
SRS5,1/8/2022,15.2,59.048,0.83
SRS5,1/10/2022,7,110.476,1.55
SRS5,1/13/2022,8.3,66.667,1.77
SRS5,1/16/2022,20.3,55,2.1
SRS5,1/19/2022,20.1,46.905,3.17
SRS5,1/22/2022,15.1,51.19,2.13
SRS5,1/25/2022,12,55.952,1.76
SRS5,1/28/2022,13.1,56.19,1.95
SRS5,1/31/2022,20.4,43.095,1.01
SRS5,2/3/2022,20.9,69.048,1.03
SRS5,2/6/2022,21.6,51.19,1.72
SRS5,2/7/2022,12.2,62.143,5.38
SRS5,2/10/2022,8.3,62.857,1.3
SRS5,2/13/2022,9.9,62.857,1.46
SRS5,2/16/2022,8.2,56.667,0.86
SRS5,2/19/2022,17.3,48.095,0.99
SRS5,2/22/2022,15.9,41.19,0.98
SRS5,2/25/2022,10.9,53.333,1.17
SRS5,2/28/2022,12.7,49.762,1.02
SRS5,3/3/2022,19,34.286,0.94
SRS5,3/6/2022,14.9,39.524,1.01
SRS5,3/7/2022,9.6,61.905,2.87
SRS5,4/10/2022,15.2,44.263,1.19
SRS5,4/13/2022,11,46.875,1.11
SRS5,4/16/2022,20,39.562,1.31
SRS5,4/19/2022,19.9,39.742,1.55
SRS5,4/22/2022,13.2,45.13,1.36
SRS5,4/25/2022,14.1,42.801,1.12
SRS5,4/28/2022,23.7,28.026,0.92
SRS5,5/1/2022,26.7,24.305,0.86
SRS5,5/4/2022,22.9,26.185,0.73
SRS5,5/7/2022,25,24.405,0.91
SRS5,5/9/2022,27.4,108.213,5.55
SRS5,5/12/2022,23.9,40.714,1.29
SRS5,5/15/2022,31.9,37.857,1.81
SRS5,5/18/2022,32.5,36.429,2.02
SRS5,5/21/2022,30.9,30,1.64
SRS5,5/24/2022,20.4,38.571,1.02
SRS5,5/27/2022,23.6,37.857,1.21
SRS5,5/30/2022,30.5,25.714,1.23
SRS5,6/2/2022,23.3,27.143,0.9
SRS5,6/5/2022,20.7,27.143,0.84
SRS5,6/6/2022,11,40,8.7
SRS5,6/9/2022,10,40.201,1.91
SRS5,6/12/2022,9.8,45.159,2.06
SRS5,6/15/2022,7.7,47.86,2.46
SRS5,6/18/2022,10.9,48.971,2.68
SRS5,6/21/2022,5.1,45.946,1.8
SRS5,6/24/2022,6.7,43.029,1.48
SRS5,6/27/2022,7,47.08,1.9
SRS5,6/30/2022,5.3,48.44,1.66
SRS5,7/3/2022,6,38.815,1.62
SRS5,7/6/2022,7,29.791,1.36
SRS5,7/9/2022,5.7,28.687,1.22
SRS5,7/11/2022,4.9,31.768,1.53
SRS5,7/14/2022,11.4,44.286,2.08
SRS5,7/17/2022,11.7,42.143,1.85
SRS5,7/20/2022,9.2,37.857,1.68
SRS5,7/23/2022,8.3,28.571,1.05
SRS5,7/26/2022,8.1,32.857,1.14
SRS5,7/29/2022,9.6,32.857,1.38
SRS5,8/1/2022,14.9,23.571,1.22
SRS5,8/4/2022,22.2,18.571,0.84
SRS5,8/7/2022,14.5,24.286,0.99
SRS5,8/9/2022,13.1,25.714,1.24
SRS5,8/13/2022,19.1,41.446,1.93
SRS5,8/16/2022,25,32.669,1.61
SRS5,8/19/2022,23.7,29.725,1.17
SRS5,8/22/2022,13.1,36.167,1.04
SRS5,8/25/2022,16.7,31.541,1.14
SRS5,8/28/2022,18.3,33.629,0.97
SRS5,8/31/2022,20.4,26.493,0.91
SRS5,9/3/2022,14.9,27.412,1
SRS5,9/6/2022,11,29.289,1.05
SRS5,9/7/2022,8,32.43,23.22
SRS5,9/10/2022,15.3,36.649,2.02
SRS5,9/13/2022,17.4,33.906,1.63
SRS5,9/16/2022,12.6,29.94,1.77
SRS5,9/19/2022,5.6,32.627,1.28
SRS5,9/22/2022,5.5,27.089,0.84
SRS5,9/25/2022,10,21.726,0.79
SRS5,9/28/2022,10,19.541,0.82
SRS5,10/1/2022,20.1,15.428,1.11
SRS5,10/3/2022,7,19.934,1.33
SRS5,10/7/2022,5.8,50.156,2.6
SRS5,10/10/2022,6.3,63.911,2.64
SRS5,10/13/2022,9.8,62.176,2.23
SRS5,10/16/2022,6.4,51.911,1.89
SRS5,10/19/2022,4.1,43.505,1.42
SRS5,10/22/2022,2.1,39.774,1.15
SRS5,10/25/2022,9,49.443,2.04
SRS5,10/28/2022,15.6,39.211,1.29
SRS5,10/31/2022,8.3,41.992,1.35
SRS5,11/3/2022,8.1,33.924,1.29
SRS5,11/6/2022,12.1,35.358,1.65
SRS5,11/7/2022,3.6,35.571,26.09
SRS5,11/10/2022,17.7,38.083,0.96
SRS5,11/13/2022,18.6,48.73,1.65
SRS5,11/16/2022,8.5,37.723,0.89
SRS5,11/19/2022,8.3,43.111,0.95
SRS5,11/22/2022,6.7,41.574,0.99
SRS5,11/25/2022,13.5,37.935,0.85
SRS5,11/28/2022,16.7,31.291,0.71
SRS5,12/1/2022,10.6,34.038,0.67
SRS5,12/4/2022,3.2,37.155,0.63
SRS5,12/6/2022,13.2,35.752,0.92
SRS5,12/9/2022,12.3,58.718,1.9
SRS5,12/12/2022,12.9,52.318,2.49
SRS5,12/15/2022,18.8,40.579,1.4
SRS5,12/18/2022,14.7,39.604,0.85
SRS5,12/21/2022,7.2,48.459,0.88
SRS5,12/24/2022,16.8,37.946,0.53
SRS5,12/27/2022,10.1,44.982,0.75
SRS5,12/30/2022,7.1,47.975,0.71
SRS6,10/31/2000,24,24.256,0.58
SRS6,11/3/2000,17,22.848,0.45
SRS6,11/6/2000,17,37.173,-9999
SRS6,11/9/2000,22,26.078,0.58
SRS6,11/12/2000,25,23.446,0.87
SRS6,11/15/2000,27,34.155,0.94
SRS6,11/18/2000,25,24.297,0.56
SRS6,11/21/2000,21,30.845,0.57
SRS6,11/24/2000,15,22.6,0.69
SRS6,11/27/2000,24,23.962,0.46
SRS6,11/30/2000,23,21.011,0.72
SRS6,12/3/2000,20,16.983,-9999
SRS6,12/6/2000,21,25.599,0.47
SRS6,12/9/2000,26,22.816,0.77
SRS6,12/12/2000,27,23.216,0.71
SRS6,12/15/2000,29,27.137,-9999
SRS6,12/18/2000,19,22.182,0.34
SRS6,12/21/2000,18,19.37,0.46
SRS6,12/24/2000,15,23.578,0.26
SRS6,12/27/2000,16,21.832,0.41
SRS6,12/30/2000,23,16.644,0.5
SRS6,1/2/2001,19,19.749,0.47
SRS6,1/5/2001,18,22.063,0.46
SRS6,1/8/2001,23,14.628,0.54
SRS6,1/11/2001,24,16.361,0.54
SRS6,1/14/2001,24,7.936,0.68
SRS6,1/17/2001,22,18.984,0.49
SRS6,1/20/2001,23,16.12,0.47
SRS6,1/23/2001,21,12.955,0.55
SRS6,1/25/2001,22,13.526,0.54
SRS6,1/28/2001,21.5,20.232,0.62
SRS6,1/31/2001,22.5,17.375,0.5
SRS6,2/3/2001,22,19.057,0.51
SRS6,2/6/2001,22,17.226,0.57
SRS6,2/9/2001,23,18.596,0.58
SRS6,2/12/2001,23.5,17.043,1.07
SRS6,2/15/2001,23,17.133,0.65
SRS6,2/18/2001,23.5,20.312,0.56
SRS6,2/21/2001,24,18.398,0.56
SRS6,2/24/2001,26,19.197,0.76
SRS6,2/27/2001,26.5,13.652,0.94
SRS6,2/28/2001,26.5,-9999,-9999
SRS6,3/3/2001,24.5,20.484,0.39
SRS6,3/6/2001,24.5,24.581,0.49
SRS6,3/9/2001,24.5,24.53,0.39
SRS6,3/12/2001,24.5,26.706,0.52
SRS6,3/15/2001,24.5,27.648,0.56
SRS6,3/18/2001,24,24.863,0.47
SRS6,3/21/2001,24.5,24.011,0.43
SRS6,3/23/2001,25,18.943,0.69
SRS6,3/26/2001,33.3,45.533,0.59
SRS6,3/29/2001,33.4,40.096,0.36
SRS6,4/1/2001,33,47.093,0.43
SRS6,4/4/2001,31.2,50.965,0.51
SRS6,4/7/2001,33.1,36.849,0.42
SRS6,4/10/2001,33.4,37.431,0.51
SRS6,4/13/2001,34.4,42.121,0.56
SRS6,4/16/2001,34.5,38.046,0.59
SRS6,4/19/2001,34.6,39.895,0.43
SRS6,4/22/2001,33.9,42.169,0.4
SRS6,4/25/2001,33.8,41.704,0.4
SRS6,4/28/2001,35.1,30.478,0.45
SRS6,5/1/2001,34.3,38.132,0.43
SRS6,5/4/2001,33.8,43.736,0.36
SRS6,5/7/2001,32.1,33.013,0.39
SRS6,5/10/2001,32.8,22.043,0.47
SRS6,5/13/2001,33.7,18.743,0.57
SRS6,5/16/2001,32.8,22.36,0.42
SRS6,5/19/2001,32.3,28.226,0.84
SRS6,5/22/2001,33,20.342,0.5
SRS6,5/23/2001,33.7,20.025,-9999
SRS6,5/26/2001,33.4,39.963,0.49
SRS6,5/29/2001,33.1,59.799,0.71
SRS6,6/1/2001,32.2,47.232,0.69
SRS6,6/4/2001,31.4,55.817,0.88
SRS6,6/7/2001,31,65.197,-9999
SRS6,6/10/2001,31.5,51.423,0.76
SRS6,6/13/2001,32.4,64.151,0.65
SRS6,6/16/2001,31.9,57.202,0.61
SRS6,6/19/2001,30.5,51.821,0.5
SRS6,6/22/2001,30,-9999,-9999
SRS6,6/25/2001,31.6,47.887,0.42
SRS6,6/26/2001,32,43.114,0.58
SRS6,6/29/2001,29.3,59.415,0.41
SRS6,7/2/2001,28.3,39.068,0.36
SRS6,7/5/2001,30.4,35.835,0.37
SRS6,7/8/2001,31.7,43.299,0.44
SRS6,7/11/2001,32.2,27.41,0.46
SRS6,7/14/2001,31.5,34.359,0.52
SRS6,7/17/2001,30.1,39.503,0.8
SRS6,7/20/2001,27.2,38.992,0.48
SRS6,7/23/2001,28.1,41.088,0.66
SRS6,7/25/2001,26.2,43.353,0.61
SRS6,7/28/2001,21.1,50.476,0.85
SRS6,7/31/2001,21.4,59.284,1.17
SRS6,8/3/2001,16.9,56.573,0.87
SRS6,8/6/2001,14.6,53.531,0.49
SRS6,8/9/2001,13.9,54.041,0.33
SRS6,8/12/2001,15.1,52.593,0.59
SRS6,8/15/2001,15.9,45.653,0.49
SRS6,8/18/2001,21.8,45.873,0.61
SRS6,8/21/2001,22,39.132,0.58
SRS6,8/24/2001,21.9,47.513,0.8
SRS6,8/27/2001,13.9,56.06,0.4
SRS6,8/30/2001,13.4,54.763,0.35
SRS6,9/2/2001,18.2,46.208,0.63
SRS6,9/5/2001,21.1,45.646,0.44
SRS6,9/8/2001,21.7,39.099,0.49
SRS6,9/10/2001,18.4,46.253,-9999
SRS6,9/13/2001,14.8,30.492,0.33
SRS6,9/16/2001,21.6,25.405,0.38
SRS6,9/19/2001,19,29.161,0.4
SRS6,9/22/2001,18.5,28.639,0.38
SRS6,9/25/2001,13.6,45.568,0.27
SRS6,9/28/2001,12.7,49.301,0.25
SRS6,10/1/2001,7.6,36.688,0.23
SRS6,10/4/2001,6.2,36.197,0.23
SRS6,10/6/2001,11.6,31.912,0.65
SRS6,10/9/2001,9.1,45.536,0.37
SRS6,10/12/2001,6.9,54.463,0.47
SRS6,10/15/2001,18.6,46.193,0.63
SRS6,10/18/2001,16.4,45.248,0.38
SRS6,10/21/2001,12.4,-9999,-9999
SRS6,10/24/2001,10.5,49.112,0.18
SRS6,10/27/2001,9,50.137,0.21
SRS6,10/30/2001,4.9,51.654,0.22
SRS6,10/31/2001,8.5,66.527,0.18
SRS6,11/3/2001,14.5,30.197,0.3
SRS6,11/6/2001,13.3,37.79,0.4
SRS6,11/9/2001,12.3,31.749,0.39
SRS6,11/12/2001,16.4,23.084,0.48
SRS6,11/15/2001,17.6,21.796,0.32
SRS6,11/18/2001,17.2,26.633,0.3
SRS6,11/21/2001,14.9,24.884,0.25
SRS6,11/24/2001,13.1,29.212,0.25
SRS6,11/27/2001,12,28.661,0.26
SRS6,11/28/2001,12.8,35.894,0.39
SRS6,12/1/2001,14.5,27.588,0.37
SRS6,12/4/2001,17.6,29.545,0.37
SRS6,12/7/2001,14.9,34.476,0.28
SRS6,12/10/2001,14.6,31.641,0.27
SRS6,12/13/2001,12.7,33.498,0.19
SRS6,12/16/2001,13.5,36.914,0.57
SRS6,12/17/2001,17.1,35.505,0.36
SRS6,12/20/2001,17.2,33.685,0.28
SRS6,12/23/2001,12.2,26.833,0.32
SRS6,12/26/2001,17.3,19.846,0.38
SRS6,12/29/2001,17.6,29.547,0.23
SRS6,1/1/2002,18.8,24.469,0.29
SRS6,1/4/2002,16.1,27.914,0.26
SRS6,1/7/2002,12.8,30.083,0.26
SRS6,1/10/2002,10.8,25.724,0.27
SRS6,1/13/2002,12.8,28.483,0.24
SRS6,1/16/2002,15.7,29.016,0.23
SRS6,1/19/2002,14.9,31.939,0.25
SRS6,1/22/2002,13.3,36.84,0.26
SRS6,1/24/2002,13.2,29.101,0.26
SRS6,1/27/2002,16.6,36.037,-9999
SRS6,1/30/2002,20.8,14.309,0.33
SRS6,2/2/2002,21.5,18.185,0.5
SRS6,2/5/2002,20.9,20.134,0.37
SRS6,2/8/2002,20.4,18.904,0.54
SRS6,2/11/2002,21,15.02,0.45
SRS6,2/14/2002,22,17.137,0.66
SRS6,2/17/2002,22.6,16.281,0.46
SRS6,2/20/2002,21.1,19.737,0.62
SRS6,2/23/2002,21.7,18.401,0.55
SRS6,2/26/2002,22.1,15.038,0.82
SRS6,3/2/2002,22,15.207,0.45
SRS6,3/5/2002,21.5,30.021,0.05
SRS6,3/8/2002,16.4,25.07,0.06
SRS6,3/11/2002,19.8,25.253,0.04
SRS6,3/14/2002,22.2,15.194,0.03
SRS6,3/17/2002,23.3,20.53,0.31
SRS6,3/20/2002,22.8,20.792,0.24
SRS6,3/23/2002,24.2,18.246,0.33
SRS6,3/26/2002,24.9,15.301,0.41
SRS6,3/29/2002,26.9,19.371,0.32
SRS6,4/1/2002,28.2,18.191,0.32
SRS6,4/2/2002,27.9,25.354,0.39
SRS6,4/5/2002,27.6,61.641,1.1
SRS6,4/8/2002,25.5,64.088,0.81
SRS6,4/11/2002,25.9,60.398,1.27
SRS6,4/14/2002,28.5,43.38,0.73
SRS6,4/17/2002,30,45.174,1.01
SRS6,4/20/2002,28.8,61.219,1.48
SRS6,4/23/2002,29.4,54.818,0.7
SRS6,4/26/2002,30.6,55.155,0.91
SRS6,4/29/2002,30.8,61.482,0.61
SRS6,5/2/2002,31.7,51.105,0.5
SRS6,5/5/2002,30.5,72.04,0.54
SRS6,5/8/2002,30.5,54.907,0.93
SRS6,5/11/2002,31.3,72.417,0.83
SRS6,5/13/2002,30,55.996,1.54
SRS6,5/16/2002,30.4,82.961,0.34
SRS6,5/19/2002,30.1,70.538,0.34
SRS6,5/22/2002,28.4,69.302,0.22
SRS6,5/25/2002,27.9,76.353,0.4
SRS6,5/28/2002,28.8,77.722,0.45
SRS6,5/31/2002,28.9,70.393,0.54
SRS6,6/3/2002,27.9,74.034,0.53
SRS6,6/6/2002,27.1,70.104,0.8
SRS6,6/9/2002,26.6,73.169,0.64
SRS6,6/12/2002,26.5,93.158,0.69
SRS6,6/15/2002,26.9,85.475,0.65
SRS6,6/18/2002,17.7,80.453,0.54
SRS6,6/21/2002,13.4,61.9,0.27
SRS6,6/24/2002,10,59.942,0.28
SRS6,6/27/2002,9.7,78.477,0.36
SRS6,6/30/2002,10.7,78.936,0.26
SRS6,7/3/2002,9.4,78.306,0.3
SRS6,7/6/2002,11,75.589,0.24
SRS6,7/9/2002,8.4,78.321,0.36
SRS6,7/12/2002,9.2,71.89,0.34
SRS6,7/15/2002,14.1,68.675,0.52
SRS6,7/18/2002,12.1,72.18,0.29
SRS6,7/21/2002,12.6,64.846,0.25
SRS6,7/24/2002,10.7,57.769,0.28
SRS6,7/25/2002,12.4,67.332,0.5
SRS6,7/28/2002,17.1,45.873,0.25
SRS6,7/31/2002,19.2,55.107,0.3
SRS6,8/3/2002,16.9,35.653,0.15
SRS6,8/6/2002,17.3,43.375,0.22
SRS6,8/9/2002,17.7,37.366,0.19
SRS6,8/12/2002,19.6,36.471,0.19
SRS6,8/15/2002,21,36.424,0.15
SRS6,8/22/2002,15.1,35.601,0.17
SRS6,8/25/2002,16,33.313,0.14
SRS6,8/28/2002,19.5,30.707,0.19
SRS6,8/31/2002,17.4,31.072,0.18
SRS6,9/3/2002,21.1,32.248,0.19
SRS6,9/6/2002,22.6,34.514,0.31
SRS6,9/9/2002,17.4,32.907,0.2
SRS6,9/12/2002,19.4,33.741,0.24
SRS6,9/15/2002,11.6,40.218,0.29
SRS6,9/18/2002,15.2,36.918,0.33
SRS6,9/21/2002,16.8,34.828,0.28
SRS6,9/24/2002,20.8,31.548,0.3
SRS6,9/26/2002,20.6,39.697,0.29
SRS6,10/24/2002,19.8,25.379,0.2
SRS6,10/27/2002,18.9,24.715,0.22
SRS6,10/30/2002,17.3,29.094,0.23
SRS6,11/2/2002,22.5,30.518,0.26
SRS6,11/5/2002,23.3,24.442,0.23
SRS6,11/8/2002,24.6,26.901,0.19
SRS6,11/11/2002,19.6,29.844,0.25
SRS6,11/14/2002,18.7,24.898,0.27
SRS6,11/17/2002,22.9,22.237,0.35
SRS6,11/20/2002,13.6,28.153,0.24
SRS6,11/24/2002,17.2,39.553,0.24
SRS6,11/27/2002,15.8,35.032,0.25
SRS6,11/30/2002,14,32.862,0.24
SRS6,12/3/2002,19.1,38.994,0.27
SRS6,12/6/2002,19.7,38.081,0.25
SRS6,12/9/2002,17.3,37.022,0.25
SRS6,12/12/2002,16.8,26.107,0.25
SRS6,12/15/2002,15.6,34.572,0.23
SRS6,12/17/2002,16.8,37.003,0.3
SRS6,12/20/2002,15.1,23.88,0.28
SRS6,12/23/2002,15.6,25.7,0.31
SRS6,12/26/2002,19.2,22.927,-9999
SRS6,12/29/2002,14.7,21.215,0.32
SRS6,1/1/2003,18.7,27.37,0.28
SRS6,1/4/2003,22.6,20.435,0.28
SRS6,1/7/2003,19.9,20.98,0.45
SRS6,1/10/2003,18.9,20.373,0.38
SRS6,1/13/2003,17.9,22.966,0.35
SRS6,1/16/2003,18.6,22.283,0.54
SRS6,1/19/2003,20,24.394,0.27
SRS6,1/22/2003,19.9,22.958,0.27
SRS6,1/23/2003,23.1,27.65,0.25
SRS6,1/26/2003,18,21.131,0.24
SRS6,1/29/2003,19,22.824,0.26
SRS6,2/1/2003,22.5,25.9,0.34
SRS6,2/4/2003,23.9,28.627,0.29
SRS6,2/7/2003,23.7,31.65,0.27
SRS6,2/10/2003,23,30.83,0.32
SRS6,2/13/2003,22.4,28.929,0.4
SRS6,2/16/2003,23.6,24.455,0.29
SRS6,2/18/2003,26,24.891,0.23
SRS6,3/2/2003,27.7,24.913,0.29
SRS6,3/5/2003,28.2,25.22,0.2
SRS6,3/8/2003,28.6,25.842,0.24
SRS6,3/11/2003,28.8,21.318,0.23
SRS6,3/14/2003,28.1,24.234,0.28
SRS6,3/17/2003,29,25.076,0.23
SRS6,3/30/2003,25.6,20.522,0.24
SRS6,4/2/2003,23,22.927,0.25
SRS6,4/5/2003,22.7,25.011,0.23
SRS6,4/8/2003,26.3,25.428,0.26
SRS6,4/11/2003,29.1,22.643,0.33
SRS6,4/14/2003,29.7,20.003,0.28
SRS6,4/17/2003,29.4,27.665,0.29
SRS6,4/20/2003,28.7,22.059,0.33
SRS6,4/22/2003,28.6,22.045,0.41
SRS6,4/25/2003,27.7,34.492,0.09
SRS6,4/28/2003,28.7,32.045,0.04
SRS6,5/1/2003,27.3,29.451,0.04
SRS6,5/4/2003,24,28.545,0.28
SRS6,5/7/2003,23.8,26.022,0.2
SRS6,5/10/2003,22.2,33.799,0.33
SRS6,5/13/2003,25,32.965,0.18
SRS6,5/15/2003,26.7,29.537,0.11
SRS6,5/18/2003,27.6,41.955,0.55
SRS6,5/21/2003,26.8,37.87,0.63
SRS6,5/24/2003,26.2,35.705,0.72
SRS6,5/27/2003,25.9,37.633,0.46
SRS6,5/30/2003,22.6,39.145,0.67
SRS6,6/2/2003,18.1,44.038,0.73
SRS6,6/5/2003,17.9,39.679,0.85
SRS6,6/8/2003,17.4,36.805,0.73
SRS6,6/11/2003,15.3,41.275,0.72
SRS6,6/14/2003,17.2,38.623,0.53
SRS6,6/17/2003,18.5,31.483,0.37
SRS6,6/19/2003,17.1,35.2,0.63
SRS6,6/22/2003,18.9,37.527,0.81
SRS6,6/25/2003,13.8,40.905,0.7
SRS6,6/28/2003,15,97.81,0.67
SRS6,7/1/2003,13.8,98.09,0.77
SRS6,7/4/2003,19.5,70.165,0.54
SRS6,7/7/2003,16.9,76.284,0.7
SRS6,7/10/2003,16.5,45.336,0.52
SRS6,7/13/2003,22.1,47.835,0.49
SRS6,7/16/2003,25.5,31.192,0.72
SRS6,7/19/2003,25.1,32.048,0.66
SRS6,7/22/2003,21,31.458,0.5
SRS6,7/25/2003,19.3,33.487,0.29
SRS6,7/28/2003,19.4,35.36,0.4
SRS6,7/30/2003,20.3,30.686,0.38
SRS6,8/2/2003,20.4,36.538,0.4
SRS6,8/5/2003,19.7,40.27,0.36
SRS6,8/8/2003,18.6,36.109,0.25
SRS6,8/10/2003,17.2,38.071,0.31
SRS6,8/14/2003,15.5,39.041,0.58
SRS6,8/17/2003,18.4,37.689,0.54
SRS6,8/20/2003,18.1,29.814,0.44
SRS6,8/23/2003,16.6,31.422,0.52
SRS6,8/26/2003,19.1,51.919,0.4
SRS6,8/29/2003,16.9,23.852,0.45
SRS6,9/1/2003,18.8,24.483,0.39
SRS6,9/4/2003,18.6,22.624,0.32
SRS6,9/7/2003,24.2,28.354,0.32
SRS6,9/10/2003,20.8,19.753,0.35
SRS6,9/11/2003,19.7,39.182,-9999
SRS6,9/14/2003,16.7,45.144,0.5
SRS6,9/17/2003,17.4,25.418,0.37
SRS6,9/20/2003,16.5,27.103,0.3
SRS6,9/23/2003,15.9,27.985,0.29
SRS6,9/26/2003,18.1,23.436,0.36
SRS6,9/29/2003,18.5,23.839,0.38
SRS6,10/2/2003,11.8,27.859,0.32
SRS6,10/5/2003,13.1,31.182,0.32
SRS6,10/7/2003,8.1,37.63,0.4
SRS6,10/10/2003,14.4,21.707,0.23
SRS6,10/13/2003,16.4,19.645,0.28
SRS6,10/16/2003,14,20.837,0.33
SRS6,10/19/2003,12.1,20.537,0.32
SRS6,10/22/2003,16.3,20.504,0.23
SRS6,10/25/2003,19.9,22.535,0.27
SRS6,10/28/2003,19.2,20.291,0.36
SRS6,10/31/2003,16.2,22.308,0.43
SRS6,11/3/2003,13.6,24.156,0.26
SRS6,11/5/2003,17.2,24.884,0.22
SRS6,11/9/2003,15.4,55.85,0.25
SRS6,11/12/2003,11.9,57.371,0.2
SRS6,11/15/2003,15.1,67.293,0.25
SRS6,11/18/2003,12.3,69.035,0.25
SRS6,11/21/2003,17.2,61.348,0.25
SRS6,11/24/2003,17.9,60.108,0.25
SRS6,11/27/2003,19.1,68.941,0.33
SRS6,11/30/2003,14,72.683,0.24
SRS6,12/3/2003,13.9,34.643,0.32
SRS6,12/4/2003,11.1,34.299,0.4
SRS6,12/7/2003,17.6,25.036,0.45
SRS6,12/10/2003,17.2,26.748,0.49
SRS6,12/13/2003,20.9,21.185,0.45
SRS6,12/16/2003,17.7,26.17,0.35
SRS6,12/19/2003,15.8,28.1,-9999
SRS6,12/22/2003,13,27.692,0.33
SRS6,12/25/2003,19.2,20.5,0.35
SRS6,12/28/2003,18.8,27.151,0.31
SRS6,12/31/2003,18.5,22.276,0.34
SRS6,1/3/2004,17.1,19.674,0.28
SRS6,1/6/2004,19.9,23.64,0.26
SRS6,1/9/2004,20.4,19.038,0.24
SRS6,1/11/2004,22.6,21.542,0.24
SRS6,1/15/2004,22.3,32.78,0.21
SRS6,1/18/2004,23.2,35.828,0.24
SRS6,1/21/2004,23.6,49.546,0.27
SRS6,1/24/2004,22.1,51.277,0.23
SRS6,1/27/2004,22.5,50.067,0.2
SRS6,1/30/2004,18.6,44.591,0.24
SRS6,2/2/2004,15.4,40.393,0.47
SRS6,2/5/2004,14.8,39.421,0.42
SRS6,2/8/2004,17.7,37.293,0.27
SRS6,2/9/2004,7.9,34.002,0.22
SRS6,2/12/2004,19.5,25.034,0.29
SRS6,2/15/2004,20.9,24.025,0.24
SRS6,2/18/2004,19.5,23.62,0.28
SRS6,2/21/2004,20.6,25.611,0.23
SRS6,2/24/2004,23.7,32.051,0.18
SRS6,2/27/2004,24.7,30.061,0.34
SRS6,3/1/2004,16.2,26.013,0.28
SRS6,3/4/2004,17.9,28.901,0.21
SRS6,3/7/2004,22,26.699,0.18
SRS6,3/10/2004,24.5,28.404,0.27
SRS6,3/13/2004,23.5,21.858,0.25
SRS6,3/16/2004,22,21.848,0.25
SRS6,3/19/2004,26,16.605,0.26
SRS6,3/22/2004,25,20.038,0.24
SRS6,3/25/2004,24,21.078,0.36
SRS6,3/28/2004,24,26.406,0.36
SRS6,4/1/2004,26,18.213,0.26
SRS6,4/4/2004,28,19.581,0.26
SRS6,4/6/2004,30,18.154,0.27
SRS6,4/9/2004,30.5,21.218,0.4
SRS6,4/12/2004,30,17.312,0.31
SRS6,4/15/2004,26,21.006,0.31
SRS6,4/18/2004,23,21.922,0.24
SRS6,4/21/2004,24,21.709,0.27
SRS6,4/24/2004,26,19.951,0.25
SRS6,4/27/2004,26.5,20.11,0.26
SRS6,4/30/2004,27,18.997,0.21
SRS6,5/3/2004,29,17.195,0.3
SRS6,5/6/2004,30.3,20.367,0.3
SRS6,5/9/2004,30.2,23.842,0.41
SRS6,5/12/2004,30,27.381,0.18
SRS6,5/15/2004,29.8,19.354,0.28
SRS6,5/18/2004,30,20.825,0.38
SRS6,5/21/2004,30.8,19.313,0.34
SRS6,5/24/2004,31.6,24.94,0.99
SRS6,5/27/2004,32.1,21.757,0.54
SRS6,5/30/2004,32.4,21.604,0.33
SRS6,6/2/2004,33.3,26.959,0.31
SRS6,6/5/2004,33.1,16.944,0.32
SRS6,6/8/2004,33,21.458,0.26
SRS6,6/11/2004,32.1,19.268,0.41
SRS6,6/14/2004,32.2,20.445,0.4
SRS6,6/17/2004,31.9,19.963,0.42
SRS6,6/20/2004,32.1,19.282,0.37
SRS6,6/23/2004,32.6,23.899,0.33
SRS6,6/26/2004,31.9,25.922,0.28
SRS6,6/29/2004,32.3,28.935,0.18
SRS6,7/2/2004,32.8,38.53,0.3
SRS6,7/5/2004,30.2,38.652,0.26
SRS6,7/8/2004,30.6,38.342,0.28
SRS6,7/11/2004,27.8,40.25,0.23
SRS6,7/14/2004,24.5,35.89,0.23
SRS6,7/17/2004,27.7,42.26,0.3
SRS6,7/19/2004,29.1,35.933,0.33
SRS6,7/23/2004,23.3,43.754,0.38
SRS6,7/26/2004,22.1,28.44,0.47
SRS6,7/29/2004,21.4,36.673,0.52
SRS6,8/1/2004,22.6,47.893,0.57
SRS6,8/4/2004,22.5,29.451,0.25
SRS6,8/7/2004,20,32.182,0.24
SRS6,8/10/2004,12.5,40.712,0.33
SRS6,8/13/2004,14.2,40.402,0.37
SRS6,8/15/2004,14.3,46.268,0.51
SRS6,8/19/2004,15.8,36.793,0.67
SRS6,8/22/2004,18.7,41.293,0.46
SRS6,8/25/2004,14.9,40.221,0.41
SRS6,8/28/2004,15.1,49.342,0.34
SRS6,8/31/2004,18.8,37.561,0.35
SRS6,9/1/2004,21.2,42.668,0.42
SRS6,9/4/2004,18.9,34.912,1.42
SRS6,9/7/2004,23.1,30.725,0.93
SRS6,9/10/2004,14.6,32.178,0.79
SRS6,9/13/2004,13.2,32.656,0.35
SRS6,9/16/2004,18.6,38.316,0.79
SRS6,9/19/2004,24.3,25.134,1.18
SRS6,9/22/2004,21.2,22.307,0.46
SRS6,9/25/2004,19.1,30.567,0.54
SRS6,9/28/2004,25.8,30.699,0.64
SRS6,10/1/2004,20.8,31.467,0.5
SRS6,10/4/2004,15.4,26.646,0.37
SRS6,10/7/2004,14.1,23.532,0.31
SRS6,10/10/2004,13.4,23.994,0.37
SRS6,10/12/2004,13.1,30.886,0.09
SRS6,10/16/2004,22.8,18.259,0.37
SRS6,10/19/2004,15.6,17.892,0.31
SRS6,10/22/2004,13.1,20.447,0.42
SRS6,10/25/2004,14.9,22.712,0.29
SRS6,10/28/2004,18.3,21.228,0.33
SRS6,10/31/2004,17.9,22.004,0.28
SRS6,11/3/2004,15.2,21.244,0.29
SRS6,11/6/2004,15.4,21.197,0.43
SRS6,11/9/2004,15,21.548,0.34
SRS6,11/12/2004,16.9,21.01,0.37
SRS6,11/15/2004,18.8,22.204,0.33
SRS6,11/16/2004,18.6,21.413,0.39
SRS6,11/19/2004,17.6,28.623,0.23
SRS6,11/22/2004,16.8,22.397,0.24
SRS6,11/25/2004,21.6,18.551,0.34
SRS6,11/28/2004,20.7,23.761,0.29
SRS6,12/1/2004,13.7,24.346,0.34
SRS6,12/2/2004,17.2,26.878,-9999
SRS6,12/5/2004,14.2,35.986,0.2
SRS6,12/8/2004,14.2,27.92,0.21
SRS6,12/11/2004,18.2,28.654,0.21
SRS6,12/14/2004,21.3,16.968,0.26
SRS6,12/17/2004,16.1,19.445,0.29
SRS6,12/20/2004,18.6,20.286,0.25
SRS6,12/23/2004,18.5,20.636,0.33
SRS6,12/26/2004,23.9,20.134,0.45
SRS6,12/29/2004,19.4,19.99,0.32
SRS6,1/1/2005,19.6,18.017,0.32
SRS6,1/4/2005,22.6,15.315,0.32
SRS6,1/6/2005,19.6,20.465,0.23
SRS6,1/9/2005,23.6,28.773,0.58
SRS6,1/12/2005,25.7,27.879,0.58
SRS6,1/15/2005,26.3,26.099,0.72
SRS6,1/18/2005,22.4,28.459,0.58
SRS6,1/21/2005,21.7,27.862,0.52
SRS6,1/24/2005,26.6,22.61,0.53
SRS6,1/27/2005,26.1,19.499,0.48
SRS6,1/30/2005,26.8,22.214,0.43
SRS6,2/2/2005,28.6,22.207,0.71
SRS6,2/5/2005,26.5,22.665,0.52
SRS6,2/8/2005,29,24.547,0.52
SRS6,2/11/2005,30.9,24.481,0.55
SRS6,2/14/2005,31,21.611,-9999
SRS6,2/17/2005,29.1,27.25,0.43
SRS6,2/20/2005,26.7,28.12,0.45
SRS6,2/21/2005,24.1,25.052,0.55
SRS6,2/24/2005,26.8,26.233,0.45
SRS6,2/27/2005,28.9,25.216,0.44
SRS6,3/2/2005,30.3,22.075,0.47
SRS6,3/5/2005,25.7,26.182,0.35
SRS6,3/8/2005,26.5,26.61,0.43
SRS6,3/9/2005,29.1,22.407,0.53
SRS6,3/12/2005,28.9,33.343,0.66
SRS6,3/15/2005,29,37.418,0.77
SRS6,3/18/2005,29,50.371,0.84
SRS6,3/21/2005,24.3,41.994,0.51
SRS6,3/24/2005,27.1,39.736,0.67
SRS6,3/27/2005,29.1,35.45,0.74
SRS6,3/30/2005,31.1,14.561,0.98
SRS6,4/2/2005,31,16.182,0.75
SRS6,4/5/2005,29.9,16.744,0.68
SRS6,4/8/2005,30.1,15.858,0.61
SRS6,4/11/2005,30.4,15.953,0.58
SRS6,4/14/2005,31.1,14.223,0.59
SRS6,4/17/2005,29.9,17.789,0.66
SRS6,4/19/2005,29,20.618,0.8
SRS6,4/22/2005,30.2,30.488,0.57
SRS6,4/25/2005,32.2,31.572,0.72
SRS6,4/28/2005,32.3,30.346,0.71
SRS6,5/1/2005,32.2,31.734,0.88
SRS6,5/4/2005,33,31.253,0.74
SRS6,5/7/2005,33.4,29.306,0.65
SRS6,5/10/2005,32.9,27.579,0.62
SRS6,5/13/2005,33.5,23.448,0.43
SRS6,5/16/2005,33.5,24.213,0.54
SRS6,5/18/2005,30.5,33.766,0.93
SRS6,5/21/2005,29.5,30.045,0.69
SRS6,5/24/2005,32.4,23.436,0.6
SRS6,5/27/2005,33.1,32.61,1.04
SRS6,5/30/2005,33.6,30.076,1.09
SRS6,6/2/2005,33.8,48.237,1.59
SRS6,6/5/2005,32.1,31.186,1.12
SRS6,6/8/2005,29.7,66.212,0.92
SRS6,6/11/2005,23.4,47.809,-9999
SRS6,6/14/2005,24.4,33.805,0.72
SRS6,6/17/2005,26,28.718,0.62
SRS6,6/20/2005,28.3,28.928,-9999
SRS6,6/23/2005,20,29.056,0.41
SRS6,6/26/2005,20.4,25.709,0.56
SRS6,6/28/2005,13.9,25.465,-9999
SRS6,7/2/2005,10.1,24.837,0.71
SRS6,7/5/2005,12.7,27.47,0.91
SRS6,7/8/2005,15.1,32.774,0.75
SRS6,7/11/2005,17,25.312,0.76
SRS6,7/14/2005,17.9,42.189,0.84
SRS6,7/17/2005,20.9,31.95,0.62
SRS6,7/20/2005,17.8,41.09,0.61
SRS6,7/21/2005,22.8,-9999,-9999
SRS6,7/24/2005,26.4,41.678,1.36
SRS6,7/27/2005,27.5,84.32,1.45
SRS6,7/30/2005,21.2,109.929,0.92
SRS6,8/2/2005,17.1,80.604,0.87
SRS6,8/5/2005,20.6,67.165,1.02
SRS6,8/8/2005,17.4,68.052,0.8
SRS6,8/11/2005,17.3,39.127,0.59
SRS6,8/14/2005,14.3,45.791,0.62
SRS6,8/17/2005,11.3,65.328,0.37
SRS6,8/20/2005,16.8,76.414,0.6
SRS6,8/23/2005,16.9,26.707,0.73
SRS6,8/26/2005,16.7,23.189,0.64
SRS6,8/29/2005,8.9,20.526,0.51
SRS6,9/1/2005,8.4,35.563,1.21
SRS6,9/4/2005,8.1,54.7,1.46
SRS6,9/7/2005,9.9,25.405,0.82
SRS6,9/10/2005,12.8,20.722,0.75
SRS6,9/12/2005,9,29.149,0.7
SRS6,9/16/2005,16,30.542,2.15
SRS6,9/19/2005,15.5,31.579,1.44
SRS6,9/22/2005,7.9,42.692,2.6
SRS6,9/25/2005,8.6,29.741,1.03
SRS6,9/28/2005,11,30.209,0.71
SRS6,10/1/2005,10.2,27.4,0.65
SRS6,10/4/2005,7.7,25.778,0.47
SRS6,10/7/2005,12.7,22.277,0.53
SRS6,10/10/2005,11.6,24.715,0.48
SRS6,10/11/2005,6.5,47.085,0.67
SRS6,11/18/2005,14.5,22.799,1.11
SRS6,11/21/2005,13,32.246,1.46
SRS6,11/24/2005,23.6,20.881,1.6
SRS6,3/12/2006,22.6,20.242,0.72
SRS6,3/15/2006,24.5,18.554,0.83
SRS6,3/18/2006,26.2,17.465,0.78
SRS6,3/21/2006,27.7,15.73,0.73
SRS6,3/24/2006,26.4,18.392,0.85
SRS6,3/27/2006,26.6,18.011,0.83
SRS6,3/30/2006,26.8,16.467,0.82
SRS6,4/2/2006,28.5,17.096,0.83
SRS6,4/5/2006,28.6,18.188,1.02
SRS6,4/8/2006,28.2,14.695,0.84
SRS6,4/10/2006,29.2,14.686,0.91
SRS6,4/14/2006,25.7,18.315,1.11
SRS6,4/17/2006,29.2,18.493,1.22
SRS6,4/20/2006,30.2,15.722,1.3
SRS6,4/23/2006,29.6,15.111,1.28
SRS6,4/26/2006,30.7,20.001,1.27
SRS6,4/29/2006,29.5,16.247,1.24
SRS6,5/2/2006,30,19.071,1.35
SRS6,5/4/2006,30.5,14.767,1.33
SRS6,5/7/2006,31.8,22.616,0.61
SRS6,5/10/2006,32.7,21.288,0.71
SRS6,5/13/2006,33,20.909,0.75
SRS6,5/16/2006,33,17.474,0.63
SRS6,5/19/2006,30.5,20.125,1.04
SRS6,5/22/2006,30,18.623,0.69
SRS6,5/25/2006,30.7,16.105,0.75
SRS6,5/28/2006,30.7,31.867,-9999
SRS6,5/31/2006,30.7,15.805,0.61
SRS6,6/3/2006,29.2,14.404,0.64
SRS6,6/6/2006,28,14.053,0.64
SRS6,6/9/2006,27.9,31.845,1.34
SRS6,6/12/2006,26.3,45.839,1.95
SRS6,6/15/2006,28.5,45.086,1.77
SRS6,6/18/2006,26.8,45.442,1.71
SRS6,6/21/2006,23.2,42.853,1.5
SRS6,6/24/2006,22.6,44.772,1.45
SRS6,6/27/2006,24,38.216,1.74
SRS6,6/30/2006,21.7,56.06,2.07
SRS6,7/3/2006,17.9,32.041,1.08
SRS6,7/6/2006,17.3,45.654,1.91
SRS6,7/9/2006,16.4,31.312,1
SRS6,7/12/2006,14,29.251,0.54
SRS6,7/15/2006,16.2,27.661,0.46
SRS6,7/18/2006,14.5,27.461,0.45
SRS6,7/21/2006,12.2,25.879,0.62
SRS6,7/24/2006,9.5,25.082,0.53
SRS6,7/26/2006,7.8,26.709,0.61
SRS6,7/29/2006,12.6,34.578,0.6
SRS6,8/1/2006,12.7,31.413,0.54
SRS6,8/4/2006,15.7,26.931,0.38
SRS6,8/7/2006,16.3,27.748,1.59
SRS6,8/10/2006,16.7,27.993,1.2
SRS6,8/13/2006,23.3,23.594,0.27
SRS6,8/16/2006,21.9,25.455,0.16
SRS6,8/19/2006,17.3,26.007,0.97
SRS6,8/21/2006,14.1,27.836,0.41
SRS6,8/24/2006,16.8,37.167,0.43
SRS6,9/17/2006,12.2,36.877,1.48
SRS6,9/20/2006,13.6,52.976,2.37
SRS6,9/23/2006,13.7,67.172,3.42
SRS6,9/26/2006,13.2,55.344,4.47
SRS6,9/29/2006,13.9,45.572,4.02
SRS6,10/2/2006,12.1,26.939,1.3
SRS6,10/5/2006,12.4,30.131,1.85
SRS6,10/8/2006,19.9,26.153,2
SRS6,10/11/2006,22.9,19.849,1.5
SRS6,10/14/2006,22.6,23.981,2
SRS6,10/16/2006,15.6,24.423,1.48
SRS6,10/19/2006,19.6,31.233,2.27
SRS6,10/22/2006,22.3,39.608,3.16
SRS6,10/25/2006,19.5,35.177,2.26
SRS6,10/28/2006,19.3,36.011,2.68
SRS6,10/31/2006,19.7,36.985,2.47
SRS6,11/3/2006,22.4,30.779,2.81
SRS6,11/6/2006,18.8,39.419,3.41
SRS6,11/8/2006,21.7,31.593,2.93
SRS6,11/12/2006,21.6,20.527,1.18
SRS6,11/15/2006,20.1,20.655,1.05
SRS6,11/18/2006,21.1,23.554,1.21
SRS6,11/20/2006,9.2,27.897,-9999
SRS6,11/21/2006,18.2,35.966,-9999
SRS6,12/14/2006,22,27.156,1.25
SRS6,12/17/2006,25.1,23.256,1.34
SRS6,12/20/2006,23,25.513,1.08
SRS6,12/23/2006,24.2,24.561,1.04
SRS6,12/26/2006,26.6,19.624,1.15
SRS6,12/29/2006,21.4,27.59,1.05
SRS6,1/1/2007,21.1,24.519,0.95
SRS6,1/4/2007,23.2,18.297,1.01
SRS6,1/7/2007,24.5,18.677,1.13
SRS6,1/10/2007,22.9,17.673,0.73
SRS6,1/13/2007,18.8,21.274,0.55
SRS6,1/16/2007,22.1,19.612,0.58
SRS6,1/17/2007,12.4,21.229,1.48
SRS6,1/20/2007,24.8,20.8,1.4
SRS6,1/23/2007,26.7,19.684,1.63
SRS6,1/26/2007,26.6,16.616,1.24
SRS6,1/29/2007,24.4,19.283,1.27
SRS6,2/1/2007,24.3,21.363,1.1
SRS6,2/4/2007,25.5,24.712,1.94
SRS6,2/6/2007,19.6,25.568,1.77
SRS6,2/10/2007,22.5,34.799,2.87
SRS6,2/13/2007,22,35.187,1.79
SRS6,2/16/2007,24.7,31.94,1.59
SRS6,2/19/2007,25.4,34.901,1.84
SRS6,2/22/2007,26.8,39.165,1.6
SRS6,2/25/2007,26.8,37.936,2.08
SRS6,2/28/2007,27.1,42.428,1.8
SRS6,3/3/2007,28.2,33.893,2.44
SRS6,3/6/2007,26.8,25.722,1.55
SRS6,3/9/2007,28.1,26.102,1.62
SRS6,3/12/2007,28.9,22.638,1.59
SRS6,3/15/2007,28,20.795,1.4
SRS6,3/18/2007,30.5,20.222,1.76
SRS6,3/21/2007,29.7,25.941,1.82
SRS6,3/24/2007,28.9,22.294,1.63
SRS6,3/26/2007,26.7,28.502,1.52
SRS6,3/30/2007,28.5,16.571,1.41
SRS6,4/2/2007,29.2,19.984,1.35
SRS6,4/5/2007,31.2,12.244,1.05
SRS6,4/8/2007,32.6,14.999,1.69
SRS6,4/11/2007,30.7,19.474,1.7
SRS6,4/14/2007,22.1,19.204,1.25
SRS6,4/17/2007,23.6,20.286,-9999
SRS6,4/20/2007,25.8,14.568,2.3
SRS6,4/23/2007,25,13.833,1.72
SRS6,4/25/2007,21.5,17.526,1.35
SRS6,4/29/2007,27.1,38.156,1.37
SRS6,5/2/2007,29.2,40.297,1.46
SRS6,5/5/2007,31,29.836,1.15
SRS6,5/8/2007,30.4,26.394,1.07
SRS6,5/11/2007,31.8,27.198,1.23
SRS6,5/14/2007,33.6,23.659,1.01
SRS6,5/17/2007,31.9,26.488,0.98
SRS6,5/20/2007,31.7,22.422,0.75
SRS6,5/22/2007,28,48.732,2.81
SRS6,5/25/2007,24.7,81.508,2.78
SRS6,5/28/2007,27.8,82.574,-9999
SRS6,5/31/2007,24.9,60.77,3.4
SRS6,6/3/2007,28.3,84.507,-9999
SRS6,6/6/2007,28.6,42.226,2.65
SRS6,6/9/2007,23,61.048,-9999
SRS6,6/12/2007,24.8,35.047,1.58
SRS6,6/15/2007,26.2,36.106,1.8
SRS6,6/17/2007,28.3,23.132,1.72
SRS6,6/21/2007,25,47.353,1.57
SRS6,6/24/2007,25.4,43.049,1.78
SRS6,6/27/2007,21.3,34.281,1.48
SRS6,6/30/2007,21.6,44.56,1.94
SRS6,7/3/2007,26.4,43.478,1.87
SRS6,7/6/2007,26.9,35.969,1.76
SRS6,7/9/2007,22.8,30.198,1.23
SRS6,7/10/2007,18.4,31.376,1.34
SRS6,7/13/2007,21.5,52.939,1.81
SRS6,7/16/2007,24,35.792,0.98
SRS6,7/19/2007,24.5,74.858,2.53
SRS6,7/22/2007,22.1,69.835,2.53
SRS6,7/25/2007,21.8,52.868,1.71
SRS6,7/28/2007,20.4,55.385,1.58
SRS6,7/31/2007,24.8,44.789,1.5
SRS6,8/3/2007,26.5,39.865,1.25
SRS6,8/6/2007,22.7,22.794,0.34
SRS6,8/7/2007,9.2,37.805,1.3
SRS6,8/10/2007,23.2,49.863,2.13
SRS6,8/13/2007,24.2,56.514,3.07
SRS6,8/16/2007,27,49.891,2.41
SRS6,8/19/2007,21.5,51.556,2.33
SRS6,8/22/2007,17.2,59.345,2.18
SRS6,8/25/2007,23.5,58.706,1.87
SRS6,8/28/2007,24,53.432,1.94
SRS6,8/31/2007,26.5,42.786,1.34
SRS6,9/3/2007,26.8,33.754,1.91
SRS6,9/6/2007,25.4,36.78,1.32
SRS6,9/9/2007,23.9,31.9,0.91
SRS6,9/10/2007,24.9,45.25,0.88
SRS6,9/13/2007,23.9,36.593,2.22
SRS6,9/16/2007,2.5,39.196,2.83
SRS6,9/19/2007,20.3,36.892,2.13
SRS6,9/22/2007,23.9,35.266,3.15
SRS6,9/25/2007,22.9,34.84,2.24
SRS6,9/28/2007,25.5,42.57,2.14
SRS6,10/1/2007,23.3,53.287,1.54
SRS6,10/3/2007,21.9,41.099,1.53
SRS6,10/6/2007,23,73.65,3.91
SRS6,10/9/2007,20.8,84.61,4.78
SRS6,10/12/2007,23.1,67.554,3.46
SRS6,10/15/2007,20.2,75.425,3.66
SRS6,10/18/2007,21.5,58.85,2.56
SRS6,10/21/2007,22.9,51.293,2.12
SRS6,10/24/2007,20.1,59.521,2.13
SRS6,10/27/2007,21.5,52.839,2.83
SRS6,10/30/2007,20,45.817,2.01
SRS6,11/2/2007,18.8,45.954,2.13
SRS6,11/5/2007,23.3,41.66,2.32
SRS6,11/7/2007,25.4,47.53,2.96
SRS6,11/10/2007,25.2,48.098,2.86
SRS6,11/13/2007,24.1,59.402,3.1
SRS6,11/16/2007,23,43.876,1.57
SRS6,11/19/2007,20.5,43.039,1.37
SRS6,11/22/2007,21.4,36.588,1.5
SRS6,11/25/2007,25.9,32.977,1.44
SRS6,11/28/2007,26.5,27.84,1.37
SRS6,12/1/2007,23.5,26.616,1.14
SRS6,12/3/2007,21.6,28.496,1.16
SRS6,12/6/2007,24,50.715,1.83
SRS6,12/9/2007,22.8,55.524,1.98
SRS6,12/12/2007,22.7,56.965,1.79
SRS6,12/15/2007,24.6,53.992,1.85
SRS6,12/18/2007,26,44.331,1.49
SRS6,12/21/2007,25.3,44.325,1.56
SRS6,12/24/2007,28.5,44.056,1.62
SRS6,12/27/2007,29,37.066,1.44
SRS6,12/30/2007,29.2,33.327,1.3
SRS6,1/2/2008,26.1,32.547,1.24
SRS6,1/5/2008,23,37.6,1.48
SRS6,1/8/2008,28.1,46.829,1.67
SRS6,1/11/2008,30.5,43.11,1.52
SRS6,1/14/2008,31.3,32.197,1.53
SRS6,1/17/2008,27.7,31.372,1.01
SRS6,1/20/2008,29.2,26.117,1
SRS6,1/22/2008,26.6,28.793,1.3
SRS6,1/25/2008,29.9,37.305,1.99
SRS6,1/28/2008,30.8,33.232,1.61
SRS6,1/31/2008,30.8,32.163,1.58
SRS6,2/3/2008,30.9,32.284,1.57
SRS6,2/6/2008,30.6,28.671,1.54
SRS6,2/9/2008,32.5,25.398,1.26
SRS6,2/12/2008,31.2,58.943,0.99
SRS6,2/15/2008,31.2,44.787,1.19
SRS6,2/18/2008,29.5,42.989,1.05
SRS6,2/21/2008,29.5,55.833,1.64
SRS6,2/24/2008,31.2,61.659,-9999
SRS6,2/27/2008,32.2,44.387,1.27
SRS6,3/1/2008,30.3,43.358,1.29
SRS6,3/4/2008,30.3,45.305,1.56
SRS6,3/7/2008,32.6,40.896,1.52
SRS6,3/10/2008,33.7,39.384,0.92
SRS6,3/13/2008,33.4,33.956,1.11
SRS6,3/16/2008,33.1,32.606,1.2
SRS6,3/18/2008,33,28.992,1.3
SRS6,3/21/2008,32.4,51.78,2.24
SRS6,3/24/2008,33.6,55.397,2.36
SRS6,3/27/2008,32.4,46.781,1.9
SRS6,3/30/2008,32.6,46.461,1.84
SRS6,4/2/2008,31.8,44.244,1.71
SRS6,4/5/2008,33.6,35.881,1.69
SRS6,4/8/2008,32.4,34.887,1.53
SRS6,4/11/2008,29.5,35.035,1.68
SRS6,4/14/2008,28.8,31.382,1.35
SRS6,4/17/2008,29.1,30.831,1.13
SRS6,4/20/2008,30.4,25.55,1.2
SRS6,4/23/2008,32.5,25.39,1.46
SRS6,4/26/2008,32.9,20.055,1.68
SRS6,4/29/2008,32.3,31.962,1.36
SRS6,5/2/2008,33.4,28.015,1.84
SRS6,5/5/2008,33.7,26.64,1.4
SRS6,5/8/2008,34.1,31.189,1.69
SRS6,5/11/2008,34.5,18.739,1.46
SRS6,5/14/2008,34.2,30.659,1.53
SRS6,5/17/2008,34.5,23.77,1.38
SRS6,5/20/2008,35.3,30.783,1.19
SRS6,5/23/2008,35.6,25.798,1.57
SRS6,5/26/2008,35.3,26.345,1.12
SRS6,5/27/2008,34.2,26.935,0.97
SRS6,5/30/2008,34,24.686,1.49
SRS6,6/2/2008,35.1,23.096,1.23
SRS6,6/5/2008,34.1,23.763,1.12
SRS6,6/8/2008,33.8,24.688,1.13
SRS6,6/11/2008,32.5,22.727,1.23
SRS6,6/12/2008,29.4,23.806,0.79
SRS6,7/5/2008,26.1,67.898,3.85
SRS6,7/8/2008,25.5,60.302,2.98
SRS6,7/11/2008,22.6,55.117,2.62
SRS6,7/14/2008,25.4,49.043,2.53
SRS6,7/17/2008,25.2,37.959,2.63
SRS6,7/20/2008,23.4,42.653,2.79
SRS6,7/23/2008,27.2,32.583,2.65
SRS6,7/26/2008,23.4,35.702,2.37
SRS6,7/29/2008,25.1,23.308,1.9
SRS6,8/1/2008,26.3,17.512,1.7
SRS6,8/3/2008,29.1,16.416,1.8
SRS6,8/7/2008,23.3,68.765,3.27
SRS6,8/10/2008,23.1,65.113,3.19
SRS6,8/13/2008,22.6,64.557,2.89
SRS6,8/16/2008,21.8,99.4,3.63
SRS6,8/19/2008,19.3,99.859,2.95
SRS6,8/22/2008,26,45.512,3.62
SRS6,8/25/2008,15.6,96.245,3.64
SRS6,8/28/2008,17.1,-9999,3.22
SRS6,8/31/2008,17,91.793,2.47
SRS6,9/3/2008,19.2,61.623,2.87
SRS6,9/6/2008,24.4,64.465,3.59
SRS6,9/9/2008,16.3,50.113,2.21
SRS6,9/12/2008,16.8,38.327,2.19
SRS6,9/15/2008,19.2,57.758,2.11
SRS6,9/18/2008,20.5,42.398,2.23
SRS6,9/21/2008,16.6,21.898,2.17
SRS6,9/24/2008,16.9,20.193,2.7
SRS6,9/25/2008,11.4,20.362,3.45
SRS6,9/28/2008,20.6,40.641,2.64
SRS6,10/1/2008,22.3,31.421,2.14
SRS6,10/4/2008,16.8,37.852,2.77
SRS6,10/7/2008,14,35.556,3.97
SRS6,10/10/2008,17.1,35.837,2.58
SRS6,10/13/2008,18.4,26.704,1.48
SRS6,10/16/2008,12.4,25.367,1.61
SRS6,10/19/2008,18.9,14.946,0.74
SRS6,10/21/2008,16,17.201,1.26
SRS6,10/24/2008,13.6,31.293,1.49
SRS6,10/27/2008,19.6,24.526,0.75
SRS6,10/30/2008,13.6,41.597,0.47
SRS6,11/2/2008,12.8,27.078,0.87
SRS6,11/5/2008,17.8,18.139,0.5
SRS6,11/8/2008,16.7,20.603,0.94
SRS6,11/11/2008,18.7,17.828,0.7
SRS6,11/14/2008,21.1,17.883,0.83
SRS6,11/16/2008,21.7,12.158,1.5
SRS6,11/20/2008,12.4,21.586,0.87
SRS6,11/23/2008,14.9,25.101,1.45
SRS6,11/26/2008,18.1,21.958,1.34
SRS6,11/29/2008,21.2,15.119,0.93
SRS6,12/2/2008,21.3,21.008,0.88
SRS6,12/3/2008,16.2,22.338,0.91
SRS6,12/6/2008,14,24.56,1.29
SRS6,12/9/2008,17.1,27.691,1.46
SRS6,12/12/2008,22.5,27.506,1.43
SRS6,12/15/2008,21.7,27.357,1.3
SRS6,12/18/2008,22.8,20.904,1.33
SRS6,12/21/2008,19.8,20.406,1.49
SRS6,12/24/2008,16.1,26.292,1.1
SRS6,12/27/2008,15.9,34.052,-9999
SRS6,12/30/2008,19.1,25.508,1.19
SRS6,1/2/2009,21.8,25.818,1.02
SRS6,1/5/2009,21.1,21.194,0.81
SRS6,1/7/2009,21.2,25.773,0.45
SRS6,1/10/2009,19.7,130.525,1.43
SRS6,1/13/2009,23.1,127.713,2.14
SRS6,1/16/2009,20.7,122.751,1.27
SRS6,1/19/2009,17.1,104.646,1.17
SRS6,1/22/2009,22.3,63.409,1.25
SRS6,1/25/2009,19.6,56.315,0.98
SRS6,1/28/2009,21.9,67.462,0.79
SRS6,1/31/2009,24.3,81.59,0.9
SRS6,2/3/2009,23.4,57.709,0.91
SRS6,2/4/2009,24.1,59.883,-9999
SRS6,2/7/2009,22.7,51.052,1.27
SRS6,2/10/2009,24.5,54.04,1.77
SRS6,2/13/2009,28.5,40.058,1.24
SRS6,2/16/2009,28.7,47.081,2.64
SRS6,2/19/2009,26.1,40.007,2.61
SRS6,2/22/2009,26.4,37.919,1.58
SRS6,2/25/2009,27.2,35.738,1.29
SRS6,2/28/2009,28.3,40.019,1.83
SRS6,3/3/2009,31.3,35.332,1.54
SRS6,3/4/2009,27.6,68.355,-9999
SRS6,3/7/2009,28.1,56.832,1.72
SRS6,3/10/2009,30.3,39.375,1.9
SRS6,3/13/2009,31.5,39.835,2.57
SRS6,3/16/2009,33,39.537,3.31
SRS6,3/19/2009,32.3,39.158,3.26
SRS6,3/22/2009,30.4,36.663,2.79
SRS6,3/25/2009,30.8,34.348,2.86
SRS6,3/28/2009,32.9,39.284,3.11
SRS6,3/31/2009,33.7,37.457,1.4
SRS6,4/3/2009,34,44.389,1.24
SRS6,4/5/2009,34.3,45.331,3.28
SRS6,4/9/2009,33.7,51.501,6.53
SRS6,4/12/2009,34.6,66.954,4
SRS6,4/15/2009,34.8,70.306,5.03
SRS6,4/18/2009,33.1,47.309,3.86
SRS6,4/21/2009,33.6,46.243,0.5
SRS6,4/24/2009,34.6,50.917,0.13
SRS6,4/27/2009,33.6,84.323,2.91
SRS6,4/30/2009,34.2,89.581,3.03
SRS6,5/3/2009,34.6,80.439,1.27
SRS6,5/5/2009,36,84.298,1.04
SRS6,5/9/2009,36.4,16.763,0.47
SRS6,5/12/2009,35.8,16.372,0.68
SRS6,5/15/2009,35.6,23.689,0.87
SRS6,5/18/2009,35.1,17.379,0.5
SRS6,5/21/2009,35.6,12.566,0.46
SRS6,5/24/2009,34.8,10.937,0.58
SRS6,5/27/2009,35.3,18.886,0.71
SRS6,5/30/2009,36,13.41,0.66
SRS6,6/2/2009,32.7,13.776,0.55
SRS6,6/3/2009,28.5,16.716,0.58
SRS6,6/6/2009,28.5,61.603,1.41
SRS6,6/9/2009,27.6,43.798,1.86
SRS6,6/12/2009,29.7,45.997,1.57
SRS6,6/15/2009,26.4,41.791,1.17
SRS6,6/18/2009,21.6,47.087,1.12
SRS6,6/21/2009,22.2,54.861,1.03
SRS6,6/24/2009,25.3,51.282,1.54
SRS6,6/27/2009,26,45.04,1.39
SRS6,6/30/2009,21,44.401,1.03
SRS6,7/2/2009,16.8,42.465,1.08
SRS6,7/5/2009,13.1,29.098,0.45
SRS6,7/8/2009,19.6,123.753,2.49
SRS6,7/11/2009,20.3,83.942,3.07
SRS6,7/14/2009,18.7,94.936,3.96
SRS6,7/17/2009,19.8,110.762,2.75
SRS6,7/20/2009,21.5,79.075,2.28
SRS6,7/23/2009,16.4,68.822,2.46
SRS6,7/26/2009,21.1,88.527,1.87
SRS6,7/29/2009,15,55.739,1.61
SRS6,8/1/2009,14,113.526,1.54
SRS6,8/4/2009,18.4,97.478,2.39
SRS6,8/7/2009,21.6,61.342,0.94
SRS6,8/10/2009,23.2,69.397,1.19
SRS6,8/12/2009,22.5,36.112,-9999
SRS6,8/15/2009,17.8,38.401,1.29
SRS6,8/18/2009,17.4,37.388,1.32
SRS6,8/21/2009,20.6,29.787,0.97
SRS6,8/24/2009,26.3,23.682,0.84
SRS6,8/27/2009,19.1,28.16,1.06
SRS6,8/30/2009,22.1,31.373,0.8
SRS6,9/2/2009,19.3,28.477,0.63
SRS6,10/15/2009,17,56.34,0.55
SRS6,10/18/2009,22.7,67.838,2.61
SRS6,10/21/2009,19.7,67.412,2.18
SRS6,10/24/2009,22.6,63.41,1.53
SRS6,10/27/2009,19.3,58.466,1.55
SRS6,10/30/2009,18.3,59.216,1.35
SRS6,11/2/2009,20.8,43.369,1.13
SRS6,11/5/2009,21.9,102.308,3.07
SRS6,11/8/2009,15.1,139.296,1.6
SRS6,11/11/2009,19.2,122.442,1.76
SRS6,11/14/2009,25.5,120.053,1.54
SRS6,11/17/2009,25.5,101.784,2.06
SRS6,11/20/2009,25.5,111.592,1.5
SRS6,11/23/2009,25.2,89.909,0.95
SRS6,11/26/2009,20.5,68.374,2.3
SRS6,11/29/2009,17.6,108.787,0.95
SRS6,12/2/2009,21.3,96.613,0.83
SRS6,12/5/2009,23.3,86.857,0.98
SRS6,12/8/2009,20.4,95.532,0.36
SRS6,12/9/2009,16.9,70.519,1.15
SRS6,12/12/2009,16.4,55.135,0.94
SRS6,12/15/2009,16.2,59.128,1.04
SRS6,12/18/2009,19.2,66.022,1.53
SRS6,12/21/2009,21.8,67.475,1.21
SRS6,12/24/2009,16.4,67.425,0.95
SRS6,12/27/2009,20.5,83.685,0.78
SRS6,12/30/2009,18.5,64.89,0.56
SRS6,1/2/2010,20.7,72.966,0.73
SRS6,1/5/2010,21.1,72.504,0.61
SRS6,1/8/2010,18.6,71.449,0.37
SRS6,1/11/2010,17,100.66,0.39
SRS6,1/14/2010,15.8,97.872,2.99
SRS6,1/17/2010,21.3,73.685,2.93
SRS6,1/20/2010,22.5,69.151,3.04
SRS6,1/23/2010,23.3,54.355,1.66
SRS6,1/26/2010,23.4,44.96,1.44
SRS6,1/29/2010,21.7,44.921,1.19
SRS6,2/1/2010,25.5,37.79,1.4
SRS6,2/3/2010,26.5,34.186,1.44
SRS6,2/6/2010,23.6,91.648,1.94
SRS6,2/9/2010,22.1,77.828,1.27
SRS6,2/12/2010,23,84.097,1.84
SRS6,2/15/2010,24.2,84.285,1.18
SRS6,2/18/2010,24.6,66.894,0.99
SRS6,2/21/2010,22,60.055,0.72
SRS6,2/24/2010,22.6,60.3,0.74
SRS6,2/27/2010,25.5,63.759,0.67
SRS6,3/2/2010,25.8,63.751,0.39
SRS6,3/3/2010,27.4,52.704,1.15
SRS6,3/6/2010,25.6,71.149,1.27
SRS6,3/9/2010,20.6,81.48,0.83
SRS6,3/12/2010,23.8,67.5,1.03
SRS6,3/15/2010,28.3,58.249,1.63
SRS6,3/18/2010,27.8,165.315,4.58
SRS6,3/21/2010,28,71.762,1.75
SRS6,3/24/2010,27.2,70.817,1.65
SRS6,3/27/2010,26.1,71.136,1.85
SRS6,3/30/2010,27.9,77.05,1.36
SRS6,4/2/2010,27.3,72.435,1.22
SRS6,4/5/2010,25.7,73.826,1.16
SRS6,4/8/2010,23.8,79.343,0.86
SRS6,4/11/2010,26.4,57.995,0.87
SRS6,4/14/2010,22,61.474,0.67
SRS6,4/17/2010,22.6,51.588,0.68
SRS6,4/20/2010,26.9,45.295,0.69
SRS6,4/21/2010,25.9,44.91,7.44
SRS6,4/24/2010,27.6,72.503,2.15
SRS6,4/27/2010,28.9,85.953,2.65
SRS6,4/30/2010,28.4,99.538,1.91
SRS6,5/3/2010,28.1,77.95,1.93
SRS6,5/6/2010,27,88.474,2.07
SRS6,5/9/2010,26.6,71.076,1.56
SRS6,5/12/2010,27.7,77.962,1.43
SRS6,5/15/2010,27.4,77.651,0.57
SRS6,5/18/2010,29.4,61.163,1.33
SRS6,5/21/2010,30.4,53.575,1.71
SRS6,5/24/2010,30.3,52.587,0.71
SRS6,5/27/2010,31,65.377,0.57
SRS6,5/30/2010,31.5,50.52,0.55
SRS6,6/2/2010,31.6,40.83,0.48
SRS6,6/5/2010,31.1,49.347,0.62
SRS6,6/8/2010,30.7,51.675,0.86
SRS6,6/11/2010,30,47.234,0.66
SRS6,6/14/2010,29.4,51.516,0.65
SRS6,6/17/2010,29.4,32.047,1
SRS6,6/20/2010,24.3,33.279,1.4
SRS6,6/23/2010,22.5,30.735,1.09
SRS6,6/26/2010,23.6,33.248,0.97
SRS6,6/29/2010,27.1,32.282,1.15
SRS6,7/2/2010,28.9,24.769,0.96
SRS6,7/5/2010,25.3,25.881,0.7
SRS6,7/8/2010,23.3,24.629,0.62
SRS6,7/11/2010,25.4,22.208,0.72
SRS6,7/14/2010,25.4,24.985,0.69
SRS6,7/17/2010,23.8,26.246,0.79
SRS6,7/19/2010,21.1,35.656,0.86
SRS6,7/22/2010,20.5,60.883,0.41
SRS6,7/25/2010,22.5,33.025,0.34
SRS6,7/28/2010,22.7,40.015,0.43
SRS6,7/31/2010,26.1,40.736,0.35
SRS6,8/3/2010,25.9,43.069,0.42
SRS6,8/6/2010,24.5,36.269,0.43
SRS6,8/9/2010,25.9,35.269,0.4
SRS6,8/11/2010,24.9,30.073,0.39
SRS6,8/14/2010,24,58.114,0.48
SRS6,8/17/2010,20.8,51.24,0.52
SRS6,8/20/2010,17,54.537,0.3
SRS6,8/23/2010,19.6,57.722,0.54
SRS6,8/23/2010,19.6,46.611,0.39
SRS6,8/29/2010,18.9,46.92,0.28
SRS6,9/1/2010,16.6,52.033,0.27
SRS6,9/4/2010,21.8,42.679,0.32
SRS6,9/7/2010,25.4,31.351,0.19
SRS6,9/9/2010,24.6,37.946,0.33
SRS6,9/12/2010,22.8,49.077,0.59
SRS6,9/15/2010,17.1,54.158,0.62
SRS6,9/18/2010,16.1,57.683,0.59
SRS6,9/21/2010,16.2,62.714,0.5
SRS6,9/24/2010,16.9,53.196,0.47
SRS6,9/27/2010,19.4,49.056,0.41
SRS6,9/30/2010,20,65.34,0.78
SRS6,10/3/2010,16.9,66.777,0.45
SRS6,10/5/2010,13.8,50.134,0.49
SRS6,10/9/2010,17.1,57.203,0.68
SRS6,10/12/2010,20.8,53.777,1.02
SRS6,10/15/2010,16.3,50.726,0.79
SRS6,10/18/2010,13.8,45.981,0.59
SRS6,10/21/2010,19.9,43.231,0.62
SRS6,10/24/2010,19.9,37.085,0.71
SRS6,10/27/2010,20.8,37.572,0.55
SRS6,10/30/2010,17.7,41.76,0.36
SRS6,11/2/2010,15.5,34.289,0.41
SRS6,11/5/2010,16.5,33.397,0.84
SRS6,11/8/2010,11.6,32.773,0.27
SRS6,11/11/2010,16.3,30.216,0.34
SRS6,11/14/2010,18.7,27.805,0.3
SRS6,11/17/2010,24.4,22.368,0.31
SRS6,11/20/2010,23.7,24.309,0.27
SRS6,11/22/2010,22.8,28.426,0.25
SRS6,11/25/2010,21.4,39.439,0.48
SRS6,11/28/2010,22.9,31.801,0.39
SRS6,12/1/2010,21.7,36.374,0.35
SRS6,12/4/2010,17.5,39.689,0.26
SRS6,12/7/2010,22.1,34.396,0.27
SRS6,12/10/2010,21.3,32.242,0.3
SRS6,12/13/2010,23.6,29.112,0.35
SRS6,12/16/2010,22.1,31.841,0.35
SRS6,12/19/2010,23.3,29.14,0.43
SRS6,12/22/2010,23.5,31.541,0.43
SRS6,12/25/2010,23.2,30.46,0.34
SRS6,12/28/2010,24.2,28.388,0.38
SRS6,12/31/2010,20.8,30.649,0.36
SRS6,1/3/2011,24.4,28.447,0.36
SRS6,1/6/2011,24.1,28.154,0.33
SRS6,1/9/2011,26.4,27.363,0.42
SRS6,1/11/2011,24.7,28.575,0.9
SRS6,1/14/2011,20.1,48.961,0.18
SRS6,1/17/2011,22.3,56.56,0.3
SRS6,1/20/2011,24.8,32.636,0.28
SRS6,1/23/2011,25.5,27.995,0.21
SRS6,1/26/2011,23.3,33.238,0.24
SRS6,1/29/2011,19.3,37.42,0.2
SRS6,2/1/2011,20.9,37.137,0.2
SRS6,2/4/2011,23,32.027,0.25
SRS6,2/7/2011,23.3,34.576,0.29
SRS6,2/8/2011,24.7,30.201,0.31
SRS6,2/11/2011,24.3,31.02,0.82
SRS6,2/14/2011,21.2,40.373,0.84
SRS6,2/17/2011,23.8,35.461,0.88
SRS6,2/20/2011,26.3,28.989,1.72
SRS6,2/23/2011,27.9,29.126,0.98
SRS6,2/26/2011,27.4,29.573,0.95
SRS6,3/1/2011,27.7,30.169,0.5
SRS6,3/4/2011,27.9,30.051,0.29
SRS6,3/6/2011,28.8,35.889,0.17
SRS6,3/10/2011,30.3,31.591,0.61
SRS6,3/13/2011,29.9,27.941,0.62
SRS6,3/16/2011,29.1,30.334,0.76
SRS6,3/19/2011,30.6,27.437,0.42
SRS6,3/22/2011,30.8,30.418,0.75
SRS6,3/25/2011,31.5,27.607,0.36
SRS6,3/28/2011,31.2,44.687,0.3
SRS6,3/31/2011,31.3,63.998,0.41
SRS6,4/3/2011,31.7,72.636,0.42
SRS6,4/6/2011,31.2,70.916,0.49
SRS6,4/9/2011,31.8,73.973,0.38
SRS6,4/12/2011,32.2,70.334,0.38
SRS6,4/13/2011,31.4,76.641,0.93
SRS6,4/16/2011,33.5,38.761,0.77
SRS6,4/19/2011,33.5,34.809,0.46
SRS6,4/22/2011,33.2,34.861,0.3
SRS6,4/25/2011,32.7,33.582,0.38
SRS6,4/28/2011,33,33.003,0.34
SRS6,5/1/2011,33.2,34.421,0.35
SRS6,5/3/2011,32.5,34.745,0.39
SRS6,5/7/2011,33.5,50.327,1.29
SRS6,5/10/2011,34.5,48.578,1.23
SRS6,5/13/2011,34.5,43.848,1.18
SRS6,5/16/2011,34.6,41.994,1.68
SRS6,5/19/2011,34.6,44.086,1.32
SRS6,5/22/2011,34.7,41.437,1.48
SRS6,5/25/2011,34,37.066,0.88
SRS6,5/28/2011,34.2,42.883,0.85
SRS6,5/31/2011,33.4,32.812,0.56
SRS6,6/1/2011,31.9,43.881,0.9
SRS6,6/4/2011,34.8,57.189,0.99
SRS6,6/7/2011,36.1,39.023,1.22
SRS6,6/10/2011,36.3,41.221,0.96
SRS6,6/13/2011,36.7,47.18,1.48
SRS6,6/16/2011,37,45.076,1.28
SRS6,6/19/2011,37.1,50.778,2.48
SRS6,6/22/2011,37.2,51.995,1.48
SRS6,6/25/2011,35.8,40.942,1.42
SRS6,6/28/2011,33.4,36.283,0.88
SRS6,7/1/2011,31,36.032,0.5
SRS6,7/4/2011,31.5,44.496,0.5
SRS6,7/6/2011,32.9,33.711,0.67
SRS6,7/9/2011,30.6,48.022,0.94
SRS6,7/12/2011,28.3,57.205,1.34
SRS6,7/15/2011,30,44.525,1.01
SRS6,7/18/2011,30.4,55.713,1.2
SRS6,7/21/2011,31.4,33.229,0.59
SRS6,7/24/2011,25.1,51.371,0.81
SRS6,7/27/2011,26.3,49.051,0.8
SRS6,7/30/2011,28.6,40.954,0.54
SRS6,8/2/2011,30.1,39.806,0.44
SRS6,8/4/2011,30.3,40.017,0.6
SRS6,8/7/2011,26.4,46.045,0.73
SRS6,8/10/2011,26,39.945,0.61
SRS6,8/13/2011,25.8,48.512,0.91
SRS6,8/16/2011,25.6,48.995,0.95
SRS6,8/19/2011,27.1,42.006,0.64
SRS6,8/22/2011,25.7,44.663,0.68
SRS6,8/25/2011,26.6,38.545,0.55
SRS6,8/28/2011,30.1,31.284,0.58
SRS6,8/31/2011,28,35.134,0.38
SRS6,9/1/2011,27.8,32.404,0.37
SRS6,9/4/2011,23.4,55.606,1.07
SRS6,9/7/2011,23.9,47.257,0.99
SRS6,9/10/2011,21.8,55.204,1.22
SRS6,9/13/2011,21.7,55.023,0.99
SRS6,9/16/2011,23.9,48.136,0.67
SRS6,9/19/2011,23.3,46.26,0.7
SRS6,9/22/2011,23.1,42.333,0.56
SRS6,9/25/2011,28.1,33.896,0.56
SRS6,9/28/2011,24.2,32.248,0.48
SRS6,10/1/2011,22.6,34.473,0.57
SRS6,10/4/2011,17.4,43.703,0.37
SRS6,10/6/2011,13.3,54.767,0.63
SRS6,10/9/2011,17.6,47.915,0.53
SRS6,10/12/2011,24.1,37.813,0.47
SRS6,10/15/2011,25.8,35.552,0.53
SRS6,10/18/2011,18.1,46.156,0.41
SRS6,10/21/2011,18,37.623,0.38
SRS6,10/24/2011,13.4,44.565,0.54
SRS6,10/27/2011,16.9,41.788,0.43
SRS6,10/30/2011,19.1,38.424,0.39
SRS6,11/1/2011,15.9,43.028,0.54
SRS6,11/28/2011,19.1,39.452,0.67
SRS6,12/1/2011,21.6,40.372,0.58
SRS6,12/4/2011,14.9,43.561,0.68
SRS6,12/7/2011,18.4,40.461,1.08
SRS6,12/10/2011,21.3,55.556,2.19
SRS6,12/13/2011,21,44.422,0.66
SRS6,12/16/2011,21.1,37.272,0.5
SRS6,12/19/2011,22.2,36.855,0.53
SRS6,12/22/2011,20.6,39.217,0.47
SRS6,12/25/2011,21.7,35.122,0.48
SRS6,12/28/2011,23.1,32.9,0.61
SRS6,12/31/2011,21.6,35.95,0.41
SRS6,1/3/2012,18.9,40.089,0.37
SRS6,1/5/2012,17.2,44.445,0.41
SRS6,1/8/2012,20.5,41.316,0.54
SRS6,1/11/2012,20.7,38.188,0.71
SRS6,1/14/2012,25.2,33.389,0.54
SRS6,1/17/2012,19.6,44.508,0.48
SRS6,1/20/2012,20.9,40.727,0.47
SRS6,1/23/2012,25.2,30.67,0.48
SRS6,1/26/2012,26.3,31.413,0.53
SRS6,1/29/2012,26.5,29.288,0.43
SRS6,2/1/2012,20.2,41.011,0.43
SRS6,2/4/2012,22.7,35.758,0.51
SRS6,2/7/2012,26.6,30.151,0.5
SRS6,2/10/2012,28.5,28.24,0.57
SRS6,2/13/2012,27.5,29.667,0.43
SRS6,2/15/2012,26.2,40.353,0.55
SRS6,2/18/2012,25.4,34.476,-9999
SRS6,2/21/2012,28.9,30.028,-9999
SRS6,2/24/2012,28.8,34.656,-9999
SRS6,2/27/2012,27.8,36.948,-9999
SRS6,3/1/2012,25.4,38.321,-9999
SRS6,3/4/2012,27.6,35.021,-9999
SRS6,3/6/2012,27.3,53.949,-9999
SRS6,3/9/2012,27.4,48.208,1.8
SRS6,3/12/2012,30.4,44.3,1.82
SRS6,3/15/2012,30.7,40.812,1.54
SRS6,3/18/2012,29.4,43.191,1.6
SRS6,3/21/2012,30.5,35.79,1.46
SRS6,3/24/2012,31,33.764,1.31
SRS6,3/27/2012,31.6,30.487,1.31
SRS6,3/30/2012,31.4,28.621,1
SRS6,4/2/2012,32.2,28.153,0.98
SRS6,4/5/2012,33.1,26.312,0.79
SRS6,4/8/2012,32.9,25.229,0.65
SRS6,4/10/2012,33.3,30.169,1.2
SRS6,4/13/2012,33.7,31.716,0.87
SRS6,4/16/2012,32.5,33.473,1.09
SRS6,4/19/2012,32.5,36.063,1.05
SRS6,4/22/2012,32.6,33.511,1.15
SRS6,4/25/2012,31.3,46.83,1.18
SRS6,4/28/2012,29,91.464,2.89
SRS6,5/1/2012,25.4,39.131,0.7
SRS6,5/4/2012,26.6,40.192,0.93
SRS6,5/7/2012,29.8,35.899,0.72
SRS6,5/8/2012,15,24.676,0.28
SRS6,5/11/2012,32.4,33.204,0.98
SRS6,5/14/2012,28.3,52.434,1.38
SRS6,5/17/2012,30.2,53.48,1.58
SRS6,5/20/2012,28.7,58.268,1.61
SRS6,5/23/2012,26.6,56.678,1.68
SRS6,5/26/2012,26.3,54.459,1.42
SRS6,5/29/2012,24.6,49.659,1.37
SRS6,6/1/2012,24,50.093,1.17
SRS6,6/4/2012,18.7,54.108,1.23
SRS6,6/7/2012,21.7,48.403,1.15
SRS6,6/10/2012,22.3,46.823,0.94
SRS6,6/13/2012,19.4,42.914,0.72
SRS6,6/16/2012,24.5,41.952,0.75
SRS6,6/19/2012,20.7,35.412,0.62
SRS6,6/22/2012,24.3,30.979,0.59
SRS6,6/25/2012,26.5,36.958,0.59
SRS6,6/28/2012,29.6,41.681,1.14
SRS6,7/1/2012,23.7,44.748,0.66
SRS6,7/4/2012,21.7,50.952,0.8
SRS6,7/7/2012,21.4,46.301,0.68
SRS6,7/9/2012,17.9,45.277,0.4
SRS6,7/13/2012,13.8,54.729,0.84
SRS6,7/16/2012,14.9,54.243,1.04
SRS6,7/19/2012,18.5,53.469,1.16
SRS6,7/22/2012,16.8,55.659,1.28
SRS6,7/25/2012,21.5,45.764,1.01
SRS6,7/28/2012,22.4,38.766,0.82
SRS6,7/31/2012,20.9,36.479,0.52
SRS6,8/3/2012,22.4,35.27,0.62
SRS6,8/6/2012,20.5,40.296,0.57
SRS6,8/8/2012,17.5,40.633,0.64
SRS6,8/11/2012,18.3,42.651,0.43
SRS6,8/14/2012,19.8,41.153,0.5
SRS6,8/17/2012,21,45.992,1.19
SRS6,8/20/2012,23.1,39.143,1.18
SRS6,8/23/2012,24.5,31.502,0.78
SRS6,8/26/2012,14.9,44.08,0.58
SRS6,8/29/2012,16.9,43.179,0.73
SRS6,9/1/2012,19.8,47.278,1.05
SRS6,9/4/2012,19.3,40.452,0.97
SRS6,9/7/2012,15.9,37.364,0.61
SRS6,9/9/2012,14.9,36.129,0.53
SRS6,9/13/2012,15.6,45.918,1.49
SRS6,9/16/2012,17.7,52.002,1.78
SRS6,9/19/2012,21,50.701,1.91
SRS6,9/22/2012,16.7,56.005,1.27
SRS6,9/25/2012,14.1,45.987,1.48
SRS6,9/28/2012,15.1,54.333,1.71
SRS6,10/1/2012,17.9,49.069,1.64
SRS6,10/4/2012,13.7,33.42,0.78
SRS6,10/7/2012,9.9,41.426,0.63
SRS6,10/10/2012,11.4,47.285,0.61
SRS6,10/13/2012,9.4,48.264,0.34
SRS6,10/16/2012,14.9,32.135,0.41
SRS6,10/17/2012,9.9,28.265,0.36
SRS6,11/7/2012,10,49.776,-9999
SRS6,11/10/2012,12,36.211,0.59
SRS6,11/12/2012,16,31.286,0.49
SRS6,11/16/2012,21.6,30.02,1.39
SRS6,11/19/2012,19.5,28.98,0.82
SRS6,11/22/2012,20.4,27.274,0.64
SRS6,11/25/2012,22.1,29.231,0.72
SRS6,11/28/2012,23.7,22.171,0.49
SRS6,12/1/2012,18.5,24.917,0.46
SRS6,12/4/2012,19,26.371,0.43
SRS6,12/7/2012,19.1,24.718,0.36
SRS6,12/10/2012,20.9,23.397,1.65
SRS6,12/13/2012,21.4,24.157,0.78
SRS6,12/16/2012,20.6,24.423,0.51
SRS6,12/18/2012,23,21.862,0.89
SRS6,12/21/2012,20.6,30.135,1.54
SRS6,12/24/2012,15.2,34.835,1.25
SRS6,12/27/2012,21.3,26.718,1.28
SRS6,12/30/2012,21.8,23.763,1.14
SRS6,1/2/2013,18.7,27.039,1.04
SRS6,1/5/2013,20.6,23.384,1.32
SRS6,1/8/2013,18.5,26.669,1.66
SRS6,1/11/2013,22.3,22.439,1.35
SRS6,1/14/2013,24.6,21.637,1.36
SRS6,1/15/2013,25.9,24.022,-9999
SRS6,1/18/2013,25.7,23.73,0.92
SRS6,1/21/2013,22.5,27.436,1.07
SRS6,1/24/2013,21.5,32.058,1.38
SRS6,1/27/2013,21,58.7,1.01
SRS6,1/30/2013,24.4,19.419,0.63
SRS6,2/2/2013,24.9,21.676,3.22
SRS6,2/5/2013,24.6,24.018,0.67
SRS6,2/8/2013,26.6,26.631,0.59
SRS6,2/11/2013,27,32.736,0.75
SRS6,2/14/2013,27.5,30.563,0.67
SRS6,2/17/2013,24.5,30.649,0.46
SRS6,2/20/2013,21,36.415,0.63
SRS6,2/23/2013,23.9,35.673,0.59
SRS6,2/26/2013,27.2,24.778,0.57
SRS6,3/1/2013,28.4,26.959,0.49
SRS6,3/4/2013,27.8,29.304,0.35
SRS6,3/6/2013,27.2,24.846,0.41
SRS6,3/10/2013,28,22.639,0.56
SRS6,3/13/2013,29.7,24.676,0.8
SRS6,3/16/2013,29.1,24.584,0.51
SRS6,3/19/2013,28.7,24.128,0.51
SRS6,3/22/2013,29.3,26.243,0.46
SRS6,3/25/2013,28.7,22.579,0.64
SRS6,3/28/2013,28.8,22.21,0.55
SRS6,3/31/2013,29.8,46.369,0.72
SRS6,4/2/2013,29.9,24.432,0.51
SRS6,4/5/2013,30.4,25.896,0.9
SRS6,4/8/2013,28.7,37.052,1.16
SRS6,4/11/2013,29.2,19.365,0.85
SRS6,4/14/2013,28.1,32.591,1.2
SRS6,4/17/2013,29,24.599,0.76
SRS6,4/20/2013,27.5,24.014,0.72
SRS6,4/23/2013,27.8,19.348,0.71
SRS6,4/26/2013,29,19.177,0.62
SRS6,4/29/2013,30.3,18.688,0.46
SRS6,5/1/2013,30.2,33.417,0.67
SRS6,5/4/2013,30.3,22.017,0.54
SRS6,5/7/2013,30.8,24.321,0.77
SRS6,5/10/2013,29.6,24.887,0.85
SRS6,5/13/2013,30,27.004,0.61
SRS6,5/16/2013,28.9,26.213,0.56
SRS6,5/19/2013,28.7,25.184,0.54
SRS6,5/22/2013,28.4,27.351,0.58
SRS6,5/25/2013,28.8,25.746,0.55
SRS6,5/28/2013,26,34.964,0.75
SRS6,5/31/2013,21.5,31.995,1.69
SRS6,6/3/2013,17,33.473,0.54
SRS6,6/4/2013,15.9,36.107,0.94
SRS6,6/7/2013,14.8,36.755,0.82
SRS6,6/10/2013,12.1,45.438,0.92
SRS6,6/13/2013,15.6,40.49,1.42
SRS6,6/16/2013,15.4,42.354,1.37
SRS6,6/19/2013,15.5,32.505,1.1
SRS6,6/22/2013,18.4,31.677,1.27
SRS6,6/25/2013,19.9,29.813,1.32
SRS6,6/28/2013,23.3,28.852,3.06
SRS6,6/30/2013,23,33.504,1.82
SRS6,7/4/2013,15.4,39.729,1.24
SRS6,7/7/2013,12.7,43.808,0.99
SRS6,7/10/2013,17.8,40.616,1.44
SRS6,7/13/2013,23.1,28.201,1.64
SRS6,7/16/2013,15.1,32.121,1.08
SRS6,7/19/2013,13.2,33.514,0.91
SRS6,7/22/2013,15.1,33.801,1.12
SRS6,7/25/2013,17,34.928,1.14
SRS6,7/28/2013,20.1,28.191,0.5
SRS6,7/31/2013,12,33.611,0.59
SRS6,8/3/2013,14.2,31.562,0.66
SRS6,8/6/2013,16.7,27.817,0.69
SRS6,8/9/2013,16.2,27.519,0.7
SRS6,8/12/2013,15.9,30.281,0.72
SRS6,8/14/2013,18.3,29.651,1.76
SRS6,8/17/2013,21.7,30.921,0.72
SRS6,8/20/2013,22.1,32.435,0.99
SRS6,8/23/2013,23.8,28.822,0.72
SRS6,8/26/2013,25.6,26.843,0.77
SRS6,8/29/2013,22.6,30.361,0.61
SRS6,9/1/2013,21.7,26.244,0.73
SRS6,9/4/2013,23.8,24.86,0.59
SRS6,9/5/2013,15.9,24.709,2.34
SRS6,9/8/2013,21.2,32.977,1.33
SRS6,12/6/2013,23.7,41.834,1.57
SRS6,12/9/2013,21.3,38.858,1.11
SRS6,12/12/2013,18.1,34.234,0.99
SRS6,12/15/2013,17.5,37.798,0.99
SRS6,12/18/2013,17.7,35.459,0.79
SRS6,12/21/2013,16.5,35.863,0.96
SRS6,12/24/2013,21.6,36.772,0.95
SRS6,12/27/2013,18.2,33.378,0.68
SRS6,12/30/2013,21,26.934,0.62
SRS6,1/2/2014,20.9,31.846,0.78
SRS6,1/5/2014,21.1,30.62,0.74
SRS6,1/8/2014,21.1,29.653,0.69
SRS6,1/11/2014,20.9,31.073,0.67
SRS6,1/14/2014,24,25.398,0.67
SRS6,1/17/2014,23,25.617,0.51
SRS6,1/20/2014,22.7,23.497,0.55
SRS6,1/22/2014,24.3,22.286,0.73
SRS6,1/25/2014,19.3,31.68,0.54
SRS6,1/28/2014,22.6,26.119,0.82
SRS6,1/31/2014,23.3,24.944,0.97
SRS6,2/3/2014,24,24.148,1.54
SRS6,2/6/2014,24.6,21.365,1.12
SRS6,2/9/2014,22.1,26.784,1
SRS6,2/11/2014,23,25.181,2.63
SRS6,2/14/2014,25.2,26.823,1.76
SRS6,2/17/2014,23.7,34.855,2.86
SRS6,2/20/2014,23.4,25.748,1.66
SRS6,2/23/2014,23.1,26.404,0.92
SRS6,2/26/2014,22.7,22.568,1.17
SRS6,3/1/2014,26.7,21.447,3.32
SRS6,3/4/2014,25.7,22.499,1.75
SRS6,3/7/2014,26.8,19.809,1.69
SRS6,3/10/2014,23.3,26.623,1.28
SRS6,3/13/2014,24.4,23.679,1.02
SRS6,3/16/2014,23.1,26.657,1.05
SRS6,3/18/2014,26.4,22.314,4.54
SRS6,3/22/2014,28.2,14.446,0.77
SRS6,3/25/2014,27.8,15.875,1.12
SRS6,3/28/2014,26.9,16.528,0.8
SRS6,3/31/2014,25.8,13.907,0.95
SRS6,4/3/2014,28,14.47,0.69
SRS6,4/6/2014,28.6,13.753,0.69
SRS6,4/8/2014,29.2,14.5,0.91
SRS6,4/12/2014,28.7,25.947,0.88
SRS6,4/15/2014,30.4,25.333,1.68
SRS6,4/18/2014,31.1,27.695,1.73
SRS6,4/21/2014,31.9,26.095,1.74
SRS6,4/24/2014,31.4,27.047,1.68
SRS6,4/27/2014,32.8,23.364,1.28
SRS6,4/30/2014,33.5,21.61,0.78
SRS6,5/1/2014,32.6,21.891,3.77
SRS6,5/4/2014,34.6,31.24,1.64
SRS6,5/7/2014,34.4,33.289,2.3
SRS6,5/10/2014,32.5,35.049,1.67
SRS6,5/13/2014,33.3,32.09,1.9
SRS6,5/16/2014,34,28.51,1.66
SRS6,5/19/2014,32.7,25.576,2.33
SRS6,5/22/2014,32.7,28.475,1.98
SRS6,5/25/2014,34,23.141,1.45
SRS6,5/28/2014,34,23.993,1.22
SRS6,5/31/2014,34.1,25.132,1.35
SRS6,6/3/2014,32,20.976,1.78
SRS6,6/4/2014,29.6,28.631,3.48
SRS6,6/7/2014,29.9,25.551,1.03
SRS6,6/10/2014,32,39.499,1.73
SRS6,6/13/2014,31.7,27.095,1.99
SRS6,6/16/2014,30.6,26.353,1.16
SRS6,6/19/2014,28.6,28.593,1.1
SRS6,6/22/2014,26.7,27.43,1.01
SRS6,6/25/2014,27.8,23.107,0.82
SRS6,6/28/2014,23.6,27.247,0.89
SRS6,7/1/2014,22.6,28.03,0.85
SRS6,7/4/2014,23.1,25.332,0.86
SRS6,7/7/2014,19.1,29.005,0.83
SRS6,7/9/2014,19.6,27.745,0.89
SRS6,7/13/2014,21.4,43.418,1.65
SRS6,7/16/2014,24.5,39.574,1.86
SRS6,7/19/2014,24.1,38.443,2.59
SRS6,7/22/2014,20.8,46.719,2.38
SRS6,7/25/2014,20.7,40.064,1.96
SRS6,7/28/2014,23,39.11,2.14
SRS6,7/31/2014,27,40.675,1.71
SRS6,8/3/2014,25.4,38.265,2.01
SRS6,8/6/2014,20.2,26.38,1.21
SRS6,8/9/2014,21.3,31.188,1.15
SRS6,8/12/2014,22.3,29.498,0.98
SRS6,8/13/2014,22.3,32.94,5.89
SRS6,8/16/2014,24.6,33.83,1.81
SRS6,8/19/2014,20.5,37.849,1.52
SRS6,8/22/2014,19.7,37.078,1.2
SRS6,8/25/2014,24.2,28.52,1.71
SRS6,8/28/2014,23.3,37.866,1.6
SRS6,8/31/2014,25.7,39.654,1.42
SRS6,9/3/2014,24.2,31.147,0.96
SRS6,9/6/2014,22.5,28.902,0.86
SRS6,9/8/2014,23.5,27.711,1.06
SRS6,9/12/2014,24.2,35.1,1.06
SRS6,9/15/2014,20.3,97.403,2.94
SRS6,9/18/2014,19.1,35.337,0.91
SRS6,9/21/2014,22.5,29.144,0.93
SRS6,9/24/2014,20.5,30.97,0.89
SRS6,9/27/2014,19.8,31.646,0.89
SRS6,9/30/2014,23,30.606,1.12
SRS6,10/3/2014,23,31.189,1.04
SRS6,10/6/2014,23.2,31.246,1.11
SRS6,10/7/2014,23,31.661,1.13
SRS6,10/10/2014,21.6,43.535,1.48
SRS6,10/13/2014,21.8,25.419,1.67
SRS6,10/16/2014,20.9,29.418,1.25
SRS6,10/19/2014,19.7,31.454,1.22
SRS6,10/22/2014,21.8,38.852,0.96
SRS6,10/25/2014,19.2,34.752,0.66
SRS6,10/28/2014,21.9,36.79,0.82
SRS6,10/31/2014,22.8,35.093,0.72
SRS6,11/3/2014,21.4,35.642,1.01
SRS6,11/4/2014,15.6,40.345,1.33
SRS6,11/7/2014,22.3,44.758,0.84
SRS6,11/10/2014,24.7,52.979,1.35
SRS6,11/13/2014,24.7,41.137,0.88
SRS6,11/16/2014,22.4,39.652,0.7
SRS6,11/19/2014,23.1,36.004,0.7
SRS6,11/22/2014,18.1,46.523,0.77
SRS6,11/25/2014,24.2,34.674,0.47
SRS6,11/28/2014,22.2,34.634,0.45
SRS6,12/1/2014,10.9,36.908,0.44
SRS6,12/2/2014,23,40.981,1.56
SRS6,12/5/2014,26.2,35.435,1.23
SRS6,12/8/2014,27.3,34.441,1.19
SRS6,12/11/2014,27.1,38.022,1.22
SRS6,12/14/2014,26.8,33.737,1.07
SRS6,12/17/2014,25,30.34,0.89
SRS6,12/20/2014,24.5,30.244,0.7
SRS6,12/23/2014,26.2,27.723,0.73
SRS6,12/26/2014,26.6,25.779,0.65
SRS6,12/29/2014,24.6,25.433,0.51
SRS6,1/1/2015,22.1,28.452,0.55
SRS6,1/4/2015,24.4,26.977,0.64
SRS6,1/7/2015,23.7,26.451,0.55
SRS6,1/8/2015,24.9,31.396,1.13
SRS6,1/11/2015,23.8,44.568,1.34
SRS6,1/14/2015,24.5,38.493,1.39
SRS6,1/17/2015,24.4,34.824,1.02
SRS6,1/20/2015,27.3,33.334,1.2
SRS6,1/23/2015,28.9,29.403,1.04
SRS6,1/26/2015,30.2,24.765,0.86
SRS6,1/29/2015,27.6,28.988,0.94
SRS6,2/1/2015,25.7,28.085,0.64
SRS6,2/4/2015,27.2,27.894,0.64
SRS6,2/7/2015,26.9,27.98,0.65
SRS6,2/9/2015,26.7,32.713,1.03
SRS6,2/12/2015,29,39.699,1.23
SRS6,2/15/2015,28.2,40.061,1.2
SRS6,2/18/2015,30.9,37.081,1.32
SRS6,2/21/2015,28.4,42.51,1.35
SRS6,2/24/2015,29.9,37.407,1.24
SRS6,2/27/2015,29.5,34.955,1.2
SRS6,3/2/2015,26.3,34.561,0.8
SRS6,3/5/2015,27.4,37.086,1
SRS6,3/8/2015,27.8,36.237,0.9
SRS6,3/11/2015,29.1,30.826,0.77
SRS6,3/14/2015,29.5,27.936,0.66
SRS6,3/16/2015,30.2,26.242,0.93
SRS6,4/9/2015,32.7,31.549,1.01
SRS6,4/12/2015,32.8,30.667,1.08
SRS6,4/15/2015,33.2,30.24,1.18
SRS6,4/18/2015,33.1,24.625,1.19
SRS6,4/21/2015,34.5,30.197,1.59
SRS6,4/24/2015,34.3,27.28,1.33
SRS6,4/27/2015,34.3,24.534,0.97
SRS6,4/30/2015,32.8,21.509,0.81
SRS6,5/3/2015,29.5,20.061,0.56
SRS6,5/4/2015,27.3,33.656,2.3
SRS6,5/7/2015,29.6,22.608,1.17
SRS6,5/10/2015,31.6,13.761,1.11
SRS6,5/13/2015,30.8,19.054,1.04
SRS6,5/16/2015,31.8,12.298,0.84
SRS6,5/19/2015,32.5,16.875,0.7
SRS6,5/22/2015,33.2,11.476,1.45
SRS6,5/25/2015,32.4,10.562,1.36
SRS6,5/28/2015,31.7,19.692,1.34
SRS6,5/31/2015,32.7,15.784,1.22
SRS6,6/2/2015,32.5,15.506,1.38
SRS6,6/5/2015,32.4,21.77,0.83
SRS6,6/8/2015,32.6,17.163,0.88
SRS6,6/11/2015,30.3,25.233,0.85
SRS6,6/14/2015,27.3,19.724,0.72
SRS6,6/17/2015,29.2,18.731,0.82
SRS6,6/20/2015,30.3,21.287,0.87
SRS6,6/23/2015,29.2,17.039,0.65
SRS6,6/26/2015,28.3,23.276,1.88
SRS6,6/29/2015,29.7,17.739,0.6
SRS6,6/30/2015,30.1,18.976,1.07
SRS6,7/4/2015,30,23.991,1.14
SRS6,7/7/2015,31,18.238,0.95
SRS6,7/10/2015,28.3,28.307,1.05
SRS6,7/13/2015,30,22.307,0.87
SRS6,7/16/2015,31.3,18.796,0.95
SRS6,7/19/2015,30.6,18.392,0.95
SRS6,7/22/2015,31.6,18.08,0.91
SRS6,7/25/2015,31.3,15.459,0.68
SRS6,7/28/2015,30.4,16.14,0.7
SRS6,7/31/2015,29.9,20.623,0.94
SRS6,8/3/2015,30.3,22.263,0.88
SRS6,8/6/2015,30.6,19.517,0.8
SRS6,8/9/2015,29.5,19.592,0.78
SRS6,8/11/2015,30.9,16.693,0.9
SRS6,8/15/2015,31.5,65.108,2.49
SRS6,8/18/2015,29.2,45.321,1.37
SRS6,8/21/2015,31,38.616,1.38
SRS6,8/24/2015,28.8,40.201,1.2
SRS6,8/27/2015,27.5,52.356,1.13
SRS6,8/30/2015,24.4,34.613,0.99
SRS6,9/2/2015,26.8,56.231,1.02
SRS6,9/5/2015,23.5,47.271,0.93
SRS6,9/7/2015,26,48.752,0.9
SRS6,10/4/2015,31,55.323,2.19
SRS6,10/7/2015,30.9,58.611,2.53
SRS6,10/10/2015,30.2,47.517,2.09
SRS6,10/13/2015,29.4,53.803,0.28
SRS6,10/16/2015,26.1,43.484,1.63
SRS6,10/19/2015,21.4,38.923,0.91
SRS6,10/22/2015,21.3,46.195,1.29
SRS6,10/25/2015,26.6,49.573,1.08
SRS6,10/28/2015,28.1,27.69,0.63
SRS6,10/31/2015,29,25.934,0.48
SRS6,11/3/2015,27.6,23.676,0.74
SRS6,11/6/2015,22.5,34.734,0.72
SRS6,11/9/2015,24.1,35.325,0.95
SRS6,11/10/2015,26.5,39.676,3.24
SRS6,11/13/2015,26.2,54.96,1.14
SRS6,11/16/2015,22.1,29.303,0.6
SRS6,11/19/2015,24.3,32.105,0.64
SRS6,11/22/2015,26.1,31.261,0.64
SRS6,11/25/2015,22.8,34.676,0.73
SRS6,11/28/2015,23.1,35.126,0.57
SRS6,11/30/2015,25.9,31.411,0.76
SRS6,12/4/2015,24.3,40.168,0.81
SRS6,12/7/2015,16.1,47.176,0.91
SRS6,12/10/2015,19.5,43.762,1.08
SRS6,12/13/2015,22.4,36.242,0.63
SRS6,12/16/2015,24.1,24.319,0.73
SRS6,12/19/2015,21.4,34.42,0.62
SRS6,12/22/2015,16.3,39.997,0.55
SRS6,12/25/2015,23.2,34.912,0.65
SRS6,12/28/2015,22.4,32.813,0.68
SRS6,12/31/2015,22.9,48.612,0.69
SRS6,1/3/2016,21.6,37.281,0.63
SRS6,1/5/2016,19.7,37.241,0.57
SRS6,1/8/2016,19.5,39.976,0.79
SRS6,1/11/2016,25.4,32.413,0.78
SRS6,1/14/2016,22.1,43.629,0.9
SRS6,1/17/2016,23.6,36.869,0.55
SRS6,1/20/2016,15.8,37.52,0.56
SRS6,1/23/2016,19.7,36.294,0.54
SRS6,1/26/2016,17.5,41.032,0.62
SRS6,1/29/2016,19.2,30.667,0.44
SRS6,2/1/2016,14.8,31.649,0.58
SRS6,2/4/2016,16.2,30.589,0.4
SRS6,2/7/2016,14.9,31.781,0.64
SRS6,2/10/2016,19.8,27.851,0.54
SRS6,2/11/2016,19.6,36.611,3.53
SRS6,2/14/2016,14.8,57.619,0.87
SRS6,2/17/2016,14.7,41.763,1.05
SRS6,2/20/2016,12,43.116,0.9
SRS6,2/23/2016,15.5,40.227,0.87
SRS6,2/26/2016,15.4,31.652,0.98
SRS6,2/29/2016,18.9,44.861,0.67
SRS6,3/3/2016,15.9,34.963,0.74
SRS6,3/6/2016,17.8,31.558,1.42
SRS6,3/8/2016,17.8,34.17,1.08
SRS6,3/11/2016,20.5,42.046,1.8
SRS6,3/14/2016,22.8,33.89,1.86
SRS6,3/17/2016,21,35.735,1.7
SRS6,3/20/2016,22.1,32.8,1.57
SRS6,3/23/2016,19.5,43.467,1.49
SRS6,3/26/2016,20.2,40.824,1.7
SRS6,3/29/2016,21.7,34.512,1.49
SRS6,4/1/2016,21.3,30.246,1.36
SRS6,4/4/2016,20.2,33.703,1.25
SRS6,4/7/2016,22.4,31.469,1.35
SRS6,4/10/2016,23.5,29.585,1.38
SRS6,4/12/2016,22.3,32.953,1.93
SRS6,4/15/2016,24.1,38.948,0.97
SRS6,4/18/2016,22.3,42.191,1.14
SRS6,4/21/2016,22.9,42.08,1.2
SRS6,4/24/2016,25.9,33.904,1.41
SRS6,4/27/2016,26.9,32.347,1.36
SRS6,4/30/2016,27.6,29.195,1.07
SRS6,5/3/2016,27.8,30.086,0.93
SRS6,5/6/2016,29.3,25.483,1.03
SRS6,5/8/2016,28.9,27.576,1.02
SRS6,5/12/2016,27.9,36.25,1.59
SRS6,5/15/2016,29.3,32.106,1.16
SRS6,5/18/2016,25.9,30.62,1.08
SRS6,5/21/2016,25.9,35.329,1.53
SRS6,5/24/2016,28.9,32.907,1.52
SRS6,5/27/2016,23.5,36.32,1.22
SRS6,5/30/2016,24.9,34.188,1.27
SRS6,6/2/2016,23.8,34.398,1.14
SRS6,6/3/2016,24.1,32.101,1.25
SRS6,6/7/2016,26.6,29.028,1.36
SRS6,6/11/2016,25.3,39.415,1.46
SRS6,6/14/2016,20.7,41.498,1.34
SRS6,6/17/2016,22.8,118.373,3.51
SRS6,6/20/2016,23,40.465,1.28
SRS6,6/23/2016,20,41.819,0.95
SRS6,6/26/2016,24.5,35.481,0.83
SRS6,6/29/2016,20.9,38.702,0.85
SRS6,7/2/2016,21.7,33.37,0.74
SRS6,7/5/2016,19.1,38.044,0.76
SRS6,7/8/2016,20.6,75.589,-9999
SRS6,7/11/2016,20.9,31.716,0.59
SRS6,7/13/2016,19.2,34.399,0.62
SRS6,7/16/2016,19,35.361,0.77
SRS6,7/19/2016,20.6,31.763,0.58
SRS6,7/22/2016,23,29.789,0.7
SRS6,7/25/2016,26.1,26.991,0.67
SRS6,7/28/2016,24.1,34.29,0.83
SRS6,7/31/2016,25.8,26.103,0.57
SRS6,8/2/2016,24.6,27.119,0.93
SRS6,8/5/2016,24.9,33.519,0.93
SRS6,8/8/2016,26.1,32.11,1.06
SRS6,8/11/2016,20.2,34.425,0.43
SRS6,8/14/2016,18.6,38.635,0.64
SRS6,8/17/2016,20.7,38.546,0.63
SRS6,8/20/2016,24.9,34.216,0.87
SRS6,8/23/2016,28.2,26.192,0.68
SRS6,8/26/2016,25.7,32.464,0.58
SRS6,8/29/2016,24.4,32.678,0.57
SRS6,8/31/2016,25.2,31.677,0.64
SRS6,9/4/2016,24.5,46.35,1.86
SRS6,9/7/2016,24.8,40.427,1.28
SRS6,9/10/2016,17.1,40.316,0.86
SRS6,9/13/2016,18.2,40.427,1.12
SRS6,9/16/2016,20.7,42.181,1.49
SRS6,9/19/2016,21.6,43.695,1.64
SRS6,9/22/2016,22,36.165,1.28
SRS6,9/25/2016,18.6,31.953,0.78
SRS6,9/28/2016,18.4,28.74,0.74
SRS6,10/1/2016,17.1,26.994,0.48
SRS6,10/4/2016,14.2,35.501,0.69
SRS6,10/7/2016,20.1,26.531,0.71
SRS6,10/10/2016,17.3,29.553,0.62
SRS6,10/12/2016,13.8,29.567,0.75
SRS6,11/12/2016,24.8,26.765,1.01
SRS6,11/15/2016,26.7,24.282,1.18
SRS6,11/18/2016,26.2,26.095,1.06
SRS6,11/21/2016,23.1,26.744,0.9
SRS6,11/24/2016,19,31.562,0.84
SRS6,11/27/2016,20.8,31.061,0.88
SRS6,11/30/2016,21.7,29.311,0.73
SRS6,12/3/2016,21.4,30.898,0.69
SRS6,12/5/2016,17.8,61.261,0.64
SRS6,12/8/2016,21.6,35.848,0.97
SRS6,12/11/2016,16.2,41.221,1.07
SRS6,12/14/2016,22,35.868,1.37
SRS6,12/17/2016,24.9,29.973,1.17
SRS6,12/20/2016,23.6,30.099,0.89
SRS6,12/23/2016,19.5,35.023,0.76
SRS6,12/26/2016,19.4,36.37,0.83
SRS6,12/29/2016,21.9,31.625,0.77
SRS6,1/1/2017,22.9,31.401,0.78
SRS6,1/4/2017,25.5,27.252,0.9
SRS6,1/7/2017,20.6,34.281,0.76
SRS6,1/10/2017,25.7,25.701,0.74
SRS6,1/11/2017,23.5,34.126,1.61
SRS6,1/14/2017,25.8,25.366,0.66
SRS6,1/17/2017,26.8,22.792,0.75
SRS6,1/20/2017,26.8,24.326,0.87
SRS6,1/23/2017,29.9,18.607,0.84
SRS6,1/26/2017,29.8,19.823,0.94
SRS6,1/29/2017,26,25.747,1.12
SRS6,2/1/2017,24.2,28.389,0.97
SRS6,2/4/2017,24,27.945,0.81
SRS6,2/7/2017,23.3,28.772,0.63
SRS6,2/8/2017,20.4,26.777,0.94
SRS6,2/11/2017,26.2,35.979,1.17
SRS6,2/14/2017,26.5,30.245,1
SRS6,2/17/2017,28.3,27.92,0.95
SRS6,2/20/2017,27.5,27.284,0.85
SRS6,2/23/2017,28.2,26.609,0.88
SRS6,2/26/2017,30.5,24.395,0.88
SRS6,2/28/2017,29.7,31.839,0.96
SRS6,3/4/2017,28.9,34.139,1.05
SRS6,3/7/2017,24.9,39.631,1.09
SRS6,3/10/2017,27.9,35.352,1.21
SRS6,3/13/2017,30.9,26.994,0.8
SRS6,3/16/2017,30.1,64.977,1.91
SRS6,3/19/2017,28.3,26.501,0.74
SRS6,3/22/2017,28.9,25.385,0.53
SRS6,3/25/2017,29.4,23.486,0.66
SRS6,3/28/2017,31.9,20.481,0.69
SRS6,3/31/2017,33.4,17.821,0.66
SRS6,4/3/2017,33.8,18.183,0.49
SRS6,4/4/2017,31.5,22.041,0.88
SRS6,4/7/2017,32.7,27.522,1.31
SRS6,4/10/2017,33.4,31.378,1.57
SRS6,4/13/2017,33.2,27.808,1.02
SRS6,4/16/2017,33.6,26.561,0.87
SRS6,4/19/2017,33.1,30.286,0.87
SRS6,4/22/2017,32.9,27.362,0.91
SRS6,4/25/2017,34.1,18.527,0.67
SRS6,4/28/2017,34.4,22.201,0.87
SRS6,5/1/2017,34.4,24.153,1.07
SRS6,5/4/2017,33.2,24.689,0.98
SRS6,5/7/2017,33.3,22.132,0.74
SRS6,5/9/2017,33,23.654,0.86
SRS6,5/13/2017,32.9,31.477,1.13
SRS6,5/16/2017,34.2,29.841,1.44
SRS6,5/19/2017,32.7,30.927,1.08
SRS6,5/22/2017,32.6,31.998,1.13
SRS6,5/25/2017,34.7,27.134,1.17
SRS6,5/28/2017,34.1,28.477,1.09
SRS6,5/31/2017,35,23.801,0.93
SRS6,6/3/2017,33.9,23.372,0.86
SRS6,6/6/2017,33.9,28.452,0.99
SRS6,6/9/2017,29.9,23.23,0.89
SRS6,6/12/2017,35.2,26.265,0.79
SRS6,6/13/2017,25.3,34.26,2.12
SRS6,6/16/2017,26.6,46.476,1.65
SRS6,6/19/2017,24.2,33.489,0.98
SRS6,6/22/2017,24.3,32.017,0.72
SRS6,6/25/2017,26.9,36.133,0.75
SRS6,6/28/2017,29.2,29.879,0.87
SRS6,7/1/2017,25.1,31.996,0.91
SRS6,7/4/2017,22.9,31.437,0.56
SRS6,7/7/2017,22.5,31.093,0.61
SRS6,7/10/2017,24,33.462,0.7
SRS6,7/11/2017,14.4,40.316,0.33
SRS6,7/14/2017,24.5,30.959,0.59
SRS6,7/17/2017,24.1,35.313,0.9
SRS6,7/20/2017,10.6,38.161,0.83
SRS6,7/23/2017,22.9,33.139,0.81
SRS6,7/26/2017,20.7,35.084,0.79
SRS6,7/29/2017,21.3,32.373,0.67
SRS6,8/1/2017,21.6,30.842,0.59
SRS6,8/4/2017,14.9,37.482,0.65
SRS6,8/7/2017,19.2,36.096,0.69
SRS6,8/9/2017,19.4,47.953,2.13
SRS6,8/12/2017,22.1,58.488,1.4
SRS6,8/15/2017,20.1,74.274,1.19
SRS6,8/18/2017,17.5,68.117,0.99
SRS6,8/21/2017,17.6,69.308,1.16
SRS6,8/24/2017,17.3,72.088,1.48
SRS6,8/27/2017,17.1,58.478,0.96
SRS6,8/30/2017,10,56.15,1.07
SRS6,9/2/2017,16.1,55.605,0.85
SRS6,9/5/2017,20.5,65.024,1.39
SRS6,9/8/2017,21.5,66.027,1.54
SRS6,9/10/2017,20,59.413,2.2
SRS6,10/15/2017,11,80.371,2.49
SRS6,10/18/2017,14.9,77.524,2.32
SRS6,10/21/2017,8.5,52.48,0.93
SRS6,10/24/2017,10.4,47.616,1.08
SRS6,10/27/2017,9.8,46.387,1.49
SRS6,10/30/2017,11.8,40.751,1.76
SRS6,11/1/2017,7.6,173.72,8.01
SRS6,11/4/2017,11.7,106.998,3.57
SRS6,11/7/2017,13.7,70.649,2.58
SRS6,11/10/2017,10.8,68.162,2.16
SRS6,11/13/2017,8.4,54.805,1.6
SRS6,11/16/2017,10.7,41.74,1.05
SRS6,11/19/2017,14.8,45.133,1.63
SRS6,11/22/2017,14.3,47.838,1.61
SRS6,11/25/2017,14.1,27.222,1.67
SRS6,11/28/2017,8.1,38.701,1.21
SRS6,12/1/2017,12.8,37.552,1.35
SRS6,12/4/2017,16.6,28.116,1.28
SRS6,12/6/2017,16.9,30.32,1.54
SRS6,12/10/2017,16,42.573,1.78
SRS6,12/13/2017,10.2,54.69,1.82
SRS6,12/16/2017,14.1,54.502,1.98
SRS6,12/19/2017,9.6,50.998,1.42
SRS6,12/22/2017,12.5,49.304,1.45
SRS6,12/25/2017,12.8,44.371,1.25
SRS6,12/28/2017,11.6,47.466,1.31
SRS6,12/31/2017,13.6,47.047,2.09
SRS6,1/3/2018,15.3,44.017,2.79
SRS6,1/6/2018,16.6,60.461,3.79
SRS6,1/9/2018,14.5,43.891,0.72
SRS6,1/11/2018,19.8,40.094,3.57
SRS6,1/14/2018,16.1,49.691,0.68
SRS6,1/17/2018,11.9,62.629,1.59
SRS6,1/20/2018,15.4,57.895,1.12
SRS6,1/23/2018,20.6,52.187,1.07
SRS6,1/26/2018,18.2,44.767,1.07
SRS6,1/29/2018,16.9,51.539,1.11
SRS6,2/1/2018,20.2,49.185,1.41
SRS6,2/4/2018,22.4,47.181,6.38
SRS6,2/7/2018,20.7,102.981,5.06
SRS6,2/10/2018,16.2,55.385,1.18
SRS6,2/13/2018,19,59.286,1.33
SRS6,2/16/2018,19.3,68.202,1.31
SRS6,2/19/2018,23,53.167,1.19
SRS6,2/22/2018,21.8,49.403,0.84
SRS6,2/25/2018,21.3,46.752,0.77
SRS6,2/28/2018,25,44.956,0.95
SRS6,3/3/2018,27.3,34.513,1.06
SRS6,3/6/2018,27.7,36.299,1.28
SRS6,3/9/2018,28.8,31.909,1.23
SRS6,3/12/2018,27.7,35.611,2.48
SRS6,3/13/2018,27.5,39.074,4.31
SRS6,3/16/2018,26.8,45.975,3.47
SRS6,3/19/2018,27.7,49.047,3.88
SRS6,3/22/2018,28.8,46.708,3.28
SRS6,3/25/2018,25.3,52.573,2.71
SRS6,3/28/2018,25.3,50.469,2.65
SRS6,3/31/2018,28.3,32.623,2.75
SRS6,4/3/2018,30.5,43.751,4.45
SRS6,4/6/2018,30.8,33.35,3.48
SRS6,4/9/2018,30.1,31.973,3.28
SRS6,4/11/2018,29,41.093,4.11
SRS6,4/14/2018,27.3,45.642,1.73
SRS6,4/17/2018,29.6,44.186,1.63
SRS6,4/20/2018,29.9,39.936,1.34
SRS6,4/23/2018,29.5,39.715,1.5
SRS6,4/26/2018,29.6,41.065,1.42
SRS6,4/29/2018,30.2,37.172,1.9
SRS6,5/1/2018,28,38.39,1.96
SRS6,5/4/2018,27,45.403,1.56
SRS6,5/7/2018,28.9,45.119,1.77
SRS6,5/10/2018,28.6,36.156,1.93
SRS6,5/13/2018,29.3,50.514,1.39
SRS6,5/16/2018,30.8,43.697,1.93
SRS6,5/19/2018,31.4,43.647,2
SRS6,5/22/2018,27.8,47.239,2.13
SRS6,5/25/2018,24.9,52.33,2.65
SRS6,5/28/2018,23,53.499,3.09
SRS6,5/31/2018,21.1,48.125,3.56
SRS6,6/3/2018,19.1,46.509,2.79
SRS6,6/5/2018,18.1,46.587,4.23
SRS6,6/8/2018,17.5,73.348,4.49
SRS6,6/11/2018,15.2,78.785,4.27
SRS6,6/14/2018,18.6,72.124,3.74
SRS6,6/17/2018,19.5,76.927,3.86
SRS6,6/20/2018,18.4,63.51,3.18
SRS6,6/23/2018,19.7,65.522,3.64
SRS6,6/26/2018,17.8,48.26,2.16
SRS6,6/29/2018,17.6,44.675,2.14
SRS6,7/2/2018,17.6,40.381,3.22
SRS6,7/3/2018,17,58.336,7.32
SRS6,7/6/2018,13.8,87.716,1.12
SRS6,7/9/2018,15.5,75.428,0.73
SRS6,7/12/2018,18,87.626,2.65
SRS6,7/15/2018,16.3,75.295,2.65
SRS6,7/18/2018,19,67.034,2.58
SRS6,7/21/2018,14.6,58.822,2.12
SRS6,7/24/2018,17.2,63.233,2.15
SRS6,7/27/2018,16.4,63.631,1.84
SRS6,7/30/2018,12.5,58.787,1.4
SRS6,8/2/2018,15.2,54.128,1.27
SRS6,8/3/2018,16.4,112.497,3.93
SRS6,8/11/2018,22.8,61.971,2.14
SRS6,8/14/2018,22.8,60.026,1.88
SRS6,8/17/2018,19.9,60.491,1.82
SRS6,8/20/2018,19.1,53.968,1.34
SRS6,8/23/2018,20.3,47.217,1.31
SRS6,8/26/2018,21.4,45.267,0.88
SRS6,8/29/2018,19.1,47.71,0.95
SRS6,9/1/2018,21,41.451,1.01
SRS6,9/4/2018,17.3,45.771,0.96
SRS6,9/7/2018,22.6,46.063,0.96
SRS6,9/9/2018,26,34.305,1.2
SRS6,9/13/2018,24.5,47.358,1.44
SRS6,9/16/2018,19.3,50.679,1.14
SRS6,9/19/2018,16.2,46.271,0.66
SRS6,9/22/2018,16.5,49.502,0.86
SRS6,9/25/2018,15.9,51.213,1.06
SRS6,9/28/2018,12.1,51.704,0.87
SRS6,10/1/2018,12.1,54.699,0.94
SRS6,10/4/2018,13.9,49.864,0.87
SRS6,10/7/2018,18.5,48.826,0.79
SRS6,10/10/2018,18.7,44.881,0.79
SRS6,10/11/2018,18,173.905,6.78
SRS6,10/14/2018,18.4,41.774,1.5
SRS6,10/17/2018,12.2,44.405,1.5
SRS6,10/20/2018,15.2,46.069,1.45
SRS6,10/23/2018,21.4,42.18,1.61
SRS6,10/26/2018,23.4,35.959,1.6
SRS6,10/29/2018,22.2,38.214,2.21
SRS6,11/1/2018,19.2,31.558,1.31
SRS6,11/4/2018,19.4,31.349,1.28
SRS6,11/5/2018,17,35.363,0.81
SRS6,11/8/2018,20.6,50.983,1.35
SRS6,11/11/2018,21.7,45.792,1.06
SRS6,11/14/2018,20.5,44.94,0.89
SRS6,11/17/2018,17.6,49.248,0.9
SRS6,11/20/2018,19.4,47.309,0.84
SRS6,11/23/2018,23.4,42.33,0.86
SRS6,11/26/2018,25.4,34.822,0.78
SRS6,11/29/2018,24.8,35.102,0.5
SRS6,12/2/2018,23.3,35.268,0.89
SRS6,12/4/2018,26.7,35.138,0.76
SRS6,12/7/2018,21.8,45.095,1.23
SRS6,12/10/2018,23.4,44.239,1.11
SRS6,12/13/2018,21.8,41.816,0.96
SRS6,12/16/2018,23.5,42.331,0.88
SRS6,12/19/2018,21.6,43.757,0.92
SRS6,12/22/2018,26,39.003,1.27
SRS6,12/25/2018,22,42.364,1.59
SRS6,12/28/2018,20.4,40.659,1.24
SRS6,12/31/2018,20.4,42.561,0.87
SRS6,1/3/2019,21.1,42.364,1.29
SRS6,1/6/2019,23.8,36.81,0.91
SRS6,1/9/2019,24.6,38.194,0.98
SRS6,1/12/2019,25.5,33.476,0.79
SRS6,1/14/2019,26,60.227,3.96
SRS6,1/17/2019,24.6,55.693,1.8
SRS6,1/20/2019,27.1,61.545,2.43
SRS6,1/23/2019,24.8,49.645,1.64
SRS6,1/26/2019,25.1,44.246,1.59
SRS6,1/29/2019,22.5,64.367,2.31
SRS6,2/1/2019,21.7,44.467,1.15
SRS6,2/4/2019,24.5,39.333,1.14
SRS6,2/7/2019,25.9,41.425,1.5
SRS6,2/10/2019,25.1,38.589,0.79
SRS6,2/13/2019,25.3,39.884,0.76
SRS6,2/14/2019,10.3,101.486,1.84
SRS6,2/17/2019,24.5,38.242,1.35
SRS6,2/20/2019,26.1,31.587,1.1
SRS6,2/23/2019,27.1,30.843,1.23
SRS6,2/26/2019,26.6,33.107,1.34
SRS6,3/1/2019,25,36.552,1.48
SRS6,3/4/2019,27.6,40.925,1.2
SRS6,3/7/2019,27.6,38.419,0.85
SRS6,3/10/2019,27.8,40.686,0.83
SRS6,3/11/2019,29.2,111.134,5.02
SRS6,3/14/2019,28.9,45.657,1.02
SRS6,3/17/2019,28.8,43.797,1.16
SRS6,3/20/2019,29.4,46.077,1.34
SRS6,3/23/2019,29.4,49.983,1.87
SRS6,3/26/2019,30.1,46.222,1.34
SRS6,3/29/2019,29.5,40.647,1
SRS6,4/1/2019,29.6,43.852,1.4
SRS6,4/4/2019,30.9,63.438,2.13
SRS6,4/7/2019,30.7,37.225,0.84
SRS6,4/10/2019,30.6,37.052,0.81
SRS6,4/11/2019,29.7,139.412,9.55
SRS6,4/14/2019,29.1,47.815,1.41
SRS6,4/17/2019,29.2,51.354,1.5
SRS6,4/20/2019,29.8,56.256,1.86
SRS6,4/23/2019,29.3,60.239,1.92
SRS6,4/26/2019,29.5,53.797,1.54
SRS6,4/29/2019,29.1,51.945,1.48
SRS6,5/2/2019,28.5,45.029,1.06
SRS6,5/5/2019,30.1,49.756,1.31
SRS6,5/8/2019,30.8,41.564,1.02
SRS6,5/11/2019,30.3,40.644,1.01
SRS6,5/13/2019,29.7,66.263,2.34
SRS6,5/17/2019,31.4,61.429,2.15
SRS6,5/20/2019,29.4,62.857,2.04
SRS6,5/23/2019,29.4,45.714,1.48
SRS6,5/26/2019,27.1,52.857,1.49
SRS6,5/29/2019,29.3,49.286,1.52
SRS6,6/1/2019,31.3,55.714,2.07
SRS6,6/3/2019,32.3,109.286,4.83
SRS6,6/6/2019,33.4,74.524,2.68
SRS6,6/9/2019,33.7,65.952,2.34
SRS6,6/12/2019,30.9,83.333,2.87
SRS6,6/15/2019,29.9,91.905,3.55
SRS6,6/18/2019,25.4,75.357,2.85
SRS6,6/21/2019,25.2,91.429,3.24
SRS6,6/24/2019,24,76.905,2.66
SRS6,6/27/2019,23.6,67.857,1.9
SRS6,6/30/2019,21.8,80.238,2.78
SRS6,7/3/2019,25.2,79.286,2.58
SRS6,7/6/2019,26.6,58.095,2.2
SRS6,7/9/2019,24.9,45.952,1.48
SRS6,7/12/2019,22.1,48.214,1.24
SRS6,7/15/2019,20,50,1.34
SRS6,7/16/2019,20.6,122.381,4.25
SRS6,7/19/2019,22.9,51.429,2.13
SRS6,7/22/2019,24.5,40.714,1.9
SRS6,7/25/2019,27.4,42.857,1.57
SRS6,7/28/2019,26.9,30.714,1.2
SRS6,7/31/2019,27.4,34.286,1.25
SRS6,8/3/2019,24.7,32.857,1.16
SRS6,8/5/2019,27.4,191.429,9.01
SRS6,8/8/2019,24.5,57.857,2.48
SRS6,8/11/2019,21.2,66.429,3.23
SRS6,8/14/2019,21.9,64.286,3.03
SRS6,8/17/2019,21.2,60,2.59
SRS6,8/20/2019,19.5,53.571,2.02
SRS6,8/23/2019,18.8,54.286,2.81
SRS6,8/26/2019,19.7,38.571,1.54
SRS6,8/29/2019,22.2,44.286,1.72
SRS6,9/1/2019,21.1,45,1.73
SRS6,9/4/2019,24.2,38.571,1.6
SRS6,9/7/2019,21.6,35.714,1.31
SRS6,9/10/2019,19.6,38.571,1.45
SRS6,9/12/2019,14.1,62.857,2.31
SRS6,9/15/2019,17,99.762,2.9
SRS6,9/18/2019,20.4,47.619,1.15
SRS6,9/21/2019,16.1,54.048,1.1
SRS6,9/24/2019,16.8,49.524,1.01
SRS6,9/27/2019,24.2,47.857,1.57
SRS6,9/30/2019,24.6,45,1.39
SRS6,10/1/2019,23.4,90.714,4.37
SRS6,10/4/2019,25.9,55.476,2.28
SRS6,10/7/2019,25.8,50.952,2.14
SRS6,10/10/2019,25.9,51.905,2.61
SRS6,10/13/2019,22.6,49.524,2.37
SRS6,10/16/2019,23.5,93.214,5.15
SRS6,10/19/2019,25.3,50.952,2.5
SRS6,10/22/2019,22.3,56.667,2.58
SRS6,10/25/2019,17.8,48.81,1.44
SRS6,10/28/2019,20.6,51.429,1.76
SRS6,10/31/2019,22.8,40.714,1.2
SRS6,11/3/2019,21.8,39.524,1.09
SRS6,11/6/2019,18.2,45.952,0.81
SRS6,11/9/2019,20.5,43.571,1.06
SRS6,11/11/2019,21.8,54.286,1.6
SRS6,11/15/2019,25.7,38.013,0.94
SRS6,11/18/2019,26.3,41.355,1.51
SRS6,11/21/2019,26.1,42.49,1.22
SRS6,11/24/2019,25.8,47.729,1.51
SRS6,11/27/2019,26.2,33.195,0.97
SRS6,11/30/2019,22.6,42.381,1.01
SRS6,12/3/2019,21.9,43.729,1.1
SRS6,12/6/2019,19.9,45.966,1.03
SRS6,12/9/2019,21.3,42.479,1.39
SRS6,12/12/2019,23.1,54.385,2.12
SRS6,12/15/2019,25.2,48.333,1.44
SRS6,12/18/2019,23.5,48.095,1.9
SRS6,12/21/2019,17.2,47.857,1.04
SRS6,12/24/2019,22.4,50.476,1.57
SRS6,12/27/2019,23.2,44.286,1.06
SRS6,12/30/2019,23.6,41.19,1.28
SRS6,1/2/2020,21.3,39.524,1.01
SRS6,1/5/2020,20.1,48.571,1.31
SRS6,1/8/2020,18.8,46.429,1.04
SRS6,1/9/2020,16.1,141.667,5.83
SRS6,1/12/2020,21.7,48.333,1.4
SRS6,1/15/2020,25,43.81,1.41
SRS6,1/18/2020,24.6,39.048,1.04
SRS6,1/21/2020,24.2,40.714,1.04
SRS6,1/24/2020,26.7,37.143,0.89
SRS6,1/27/2020,28.4,35.238,0.82
SRS6,1/30/2020,29.4,30.952,0.79
SRS6,2/2/2020,26.9,33.095,0.67
SRS6,2/5/2020,21.7,41.19,0.68
SRS6,2/8/2020,24.1,37.143,0.63
SRS6,2/11/2020,22.4,40.476,0.63
SRS6,2/12/2020,23.5,172.143,5.24
SRS6,2/15/2020,26.2,45.238,3.18
SRS6,2/18/2020,23.7,41.429,1.05
SRS6,2/21/2020,25.6,39.524,1.1
SRS6,2/24/2020,25.4,52.857,3.02
SRS6,2/27/2020,29.3,34.524,1.26
SRS6,3/1/2020,27.9,35.476,0.88
SRS6,3/4/2020,27.5,33.81,0.85
SRS6,3/7/2020,28.7,33.571,0.95
SRS6,3/10/2020,25.2,39.524,0.76
SRS6,3/11/2020,26.9,95.714,4.54
SRS6,3/14/2020,29.7,45.476,1.14
SRS6,3/17/2020,29.2,43.81,1.35
SRS6,3/20/2020,28.5,49.524,1.31
SRS6,3/23/2020,28.7,52.619,1.43
SRS6,3/26/2020,31,47.857,1.41
SRS6,3/29/2020,31.8,41.429,1.55
SRS6,4/1/2020,32.5,35,1.14
SRS6,4/4/2020,33,40.238,1.34
SRS6,4/7/2020,33.4,54.048,1.9
SRS6,4/10/2020,33.6,72.143,3.29
SRS6,4/13/2020,34,51.667,2.15
SRS6,4/16/2020,33.5,50.714,1.86
SRS6,4/19/2020,33.7,66.429,2.49
SRS6,4/22/2020,34.3,76.667,3
SRS6,4/25/2020,34.3,62.619,2.85
SRS6,4/28/2020,31.8,61.429,2.05
SRS6,5/1/2020,31.4,172.5,7.4
SRS6,5/4/2020,31.9,157.143,6.33
SRS6,5/7/2020,33.1,112.857,3.95
SRS6,5/10/2020,33.1,70.714,1.68
SRS6,5/13/2020,33.1,56.667,2.38
SRS6,5/16/2020,31.1,54.048,1.44
SRS6,5/19/2020,33.2,42.381,1.17
SRS6,5/21/2020,32.9,73.929,2.95
SRS6,5/24/2020,31.7,68.81,3.17
SRS6,5/27/2020,29.5,64.524,3.02
SRS6,5/30/2020,28.9,57.381,2.91
SRS6,6/2/2020,29,56.667,3.06
SRS6,6/5/2020,30.4,41.905,1.61
SRS6,6/8/2020,30.6,39.762,1.41
SRS6,6/9/2020,31.1,68.571,3.69
SRS6,6/12/2020,30.6,91.19,5.56
SRS6,6/15/2020,29.5,74.762,4.38
SRS6,6/18/2020,28,67.381,3.24
SRS6,6/21/2020,28.4,58.571,3
SRS6,6/24/2020,28.4,45.714,2.17
SRS6,6/27/2020,29.2,42.619,1.79
SRS6,6/30/2020,28.9,41.905,1.91
SRS6,7/2/2020,29.9,40.238,1.55
SRS6,7/5/2020,31,40.859,3.4
SRS6,7/8/2020,30.2,40.733,3.05
SRS6,7/11/2020,28.8,35.909,2.68
SRS6,7/14/2020,23.1,40.618,2.26
SRS6,7/17/2020,21.1,44.208,2.45
SRS6,7/20/2020,19.7,44.123,1.95
SRS6,7/23/2020,19.9,38.266,1.61
SRS6,7/26/2020,20.8,34.746,1.96
SRS6,7/29/2020,17.9,30.258,2.64
SRS6,8/1/2020,20.4,28.613,1.22
SRS6,8/3/2020,23.9,28.628,5.09
SRS6,8/7/2020,18.6,93.095,4.47
SRS6,8/10/2020,14.8,92.143,3.82
SRS6,8/13/2020,13.7,54.475,2.92
SRS6,8/16/2020,16.8,52.826,3.42
SRS6,8/19/2020,20.6,62.746,3.99
SRS6,8/22/2020,19.8,46.503,5.87
SRS6,8/25/2020,15.2,37.321,2.15
SRS6,8/28/2020,19.3,40.245,2.47
SRS6,8/31/2020,22.8,34.306,2.26
SRS6,9/3/2020,19.6,34.874,1.6
SRS6,9/6/2020,21.2,28.297,1.44
SRS6,9/9/2020,19.8,25.861,1.37
SRS6,9/12/2020,17.3,28.801,1.52
SRS6,9/14/2020,14,40.22,4.17
SRS6,9/18/2020,17.2,40.489,3.35
SRS6,9/21/2020,21.2,32.403,0.71
SRS6,9/24/2020,16.9,40.993,1.86
SRS6,9/27/2020,23.6,24.65,1.59
SRS6,9/30/2020,19.9,26.927,1.52
SRS6,10/1/2020,23.2,54.171,10.67
SRS6,10/4/2020,14.1,48.114,2.48
SRS6,10/7/2020,13.6,73.391,1.09
SRS6,10/10/2020,20.8,58.365,2.57
SRS6,10/13/2020,24.8,58.949,3.57
SRS6,10/16/2020,22.9,51.356,3.21
SRS6,10/19/2020,19.8,28.406,1.17
SRS6,10/22/2020,17,45.513,1.93
SRS6,10/25/2020,15.1,39.704,1.78
SRS6,10/28/2020,12.8,43.186,3.18
SRS6,10/31/2020,15.6,42.585,1.1
SRS6,11/3/2020,11.6,45.003,1.51
SRS6,11/6/2020,10.6,54.172,2.45
SRS6,11/9/2020,11,34.52,1.95
SRS6,11/12/2020,14.7,33.91,1.55
SRS6,11/15/2020,11.3,31.072,1.38
SRS6,11/18/2020,7,34.889,1.31
SRS6,11/21/2020,5.4,33.668,1.16
SRS6,11/23/2020,14.4,32.661,2
SRS6,11/26/2020,9.3,63.095,1
SRS6,11/29/2020,13.1,71.429,1.96
SRS6,12/2/2020,12.1,52.619,0.72
SRS6,12/5/2020,8,57.381,0.9
SRS6,12/8/2020,11.9,50.476,0.92
SRS6,12/10/2020,8.6,83.333,2.32
SRS6,12/13/2020,12.6,66.19,2.11
SRS6,12/16/2020,15.6,58.095,1.31
SRS6,12/19/2020,12,45.238,0.62
SRS6,12/22/2020,11.1,49.286,1.28
SRS6,12/25/2020,11.5,55.476,1.68
SRS6,12/28/2020,10.6,53.095,1.33
SRS6,12/31/2020,10.3,54.286,1.39
SRS6,1/3/2021,15.6,42.619,0.89
SRS6,1/6/2021,12.6,45.714,0.73
SRS6,1/9/2021,13.2,44.048,0.8
SRS6,1/12/2021,13.4,45.714,0.81
SRS6,1/13/2021,14.7,189.524,15.55
SRS6,1/16/2021,16.5,65.714,2.4
SRS6,1/19/2021,13.9,47.619,0.88
SRS6,1/22/2021,13.7,53.095,1.26
SRS6,1/25/2021,16.1,46.19,0.98
SRS6,1/28/2021,18.7,40.714,1.18
SRS6,1/31/2021,16.5,43.571,0.83
SRS6,2/2/2021,24.1,57.619,2.62
SRS6,2/6/2021,21,63.095,1.87
SRS6,2/9/2021,20.4,75.476,2.61
SRS6,2/12/2021,19,85,2.87
SRS6,2/15/2021,21.4,61.429,1.75
SRS6,2/18/2021,19.6,58.571,1.66
SRS6,2/21/2021,17.7,59.524,1.49
SRS6,2/24/2021,19.3,71.19,1.79
SRS6,2/27/2021,23,47.857,0.86
SRS6,3/2/2021,23.9,44.762,0.98
SRS6,3/5/2021,26.3,35,0.81
SRS6,3/8/2021,21.6,52.857,1.09
SRS6,3/10/2021,18.3,55.238,0.88
SRS6,3/14/2021,23.6,51.19,1.46
SRS6,3/17/2021,26.3,44.524,1.46
SRS6,3/20/2021,27.9,39.048,1.37
SRS6,3/23/2021,26.9,41.429,1.35
SRS6,3/26/2021,27.5,41.905,1.34
SRS6,3/29/2021,28,45,1.61
SRS6,4/1/2021,28.4,44.524,1.61
SRS6,4/4/2021,24.3,53.571,1.13
SRS6,4/7/2021,24.7,51.905,1.03
SRS6,4/10/2021,28.5,47.619,1.07
SRS6,4/13/2021,29.8,47.381,1.11
SRS6,4/16/2021,30.1,39.524,1.16
SRS6,4/18/2021,30.2,39.286,1.32
SRS6,4/22/2021,28.6,48.571,2.41
SRS6,4/25/2021,27.6,63.333,3.35
SRS6,4/28/2021,29.5,64.524,3.81
SRS6,5/1/2021,30.4,70.714,3.71
SRS6,5/4/2021,29.9,55.952,3.12
SRS6,5/7/2021,27.9,60.952,2.63
SRS6,5/10/2021,25.9,49.048,1.98
SRS6,5/13/2021,29.9,48.81,1.66
SRS6,5/16/2021,30.4,39.762,1.29
SRS6,5/18/2021,30.3,133.333,14.42
SRS6,5/21/2021,28.7,56.905,1.85
SRS6,5/24/2021,31,50.714,1.56
SRS6,5/27/2021,33.4,45.238,1.46
SRS6,5/30/2021,34.4,44.286,1.43
SRS6,6/2/2021,34.2,45,1.62
SRS6,6/5/2021,33.5,41.429,1.52
SRS6,6/8/2021,33.3,42.857,1.61
SRS6,6/11/2021,33.9,60.476,2.53
SRS6,6/14/2021,35.5,60.476,2.71
SRS6,6/17/2021,34.2,49.048,2.11
SRS6,6/20/2021,30.8,53.333,2.18
SRS6,6/23/2021,33.1,43.333,1.64
SRS6,6/26/2021,32,50.952,1.9
SRS6,6/29/2021,32.2,41.19,1.48
SRS6,7/2/2021,26.9,45.238,1.47
SRS6,7/5/2021,24.6,45.476,1.54
SRS6,7/8/2021,24.9,48.095,1.52
SRS6,7/11/2021,26.3,52.381,1.83
SRS6,7/14/2021,26.3,60.476,2.28
SRS6,7/15/2021,26.4,128.81,5.75
SRS6,7/18/2021,28.3,52.143,2.5
SRS6,7/21/2021,31.2,32.857,1.44
SRS6,7/24/2021,32.9,41.905,1.94
SRS6,7/27/2021,33.3,32.143,1.46
SRS6,7/30/2021,33,32.381,1.24
SRS6,8/2/2021,29.2,35,1.08
SRS6,8/4/2021,26.5,45.238,1.24
SRS6,8/7/2021,28.5,48.333,1.8
SRS6,8/10/2021,28.7,57.857,2.66
SRS6,8/13/2021,30.1,39.762,2.41
SRS6,8/16/2021,26.9,55.476,1.98
SRS6,8/19/2021,27.4,73.929,4.38
SRS6,8/22/2021,28.7,45.476,2.27
SRS6,8/25/2021,30.3,52.381,2.56
SRS6,8/28/2021,27.3,43.333,3.28
SRS6,8/31/2021,29.4,37.143,7.84
SRS6,9/3/2021,28.3,36.905,1.23
SRS6,9/6/2021,29.2,48.095,1.97
SRS6,9/9/2021,30.1,34.762,1.42
SRS6,9/12/2021,29.6,47.143,2.09
SRS6,9/15/2021,24.2,37.619,1.17
SRS6,9/18/2021,27.9,47.381,1.93
SRS6,9/20/2021,28.2,114.643,4.72
SRS6,9/24/2021,27.5,65.476,3.37
SRS6,9/27/2021,23,60,2.42
SRS6,9/30/2021,21.1,49.762,1.94
SRS6,10/3/2021,23.3,45.952,1.63
SRS6,10/5/2021,26.4,68.333,3.13
SRS6,10/9/2021,28.6,48.571,1.89
SRS6,10/12/2021,27.2,49.048,1.85
SRS6,10/15/2021,23,48.095,1.57
SRS6,10/18/2021,24.7,46.429,1.75
SRS6,10/21/2021,21.4,50.476,1.82
SRS6,10/24/2021,25.3,43.571,1.43
SRS6,10/27/2021,27,38.81,1.33
SRS6,10/30/2021,28.1,36.667,0.99
SRS6,11/2/2021,24.8,33.81,0.82
SRS6,11/5/2021,22.4,38.81,0.89
SRS6,11/8/2021,22.3,57.5,2.08
SRS6,11/11/2021,21.2,99.524,3.62
SRS6,11/14/2021,25.1,55.952,2.21
SRS6,11/17/2021,17.6,51.429,1.04
SRS6,11/20/2021,16.5,51.666,0.78
SRS6,11/23/2021,20.8,50.238,1.21
SRS6,11/26/2021,18.7,48.334,1
SRS6,11/29/2021,23.5,38.571,0.98
SRS6,12/2/2021,21.8,73.571,0.75
SRS6,12/5/2021,22.9,71.429,0.72
SRS6,12/6/2021,22.7,89.762,7.33
SRS6,12/9/2021,23.9,51.429,0.72
SRS6,12/12/2021,20.7,71.667,3.01
SRS6,12/15/2021,17.8,66.429,1.86
SRS6,12/18/2021,19.9,57.619,0.81
SRS6,12/21/2021,25,53.81,0.75
SRS6,12/24/2021,24.1,67.143,1.88
SRS6,12/27/2021,22.2,50,0.7
SRS6,12/30/2021,23.4,55.238,1.55
SRS6,1/2/2022,26.2,43.571,0.61
SRS6,1/5/2022,27.4,39.048,0.55
SRS6,1/8/2022,26.5,40.238,0.56
SRS6,1/10/2022,20.9,110,4.62
SRS6,1/13/2022,20.1,56.429,1.88
SRS6,1/16/2022,27.1,134.524,5.36
SRS6,1/19/2022,26.3,111.429,5.21
SRS6,1/22/2022,24.8,50,2.82
SRS6,1/25/2022,23.5,54.286,3.13
SRS6,1/28/2022,23.9,52.381,2.98
SRS6,1/31/2022,25.1,45.714,10.02
SRS6,2/3/2022,26.3,43.095,2.83
SRS6,2/6/2022,24.9,44.286,5.9
SRS6,2/10/2022,21.9,35.238,1.46
SRS6,2/13/2022,22.9,47.143,4.29
SRS6,2/16/2022,19.8,85.952,3.97
SRS6,2/19/2022,26.7,36.905,2.28
SRS6,2/22/2022,27.6,26.429,2.13
SRS6,2/25/2022,24.4,30.714,1.52
SRS6,2/28/2022,24.8,27.619,1.45
SRS6,3/3/2022,28.3,31.667,2
SRS6,3/6/2022,26.5,27.857,1.34
SRS6,3/7/2022,23.4,94.643,5.45
SRS6,3/10/2022,28.4,30.476,0.86
SRS6,3/13/2022,26.9,37.143,1.12
SRS6,3/16/2022,23.8,43.095,1.13
SRS6,3/19/2022,30.1,34.762,1.16
SRS6,3/22/2022,30.2,33.095,1.05
SRS6,3/25/2022,31.1,29.524,0.96
SRS6,3/28/2022,26.2,36.905,1.01
SRS6,3/31/2022,28.2,32.143,0.87
SRS6,4/3/2022,30.3,27.381,0.8
SRS6,4/6/2022,30.9,30,0.83
SRS6,4/7/2022,30.8,153.571,9.29
SRS6,4/10/2022,29.1,28.167,1.38
SRS6,4/13/2022,26.4,33.875,1.78
SRS6,4/16/2022,30.9,26.667,1.81
SRS6,4/19/2022,31.6,26.196,1.89
SRS6,4/22/2022,28.1,29.851,1.63
SRS6,4/25/2022,25.4,30.708,1.57
SRS6,4/28/2022,31.7,25.963,1.6
SRS6,5/1/2022,33.6,17.685,1.29
SRS6,5/4/2022,32.5,22.767,1.31
SRS6,5/7/2022,33.6,18.319,1.17
SRS6,5/9/2022,34.4,20.455,2.12
SRS6,5/12/2022,32.9,27.857,1.68
SRS6,5/15/2022,35,27.857,1.99
SRS6,5/18/2022,35.4,22.857,1.74
SRS6,5/21/2022,35.6,19.286,1.48
SRS6,5/24/2022,31.4,22.857,1.38
SRS6,5/27/2022,33.1,21.429,1.21
SRS6,5/30/2022,35.8,18.571,1.09
SRS6,6/2/2022,34,20.714,1.33
SRS6,6/5/2022,29.7,23.571,1.16
SRS6,6/6/2022,25.6,67.143,8.58
SRS6,6/9/2022,22.3,29.958,1.37
SRS6,6/12/2022,21.3,33.286,1.61
SRS6,6/15/2022,21.1,37.472,1.91
SRS6,6/18/2022,22.7,32.269,2.03
SRS6,6/21/2022,21.2,25.95,1.25
SRS6,6/24/2022,17.2,30.569,1.13
SRS6,6/27/2022,22.9,26.527,1.21
SRS6,6/30/2022,16.6,27.604,0.87
SRS6,7/3/2022,17.1,27.922,0.89
SRS6,7/6/2022,20.6,22.304,0.87
SRS6,7/9/2022,17.7,28.646,0.6
SRS6,7/11/2022,18,30.834,5.35
SRS6,7/14/2022,23.5,21.429,1.41
SRS6,7/17/2022,22.9,20.714,1.67
SRS6,7/20/2022,23.3,22.857,1.41
SRS6,7/23/2022,23,20,1.27
SRS6,7/26/2022,22.8,20,1.24
SRS6,7/29/2022,24.2,24.286,3.19
SRS6,8/1/2022,26.1,15.714,1.49
SRS6,8/4/2022,31.5,12.143,0.89
SRS6,8/7/2022,27,15,2.65
SRS6,8/9/2022,26.4,13.571,0.91
SRS6,8/13/2022,29.6,33.413,2.27
SRS6,8/16/2022,32.2,24.527,1.47
SRS6,8/19/2022,32.4,22.598,0.98
SRS6,8/22/2022,27.7,24.916,1.12
SRS6,8/25/2022,28.2,26.223,1.79
SRS6,8/28/2022,28.8,22.383,1.36
SRS6,8/31/2022,28.8,21.508,1.83
SRS6,9/3/2022,27.5,20.128,1.02
SRS6,9/6/2022,24.4,23.331,1
SRS6,9/7/2022,27.3,30.707,23.32
SRS6,9/10/2022,26.3,17.832,1.12
SRS6,9/13/2022,26.1,18.348,1.13
SRS6,9/16/2022,24.7,21.3,1.15
SRS6,9/19/2022,18.4,20.862,0.77
SRS6,9/22/2022,19.6,19.305,0.79
SRS6,9/25/2022,21.6,17.638,0.83
SRS6,9/28/2022,21.1,14.826,0.62
SRS6,10/1/2022,25.8,13.926,1.22
SRS6,10/3/2022,22.2,18.633,1.58
SRS6,10/7/2022,16.8,53.875,1.83
SRS6,10/10/2022,16.8,53.091,1.95
SRS6,10/13/2022,17.7,54.108,1.96
SRS6,10/16/2022,16,48.797,1.83
SRS6,10/19/2022,18.1,48.271,2.21
SRS6,10/22/2022,13,47.908,2.07
SRS6,10/25/2022,18.2,50.739,1.81
SRS6,10/28/2022,21.8,38.179,1.58
SRS6,10/31/2022,18.6,28.679,1.1
SRS6,11/3/2022,17.9,26.673,0.95
SRS6,11/6/2022,21.6,25.473,1.16
SRS6,11/7/2022,20.6,68.68,15.64
SRS6,11/10/2022,22.2,49.375,1.99
SRS6,11/13/2022,26.3,33.005,1.9
SRS6,11/16/2022,21.5,44.976,1.79
SRS6,11/19/2022,15.8,36.411,1.12
SRS6,11/22/2022,15,37.624,1.56
SRS6,11/25/2022,21.6,31.496,1.4
SRS6,11/28/2022,23.6,21.157,1.02
SRS6,12/1/2022,21.7,24.363,0.85
SRS6,12/4/2022,14.9,31.464,0.99
SRS6,12/6/2022,20.7,42.367,8.4
SRS6,12/9/2022,21.6,34.374,1.14
SRS6,12/12/2022,22.5,33.692,1.31
SRS6,12/15/2022,25,25.101,1.02
SRS6,12/18/2022,24.4,27.642,0.91
SRS6,12/21/2022,18.2,32.469,1.31
SRS6,12/24/2022,23.6,25.695,0.79
SRS6,12/27/2022,20.4,32.836,1.5
SRS6,12/30/2022,19.2,32.939,0.9
