"difference_type","water_class","Trans_ratio","site_name","month_f","Trans_ratio_z","difference_label","ecosystem_label","prediction","se","lower","upper"
"WUE_ET_minus_WUE_T","Upland",0.213383506141938,"US-A03","1",-1.96186375804899,"WUE_ET - WUE_T","Upland",-6.98799220467911,0.289106096488968,-7.55464015379749,-6.42134425556073
"WUE_ET_minus_WUE_E","Upland",0.213383506141938,"US-A03","1",-1.96186375804899,"WUE_ET - WUE_E","Upland",0.0264920555754653,0.289106096488967,-0.540155893542911,0.593140004693841
"WUE_E_minus_WUE_T","Upland",0.213383506141938,"US-A03","1",-1.96186375804899,"WUE_E - WUE_T","Upland",-7.73659095110732,0.289106096488967,-8.3032389002257,-7.16994300198895
"WUE_ET_minus_WUE_T","Freshwater",0.213383506141938,"US-A03","1",-1.96186375804899,"WUE_ET - WUE_T","Freshwater",-4.10576718076675,0.349379532870824,-4.79055106519357,-3.42098329633994
"WUE_ET_minus_WUE_E","Freshwater",0.213383506141938,"US-A03","1",-1.96186375804899,"WUE_ET - WUE_E","Freshwater",0.552673115742047,0.349379532870823,-0.132110768684767,1.23745700016886
"WUE_E_minus_WUE_T","Freshwater",0.213383506141938,"US-A03","1",-1.96186375804899,"WUE_E - WUE_T","Freshwater",-5.81931615258049,0.349379532870823,-6.50410003700731,-5.13453226815368
"WUE_ET_minus_WUE_T","Saline",0.213383506141938,"US-A03","1",-1.96186375804899,"WUE_ET - WUE_T","Saline",-4.531032682362,0.399473641998222,-5.31400102067851,-3.74806434404548
"WUE_ET_minus_WUE_E","Saline",0.213383506141938,"US-A03","1",-1.96186375804899,"WUE_ET - WUE_E","Saline",-0.12656188162277,0.399473641998222,-0.909530219939286,0.656406456693746
"WUE_E_minus_WUE_T","Saline",0.213383506141938,"US-A03","1",-1.96186375804899,"WUE_E - WUE_T","Saline",-4.5898228002333,0.399473641998222,-5.37279113854982,-3.80685446191678
"WUE_ET_minus_WUE_T","Upland",0.219238982954665,"US-A03","1",-1.92813253627837,"WUE_ET - WUE_T","Upland",-6.91394986979563,0.287335109126342,-7.47712668368326,-6.350773055908
"WUE_ET_minus_WUE_E","Upland",0.219238982954665,"US-A03","1",-1.92813253627837,"WUE_ET - WUE_E","Upland",-0.0469717578457738,0.287335109126341,-0.610148571733402,0.516205056041855
"WUE_E_minus_WUE_T","Upland",0.219238982954665,"US-A03","1",-1.92813253627837,"WUE_E - WUE_T","Upland",-7.57870373502105,0.287335109126341,-8.14188054890867,-7.01552692113342
"WUE_ET_minus_WUE_T","Freshwater",0.219238982954665,"US-A03","1",-1.92813253627837,"WUE_ET - WUE_T","Freshwater",-4.06755596821275,0.347104932983748,-4.74788163686089,-3.3872302995646
"WUE_ET_minus_WUE_E","Freshwater",0.219238982954665,"US-A03","1",-1.92813253627837,"WUE_ET - WUE_E","Freshwater",0.486199372716101,0.347104932983747,-0.194126295932044,1.16652504136424
"WUE_E_minus_WUE_T","Freshwater",0.219238982954665,"US-A03","1",-1.92813253627837,"WUE_E - WUE_T","Freshwater",-5.70254154992418,0.347104932983747,-6.38286721857233,-5.02221588127604
"WUE_ET_minus_WUE_T","Saline",0.219238982954665,"US-A03","1",-1.92813253627837,"WUE_ET - WUE_T","Saline",-4.48174551913417,0.396507790866454,-5.25890078923242,-3.70459024903592
"WUE_ET_minus_WUE_E","Saline",0.219238982954665,"US-A03","1",-1.92813253627837,"WUE_ET - WUE_E","Saline",-0.169196191389677,0.396507790866453,-0.946351461487926,0.607959078708572
"WUE_E_minus_WUE_T","Saline",0.219238982954665,"US-A03","1",-1.92813253627837,"WUE_E - WUE_T","Saline",-4.49431226017982,0.396507790866453,-5.27146753027806,-3.71715699008157
"WUE_ET_minus_WUE_T","Upland",0.225094459767392,"US-A03","1",-1.89440131450775,"WUE_ET - WUE_T","Upland",-6.83990753491215,0.285584528951415,-7.39965321165692,-6.28016185816737
"WUE_ET_minus_WUE_E","Upland",0.225094459767392,"US-A03","1",-1.89440131450775,"WUE_ET - WUE_E","Upland",-0.120435571267013,0.285584528951414,-0.680181248011785,0.439310105477759
"WUE_E_minus_WUE_T","Upland",0.225094459767392,"US-A03","1",-1.89440131450775,"WUE_E - WUE_T","Upland",-7.42081651893477,0.285584528951414,-7.98056219567954,-6.86107084219
"WUE_ET_minus_WUE_T","Freshwater",0.225094459767392,"US-A03","1",-1.89440131450775,"WUE_ET - WUE_T","Freshwater",-4.02934475565874,0.34485681401006,-4.70526411111845,-3.35342540019902
"WUE_ET_minus_WUE_E","Freshwater",0.225094459767392,"US-A03","1",-1.89440131450775,"WUE_ET - WUE_E","Freshwater",0.419725629690153,0.344856814010058,-0.256193725769561,1.09564498514987
"WUE_E_minus_WUE_T","Freshwater",0.225094459767392,"US-A03","1",-1.89440131450775,"WUE_E - WUE_T","Freshwater",-5.58576694726787,0.344856814010058,-6.26168630272758,-4.90984759180815
"WUE_ET_minus_WUE_T","Saline",0.225094459767392,"US-A03","1",-1.89440131450775,"WUE_ET - WUE_T","Saline",-4.43245835590634,0.393581952566462,-5.2038789829366,-3.66103772887607
"WUE_ET_minus_WUE_E","Saline",0.225094459767392,"US-A03","1",-1.89440131450775,"WUE_ET - WUE_E","Saline",-0.211830501156586,0.393581952566462,-0.983251128186852,0.55959012587368
"WUE_E_minus_WUE_T","Saline",0.225094459767392,"US-A03","1",-1.89440131450775,"WUE_E - WUE_T","Saline",-4.39880172012633,0.393581952566462,-5.1702223471566,-3.62738109309607
"WUE_ET_minus_WUE_T","Upland",0.23094993658012,"US-A03","1",-1.86067009273713,"WUE_ET - WUE_T","Upland",-6.76586520002867,0.283854733528178,-7.3222204777439,-6.20950992231344
"WUE_ET_minus_WUE_E","Upland",0.23094993658012,"US-A03","1",-1.86067009273713,"WUE_ET - WUE_E","Upland",-0.193899384688251,0.283854733528177,-0.750254662403479,0.362455893026976
"WUE_E_minus_WUE_T","Upland",0.23094993658012,"US-A03","1",-1.86067009273713,"WUE_E - WUE_T","Upland",-7.26292930284849,0.283854733528177,-7.81928458056372,-6.70657402513326
"WUE_ET_minus_WUE_T","Freshwater",0.23094993658012,"US-A03","1",-1.86067009273713,"WUE_ET - WUE_T","Freshwater",-3.99113354310473,0.342635697193951,-4.66269950960487,-3.31956757660458
"WUE_ET_minus_WUE_E","Freshwater",0.23094993658012,"US-A03","1",-1.86067009273713,"WUE_ET - WUE_E","Freshwater",0.353251886664208,0.342635697193949,-0.318314079835933,1.02481785316435
"WUE_E_minus_WUE_T","Freshwater",0.23094993658012,"US-A03","1",-1.86067009273713,"WUE_E - WUE_T","Freshwater",-5.46899234461156,0.342635697193949,-6.1405583111117,-4.79742637811142
"WUE_ET_minus_WUE_T","Saline",0.23094993658012,"US-A03","1",-1.86067009273713,"WUE_ET - WUE_T","Saline",-4.38317119267851,0.390697026039392,-5.14893736371571,-3.6174050216413
"WUE_ET_minus_WUE_E","Saline",0.23094993658012,"US-A03","1",-1.86067009273713,"WUE_ET - WUE_E","Saline",-0.254464810923494,0.390697026039392,-1.0202309819607,0.511301360113714
"WUE_E_minus_WUE_T","Saline",0.23094993658012,"US-A03","1",-1.86067009273713,"WUE_E - WUE_T","Saline",-4.30329118007285,0.390697026039392,-5.06905735111006,-3.53752500903564
"WUE_ET_minus_WUE_T","Upland",0.236805413392847,"US-A03","1",-1.82693887096651,"WUE_ET - WUE_T","Upland",-6.69182286514519,0.28214610514147,-7.24482923122247,-6.13881649906791
"WUE_ET_minus_WUE_E","Upland",0.236805413392847,"US-A03","1",-1.82693887096651,"WUE_ET - WUE_E","Upland",-0.267363198109489,0.282146105141469,-0.820369564186768,0.285643167967789
"WUE_E_minus_WUE_T","Upland",0.236805413392847,"US-A03","1",-1.82693887096651,"WUE_E - WUE_T","Upland",-7.10504208676221,0.282146105141469,-7.65804845283949,-6.55203572068493
"WUE_ET_minus_WUE_T","Freshwater",0.236805413392847,"US-A03","1",-1.82693887096651,"WUE_ET - WUE_T","Freshwater",-3.95292233055072,0.340442111039307,-4.62018886818776,-3.28565579291368
"WUE_ET_minus_WUE_E","Freshwater",0.236805413392847,"US-A03","1",-1.82693887096651,"WUE_ET - WUE_E","Freshwater",0.28677814363826,0.340442111039306,-0.380488393998779,0.9540446812753
"WUE_E_minus_WUE_T","Freshwater",0.236805413392847,"US-A03","1",-1.82693887096651,"WUE_E - WUE_T","Freshwater",-5.35221774195525,0.340442111039306,-6.01948427959228,-4.68495120431821
"WUE_ET_minus_WUE_T","Saline",0.236805413392847,"US-A03","1",-1.82693887096651,"WUE_ET - WUE_T","Saline",-4.33388402945068,0.387853924213465,-5.09407772090907,-3.57369033799228
"WUE_ET_minus_WUE_E","Saline",0.236805413392847,"US-A03","1",-1.82693887096651,"WUE_ET - WUE_E","Saline",-0.297099120690401,0.387853924213465,-1.05729281214879,0.46309457076799
"WUE_E_minus_WUE_T","Saline",0.236805413392847,"US-A03","1",-1.82693887096651,"WUE_E - WUE_T","Saline",-4.20778064001936,0.387853924213465,-4.96797433147776,-3.44758694856097
"WUE_ET_minus_WUE_T","Upland",0.242660890205574,"US-A03","1",-1.79320764919589,"WUE_ET - WUE_T","Upland",-6.61778053026171,0.280459030656611,-7.16748023034866,-6.06808083017475
"WUE_ET_minus_WUE_E","Upland",0.242660890205574,"US-A03","1",-1.79320764919589,"WUE_ET - WUE_E","Upland",-0.340827011530728,0.28045903065661,-0.890526711617684,0.208872688556227
"WUE_E_minus_WUE_T","Upland",0.242660890205574,"US-A03","1",-1.79320764919589,"WUE_E - WUE_T","Upland",-6.94715487067593,0.28045903065661,-7.49685457076289,-6.39745517058898
"WUE_ET_minus_WUE_T","Freshwater",0.242660890205574,"US-A03","1",-1.79320764919589,"WUE_ET - WUE_T","Freshwater",-3.91471111799671,0.338276591121991,-4.57773323659581,-3.25168899939761
"WUE_ET_minus_WUE_E","Freshwater",0.242660890205574,"US-A03","1",-1.79320764919589,"WUE_ET - WUE_E","Freshwater",0.220304400612314,0.338276591121989,-0.442717717986786,0.883326519211413
"WUE_E_minus_WUE_T","Freshwater",0.242660890205574,"US-A03","1",-1.79320764919589,"WUE_E - WUE_T","Freshwater",-5.23544313929893,0.338276591121989,-5.89846525789803,-4.57242102069983
"WUE_ET_minus_WUE_T","Saline",0.242660890205574,"US-A03","1",-1.79320764919589,"WUE_ET - WUE_T","Saline",-4.28459686622285,0.385053573546988,-5.03930187037494,-3.52989186207075
"WUE_ET_minus_WUE_E","Saline",0.242660890205574,"US-A03","1",-1.79320764919589,"WUE_ET - WUE_E","Saline",-0.33973343045731,0.385053573546988,-1.09443843460941,0.414971573694786
"WUE_E_minus_WUE_T","Saline",0.242660890205574,"US-A03","1",-1.79320764919589,"WUE_E - WUE_T","Saline",-4.11227009996588,0.385053573546988,-4.86697510411797,-3.35756509581378
"WUE_ET_minus_WUE_T","Upland",0.248516367018302,"US-A03","1",-1.75947642742527,"WUE_ET - WUE_T","Upland",-6.54373819537823,0.278793901363332,-7.09017424205036,-5.9973021487061
"WUE_ET_minus_WUE_E","Upland",0.248516367018302,"US-A03","1",-1.75947642742527,"WUE_ET - WUE_E","Upland",-0.414290824951967,0.278793901363331,-0.960726871624095,0.132145221720162
"WUE_E_minus_WUE_T","Upland",0.248516367018302,"US-A03","1",-1.75947642742527,"WUE_E - WUE_T","Upland",-6.78926765458966,0.278793901363331,-7.33570370126179,-6.24283160791753
"WUE_ET_minus_WUE_T","Freshwater",0.248516367018302,"US-A03","1",-1.75947642742527,"WUE_ET - WUE_T","Freshwater",-3.8764999054427,0.33613967987762,-4.53533367800283,-3.21766613288257
"WUE_ET_minus_WUE_E","Freshwater",0.248516367018302,"US-A03","1",-1.75947642742527,"WUE_ET - WUE_E","Freshwater",0.153830657586368,0.336139679877618,-0.505003114973764,0.8126644301465
"WUE_E_minus_WUE_T","Freshwater",0.248516367018302,"US-A03","1",-1.75947642742527,"WUE_E - WUE_T","Freshwater",-5.11866853664262,0.336139679877618,-5.77750230920275,-4.45983476408249
"WUE_ET_minus_WUE_T","Saline",0.248516367018302,"US-A03","1",-1.75947642742527,"WUE_ET - WUE_T","Saline",-4.23530970299502,0.382296913506491,-4.98461165346774,-3.48600775252229
"WUE_ET_minus_WUE_E","Saline",0.248516367018302,"US-A03","1",-1.75947642742527,"WUE_ET - WUE_E","Saline",-0.382367740224218,0.382296913506491,-1.13166969069694,0.366934210248504
"WUE_E_minus_WUE_T","Saline",0.248516367018302,"US-A03","1",-1.75947642742527,"WUE_E - WUE_T","Saline",-4.01675955991239,0.382296913506491,-4.76606151038512,-3.26745760943967
"WUE_ET_minus_WUE_T","Upland",0.254371843831029,"US-A03","1",-1.72574520565465,"WUE_ET - WUE_T","Upland",-6.46969586049475,0.277151112803332,-7.01291204158928,-5.92647967940022
"WUE_ET_minus_WUE_E","Upland",0.254371843831029,"US-A03","1",-1.72574520565465,"WUE_ET - WUE_E","Upland",-0.487754638373206,0.277151112803331,-1.03097081946773,0.0554615427213231
"WUE_E_minus_WUE_T","Upland",0.254371843831029,"US-A03","1",-1.72574520565465,"WUE_E - WUE_T","Upland",-6.63138043850338,0.277151112803331,-7.17459661959791,-6.08816425740885
"WUE_ET_minus_WUE_T","Freshwater",0.254371843831029,"US-A03","1",-1.72574520565465,"WUE_ET - WUE_T","Freshwater",-3.83828869288869,0.334031926363697,-4.49299126856154,-3.18358611721585
"WUE_ET_minus_WUE_E","Freshwater",0.254371843831029,"US-A03","1",-1.72574520565465,"WUE_ET - WUE_E","Freshwater",0.0873569145604209,0.334031926363696,-0.567345661112422,0.742059490233264
"WUE_E_minus_WUE_T","Freshwater",0.254371843831029,"US-A03","1",-1.72574520565465,"WUE_E - WUE_T","Freshwater",-5.00189393398631,0.334031926363696,-5.65659650965915,-4.34719135831347
"WUE_ET_minus_WUE_T","Saline",0.254371843831029,"US-A03","1",-1.72574520565465,"WUE_ET - WUE_T","Saline",-4.18602253976719,0.379584895976692,-4.9300089358815,-3.44203614365287
"WUE_ET_minus_WUE_E","Saline",0.254371843831029,"US-A03","1",-1.72574520565465,"WUE_ET - WUE_E","Saline",-0.425002049991125,0.379584895976692,-1.16898844610544,0.31898434612319
"WUE_E_minus_WUE_T","Saline",0.254371843831029,"US-A03","1",-1.72574520565465,"WUE_E - WUE_T","Saline",-3.92124901985891,0.379584895976691,-4.66523541597322,-3.17726262374459
"WUE_ET_minus_WUE_T","Upland",0.260227320643757,"US-A03","1",-1.69201398388404,"WUE_ET - WUE_T","Upland",-6.39565352561127,0.275531064580856,-6.93569441218975,-5.85561263903279
"WUE_ET_minus_WUE_E","Upland",0.260227320643757,"US-A03","1",-1.69201398388404,"WUE_ET - WUE_E","Upland",-0.561218451794443,0.275531064580855,-1.10125933837292,-0.0211775652159669
"WUE_E_minus_WUE_T","Upland",0.260227320643757,"US-A03","1",-1.69201398388404,"WUE_E - WUE_T","Upland",-6.4734932224171,0.275531064580855,-7.01353410899558,-5.93345233583863
"WUE_ET_minus_WUE_T","Freshwater",0.260227320643757,"US-A03","1",-1.69201398388404,"WUE_ET - WUE_T","Freshwater",-3.80007748033468,0.33195388599496,-4.4507070968848,-3.14944786378456
"WUE_ET_minus_WUE_E","Freshwater",0.260227320643757,"US-A03","1",-1.69201398388404,"WUE_ET - WUE_E","Freshwater",0.0208831715344759,0.331953885994959,-0.629746445015644,0.671512788084596
"WUE_E_minus_WUE_T","Freshwater",0.260227320643757,"US-A03","1",-1.69201398388404,"WUE_E - WUE_T","Freshwater",-4.88511933133,0.331953885994959,-5.53574894788012,-4.23448971477988
"WUE_ET_minus_WUE_T","Saline",0.260227320643757,"US-A03","1",-1.69201398388404,"WUE_ET - WUE_T","Saline",-4.13673537653936,0.376918484599051,-4.87549560635349,-3.39797514672522
"WUE_ET_minus_WUE_E","Saline",0.260227320643757,"US-A03","1",-1.69201398388404,"WUE_ET - WUE_E","Saline",-0.467636359758034,0.376918484599051,-1.20639658957217,0.271123870056105
"WUE_E_minus_WUE_T","Saline",0.260227320643757,"US-A03","1",-1.69201398388404,"WUE_E - WUE_T","Saline",-3.82573847980543,0.37691848459905,-4.56449870961956,-3.08697824999129
"WUE_ET_minus_WUE_T","Upland",0.266082797456484,"US-A03","1",-1.65828276211342,"WUE_ET - WUE_T","Upland",-6.32161119072779,0.273934160155668,-6.8585221446329,-5.78470023682268
"WUE_ET_minus_WUE_E","Upland",0.266082797456484,"US-A03","1",-1.65828276211342,"WUE_ET - WUE_E","Upland",-0.634682265215681,0.273934160155667,-1.17159321912079,-0.0977713113105738
"WUE_E_minus_WUE_T","Upland",0.266082797456484,"US-A03","1",-1.65828276211342,"WUE_E - WUE_T","Upland",-6.31560600633083,0.273934160155667,-6.85251696023593,-5.77869505242572
"WUE_ET_minus_WUE_T","Freshwater",0.266082797456484,"US-A03","1",-1.65828276211342,"WUE_ET - WUE_T","Freshwater",-3.76186626778067,0.329906120250849,-4.40848226347234,-3.11525027208901
"WUE_ET_minus_WUE_E","Freshwater",0.266082797456484,"US-A03","1",-1.65828276211342,"WUE_ET - WUE_E","Freshwater",-0.0455905714914708,0.329906120250848,-0.692206567183132,0.601025424200191
"WUE_E_minus_WUE_T","Freshwater",0.266082797456484,"US-A03","1",-1.65828276211342,"WUE_E - WUE_T","Freshwater",-4.76834472867369,0.329906120250848,-5.41496072436535,-4.12172873298203
"WUE_ET_minus_WUE_T","Saline",0.266082797456484,"US-A03","1",-1.65828276211342,"WUE_ET - WUE_T","Saline",-4.08744821331153,0.374298654035806,-4.82107357522171,-3.35382285140134
"WUE_ET_minus_WUE_E","Saline",0.266082797456484,"US-A03","1",-1.65828276211342,"WUE_ET - WUE_E","Saline",-0.51027066952494,0.374298654035806,-1.24389603143512,0.22335469238524
"WUE_E_minus_WUE_T","Saline",0.266082797456484,"US-A03","1",-1.65828276211342,"WUE_E - WUE_T","Saline",-3.73022793975194,0.374298654035806,-4.46385330166212,-2.99660257784176
"WUE_ET_minus_WUE_T","Upland",0.271938274269211,"US-A03","1",-1.6245515403428,"WUE_ET - WUE_T","Upland",-6.24756885584431,0.272360806617838,-6.78139603681527,-5.71374167487335
"WUE_ET_minus_WUE_E","Upland",0.271938274269211,"US-A03","1",-1.6245515403428,"WUE_ET - WUE_E","Upland",-0.70814607863692,0.272360806617837,-1.24197325960788,-0.174318897665961
"WUE_E_minus_WUE_T","Upland",0.271938274269211,"US-A03","1",-1.6245515403428,"WUE_E - WUE_T","Upland",-6.15771879024455,0.272360806617837,-6.69154597121551,-5.62389160927359
"WUE_ET_minus_WUE_T","Freshwater",0.271938274269211,"US-A03","1",-1.6245515403428,"WUE_ET - WUE_T","Freshwater",-3.72365505522666,0.327889196354012,-4.36631788008053,-3.0809922303728
"WUE_ET_minus_WUE_E","Freshwater",0.271938274269211,"US-A03","1",-1.6245515403428,"WUE_ET - WUE_E","Freshwater",-0.112064314517418,0.32788919635401,-0.754727139371278,0.530598510336442
"WUE_E_minus_WUE_T","Freshwater",0.271938274269211,"US-A03","1",-1.6245515403428,"WUE_E - WUE_T","Freshwater",-4.65157012601738,0.32788919635401,-5.29423295087124,-4.00890730116352
"WUE_ET_minus_WUE_T","Saline",0.271938274269211,"US-A03","1",-1.6245515403428,"WUE_ET - WUE_T","Saline",-4.0381610500837,0.371726389156528,-4.76674477283049,-3.3095773273369
"WUE_ET_minus_WUE_E","Saline",0.271938274269211,"US-A03","1",-1.6245515403428,"WUE_ET - WUE_E","Saline",-0.552904979291848,0.371726389156528,-1.28148870203864,0.175678743454946
"WUE_E_minus_WUE_T","Saline",0.271938274269211,"US-A03","1",-1.6245515403428,"WUE_E - WUE_T","Saline",-3.63471739969846,0.371726389156528,-4.36330112244525,-2.90613367695166
"WUE_ET_minus_WUE_T","Upland",0.277793751081939,"US-A03","1",-1.59082031857218,"WUE_ET - WUE_T","Upland",-6.17352652096083,0.270811414443785,-6.70431689327065,-5.64273614865101
"WUE_ET_minus_WUE_E","Upland",0.277793751081939,"US-A03","1",-1.59082031857218,"WUE_ET - WUE_E","Upland",-0.781609892058158,0.270811414443784,-1.31240026436798,-0.250819519748341
"WUE_E_minus_WUE_T","Upland",0.277793751081939,"US-A03","1",-1.59082031857218,"WUE_E - WUE_T","Upland",-5.99983157415827,0.270811414443784,-6.53062194646809,-5.46904120184846
"WUE_ET_minus_WUE_T","Freshwater",0.277793751081939,"US-A03","1",-1.59082031857218,"WUE_ET - WUE_T","Freshwater",-3.68544384267265,0.325903686918836,-4.32421506903357,-3.04667261631174
"WUE_ET_minus_WUE_E","Freshwater",0.277793751081939,"US-A03","1",-1.59082031857218,"WUE_ET - WUE_E","Freshwater",-0.178538057543363,0.325903686918835,-0.81730928390428,0.460233168817553
"WUE_E_minus_WUE_T","Freshwater",0.277793751081939,"US-A03","1",-1.59082031857218,"WUE_E - WUE_T","Freshwater",-4.53479552336107,0.325903686918835,-5.17356674972198,-3.89602429700015
"WUE_ET_minus_WUE_T","Saline",0.277793751081939,"US-A03","1",-1.59082031857218,"WUE_ET - WUE_T","Saline",-3.98887388685587,0.369202684144423,-4.71251114777893,-3.2652366259328
"WUE_ET_minus_WUE_E","Saline",0.277793751081939,"US-A03","1",-1.59082031857218,"WUE_ET - WUE_E","Saline",-0.595539289058757,0.369202684144423,-1.31917654998183,0.128097971864312
"WUE_E_minus_WUE_T","Saline",0.277793751081939,"US-A03","1",-1.59082031857218,"WUE_E - WUE_T","Saline",-3.53920685964497,0.369202684144423,-4.26284412056804,-2.8155695987219
"WUE_ET_minus_WUE_T","Upland",0.283649227894666,"US-A03","1",-1.55708909680156,"WUE_ET - WUE_T","Upland",-6.09948418607735,0.269286397233067,-6.62728552465416,-5.57168284750054
"WUE_ET_minus_WUE_E","Upland",0.283649227894666,"US-A03","1",-1.55708909680156,"WUE_ET - WUE_E","Upland",-0.855073705479398,0.269286397233065,-1.38287504405621,-0.327272366902589
"WUE_E_minus_WUE_T","Upland",0.283649227894666,"US-A03","1",-1.55708909680156,"WUE_E - WUE_T","Upland",-5.841944358072,0.269286397233065,-6.3697456966488,-5.31414301949519
"WUE_ET_minus_WUE_T","Freshwater",0.283649227894666,"US-A03","1",-1.55708909680156,"WUE_ET - WUE_T","Freshwater",-3.64723263011865,0.323950169569028,-4.28217496247394,-3.01229029776335
"WUE_ET_minus_WUE_E","Freshwater",0.283649227894666,"US-A03","1",-1.55708909680156,"WUE_ET - WUE_E","Freshwater",-0.245011800569311,0.323950169569026,-0.879954132924602,0.389930531785981
"WUE_E_minus_WUE_T","Freshwater",0.283649227894666,"US-A03","1",-1.55708909680156,"WUE_E - WUE_T","Freshwater",-4.41802092070475,0.323950169569026,-5.05296325306004,-3.78307858834946
"WUE_ET_minus_WUE_T","Saline",0.283649227894666,"US-A03","1",-1.55708909680156,"WUE_ET - WUE_T","Saline",-3.93958672362804,0.36672854151989,-4.65837466500702,-3.22079878224905
"WUE_ET_minus_WUE_E","Saline",0.283649227894666,"US-A03","1",-1.55708909680156,"WUE_ET - WUE_E","Saline",-0.638173598825665,0.36672854151989,-1.35696154020465,0.0806143425533201
"WUE_E_minus_WUE_T","Saline",0.283649227894666,"US-A03","1",-1.55708909680156,"WUE_E - WUE_T","Saline",-3.44369631959149,0.36672854151989,-4.16248426097047,-2.7249083782125
"WUE_ET_minus_WUE_T","Upland",0.289504704707393,"US-A03","1",-1.52335787503094,"WUE_ET - WUE_T","Upland",-6.02544185119387,0.267786171425417,-6.55030274718769,-5.50058095520005
"WUE_ET_minus_WUE_E","Upland",0.289504704707393,"US-A03","1",-1.52335787503094,"WUE_ET - WUE_E","Upland",-0.928537518900635,0.267786171425416,-1.45339841489445,-0.40367662290682
"WUE_E_minus_WUE_T","Upland",0.289504704707393,"US-A03","1",-1.52335787503094,"WUE_E - WUE_T","Upland",-5.68405714198572,0.267786171425416,-6.20891803797953,-5.1591962459919
"WUE_ET_minus_WUE_T","Freshwater",0.289504704707393,"US-A03","1",-1.52335787503094,"WUE_ET - WUE_T","Freshwater",-3.60902141756464,0.322029226523327,-4.24019870155036,-2.97784413357892
"WUE_ET_minus_WUE_E","Freshwater",0.289504704707393,"US-A03","1",-1.52335787503094,"WUE_ET - WUE_E","Freshwater",-0.311485543595257,0.322029226523325,-0.942662827580974,0.31969174039046
"WUE_E_minus_WUE_T","Freshwater",0.289504704707393,"US-A03","1",-1.52335787503094,"WUE_E - WUE_T","Freshwater",-4.30124631804844,0.322029226523325,-4.93242360203416,-3.67006903406272
"WUE_ET_minus_WUE_T","Saline",0.289504704707393,"US-A03","1",-1.52335787503094,"WUE_ET - WUE_T","Saline",-3.8902995604002,0.364304971079078,-4.6043373037152,-3.17626181708521
"WUE_ET_minus_WUE_E","Saline",0.289504704707393,"US-A03","1",-1.52335787503094,"WUE_ET - WUE_E","Saline",-0.680807908592572,0.364304971079077,-1.39484565190756,0.0332298347224197
"WUE_E_minus_WUE_T","Saline",0.289504704707393,"US-A03","1",-1.52335787503094,"WUE_E - WUE_T","Saline",-3.348185779538,0.364304971079077,-4.062223522853,-2.63414803622301
"WUE_ET_minus_WUE_T","Upland",0.295360181520121,"US-A03","1",-1.48962665326032,"WUE_ET - WUE_T","Upland",-5.95139951631039,0.266311155997636,-6.47336938206575,-5.42942965055502
"WUE_ET_minus_WUE_E","Upland",0.295360181520121,"US-A03","1",-1.48962665326032,"WUE_ET - WUE_E","Upland",-1.00200133232187,0.266311155997635,-1.52397119807724,-0.480031466566509
"WUE_E_minus_WUE_T","Upland",0.295360181520121,"US-A03","1",-1.48962665326032,"WUE_E - WUE_T","Upland",-5.52616992589944,0.266311155997635,-6.0481397916548,-5.00420006014408
"WUE_ET_minus_WUE_T","Freshwater",0.295360181520121,"US-A03","1",-1.48962665326032,"WUE_ET - WUE_T","Freshwater",-3.57081020501063,0.320141444148554,-4.19828743554179,-2.94333297447946
"WUE_ET_minus_WUE_E","Freshwater",0.295360181520121,"US-A03","1",-1.48962665326032,"WUE_ET - WUE_E","Freshwater",-0.377959286621203,0.320141444148552,-1.00543651715237,0.249517943909959
"WUE_E_minus_WUE_T","Freshwater",0.295360181520121,"US-A03","1",-1.48962665326032,"WUE_E - WUE_T","Freshwater",-4.18447171539213,0.320141444148553,-4.81194894592329,-3.55699448486097
"WUE_ET_minus_WUE_T","Saline",0.295360181520121,"US-A03","1",-1.48962665326032,"WUE_ET - WUE_T","Saline",-3.84101239717237,0.361932988745585,-4.55040105511372,-3.13162373923103
"WUE_ET_minus_WUE_E","Saline",0.295360181520121,"US-A03","1",-1.48962665326032,"WUE_ET - WUE_E","Saline",-0.723442218359481,0.361932988745585,-1.43283087630083,-0.0140535604181345
"WUE_E_minus_WUE_T","Saline",0.295360181520121,"US-A03","1",-1.48962665326032,"WUE_E - WUE_T","Saline",-3.25267523948452,0.361932988745585,-3.96206389742587,-2.54328658154317
"WUE_ET_minus_WUE_T","Upland",0.301215658332848,"US-A03","1",-1.4558954314897,"WUE_ET - WUE_T","Upland",-5.87735718142691,0.264861772139938,-6.39648625482119,-5.35822810803263
"WUE_ET_minus_WUE_E","Upland",0.301215658332848,"US-A03","1",-1.4558954314897,"WUE_ET - WUE_E","Upland",-1.07546514574311,0.264861772139937,-1.59459421913739,-0.556336072348836
"WUE_E_minus_WUE_T","Upland",0.301215658332848,"US-A03","1",-1.4558954314897,"WUE_E - WUE_T","Upland",-5.36828270981316,0.264861772139937,-5.88741178320744,-4.84915363641889
"WUE_ET_minus_WUE_T","Freshwater",0.301215658332848,"US-A03","1",-1.4558954314897,"WUE_ET - WUE_T","Freshwater",-3.53259899245662,0.318287412479241,-4.15644232091593,-2.9087556639973
"WUE_ET_minus_WUE_E","Freshwater",0.301215658332848,"US-A03","1",-1.4558954314897,"WUE_ET - WUE_E","Freshwater",-0.44443302964715,0.31828741247924,-1.06827635810646,0.179410298812161
"WUE_E_minus_WUE_T","Freshwater",0.301215658332848,"US-A03","1",-1.4558954314897,"WUE_E - WUE_T","Freshwater",-4.06769711273582,0.31828741247924,-4.69154044119513,-3.44385378427651
"WUE_ET_minus_WUE_T","Saline",0.301215658332848,"US-A03","1",-1.4558954314897,"WUE_ET - WUE_T","Saline",-3.79172523394454,0.359613615333817,-4.49656791999883,-3.08688254789026
"WUE_ET_minus_WUE_E","Saline",0.301215658332848,"US-A03","1",-1.4558954314897,"WUE_ET - WUE_E","Saline",-0.766076528126387,0.359613615333817,-1.47091921418067,-0.0612338420721065
"WUE_E_minus_WUE_T","Saline",0.301215658332848,"US-A03","1",-1.4558954314897,"WUE_E - WUE_T","Saline",-3.15716469943104,0.359613615333817,-3.86200738548532,-2.45232201337675
"WUE_ET_minus_WUE_T","Upland",0.307071135145575,"US-A03","1",-1.42216420971908,"WUE_ET - WUE_T","Upland",-5.80331484654343,0.263438442911463,-6.3196541946499,-5.28697549843696
"WUE_ET_minus_WUE_E","Upland",0.307071135145575,"US-A03","1",-1.42216420971908,"WUE_ET - WUE_E","Upland",-1.14892895916435,0.263438442911462,-1.66526830727082,-0.632589611057886
"WUE_E_minus_WUE_T","Upland",0.307071135145575,"US-A03","1",-1.42216420971908,"WUE_E - WUE_T","Upland",-5.21039549372688,0.263438442911462,-5.72673484183335,-4.69405614562042
"WUE_ET_minus_WUE_T","Freshwater",0.307071135145575,"US-A03","1",-1.42216420971908,"WUE_ET - WUE_T","Freshwater",-3.49438777990261,0.31646772470323,-4.11466452032094,-2.87411103948428
"WUE_ET_minus_WUE_E","Freshwater",0.307071135145575,"US-A03","1",-1.42216420971908,"WUE_ET - WUE_E","Freshwater",-0.510906772673097,0.316467724703228,-1.13118351309142,0.10936996774523
"WUE_E_minus_WUE_T","Freshwater",0.307071135145575,"US-A03","1",-1.42216420971908,"WUE_E - WUE_T","Freshwater",-3.9509225100795,0.316467724703228,-4.57119925049783,-3.33064576966118
"WUE_ET_minus_WUE_T","Saline",0.307071135145575,"US-A03","1",-1.42216420971908,"WUE_ET - WUE_T","Saline",-3.74243807071671,0.357347875222965,-4.44283990615372,-3.0420362352797
"WUE_ET_minus_WUE_E","Saline",0.307071135145575,"US-A03","1",-1.42216420971908,"WUE_ET - WUE_E","Saline",-0.808710837893296,0.357347875222965,-1.50911267333031,-0.108309002456285
"WUE_E_minus_WUE_T","Saline",0.307071135145575,"US-A03","1",-1.42216420971908,"WUE_E - WUE_T","Saline",-3.06165415937755,0.357347875222965,-3.76205599481456,-2.36125232394054
"WUE_ET_minus_WUE_T","Upland",0.312926611958303,"US-A03","1",-1.38843298794846,"WUE_ET - WUE_T","Upland",-5.72927251165995,0.26204159287472,-6.2428740336944,-5.2156709896255
"WUE_ET_minus_WUE_E","Upland",0.312926611958303,"US-A03","1",-1.38843298794846,"WUE_ET - WUE_E","Upland",-1.22239277258559,0.262041592874719,-1.73599429462004,-0.70879125055114
"WUE_E_minus_WUE_T","Upland",0.312926611958303,"US-A03","1",-1.38843298794846,"WUE_E - WUE_T","Upland",-5.05250827764061,0.262041592874719,-5.56610979967506,-4.53890675560616
"WUE_ET_minus_WUE_T","Freshwater",0.312926611958303,"US-A03","1",-1.38843298794846,"WUE_ET - WUE_T","Freshwater",-3.4561765673486,0.314682976612729,-4.07295520150955,-2.83939793318765
"WUE_ET_minus_WUE_E","Freshwater",0.312926611958303,"US-A03","1",-1.38843298794846,"WUE_ET - WUE_E","Freshwater",-0.577380515699043,0.314682976612727,-1.19415914985999,0.0393981184619023
"WUE_E_minus_WUE_T","Freshwater",0.312926611958303,"US-A03","1",-1.38843298794846,"WUE_E - WUE_T","Freshwater",-3.83414790742319,0.314682976612727,-4.45092654158414,-3.21736927326225
"WUE_ET_minus_WUE_T","Saline",0.312926611958303,"US-A03","1",-1.38843298794846,"WUE_ET - WUE_T","Saline",-3.69315090748888,0.355136794941104,-4.38921902557345,-2.99708278940432
"WUE_ET_minus_WUE_E","Saline",0.312926611958303,"US-A03","1",-1.38843298794846,"WUE_ET - WUE_E","Saline",-0.851345147660204,0.355136794941103,-1.54741326574477,-0.155277029575642
"WUE_E_minus_WUE_T","Saline",0.312926611958303,"US-A03","1",-1.38843298794846,"WUE_E - WUE_T","Saline",-2.96614361932407,0.355136794941103,-3.66221173740863,-2.2700755012395
"WUE_ET_minus_WUE_T","Upland",0.31878208877103,"US-A03","1",-1.35470176617784,"WUE_ET - WUE_T","Upland",-5.65523017677647,0.260671647708802,-6.16614660628572,-5.14431374726722
"WUE_ET_minus_WUE_E","Upland",0.31878208877103,"US-A03","1",-1.35470176617784,"WUE_ET - WUE_E","Upland",-1.29585658600683,0.2606716477088,-1.80677301551608,-0.784940156497579
"WUE_E_minus_WUE_T","Upland",0.31878208877103,"US-A03","1",-1.35470176617784,"WUE_E - WUE_T","Upland",-4.89462106155433,0.2606716477088,-5.40553749106358,-4.38370463204508
"WUE_ET_minus_WUE_T","Freshwater",0.31878208877103,"US-A03","1",-1.35470176617784,"WUE_ET - WUE_T","Freshwater",-3.41796535479459,0.312933766020471,-4.03131553619471,-2.80461517339447
"WUE_ET_minus_WUE_E","Freshwater",0.31878208877103,"US-A03","1",-1.35470176617784,"WUE_ET - WUE_E","Freshwater",-0.643854258724989,0.312933766020469,-1.25720444012511,-0.0305040773248695
"WUE_E_minus_WUE_T","Freshwater",0.31878208877103,"US-A03","1",-1.35470176617784,"WUE_E - WUE_T","Freshwater",-3.71737330476688,0.312933766020469,-4.330723486167,-3.10402312336676
"WUE_ET_minus_WUE_T","Saline",0.31878208877103,"US-A03","1",-1.35470176617784,"WUE_ET - WUE_T","Saline",-3.64386374426105,0.352981401659455,-4.33570729151359,-2.95202019700852
"WUE_ET_minus_WUE_E","Saline",0.31878208877103,"US-A03","1",-1.35470176617784,"WUE_ET - WUE_E","Saline",-0.893979457427112,0.352981401659455,-1.58582300467964,-0.20213591017458
"WUE_E_minus_WUE_T","Saline",0.31878208877103,"US-A03","1",-1.35470176617784,"WUE_E - WUE_T","Saline",-2.87063307927058,0.352981401659455,-3.56247662652311,-2.17878953201805
"WUE_ET_minus_WUE_T","Upland",0.324637565583758,"US-A03","1",-1.32097054440722,"WUE_ET - WUE_T","Upland",-5.58118784189299,0.259329033801307,-6.08947274814355,-5.07290293564243
"WUE_ET_minus_WUE_E","Upland",0.324637565583758,"US-A03","1",-1.32097054440722,"WUE_ET - WUE_E","Upland",-1.36932039942807,0.259329033801305,-1.87760530567863,-0.861035493177508
"WUE_E_minus_WUE_T","Upland",0.324637565583758,"US-A03","1",-1.32097054440722,"WUE_E - WUE_T","Upland",-4.73673384546805,0.259329033801305,-5.24501875171861,-4.22844893921749
"WUE_ET_minus_WUE_T","Freshwater",0.324637565583758,"US-A03","1",-1.32097054440722,"WUE_ET - WUE_T","Freshwater",-3.37975414224058,0.311220692140741,-3.98974669883643,-2.76976158564473
"WUE_ET_minus_WUE_E","Freshwater",0.324637565583758,"US-A03","1",-1.32097054440722,"WUE_ET - WUE_E","Freshwater",-0.710328001750936,0.311220692140739,-1.32032055834678,-0.100335445155088
"WUE_E_minus_WUE_T","Freshwater",0.324637565583758,"US-A03","1",-1.32097054440722,"WUE_E - WUE_T","Freshwater",-3.60059870211057,0.311220692140739,-4.21059125870642,-2.99060614551472
"WUE_ET_minus_WUE_T","Saline",0.324637565583758,"US-A03","1",-1.32097054440722,"WUE_ET - WUE_T","Saline",-3.59457658103322,0.350882721597503,-4.28230671536433,-2.90684644670212
"WUE_ET_minus_WUE_E","Saline",0.324637565583758,"US-A03","1",-1.32097054440722,"WUE_ET - WUE_E","Saline",-0.936613767194019,0.350882721597502,-1.62434390152512,-0.248883632862915
"WUE_E_minus_WUE_T","Saline",0.324637565583758,"US-A03","1",-1.32097054440722,"WUE_E - WUE_T","Saline",-2.7751225392171,0.350882721597502,-3.4628526735482,-2.08739240488599
"WUE_ET_minus_WUE_T","Upland",0.330493042396485,"US-A03","1",-1.2872393226366,"WUE_ET - WUE_T","Upland",-5.50714550700951,0.258014177818998,-6.01285329553474,-5.00143771848427
"WUE_ET_minus_WUE_E","Upland",0.330493042396485,"US-A03","1",-1.2872393226366,"WUE_ET - WUE_E","Upland",-1.4427842128493,0.258014177818997,-1.94849200137454,-0.93707642432407
"WUE_E_minus_WUE_T","Upland",0.330493042396485,"US-A03","1",-1.2872393226366,"WUE_E - WUE_T","Upland",-4.57884662938178,0.258014177818997,-5.08455441790701,-4.07313884085654
"WUE_ET_minus_WUE_T","Freshwater",0.330493042396485,"US-A03","1",-1.2872393226366,"WUE_ET - WUE_T","Freshwater",-3.34154292968657,0.30954435493523,-3.94824986535962,-2.73483599401352
"WUE_ET_minus_WUE_E","Freshwater",0.330493042396485,"US-A03","1",-1.2872393226366,"WUE_ET - WUE_E","Freshwater",-0.776801744776882,0.309544354935229,-1.38350868044993,-0.170094809103833
"WUE_E_minus_WUE_T","Freshwater",0.330493042396485,"US-A03","1",-1.2872393226366,"WUE_E - WUE_T","Freshwater",-3.48382409945426,0.309544354935229,-4.09053103512731,-2.87711716378121
"WUE_ET_minus_WUE_T","Saline",0.330493042396485,"US-A03","1",-1.2872393226366,"WUE_ET - WUE_T","Saline",-3.54528941780539,0.34884177834031,-4.2290193033524,-2.86155953225839
"WUE_ET_minus_WUE_E","Saline",0.330493042396485,"US-A03","1",-1.2872393226366,"WUE_ET - WUE_E","Saline",-0.979248076960926,0.348841778340309,-1.66297796250793,-0.29551819141392
"WUE_E_minus_WUE_T","Saline",0.330493042396485,"US-A03","1",-1.2872393226366,"WUE_E - WUE_T","Saline",-2.67961199916361,0.348841778340309,-3.36334188471062,-1.99588211361661
"WUE_ET_minus_WUE_T","Upland",0.336348519209212,"US-A03","1",-1.25350810086599,"WUE_ET - WUE_T","Upland",-5.43310317212603,0.256727506257324,-5.93628908439038,-4.92991725986167
"WUE_ET_minus_WUE_E","Upland",0.336348519209212,"US-A03","1",-1.25350810086599,"WUE_ET - WUE_E","Upland",-1.51624802627054,0.256727506257323,-2.0194339385349,-1.01306211400619
"WUE_E_minus_WUE_T","Upland",0.336348519209212,"US-A03","1",-1.25350810086599,"WUE_E - WUE_T","Upland",-4.4209594132955,0.256727506257323,-4.92414532555985,-3.91777350103115
"WUE_ET_minus_WUE_T","Freshwater",0.336348519209212,"US-A03","1",-1.25350810086599,"WUE_ET - WUE_T","Freshwater",-3.30333171713256,0.307905354423845,-3.9068262118033,-2.69983722246183
"WUE_ET_minus_WUE_E","Freshwater",0.336348519209212,"US-A03","1",-1.25350810086599,"WUE_ET - WUE_E","Freshwater",-0.843275487802829,0.307905354423844,-1.44676998247356,-0.239780993132095
"WUE_E_minus_WUE_T","Freshwater",0.336348519209212,"US-A03","1",-1.25350810086599,"WUE_E - WUE_T","Freshwater",-3.36704949679795,0.307905354423844,-3.97054399146868,-2.76355500212721
"WUE_ET_minus_WUE_T","Saline",0.336348519209212,"US-A03","1",-1.25350810086599,"WUE_ET - WUE_T","Saline",-3.49600225457756,0.34685959107015,-4.17584705307506,-2.81615745608007
"WUE_ET_minus_WUE_E","Saline",0.336348519209212,"US-A03","1",-1.25350810086599,"WUE_ET - WUE_E","Saline",-1.02188238672783,0.34685959107015,-1.70172718522533,-0.342037588230341
"WUE_E_minus_WUE_T","Saline",0.336348519209212,"US-A03","1",-1.25350810086599,"WUE_E - WUE_T","Saline",-2.58410145911013,0.34685959107015,-3.26394625760762,-1.90425666061264
"WUE_ET_minus_WUE_T","Upland",0.34220399602194,"US-A03","1",-1.21977687909537,"WUE_ET - WUE_T","Upland",-5.35906083724255,0.255469444969045,-5.85978094938188,-4.85834072510322
"WUE_ET_minus_WUE_E","Upland",0.34220399602194,"US-A03","1",-1.21977687909537,"WUE_ET - WUE_E","Upland",-1.58971183969178,0.255469444969044,-2.09043195183111,-1.08899172755245
"WUE_E_minus_WUE_T","Upland",0.34220399602194,"US-A03","1",-1.21977687909537,"WUE_E - WUE_T","Upland",-4.26307219720922,0.255469444969044,-4.76379230934855,-3.7623520850699
"WUE_ET_minus_WUE_T","Freshwater",0.34220399602194,"US-A03","1",-1.21977687909537,"WUE_ET - WUE_T","Freshwater",-3.26512050457855,0.306304289960782,-3.86547691290169,-2.66476409625542
"WUE_ET_minus_WUE_E","Freshwater",0.34220399602194,"US-A03","1",-1.21977687909537,"WUE_ET - WUE_E","Freshwater",-0.909749230828775,0.306304289960781,-1.5101056391519,-0.309392822505645
"WUE_E_minus_WUE_T","Freshwater",0.34220399602194,"US-A03","1",-1.21977687909537,"WUE_E - WUE_T","Freshwater",-3.25027489414164,0.306304289960781,-3.85063130246477,-2.6499184858185
"WUE_ET_minus_WUE_T","Saline",0.34220399602194,"US-A03","1",-1.21977687909537,"WUE_ET - WUE_T","Saline",-3.44671509134973,0.344937172715316,-4.12279194987175,-2.77063823282771
"WUE_ET_minus_WUE_E","Saline",0.34220399602194,"US-A03","1",-1.21977687909537,"WUE_ET - WUE_E","Saline",-1.06451669649474,0.344937172715316,-1.74059355501676,-0.388439837972724
"WUE_E_minus_WUE_T","Saline",0.34220399602194,"US-A03","1",-1.21977687909537,"WUE_E - WUE_T","Saline",-2.48859091905665,0.344937172715316,-3.16466777757867,-1.81251406053463
"WUE_ET_minus_WUE_T","Upland",0.348059472834667,"US-A03","1",-1.18604565732475,"WUE_ET - WUE_T","Upland",-5.28501850235907,0.25424041867232,-5.78332972295682,-4.78670728176132
"WUE_ET_minus_WUE_E","Upland",0.348059472834667,"US-A03","1",-1.18604565732475,"WUE_ET - WUE_E","Upland",-1.66317565311302,0.254240418672318,-2.16148687371076,-1.16486443251528
"WUE_E_minus_WUE_T","Upland",0.348059472834667,"US-A03","1",-1.18604565732475,"WUE_E - WUE_T","Upland",-4.10518498112294,0.254240418672318,-4.60349620172069,-3.6068737605252
"WUE_ET_minus_WUE_T","Freshwater",0.348059472834667,"US-A03","1",-1.18604565732475,"WUE_ET - WUE_T","Freshwater",-3.22690929202455,0.304741759476419,-3.82420314059833,-2.62961544345076
"WUE_ET_minus_WUE_E","Freshwater",0.348059472834667,"US-A03","1",-1.18604565732475,"WUE_ET - WUE_E","Freshwater",-0.976222973854722,0.304741759476417,-1.5735168224285,-0.378929125280944
"WUE_E_minus_WUE_T","Freshwater",0.348059472834667,"US-A03","1",-1.18604565732475,"WUE_E - WUE_T","Freshwater",-3.13350029148532,0.304741759476417,-3.7307941400591,-2.53620644291154
"WUE_ET_minus_WUE_T","Saline",0.348059472834667,"US-A03","1",-1.18604565732475,"WUE_ET - WUE_T","Saline",-3.3974279281219,0.343075528019827,-4.06985596304076,-2.72499989320304
"WUE_ET_minus_WUE_E","Saline",0.348059472834667,"US-A03","1",-1.18604565732475,"WUE_ET - WUE_E","Saline",-1.10715100626165,0.343075528019826,-1.77957904118051,-0.434722971342791
"WUE_E_minus_WUE_T","Saline",0.348059472834667,"US-A03","1",-1.18604565732475,"WUE_E - WUE_T","Saline",-2.39308037900316,0.343075528019826,-3.06550841392202,-1.7206523440843
"WUE_ET_minus_WUE_T","Upland",0.353914949647394,"US-A03","1",-1.15231443555413,"WUE_ET - WUE_T","Upland",-5.21097616747559,0.253040850438733,-5.7069362343355,-4.71501610061567
"WUE_ET_minus_WUE_E","Upland",0.353914949647394,"US-A03","1",-1.15231443555413,"WUE_ET - WUE_E","Upland",-1.73663946653426,0.253040850438732,-2.23259953339417,-1.24067939967434
"WUE_E_minus_WUE_T","Upland",0.353914949647394,"US-A03","1",-1.15231443555413,"WUE_E - WUE_T","Upland",-3.94729776503667,0.253040850438732,-4.44325783189658,-3.45133769817675
"WUE_ET_minus_WUE_T","Freshwater",0.353914949647394,"US-A03","1",-1.15231443555413,"WUE_ET - WUE_T","Freshwater",-3.18869807947054,0.303218358685762,-3.78300606249463,-2.59439009644644
"WUE_ET_minus_WUE_E","Freshwater",0.353914949647394,"US-A03","1",-1.15231443555413,"WUE_ET - WUE_E","Freshwater",-1.04269671688067,0.303218358685761,-1.63700469990476,-0.448388733856578
"WUE_E_minus_WUE_T","Freshwater",0.353914949647394,"US-A03","1",-1.15231443555413,"WUE_E - WUE_T","Freshwater",-3.01672568882901,0.303218358685761,-3.6110336718531,-2.42241770580492
"WUE_ET_minus_WUE_T","Saline",0.353914949647394,"US-A03","1",-1.15231443555413,"WUE_ET - WUE_T","Saline",-3.34814076489407,0.341275651538595,-4.01704104190972,-2.67924048787843
"WUE_ET_minus_WUE_E","Saline",0.353914949647394,"US-A03","1",-1.15231443555413,"WUE_ET - WUE_E","Saline",-1.14978531602856,0.341275651538595,-1.8186855930442,-0.480885039012913
"WUE_E_minus_WUE_T","Saline",0.353914949647394,"US-A03","1",-1.15231443555413,"WUE_E - WUE_T","Saline",-2.29756983894968,0.341275651538595,-2.96647011596532,-1.62866956193403
"WUE_ET_minus_WUE_T","Upland",0.359770426460122,"US-A03","1",-1.11858321378351,"WUE_ET - WUE_T","Upland",-5.13693383259211,0.251871161161882,-5.6306013084694,-4.64326635671482
"WUE_ET_minus_WUE_E","Upland",0.359770426460122,"US-A03","1",-1.11858321378351,"WUE_ET - WUE_E","Upland",-1.8101032799555,0.251871161161881,-2.30377075583278,-1.31643580407821
"WUE_E_minus_WUE_T","Upland",0.359770426460122,"US-A03","1",-1.11858321378351,"WUE_E - WUE_T","Upland",-3.78941054895039,0.251871161161881,-4.28307802482768,-3.2957430730731
"WUE_ET_minus_WUE_T","Freshwater",0.359770426460122,"US-A03","1",-1.11858321378351,"WUE_ET - WUE_T","Freshwater",-3.15048686691653,0.301734680264452,-3.74188684023485,-2.5590868935982
"WUE_ET_minus_WUE_E","Freshwater",0.359770426460122,"US-A03","1",-1.11858321378351,"WUE_ET - WUE_E","Freshwater",-1.10917045990662,0.301734680264451,-1.70057043322494,-0.517770486588292
"WUE_E_minus_WUE_T","Freshwater",0.359770426460122,"US-A03","1",-1.11858321378351,"WUE_E - WUE_T","Freshwater",-2.8999510861727,0.301734680264451,-3.49135105949102,-2.30855111285438
"WUE_ET_minus_WUE_T","Saline",0.359770426460122,"US-A03","1",-1.11858321378351,"WUE_ET - WUE_T","Saline",-3.29885360166624,0.339538525563543,-3.96434911177079,-2.6333580915617
"WUE_ET_minus_WUE_E","Saline",0.359770426460122,"US-A03","1",-1.11858321378351,"WUE_ET - WUE_E","Saline",-1.19241962579547,0.339538525563542,-1.85791513590001,-0.526924115690924
"WUE_E_minus_WUE_T","Saline",0.359770426460122,"US-A03","1",-1.11858321378351,"WUE_E - WUE_T","Saline",-2.20205929889619,0.339538525563542,-2.86755480900073,-1.53656378879165
"WUE_ET_minus_WUE_T","Upland",0.365625903272849,"US-A03","1",-1.08485199201289,"WUE_ET - WUE_T","Upland",-5.06289149770863,0.250731769007258,-5.55432576496285,-4.5714572304544
"WUE_ET_minus_WUE_E","Upland",0.365625903272849,"US-A03","1",-1.08485199201289,"WUE_ET - WUE_E","Upland",-1.88356709337674,0.250731769007257,-2.37500136063096,-1.39213282612251
"WUE_E_minus_WUE_T","Upland",0.365625903272849,"US-A03","1",-1.08485199201289,"WUE_E - WUE_T","Upland",-3.63152333286411,0.250731769007257,-4.12295760011833,-3.14008906560989
"WUE_ET_minus_WUE_T","Freshwater",0.365625903272849,"US-A03","1",-1.08485199201289,"WUE_ET - WUE_T","Freshwater",-3.11227565436252,0.300291312993557,-3.70084662782989,-2.52370468089515
"WUE_ET_minus_WUE_E","Freshwater",0.365625903272849,"US-A03","1",-1.08485199201289,"WUE_ET - WUE_E","Freshwater",-1.17564420293256,0.300291312993555,-1.76421517639993,-0.587073229465194
"WUE_E_minus_WUE_T","Freshwater",0.365625903272849,"US-A03","1",-1.08485199201289,"WUE_E - WUE_T","Freshwater",-2.78317648351639,0.300291312993555,-3.37174745698375,-2.19460551004902
"WUE_ET_minus_WUE_T","Saline",0.365625903272849,"US-A03","1",-1.08485199201289,"WUE_ET - WUE_T","Saline",-3.24956643843841,0.337865117987044,-3.91178206969302,-2.58735080718381
"WUE_ET_minus_WUE_E","Saline",0.365625903272849,"US-A03","1",-1.08485199201289,"WUE_ET - WUE_E","Saline",-1.23505393556237,0.337865117987043,-1.89726956681698,-0.572838304307769
"WUE_E_minus_WUE_T","Saline",0.365625903272849,"US-A03","1",-1.08485199201289,"WUE_E - WUE_T","Saline",-2.10654875884271,0.337865117987043,-2.76876439009731,-1.4443331275881
"WUE_ET_minus_WUE_T","Upland",0.371481380085577,"US-A03","1",-1.05112077024227,"WUE_ET - WUE_T","Upland",-4.98884916282515,0.249623088844321,-5.47811041696002,-4.49958790869028
"WUE_ET_minus_WUE_E","Upland",0.371481380085577,"US-A03","1",-1.05112077024227,"WUE_ET - WUE_E","Upland",-1.95703090679797,0.24962308884432,-2.44629216093284,-1.46776965266311
"WUE_E_minus_WUE_T","Upland",0.371481380085577,"US-A03","1",-1.05112077024227,"WUE_E - WUE_T","Upland",-3.47363611677783,0.24962308884432,-3.9628973709127,-2.98437486264297
"WUE_ET_minus_WUE_T","Freshwater",0.371481380085577,"US-A03","1",-1.05112077024227,"WUE_ET - WUE_T","Freshwater",-3.07406444180851,0.298888840874658,-3.65988656992284,-2.48824231369418
"WUE_ET_minus_WUE_E","Freshwater",0.371481380085577,"US-A03","1",-1.05112077024227,"WUE_ET - WUE_E","Freshwater",-1.24211794595851,0.298888840874656,-1.82794007407283,-0.656295817844182
"WUE_E_minus_WUE_T","Freshwater",0.371481380085577,"US-A03","1",-1.05112077024227,"WUE_E - WUE_T","Freshwater",-2.66640188086007,0.298888840874656,-3.2522240089744,-2.08057975274575
"WUE_ET_minus_WUE_T","Saline",0.371481380085577,"US-A03","1",-1.05112077024227,"WUE_ET - WUE_T","Saline",-3.20027927521058,0.336256380110023,-3.85934178022623,-2.54121677019494
"WUE_ET_minus_WUE_E","Saline",0.371481380085577,"US-A03","1",-1.05112077024227,"WUE_ET - WUE_E","Saline",-1.27768824532928,0.336256380110022,-1.93675075034493,-0.618625740313639
"WUE_E_minus_WUE_T","Saline",0.371481380085577,"US-A03","1",-1.05112077024227,"WUE_E - WUE_T","Saline",-2.01103821878922,0.336256380110022,-2.67010072380487,-1.35197571377358
"WUE_ET_minus_WUE_T","Upland",0.377336856898304,"US-A03","1",-1.01738954847165,"WUE_ET - WUE_T","Upland",-4.91480682794167,0.248545531661801,-5.4019560699988,-4.42765758588454
"WUE_ET_minus_WUE_E","Upland",0.377336856898304,"US-A03","1",-1.01738954847165,"WUE_ET - WUE_E","Upland",-2.03049472021921,0.248545531661799,-2.51764396227634,-1.54334547816209
"WUE_E_minus_WUE_T","Upland",0.377336856898304,"US-A03","1",-1.01738954847165,"WUE_E - WUE_T","Upland",-3.31574890069156,0.248545531661799,-3.80289814274868,-2.82859965863443
"WUE_ET_minus_WUE_T","Freshwater",0.377336856898304,"US-A03","1",-1.01738954847165,"WUE_ET - WUE_T","Freshwater",-3.0358532292545,0.297527842216991,-3.6190077999998,-2.4526986585092
"WUE_ET_minus_WUE_E","Freshwater",0.377336856898304,"US-A03","1",-1.01738954847165,"WUE_ET - WUE_E","Freshwater",-1.30859168898445,0.297527842216989,-1.89174625972975,-0.725437118239156
"WUE_E_minus_WUE_T","Freshwater",0.377336856898304,"US-A03","1",-1.01738954847165,"WUE_E - WUE_T","Freshwater",-2.54962727820376,0.297527842216989,-3.13278184894906,-1.96647270745846
"WUE_ET_minus_WUE_T","Saline",0.377336856898304,"US-A03","1",-1.01738954847165,"WUE_ET - WUE_T","Saline",-3.15099211198275,0.33471324440296,-3.80703007101255,-2.49495415295295
"WUE_ET_minus_WUE_E","Saline",0.377336856898304,"US-A03","1",-1.01738954847165,"WUE_ET - WUE_E","Saline",-1.32032255509619,0.33471324440296,-1.97636051412599,-0.664284596066389
"WUE_E_minus_WUE_T","Saline",0.377336856898304,"US-A03","1",-1.01738954847165,"WUE_E - WUE_T","Saline",-1.91552767873574,0.33471324440296,-2.57156563776554,-1.25948971970594
"WUE_ET_minus_WUE_T","Upland",0.383192333711031,"US-A03","1",-0.983658326701032,"WUE_ET - WUE_T","Upland",-4.84076449305819,0.247499503967404,-5.3258635208343,-4.35566546528208
"WUE_ET_minus_WUE_E","Upland",0.383192333711031,"US-A03","1",-0.983658326701032,"WUE_ET - WUE_E","Upland",-2.10395853364045,0.247499503967403,-2.58905756141656,-1.61885950586434
"WUE_E_minus_WUE_T","Upland",0.383192333711031,"US-A03","1",-0.983658326701032,"WUE_E - WUE_T","Upland",-3.15786168460528,0.247499503967403,-3.64296071238139,-2.67276265682917
"WUE_ET_minus_WUE_T","Freshwater",0.383192333711031,"US-A03","1",-0.983658326701032,"WUE_ET - WUE_T","Freshwater",-2.99764201670049,0.296208888698668,-3.57821143854988,-2.4170725948511
"WUE_ET_minus_WUE_E","Freshwater",0.383192333711031,"US-A03","1",-0.983658326701032,"WUE_ET - WUE_E","Freshwater",-1.3750654320104,0.296208888698666,-1.95563485385979,-0.794496010161016
"WUE_E_minus_WUE_T","Freshwater",0.383192333711031,"US-A03","1",-0.983658326701032,"WUE_E - WUE_T","Freshwater",-2.43285267554745,0.296208888698666,-3.01342209739684,-1.85228325369807
"WUE_ET_minus_WUE_T","Saline",0.383192333711031,"US-A03","1",-0.983658326701032,"WUE_ET - WUE_T","Saline",-3.10170494875492,0.333236622228977,-3.75484872832372,-2.44856116918613
"WUE_ET_minus_WUE_E","Saline",0.383192333711031,"US-A03","1",-0.983658326701032,"WUE_ET - WUE_E","Saline",-1.3629568648631,0.333236622228976,-2.01610064443189,-0.709813085294305
"WUE_E_minus_WUE_T","Saline",0.383192333711031,"US-A03","1",-0.983658326701032,"WUE_E - WUE_T","Saline",-1.82001713868225,0.333236622228976,-2.47316091825105,-1.16687335911346
"WUE_ET_minus_WUE_T","Upland",0.389047810523759,"US-A03","1",-0.949927104930413,"WUE_ET - WUE_T","Upland",-4.76672215817471,0.246485407173268,-5.24983355623431,-4.2836107601151
"WUE_ET_minus_WUE_E","Upland",0.389047810523759,"US-A03","1",-0.949927104930413,"WUE_ET - WUE_E","Upland",-2.17742234706169,0.246485407173267,-2.66053374512129,-1.69431094900209
"WUE_E_minus_WUE_T","Upland",0.389047810523759,"US-A03","1",-0.949927104930413,"WUE_E - WUE_T","Upland",-2.999974468519,0.246485407173267,-3.48308586657861,-2.5168630704594
"WUE_ET_minus_WUE_T","Freshwater",0.389047810523759,"US-A03","1",-0.949927104930413,"WUE_ET - WUE_T","Freshwater",-2.95943080414648,0.29493254440431,-3.53749859117893,-2.38136301711403
"WUE_ET_minus_WUE_E","Freshwater",0.389047810523759,"US-A03","1",-0.949927104930413,"WUE_ET - WUE_E","Freshwater",-1.44153917503635,0.294932544404309,-2.01960696206879,-0.863471388003902
"WUE_E_minus_WUE_T","Freshwater",0.389047810523759,"US-A03","1",-0.949927104930413,"WUE_E - WUE_T","Freshwater",-2.31607807289114,0.294932544404309,-2.89414585992359,-1.7380102858587
"WUE_ET_minus_WUE_T","Saline",0.389047810523759,"US-A03","1",-0.949927104930413,"WUE_ET - WUE_T","Saline",-3.05241778552709,0.331827401539057,-3.70279949254364,-2.40203607851054
"WUE_ET_minus_WUE_E","Saline",0.389047810523759,"US-A03","1",-0.949927104930413,"WUE_ET - WUE_E","Saline",-1.40559117463001,0.331827401539056,-2.05597288164656,-0.755209467613455
"WUE_E_minus_WUE_T","Saline",0.389047810523759,"US-A03","1",-0.949927104930413,"WUE_E - WUE_T","Saline",-1.72450659862877,0.331827401539056,-2.37488830564532,-1.07412489161222
"WUE_ET_minus_WUE_T","Upland",0.394903287336486,"US-A03","1",-0.916195883159794,"WUE_ET - WUE_T","Upland",-4.69267982329123,0.245503636968639,-5.17386695174976,-4.2114926948327
"WUE_ET_minus_WUE_E","Upland",0.394903287336486,"US-A03","1",-0.916195883159794,"WUE_ET - WUE_E","Upland",-2.25088616048293,0.245503636968638,-2.73207328894146,-1.7696990320244
"WUE_E_minus_WUE_T","Upland",0.394903287336486,"US-A03","1",-0.916195883159794,"WUE_E - WUE_T","Upland",-2.84208725243273,0.245503636968638,-3.32327438089126,-2.3609001239742
"WUE_ET_minus_WUE_T","Freshwater",0.394903287336486,"US-A03","1",-0.916195883159794,"WUE_ET - WUE_T","Freshwater",-2.92121959159247,0.29369936484167,-3.49687034668215,-2.3455688365028
"WUE_ET_minus_WUE_E","Freshwater",0.394903287336486,"US-A03","1",-0.916195883159794,"WUE_ET - WUE_E","Freshwater",-1.50801291806229,0.293699364841669,-2.08366367315197,-0.932362162972623
"WUE_E_minus_WUE_T","Freshwater",0.394903287336486,"US-A03","1",-0.916195883159794,"WUE_E - WUE_T","Freshwater",-2.19930347023483,0.293699364841669,-2.7749542253245,-1.62365271514516
"WUE_ET_minus_WUE_T","Saline",0.394903287336486,"US-A03","1",-0.916195883159794,"WUE_ET - WUE_T","Saline",-3.00313062229926,0.330486444550317,-3.65088405361788,-2.35537719098064
"WUE_ET_minus_WUE_E","Saline",0.394903287336486,"US-A03","1",-0.916195883159794,"WUE_ET - WUE_E","Saline",-1.44822548439691,0.330486444550316,-2.09597891571553,-0.800472053078293
"WUE_E_minus_WUE_T","Saline",0.394903287336486,"US-A03","1",-0.916195883159794,"WUE_E - WUE_T","Saline",-1.62899605857529,0.330486444550316,-2.27674948989391,-0.981242627256666
"WUE_ET_minus_WUE_T","Upland",0.400758764149213,"US-A03","1",-0.882464661389175,"WUE_ET - WUE_T","Upland",-4.61863748840775,0.24455458268142,-5.09796447046333,-4.13931050635217
"WUE_ET_minus_WUE_E","Upland",0.400758764149213,"US-A03","1",-0.882464661389175,"WUE_ET - WUE_E","Upland",-2.32434997390417,0.244554582681418,-2.80367695595975,-1.84502299184859
"WUE_E_minus_WUE_T","Upland",0.400758764149213,"US-A03","1",-0.882464661389175,"WUE_E - WUE_T","Upland",-2.68420003634645,0.244554582681418,-3.16352701840203,-2.20487305429087
"WUE_ET_minus_WUE_T","Freshwater",0.400758764149213,"US-A03","1",-0.882464661389175,"WUE_ET - WUE_T","Freshwater",-2.88300837903846,0.292509895940121,-3.4563277750811,-2.30968898299583
"WUE_ET_minus_WUE_E","Freshwater",0.400758764149213,"US-A03","1",-0.882464661389175,"WUE_ET - WUE_E","Freshwater",-1.57448666108824,0.292509895940119,-2.14780605713087,-1.00116726504561
"WUE_E_minus_WUE_T","Freshwater",0.400758764149213,"US-A03","1",-0.882464661389175,"WUE_E - WUE_T","Freshwater",-2.08252886757852,0.292509895940119,-2.65584826362115,-1.50920947153588
"WUE_ET_minus_WUE_T","Saline",0.400758764149213,"US-A03","1",-0.882464661389175,"WUE_ET - WUE_T","Saline",-2.95384345907143,0.329214585419023,-3.59910404649272,-2.30858287165015
"WUE_ET_minus_WUE_E","Saline",0.400758764149213,"US-A03","1",-0.882464661389175,"WUE_ET - WUE_E","Saline",-1.49085979416382,0.329214585419023,-2.13612038158511,-0.845599206742537
"WUE_E_minus_WUE_T","Saline",0.400758764149213,"US-A03","1",-0.882464661389175,"WUE_E - WUE_T","Saline",-1.5334855185218,0.329214585419023,-2.17874610594309,-0.888224931100517
"WUE_ET_minus_WUE_T","Upland",0.406614240961941,"US-A03","1",-0.848733439618556,"WUE_ET - WUE_T","Upland",-4.54459515352427,0.243638626630372,-5.0221268617198,-4.06706344532874
"WUE_ET_minus_WUE_E","Upland",0.406614240961941,"US-A03","1",-0.848733439618556,"WUE_ET - WUE_E","Upland",-2.3978137873254,0.243638626630371,-2.87534549552093,-1.92028207912988
"WUE_E_minus_WUE_T","Upland",0.406614240961941,"US-A03","1",-0.848733439618556,"WUE_E - WUE_T","Upland",-2.52631282026017,0.243638626630371,-3.0038445284557,-2.04878111206464
"WUE_ET_minus_WUE_T","Freshwater",0.406614240961941,"US-A03","1",-0.848733439618556,"WUE_ET - WUE_T","Freshwater",-2.84479716648445,0.291364673034154,-3.4158719256314,-2.27372240733751
"WUE_ET_minus_WUE_E","Freshwater",0.406614240961941,"US-A03","1",-0.848733439618556,"WUE_ET - WUE_E","Freshwater",-1.64096040411419,0.291364673034152,-2.21203516326112,-1.06988564496725
"WUE_E_minus_WUE_T","Freshwater",0.406614240961941,"US-A03","1",-0.848733439618556,"WUE_E - WUE_T","Freshwater",-1.96575426492221,0.291364673034152,-2.53682902406914,-1.39467950577527
"WUE_ET_minus_WUE_T","Saline",0.406614240961941,"US-A03","1",-0.848733439618556,"WUE_ET - WUE_T","Saline",-2.9045562958436,0.328012627920773,-3.54746104656832,-2.26165154511889
"WUE_ET_minus_WUE_E","Saline",0.406614240961941,"US-A03","1",-0.848733439618556,"WUE_ET - WUE_E","Saline",-1.53349410393073,0.328012627920773,-2.17639885465544,-0.890589353206015
"WUE_E_minus_WUE_T","Saline",0.406614240961941,"US-A03","1",-0.848733439618556,"WUE_E - WUE_T","Saline",-1.43797497846832,0.328012627920773,-2.08087972919303,-0.795070227743604
"WUE_ET_minus_WUE_T","Upland",0.412469717774668,"US-A03","1",-0.815002217847936,"WUE_ET - WUE_T","Upland",-4.47055281864079,0.242756143469905,-4.9463548598418,-3.99475077743977
"WUE_ET_minus_WUE_E","Upland",0.412469717774668,"US-A03","1",-0.815002217847936,"WUE_ET - WUE_E","Upland",-2.47127760074664,0.242756143469904,-2.94707964194765,-1.99547555954563
"WUE_E_minus_WUE_T","Upland",0.412469717774668,"US-A03","1",-0.815002217847936,"WUE_E - WUE_T","Upland",-2.36842560417389,0.242756143469904,-2.8442276453749,-1.89262356297288
"WUE_ET_minus_WUE_T","Freshwater",0.412469717774668,"US-A03","1",-0.815002217847936,"WUE_ET - WUE_T","Freshwater",-2.80658595393044,0.290264219835304,-3.37550382480764,-2.23766808305325
"WUE_ET_minus_WUE_E","Freshwater",0.412469717774668,"US-A03","1",-0.815002217847936,"WUE_ET - WUE_E","Freshwater",-1.70743414714013,0.290264219835303,-2.27635201801733,-1.13851627626294
"WUE_E_minus_WUE_T","Freshwater",0.412469717774668,"US-A03","1",-0.815002217847936,"WUE_E - WUE_T","Freshwater",-1.84897966226589,0.290264219835303,-2.41789753314309,-1.2800617913887
"WUE_ET_minus_WUE_T","Saline",0.412469717774668,"US-A03","1",-0.815002217847936,"WUE_ET - WUE_T","Saline",-2.85526913261577,0.326881343150884,-3.4959565651915,-2.21458170004004
"WUE_ET_minus_WUE_E","Saline",0.412469717774668,"US-A03","1",-0.815002217847936,"WUE_ET - WUE_E","Saline",-1.57612841369764,0.326881343150884,-2.21681584627337,-0.935440981121904
"WUE_E_minus_WUE_T","Saline",0.412469717774668,"US-A03","1",-0.815002217847936,"WUE_E - WUE_T","Saline",-1.34246443841483,0.326881343150884,-1.98315187099057,-0.7017770058391
"WUE_ET_minus_WUE_T","Upland",0.418325194587395,"US-A03","1",-0.781270996077317,"WUE_ET - WUE_T","Upland",-4.39651048375731,0.241907499529521,-4.87064918283517,-3.92237178467945
"WUE_ET_minus_WUE_E","Upland",0.418325194587395,"US-A03","1",-0.781270996077317,"WUE_ET - WUE_E","Upland",-2.54474141416788,0.241907499529519,-3.01888011324574,-2.07060271509002
"WUE_E_minus_WUE_T","Upland",0.418325194587395,"US-A03","1",-0.781270996077317,"WUE_E - WUE_T","Upland",-2.21053838808762,0.241907499529519,-2.68467708716547,-1.73639968900976
"WUE_ET_minus_WUE_T","Freshwater",0.418325194587395,"US-A03","1",-0.781270996077317,"WUE_ET - WUE_T","Freshwater",-2.76837474137644,0.289209047396163,-3.33522447427292,-2.20152500847996
"WUE_ET_minus_WUE_E","Freshwater",0.418325194587395,"US-A03","1",-0.781270996077317,"WUE_ET - WUE_E","Freshwater",-1.77390789016608,0.289209047396161,-2.34075762306256,-1.2070581572696
"WUE_E_minus_WUE_T","Freshwater",0.418325194587395,"US-A03","1",-0.781270996077317,"WUE_E - WUE_T","Freshwater",-1.73220505960958,0.289209047396161,-2.29905479250606,-1.16535532671311
"WUE_ET_minus_WUE_T","Saline",0.418325194587395,"US-A03","1",-0.781270996077317,"WUE_ET - WUE_T","Saline",-2.80598196938794,0.325821467258564,-3.44459204521473,-2.16737189356116
"WUE_ET_minus_WUE_E","Saline",0.418325194587395,"US-A03","1",-0.781270996077317,"WUE_ET - WUE_E","Saline",-1.61876272346454,0.325821467258564,-2.25737279929133,-0.98015264763776
"WUE_E_minus_WUE_T","Saline",0.418325194587395,"US-A03","1",-0.781270996077317,"WUE_E - WUE_T","Saline",-1.24695389836135,0.325821467258564,-1.88556397418813,-0.608343822534564
"WUE_ET_minus_WUE_T","Upland",0.424180671400123,"US-A03","1",-0.747539774306698,"WUE_ET - WUE_T","Upland",-4.32246814887383,0.241093052150131,-4.79501053108809,-3.84992576665957
"WUE_ET_minus_WUE_E","Upland",0.424180671400123,"US-A03","1",-0.747539774306698,"WUE_ET - WUE_E","Upland",-2.61820522758912,0.241093052150129,-3.09074760980337,-2.14566284537487
"WUE_E_minus_WUE_T","Upland",0.424180671400123,"US-A03","1",-0.747539774306698,"WUE_E - WUE_T","Upland",-2.05265117200134,0.241093052150129,-2.52519355421559,-1.58010878978708
"WUE_ET_minus_WUE_T","Freshwater",0.424180671400123,"US-A03","1",-0.747539774306698,"WUE_ET - WUE_T","Freshwater",-2.73016352882243,0.28819965307039,-3.29503484884039,-2.16529220880446
"WUE_ET_minus_WUE_E","Freshwater",0.424180671400123,"US-A03","1",-0.747539774306698,"WUE_ET - WUE_E","Freshwater",-1.84038163319203,0.288199653070388,-2.40525295320999,-1.27551031317407
"WUE_E_minus_WUE_T","Freshwater",0.424180671400123,"US-A03","1",-0.747539774306698,"WUE_E - WUE_T","Freshwater",-1.61543045695327,0.288199653070388,-2.18030177697123,-1.05055913693531
"WUE_ET_minus_WUE_T","Saline",0.424180671400123,"US-A03","1",-0.747539774306698,"WUE_ET - WUE_T","Saline",-2.75669480616011,0.324833699228826,-3.39336885664861,-2.12002075567161
"WUE_ET_minus_WUE_E","Saline",0.424180671400123,"US-A03","1",-0.747539774306698,"WUE_ET - WUE_E","Saline",-1.66139703323145,0.324833699228825,-2.29807108371995,-1.02472298274295
"WUE_E_minus_WUE_T","Saline",0.424180671400123,"US-A03","1",-0.747539774306698,"WUE_E - WUE_T","Saline",-1.15144335830786,0.324833699228825,-1.78811740879636,-0.514769307819365
"WUE_ET_minus_WUE_T","Upland",0.43003614821285,"US-A03","1",-0.713808552536079,"WUE_ET - WUE_T","Upland",-4.24842581399035,0.240313149019572,-4.71943958606871,-3.77741204191199
"WUE_ET_minus_WUE_E","Upland",0.43003614821285,"US-A03","1",-0.713808552536079,"WUE_ET - WUE_E","Upland",-2.69166904101036,0.24031314901957,-3.16268281308872,-2.220655268932
"WUE_E_minus_WUE_T","Upland",0.43003614821285,"US-A03","1",-0.713808552536079,"WUE_E - WUE_T","Upland",-1.89476395591506,0.24031314901957,-2.36577772799342,-1.4237501838367
"WUE_ET_minus_WUE_T","Freshwater",0.43003614821285,"US-A03","1",-0.713808552536079,"WUE_ET - WUE_T","Freshwater",-2.69195231626842,0.287236519472873,-3.25493589443525,-2.12896873810159
"WUE_ET_minus_WUE_E","Freshwater",0.43003614821285,"US-A03","1",-0.713808552536079,"WUE_ET - WUE_E","Freshwater",-1.90685537621797,0.287236519472871,-2.4698389543848,-1.34387179805115
"WUE_E_minus_WUE_T","Freshwater",0.43003614821285,"US-A03","1",-0.713808552536079,"WUE_E - WUE_T","Freshwater",-1.49865585429696,0.287236519472871,-2.06163943246378,-0.935672276130129
"WUE_ET_minus_WUE_T","Saline",0.43003614821285,"US-A03","1",-0.713808552536079,"WUE_ET - WUE_T","Saline",-2.70740764293228,0.323918698726402,-3.34228829243603,-2.07252699342853
"WUE_ET_minus_WUE_E","Saline",0.43003614821285,"US-A03","1",-0.713808552536079,"WUE_ET - WUE_E","Saline",-1.70403134299836,0.323918698726402,-2.33891199250211,-1.06915069349461
"WUE_E_minus_WUE_T","Saline",0.43003614821285,"US-A03","1",-0.713808552536079,"WUE_E - WUE_T","Saline",-1.05593281825438,0.323918698726402,-1.69081346775813,-0.421052168750632
"WUE_ET_minus_WUE_T","Upland",0.435891625025578,"US-A03","1",-0.680077330765459,"WUE_ET - WUE_T","Upland",-4.17438347910687,0.239568127509768,-4.64393700902601,-3.70482994918772
"WUE_ET_minus_WUE_E","Upland",0.435891625025578,"US-A03","1",-0.680077330765459,"WUE_ET - WUE_E","Upland",-2.7651328544316,0.239568127509767,-3.23468638435074,-2.29557932451245
"WUE_E_minus_WUE_T","Upland",0.435891625025578,"US-A03","1",-0.680077330765459,"WUE_E - WUE_T","Upland",-1.73687673982878,0.239568127509767,-2.20643026974793,-1.26732320990964
"WUE_ET_minus_WUE_T","Freshwater",0.435891625025578,"US-A03","1",-0.680077330765459,"WUE_ET - WUE_T","Freshwater",-2.65374110371441,0.286320113444352,-3.21492852606534,-2.09255368136348
"WUE_ET_minus_WUE_E","Freshwater",0.435891625025578,"US-A03","1",-0.680077330765459,"WUE_ET - WUE_E","Freshwater",-1.97332911924392,0.28632011344435,-2.53451654159485,-1.41214169689299
"WUE_E_minus_WUE_T","Freshwater",0.435891625025578,"US-A03","1",-0.680077330765459,"WUE_E - WUE_T","Freshwater",-1.38188125164065,0.28632011344435,-1.94306867399157,-0.820693829289719
"WUE_ET_minus_WUE_T","Saline",0.435891625025578,"US-A03","1",-0.680077330765459,"WUE_ET - WUE_T","Saline",-2.65812047970445,0.323077084016014,-3.29135156437584,-2.02488939503306
"WUE_ET_minus_WUE_E","Saline",0.435891625025578,"US-A03","1",-0.680077330765459,"WUE_ET - WUE_E","Saline",-1.74666565276527,0.323077084016014,-2.37989673743666,-1.11343456809388
"WUE_E_minus_WUE_T","Saline",0.435891625025578,"US-A03","1",-0.680077330765459,"WUE_E - WUE_T","Saline",-0.960422278200895,0.323077084016014,-1.59365336287228,-0.327191193529508
"WUE_ET_minus_WUE_T","Upland",0.441747101838305,"US-A03","1",-0.64634610899484,"WUE_ET - WUE_T","Upland",-4.10034114422339,0.238858314018095,-4.56850343969886,-3.63217884874792
"WUE_ET_minus_WUE_E","Upland",0.441747101838305,"US-A03","1",-0.64634610899484,"WUE_ET - WUE_E","Upland",-2.83859666785284,0.238858314018094,-3.3067589633283,-2.37043437237737
"WUE_E_minus_WUE_T","Upland",0.441747101838305,"US-A03","1",-0.64634610899484,"WUE_E - WUE_T","Upland",-1.57898952374251,0.238858314018094,-2.04715181921797,-1.11082722826704
"WUE_ET_minus_WUE_T","Freshwater",0.441747101838305,"US-A03","1",-0.64634610899484,"WUE_ET - WUE_T","Freshwater",-2.6155298911604,0.285450885025046,-3.17501362580949,-2.05604615651131
"WUE_ET_minus_WUE_E","Freshwater",0.441747101838305,"US-A03","1",-0.64634610899484,"WUE_ET - WUE_E","Freshwater",-2.03980286226987,0.285450885025044,-2.59928659691895,-1.48031912762078
"WUE_E_minus_WUE_T","Freshwater",0.441747101838305,"US-A03","1",-0.64634610899484,"WUE_E - WUE_T","Freshwater",-1.26510664898433,0.285450885025044,-1.82459038363342,-0.705622914335247
"WUE_ET_minus_WUE_T","Saline",0.441747101838305,"US-A03","1",-0.64634610899484,"WUE_ET - WUE_T","Saline",-2.60883331647662,0.322309429973338,-3.24055979922436,-1.97710683372888
"WUE_ET_minus_WUE_E","Saline",0.441747101838305,"US-A03","1",-0.64634610899484,"WUE_ET - WUE_E","Saline",-1.78929996253218,0.322309429973337,-2.42102644527992,-1.15757347978444
"WUE_E_minus_WUE_T","Saline",0.441747101838305,"US-A03","1",-0.64634610899484,"WUE_E - WUE_T","Saline",-0.864911738147411,0.322309429973337,-1.49663822089515,-0.23318525539967
"WUE_ET_minus_WUE_T","Upland",0.447602578651032,"US-A03","1",-0.612614887224221,"WUE_ET - WUE_T","Upland",-4.02629880933991,0.238184023315575,-4.49313949503844,-3.55945812364138
"WUE_ET_minus_WUE_E","Upland",0.447602578651032,"US-A03","1",-0.612614887224221,"WUE_ET - WUE_E","Upland",-2.91206048127407,0.238184023315573,-3.3789011669726,-2.44521979557555
"WUE_E_minus_WUE_T","Upland",0.447602578651032,"US-A03","1",-0.612614887224221,"WUE_E - WUE_T","Upland",-1.42110230765623,0.238184023315573,-1.88794299335475,-0.954261621957705
"WUE_ET_minus_WUE_T","Freshwater",0.447602578651032,"US-A03","1",-0.612614887224221,"WUE_ET - WUE_T","Freshwater",-2.57731867860639,0.284629266441941,-3.13519204083259,-2.01944531638019
"WUE_ET_minus_WUE_E","Freshwater",0.447602578651032,"US-A03","1",-0.612614887224221,"WUE_ET - WUE_E","Freshwater",-2.10627660529581,0.284629266441939,-2.66414996752201,-1.54840324306961
"WUE_E_minus_WUE_T","Freshwater",0.447602578651032,"US-A03","1",-0.612614887224221,"WUE_E - WUE_T","Freshwater",-1.14833204632802,0.284629266441939,-1.70620540855422,-0.590458684101822
"WUE_ET_minus_WUE_T","Saline",0.447602578651032,"US-A03","1",-0.612614887224221,"WUE_ET - WUE_T","Saline",-2.55954615324879,0.321616266200807,-3.18991403500237,-1.92917827149521
"WUE_ET_minus_WUE_E","Saline",0.447602578651032,"US-A03","1",-0.612614887224221,"WUE_ET - WUE_E","Saline",-1.83193427229908,0.321616266200806,-2.46230215405266,-1.2015663905455
"WUE_E_minus_WUE_T","Saline",0.447602578651032,"US-A03","1",-0.612614887224221,"WUE_E - WUE_T","Saline",-0.769401198093927,0.321616266200806,-1.39976907984751,-0.139033316340347
"WUE_ET_minus_WUE_T","Upland",0.45345805546376,"US-A03","1",-0.578883665453602,"WUE_ET - WUE_T","Upland",-3.95225647445643,0.237545557904622,-4.41784576794949,-3.48666718096337
"WUE_ET_minus_WUE_E","Upland",0.45345805546376,"US-A03","1",-0.578883665453602,"WUE_ET - WUE_E","Upland",-2.98552429469531,0.23754555790462,-3.45111358818837,-2.51993500120226
"WUE_E_minus_WUE_T","Upland",0.45345805546376,"US-A03","1",-0.578883665453602,"WUE_E - WUE_T","Upland",-1.26321509156995,0.23754555790462,-1.72880438506301,-0.797625798076896
"WUE_ET_minus_WUE_T","Freshwater",0.45345805546376,"US-A03","1",-0.578883665453602,"WUE_ET - WUE_T","Freshwater",-2.53910746605238,0.283855671114515,-3.09546458143683,-1.98275035066793
"WUE_ET_minus_WUE_E","Freshwater",0.45345805546376,"US-A03","1",-0.578883665453602,"WUE_ET - WUE_E","Freshwater",-2.17275034832176,0.283855671114514,-2.72910746370621,-1.61639323293731
"WUE_E_minus_WUE_T","Freshwater",0.45345805546376,"US-A03","1",-0.578883665453602,"WUE_E - WUE_T","Freshwater",-1.03155744367171,0.283855671114514,-1.58791455905616,-0.475200328287264
"WUE_ET_minus_WUE_T","Saline",0.45345805546376,"US-A03","1",-0.578883665453602,"WUE_ET - WUE_T","Saline",-2.51025899002096,0.320998075262019,-3.13941521753452,-1.8811027625074
"WUE_ET_minus_WUE_E","Saline",0.45345805546376,"US-A03","1",-0.578883665453602,"WUE_ET - WUE_E","Saline",-1.87456858206599,0.320998075262018,-2.50372480957955,-1.24541235455244
"WUE_E_minus_WUE_T","Saline",0.45345805546376,"US-A03","1",-0.578883665453602,"WUE_E - WUE_T","Saline",-0.673890658040443,0.320998075262018,-1.303046885554,-0.0447344305268879
"WUE_ET_minus_WUE_T","Upland",0.459313532276487,"US-A03","1",-0.545152443682983,"WUE_ET - WUE_T","Upland",-3.87821413957295,0.236943207389109,-4.3426228260556,-3.4138054530903
"WUE_ET_minus_WUE_E","Upland",0.459313532276487,"US-A03","1",-0.545152443682983,"WUE_ET - WUE_E","Upland",-3.05898810811655,0.236943207389108,-3.5233967945992,-2.5945794216339
"WUE_E_minus_WUE_T","Upland",0.459313532276487,"US-A03","1",-0.545152443682983,"WUE_E - WUE_T","Upland",-1.10532787548367,0.236943207389108,-1.56973656196633,-0.640919189001024
"WUE_ET_minus_WUE_T","Freshwater",0.459313532276487,"US-A03","1",-0.545152443682983,"WUE_ET - WUE_T","Freshwater",-2.50089625349837,0.283130492683791,-3.0558320191586,-1.94596048783814
"WUE_ET_minus_WUE_E","Freshwater",0.459313532276487,"US-A03","1",-0.545152443682983,"WUE_ET - WUE_E","Freshwater",-2.2392240913477,0.283130492683789,-2.79415985700793,-1.68428832568748
"WUE_E_minus_WUE_T","Freshwater",0.459313532276487,"US-A03","1",-0.545152443682983,"WUE_E - WUE_T","Freshwater",-0.914782841015399,0.283130492683789,-1.46971860667562,-0.359847075355173
"WUE_ET_minus_WUE_T","Saline",0.459313532276487,"US-A03","1",-0.545152443682983,"WUE_ET - WUE_T","Saline",-2.46097182679313,0.320455291047996,-3.0890641972472,-1.83287945633906
"WUE_ET_minus_WUE_E","Saline",0.459313532276487,"US-A03","1",-0.545152443682983,"WUE_ET - WUE_E","Saline",-1.9172028918329,0.320455291047995,-2.54529526228697,-1.28911052137883
"WUE_E_minus_WUE_T","Saline",0.459313532276487,"US-A03","1",-0.545152443682983,"WUE_E - WUE_T","Saline",-0.578380117986958,0.320455291047995,-1.20647248844103,0.0497122524671122
"WUE_ET_minus_WUE_T","Upland",0.465169009089214,"US-A03","1",-0.511421221912364,"WUE_ET - WUE_T","Upland",-3.80417180468947,0.23637724785955,-4.26747121049419,-3.34087239888475
"WUE_ET_minus_WUE_E","Upland",0.465169009089214,"US-A03","1",-0.511421221912364,"WUE_ET - WUE_E","Upland",-3.13245192153779,0.236377247859549,-3.5957513273425,-2.66915251573307
"WUE_E_minus_WUE_T","Upland",0.465169009089214,"US-A03","1",-0.511421221912364,"WUE_E - WUE_T","Upland",-0.947440659397397,0.236377247859549,-1.41074006520211,-0.484141253592681
"WUE_ET_minus_WUE_T","Freshwater",0.465169009089214,"US-A03","1",-0.511421221912364,"WUE_ET - WUE_T","Freshwater",-2.46268504094436,0.282454104069598,-3.01629508492078,-1.90907499696795
"WUE_ET_minus_WUE_E","Freshwater",0.465169009089214,"US-A03","1",-0.511421221912364,"WUE_ET - WUE_E","Freshwater",-2.30569783437365,0.282454104069596,-2.85930787835006,-1.75208779039724
"WUE_E_minus_WUE_T","Freshwater",0.465169009089214,"US-A03","1",-0.511421221912364,"WUE_E - WUE_T","Freshwater",-0.798008238359087,0.282454104069596,-1.3516182823355,-0.244398194382678
"WUE_ET_minus_WUE_T","Saline",0.465169009089214,"US-A03","1",-0.511421221912364,"WUE_ET - WUE_T","Saline",-2.4116846635653,0.319988297287812,-3.03886172624941,-1.78450760088119
"WUE_ET_minus_WUE_E","Saline",0.465169009089214,"US-A03","1",-0.511421221912364,"WUE_ET - WUE_E","Saline",-1.95983720159981,0.319988297287811,-2.58701426428392,-1.3326601389157
"WUE_E_minus_WUE_T","Saline",0.465169009089214,"US-A03","1",-0.511421221912364,"WUE_E - WUE_T","Saline",-0.482869577933475,0.319988297287811,-1.11004664061759,0.144307484750635
"WUE_ET_minus_WUE_T","Upland",0.471024485901942,"US-A03","1",-0.477690000141745,"WUE_ET - WUE_T","Upland",-3.73012946980599,0.235847941296228,-4.1923914347466,-3.26786750486538
"WUE_ET_minus_WUE_E","Upland",0.471024485901942,"US-A03","1",-0.477690000141745,"WUE_ET - WUE_E","Upland",-3.20591573495903,0.235847941296227,-3.66817769989963,-2.74365377001842
"WUE_E_minus_WUE_T","Upland",0.471024485901942,"US-A03","1",-0.477690000141745,"WUE_E - WUE_T","Upland",-0.78955344331112,0.235847941296227,-1.25181540825172,-0.327291478370516
"WUE_ET_minus_WUE_T","Freshwater",0.471024485901942,"US-A03","1",-0.477690000141745,"WUE_ET - WUE_T","Freshwater",-2.42447382839035,0.281826856560996,-2.97685446724991,-1.8720931895308
"WUE_ET_minus_WUE_E","Freshwater",0.471024485901942,"US-A03","1",-0.477690000141745,"WUE_ET - WUE_E","Freshwater",-2.3721715773996,0.281826856560994,-2.92455221625915,-1.81979093854005
"WUE_E_minus_WUE_T","Freshwater",0.471024485901942,"US-A03","1",-0.477690000141745,"WUE_E - WUE_T","Freshwater",-0.681233635702776,0.281826856560994,-1.23361427456232,-0.128852996843227
"WUE_ET_minus_WUE_T","Saline",0.471024485901942,"US-A03","1",-0.477690000141745,"WUE_ET - WUE_T","Saline",-2.36239750033747,0.319597426215252,-2.98880845571936,-1.73598654495558
"WUE_ET_minus_WUE_E","Saline",0.471024485901942,"US-A03","1",-0.477690000141745,"WUE_ET - WUE_E","Saline",-2.00247151136672,0.319597426215251,-2.62888246674861,-1.37606055598482
"WUE_E_minus_WUE_T","Saline",0.471024485901942,"US-A03","1",-0.477690000141745,"WUE_E - WUE_T","Saline",-0.387359037879991,0.319597426215251,-1.01376999326188,0.239051917501901
"WUE_ET_minus_WUE_T","Upland",0.476879962714669,"US-A03","1",-0.443958778371126,"WUE_ET - WUE_T","Upland",-3.65608713492251,0.235355534993081,-4.11738398350895,-3.19479028633607
"WUE_ET_minus_WUE_E","Upland",0.476879962714669,"US-A03","1",-0.443958778371126,"WUE_ET - WUE_E","Upland",-3.27937954838027,0.235355534993079,-3.7406763969667,-2.81808269979383
"WUE_E_minus_WUE_T","Upland",0.476879962714669,"US-A03","1",-0.443958778371126,"WUE_E - WUE_T","Upland",-0.631666227224843,0.235355534993079,-1.09296307581128,-0.170369378638407
"WUE_ET_minus_WUE_T","Freshwater",0.476879962714669,"US-A03","1",-0.443958778371126,"WUE_ET - WUE_T","Freshwater",-2.38626261583635,0.281249078944705,-2.93751081056797,-1.83501442110472
"WUE_ET_minus_WUE_E","Freshwater",0.476879962714669,"US-A03","1",-0.443958778371126,"WUE_ET - WUE_E","Freshwater",-2.43864532042554,0.281249078944703,-2.98989351515716,-1.88739712569393
"WUE_E_minus_WUE_T","Freshwater",0.476879962714669,"US-A03","1",-0.443958778371126,"WUE_E - WUE_T","Freshwater",-0.564459033046464,0.281249078944703,-1.11570722777808,-0.013210838314846
"WUE_ET_minus_WUE_T","Saline",0.476879962714669,"US-A03","1",-0.443958778371126,"WUE_ET - WUE_T","Saline",-2.31311033710964,0.319282957402107,-2.93890493361777,-1.68731574060151
"WUE_ET_minus_WUE_E","Saline",0.476879962714669,"US-A03","1",-0.443958778371126,"WUE_ET - WUE_E","Saline",-2.04510582113362,0.319282957402107,-2.67090041764175,-1.41931122462549
"WUE_E_minus_WUE_T","Saline",0.476879962714669,"US-A03","1",-0.443958778371126,"WUE_E - WUE_T","Saline",-0.291848497826506,0.319282957402107,-0.917643094334635,0.333946098681623
"WUE_ET_minus_WUE_T","Upland",0.482735439527397,"US-A03","1",-0.410227556600506,"WUE_ET - WUE_T","Upland",-3.58204480003903,0.234900261005147,-4.04244931160912,-3.12164028846894
"WUE_ET_minus_WUE_E","Upland",0.482735439527397,"US-A03","1",-0.410227556600506,"WUE_ET - WUE_E","Upland",-3.3528433618015,0.234900261005146,-3.81324787337159,-2.89243885023142
"WUE_E_minus_WUE_T","Upland",0.482735439527397,"US-A03","1",-0.410227556600506,"WUE_E - WUE_T","Upland",-0.473779011138563,0.234900261005146,-0.934183522708649,-0.0133744995684776
"WUE_ET_minus_WUE_T","Freshwater",0.482735439527397,"US-A03","1",-0.410227556600506,"WUE_ET - WUE_T","Freshwater",-2.34805140328234,0.280721076676363,-2.89826471356801,-1.79783809299666
"WUE_ET_minus_WUE_E","Freshwater",0.482735439527397,"US-A03","1",-0.410227556600506,"WUE_ET - WUE_E","Freshwater",-2.50511906345149,0.280721076676361,-3.05533237373716,-1.95490575316582
"WUE_E_minus_WUE_T","Freshwater",0.482735439527397,"US-A03","1",-0.410227556600506,"WUE_E - WUE_T","Freshwater",-0.44768443039015,0.280721076676361,-0.997897740675818,0.102528879895518
"WUE_ET_minus_WUE_T","Saline",0.482735439527397,"US-A03","1",-0.410227556600506,"WUE_ET - WUE_T","Saline",-2.26382317388181,0.319045116767552,-2.88915160274621,-1.63849474501741
"WUE_ET_minus_WUE_E","Saline",0.482735439527397,"US-A03","1",-0.410227556600506,"WUE_ET - WUE_E","Saline",-2.08774013090053,0.319045116767551,-2.71306855976493,-1.46241170203613
"WUE_E_minus_WUE_T","Saline",0.482735439527397,"US-A03","1",-0.410227556600506,"WUE_E - WUE_T","Saline",-0.19633795777302,0.319045116767551,-0.821666386637421,0.428990471091381
"WUE_ET_minus_WUE_T","Upland",0.488590916340124,"US-A03","1",-0.376496334829887,"WUE_ET - WUE_T","Upland",-3.50800246515555,0.234482335622302,-3.96758784297526,-3.04841708733584
"WUE_ET_minus_WUE_E","Upland",0.488590916340124,"US-A03","1",-0.376496334829887,"WUE_ET - WUE_E","Upland",-3.42630717522274,0.2344823356223,-3.88589255304245,-2.96672179740303
"WUE_E_minus_WUE_T","Upland",0.488590916340124,"US-A03","1",-0.376496334829887,"WUE_E - WUE_T","Upland",-0.315891795052286,0.2344823356223,-0.775477172871995,0.143693582767423
"WUE_ET_minus_WUE_T","Freshwater",0.488590916340124,"US-A03","1",-0.376496334829887,"WUE_ET - WUE_T","Freshwater",-2.30984019072833,0.280243131099279,-2.85911672768291,-1.76056365377374
"WUE_ET_minus_WUE_E","Freshwater",0.488590916340124,"US-A03","1",-0.376496334829887,"WUE_ET - WUE_E","Freshwater",-2.57159280647744,0.280243131099278,-3.12086934343202,-2.02231626952285
"WUE_E_minus_WUE_T","Freshwater",0.488590916340124,"US-A03","1",-0.376496334829887,"WUE_E - WUE_T","Freshwater",-0.330909827733839,0.280243131099278,-0.880186364688423,0.218366709220745
"WUE_ET_minus_WUE_T","Saline",0.488590916340124,"US-A03","1",-0.376496334829887,"WUE_ET - WUE_T","Saline",-2.21453601065398,0.318884075771696,-2.8395487991665,-1.58952322214146
"WUE_ET_minus_WUE_E","Saline",0.488590916340124,"US-A03","1",-0.376496334829887,"WUE_ET - WUE_E","Saline",-2.13037444066744,0.318884075771695,-2.75538722917996,-1.50536165215492
"WUE_E_minus_WUE_T","Saline",0.488590916340124,"US-A03","1",-0.376496334829887,"WUE_E - WUE_T","Saline",-0.100827417719536,0.318884075771695,-0.725840206232059,0.524185370792986
"WUE_ET_minus_WUE_T","Upland",0.494446393152851,"US-A03","1",-0.342765113059268,"WUE_ET - WUE_T","Upland",-3.43396013027207,0.234101958871963,-3.89279996966112,-2.97512029088302
"WUE_ET_minus_WUE_E","Upland",0.494446393152851,"US-A03","1",-0.342765113059268,"WUE_ET - WUE_E","Upland",-3.49977098864398,0.234101958871961,-3.95861082803303,-3.04093114925494
"WUE_E_minus_WUE_T","Upland",0.494446393152851,"US-A03","1",-0.342765113059268,"WUE_E - WUE_T","Upland",-0.158004578966009,0.234101958871961,-0.616844418355053,0.300835260423035
"WUE_ET_minus_WUE_T","Freshwater",0.494446393152851,"US-A03","1",-0.342765113059268,"WUE_ET - WUE_T","Freshwater",-2.27162897817432,0.279815498715169,-2.82006735565605,-1.72319060069259
"WUE_ET_minus_WUE_E","Freshwater",0.494446393152851,"US-A03","1",-0.342765113059268,"WUE_ET - WUE_E","Freshwater",-2.63806654950338,0.279815498715167,-3.18650492698511,-2.08962817202166
"WUE_E_minus_WUE_T","Freshwater",0.494446393152851,"US-A03","1",-0.342765113059268,"WUE_E - WUE_T","Freshwater",-0.214135225077527,0.279815498715167,-0.762573602559255,0.3343031524042
"WUE_ET_minus_WUE_T","Saline",0.494446393152851,"US-A03","1",-0.342765113059268,"WUE_ET - WUE_T","Saline",-2.16524884742615,0.318799950799994,-2.79009675099414,-1.54040094385816
"WUE_ET_minus_WUE_E","Saline",0.494446393152851,"US-A03","1",-0.342765113059268,"WUE_ET - WUE_E","Saline",-2.17300875043435,0.318799950799994,-2.79785665400234,-1.54816084686636
"WUE_E_minus_WUE_T","Saline",0.494446393152851,"US-A03","1",-0.342765113059268,"WUE_E - WUE_T","Saline",-0.00531687766605238,0.318799950799994,-0.63016478123404,0.619531025901935
"WUE_ET_minus_WUE_T","Upland",0.500301869965579,"US-A03","1",-0.309033891288648,"WUE_ET - WUE_T","Upland",-3.35991779538859,0.233759314053338,-3.81808605093313,-2.90174953984405
"WUE_ET_minus_WUE_E","Upland",0.500301869965579,"US-A03","1",-0.309033891288648,"WUE_ET - WUE_E","Upland",-3.57323480206522,0.233759314053336,-4.03140305760976,-3.11506654652068
"WUE_E_minus_WUE_T","Upland",0.500301869965579,"US-A03","1",-0.309033891288648,"WUE_E - WUE_T","Upland",-0.000117362879731742,0.233759314053336,-0.45828561842427,0.458050892664807
"WUE_ET_minus_WUE_T","Freshwater",0.500301869965579,"US-A03","1",-0.309033891288648,"WUE_ET - WUE_T","Freshwater",-2.23341776562031,0.279438410511169,-2.7811170502222,-1.68571848101842
"WUE_ET_minus_WUE_E","Freshwater",0.500301869965579,"US-A03","1",-0.309033891288648,"WUE_ET - WUE_E","Freshwater",-2.70454029252933,0.279438410511167,-3.25223957713122,-2.15684100792744
"WUE_E_minus_WUE_T","Freshwater",0.500301869965579,"US-A03","1",-0.309033891288648,"WUE_E - WUE_T","Freshwater",-0.0973606224212156,0.279438410511167,-0.645059907023104,0.450338662180673
"WUE_ET_minus_WUE_T","Saline",0.500301869965579,"US-A03","1",-0.309033891288648,"WUE_ET - WUE_T","Saline",-2.11596168419832,0.31879280274365,-2.74079557757587,-1.49112779082077
"WUE_ET_minus_WUE_E","Saline",0.500301869965579,"US-A03","1",-0.309033891288648,"WUE_ET - WUE_E","Saline",-2.21564306020125,0.318792802743649,-2.84047695357881,-1.5908091668237
"WUE_E_minus_WUE_T","Saline",0.500301869965579,"US-A03","1",-0.309033891288648,"WUE_E - WUE_T","Saline",0.0901936623874326,0.318792802743649,-0.53464023099012,0.715027555764985
"WUE_ET_minus_WUE_T","Upland",0.506157346778306,"US-A03","1",-0.275302669518029,"WUE_ET - WUE_T","Upland",-3.28587546050511,0.233454567305676,-3.74344641242423,-2.82830450858598
"WUE_ET_minus_WUE_E","Upland",0.506157346778306,"US-A03","1",-0.275302669518029,"WUE_ET - WUE_E","Upland",-3.64669861548646,0.233454567305674,-4.10426956740558,-3.18912766356734
"WUE_E_minus_WUE_T","Upland",0.506157346778306,"US-A03","1",-0.275302669518029,"WUE_E - WUE_T","Upland",0.157769853206545,0.233454567305674,-0.299801098712577,0.615340805125667
"WUE_ET_minus_WUE_T","Freshwater",0.506157346778306,"US-A03","1",-0.275302669518029,"WUE_ET - WUE_T","Freshwater",-2.1952065530663,0.279112071347153,-2.74226621290672,-1.64814689322588
"WUE_ET_minus_WUE_E","Freshwater",0.506157346778306,"US-A03","1",-0.275302669518029,"WUE_ET - WUE_E","Freshwater",-2.77101403555528,0.279112071347151,-3.31807369539569,-2.22395437571486
"WUE_E_minus_WUE_T","Freshwater",0.506157346778306,"US-A03","1",-0.275302669518029,"WUE_E - WUE_T","Freshwater",0.0194139802350961,0.279112071347151,-0.52764567960532,0.566473640075513
"WUE_ET_minus_WUE_T","Saline",0.506157346778306,"US-A03","1",-0.275302669518029,"WUE_ET - WUE_T","Saline",-2.06667452097049,0.318862636779518,-2.69164528905834,-1.44170375288263
"WUE_ET_minus_WUE_E","Saline",0.506157346778306,"US-A03","1",-0.275302669518029,"WUE_ET - WUE_E","Saline",-2.25827736996816,0.318862636779517,-2.88324813805602,-1.63330660188031
"WUE_E_minus_WUE_T","Saline",0.506157346778306,"US-A03","1",-0.275302669518029,"WUE_E - WUE_T","Saline",0.185704202440916,0.318862636779517,-0.439266565646938,0.81067497052877
"WUE_ET_minus_WUE_T","Upland",0.512012823591033,"US-A03","1",-0.24157144774741,"WUE_ET - WUE_T","Upland",-3.21183312562163,0.233187867212834,-3.66888134535879,-2.75478490588447
"WUE_ET_minus_WUE_E","Upland",0.512012823591033,"US-A03","1",-0.24157144774741,"WUE_ET - WUE_E","Upland",-3.7201624289077,0.233187867212833,-4.17721064864485,-3.26311420917054
"WUE_E_minus_WUE_T","Upland",0.512012823591033,"US-A03","1",-0.24157144774741,"WUE_E - WUE_T","Upland",0.315657069292822,0.233187867212833,-0.14139115044433,0.772705289029975
"WUE_ET_minus_WUE_T","Freshwater",0.512012823591033,"US-A03","1",-0.24157144774741,"WUE_ET - WUE_T","Freshwater",-2.15699534051229,0.278836659407057,-2.70351519295012,-1.61047548807446
"WUE_ET_minus_WUE_E","Freshwater",0.512012823591033,"US-A03","1",-0.24157144774741,"WUE_ET - WUE_E","Freshwater",-2.83748777858122,0.278836659407056,-3.38400763101905,-2.2909679261434
"WUE_E_minus_WUE_T","Freshwater",0.512012823591033,"US-A03","1",-0.24157144774741,"WUE_E - WUE_T","Freshwater",0.136188582891408,0.278836659407056,-0.410331269546421,0.682708435329237
"WUE_ET_minus_WUE_T","Saline",0.512012823591033,"US-A03","1",-0.24157144774741,"WUE_ET - WUE_T","Saline",-2.01738735774266,0.31900940235138,-2.64264578635136,-1.39212892913395
"WUE_ET_minus_WUE_E","Saline",0.512012823591033,"US-A03","1",-0.24157144774741,"WUE_ET - WUE_E","Saline",-2.30091167973507,0.319009402351379,-2.92617010834377,-1.67565325112637
"WUE_E_minus_WUE_T","Saline",0.512012823591033,"US-A03","1",-0.24157144774741,"WUE_E - WUE_T","Saline",0.2812147424944,0.319009402351379,-0.344043686114303,0.906473171103104
"WUE_ET_minus_WUE_T","Upland",0.517868300403761,"US-A03","1",-0.207840225976791,"WUE_ET - WUE_T","Upland",-3.13779079073815,0.232959344446316,-3.59439110585293,-2.68119047562337
"WUE_ET_minus_WUE_E","Upland",0.517868300403761,"US-A03","1",-0.207840225976791,"WUE_ET - WUE_E","Upland",-3.79362624232893,0.232959344446315,-4.25022655744371,-3.33702592721416
"WUE_E_minus_WUE_T","Upland",0.517868300403761,"US-A03","1",-0.207840225976791,"WUE_E - WUE_T","Upland",0.473544285379099,0.232959344446315,0.0169439702643229,0.930144600493876
"WUE_ET_minus_WUE_T","Freshwater",0.517868300403761,"US-A03","1",-0.207840225976791,"WUE_ET - WUE_T","Freshwater",-2.11878412795828,0.27861232571761,-2.6648642863648,-1.57270396955177
"WUE_ET_minus_WUE_E","Freshwater",0.517868300403761,"US-A03","1",-0.207840225976791,"WUE_ET - WUE_E","Freshwater",-2.90396152160717,0.278612325717609,-3.45004168001368,-2.35788136320066
"WUE_E_minus_WUE_T","Freshwater",0.517868300403761,"US-A03","1",-0.207840225976791,"WUE_E - WUE_T","Freshwater",0.252963185547719,0.278612325717609,-0.293116972858793,0.799043343954232
"WUE_ET_minus_WUE_T","Saline",0.517868300403761,"US-A03","1",-0.207840225976791,"WUE_ET - WUE_T","Saline",-1.96810019451483,0.319232993352731,-2.59379686148618,-1.34240352754348
"WUE_ET_minus_WUE_E","Saline",0.517868300403761,"US-A03","1",-0.207840225976791,"WUE_ET - WUE_E","Saline",-2.34354598950198,0.319232993352731,-2.96924265647333,-1.71784932253063
"WUE_E_minus_WUE_T","Saline",0.517868300403761,"US-A03","1",-0.207840225976791,"WUE_E - WUE_T","Saline",0.376725282547885,0.319232993352731,-0.248971384423467,1.00242194951924
"WUE_ET_minus_WUE_T","Upland",0.523723777216488,"US-A03","1",-0.174109004206172,"WUE_ET - WUE_T","Upland",-3.06374845585467,0.23276911144875,-3.51997591429422,-2.60752099741512
"WUE_ET_minus_WUE_E","Upland",0.523723777216488,"US-A03","1",-0.174109004206172,"WUE_ET - WUE_E","Upland",-3.86709005575017,0.232769111448749,-4.32331751418972,-3.41086259731063
"WUE_E_minus_WUE_T","Upland",0.523723777216488,"US-A03","1",-0.174109004206172,"WUE_E - WUE_T","Upland",0.631431501465376,0.232769111448749,0.175204043025829,1.08765895990492
"WUE_ET_minus_WUE_T","Freshwater",0.523723777216488,"US-A03","1",-0.174109004206172,"WUE_ET - WUE_T","Freshwater",-2.08057291540427,0.278439193737455,-2.62631373512968,-1.53483209567886
"WUE_ET_minus_WUE_E","Freshwater",0.523723777216488,"US-A03","1",-0.174109004206172,"WUE_ET - WUE_E","Freshwater",-2.97043526463312,0.278439193737453,-3.51617608435852,-2.42469444490771
"WUE_E_minus_WUE_T","Freshwater",0.523723777216488,"US-A03","1",-0.174109004206172,"WUE_E - WUE_T","Freshwater",0.369737788204031,0.278439193737453,-0.176003031521376,0.915478607929438
"WUE_ET_minus_WUE_T","Saline",0.523723777216488,"US-A03","1",-0.174109004206172,"WUE_ET - WUE_T","Saline",-1.918813031287,0.319533248509553,-2.54509819836572,-1.29252786420827
"WUE_ET_minus_WUE_E","Saline",0.523723777216488,"US-A03","1",-0.174109004206172,"WUE_ET - WUE_E","Saline",-2.38618029926889,0.319533248509552,-3.01246546634761,-1.75989513219016
"WUE_E_minus_WUE_T","Saline",0.523723777216488,"US-A03","1",-0.174109004206172,"WUE_E - WUE_T","Saline",0.472235822601369,0.319533248509552,-0.154049344477354,1.09852098968009
"WUE_ET_minus_WUE_T","Upland",0.529579254029215,"US-A03","1",-0.140377782435553,"WUE_ET - WUE_T","Upland",-2.98970612097119,0.232617262159584,-3.44563595480398,-2.5337762871384
"WUE_ET_minus_WUE_E","Upland",0.529579254029215,"US-A03","1",-0.140377782435553,"WUE_ET - WUE_E","Upland",-3.94055386917141,0.232617262159583,-4.39648370300419,-3.48462403533863
"WUE_E_minus_WUE_T","Upland",0.529579254029215,"US-A03","1",-0.140377782435553,"WUE_E - WUE_T","Upland",0.789318717551654,0.232617262159583,0.333388883718871,1.24524855138444
"WUE_ET_minus_WUE_T","Freshwater",0.529579254029215,"US-A03","1",-0.140377782435553,"WUE_ET - WUE_T","Freshwater",-2.04236170285026,0.278317359019252,-2.587863726528,-1.49685967917253
"WUE_ET_minus_WUE_E","Freshwater",0.529579254029215,"US-A03","1",-0.140377782435553,"WUE_ET - WUE_E","Freshwater",-3.03690900765906,0.27831735901925,-3.58241103133679,-2.49140698398133
"WUE_E_minus_WUE_T","Freshwater",0.529579254029215,"US-A03","1",-0.140377782435553,"WUE_E - WUE_T","Freshwater",0.486512390860343,0.27831735901925,-0.0589896328173872,1.03201441453807
"WUE_ET_minus_WUE_T","Saline",0.529579254029215,"US-A03","1",-0.140377782435553,"WUE_ET - WUE_T","Saline",-1.86952586805917,0.31990995195985,-2.49654937390047,-1.24250236221786
"WUE_ET_minus_WUE_E","Saline",0.529579254029215,"US-A03","1",-0.140377782435553,"WUE_ET - WUE_E","Saline",-2.42881460903579,0.319909951959849,-3.0558381148771,-1.80179110319449
"WUE_E_minus_WUE_T","Saline",0.529579254029215,"US-A03","1",-0.140377782435553,"WUE_E - WUE_T","Saline",0.567746362654853,0.319909951959849,-0.059277143186451,1.19476986849616
"WUE_ET_minus_WUE_T","Upland",0.535434730841943,"US-A03","1",-0.106646560664934,"WUE_ET - WUE_T","Upland",-2.91566378608771,0.232503871784531,-3.37137137478539,-2.45995619739003
"WUE_ET_minus_WUE_E","Upland",0.535434730841943,"US-A03","1",-0.106646560664934,"WUE_ET - WUE_E","Upland",-4.01401768259265,0.232503871784529,-4.46972527129033,-3.55831009389497
"WUE_E_minus_WUE_T","Upland",0.535434730841943,"US-A03","1",-0.106646560664934,"WUE_E - WUE_T","Upland",0.947205933637931,0.232503871784529,0.491498344940253,1.40291352233561
"WUE_ET_minus_WUE_T","Freshwater",0.535434730841943,"US-A03","1",-0.106646560664934,"WUE_ET - WUE_T","Freshwater",-2.00415049029625,0.278246888946917,-2.54951439263221,-1.4587865879603
"WUE_ET_minus_WUE_E","Freshwater",0.535434730841943,"US-A03","1",-0.106646560664934,"WUE_ET - WUE_E","Freshwater",-3.10338275068501,0.278246888946915,-3.64874665302096,-2.55801884834906
"WUE_E_minus_WUE_T","Freshwater",0.535434730841943,"US-A03","1",-0.106646560664934,"WUE_E - WUE_T","Freshwater",0.603286993516654,0.278246888946915,0.0579230911807007,1.14865089585261
"WUE_ET_minus_WUE_T","Saline",0.535434730841943,"US-A03","1",-0.106646560664934,"WUE_ET - WUE_T","Saline",-1.82023870483134,0.320362834025112,-2.44814985952056,-1.19232755014212
"WUE_ET_minus_WUE_E","Saline",0.535434730841943,"US-A03","1",-0.106646560664934,"WUE_ET - WUE_E","Saline",-2.4714489188027,0.320362834025111,-3.09936007349192,-1.84353776411348
"WUE_E_minus_WUE_T","Saline",0.535434730841943,"US-A03","1",-0.106646560664934,"WUE_E - WUE_T","Saline",0.663256902708337,0.320362834025111,0.03534574801912,1.29116805739755
"WUE_ET_minus_WUE_T","Upland",0.54129020765467,"US-A03","1",-0.0729153388943146,"WUE_ET - WUE_T","Upland",-2.84162145120423,0.232428996610085,-3.29718228456,-2.38606061784846
"WUE_ET_minus_WUE_E","Upland",0.54129020765467,"US-A03","1",-0.0729153388943146,"WUE_ET - WUE_E","Upland",-4.08748149601389,0.232428996610083,-4.54304232936965,-3.63192066265812
"WUE_E_minus_WUE_T","Upland",0.54129020765467,"US-A03","1",-0.0729153388943146,"WUE_E - WUE_T","Upland",1.10509314972421,0.232428996610083,0.649532316368444,1.56065398307997
"WUE_ET_minus_WUE_T","Freshwater",0.54129020765467,"US-A03","1",-0.0729153388943146,"WUE_ET - WUE_T","Freshwater",-1.96593927774225,0.278227822549658,-2.51126580993958,-1.42061274554492
"WUE_ET_minus_WUE_E","Freshwater",0.54129020765467,"US-A03","1",-0.0729153388943146,"WUE_ET - WUE_E","Freshwater",-3.16985649371096,0.278227822549656,-3.71518302590828,-2.62452996151363
"WUE_E_minus_WUE_T","Freshwater",0.54129020765467,"US-A03","1",-0.0729153388943146,"WUE_E - WUE_T","Freshwater",0.720061596172966,0.278227822549656,0.174735063975639,1.26538812837029
"WUE_ET_minus_WUE_T","Saline",0.54129020765467,"US-A03","1",-0.0729153388943146,"WUE_ET - WUE_T","Saline",-1.77095154160351,0.320891572167316,-2.39989902305145,-1.14200406015557
"WUE_ET_minus_WUE_E","Saline",0.54129020765467,"US-A03","1",-0.0729153388943146,"WUE_ET - WUE_E","Saline",-2.51408322856961,0.320891572167315,-3.14303071001755,-1.88513574712167
"WUE_E_minus_WUE_T","Saline",0.54129020765467,"US-A03","1",-0.0729153388943146,"WUE_E - WUE_T","Saline",0.758767442761821,0.320891572167315,0.129819961313884,1.38771492420976
"WUE_ET_minus_WUE_T","Upland",0.547145684467398,"US-A03","1",-0.0391841171236949,"WUE_ET - WUE_T","Upland",-2.76757911632075,0.232392673864175,-3.22306875709453,-2.31208947554697
"WUE_ET_minus_WUE_E","Upland",0.547145684467398,"US-A03","1",-0.0391841171236949,"WUE_ET - WUE_E","Upland",-4.16094530943513,0.232392673864173,-4.61643495020891,-3.70545566866135
"WUE_E_minus_WUE_T","Upland",0.547145684467398,"US-A03","1",-0.0391841171236949,"WUE_E - WUE_T","Upland",1.26298036581049,0.232392673864173,0.807490725036708,1.71847000658427
"WUE_ET_minus_WUE_T","Freshwater",0.547145684467398,"US-A03","1",-0.0391841171236949,"WUE_ET - WUE_T","Freshwater",-1.92772806518824,0.278260170394021,-2.47311799916052,-1.38233813121595
"WUE_ET_minus_WUE_E","Freshwater",0.547145684467398,"US-A03","1",-0.0391841171236949,"WUE_ET - WUE_E","Freshwater",-3.2363302367369,0.27826017039402,-3.78172017070918,-2.69094030276463
"WUE_E_minus_WUE_T","Freshwater",0.547145684467398,"US-A03","1",-0.0391841171236949,"WUE_E - WUE_T","Freshwater",0.836836198829279,0.27826017039402,0.291446264857001,1.38222613280156
"WUE_ET_minus_WUE_T","Saline",0.547145684467398,"US-A03","1",-0.0391841171236949,"WUE_ET - WUE_T","Saline",-1.72166437837568,0.321495792123606,-2.35179613093795,-1.09153262581341
"WUE_ET_minus_WUE_E","Saline",0.547145684467398,"US-A03","1",-0.0391841171236949,"WUE_ET - WUE_E","Saline",-2.55671753833652,0.321495792123605,-3.18684929089878,-1.92658578577425
"WUE_E_minus_WUE_T","Saline",0.547145684467398,"US-A03","1",-0.0391841171236949,"WUE_E - WUE_T","Saline",0.854277982815307,0.321495792123605,0.224146230253042,1.48440973537757
"WUE_ET_minus_WUE_T","Upland",0.553001161280125,"US-A03","1",-0.00545289535307573,"WUE_ET - WUE_T","Upland",-2.69353678143727,0.232394921623747,-3.14903082781981,-2.23804273505473
"WUE_ET_minus_WUE_E","Upland",0.553001161280125,"US-A03","1",-0.00545289535307573,"WUE_ET - WUE_E","Upland",-4.23440912285637,0.232394921623745,-4.68990316923891,-3.77891507647383
"WUE_E_minus_WUE_T","Upland",0.553001161280125,"US-A03","1",-0.00545289535307573,"WUE_E - WUE_T","Upland",1.42086758189676,0.232394921623745,0.965373535514224,1.87636162827931
"WUE_ET_minus_WUE_T","Freshwater",0.553001161280125,"US-A03","1",-0.00545289535307573,"WUE_ET - WUE_T","Freshwater",-1.88951685263423,0.27834391455463,-2.4350709251613,-1.34396278010715
"WUE_ET_minus_WUE_E","Freshwater",0.553001161280125,"US-A03","1",-0.00545289535307573,"WUE_ET - WUE_E","Freshwater",-3.30280397976285,0.278343914554628,-3.84835805228992,-2.75724990723578
"WUE_E_minus_WUE_T","Freshwater",0.553001161280125,"US-A03","1",-0.00545289535307573,"WUE_E - WUE_T","Freshwater",0.953610801485591,0.278343914554628,0.40805672895852,1.49916487401266
"WUE_ET_minus_WUE_T","Saline",0.553001161280125,"US-A03","1",-0.00545289535307573,"WUE_ET - WUE_T","Saline",-1.67237721514785,0.32217506920946,-2.30384035079839,-1.04091407949731
"WUE_ET_minus_WUE_E","Saline",0.553001161280125,"US-A03","1",-0.00545289535307573,"WUE_ET - WUE_E","Saline",-2.59935184810343,0.322175069209459,-3.23081498375397,-1.96788871245289
"WUE_E_minus_WUE_T","Saline",0.553001161280125,"US-A03","1",-0.00545289535307573,"WUE_E - WUE_T","Saline",0.949788522868791,0.322175069209459,0.318325387218252,1.58125165851933
"WUE_ET_minus_WUE_T","Upland",0.558856638092852,"US-A03","1",0.0282783264175434,"WUE_ET - WUE_T","Upland",-2.61949444655379,0.232435738769817,-3.07506849454263,-2.16392039856495
"WUE_ET_minus_WUE_E","Upland",0.558856638092852,"US-A03","1",0.0282783264175434,"WUE_ET - WUE_E","Upland",-4.3078729362776,0.232435738769816,-4.76344698426644,-3.85229888828877
"WUE_E_minus_WUE_T","Upland",0.558856638092852,"US-A03","1",0.0282783264175434,"WUE_E - WUE_T","Upland",1.57875479798304,0.232435738769816,1.1231807499942,2.03432884597188
"WUE_ET_minus_WUE_T","Freshwater",0.558856638092852,"US-A03","1",0.0282783264175434,"WUE_ET - WUE_T","Freshwater",-1.85130564008022,0.278479008663812,-2.39712449706129,-1.30548678309915
"WUE_ET_minus_WUE_E","Freshwater",0.558856638092852,"US-A03","1",0.0282783264175434,"WUE_ET - WUE_E","Freshwater",-3.3692777227888,0.27847900866381,-3.91509657976986,-2.82345886580773
"WUE_E_minus_WUE_T","Freshwater",0.558856638092852,"US-A03","1",0.0282783264175434,"WUE_E - WUE_T","Freshwater",1.0703854041419,0.27847900866381,0.524566547160835,1.61620426112297
"WUE_ET_minus_WUE_T","Saline",0.558856638092852,"US-A03","1",0.0282783264175434,"WUE_ET - WUE_T","Saline",-1.62309005192002,0.322928929779941,-2.2560307542887,-0.990149349551333
"WUE_ET_minus_WUE_E","Saline",0.558856638092852,"US-A03","1",0.0282783264175434,"WUE_ET - WUE_E","Saline",-2.64198615787033,0.32292892977994,-3.27492686023902,-2.00904545550165
"WUE_E_minus_WUE_T","Saline",0.558856638092852,"US-A03","1",0.0282783264175434,"WUE_E - WUE_T","Saline",1.04529906292228,0.32292892977994,0.412358360553592,1.67823976529096
"WUE_ET_minus_WUE_T","Upland",0.56471211490558,"US-A03","1",0.0620095481881625,"WUE_ET - WUE_T","Upland",-2.54545211167031,0.232515104990258,-3.00118171745121,-2.0897225058894
"WUE_ET_minus_WUE_E","Upland",0.56471211490558,"US-A03","1",0.0620095481881625,"WUE_ET - WUE_E","Upland",-4.38133674969884,0.232515104990256,-4.83706635547974,-3.92560714391794
"WUE_E_minus_WUE_T","Upland",0.56471211490558,"US-A03","1",0.0620095481881625,"WUE_E - WUE_T","Upland",1.73664201406932,0.232515104990256,1.28091240828842,2.19237161985022
"WUE_ET_minus_WUE_T","Freshwater",0.56471211490558,"US-A03","1",0.0620095481881625,"WUE_ET - WUE_T","Freshwater",-1.81309442752621,0.278665378039798,-2.35927856848421,-1.2669102865682
"WUE_ET_minus_WUE_E","Freshwater",0.56471211490558,"US-A03","1",0.0620095481881625,"WUE_ET - WUE_E","Freshwater",-3.43575146581474,0.278665378039796,-3.98193560677274,-2.88956732485674
"WUE_E_minus_WUE_T","Freshwater",0.56471211490558,"US-A03","1",0.0620095481881625,"WUE_E - WUE_T","Freshwater",1.18716000679821,0.278665378039796,0.640975865840214,1.73334414775621
"WUE_ET_minus_WUE_T","Saline",0.56471211490558,"US-A03","1",0.0620095481881625,"WUE_ET - WUE_T","Saline",-1.57380288869219,0.323756852837556,-2.2083663202538,-0.939239457130578
"WUE_ET_minus_WUE_E","Saline",0.56471211490558,"US-A03","1",0.0620095481881625,"WUE_ET - WUE_E","Saline",-2.68462046763724,0.323756852837555,-3.31918389919885,-2.05005703607563
"WUE_E_minus_WUE_T","Saline",0.56471211490558,"US-A03","1",0.0620095481881625,"WUE_E - WUE_T","Saline",1.14080960297576,0.323756852837555,0.506246171414152,1.77537303453737
"WUE_ET_minus_WUE_T","Upland",0.570567591718307,"US-A03","1",0.0957407699587816,"WUE_ET - WUE_T","Upland",-2.47140977678683,0.232632980830292,-2.9273704192142,-2.01544913435946
"WUE_ET_minus_WUE_E","Upland",0.570567591718307,"US-A03","1",0.0957407699587816,"WUE_ET - WUE_E","Upland",-4.45480056312008,0.232632980830291,-4.91076120554745,-3.99883992069271
"WUE_E_minus_WUE_T","Upland",0.570567591718307,"US-A03","1",0.0957407699587816,"WUE_E - WUE_T","Upland",1.8945292301556,0.232632980830291,1.43856858772823,2.35048987258297
"WUE_ET_minus_WUE_T","Freshwater",0.570567591718307,"US-A03","1",0.0957407699587816,"WUE_ET - WUE_T","Freshwater",-1.7748832149722,0.278902919892652,-2.3215329379618,-1.2282334919826
"WUE_ET_minus_WUE_E","Freshwater",0.570567591718307,"US-A03","1",0.0957407699587816,"WUE_ET - WUE_E","Freshwater",-3.50222520884069,0.27890291989265,-4.04887493183028,-2.9555754858511
"WUE_E_minus_WUE_T","Freshwater",0.570567591718307,"US-A03","1",0.0957407699587816,"WUE_E - WUE_T","Freshwater",1.30393460945453,0.27890291989265,0.757284886464932,1.85058433244412
"WUE_ET_minus_WUE_T","Saline",0.570567591718307,"US-A03","1",0.0957407699587816,"WUE_ET - WUE_T","Saline",-1.52451572546436,0.324658271774341,-2.16084593814207,-0.888185512786649
"WUE_ET_minus_WUE_E","Saline",0.570567591718307,"US-A03","1",0.0957407699587816,"WUE_ET - WUE_E","Saline",-2.72725477740415,0.32465827177434,-3.36358499008186,-2.09092456472644
"WUE_E_minus_WUE_T","Saline",0.570567591718307,"US-A03","1",0.0957407699587816,"WUE_E - WUE_T","Saline",1.23632014302924,0.32465827177434,0.599989930351537,1.87265035570695
"WUE_ET_minus_WUE_T","Upland",0.576423068531034,"US-A03","1",0.129471991729401,"WUE_ET - WUE_T","Upland",-2.39736744190335,0.232789307790414,-2.85363448517256,-1.94110039863414
"WUE_ET_minus_WUE_E","Upland",0.576423068531034,"US-A03","1",0.129471991729401,"WUE_ET - WUE_E","Upland",-4.52826437654132,0.232789307790413,-4.98453141981053,-4.07199733327211
"WUE_E_minus_WUE_T","Upland",0.576423068531034,"US-A03","1",0.129471991729401,"WUE_E - WUE_T","Upland",2.05241644624187,0.232789307790413,1.59614940297266,2.50868348951108
"WUE_ET_minus_WUE_T","Freshwater",0.576423068531034,"US-A03","1",0.129471991729401,"WUE_ET - WUE_T","Freshwater",-1.73667200241819,0.279191503606628,-2.28388734948718,-1.1894566553492
"WUE_ET_minus_WUE_E","Freshwater",0.576423068531034,"US-A03","1",0.129471991729401,"WUE_ET - WUE_E","Freshwater",-3.56869895186663,0.279191503606626,-4.11591429893562,-3.02148360479765
"WUE_E_minus_WUE_T","Freshwater",0.576423068531034,"US-A03","1",0.129471991729401,"WUE_E - WUE_T","Freshwater",1.42070921211084,0.279191503606626,0.87349386504185,1.96792455917982
"WUE_ET_minus_WUE_T","Saline",0.576423068531034,"US-A03","1",0.129471991729401,"WUE_ET - WUE_T","Saline",-1.47522856223653,0.325632576235068,-2.11346841165726,-0.836988712815794
"WUE_ET_minus_WUE_E","Saline",0.576423068531034,"US-A03","1",0.129471991729401,"WUE_ET - WUE_E","Saline",-2.76988908717106,0.325632576235067,-3.40812893659179,-2.13164923775032
"WUE_E_minus_WUE_T","Saline",0.576423068531034,"US-A03","1",0.129471991729401,"WUE_E - WUE_T","Saline",1.33183068308273,0.325632576235067,0.693590833661996,1.97007053250346
"WUE_ET_minus_WUE_T","Upland",0.582278545343762,"US-A03","1",0.16320321350002,"WUE_ET - WUE_T","Upland",-2.32332510701987,0.232984008471161,-2.77997376362335,-1.8666764504164
"WUE_ET_minus_WUE_E","Upland",0.582278545343762,"US-A03","1",0.16320321350002,"WUE_ET - WUE_E","Upland",-4.60172818996256,0.23298400847116,-5.05837684656603,-4.14507953335908
"WUE_E_minus_WUE_T","Upland",0.582278545343762,"US-A03","1",0.16320321350002,"WUE_E - WUE_T","Upland",2.21030366232815,0.23298400847116,1.75365500572468,2.66695231893162
"WUE_ET_minus_WUE_T","Freshwater",0.582278545343762,"US-A03","1",0.16320321350002,"WUE_ET - WUE_T","Freshwater",-1.69846078986418,0.279530971097144,-2.24634149321458,-1.15058008651378
"WUE_ET_minus_WUE_E","Freshwater",0.582278545343762,"US-A03","1",0.16320321350002,"WUE_ET - WUE_E","Freshwater",-3.63517269489258,0.279530971097142,-4.18305339824298,-3.08729199154218
"WUE_E_minus_WUE_T","Freshwater",0.582278545343762,"US-A03","1",0.16320321350002,"WUE_E - WUE_T","Freshwater",1.53748381476715,0.279530971097142,0.989603111416751,2.08536451811755
"WUE_ET_minus_WUE_T","Saline",0.582278545343762,"US-A03","1",0.16320321350002,"WUE_ET - WUE_T","Saline",-1.4259413990087,0.32667911408787,-2.06623246262092,-0.785650335396472
"WUE_ET_minus_WUE_E","Saline",0.582278545343762,"US-A03","1",0.16320321350002,"WUE_ET - WUE_E","Saline",-2.81252339693796,0.326679114087869,-3.45281446055019,-2.17223233332574
"WUE_E_minus_WUE_T","Saline",0.582278545343762,"US-A03","1",0.16320321350002,"WUE_E - WUE_T","Saline",1.42734122313621,0.326679114087869,0.787050159523988,2.06763228674844
"WUE_ET_minus_WUE_T","Upland",0.588134022156489,"US-A03","1",0.196934435270639,"WUE_ET - WUE_T","Upland",-2.24928277213639,0.233216986763907,-2.70638806619365,-1.79217747807913
"WUE_ET_minus_WUE_E","Upland",0.588134022156489,"US-A03","1",0.196934435270639,"WUE_ET - WUE_E","Upland",-4.6751920033838,0.233216986763906,-5.13229729744105,-4.21808670932654
"WUE_E_minus_WUE_T","Upland",0.588134022156489,"US-A03","1",0.196934435270639,"WUE_E - WUE_T","Upland",2.36819087841443,0.233216986763906,1.91108558435717,2.82529617247168
"WUE_ET_minus_WUE_T","Freshwater",0.588134022156489,"US-A03","1",0.196934435270639,"WUE_ET - WUE_T","Freshwater",-1.66024957731017,0.279921137240106,-2.20889500630078,-1.11160414831957
"WUE_ET_minus_WUE_E","Freshwater",0.588134022156489,"US-A03","1",0.196934435270639,"WUE_ET - WUE_E","Freshwater",-3.70164643791853,0.279921137240104,-4.25029186690913,-3.15300100892793
"WUE_E_minus_WUE_T","Freshwater",0.588134022156489,"US-A03","1",0.196934435270639,"WUE_E - WUE_T","Freshwater",1.65425841742346,0.279921137240104,1.10561298843286,2.20290384641406
"WUE_ET_minus_WUE_T","Saline",0.588134022156489,"US-A03","1",0.196934435270639,"WUE_ET - WUE_T","Saline",-1.37665423578087,0.327797193488209,-2.01913673501776,-0.734171736543978
"WUE_ET_minus_WUE_E","Saline",0.588134022156489,"US-A03","1",0.196934435270639,"WUE_ET - WUE_E","Saline",-2.85515770670487,0.327797193488208,-3.49764020594176,-2.21267520746798
"WUE_E_minus_WUE_T","Saline",0.588134022156489,"US-A03","1",0.196934435270639,"WUE_E - WUE_T","Saline",1.5228517631897,0.327797193488208,0.880369263952808,2.16533426242658
"WUE_ET_minus_WUE_T","Upland",0.593989498969216,"US-A03","1",0.230665657041258,"WUE_ET - WUE_T","Upland",-2.17524043725291,0.233488128086589,-2.63287716830263,-1.7176037062032
"WUE_ET_minus_WUE_E","Upland",0.593989498969216,"US-A03","1",0.230665657041258,"WUE_ET - WUE_E","Upland",-4.74865581680503,0.233488128086588,-5.20629254785475,-4.29101908575532
"WUE_E_minus_WUE_T","Upland",0.593989498969216,"US-A03","1",0.230665657041258,"WUE_E - WUE_T","Upland",2.5260780945007,0.233488128086588,2.06844136345099,2.98371482555042
"WUE_ET_minus_WUE_T","Freshwater",0.593989498969216,"US-A03","1",0.230665657041258,"WUE_ET - WUE_T","Freshwater",-1.62203836475616,0.280361790370898,-2.17154747388312,-1.0725292556292
"WUE_ET_minus_WUE_E","Freshwater",0.593989498969216,"US-A03","1",0.230665657041258,"WUE_ET - WUE_E","Freshwater",-3.76812018094447,0.280361790370896,-4.31762929007143,-3.21861107181752
"WUE_E_minus_WUE_T","Freshwater",0.593989498969216,"US-A03","1",0.230665657041258,"WUE_E - WUE_T","Freshwater",1.77103302007977,0.280361790370896,1.22152391095282,2.32054212920673
"WUE_ET_minus_WUE_T","Saline",0.593989498969216,"US-A03","1",0.230665657041258,"WUE_ET - WUE_T","Saline",-1.32736707255304,0.328986085021874,-1.97217979919591,-0.682554345910164
"WUE_ET_minus_WUE_E","Saline",0.593989498969216,"US-A03","1",0.230665657041258,"WUE_ET - WUE_E","Saline",-2.89779201647178,0.328986085021873,-3.54260474311465,-2.25297928982891
"WUE_E_minus_WUE_T","Saline",0.593989498969216,"US-A03","1",0.230665657041258,"WUE_E - WUE_T","Saline",1.61836230324318,0.328986085021873,0.973549576600309,2.26317502988605
"WUE_ET_minus_WUE_T","Upland",0.599844975781944,"US-A03","1",0.264396878811877,"WUE_ET - WUE_T","Upland",-2.10119810236943,0.233797299663019,-2.55944080970895,-1.64295539502991
"WUE_ET_minus_WUE_E","Upland",0.599844975781944,"US-A03","1",0.264396878811877,"WUE_ET - WUE_E","Upland",-4.82211963022627,0.233797299663017,-5.28036233756579,-4.36387692288676
"WUE_E_minus_WUE_T","Upland",0.599844975781944,"US-A03","1",0.264396878811877,"WUE_E - WUE_T","Upland",2.68396531058698,0.233797299663017,2.22572260324747,3.14220801792649
"WUE_ET_minus_WUE_T","Freshwater",0.599844975781944,"US-A03","1",0.264396878811877,"WUE_ET - WUE_T","Freshwater",-1.58382715220215,0.280852692849928,-2.13429843018801,-1.0333558742163
"WUE_ET_minus_WUE_E","Freshwater",0.599844975781944,"US-A03","1",0.264396878811877,"WUE_ET - WUE_E","Freshwater",-3.83459392397042,0.280852692849926,-4.38506520195628,-3.28412264598457
"WUE_E_minus_WUE_T","Freshwater",0.599844975781944,"US-A03","1",0.264396878811877,"WUE_E - WUE_T","Freshwater",1.88780762273608,0.280852692849926,1.33733634475023,2.43827890072194
"WUE_ET_minus_WUE_T","Saline",0.599844975781944,"US-A03","1",0.264396878811877,"WUE_ET - WUE_T","Saline",-1.27807990932521,0.330245023912633,-1.92536015619397,-0.630799662456447
"WUE_ET_minus_WUE_E","Saline",0.599844975781944,"US-A03","1",0.264396878811877,"WUE_ET - WUE_E","Saline",-2.94042632623869,0.330245023912632,-3.58770657310745,-2.29314607936993
"WUE_E_minus_WUE_T","Saline",0.599844975781944,"US-A03","1",0.264396878811877,"WUE_E - WUE_T","Saline",1.71387284329666,0.330245023912632,1.06659259642791,2.36115309016542
"WUE_ET_minus_WUE_T","Upland",0.605700452594671,"US-A03","1",0.298128100582497,"WUE_ET - WUE_T","Upland",-2.02715576748595,0.234144350844208,-2.4860786951406,-1.5682328398313
"WUE_ET_minus_WUE_E","Upland",0.605700452594671,"US-A03","1",0.298128100582497,"WUE_ET - WUE_E","Upland",-4.89558344364751,0.234144350844207,-5.35450637130216,-4.43666051599287
"WUE_E_minus_WUE_T","Upland",0.605700452594671,"US-A03","1",0.298128100582497,"WUE_E - WUE_T","Upland",2.84185252667326,0.234144350844207,2.38292959901862,3.30077545432791
"WUE_ET_minus_WUE_T","Freshwater",0.605700452594671,"US-A03","1",0.298128100582497,"WUE_ET - WUE_T","Freshwater",-1.54561593964814,0.28139358169126,-2.09714735976302,-0.994084519533275
"WUE_ET_minus_WUE_E","Freshwater",0.605700452594671,"US-A03","1",0.298128100582497,"WUE_ET - WUE_E","Freshwater",-3.90106766699637,0.281393581691258,-4.45259908711123,-3.3495362468815
"WUE_E_minus_WUE_T","Freshwater",0.605700452594671,"US-A03","1",0.298128100582497,"WUE_E - WUE_T","Freshwater",2.0045822253924,0.281393581691258,1.45305080527753,2.55611364550726
"WUE_ET_minus_WUE_T","Saline",0.605700452594671,"US-A03","1",0.298128100582497,"WUE_ET - WUE_T","Saline",-1.22879274609738,0.331573212280265,-1.8786762421667,-0.578909250028057
"WUE_ET_minus_WUE_E","Saline",0.605700452594671,"US-A03","1",0.298128100582497,"WUE_ET - WUE_E","Saline",-2.9830606360056,0.331573212280264,-3.63294413207491,-2.33317713993628
"WUE_E_minus_WUE_T","Saline",0.605700452594671,"US-A03","1",0.298128100582497,"WUE_E - WUE_T","Saline",1.80938338335015,0.331573212280264,1.15949988728083,2.45926687941947
"WUE_ET_minus_WUE_T","Upland",0.611555929407399,"US-A03","1",0.331859322353116,"WUE_ET - WUE_T","Upland",-1.95311343260247,0.234529113469924,-2.41279049500352,-1.49343637020142
"WUE_ET_minus_WUE_E","Upland",0.611555929407399,"US-A03","1",0.331859322353116,"WUE_ET - WUE_E","Upland",-4.96904725706875,0.234529113469923,-5.4287243194698,-4.5093701946677
"WUE_E_minus_WUE_T","Upland",0.611555929407399,"US-A03","1",0.331859322353116,"WUE_E - WUE_T","Upland",2.99973974275954,0.234529113469923,2.54006268035849,3.45941680516059
"WUE_ET_minus_WUE_T","Freshwater",0.611555929407399,"US-A03","1",0.331859322353116,"WUE_ET - WUE_T","Freshwater",-1.50740472709414,0.281984169250537,-2.06009369882519,-0.954715755363083
"WUE_ET_minus_WUE_E","Freshwater",0.611555929407399,"US-A03","1",0.331859322353116,"WUE_ET - WUE_E","Freshwater",-3.96754141002231,0.281984169250535,-4.52023038175336,-3.41485243829127
"WUE_E_minus_WUE_T","Freshwater",0.611555929407399,"US-A03","1",0.331859322353116,"WUE_E - WUE_T","Freshwater",2.12135682804871,0.281984169250535,1.56866785631766,2.67404579977976
"WUE_ET_minus_WUE_T","Saline",0.611555929407399,"US-A03","1",0.331859322353116,"WUE_ET - WUE_T","Saline",-1.17950558286955,0.332969821434938,-1.83212643288203,-0.526884732857068
"WUE_ET_minus_WUE_E","Saline",0.611555929407399,"US-A03","1",0.331859322353116,"WUE_ET - WUE_E","Saline",-3.0256949457725,0.332969821434937,-3.67831579578498,-2.37307409576003
"WUE_E_minus_WUE_T","Saline",0.611555929407399,"US-A03","1",0.331859322353116,"WUE_E - WUE_T","Saline",1.90489392340363,0.332969821434937,1.25227307339116,2.55751477341611
"WUE_ET_minus_WUE_T","Upland",0.617411406220126,"US-A03","1",0.365590544123735,"WUE_ET - WUE_T","Upland",-1.87907109771899,0.234951402268466,-2.33957584616518,-1.4185663492728
"WUE_ET_minus_WUE_E","Upland",0.617411406220126,"US-A03","1",0.365590544123735,"WUE_ET - WUE_E","Upland",-5.04251107048999,0.234951402268464,-5.50301581893618,-4.5820063220438
"WUE_E_minus_WUE_T","Upland",0.617411406220126,"US-A03","1",0.365590544123735,"WUE_E - WUE_T","Upland",3.15762695884582,0.234951402268464,2.69712221039963,3.61813170729201
"WUE_ET_minus_WUE_T","Freshwater",0.617411406220126,"US-A03","1",0.365590544123735,"WUE_ET - WUE_T","Freshwater",-1.46919351454013,0.282624143968088,-2.02313683671758,-0.915250192362675
"WUE_ET_minus_WUE_E","Freshwater",0.617411406220126,"US-A03","1",0.365590544123735,"WUE_ET - WUE_E","Freshwater",-4.03401515304826,0.282624143968086,-4.58795847522571,-3.48007183087081
"WUE_E_minus_WUE_T","Freshwater",0.617411406220126,"US-A03","1",0.365590544123735,"WUE_E - WUE_T","Freshwater",2.23813143070502,0.282624143968086,1.68418810852757,2.79207475288247
"WUE_ET_minus_WUE_T","Saline",0.617411406220126,"US-A03","1",0.365590544123735,"WUE_ET - WUE_T","Saline",-1.13021841964172,0.334433994194277,-1.7857090482625,-0.474727791020933
"WUE_ET_minus_WUE_E","Saline",0.617411406220126,"US-A03","1",0.365590544123735,"WUE_ET - WUE_E","Saline",-3.06832925553941,0.334433994194276,-3.72381988416019,-2.41283862691863
"WUE_E_minus_WUE_T","Saline",0.617411406220126,"US-A03","1",0.365590544123735,"WUE_E - WUE_T","Saline",2.00040446345712,0.334433994194276,1.34491383483634,2.6558950920779
"WUE_ET_minus_WUE_T","Upland",0.623266883032853,"US-A03","1",0.399321765894354,"WUE_ET - WUE_T","Upland",-1.80502876283551,0.235411015292498,-2.26643435280881,-1.34362317286221
"WUE_ET_minus_WUE_E","Upland",0.623266883032853,"US-A03","1",0.399321765894354,"WUE_ET - WUE_E","Upland",-5.11597488391123,0.235411015292496,-5.57738047388452,-4.65456929393793
"WUE_E_minus_WUE_T","Upland",0.623266883032853,"US-A03","1",0.399321765894354,"WUE_E - WUE_T","Upland",3.31551417493209,0.235411015292496,2.8541085849588,3.77691976490539
"WUE_ET_minus_WUE_T","Freshwater",0.623266883032853,"US-A03","1",0.399321765894354,"WUE_ET - WUE_T","Freshwater",-1.43098230198612,0.28331317116289,-1.98627611746538,-0.875688486506854
"WUE_ET_minus_WUE_E","Freshwater",0.623266883032853,"US-A03","1",0.399321765894354,"WUE_ET - WUE_E","Freshwater",-4.10048889607421,0.283313171162888,-4.65578271155347,-3.54519508059495
"WUE_E_minus_WUE_T","Freshwater",0.623266883032853,"US-A03","1",0.399321765894354,"WUE_E - WUE_T","Freshwater",2.35490603336133,0.283313171162888,1.79961221788207,2.91019984884059
"WUE_ET_minus_WUE_T","Saline",0.623266883032853,"US-A03","1",0.399321765894354,"WUE_ET - WUE_T","Saline",-1.08093125641389,0.335964847209978,-1.73942235694544,-0.42244015588233
"WUE_ET_minus_WUE_E","Saline",0.623266883032853,"US-A03","1",0.399321765894354,"WUE_ET - WUE_E","Saline",-3.11096356530632,0.335964847209977,-3.76945466583787,-2.45247246477476
"WUE_E_minus_WUE_T","Saline",0.623266883032853,"US-A03","1",0.399321765894354,"WUE_E - WUE_T","Saline",2.0959150035106,0.335964847209977,1.43742390297905,2.75440610404216
"WUE_ET_minus_WUE_T","Upland",0.629122359845581,"US-A03","1",0.433052987664973,"WUE_ET - WUE_T","Upland",-1.73098642795203,0.235907734388611,-2.19336558735371,-1.26860726855035
"WUE_ET_minus_WUE_E","Upland",0.629122359845581,"US-A03","1",0.433052987664973,"WUE_ET - WUE_E","Upland",-5.18943869733247,0.23590773438861,-5.65181785673414,-4.72705953793079
"WUE_E_minus_WUE_T","Upland",0.629122359845581,"US-A03","1",0.433052987664973,"WUE_E - WUE_T","Upland",3.47340139101837,0.23590773438861,3.0110222316167,3.93578055042004
"WUE_ET_minus_WUE_T","Freshwater",0.629122359845581,"US-A03","1",0.433052987664973,"WUE_ET - WUE_T","Freshwater",-1.39277108943211,0.284050893872825,-1.94951084142285,-0.836031337441372
"WUE_ET_minus_WUE_E","Freshwater",0.629122359845581,"US-A03","1",0.433052987664973,"WUE_ET - WUE_E","Freshwater",-4.16696263910015,0.284050893872823,-4.72370239109089,-3.61022288710942
"WUE_E_minus_WUE_T","Freshwater",0.629122359845581,"US-A03","1",0.433052987664973,"WUE_E - WUE_T","Freshwater",2.47168063601764,0.284050893872823,1.91494088402691,3.02842038800838
"WUE_ET_minus_WUE_T","Saline",0.629122359845581,"US-A03","1",0.433052987664973,"WUE_ET - WUE_T","Saline",-1.03164409318606,0.337561473291417,-1.69326458083723,-0.370023605534878
"WUE_ET_minus_WUE_E","Saline",0.629122359845581,"US-A03","1",0.433052987664973,"WUE_ET - WUE_E","Saline",-3.15359787507323,0.337561473291416,-3.8152183627244,-2.49197738742205
"WUE_E_minus_WUE_T","Saline",0.629122359845581,"US-A03","1",0.433052987664973,"WUE_E - WUE_T","Saline",2.19142554356409,0.337561473291416,1.52980505591291,2.85304603121526
"WUE_ET_minus_WUE_T","Upland",0.634977836658308,"US-A03","1",0.466784209435593,"WUE_ET - WUE_T","Upland",-1.65694409306855,0.236441325698126,-2.12036909143688,-1.19351909470022
"WUE_ET_minus_WUE_E","Upland",0.634977836658308,"US-A03","1",0.466784209435593,"WUE_ET - WUE_E","Upland",-5.2629025107537,0.236441325698124,-5.72632750912203,-4.79947751238538
"WUE_E_minus_WUE_T","Upland",0.634977836658308,"US-A03","1",0.466784209435593,"WUE_E - WUE_T","Upland",3.63128860710465,0.236441325698124,3.16786360873632,4.09471360547297
"WUE_ET_minus_WUE_T","Freshwater",0.634977836658308,"US-A03","1",0.466784209435593,"WUE_ET - WUE_T","Freshwater",-1.3545598768781,0.28483693373653,-1.9128402670017,-0.796279486754502
"WUE_ET_minus_WUE_E","Freshwater",0.634977836658308,"US-A03","1",0.466784209435593,"WUE_ET - WUE_E","Freshwater",-4.2334363821261,0.284836933736528,-4.79171677224969,-3.67515599200251
"WUE_E_minus_WUE_T","Freshwater",0.634977836658308,"US-A03","1",0.466784209435593,"WUE_E - WUE_T","Freshwater",2.58845523867396,0.284836933736528,2.03017484855036,3.14673562879755
"WUE_ET_minus_WUE_T","Saline",0.634977836658308,"US-A03","1",0.466784209435593,"WUE_ET - WUE_T","Saline",-0.982356929958226,0.33922294371443,-1.64723389963851,-0.317479960277944
"WUE_ET_minus_WUE_E","Saline",0.634977836658308,"US-A03","1",0.466784209435593,"WUE_ET - WUE_E","Saline",-3.19623218484013,0.339222943714429,-3.86110915452042,-2.53135521515985
"WUE_E_minus_WUE_T","Saline",0.634977836658308,"US-A03","1",0.466784209435593,"WUE_E - WUE_T","Saline",2.28693608361757,0.339222943714429,1.62205911393729,2.95181305329785
"WUE_ET_minus_WUE_T","Upland",0.640833313471035,"US-A03","1",0.500515431206212,"WUE_ET - WUE_T","Upland",-1.58290175818507,0.237011540186556,-2.04744437695072,-1.11835913941942
"WUE_ET_minus_WUE_E","Upland",0.640833313471035,"US-A03","1",0.500515431206212,"WUE_ET - WUE_E","Upland",-5.33636632417494,0.237011540186554,-5.80090894294059,-4.8718237054093
"WUE_E_minus_WUE_T","Upland",0.640833313471035,"US-A03","1",0.500515431206212,"WUE_E - WUE_T","Upland",3.78917582319092,0.237011540186554,3.32463320442528,4.25371844195657
"WUE_ET_minus_WUE_T","Freshwater",0.640833313471035,"US-A03","1",0.500515431206212,"WUE_ET - WUE_T","Freshwater",-1.31634866432409,0.285670891912013,-1.87626361247164,-0.756433716176546
"WUE_ET_minus_WUE_E","Freshwater",0.640833313471035,"US-A03","1",0.500515431206212,"WUE_ET - WUE_E","Freshwater",-4.29991012515205,0.285670891912011,-4.85982507329959,-3.7399951770045
"WUE_E_minus_WUE_T","Freshwater",0.640833313471035,"US-A03","1",0.500515431206212,"WUE_E - WUE_T","Freshwater",2.70522984133027,0.285670891912011,2.14531489318273,3.26514478947781
"WUE_ET_minus_WUE_T","Saline",0.640833313471035,"US-A03","1",0.500515431206212,"WUE_ET - WUE_T","Saline",-0.933069766730396,0.340948310504183,-1.60132845531859,-0.264811078142198
"WUE_ET_minus_WUE_E","Saline",0.640833313471035,"US-A03","1",0.500515431206212,"WUE_ET - WUE_E","Saline",-3.23886649460704,0.340948310504182,-3.90712518319524,-2.57060780601885
"WUE_E_minus_WUE_T","Saline",0.640833313471035,"US-A03","1",0.500515431206212,"WUE_E - WUE_T","Saline",2.38244662367106,0.340948310504182,1.71418793508286,3.05070531225925
"WUE_ET_minus_WUE_T","Upland",0.646688790283763,"US-A03","1",0.534246652976831,"WUE_ET - WUE_T","Upland",-1.50885942330159,0.237618114199057,-1.97459092713174,-1.04312791947144
"WUE_ET_minus_WUE_E","Upland",0.646688790283763,"US-A03","1",0.534246652976831,"WUE_ET - WUE_E","Upland",-5.40983013759618,0.237618114199056,-5.87556164142633,-4.94409863376603
"WUE_E_minus_WUE_T","Upland",0.646688790283763,"US-A03","1",0.534246652976831,"WUE_E - WUE_T","Upland",3.9470630392772,0.237618114199056,3.48133153544705,4.41279454310735
"WUE_ET_minus_WUE_T","Freshwater",0.646688790283763,"US-A03","1",0.534246652976831,"WUE_ET - WUE_T","Freshwater",-1.27813745177008,0.286552350027148,-1.83978005782329,-0.716494845716872
"WUE_ET_minus_WUE_E","Freshwater",0.646688790283763,"US-A03","1",0.534246652976831,"WUE_ET - WUE_E","Freshwater",-4.36638386817799,0.286552350027146,-4.9280264742312,-3.80474126212479
"WUE_E_minus_WUE_T","Freshwater",0.646688790283763,"US-A03","1",0.534246652976831,"WUE_E - WUE_T","Freshwater",2.82200444398658,0.286552350027146,2.26036183793337,3.38364705003979
"WUE_ET_minus_WUE_T","Saline",0.646688790283763,"US-A03","1",0.534246652976831,"WUE_ET - WUE_T","Saline",-0.883782603502566,0.342736608681933,-1.55554635651916,-0.212018850485977
"WUE_ET_minus_WUE_E","Saline",0.646688790283763,"US-A03","1",0.534246652976831,"WUE_ET - WUE_E","Saline",-3.28150080437395,0.342736608681932,-3.95326455739054,-2.60973705135736
"WUE_E_minus_WUE_T","Saline",0.646688790283763,"US-A03","1",0.534246652976831,"WUE_E - WUE_T","Saline",2.47795716372454,0.342736608681932,1.80619341070795,3.14972091674113
"WUE_ET_minus_WUE_T","Upland",0.65254426709649,"US-A03","1",0.56797787474745,"WUE_ET - WUE_T","Upland",-1.43481708841811,0.238260770039101,-1.90180819769475,-0.967825979141472
"WUE_ET_minus_WUE_E","Upland",0.65254426709649,"US-A03","1",0.56797787474745,"WUE_ET - WUE_E","Upland",-5.48329395101742,0.2382607700391,-5.95028506029405,-5.01630284174078
"WUE_E_minus_WUE_T","Upland",0.65254426709649,"US-A03","1",0.56797787474745,"WUE_E - WUE_T","Upland",4.10495025536348,0.2382607700391,3.63795914608684,4.57194136464011
"WUE_ET_minus_WUE_T","Freshwater",0.65254426709649,"US-A03","1",0.56797787474745,"WUE_ET - WUE_T","Freshwater",-1.23992623921607,0.28748087115712,-1.80338874668403,-0.676463731748117
"WUE_ET_minus_WUE_E","Freshwater",0.65254426709649,"US-A03","1",0.56797787474745,"WUE_ET - WUE_E","Freshwater",-4.43285761120394,0.287480871157118,-4.99632011867189,-3.86939510373599
"WUE_E_minus_WUE_T","Freshwater",0.65254426709649,"US-A03","1",0.56797787474745,"WUE_E - WUE_T","Freshwater",2.93877904664289,0.287480871157118,2.37531653917494,3.50224155411084
"WUE_ET_minus_WUE_T","Saline",0.65254426709649,"US-A03","1",0.56797787474745,"WUE_ET - WUE_T","Saline",-0.834495440274736,0.344586858466325,-1.50988568286873,-0.159105197680739
"WUE_ET_minus_WUE_E","Saline",0.65254426709649,"US-A03","1",0.56797787474745,"WUE_ET - WUE_E","Saline",-3.32413511414086,0.344586858466324,-3.99952535673485,-2.64874487154686
"WUE_E_minus_WUE_T","Saline",0.65254426709649,"US-A03","1",0.56797787474745,"WUE_E - WUE_T","Saline",2.57346770377802,0.344586858466324,1.89807746118403,3.24885794637202
"WUE_ET_minus_WUE_T","Upland",0.658399743909217,"US-A03","1",0.601709096518069,"WUE_ET - WUE_T","Upland",-1.36077475353463,0.238939216567586,-1.8290956180071,-0.892453889062163
"WUE_ET_minus_WUE_E","Upland",0.658399743909217,"US-A03","1",0.601709096518069,"WUE_ET - WUE_E","Upland",-5.55675776443866,0.238939216567584,-6.02507862891112,-5.08843689996619
"WUE_E_minus_WUE_T","Upland",0.658399743909217,"US-A03","1",0.601709096518069,"WUE_E - WUE_T","Upland",4.26283747144976,0.238939216567584,3.79451660697729,4.73115833592222
"WUE_ET_minus_WUE_T","Freshwater",0.658399743909217,"US-A03","1",0.601709096518069,"WUE_ET - WUE_T","Freshwater",-1.20171502666206,0.288456000823924,-1.76708878827696,-0.636341265047172
"WUE_ET_minus_WUE_E","Freshwater",0.658399743909217,"US-A03","1",0.601709096518069,"WUE_ET - WUE_E","Freshwater",-4.49933135422989,0.288456000823922,-5.06470511584477,-3.933957592615
"WUE_E_minus_WUE_T","Freshwater",0.658399743909217,"US-A03","1",0.601709096518069,"WUE_E - WUE_T","Freshwater",3.0555536492992,0.288456000823923,2.49017988768431,3.62092741091409
"WUE_ET_minus_WUE_T","Saline",0.658399743909217,"US-A03","1",0.601709096518069,"WUE_ET - WUE_T","Saline",-0.785208277046906,0.346498067420804,-1.46434448919168,-0.10607206490213
"WUE_ET_minus_WUE_E","Saline",0.658399743909217,"US-A03","1",0.601709096518069,"WUE_ET - WUE_E","Saline",-3.36676942390777,0.346498067420803,-4.04590563605254,-2.68763321176299
"WUE_E_minus_WUE_T","Saline",0.658399743909217,"US-A03","1",0.601709096518069,"WUE_E - WUE_T","Saline",2.66897824383151,0.346498067420803,1.98984203168673,3.34811445597628
"WUE_ET_minus_WUE_T","Upland",0.664255220721945,"US-A03","1",0.635440318288688,"WUE_ET - WUE_T","Upland",-1.28673241865115,0.239653149819556,-1.75645259229748,-0.817012245004822
"WUE_ET_minus_WUE_E","Upland",0.664255220721945,"US-A03","1",0.635440318288688,"WUE_ET - WUE_E","Upland",-5.6302215778599,0.239653149819554,-6.09994175150622,-5.16050140421357
"WUE_E_minus_WUE_T","Upland",0.664255220721945,"US-A03","1",0.635440318288688,"WUE_E - WUE_T","Upland",4.42072468753603,0.239653149819554,3.9510045138897,4.89044486118236
"WUE_ET_minus_WUE_T","Freshwater",0.664255220721945,"US-A03","1",0.635440318288688,"WUE_ET - WUE_T","Freshwater",-1.16350381410805,0.289477268013062,-1.73087925941366,-0.596128368802452
"WUE_ET_minus_WUE_E","Freshwater",0.664255220721945,"US-A03","1",0.635440318288688,"WUE_ET - WUE_E","Freshwater",-4.56580509725583,0.289477268013061,-5.13318054256143,-3.99842965195023
"WUE_E_minus_WUE_T","Freshwater",0.664255220721945,"US-A03","1",0.635440318288688,"WUE_E - WUE_T","Freshwater",3.17232825195551,0.289477268013061,2.60495280664991,3.73970369726111
"WUE_ET_minus_WUE_T","Saline",0.664255220721945,"US-A03","1",0.635440318288688,"WUE_ET - WUE_T","Saline",-0.735921113819076,0.348469232539655,-1.4189208095968,-0.0529214180413528
"WUE_ET_minus_WUE_E","Saline",0.664255220721945,"US-A03","1",0.635440318288688,"WUE_ET - WUE_E","Saline",-3.40940373367467,0.348469232539654,-4.09240342945239,-2.72640403789695
"WUE_E_minus_WUE_T","Saline",0.664255220721945,"US-A03","1",0.635440318288688,"WUE_E - WUE_T","Saline",2.76448878388499,0.348469232539654,2.08148908810727,3.44748847966271
"WUE_ET_minus_WUE_T","Upland",0.670110697534672,"US-A03","1",0.669171540059308,"WUE_ET - WUE_T","Upland",-1.21269008376767,0.240402253635722,-1.68387850089368,-0.741501666641655
"WUE_ET_minus_WUE_E","Upland",0.670110697534672,"US-A03","1",0.669171540059308,"WUE_ET - WUE_E","Upland",-5.70368539128114,0.24040225363572,-6.17487380840715,-5.23249697415512
"WUE_E_minus_WUE_T","Upland",0.670110697534672,"US-A03","1",0.669171540059308,"WUE_E - WUE_T","Upland",4.57861190362231,0.24040225363572,4.1074234864963,5.04980032074832
"WUE_ET_minus_WUE_T","Freshwater",0.670110697534672,"US-A03","1",0.669171540059308,"WUE_ET - WUE_T","Freshwater",-1.12529260155405,0.290544186202685,-1.69475920651131,-0.555825996596783
"WUE_ET_minus_WUE_E","Freshwater",0.670110697534672,"US-A03","1",0.669171540059308,"WUE_ET - WUE_E","Freshwater",-4.63227884028178,0.290544186202683,-5.20174544523904,-4.06281223532452
"WUE_E_minus_WUE_T","Freshwater",0.670110697534672,"US-A03","1",0.669171540059308,"WUE_E - WUE_T","Freshwater",3.28910285461183,0.290544186202683,2.71963624965457,3.85856945956909
"WUE_ET_minus_WUE_T","Saline",0.670110697534672,"US-A03","1",0.669171540059308,"WUE_ET - WUE_T","Saline",-0.686633950591245,0.350499342266091,-1.37361266143278,0.000344760250292397
"WUE_ET_minus_WUE_E","Saline",0.670110697534672,"US-A03","1",0.669171540059308,"WUE_ET - WUE_E","Saline",-3.45203804344158,0.35049934226609,-4.13901675428312,-2.76505933260005
"WUE_E_minus_WUE_T","Saline",0.670110697534672,"US-A03","1",0.669171540059308,"WUE_E - WUE_T","Saline",2.85999932393848,0.35049934226609,2.17302061309694,3.54697803478001
"WUE_ET_minus_WUE_T","Upland",0.6759661743474,"US-A03","1",0.702902761829927,"WUE_ET - WUE_T","Upland",-1.13864774888419,0.241186200305967,-1.61137270148389,-0.665922796284496
"WUE_ET_minus_WUE_E","Upland",0.6759661743474,"US-A03","1",0.702902761829927,"WUE_ET - WUE_E","Upland",-5.77714920470237,0.241186200305965,-6.24987415730207,-5.30442425210268
"WUE_E_minus_WUE_T","Upland",0.6759661743474,"US-A03","1",0.702902761829927,"WUE_E - WUE_T","Upland",4.73649911970859,0.241186200305965,4.2637741671089,5.20922407230828
"WUE_ET_minus_WUE_T","Freshwater",0.6759661743474,"US-A03","1",0.702902761829927,"WUE_ET - WUE_T","Freshwater",-1.08708138900004,0.291656254400542,-1.6587276476251,-0.515435130374973
"WUE_ET_minus_WUE_E","Freshwater",0.6759661743474,"US-A03","1",0.702902761829927,"WUE_ET - WUE_E","Freshwater",-4.69875258330773,0.29165625440054,-5.27039884193278,-4.12710632468267
"WUE_E_minus_WUE_T","Freshwater",0.6759661743474,"US-A03","1",0.702902761829927,"WUE_E - WUE_T","Freshwater",3.40587745726814,0.29165625440054,2.83423119864308,3.9775237158932
"WUE_ET_minus_WUE_T","Saline",0.6759661743474,"US-A03","1",0.702902761829927,"WUE_ET - WUE_T","Saline",-0.637346787363415,0.352587378436765,-1.32841804909948,0.0537244743726448
"WUE_ET_minus_WUE_E","Saline",0.6759661743474,"US-A03","1",0.702902761829927,"WUE_ET - WUE_E","Saline",-3.49467235320849,0.352587378436764,-4.18574361494455,-2.80360109147243
"WUE_E_minus_WUE_T","Saline",0.6759661743474,"US-A03","1",0.702902761829927,"WUE_E - WUE_T","Saline",2.95550986399196,0.352587378436764,2.2644386022559,3.64658112572802
"WUE_ET_minus_WUE_T","Upland",0.681821651160127,"US-A03","1",0.736633983600546,"WUE_ET - WUE_T","Upland",-1.06460541400071,0.242004651222084,-1.538934530396,-0.590276297605426
"WUE_ET_minus_WUE_E","Upland",0.681821651160127,"US-A03","1",0.736633983600546,"WUE_ET - WUE_E","Upland",-5.85061301812361,0.242004651222083,-6.32494213451889,-5.37628390172833
"WUE_E_minus_WUE_T","Upland",0.681821651160127,"US-A03","1",0.736633983600546,"WUE_E - WUE_T","Upland",4.89438633579487,0.242004651222083,4.42005721939958,5.36871545219015
"WUE_ET_minus_WUE_T","Freshwater",0.681821651160127,"US-A03","1",0.736633983600546,"WUE_ET - WUE_T","Freshwater",-1.04887017644603,0.292812958184276,-1.62278357448721,-0.474956778404846
"WUE_ET_minus_WUE_E","Freshwater",0.681821651160127,"US-A03","1",0.736633983600546,"WUE_ET - WUE_E","Freshwater",-4.76522632633367,0.292812958184274,-5.33913972437485,-4.1913129282925
"WUE_E_minus_WUE_T","Freshwater",0.681821651160127,"US-A03","1",0.736633983600546,"WUE_E - WUE_T","Freshwater",3.52265205992445,0.292812958184274,2.94873866188327,4.09656545796563
"WUE_ET_minus_WUE_T","Saline",0.681821651160127,"US-A03","1",0.736633983600546,"WUE_ET - WUE_T","Saline",-0.588059624135585,0.354732318147955,-1.28333496770558,0.107215719434407
"WUE_ET_minus_WUE_E","Saline",0.681821651160127,"US-A03","1",0.736633983600546,"WUE_ET - WUE_E","Saline",-3.5373066629754,0.354732318147954,-4.23258200654539,-2.84203131940541
"WUE_E_minus_WUE_T","Saline",0.681821651160127,"US-A03","1",0.736633983600546,"WUE_E - WUE_T","Saline",3.05102040404545,0.354732318147954,2.35574506047546,3.74629574761544
"WUE_ET_minus_WUE_T","Upland",0.687677127972854,"US-A03","1",0.770365205371165,"WUE_ET - WUE_T","Upland",-0.99056307911723,0.242857257537039,-1.46656330388983,-0.514562854344633
"WUE_ET_minus_WUE_E","Upland",0.687677127972854,"US-A03","1",0.770365205371165,"WUE_ET - WUE_E","Upland",-5.92407683154485,0.242857257537038,-6.40007705631744,-5.44807660677226
"WUE_E_minus_WUE_T","Upland",0.687677127972854,"US-A03","1",0.770365205371165,"WUE_E - WUE_T","Upland",5.05227355188114,0.242857257537038,4.57627332710855,5.52827377665374
"WUE_ET_minus_WUE_T","Freshwater",0.687677127972854,"US-A03","1",0.770365205371165,"WUE_ET - WUE_T","Freshwater",-1.01065896389202,0.294013770740758,-1.5869259545439,-0.434391973240133
"WUE_ET_minus_WUE_E","Freshwater",0.687677127972854,"US-A03","1",0.770365205371165,"WUE_ET - WUE_E","Freshwater",-4.83170006935962,0.294013770740756,-5.4079670600115,-4.25543307870774
"WUE_E_minus_WUE_T","Freshwater",0.687677127972854,"US-A03","1",0.770365205371165,"WUE_E - WUE_T","Freshwater",3.63942666258076,0.294013770740756,3.06315967192888,4.21569365323264
"WUE_ET_minus_WUE_T","Saline",0.687677127972854,"US-A03","1",0.770365205371165,"WUE_ET - WUE_T","Saline",-0.538772460907755,0.356933135539551,-1.23836140656528,0.160816484749766
"WUE_ET_minus_WUE_E","Saline",0.687677127972854,"US-A03","1",0.770365205371165,"WUE_ET - WUE_E","Saline",-3.57994097274231,0.35693313553955,-4.27952991839982,-2.88035202708479
"WUE_E_minus_WUE_T","Saline",0.687677127972854,"US-A03","1",0.770365205371165,"WUE_E - WUE_T","Saline",3.14653094409893,0.35693313553955,2.44694199844141,3.84611988975645
"WUE_ET_minus_WUE_T","Upland",0.693532604785582,"US-A03","1",0.804096427141784,"WUE_ET - WUE_T","Upland",-0.916520744233751,0.243743660828129,-1.39425831945688,-0.438783169010619
"WUE_ET_minus_WUE_E","Upland",0.693532604785582,"US-A03","1",0.804096427141784,"WUE_ET - WUE_E","Upland",-5.99754064496609,0.243743660828127,-6.47527822018922,-5.51980306974296
"WUE_E_minus_WUE_T","Upland",0.693532604785582,"US-A03","1",0.804096427141784,"WUE_E - WUE_T","Upland",5.21016076796742,0.243743660828127,4.73242319274429,5.68789834319055
"WUE_ET_minus_WUE_T","Freshwater",0.693532604785582,"US-A03","1",0.804096427141784,"WUE_ET - WUE_T","Freshwater",-0.972447751338009,0.295258153900397,-1.55115373298279,-0.39374176969323
"WUE_ET_minus_WUE_E","Freshwater",0.693532604785582,"US-A03","1",0.804096427141784,"WUE_ET - WUE_E","Freshwater",-4.89817381238556,0.295258153900395,-5.47687979403034,-4.31946783074079
"WUE_E_minus_WUE_T","Freshwater",0.693532604785582,"US-A03","1",0.804096427141784,"WUE_E - WUE_T","Freshwater",3.75620126523707,0.295258153900395,3.1774952835923,4.33490724688185
"WUE_ET_minus_WUE_T","Saline",0.693532604785582,"US-A03","1",0.804096427141784,"WUE_ET - WUE_T","Saline",-0.489485297679925,0.359188803493834,-1.19349535252784,0.214524757167989
"WUE_ET_minus_WUE_E","Saline",0.693532604785582,"US-A03","1",0.804096427141784,"WUE_ET - WUE_E","Saline",-3.62257528250921,0.359188803493833,-4.32658533735713,-2.9185652276613
"WUE_E_minus_WUE_T","Saline",0.693532604785582,"US-A03","1",0.804096427141784,"WUE_E - WUE_T","Saline",3.24204148415241,0.359188803493833,2.5380314293045,3.94605153900033
"WUE_ET_minus_WUE_T","Upland",0.699388081598309,"US-A03","1",0.837827648912404,"WUE_ET - WUE_T","Upland",-0.842478409350271,0.244663493761494,-1.3220188571228,-0.362937961577743
"WUE_ET_minus_WUE_E","Upland",0.699388081598309,"US-A03","1",0.837827648912404,"WUE_ET - WUE_E","Upland",-6.07100445838733,0.244663493761492,-6.55054490615985,-5.5914640106148
"WUE_E_minus_WUE_T","Upland",0.699388081598309,"US-A03","1",0.837827648912404,"WUE_E - WUE_T","Upland",5.3680479840537,0.244663493761492,4.88850753628117,5.84758843182622
"WUE_ET_minus_WUE_T","Freshwater",0.699388081598309,"US-A03","1",0.837827648912404,"WUE_ET - WUE_T","Freshwater",-0.934236538784,0.296545559162571,-1.51546583474264,-0.353007242825361
"WUE_ET_minus_WUE_E","Freshwater",0.699388081598309,"US-A03","1",0.837827648912404,"WUE_ET - WUE_E","Freshwater",-4.96464755541151,0.296545559162569,-5.54587685137015,-4.38341825945288
"WUE_E_minus_WUE_T","Freshwater",0.699388081598309,"US-A03","1",0.837827648912404,"WUE_E - WUE_T","Freshwater",3.87297586789339,0.296545559162569,3.29174657193475,4.45420516385202
"WUE_ET_minus_WUE_T","Saline",0.699388081598309,"US-A03","1",0.837827648912404,"WUE_ET - WUE_T","Saline",-0.440198134452095,0.361498295246784,-1.14873479313579,0.268338524231601
"WUE_ET_minus_WUE_E","Saline",0.699388081598309,"US-A03","1",0.837827648912404,"WUE_ET - WUE_E","Saline",-3.66520959227612,0.361498295246783,-4.37374625095982,-2.95667293359243
"WUE_E_minus_WUE_T","Saline",0.699388081598309,"US-A03","1",0.837827648912404,"WUE_E - WUE_T","Saline",3.3375520242059,0.361498295246783,2.62901536552221,4.04608868288959
"WUE_ET_minus_WUE_T","Upland",0.705243558411036,"US-A03","1",0.871558870683023,"WUE_ET - WUE_T","Upland",-0.768436074466791,0.245616380755559,-1.24984418074769,-0.287027968185896
"WUE_ET_minus_WUE_E","Upland",0.705243558411036,"US-A03","1",0.871558870683023,"WUE_ET - WUE_E","Upland",-6.14446827180856,0.245616380755558,-6.62587637808946,-5.66306016552767
"WUE_E_minus_WUE_T","Upland",0.705243558411036,"US-A03","1",0.871558870683023,"WUE_E - WUE_T","Upland",5.52593520013997,0.245616380755558,5.04452709385908,6.00734330642087
"WUE_ET_minus_WUE_T","Freshwater",0.705243558411036,"US-A03","1",0.871558870683023,"WUE_ET - WUE_T","Freshwater",-0.896025326229991,0.297875428708567,-1.47986116649878,-0.3121894859612
"WUE_ET_minus_WUE_E","Freshwater",0.705243558411036,"US-A03","1",0.871558870683023,"WUE_ET - WUE_E","Freshwater",-5.03112129843746,0.297875428708565,-5.61495713870624,-4.44728545816867
"WUE_E_minus_WUE_T","Freshwater",0.705243558411036,"US-A03","1",0.871558870683023,"WUE_E - WUE_T","Freshwater",3.9897504705497,0.297875428708565,3.40591463028091,4.57358631081848
"WUE_ET_minus_WUE_T","Saline",0.705243558411036,"US-A03","1",0.871558870683023,"WUE_ET - WUE_T","Saline",-0.390910971224265,0.363860585910445,-1.10407771960874,0.322255777160207
"WUE_ET_minus_WUE_E","Saline",0.705243558411036,"US-A03","1",0.871558870683023,"WUE_ET - WUE_E","Saline",-3.70784390204303,0.363860585910444,-4.4210106504275,-2.99467715365856
"WUE_E_minus_WUE_T","Saline",0.705243558411036,"US-A03","1",0.871558870683023,"WUE_E - WUE_T","Saline",3.43306256425938,0.363860585910444,2.71989581587491,4.14622931264385
"WUE_ET_minus_WUE_T","Upland",0.711099035223764,"US-A03","1",0.905290092453642,"WUE_ET - WUE_T","Upland",-0.694393739583311,0.246601938641073,-1.17773353931981,-0.211053939846808
"WUE_ET_minus_WUE_E","Upland",0.711099035223764,"US-A03","1",0.905290092453642,"WUE_ET - WUE_E","Upland",-6.2179320852298,0.246601938641072,-6.7012718849663,-5.7345922854933
"WUE_E_minus_WUE_T","Upland",0.711099035223764,"US-A03","1",0.905290092453642,"WUE_E - WUE_T","Upland",5.68382241622625,0.246601938641072,5.20048261648975,6.16716221596275
"WUE_ET_minus_WUE_T","Freshwater",0.711099035223764,"US-A03","1",0.905290092453642,"WUE_ET - WUE_T","Freshwater",-0.857814113675982,0.299247196398701,-1.44433861861744,-0.271289608734528
"WUE_ET_minus_WUE_E","Freshwater",0.711099035223764,"US-A03","1",0.905290092453642,"WUE_ET - WUE_E","Freshwater",-5.0975950414634,0.299247196398699,-5.68411954640485,-4.51107053652195
"WUE_E_minus_WUE_T","Freshwater",0.711099035223764,"US-A03","1",0.905290092453642,"WUE_E - WUE_T","Freshwater",4.10652507320601,0.299247196398699,3.52000056826456,4.69304957814746
"WUE_ET_minus_WUE_T","Saline",0.711099035223764,"US-A03","1",0.905290092453642,"WUE_ET - WUE_T","Saline",-0.341623807996435,0.36627465390553,-1.05952212965127,0.376274513658405
"WUE_ET_minus_WUE_E","Saline",0.711099035223764,"US-A03","1",0.905290092453642,"WUE_ET - WUE_E","Saline",-3.75047821180994,0.366274653905529,-4.46837653346477,-3.0325798901551
"WUE_E_minus_WUE_T","Saline",0.711099035223764,"US-A03","1",0.905290092453642,"WUE_E - WUE_T","Saline",3.52857310431287,0.366274653905529,2.81067478265803,4.2464714259677
"WUE_ET_minus_WUE_T","Upland",0.716954512036491,"US-A03","1",0.939021314224261,"WUE_ET - WUE_T","Upland",-0.620351404699831,0.247619777315561,-1.10568616823833,-0.135016641161332
"WUE_ET_minus_WUE_E","Upland",0.716954512036491,"US-A03","1",0.939021314224261,"WUE_ET - WUE_E","Upland",-6.29139589865104,0.24761977731556,-6.77673066218954,-5.80606113511254
"WUE_E_minus_WUE_T","Upland",0.716954512036491,"US-A03","1",0.939021314224261,"WUE_E - WUE_T","Upland",5.84170963231253,0.24761977731556,5.35637486877403,6.32704439585103
"WUE_ET_minus_WUE_T","Freshwater",0.716954512036491,"US-A03","1",0.939021314224261,"WUE_ET - WUE_T","Freshwater",-0.819602901121973,0.30066028875053,-1.40889706707301,-0.230308735170934
"WUE_ET_minus_WUE_E","Freshwater",0.716954512036491,"US-A03","1",0.939021314224261,"WUE_ET - WUE_E","Freshwater",-5.16406878448935,0.300660288750528,-5.75336295044039,-4.57477461853832
"WUE_E_minus_WUE_T","Freshwater",0.716954512036491,"US-A03","1",0.939021314224261,"WUE_E - WUE_T","Freshwater",4.22329967586232,0.300660288750528,3.63400550991128,4.81259384181335
"WUE_ET_minus_WUE_T","Saline",0.716954512036491,"US-A03","1",0.939021314224261,"WUE_ET - WUE_T","Saline",-0.292336644768605,0.368739482304109,-1.01506603008466,0.430392740547449
"WUE_ET_minus_WUE_E","Saline",0.716954512036491,"US-A03","1",0.939021314224261,"WUE_ET - WUE_E","Saline",-3.79311252157685,0.368739482304108,-4.5158419068929,-3.07038313626079
"WUE_E_minus_WUE_T","Saline",0.716954512036491,"US-A03","1",0.939021314224261,"WUE_E - WUE_T","Saline",3.62408364436635,0.368739482304108,2.9013542590503,4.3468130296824
"WUE_ET_minus_WUE_T","Upland",0.722809988849218,"US-A03","1",0.97275253599488,"WUE_ET - WUE_T","Upland",-0.546309069816352,0.248669500390131,-1.03370129058101,-0.0589168490516956
"WUE_ET_minus_WUE_E","Upland",0.722809988849218,"US-A03","1",0.97275253599488,"WUE_ET - WUE_E","Upland",-6.36485971207228,0.248669500390129,-6.85225193283693,-5.87746749130763
"WUE_E_minus_WUE_T","Upland",0.722809988849218,"US-A03","1",0.97275253599488,"WUE_E - WUE_T","Upland",5.99959684839881,0.248669500390129,5.51220462763415,6.48698906916346
"WUE_ET_minus_WUE_T","Freshwater",0.722809988849218,"US-A03","1",0.97275253599488,"WUE_ET - WUE_T","Freshwater",-0.781391688567964,0.302114125895366,-1.37353537532288,-0.189248001813047
"WUE_ET_minus_WUE_E","Freshwater",0.722809988849218,"US-A03","1",0.97275253599488,"WUE_ET - WUE_E","Freshwater",-5.2305425275153,0.302114125895364,-5.82268621427021,-4.63839884076038
"WUE_E_minus_WUE_T","Freshwater",0.722809988849218,"US-A03","1",0.97275253599488,"WUE_E - WUE_T","Freshwater",4.34007427851863,0.302114125895364,3.74793059176372,4.93221796527355
"WUE_ET_minus_WUE_T","Saline",0.722809988849218,"US-A03","1",0.97275253599488,"WUE_ET - WUE_T","Saline",-0.243049481540775,0.371254060082784,-0.970707439303031,0.484608476221482
"WUE_ET_minus_WUE_E","Saline",0.722809988849218,"US-A03","1",0.97275253599488,"WUE_ET - WUE_E","Saline",-3.83574683134375,0.371254060082783,-4.56340478910601,-3.1080888735815
"WUE_E_minus_WUE_T","Saline",0.722809988849218,"US-A03","1",0.97275253599488,"WUE_E - WUE_T","Saline",3.71959418441984,0.371254060082783,2.99193622665758,4.44725214218209
"WUE_ET_minus_WUE_T","Upland",0.728665465661946,"US-A03","1",1.0064837577655,"WUE_ET - WUE_T","Upland",-0.472266734932872,0.249750705826716,-0.961778118353236,0.0172446484874922
"WUE_ET_minus_WUE_E","Upland",0.728665465661946,"US-A03","1",1.0064837577655,"WUE_ET - WUE_E","Upland",-6.43832352549352,0.249750705826715,-6.92783490891388,-5.94881214207316
"WUE_E_minus_WUE_T","Upland",0.728665465661946,"US-A03","1",1.0064837577655,"WUE_E - WUE_T","Upland",6.15748406448508,0.249750705826715,5.66797268106472,6.64699544790544
"WUE_ET_minus_WUE_T","Freshwater",0.728665465661946,"US-A03","1",1.0064837577655,"WUE_ET - WUE_T","Freshwater",-0.743180476013955,0.303608122510564,-1.33825239613466,-0.14810855589325
"WUE_ET_minus_WUE_E","Freshwater",0.728665465661946,"US-A03","1",1.0064837577655,"WUE_ET - WUE_E","Freshwater",-5.29701627054124,0.303608122510562,-5.89208819066195,-4.70194435042054
"WUE_E_minus_WUE_T","Freshwater",0.728665465661946,"US-A03","1",1.0064837577655,"WUE_E - WUE_T","Freshwater",4.45684888117494,0.303608122510562,3.86177696105424,5.05192080129564
"WUE_ET_minus_WUE_T","Saline",0.728665465661946,"US-A03","1",1.0064837577655,"WUE_ET - WUE_T","Saline",-0.193762318312945,0.373817383287298,-0.926444389556049,0.53891975293016
"WUE_ET_minus_WUE_E","Saline",0.728665465661946,"US-A03","1",1.0064837577655,"WUE_ET - WUE_E","Saline",-3.87838114111066,0.373817383287297,-4.61106321235376,-3.14569906986756
"WUE_E_minus_WUE_T","Saline",0.728665465661946,"US-A03","1",1.0064837577655,"WUE_E - WUE_T","Saline",3.81510472447332,0.373817383287297,3.08242265323022,4.54778679571642
"WUE_ET_minus_WUE_T","Upland",0.734520942474673,"US-A03","1",1.04021497953612,"WUE_ET - WUE_T","Upland",-0.398224400049392,0.250862986563992,-0.889915853714815,0.0934670536160317
"WUE_ET_minus_WUE_E","Upland",0.734520942474673,"US-A03","1",1.04021497953612,"WUE_ET - WUE_E","Upland",-6.51178733891476,0.25086298656399,-7.00347879258018,-6.02009588524934
"WUE_E_minus_WUE_T","Upland",0.734520942474673,"US-A03","1",1.04021497953612,"WUE_E - WUE_T","Upland",6.31537128057136,0.25086298656399,5.82367982690594,6.80706273423678
"WUE_ET_minus_WUE_T","Freshwater",0.734520942474673,"US-A03","1",1.04021497953612,"WUE_ET - WUE_T","Freshwater",-0.704969263459946,0.305141688725348,-1.30304697336163,-0.106891553558263
"WUE_ET_minus_WUE_E","Freshwater",0.734520942474673,"US-A03","1",1.04021497953612,"WUE_ET - WUE_E","Freshwater",-5.36349001356719,0.305141688725346,-5.96156772346887,-4.76541230366551
"WUE_E_minus_WUE_T","Freshwater",0.734520942474673,"US-A03","1",1.04021497953612,"WUE_E - WUE_T","Freshwater",4.57362348383125,0.305141688725346,3.97554577392958,5.17170119373293
"WUE_ET_minus_WUE_T","Saline",0.734520942474673,"US-A03","1",1.04021497953612,"WUE_ET - WUE_T","Saline",-0.144475155085114,0.376428456109971,-0.882274929060659,0.59332461889043
"WUE_ET_minus_WUE_E","Saline",0.734520942474673,"US-A03","1",1.04021497953612,"WUE_ET - WUE_E","Saline",-3.92101545087757,0.37642845610997,-4.65881522485311,-3.18321567690203
"WUE_E_minus_WUE_T","Saline",0.734520942474673,"US-A03","1",1.04021497953612,"WUE_E - WUE_T","Saline",3.9106152645268,0.37642845610997,3.17281549055126,4.64841503850235
"WUE_ET_minus_WUE_T","Upland",0.7403764192874,"US-A03","1",1.07394620130674,"WUE_ET - WUE_T","Upland",-0.324182065165912,0.25200593113033,-0.818113690181358,0.169749559849534
"WUE_ET_minus_WUE_E","Upland",0.7403764192874,"US-A03","1",1.07394620130674,"WUE_ET - WUE_E","Upland",-6.58525115233599,0.252005931130328,-7.07918277735144,-6.09131952732055
"WUE_E_minus_WUE_T","Upland",0.7403764192874,"US-A03","1",1.07394620130674,"WUE_E - WUE_T","Upland",6.47325849665764,0.252005931130328,5.97932687164219,6.96719012167308
"WUE_ET_minus_WUE_T","Freshwater",0.7403764192874,"US-A03","1",1.07394620130674,"WUE_ET - WUE_T","Freshwater",-0.666758050905937,0.306714230998212,-1.26791794366243,-0.0655981581494415
"WUE_ET_minus_WUE_E","Freshwater",0.7403764192874,"US-A03","1",1.07394620130674,"WUE_ET - WUE_E","Freshwater",-5.42996375659314,0.30671423099821,-6.03112364934963,-4.82880386383664
"WUE_E_minus_WUE_T","Freshwater",0.7403764192874,"US-A03","1",1.07394620130674,"WUE_E - WUE_T","Freshwater",4.69039808648757,0.30671423099821,4.08923819373107,5.29155797924406
"WUE_ET_minus_WUE_T","Saline",0.7403764192874,"US-A03","1",1.07394620130674,"WUE_ET - WUE_T","Saline",-0.0951879918572847,0.379086291881774,-0.838197123945561,0.647821140230992
"WUE_ET_minus_WUE_E","Saline",0.7403764192874,"US-A03","1",1.07394620130674,"WUE_ET - WUE_E","Saline",-3.96364976064448,0.379086291881773,-4.70665889273275,-3.2206406285562
"WUE_E_minus_WUE_T","Saline",0.7403764192874,"US-A03","1",1.07394620130674,"WUE_E - WUE_T","Saline",4.00612580458029,0.379086291881772,3.26311667249201,4.74913493666856
"WUE_ET_minus_WUE_T","Upland",0.746231896100128,"US-A03","1",1.10767742307736,"WUE_ET - WUE_T","Upland",-0.250139730282431,0.253179124242344,-0.746370813797425,0.246091353232563
"WUE_ET_minus_WUE_E","Upland",0.746231896100128,"US-A03","1",1.10767742307736,"WUE_ET - WUE_E","Upland",-6.65871496575723,0.253179124242343,-7.15494604927223,-6.16248388224224
"WUE_E_minus_WUE_T","Upland",0.746231896100128,"US-A03","1",1.10767742307736,"WUE_E - WUE_T","Upland",6.63114571274392,0.253179124242343,6.13491462922893,7.12737679625891
"WUE_ET_minus_WUE_T","Freshwater",0.746231896100128,"US-A03","1",1.10767742307736,"WUE_ET - WUE_T","Freshwater",-0.628546838351927,0.30832515296419,-1.23286413816174,-0.0242295385421142
"WUE_ET_minus_WUE_E","Freshwater",0.746231896100128,"US-A03","1",1.10767742307736,"WUE_ET - WUE_E","Freshwater",-5.49643749961908,0.308325152964188,-6.10075479942889,-4.89212019980927
"WUE_E_minus_WUE_T","Freshwater",0.746231896100128,"US-A03","1",1.10767742307736,"WUE_E - WUE_T","Freshwater",4.80717268914388,0.308325152964188,4.20285538933407,5.41148998895369
"WUE_ET_minus_WUE_T","Saline",0.746231896100128,"US-A03","1",1.10767742307736,"WUE_ET - WUE_T","Saline",-0.0459008286294535,0.3817899139812,-0.794209060032606,0.702407402773699
"WUE_ET_minus_WUE_E","Saline",0.746231896100128,"US-A03","1",1.10767742307736,"WUE_ET - WUE_E","Saline",-4.00628407041138,0.381789913981199,-4.75459230181453,-3.25797583900823
"WUE_E_minus_WUE_T","Saline",0.746231896100128,"US-A03","1",1.10767742307736,"WUE_E - WUE_T","Saline",4.10163634463377,0.381789913981199,3.35332811323062,4.84994457603692
"WUE_ET_minus_WUE_T","Upland",0.752087372912855,"US-A03","1",1.14140864484798,"WUE_ET - WUE_T","Upland",-0.176097395398951,0.25438214738769,-0.674686404278824,0.322491613480922
"WUE_ET_minus_WUE_E","Upland",0.752087372912855,"US-A03","1",1.14140864484798,"WUE_ET - WUE_E","Upland",-6.73217877917847,0.254382147387689,-7.23076778805834,-6.2335897702986
"WUE_E_minus_WUE_T","Upland",0.752087372912855,"US-A03","1",1.14140864484798,"WUE_E - WUE_T","Upland",6.78903292883019,0.254382147387689,6.29044391995032,7.28762193771006
"WUE_ET_minus_WUE_T","Freshwater",0.752087372912855,"US-A03","1",1.14140864484798,"WUE_ET - WUE_T","Freshwater",-0.590335625797918,0.309973856250584,-1.19788438404906,0.0172131324532258
"WUE_ET_minus_WUE_E","Freshwater",0.752087372912855,"US-A03","1",1.14140864484798,"WUE_ET - WUE_E","Freshwater",-5.56291124264503,0.309973856250582,-6.17046000089617,-4.95536248439389
"WUE_E_minus_WUE_T","Freshwater",0.752087372912855,"US-A03","1",1.14140864484798,"WUE_E - WUE_T","Freshwater",4.92394729180019,0.309973856250582,4.31639853354905,5.53149605005133
"WUE_ET_minus_WUE_T","Saline",0.752087372912855,"US-A03","1",1.14140864484798,"WUE_ET - WUE_T","Saline",0.00338633459837667,0.384538356662419,-0.750308844459965,0.757081513656718
"WUE_ET_minus_WUE_E","Saline",0.752087372912855,"US-A03","1",1.14140864484798,"WUE_ET - WUE_E","Saline",-4.04891838017829,0.384538356662418,-4.80261355923663,-3.29522320111995
"WUE_E_minus_WUE_T","Saline",0.752087372912855,"US-A03","1",1.14140864484798,"WUE_E - WUE_T","Saline",4.19714688468726,0.384538356662418,3.44345170562892,4.9508420637456
"WUE_ET_minus_WUE_T","Upland",0.757942849725583,"US-A03","1",1.1751398666186,"WUE_ET - WUE_T","Upland",-0.102055060515471,0.255614579390968,-0.603059636121769,0.398949515090826
"WUE_ET_minus_WUE_E","Upland",0.757942849725583,"US-A03","1",1.1751398666186,"WUE_ET - WUE_E","Upland",-6.80564259259971,0.255614579390967,-7.30664716820601,-6.30463801699342
"WUE_E_minus_WUE_T","Upland",0.757942849725583,"US-A03","1",1.1751398666186,"WUE_E - WUE_T","Upland",6.94692014491647,0.255614579390967,6.44591556931018,7.44792472052277
"WUE_ET_minus_WUE_T","Freshwater",0.757942849725583,"US-A03","1",1.1751398666186,"WUE_ET - WUE_T","Freshwater",-0.552124413243909,0.311659741259956,-1.16297750611342,0.0587286796256054
"WUE_ET_minus_WUE_E","Freshwater",0.757942849725583,"US-A03","1",1.1751398666186,"WUE_ET - WUE_E","Freshwater",-5.62938498567098,0.311659741259955,-6.24023807854049,-5.01853189280147
"WUE_E_minus_WUE_T","Freshwater",0.757942849725583,"US-A03","1",1.1751398666186,"WUE_E - WUE_T","Freshwater",5.0407218944565,0.311659741259955,4.42986880158699,5.65157498732601
"WUE_ET_minus_WUE_T","Saline",0.757942849725583,"US-A03","1",1.1751398666186,"WUE_ET - WUE_T","Saline",0.0526734978262065,0.387330665805405,-0.706494607152387,0.8118416028048
"WUE_ET_minus_WUE_E","Saline",0.757942849725583,"US-A03","1",1.1751398666186,"WUE_ET - WUE_E","Saline",-4.0915526899452,0.387330665805404,-4.85072079492379,-3.33238458496661
"WUE_E_minus_WUE_T","Saline",0.757942849725583,"US-A03","1",1.1751398666186,"WUE_E - WUE_T","Saline",4.29265742474074,0.387330665805403,3.53348931976215,5.05182552971933
"WUE_ET_minus_WUE_T","Upland",0.76379832653831,"US-A03","1",1.20887108838921,"WUE_ET - WUE_T","Upland",-0.0280127256319913,0.2568759969617,-0.531489679676923,0.47546422841294
"WUE_ET_minus_WUE_E","Upland",0.76379832653831,"US-A03","1",1.20887108838921,"WUE_ET - WUE_E","Upland",-6.87910640602095,0.256875996961698,-7.38258336006588,-6.37562945197602
"WUE_E_minus_WUE_T","Upland",0.76379832653831,"US-A03","1",1.20887108838921,"WUE_E - WUE_T","Upland",7.10480736100275,0.256875996961698,6.60133040695782,7.60828431504768
"WUE_ET_minus_WUE_T","Freshwater",0.76379832653831,"US-A03","1",1.20887108838921,"WUE_ET - WUE_T","Freshwater",-0.5139132006899,0.31338220791948,-1.12814232821208,0.100315926832281
"WUE_ET_minus_WUE_E","Freshwater",0.76379832653831,"US-A03","1",1.20887108838921,"WUE_ET - WUE_E","Freshwater",-5.69585872869692,0.313382207919478,-6.3100878562191,-5.08162960117475
"WUE_E_minus_WUE_T","Freshwater",0.76379832653831,"US-A03","1",1.20887108838921,"WUE_E - WUE_T","Freshwater",5.15749649711282,0.313382207919478,4.54326736959064,5.77172562463499
"WUE_ET_minus_WUE_T","Saline",0.76379832653831,"US-A03","1",1.20887108838921,"WUE_ET - WUE_T","Saline",0.101960661054037,0.390165899590988,-0.662764502144299,0.866685824252372
"WUE_ET_minus_WUE_E","Saline",0.76379832653831,"US-A03","1",1.20887108838921,"WUE_ET - WUE_E","Saline",-4.13418699971211,0.390165899590987,-4.89891216291044,-3.36946183651377
"WUE_E_minus_WUE_T","Saline",0.76379832653831,"US-A03","1",1.20887108838921,"WUE_E - WUE_T","Saline",4.38816796479423,0.390165899590987,3.62344280159589,5.15289312799256
"WUE_ET_minus_WUE_T","Upland",0.769653803351037,"US-A03","1",1.24260231015983,"WUE_ET - WUE_T","Upland",0.0460296092514887,0.258165975223517,-0.459975702186604,0.552034920689581
"WUE_ET_minus_WUE_E","Upland",0.769653803351037,"US-A03","1",1.24260231015983,"WUE_ET - WUE_E","Upland",-6.95257021944219,0.258165975223515,-7.45857553088028,-6.4465649080041
"WUE_E_minus_WUE_T","Upland",0.769653803351037,"US-A03","1",1.24260231015983,"WUE_E - WUE_T","Upland",7.26269457708903,0.258165975223515,6.75668926565093,7.76869988852712
"WUE_ET_minus_WUE_T","Freshwater",0.769653803351037,"US-A03","1",1.24260231015983,"WUE_ET - WUE_T","Freshwater",-0.475701988135891,0.315140656395922,-1.0933776746719,0.141973698400116
"WUE_ET_minus_WUE_E","Freshwater",0.769653803351037,"US-A03","1",1.24260231015983,"WUE_ET - WUE_E","Freshwater",-5.76233247172287,0.31514065639592,-6.38000815825887,-5.14465678518687
"WUE_E_minus_WUE_T","Freshwater",0.769653803351037,"US-A03","1",1.24260231015983,"WUE_E - WUE_T","Freshwater",5.27427109976913,0.31514065639592,4.65659541323312,5.89194678630513
"WUE_ET_minus_WUE_T","Saline",0.769653803351037,"US-A03","1",1.24260231015983,"WUE_ET - WUE_T","Saline",0.151247824281867,0.393043129103911,-0.619116708761799,0.921612357325533
"WUE_ET_minus_WUE_E","Saline",0.769653803351037,"US-A03","1",1.24260231015983,"WUE_ET - WUE_E","Saline",-4.17682130947902,0.39304312910391,-4.94718584252268,-3.40645677643535
"WUE_E_minus_WUE_T","Saline",0.769653803351037,"US-A03","1",1.24260231015983,"WUE_E - WUE_T","Saline",4.48367850484771,0.39304312910391,3.71331397180405,5.25404303789138
"WUE_ET_minus_WUE_T","Upland",0.775509280163765,"US-A03","1",1.27633353193045,"WUE_ET - WUE_T","Upland",0.120071944134968,0.259484088223822,-0.388516868783723,0.62866075705366
"WUE_ET_minus_WUE_E","Upland",0.775509280163765,"US-A03","1",1.27633353193045,"WUE_ET - WUE_E","Upland",-7.02603403286343,0.259484088223821,-7.53462284578212,-6.51744521994474
"WUE_E_minus_WUE_T","Upland",0.775509280163765,"US-A03","1",1.27633353193045,"WUE_E - WUE_T","Upland",7.4205817931753,0.259484088223821,6.91199298025661,7.92917060609399
"WUE_ET_minus_WUE_T","Freshwater",0.775509280163765,"US-A03","1",1.27633353193045,"WUE_ET - WUE_T","Freshwater",-0.437490775581882,0.316934487775812,-1.05868237162247,0.18370082045871
"WUE_ET_minus_WUE_E","Freshwater",0.775509280163765,"US-A03","1",1.27633353193045,"WUE_ET - WUE_E","Freshwater",-5.82880621474882,0.31693448777581,-6.4499978107894,-5.20761461870823
"WUE_E_minus_WUE_T","Freshwater",0.775509280163765,"US-A03","1",1.27633353193045,"WUE_E - WUE_T","Freshwater",5.39104570242544,0.31693448777581,4.76985410638485,6.01223729846603
"WUE_ET_minus_WUE_T","Saline",0.775509280163765,"US-A03","1",1.27633353193045,"WUE_ET - WUE_T","Saline",0.200534987509697,0.395961438867102,-0.575549432669823,0.976619407689216
"WUE_ET_minus_WUE_E","Saline",0.775509280163765,"US-A03","1",1.27633353193045,"WUE_ET - WUE_E","Saline",-4.21945561924592,0.395961438867101,-4.99554003942544,-3.44337119906641
"WUE_E_minus_WUE_T","Saline",0.775509280163765,"US-A03","1",1.27633353193045,"WUE_E - WUE_T","Saline",4.57918904490119,0.395961438867101,3.80310462472168,5.35527346508071
"WUE_ET_minus_WUE_T","Upland",0.781364756976492,"US-A03","1",1.31006475370107,"WUE_ET - WUE_T","Upland",0.194114279018448,0.260829909423333,-0.317112343451284,0.70534090148818
"WUE_ET_minus_WUE_E","Upland",0.781364756976492,"US-A03","1",1.31006475370107,"WUE_ET - WUE_E","Upland",-7.09949784628466,0.260829909423331,-7.61072446875439,-6.58827122381493
"WUE_E_minus_WUE_T","Upland",0.781364756976492,"US-A03","1",1.31006475370107,"WUE_E - WUE_T","Upland",7.57846900926158,0.260829909423331,7.06724238679185,8.08969563173131
"WUE_ET_minus_WUE_T","Freshwater",0.781364756976492,"US-A03","1",1.31006475370107,"WUE_ET - WUE_T","Freshwater",-0.399279563027874,0.318763104710504,-1.02405524826046,0.225496122204715
"WUE_ET_minus_WUE_E","Freshwater",0.781364756976492,"US-A03","1",1.31006475370107,"WUE_ET - WUE_E","Freshwater",-5.89527995777476,0.318763104710502,-6.52005564300735,-5.27050427254218
"WUE_E_minus_WUE_T","Freshwater",0.781364756976492,"US-A03","1",1.31006475370107,"WUE_E - WUE_T","Freshwater",5.50782030508175,0.318763104710502,4.88304461984916,6.13259599031433
"WUE_ET_minus_WUE_T","Saline",0.781364756976492,"US-A03","1",1.31006475370107,"WUE_ET - WUE_T","Saline",0.249822150737526,0.398919927310456,-0.532060906790968,1.03170520826602
"WUE_ET_minus_WUE_E","Saline",0.781364756976492,"US-A03","1",1.31006475370107,"WUE_ET - WUE_E","Saline",-4.26208992901283,0.398919927310455,-5.04397298654132,-3.48020687148434
"WUE_E_minus_WUE_T","Saline",0.781364756976492,"US-A03","1",1.31006475370107,"WUE_E - WUE_T","Saline",4.67469958495468,0.398919927310455,3.89281652742619,5.45658264248317
"WUE_ET_minus_WUE_T","Upland",0.78722023378922,"US-A03","1",1.34379597547169,"WUE_ET - WUE_T","Upland",0.268156613901928,0.262203012165032,-0.245761289941535,0.782074517745391
"WUE_ET_minus_WUE_E","Upland",0.78722023378922,"US-A03","1",1.34379597547169,"WUE_ET - WUE_E","Upland",-7.1729616597059,0.262203012165031,-7.68687956354936,-6.65904375586244
"WUE_E_minus_WUE_T","Upland",0.78722023378922,"US-A03","1",1.34379597547169,"WUE_E - WUE_T","Upland",7.73635622534786,0.262203012165031,7.2224383215044,8.25027412919132
"WUE_ET_minus_WUE_T","Freshwater",0.78722023378922,"US-A03","1",1.34379597547169,"WUE_ET - WUE_T","Freshwater",-0.361068350473864,0.32062591202606,-0.989495138044941,0.267358437097214
"WUE_ET_minus_WUE_E","Freshwater",0.78722023378922,"US-A03","1",1.34379597547169,"WUE_ET - WUE_E","Freshwater",-5.96175370080071,0.320625912026058,-6.59018048837178,-5.33332691322963
"WUE_E_minus_WUE_T","Freshwater",0.78722023378922,"US-A03","1",1.34379597547169,"WUE_E - WUE_T","Freshwater",5.62459490773806,0.320625912026058,4.99616812016699,6.25302169530914
"WUE_ET_minus_WUE_T","Saline",0.78722023378922,"US-A03","1",1.34379597547169,"WUE_ET - WUE_T","Saline",0.299109313965357,0.401917707177497,-0.488649392102538,1.08686802003325
"WUE_ET_minus_WUE_E","Saline",0.78722023378922,"US-A03","1",1.34379597547169,"WUE_ET - WUE_E","Saline",-4.30472423877974,0.401917707177496,-5.09248294484763,-3.51696553271185
"WUE_E_minus_WUE_T","Saline",0.78722023378922,"US-A03","1",1.34379597547169,"WUE_E - WUE_T","Saline",4.77021012500816,0.401917707177496,3.98245141894027,5.55796883107606
"WUE_ET_minus_WUE_T","Upland",0.793075710601947,"US-A03","1",1.37752719724231,"WUE_ET - WUE_T","Upland",0.342198948785408,0.263602970122199,-0.174462872654102,0.858860770224918
"WUE_ET_minus_WUE_E","Upland",0.793075710601947,"US-A03","1",1.37752719724231,"WUE_ET - WUE_E","Upland",-7.24642547312714,0.263602970122198,-7.76308729456665,-6.72976365168763
"WUE_E_minus_WUE_T","Upland",0.793075710601947,"US-A03","1",1.37752719724231,"WUE_E - WUE_T","Upland",7.89424344143413,0.263602970122198,7.37758161999463,8.41090526287364
"WUE_ET_minus_WUE_T","Freshwater",0.793075710601947,"US-A03","1",1.37752719724231,"WUE_ET - WUE_T","Freshwater",-0.322857137919855,0.322522317298051,-0.955000879824035,0.309286603984326
"WUE_ET_minus_WUE_E","Freshwater",0.793075710601947,"US-A03","1",1.37752719724231,"WUE_ET - WUE_E","Freshwater",-6.02822744382666,0.32252231729805,-6.66037118573083,-5.39608370192248
"WUE_E_minus_WUE_T","Freshwater",0.793075710601947,"US-A03","1",1.37752719724231,"WUE_E - WUE_T","Freshwater",5.74136951039437,0.32252231729805,5.1092257684902,6.37351325229855
"WUE_ET_minus_WUE_T","Saline",0.793075710601947,"US-A03","1",1.37752719724231,"WUE_ET - WUE_T","Saline",0.348396477193187,0.404953905873268,-0.445313178318419,1.14210613270479
"WUE_ET_minus_WUE_E","Saline",0.793075710601947,"US-A03","1",1.37752719724231,"WUE_ET - WUE_E","Saline",-4.34735854854665,0.404953905873267,-5.14106820405825,-3.55364889303504
"WUE_E_minus_WUE_T","Saline",0.793075710601947,"US-A03","1",1.37752719724231,"WUE_E - WUE_T","Saline",4.86572066506165,0.404953905873267,4.07201100955004,5.65943032057325
