"site_name","Year","month","water_class","difference_type","Trans_ratio","Trans_ratio_z","SPEI_1","WUE_difference","simple_gam_fitted","simple_gam_residual"
"US-A03",2015,6,"Saline","WUE_ET_minus_WUE_T",0.252954658982922,-1.73390907990953,-0.250404030876904,-2.71892416630598,-4.80884081704609,2.08991665074011
"US-A03",2017,7,"Saline","WUE_ET_minus_WUE_T",0.250778861320323,-1.74644304013727,-0.0793113825681002,-7.42314038539349,-4.87428716707365,-2.54885321831984
"US-A03",2018,7,"Saline","WUE_ET_minus_WUE_T",0.187789984600124,-2.10929850651244,0.598347914505307,-8.52363284171434,-6.09832677103379,-2.42530607068055
"US-A03",2019,6,"Saline","WUE_ET_minus_WUE_T",0.302171321440203,-1.45039021214666,0.808188625825573,-2.77038021333929,-3.99065926610412,1.22027905276483
"US-A03",2019,7,"Saline","WUE_ET_minus_WUE_T",0.331341995117861,-1.28234882209611,0.887346387903712,-5.23833652167453,-3.60155681889157,-1.63677970278296
"US-A03",2020,6,"Saline","WUE_ET_minus_WUE_T",0.314167304335341,-1.38128582110664,-0.337731962168077,-3.30489069488708,-3.81339002879794,0.508499333910859
"US-A03",2020,8,"Saline","WUE_ET_minus_WUE_T",0.192817354833588,-2.08033769841917,-0.28847270881118,-9.09593295018768,-6.02900629141056,-3.06692665877712
"US-A03",2021,6,"Saline","WUE_ET_minus_WUE_T",0.266150136996973,-1.65789484409294,0.440495390642731,-1.61893612187363,-4.57589009431757,2.95695397244393
"US-A10",2012,6,"Saline","WUE_ET_minus_WUE_T",0.520663599078083,-0.191737551076989,0.139265404182261,-0.504049621172885,-1.92877115412157,1.42472153294868
"US-A10",2012,7,"Saline","WUE_ET_minus_WUE_T",0.457738390695981,-0.554226247861779,-0.860088491680558,-2.69864764000096,-2.38387705751755,-0.314770582483414
"US-A10",2012,8,"Saline","WUE_ET_minus_WUE_T",0.47526633742659,-0.453254272860758,-0.336805223964465,-2.96284455754305,-2.29041303125962,-0.672431526283431
"US-A10",2013,6,"Saline","WUE_ET_minus_WUE_T",0.384343965905968,-0.977024202408851,0.862521692993792,-1.35598680814438,-2.99520056268976,1.63921375454539
"US-A10",2013,8,"Saline","WUE_ET_minus_WUE_T",0.426414096183479,-0.734673845692375,0.957961444250388,-4.67363029224948,-2.66437354032414,-2.00925675192535
"US-A10",2014,7,"Saline","WUE_ET_minus_WUE_T",0.593621410370574,0.228545235673516,0.748660545720464,-0.926705872511348,-1.52120933201649,0.594503459505145
"US-A10",2015,8,"Saline","WUE_ET_minus_WUE_T",0.508675476758599,-0.26079666026736,0.949190782838457,-2.6400421820679,-2.06511792298638,-0.574924259081514
"US-A10",2016,6,"Saline","WUE_ET_minus_WUE_T",0.648791039965316,0.546356930669598,0.590823552008472,-0.288221566420432,-1.21379265580309,0.925571089382654
"US-A10",2016,7,"Saline","WUE_ET_minus_WUE_T",0.661600330688859,0.620146485293234,-0.483843682087474,-1.64700521926185,-1.1818963456704,-0.465108873591458
"US-A10",2016,8,"Saline","WUE_ET_minus_WUE_T",0.534196372299379,-0.113780283155298,-0.553789430441501,-2.37275189285061,-1.90333821955116,-0.469413673299452
"US-A10",2017,6,"Saline","WUE_ET_minus_WUE_T",0.714145392737973,0.922839023854246,0.0625297876892351,-0.787552153025431,-0.946610627325911,0.15905847430048
"US-A10",2017,7,"Saline","WUE_ET_minus_WUE_T",0.626425018554229,0.417514608776362,0.896930669781346,-1.77974223177177,-1.34810329304728,-0.431638938724483
"US-A10",2017,8,"Saline","WUE_ET_minus_WUE_T",0.451891095705129,-0.587910337202882,0.723479985628111,-3.97792052396162,-2.46107541374167,-1.51684511021995
"US-A10",2018,6,"Saline","WUE_ET_minus_WUE_T",0.512749102964545,-0.237330016412721,0.393762242852899,-0.420744879734072,-1.97936246612857,1.5586175863945
"US-A10",2020,6,"Saline","WUE_ET_minus_WUE_T",0.488547802541507,-0.37674469737132,-0.296499669165121,-1.73776437991758,-2.13922761121459,0.401463231297013
"US-A10",2020,7,"Saline","WUE_ET_minus_WUE_T",0.584118448878044,0.173802212716709,-0.184251790173387,-2.01233072908297,-1.57421406503679,-0.438116664046187
"US-A10",2021,6,"Saline","WUE_ET_minus_WUE_T",0.482147075093919,-0.41361690503827,0.676560581353335,-3.65970225648194,-2.18304454088029,-1.47665771560165
"US-A10",2021,8,"Saline","WUE_ET_minus_WUE_T",0.626406291613708,0.417406729844554,-0.141435486345317,-1.47411622331291,-1.38145667744813,-0.0926595458647756
"US-A10",2022,6,"Saline","WUE_ET_minus_WUE_T",0.339571399352674,-1.23494228832226,0.536457205750764,-4.59437257080667,-3.50969522888704,-1.08467734191963
"US-A10",2022,7,"Saline","WUE_ET_minus_WUE_T",0.52303866060968,-0.178055705891122,0.936293221570519,-2.77556238146109,-1.93988998160872,-0.835672399852377
"US-A10",2022,8,"Saline","WUE_ET_minus_WUE_T",0.431719802338575,-0.704109647986343,0.906030794455581,-4.5778042900684,-2.62028512361359,-1.9575191664548
"US-Atq",1999,6,"Freshwater","WUE_ET_minus_WUE_T",0.613163621081762,0.341120635503375,-0.444222397443271,-0.555253405765995,-0.812334673596986,0.257081267830991
"US-Atq",1999,7,"Freshwater","WUE_ET_minus_WUE_T",0.560085984602099,0.0353601339393859,-0.715020884441495,-0.616389246791414,-1.10599054951968,0.489601302728265
"US-Atq",1999,8,"Freshwater","WUE_ET_minus_WUE_T",0.453295176385155,-0.579821951181293,-0.272356875769605,-1.04698718364877,-1.69307770738247,0.646090523733701
"US-Atq",2000,6,"Freshwater","WUE_ET_minus_WUE_T",0.364258218326102,-1.09273071576615,-0.838656732308364,-2.97897465627518,-2.11172484445285,-0.867249811822338
"US-Atq",2000,7,"Freshwater","WUE_ET_minus_WUE_T",0.725792928723939,0.989936141986438,0.834837214937121,-0.264158095476769,-0.283106683241153,0.0189485877643845
"US-Atq",2001,8,"Freshwater","WUE_ET_minus_WUE_T",0.440778346215294,-0.651926749445894,0.725363358600853,-1.5147387938948,-1.75951525808752,0.244776464192718
"US-Atq",2002,6,"Freshwater","WUE_ET_minus_WUE_T",0.406286209381596,-0.850623107418164,0.584011274302304,-2.68279077635533,-1.88462763449557,-0.79816314185976
"US-Atq",2002,7,"Freshwater","WUE_ET_minus_WUE_T",0.306630850423194,-1.42470052607518,-0.881957632962417,-2.78421146175896,-2.45120251679051,-0.333008944968448
"US-Atq",2002,8,"Freshwater","WUE_ET_minus_WUE_T",0.309497087813252,-1.40818919964636,0.157795464918514,-3.24178446135248,-2.46886614364628,-0.772918317706201
"US-Atq",2003,5,"Freshwater","WUE_ET_minus_WUE_T",0.661982292058579,0.62234682252996,0.82682645240046,-0.0951859611805246,-0.610945495047904,0.515759533867379
"US-Atq",2003,8,"Freshwater","WUE_ET_minus_WUE_T",0.721331944435714,0.964238072443362,0.9050683279522,-0.12619725439504,-0.338074912742153,0.211877658347113
"US-Atq",2004,5,"Freshwater","WUE_ET_minus_WUE_T",0.774041190873871,1.2678764161395,0.786836262209212,-0.0111024346723468,-0.064639448919338,0.0535370142469912
"US-Atq",2004,6,"Freshwater","WUE_ET_minus_WUE_T",0.675105252264189,0.69794331025241,-0.5091188277994,-0.0906137098413141,-0.504973595727253,0.414359885885939
"US-Atq",2004,7,"Freshwater","WUE_ET_minus_WUE_T",0.591284486144797,0.215083085306958,0.893314003235786,-0.349834340508667,-0.948249658603953,0.598415318095286
"US-Atq",2004,8,"Freshwater","WUE_ET_minus_WUE_T",0.554508261580966,0.003228948347122,-0.539729212039169,-0.513941263796251,-1.16761989179987,0.653678628003617
"US-Atq",2005,6,"Freshwater","WUE_ET_minus_WUE_T",0.663647179125735,0.631937617042748,-0.41536463458611,-0.10171439343039,-0.561469828008537,0.459755434578147
"US-Atq",2005,7,"Freshwater","WUE_ET_minus_WUE_T",0.678063426021373,0.714984247861919,-0.842549508926646,-0.24931710653371,-0.516571509284316,0.267254402750607
"US-Atq",2006,6,"Freshwater","WUE_ET_minus_WUE_T",0.534575415641756,-0.111596755587634,0.982891222745219,-0.391853181586958,-1.21004866333527,0.818195481748307
"US-Atq",2006,7,"Freshwater","WUE_ET_minus_WUE_T",0.573467209298166,0.112444387232719,0.955154667586715,-0.723262666564653,-1.0381448880583,0.314882221493652
"US-Atq",2006,8,"Freshwater","WUE_ET_minus_WUE_T",0.483407993277769,-0.406353224854,0.17025918580074,-1.31256694342576,-1.53452990029965,0.221962956873892
"US-Brw",1998,8,"Upland","WUE_ET_minus_WUE_T",0.659668467888357,0.609017742982699,0.232559805894608,-0.538967306836276,-0.695561504407573,0.156594197571297
"US-Brw",1999,7,"Upland","WUE_ET_minus_WUE_T",0.687099319239596,0.767036664392199,-0.239693432655201,-0.621874454760573,-0.502302574885624,-0.119571879874949
"US-Brw",1999,8,"Upland","WUE_ET_minus_WUE_T",0.633276328486358,0.45698245437308,0.374147154836023,-1.3058575087229,-0.878545728500721,-0.427311780222179
"US-Brw",2000,8,"Upland","WUE_ET_minus_WUE_T",0.466175912363539,-0.505620827045459,0.404716342284351,-2.19343745061457,-2.31199801825509,0.11856056764052
"US-Brw",2001,6,"Upland","WUE_ET_minus_WUE_T",0.424520237725813,-0.745583659133842,-0.533936204446425,-0.423014668440315,-2.55225256867161,2.1292379002313
"US-Brw",2001,7,"Upland","WUE_ET_minus_WUE_T",0.611830499463529,0.333441018216854,-0.237776308118008,-1.0209179137239,-1.01610184654081,-0.00481606718309324
"US-Brw",2001,8,"Upland","WUE_ET_minus_WUE_T",0.637064981087044,0.478807471390963,0.741478936695866,-1.56536904253848,-0.850390201440836,-0.714978841097644
"US-Brw",2002,6,"Upland","WUE_ET_minus_WUE_T",0.268721878067357,-1.64308000131306,0.986834620089923,-1.20691250489715,-4.9484332696637,3.74152076476655
"US-Brw",2002,8,"Upland","WUE_ET_minus_WUE_T",0.582881115073662,0.166674393361474,0.980558558239053,-0.914977031566951,-1.30530519747283,0.39032816590588
"US-Brw",2003,7,"Upland","WUE_ET_minus_WUE_T",0.618456847707112,0.371612943284992,0.68288427411896,-0.977895815388837,-0.961335424411835,-0.0165603909770018
"US-Brw",2003,8,"Upland","WUE_ET_minus_WUE_T",0.558057460164428,0.0236745599267813,0.672647997101647,-1.59254266394651,-1.53706471652079,-0.0554779474257183
"US-Brw",2004,6,"Upland","WUE_ET_minus_WUE_T",0.35872146508439,-1.12462588971328,-0.0586613160670657,-1.33132770103273,-3.17402795433647,1.84270025330373
"US-Brw",2004,8,"Upland","WUE_ET_minus_WUE_T",0.424605947621433,-0.745089916337211,-0.358660946808893,-2.85089663201973,-2.6110321291364,-0.239864502883323
"US-Brw",2005,6,"Upland","WUE_ET_minus_WUE_T",0.813985677594134,1.49798173175549,-0.624501240103282,-0.0689553252914363,0.0907350080916824,-0.159690333383119
"US-Brw",2005,8,"Upland","WUE_ET_minus_WUE_T",0.595448783947438,0.239072054470744,0.462473996673154,-1.58442062175647,-1.19132944801184,-0.393091173744631
"US-Brw",2006,6,"Upland","WUE_ET_minus_WUE_T",0.440930084945738,-0.651052639116112,0.0399611107759245,-3.55097559196794,-2.43310580805024,-1.1178697839177
"US-BWb",2022,5,"Upland","WUE_ET_minus_WUE_T",0.545474371972362,-0.0488119261341453,0.619044669156131,-3.81018094828225,-2.19619784864875,-1.6139830996335
"US-BWb",2022,7,"Upland","WUE_ET_minus_WUE_T",0.453197500559749,-0.580384625244185,0.161514104893223,-2.36010939052251,-2.9316980613934,0.571588670870884
"US-BWb",2022,8,"Upland","WUE_ET_minus_WUE_T",0.589940733965301,0.207342229315041,-0.723519339034995,-1.6052034871657,-1.80059169858229,0.195388211416594
"US-BWb",2022,9,"Upland","WUE_ET_minus_WUE_T",0.589016000730925,0.202015185454222,-0.326251664198919,-1.18261550337191,-1.7845314559113,0.601915952539386
"US-BWb",2023,4,"Upland","WUE_ET_minus_WUE_T",0.51865320160882,-0.203318702373737,-0.448433922093017,-2.34018117921916,-2.4333585991054,0.0931774198862398
"US-BWb",2023,6,"Upland","WUE_ET_minus_WUE_T",0.398642535633576,-0.894655465940413,-0.653633181469406,-2.90699012362906,-3.31810568227954,0.411115558650486
"US-BWb",2023,7,"Upland","WUE_ET_minus_WUE_T",0.592856604180637,0.224139471970679,-0.270066082733114,-2.05942121468746,-1.74102841875557,-0.318392795931886
"US-CAK",2025,4,"Upland","WUE_ET_minus_WUE_T",0.289392811794131,-1.52400244844358,-0.119352178793491,-0.462202356009912,-4.30456683398438,3.84236447797447
"US-CAK",2025,6,"Upland","WUE_ET_minus_WUE_T",0.78859792053832,1.35173231588437,0.945006341605289,-0.529431520176538,0.131447144201625,-0.660878664378163
"US-CAK",2025,7,"Upland","WUE_ET_minus_WUE_T",0.456217342467803,-0.562988440378185,-0.0732813578408601,-3.5225051294447,-2.20217645439259,-1.32032867505211
"US-Ced",2005,7,"Upland","WUE_ET_minus_WUE_T",0.802228998179999,1.43025587897057,-0.591665886388359,-0.540400972343352,-0.568710290525099,0.0283093181817478
"US-Ced",2006,4,"Upland","WUE_ET_minus_WUE_T",0.605479875964593,0.296857440743076,-0.204298604897227,-1.25295265246155,-1.66396090441277,0.411008251951227
"US-Ced",2006,5,"Upland","WUE_ET_minus_WUE_T",0.754466540884372,1.15511414570529,-0.884822224149705,-0.609657331911531,-0.78638285407816,0.176725522166629
"US-Ced",2006,6,"Upland","WUE_ET_minus_WUE_T",0.788444298384698,1.35084735585491,0.833965163124888,-0.741342057999032,-0.600890181891148,-0.140451876107884
"US-Ced",2006,7,"Upland","WUE_ET_minus_WUE_T",0.813131596247967,1.4930616871171,-0.015053913513524,-0.578214759924371,-0.522503822427847,-0.0557109374965243
"US-Ced",2006,10,"Upland","WUE_ET_minus_WUE_T",0.621776539400409,0.390736451121843,0.704216657345518,-1.34283459518916,-1.52887693664302,0.186042341453859
"US-Ced",2007,6,"Upland","WUE_ET_minus_WUE_T",0.750277292930015,1.13098144800706,0.890175284623497,-0.840208099267671,-0.763122755150943,-0.0770853441167283
"US-Ced",2007,7,"Upland","WUE_ET_minus_WUE_T",0.754290792064341,1.15410172218898,0.193986166062214,-0.729061606289943,-0.772040443207253,0.0429788369173103
"US-Ced",2007,8,"Upland","WUE_ET_minus_WUE_T",0.790749626016849,1.36412749000983,0.0726167385885286,-0.693481299596633,-0.650555448619727,-0.0429258509769062
"US-Ced",2008,5,"Upland","WUE_ET_minus_WUE_T",0.545645680845991,-0.0478250794959486,0.752124046681053,-1.58735021076321,-2.21831179915253,0.630961588389324
"US-Ced",2008,6,"Upland","WUE_ET_minus_WUE_T",0.65008427316488,0.553806765627668,-0.575440663887446,-1.0838804887655,-1.28252202851377,0.19864153974827
"US-Ced",2008,7,"Upland","WUE_ET_minus_WUE_T",0.735709197230936,1.04706007276856,-0.47638393216528,-0.909684084849345,-0.852696549501589,-0.0569875353477558
"US-Ced",2008,8,"Upland","WUE_ET_minus_WUE_T",0.655205093202905,0.583305903251202,-0.997063882680206,-1.3021751142994,-1.30783175671347,0.00565664241406427
"US-Ced",2008,10,"Upland","WUE_ET_minus_WUE_T",0.820288394469581,1.53428933700824,-0.924418525354317,-0.555826137007399,-0.503010762157976,-0.0528153748494229
"US-Ced",2009,5,"Upland","WUE_ET_minus_WUE_T",0.698616564305052,0.833383225042064,0.563202137019947,-0.954379095711968,-1.04109991562915,0.0867208199171845
"US-Ced",2009,7,"Upland","WUE_ET_minus_WUE_T",0.843705803333667,1.66918831055909,0.317648597055317,-0.419659061854602,-0.392624946885546,-0.0270341149690565
"US-Ced",2009,9,"Upland","WUE_ET_minus_WUE_T",0.795449747728448,1.39120314121183,0.51220230219816,-0.719118228122845,-0.606224575688103,-0.112893652434743
"US-Ced",2009,10,"Upland","WUE_ET_minus_WUE_T",0.720191780237203,0.957670011008755,0.893124018558542,-1.0125235144809,-0.933359827562446,-0.0791636869184509
"US-Ced",2010,5,"Upland","WUE_ET_minus_WUE_T",0.736102375035927,1.04932502371271,-0.209649778841126,-0.88569326152959,-0.866058722219337,-0.0196345393102524
"US-Ced",2010,10,"Upland","WUE_ET_minus_WUE_T",0.763110888460759,1.20491101357566,0.58478602238873,-0.828736951617519,-0.745256142171512,-0.0834808094460073
"US-Ced",2011,7,"Upland","WUE_ET_minus_WUE_T",0.785148757325337,1.33186297082825,-0.522902270645475,-0.683840709309524,-0.640986904648067,-0.0428538046614562
"US-Ced",2011,10,"Upland","WUE_ET_minus_WUE_T",0.727179400071141,0.997923087198049,0.203941544671681,-0.876371317655824,-0.901568492595767,0.0251971749399433
"US-Ced",2012,5,"Upland","WUE_ET_minus_WUE_T",0.718472710672755,0.947767091302631,0.646397030693124,-1.0132743577984,-0.945511248988208,-0.0677631088101918
"US-Ced",2012,6,"Upland","WUE_ET_minus_WUE_T",0.805481686753119,1.4489934067791,0.441425009872163,-0.538617334319457,-0.528774379808787,-0.00984295451066952
"US-Ced",2012,8,"Upland","WUE_ET_minus_WUE_T",0.854925761791441,1.73382231374969,0.128078301123783,-0.419121187067167,-0.378156579649438,-0.0409646074177288
"US-Ced",2012,9,"Upland","WUE_ET_minus_WUE_T",0.786540153264847,1.33987828478259,0.444410305229252,-0.548770635477372,-0.643916513071117,0.0951458775937453
"US-Ced",2013,5,"Upland","WUE_ET_minus_WUE_T",0.688826841834971,0.776988278862211,0.0808019294131627,-0.920028108301667,-1.09165144495946,0.17162333665779
"US-Ced",2013,7,"Upland","WUE_ET_minus_WUE_T",0.814405116562627,1.50039796348486,0.29088179307087,-0.530486782169306,-0.517102181706821,-0.0133846004624854
"US-Ced",2013,8,"Upland","WUE_ET_minus_WUE_T",0.815287102037235,1.50547875341776,0.2468754676111,-0.52198523403854,-0.546620025315967,0.0246347912774265
"US-Ced",2013,9,"Upland","WUE_ET_minus_WUE_T",0.792524334300476,1.37435092366138,-0.945233717801286,-0.577893331001975,-0.618602960050262,0.0407096290482869
"US-Ced",2013,10,"Upland","WUE_ET_minus_WUE_T",0.790051770067388,1.36010740171504,-0.988844873004719,-0.560503049817656,-0.631121971945937,0.0706189221282809
"US-Ced",2014,5,"Upland","WUE_ET_minus_WUE_T",0.68734283802954,0.768439485472641,0.150632676226366,-0.935880570299719,-1.09955383451123,0.163673264211508
"US-Ced",2014,6,"Upland","WUE_ET_minus_WUE_T",0.757295383033449,1.17141005207403,-0.499229074795508,-0.813150514695524,-0.733023584134993,-0.0801269305605303
"US-Ced",2014,7,"Upland","WUE_ET_minus_WUE_T",0.82901937093513,1.58458524165487,0.954434013302159,-0.512228044201452,-0.45505744473135,-0.0571705994701022
"US-Ced",2014,8,"Upland","WUE_ET_minus_WUE_T",0.777789767380148,1.28947056969887,0.75210645888904,-0.747322629027111,-0.705379835484147,-0.0419427935429648
"US-Ced",2014,9,"Upland","WUE_ET_minus_WUE_T",0.769466859850777,1.2415253982588,-0.641137913014734,-0.771209162581031,-0.716195143670416,-0.0550140189106147
"US-Ced",2014,10,"Upland","WUE_ET_minus_WUE_T",0.744925469482062,1.10015158574755,0.0270703760850305,-0.865897858115476,-0.82327790824221,-0.0426199498732656
"US-CGG",2020,3,"Upland","WUE_ET_minus_WUE_T",0.544169398950239,-0.0563293898389318,-0.17001428196357,-1.81240899911209,-2.25580220385385,0.443393204741759
"US-CGG",2020,4,"Upland","WUE_ET_minus_WUE_T",0.466127108981759,-0.505901965157116,-0.0322040626884441,-2.72740494238659,-2.90556439437992,0.178159451993334
"US-CGG",2021,2,"Upland","WUE_ET_minus_WUE_T",0.151304207544846,-2.31947948351672,-0.649453458565462,-11.2674087354699,-9.77476446781846,-1.49264426765141
"US-CGG",2021,3,"Upland","WUE_ET_minus_WUE_T",0.299536446646414,-1.46556874480072,-0.293707060629872,-6.43460118589434,-4.83172782224011,-1.60287336365422
"US-CGG",2022,3,"Upland","WUE_ET_minus_WUE_T",0.557585119592976,0.0209535817594219,-0.891280025786415,-2.17399390148428,-2.13059677172891,-0.0433971297553715
"US-CGG",2022,4,"Upland","WUE_ET_minus_WUE_T",0.530297535846461,-0.136240028321546,0.224348525336364,-2.39489527626512,-2.3866670676875,-0.00822820857761997
"US-CGG",2023,2,"Upland","WUE_ET_minus_WUE_T",0.509978639264915,-0.253289626270033,0.448697473770403,-1.37275473845981,-2.55984154567377,1.18708680721396
"US-CGG",2024,3,"Upland","WUE_ET_minus_WUE_T",0.590382233950553,0.20988554634806,0.715904285578071,-1.7514628961987,-1.82594076545649,0.0744778692577901
"US-CGG",2024,4,"Upland","WUE_ET_minus_WUE_T",0.656379681489469,0.590072269040088,0.292679974868755,-1.49862588397032,-1.30992088450266,-0.18870499946766
"US-CGG",2024,5,"Upland","WUE_ET_minus_WUE_T",0.502317802758648,-0.297420853052395,0.380173165056691,-2.04777421611741,-2.63228169846148,0.584507482344067
"US-CGG",2025,3,"Upland","WUE_ET_minus_WUE_T",0.713867608499326,0.921238812281758,0.208302721856359,-0.94388193049614,-0.990796613139216,0.0469146826430764
"US-Cms",1999,7,"Upland","WUE_ET_minus_WUE_T",0.724958925901673,0.98513176224848,-0.239693432655201,-0.72311601776611,-0.730081727354374,0.00696570958826404
"US-Cms",1999,8,"Upland","WUE_ET_minus_WUE_T",0.544979806826913,-0.0516609317975057,0.374147154836023,-2.4600874751263,-2.07200846342082,-0.388079011705485
"US-Cms",2000,8,"Upland","WUE_ET_minus_WUE_T",0.533395569260495,-0.118393411302345,0.404716342284351,-2.27240900233408,-2.17829682804482,-0.0941121742892563
"US-Cms",2001,6,"Upland","WUE_ET_minus_WUE_T",0.631237625162998,0.445238243589891,-0.533936204446425,-0.209103429995443,-1.24735507317457,1.03825164317913
"US-Cms",2001,7,"Upland","WUE_ET_minus_WUE_T",0.68677198064929,0.765150988650185,-0.237776308118008,-0.563146904007205,-0.916872518478136,0.353725614470931
"US-Cms",2001,8,"Upland","WUE_ET_minus_WUE_T",0.683939813185782,0.748835926383103,0.741478936695866,-0.903523297107073,-0.965452920712082,0.0619296236050091
"US-Cms",2002,6,"Upland","WUE_ET_minus_WUE_T",0.645744668639857,0.528807919707528,0.986834620089923,-0.162905683036189,-1.14167978728396,0.978774104247773
"US-Cms",2003,7,"Upland","WUE_ET_minus_WUE_T",0.615727894851515,0.355892461944577,0.68288427411896,-2.13862933700415,-1.39650182273071,-0.742127514273441
"US-Cms",2003,8,"Upland","WUE_ET_minus_WUE_T",0.624083671386951,0.4040269794906,0.672647997101647,-1.8367309469403,-1.36226399191121,-0.474466955029088
"US-Cms",2004,6,"Upland","WUE_ET_minus_WUE_T",0.645567495764351,0.527787292737841,-0.0586613160670657,-0.685778251542425,-1.14291414770873,0.457135896166302
"US-Cms",2004,8,"Upland","WUE_ET_minus_WUE_T",0.531347638277852,-0.130190779194964,-0.358660946808893,-1.36663652237483,-2.19681305256312,0.830176530188293
"US-Cms",2005,7,"Upland","WUE_ET_minus_WUE_T",0.76303070916055,1.20444913048001,-0.808667178863509,-0.533694472632748,-0.564080150069259,0.030385677436511
"US-Cms",2005,8,"Upland","WUE_ET_minus_WUE_T",0.727701085655767,1.00092832361386,0.462473996673154,-1.0495866552003,-0.750963028221993,-0.298623626978304
"US-Dix",2005,5,"Upland","WUE_ET_minus_WUE_T",0.731997633748548,1.02567913745889,-0.615868148656485,-0.798109295568902,-0.93167039601157,0.133561100442668
"US-Dix",2005,6,"Upland","WUE_ET_minus_WUE_T",0.723712852713046,0.977953598554511,-0.134825146387107,-1.00845199087267,-0.927665240691432,-0.0807867501812383
"US-Dix",2005,7,"Upland","WUE_ET_minus_WUE_T",0.789629863037022,1.35767695240015,-0.607707786088264,-0.590347220293291,-0.669473327509739,0.0791261072164482
"US-Dix",2006,5,"Upland","WUE_ET_minus_WUE_T",0.575884533466549,0.126369691733622,-0.880321285793,-2.0393139662935,-1.98280889586824,-0.0565050704252563
"US-Dix",2006,6,"Upland","WUE_ET_minus_WUE_T",0.562749733542488,0.0507049998014127,0.8313048672139,-2.05962287056659,-2.06449649712774,0.00487362656115931
"US-Dix",2006,7,"Upland","WUE_ET_minus_WUE_T",0.641464035211247,0.504148784317332,-0.0239641013677031,-1.58680301668853,-1.41613398529654,-0.170669031391988
"US-Dix",2007,7,"Upland","WUE_ET_minus_WUE_T",0.573462218077997,0.112415634671687,0.198309411349725,-1.64551535887346,-1.99028811706146,0.344772758187998
"US-Dix",2007,8,"Upland","WUE_ET_minus_WUE_T",0.692642842891556,0.798970840151981,0.0706381449223179,-1.33821124518711,-1.13723436625729,-0.200976878929826
"US-Dmg",2022,4,"Freshwater","WUE_ET_minus_WUE_T",0.553414016775882,-0.00307458855894211,0.21950715967657,-0.888994522584497,-1.31374372112972,0.424749198545225
"US-Dmg",2022,6,"Freshwater","WUE_ET_minus_WUE_T",0.623161151432975,0.3987126855141,-0.793528127154536,-1.00081939566481,-0.925807475617404,-0.0750119200474038
"US-Dmg",2022,8,"Freshwater","WUE_ET_minus_WUE_T",0.630628459406826,0.441729066476961,-0.495748891486527,-0.90207577946438,-0.948010096978749,0.0459343175143692
"US-Dmg",2022,9,"Freshwater","WUE_ET_minus_WUE_T",0.524992152832371,-0.166802364532557,-0.282926593624064,-1.23433249480409,-1.45766620216812,0.223333707364027
"US-Dmg",2022,10,"Freshwater","WUE_ET_minus_WUE_T",0.511883715497916,-0.242315191401533,-0.316311140246945,-1.57413985263987,-1.52737090553457,-0.0467689471052934
"US-Dmg",2023,8,"Freshwater","WUE_ET_minus_WUE_T",0.641703824221476,0.505530119525528,-0.365183668005962,-1.02840699903457,-0.892944862405442,-0.135462136629124
"US-Dmg",2024,4,"Freshwater","WUE_ET_minus_WUE_T",0.58659721815811,0.188081479628392,0.409998784181741,-0.736924472172066,-1.14566316745576,0.408738695283694
"US-Dmg",2024,5,"Freshwater","WUE_ET_minus_WUE_T",0.643887249156832,0.518108017631782,0.460864850300177,-0.824799095682731,-0.863943616930362,0.0391445212476311
"US-Dmg",2024,6,"Freshwater","WUE_ET_minus_WUE_T",0.627336796410169,0.422767021525637,-0.442553510335918,-0.931899787694441,-0.904988846243715,-0.0269109414507265
"US-Dmg",2024,8,"Freshwater","WUE_ET_minus_WUE_T",0.583584048763496,0.170723732627964,0.141908774458449,-1.13646379174179,-1.18371122224121,0.047247430499417
"US-Dmg",2024,9,"Freshwater","WUE_ET_minus_WUE_T",0.509784689878995,-0.254406896469879,0.0935548864636732,-1.48169774597138,-1.53617673376034,0.0544789877889591
"US-Dmg",2025,4,"Freshwater","WUE_ET_minus_WUE_T",0.574663671393414,0.119336759889244,-0.370134727746047,-0.847034998224891,-1.20590391069058,0.358868912465693
"US-Dmg",2025,5,"Freshwater","WUE_ET_minus_WUE_T",0.6333637471573,0.457486040788117,-0.514940813009019,-0.768980473161129,-0.916232557294503,0.147252084133374
"US-Dmg",2025,6,"Freshwater","WUE_ET_minus_WUE_T",0.657533817666579,0.596720817841266,0.55071964765448,-0.8636248999445,-0.755088988793429,-0.108535911151071
"US-Dmg",2025,8,"Freshwater","WUE_ET_minus_WUE_T",0.627395615116888,0.423105854195298,-0.202616057635113,-0.847446607859635,-0.96411260589758,0.116665998037945
"US-EDN",2018,4,"Saline","WUE_ET_minus_WUE_T",0.365589157562322,-1.08506367036985,0.780146601401199,-0.804131662606451,-1.84537674833233,1.04124508572587
"US-EDN",2018,5,"Saline","WUE_ET_minus_WUE_T",0.36771591463042,-1.07281221474794,-0.600312342399067,-1.2579913792371,-1.82624103144046,0.568249652203355
"US-EDN",2018,6,"Saline","WUE_ET_minus_WUE_T",0.377491619337831,-1.01649801967965,-0.804828565602857,-1.01529921493746,-1.67867089629685,0.663371681359387
"US-EDN",2018,8,"Saline","WUE_ET_minus_WUE_T",0.451888479423485,-0.587925408627323,0.151100955883804,-1.19338907902266,-1.07309434923006,-0.120294729792596
"US-EDN",2018,9,"Saline","WUE_ET_minus_WUE_T",0.417237161141795,-0.78753875165405,-0.447822532657852,-1.28206944535515,-1.33063280832039,0.0485633629652427
"US-EDN",2019,3,"Saline","WUE_ET_minus_WUE_T",0.373007270391193,-1.04233068432057,0.646655584246073,-0.96947757151467,-1.75923952376585,0.789761952251185
"US-EDN",2019,4,"Saline","WUE_ET_minus_WUE_T",0.35243219067949,-1.16085605789819,-0.778522394742302,-1.38450239229476,-1.99857203706165,0.614069644766894
"US-EDN",2019,6,"Saline","WUE_ET_minus_WUE_T",0.348999325827135,-1.18063151416704,-0.429866562155101,-1.54473258285834,-2.00365855358606,0.458925970727725
"US-EDN",2019,7,"Saline","WUE_ET_minus_WUE_T",0.392570717236153,-0.929632951030819,0.188727907065059,-1.40812019925743,-1.55071603809465,0.142595838837223
"US-EDN",2019,9,"Saline","WUE_ET_minus_WUE_T",0.271735887762646,-1.62571741365332,-0.851063468453787,-1.99964586616567,-3.16890798936395,1.16926212319828
"US-EDN",2020,3,"Saline","WUE_ET_minus_WUE_T",0.369953707949635,-1.05992112062505,0.0416338698577292,-1.18782323066358,-1.7926341250659,0.604810894402322
"US-EDN",2020,4,"Saline","WUE_ET_minus_WUE_T",0.33694278903771,-1.25008473364625,0.511255759253983,-1.50306000109127,-2.19213205759031,0.689072056499048
"US-EDN",2020,5,"Saline","WUE_ET_minus_WUE_T",0.37821697307117,-1.01231952689009,-0.203199609570871,-1.33249706561678,-1.7122417261475,0.37974466053072
"US-EDN",2020,7,"Saline","WUE_ET_minus_WUE_T",0.329870424806313,-1.29082599075673,-0.490482845547282,-1.73148376457512,-2.27500979828025,0.543526033705137
"US-EDN",2021,3,"Saline","WUE_ET_minus_WUE_T",0.196876077488321,-2.05695690837409,-0.651603603077906,-2.32768785049463,-4.5734785516198,2.24579070112517
"US-EDN",2021,8,"Saline","WUE_ET_minus_WUE_T",0.372405404888509,-1.04579780739123,0.654335719390029,-1.75925094380988,-1.79275089089931,0.0334999470894275
"US-EDN",2021,9,"Saline","WUE_ET_minus_WUE_T",0.290514639228106,-1.51754001828221,-0.425735666410375,-2.52316770611022,-2.86028554086046,0.33711783475024
"US-EDN",2022,4,"Saline","WUE_ET_minus_WUE_T",0.413718099908875,-0.807810753178161,-0.0208109206391319,-1.2403541361912,-1.36327153115596,0.122917394964762
"US-EDN",2022,7,"Saline","WUE_ET_minus_WUE_T",0.378626221088731,-1.00996200143468,0.117299377174695,-2.02814536292319,-1.69282402621486,-0.335321336708323
"US-EDN",2023,7,"Saline","WUE_ET_minus_WUE_T",0.323036872030836,-1.33019154398543,-0.327273523309976,-3.15872661136552,-2.36810939574552,-0.790617215620001
"US-EDN",2024,3,"Saline","WUE_ET_minus_WUE_T",0.412473087806656,-0.814982804348402,0.517175626851818,-1.19108757282468,-1.37026669516552,0.179179122340846
"US-EDN",2024,4,"Saline","WUE_ET_minus_WUE_T",0.426104124261665,-0.73645947852327,0.29701813134633,-1.4057178416186,-1.25612135059602,-0.14959649102258
"US-EDN",2024,5,"Saline","WUE_ET_minus_WUE_T",0.385806504806336,-0.968599060345402,0.321352114184938,-1.8325227831097,-1.63351295011593,-0.199009832993763
"US-EDN",2024,6,"Saline","WUE_ET_minus_WUE_T",0.341258751662716,-1.2252220799096,-0.956400777056965,-2.74288631519445,-2.10017075416552,-0.642715561028929
"US-EKH",2022,7,"Saline","WUE_ET_minus_WUE_T",0.381225028790452,-0.994991237869296,-0.35934283089688,-1.30266505346466,-2.00474468160451,0.702079628139847
"US-EKH",2023,2,"Saline","WUE_ET_minus_WUE_T",0.362561288137943,-1.10250609876854,0.179411251242535,-1.16428185704644,-2.21481947344499,1.05053761639856
"US-EKH",2023,5,"Saline","WUE_ET_minus_WUE_T",0.352899159668643,-1.15816602341648,0.733939971135897,-1.95113743743101,-2.33681638705147,0.385678949620456
"US-EKH",2023,6,"Saline","WUE_ET_minus_WUE_T",0.220700686028164,-1.91971220910231,0.930230758535607,-4.78104190784966,-4.40693430859011,-0.374107599259552
"US-EKH",2023,8,"Saline","WUE_ET_minus_WUE_T",0.236716279431713,-1.82745233852969,-0.668545256162851,-5.69787787533139,-4.16001792271803,-1.53785995261336
"US-EKH",2024,2,"Saline","WUE_ET_minus_WUE_T",0.399488223888882,-0.889783770773498,0.716215327171834,-1.43685939632401,-1.82924852294759,0.392389126623582
"US-EKH",2024,3,"Saline","WUE_ET_minus_WUE_T",0.509006137221368,-0.258891848454902,0.358547903300228,-1.12667624373591,-0.987161972929286,-0.139514270806628
"US-EKH",2024,5,"Saline","WUE_ET_minus_WUE_T",0.400645999534734,-0.88311425634797,0.266986685534067,-1.58004958838238,-1.82704420583236,0.246994617449983
"US-EKH",2024,8,"Saline","WUE_ET_minus_WUE_T",0.168555118026084,-2.22010341120047,-0.93561142537519,-3.76044713225247,-5.52198462782502,1.76153749557255
"US-EKN",2024,3,"Saline","WUE_ET_minus_WUE_T",0.501138375730909,-0.304215093027603,0.358547903300228,-0.318311466363862,-1.17109163794884,0.852780171584977
"US-EKN",2024,4,"Saline","WUE_ET_minus_WUE_T",0.597101476655095,0.248592601818739,0.270690515876375,-0.143230469143385,-0.596136085370679,0.452905616227294
"US-EKN",2024,5,"Saline","WUE_ET_minus_WUE_T",0.681119741608198,0.732590544011211,0.266986685534067,-0.103231300901573,-0.197638690381673,0.0944073894800995
"US-EKP",2022,7,"Saline","WUE_ET_minus_WUE_T",0.625258104860107,0.410792453457081,-0.35934283089688,-1.89009554468,-1.48757173551124,-0.402523809168761
"US-EKP",2023,5,"Saline","WUE_ET_minus_WUE_T",0.318881162544552,-1.35413103905635,0.733939971135897,-3.3455947115394,-3.96285547611269,0.617260764573285
"US-EKP",2023,6,"Saline","WUE_ET_minus_WUE_T",0.620424426578998,0.38294743258474,0.930230758535607,-2.01474252152382,-1.48597609480317,-0.528766426720644
"US-EKP",2023,8,"Saline","WUE_ET_minus_WUE_T",0.63634226254093,0.474644158933861,-0.668545256162851,-1.95145384796568,-1.46595480327565,-0.485499044690036
"US-EKP",2023,9,"Saline","WUE_ET_minus_WUE_T",0.48240185998162,-0.412149184163313,0.533555536053897,-3.16580629082716,-2.34985413887795,-0.815952151949211
"US-EKP",2024,5,"Saline","WUE_ET_minus_WUE_T",0.685059637636896,0.755286818105974,0.266986685534067,-1.0991196919631,-1.23163428888139,0.132514596918287
"US-EKP",2024,8,"Saline","WUE_ET_minus_WUE_T",0.648433537193505,0.544297490308847,-0.93561142537519,-1.65860848969953,-1.40846632526336,-0.250142164436172
"US-EKP",2024,9,"Saline","WUE_ET_minus_WUE_T",0.54812885812124,-0.0335204197652303,-0.686358222912867,-3.06638887226408,-1.92718425836274,-1.13920461390133
"US-Elm",2015,4,"Freshwater","WUE_ET_minus_WUE_T",0.570034267959155,0.0926684903527206,0.984181682958889,-0.252446981051856,-0.361984511917723,0.109537530865867
"US-Elm",2016,3,"Freshwater","WUE_ET_minus_WUE_T",0.386881817108546,-0.962404586539326,0.0815376260268104,-0.637254245908438,-1.31773997895626,0.680485733047824
"US-Elm",2016,5,"Freshwater","WUE_ET_minus_WUE_T",0.518854809339885,-0.202157315298912,0.447652972000238,-0.251755195624512,-0.628225952976942,0.37647075735243
"US-Elm",2016,6,"Freshwater","WUE_ET_minus_WUE_T",0.583058681832385,0.167697289345718,-0.527677326220364,-0.219757262541931,-0.25959527638123,0.0398380138392992
"US-Elm",2017,3,"Freshwater","WUE_ET_minus_WUE_T",0.495485611042391,-0.336778565725691,-0.199625854460786,-0.385714889939581,-0.740562149543074,0.354847259603492
"US-Elm",2017,4,"Freshwater","WUE_ET_minus_WUE_T",0.596015874378297,0.242338851300294,0.0930618452793378,-0.274996891107867,-0.230919642035349,-0.0440772490725175
"US-Elm",2017,5,"Freshwater","WUE_ET_minus_WUE_T",0.542734470739306,-0.0645954770007295,-0.764840646470992,-0.223479145759184,-0.505585074298591,0.282105928539406
"US-Elm",2017,6,"Freshwater","WUE_ET_minus_WUE_T",0.577252850938858,0.134252059231135,0.69585595871411,-0.201645237068069,-0.288907244296909,0.0872620072288403
"US-Elm",2017,7,"Freshwater","WUE_ET_minus_WUE_T",0.495790152560201,-0.335024215430372,0.234069673299179,-0.16716485091372,-0.732686505295894,0.565521654382174
"US-Elm",2018,4,"Freshwater","WUE_ET_minus_WUE_T",0.520503461477359,-0.192660044171333,-0.2039720058512,-0.286065438394681,-0.615027918848583,0.328962480453903
"US-Elm",2018,6,"Freshwater","WUE_ET_minus_WUE_T",0.352936486323493,-1.15795099845558,-0.699388250913771,-0.597154652166243,-1.46924386776844,0.872089215602196
"US-Elm",2018,7,"Freshwater","WUE_ET_minus_WUE_T",0.390227366710319,-0.943132120919324,-0.703178739653629,-0.210018853288476,-1.29338129376556,1.08336244047709
"US-Elm",2019,4,"Freshwater","WUE_ET_minus_WUE_T",0.47070241370146,-0.479545338172794,-0.442638676709738,-0.277763045411062,-0.87440134179513,0.596638296384068
"US-Elm",2019,5,"Freshwater","WUE_ET_minus_WUE_T",0.53215543308155,-0.125537374094041,-0.345164484751196,-0.213604190153262,-0.559778678582372,0.34617448842911
"US-Elm",2019,6,"Freshwater","WUE_ET_minus_WUE_T",0.380609904024022,-0.998534742621629,-0.315294710569981,-0.365922297532796,-1.31920111734762,0.953278819814824
"US-Elm",2019,7,"Freshwater","WUE_ET_minus_WUE_T",0.452077018017983,-0.586839307982278,-0.529166948577655,-0.298709022663249,-0.96233180033642,0.66362277767317
"US-Elm",2020,4,"Freshwater","WUE_ET_minus_WUE_T",0.510024549074931,-0.253025156947954,-0.491521083449654,-0.361486637058582,-0.66917216003294,0.307685522974358
"US-Elm",2020,6,"Freshwater","WUE_ET_minus_WUE_T",0.540019032517516,-0.0802381055676323,-0.498141553856429,-0.0550220139330608,-0.47822198228154,0.423199968348479
"US-Elm",2020,7,"Freshwater","WUE_ET_minus_WUE_T",0.467970977395962,-0.495280125743436,0.879347764133156,-0.152078755232753,-0.878376420809256,0.726297665576504
"US-Elm",2021,4,"Freshwater","WUE_ET_minus_WUE_T",0.544691571830902,-0.0533213462920849,-0.380966239777625,-0.191232282195204,-0.490888188430684,0.299655906235479
"US-Elm",2021,6,"Freshwater","WUE_ET_minus_WUE_T",0.595157710603515,0.23739528931064,0.174170925869524,-0.194731293879273,-0.198673869053635,0.00394257517436236
"US-Elm",2021,7,"Freshwater","WUE_ET_minus_WUE_T",0.596165939359718,0.243203319785129,0.734037433069575,-0.0971489090300764,-0.21976438622516,0.122615477195084
"US-Elm",2022,3,"Freshwater","WUE_ET_minus_WUE_T",0.407030383307382,-0.846336198507169,-0.306641315536437,-0.16124813561039,-1.20913418407024,1.04788604845985
"US-Elm",2022,4,"Freshwater","WUE_ET_minus_WUE_T",0.45256979156281,-0.584000623063036,0.143920373091716,-0.354300090328651,-0.970122438294189,0.615822347965538
"US-Elm",2022,5,"Freshwater","WUE_ET_minus_WUE_T",0.417491496604545,-0.786073619748906,0.329811442337019,-0.210453880114053,-1.16177846847378,0.951324588359723
"US-Elm",2023,3,"Freshwater","WUE_ET_minus_WUE_T",0.39249588246108,-0.930064046307071,-0.417421107345096,-0.502408418312956,-1.28742635734758,0.785017939034623
"US-Elm",2023,5,"Freshwater","WUE_ET_minus_WUE_T",0.436034676051139,-0.679253267068848,0.562122277518312,-0.570783660890978,-1.06266860605944,0.49188494516846
"US-Elm",2023,6,"Freshwater","WUE_ET_minus_WUE_T",0.394105018490068,-0.920794412767589,0.236696116676574,-0.518903468655872,-1.2462976376413,0.727394168985426
"US-Elm",2023,7,"Freshwater","WUE_ET_minus_WUE_T",0.335314936707873,-1.25946218482634,-0.174516772074855,-0.347477047454388,-1.59119144452522,1.24371439707083
"US-Esm",2016,2,"Freshwater","WUE_ET_minus_WUE_T",0.119505111546532,-2.50266223592604,0.400048858257894,-2.06555314022953,-2.15759645514028,0.0920433149107547
"US-Esm",2016,3,"Freshwater","WUE_ET_minus_WUE_T",0.265776251116693,-1.66004866144171,0.0343851266161226,-0.280669693245001,-1.36801760820657,1.08734791496156
"US-Esm",2016,5,"Freshwater","WUE_ET_minus_WUE_T",0.202000242493051,-2.02743850164279,0.465635176185937,-0.168827056137927,-1.72202905590703,1.55320199976911
"US-Esm",2017,1,"Freshwater","WUE_ET_minus_WUE_T",0.132206603602249,-2.42949366929148,-0.273071903727403,-0.0643681924757269,-2.08666172465451,2.02229353217878
"US-Esm",2017,3,"Freshwater","WUE_ET_minus_WUE_T",0.151470987034026,-2.31851872897593,-0.207929480295539,-1.45070010567516,-1.98554356599735,0.534843460322195
"US-Esm",2017,4,"Freshwater","WUE_ET_minus_WUE_T",0.20426731664889,-2.01437873152213,0.102986227870056,-1.28168394313508,-1.7050964993255,0.423412556190428
"US-Esm",2017,5,"Freshwater","WUE_ET_minus_WUE_T",0.248539961514978,-1.75934050831477,-0.778222951841236,-0.867241155532905,-1.47031746720726,0.603076311674358
"US-Esm",2017,6,"Freshwater","WUE_ET_minus_WUE_T",0.168153757311483,-2.22241550084017,0.693655426566533,-1.61120513995524,-1.86326335947337,0.252058219518128
"US-Esm",2018,1,"Freshwater","WUE_ET_minus_WUE_T",0.312673033198605,-1.38989376076906,0.129319867967343,-0.0658213162881075,-1.11049951215555,1.04467819586744
"US-Esm",2018,4,"Freshwater","WUE_ET_minus_WUE_T",0.226615973998731,-1.88563643752064,-0.18199214544604,-1.08010274386939,-1.58433059026812,0.50422784639873
"US-Esm",2018,6,"Freshwater","WUE_ET_minus_WUE_T",0.318722405469579,-1.35504557945585,-0.716224666359147,-0.344401697846037,-1.04769848953422,0.703296791688186
"US-Esm",2019,1,"Freshwater","WUE_ET_minus_WUE_T",0.407432231492906,-0.844021300728979,0.748679255003148,-0.631269576757829,-0.596797679055542,-0.0344718977022873
"US-Esm",2019,2,"Freshwater","WUE_ET_minus_WUE_T",0.405495410533765,-0.855178605145379,0.195187595900945,-0.40503108326587,-0.609802151523658,0.204771068257788
"US-Esm",2019,3,"Freshwater","WUE_ET_minus_WUE_T",0.347307540369912,-1.19037726029003,-0.130338878390419,-0.470697835047649,-0.92466365561957,0.453965820571921
"US-Esm",2019,4,"Freshwater","WUE_ET_minus_WUE_T",0.236454646049149,-1.82895951103368,-0.417156609846093,-1.48471082779487,-1.53108892175301,0.046378093958144
"US-Esm",2019,5,"Freshwater","WUE_ET_minus_WUE_T",0.151507769273093,-2.31830684019166,-0.363378472130677,-1.24662600392367,-1.99415160638517,0.747525602461502
"US-Esm",2020,1,"Freshwater","WUE_ET_minus_WUE_T",0.277830873458795,-1.59060647038074,-0.680502849212343,-0.695880388783675,-1.29998530091948,0.604104912135806
"US-Esm",2020,2,"Freshwater","WUE_ET_minus_WUE_T",0.36119014354472,-1.11040475225702,0.238382144311231,-0.510456741720008,-0.849292284998735,0.338835543278727
"US-Esm",2020,4,"Freshwater","WUE_ET_minus_WUE_T",0.294862383228177,-1.49249428387685,-0.421885073083858,-1.243333202977,-1.21407364730692,-0.0292595556700794
"US-Esm",2020,6,"Freshwater","WUE_ET_minus_WUE_T",0.164330087377523,-2.24444223967717,-0.519699516711614,-0.396184167027503,-1.88385798123626,1.48767381420875
"US-Esm",2021,2,"Freshwater","WUE_ET_minus_WUE_T",0.272676622616303,-1.62029819042165,-0.0197513256678529,-0.546614533152276,-1.33057453391462,0.783960000762339
"US-Esm",2021,4,"Freshwater","WUE_ET_minus_WUE_T",0.330449887462093,-1.28748792214593,-0.357366595728385,-0.51361366535093,-1.02044606921329,0.506832403862365
"US-Esm",2021,6,"Freshwater","WUE_ET_minus_WUE_T",0.562526487801663,0.0494189642087629,0.176959539285862,-0.03070065936873,0.244113751784461,-0.274814411153191
"US-Esm",2022,1,"Freshwater","WUE_ET_minus_WUE_T",0.216680362213811,-1.94287179772486,0.516298939809748,-0.160533260787378,-1.63137234659803,1.47083908581066
"US-Esm",2022,2,"Freshwater","WUE_ET_minus_WUE_T",0.321116845299877,-1.34125210310621,-0.114612333214117,-0.89196790208991,-1.06714087906944,0.175172976979528
"US-Esm",2022,3,"Freshwater","WUE_ET_minus_WUE_T",0.505287190772421,-0.28031531428604,-0.347134831434156,-0.361366002668009,-0.0820017101878885,-0.279364292480121
"US-Esm",2022,4,"Freshwater","WUE_ET_minus_WUE_T",0.457078906525288,-0.558025290625899,0.121734132565864,-0.226998481967319,-0.338645664356934,0.111647182389615
"US-Esm",2022,5,"Freshwater","WUE_ET_minus_WUE_T",0.279719739579762,-1.57972541593222,0.331704316362414,-0.830876502270481,-1.30109237561102,0.470215873340542
"US-Esm",2023,2,"Freshwater","WUE_ET_minus_WUE_T",0.305652760596839,-1.43033493739633,-0.230440962498208,-1.13798658239577,-1.15128813955968,0.0133015571639112
"US-Esm",2023,3,"Freshwater","WUE_ET_minus_WUE_T",0.356201953923079,-1.13913985543355,-0.370482709761743,-0.784380541510054,-0.876345016041319,0.0919644745312647
"US-Esm",2023,5,"Freshwater","WUE_ET_minus_WUE_T",0.351305024933056,-1.16734924009005,0.575119167883366,-0.401295640908502,-0.911748212190194,0.510452571281692
"US-Esm",2023,6,"Freshwater","WUE_ET_minus_WUE_T",0.423513262976923,-0.751384465739101,0.249060070435058,-0.121807770310358,-0.48066415836614,0.358856388055781
"US-Esm",2024,1,"Freshwater","WUE_ET_minus_WUE_T",0.257427909723911,-1.7081403478992,0.470043480298048,-0.824969107537354,-1.41075431500075,0.585785207463391
"US-Esm",2024,4,"Freshwater","WUE_ET_minus_WUE_T",0.221600325503447,-1.91452972104456,-0.782660414532435,-0.630944572879795,-1.61145418507427,0.980509612194473
"US-Esm",2024,5,"Freshwater","WUE_ET_minus_WUE_T",0.180887486010692,-2.149061230905,-0.686551694464605,-1.28533437873031,-1.83590458430582,0.550570205575506
"US-Fo1",2013,8,"Freshwater","WUE_ET_minus_WUE_T",0.372176245309623,-1.04711791040308,-0.800384296482751,-8.88662973929734,-8.71831397187274,-0.168315767424604
"US-Fo1",2014,7,"Freshwater","WUE_ET_minus_WUE_T",0.302352876893375,-1.44934433877879,0.3680085860013,-13.2318196040439,-9.06457548407738,-4.16724411996656
"US-Fo1",2014,8,"Freshwater","WUE_ET_minus_WUE_T",0.231463106032404,-1.85771391458896,-0.39746920805365,-32.851643289637,-9.48261302745177,-23.3690302621853
"US-Fo1",2024,6,"Freshwater","WUE_ET_minus_WUE_T",0.315388775608287,-1.37424937988897,0.267465595136577,-4.7858696004631,-8.967487343539,4.1816177430759
"US-Fo1",2024,8,"Freshwater","WUE_ET_minus_WUE_T",0.268809423285451,-1.642575685907,0.537827707733817,-10.2474230000328,-9.28016861226642,-0.967254387766339
"US-Fo2",2024,6,"Freshwater","WUE_ET_minus_WUE_T",0.421262494001323,-0.764350307787247,0.267465595136577,-2.38503578611088,-3.28103606393813,0.896000277827245
"US-Fo2",2024,8,"Freshwater","WUE_ET_minus_WUE_T",0.306046756391161,-1.4280652743202,0.537827707733817,-7.37492082828734,-3.96441420375681,-3.41050662453053
"US-GCE",2014,2,"Saline","WUE_ET_minus_WUE_T",0.466009527701164,-0.506579307136033,0.0901106545488322,-0.264553737940475,-1.52332583718957,1.25877209924909
"US-GCE",2014,3,"Saline","WUE_ET_minus_WUE_T",0.422451459226486,-0.757501121808,0.492277581285363,-0.872325412014764,-1.86480671013605,0.992481298121289
"US-GCE",2014,5,"Saline","WUE_ET_minus_WUE_T",0.659184408657922,0.606229257984101,0.599111401410601,-0.371822499660829,-0.401532129387189,0.0297096297263597
"US-GCE",2014,6,"Saline","WUE_ET_minus_WUE_T",0.620156559473059,0.381404349921371,-0.833748115139242,-0.420404741722037,-0.547562698416006,0.127157956693969
"US-GCE",2014,7,"Saline","WUE_ET_minus_WUE_T",0.655353130371713,0.584158690262583,-0.210963571699367,-0.302967113024324,-0.403661851645656,0.100694738621332
"US-GCE",2014,8,"Saline","WUE_ET_minus_WUE_T",0.595487085697414,0.239292696591609,-0.68472482852134,-0.389119688994088,-0.738013136998689,0.348893448004602
"US-GCE",2014,10,"Saline","WUE_ET_minus_WUE_T",0.727827866278422,1.00165865957723,-0.911547804234478,-0.195371416302064,-0.129912962220796,-0.0654584540812679
"US-GCE",2015,2,"Saline","WUE_ET_minus_WUE_T",0.431004267364647,-0.708231578558713,0.50447069351933,-1.15195411985458,-1.79303831965305,0.641084199798471
"US-GCE",2015,3,"Saline","WUE_ET_minus_WUE_T",0.566197547534567,0.0705665724982543,-0.213904810583653,-0.542622268890625,-0.877324083134133,0.334701814243507
"US-GCE",2015,6,"Saline","WUE_ET_minus_WUE_T",0.734877404416139,1.04226842406078,0.34932271268476,-0.331569515569253,-0.0693381516380145,-0.262231363931238
"US-GCE",2015,7,"Saline","WUE_ET_minus_WUE_T",0.54102527830297,-0.0744414982493161,-0.0188560823052298,-0.923098401394487,-1.02182179452403,0.0987233931295417
"US-GCE",2015,9,"Saline","WUE_ET_minus_WUE_T",0.590968701032301,0.213263964848941,0.416430460360826,-0.525071048363461,-0.738510904761709,0.213439856398247
"US-GCE",2016,4,"Saline","WUE_ET_minus_WUE_T",0.702296391576419,0.854581339856255,0.0689449871425858,-0.427283505729831,-0.220285452125492,-0.206998053604339
"US-GCE",2016,8,"Saline","WUE_ET_minus_WUE_T",0.638564234013745,0.487444109290521,-0.846446309568593,-0.297598818351622,-0.515416699876731,0.217817881525109
"US-GCE",2016,9,"Saline","WUE_ET_minus_WUE_T",0.654375455464146,0.578526669134087,-0.216231216594924,-0.283040127309191,-0.416913300099688,0.133873172790497
"US-GCE",2017,4,"Saline","WUE_ET_minus_WUE_T",0.691228745086774,0.790824749204311,-0.279849164246439,-0.295141976584394,-0.262673357380457,-0.0324686192039373
"US-HB1",2018,8,"Saline","WUE_ET_minus_WUE_T",0.564653556995179,0.0616722178689925,-0.861168576800634,-0.867251608143548,-1.04810941440836,0.180857806264811
"US-HB1",2018,10,"Saline","WUE_ET_minus_WUE_T",0.585145693967943,0.179719789209339,0.0702191018559248,-0.793050923308992,-0.907876992095791,0.114826068786799
"US-HB1",2019,4,"Saline","WUE_ET_minus_WUE_T",0.598088944084138,0.254281034017451,0.547946526941404,-0.743218729309623,-0.835683549673361,0.0924648203637378
"US-HB1",2019,6,"Saline","WUE_ET_minus_WUE_T",0.665732730872899,0.643951704152576,0.761438964829656,-0.498259341887684,-0.466196136556079,-0.0320632053316053
"US-HB1",2019,7,"Saline","WUE_ET_minus_WUE_T",0.607063209452321,0.305978435449319,0.0902756332437341,-0.568629953462517,-0.776910861805,0.208280908342483
"US-HB1",2019,8,"Saline","WUE_ET_minus_WUE_T",0.524226620572654,-0.171212310853061,-0.264372823435224,-0.857772458923512,-1.29422646150749,0.436454002583975
"US-HB1",2019,9,"Saline","WUE_ET_minus_WUE_T",0.494601629620233,-0.341870853569284,0.761716096659872,-0.970201776295233,-1.46197332987737,0.491771553582141
"US-HB1",2020,4,"Saline","WUE_ET_minus_WUE_T",0.642138210145885,0.508032455102782,0.936379478167488,-0.464432424003263,-0.610205359653838,0.145772935650575
"US-HB1",2020,6,"Saline","WUE_ET_minus_WUE_T",0.538832118823876,-0.0870754734376149,0.941896466555756,-1.08439357943426,-1.14388594750912,0.0594923680748665
"US-HB1",2020,9,"Saline","WUE_ET_minus_WUE_T",0.39833411898728,-0.896432139408121,0.646969115753162,-1.77165501128309,-2.22017663970624,0.448521628423154
"US-HB1",2020,10,"Saline","WUE_ET_minus_WUE_T",0.524898111193784,-0.167344103398288,-0.529743023231256,-0.750078585211385,-1.26760969227648,0.517531107065098
"US-HB1",2021,9,"Saline","WUE_ET_minus_WUE_T",0.465985224310015,-0.50671930992365,-0.682422542124877,-1.52202424735194,-1.66076726847516,0.13874302112322
"US-HB1",2022,4,"Saline","WUE_ET_minus_WUE_T",0.64056113424534,0.498947508026444,-0.321752585094374,-0.618707842496598,-0.617732140747361,-0.000975701749237556
"US-HB1",2022,5,"Saline","WUE_ET_minus_WUE_T",0.646192122915457,0.531385537190304,-0.467722529256781,-0.620748858714115,-0.595748782415686,-0.0250000762984288
"US-HB1",2022,6,"Saline","WUE_ET_minus_WUE_T",0.668759816854563,0.661389619429488,-0.775477146396032,-0.603822345552213,-0.453112637788563,-0.150709707763649
"US-HB1",2022,8,"Saline","WUE_ET_minus_WUE_T",0.508474452803804,-0.261954684424443,0.896742890738268,-1.19308290051436,-1.39499836660374,0.201915466089382
"US-HB1",2022,9,"Saline","WUE_ET_minus_WUE_T",0.600006227322673,0.265325788899846,0.884691389167274,-0.600980911749766,-0.823666512366077,0.222685600616311
"US-HB1",2023,4,"Saline","WUE_ET_minus_WUE_T",0.583651014302778,0.171109496166742,0.449920846248335,-0.653227938857576,-0.91582773604215,0.262599797184574
"US-HB1",2023,5,"Saline","WUE_ET_minus_WUE_T",0.641677933135684,0.505380970620214,0.458462238746631,-0.646498581258128,-0.617092122412977,-0.029406458845151
"US-HB1",2023,6,"Saline","WUE_ET_minus_WUE_T",0.564842277933607,0.0627593689295216,0.220632731352132,-0.907834078125148,-0.987584897953127,0.0797508198279785
"US-HB1",2023,7,"Saline","WUE_ET_minus_WUE_T",0.618791327630985,0.373539757590783,0.749381555860521,-0.653810226659422,-0.71549618238633,0.0616859557269083
"US-HB1",2023,8,"Saline","WUE_ET_minus_WUE_T",0.622403971661645,0.394350854769344,0.595631338008343,-0.662206616052415,-0.730268364740264,0.0680617486878484
"US-HB1",2023,9,"Saline","WUE_ET_minus_WUE_T",0.651251286338486,0.560529494011218,-0.515166835372125,-0.51217010059076,-0.56596777720459,0.0537976766138297
"US-HB1",2023,10,"Saline","WUE_ET_minus_WUE_T",0.556691688925731,0.0158068603330842,-0.583398764160092,-0.971494122714708,-1.07281354449174,0.101319421777037
"US-HB1",2024,4,"Saline","WUE_ET_minus_WUE_T",0.619534606120788,0.377821508228474,-0.242721425797357,-0.571893173090105,-0.722076805083302,0.150183631993197
"US-HB1",2024,5,"Saline","WUE_ET_minus_WUE_T",0.611499512201244,0.331534323834064,0.695496427141627,-0.723538786659151,-0.768529292968598,0.0449905063094463
"US-HB1",2024,9,"Saline","WUE_ET_minus_WUE_T",0.485393979675431,-0.394912696651863,0.779202551143447,-0.973233432279729,-1.5242742873639,0.551040855084169
"US-HB2",2019,3,"Upland","WUE_ET_minus_WUE_T",0.569377024763323,0.0888823570104063,-0.935378273365838,-2.28026059501598,-1.9819871226128,-0.298273472403183
"US-HB2",2019,4,"Upland","WUE_ET_minus_WUE_T",0.64458851652236,0.522147757824366,0.559179371634637,-1.61067307873714,-1.35161426620655,-0.259058812530586
"US-HB2",2019,6,"Upland","WUE_ET_minus_WUE_T",0.676044649059891,0.703354825430398,0.740028370864941,-1.10213355299511,-1.11544092842973,0.0133073754346169
"US-HB2",2019,7,"Upland","WUE_ET_minus_WUE_T",0.717358389838524,0.941347903867481,0.105953603989007,-0.950096995487845,-0.930233035233796,-0.0198639602540487
"US-HB2",2019,8,"Upland","WUE_ET_minus_WUE_T",0.703234627940242,0.859986170218248,-0.273502027965715,-1.07337813797777,-1.03093554731374,-0.0424425906640233
"US-HB2",2019,9,"Upland","WUE_ET_minus_WUE_T",0.685254039309931,0.756406693763487,0.748818033019466,-1.32808021863988,-1.09916309611818,-0.228917122521698
"US-HB2",2019,10,"Upland","WUE_ET_minus_WUE_T",0.599372006366327,0.261672278107421,0.15180074421047,-1.85602075191572,-1.71228891584774,-0.143731836067978
"US-HB2",2020,3,"Upland","WUE_ET_minus_WUE_T",0.54406631472903,-0.0569232196563597,0.353598589351075,-2.04988567611663,-2.21879777450705,0.168912098390426
"US-HB2",2020,4,"Upland","WUE_ET_minus_WUE_T",0.579858472771398,0.149262076467091,0.929995763928383,-1.57365613297824,-1.88844879041985,0.314792657441614
"US-HB2",2020,6,"Upland","WUE_ET_minus_WUE_T",0.646430586677394,0.532759238136509,0.976482244383555,-1.13194620784194,-1.30220990287838,0.170263695036446
"US-HB2",2020,7,"Upland","WUE_ET_minus_WUE_T",0.689127324943835,0.778719250174642,-0.934200535521949,-0.920877491700051,-1.06961616591335,0.148738674213303
"US-HB2",2020,10,"Upland","WUE_ET_minus_WUE_T",0.639454539322482,0.492572826690152,-0.467749621662832,-1.59633218418293,-1.38868339919818,-0.207648784984749
"US-HB2",2021,3,"Upland","WUE_ET_minus_WUE_T",0.495642376953811,-0.335875495678057,-0.0552157770496808,-2.9401592726255,-2.63950121924189,-0.300658053383608
"US-HB2",2021,8,"Upland","WUE_ET_minus_WUE_T",0.60544190214776,0.296638687722952,0.494526183717491,-1.80706693586553,-1.68179846224178,-0.125268473623749
"US-HB2",2021,9,"Upland","WUE_ET_minus_WUE_T",0.502276819741189,-0.297656940956924,-0.701808875619676,-2.54609073999866,-2.58837760690286,0.0422868669042025
"US-HB2",2021,10,"Upland","WUE_ET_minus_WUE_T",0.60201939006465,0.276922869903117,-0.891900349170544,-1.82715371522124,-1.68908463896324,-0.138069076258002
"US-HB2",2022,3,"Upland","WUE_ET_minus_WUE_T",0.584031077081985,0.173298896330419,-0.0135049704690721,-1.1893455011896,-1.84587714681104,0.656531645621441
"US-HB2",2022,4,"Upland","WUE_ET_minus_WUE_T",0.649963955182359,0.553113658527904,-0.361827355068108,-1.17337760311113,-1.3145481814842,0.141170578373063
"US-HB2",2022,5,"Upland","WUE_ET_minus_WUE_T",0.709558973766981,0.896418371806367,-0.502914063192415,-1.02071645315176,-0.982085413546868,-0.0386310396048888
"US-HB2",2022,6,"Upland","WUE_ET_minus_WUE_T",0.644866663153671,0.523750057006065,-0.822877600766644,-1.30660097797968,-1.3131062596649,0.00650528168521358
"US-HB2",2022,8,"Upland","WUE_ET_minus_WUE_T",0.558546070884954,0.026489264365157,0.89634670804327,-1.9899364097107,-2.1105906762308,0.120654266520108
"US-HB2",2022,9,"Upland","WUE_ET_minus_WUE_T",0.654920135926523,0.58166437047903,0.877227725997221,-1.11759549789466,-1.27990775634925,0.162312258454597
"US-HB2",2023,4,"Upland","WUE_ET_minus_WUE_T",0.704557470816532,0.867606575499481,0.410061413881823,-0.818051366210725,-1.00158693267618,0.18353556646545
"US-HB2",2023,5,"Upland","WUE_ET_minus_WUE_T",0.710967843259371,0.904534344392981,0.427485817729223,-0.958201972518152,-0.975362308763576,0.0171603362454236
"US-HB2",2023,6,"Upland","WUE_ET_minus_WUE_T",0.707505919459608,0.884591490347526,0.241189297180169,-0.824148301109662,-0.95070065511296,0.126552354003298
"US-HB2",2023,7,"Upland","WUE_ET_minus_WUE_T",0.684713458219064,0.753292607371517,0.760140999379894,-0.847974230803417,-1.09327898242728,0.245304751623864
"US-HB2",2023,8,"Upland","WUE_ET_minus_WUE_T",0.703564655758037,0.861887337598562,0.564419130050431,-0.751982319436343,-1.02931256306672,0.277330243630381
"US-HB2",2023,9,"Upland","WUE_ET_minus_WUE_T",0.710375274074319,0.901120773946936,-0.501617415081494,-0.817720429822888,-0.971904450224011,0.154184020401123
"US-HB2",2023,10,"Upland","WUE_ET_minus_WUE_T",0.680122160385449,0.72684385001259,-0.565958613627536,-0.869959796509709,-1.12942692059073,0.259467124081019
"US-HB2",2024,4,"Upland","WUE_ET_minus_WUE_T",0.63527934699362,0.468521098217127,-0.22672484675533,-1.44428451693065,-1.41883458065893,-0.025449936271714
"US-HB2",2024,5,"Upland","WUE_ET_minus_WUE_T",0.605532423518073,0.297160147633843,0.685638134356168,-1.56696235199049,-1.66285518640062,0.0958928344101286
"US-HB2",2024,9,"Upland","WUE_ET_minus_WUE_T",0.683980718717896,0.749071567923409,0.799460070340219,-1.23213430742964,-1.10608107125142,-0.12605323617822
"US-HB3",2019,4,"Upland","WUE_ET_minus_WUE_T",0.584755577236518,0.177472471970286,0.559179371634637,-1.75507122160745,-1.96418531095278,0.209114089345328
"US-HB3",2019,6,"Upland","WUE_ET_minus_WUE_T",0.695748907511648,0.816863721959054,0.740028370864941,-1.09149273928649,-1.12987933331774,0.0383865940312447
"US-HB3",2019,7,"Upland","WUE_ET_minus_WUE_T",0.749289832868976,1.12529305825267,0.105953603989007,-0.923438609743917,-0.909029599038217,-0.0144090107057
"US-HB3",2019,8,"Upland","WUE_ET_minus_WUE_T",0.723338706283063,0.975798280275897,-0.273502027965715,-1.11592005558823,-1.05683966894008,-0.059080386648152
"US-HB3",2019,9,"Upland","WUE_ET_minus_WUE_T",0.786842063998584,1.34161748011037,0.748818033019466,-0.731967288045987,-0.758134774062897,0.0261674860169094
"US-HB3",2019,10,"Upland","WUE_ET_minus_WUE_T",0.628922056190538,0.431899112886573,0.15180074421047,-1.5645897586521,-1.58824736559251,0.0236576069404097
"US-HB3",2020,4,"Upland","WUE_ET_minus_WUE_T",0.61201844200133,0.334523685201192,0.929995763928383,-1.67768215290742,-1.72388089123054,0.0461987383231213
"US-HB3",2020,6,"Upland","WUE_ET_minus_WUE_T",0.691840505879109,0.794348875354374,0.976482244383555,-1.25704521090137,-1.1500470109876,-0.106998199913764
"US-HB3",2020,7,"Upland","WUE_ET_minus_WUE_T",0.75166282344032,1.1389629734076,-0.934200535521949,-0.856907930608938,-0.898815197933773,0.0419072673248349
"US-HB3",2020,10,"Upland","WUE_ET_minus_WUE_T",0.711385031931813,0.906937613004643,-0.467749621662832,-1.28142825004179,-1.08999994368621,-0.191428306355581
"US-HB3",2021,8,"Upland","WUE_ET_minus_WUE_T",0.650719654221816,0.557466959327656,0.494526183717491,-1.41376451686667,-1.45314025891714,0.0393757420504741
"US-HB3",2021,9,"Upland","WUE_ET_minus_WUE_T",0.674164620019138,0.692524678110715,-0.701808875619676,-1.20250779484689,-1.28208022348254,0.079572428635653
"US-HB3",2021,10,"Upland","WUE_ET_minus_WUE_T",0.692037444393723,0.795483364811691,-0.891900349170544,-1.11138401931607,-1.18605193364159,0.0746679143255278
"US-HB3",2022,4,"Upland","WUE_ET_minus_WUE_T",0.683075361066948,0.743856139584682,-0.361827355068108,-1.21584853663905,-1.23346094372797,0.0176124070889192
"US-HB3",2022,5,"Upland","WUE_ET_minus_WUE_T",0.711314879349152,0.90653349009558,-0.502914063192415,-1.14918013280235,-1.09455508541806,-0.0546250473842815
"US-HB3",2022,6,"Upland","WUE_ET_minus_WUE_T",0.688003543266411,0.772245562344374,-0.822877600766644,-1.2620341917188,-1.17026937641453,-0.0917648153042678
"US-HB3",2022,8,"Upland","WUE_ET_minus_WUE_T",0.595671041787926,0.240352399137373,0.89634670804327,-1.89761272499054,-1.88830236655009,-0.00931035844044259
"US-HB3",2022,9,"Upland","WUE_ET_minus_WUE_T",0.710742859954965,0.903238299343481,0.877227725997221,-1.048318728742,-1.09099537301253,0.042676644270526
"US-HB3",2023,4,"Upland","WUE_ET_minus_WUE_T",0.648021838461282,0.541925847198744,0.410061413881823,-1.49147657210908,-1.44863579187493,-0.0428407802341444
"US-HB3",2023,5,"Upland","WUE_ET_minus_WUE_T",0.663479266863554,0.630970337018462,0.427485817729223,-1.39915246788716,-1.35241137397713,-0.046741093910029
"US-HB3",2023,6,"Upland","WUE_ET_minus_WUE_T",0.683749765094634,0.747741130089885,0.241189297180169,-1.2548302012611,-1.19321200081411,-0.0616182004469856
"US-HB3",2023,7,"Upland","WUE_ET_minus_WUE_T",0.718394894301557,0.947318820161233,0.760140999379894,-0.932688451751642,-1.04627091367641,0.113582461924767
"US-HB3",2023,8,"Upland","WUE_ET_minus_WUE_T",0.738998720290372,1.06600979033831,0.564419130050431,-0.773495118917132,-0.986990936447151,0.213495817530019
"US-HB3",2023,9,"Upland","WUE_ET_minus_WUE_T",0.730674513719209,1.01805713560214,-0.501617415081494,-0.928148877988659,-0.999338698159364,0.0711898201707055
"US-HB3",2023,10,"Upland","WUE_ET_minus_WUE_T",0.712073273815296,0.910902318244895,-0.565958613627536,-1.20046420825654,-1.08673513477512,-0.113729073481428
"US-HB3",2024,4,"Upland","WUE_ET_minus_WUE_T",0.696976806885933,0.823937193075187,-0.22672484675533,-1.42599284117002,-1.16018721936287,-0.265805621807154
"US-HB3",2024,5,"Upland","WUE_ET_minus_WUE_T",0.656869731606334,0.592895265304846,0.685638134356168,-1.5551949211431,-1.3943192571432,-0.160875663999899
"US-HB3",2024,9,"Upland","WUE_ET_minus_WUE_T",0.76680817110089,1.22620968227021,0.799460070340219,-0.898576066854144,-0.842974896675218,-0.0556011701789263
"US-KPL",2021,6,"Freshwater","WUE_ET_minus_WUE_T",0.44290360855021,-0.639683904425315,-0.683134183607443,-1.9428416958499,-2.57022858996619,0.627386894116297
"US-KPL",2021,7,"Freshwater","WUE_ET_minus_WUE_T",0.440518194740646,-0.653425385230126,-0.114487449711832,-4.53162460677911,-2.60907183341436,-1.92255277336475
"US-KPL",2021,8,"Freshwater","WUE_ET_minus_WUE_T",0.476833712356478,-0.444225209464444,0.156983739143428,-2.7423331608924,-2.45041618875013,-0.29191697214227
"US-KPL",2024,8,"Freshwater","WUE_ET_minus_WUE_T",0.512964680497779,-0.236088154508922,0.867149816337358,-2.2891401919054,-2.26218679746036,-0.0269533944450369
"US-KS1",2002,4,"Upland","WUE_ET_minus_WUE_T",0.651418805507525,0.561494509572273,-0.526024055462784,-1.27116213878529,-1.2906385195576,0.0194763807723066
"US-KS1",2002,5,"Upland","WUE_ET_minus_WUE_T",0.638447052341882,0.486769069308726,-0.754163473005076,-1.1286494471829,-1.38612802621522,0.257478579032311
"US-KS1",2002,7,"Upland","WUE_ET_minus_WUE_T",0.5918093787731,0.218106796307327,0.16760742274779,-1.9805837758708,-1.75471105325392,-0.225872722616874
"US-KS1",2002,8,"Upland","WUE_ET_minus_WUE_T",0.633768751356139,0.459819119183948,0.6583411970769,-1.06955998919693,-1.43886552119599,0.369305531999057
"US-KS1",2002,9,"Upland","WUE_ET_minus_WUE_T",0.738364059064097,1.06235374331474,-0.776665175101313,-0.646122175701927,-0.83038975055475,0.184267574852823
"US-KS1",2002,11,"Upland","WUE_ET_minus_WUE_T",0.677471557403971,0.711574713125264,0.240141679667772,-1.34096003786055,-1.12656114772351,-0.21439889013704
"US-KS2",2000,4,"Upland","WUE_ET_minus_WUE_T",0.759744534051473,1.18551869920575,-0.500530142123448,-0.853012592463938,-0.797463305876757,-0.0555492865871816
"US-KS2",2000,6,"Upland","WUE_ET_minus_WUE_T",0.667175932406349,0.652265450845025,-0.680481002532766,-1.38083388916886,-1.21134048203699,-0.169493407131865
"US-KS2",2000,7,"Upland","WUE_ET_minus_WUE_T",0.831414157606738,1.59838071602815,-0.0799619071672643,-0.513295498961798,-0.483219572547434,-0.0300759264143644
"US-KS2",2000,9,"Upland","WUE_ET_minus_WUE_T",0.789352289029367,1.35607795189013,0.636977846023421,-0.534598491660779,-0.670359749045464,0.135761257384686
"US-KS2",2001,4,"Upland","WUE_ET_minus_WUE_T",0.621583811344111,0.389626216547218,-0.133682697565987,-1.2931602056825,-1.56828548105603,0.275125275373536
"US-KS2",2001,5,"Upland","WUE_ET_minus_WUE_T",0.798072422785593,1.40631139572538,0.0250598606744993,-0.645560672062931,-0.639743024011805,-0.00581764805112606
"US-KS2",2001,6,"Upland","WUE_ET_minus_WUE_T",0.843413084301172,1.66750206519986,0.0552139116526809,-0.342684539624206,-0.406050245712433,0.0633657060882273
"US-KS2",2001,8,"Upland","WUE_ET_minus_WUE_T",0.739476455496453,1.0687618449872,-0.262992904506819,-0.912027735421355,-0.907741352393869,-0.0042863830274853
"US-KS2",2001,10,"Upland","WUE_ET_minus_WUE_T",0.625727467143426,0.413496274815404,-0.026600090551547,-1.80981316143267,-1.53591700657356,-0.273896154859108
"US-KS2",2002,4,"Upland","WUE_ET_minus_WUE_T",0.665600544249014,0.643190226228922,-0.463599583295907,-1.72937872469189,-1.25748956868039,-0.4718891560115
"US-KS2",2002,5,"Upland","WUE_ET_minus_WUE_T",0.678499037643593,0.717493644227902,-0.80465669117682,-1.44417350142528,-1.18643857373244,-0.257734927692835
"US-KS2",2002,7,"Upland","WUE_ET_minus_WUE_T",0.695691756824969,0.816534498131797,0.180976130937476,-1.52288170321184,-1.07917148082428,-0.443710222387557
"US-KS2",2002,8,"Upland","WUE_ET_minus_WUE_T",0.704579845863011,0.86773546981143,0.65198666418529,-1.24626641733172,-1.06802122560109,-0.178245191730627
"US-KS2",2002,9,"Upland","WUE_ET_minus_WUE_T",0.763831698409801,1.20906333131565,-0.779993009415222,-0.933333456803331,-0.778468297650875,-0.154865159152456
"US-KS2",2002,10,"Upland","WUE_ET_minus_WUE_T",0.721380695300874,0.964518908026323,-0.255711362271992,-1.26732531664609,-0.966240070960191,-0.301085245685901
"US-KS2",2003,4,"Upland","WUE_ET_minus_WUE_T",0.756143068238976,1.16477199558008,0.312474152066142,-1.08946227486674,-0.812847740015548,-0.276614534851196
"US-KS2",2003,5,"Upland","WUE_ET_minus_WUE_T",0.755759284946485,1.16256116292462,-0.490895480486471,-0.927852403224916,-0.819184468735662,-0.108667934489254
"US-KS2",2003,6,"Upland","WUE_ET_minus_WUE_T",0.756581086246712,1.16729525423706,0.515658613867106,-0.798950658723172,-0.774415381870028,-0.0245352768531442
"US-KS2",2003,7,"Upland","WUE_ET_minus_WUE_T",0.849156877456311,1.70058991900186,0.0077154255117281,-0.301489896382338,-0.407777278671505,0.106287382289166
"US-KS2",2003,8,"Upland","WUE_ET_minus_WUE_T",0.790145284556304,1.36064610386779,0.330716655797737,-0.469792138250288,-0.69144987856389,0.221657740313602
"US-KS2",2003,9,"Upland","WUE_ET_minus_WUE_T",0.666423522248684,0.647931096068739,0.0421236349799724,-1.39584326548573,-1.2508809417008,-0.144962323784928
"US-KS2",2003,10,"Upland","WUE_ET_minus_WUE_T",0.703326747005385,0.860516833854196,-0.757412300767299,-1.73218421162112,-1.05178233832716,-0.680401873293955
"US-KS2",2004,4,"Upland","WUE_ET_minus_WUE_T",0.715443176749789,0.930315074347314,-0.701290478769532,-0.884576344485561,-0.993245106610126,0.108668762124565
"US-KS2",2004,6,"Upland","WUE_ET_minus_WUE_T",0.79129639484757,1.36727722166724,0.274027411174196,-0.378951944238779,-0.627163515723213,0.248211571484434
"US-KS2",2004,7,"Upland","WUE_ET_minus_WUE_T",0.837067666165831,1.63094847388766,-0.380156263950207,-0.305381211098198,-0.459189362122435,0.153808151024236
"US-KS2",2004,8,"Upland","WUE_ET_minus_WUE_T",0.763525706338802,1.2073006249235,0.946591309992873,-0.468351661349284,-0.804214558641931,0.335862897292647
"US-KS2",2004,10,"Upland","WUE_ET_minus_WUE_T",0.714725668333113,0.926181775506035,-0.551896700296931,-0.62533027338409,-0.997077584833965,0.371747311449875
"US-KS2",2005,4,"Upland","WUE_ET_minus_WUE_T",0.72337481944308,0.976006314744884,0.185292462140126,-0.834756094181443,-0.956659790777465,0.121903696596022
"US-KS2",2005,5,"Upland","WUE_ET_minus_WUE_T",0.725974599726371,0.990982680990573,0.570413835478973,-0.8000570199602,-0.949562826675016,0.149505806714816
"US-KS2",2005,8,"Upland","WUE_ET_minus_WUE_T",0.640070645564156,0.496121985355932,-0.954917869331607,-0.671930400637333,-1.45030093528407,0.778370534646733
"US-KS2",2005,9,"Upland","WUE_ET_minus_WUE_T",0.732884696919307,1.03078917810877,-0.0588842192943669,-0.606837378960613,-0.912345775329392,0.305508396368779
"US-KS2",2006,4,"Upland","WUE_ET_minus_WUE_T",0.772055026609331,1.2564348633125,-0.86639607613502,-0.465416821852605,-0.74514577447691,0.279728952624305
"US-KS2",2006,7,"Upland","WUE_ET_minus_WUE_T",0.764623297410295,1.21362343842444,-0.52960124473941,-0.53962299303337,-0.766287044146228,0.226664051112858
"US-KS2",2006,8,"Upland","WUE_ET_minus_WUE_T",0.778399905150784,1.29298534622522,-0.445697144046137,-0.37307668554214,-0.741135560465418,0.368058874923277
"US-KS3",2018,6,"Saline","WUE_ET_minus_WUE_T",0.740803149645351,1.07640443601599,0.905913535979778,-0.386288884300785,-0.479302389524864,0.0930135052240788
"US-KS3",2018,7,"Saline","WUE_ET_minus_WUE_T",0.665306515390962,0.641496435452334,0.726850255809904,-0.838860091877975,-0.788736331284517,-0.0501237605934579
"US-KS3",2018,8,"Saline","WUE_ET_minus_WUE_T",0.726245720533288,0.992544507013839,0.139629412312116,-0.589519596833827,-0.586961075518119,-0.002558521315708
"US-KS3",2018,10,"Saline","WUE_ET_minus_WUE_T",0.542592227896394,-0.0654148850580077,-0.791314514689473,-1.44298247712301,-1.45240519016139,0.0094227130383775
"US-KS4",2017,6,"Saline","WUE_ET_minus_WUE_T",0.320877434761484,-1.34263125807908,0.994472700958112,-4.56381851114943,-4.23077042014037,-0.333048091009057
"US-KS4",2017,7,"Saline","WUE_ET_minus_WUE_T",0.193422691767115,-2.07685057772793,0.916109293584827,-8.39900993941693,-6.4960134200106,-1.90299651940633
"US-KS4",2017,9,"Saline","WUE_ET_minus_WUE_T",0.163019939141116,-2.25198951586458,0.978010680040083,-12.3430425592139,-7.13271688126122,-5.21032567795267
"US-KS4",2018,4,"Saline","WUE_ET_minus_WUE_T",0.171266848347673,-2.20448214246607,0.298773539788073,-6.72907636883957,-6.96231207987857,0.233235711039003
"US-KS4",2018,7,"Saline","WUE_ET_minus_WUE_T",0.249202136078358,-1.75552596720009,0.719862016503122,-4.6756330663107,-5.4154833005518,0.739850234241104
"US-KS4",2018,8,"Saline","WUE_ET_minus_WUE_T",0.266294383528799,-1.65706389352985,0.162936628875032,-5.86915307728112,-5.14538786723654,-0.723765210044581
"US-KS4",2018,10,"Saline","WUE_ET_minus_WUE_T",0.236277530574212,-1.82997980734006,-0.774003499940023,-7.95558810640499,-5.66550573324034,-2.29008237316465
"US-KS4",2019,3,"Saline","WUE_ET_minus_WUE_T",0.312457224297236,-1.39113695549854,0.283323215665159,-3.30099783682078,-4.38312807963073,1.08213024280994
"US-KS4",2019,4,"Saline","WUE_ET_minus_WUE_T",0.176693807579563,-2.17321945093033,0.203481738123314,-7.34100362751417,-6.84972512250043,-0.491278505013749
"US-KS4",2019,5,"Saline","WUE_ET_minus_WUE_T",0.213251570788384,-1.96262378849782,0.753257161015673,-6.70183558586928,-6.11374143838012,-0.58809414748916
"US-KS4",2019,7,"Saline","WUE_ET_minus_WUE_T",0.259638779632395,-1.69540434952124,0.4368529479445,-5.03527742440453,-5.22841025560365,0.193132831199118
"US-KS4",2019,8,"Saline","WUE_ET_minus_WUE_T",0.229704307732449,-1.86784569674829,0.180776533783995,-6.18518566093007,-5.81244475064536,-0.372740910284712
"US-KS4",2020,5,"Saline","WUE_ET_minus_WUE_T",0.161438684746421,-2.26109853368996,0.653202641366257,-10.7818818549248,-7.17208419992016,-3.60979765500465
"US-KS4",2020,6,"Saline","WUE_ET_minus_WUE_T",0.267075571973044,-1.65256375775949,0.238937104715591,-5.61990905211524,-5.07248221880661,-0.547426833308628
"US-KS4",2020,7,"Saline","WUE_ET_minus_WUE_T",0.304782744643278,-1.43534677537505,0.187991857450085,-4.42021838387363,-4.4900306433122,0.0698122594385726
"US-KS4",2020,10,"Saline","WUE_ET_minus_WUE_T",0.270283424533011,-1.63408451352911,0.0238517228197203,-4.85665570174059,-5.05448148105877,0.197825779318173
"US-KS4",2021,6,"Saline","WUE_ET_minus_WUE_T",0.356085765378773,-1.13980917437726,-0.0879084260437099,-3.72129275885326,-3.77724812925355,0.0559553704002891
"US-KS4",2021,9,"Saline","WUE_ET_minus_WUE_T",0.2889004008844,-1.52683904435705,-0.800603697812129,-5.17921022745195,-4.74477754925272,-0.434432678199227
"US-KS4",2022,3,"Saline","WUE_ET_minus_WUE_T",0.204933448458989,-2.01054139418248,0.634887678919928,-5.58523628843523,-6.27016346271296,0.684927174277729
"US-KS4",2022,4,"Saline","WUE_ET_minus_WUE_T",0.259015333379257,-1.69899579126019,0.217449976116391,-3.68309016841281,-5.24982656918944,1.56673640077662
"US-LA2",2012,3,"Freshwater","WUE_ET_minus_WUE_T",0.527669286620961,-0.151380393543572,0.65484519587765,-2.62228033096134,-2.10317153924217,-0.519108791719165
"US-LA2",2012,4,"Freshwater","WUE_ET_minus_WUE_T",0.662670794467422,0.626313028559811,0.381107510607393,-1.64365295778042,-1.42806313438276,-0.215589823397667
"US-LA2",2012,5,"Freshwater","WUE_ET_minus_WUE_T",0.626439940537699,0.417600568767289,-0.617609218660935,-1.85709364425934,-1.61251458676457,-0.244579057494764
"US-LA2",2012,6,"Freshwater","WUE_ET_minus_WUE_T",0.499528245430828,-0.313490454192654,-0.116537156900233,-3.55570230383925,-2.21622866051401,-1.33947364332524
"US-LA2",2012,9,"Freshwater","WUE_ET_minus_WUE_T",0.549967532270346,-0.0229285025788104,0.39119785392649,-1.60529133519057,-1.9915244011994,0.386233066008826
"US-LA2",2013,5,"Freshwater","WUE_ET_minus_WUE_T",0.543144684730498,-0.0622323869308958,0.486007881640397,-3.36888756244459,-2.03263988836658,-1.33624767407801
"US-LA2",2013,6,"Freshwater","WUE_ET_minus_WUE_T",0.561696550579611,0.0446380048799015,-0.653349909573924,-2.84260318742092,-1.89686406276229,-0.945739124658635
"US-LA2",2013,7,"Freshwater","WUE_ET_minus_WUE_T",0.471134753432218,-0.477054789955313,-0.379222867589575,-4.36752946713091,-2.39087801534993,-1.97665145178098
"US-LA2",2013,8,"Freshwater","WUE_ET_minus_WUE_T",0.516965266120517,-0.213042270259222,-0.175407269185683,-3.0478292513331,-2.1852944865621,-0.862534764771007
"US-LA2",2013,9,"Freshwater","WUE_ET_minus_WUE_T",0.574479166491237,0.118273895843815,0.381881396090872,-2.12861504176901,-1.86705362383131,-0.261561417937699
"US-LA2",2013,10,"Freshwater","WUE_ET_minus_WUE_T",0.394004836640731,-0.921371523101294,-0.531226115037083,-3.84709603993089,-2.81302130254895,-1.03407473738195
"US-LA2",2021,7,"Freshwater","WUE_ET_minus_WUE_T",0.70163012678227,0.850743236445015,0.850655723136184,-0.98118223579344,-1.22617388928523,0.244991653491786
"US-LA2",2021,10,"Freshwater","WUE_ET_minus_WUE_T",0.649651011418337,0.551310906020538,0.0018268494291362,-1.03117596121416,-1.49294445347971,0.461768492265553
"US-LA2",2022,3,"Freshwater","WUE_ET_minus_WUE_T",0.665884888495888,0.644828227566348,-0.402124115816891,-0.458582746875888,-1.40808365404119,0.949500907165301
"US-LA2",2022,4,"Freshwater","WUE_ET_minus_WUE_T",0.681275195379204,0.733486055306461,-0.684556261659581,-1.06343545638138,-1.33638990839128,0.272954452009902
"US-LA2",2022,5,"Freshwater","WUE_ET_minus_WUE_T",0.731036880282464,1.02014459445448,0.702926391353895,-1.01670844672074,-1.09792341661186,0.0812149698911218
"US-LA2",2022,6,"Freshwater","WUE_ET_minus_WUE_T",0.774870954050216,1.27265637285584,-0.876290394889563,-0.704752200421943,-0.844599034250697,0.139846833828754
"US-LA2",2022,7,"Freshwater","WUE_ET_minus_WUE_T",0.629015574572691,0.432437837466812,0.645087334079884,-1.93304237061466,-1.58458574006532,-0.348456630549342
"US-LA2",2022,8,"Freshwater","WUE_ET_minus_WUE_T",0.58554443982656,0.182016815637297,0.844921334045527,-2.11169281795372,-1.83562997622574,-0.276062841727988
"US-LA2",2022,10,"Freshwater","WUE_ET_minus_WUE_T",0.591198154847966,0.214585762849319,-0.962494865284234,-1.42864604179911,-1.78477071593197,0.35612467413286
"US-LA2",2023,4,"Freshwater","WUE_ET_minus_WUE_T",0.751256889536327,1.13662453932653,-0.321753361509401,-1.030169110716,-0.995195422050592,-0.0349736886654088
"US-LA2",2023,5,"Freshwater","WUE_ET_minus_WUE_T",0.793075710601947,1.37752719724231,0.0780634685546953,-0.664858429416556,-0.798195768443613,0.133337339027057
"US-LA2",2023,9,"Freshwater","WUE_ET_minus_WUE_T",0.722524018316796,0.971105166231921,-0.367008681720679,-0.717228751338706,-1.13304000646454,0.415811255125836
"US-LA3",2020,4,"Saline","WUE_ET_minus_WUE_T",0.556307049869435,0.0135910979409618,-0.539484910992375,-1.67933777821667,-1.61286845274125,-0.066469325475413
"US-LA3",2020,5,"Saline","WUE_ET_minus_WUE_T",0.598537293353549,0.256863807226339,0.167478555406377,-1.38101122140522,-1.37616929746531,-0.00484192393990224
"US-LA3",2020,6,"Saline","WUE_ET_minus_WUE_T",0.613221601213903,0.341454637457112,0.341360063765215,-1.50306641654609,-1.25647769494044,-0.246588721605649
"US-LA3",2021,7,"Saline","WUE_ET_minus_WUE_T",0.45991709973421,-0.541675516283024,0.754186739394488,-2.97618225194817,-2.23454238881043,-0.741639863137734
"US-LA3",2022,3,"Saline","WUE_ET_minus_WUE_T",0.41356960705824,-0.808666165202889,-0.450429599764767,-2.18638080371074,-2.61529249666953,0.42891169295879
"US-LA3",2022,4,"Saline","WUE_ET_minus_WUE_T",0.538240305509135,-0.0904846895962273,-0.910790124483453,-1.47994103239091,-1.72231958754695,0.242378555156047
"US-LA3",2022,5,"Saline","WUE_ET_minus_WUE_T",0.489633497147295,-0.370490414979937,0.421876736256541,-2.09814910829467,-2.03992942675868,-0.0582196815359981
"US-LA3",2022,7,"Saline","WUE_ET_minus_WUE_T",0.473115315191346,-0.465645511076033,0.266245182352089,-2.61826697017504,-2.13914797479855,-0.47911899537649
"US-LA3",2022,8,"Saline","WUE_ET_minus_WUE_T",0.498600309070185,-0.318835950071289,0.562625704532308,-2.19761019363469,-1.99801854029856,-0.19959165333613
"US-LA3",2022,10,"Saline","WUE_ET_minus_WUE_T",0.305519592250788,-1.43110207065586,-0.980498542506786,-4.01617193981505,-3.88589881327991,-0.130273126535133
"US-LA3",2023,4,"Saline","WUE_ET_minus_WUE_T",0.565413327251393,0.0660489714326563,-0.0413689785795454,-2.27977346397249,-1.55902944654342,-0.720744017429069
"US-LA3",2023,5,"Saline","WUE_ET_minus_WUE_T",0.609512940034954,0.320090421236957,-0.080100086311681,-1.83225361894384,-1.31724102537501,-0.51501259356883
"US-LA3",2023,9,"Saline","WUE_ET_minus_WUE_T",0.464857526996429,-0.513215554275951,-0.200327003951147,-2.45232769461865,-2.20717912348794,-0.245148571130709
"US-MCP",2023,6,"Freshwater","WUE_ET_minus_WUE_T",0.665220943607868,0.641003488270548,0.999530289278384,-1.63171228156877,-1.88650553655954,0.254793254990779
"US-MCP",2023,8,"Freshwater","WUE_ET_minus_WUE_T",0.682486107548596,0.740461669459986,-0.733149290860426,-2.21490079378481,-1.86088817105648,-0.354012622728325
"US-MCP",2024,3,"Freshwater","WUE_ET_minus_WUE_T",0.474605062834228,-0.45706362957749,0.368112586144697,-2.30520691452766,-2.88652003068026,0.581313116152605
"US-MCP",2024,4,"Freshwater","WUE_ET_minus_WUE_T",0.458210597627466,-0.551506039544514,0.290457549083884,-3.25889078276621,-2.97701790521427,-0.281872877551943
"US-MCP",2024,5,"Freshwater","WUE_ET_minus_WUE_T",0.578112185670819,0.139202366669114,0.269623703051514,-3.55110924117888,-2.36256269506931,-1.18854654610957
"US-MCP",2024,8,"Freshwater","WUE_ET_minus_WUE_T",0.722856738769836,0.973021844881336,-0.729705692726009,-1.58731758878376,-1.66345724392745,0.0761396551436824
"US-MCP",2024,9,"Freshwater","WUE_ET_minus_WUE_T",0.701414412025853,0.849500584049552,-0.46526788350866,-1.96501439851615,-1.74363602571802,-0.221378372798134
"US-MCP",2025,3,"Freshwater","WUE_ET_minus_WUE_T",0.435836730968553,-0.680393554989479,0.0382649233456613,-3.84833456077956,-3.09166146261577,-0.756673098163795
"US-MCP",2025,4,"Freshwater","WUE_ET_minus_WUE_T",0.479839687070855,-0.426908908338097,-0.687760661827752,-3.75552532274185,-2.86316627798362,-0.892359044758226
"US-MCP",2025,6,"Freshwater","WUE_ET_minus_WUE_T",0.559277097724,0.0307004378044451,-0.509365843921018,-3.89942851488295,-2.41674893062644,-1.48267958425651
"US-MCP",2025,7,"Freshwater","WUE_ET_minus_WUE_T",0.642796854303404,0.511826658863768,0.230114771043755,-2.68424026476984,-2.02365464102057,-0.660585623749264
"US-MCP",2025,8,"Freshwater","WUE_ET_minus_WUE_T",0.473153933712348,-0.465423044155229,-0.975106029021341,-4.99643876573004,-2.92111376456803,-2.07532500116201
"US-MRf",2006,3,"Upland","WUE_ET_minus_WUE_T",0.581709983327819,0.159927939416716,0.256623837615729,-2.66142620103134,-3.04852825144842,0.38710205041708
"US-MRf",2006,4,"Upland","WUE_ET_minus_WUE_T",0.625753740864303,0.413647627938982,-0.726691143474182,-2.37670793929394,-2.67284627588733,0.296138336593397
"US-MRf",2006,5,"Upland","WUE_ET_minus_WUE_T",0.621613759673772,0.389798737723846,-0.0986705700168892,-2.62171472445185,-2.71034785507569,0.088633130623835
"US-MRf",2006,6,"Upland","WUE_ET_minus_WUE_T",0.69020811129784,0.784945257954973,-0.018921259157649,-2.14226198566516,-2.21904804156486,0.0767860558996976
"US-MRf",2006,7,"Upland","WUE_ET_minus_WUE_T",0.734369614451598,1.03934323513857,-0.369612456441954,-1.31195734679244,-2.03455928639204,0.722601939599599
"US-MRf",2006,8,"Upland","WUE_ET_minus_WUE_T",0.661888899332219,0.621808821805957,-0.79348968859853,-2.7884291932487,-2.44094406682041,-0.347485126428291
"US-MRf",2006,9,"Upland","WUE_ET_minus_WUE_T",0.397197870204858,-0.902977645588452,-0.550419534263187,-5.60588200372699,-4.56530609222187,-1.04057591150512
"US-MRf",2007,3,"Upland","WUE_ET_minus_WUE_T",0.60897705888748,0.317003409468961,-0.797309245084267,-3.89115880569103,-2.80588345294762,-1.08527535274342
"US-MRf",2007,4,"Upland","WUE_ET_minus_WUE_T",0.703008237725918,0.858682020484541,-0.649318760682936,-2.47841093632198,-2.19048559425672,-0.287925342065263
"US-MRf",2007,5,"Upland","WUE_ET_minus_WUE_T",0.71223527439477,0.91183554326618,-0.99140817871717,-2.69427131909195,-2.15064032579547,-0.543630993296482
"US-MRf",2007,6,"Upland","WUE_ET_minus_WUE_T",0.783483655598199,1.32227093973923,-0.590297762593021,-1.71598747491583,-1.79781820149072,0.0818307265748945
"US-MRf",2007,7,"Upland","WUE_ET_minus_WUE_T",0.749366820589272,1.12573655584475,0.866108202207649,-1.71598635260178,-1.96914825898803,0.253161906386248
"US-MRf",2007,8,"Upland","WUE_ET_minus_WUE_T",0.686270764811868,0.762263670826593,0.731682850564074,-2.60993554350414,-2.29941406346079,-0.310521480043349
"US-MRf",2007,9,"Upland","WUE_ET_minus_WUE_T",0.732884137113991,1.03078595327877,0.538991987619922,-1.51056581996847,-2.04995608088216,0.539390260913691
"US-MRf",2007,10,"Upland","WUE_ET_minus_WUE_T",0.681647703304471,0.735631934769458,0.490750556033114,-2.88359769859886,-2.30224516425707,-0.581352534341795
"US-MRf",2008,3,"Upland","WUE_ET_minus_WUE_T",0.48608746970391,-0.390917758802308,-0.0771228491171343,-6.63654939716591,-3.89574312429707,-2.74080627286884
"US-MRf",2008,4,"Upland","WUE_ET_minus_WUE_T",0.515544184562818,-0.221228592007212,-0.14929164927691,-7.06126621744291,-3.65987942948083,-3.40138678796208
"US-MRf",2008,6,"Upland","WUE_ET_minus_WUE_T",0.749582876861015,1.12698117558285,0.0945982751166198,-2.43790454071568,-1.94205956718399,-0.495844973531687
"US-MRf",2008,7,"Upland","WUE_ET_minus_WUE_T",0.738088460708761,1.06076612380215,-0.444262869515962,-1.76818709515125,-2.01817399704562,0.249986901894364
"US-MRf",2009,3,"Upland","WUE_ET_minus_WUE_T",0.737736734833715,1.05873996199277,-0.259065029019625,-2.7085553936543,-2.02600792704688,-0.682547466607419
"US-MRf",2009,5,"Upland","WUE_ET_minus_WUE_T",0.603909041136064,0.287808446158906,0.425297838041705,-3.72638529631665,-2.85817061010808,-0.868214686208568
"US-MRf",2009,6,"Upland","WUE_ET_minus_WUE_T",0.597239715732421,0.249388945673185,-0.42242201811118,-4.65532449362031,-2.87539229867562,-1.7799321949447
"US-MRf",2009,7,"Upland","WUE_ET_minus_WUE_T",0.729421580342297,1.01083945291769,0.103290373282193,-1.66522038356223,-2.05657401586964,0.391353632307415
"US-MRf",2009,8,"Upland","WUE_ET_minus_WUE_T",0.653807046633887,0.575252277496473,0.357458353294095,-2.7895477170051,-2.49297657889664,-0.296571138108459
"US-MRf",2009,9,"Upland","WUE_ET_minus_WUE_T",0.629503290865661,0.435247389441053,0.0663309128975128,-2.44423471076856,-2.64216865517197,0.197933944403407
"US-MRf",2009,10,"Upland","WUE_ET_minus_WUE_T",0.687410713335176,0.768830489836657,0.0765477851887102,-2.16774633117137,-2.27091484423204,0.103168513060669
"US-MRf",2010,3,"Upland","WUE_ET_minus_WUE_T",0.6525610457688,0.56807453043149,0.392755501499462,-3.52062770852796,-2.47427647593385,-1.04635123259411
"US-MRf",2010,4,"Upland","WUE_ET_minus_WUE_T",0.480212468951851,-0.424761450718143,0.893500274842314,-6.92487287855203,-3.94468191030683,-2.9801909682452
"US-MRf",2010,5,"Upland","WUE_ET_minus_WUE_T",0.612181271256216,0.335461683912991,0.881174397810762,-4.91184317003992,-2.7876613572853,-2.12418181275462
"US-MRf",2010,7,"Upland","WUE_ET_minus_WUE_T",0.680265031905756,0.727666879646265,-0.613261954038058,-3.18481246224709,-2.29904951048157,-0.88576295176552
"US-MRf",2010,8,"Upland","WUE_ET_minus_WUE_T",0.664315831958416,0.635789477054847,0.449025085800511,-3.32618014710501,-2.42584953275604,-0.900330614348964
"US-MRf",2010,9,"Upland","WUE_ET_minus_WUE_T",0.728740971933524,1.0069187212831,0.906292488090717,-1.7237874923451,-2.06843810805129,0.344650615706187
"US-MRf",2010,10,"Upland","WUE_ET_minus_WUE_T",0.558847890938209,0.0282279373164404,0.501710952896735,-4.33504648511312,-3.26666589277732,-1.0683805923358
"US-Myb",2011,9,"Freshwater","WUE_ET_minus_WUE_T",0.52830175858024,-0.14773695807206,-0.460060687803037,-1.16651865237479,-1.46675529841999,0.300236646045195
"US-Myb",2011,10,"Freshwater","WUE_ET_minus_WUE_T",0.507572507370219,-0.267150456249403,0.922535146258951,-1.34044718428491,-1.57580939756454,0.235362213279633
"US-Myb",2012,5,"Freshwater","WUE_ET_minus_WUE_T",0.596798904145178,0.246849594244786,-0.856904205972877,-0.915958720623316,-1.12514182908345,0.209183108460134
"US-Myb",2012,6,"Freshwater","WUE_ET_minus_WUE_T",0.660901619157643,0.616121468310517,-0.518146784693123,-0.670117172638806,-0.764554425297101,0.0944372526582953
"US-Myb",2012,7,"Freshwater","WUE_ET_minus_WUE_T",0.67121518347978,0.675534072360008,0.83611513639281,-0.723319713440844,-0.73981683168502,0.0164971182441757
"US-Myb",2012,8,"Freshwater","WUE_ET_minus_WUE_T",0.658040970219578,0.599642334872904,-0.244366227787153,-0.872382043040159,-0.83811117381727,-0.0342708692228891
"US-Myb",2012,10,"Freshwater","WUE_ET_minus_WUE_T",0.591172838294822,0.214439923612675,0.191564075502707,-1.31926416855818,-1.14920831896849,-0.170055849589691
"US-Myb",2013,6,"Freshwater","WUE_ET_minus_WUE_T",0.62597529605732,0.414923924915147,-0.684618247614436,-0.891534274878837,-0.937887643461431,0.046353368582594
"US-Myb",2013,7,"Freshwater","WUE_ET_minus_WUE_T",0.663290699938467,0.629884073171443,0.106978248576256,-0.843786983007792,-0.778910725150489,-0.0648762578573036
"US-Myb",2013,10,"Freshwater","WUE_ET_minus_WUE_T",0.53684359374359,-0.0985306260451301,-0.723084310595018,-1.26242815800062,-1.42497627920099,0.162548121200366
"US-Myb",2014,7,"Freshwater","WUE_ET_minus_WUE_T",0.60550875576243,0.297023806505711,-0.730388612629297,-0.90256290120474,-1.06634077892159,0.163777877716846
"US-Myb",2014,8,"Freshwater","WUE_ET_minus_WUE_T",0.585660218271357,0.182683772150426,0.967943236062957,-0.800732874376574,-1.19935661281899,0.398623738442411
"US-Myb",2014,10,"Freshwater","WUE_ET_minus_WUE_T",0.383371212738558,-0.9826278712248,-0.206055708358478,-1.11368316879637,-2.23476065492782,1.12107748613144
"US-Myb",2015,5,"Freshwater","WUE_ET_minus_WUE_T",0.591261158569562,0.214948703831496,0.0194377283701645,-0.797659721086719,-1.15298573693182,0.3553260158451
"US-Myb",2015,6,"Freshwater","WUE_ET_minus_WUE_T",0.59581196691659,0.241164216333491,0.149617845752106,-1.01976316537009,-1.08884777748874,0.0690846121186506
"US-Myb",2015,7,"Freshwater","WUE_ET_minus_WUE_T",0.604014889803014,0.288418200918968,0.452712959810809,-0.906179513653865,-1.07382939484268,0.167649881188814
"US-Myb",2015,8,"Freshwater","WUE_ET_minus_WUE_T",0.587795116268136,0.194982124631383,0.410906873194691,-1.03902344731957,-1.18859945994462,0.149576012625056
"US-Myb",2015,9,"Freshwater","WUE_ET_minus_WUE_T",0.504323643861934,-0.285865949283585,-0.258222146229733,-1.32027203872697,-1.59060010208703,0.270328063360062
"US-Myb",2015,10,"Freshwater","WUE_ET_minus_WUE_T",0.46097860492157,-0.535560580124848,-0.48777122619944,-1.29684090863067,-1.81958475718824,0.522743848557572
"US-Myb",2016,5,"Freshwater","WUE_ET_minus_WUE_T",0.612513369453583,0.337374777979159,0.163892604739506,-0.80260648362684,-1.04636344946079,0.243756965833951
"US-Myb",2016,6,"Freshwater","WUE_ET_minus_WUE_T",0.548605552035773,-0.0307743636092461,-0.0246202442604913,-0.987240363336076,-1.32780917099551,0.340568807659437
"US-Myb",2016,7,"Freshwater","WUE_ET_minus_WUE_T",0.544616087843904,-0.0537561814365094,-0.227372827610564,-0.807121672623871,-1.3743348241597,0.56721315153583
"US-Myb",2016,9,"Freshwater","WUE_ET_minus_WUE_T",0.497016086803436,-0.327962064702551,-0.504843635277944,-1.03604122384039,-1.62858067628436,0.592539452443974
"US-Myb",2017,5,"Freshwater","WUE_ET_minus_WUE_T",0.633481170959024,0.458162475589888,0.186888467909345,-0.895987594318404,-0.941761525445356,0.0457739311269516
"US-Myb",2017,7,"Freshwater","WUE_ET_minus_WUE_T",0.493759188170194,-0.346723845099928,-0.184295986584489,-0.857238455117714,-1.63672974630493,0.779491291187219
"US-Myb",2017,8,"Freshwater","WUE_ET_minus_WUE_T",0.585638700723962,0.182559817571431,-0.151152114921624,-0.987967090220275,-1.19946506841111,0.211497978190833
"US-Myb",2018,5,"Freshwater","WUE_ET_minus_WUE_T",0.673749743904753,0.69013473128499,-0.053832647901134,-0.853681127352716,-0.742425006576808,-0.111256120775908
"US-Myb",2018,6,"Freshwater","WUE_ET_minus_WUE_T",0.64035554912351,0.49776320868431,-0.089367942332031,-0.911140802762381,-0.866336410672893,-0.0448043920894876
"US-Myb",2018,7,"Freshwater","WUE_ET_minus_WUE_T",0.681794660235779,0.736478498934808,-0.885248301665318,-0.828482811309778,-0.687745378531229,-0.140737432778548
"US-Myb",2018,8,"Freshwater","WUE_ET_minus_WUE_T",0.697990351993995,0.829775849073318,0.945786886440377,-0.915385803335472,-0.641555185535673,-0.273830617799799
"US-Myb",2018,9,"Freshwater","WUE_ET_minus_WUE_T",0.603318363781925,0.284405773846372,0.525839997576048,-1.21300105211448,-1.08613684398307,-0.126864208131412
"US-Myb",2018,10,"Freshwater","WUE_ET_minus_WUE_T",0.495707909556077,-0.335497986755905,-0.147660307228183,-1.49799562314903,-1.63745073376503,0.139455110615998
"US-Myb",2019,6,"Freshwater","WUE_ET_minus_WUE_T",0.642115152025038,0.507899625853727,0.80038419270631,-0.964701348461814,-0.857599092620226,-0.107102255841587
"US-Myb",2019,8,"Freshwater","WUE_ET_minus_WUE_T",0.663415561816671,0.630603355962425,-0.838419960289044,-0.855322163949024,-0.811553452964842,-0.0437687109841821
"US-Myb",2019,9,"Freshwater","WUE_ET_minus_WUE_T",0.558019270499103,0.0234545634838582,0.144614704761146,-1.24771098695813,-1.31483401680287,0.0671230298447356
"US-Myb",2020,5,"Freshwater","WUE_ET_minus_WUE_T",0.531904347228529,-0.126983786207453,-0.169981723962008,-1.22742602398051,-1.4545297026588,0.227103678678299
"US-Myb",2020,7,"Freshwater","WUE_ET_minus_WUE_T",0.647325051996091,0.53791191980464,-0.126169800983148,-1.04987104003766,-0.857909468666102,-0.191961571371558
"US-Myb",2020,9,"Freshwater","WUE_ET_minus_WUE_T",0.588041768402322,0.196402995741376,-0.896289573414449,-1.42929632810683,-1.16291255192472,-0.266383776182108
"US-Myb",2021,7,"Freshwater","WUE_ET_minus_WUE_T",0.702356729554912,0.854928924484943,-0.800991478562627,-0.871462458655737,-0.58693024321539,-0.284532215440347
"US-Myb",2021,8,"Freshwater","WUE_ET_minus_WUE_T",0.668846834383636,0.66189089501557,0.483892043910743,-1.00583853224789,-0.784751828361563,-0.221086703886326
"US-Myb",2021,9,"Freshwater","WUE_ET_minus_WUE_T",0.589475820138483,0.204664033858346,-0.462879839872573,-1.15966163783329,-1.15569109381094,-0.00397054402235431
"US-Myb",2022,6,"Freshwater","WUE_ET_minus_WUE_T",0.668594549232492,0.660437574192201,-0.793528127154536,-0.892551309297637,-0.726579117891649,-0.165972191405988
"US-Myb",2022,8,"Freshwater","WUE_ET_minus_WUE_T",0.669312838901725,0.66457537353858,-0.495748891486527,-0.953838710143779,-0.782453934546814,-0.171384775596965
"US-Myb",2022,9,"Freshwater","WUE_ET_minus_WUE_T",0.552804415978452,-0.0065862717825791,-0.282926593624064,-1.07635904569234,-1.34137563243014,0.265016586737797
"US-Myb",2022,10,"Freshwater","WUE_ET_minus_WUE_T",0.614167235335529,0.346902083547433,-0.316311140246945,-1.19130253084231,-1.03387011795506,-0.15743241288725
"US-Myb",2023,8,"Freshwater","WUE_ET_minus_WUE_T",0.69235165604774,0.797293421161251,-0.365183668005962,-0.925499056624837,-0.669180304389847,-0.25631875223499
"US-Myb",2024,5,"Freshwater","WUE_ET_minus_WUE_T",0.569243605697298,0.0881137794464509,0.460864850300177,-1.14243563250612,-1.26414615892634,0.121710526420217
"US-Myb",2024,6,"Freshwater","WUE_ET_minus_WUE_T",0.657593760475582,0.597066126045656,-0.442553510335918,-0.872616724374833,-0.780905744941268,-0.0917109794335645
"US-Myb",2024,8,"Freshwater","WUE_ET_minus_WUE_T",0.703944528081233,0.86407564061607,0.141908774458449,-0.766039773348038,-0.612425720117562,-0.153614053230476
"US-Myb",2024,9,"Freshwater","WUE_ET_minus_WUE_T",0.639456508061014,0.49258416785982,0.0935548864636732,-1.07230933807721,-0.905774416769886,-0.166534921307322
"US-Myb",2025,5,"Freshwater","WUE_ET_minus_WUE_T",0.666823497481104,0.650235204461445,-0.514940813009019,-1.05381423026891,-0.776568427697696,-0.277245802571218
"US-Myb",2025,6,"Freshwater","WUE_ET_minus_WUE_T",0.715988023266224,0.933453732267856,0.55071964765448,-0.908926705887313,-0.494215733093968,-0.414710972793345
"US-Myb",2025,8,"Freshwater","WUE_ET_minus_WUE_T",0.688047282408699,0.772497527257865,-0.202616057635113,-0.851521626094648,-0.690294139742052,-0.161227486352596
"US-NC4",2009,4,"Freshwater","WUE_ET_minus_WUE_T",0.629650396927691,0.436094812692965,-0.76745307925348,-1.01783676161907,-1.24154083465528,0.223704073036207
"US-NC4",2009,5,"Freshwater","WUE_ET_minus_WUE_T",0.706688417802679,0.879882167679251,0.555671520647344,-1.01549119205254,-0.866257731933758,-0.149233460118779
"US-NC4",2009,6,"Freshwater","WUE_ET_minus_WUE_T",0.779319227355578,1.29828121915928,-0.692500787999132,-0.776468420345238,-0.472878148887525,-0.303590271457712
"US-NC4",2009,7,"Freshwater","WUE_ET_minus_WUE_T",0.685641433361676,0.75863832665863,-0.152450516970303,-1.1218289713945,-0.954251269858749,-0.167577701535753
"US-NC4",2009,8,"Freshwater","WUE_ET_minus_WUE_T",0.740046439465795,1.07204531041461,0.904984692588811,-0.84904695783594,-0.722072234784471,-0.126974723051469
"US-NC4",2009,9,"Freshwater","WUE_ET_minus_WUE_T",0.630836841125085,0.442929475969875,0.203324519299167,-1.08356173972316,-1.23404672731485,0.150484987591688
"US-NC4",2010,5,"Freshwater","WUE_ET_minus_WUE_T",0.783982790269185,1.32514626873786,0.121933300843415,-0.706121032365374,-0.491670394748144,-0.21445063761723
"US-NC4",2010,6,"Freshwater","WUE_ET_minus_WUE_T",0.775319095075457,1.27523794644761,-0.99005940618672,-0.508497229298509,-0.492154489612314,-0.0163427396861949
"US-NC4",2010,7,"Freshwater","WUE_ET_minus_WUE_T",0.7452292236773,1.10190140057067,-0.904924148568184,-0.566706216907757,-0.663693115243184,0.0969868983354274
"US-NC4",2010,8,"Freshwater","WUE_ET_minus_WUE_T",0.685809813634249,0.759608302716538,-0.475923513617607,-0.714118688146498,-0.986683723731435,0.272565035584937
"US-NC4",2011,7,"Freshwater","WUE_ET_minus_WUE_T",0.779572834849315,1.29974215750598,-0.345228048714957,-0.594786838068098,-0.497813917703298,-0.0969729203648002
"US-NC4",2011,9,"Freshwater","WUE_ET_minus_WUE_T",0.615406377558906,0.354040320531175,0.819198719819916,-0.779482014306713,-1.31102163601024,0.531539621703532
"US-NC4",2012,4,"Freshwater","WUE_ET_minus_WUE_T",0.640395249268306,0.497991906437072,-0.14078022798185,-1.08816197159063,-1.18810340242605,0.0999414308354221
"US-NC4",2012,6,"Freshwater","WUE_ET_minus_WUE_T",0.745044594601339,1.1008378212063,-0.596137285736881,-0.747899502099926,-0.638429988121538,-0.109469513978388
"US-NC4",2012,7,"Freshwater","WUE_ET_minus_WUE_T",0.722227579685793,0.969397493650584,0.746625144416663,-0.850255879686622,-0.775383860840641,-0.0748720188459808
"US-NC4",2013,4,"Freshwater","WUE_ET_minus_WUE_T",0.581332108698479,0.15775114436972,0.550266614184416,-1.01701940666007,-1.48373313240545,0.466713725745385
"US-NC4",2013,5,"Freshwater","WUE_ET_minus_WUE_T",0.706052460162372,0.876218652497143,-0.603845961140834,-0.935942321078498,-0.869364954583603,-0.0665773664948951
"US-NC4",2013,7,"Freshwater","WUE_ET_minus_WUE_T",0.718172110439707,0.946035445281389,-0.467319225677031,-0.677985171820481,-0.795134395005372,0.117149223184891
"US-NC4",2013,8,"Freshwater","WUE_ET_minus_WUE_T",0.67949153421309,0.723211047432286,0.197375546797607,-1.17612384004826,-1.01773427500675,-0.158389565041508
"US-NC4",2014,5,"Freshwater","WUE_ET_minus_WUE_T",0.697457083471217,0.826703887663446,-0.647469268738909,-0.929192395098676,-0.911407906920093,-0.0177844881785821
"US-NC4",2014,6,"Freshwater","WUE_ET_minus_WUE_T",0.699546484939798,0.838740151585003,-0.509422722041432,-1.15935426249005,-0.859926682268121,-0.29942758022193
"US-NC4",2014,7,"Freshwater","WUE_ET_minus_WUE_T",0.574692806521554,0.119504596514684,0.430413239706745,-1.49410445497711,-1.50687403464995,0.0127695796728446
"US-NC4",2014,8,"Freshwater","WUE_ET_minus_WUE_T",0.606498007621486,0.302722518141333,-0.0810771049149505,-1.63301251081477,-1.38004819463036,-0.252964316184409
"US-NC4",2015,4,"Freshwater","WUE_ET_minus_WUE_T",0.590271439602137,0.209247301358477,0.416194999967762,-1.90246705450994,-1.43867774417656,-0.46378931033338
"US-NC4",2015,7,"Freshwater","WUE_ET_minus_WUE_T",0.714662957003079,0.925820518882778,-0.498324519751908,-1.189315398712,-0.812239177971208,-0.377076220740796
"US-NC4",2015,8,"Freshwater","WUE_ET_minus_WUE_T",0.7629712970429,1.20410687939091,-0.49453104203057,-0.80665296643913,-0.611143574457707,-0.195509391981424
"US-NC4",2015,9,"Freshwater","WUE_ET_minus_WUE_T",0.637127482708529,0.479167519961346,0.884163135768123,-1.30488054448086,-1.20275323159626,-0.102127312884594
"US-NC4",2016,4,"Freshwater","WUE_ET_minus_WUE_T",0.675618554970756,0.700900256028887,-0.0908503236986653,-0.679477887537497,-1.01393367247094,0.334455784933439
"US-NC4",2016,6,"Freshwater","WUE_ET_minus_WUE_T",0.800581331658194,1.42076428560789,0.350086850120997,-0.472703009986785,-0.370568537044604,-0.102134472942181
"US-NC4",2016,7,"Freshwater","WUE_ET_minus_WUE_T",0.778741706298186,1.29495433537387,0.710556876977628,-0.437963915568773,-0.501818098826163,0.0638541832573896
"US-NC4",2016,8,"Freshwater","WUE_ET_minus_WUE_T",0.717383063176947,0.941490037783607,-0.107281926322347,-0.690742486440716,-0.83223857337304,0.141496086932324
"US-NC4",2017,4,"Freshwater","WUE_ET_minus_WUE_T",0.764150351368091,1.21089897236551,-0.0053822522180712,-0.758046559958486,-0.582592227747711,-0.175454332210774
"US-NC4",2017,5,"Freshwater","WUE_ET_minus_WUE_T",0.830945854276102,1.59568299490196,0.926370358945987,-0.49068551182626,-0.266020614089264,-0.224664897736997
"US-NC4",2017,6,"Freshwater","WUE_ET_minus_WUE_T",0.805204086591615,1.44739425560649,-0.247391014084753,-0.64911022294717,-0.348352561635056,-0.300757661312113
"US-NC4",2017,7,"Freshwater","WUE_ET_minus_WUE_T",0.814009776395497,1.49812055597753,0.995272384693021,-0.577873290638694,-0.332213294816237,-0.245659995822457
"US-NC4",2017,9,"Freshwater","WUE_ET_minus_WUE_T",0.790131497229497,1.36056668021144,-0.307491679959381,-0.641024905597259,-0.455794644725852,-0.185230260871407
"US-NC4",2018,4,"Freshwater","WUE_ET_minus_WUE_T",0.664311462145321,0.635764304188604,0.652548096338196,-0.612289018904387,-1.06967727483558,0.457388255931198
"US-NC4",2018,6,"Freshwater","WUE_ET_minus_WUE_T",0.81044824445745,1.47760389653413,-0.765952818546407,-0.328195036114658,-0.323159905446631,-0.00503513066802674
"US-NC4",2018,8,"Freshwater","WUE_ET_minus_WUE_T",0.768751113373145,1.23740224929234,-0.404042650098663,-0.358219812361766,-0.583245069193405,0.225025256831639
"US-NC4",2018,9,"Freshwater","WUE_ET_minus_WUE_T",0.751596401170701,1.13858033944308,0.235524399709963,-0.423405547262096,-0.641681897977817,0.218276350715721
"US-NC4",2019,5,"Freshwater","WUE_ET_minus_WUE_T",0.815172678098914,1.50481959971213,-0.482836798734562,-0.42811280208688,-0.341724961786177,-0.0863878403007025
"US-NC4",2019,6,"Freshwater","WUE_ET_minus_WUE_T",0.807542847234043,1.46086698488563,-0.398388368194685,-0.409621892719273,-0.337116079967555,-0.0725058127517177
"US-NC4",2019,8,"Freshwater","WUE_ET_minus_WUE_T",0.800419042726188,1.41982939949503,0.313865926291291,-0.271467935153997,-0.430765473087788,0.159297537933791
"US-NC4",2020,9,"Freshwater","WUE_ET_minus_WUE_T",0.65309118382151,0.571128458368857,0.360047770534807,-0.739950526046284,-1.12356225176987,0.383611725723589
"US-NC4",2021,6,"Freshwater","WUE_ET_minus_WUE_T",0.758413204777144,1.17784940694513,0.916782143670982,-0.69114299617505,-0.573746331579783,-0.117396664595267
"US-NC4",2021,7,"Freshwater","WUE_ET_minus_WUE_T",0.836231898288309,1.62613392632354,-0.767447614650189,-0.378648873677936,-0.225565831369936,-0.153083042308
"US-NC4",2021,8,"Freshwater","WUE_ET_minus_WUE_T",0.818759210337004,1.5254802765758,0.395046234469292,-0.400234924593569,-0.342669477935044,-0.0575654466585249
"US-NC4",2025,5,"Freshwater","WUE_ET_minus_WUE_T",0.778017990412673,1.29078527761583,0.659704933201805,-0.557264381414155,-0.520400765133827,-0.0368636162803274
"US-NC4",2025,6,"Freshwater","WUE_ET_minus_WUE_T",0.792053711557583,1.37163984126476,0.263743545996778,-0.612282962078657,-0.411574419086576,-0.20070854299208
"US-NC4",2025,7,"Freshwater","WUE_ET_minus_WUE_T",0.743999600717992,1.09481800052296,-0.192350725992654,-0.727373835496333,-0.669650506906517,-0.0577233285898162
"US-NC4",2025,9,"Freshwater","WUE_ET_minus_WUE_T",0.714371543980842,0.924141796962379,-0.863522877909886,-0.708007421681376,-0.82247502420447,0.114467602523094
"US-NGC",2017,7,"Upland","WUE_ET_minus_WUE_T",0.702158411535352,0.853786488213259,-0.0483442685829113,-0.991722306361675,-0.981967812136333,-0.00975449422534203
"US-NGC",2017,8,"Upland","WUE_ET_minus_WUE_T",0.52407885962309,-0.172063506668224,-0.382187437693883,-2.12143581045876,-2.40600355933842,0.284567748879656
"US-NGC",2018,6,"Upland","WUE_ET_minus_WUE_T",0.344875087150209,-1.20438971762265,-0.81104689621122,-4.13116509637332,-3.91814413015626,-0.213020966217067
"US-NGC",2018,7,"Upland","WUE_ET_minus_WUE_T",0.53269276557872,-0.122442001640819,-0.658710103776911,-2.41962268841012,-2.29567976148659,-0.123942926923527
"US-NGC",2018,8,"Upland","WUE_ET_minus_WUE_T",0.50199585789888,-0.299275457521011,0.0238334856021237,-2.53280680579523,-2.59410332822582,0.0612965224305904
"US-NGC",2019,6,"Upland","WUE_ET_minus_WUE_T",0.36489479451943,-1.08906363733038,-0.217599802263416,-3.42876102315712,-3.65586572523042,0.227104702073303
"US-NGC",2019,7,"Upland","WUE_ET_minus_WUE_T",0.453669909930886,-0.577663250747459,0.274406818308432,-3.47167063340714,-2.92567000218446,-0.546000631222681
"US-NGC",2019,8,"Upland","WUE_ET_minus_WUE_T",0.412374238068852,-0.815552240883547,0.815449170543266,-4.23520743776581,-3.26160465643233,-0.973602781333474
"US-NGC",2020,8,"Upland","WUE_ET_minus_WUE_T",0.375027599484884,-1.0306923206333,-0.919723360376473,-2.94609786158568,-3.60145576381549,0.655357902229815
"US-NGC",2021,8,"Upland","WUE_ET_minus_WUE_T",0.37206577632819,-1.04775428107461,0.46716406836993,-3.97404992540156,-3.63355080637714,-0.340499119024423
"US-NGC",2022,6,"Upland","WUE_ET_minus_WUE_T",0.284256032328856,-1.55359352238538,-0.489665923191463,-3.84241128094425,-5.09842528254442,1.25601400160018
"US-NGC",2022,7,"Upland","WUE_ET_minus_WUE_T",0.329648176404506,-1.29210628105064,0.974982407529223,-4.38173180507339,-4.18236039015636,-0.199371414917032
"US-NGC",2022,8,"Upland","WUE_ET_minus_WUE_T",0.253684260711464,-1.72970611600125,-0.107615715836361,-6.92137461878232,-5.99930957491156,-0.922065043870761
"US-ONA",2016,4,"Upland","WUE_ET_minus_WUE_T",0.440575722840389,-0.65309398726673,-0.773486369384111,-2.9028464012191,-2.62705573238223,-0.275790668836873
"US-ONA",2016,6,"Upland","WUE_ET_minus_WUE_T",0.447698703712614,-0.612061146534326,0.517584938914397,-2.20580376740742,-2.53976485449299,0.333961087085575
"US-ONA",2016,9,"Upland","WUE_ET_minus_WUE_T",0.554673496893401,0.00418080746062621,0.263702183620961,-1.62040940372995,-1.69920955136664,0.0788001476366886
"US-ONA",2017,7,"Upland","WUE_ET_minus_WUE_T",0.533744839378377,-0.116381396195648,0.669834884204176,-1.46528928356357,-1.88391546355225,0.418626179988683
"US-ONA",2017,8,"Upland","WUE_ET_minus_WUE_T",0.544939524800025,-0.0518929815563543,0.210783120717094,-1.39874792015272,-1.8144269838145,0.415679063661773
"US-ONA",2018,3,"Upland","WUE_ET_minus_WUE_T",0.348108519969352,-1.18576311504336,-0.834841215681908,-4.01646275016953,-3.50230000423547,-0.514162745934061
"US-ONA",2018,4,"Upland","WUE_ET_minus_WUE_T",0.318668150321345,-1.35535812316421,-0.355461568036514,-4.53676173049565,-3.98532618327059,-0.551435547225061
"US-ONA",2018,6,"Upland","WUE_ET_minus_WUE_T",0.542067023247873,-0.0684403934906792,-0.174207120613592,-1.46412756271268,-1.78157996776833,0.317452405055645
"US-ONA",2018,7,"Upland","WUE_ET_minus_WUE_T",0.448639938344489,-0.606639044266423,0.61012840261594,-2.16923982751627,-2.55922976503537,0.389989937519095
"US-ONA",2018,8,"Upland","WUE_ET_minus_WUE_T",0.496971201346298,-0.32822063310909,0.0504259606020227,-1.72928061194885,-2.2325832476114,0.503302635662549
"US-ONA",2018,9,"Upland","WUE_ET_minus_WUE_T",0.608410353269139,0.31373882940105,-0.655525339872255,-1.1293330417436,-1.20868293193349,0.0793498901898877
"US-ONA",2019,3,"Upland","WUE_ET_minus_WUE_T",0.388298340330588,-0.954244523665871,-0.124026821355731,-3.39342926049951,-3.03909156685041,-0.3543376936491
"US-ONA",2019,4,"Upland","WUE_ET_minus_WUE_T",0.491900449982464,-0.35743134374249,-0.338060236836321,-2.08862040700272,-2.25002989092139,0.161409483918664
"US-ONA",2019,5,"Upland","WUE_ET_minus_WUE_T",0.344074379606142,-1.20900229565961,0.344940451945156,-2.395124895149,-3.568805067637,1.173680172488
"US-ONA",2019,6,"Upland","WUE_ET_minus_WUE_T",0.472845558404381,-0.467199479488216,0.553285864000229,-1.64004919873355,-2.35859882378339,0.718549625049836
"US-ONA",2019,7,"Upland","WUE_ET_minus_WUE_T",0.566423515206338,0.0718682881216414,0.909639558852039,-1.50547027011783,-1.58013283330264,0.0746625631848179
"US-ONA",2020,4,"Upland","WUE_ET_minus_WUE_T",0.376682455197272,-1.02115931302039,0.959509490941708,-3.48699263803531,-3.15883338814769,-0.328159249887617
"US-ONA",2020,5,"Upland","WUE_ET_minus_WUE_T",0.511925307503704,-0.242075595341978,0.884292409082256,-1.75630713281565,-2.09094697011683,0.334639837301183
"US-ONA",2020,6,"Upland","WUE_ET_minus_WUE_T",0.536978065629151,-0.0977559835798233,-0.437037089289287,-1.74507457658125,-1.82831857892814,0.0832440023468917
"US-ONA",2020,7,"Upland","WUE_ET_minus_WUE_T",0.394412023614171,-0.919025870553687,-0.946552567227584,-3.16092042072505,-2.97661565514706,-0.184304765577993
"US-ONA",2020,8,"Upland","WUE_ET_minus_WUE_T",0.587618767837957,0.193966246984267,-0.254394623524337,-1.36346311853447,-1.4167859919837,0.0533228734492242
"US-ONA",2020,9,"Upland","WUE_ET_minus_WUE_T",0.543694373463799,-0.0590658348018704,0.181306349708703,-1.54945961649306,-1.80151477169706,0.252055155203996
"US-ONA",2021,3,"Upland","WUE_ET_minus_WUE_T",0.415403649833876,-0.798100927634652,-0.960242711031908,-3.6804709527849,-2.80871601091323,-0.871754941871673
"US-ONA",2021,4,"Upland","WUE_ET_minus_WUE_T",0.524379062567475,-0.170334149279045,0.600091019968684,-1.69465955861507,-1.97825872112622,0.283599162511148
"US-ONA",2021,6,"Upland","WUE_ET_minus_WUE_T",0.413630144820694,-0.808317429693189,-0.535439756424377,-2.17710042800384,-2.7900871536357,0.612986725631856
"US-ONA",2021,7,"Upland","WUE_ET_minus_WUE_T",0.573232083211581,0.111089913391511,0.558724289805986,-1.4327255183598,-1.51639728003769,0.0836717616778881
"US-ONA",2021,8,"Upland","WUE_ET_minus_WUE_T",0.531942868647441,-0.126761878655633,-0.602558947329198,-1.45392496062866,-1.93348607291522,0.479561112286563
"US-ONA",2021,9,"Upland","WUE_ET_minus_WUE_T",0.5305512653868,-0.134778386909816,0.091452834490193,-1.38081663151339,-1.92158827137066,0.540771639857264
"US-ONA",2022,3,"Upland","WUE_ET_minus_WUE_T",0.353998027502901,-1.15183585496061,-0.394314580917964,-4.41080675890816,-3.42219495672502,-0.98861180218314
"US-ONA",2022,5,"Upland","WUE_ET_minus_WUE_T",0.357618564757723,-1.13097928785651,0.203836876246659,-2.98638044026809,-3.38409077860524,0.397710338337143
"US-ONA",2022,6,"Upland","WUE_ET_minus_WUE_T",0.491993393261858,-0.356895932115122,-0.546141633102847,-1.47507709978892,-2.21273931011754,0.737662210328614
"US-ONA",2022,8,"Upland","WUE_ET_minus_WUE_T",0.414559580449983,-0.802963297086099,-0.285651547457617,-1.773417496083,-2.84224562633727,1.06882813025427
"US-OPE",2022,7,"Upland","WUE_ET_minus_WUE_T",0.595961104740894,0.242023343811384,0.348322956474856,-3.18716502536799,-2.46879675467879,-0.718368270689202
"US-OPE",2022,8,"Upland","WUE_ET_minus_WUE_T",0.626477432737128,0.417816547368873,-0.571637207526182,-2.80694812867718,-2.24592969814135,-0.561018430535829
"US-OPE",2022,9,"Upland","WUE_ET_minus_WUE_T",0.510323526411147,-0.251302859831114,-0.359893096836935,-3.95658992717178,-3.2586543058882,-0.697935621283579
"US-PAS",2021,7,"Upland","WUE_ET_minus_WUE_T",0.608189973990348,0.312469306428918,0.543499750891987,-2.47297218235315,-1.88408988131035,-0.588882301042802
"US-PAS",2021,8,"Upland","WUE_ET_minus_WUE_T",0.524100959835989,-0.171936195570203,-0.625169689861716,-3.05080184923286,-2.68592084009996,-0.364881009132907
"US-PAS",2021,9,"Upland","WUE_ET_minus_WUE_T",0.462656639145466,-0.525894049737113,0.110954394177768,-3.42040318638601,-3.15022816174798,-0.270175024638031
"US-PAS",2021,10,"Upland","WUE_ET_minus_WUE_T",0.400838580022352,-0.882004871861561,-0.536451985795847,-3.62191193233502,-3.61373190175625,-0.00818003057877403
"US-PAS",2022,5,"Upland","WUE_ET_minus_WUE_T",0.660588294252394,0.61431652019045,0.25054135316527,-1.49948606404265,-1.50876968712288,0.00928362308023356
"US-PAS",2022,6,"Upland","WUE_ET_minus_WUE_T",0.685988812029405,0.760639445825237,-0.524005925823692,-1.4975819308614,-1.31931636007534,-0.178265570786059
"US-PAS",2022,8,"Upland","WUE_ET_minus_WUE_T",0.61800240655602,0.368995077013906,-0.178152844842796,-1.9166270373063,-1.83550185714946,-0.0811251801568336
"US-PAS",2022,10,"Upland","WUE_ET_minus_WUE_T",0.549677348611401,-0.0246001425950116,-0.924656680391361,-2.31011909725582,-2.43032287839254,0.120203781136714
"US-PHM",2013,7,"Saline","WUE_ET_minus_WUE_T",0.735927795410911,1.04831933549356,0.753374635110776,-0.873037492698052,-0.595556140375558,-0.277481352322494
"US-PHM",2013,8,"Saline","WUE_ET_minus_WUE_T",0.694794742732345,0.811367133926048,-0.396780711849209,-0.842895621049786,-0.77517909204065,-0.0677165290091359
"US-PHM",2013,9,"Saline","WUE_ET_minus_WUE_T",0.630093473099045,0.43864720954726,-0.090529213030318,-0.93907271450461,-1.03592728138305,0.0968545668784409
"US-PHM",2014,6,"Saline","WUE_ET_minus_WUE_T",0.58529753342273,0.180594479774562,-0.691523060008575,-1.02119624797102,-1.23874295985361,0.217546711882592
"US-PHM",2015,7,"Saline","WUE_ET_minus_WUE_T",0.73862677892695,1.06386717462715,0.0341860154698185,-0.756532302431649,-0.586735204492494,-0.169797097939155
"US-PHM",2015,8,"Saline","WUE_ET_minus_WUE_T",0.723081339276092,0.97431568477322,-0.630256148013238,-0.686738425315127,-0.672021953451878,-0.0147164718632482
"US-PHM",2015,9,"Saline","WUE_ET_minus_WUE_T",0.579349523270883,0.14633020788986,0.070227928201088,-1.071554821786,-1.30739012406367,0.235835302277664
"US-PHM",2016,9,"Saline","WUE_ET_minus_WUE_T",0.627851635329357,0.425732816851058,-0.454957001862843,-0.722980507582992,-1.0470949357168,0.324114428133807
"US-PHM",2017,6,"Saline","WUE_ET_minus_WUE_T",0.711455925719985,0.907346005722684,0.0528305249581178,-0.707826677707612,-0.653586053084933,-0.054240624622679
"US-PHM",2017,7,"Saline","WUE_ET_minus_WUE_T",0.757715218126484,1.1738285657294,0.780585566739851,-0.71484206882494,-0.526616263275974,-0.188225805548966
"US-PHM",2017,8,"Saline","WUE_ET_minus_WUE_T",0.681536810645166,0.734993123447449,-0.168233413155457,-0.929339325314453,-0.827791135238775,-0.101548190075678
"US-PHM",2017,9,"Saline","WUE_ET_minus_WUE_T",0.608157551264333,0.312282531176176,0.136914717808069,-1.14850928055906,-1.14865842614786,0.000149145588803412
"US-PHM",2018,6,"Saline","WUE_ET_minus_WUE_T",0.63285585532709,0.454560265055719,0.19601030433281,-0.816181416593089,-0.987308981410569,0.17112756481748
"US-PHM",2018,7,"Saline","WUE_ET_minus_WUE_T",0.656058089659177,0.588219698242846,-0.0229787131293441,-0.809649408394323,-0.903989701715071,0.0943402933207483
"US-PHM",2018,8,"Saline","WUE_ET_minus_WUE_T",0.664057000439812,0.634298445045927,0.427515177412793,-0.802717315491682,-0.901675531500648,0.0989582160089659
"US-PHM",2019,5,"Saline","WUE_ET_minus_WUE_T",0.63389385731996,0.460539808061293,0.260014657339107,-1.24002818013391,-1.02346747741588,-0.216560702718024
"US-PHM",2019,6,"Saline","WUE_ET_minus_WUE_T",0.718326731666872,0.94692616060155,0.560590645073894,-0.728896125979571,-0.629139435939211,-0.0997566900403604
"US-PHM",2020,6,"Saline","WUE_ET_minus_WUE_T",0.657127493742939,0.594380137002223,0.299875185917807,-0.80856798093659,-0.873011509988492,0.0644435290519024
"US-PHM",2020,7,"Saline","WUE_ET_minus_WUE_T",0.700872252537021,0.846377405094582,-0.977571556459693,-0.811282113307514,-0.718747634609428,-0.0925344786980864
"US-RRC",2022,6,"Freshwater","WUE_ET_minus_WUE_T",0.8980402810128,1.9821890063183,-0.512992351082106,-0.184764298986652,0.0606302903459391,-0.245394589332592
"US-RRC",2022,7,"Freshwater","WUE_ET_minus_WUE_T",0.867982901948103,1.80903963667668,-0.342150694437612,-0.327267427946153,-0.109620942023816,-0.217646485922337
"US-RRC",2022,8,"Freshwater","WUE_ET_minus_WUE_T",0.878171459774351,1.86773212484655,-0.621368248934707,-0.274297473828603,-0.0940355886756755,-0.180261885152928
"US-RRC",2022,9,"Freshwater","WUE_ET_minus_WUE_T",0.792832738901412,1.37612752774026,-0.615695418178767,-0.459637372117147,-0.479108671807629,0.0194712996904816
"US-RRC",2023,5,"Freshwater","WUE_ET_minus_WUE_T",0.810165318841943,1.47597406740382,-0.602685002239197,-0.361765553408982,-0.402081354730662,0.0403158013216803
"US-RRC",2023,6,"Freshwater","WUE_ET_minus_WUE_T",0.881998110653773,1.88977603580048,0.596543035999739,-0.223885611066234,-0.0162739850983568,-0.207611625967877
"US-RRC",2023,7,"Freshwater","WUE_ET_minus_WUE_T",0.880826688665485,1.88302790987706,0.208500918410467,-0.230156344934705,-0.0480472438527011,-0.182109101082004
"US-RRC",2023,8,"Freshwater","WUE_ET_minus_WUE_T",0.856867205399105,1.7450062475231,0.200909653487162,-0.285677066129906,-0.196173873507104,-0.0895031926228022
"US-RRC",2023,9,"Freshwater","WUE_ET_minus_WUE_T",0.873708565192682,1.8420230508142,0.323405572040528,-0.170683022321459,-0.0909861908174419,-0.0796968315040174
"US-RRC",2024,8,"Freshwater","WUE_ET_minus_WUE_T",0.847840086386119,1.69300437592232,0.447894163667255,-0.368354465956821,-0.239459722314528,-0.128894743642292
"US-RRC",2025,4,"Freshwater","WUE_ET_minus_WUE_T",0.701795399768214,0.851695312581571,-0.339076876950043,-0.280995954192489,-0.921791667656579,0.64079571346409
"US-RRC",2025,6,"Freshwater","WUE_ET_minus_WUE_T",0.831053715486789,1.59630434317717,-0.230081253349405,-0.411889775767491,-0.260559311197423,-0.151330464570068
"US-RRC",2025,9,"Freshwater","WUE_ET_minus_WUE_T",0.88872360257865,1.92851909070276,-0.002806869816008,-0.157813097244261,-0.0190049709038407,-0.138808126340421
"US-SCg",2006,3,"Upland","WUE_ET_minus_WUE_T",0.512440693796188,-0.239106646802804,0.719425282602969,-3.8809491058149,-3.00953567286132,-0.871413432953577
"US-SCg",2006,4,"Upland","WUE_ET_minus_WUE_T",0.732821942130614,1.03042767113636,0.965180348627566,-1.24210457853382,-1.37904808177913,0.136943503245307
"US-SCg",2007,2,"Upland","WUE_ET_minus_WUE_T",0.203373855227317,-2.01952563011271,-0.576209694585762,-6.02636865378182,-8.2065571124019,2.18018845862008
"US-SCg",2008,2,"Upland","WUE_ET_minus_WUE_T",0.404052047006461,-0.863493285024101,0.158153243469307,-6.34102480320467,-3.83155775856935,-2.50946704463532
"US-SCg",2009,2,"Upland","WUE_ET_minus_WUE_T",0.519865490813385,-0.196335155633284,0.321817684503417,-2.98758748860842,-2.94559719683387,-0.0419902917745452
"US-SCg",2009,4,"Upland","WUE_ET_minus_WUE_T",0.345152597517343,-1.20279108372197,-0.44709241555648,-5.12904609234102,-4.48023185805554,-0.648814234285481
"US-SCg",2010,2,"Upland","WUE_ET_minus_WUE_T",0.310051345150377,-1.40499632949172,0.349672659363397,-5.95635180805966,-5.08032281334044,-0.876028994719224
"US-SCg",2010,3,"Upland","WUE_ET_minus_WUE_T",0.561992006578333,0.046340016882527,-0.756642837492456,-1.996357573864,-2.55979317779772,0.563435603933724
"US-SCg",2010,4,"Upland","WUE_ET_minus_WUE_T",0.643480140440017,0.515762815891457,0.85679450466871,-2.08421767993315,-1.86793897646312,-0.216278703470027
"US-SCg",2010,5,"Upland","WUE_ET_minus_WUE_T",0.576622603346916,0.130621437511653,-0.460654628499303,-1.79802053691973,-2.4316787055303,0.63365816861057
"US-SCg",2011,2,"Upland","WUE_ET_minus_WUE_T",0.211678828704081,-1.97168377007238,0.130653143963214,-10.5705518101035,-7.90228893382826,-2.66826287627525
"US-SCg",2011,3,"Upland","WUE_ET_minus_WUE_T",0.5871609847091,0.191329128823581,0.518645947989902,-2.09840858815654,-2.32576174766424,0.227353159507707
"US-SCg",2011,4,"Upland","WUE_ET_minus_WUE_T",0.61976405365304,0.379143270032446,-0.0109446321283899,-1.75389328432081,-2.0477682041491,0.29387491982829
"US-SCg",2011,5,"Upland","WUE_ET_minus_WUE_T",0.389824958201885,-0.945450246509175,0.58631846144122,-0.884545962459952,-3.96536375470968,3.08081779224973
"US-SCg",2012,2,"Upland","WUE_ET_minus_WUE_T",0.126296598884235,-2.46353900602229,-0.984552600512211,-10.6287421422949,-11.2681211902435,0.63937904794863
"US-SCg",2012,3,"Upland","WUE_ET_minus_WUE_T",0.117514793369758,-2.5141277178948,0.334595281331062,-15.1492203453396,-11.62934681667,-3.51987352866959
"US-SCg",2012,4,"Upland","WUE_ET_minus_WUE_T",0.248983336290115,-1.75678639131526,0.744823125043483,-4.13741393816941,-6.64958927798413,2.51217533981472
"US-SCg",2013,3,"Upland","WUE_ET_minus_WUE_T",0.200886537209054,-2.03385414312222,-0.425606014016843,-10.9914599620297,-8.29910211869355,-2.69235784333613
"US-SCg",2014,3,"Upland","WUE_ET_minus_WUE_T",0.123947229692437,-2.47707284720451,-0.601005292107604,-16.6987576453219,-11.3646927127986,-5.33406493252329
"US-SCg",2014,4,"Upland","WUE_ET_minus_WUE_T",0.129674138279692,-2.44408225911151,-0.244992681606176,-12.1977062721424,-11.1334272464745,-1.06427902566791
"US-SCg",2016,3,"Upland","WUE_ET_minus_WUE_T",0.529836072184268,-0.138898348664427,-0.113268098480068,-2.07233075843575,-2.85726744030146,0.784936681865717
"US-SCg",2016,4,"Upland","WUE_ET_minus_WUE_T",0.120768227457935,-2.49538589545161,0.22954443588608,-11.6741472080339,-11.4995738513176,-0.174573356716378
"US-SCs",2006,5,"Upland","WUE_ET_minus_WUE_T",0.615309696358059,0.353483376130041,0.552637933838003,-2.7741879310773,-3.17368285181661,0.399494920739315
"US-SCs",2006,6,"Upland","WUE_ET_minus_WUE_T",0.469368521229386,-0.487229396061282,-0.503958045314688,-3.63687081486179,-4.40075371676649,0.7638829019047
"US-SCs",2009,4,"Upland","WUE_ET_minus_WUE_T",0.255825825483036,-1.71736935871292,-0.489255620187288,-12.2998550502954,-7.52660093290644,-4.77325411738897
"US-SCs",2010,3,"Upland","WUE_ET_minus_WUE_T",0.591139608872776,0.214248501284448,-0.758374693604909,-2.3801438643674,-3.37447667527004,0.994332810902642
"US-SCs",2010,5,"Upland","WUE_ET_minus_WUE_T",0.316895290512216,-1.36557090844242,-0.397163906778526,-10.8205042779107,-6.03997656985464,-4.78052770805604
"US-SCs",2011,3,"Upland","WUE_ET_minus_WUE_T",0.520003697787885,-0.195538996711267,0.525771202477343,-4.5110350052744,-4.02918249509965,-0.481852510174751
"US-SCs",2011,4,"Upland","WUE_ET_minus_WUE_T",0.635017294485454,0.467011511286597,0.0034607708244613,-2.41864104473569,-3.01412121394567,0.595480169209976
"US-SCs",2011,5,"Upland","WUE_ET_minus_WUE_T",0.510554912512948,-0.249969930649749,0.563357823524284,-3.83670141443191,-4.11914041711216,0.282439002680247
"US-SCs",2011,6,"Upland","WUE_ET_minus_WUE_T",0.394425930309168,-0.918945759261636,0.66263058701208,-6.11562919995801,-4.96692319680194,-1.14870600315608
"US-SCs",2012,4,"Upland","WUE_ET_minus_WUE_T",0.290989497293502,-1.51480453776957,0.759065398023905,-7.39297803371454,-6.58633259862572,-0.806645435088825
"US-SCs",2013,3,"Upland","WUE_ET_minus_WUE_T",0.229086424687351,-1.87140509091705,-0.428256254788406,-10.8703488984695,-8.37632062091436,-2.49402827755511
"US-Skr",2004,2,"Saline","WUE_ET_minus_WUE_T",0.61981229506007,0.379421170816804,0.869122371539587,-1.36948286422333,-1.04909900913741,-0.320383855085921
"US-Skr",2004,4,"Saline","WUE_ET_minus_WUE_T",0.680377268337588,0.728313431941487,-0.127790188780163,-1.03754195626633,-0.773455500562757,-0.264086455703571
"US-Skr",2004,6,"Saline","WUE_ET_minus_WUE_T",0.662898670429813,0.62762573713495,-0.889522890128178,-1.11364941128637,-0.811123655809586,-0.302525755476788
"US-Skr",2004,7,"Saline","WUE_ET_minus_WUE_T",0.589208268470743,0.203122768316997,0.630432753991306,-1.2604173529401,-1.20678699571656,-0.0536303572235428
"US-Skr",2004,8,"Saline","WUE_ET_minus_WUE_T",0.624373304355125,0.405695447182304,0.932257740712666,-1.15392002187201,-1.05281267691746,-0.101107344954547
"US-Skr",2004,9,"Saline","WUE_ET_minus_WUE_T",0.657260430565258,0.595145936539741,-0.645233439794722,-1.02603645206924,-0.871168639199842,-0.154867812869403
"US-Skr",2004,10,"Saline","WUE_ET_minus_WUE_T",0.677009011139561,0.708910156314098,-0.387839198508561,-1.09299086301228,-0.787825200994045,-0.305165662018234
"US-Skr",2005,4,"Saline","WUE_ET_minus_WUE_T",0.657379933785171,0.59583435009548,-0.607036443386612,-1.31299439637205,-0.872217858203598,-0.440776538168451
"US-Skr",2005,5,"Saline","WUE_ET_minus_WUE_T",0.6543257949491,0.578240593396821,-0.246647149390119,-1.35150394618285,-0.890719201279009,-0.460784744903845
"US-Skr",2005,7,"Saline","WUE_ET_minus_WUE_T",0.618950139676868,0.37445461465723,-0.593075948049508,-1.2324020914855,-1.04721319378692,-0.185188897698576
"US-Skr",2005,8,"Saline","WUE_ET_minus_WUE_T",0.673874881546487,0.690855602646999,0.837362264129258,-0.737446263120612,-0.823315029199584,0.0858687660789723
"US-Skr",2005,9,"Saline","WUE_ET_minus_WUE_T",0.78036657508799,1.30431459949069,-0.597794753280093,-0.410381749403715,-0.432207845193624,0.0218260957899095
"US-Skr",2007,2,"Saline","WUE_ET_minus_WUE_T",0.654670306487019,0.580225196096091,0.46071697548154,-0.977471296408645,-0.880372416876525,-0.0970988795321199
"US-Skr",2007,3,"Saline","WUE_ET_minus_WUE_T",0.765505991626186,1.218708311152,-0.993954814121977,-0.418991090241893,-0.473171997467835,0.0541809072259418
"US-Skr",2007,4,"Saline","WUE_ET_minus_WUE_T",0.744711507333053,1.09891902947083,0.565748128118812,-0.557614464673091,-0.541337478609452,-0.0162769860636396
"US-Skr",2007,6,"Saline","WUE_ET_minus_WUE_T",0.688168217240276,0.773194187795374,0.581898112435908,-0.705109823253034,-0.705481023425294,0.000371200172259556
"US-Skr",2007,7,"Saline","WUE_ET_minus_WUE_T",0.683860051055261,0.7483764464467,0.37560075414559,-0.75534632380127,-0.748885669797939,-0.00646065400333118
"US-Skr",2007,9,"Saline","WUE_ET_minus_WUE_T",0.749060103884746,1.12396967510865,0.880775185284136,-0.468640962251038,-0.526003851870397,0.057362889619359
"US-Skr",2007,10,"Saline","WUE_ET_minus_WUE_T",0.774584186618747,1.27100441245418,0.789279211181074,-0.41612275273064,-0.450992677107752,0.0348699243771122
"US-Skr",2008,3,"Saline","WUE_ET_minus_WUE_T",0.731547149590641,1.02308406595225,0.579840156355048,-0.618050930776735,-0.580130104065311,-0.0379208267114248
"US-Skr",2008,4,"Saline","WUE_ET_minus_WUE_T",0.723130015763287,0.974596091892422,0.631853241666607,-0.614688096255488,-0.612778776318005,-0.00190931993748267
"US-Skr",2008,6,"Saline","WUE_ET_minus_WUE_T",0.701196941689484,0.848247818411636,0.0718216719475827,-0.634740504449922,-0.655150998918092,0.0204104944681698
"US-Skr",2008,7,"Saline","WUE_ET_minus_WUE_T",0.660892817297697,0.616070764072531,0.999109661949358,-0.853898184229315,-0.846137435614531,-0.00776074861478393
"US-Skr",2008,9,"Saline","WUE_ET_minus_WUE_T",0.639454127823224,0.492570456196138,0.281960359684912,-0.693026547673486,-0.953988607678362,0.260962060004876
"US-Skr",2008,10,"Saline","WUE_ET_minus_WUE_T",0.688818307632412,0.776939116498776,0.395969544042326,-0.65307786786956,-0.739936358061166,0.0868584901916061
"US-Skr",2009,3,"Saline","WUE_ET_minus_WUE_T",0.748476942596375,1.12061030005258,0.132546311470947,-0.611095389096311,-0.525310657748219,-0.0857847313480926
"US-Skr",2009,6,"Saline","WUE_ET_minus_WUE_T",0.645468128121134,0.527214872742449,0.659533316484451,-0.67374561677068,-0.890429041843334,0.216683425072655
"US-Skr",2009,7,"Saline","WUE_ET_minus_WUE_T",0.592763920745899,0.223605557211624,-0.50275006045665,-0.777961712037159,-1.18705257142047,0.409090859383308
"US-Skr",2009,8,"Saline","WUE_ET_minus_WUE_T",0.712616904809056,0.914033973991875,-0.245347394967569,-0.54670570925394,-0.672607678023824,0.125901968769884
"US-Skr",2009,9,"Saline","WUE_ET_minus_WUE_T",0.571625982632819,0.101837765950607,0.437869336035301,-0.809723798830764,-1.31554411107175,0.505820312240989
"US-Skr",2010,5,"Saline","WUE_ET_minus_WUE_T",0.781877106161704,1.31301620659605,-0.458240544956424,-0.491725920761428,-0.434157199826963,-0.0575687209344653
"US-Skr",2010,6,"Saline","WUE_ET_minus_WUE_T",0.692081264920714,0.795735798552158,-0.895853301133102,-0.47099238512844,-0.690079643563125,0.219087258434685
"US-Skr",2010,7,"Saline","WUE_ET_minus_WUE_T",0.785059230835197,1.33134724205161,0.12129449195594,-0.356501402411711,-0.409985083346378,0.0534836809346675
"US-Skr",2010,9,"Saline","WUE_ET_minus_WUE_T",0.729541967932099,1.01153296099908,0.888702680921428,-0.572930370377103,-0.589371736882456,0.0164413665053531
"US-Skr",2010,10,"Saline","WUE_ET_minus_WUE_T",0.700088830001836,0.841864399558123,-0.895367257179555,-0.53629955811301,-0.696358675564349,0.16005911745134
"US-Skr",2011,3,"Saline","WUE_ET_minus_WUE_T",0.699626899816433,0.839203391748734,-0.51838868029618,-0.951948222585838,-0.693521064678259,-0.258427157907579
"US-Skr",2011,7,"Saline","WUE_ET_minus_WUE_T",0.557170736424241,0.0185664746100565,0.614381995655478,-1.22744908329289,-1.39162095742881,0.164171874135914
"US-Skr",2011,8,"Saline","WUE_ET_minus_WUE_T",0.683046679727163,0.743690917064995,0.767374325910628,-0.556709626904201,-0.785435760258113,0.228726133353912
"US-Skr",2011,9,"Saline","WUE_ET_minus_WUE_T",0.80285000161447,1.4338332485407,-0.38368531320254,-0.31534385701341,-0.369113664697945,0.0537698076845348
"US-Skr",2018,4,"Saline","WUE_ET_minus_WUE_T",0.716489823858671,0.936344418647428,-0.279232315082807,-0.643797646035392,-0.635951535370113,-0.00784611066527985
"US-Skr",2018,6,"Saline","WUE_ET_minus_WUE_T",0.707178225561056,0.882703767806992,-0.925182572505908,-0.563827696344258,-0.632931891337484,0.0691041949932263
"US-Skr",2019,2,"Saline","WUE_ET_minus_WUE_T",0.736081056385008,1.04920221490225,0.100347074705805,-0.583584980299121,-0.565150051430368,-0.0184349288687533
"US-Skr",2019,3,"Saline","WUE_ET_minus_WUE_T",0.695121910053582,0.813251823050723,-0.254912386352397,-0.695373645459536,-0.710729785274759,0.0153561398152233
"US-Skr",2019,4,"Saline","WUE_ET_minus_WUE_T",0.748639834778047,1.12154866126216,-0.716837474400658,-0.467085785674192,-0.528910172253254,0.0618243865790613
"US-Skr",2019,5,"Saline","WUE_ET_minus_WUE_T",0.775398114224217,1.27569314634271,-0.511770716216986,-0.359688873498484,-0.452845845520548,0.0931569720220642
"US-Skr",2019,6,"Saline","WUE_ET_minus_WUE_T",0.740806771375643,1.07642529945574,-0.624789501970539,-0.460684361684184,-0.517297040151588,0.0566126784674039
"US-Skr",2019,7,"Saline","WUE_ET_minus_WUE_T",0.705710560239879,0.874249094341962,-0.903577906450602,-0.502618358579668,-0.66449145279936,0.161873094219692
"US-Skr",2019,8,"Saline","WUE_ET_minus_WUE_T",0.676589474474374,0.706493361790449,-0.248181823705272,-0.578075610379647,-0.811955182109959,0.233879571730312
"US-Skr",2019,10,"Saline","WUE_ET_minus_WUE_T",0.62055916143601,0.38372358993067,-0.324250148617982,-0.729018412585096,-1.04983145769605,0.320813045110953
"US-Skr",2020,2,"Saline","WUE_ET_minus_WUE_T",0.589031584830521,0.202104959649627,0.0515667980837974,-1.09768959395175,-1.21408639846629,0.116396804514538
"US-Skr",2020,4,"Saline","WUE_ET_minus_WUE_T",0.617441045158915,0.365761283014743,-0.612114639531355,-0.980931631262123,-1.06539430281641,0.084462671554282
"US-Skr",2020,6,"Saline","WUE_ET_minus_WUE_T",0.690431493814675,0.786232081463294,-0.49398477837519,-0.523856079130324,-0.696542626598168,0.172686547467845
"US-Skr",2020,7,"Saline","WUE_ET_minus_WUE_T",0.700893830527434,0.846501707863298,0.871999585792715,-0.56461599365129,-0.682449054030902,0.117833060379612
"US-Skr",2021,2,"Saline","WUE_ET_minus_WUE_T",0.639477815986719,0.492706914886309,-0.124414227638751,-0.931488930462123,-0.951374443949982,0.0198855134878584
"US-Skr",2021,4,"Saline","WUE_ET_minus_WUE_T",0.653196620171252,0.571735837923004,-0.358422715525668,-0.738422855524144,-0.891170677246834,0.15274782172269
"US-Skr",2021,6,"Saline","WUE_ET_minus_WUE_T",0.6453921904623,0.526777424163485,0.328819176147769,-0.676588657788528,-0.890786117698674,0.214197459910146
"US-Skr",2021,9,"Saline","WUE_ET_minus_WUE_T",0.834277025547605,1.61487263231471,-0.141297928932053,-0.290565455539647,-0.284453458630078,-0.00611199690956976
"US-Skr",2022,4,"Saline","WUE_ET_minus_WUE_T",0.76186895291487,1.19775668530095,-0.0499941287380263,-0.489022558868125,-0.488195259913259,-0.000827298954866329
"US-Skr",2022,5,"Saline","WUE_ET_minus_WUE_T",0.766893346866687,1.2267003481438,0.475192020833223,-0.384563545592802,-0.477845332979439,0.0932817873866374
"US-Skr",2022,8,"Saline","WUE_ET_minus_WUE_T",0.777136697591775,1.28570847780305,-0.884844072398366,-0.335457346021537,-0.465965948595743,0.130508602574206
"US-Skr",2022,10,"Saline","WUE_ET_minus_WUE_T",0.73837131697834,1.06239555345639,-0.272496957925324,-0.459661738747954,-0.562222914104817,0.102561175356862
"US-Slt",2005,5,"Upland","WUE_ET_minus_WUE_T",0.743505211834282,1.09197001023784,-0.615868148656485,-0.875172130103913,-0.710170475798613,-0.1650016543053
"US-Slt",2005,6,"Upland","WUE_ET_minus_WUE_T",0.818427658489642,1.52357032982859,-0.134825146387107,-0.630231662824921,-0.350381100510912,-0.279850562314009
"US-Slt",2005,7,"Upland","WUE_ET_minus_WUE_T",0.840639624603842,1.65152519651529,-0.607707786088264,-0.48515918436153,-0.282167981781657,-0.202991202579872
"US-Slt",2006,5,"Upland","WUE_ET_minus_WUE_T",0.808280771679528,1.46511789286745,-0.880321285793,-0.610594669495807,-0.434669814702562,-0.175924854793245
"US-Slt",2006,6,"Upland","WUE_ET_minus_WUE_T",0.834624284834222,1.61687306377117,0.8313048672139,-0.536416734718271,-0.281584506845083,-0.254832227873188
"US-Slt",2006,7,"Upland","WUE_ET_minus_WUE_T",0.85660508893503,1.7434962921664,-0.0239641013677031,-0.433727669586198,-0.214256231273777,-0.219471438312421
"US-Slt",2007,7,"Upland","WUE_ET_minus_WUE_T",0.638214616774214,0.485430094545249,0.198309411349725,-0.964677750964171,-1.26867509497436,0.303997344010192
"US-Slt",2007,8,"Upland","WUE_ET_minus_WUE_T",0.725304603986302,0.987123084989015,0.0706381449223179,-0.843600154347413,-0.808922615080605,-0.0346775392668084
"US-Slt",2008,5,"Upland","WUE_ET_minus_WUE_T",0.777798036140443,1.28951820294825,0.755666477789899,-0.505684872635177,-0.563684992967045,0.0580001203318674
"US-Slt",2008,6,"Upland","WUE_ET_minus_WUE_T",0.791689011051276,1.36953893743549,-0.581651584912828,-0.591811765369243,-0.463668456425423,-0.12814330894382
"US-Slt",2008,7,"Upland","WUE_ET_minus_WUE_T",0.688601972188025,0.775692888551019,-0.487058319942546,-1.16737876801775,-0.954252822545231,-0.213125945472518
"US-Slt",2009,5,"Upland","WUE_ET_minus_WUE_T",0.761521716743046,1.1957563870002,0.551133450151794,-0.89622771511206,-0.632748120666411,-0.263479594445649
"US-Slt",2009,7,"Upland","WUE_ET_minus_WUE_T",0.827130454809652,1.57370389914898,0.340546869927294,-0.528627676834095,-0.339586056226893,-0.189041620607202
"US-Slt",2009,8,"Upland","WUE_ET_minus_WUE_T",0.829408572096707,1.58682728463692,0.991712414556786,-0.559507346884711,-0.363166961880108,-0.196340385004603
"US-Slt",2009,9,"Upland","WUE_ET_minus_WUE_T",0.734019133946788,1.03732424744344,0.51089169137698,-0.841992435285424,-0.745483091473794,-0.09650934381163
"US-Slt",2010,5,"Upland","WUE_ET_minus_WUE_T",0.817114570715053,1.51600612005618,-0.210975683430617,-0.57788393079414,-0.397206551982594,-0.180677378811545
"US-Slt",2011,5,"Upland","WUE_ET_minus_WUE_T",0.838429824672808,1.63879536187903,-0.112073985341733,-0.695013407640091,-0.306659631928778,-0.388353775711313
"US-Slt",2011,6,"Upland","WUE_ET_minus_WUE_T",0.814609485586499,1.50157525733944,-0.464898791269665,-0.713088337966603,-0.366581562410355,-0.346506775556248
"US-Slt",2011,7,"Upland","WUE_ET_minus_WUE_T",0.804291924114829,1.44213962719973,-0.530462214351969,-0.728034939256949,-0.436476258023653,-0.291558681233296
"US-Slt",2012,5,"Upland","WUE_ET_minus_WUE_T",0.741674466983048,1.08142377078418,0.637137223478064,-1.39480083604139,-0.71814076532537,-0.676660070716022
"US-Slt",2012,6,"Upland","WUE_ET_minus_WUE_T",0.77442384103383,1.27008072124034,0.441519129864136,-1.07775342914515,-0.536717219002544,-0.541036210142609
"US-Slt",2012,8,"Upland","WUE_ET_minus_WUE_T",0.806365655934351,1.45408562410729,0.114078105505174,-0.605190989328891,-0.460949584101694,-0.144241405227198
"US-Slt",2012,9,"Upland","WUE_ET_minus_WUE_T",0.824943488715896,1.56110560174765,0.441482740798173,-0.478802027167708,-0.357690019440631,-0.121112007727076
"US-Slt",2013,5,"Upland","WUE_ET_minus_WUE_T",0.819735302756591,1.53110318158025,0.100987657883552,-0.552894469631742,-0.386084210018545,-0.166810259613197
"US-Slt",2013,7,"Upland","WUE_ET_minus_WUE_T",0.859959159595289,1.76281784443172,0.304910342329299,-0.462299902114287,-0.199985321195003,-0.262314580919284
"US-Slt",2013,8,"Upland","WUE_ET_minus_WUE_T",0.800747759172052,1.4217230125499,0.253710214202673,-0.852615386332134,-0.484746087455988,-0.367869298876146
"US-Slt",2013,9,"Upland","WUE_ET_minus_WUE_T",0.726250294552333,0.99257085623453,-0.934592336164399,-1.31326230361143,-0.780202665313808,-0.533059638297621
"US-Slt",2014,5,"Upland","WUE_ET_minus_WUE_T",0.799696413827249,1.41566660346192,0.13686185428063,-0.498366795214635,-0.47103388143124,-0.0273329137833949
"US-Slt",2014,6,"Upland","WUE_ET_minus_WUE_T",0.864513802612613,1.78905544704154,-0.511503561470994,-0.409854434451756,-0.154447625060677,-0.255406809391079
"US-Slt",2014,7,"Upland","WUE_ET_minus_WUE_T",0.794272390216035,1.38442082294388,0.970385380328347,-0.665702492843341,-0.478895813138588,-0.186806679704753
"US-Slt",2014,8,"Upland","WUE_ET_minus_WUE_T",0.832861475965221,1.60671817821681,0.745636129083954,-0.455131999003612,-0.348493922636647,-0.106638076366965
"US-Slt",2014,9,"Upland","WUE_ET_minus_WUE_T",0.864665801645204,1.78993105687508,-0.648321213682954,-0.343218591360746,-0.188773168291813,-0.154445423068933
"US-Slt",2015,7,"Upland","WUE_ET_minus_WUE_T",0.799681833298252,1.41558261046308,-0.220595048886477,-0.0433307501371361,-0.455999989348846,0.41266923921171
"US-Slt",2015,9,"Upland","WUE_ET_minus_WUE_T",0.705693313658721,0.874149743209264,-0.613079913608108,-0.133867979406705,-0.876310261889092,0.742442282482387
"US-Slt",2016,9,"Upland","WUE_ET_minus_WUE_T",0.644115542427369,0.519423130163773,0.0206938109600391,-0.169808906408235,-1.23520191523417,1.06539300882593
"US-Slt",2017,6,"Upland","WUE_ET_minus_WUE_T",0.752714708550131,1.14502249188082,-0.286285744487406,-0.0929241839245047,-0.629147575261828,0.536223391337323
"US-Slt",2017,7,"Upland","WUE_ET_minus_WUE_T",0.716644844333375,0.937237433884015,0.94989314717823,-0.0904002133590546,-0.815402600367481,0.725002387008426
"US-Slt",2017,8,"Upland","WUE_ET_minus_WUE_T",0.745723836851053,1.10475068290721,0.661654205335074,-0.0650032246372353,-0.718706646290452,0.653703421653217
"US-Slt",2017,9,"Upland","WUE_ET_minus_WUE_T",0.792043128521894,1.3715788763365,-0.640404343743413,-0.0648098311214981,-0.49714264910584,0.432332817984341
"US-Slt",2018,6,"Upland","WUE_ET_minus_WUE_T",0.813808023769628,1.49695833421768,0.163926848934134,-0.045598975603691,-0.369981159796327,0.324382184192636
"US-Slt",2018,7,"Upland","WUE_ET_minus_WUE_T",0.759838491341872,1.18605995217297,0.667020186442551,-0.0685668979480185,-0.62482727580315,0.556260377855131
"US-Slt",2018,8,"Upland","WUE_ET_minus_WUE_T",0.793982177364913,1.38274901476242,0.188679815956077,-0.0534512544853138,-0.513383120973399,0.459931866488085
"US-Slt",2019,6,"Upland","WUE_ET_minus_WUE_T",0.689798770233928,0.782587196494186,0.966327080807373,-0.0826540593400543,-0.921762411410928,0.839108352070873
"US-Slt",2019,8,"Upland","WUE_ET_minus_WUE_T",0.765245294771391,1.21720653363579,-0.253689886069574,-0.0624271642928822,-0.635068096237132,0.57264093194425
"US-Slt",2020,5,"Upland","WUE_ET_minus_WUE_T",0.777153252497275,1.28580384444981,-0.87362357807921,-0.0413709524302861,-0.566414109499245,0.525043157068959
"US-Slt",2020,6,"Upland","WUE_ET_minus_WUE_T",0.792841143652378,1.37617594438127,-0.0977333079057476,-0.0384372449922986,-0.458794106261222,0.420356861268924
"US-Slt",2020,7,"Upland","WUE_ET_minus_WUE_T",0.76196406243135,1.19830457581363,0.887108967989709,-0.0613060518752313,-0.615768395981161,0.55446234410593
"US-Slt",2020,8,"Upland","WUE_ET_minus_WUE_T",0.741791503936077,1.08209797709466,0.757818124201483,-0.116076030986588,-0.735794183369812,0.619718152383224
"US-Slt",2021,5,"Upland","WUE_ET_minus_WUE_T",0.667737298290743,0.655499270693781,0.28750841052239,-0.144969094830508,-1.08736579455685,0.942396699726345
"US-Slt",2021,6,"Upland","WUE_ET_minus_WUE_T",0.772017029880873,1.25621597830703,-0.270019550319991,-0.0806909480137262,-0.546913989526645,0.466223041512919
"US-Slt",2021,9,"Upland","WUE_ET_minus_WUE_T",0.764013882688729,1.21011282711457,0.693710570539122,-0.0819599988626514,-0.615859271956521,0.533899273093869
"US-Snd",2007,4,"Upland","WUE_ET_minus_WUE_T",0.53836769704648,-0.0897508343807902,-0.240344253983132,-2.24723599167329,-2.01229124960527,-0.234944742068013
"US-Snd",2007,5,"Upland","WUE_ET_minus_WUE_T",0.577319611104182,0.134636639687002,-0.751388263601585,-1.47042870805839,-1.65355878894111,0.183130080882715
"US-Snd",2007,6,"Upland","WUE_ET_minus_WUE_T",0.545346254529822,-0.0495499630191351,-0.429407243763682,-1.45698314193663,-1.9113689632461,0.454385821309466
"US-Snd",2007,7,"Upland","WUE_ET_minus_WUE_T",0.536119275798286,-0.10270315204547,0.821823619890786,-1.53441004332198,-2.02244691329719,0.488036869975215
"US-Snd",2007,8,"Upland","WUE_ET_minus_WUE_T",0.49312888138497,-0.350354807809864,-0.243976420349261,-2.0360427557849,-2.42332500309981,0.387282247314909
"US-Snd",2008,7,"Upland","WUE_ET_minus_WUE_T",0.587843235183962,0.195259319789525,0.293088162614823,-1.1830540656589,-1.54161332139255,0.358559255733658
"US-Snd",2008,8,"Upland","WUE_ET_minus_WUE_T",0.577413852507024,0.135179529320231,-0.807648133977741,-1.01170974517867,-1.67084723747354,0.659137492294871
"US-Snd",2008,9,"Upland","WUE_ET_minus_WUE_T",0.561385145976466,0.0428441189052774,-0.531044077098218,-1.17269474074159,-1.79637347240749,0.623678731665897
"US-Snd",2009,3,"Upland","WUE_ET_minus_WUE_T",0.594545318234752,0.233867524883929,-0.221225970269234,-1.04706947461632,-1.48741763601421,0.440348161397895
"US-Snd",2009,4,"Upland","WUE_ET_minus_WUE_T",0.645663577780714,0.528340785460259,-0.872838430982415,-0.989914670113615,-1.08097894390158,0.0910642737879681
"US-Snd",2009,5,"Upland","WUE_ET_minus_WUE_T",0.51294739479951,-0.236187730980731,-0.0340915335953871,-2.63530710742504,-2.24238562244578,-0.39292148497926
"US-Snd",2009,6,"Upland","WUE_ET_minus_WUE_T",0.382809990073554,-0.98586086603998,0.591622863722815,-3.49585041675523,-3.21985612419572,-0.2759942925595
"US-Snd",2009,7,"Upland","WUE_ET_minus_WUE_T",0.326867671125921,-1.30812373670557,0.212939834313663,-2.8212006703889,-3.98768938598629,1.16648871559739
"US-Snd",2009,8,"Upland","WUE_ET_minus_WUE_T",0.409533376044336,-0.831917389279386,0.156024985597427,-2.56431899717729,-3.04209581583053,0.477776818653234
"US-Snd",2009,9,"Upland","WUE_ET_minus_WUE_T",0.451956850340463,-0.587531549230897,-0.437351256465468,-1.60747021531075,-2.70458204603717,1.09711183072642
"US-Snd",2010,3,"Upland","WUE_ET_minus_WUE_T",0.65865780164975,0.603195671079615,-0.0080278454068631,-1.21640980867438,-0.990033066580992,-0.22637674209339
"US-Snd",2010,5,"Upland","WUE_ET_minus_WUE_T",0.628622873589197,0.430175633313771,0.780287425021757,-1.60569100682932,-1.21081283611413,-0.394878170715192
"US-Snd",2010,6,"Upland","WUE_ET_minus_WUE_T",0.56667843614138,0.0733367927146714,0.452882194311106,-1.72299374221739,-1.71171461316811,-0.0112791290492809
"US-Snd",2010,9,"Upland","WUE_ET_minus_WUE_T",0.584986066211246,0.178800233136611,-0.302916104681128,-1.48247535129444,-1.57652356529502,0.0940482140005849
"US-Snd",2011,4,"Upland","WUE_ET_minus_WUE_T",0.722345598117211,0.970077353892626,-0.458643748187424,-1.00221222675201,-0.654547682877258,-0.347664543874755
"US-Snd",2011,5,"Upland","WUE_ET_minus_WUE_T",0.700055886017397,0.841674621529679,0.9688361085686,-1.11067512849605,-0.765414410216892,-0.345260718279156
"US-Snd",2011,9,"Upland","WUE_ET_minus_WUE_T",0.412314700583666,-0.815895214168333,-0.456134529467256,-3.25851671835312,-2.99552798607808,-0.262988732275038
"US-Snd",2012,3,"Upland","WUE_ET_minus_WUE_T",0.525114773317044,-0.166095993575179,0.634760091378577,-1.12143515529481,-2.12776251102649,1.00632735573168
"US-Snd",2012,4,"Upland","WUE_ET_minus_WUE_T",0.678012463292835,0.71469067055757,0.82829290499591,-0.937948610431057,-0.877685351583275,-0.060263258847782
"US-Snd",2012,5,"Upland","WUE_ET_minus_WUE_T",0.662110526097488,0.623085531083221,-0.863650986354239,-1.21187891357352,-0.976978430685321,-0.2349004828882
"US-Snd",2012,6,"Upland","WUE_ET_minus_WUE_T",0.554034771581371,0.000501348752192953,-0.551628778300019,-1.67425293977737,-1.8303498634004,0.156096923623033
"US-Snd",2012,7,"Upland","WUE_ET_minus_WUE_T",0.554617234834832,0.0038567026890461,0.813443868341227,-1.7244221259937,-1.85105239078925,0.126630264795551
"US-Snd",2012,8,"Upland","WUE_ET_minus_WUE_T",0.484257166013434,-0.401461456893103,-0.31131114173071,-2.03395645658283,-2.49236209722544,0.458405640642606
"US-Snd",2012,9,"Upland","WUE_ET_minus_WUE_T",0.388314523222265,-0.954151300052232,0.998998316881607,-2.72324218922413,-3.2015946767986,0.478352487574469
"US-Snd",2013,3,"Upland","WUE_ET_minus_WUE_T",0.568958855267634,0.0864734382412022,-0.899156637663749,-2.0594434735489,-1.72278399770805,-0.336659475840845
"US-Snd",2013,6,"Upland","WUE_ET_minus_WUE_T",0.503219191843679,-0.292228286144317,-0.711046496520566,-2.1556316631177,-2.28255413812215,0.126922475004449
"US-Snd",2013,7,"Upland","WUE_ET_minus_WUE_T",0.484639814182839,-0.399257163259103,0.0610446899136781,-1.84937702551312,-2.45617023865562,0.606793213142503
"US-Snd",2014,3,"Upland","WUE_ET_minus_WUE_T",0.625767643285582,0.413727714611734,-0.243592102060483,-1.84159002880632,-1.22421216404884,-0.617377864757482
"US-Snd",2014,4,"Upland","WUE_ET_minus_WUE_T",0.687551966243017,0.769644195246568,-0.399364202589205,-1.20456704414389,-0.825273926063434,-0.379293118080455
"US-Snd",2014,7,"Upland","WUE_ET_minus_WUE_T",0.62021517373325,0.381742004850708,-0.722624469772642,-1.49883472032223,-1.26208087174176,-0.236753848580467
"US-Snd",2014,8,"Upland","WUE_ET_minus_WUE_T",0.679270497209282,0.721937735551218,0.992573585501801,-1.21836270758775,-0.893458073952055,-0.324904633635692
"US-Sne",2017,5,"Freshwater","WUE_ET_minus_WUE_T",0.522773097471627,-0.179585516253326,0.135395977200652,-0.134883721405889,-0.743602456307738,0.608718734901848
"US-Sne",2017,7,"Freshwater","WUE_ET_minus_WUE_T",0.328248084028309,-1.30017169193882,-0.227695674745625,-0.141030441363571,-1.76521297315697,1.6241825317934
"US-Sne",2017,8,"Freshwater","WUE_ET_minus_WUE_T",0.343341113754709,-1.21322636721562,-0.194549392798123,-0.148872908215226,-1.7163825562775,1.56750964806227
"US-Sne",2018,5,"Freshwater","WUE_ET_minus_WUE_T",0.603065961300441,0.2829517771266,-0.101160820644147,-0.211965508313792,-0.335798960156972,0.12383345184318
"US-Sne",2018,6,"Freshwater","WUE_ET_minus_WUE_T",0.526374924930543,-0.158836729317286,-0.154775058222373,-0.291861377234842,-0.683807098747316,0.391945721512473
"US-Sne",2018,7,"Freshwater","WUE_ET_minus_WUE_T",0.477698834322899,-0.439241563923476,-0.962558687053801,-0.453344044779708,-0.962824427473384,0.509480382693676
"US-Sne",2018,8,"Freshwater","WUE_ET_minus_WUE_T",0.456576786272104,-0.560917818451957,0.912524897989756,-0.538004919152785,-1.10734842056041,0.569343501407626
"US-Sne",2018,9,"Freshwater","WUE_ET_minus_WUE_T",0.388868041144513,-0.950962689391394,0.444232562955592,-0.815797074520811,-1.44511372013622,0.62931664561541
"US-Sne",2018,10,"Freshwater","WUE_ET_minus_WUE_T",0.286217777646644,-1.54229263801881,-0.166826385545536,-1.06420172682145,-2.00474124047649,0.940539513655038
"US-Sne",2019,4,"Freshwater","WUE_ET_minus_WUE_T",0.539247016253877,-0.084685403820569,0.0232397641888548,-0.433330892189343,-0.654309881196395,0.220978989007052
"US-Sne",2019,6,"Freshwater","WUE_ET_minus_WUE_T",0.514603358309792,-0.226648341756622,0.751051996920259,-0.563800103187881,-0.744504617199131,0.18070451401125
"US-Sne",2019,8,"Freshwater","WUE_ET_minus_WUE_T",0.428835299036367,-0.720726197534172,-0.906953873436301,-0.732687503655095,-1.25481857925123,0.522131075596131
"US-Sne",2019,9,"Freshwater","WUE_ET_minus_WUE_T",0.398191087268839,-0.897256091883602,0.0928068711384211,-1.2387504725672,-1.39481728123478,0.156066808667579
"US-Sne",2020,4,"Freshwater","WUE_ET_minus_WUE_T",0.560017583481998,0.0349661005540109,-0.163144101855369,-0.549785586577508,-0.548377822122741,-0.00140776445476665
"US-Sne",2020,5,"Freshwater","WUE_ET_minus_WUE_T",0.526269855889603,-0.159441992942183,-0.120446330223236,-0.739666454190542,-0.725600792994873,-0.0140656611956689
"US-Sne",2020,7,"Freshwater","WUE_ET_minus_WUE_T",0.590785041931014,0.212205973147525,-0.161669257240967,-0.476068302536302,-0.382401561360432,-0.0936667411758703
"US-Sne",2020,9,"Freshwater","WUE_ET_minus_WUE_T",0.310317954097421,-1.4034604946133,-0.862777043378214,-2.23036522074563,-1.87159350258627,-0.358771718159358
"US-SO2",1997,4,"Upland","WUE_ET_minus_WUE_T",0.220654359162159,-1.91997908092866,-0.729484838825777,-9.76931443830941,-6.02324735143077,-3.74606708687864
"US-SO2",1997,7,"Upland","WUE_ET_minus_WUE_T",0.183022436143585,-2.1367625780873,0.826840848793434,-4.06960541988301,-7.41129513524086,3.34168971535785
"US-SO2",1999,5,"Upland","WUE_ET_minus_WUE_T",0.429985318892357,-0.71410136132635,0.208627151789635,-3.54095187343503,-2.07653598640446,-1.46441588703057
"US-SO2",1999,6,"Upland","WUE_ET_minus_WUE_T",0.127677520286147,-2.45558403197911,0.803734491418451,-13.6610711572746,-9.61554271435865,-4.04552844291592
"US-SO2",2000,4,"Upland","WUE_ET_minus_WUE_T",0.439228946265688,-0.660852265673358,0.729014044533956,-1.95393411631652,-2.00510675793068,0.051172641614164
"US-SO2",2000,5,"Upland","WUE_ET_minus_WUE_T",0.500926427282857,-0.305436049122869,-0.391324237302212,-2.38913505812506,-1.55086028854237,-0.838274769582691
"US-SO2",2000,6,"Upland","WUE_ET_minus_WUE_T",0.354906496855288,-1.14660250126847,0.45808738182266,-4.35443700186497,-2.74623619596664,-1.60820080589833
"US-SO2",2000,7,"Upland","WUE_ET_minus_WUE_T",0.164528688858948,-2.24329817048722,0.0009398593229002,-8.24455183615325,-8.14220230168219,-0.102349534471069
"US-SO2",2001,4,"Upland","WUE_ET_minus_WUE_T",0.288127786434215,-1.53128978853995,0.869042008355468,-3.04192540263353,-4.00644335318078,0.964517950547255
"US-SO2",2001,7,"Upland","WUE_ET_minus_WUE_T",0.11989879695882,-2.50039436084524,0.903647816835361,-14.7251006030659,-9.96159562507954,-4.76350497798633
"US-SO2",2003,5,"Upland","WUE_ET_minus_WUE_T",0.255475846248166,-1.71938545877857,0.755884130748089,-2.78444355229574,-4.893568842617,2.10912529032127
"US-SO2",2003,6,"Upland","WUE_ET_minus_WUE_T",0.207385740854528,-1.99641465074452,0.688523194047285,-5.25214453757543,-6.46279875795477,1.21065422037933
"US-SO2",2004,4,"Upland","WUE_ET_minus_WUE_T",0.172855902314845,-2.19532819420764,0.101824325363202,-4.38242070731908,-7.82091317029509,3.43849246297602
"US-SO2",2004,8,"Upland","WUE_ET_minus_WUE_T",0.196565626435364,-2.05874530130111,0.520669193906265,-5.7966363742119,-6.92500363302404,1.12836725881215
"US-SO2",2005,4,"Upland","WUE_ET_minus_WUE_T",0.562911412782057,0.0516363737031496,0.358071419108214,-0.951782894902502,-0.991920776421203,0.0401378815187009
"US-SO2",2005,5,"Upland","WUE_ET_minus_WUE_T",0.375301082684159,-1.02911688574724,0.30968788922559,-2.40485594417453,-2.5465653522068,0.141709408032267
"US-SO2",2005,6,"Upland","WUE_ET_minus_WUE_T",0.163989223004212,-2.24640583241907,0.873758954660494,-8.13646392734942,-8.13765797215094,0.00119404480151353
"US-SO2",2005,7,"Upland","WUE_ET_minus_WUE_T",0.183876871422368,-2.13184049457489,0.942540066225559,-3.74243710059579,-7.37807378382927,3.63563668323348
"US-SO2",2005,8,"Upland","WUE_ET_minus_WUE_T",0.344690883157124,-1.20545084824284,0.430988808232534,-1.73802558549774,-2.94642059612803,1.20839501063029
"US-SO2",2006,5,"Upland","WUE_ET_minus_WUE_T",0.315443959080646,-1.37393148845096,-0.175097034978092,-2.65200058554183,-3.41952906744302,0.767528481901187
"US-SO2",2006,6,"Upland","WUE_ET_minus_WUE_T",0.143846571310919,-2.36244014918692,-0.673970451934063,-5.63710303832651,-8.95307116105293,3.31596812272641
"US-SO2",2006,7,"Upland","WUE_ET_minus_WUE_T",0.177064025031433,-2.17108676603177,0.0999120447284031,-4.1529175243781,-7.64442985149956,3.49151232712146
"US-SO3",1997,4,"Upland","WUE_ET_minus_WUE_T",0.268529089105841,-1.64419058673997,-0.729484838825777,-4.25402152543447,-2.86327725317936,-1.39074427225511
"US-SO3",1998,7,"Upland","WUE_ET_minus_WUE_T",0.311778233009886,-1.39504837149871,0.347100610663344,-4.02740918058585,-1.82576492912415,-2.2016442514617
"US-SO3",2002,3,"Upland","WUE_ET_minus_WUE_T",0.147310778585093,-2.34248414089558,-0.439986092792001,-3.12123325800968,-7.19398665840671,4.07275340039702
"US-SO3",2002,4,"Upland","WUE_ET_minus_WUE_T",0.154243677237641,-2.30254629305814,-0.0393066325613431,-4.92301801722363,-6.91657404678658,1.99355602956296
"US-SO3",2003,3,"Upland","WUE_ET_minus_WUE_T",0.113544125705352,-2.53700125592579,0.593771748045495,-1.81340366183081,-8.57912485688128,6.76572119505047
"US-SO3",2003,5,"Upland","WUE_ET_minus_WUE_T",0.256007157455839,-1.71632477273225,0.755884130748089,-0.807811124999714,-3.22740762803581,2.4195965030361
"US-SO3",2003,6,"Upland","WUE_ET_minus_WUE_T",0.213383506141938,-1.96186375804899,0.688523194047285,-0.304476101277025,-4.59466015095864,4.29018404968162
"US-SO3",2003,7,"Upland","WUE_ET_minus_WUE_T",0.107155319208017,-2.57380479143682,-0.382701395243965,-0.136486368610048,-8.83589029684493,8.69940392823488
"US-SO3",2004,4,"Upland","WUE_ET_minus_WUE_T",0.23822109287827,-1.81878366854557,0.101824325363202,-2.07798056740576,-3.77794054722818,1.69995997982241
"US-SO3",2005,3,"Upland","WUE_ET_minus_WUE_T",0.571312489681018,0.100031849776921,0.331324531202856,-0.53848117320995,0.741274235475708,-1.27975540868566
"US-SO3",2005,4,"Upland","WUE_ET_minus_WUE_T",0.471815947980587,-0.473130681788745,0.358071419108214,-1.02052913492777,-0.120856005198039,-0.899673129729733
"US-SO3",2005,5,"Upland","WUE_ET_minus_WUE_T",0.332029107761063,-1.27839062198867,0.30968788922559,-2.3243372134249,-1.4737111735728,-0.850626039852107
"US-SO3",2005,7,"Upland","WUE_ET_minus_WUE_T",0.144870813842391,-2.35653986931545,0.942540066225559,-9.11411214197033,-7.28712465455917,-1.82698748741117
"US-SO3",2006,3,"Upland","WUE_ET_minus_WUE_T",0.555353222302298,0.00809645246169517,0.901834441801957,-0.381089817985138,0.591581068136964,-0.972670886122102
"US-SO3",2006,5,"Upland","WUE_ET_minus_WUE_T",0.350472227073895,-1.1721466784842,-0.175097034978092,-2.55906476240484,-1.19648194736359,-1.36258281504125
"US-SO3",2006,6,"Upland","WUE_ET_minus_WUE_T",0.22946694677198,-1.86921304486585,-0.673970451934063,-4.29050992240766,-4.03248429570804,-0.258025626699625
"US-SO3",2006,7,"Upland","WUE_ET_minus_WUE_T",0.178171318754863,-2.16470805916557,0.0999120447284031,-2.05265572077893,-5.95059919649235,3.89794347571342
"US-SO4",2004,4,"Upland","WUE_ET_minus_WUE_T",0.105517289880985,-2.58324086850859,0.101824325363202,-15.3980344270942,-11.5413550221086,-3.85667940498553
"US-SO4",2005,4,"Upland","WUE_ET_minus_WUE_T",0.277567280716869,-1.59212493002449,0.358071419108214,-4.61452085194306,-5.24847810725214,0.63395725530908
"US-SO4",2005,5,"Upland","WUE_ET_minus_WUE_T",0.226995150771515,-1.88345214131008,0.30968788922559,-6.05339146920261,-6.78552346097622,0.732131991773616
"US-SO4",2005,6,"Upland","WUE_ET_minus_WUE_T",0.118209122276106,-2.51012794758219,0.873758954660494,-15.7993425422139,-10.9822649494113,-4.81707759280252
"US-SO4",2005,7,"Upland","WUE_ET_minus_WUE_T",0.118374527995015,-2.50917510682044,0.942540066225559,-9.54484452802772,-11.0016151725483,1.45677064452056
"US-SO4",2005,8,"Upland","WUE_ET_minus_WUE_T",0.255491596789436,-1.71929472577465,0.430988808232534,-2.66375143081588,-5.88855509987386,3.22480366905798
"US-SO4",2006,5,"Upland","WUE_ET_minus_WUE_T",0.16599413739539,-2.23485626709367,-0.175097034978092,-8.20884004612499,-9.07595137021638,0.867111324091391
"US-StJ",2015,7,"Saline","WUE_ET_minus_WUE_T",0.649991312756339,0.553271255325662,-0.0485637728540806,-2.37332224974896,-1.89936632116214,-0.473955928586822
"US-StJ",2015,9,"Saline","WUE_ET_minus_WUE_T",0.432033852582076,-0.702300521462671,-0.430914836063328,-4.63793100201794,-3.25823939589941,-1.37969160611853
"US-StJ",2016,6,"Saline","WUE_ET_minus_WUE_T",0.659622757823606,0.608754424318727,-0.013976866762899,-1.48499359763038,-1.82949198985389,0.34449839222351
"US-StJ",2016,7,"Saline","WUE_ET_minus_WUE_T",0.609131903023587,0.31789540888454,0.412324100857263,-2.55743446300695,-2.10232890126502,-0.455105561741932
"US-StJ",2017,9,"Saline","WUE_ET_minus_WUE_T",0.467121016342439,-0.50017643491,-0.74716201704935,-4.61059713690843,-2.98896364547622,-1.62163349143221
"US-StJ",2018,6,"Saline","WUE_ET_minus_WUE_T",0.675276058276936,0.69892726009629,0.479671155037227,-2.30594506519398,-1.76188715917925,-0.544057906014725
"US-StJ",2018,8,"Saline","WUE_ET_minus_WUE_T",0.583326887185386,0.169242320524472,0.0136590645253262,-3.09671895760716,-2.27691853458343,-0.81980042302373
"US-StJ",2019,5,"Saline","WUE_ET_minus_WUE_T",0.535624794810431,-0.105551672908269,0.669316676479028,-2.71971275420849,-2.54131190634324,-0.178400847865252
"US-StJ",2019,6,"Saline","WUE_ET_minus_WUE_T",0.557333275923993,0.0195028041504095,0.807496638598704,-2.70503985550553,-2.36836424574489,-0.336675609760641
"US-StJ",2019,7,"Saline","WUE_ET_minus_WUE_T",0.708209806605458,0.888646322119133,-0.215022317322366,-1.32086575443863,-1.65917994263033,0.338314188191708
"US-StJ",2019,8,"Saline","WUE_ET_minus_WUE_T",0.665692469101935,0.64371977108057,-0.483469758685371,-1.79006066391198,-1.86219037902284,0.0721297151108515
"US-StJ",2020,5,"Saline","WUE_ET_minus_WUE_T",0.300759726150066,-1.45852188703921,-0.674526144745153,-6.74865965873647,-4.76013278972145,-1.98852686901502
"US-StJ",2020,9,"Saline","WUE_ET_minus_WUE_T",0.419685564235293,-0.773434413037059,0.347323657851039,-4.82364713169013,-3.36229744275965,-1.46134968893048
"US-StS",2015,6,"Freshwater","WUE_ET_minus_WUE_T",0.735569184135472,1.04625350945614,-0.108168616449086,-0.619489926113552,-0.68145240909955,0.0619624829859988
"US-StS",2015,8,"Freshwater","WUE_ET_minus_WUE_T",0.755522855324022,1.16119917989855,0.488130855346,-0.517857160186825,-0.644210538285134,0.126353378098309
"US-TaS",2017,4,"Saline","WUE_ET_minus_WUE_T",0.216753162776865,-1.94245242078666,0.346707122831543,-2.90546535396253,-3.45456843064586,0.54910307668333
"US-TaS",2017,6,"Saline","WUE_ET_minus_WUE_T",0.206418332412562,-2.00198753058717,-0.200088601032774,-3.32638914084562,-3.62242506756114,0.296035926715513
"US-TaS",2017,7,"Saline","WUE_ET_minus_WUE_T",0.225641023754391,-1.89125276287875,-0.916980265393642,-1.49155614452505,-3.2714656685787,1.77990952405365
"US-TaS",2018,4,"Saline","WUE_ET_minus_WUE_T",0.215121524949588,-1.95185167880807,-0.401000748330325,-2.28767715319251,-3.48659501958841,1.1989178663959
"US-TaS",2019,4,"Saline","WUE_ET_minus_WUE_T",0.186349148757848,-2.11759862533884,-0.636353408761974,-2.85978687888417,-4.06518310620575,1.20539622732157
"US-TaS",2019,5,"Saline","WUE_ET_minus_WUE_T",0.206397191491641,-2.00210931556127,-0.596998336218983,-3.11720232303384,-3.66410003614586,0.546897713112028
"US-TaS",2019,8,"Saline","WUE_ET_minus_WUE_T",0.263488326883796,-1.67322854109327,-0.644048878798062,-1.65584563784873,-2.60848769574341,0.952642057894678
"US-TaS",2020,4,"Saline","WUE_ET_minus_WUE_T",0.202044934625921,-2.02718104690537,-0.308767175028411,-2.85145744803203,-3.74653729851205,0.895079850480022
"US-TaS",2020,6,"Saline","WUE_ET_minus_WUE_T",0.170600303993926,-2.20832185631607,0.219438594157255,-3.08436780340007,-4.35398513666724,1.26961733326717
"US-TaS",2021,4,"Saline","WUE_ET_minus_WUE_T",0.241188471751909,-1.80168970368747,-0.565675448478488,-2.11565211112535,-2.9876045354784,0.871952424353043
"US-TaS",2021,6,"Saline","WUE_ET_minus_WUE_T",0.248659991079907,-1.75864906268137,0.688636829892559,-2.02861542074918,-2.81356475141031,0.784949330661123
"US-TaS",2021,8,"Saline","WUE_ET_minus_WUE_T",0.196862193748811,-2.05703688742813,0.168356349827627,-2.37180950635415,-3.87388629329932,1.50207678694517
"US-TLR",2024,5,"Upland","WUE_ET_minus_WUE_T",0.773028910010107,1.26204504298206,0.445468354165639,-1.03762684782661,-2.72296036282614,1.68533351499954
"US-TLR",2024,8,"Upland","WUE_ET_minus_WUE_T",0.100958148067334,-2.60950438700903,0.671344425182908,-20.4811235091328,-13.8504240643004,-6.63069944483234
"US-Tw1",2011,9,"Freshwater","WUE_ET_minus_WUE_T",0.573113721929921,0.110408078116876,-0.460060687803037,-1.36051606909128,-1.39000781397384,0.0294917448825565
"US-Tw1",2011,10,"Freshwater","WUE_ET_minus_WUE_T",0.480415601574865,-0.423591279308559,0.922535146258951,-1.98028480035498,-1.86907528210579,-0.111209518249195
"US-Tw1",2012,8,"Freshwater","WUE_ET_minus_WUE_T",0.731003163090899,1.01995036226767,-0.244366227787153,-0.645013228618611,-0.632297728920116,-0.0127154996984945
"US-Tw1",2012,10,"Freshwater","WUE_ET_minus_WUE_T",0.509147934022752,-0.258075009876797,0.191564075502707,-1.75229209394555,-1.71938326788639,-0.0329088260591663
"US-Tw1",2013,6,"Freshwater","WUE_ET_minus_WUE_T",0.42137802406556,-0.763684782102044,-0.684618247614436,-2.51158251308489,-2.1449028289796,-0.366679684105296
"US-Tw1",2013,7,"Freshwater","WUE_ET_minus_WUE_T",0.570560175091115,0.0956980455309354,0.106978248576256,-1.48263146757049,-1.39411872165699,-0.0885127459135018
"US-Tw1",2013,10,"Freshwater","WUE_ET_minus_WUE_T",0.335899737835126,-1.25609336326903,-0.723084310595018,-2.75955308075394,-2.64408317054133,-0.115469910212617
"US-Tw1",2014,7,"Freshwater","WUE_ET_minus_WUE_T",0.463571174526152,-0.520625751914475,-0.730388612629297,-2.14384368969711,-1.94676473018219,-0.197078959514918
"US-Tw1",2014,8,"Freshwater","WUE_ET_minus_WUE_T",0.582134938306163,0.162375946825077,0.967943236062957,-1.39533776545781,-1.36887113123456,-0.0264666342232422
"US-Tw1",2014,10,"Freshwater","WUE_ET_minus_WUE_T",0.408545055246793,-0.837610737416292,-0.206055708358478,-2.02172471484196,-2.25077512739297,0.229050412551009
"US-Tw1",2015,5,"Freshwater","WUE_ET_minus_WUE_T",0.390856770426378,-0.939506360454608,0.0194377283701645,-2.63952801592259,-2.35027778762696,-0.289250228295627
"US-Tw1",2015,6,"Freshwater","WUE_ET_minus_WUE_T",0.533825807101811,-0.115914971287348,0.149617845752106,-1.12416829435249,-1.55515305280612,0.43098475845363
"US-Tw1",2015,7,"Freshwater","WUE_ET_minus_WUE_T",0.628438421151732,0.429113071498016,0.452712959810809,-0.967534580114165,-1.10350751269955,0.135972932585381
"US-Tw1",2015,8,"Freshwater","WUE_ET_minus_WUE_T",0.647029379344963,0.536208659748169,0.410906873194691,-0.915376294664091,-1.04437136267329,0.128995068009201
"US-Tw1",2015,9,"Freshwater","WUE_ET_minus_WUE_T",0.517491283893839,-0.21001207771732,-0.258222146229733,-1.40167803288957,-1.67418098368936,0.27250295079979
"US-Tw1",2015,10,"Freshwater","WUE_ET_minus_WUE_T",0.45110331722032,-0.592448435743287,-0.48777122619944,-1.99661408043387,-2.02356403826738,0.0269499578335124
"US-Tw1",2016,6,"Freshwater","WUE_ET_minus_WUE_T",0.502123057981921,-0.298542705202532,-0.0246202442604913,-1.60034562823558,-1.71878995795817,0.118444329722591
"US-Tw1",2016,7,"Freshwater","WUE_ET_minus_WUE_T",0.590453856748376,0.210298138619276,-0.227372827610564,-1.12348874785583,-1.29368956239202,0.170200814536186
"US-Tw1",2016,9,"Freshwater","WUE_ET_minus_WUE_T",0.546352400214497,-0.0437539323441314,-0.504843635277944,-1.39799734701079,-1.52601790497396,0.128020557963171
"US-Tw1",2017,7,"Freshwater","WUE_ET_minus_WUE_T",0.579013041879667,0.144391863875909,-0.184295986584489,-1.36003707284453,-1.35137133583835,-0.00866573700617579
"US-Tw1",2017,8,"Freshwater","WUE_ET_minus_WUE_T",0.643862627325724,0.517966180430123,-0.151152114921624,-1.21723783989406,-1.0600792775727,-0.157158562321364
"US-Tw1",2018,6,"Freshwater","WUE_ET_minus_WUE_T",0.466287751967398,-0.504976560728448,-0.089367942332031,-1.97220679824561,-1.90628453742142,-0.0659222608241885
"US-Tw1",2018,7,"Freshwater","WUE_ET_minus_WUE_T",0.659517512956968,0.608148147827445,-0.885248301665318,-0.965028566499274,-0.949288811048821,-0.0157397554504527
"US-Tw1",2018,9,"Freshwater","WUE_ET_minus_WUE_T",0.609660513871124,0.320940539161526,0.525839997576048,-1.23374510913561,-1.2060957941681,-0.0276493149675108
"US-Tw1",2018,10,"Freshwater","WUE_ET_minus_WUE_T",0.512865551364719,-0.236659200536108,-0.147660307228183,-1.70441906516878,-1.70014173798585,-0.0042773271829295
"US-Tw1",2019,6,"Freshwater","WUE_ET_minus_WUE_T",0.326247232318246,-1.31169785367095,0.80038419270631,-3.30201184170152,-2.65956301519576,-0.642448826505756
"US-Tw1",2019,8,"Freshwater","WUE_ET_minus_WUE_T",0.508878346467323,-0.259628003409107,-0.838419960289044,-1.54739457701375,-1.74316525034859,0.19577067333484
"US-Tw1",2019,9,"Freshwater","WUE_ET_minus_WUE_T",0.481868047354848,-0.415224279953718,0.144614704761146,-1.70466005111849,-1.85940743446407,0.154747383345588
"US-Tw1",2020,7,"Freshwater","WUE_ET_minus_WUE_T",0.634337154220238,0.463093476452736,-0.126169800983148,-0.96147923112402,-1.0741442497107,0.112665018586682
"US-Tw1",2020,9,"Freshwater","WUE_ET_minus_WUE_T",0.518319339864347,-0.205241955578164,-0.896289573414449,-1.6451477058786,-1.66990695434421,0.0247592484656116
"US-Tw1",2021,7,"Freshwater","WUE_ET_minus_WUE_T",0.651773713155207,0.563539000389149,-0.800991478562627,-0.909273103277928,-0.987602215671502,0.0783291123935735
"US-Tw1",2021,8,"Freshwater","WUE_ET_minus_WUE_T",0.687422560631907,0.768898737702062,0.483892043910743,-0.908397335687146,-0.845097004375092,-0.0633003313120545
"US-Tw1",2021,9,"Freshwater","WUE_ET_minus_WUE_T",0.595832623819173,0.241283213058166,-0.462879839872573,-1.32948795199621,-1.27545289409404,-0.0540350579021738
"US-Tw1",2022,6,"Freshwater","WUE_ET_minus_WUE_T",0.264923500671322,-1.66496103925615,-0.793528127154536,-3.68279394292908,-2.99300953829628,-0.6897844046328
"US-Tw1",2022,8,"Freshwater","WUE_ET_minus_WUE_T",0.703866333103585,0.86362518846388,-0.495748891486527,-0.733726489100962,-0.764544606392604,0.0308181172916427
"US-Tw1",2022,9,"Freshwater","WUE_ET_minus_WUE_T",0.632774570676561,0.454092014448427,-0.282926593624064,-1.04030742180532,-1.09073310586735,0.0504256840620287
"US-Tw1",2022,10,"Freshwater","WUE_ET_minus_WUE_T",0.595792854324838,0.241054115808526,-0.316311140246945,-1.4060453795881,-1.27771174860276,-0.128333630985344
"US-Tw1",2023,8,"Freshwater","WUE_ET_minus_WUE_T",0.646501215761881,0.533166105995181,-0.365183668005962,-1.03144626826778,-1.04699032561379,0.0155440573460104
"US-Tw1",2023,10,"Freshwater","WUE_ET_minus_WUE_T",0.397772640497716,-0.89966660793334,0.0595376734208644,-3.05236679280008,-2.30875251201664,-0.743614280783437
"US-Tw2",2012,7,"Upland","WUE_ET_minus_WUE_T",0.571010697182399,0.0982933355576358,0.813443868341227,-1.88255432469011,-2.16887821668204,0.286323891991931
"US-Tw2",2012,8,"Upland","WUE_ET_minus_WUE_T",0.64637078186242,0.532414724864349,-0.31131114173071,-1.95932271236085,-1.57051344628262,-0.388809266078232
"US-Tw2",2012,9,"Upland","WUE_ET_minus_WUE_T",0.426628485033906,-0.733438831347653,0.998998316881607,-3.83141525680498,-3.35819090135246,-0.473224355452521
"US-Tw3",2013,6,"Freshwater","WUE_ET_minus_WUE_T",0.579128752938961,0.145058432206238,-0.676308863857391,-1.72024661544996,-1.56809196508252,-0.152154650367441
"US-Tw3",2013,7,"Freshwater","WUE_ET_minus_WUE_T",0.66771306080047,0.655359647536575,0.0691284717158373,-1.24802890106066,-1.1522835010511,-0.095745400009553
"US-Tw3",2013,8,"Freshwater","WUE_ET_minus_WUE_T",0.537358396656201,-0.0955650381401962,0.983545415762472,-1.96561875876459,-1.83992346559653,-0.125695293168056
"US-Tw3",2014,3,"Freshwater","WUE_ET_minus_WUE_T",0.575688151393071,0.12523840772651,-0.20847885100421,-2.1367876461515,-1.61792438315913,-0.518863262992371
"US-Tw3",2014,4,"Freshwater","WUE_ET_minus_WUE_T",0.673925582761686,0.691147673470365,-0.372770485324691,-1.64271311987098,-1.13206367755111,-0.510649442319862
"US-Tw3",2014,7,"Freshwater","WUE_ET_minus_WUE_T",0.637446220342442,0.48100364879594,-0.673279828011376,-1.60397833615612,-1.30214790313304,-0.301830433023072
"US-Tw3",2015,4,"Freshwater","WUE_ET_minus_WUE_T",0.610847461578784,0.32777810297361,-0.242687689433643,-1.35219067673623,-1.44520356094411,0.0930128842078806
"US-Tw3",2015,5,"Freshwater","WUE_ET_minus_WUE_T",0.719637156808222,0.954475031935236,-0.0034972405036728,-1.29298953314142,-0.912886705233758,-0.380102827907665
"US-Tw3",2015,6,"Freshwater","WUE_ET_minus_WUE_T",0.649697644525728,0.551579541989491,0.133184270535476,-1.25607447642541,-1.21519144454108,-0.0408830318843241
"US-Tw3",2015,7,"Freshwater","WUE_ET_minus_WUE_T",0.612823478937812,0.339161203255911,0.495682612346306,-1.52186047802784,-1.42491576421782,-0.096944713810017
"US-Tw3",2015,8,"Freshwater","WUE_ET_minus_WUE_T",0.590410603498916,0.210048972753455,0.460545633622742,-1.74121476700371,-1.57062913457483,-0.170585632428882
"US-Tw3",2015,9,"Freshwater","WUE_ET_minus_WUE_T",0.350458045947796,-1.17222837067165,-0.135004656736362,-3.44242997033422,-2.80634176367798,-0.636088206656234
"US-Tw3",2016,4,"Freshwater","WUE_ET_minus_WUE_T",0.636654774009987,0.476444421150885,0.227345671468777,-1.3618616160687,-1.31648315132926,-0.0453784647394468
"US-Tw3",2016,5,"Freshwater","WUE_ET_minus_WUE_T",0.714229479083936,0.923323413985789,0.176066312596842,-1.16810541739228,-0.939242400350972,-0.228863017041305
"US-Tw3",2016,6,"Freshwater","WUE_ET_minus_WUE_T",0.550385652670668,-0.0205198666297399,-0.018020053648069,-1.56701739209128,-1.71392947515903,0.14691208306775
"US-Tw3",2016,7,"Freshwater","WUE_ET_minus_WUE_T",0.529322813249782,-0.141855042286242,-0.341608327902551,-1.6118815461391,-1.84789194478013,0.236010398641023
"US-Tw3",2016,8,"Freshwater","WUE_ET_minus_WUE_T",0.529874089153906,-0.138679347057054,0.971406099780532,-1.47482957863586,-1.87831881089358,0.403489232257718
"US-Tw3",2016,9,"Freshwater","WUE_ET_minus_WUE_T",0.646945641618663,0.535726277884706,-0.652330141432204,-1.6486280648043,-1.26380458751424,-0.384823477290053
"US-Tw3",2017,3,"Freshwater","WUE_ET_minus_WUE_T",0.676202530307996,0.704264320517403,0.688931259193037,-1.2428406788673,-1.11674108054608,-0.126099598321221
"US-Tw3",2017,5,"Freshwater","WUE_ET_minus_WUE_T",0.676865195812128,0.708081689758973,0.187589944262287,-1.18407610707023,-1.12228556147792,-0.0617905455923098
"US-Tw3",2017,7,"Freshwater","WUE_ET_minus_WUE_T",0.414519864724156,-0.803192084595386,-0.250859946322922,-2.45678853305054,-2.45128048545853,-0.00550804759201551
"US-Tw3",2017,8,"Freshwater","WUE_ET_minus_WUE_T",0.385767766356916,-0.968822218129172,-0.210321113722597,-3.42227615899634,-2.63939082791873,-0.782885331077604
"US-Tw3",2018,5,"Freshwater","WUE_ET_minus_WUE_T",0.638218242874463,0.485450983158687,-0.082893531662455,-1.5438344070621,-1.31340675683188,-0.230427650230219
"US-Tw3",2018,6,"Freshwater","WUE_ET_minus_WUE_T",0.430346937370404,-0.712018211914362,-0.150527398442338,-1.7154559432714,-2.34041320597264,0.624957262701242
"US-Tw4",2014,8,"Freshwater","WUE_ET_minus_WUE_T",0.32185186135949,-1.33701794925253,0.967943236062957,-2.04907935325579,-2.71082879282697,0.661749439571176
"US-Tw4",2015,5,"Freshwater","WUE_ET_minus_WUE_T",0.440449693604111,-0.653819994772937,0.0194377283701645,-1.59120680298223,-2.0522921368466,0.461085333864371
"US-Tw4",2015,6,"Freshwater","WUE_ET_minus_WUE_T",0.416366349559933,-0.792555172951175,0.149617845752106,-1.49432817961613,-2.139688792784,0.645360613167866
"US-Tw4",2015,7,"Freshwater","WUE_ET_minus_WUE_T",0.497147631199102,-0.327204286416548,0.452712959810809,-1.22282890930551,-1.73875024684698,0.515921337541472
"US-Tw4",2015,8,"Freshwater","WUE_ET_minus_WUE_T",0.541901249414646,-0.0693953548219585,0.410906873194691,-1.38598346257266,-1.54114058403622,0.155157121463568
"US-Tw4",2015,9,"Freshwater","WUE_ET_minus_WUE_T",0.456576157744294,-0.560921439166652,-0.258222146229733,-2.048117031088,-1.96046079559562,-0.0876562354923851
"US-Tw4",2015,10,"Freshwater","WUE_ET_minus_WUE_T",0.376364128032389,-1.02299307729573,-0.48777122619944,-2.9115011336758,-2.39234128774037,-0.519159845935433
"US-Tw4",2016,5,"Freshwater","WUE_ET_minus_WUE_T",0.529911328015725,-0.138464827839119,0.163892604739506,-1.34505027885661,-1.58443368301047,0.239383404153855
"US-Tw4",2016,6,"Freshwater","WUE_ET_minus_WUE_T",0.513826934483136,-0.231121030339041,-0.0246202442604913,-1.29809696650738,-1.62607162522834,0.327974658720963
"US-Tw4",2016,7,"Freshwater","WUE_ET_minus_WUE_T",0.507502427297783,-0.267554161454057,-0.227372827610564,-1.32628982144047,-1.68496788856882,0.358678067128345
"US-Tw4",2016,9,"Freshwater","WUE_ET_minus_WUE_T",0.408493084369141,-0.837910122292321,-0.504843635277944,-2.09890971444284,-2.21692787010979,0.118018155666953
"US-Tw4",2017,5,"Freshwater","WUE_ET_minus_WUE_T",0.358116215177394,-1.12811250907708,0.186888467909345,-1.89682205566776,-2.49550051154096,0.598678455873205
"US-Tw4",2017,7,"Freshwater","WUE_ET_minus_WUE_T",0.561916490356084,0.0459049960428215,-0.184295986584489,-1.03952170919332,-1.40588388149391,0.366362172300591
"US-Tw4",2017,8,"Freshwater","WUE_ET_minus_WUE_T",0.611483643670839,0.331442911138669,-0.151152114921624,-1.12189513127476,-1.18934798198971,0.0674528507149506
"US-Tw4",2018,5,"Freshwater","WUE_ET_minus_WUE_T",0.41248366316108,-0.814921883669052,-0.053832647901134,-2.60389531179059,-2.20177378786917,-0.402121523921414
"US-Tw4",2018,6,"Freshwater","WUE_ET_minus_WUE_T",0.551686086945255,-0.0130285489596119,-0.089367942332031,-1.32627304554586,-1.4317704985483,0.105497453002437
"US-Tw4",2018,7,"Freshwater","WUE_ET_minus_WUE_T",0.633169677630969,0.456368078504095,-0.885248301665318,-1.08430201868609,-1.04788475261185,-0.0364172660742408
"US-Tw4",2018,8,"Freshwater","WUE_ET_minus_WUE_T",0.594163329029874,0.231667027299222,0.945786886440377,-1.69507796152211,-1.27622077251396,-0.418857189008148
"US-Tw4",2018,9,"Freshwater","WUE_ET_minus_WUE_T",0.488788377768442,-0.375358833061408,0.525839997576048,-2.15181968736288,-1.79114768472975,-0.360672002633128
"US-Tw4",2018,10,"Freshwater","WUE_ET_minus_WUE_T",0.486518327108643,-0.388435749713151,-0.147660307228183,-2.07042323504781,-1.80506753728474,-0.265355697763074
"US-Tw4",2019,6,"Freshwater","WUE_ET_minus_WUE_T",0.411366423487215,-0.821357885452571,0.80038419270631,-2.05749912069576,-2.16651930566529,0.109020184969528
"US-Tw4",2019,8,"Freshwater","WUE_ET_minus_WUE_T",0.540178677376841,-0.0793184509730264,-0.838419960289044,-1.47552830474166,-1.54995301846557,0.0744247137239165
"US-Tw4",2019,9,"Freshwater","WUE_ET_minus_WUE_T",0.529049338059846,-0.143430431033485,0.144614704761146,-1.69476464633454,-1.58258192110964,-0.112182725224899
"US-Tw4",2020,5,"Freshwater","WUE_ET_minus_WUE_T",0.42770757210181,-0.727222612521858,-0.169981723962008,-2.59048236267257,-2.12023320682394,-0.47024915584863
"US-Tw4",2020,7,"Freshwater","WUE_ET_minus_WUE_T",0.50998350681595,-0.253261586120835,-0.126169800983148,-1.88093808514936,-1.6721146873681,-0.208823397781252
"US-Tw4",2021,7,"Freshwater","WUE_ET_minus_WUE_T",0.616199811261217,0.358610996674023,-0.800991478562627,-1.19299873476893,-1.13250483940054,-0.0604938953683893
"US-Tw4",2021,8,"Freshwater","WUE_ET_minus_WUE_T",0.617626467820031,0.366829433927718,0.483892043910743,-1.42817509189167,-1.15863576424274,-0.269539327648924
"US-Tw4",2021,9,"Freshwater","WUE_ET_minus_WUE_T",0.529130594681034,-0.142962341892788,-0.462879839872573,-1.84454156663134,-1.58216434468657,-0.262377221944762
"US-Tw4",2022,6,"Freshwater","WUE_ET_minus_WUE_T",0.49255019314615,-0.353688415292904,-0.793528127154536,-1.79773311820314,-1.73654410114499,-0.0611890170581526
"US-Tw4",2022,8,"Freshwater","WUE_ET_minus_WUE_T",0.659000488335095,0.605169761482653,-0.495748891486527,-1.06864291742863,-0.953036283389076,-0.115606634039551
"US-Tw4",2022,9,"Freshwater","WUE_ET_minus_WUE_T",0.581953465796702,0.161330551265044,-0.282926593624064,-1.51608312953937,-1.31327469783751,-0.202808431701856
"US-Tw4",2022,10,"Freshwater","WUE_ET_minus_WUE_T",0.544709902638881,-0.0532157493323558,-0.316311140246945,-2.02338589085024,-1.50439832232664,-0.518987568523602
"US-Tw4",2023,8,"Freshwater","WUE_ET_minus_WUE_T",0.581244837487852,0.157248407418657,-0.365183668005962,-1.49451447036885,-1.34129530955089,-0.153219160817962
"US-Tw4",2023,10,"Freshwater","WUE_ET_minus_WUE_T",0.459869474222607,-0.541949869123145,0.0595376734208644,-2.62687444150176,-1.9451116364606,-0.681762805041163
"US-Tw4",2024,5,"Freshwater","WUE_ET_minus_WUE_T",0.244705283075024,-1.78143066305605,0.460864850300177,-4.19023710312833,-3.11184044936951,-1.07839665375881
"US-Tw4",2024,6,"Freshwater","WUE_ET_minus_WUE_T",0.498637159392145,-0.318623669086814,-0.442553510335918,-1.42954888140158,-1.70484224674374,0.275293365342159
"US-Tw4",2024,8,"Freshwater","WUE_ET_minus_WUE_T",0.613532776956054,0.343247205048761,0.141908774458449,-1.26319050895964,-1.17909737814571,-0.0840931308139306
"US-Tw4",2024,9,"Freshwater","WUE_ET_minus_WUE_T",0.56792647234582,0.0805262646118588,0.0935548864636732,-1.56991718388534,-1.38420846727949,-0.185708716605853
"US-Tw5",2018,5,"Freshwater","WUE_ET_minus_WUE_T",0.294955931056296,-1.49195538966937,-0.053832647901134,-1.73337279787394,-2.7223284710085,0.988955673134561
"US-Tw5",2018,6,"Freshwater","WUE_ET_minus_WUE_T",0.556354874747603,0.0138665992576313,-0.089367942332031,-0.659306614026769,-1.29132318772944,0.632016573702666
"US-Tw5",2018,7,"Freshwater","WUE_ET_minus_WUE_T",0.598067023618998,0.254154758379339,-0.885248301665318,-0.79252508165532,-1.1066718052843,0.314146723628977
"US-Tw5",2018,8,"Freshwater","WUE_ET_minus_WUE_T",0.608541488549129,0.314494250923971,0.945786886440377,-1.14619796843675,-1.08740222353566,-0.0587957449010919
"US-Tw5",2018,9,"Freshwater","WUE_ET_minus_WUE_T",0.589292535268709,0.20360819796534,0.525839997576048,-1.30008728281114,-1.15960944656836,-0.140477836242778
"US-Tw5",2019,4,"Freshwater","WUE_ET_minus_WUE_T",0.284441702191429,-1.55252394743686,0.0656400450269604,-3.72083127938974,-2.77480355483988,-0.946027724549861
"US-Tw5",2019,6,"Freshwater","WUE_ET_minus_WUE_T",0.437532435175135,-0.670625234410488,0.80038419270631,-1.78493824809047,-1.90989433782598,0.124956089735506
"US-Tw5",2019,8,"Freshwater","WUE_ET_minus_WUE_T",0.527080840861148,-0.154770210472075,-0.838419960289044,-1.73513782709699,-1.50047305187323,-0.23466477522376
"US-Tw5",2019,9,"Freshwater","WUE_ET_minus_WUE_T",0.5377515441616,-0.0933002617407168,0.144614704761146,-1.81905203431828,-1.42126142590771,-0.39779060841057
"US-Twt",2009,6,"Upland","WUE_ET_minus_WUE_T",0.458471089108399,-0.550005445110661,0.591622863722815,-1.1993050980974,-2.47296287251708,1.27365777441968
"US-Twt",2009,7,"Upland","WUE_ET_minus_WUE_T",0.622390246145122,0.394271787179024,0.212939834313663,-0.912709564524699,-1.0944751371046,0.181765572579904
"US-Twt",2009,8,"Upland","WUE_ET_minus_WUE_T",0.62329801347309,0.399501096769879,0.156024985597427,-1.07773470584477,-1.12050917312461,0.0427744672798438
"US-Twt",2009,9,"Upland","WUE_ET_minus_WUE_T",0.571933843928225,0.103611240248608,-0.437351256465468,-0.965691392096963,-1.54731276246091,0.581621370363949
"US-Twt",2010,6,"Upland","WUE_ET_minus_WUE_T",0.51704167273687,-0.212602120190601,0.452882194311106,-0.705975230651904,-2.01584306966303,1.30986783901113
"US-Twt",2010,9,"Upland","WUE_ET_minus_WUE_T",0.655011182600143,0.582188856466691,-0.302916104681128,-1.22921860418962,-0.866034009481253,-0.363184594708362
"US-Twt",2011,9,"Upland","WUE_ET_minus_WUE_T",0.594012669752328,0.230799135295676,-0.456134529467256,-1.22328949608808,-1.34455264890565,0.121263152817569
"US-Twt",2012,6,"Upland","WUE_ET_minus_WUE_T",0.641947537286899,0.506934059754671,-0.551628778300019,-0.177945221693867,-0.920458561410085,0.742513339716218
"US-Twt",2012,7,"Upland","WUE_ET_minus_WUE_T",0.566230113691311,0.070754174002025,0.813443868341227,-0.764901374135413,-1.59192143647265,0.827020062337237
"US-Twt",2012,8,"Upland","WUE_ET_minus_WUE_T",0.627433617034329,0.423324769092566,-0.31131114173071,-1.25760351562539,-1.08802702030532,-0.169576495320076
"US-Twt",2012,9,"Upland","WUE_ET_minus_WUE_T",0.631325739279309,0.445745836206766,0.998998316881607,-1.1693855368271,-1.03367691049399,-0.135708626333108
"US-Twt",2013,6,"Upland","WUE_ET_minus_WUE_T",0.498997707496293,-0.316546685700329,-0.711046496520566,-2.5072552036903,-2.16681477296569,-0.340440430724612
"US-Twt",2013,7,"Upland","WUE_ET_minus_WUE_T",0.638659463790351,0.487992692577006,0.0610446899136781,-1.55213525758405,-0.970305356215161,-0.581829901368894
"US-Twt",2014,7,"Upland","WUE_ET_minus_WUE_T",0.609035516999562,0.317340164887175,-0.722624469772642,-1.44243983822045,-1.20452759945427,-0.237912238766181
"US-Twt",2014,8,"Upland","WUE_ET_minus_WUE_T",0.656031849182698,0.588068536627863,0.992573585501801,-1.11564921473636,-0.883807076310722,-0.231842138425634
"US-Twt",2015,6,"Upland","WUE_ET_minus_WUE_T",0.512856528866657,-0.23671117578813,0.130797356715703,-0.603277320964414,-2.05175014308992,1.4484728221255
"US-Twt",2015,7,"Upland","WUE_ET_minus_WUE_T",0.53668633222826,-0.0994365510823646,0.431563428294258,-1.23442977545959,-1.86711534394578,0.63268556848619
"US-Twt",2015,8,"Upland","WUE_ET_minus_WUE_T",0.601880965851961,0.276125459552779,0.433046680056658,-1.30864183350465,-1.29940166507813,-0.00924016842651998
"US-Twt",2016,7,"Upland","WUE_ET_minus_WUE_T",0.52641550608965,-0.158602956369104,-0.296305255870262,-1.35757546050171,-1.95976332657015,0.602187866068447
"US-Twt",2016,8,"Upland","WUE_ET_minus_WUE_T",0.641771003824074,0.505917116203368,0.999374487528728,-1.37542008005953,-0.981135071094569,-0.394285008964958
"US-Twt",2016,9,"Upland","WUE_ET_minus_WUE_T",0.563563025114843,0.0553900697399817,-0.536195529317393,-1.75239214521451,-1.62576831860873,-0.126623826605776
"US-Upa",1994,6,"Freshwater","WUE_ET_minus_WUE_T",0.444662249199639,-0.629553030431968,-0.757214204023592,-0.471455891246977,-1.45648760659034,0.985031715343365
"US-Upa",1994,8,"Freshwater","WUE_ET_minus_WUE_T",0.363240478576307,-1.09859353553352,0.735869773199022,-1.50711134742125,-1.95369925611294,0.446587908691683
"US-Wpp",2015,5,"Upland","WUE_ET_minus_WUE_T",0.73526111982278,1.04447886565113,-0.850040842857914,-1.52759662771825,-1.12456124008526,-0.403035387632984
"US-Wpp",2015,8,"Upland","WUE_ET_minus_WUE_T",0.303974040839823,-1.44000541688513,0.157407200076204,-5.20699685317159,-4.98477201528075,-0.222224837890844
"US-xBA",2017,8,"Freshwater","WUE_ET_minus_WUE_T",0.512794400326822,-0.237069075174036,0.71210153410366,-1.3076708704484,-2.08511211272684,0.777441242278444
"US-xBA",2020,6,"Freshwater","WUE_ET_minus_WUE_T",0.483960719730127,-0.403169173556512,-0.226945199256626,-1.22889797352077,-2.17569698375074,0.946799010229971
"US-xBA",2020,7,"Freshwater","WUE_ET_minus_WUE_T",0.645295534009249,0.52622062232519,-0.163378750612964,-0.99807938048436,-1.38192767651496,0.383848296030599
"US-xBA",2021,6,"Freshwater","WUE_ET_minus_WUE_T",0.66359289009183,0.631624878131656,0.69123052320473,-1.05299354273699,-1.26521441613377,0.212220873396778
"US-xBA",2021,8,"Freshwater","WUE_ET_minus_WUE_T",0.372328598414851,-1.04624026088891,-0.152880816125806,-6.18471553755268,-2.83086724564292,-3.35384829190976
"US-xBA",2022,6,"Freshwater","WUE_ET_minus_WUE_T",0.549559164075301,-0.0252809597042806,0.59022633465971,-1.22564899461621,-1.83689829777686,0.611249303160652
"US-xBA",2022,7,"Freshwater","WUE_ET_minus_WUE_T",0.560111464713933,0.0355069153767474,0.955010257292431,-2.4656197114271,-1.80933759463289,-0.65628211679421
"US-xBA",2023,8,"Freshwater","WUE_ET_minus_WUE_T",0.592003778408681,0.219226660227831,-0.307865151706334,-2.47876503918097,-1.68136639151797,-0.797398647663004
"US-xSB",2018,6,"Upland","WUE_ET_minus_WUE_T",0.411358162418931,-0.821405474391142,-0.0926556254153618,-2.56861541883507,-3.36644371129239,0.797828292457314
"US-xSB",2018,8,"Upland","WUE_ET_minus_WUE_T",0.299545342379705,-1.46551749979335,-0.0808534353478808,-3.83165981693829,-4.95574347451512,1.12408365757683
"US-xSB",2019,4,"Upland","WUE_ET_minus_WUE_T",0.381568066536204,-0.993015125137968,0.630495580366314,-1.66608603974839,-3.66712251145361,2.00103647170521
"US-xSB",2019,5,"Upland","WUE_ET_minus_WUE_T",0.312417512221863,-1.39136572197891,0.0591673707526944,-4.18477105344933,-4.66854377330129,0.483772719851956
"US-xSB",2019,10,"Upland","WUE_ET_minus_WUE_T",0.268964145083692,-1.64168439123432,0.761347788219191,-5.78092037486462,-5.69209874855865,-0.0888216263059656
"US-xSB",2020,4,"Upland","WUE_ET_minus_WUE_T",0.369166251092764,-1.06445736638665,0.854353901150418,-3.57660577871223,-3.79925542678108,0.222649648068852
"US-xSB",2020,5,"Upland","WUE_ET_minus_WUE_T",0.30406107944247,-1.43950401990203,-0.184831028014377,-5.31059148483427,-4.83982027669136,-0.470771208142907
"US-xSB",2020,6,"Upland","WUE_ET_minus_WUE_T",0.419391073205383,-0.775130866213637,-0.375977526327174,-3.45885504986004,-3.3041144938865,-0.154740555973539
"US-xSB",2020,7,"Upland","WUE_ET_minus_WUE_T",0.426568611456998,-0.733783740731717,-0.975457171795359,-2.46332677615365,-3.27654701808669,0.813220241933041
"US-xSB",2020,8,"Upland","WUE_ET_minus_WUE_T",0.426324911624014,-0.735187604733702,-0.475667970498022,-2.3381061106699,-3.31160587269758,0.973499762027678
"US-xSB",2020,9,"Upland","WUE_ET_minus_WUE_T",0.508179077665565,-0.26365623061993,0.36475186671875,-1.91886103185241,-2.67470177508177,0.755840743229361
"US-xSB",2020,10,"Upland","WUE_ET_minus_WUE_T",0.436703720055017,-0.675399153665127,-0.286477763944041,-2.71940767836664,-3.21371408594159,0.494306407574951
"US-xSB",2021,4,"Upland","WUE_ET_minus_WUE_T",0.333003668987945,-1.27277653761529,0.803081253535717,-4.14436934741952,-4.29341214001319,0.149042792593668
"US-xSB",2021,6,"Upland","WUE_ET_minus_WUE_T",0.249383211132841,-1.7544828612302,0.26051236044895,-8.14598576632537,-6.22735353728654,-1.91863222903884
"US-xSB",2021,7,"Upland","WUE_ET_minus_WUE_T",0.364421414094637,-1.09179060570568,0.295761906327684,-5.5736379673284,-3.84384805748507,-1.72978990984332
"US-xSB",2021,8,"Upland","WUE_ET_minus_WUE_T",0.371143199103148,-1.0530689049684,-0.36444371332927,-5.06812329927148,-3.79996042087837,-1.26816287839311
"US-xSB",2021,9,"Upland","WUE_ET_minus_WUE_T",0.304601348282282,-1.43639173227213,-0.274370947567979,-5.40817528930848,-4.82208897497595,-0.58608631433253
"US-xSB",2022,3,"Upland","WUE_ET_minus_WUE_T",0.24538239167993,-1.77753009248847,0.926226068361069,-5.60056137981111,-6.38457209450641,0.784010714695302
"US-xSB",2022,4,"Upland","WUE_ET_minus_WUE_T",0.279163158876127,-1.58293167013627,0.670858547265705,-4.55706127750051,-5.4199221599586,0.862860882458087
"US-xSB",2022,9,"Upland","WUE_ET_minus_WUE_T",0.279282479574307,-1.58224430802029,0.986596561788474,-7.71963219103004,-5.41526674049556,-2.30436545053448
"US-xSB",2023,3,"Upland","WUE_ET_minus_WUE_T",0.23156829421056,-1.85710796465892,-0.884246545861298,-6.04739628456589,-6.83439370217418,0.786997417608289
"US-xSB",2023,4,"Upland","WUE_ET_minus_WUE_T",0.305535584636027,-1.43100994447888,0.710723402262356,-5.25157910602237,-4.8039987483859,-0.447580357636472
"US-xSB",2023,5,"Upland","WUE_ET_minus_WUE_T",0.348993529110098,-1.18066490689562,0.818608446884926,-4.96835348051479,-4.05721197236811,-0.911141508146676
"US-xSB",2023,6,"Upland","WUE_ET_minus_WUE_T",0.377413943717411,-1.01694548000822,0.947625406851569,-3.89397050242706,-3.67306594017668,-0.220904562250373
"US-xSB",2023,7,"Upland","WUE_ET_minus_WUE_T",0.37275187243517,-1.04380193685387,0.034417341729353,-3.63581724301801,-3.74899278915801,0.113175546140006
"US-xSB",2023,9,"Upland","WUE_ET_minus_WUE_T",0.394238520811978,-0.920025355597481,-0.352872406948446,-3.37866716680164,-3.54543704732293,0.166769880521285
"US-xSB",2023,10,"Upland","WUE_ET_minus_WUE_T",0.175774197834071,-2.17851698027929,-0.675263810533224,-13.2026070717762,-8.89611918060188,-4.30648789117432
"US-xSB",2024,3,"Upland","WUE_ET_minus_WUE_T",0.18864567717648,-2.10436918017683,-0.1425144879078,-8.95571781412018,-8.39002009122367,-0.565697722896502
"US-xSB",2024,4,"Upland","WUE_ET_minus_WUE_T",0.304866306531188,-1.43486540645108,-0.363186950269495,-4.58141846067062,-4.81807899357634,0.236660532905719
"US-xSB",2024,5,"Upland","WUE_ET_minus_WUE_T",0.196410884407462,-2.05963671250934,-0.347416001989712,-10.4012655672584,-8.10271448274383,-2.29855108451452
"US-xSB",2024,7,"Upland","WUE_ET_minus_WUE_T",0.312814940502997,-1.38907628562427,-0.422484645971252,-4.28223405303475,-4.64561070556491,0.363376652530166
"US-xSB",2024,8,"Upland","WUE_ET_minus_WUE_T",0.379215240103514,-1.00656888219774,0.404635038381425,-2.91610787104496,-3.71384681091549,0.79773893987053
"US-xSB",2024,9,"Upland","WUE_ET_minus_WUE_T",0.365717967080678,-1.08432164669375,0.868098810575762,-4.63747829759918,-3.83737374237458,-0.800104555224596
"US-xSB",2024,10,"Upland","WUE_ET_minus_WUE_T",0.334341947035707,-1.26506721605813,0.791477811579412,-4.84466922654561,-4.27222402189022,-0.572445204655386
"US-xSE",2017,9,"Upland","WUE_ET_minus_WUE_T",0.498185595121564,-0.321224962720418,-0.785413598193035,-2.54378118790255,-2.85955610087582,0.31577491297327
"US-xSE",2017,10,"Upland","WUE_ET_minus_WUE_T",0.503623390307907,-0.289899849285581,-0.235614225244191,-2.09115917310895,-2.81731601407951,0.726156840970558
"US-xSE",2018,6,"Upland","WUE_ET_minus_WUE_T",0.694114956856959,0.807451140600046,0.593209539657699,-0.10079740273511,-1.25535153162717,1.15455412889206
"US-xSE",2019,6,"Upland","WUE_ET_minus_WUE_T",0.588195875956182,0.197290751980881,0.550848176198358,-0.489826399297234,-2.01330193090455,1.52347553160731
"US-xSE",2019,7,"Upland","WUE_ET_minus_WUE_T",0.69436811913744,0.808909514238945,-0.0221664024647944,-0.436098762029705,-1.28020591998218,0.844107157952478
"US-xSE",2019,8,"Upland","WUE_ET_minus_WUE_T",0.715977307971897,0.933392005446825,-0.657557368332706,-0.467619220703598,-1.20785711625161,0.740237895548013
"US-xSE",2020,5,"Upland","WUE_ET_minus_WUE_T",0.596130444272305,0.242998845802295,-0.610074460723418,-2.09315167182984,-1.9831399990047,-0.110011672825141
"US-xSE",2020,6,"Upland","WUE_ET_minus_WUE_T",0.668479577755267,0.659775266318802,-0.616848570964485,-0.836604137049663,-1.39772742400759,0.561123286957925
"US-xSE",2020,7,"Upland","WUE_ET_minus_WUE_T",0.726006254258267,0.991165030963014,0.368179048626155,-0.647043794209707,-1.12857345225935,0.481529658049646
"US-xSE",2020,9,"Upland","WUE_ET_minus_WUE_T",0.643508289133467,0.515924970033922,0.41431024492768,-1.22498473673664,-1.59556568308122,0.370580946344578
"US-xSE",2021,5,"Upland","WUE_ET_minus_WUE_T",0.629313893709765,0.434156342943463,-0.574365070326024,-2.35443503981812,-1.70654599763184,-0.647889042186279
"US-xSE",2021,6,"Upland","WUE_ET_minus_WUE_T",0.701640711037733,0.85080420839994,-0.0857552914221769,-1.64792703239147,-1.21732749140995,-0.430599540981524
"US-xSE",2021,7,"Upland","WUE_ET_minus_WUE_T",0.67966841382414,0.724229985014628,-0.404246893027911,-1.71722335552824,-1.3590240107377,-0.358199344790547
"US-xSE",2021,8,"Upland","WUE_ET_minus_WUE_T",0.630916679412021,0.443389394615027,0.58657010149185,-2.18498384022423,-1.71244511946361,-0.472538720760619
"US-xSE",2021,9,"Upland","WUE_ET_minus_WUE_T",0.67614386725638,0.703926384518833,0.293237841498905,-1.49635857640988,-1.38778041173762,-0.108578164672264
"US-xSE",2021,10,"Upland","WUE_ET_minus_WUE_T",0.665309960684087,0.641516282503254,-0.118503251827542,-2.36921974850152,-1.45399116519046,-0.915228583311059
"US-xSE",2022,5,"Upland","WUE_ET_minus_WUE_T",0.580857162320278,0.155015155119889,0.545631521806071,-2.93672944961576,-2.12184638064557,-0.814883068970195
"US-xSE",2022,6,"Upland","WUE_ET_minus_WUE_T",0.692538214401191,0.798368114374913,-0.506266710114532,-1.42557709625828,-1.26350766085742,-0.162069435400856
"US-xSE",2022,7,"Upland","WUE_ET_minus_WUE_T",0.647548999899577,0.539202000294948,0.439061001358182,-2.01211917333619,-1.55857634107202,-0.453542832264174
"US-xSE",2022,8,"Upland","WUE_ET_minus_WUE_T",0.700782486157661,0.845860294405464,-0.833112638295917,-1.20061182187494,-1.28100879558741,0.0803969737124621
"US-xSE",2022,9,"Upland","WUE_ET_minus_WUE_T",0.671525252810677,0.677320266328366,-0.502181527123817,-1.34607798190629,-1.41458657032546,0.068508588419175
"US-xSE",2022,10,"Upland","WUE_ET_minus_WUE_T",0.563303553671865,0.0538953513650037,0.755228671796817,-1.85755971698781,-2.28147472723762,0.42391501024981
"US-xSE",2023,4,"Upland","WUE_ET_minus_WUE_T",0.498490458820628,-0.319468756458858,0.993169001024413,-3.50310169379749,-2.85868315452421,-0.644418539273274
"US-xSE",2023,6,"Upland","WUE_ET_minus_WUE_T",0.652294745054313,0.566540471166064,-0.358088859003477,-2.43918900540742,-1.50024694822314,-0.938942057184275
"US-xSE",2023,8,"Upland","WUE_ET_minus_WUE_T",0.682648214862924,0.741395509341029,-0.888273104098116,-1.54792737983888,-1.37575600185722,-0.172171377981665
"US-xSE",2023,9,"Upland","WUE_ET_minus_WUE_T",0.61327766523955,0.341777601434761,0.501070631231144,-1.92536370702905,-1.82885974618868,-0.0965039608403631
"US-xSE",2024,4,"Upland","WUE_ET_minus_WUE_T",0.417920670383862,-0.783601309398907,-0.396897651230483,-4.62945315464742,-3.45462276596132,-1.1748303886861
"US-xSE",2024,5,"Upland","WUE_ET_minus_WUE_T",0.640053610202087,0.496023850977766,0.0483779456824621,-1.4762694027402,-1.62650943487163,0.150240032131421
"US-xSE",2024,7,"Upland","WUE_ET_minus_WUE_T",0.679542960241253,0.723507293633274,-0.295404848790371,-1.79025215107536,-1.35972641252938,-0.430525738545978
"US-xSE",2024,8,"Upland","WUE_ET_minus_WUE_T",0.647530156256116,0.539093449080952,0.0366585655193709,-2.05981518375663,-1.59196536441607,-0.46784981934056
"US-xSE",2024,9,"Upland","WUE_ET_minus_WUE_T",0.511863286134351,-0.242432877358639,-0.76314318513262,-4.63280281799953,-2.74637811473535,-1.88642470326418
"US-A03",2015,6,"Saline","WUE_ET_minus_WUE_E",0.252954658982922,-1.73390907990953,-0.250404030876904,-0.311737133150896,-1.00517879526569,0.693441662114794
"US-A03",2017,7,"Saline","WUE_ET_minus_WUE_E",0.250778861320323,-1.74644304013727,-0.0793113825681002,-0.831667024026123,-1.02590972040734,0.194242696381222
"US-A03",2018,7,"Saline","WUE_ET_minus_WUE_E",0.187789984600124,-2.10929850651244,0.598347914505307,-0.45565160642132,-0.894724352721773,0.439072746300453
"US-A03",2019,6,"Saline","WUE_ET_minus_WUE_E",0.302171321440203,-1.45039021214666,0.808188625825573,-0.519455366265494,-1.14818224637192,0.62872688010643
"US-A03",2019,7,"Saline","WUE_ET_minus_WUE_E",0.331341995117861,-1.28234882209611,0.887346387903712,-1.28628813770926,-1.27844203039419,-0.00784610731506441
"US-A03",2020,6,"Saline","WUE_ET_minus_WUE_E",0.314167304335341,-1.38128582110664,-0.337731962168077,-0.693493988660262,-1.18922928096064,0.495735292300381
"US-A03",2020,8,"Saline","WUE_ET_minus_WUE_E",0.192817354833588,-2.08033769841917,-0.28847270881118,-0.519034062567388,-0.936966426380254,0.417932363812866
"US-A03",2021,6,"Saline","WUE_ET_minus_WUE_E",0.266150136996973,-1.65789484409294,0.440495390642731,-0.212945597771158,-1.03964205966088,0.826696461889722
"US-A10",2012,6,"Saline","WUE_ET_minus_WUE_E",0.520663599078083,-0.191737551076989,0.139265404182261,-0.594712276374446,-2.31259145411752,1.71787917774307
"US-A10",2012,7,"Saline","WUE_ET_minus_WUE_E",0.457738390695981,-0.554226247861779,-0.860088491680558,-1.92292852728948,-1.92788516587599,0.00495663858650319
"US-A10",2012,8,"Saline","WUE_ET_minus_WUE_E",0.47526633742659,-0.453254272860758,-0.336805223964465,-2.43055316559914,-2.06634137064465,-0.364211794954485
"US-A10",2013,6,"Saline","WUE_ET_minus_WUE_E",0.384343965905968,-0.977024202408851,0.862521692993792,-0.528468758271463,-1.51895512457196,0.990486366300502
"US-A10",2013,8,"Saline","WUE_ET_minus_WUE_E",0.426414096183479,-0.734673845692375,0.957961444250388,-2.58297689202408,-1.78731587889801,-0.795661013126072
"US-A10",2014,7,"Saline","WUE_ET_minus_WUE_E",0.593621410370574,0.228545235673516,0.748660545720464,-1.9774221314627,-2.96469772824491,0.987275596782209
"US-A10",2015,8,"Saline","WUE_ET_minus_WUE_E",0.508675476758599,-0.26079666026736,0.949190782838457,-2.82979897401672,-2.28602421398727,-0.543774760029452
"US-A10",2016,6,"Saline","WUE_ET_minus_WUE_E",0.648791039965316,0.546356930669598,0.590823552008472,-0.983569350339888,-3.53713055155885,2.55356120121896
"US-A10",2016,7,"Saline","WUE_ET_minus_WUE_E",0.661600330688859,0.620146485293234,-0.483843682087474,-6.29544657489531,-3.71501740100785,-2.58042917388746
"US-A10",2016,8,"Saline","WUE_ET_minus_WUE_E",0.534196372299379,-0.113780283155298,-0.553789430441501,-3.12067444339994,-2.47426246317481,-0.646411980225129
"US-A10",2017,6,"Saline","WUE_ET_minus_WUE_E",0.714145392737973,0.922839023854246,0.0625297876892351,-4.91543783343524,-4.33969517118298,-0.575742662252265
"US-A10",2017,7,"Saline","WUE_ET_minus_WUE_E",0.626425018554229,0.417514608776362,0.896930669781346,-5.00425841262798,-3.30875786838196,-1.69550054424602
"US-A10",2017,8,"Saline","WUE_ET_minus_WUE_E",0.451891095705129,-0.587910337202882,0.723479985628111,-2.70389582233026,-1.92738634625462,-0.776509476075633
"US-A10",2018,6,"Saline","WUE_ET_minus_WUE_E",0.512749102964545,-0.237330016412721,0.393762242852899,-0.4659328848357,-2.25536274663696,1.78942986180126
"US-A10",2020,6,"Saline","WUE_ET_minus_WUE_E",0.488547802541507,-0.37674469737132,-0.296499669165121,-1.58560468937567,-2.09101046845004,0.505405779074373
"US-A10",2020,7,"Saline","WUE_ET_minus_WUE_E",0.584118448878044,0.173802212716709,-0.184251790173387,-3.96973846499297,-2.87226887943818,-1.09746958555479
"US-A10",2021,6,"Saline","WUE_ET_minus_WUE_E",0.482147075093919,-0.41361690503827,0.676560581353335,-3.17242935409417,-2.04998689972291,-1.12244245437126
"US-A10",2021,8,"Saline","WUE_ET_minus_WUE_E",0.626406291613708,0.417406729844554,-0.141435486345317,-4.14423944986219,-3.3418103298133,-0.802429120048888
"US-A10",2022,6,"Saline","WUE_ET_minus_WUE_E",0.339571399352674,-1.23494228832226,0.536457205750764,-1.21460950076036,-1.3260447076306,0.111435206870233
"US-A10",2022,7,"Saline","WUE_ET_minus_WUE_E",0.52303866060968,-0.178055705891122,0.936293221570519,-3.33773780900408,-2.35628464312631,-0.98145316587777
"US-A10",2022,8,"Saline","WUE_ET_minus_WUE_E",0.431719802338575,-0.704109647986343,0.906030794455581,-2.64202008717042,-1.81559175518055,-0.826428331989872
"US-Atq",1999,6,"Freshwater","WUE_ET_minus_WUE_E",0.613163621081762,0.341120635503375,-0.444222397443271,-1.39504871391274,-2.51561010233612,1.12056138842338
"US-Atq",1999,7,"Freshwater","WUE_ET_minus_WUE_E",0.560085984602099,0.0353601339393859,-0.715020884441495,-0.999145799388809,-1.88617087534604,0.88702507595723
"US-Atq",1999,8,"Freshwater","WUE_ET_minus_WUE_E",0.453295176385155,-0.579821951181293,-0.272356875769605,-0.719776642631356,-1.02783065016217,0.308054007530813
"US-Atq",2000,6,"Freshwater","WUE_ET_minus_WUE_E",0.364258218326102,-1.09273071576615,-0.838656732308364,-0.977966587188286,-0.493119981419975,-0.484846605768311
"US-Atq",2000,7,"Freshwater","WUE_ET_minus_WUE_E",0.725792928723939,0.989936141986438,0.834837214937121,-1.85068322982284,-5.13370318429895,3.2830199544761
"US-Atq",2001,8,"Freshwater","WUE_ET_minus_WUE_E",0.440778346215294,-0.651926749445894,0.725363358600853,-0.941044783164277,-0.943243480492107,0.00219869732782962
"US-Atq",2002,6,"Freshwater","WUE_ET_minus_WUE_E",0.406286209381596,-0.850623107418164,0.584011274302304,-1.25630964405244,-0.676786525648386,-0.579523118404055
"US-Atq",2002,7,"Freshwater","WUE_ET_minus_WUE_E",0.306630850423194,-1.42470052607518,-0.881957632962417,-0.544508775084235,-0.434348327919028,-0.110160447165208
"US-Atq",2002,8,"Freshwater","WUE_ET_minus_WUE_E",0.309497087813252,-1.40818919964636,0.157795464918514,-0.651277749441913,-0.466665996577108,-0.184611752864805
"US-Atq",2003,5,"Freshwater","WUE_ET_minus_WUE_E",0.661982292058579,0.62234682252996,0.82682645240046,-0.365078904976839,-3.4419463503464,3.07686744536956
"US-Atq",2003,8,"Freshwater","WUE_ET_minus_WUE_E",0.721331944435714,0.964238072443362,0.9050683279522,-0.845562789374167,-5.02733108833935,4.18176829896518
"US-Atq",2004,5,"Freshwater","WUE_ET_minus_WUE_E",0.774041190873871,1.2678764161395,0.786836262209212,-0.13028301993972,-6.81676517780297,6.68648215786325
"US-Atq",2004,6,"Freshwater","WUE_ET_minus_WUE_E",0.675105252264189,0.69794331025241,-0.5091188277994,-0.391247435355909,-3.69905734523691,3.307809909881
"US-Atq",2004,7,"Freshwater","WUE_ET_minus_WUE_E",0.591284486144797,0.215083085306958,0.893314003235786,-0.732172076185264,-2.24151118724147,1.50933911105621
"US-Atq",2004,8,"Freshwater","WUE_ET_minus_WUE_E",0.554508261580966,0.003228948347122,-0.539729212039169,-0.796251422491094,-1.862799245221,1.0665478227299
"US-Atq",2005,6,"Freshwater","WUE_ET_minus_WUE_E",0.663647179125735,0.631937617042748,-0.41536463458611,-0.395974090894553,-3.43703537391656,3.04106128302201
"US-Atq",2005,7,"Freshwater","WUE_ET_minus_WUE_E",0.678063426021373,0.714984247861919,-0.842549508926646,-1.10599224371123,-3.79626745098582,2.69027520727459
"US-Atq",2006,6,"Freshwater","WUE_ET_minus_WUE_E",0.534575415641756,-0.111596755587634,0.982891222745219,-0.516943052228026,-1.61366858097495,1.09672552874692
"US-Atq",2006,7,"Freshwater","WUE_ET_minus_WUE_E",0.573467209298166,0.112444387232719,0.955154667586715,-1.30739969724743,-2.02980526067646,0.722405563429028
"US-Atq",2006,8,"Freshwater","WUE_ET_minus_WUE_E",0.483407993277769,-0.406353224854,0.17025918580074,-1.14935384512793,-1.2478140044782,0.098460159350275
"US-Brw",1998,8,"Upland","WUE_ET_minus_WUE_E",0.659668467888357,0.609017742982699,0.232559805894608,-2.02492757768587,-4.57064617646793,2.54571859878207
"US-Brw",1999,7,"Upland","WUE_ET_minus_WUE_E",0.687099319239596,0.767036664392199,-0.239693432655201,-2.99867043485018,-5.12885654948006,2.13018611462988
"US-Brw",1999,8,"Upland","WUE_ET_minus_WUE_E",0.633276328486358,0.45698245437308,0.374147154836023,-3.89407589793829,-4.08611944809372,0.192043550155432
"US-Brw",2000,8,"Upland","WUE_ET_minus_WUE_E",0.466175912363539,-0.505620827045459,0.404716342284351,-1.67274053166582,-1.51242841437608,-0.160312117289741
"US-Brw",2001,6,"Upland","WUE_ET_minus_WUE_E",0.424520237725813,-0.745583659133842,-0.533936204446425,-0.230193000398423,-1.02800895632443,0.797815955926008
"US-Brw",2001,7,"Upland","WUE_ET_minus_WUE_E",0.611830499463529,0.333441018216854,-0.237776308118008,-2.53635624140105,-3.69427225180587,1.15791601040482
"US-Brw",2001,8,"Upland","WUE_ET_minus_WUE_E",0.637064981087044,0.478807471390963,0.741478936695866,-4.82310212358534,-4.15203829181885,-0.671063831766487
"US-Brw",2002,6,"Upland","WUE_ET_minus_WUE_E",0.268721878067357,-1.64308000131306,0.986834620089923,-0.162973382002742,-0.591790059376227,0.428816677373485
"US-Brw",2002,8,"Upland","WUE_ET_minus_WUE_E",0.582881115073662,0.166674393361474,0.980558558239053,-1.78669513961446,-3.26250114753586,1.47580600792139
"US-Brw",2003,7,"Upland","WUE_ET_minus_WUE_E",0.618456847707112,0.371612943284992,0.68288427411896,-2.5693547167636,-3.80296649582161,1.23361177905801
"US-Brw",2003,8,"Upland","WUE_ET_minus_WUE_E",0.558057460164428,0.0236745599267813,0.672647997101647,-2.53931920788423,-2.86607522765455,0.326756019770318
"US-Brw",2004,6,"Upland","WUE_ET_minus_WUE_E",0.35872146508439,-1.12462588971328,-0.0586613160670657,-0.416587554375483,-0.692373355745362,0.275785801369879
"US-Brw",2004,8,"Upland","WUE_ET_minus_WUE_E",0.424605947621433,-0.745089916337211,-0.358660946808893,-1.55246879830575,-1.08812639145113,-0.464342406854623
"US-Brw",2005,6,"Upland","WUE_ET_minus_WUE_E",0.813985677594134,1.49798173175549,-0.624501240103282,-1.32040928380327,-9.49738836952557,8.17697908572231
"US-Brw",2005,8,"Upland","WUE_ET_minus_WUE_E",0.595448783947438,0.239072054470744,0.462473996673154,-3.43251378180623,-3.46332215894579,0.03080837713956
"US-Brw",2006,6,"Upland","WUE_ET_minus_WUE_E",0.440930084945738,-0.651052639116112,0.0399611107759245,-2.20879243585191,-1.17552311327995,-1.03326932257196
"US-BWb",2022,5,"Upland","WUE_ET_minus_WUE_E",0.545474371972362,-0.0488119261341453,0.619044669156131,-5.48753814197122,-3.2070741056751,-2.28046403629612
"US-BWb",2022,7,"Upland","WUE_ET_minus_WUE_E",0.453197500559749,-0.580384625244185,0.161514104893223,-1.62123571616855,-1.88890891320661,0.267673197038063
"US-BWb",2022,8,"Upland","WUE_ET_minus_WUE_E",0.589940733965301,0.207342229315041,-0.723519339034995,-3.32241288853181,-3.9349914677543,0.612578579222494
"US-BWb",2022,9,"Upland","WUE_ET_minus_WUE_E",0.589016000730925,0.202015185454222,-0.326251664198919,-2.4291141589874,-3.89577320363821,1.46665904465081
"US-BWb",2023,4,"Upland","WUE_ET_minus_WUE_E",0.51865320160882,-0.203318702373737,-0.448433922093017,-2.71698620532016,-2.78193347161956,0.0649472662994004
"US-BWb",2023,6,"Upland","WUE_ET_minus_WUE_E",0.398642535633576,-0.894655465940413,-0.653633181469406,-1.27745443191997,-1.40961567007152,0.132161238151553
"US-BWb",2023,7,"Upland","WUE_ET_minus_WUE_E",0.592856604180637,0.224139471970679,-0.270066082733114,-4.3666634118144,-3.94834080782769,-0.418322603986709
"US-CAK",2025,4,"Upland","WUE_ET_minus_WUE_E",0.289392811794131,-1.52400244844358,-0.119352178793491,-0.0766564038088996,-0.49736582258154,0.42070941877264
"US-CAK",2025,6,"Upland","WUE_ET_minus_WUE_E",0.78859792053832,1.35173231588437,0.945006341605289,-7.36720134159986,-8.28226987311725,0.915068531517385
"US-CAK",2025,7,"Upland","WUE_ET_minus_WUE_E",0.456217342467803,-0.562988440378185,-0.0732813578408601,-2.47938808172373,-1.21447842428889,-1.26490965743484
"US-Ced",2005,7,"Upland","WUE_ET_minus_WUE_E",0.802228998179999,1.43025587897057,-0.591665886388359,-8.89175745176178,-9.60592159860811,0.714164146846327
"US-Ced",2006,4,"Upland","WUE_ET_minus_WUE_E",0.605479875964593,0.296857440743076,-0.204298604897227,-2.95118044445409,-4.18512606870331,1.23394562424922
"US-Ced",2006,5,"Upland","WUE_ET_minus_WUE_E",0.754466540884372,1.15511414570529,-0.884822224149705,-5.75631306237977,-7.73865110934416,1.98233804696439
"US-Ced",2006,6,"Upland","WUE_ET_minus_WUE_E",0.788444298384698,1.35084735585491,0.833965163124888,-10.297011654343,-9.00768969613146,-1.28932195821156
"US-Ced",2006,7,"Upland","WUE_ET_minus_WUE_E",0.813131596247967,1.4930616871171,-0.015053913513524,-10.9481085786607,-10.0702611521382,-0.877847426522454
"US-Ced",2006,10,"Upland","WUE_ET_minus_WUE_E",0.621776539400409,0.390736451121843,0.704216657345518,-3.62906090045743,-4.45235422529414,0.82329332483671
"US-Ced",2007,6,"Upland","WUE_ET_minus_WUE_E",0.750277292930015,1.13098144800706,0.890175284623497,-7.58428074625092,-7.54798152804993,-0.0362992182009885
"US-Ced",2007,7,"Upland","WUE_ET_minus_WUE_E",0.754290792064341,1.15410172218898,0.193986166062214,-6.87066820797011,-7.71722769581778,0.846559487847667
"US-Ced",2007,8,"Upland","WUE_ET_minus_WUE_E",0.790749626016849,1.36412749000983,0.0726167385885286,-9.9033073824678,-9.16143513883687,-0.741872243630933
"US-Ced",2008,5,"Upland","WUE_ET_minus_WUE_E",0.545645680845991,-0.0478250794959486,0.752124046681053,-2.28931142618049,-3.23350148354678,0.944190057366291
"US-Ced",2008,6,"Upland","WUE_ET_minus_WUE_E",0.65008427316488,0.553806765627668,-0.575440663887446,-3.74105242050923,-4.91116866253072,1.17011624202149
"US-Ced",2008,7,"Upland","WUE_ET_minus_WUE_E",0.735709197230936,1.04706007276856,-0.47638393216528,-7.04918432839464,-7.07853721860369,0.0293528902090472
"US-Ced",2008,8,"Upland","WUE_ET_minus_WUE_E",0.655205093202905,0.583305903251202,-0.997063882680206,-4.70221234066569,-5.06739113530743,0.365178794641738
"US-Ced",2008,10,"Upland","WUE_ET_minus_WUE_E",0.820288394469581,1.53428933700824,-0.924418525354317,-11.5803010836013,-10.3904593936195,-1.18984168998172
"US-Ced",2009,5,"Upland","WUE_ET_minus_WUE_E",0.698616564305052,0.833383225042064,0.563202137019947,-5.12814051365424,-6.01144723889759,0.883306725243352
"US-Ced",2009,7,"Upland","WUE_ET_minus_WUE_E",0.843705803333667,1.66918831055909,0.317648597055317,-12.2290571039206,-11.4092623237416,-0.819794780178967
"US-Ced",2009,9,"Upland","WUE_ET_minus_WUE_E",0.795449747728448,1.39120314121183,0.51220230219816,-10.8749121001184,-9.33104816959081,-1.54386393052756
"US-Ced",2009,10,"Upland","WUE_ET_minus_WUE_E",0.720191780237203,0.957670011008755,0.893124018558542,-6.70780612653143,-6.60481909459093,-0.102987031940495
"US-Ced",2010,5,"Upland","WUE_ET_minus_WUE_E",0.736102375035927,1.04932502371271,-0.209649778841126,-6.89110417256631,-7.1065019119455,0.215397739379193
"US-Ced",2010,10,"Upland","WUE_ET_minus_WUE_E",0.763110888460759,1.20491101357566,0.58478602238873,-8.60006643201917,-8.05187298570865,-0.548193446310517
"US-Ced",2011,7,"Upland","WUE_ET_minus_WUE_E",0.785148757325337,1.33186297082825,-0.522902270645475,-9.13236175030621,-8.90003413753451,-0.232327612771702
"US-Ced",2011,10,"Upland","WUE_ET_minus_WUE_E",0.727179400071141,0.997923087198049,0.203941544671681,-6.22611260490436,-6.81736821481921,0.591255609914851
"US-Ced",2012,5,"Upland","WUE_ET_minus_WUE_E",0.718472710672755,0.947767091302631,0.646397030693124,-6.5994327760209,-6.55818424778384,-0.041248528237066
"US-Ced",2012,6,"Upland","WUE_ET_minus_WUE_E",0.805481686753119,1.4489934067791,0.441425009872163,-9.23571830031454,-9.7173223537964,0.481604053481862
"US-Ced",2012,8,"Upland","WUE_ET_minus_WUE_E",0.854925761791441,1.73382231374969,0.128078301123783,-14.5551211973254,-11.9420158734799,-2.61310532384554
"US-Ced",2012,9,"Upland","WUE_ET_minus_WUE_E",0.786540153264847,1.33987828478259,0.444410305229252,-7.45075486070865,-8.96519395909716,1.51443909838851
"US-Ced",2013,5,"Upland","WUE_ET_minus_WUE_E",0.688826841834971,0.776988278862211,0.0808019294131627,-4.5083431520532,-5.76854522277855,1.26020207072535
"US-Ced",2013,7,"Upland","WUE_ET_minus_WUE_E",0.814405116562627,1.50039796348486,0.29088179307087,-10.2146515407144,-10.1250672256103,-0.0895843151041067
"US-Ced",2013,8,"Upland","WUE_ET_minus_WUE_E",0.815287102037235,1.50547875341776,0.2468754676111,-10.1691561792347,-10.1963454472349,0.0271892680001997
"US-Ced",2013,9,"Upland","WUE_ET_minus_WUE_E",0.792524334300476,1.37435092366138,-0.945233717801286,-8.43215461353466,-9.20999646811501,0.77784185458035
"US-Ced",2013,10,"Upland","WUE_ET_minus_WUE_E",0.790051770067388,1.36010740171504,-0.988844873004719,-7.93715106120699,-9.11043387301871,1.17328281181172
"US-Ced",2014,5,"Upland","WUE_ET_minus_WUE_E",0.68734283802954,0.768439485472641,0.150632676226366,-4.52304065860408,-5.73317885742722,1.21013819882315
"US-Ced",2014,6,"Upland","WUE_ET_minus_WUE_E",0.757295383033449,1.17141005207403,-0.499229074795508,-7.91672361713758,-7.79995281788951,-0.116770799248065
"US-Ced",2014,7,"Upland","WUE_ET_minus_WUE_E",0.82901937093513,1.58458524165487,0.954434013302159,-12.0420073473104,-10.7608229141017,-1.28118443320868
"US-Ced",2014,8,"Upland","WUE_ET_minus_WUE_E",0.777789767380148,1.28947056969887,0.75210645888904,-9.15597241250856,-8.63917899210622,-0.51679342040234
"US-Ced",2014,9,"Upland","WUE_ET_minus_WUE_E",0.769466859850777,1.2415253982588,-0.641137913014734,-8.59182234997973,-8.29063575474889,-0.301186595230845
"US-Ced",2014,10,"Upland","WUE_ET_minus_WUE_E",0.744925469482062,1.10015158574755,0.0270703760850305,-7.38512958370062,-7.39852980174992,0.0134002180492958
"US-CGG",2020,3,"Upland","WUE_ET_minus_WUE_E",0.544169398950239,-0.0563293898389318,-0.17001428196357,-2.58295885022109,-3.23384260401941,0.650883753798325
"US-CGG",2020,4,"Upland","WUE_ET_minus_WUE_E",0.466127108981759,-0.505901965157116,-0.0322040626884441,-2.0791346113163,-2.10504846429822,0.0259138529819114
"US-CGG",2021,2,"Upland","WUE_ET_minus_WUE_E",0.151304207544846,-2.31947948351672,-0.649453458565462,-0.358114545763656,-0.955886553927353,0.597772008163698
"US-CGG",2021,3,"Upland","WUE_ET_minus_WUE_E",0.299536446646414,-1.46556874480072,-0.293707060629872,-1.17665703540941,-1.26468934340453,0.0880323079951246
"US-CGG",2022,3,"Upland","WUE_ET_minus_WUE_E",0.557585119592976,0.0209535817594219,-0.891280025786415,-3.45319592755527,-3.44763329943108,-0.00556262812418895
"US-CGG",2022,4,"Upland","WUE_ET_minus_WUE_E",0.530297535846461,-0.136240028321546,0.224348525336364,-3.0526714736794,-3.0189122009539,-0.0337592727254936
"US-CGG",2023,2,"Upland","WUE_ET_minus_WUE_E",0.509978639264915,-0.253289626270033,0.448697473770403,-1.48684911671693,-2.70249017864217,1.21564106192524
"US-CGG",2024,3,"Upland","WUE_ET_minus_WUE_E",0.590382233950553,0.20988554634806,0.715904285578071,-3.6383957196342,-3.9713911064908,0.332995386856603
"US-CGG",2024,4,"Upland","WUE_ET_minus_WUE_E",0.656379681489469,0.590072269040088,0.292679974868755,-5.46821793401223,-5.0997444704704,-0.368473463541827
"US-CGG",2024,5,"Upland","WUE_ET_minus_WUE_E",0.502317802758648,-0.297420853052395,0.380173165056691,-2.08609940730667,-2.59768658572869,0.511587178422012
"US-CGG",2025,3,"Upland","WUE_ET_minus_WUE_E",0.713867608499326,0.921238812281758,0.208302721856359,-5.87515022170484,-6.44854270142869,0.573392479723847
"US-Cms",1999,7,"Upland","WUE_ET_minus_WUE_E",0.724958925901673,0.98513176224848,-0.239693432655201,-5.02388481712974,-6.56729600679547,1.54341118966573
"US-Cms",1999,8,"Upland","WUE_ET_minus_WUE_E",0.544979806826913,-0.0516609317975057,0.374147154836023,-3.52898676996905,-3.07043570550054,-0.458551064468506
"US-Cms",2000,8,"Upland","WUE_ET_minus_WUE_E",0.533395569260495,-0.118393411302345,0.404716342284351,-2.96952914390243,-2.88715224192985,-0.0823769019725815
"US-Cms",2001,6,"Upland","WUE_ET_minus_WUE_E",0.631237625162998,0.445238243589891,-0.533936204446425,-0.612708217360716,-4.40443659468269,3.79172837732197
"US-Cms",2001,7,"Upland","WUE_ET_minus_WUE_E",0.68677198064929,0.765150988650185,-0.237776308118008,-2.7072329593085,-5.53393441174934,2.82670145244084
"US-Cms",2001,8,"Upland","WUE_ET_minus_WUE_E",0.683939813185782,0.748835926383103,0.741478936695866,-4.23092708753995,-5.50099356630414,1.27006647876419
"US-Cms",2002,6,"Upland","WUE_ET_minus_WUE_E",0.645744668639857,0.528807919707528,0.986834620089923,-0.541283892910617,-4.66053026286032,4.1192463699497
"US-Cms",2003,7,"Upland","WUE_ET_minus_WUE_E",0.615727894851515,0.355892461944577,0.68288427411896,-5.49079790642915,-4.17084101188999,-1.31995689453916
"US-Cms",2003,8,"Upland","WUE_ET_minus_WUE_E",0.624083671386951,0.4040269794906,0.672647997101647,-5.06231076417284,-4.34263792683328,-0.719672837339559
"US-Cms",2004,6,"Upland","WUE_ET_minus_WUE_E",0.645567495764351,0.527787292737841,-0.0586613160670657,-2.2750970781211,-4.65730141283509,2.382204334714
"US-Cms",2004,8,"Upland","WUE_ET_minus_WUE_E",0.531347638277852,-0.130190779194964,-0.358660946808893,-1.75674575186856,-2.85497908209123,1.09823333022267
"US-Cms",2005,7,"Upland","WUE_ET_minus_WUE_E",0.76303070916055,1.20444913048001,-0.808667178863509,-5.53340682342717,-7.86735688256775,2.33395005914058
"US-Cms",2005,8,"Upland","WUE_ET_minus_WUE_E",0.727701085655767,1.00092832361386,0.462473996673154,-7.49605089158936,-6.6853532786389,-0.810697612950456
"US-Dix",2005,5,"Upland","WUE_ET_minus_WUE_E",0.731997633748548,1.02567913745889,-0.615868148656485,-5.95394017194277,-7.02101370886344,1.06707353692067
"US-Dix",2005,6,"Upland","WUE_ET_minus_WUE_E",0.723712852713046,0.977953598554511,-0.134825146387107,-6.91936808630031,-6.72116379579353,-0.198204290506779
"US-Dix",2005,7,"Upland","WUE_ET_minus_WUE_E",0.789629863037022,1.35767695240015,-0.607707786088264,-8.31737863360175,-9.12972571481579,0.812347081214039
"US-Dix",2006,5,"Upland","WUE_ET_minus_WUE_E",0.575884533466549,0.126369691733622,-0.880321285793,-3.75999010679782,-3.76354008144729,0.00354997464946649
"US-Dix",2006,6,"Upland","WUE_ET_minus_WUE_E",0.562749733542488,0.0507049998014127,0.8313048672139,-3.4116002389595,-3.51250172753413,0.100901488574637
"US-Dix",2006,7,"Upland","WUE_ET_minus_WUE_E",0.641464035211247,0.504148784317332,-0.0239641013677031,-5.07928040080952,-4.82752170409961,-0.251758696709906
"US-Dix",2007,7,"Upland","WUE_ET_minus_WUE_E",0.573462218077997,0.112415634671687,0.198309411349725,-2.97438065739525,-3.70976617237728,0.735385514982025
"US-Dix",2007,8,"Upland","WUE_ET_minus_WUE_E",0.692642842891556,0.798970840151981,0.0706381449223179,-6.79605235513883,-5.92682591646603,-0.869226438672804
"US-Dmg",2022,4,"Freshwater","WUE_ET_minus_WUE_E",0.553414016775882,-0.00307458855894211,0.21950715967657,-1.36517780390035,-1.99244208448823,0.62726428058788
"US-Dmg",2022,6,"Freshwater","WUE_ET_minus_WUE_E",0.623161151432975,0.3987126855141,-0.793528127154536,-2.73681296932054,-2.83396891787333,0.0971559485527873
"US-Dmg",2022,8,"Freshwater","WUE_ET_minus_WUE_E",0.630628459406826,0.441729066476961,-0.495748891486527,-2.62944016552306,-3.01731918002719,0.387879014504128
"US-Dmg",2022,9,"Freshwater","WUE_ET_minus_WUE_E",0.524992152832371,-0.166802364532557,-0.282926593624064,-1.50777388756621,-1.72662910808214,0.218855220515934
"US-Dmg",2022,10,"Freshwater","WUE_ET_minus_WUE_E",0.511883715497916,-0.242315191401533,-0.316311140246945,-1.73116852621955,-1.61665907976915,-0.114509446450394
"US-Dmg",2023,8,"Freshwater","WUE_ET_minus_WUE_E",0.641703824221476,0.505530119525528,-0.365183668005962,-3.2987540237572,-3.21502974412602,-0.0837242796311863
"US-Dmg",2024,4,"Freshwater","WUE_ET_minus_WUE_E",0.58659721815811,0.188081479628392,0.409998784181741,-1.48373447493986,-2.3570766659333,0.873342190993439
"US-Dmg",2024,5,"Freshwater","WUE_ET_minus_WUE_E",0.643887249156832,0.518108017631782,0.460864850300177,-2.69645252058593,-3.23789385718195,0.541441336596018
"US-Dmg",2024,6,"Freshwater","WUE_ET_minus_WUE_E",0.627336796410169,0.422767021525637,-0.442553510335918,-2.64081337136019,-2.90237318001761,0.261559808657417
"US-Dmg",2024,8,"Freshwater","WUE_ET_minus_WUE_E",0.583584048763496,0.170723732627964,0.141908774458449,-2.23206950655086,-2.34349644496068,0.111426938409822
"US-Dmg",2024,9,"Freshwater","WUE_ET_minus_WUE_E",0.509784689878995,-0.254406896469879,0.0935548864636732,-1.60235764007132,-1.59711810575769,-0.00523953431363045
"US-Dmg",2025,4,"Freshwater","WUE_ET_minus_WUE_E",0.574663671393414,0.119336759889244,-0.370134727746047,-1.54619364984493,-2.21705087777206,0.670857227927131
"US-Dmg",2025,5,"Freshwater","WUE_ET_minus_WUE_E",0.6333637471573,0.457486040788117,-0.514940813009019,-2.29483203218437,-3.04640377267931,0.751571740494941
"US-Dmg",2025,6,"Freshwater","WUE_ET_minus_WUE_E",0.657533817666579,0.596720817841266,0.55071964765448,-3.18365470324318,-3.46912496296775,0.28547025972457
"US-Dmg",2025,8,"Freshwater","WUE_ET_minus_WUE_E",0.627395615116888,0.423105854195298,-0.202616057635113,-2.40269907336491,-2.96276972385155,0.560070650486635
"US-EDN",2018,4,"Saline","WUE_ET_minus_WUE_E",0.365589157562322,-1.08506367036985,0.780146601401199,-0.267037703045632,-0.0829097888470025,-0.184127914198629
"US-EDN",2018,5,"Saline","WUE_ET_minus_WUE_E",0.36771591463042,-1.07281221474794,-0.600312342399067,-0.425478888788182,-0.0969289722334641,-0.328549916554718
"US-EDN",2018,6,"Saline","WUE_ET_minus_WUE_E",0.377491619337831,-1.01649801967965,-0.804828565602857,-0.373351820944579,-0.099426497322717,-0.273925323621862
"US-EDN",2018,8,"Saline","WUE_ET_minus_WUE_E",0.451888479423485,-0.587925408627323,0.151100955883804,-0.811160393376153,-0.539370453745575,-0.271789939630577
"US-EDN",2018,9,"Saline","WUE_ET_minus_WUE_E",0.417237161141795,-0.78753875165405,-0.447822532657852,-0.657194338125857,-0.327011644332696,-0.330182693793162
"US-EDN",2019,3,"Saline","WUE_ET_minus_WUE_E",0.373007270391193,-1.04233068432057,0.646655584246073,-0.343121040437317,-0.111623737969056,-0.231497302468262
"US-EDN",2019,4,"Saline","WUE_ET_minus_WUE_E",0.35243219067949,-1.16085605789819,-0.778522394742302,-0.410085435994256,-0.0267902728942571,-0.383295163099999
"US-EDN",2019,6,"Saline","WUE_ET_minus_WUE_E",0.348999325827135,-1.18063151416704,-0.429866562155101,-0.44395566958072,0.0239602707954885,-0.467915940376208
"US-EDN",2019,7,"Saline","WUE_ET_minus_WUE_E",0.392570717236153,-0.929632951030819,0.188727907065059,-0.588144557354931,-0.19588895327017,-0.392255604084762
"US-EDN",2019,9,"Saline","WUE_ET_minus_WUE_E",0.271735887762646,-1.62571741365332,-0.851063468453787,-0.27840002449992,0.256180048714969,-0.534580073214889
"US-EDN",2020,3,"Saline","WUE_ET_minus_WUE_E",0.369953707949635,-1.05992112062505,0.0416338698577292,-0.409545033504238,-0.0980095472696698,-0.311535486234569
"US-EDN",2020,4,"Saline","WUE_ET_minus_WUE_E",0.33694278903771,-1.25008473364625,0.511255759253983,-0.388138430555691,0.0357318977192982,-0.423870328274989
"US-EDN",2020,5,"Saline","WUE_ET_minus_WUE_E",0.37821697307117,-1.01231952689009,-0.203199609570871,-0.493026842720218,-0.143983664465948,-0.349043178254271
"US-EDN",2020,7,"Saline","WUE_ET_minus_WUE_E",0.329870424806313,-1.29082599075673,-0.490482845547282,-0.419553755190143,0.073368724513724,-0.492922479703867
"US-EDN",2021,3,"Saline","WUE_ET_minus_WUE_E",0.196876077488321,-2.05695690837409,-0.651603603077906,-0.139876742924271,0.428818443943638,-0.568695186867908
"US-EDN",2021,8,"Saline","WUE_ET_minus_WUE_E",0.372405404888509,-1.04579780739123,0.654335719390029,-0.619443006473884,-0.135898841083119,-0.483544165390766
"US-EDN",2021,9,"Saline","WUE_ET_minus_WUE_E",0.290514639228106,-1.51754001828221,-0.425735666410375,-0.42305349101896,0.200574208484227,-0.623627699503187
"US-EDN",2022,4,"Saline","WUE_ET_minus_WUE_E",0.413718099908875,-0.807810753178161,-0.0208109206391319,-0.617649037073965,-0.310590083512451,-0.307058953561515
"US-EDN",2022,7,"Saline","WUE_ET_minus_WUE_E",0.378626221088731,-1.00996200143468,0.117299377174695,-0.753034038306517,-0.130755668244771,-0.622278370061746
"US-EDN",2023,7,"Saline","WUE_ET_minus_WUE_E",0.323036872030836,-1.33019154398543,-0.327273523309976,-0.719260486673859,0.0988874193047069,-0.818147905978566
"US-EDN",2024,3,"Saline","WUE_ET_minus_WUE_E",0.412473087806656,-0.814982804348402,0.517175626851818,-0.58705582263235,-0.30015247502917,-0.28690334760318
"US-EDN",2024,4,"Saline","WUE_ET_minus_WUE_E",0.426104124261665,-0.73645947852327,0.29701813134633,-0.774931696775041,-0.374818767517579,-0.400112929257463
"US-EDN",2024,5,"Saline","WUE_ET_minus_WUE_E",0.385806504806336,-0.968599060345402,0.321352114184938,-0.72306618038359,-0.179027490459951,-0.54403868992364
"US-EDN",2024,6,"Saline","WUE_ET_minus_WUE_E",0.341258751662716,-1.2252220799096,-0.956400777056965,-0.736115031832548,0.0552624531276107,-0.791377484960159
"US-EKH",2022,7,"Saline","WUE_ET_minus_WUE_E",0.381225028790452,-0.994991237869296,-0.35934283089688,-0.49445878461494,-0.481834737615979,-0.0126240469989615
"US-EKH",2023,2,"Saline","WUE_ET_minus_WUE_E",0.362561288137943,-1.10250609876854,0.179411251242535,-0.376655334563304,-0.404828562363912,0.0281732278006079
"US-EKH",2023,5,"Saline","WUE_ET_minus_WUE_E",0.352899159668643,-1.15816602341648,0.733939971135897,-0.580290128676114,-0.372590317194259,-0.207699811481855
"US-EKH",2023,6,"Saline","WUE_ET_minus_WUE_E",0.220700686028164,-1.91971220910231,0.930230758535607,-0.383461113369725,0.0755789054158675,-0.459040018785593
"US-EKH",2023,8,"Saline","WUE_ET_minus_WUE_E",0.236716279431713,-1.82745233852969,-0.668545256162851,-0.548021238052624,-0.0186932339260961,-0.529328004126528
"US-EKH",2024,2,"Saline","WUE_ET_minus_WUE_E",0.399488223888882,-0.889783770773498,0.716215327171834,-0.635885876406288,-0.574747862486768,-0.0611380139195206
"US-EKH",2024,3,"Saline","WUE_ET_minus_WUE_E",0.509006137221368,-0.258891848454902,0.358547903300228,-1.21085753154709,-1.21253089879261,0.00167336724551115
"US-EKH",2024,5,"Saline","WUE_ET_minus_WUE_E",0.400645999534734,-0.88311425634797,0.266986685534067,-0.706033847124078,-0.589185907306782,-0.116847939817297
"US-EKH",2024,8,"Saline","WUE_ET_minus_WUE_E",0.168555118026084,-2.22010341120047,-0.93561142537519,-0.154545529465582,0.111888405632063,-0.266433935097645
"US-EKN",2024,3,"Saline","WUE_ET_minus_WUE_E",0.501138375730909,-0.304215093027603,0.358547903300228,-0.321223575953621,-1.29068617187927,0.969462595925646
"US-EKN",2024,4,"Saline","WUE_ET_minus_WUE_E",0.597101476655095,0.248592601818739,0.270690515876375,-0.314586696966419,-2.09342121935418,1.77883452238776
"US-EKN",2024,5,"Saline","WUE_ET_minus_WUE_E",0.681119741608198,0.732590544011211,0.266986685534067,-0.470980655597259,-3.05138002115528,2.58039936555802
"US-EKP",2022,7,"Saline","WUE_ET_minus_WUE_E",0.625258104860107,0.410792453457081,-0.35934283089688,-5.2618434247082,-3.4294856526011,-1.8323577721071
"US-EKP",2023,5,"Saline","WUE_ET_minus_WUE_E",0.318881162544552,-1.35413103905635,0.733939971135897,-0.733306061967439,-1.42267305564296,0.689366993675522
"US-EKP",2023,6,"Saline","WUE_ET_minus_WUE_E",0.620424426578998,0.38294743258474,0.930230758535607,-5.38270792377531,-3.35049613622901,-2.0322117875463
"US-EKP",2023,8,"Saline","WUE_ET_minus_WUE_E",0.63634226254093,0.474644158933861,-0.668545256162851,-5.97522351294452,-3.58668229719317,-2.38854121575136
"US-EKP",2023,9,"Saline","WUE_ET_minus_WUE_E",0.48240185998162,-0.412149184163313,0.533555536053897,-2.74989980962613,-2.22016959230559,-0.529730217320545
"US-EKP",2024,5,"Saline","WUE_ET_minus_WUE_E",0.685059637636896,0.755286818105974,0.266986685534067,-5.20050004086258,-4.15004798689004,-1.05045205397254
"US-EKP",2024,8,"Saline","WUE_ET_minus_WUE_E",0.648433537193505,0.544297490308847,-0.93561142537519,-5.64234896048031,-3.72596496712989,-1.91638399335041
"US-EKP",2024,9,"Saline","WUE_ET_minus_WUE_E",0.54812885812124,-0.0335204197652303,-0.686358222912867,-4.51194037876089,-2.69489757783878,-1.81704280092211
"US-Elm",2015,4,"Freshwater","WUE_ET_minus_WUE_E",0.570034267959155,0.0926684903527206,0.984181682958889,-0.443715318376447,-1.29828594557138,0.854570627194938
"US-Elm",2016,3,"Freshwater","WUE_ET_minus_WUE_E",0.386881817108546,-0.962404586539326,0.0815376260268104,-0.253735354217395,0.0903817571918353,-0.344117111409231
"US-Elm",2016,5,"Freshwater","WUE_ET_minus_WUE_E",0.518854809339885,-0.202157315298912,0.447652972000238,-0.292764111162957,-0.812470367191996,0.519706256029039
"US-Elm",2016,6,"Freshwater","WUE_ET_minus_WUE_E",0.583058681832385,0.167697289345718,-0.527677326220364,-0.429751992828174,-1.41045501265047,0.980703019822297
"US-Elm",2017,3,"Freshwater","WUE_ET_minus_WUE_E",0.495485611042391,-0.336778565725691,-0.199625854460786,-0.372032931682488,-0.611147789981283,0.239114858298795
"US-Elm",2017,4,"Freshwater","WUE_ET_minus_WUE_E",0.596015874378297,0.242338851300294,0.0930618452793378,-0.598569850427657,-1.608798776567,1.01022892613935
"US-Elm",2017,5,"Freshwater","WUE_ET_minus_WUE_E",0.542734470739306,-0.0645954770007295,-0.764840646470992,-0.314829114033109,-1.02647069333622,0.711641579303107
"US-Elm",2017,6,"Freshwater","WUE_ET_minus_WUE_E",0.577252850938858,0.134252059231135,0.69585595871411,-0.375974825398921,-1.34257703334742,0.966602207948502
"US-Elm",2017,7,"Freshwater","WUE_ET_minus_WUE_E",0.495790152560201,-0.335024215430372,0.234069673299179,-0.161628562941989,-0.607278742451963,0.445650179509974
"US-Elm",2018,4,"Freshwater","WUE_ET_minus_WUE_E",0.520503461477359,-0.192660044171333,-0.2039720058512,-0.337086750174695,-0.821922298133928,0.484835547959232
"US-Elm",2018,6,"Freshwater","WUE_ET_minus_WUE_E",0.352936486323493,-1.15795099845558,-0.699388250913771,-0.177658549549739,0.244088693029939,-0.421747242579679
"US-Elm",2018,7,"Freshwater","WUE_ET_minus_WUE_E",0.390227366710319,-0.943132120919324,-0.703178739653629,-0.0860117672287945,0.0814173684301263,-0.167429135658921
"US-Elm",2019,4,"Freshwater","WUE_ET_minus_WUE_E",0.47070241370146,-0.479545338172794,-0.442638676709738,-0.219668350415577,-0.425534350231912,0.205865999816335
"US-Elm",2019,5,"Freshwater","WUE_ET_minus_WUE_E",0.53215543308155,-0.125537374094041,-0.345164484751196,-0.276365347827487,-0.929100596158295,0.652735248330808
"US-Elm",2019,6,"Freshwater","WUE_ET_minus_WUE_E",0.380609904024022,-0.998534742621629,-0.315294710569981,-0.138172154898784,0.149930544361468,-0.288102699260252
"US-Elm",2019,7,"Freshwater","WUE_ET_minus_WUE_E",0.452077018017983,-0.586839307982278,-0.529166948577655,-0.203345312976932,-0.282209462809133,0.0788641498322012
"US-Elm",2020,4,"Freshwater","WUE_ET_minus_WUE_E",0.510024549074931,-0.253025156947954,-0.491521083449654,-0.391674922442375,-0.733347267577551,0.341672345135176
"US-Elm",2020,6,"Freshwater","WUE_ET_minus_WUE_E",0.540019032517516,-0.0802381055676323,-0.498141553856429,-0.0758359079384075,-0.95978769354287,0.883951785604462
"US-Elm",2020,7,"Freshwater","WUE_ET_minus_WUE_E",0.467970977395962,-0.495280125743436,0.879347764133156,-0.11766186848926,-0.395103060471568,0.277441191982308
"US-Elm",2021,4,"Freshwater","WUE_ET_minus_WUE_E",0.544691571830902,-0.0533213462920849,-0.380966239777625,-0.273685090836912,-1.04030505532486,0.766619964487949
"US-Elm",2021,6,"Freshwater","WUE_ET_minus_WUE_E",0.595157710603515,0.23739528931064,0.174170925869524,-0.420850777855906,-1.56105085632353,1.14020007846762
"US-Elm",2021,7,"Freshwater","WUE_ET_minus_WUE_E",0.596165939359718,0.243203319785129,0.734037433069575,-0.211722179446282,-1.60036151492544,1.38863933547916
"US-Elm",2022,3,"Freshwater","WUE_ET_minus_WUE_E",0.407030383307382,-0.846336198507169,-0.306641315536437,-0.0759772338176006,-0.00929387742596632,-0.0666833563916343
"US-Elm",2022,4,"Freshwater","WUE_ET_minus_WUE_E",0.45256979156281,-0.584000623063036,0.143920373091716,-0.242150220521043,-0.296013076422236,0.0538628559011929
"US-Elm",2022,5,"Freshwater","WUE_ET_minus_WUE_E",0.417491496604545,-0.786073619748906,0.329811442337019,-0.108105469359592,-0.0766666112918688,-0.0314388580677235
"US-Elm",2023,3,"Freshwater","WUE_ET_minus_WUE_E",0.39249588246108,-0.930064046307071,-0.417421107345096,-0.209714599922789,0.0644786861259912,-0.27419328604878
"US-Elm",2023,5,"Freshwater","WUE_ET_minus_WUE_E",0.436034676051139,-0.679253267068848,0.562122277518312,-0.34119981403906,-0.190275290105317,-0.150924523933743
"US-Elm",2023,6,"Freshwater","WUE_ET_minus_WUE_E",0.394105018490068,-0.920794412767589,0.236696116676574,-0.219541078524346,0.0892251150411347,-0.308766193565481
"US-Elm",2023,7,"Freshwater","WUE_ET_minus_WUE_E",0.335314936707873,-1.25946218482634,-0.174516772074855,-0.0884300932413866,0.254092324331639,-0.342522417573025
"US-Esm",2016,2,"Freshwater","WUE_ET_minus_WUE_E",0.119505111546532,-2.50266223592604,0.400048858257894,-0.0380500872967327,-0.103251368070116,0.0652012807733837
"US-Esm",2016,3,"Freshwater","WUE_ET_minus_WUE_E",0.265776251116693,-1.66004866144171,0.0343851266161226,-0.0367765517700388,0.797879555295486,-0.834656107065525
"US-Esm",2016,5,"Freshwater","WUE_ET_minus_WUE_E",0.202000242493051,-2.02743850164279,0.465635176185937,-0.0108178339408677,0.480478947560698,-0.491296781501566
"US-Esm",2017,1,"Freshwater","WUE_ET_minus_WUE_E",0.132206603602249,-2.42949366929148,-0.273071903727403,-0.001493980498635,-0.0041243355356384,0.0026303550370034
"US-Esm",2017,3,"Freshwater","WUE_ET_minus_WUE_E",0.151470987034026,-2.31851872897593,-0.207929480295539,-0.0462277931015246,0.138002670841877,-0.184230463943401
"US-Esm",2017,4,"Freshwater","WUE_ET_minus_WUE_E",0.20426731664889,-2.01437873152213,0.102986227870056,-0.0844586856363468,0.499317599852314,-0.583776285488661
"US-Esm",2017,5,"Freshwater","WUE_ET_minus_WUE_E",0.248539961514978,-1.75934050831477,-0.778222951841236,-0.0948681763266649,0.72655478081861,-0.821422957145275
"US-Esm",2017,6,"Freshwater","WUE_ET_minus_WUE_E",0.168153757311483,-2.22241550084017,0.693655426566533,-0.0658381883081378,0.292397686823582,-0.35823587513172
"US-Esm",2018,1,"Freshwater","WUE_ET_minus_WUE_E",0.312673033198605,-1.38989376076906,0.129319867967343,-0.0136213655935808,0.874811079631123,-0.888432445224704
"US-Esm",2018,4,"Freshwater","WUE_ET_minus_WUE_E",0.226615973998731,-1.88563643752064,-0.18199214544604,-0.0927375703514739,0.627878905771724,-0.720616476123198
"US-Esm",2018,6,"Freshwater","WUE_ET_minus_WUE_E",0.318722405469579,-1.35504557945585,-0.716224666359147,-0.0753775921063659,0.90355137405753,-0.978928966163896
"US-Esm",2019,1,"Freshwater","WUE_ET_minus_WUE_E",0.407432231492906,-0.844021300728979,0.748679255003148,-0.298434875629709,0.598713074715909,-0.897147950345617
"US-Esm",2019,2,"Freshwater","WUE_ET_minus_WUE_E",0.405495410533765,-0.855178605145379,0.195187595900945,-0.18842989952456,0.60651667683218,-0.79494657635674
"US-Esm",2019,3,"Freshwater","WUE_ET_minus_WUE_E",0.347307540369912,-1.19037726029003,-0.130338878390419,-0.133276455651227,0.832921420310921,-0.966197875962148
"US-Esm",2019,4,"Freshwater","WUE_ET_minus_WUE_E",0.236454646049149,-1.82895951103368,-0.417156609846093,-0.142386200618636,0.677341288671444,-0.81972748929008
"US-Esm",2019,5,"Freshwater","WUE_ET_minus_WUE_E",0.151507769273093,-2.31830684019166,-0.363378472130677,-0.0397475394939093,0.129469656740947,-0.169217196234856
"US-Esm",2020,1,"Freshwater","WUE_ET_minus_WUE_E",0.277830873458795,-1.59060647038074,-0.680502849212343,-0.102995386121074,0.833345388373639,-0.936340774494713
"US-Esm",2020,2,"Freshwater","WUE_ET_minus_WUE_E",0.36119014354472,-1.11040475225702,0.238382144311231,-0.16318773252976,0.795719390061918,-0.958907122591678
"US-Esm",2020,4,"Freshwater","WUE_ET_minus_WUE_E",0.294862383228177,-1.49249428387685,-0.421885073083858,-0.217409495076602,0.857098853130623,-1.07450834820723
"US-Esm",2020,6,"Freshwater","WUE_ET_minus_WUE_E",0.164330087377523,-2.24444223967717,-0.519699516711614,-0.0153201054847079,0.264824776213522,-0.28014488169823
"US-Esm",2021,2,"Freshwater","WUE_ET_minus_WUE_E",0.272676622616303,-1.62029819042165,-0.0197513256678529,-0.0768284184643747,0.817815874106558,-0.894644292570932
"US-Esm",2021,4,"Freshwater","WUE_ET_minus_WUE_E",0.330449887462093,-1.28748792214593,-0.357366595728385,-0.125107000568107,0.857787855130127,-0.982894855698235
"US-Esm",2021,6,"Freshwater","WUE_ET_minus_WUE_E",0.562526487801663,0.0494189642087629,0.176959539285862,-0.0507609955798018,-0.573807009315332,0.523046013735531
"US-Esm",2022,1,"Freshwater","WUE_ET_minus_WUE_E",0.216680362213811,-1.94287179772486,0.516298939809748,-0.0122836124022434,0.579986005996465,-0.592269618398708
"US-Esm",2022,2,"Freshwater","WUE_ET_minus_WUE_E",0.321116845299877,-1.34125210310621,-0.114612333214117,-0.199565442056251,0.869945813025812,-1.06951125508206
"US-Esm",2022,3,"Freshwater","WUE_ET_minus_WUE_E",0.505287190772421,-0.28031531428604,-0.347134831434156,-0.376979347715734,-0.0825648225568756,-0.294414525158858
"US-Esm",2022,4,"Freshwater","WUE_ET_minus_WUE_E",0.457078906525288,-0.558025290625899,0.121734132565864,-0.16089104858612,0.280166184298045,-0.441057232884164
"US-Esm",2022,5,"Freshwater","WUE_ET_minus_WUE_E",0.279719739579762,-1.57972541593222,0.331704316362414,-0.125308254844137,0.826288571279992,-0.951596826124129
"US-Esm",2023,2,"Freshwater","WUE_ET_minus_WUE_E",0.305652760596839,-1.43033493739633,-0.230440962498208,-0.220516129103722,0.870438789063224,-1.09095491816695
"US-Esm",2023,3,"Freshwater","WUE_ET_minus_WUE_E",0.356201953923079,-1.13913985543355,-0.370482709761743,-0.240115445842612,0.810437986077218,-1.05055343191983
"US-Esm",2023,5,"Freshwater","WUE_ET_minus_WUE_E",0.351305024933056,-1.16734924009005,0.575119167883366,-0.117693397032321,0.814608880173315,-0.932302277205636
"US-Esm",2023,6,"Freshwater","WUE_ET_minus_WUE_E",0.423513262976923,-0.751384465739101,0.249060070435058,-0.065740103613364,0.536604562418205,-0.602344666031569
"US-Esm",2024,1,"Freshwater","WUE_ET_minus_WUE_E",0.257427909723911,-1.7081403478992,0.470043480298048,-0.0991452020600677,0.772364668706419,-0.871509870766486
"US-Esm",2024,4,"Freshwater","WUE_ET_minus_WUE_E",0.221600325503447,-1.91452972104456,-0.782660414532435,-0.0511359944010866,0.600883420714737,-0.652019415115824
"US-Esm",2024,5,"Freshwater","WUE_ET_minus_WUE_E",0.180887486010692,-2.149061230905,-0.686551694464605,-0.0626824622494155,0.340893505559744,-0.40357596780916
"US-Fo1",2013,8,"Freshwater","WUE_ET_minus_WUE_E",0.372176245309623,-1.04711791040308,-0.800384296482751,-3.12290590111818,-7.17029601553659,4.04739011441841
"US-Fo1",2014,7,"Freshwater","WUE_ET_minus_WUE_E",0.302352876893375,-1.44934433877879,0.3680085860013,-2.48528481625783,-7.02688904732925,4.54160423107142
"US-Fo1",2014,8,"Freshwater","WUE_ET_minus_WUE_E",0.231463106032404,-1.85771391458896,-0.39746920805365,-2.97982809259411,-7.27166336755201,4.2918352749579
"US-Fo1",2024,6,"Freshwater","WUE_ET_minus_WUE_E",0.315388775608287,-1.37424937988897,0.267465595136577,-1.01569963667379,-6.99716164426852,5.98146200759473
"US-Fo1",2024,8,"Freshwater","WUE_ET_minus_WUE_E",0.268809423285451,-1.642575685907,0.537827707733817,-1.38497671037001,-7.12159623794065,5.73661952757063
"US-Fo2",2024,6,"Freshwater","WUE_ET_minus_WUE_E",0.421262494001323,-0.764350307787247,0.267465595136577,-1.2636803492863,-2.23826298517656,0.974582635890262
"US-Fo2",2024,8,"Freshwater","WUE_ET_minus_WUE_E",0.306046756391161,-1.4280652743202,0.537827707733817,-1.43440735815853,-1.94464229107961,0.510234932921073
"US-GCE",2014,2,"Saline","WUE_ET_minus_WUE_E",0.466009527701164,-0.506579307136033,0.0901106545488322,-0.201482104213417,-1.17687680958439,0.975394705370974
"US-GCE",2014,3,"Saline","WUE_ET_minus_WUE_E",0.422451459226486,-0.757501121808,0.492277581285363,-0.466718667224003,-0.933329663882041,0.466610996658038
"US-GCE",2014,5,"Saline","WUE_ET_minus_WUE_E",0.659184408657922,0.606229257984101,0.599111401410601,-1.39094709227027,-2.89501828311981,1.50407119084954
"US-GCE",2014,6,"Saline","WUE_ET_minus_WUE_E",0.620156559473059,0.381404349921371,-0.833748115139242,-1.1206268581219,-2.40780531200045,1.28717845387855
"US-GCE",2014,7,"Saline","WUE_ET_minus_WUE_E",0.655353130371713,0.584158690262583,-0.210963571699367,-1.09546263426108,-2.83434930673735,1.73888667247628
"US-GCE",2014,8,"Saline","WUE_ET_minus_WUE_E",0.595487085697414,0.239292696591609,-0.68472482852134,-0.843263142277073,-2.21030721026222,1.36704406798515
"US-GCE",2014,10,"Saline","WUE_ET_minus_WUE_E",0.727827866278422,1.00165865957723,-0.911547804234478,-1.39711150026618,-3.74367645717811,2.34656495691193
"US-GCE",2015,2,"Saline","WUE_ET_minus_WUE_E",0.431004267364647,-0.708231578558713,0.50447069351933,-0.6609678019469,-0.978617137836358,0.317649335889458
"US-GCE",2015,3,"Saline","WUE_ET_minus_WUE_E",0.566197547534567,0.0705665724982543,-0.213904810583653,-0.924377944872026,-1.90722039437537,0.982842449503345
"US-GCE",2015,6,"Saline","WUE_ET_minus_WUE_E",0.734877404416139,1.04226842406078,0.34932271268476,-2.54748066982905,-3.79597728884623,1.24849661901719
"US-GCE",2015,7,"Saline","WUE_ET_minus_WUE_E",0.54102527830297,-0.0744414982493161,-0.0188560823052298,-1.28264236025949,-1.68864138986117,0.405999029601678
"US-GCE",2015,9,"Saline","WUE_ET_minus_WUE_E",0.590968701032301,0.213263964848941,0.416430460360826,-1.09605904537032,-2.14118310678163,1.04512406141132
"US-GCE",2016,4,"Saline","WUE_ET_minus_WUE_E",0.702296391576419,0.854581339856255,0.0689449871425858,-2.37787381687971,-3.42075389274765,1.04288007586793
"US-GCE",2016,8,"Saline","WUE_ET_minus_WUE_E",0.638564234013745,0.487444109290521,-0.846446309568593,-0.928919608296098,-2.67218636542386,1.74326675712777
"US-GCE",2016,9,"Saline","WUE_ET_minus_WUE_E",0.654375455464146,0.578526669134087,-0.216231216594924,-1.01459533429594,-2.83158859766834,1.8169932633724
"US-GCE",2017,4,"Saline","WUE_ET_minus_WUE_E",0.691228745086774,0.790824749204311,-0.279849164246439,-1.47911123579016,-3.28223020504781,1.80311896925765
"US-HB1",2018,8,"Saline","WUE_ET_minus_WUE_E",0.564653556995179,0.0616722178689925,-0.861168576800634,-1.45894610733832,-2.05528220866452,0.596336101326197
"US-HB1",2018,10,"Saline","WUE_ET_minus_WUE_E",0.585145693967943,0.179719789209339,0.0702191018559248,-1.57774894139522,-2.22154679642074,0.643797855025516
"US-HB1",2019,4,"Saline","WUE_ET_minus_WUE_E",0.598088944084138,0.254281034017451,0.547946526941404,-1.64584255789291,-2.34828429592939,0.702441738036484
"US-HB1",2019,6,"Saline","WUE_ET_minus_WUE_E",0.665732730872899,0.643951704152576,0.761438964829656,-1.97636685890804,-3.06715964494997,1.09079278604194
"US-HB1",2019,7,"Saline","WUE_ET_minus_WUE_E",0.607063209452321,0.305978435449319,0.0902756332437341,-1.35722600776956,-2.42969098129163,1.07246497352206
"US-HB1",2019,8,"Saline","WUE_ET_minus_WUE_E",0.524226620572654,-0.171212310853061,-0.264372823435224,-1.04138175006767,-1.72695438804167,0.685572637974
"US-HB1",2019,9,"Saline","WUE_ET_minus_WUE_E",0.494601629620233,-0.341870853569284,0.761716096659872,-0.929192031694948,-1.49425690562098,0.56506487392603
"US-HB1",2020,4,"Saline","WUE_ET_minus_WUE_E",0.642138210145885,0.508032455102782,0.936379478167488,-1.49537081036533,-2.8250664062706,1.32969559590527
"US-HB1",2020,6,"Saline","WUE_ET_minus_WUE_E",0.538832118823876,-0.0870754734376149,0.941896466555756,-1.48038877429928,-1.77979336171588,0.299404587416599
"US-HB1",2020,9,"Saline","WUE_ET_minus_WUE_E",0.39833411898728,-0.896432139408121,0.646969115753162,-0.776539233050212,-0.949044726400575,0.172505493350362
"US-HB1",2020,10,"Saline","WUE_ET_minus_WUE_E",0.524898111193784,-0.167344103398288,-0.529743023231256,-0.915552541434475,-1.70958204767327,0.794029506238792
"US-HB1",2021,9,"Saline","WUE_ET_minus_WUE_E",0.465985224310015,-0.50671930992365,-0.682422542124877,-1.15893563283728,-1.3139967764025,0.155061143565222
"US-HB1",2022,4,"Saline","WUE_ET_minus_WUE_E",0.64056113424534,0.498947508026444,-0.321752585094374,-1.9649735994781,-2.80694211775277,0.841968518274673
"US-HB1",2022,5,"Saline","WUE_ET_minus_WUE_E",0.646192122915457,0.531385537190304,-0.467722529256781,-2.07063835201025,-2.87666202316744,0.806023671157186
"US-HB1",2022,6,"Saline","WUE_ET_minus_WUE_E",0.668759816854563,0.661389619429488,-0.775477146396032,-2.46129397729623,-3.10379891016675,0.642504932870526
"US-HB1",2022,8,"Saline","WUE_ET_minus_WUE_E",0.508474452803804,-0.261954684424443,0.896742890738268,-1.27678186628961,-1.61319239903324,0.336410532743627
"US-HB1",2022,9,"Saline","WUE_ET_minus_WUE_E",0.600006227322673,0.265325788899846,0.884691389167274,-1.35227722535345,-2.36606727487336,1.01379004951991
"US-HB1",2023,4,"Saline","WUE_ET_minus_WUE_E",0.583651014302778,0.171109496166742,0.449920846248335,-1.28367835609277,-2.2067857831465,0.92310742705373
"US-HB1",2023,5,"Saline","WUE_ET_minus_WUE_E",0.641677933135684,0.505380970620214,0.458462238746631,-2.07326433090761,-2.82446405175737,0.751199720849762
"US-HB1",2023,6,"Saline","WUE_ET_minus_WUE_E",0.564842277933607,0.0627593689295216,0.220632731352132,-1.52956340130795,-1.99753193490215,0.4679685335942
"US-HB1",2023,7,"Saline","WUE_ET_minus_WUE_E",0.618791327630985,0.373539757590783,0.749381555860521,-1.72271962813318,-2.55395757752187,0.831237949388692
"US-HB1",2023,8,"Saline","WUE_ET_minus_WUE_E",0.622403971661645,0.394350854769344,0.595631338008343,-1.79921635740131,-2.62643675020393,0.827220392802617
"US-HB1",2023,9,"Saline","WUE_ET_minus_WUE_E",0.651251286338486,0.560529494011218,-0.515166835372125,-1.78601943756695,-2.92951727256339,1.14349783499644
"US-HB1",2023,10,"Saline","WUE_ET_minus_WUE_E",0.556691688925731,0.0158068603330842,-0.583398764160092,-1.53199696826054,-1.96376318643786,0.431766218177319
"US-HB1",2024,4,"Saline","WUE_ET_minus_WUE_E",0.619534606120788,0.377821508228474,-0.242721425797357,-1.51640682917646,-2.57239258271638,1.05598575353992
"US-HB1",2024,5,"Saline","WUE_ET_minus_WUE_E",0.611499512201244,0.331534323834064,0.695496427141627,-1.79254848052137,-2.49123170461843,0.698683224097068
"US-HB1",2024,9,"Saline","WUE_ET_minus_WUE_E",0.485393979675431,-0.394912696651863,0.779202551143447,-0.865876723171615,-1.43422525211246,0.568348528940846
"US-HB2",2019,3,"Upland","WUE_ET_minus_WUE_E",0.569377024763323,0.0888823570104063,-0.935378273365838,-3.98648344849708,-3.59802462492503,-0.38845882357205
"US-HB2",2019,4,"Upland","WUE_ET_minus_WUE_E",0.64458851652236,0.522147757824366,0.559179371634637,-5.29797148383559,-4.841365010906,-0.456606472929591
"US-HB2",2019,6,"Upland","WUE_ET_minus_WUE_E",0.676044649059891,0.703354825430398,0.740028370864941,-4.79970635151882,-5.42914325041968,0.629436898900864
"US-HB2",2019,7,"Upland","WUE_ET_minus_WUE_E",0.717358389838524,0.941347903867481,0.105953603989007,-6.12023518844029,-6.5050777198599,0.384842531419602
"US-HB2",2019,8,"Upland","WUE_ET_minus_WUE_E",0.703234627940242,0.859986170218248,-0.273502027965715,-6.02735529597338,-6.14482524463174,0.117469948658356
"US-HB2",2019,9,"Upland","WUE_ET_minus_WUE_E",0.685254039309931,0.756406693763487,0.748818033019466,-6.29516598917919,-5.67239874034006,-0.622767248839128
"US-HB2",2019,10,"Upland","WUE_ET_minus_WUE_E",0.599372006366327,0.261672278107421,0.15180074421047,-4.15425502933096,-4.08193560672176,-0.0723194226091985
"US-HB2",2020,3,"Upland","WUE_ET_minus_WUE_E",0.54406631472903,-0.0569232196563597,0.353598589351075,-2.91897218549555,-3.19424610091492,0.275273915419377
"US-HB2",2020,4,"Upland","WUE_ET_minus_WUE_E",0.579858472771398,0.149262076467091,0.929995763928383,-2.99752375713599,-3.769501279987,0.771977522851012
"US-HB2",2020,6,"Upland","WUE_ET_minus_WUE_E",0.646430586677394,0.532759238136509,0.976482244383555,-3.7837306061377,-4.83835310893933,1.05462250280163
"US-HB2",2020,7,"Upland","WUE_ET_minus_WUE_E",0.689127324943835,0.778719250174642,-0.934200535521949,-4.52517833024338,-5.75530857088619,1.23013024064281
"US-HB2",2020,10,"Upland","WUE_ET_minus_WUE_E",0.639454539322482,0.492572826690152,-0.467749621662832,-5.02137382979937,-4.74986454147294,-0.27150928832643
"US-HB2",2021,3,"Upland","WUE_ET_minus_WUE_E",0.495642376953811,-0.335875495678057,-0.0552157770496808,-2.83942590953123,-2.4544081889167,-0.385017720614526
"US-HB2",2021,8,"Upland","WUE_ET_minus_WUE_E",0.60544190214776,0.296638687722952,0.494526183717491,-4.25497748998121,-4.20202333043884,-0.0529541595423684
"US-HB2",2021,9,"Upland","WUE_ET_minus_WUE_E",0.502276819741189,-0.297656940956924,-0.701808875619676,-2.59289191820999,-2.55284695442421,-0.04004496378578
"US-HB2",2021,10,"Upland","WUE_ET_minus_WUE_E",0.60201939006465,0.276922869903117,-0.891900349170544,-4.18092346545874,-4.12447679048193,-0.0564466749768107
"US-HB2",2022,3,"Upland","WUE_ET_minus_WUE_E",0.584031077081985,0.173298896330419,-0.0135049704690721,-2.34454286386539,-3.83200102678219,1.4874581629168
"US-HB2",2022,4,"Upland","WUE_ET_minus_WUE_E",0.649963955182359,0.553113658527904,-0.361827355068108,-4.04567325108769,-4.94013749964219,0.8944642485545
"US-HB2",2022,5,"Upland","WUE_ET_minus_WUE_E",0.709558973766981,0.896418371806367,-0.502914063192415,-6.09208822275226,-6.29819944375972,0.206111221007458
"US-HB2",2022,6,"Upland","WUE_ET_minus_WUE_E",0.644866663153671,0.523750057006065,-0.822877600766644,-4.308240584711,-4.80985242732327,0.501611842612274
"US-HB2",2022,8,"Upland","WUE_ET_minus_WUE_E",0.558546070884954,0.026489264365157,0.89634670804327,-3.18556467957896,-3.45198888276652,0.266424203187562
"US-HB2",2022,9,"Upland","WUE_ET_minus_WUE_E",0.654920135926523,0.58166437047903,0.877227725997221,-4.02552097227401,-5.03213903329511,1.0066180610211
"US-HB2",2023,4,"Upland","WUE_ET_minus_WUE_E",0.704557470816532,0.867606575499481,0.410061413881823,-4.65229663446176,-6.15722786954528,1.50493123508352
"US-HB2",2023,5,"Upland","WUE_ET_minus_WUE_E",0.710967843259371,0.904534344392981,0.427485817729223,-5.79781895612171,-6.3374389344696,0.539619978347893
"US-HB2",2023,6,"Upland","WUE_ET_minus_WUE_E",0.707505919459608,0.884591490347526,0.241189297180169,-4.82204612974863,-6.20043717377465,1.37839104402603
"US-HB2",2023,7,"Upland","WUE_ET_minus_WUE_E",0.684713458219064,0.753292607371517,0.760140999379894,-3.99935095908845,-5.65098176877776,1.65163080968931
"US-HB2",2023,8,"Upland","WUE_ET_minus_WUE_E",0.703564655758037,0.861887337598562,0.564419130050431,-4.23599745466711,-6.15359176500999,1.91759431034287
"US-HB2",2023,9,"Upland","WUE_ET_minus_WUE_E",0.710375274074319,0.901120773946936,-0.501617415081494,-4.9193672983989,-6.31460814166432,1.39524084326543
"US-HB2",2023,10,"Upland","WUE_ET_minus_WUE_E",0.680122160385449,0.72684385001259,-0.565958613627536,-3.93282594168226,-5.55673910779764,1.62391316611538
"US-HB2",2024,4,"Upland","WUE_ET_minus_WUE_E",0.63527934699362,0.468521098217127,-0.22672484675533,-4.38189044466198,-4.67610084390283,0.294210399240848
"US-HB2",2024,5,"Upland","WUE_ET_minus_WUE_E",0.605532423518073,0.297160147633843,0.685638134356168,-3.69241701528423,-4.18532148461561,0.492904469331382
"US-HB2",2024,9,"Upland","WUE_ET_minus_WUE_E",0.683980718717896,0.749071567923409,0.799460070340219,-5.77189745313112,-5.6427915357538,-0.129105917377321
"US-HB3",2019,4,"Upland","WUE_ET_minus_WUE_E",0.584755577236518,0.177472471970286,0.559179371634637,-3.48045380817237,-3.96852228852405,0.488068480351682
"US-HB3",2019,6,"Upland","WUE_ET_minus_WUE_E",0.695748907511648,0.816863721959054,0.740028370864941,-5.70770639047214,-6.01277913002741,0.305072739555273
"US-HB3",2019,7,"Upland","WUE_ET_minus_WUE_E",0.749289832868976,1.12529305825267,0.105953603989007,-8.24828797854044,-7.65485088125757,-0.593437097282872
"US-HB3",2019,8,"Upland","WUE_ET_minus_WUE_E",0.723338706283063,0.975798280275897,-0.273502027965715,-7.62815811001574,-6.8372660080607,-0.790892101955033
"US-HB3",2019,9,"Upland","WUE_ET_minus_WUE_E",0.786842063998584,1.34161748011037,0.748818033019466,-9.97387217175247,-9.09294468034392,-0.880927491408555
"US-HB3",2019,10,"Upland","WUE_ET_minus_WUE_E",0.628922056190538,0.431899112886573,0.15180074421047,-4.49431855260153,-4.68806561218794,0.193747059586405
"US-HB3",2020,4,"Upland","WUE_ET_minus_WUE_E",0.61201844200133,0.334523685201192,0.929995763928383,-4.17461603694428,-4.40669135398437,0.232075317040093
"US-HB3",2020,6,"Upland","WUE_ET_minus_WUE_E",0.691840505879109,0.794348875354374,0.976482244383555,-6.33595032720784,-5.91576843372539,-0.420181893482452
"US-HB3",2020,7,"Upland","WUE_ET_minus_WUE_E",0.75166282344032,1.1389629734076,-0.934200535521949,-7.85049110464988,-7.73872214671479,-0.111768957935092
"US-HB3",2020,10,"Upland","WUE_ET_minus_WUE_E",0.711385031931813,0.906937613004643,-0.467749621662832,-7.78513304763853,-6.46575168868264,-1.3193813589559
"US-HB3",2021,8,"Upland","WUE_ET_minus_WUE_E",0.650719654221816,0.557466959327656,0.494526183717491,-4.90700645584795,-5.09794545221755,0.190938996369602
"US-HB3",2021,9,"Upland","WUE_ET_minus_WUE_E",0.674164620019138,0.692524678110715,-0.701808875619676,-5.14781979968675,-5.54405172594816,0.396231926261406
"US-HB3",2021,10,"Upland","WUE_ET_minus_WUE_E",0.692037444393723,0.795483364811691,-0.891900349170544,-5.61212719175008,-5.95762370033982,0.34549650858974
"US-HB3",2022,4,"Upland","WUE_ET_minus_WUE_E",0.683075361066948,0.743856139584682,-0.361827355068108,-5.64813032016374,-5.74433113581542,0.0962008156516827
"US-HB3",2022,5,"Upland","WUE_ET_minus_WUE_E",0.711314879349152,0.90653349009558,-0.502914063192415,-6.97690959861047,-6.46800520409503,-0.50890439451544
"US-HB3",2022,6,"Upland","WUE_ET_minus_WUE_E",0.688003543266411,0.772245562344374,-0.822877600766644,-6.13695794582416,-5.82312055845532,-0.313837387368843
"US-HB3",2022,8,"Upland","WUE_ET_minus_WUE_E",0.595671041787926,0.240352399137373,0.89634670804327,-4.11861185882018,-4.16583491515337,0.0472230563331815
"US-HB3",2022,9,"Upland","WUE_ET_minus_WUE_E",0.710742859954965,0.903238299343481,0.877227725997221,-6.32921982784003,-6.44570954918261,0.116489721342582
"US-HB3",2023,4,"Upland","WUE_ET_minus_WUE_E",0.648021838461282,0.541925847198744,0.410061413881823,-5.0555019551786,-5.02498254215317,-0.0305194130254387
"US-HB3",2023,5,"Upland","WUE_ET_minus_WUE_E",0.663479266863554,0.630970337018462,0.427485817729223,-5.43871250510472,-5.32734084695637,-0.111371658148355
"US-HB3",2023,6,"Upland","WUE_ET_minus_WUE_E",0.683749765094634,0.747741130089885,0.241189297180169,-5.86567004553586,-5.72332052081657,-0.142349524719288
"US-HB3",2023,7,"Upland","WUE_ET_minus_WUE_E",0.718394894301557,0.947318820161233,0.760140999379894,-6.06990682390086,-6.65629516670251,0.586388342801654
"US-HB3",2023,8,"Upland","WUE_ET_minus_WUE_E",0.738998720290372,1.06600979033831,0.564419130050431,-6.20097066296093,-7.33584314154292,1.13487247858199
"US-HB3",2023,9,"Upland","WUE_ET_minus_WUE_E",0.730674513719209,1.01805713560214,-0.501617415081494,-6.83141481299091,-7.04061411415494,0.209199301164025
"US-HB3",2023,10,"Upland","WUE_ET_minus_WUE_E",0.712073273815296,0.910902318244895,-0.565958613627536,-7.34234232944227,-6.48511197585464,-0.857230353587624
"US-HB3",2024,4,"Upland","WUE_ET_minus_WUE_E",0.696976806885933,0.823937193075187,-0.22672484675533,-7.54401003777483,-6.08037591490181,-1.46363412287302
"US-HB3",2024,5,"Upland","WUE_ET_minus_WUE_E",0.656869731606334,0.592895265304846,0.685638134356168,-5.69934923379837,-5.19679754962051,-0.502551684177853
"US-HB3",2024,9,"Upland","WUE_ET_minus_WUE_E",0.76680817110089,1.22620968227021,0.799460070340219,-9.7163165243593,-8.30466224174226,-1.41165428261704
"US-KPL",2021,6,"Freshwater","WUE_ET_minus_WUE_E",0.44290360855021,-0.639683904425315,-0.683134183607443,-1.2279909385145,-1.77930613596374,0.551315197449238
"US-KPL",2021,7,"Freshwater","WUE_ET_minus_WUE_E",0.440518194740646,-0.653425385230126,-0.114487449711832,-2.80937486724678,-1.78970567669525,-1.01966919055153
"US-KPL",2021,8,"Freshwater","WUE_ET_minus_WUE_E",0.476833712356478,-0.444225209464444,0.156983739143428,-2.27810962623353,-2.07936936255576,-0.198740263677764
"US-KPL",2024,8,"Freshwater","WUE_ET_minus_WUE_E",0.512964680497779,-0.236088154508922,0.867149816337358,-2.53937244740486,-2.36611608553653,-0.173256361868328
"US-KS1",2002,4,"Upland","WUE_ET_minus_WUE_E",0.651418805507525,0.561494509572273,-0.526024055462784,-4.43929111048893,-4.95325046079572,0.51395935030679
"US-KS1",2002,5,"Upland","WUE_ET_minus_WUE_E",0.638447052341882,0.486769069308726,-0.754163473005076,-3.5193708488757,-4.72218776265783,1.20281691378213
"US-KS1",2002,7,"Upland","WUE_ET_minus_WUE_E",0.5918093787731,0.218106796307327,0.16760742274779,-4.16323436850434,-3.9358562043605,-0.227378164143834
"US-KS1",2002,8,"Upland","WUE_ET_minus_WUE_E",0.633768751356139,0.459819119183948,0.6583411970769,-3.20299305422689,-4.65864737897424,1.45565432474735
"US-KS1",2002,9,"Upland","WUE_ET_minus_WUE_E",0.738364059064097,1.06235374331474,-0.776665175101313,-5.145895214632,-7.15536065983745,2.00946544520544
"US-KS1",2002,11,"Upland","WUE_ET_minus_WUE_E",0.677471557403971,0.711574713125264,0.240141679667772,-5.91645996457422,-5.4797961874065,-0.436663777167712
"US-KS2",2000,4,"Upland","WUE_ET_minus_WUE_E",0.759744534051473,1.18551869920575,-0.500530142123448,-8.52990230506165,-7.96469281797655,-0.565209487085099
"US-KS2",2000,6,"Upland","WUE_ET_minus_WUE_E",0.667175932406349,0.652265450845025,-0.680481002532766,-5.54871899976423,-5.28431851829424,-0.264400481469996
"US-KS2",2000,7,"Upland","WUE_ET_minus_WUE_E",0.831414157606738,1.59838071602815,-0.0799619071672643,-12.4841818555551,-10.9043550348291,-1.57982682072599
"US-KS2",2000,9,"Upland","WUE_ET_minus_WUE_E",0.789352289029367,1.35607795189013,0.636977846023421,-7.50681971932023,-9.11808342792869,1.61126370860846
"US-KS2",2001,4,"Upland","WUE_ET_minus_WUE_E",0.621583811344111,0.389626216547218,-0.133682697565987,-3.48909108623404,-4.48701075037868,0.997919664144633
"US-KS2",2001,5,"Upland","WUE_ET_minus_WUE_E",0.798072422785593,1.40631139572538,0.0250598606744993,-10.0839435133422,-9.48491022442206,-0.59903328892015
"US-KS2",2001,6,"Upland","WUE_ET_minus_WUE_E",0.843413084301172,1.66750206519986,0.0552139116526809,-9.94178209633309,-11.4084507184844,1.4666686221513
"US-KS2",2001,8,"Upland","WUE_ET_minus_WUE_E",0.739476455496453,1.0687618449872,-0.262992904506819,-7.34789244981334,-7.27461654210729,-0.073275907706055
"US-KS2",2001,10,"Upland","WUE_ET_minus_WUE_E",0.625727467143426,0.413496274815404,-0.026600090551547,-5.05857587364114,-4.556847147427,-0.501728726214149
"US-KS2",2002,4,"Upland","WUE_ET_minus_WUE_E",0.665600544249014,0.643190226228922,-0.463599583295907,-6.85151045517881,-5.28853131211797,-1.56297914306084
"US-KS2",2002,5,"Upland","WUE_ET_minus_WUE_E",0.678499037643593,0.717493644227902,-0.80465669117682,-6.43210743161297,-5.56828838692059,-0.863819044692384
"US-KS2",2002,7,"Upland","WUE_ET_minus_WUE_E",0.695691756824969,0.816534498131797,0.180976130937476,-7.95925557347835,-5.96034132888372,-1.99891424459464
"US-KS2",2002,8,"Upland","WUE_ET_minus_WUE_E",0.704579845863011,0.86773546981143,0.65198666418529,-7.08909969802679,-6.22437082142856,-0.864728876598232
"US-KS2",2002,9,"Upland","WUE_ET_minus_WUE_E",0.763831698409801,1.20906333131565,-0.779993009415222,-9.76312783652752,-8.11515642205815,-1.64797141446936
"US-KS2",2002,10,"Upland","WUE_ET_minus_WUE_E",0.721380695300874,0.964518908026323,-0.255711362271992,-8.49561326963442,-6.67866118064623,-1.81695208898819
"US-KS2",2003,4,"Upland","WUE_ET_minus_WUE_E",0.756143068238976,1.16477199558008,0.312474152066142,-10.4749012283871,-7.83291522438177,-2.64198600400534
"US-KS2",2003,5,"Upland","WUE_ET_minus_WUE_E",0.755759284946485,1.16256116292462,-0.490895480486471,-8.88402463836743,-7.82369165834844,-1.06033298001898
"US-KS2",2003,6,"Upland","WUE_ET_minus_WUE_E",0.756581086246712,1.16729525423706,0.515658613867106,-7.71831109604786,-7.81227095374969,0.093959857701833
"US-KS2",2003,7,"Upland","WUE_ET_minus_WUE_E",0.849156877456311,1.70058991900186,0.0077154255117281,-9.55427191791899,-11.6899337707533,2.1356618528343
"US-KS2",2003,8,"Upland","WUE_ET_minus_WUE_E",0.790145284556304,1.36064610386779,0.330716655797737,-6.66012201410544,-9.17498888857615,2.51486687447071
"US-KS2",2003,9,"Upland","WUE_ET_minus_WUE_E",0.666423522248684,0.647931096068739,0.0421236349799724,-5.57117054826137,-5.30380131111963,-0.267369237141744
"US-KS2",2003,10,"Upland","WUE_ET_minus_WUE_E",0.703326747005385,0.860516833854196,-0.757412300767299,-9.73534968939757,-6.16857022358942,-3.56677946580815
"US-KS2",2004,4,"Upland","WUE_ET_minus_WUE_E",0.715443176749789,0.930315074347314,-0.701290478769532,-5.59174818997955,-6.5035810795098,0.911832889530252
"US-KS2",2004,6,"Upland","WUE_ET_minus_WUE_E",0.79129639484757,1.36727722166724,0.274027411174196,-5.44756738997247,-9.16281307558354,3.71524568561107
"US-KS2",2004,7,"Upland","WUE_ET_minus_WUE_E",0.837067666165831,1.63094847388766,-0.380156263950207,-8.06025700047839,-11.1535890437927,3.09333204331434
"US-KS2",2004,8,"Upland","WUE_ET_minus_WUE_E",0.763525706338802,1.2073006249235,0.946591309992873,-4.88260417500758,-8.12812747292875,3.24552329792117
"US-KS2",2004,10,"Upland","WUE_ET_minus_WUE_E",0.714725668333113,0.926181775506035,-0.551896700296931,-3.92520930657413,-6.48341088114194,2.55820157456781
"US-KS2",2005,4,"Upland","WUE_ET_minus_WUE_E",0.72337481944308,0.976006314744884,0.185292462140126,-5.70824955475562,-6.73834679477163,1.03009724001601
"US-KS2",2005,5,"Upland","WUE_ET_minus_WUE_E",0.725974599726371,0.990982680990573,0.570413835478973,-5.61541878504194,-6.82261415126188,1.20719536621994
"US-KS2",2005,8,"Upland","WUE_ET_minus_WUE_E",0.640070645564156,0.496121985355932,-0.954917869331607,-2.12493464068614,-4.82686060975527,2.70192596906912
"US-KS2",2005,9,"Upland","WUE_ET_minus_WUE_E",0.732884696919307,1.03078917810877,-0.0588842192943669,-4.56821033200567,-7.03408967670184,2.46587934469617
"US-KS2",2006,4,"Upland","WUE_ET_minus_WUE_E",0.772055026609331,1.2564348633125,-0.86639607613502,-5.33922898129824,-8.43031795164233,3.09108897034409
"US-KS2",2006,7,"Upland","WUE_ET_minus_WUE_E",0.764623297410295,1.21362343842444,-0.52960124473941,-5.69453872129365,-8.1360899960688,2.44155127477516
"US-KS2",2006,8,"Upland","WUE_ET_minus_WUE_E",0.778399905150784,1.29298534622522,-0.445697144046137,-4.6032416556315,-8.70164336095111,4.09840170531962
"US-KS3",2018,6,"Saline","WUE_ET_minus_WUE_E",0.740803149645351,1.07640443601599,0.905913535979778,-3.1554289940594,-4.30036606995032,1.14493707589093
"US-KS3",2018,7,"Saline","WUE_ET_minus_WUE_E",0.665306515390962,0.641496435452334,0.726850255809904,-3.31465681755753,-3.3827003422391,0.0680435246815714
"US-KS3",2018,8,"Saline","WUE_ET_minus_WUE_E",0.726245720533288,0.992544507013839,0.139629412312116,-4.14900143514248,-4.17531223937616,0.0263108042336828
"US-KS3",2018,10,"Saline","WUE_ET_minus_WUE_E",0.542592227896394,-0.0654148850580077,-0.791314514689473,-2.03049121625981,-2.14137851166441,0.1108872954046
"US-KS4",2017,6,"Saline","WUE_ET_minus_WUE_E",0.320877434761484,-1.34263125807908,0.994472700958112,-1.01885034670137,-1.72584334037946,0.706992993678092
"US-KS4",2017,7,"Saline","WUE_ET_minus_WUE_E",0.193422691767115,-2.07685057772793,0.916109293584827,-0.483004238243788,-1.41737723128661,0.934372993042822
"US-KS4",2017,9,"Saline","WUE_ET_minus_WUE_E",0.163019939141116,-2.25198951586458,0.978010680040083,-0.468245331121236,-1.37421748185863,0.905972150737392
"US-KS4",2018,4,"Saline","WUE_ET_minus_WUE_E",0.171266848347673,-2.20448214246607,0.298773539788073,-0.287390656604073,-1.38937997902408,1.10198932242001
"US-KS4",2018,7,"Saline","WUE_ET_minus_WUE_E",0.249202136078358,-1.75552596720009,0.719862016503122,-0.515107514951256,-1.53459649206245,1.01948897711119
"US-KS4",2018,8,"Saline","WUE_ET_minus_WUE_E",0.266294383528799,-1.65706389352985,0.162936628875032,-0.77313576329114,-1.612026084621,0.838890321329857
"US-KS4",2018,10,"Saline","WUE_ET_minus_WUE_E",0.236277530574212,-1.82997980734006,-0.774003499940023,-0.761458081014321,-1.51493640567347,0.753478324659147
"US-KS4",2019,3,"Saline","WUE_ET_minus_WUE_E",0.312457224297236,-1.39113695549854,0.283323215665159,-0.681752806303762,-1.7282488754839,1.04649606918014
"US-KS4",2019,4,"Saline","WUE_ET_minus_WUE_E",0.176693807579563,-2.17321945093033,0.203481738123314,-0.338123482819959,-1.39849973300852,1.06037625018856
"US-KS4",2019,5,"Saline","WUE_ET_minus_WUE_E",0.213251570788384,-1.96262378849782,0.753257161015673,-0.492386886279126,-1.47013010519678,0.977743218917652
"US-KS4",2019,7,"Saline","WUE_ET_minus_WUE_E",0.259638779632395,-1.69540434952124,0.4368529479445,-0.619263091603465,-1.56103081366303,0.941767722059562
"US-KS4",2019,8,"Saline","WUE_ET_minus_WUE_E",0.229704307732449,-1.86784569674829,0.180776533783995,-0.550016960314702,-1.52266374779338,0.972646787478682
"US-KS4",2020,5,"Saline","WUE_ET_minus_WUE_E",0.161438684746421,-2.26109853368996,0.653202641366257,-0.399613492177266,-1.37792948025087,0.978315988073607
"US-KS4",2020,6,"Saline","WUE_ET_minus_WUE_E",0.267075571973044,-1.65256375775949,0.238937104715591,-0.746241209238436,-1.55473706382769,0.808495854589256
"US-KS4",2020,7,"Saline","WUE_ET_minus_WUE_E",0.304782744643278,-1.43534677537505,0.187991857450085,-0.84953913944457,-1.69563959835285,0.846100458908283
"US-KS4",2020,10,"Saline","WUE_ET_minus_WUE_E",0.270283424533011,-1.63408451352911,0.0238517228197203,-0.66629678787385,-1.60060906884115,0.934312280967296
"US-KS4",2021,6,"Saline","WUE_ET_minus_WUE_E",0.356085765378773,-1.13980917437726,-0.0879084260437099,-1.13801244673053,-1.86433018017163,0.726317733441094
"US-KS4",2021,9,"Saline","WUE_ET_minus_WUE_E",0.2889004008844,-1.52683904435705,-0.800603697812129,-0.854867804020758,-1.65320117082337,0.798333366802609
"US-KS4",2022,3,"Saline","WUE_ET_minus_WUE_E",0.204933448458989,-2.01054139418248,0.634887678919928,-0.371073790949941,-1.44507693534417,1.07400314439423
"US-KS4",2022,4,"Saline","WUE_ET_minus_WUE_E",0.259015333379257,-1.69899579126019,0.217449976116391,-0.450033515245998,-1.56980620991694,1.11977269467094
"US-LA2",2012,3,"Freshwater","WUE_ET_minus_WUE_E",0.527669286620961,-0.151380393543572,0.65484519587765,-3.27273150533649,-2.4094459360596,-0.863285569276885
"US-LA2",2012,4,"Freshwater","WUE_ET_minus_WUE_E",0.662670794467422,0.626313028559811,0.381107510607393,-6.34304656784461,-4.27744102287714,-2.06560554496748
"US-LA2",2012,5,"Freshwater","WUE_ET_minus_WUE_E",0.626439940537699,0.417600568767289,-0.617609218660935,-5.22242018450678,-3.59054722870594,-1.63187295580083
"US-LA2",2012,6,"Freshwater","WUE_ET_minus_WUE_E",0.499528245430828,-0.313490454192654,-0.116537156900233,-3.54230824013817,-2.14016419328385,-1.40214404685432
"US-LA2",2012,9,"Freshwater","WUE_ET_minus_WUE_E",0.549967532270346,-0.0229285025788104,0.39119785392649,-2.39739872392236,-2.6187074627977,0.221308738875349
"US-LA2",2013,5,"Freshwater","WUE_ET_minus_WUE_E",0.543144684730498,-0.0622323869308958,0.486007881640397,-4.76168015351363,-2.55949215443709,-2.20218799907653
"US-LA2",2013,6,"Freshwater","WUE_ET_minus_WUE_E",0.561696550579611,0.0446380048799015,-0.653349909573924,-4.66842058419483,-2.70191152959924,-1.96650905459559
"US-LA2",2013,7,"Freshwater","WUE_ET_minus_WUE_E",0.471134753432218,-0.477054789955313,-0.379222867589575,-3.4660599352171,-1.94747187687129,-1.51858805834581
"US-LA2",2013,8,"Freshwater","WUE_ET_minus_WUE_E",0.516965266120517,-0.213042270259222,-0.175407269185683,-3.49105459258376,-2.34367262253701,-1.14738197004675
"US-LA2",2013,9,"Freshwater","WUE_ET_minus_WUE_E",0.574479166491237,0.118273895843815,0.381881396090872,-3.87975264556364,-2.87518894937087,-1.00456369619277
"US-LA2",2013,10,"Freshwater","WUE_ET_minus_WUE_E",0.394004836640731,-0.921371523101294,-0.531226115037083,-1.62628935224664,-1.47647519149862,-0.149814160748015
"US-LA2",2021,7,"Freshwater","WUE_ET_minus_WUE_E",0.70163012678227,0.850743236445015,0.850655723136184,-5.42570521664056,-5.23765843090434,-0.188046785736213
"US-LA2",2021,10,"Freshwater","WUE_ET_minus_WUE_E",0.649651011418337,0.551310906020538,0.0018268494291362,-3.54561259858611,-4.00714291441234,0.46153031582623
"US-LA2",2022,3,"Freshwater","WUE_ET_minus_WUE_E",0.665884888495888,0.644828227566348,-0.402124115816891,-1.8214774232728,-4.34422909640491,2.52275167313211
"US-LA2",2022,4,"Freshwater","WUE_ET_minus_WUE_E",0.681275195379204,0.733486055306461,-0.684556261659581,-4.85875010420352,-4.710617615708,-0.148132488495525
"US-LA2",2022,5,"Freshwater","WUE_ET_minus_WUE_E",0.731036880282464,1.02014459445448,0.702926391353895,-7.51085779240155,-6.14169720072669,-1.36916059167486
"US-LA2",2022,6,"Freshwater","WUE_ET_minus_WUE_E",0.774870954050216,1.27265637285584,-0.876290394889563,-8.34895542098278,-7.63151266462788,-0.717442756354902
"US-LA2",2022,7,"Freshwater","WUE_ET_minus_WUE_E",0.629015574572691,0.432437837466812,0.645087334079884,-5.55715891186819,-3.61847450173391,-1.93868441013428
"US-LA2",2022,8,"Freshwater","WUE_ET_minus_WUE_E",0.58554443982656,0.182016815637297,0.844921334045527,-4.21497035978958,-3.0289193469796,-1.18605101280998
"US-LA2",2022,10,"Freshwater","WUE_ET_minus_WUE_E",0.591198154847966,0.214585762849319,-0.962494865284234,-2.98789332087347,-3.0765072878156,0.0886139669421313
"US-LA2",2023,4,"Freshwater","WUE_ET_minus_WUE_E",0.751256889536327,1.13662453932653,-0.321753361509401,-9.39687257391563,-6.81687554399883,-2.5799970299168
"US-LA2",2023,5,"Freshwater","WUE_ET_minus_WUE_E",0.793075710601947,1.37752719724231,0.0780634685546953,-9.76642304689445,-8.36127685175817,-1.40514619513629
"US-LA2",2023,9,"Freshwater","WUE_ET_minus_WUE_E",0.722524018316796,0.971105166231921,-0.367008681720679,-4.86308068027284,-5.86513546737383,1.00205478710099
"US-LA3",2020,4,"Saline","WUE_ET_minus_WUE_E",0.556307049869435,0.0135910979409618,-0.539484910992375,-2.63998906938335,-2.49824359284986,-0.141745476533489
"US-LA3",2020,5,"Saline","WUE_ET_minus_WUE_E",0.598537293353549,0.256863807226339,0.167478555406377,-3.0696525545854,-2.89573124834637,-0.173921306239022
"US-LA3",2020,6,"Saline","WUE_ET_minus_WUE_E",0.613221601213903,0.341454637457112,0.341360063765215,-3.77823214524011,-3.00642805724832,-0.771804087991792
"US-LA3",2021,7,"Saline","WUE_ET_minus_WUE_E",0.45991709973421,-0.541675516283024,0.754186739394488,-2.15823028341757,-1.80743842925293,-0.350791854164648
"US-LA3",2022,3,"Saline","WUE_ET_minus_WUE_E",0.41356960705824,-0.808666165202889,-0.450429599764767,-1.08740191959843,-1.56053395663827,0.473132037039842
"US-LA3",2022,4,"Saline","WUE_ET_minus_WUE_E",0.538240305509135,-0.0904846895962273,-0.910790124483453,-2.01078112498664,-2.34990428135538,0.339123156368739
"US-LA3",2022,5,"Saline","WUE_ET_minus_WUE_E",0.489633497147295,-0.370490414979937,0.421876736256541,-1.93114225576735,-2.00612802498204,0.0749857692146896
"US-LA3",2022,7,"Saline","WUE_ET_minus_WUE_E",0.473115315191346,-0.465645511076033,0.266245182352089,-2.11113881571498,-1.88664258422094,-0.224496231494042
"US-LA3",2022,8,"Saline","WUE_ET_minus_WUE_E",0.498600309070185,-0.318835950071289,0.562625704532308,-2.17313959008448,-2.08365756031375,-0.0894820297707306
"US-LA3",2022,10,"Saline","WUE_ET_minus_WUE_E",0.305519592250788,-1.43110207065586,-0.980498542506786,-0.777267363499616,-1.10501968852881,0.327752325029194
"US-LA3",2023,4,"Saline","WUE_ET_minus_WUE_E",0.565413327251393,0.0660489714326563,-0.0413689785795454,-3.8589661438992,-2.57737653545841,-1.2815896084408
"US-LA3",2023,5,"Saline","WUE_ET_minus_WUE_E",0.609512940034954,0.320090421236957,-0.080100086311681,-4.4641435875162,-3.00858317759294,-1.45556040992326
"US-LA3",2023,9,"Saline","WUE_ET_minus_WUE_E",0.464857526996429,-0.513215554275951,-0.200327003951147,-1.85045869365511,-1.84549045213261,-0.00496824152249875
"US-MCP",2023,6,"Freshwater","WUE_ET_minus_WUE_E",0.665220943607868,0.641003488270548,0.999530289278384,-6.44256558653105,-4.80459464504278,-1.63797094148827
"US-MCP",2023,8,"Freshwater","WUE_ET_minus_WUE_E",0.682486107548596,0.740461669459986,-0.733149290860426,-10.2333174223311,-5.27118415091402,-4.96213327141708
"US-MCP",2024,3,"Freshwater","WUE_ET_minus_WUE_E",0.474605062834228,-0.45706362957749,0.368112586144697,-1.88106100320809,-2.48709331923546,0.60603231602737
"US-MCP",2024,4,"Freshwater","WUE_ET_minus_WUE_E",0.458210597627466,-0.551506039544514,0.290457549083884,-2.33098271580879,-2.37216121371622,0.0411784979074321
"US-MCP",2024,5,"Freshwater","WUE_ET_minus_WUE_E",0.578112185670819,0.139202366669114,0.269623703051514,-6.66798043440227,-3.43045479775582,-3.23752563664645
"US-MCP",2024,8,"Freshwater","WUE_ET_minus_WUE_E",0.722856738769836,0.973021844881336,-0.729705692726009,-10.7984059585643,-6.40754554372298,-4.39086041484137
"US-MCP",2024,9,"Freshwater","WUE_ET_minus_WUE_E",0.701414412025853,0.849500584049552,-0.46526788350866,-10.8436982583156,-5.74802518913379,-5.09567306918179
"US-MCP",2025,3,"Freshwater","WUE_ET_minus_WUE_E",0.435836730968553,-0.680393554989479,0.0382649233456613,-2.29673486777499,-2.21694042155684,-0.079794446218151
"US-MCP",2025,4,"Freshwater","WUE_ET_minus_WUE_E",0.479839687070855,-0.426908908338097,-0.687760661827752,-3.19586627077805,-2.53056506131821,-0.665301209459841
"US-MCP",2025,6,"Freshwater","WUE_ET_minus_WUE_E",0.559277097724,0.0307004378044451,-0.509365843921018,-6.27948164595762,-3.18449610705388,-3.09498553890374
"US-MCP",2025,7,"Freshwater","WUE_ET_minus_WUE_E",0.642796854303404,0.511826658863768,0.230114771043755,-8.69237236756615,-4.37161776464171,-4.32075460292444
"US-MCP",2025,8,"Freshwater","WUE_ET_minus_WUE_E",0.473153933712348,-0.465423044155229,-0.975106029021341,-4.02993457899146,-2.50326528750567,-1.5266692914858
"US-MRf",2006,3,"Upland","WUE_ET_minus_WUE_E",0.581709983327819,0.159927939416716,0.256623837615729,-5.14721683209837,-4.97624017016921,-0.170976661929159
"US-MRf",2006,4,"Upland","WUE_ET_minus_WUE_E",0.625753740864303,0.413647627938982,-0.726691143474182,-6.64458390956855,-5.69442481431027,-0.950159095258281
"US-MRf",2006,5,"Upland","WUE_ET_minus_WUE_E",0.621613759673772,0.389798737723846,-0.0986705700168892,-7.07548152020372,-5.6298115422793,-1.44566997792442
"US-MRf",2006,6,"Upland","WUE_ET_minus_WUE_E",0.69020811129784,0.784945257954973,-0.018921259157649,-10.6339010320296,-6.93649329519007,-3.69740773683953
"US-MRf",2006,7,"Upland","WUE_ET_minus_WUE_E",0.734369614451598,1.03934323513857,-0.369612456441954,-10.0275216583472,-8.2108534764549,-1.81666818189226
"US-MRf",2006,8,"Upland","WUE_ET_minus_WUE_E",0.661888899332219,0.621808821805957,-0.79348968859853,-10.685896339548,-6.37406043150177,-4.31183590804623
"US-MRf",2006,9,"Upland","WUE_ET_minus_WUE_E",0.397197870204858,-0.902977645588452,-0.550419534263187,-2.43393075412449,-2.63620096272889,0.202270208604403
"US-MRf",2007,3,"Upland","WUE_ET_minus_WUE_E",0.60897705888748,0.317003409468961,-0.797309245084267,-9.43792114410122,-5.41356507532014,-4.02435606878108
"US-MRf",2007,4,"Upland","WUE_ET_minus_WUE_E",0.703008237725918,0.858682020484541,-0.649318760682936,-13.8869009593452,-7.29725861734675,-6.58964234199846
"US-MRf",2007,5,"Upland","WUE_ET_minus_WUE_E",0.71223527439477,0.91183554326618,-0.99140817871717,-16.5049104470728,-7.55435453853586,-8.95055590853698
"US-MRf",2007,6,"Upland","WUE_ET_minus_WUE_E",0.783483655598199,1.32227093973923,-0.590297762593021,-22.4694593953031,-9.98269230979261,-12.4867670855105
"US-MRf",2007,7,"Upland","WUE_ET_minus_WUE_E",0.749366820589272,1.12573655584475,0.866108202207649,-15.3400093020943,-8.71800725440439,-6.62200204768987
"US-MRf",2007,8,"Upland","WUE_ET_minus_WUE_E",0.686270764811868,0.762263670826593,0.731682850564074,-12.4885149177285,-6.90197022349538,-5.58654469423308
"US-MRf",2007,9,"Upland","WUE_ET_minus_WUE_E",0.732884137113991,1.03078595327877,0.538991987619922,-11.3713214771754,-8.17167949090019,-3.19964198627525
"US-MRf",2007,10,"Upland","WUE_ET_minus_WUE_E",0.681647703304471,0.735631934769458,0.490750556033114,-13.2202189253079,-6.77258319020557,-6.44763573510236
"US-MRf",2008,3,"Upland","WUE_ET_minus_WUE_E",0.48608746970391,-0.390917758802308,-0.0771228491171343,-5.93735162425043,-3.50218882883163,-2.4351627954188
"US-MRf",2008,4,"Upland","WUE_ET_minus_WUE_E",0.515544184562818,-0.221228592007212,-0.14929164927691,-7.99661196882636,-3.93405916629875,-4.06255280252761
"US-MRf",2008,6,"Upland","WUE_ET_minus_WUE_E",0.749582876861015,1.12698117558285,0.0945982751166198,-21.8437886919114,-8.69944881983252,-13.1443398720789
"US-MRf",2008,7,"Upland","WUE_ET_minus_WUE_E",0.738088460708761,1.06076612380215,-0.444262869515962,-14.0422202913743,-8.33279659088451,-5.70942370048978
"US-MRf",2009,3,"Upland","WUE_ET_minus_WUE_E",0.737736734833715,1.05873996199277,-0.259065029019625,-21.4321437096125,-8.327443113737,-13.1047005958755
"US-MRf",2009,5,"Upland","WUE_ET_minus_WUE_E",0.603909041136064,0.287808446158906,0.425297838041705,-8.66245440719792,-5.34042232487357,-3.32203208232436
"US-MRf",2009,6,"Upland","WUE_ET_minus_WUE_E",0.597239715732421,0.249388945673185,-0.42242201811118,-10.2365601119218,-5.19199824600456,-5.04456186591724
"US-MRf",2009,7,"Upland","WUE_ET_minus_WUE_E",0.729421580342297,1.01083945291769,0.103290373282193,-12.1015952255792,-8.05261856083058,-4.04897666474864
"US-MRf",2009,8,"Upland","WUE_ET_minus_WUE_E",0.653807046633887,0.575252277496473,0.357458353294095,-9.94939198107881,-6.21663413326211,-3.7327578478167
"US-MRf",2009,9,"Upland","WUE_ET_minus_WUE_E",0.629503290865661,0.435247389441053,0.0663309128975128,-7.05618903977265,-5.75635313610484,-1.29983590366781
"US-MRf",2009,10,"Upland","WUE_ET_minus_WUE_E",0.687410713335176,0.768830489836657,0.0765477851887102,-10.4831759182032,-6.9065122170625,-3.57666370114074
"US-MRf",2010,3,"Upland","WUE_ET_minus_WUE_E",0.6525610457688,0.56807453043149,0.392755501499462,-12.4195361217913,-6.1660417923614,-6.25349432942989
"US-MRf",2010,4,"Upland","WUE_ET_minus_WUE_E",0.480212468951851,-0.424761450718143,0.893500274842314,-5.91053721355045,-3.42724525644992,-2.48329195710053
"US-MRf",2010,5,"Upland","WUE_ET_minus_WUE_E",0.612181271256216,0.335461683912991,0.881174397810762,-12.2390303779521,-5.47449162056772,-6.76453875738443
"US-MRf",2010,7,"Upland","WUE_ET_minus_WUE_E",0.680265031905756,0.727666879646265,-0.613261954038058,-14.4165016726373,-6.73037887199808,-7.68612280063924
"US-MRf",2010,8,"Upland","WUE_ET_minus_WUE_E",0.664315831958416,0.635789477054847,0.449025085800511,-13.0266652892927,-6.42286039584328,-6.60380489344946
"US-MRf",2010,9,"Upland","WUE_ET_minus_WUE_E",0.728740971933524,1.0069187212831,0.906292488090717,-12.4411835526491,-8.04002987075974,-4.40115368188932
"US-MRf",2010,10,"Upland","WUE_ET_minus_WUE_E",0.558847890938209,0.0282279373164404,0.501710952896735,-6.9567159602627,-4.61571668742175,-2.34099927284095
"US-Myb",2011,9,"Freshwater","WUE_ET_minus_WUE_E",0.52830175858024,-0.14773695807206,-0.460060687803037,-1.46327949183151,-1.78187787669891,0.318598384867403
"US-Myb",2011,10,"Freshwater","WUE_ET_minus_WUE_E",0.507572507370219,-0.267150456249403,0.922535146258951,-1.42416826450467,-1.60699230124095,0.182824036736281
"US-Myb",2012,5,"Freshwater","WUE_ET_minus_WUE_E",0.596798904145178,0.246849594244786,-0.856904205972877,-2.00672808213642,-2.51722693720465,0.510498855068227
"US-Myb",2012,6,"Freshwater","WUE_ET_minus_WUE_E",0.660901619157643,0.616121468310517,-0.518146784693123,-2.54549909529431,-3.56685932492101,1.0213602296267
"US-Myb",2012,7,"Freshwater","WUE_ET_minus_WUE_E",0.67121518347978,0.675534072360008,0.83611513639281,-3.01460447141579,-3.82343660840627,0.808832136990485
"US-Myb",2012,8,"Freshwater","WUE_ET_minus_WUE_E",0.658040970219578,0.599642334872904,-0.244366227787153,-3.23046048536826,-3.56532765335035,0.334867167982086
"US-Myb",2012,10,"Freshwater","WUE_ET_minus_WUE_E",0.591172838294822,0.214439923612675,0.191564075502707,-2.75855233316728,-2.44049782570543,-0.318054507461854
"US-Myb",2013,6,"Freshwater","WUE_ET_minus_WUE_E",0.62597529605732,0.414923924915147,-0.684618247614436,-2.49719155167719,-2.90593531780531,0.40874376612812
"US-Myb",2013,7,"Freshwater","WUE_ET_minus_WUE_E",0.663290699938467,0.629884073171443,0.106978248576256,-3.27439006168647,-3.64489788776281,0.370507826076335
"US-Myb",2013,10,"Freshwater","WUE_ET_minus_WUE_E",0.53684359374359,-0.0985306260451301,-0.723084310595018,-1.69608210380009,-1.86093623041684,0.164854126616746
"US-Myb",2014,7,"Freshwater","WUE_ET_minus_WUE_E",0.60550875576243,0.297023806505711,-0.730388612629297,-2.12639330626053,-2.62053487687139,0.494141570610856
"US-Myb",2014,8,"Freshwater","WUE_ET_minus_WUE_E",0.585660218271357,0.182683772150426,0.967943236062957,-1.59980055518352,-2.39463462877347,0.794834073589958
"US-Myb",2014,10,"Freshwater","WUE_ET_minus_WUE_E",0.383371212738558,-0.9826278712248,-0.206055708358478,-0.430480082056877,-0.792250338630968,0.361770256574091
"US-Myb",2015,5,"Freshwater","WUE_ET_minus_WUE_E",0.591261158569562,0.214948703831496,0.0194377283701645,-1.66910840163687,-2.44583514119918,0.77672673956231
"US-Myb",2015,6,"Freshwater","WUE_ET_minus_WUE_E",0.59581196691659,0.241164216333491,0.149617845752106,-2.21590359611605,-2.46303714701246,0.247133550896418
"US-Myb",2015,7,"Freshwater","WUE_ET_minus_WUE_E",0.604014889803014,0.288418200918968,0.452712959810809,-2.1083942215191,-2.59966952496988,0.491275303450777
"US-Myb",2015,8,"Freshwater","WUE_ET_minus_WUE_E",0.587795116268136,0.194982124631383,0.410906873194691,-2.11276419947879,-2.42074931841029,0.307985118931501
"US-Myb",2015,9,"Freshwater","WUE_ET_minus_WUE_E",0.504323643861934,-0.285865949283585,-0.258222146229733,-1.36673928416418,-1.57828975762197,0.211550473457793
"US-Myb",2015,10,"Freshwater","WUE_ET_minus_WUE_E",0.46097860492157,-0.535560580124848,-0.48777122619944,-0.948497592360504,-1.24898764481791,0.300490052457409
"US-Myb",2016,5,"Freshwater","WUE_ET_minus_WUE_E",0.612513369453583,0.337374777979159,0.163892604739506,-2.00548936651459,-2.73672120936965,0.731231842855064
"US-Myb",2016,6,"Freshwater","WUE_ET_minus_WUE_E",0.548605552035773,-0.0307743636092461,-0.0246202442604913,-1.45824626919293,-1.93479380173052,0.476547532537591
"US-Myb",2016,7,"Freshwater","WUE_ET_minus_WUE_E",0.544616087843904,-0.0537561814365094,-0.227372827610564,-1.15442194486284,-1.92264819386508,0.768226249002237
"US-Myb",2016,9,"Freshwater","WUE_ET_minus_WUE_E",0.497016086803436,-0.327962064702551,-0.504843635277944,-1.0116021340871,-1.51932180743186,0.507719673344766
"US-Myb",2017,5,"Freshwater","WUE_ET_minus_WUE_E",0.633481170959024,0.458162475589888,0.186888467909345,-2.67655910043014,-3.07456807643758,0.398008976007432
"US-Myb",2017,7,"Freshwater","WUE_ET_minus_WUE_E",0.493759188170194,-0.346723845099928,-0.184295986584489,-0.815488268518473,-1.48464005175905,0.66915178324058
"US-Myb",2017,8,"Freshwater","WUE_ET_minus_WUE_E",0.585638700723962,0.182559817571431,-0.151152114921624,-1.97352959189634,-2.39437340799249,0.420843816096146
"US-Myb",2018,5,"Freshwater","WUE_ET_minus_WUE_E",0.673749743904753,0.69013473128499,-0.053832647901134,-3.64075273259045,-3.89774448911335,0.256991756522902
"US-Myb",2018,6,"Freshwater","WUE_ET_minus_WUE_E",0.64035554912351,0.49776320868431,-0.089367942332031,-2.88855820339915,-3.15673516694218,0.268176963543026
"US-Myb",2018,7,"Freshwater","WUE_ET_minus_WUE_E",0.681794660235779,0.736478498934808,-0.885248301665318,-3.80343297240239,-4.07741719925818,0.27398422685579
"US-Myb",2018,8,"Freshwater","WUE_ET_minus_WUE_E",0.697990351993995,0.829775849073318,0.945786886440377,-4.8894654042453,-4.5342888260978,-0.355176578147502
"US-Myb",2018,9,"Freshwater","WUE_ET_minus_WUE_E",0.603318363781925,0.284405773846372,0.525839997576048,-2.80588634025451,-2.59883645050585,-0.207049889748657
"US-Myb",2018,10,"Freshwater","WUE_ET_minus_WUE_E",0.495707909556077,-0.335497986755905,-0.147660307228183,-1.44743119593487,-1.51096077142949,0.0635295754946212
"US-Myb",2019,6,"Freshwater","WUE_ET_minus_WUE_E",0.642115152025038,0.507899625853727,0.80038419270631,-3.10550403816788,-3.18940233898876,0.0838983008208771
"US-Myb",2019,8,"Freshwater","WUE_ET_minus_WUE_E",0.663415561816671,0.630603355962425,-0.838419960289044,-3.32286708508967,-3.68089332238665,0.35802623729698
"US-Myb",2019,9,"Freshwater","WUE_ET_minus_WUE_E",0.558019270499103,0.0234545634838582,0.144614704761146,-1.9888669211118,-2.0633205006168,0.0744535795050001
"US-Myb",2020,5,"Freshwater","WUE_ET_minus_WUE_E",0.531904347228529,-0.126983786207453,-0.169981723962008,-1.58486834398275,-1.82030487126012,0.235436527277378
"US-Myb",2020,7,"Freshwater","WUE_ET_minus_WUE_E",0.647325051996091,0.53791191980464,-0.126169800983148,-3.53697152915338,-3.31492320218982,-0.222048326963561
"US-Myb",2020,9,"Freshwater","WUE_ET_minus_WUE_E",0.588041768402322,0.196402995741376,-0.896289573414449,-2.91227416472215,-2.39934733167437,-0.512926833047784
"US-Myb",2021,7,"Freshwater","WUE_ET_minus_WUE_E",0.702356729554912,0.854928924484943,-0.800991478562627,-4.85257261789784,-4.6223675893311,-0.230205028566743
"US-Myb",2021,8,"Freshwater","WUE_ET_minus_WUE_E",0.668846834383636,0.66189089501557,0.483892043910743,-4.10321051197364,-3.80229291200708,-0.300917599966561
"US-Myb",2021,9,"Freshwater","WUE_ET_minus_WUE_E",0.589475820138483,0.204664033858346,-0.462879839872573,-2.39103425011298,-2.41714293076549,0.026108680652503
"US-Myb",2022,6,"Freshwater","WUE_ET_minus_WUE_E",0.668594549232492,0.660437574192201,-0.793528127154536,-3.63278386822965,-3.73713346265837,0.104349594428712
"US-Myb",2022,8,"Freshwater","WUE_ET_minus_WUE_E",0.669312838901725,0.66457537353858,-0.495748891486527,-3.90749641011899,-3.81292686750957,-0.0945695426094186
"US-Myb",2022,9,"Freshwater","WUE_ET_minus_WUE_E",0.552804415978452,-0.0065862717825791,-0.282926593624064,-1.64476993805187,-2.01091905350314,0.366149115451264
"US-Myb",2022,10,"Freshwater","WUE_ET_minus_WUE_E",0.614167235335529,0.346902083547433,-0.316311140246945,-3.01854144064916,-2.7571781566188,-0.261363284030357
"US-Myb",2023,8,"Freshwater","WUE_ET_minus_WUE_E",0.69235165604774,0.797293421161251,-0.365183668005962,-4.68727342067089,-4.3820472047713,-0.305226215899594
"US-Myb",2024,5,"Freshwater","WUE_ET_minus_WUE_E",0.569243605697298,0.0881137794464509,0.460864850300177,-1.99509966668575,-2.18781059466882,0.192710927983073
"US-Myb",2024,6,"Freshwater","WUE_ET_minus_WUE_E",0.657593760475582,0.597066126045656,-0.442553510335918,-3.21851516518687,-3.49649752822614,0.277982363039278
"US-Myb",2024,8,"Freshwater","WUE_ET_minus_WUE_E",0.703944528081233,0.86407564061607,0.141908774458449,-4.33093842333577,-4.70048979877261,0.369551375436838
"US-Myb",2024,9,"Freshwater","WUE_ET_minus_WUE_E",0.639456508061014,0.49258416785982,0.0935548864636732,-3.37308115455268,-3.17518805015709,-0.197893104395593
"US-Myb",2025,5,"Freshwater","WUE_ET_minus_WUE_E",0.666823497481104,0.650235204461445,-0.514940813009019,-4.22121156274241,-3.73835789607486,-0.482853666667551
"US-Myb",2025,6,"Freshwater","WUE_ET_minus_WUE_E",0.715988023266224,0.933453732267856,0.55071964765448,-5.77653049280664,-4.9939352902196,-0.782595202587036
"US-Myb",2025,8,"Freshwater","WUE_ET_minus_WUE_E",0.688047282408699,0.772497527257865,-0.202616057635113,-4.14242546816359,-4.26924193752601,0.126816469362415
"US-NC4",2009,4,"Freshwater","WUE_ET_minus_WUE_E",0.629650396927691,0.436094812692965,-0.76745307925348,-2.94207221330251,-3.28932981505522,0.347257601752708
"US-NC4",2009,5,"Freshwater","WUE_ET_minus_WUE_E",0.706688417802679,0.879882167679251,0.555671520647344,-5.89486254471143,-5.04618069763118,-0.84868184708025
"US-NC4",2009,6,"Freshwater","WUE_ET_minus_WUE_E",0.779319227355578,1.29828121915928,-0.692500787999132,-9.68334907860442,-7.44722940676761,-2.23611967183681
"US-NC4",2009,7,"Freshwater","WUE_ET_minus_WUE_E",0.685641433361676,0.75863832665863,-0.152450516970303,-5.33666768519758,-4.45963201621041,-0.877035668987169
"US-NC4",2009,8,"Freshwater","WUE_ET_minus_WUE_E",0.740046439465795,1.07204531041461,0.904984692588811,-6.88110391920004,-6.10623668059664,-0.774867238603401
"US-NC4",2009,9,"Freshwater","WUE_ET_minus_WUE_E",0.630836841125085,0.442929475969875,0.203324519299167,-3.16410619837627,-3.3079571962648,0.143850997888529
"US-NC4",2010,5,"Freshwater","WUE_ET_minus_WUE_E",0.783982790269185,1.32514626873786,0.121933300843415,-9.30069712686388,-7.66414998839936,-1.63654713846452
"US-NC4",2010,6,"Freshwater","WUE_ET_minus_WUE_E",0.775319095075457,1.27523794644761,-0.99005940618672,-6.05504287294235,-7.29787996722118,1.24283709427883
"US-NC4",2010,7,"Freshwater","WUE_ET_minus_WUE_E",0.7452292236773,1.10190140057067,-0.904924148568184,-4.84884733186347,-6.24828574151843,1.39943840965496
"US-NC4",2010,8,"Freshwater","WUE_ET_minus_WUE_E",0.685809813634249,0.759608302716538,-0.475923513617607,-3.40245631231847,-4.49718322929918,1.09472691698071
"US-NC4",2011,7,"Freshwater","WUE_ET_minus_WUE_E",0.779572834849315,1.29974215750598,-0.345228048714957,-7.43951310644864,-7.48289800421856,0.0433848977699203
"US-NC4",2011,9,"Freshwater","WUE_ET_minus_WUE_E",0.615406377558906,0.354040320531175,0.819198719819916,-1.99584094271011,-3.05922435025369,1.06338340754358
"US-NC4",2012,4,"Freshwater","WUE_ET_minus_WUE_E",0.640395249268306,0.497991906437072,-0.14078022798185,-3.45095190126042,-3.47943146571282,0.0284795644523994
"US-NC4",2012,6,"Freshwater","WUE_ET_minus_WUE_E",0.745044594601339,1.1008378212063,-0.596137285736881,-6.38674140825717,-6.21582711621939,-0.170914292037777
"US-NC4",2012,7,"Freshwater","WUE_ET_minus_WUE_E",0.722227579685793,0.969397493650584,0.746625144416663,-5.74803674174427,-5.49680744302855,-0.251229298715717
"US-NC4",2013,4,"Freshwater","WUE_ET_minus_WUE_E",0.581332108698479,0.15775114436972,0.550266614184416,-1.96082372080402,-2.60541579545576,0.644592074651746
"US-NC4",2013,5,"Freshwater","WUE_ET_minus_WUE_E",0.706052460162372,0.876218652497143,-0.603845961140834,-5.39987078002729,-5.02789491347796,-0.371975866549333
"US-NC4",2013,7,"Freshwater","WUE_ET_minus_WUE_E",0.718172110439707,0.946035445281389,-0.467319225677031,-4.40260102072578,-5.3718192524757,0.969218231749918
"US-NC4",2013,8,"Freshwater","WUE_ET_minus_WUE_E",0.67949153421309,0.723211047432286,0.197375546797607,-5.28618238388145,-4.33926030533024,-0.946922078551208
"US-NC4",2014,5,"Freshwater","WUE_ET_minus_WUE_E",0.697457083471217,0.826703887663446,-0.647469268738909,-4.93817693961797,-4.78691695664541,-0.151259982972556
"US-NC4",2014,6,"Freshwater","WUE_ET_minus_WUE_E",0.699546484939798,0.838740151585003,-0.509422722041432,-6.28484746863755,-4.80317777579948,-1.48166969283807
"US-NC4",2014,7,"Freshwater","WUE_ET_minus_WUE_E",0.574692806521554,0.119504596514684,0.430413239706745,-2.72801671068551,-2.51849679201573,-0.209519918669782
"US-NC4",2014,8,"Freshwater","WUE_ET_minus_WUE_E",0.606498007621486,0.302722518141333,-0.0810771049149505,-3.87930921238735,-2.95314839471272,-0.926160817674633
"US-NC4",2015,4,"Freshwater","WUE_ET_minus_WUE_E",0.590271439602137,0.209247301358477,0.416194999967762,-3.94846424599549,-2.71408672017439,-1.2343775258211
"US-NC4",2015,7,"Freshwater","WUE_ET_minus_WUE_E",0.714662957003079,0.925820518882778,-0.498324519751908,-7.4607634996893,-5.26560488438134,-2.19515861530795
"US-NC4",2015,8,"Freshwater","WUE_ET_minus_WUE_E",0.7629712970429,1.20410687939091,-0.49453104203057,-8.35797861166204,-6.90490911071756,-1.45306950094448
"US-NC4",2015,9,"Freshwater","WUE_ET_minus_WUE_E",0.637127482708529,0.479167519961346,0.884163135768123,-4.0226780783571,-3.41833239322064,-0.604345685136464
"US-NC4",2016,4,"Freshwater","WUE_ET_minus_WUE_E",0.675618554970756,0.700900256028887,-0.0908503236986653,-2.94758580530201,-4.2227729202385,1.27518711493649
"US-NC4",2016,6,"Freshwater","WUE_ET_minus_WUE_E",0.800581331658194,1.42076428560789,0.350086850120997,-7.61846824438969,-8.25981276368225,0.641344519292559
"US-NC4",2016,7,"Freshwater","WUE_ET_minus_WUE_E",0.778741706298186,1.29495433537387,0.710556876977628,-5.42532901666518,-7.45174664279526,2.02641762613007
"US-NC4",2016,8,"Freshwater","WUE_ET_minus_WUE_E",0.717383063176947,0.941490037783607,-0.107281926322347,-4.45063560507448,-5.38103791153022,0.930402306455736
"US-NC4",2017,4,"Freshwater","WUE_ET_minus_WUE_E",0.764150351368091,1.21089897236551,-0.0053822522180712,-7.95761728690966,-6.92464267256884,-1.03297461434082
"US-NC4",2017,5,"Freshwater","WUE_ET_minus_WUE_E",0.830945854276102,1.59568299490196,0.926370358945987,-11.8548765245182,-9.49963807641096,-2.35523844810725
"US-NC4",2017,6,"Freshwater","WUE_ET_minus_WUE_E",0.805204086591615,1.44739425560649,-0.247391014084753,-11.0910000282917,-8.43994199572991,-2.65105803256177
"US-NC4",2017,7,"Freshwater","WUE_ET_minus_WUE_E",0.814009776395497,1.49812055597753,0.995272384693021,-11.0690826554471,-8.81187525847072,-2.25720739697635
"US-NC4",2017,9,"Freshwater","WUE_ET_minus_WUE_E",0.790131497229497,1.36056668021144,-0.307491679959381,-9.08613372076552,-7.89182059391883,-1.19431312684669
"US-NC4",2018,4,"Freshwater","WUE_ET_minus_WUE_E",0.664311462145321,0.635764304188604,0.652548096338196,-2.39787719621317,-3.96314467563647,1.5652674794233
"US-NC4",2018,6,"Freshwater","WUE_ET_minus_WUE_E",0.81044824445745,1.47760389653413,-0.765952818546407,-5.99966439517067,-8.64547858927527,2.64581419410461
"US-NC4",2018,8,"Freshwater","WUE_ET_minus_WUE_E",0.768751113373145,1.23740224929234,-0.404042650098663,-3.95878409435875,-7.11495658667239,3.15617249231364
"US-NC4",2018,9,"Freshwater","WUE_ET_minus_WUE_E",0.751596401170701,1.13858033944308,0.235524399709963,-3.87623555139428,-6.47683877834545,2.60060322695117
"US-NC4",2019,5,"Freshwater","WUE_ET_minus_WUE_E",0.815172678098914,1.50481959971213,-0.482836798734562,-8.32770061581189,-8.87286609806248,0.54516548225059
"US-NC4",2019,6,"Freshwater","WUE_ET_minus_WUE_E",0.807542847234043,1.46086698488563,-0.398388368194685,-7.2118418838025,-8.53145763131135,1.31961574750885
"US-NC4",2019,8,"Freshwater","WUE_ET_minus_WUE_E",0.800419042726188,1.41982939949503,0.313865926291291,-4.36631598247973,-8.31292521849185,3.94660923601212
"US-NC4",2020,9,"Freshwater","WUE_ET_minus_WUE_E",0.65309118382151,0.571128458368857,0.360047770534807,-2.62252508964981,-3.72381743437433,1.10129234472452
"US-NC4",2021,6,"Freshwater","WUE_ET_minus_WUE_E",0.758413204777144,1.17784940694513,0.916782143670982,-6.81135158113929,-6.68213306497983,-0.129218516159455
"US-NC4",2021,7,"Freshwater","WUE_ET_minus_WUE_E",0.836231898288309,1.62613392632354,-0.767447614650189,-9.87259903385435,-9.69602571015688,-0.176573323697474
"US-NC4",2021,8,"Freshwater","WUE_ET_minus_WUE_E",0.818759210337004,1.5254802765758,0.395046234469292,-8.16799546733835,-9.03287852115747,0.864883053819122
"US-NC4",2025,5,"Freshwater","WUE_ET_minus_WUE_E",0.778017990412673,1.29078527761583,0.659704933201805,-6.84549735060784,-7.43976046938573,0.594263118777886
"US-NC4",2025,6,"Freshwater","WUE_ET_minus_WUE_E",0.792053711557583,1.37163984126476,0.263743545996778,-8.88298839950357,-7.93049203621175,-0.952496363291824
"US-NC4",2025,7,"Freshwater","WUE_ET_minus_WUE_E",0.743999600717992,1.09481800052296,-0.192350725992654,-6.14358391267558,-6.20639774711602,0.0628138344404432
"US-NC4",2025,9,"Freshwater","WUE_ET_minus_WUE_E",0.714371543980842,0.924141796962379,-0.863522877909886,-4.42877033085874,-5.26568112872727,0.836910797868529
"US-NGC",2017,7,"Upland","WUE_ET_minus_WUE_E",0.702158411535352,0.853786488213259,-0.0483442685829113,-5.51175124182789,-6.0621003187275,0.550349076899615
"US-NGC",2017,8,"Upland","WUE_ET_minus_WUE_E",0.52407885962309,-0.172063506668224,-0.382187437693883,-2.57248697974524,-2.88583493663722,0.31334795689198
"US-NGC",2018,6,"Upland","WUE_ET_minus_WUE_E",0.344875087150209,-1.20438971762265,-0.81104689621122,-1.14484836410109,-1.22054275797667,0.075694393875581
"US-NGC",2018,7,"Upland","WUE_ET_minus_WUE_E",0.53269276557872,-0.122442001640819,-0.658710103776911,-3.14409917614634,-2.9871197466067,-0.156979429539639
"US-NGC",2018,8,"Upland","WUE_ET_minus_WUE_E",0.50199585789888,-0.299275457521011,0.0238334856021237,-2.5735725868234,-2.55216277709198,-0.0214098097314155
"US-NGC",2019,6,"Upland","WUE_ET_minus_WUE_E",0.36489479451943,-1.08906363733038,-0.217599802263416,-1.13183001795025,-1.26596520599563,0.13413518804538
"US-NGC",2019,7,"Upland","WUE_ET_minus_WUE_E",0.453669909930886,-0.577663250747459,0.274406818308432,-2.39391223794596,-1.89143978156828,-0.502472456377677
"US-NGC",2019,8,"Upland","WUE_ET_minus_WUE_E",0.412374238068852,-0.815552240883547,0.815449170543266,-2.08572037773525,-1.55268575521468,-0.533034622520567
"US-NGC",2020,8,"Upland","WUE_ET_minus_WUE_E",0.375027599484884,-1.0306923206333,-0.919723360376473,-1.06084504263678,-1.3581188900594,0.297273847422612
"US-NGC",2021,8,"Upland","WUE_ET_minus_WUE_E",0.37206577632819,-1.04775428107461,0.46716406836993,-1.39522567628799,-1.34777738348934,-0.0474482927986513
"US-NGC",2022,6,"Upland","WUE_ET_minus_WUE_E",0.284256032328856,-1.55359352238538,-0.489665923191463,-0.606049134596934,-1.16231867093797,0.556269536341032
"US-NGC",2022,7,"Upland","WUE_ET_minus_WUE_E",0.329648176404506,-1.29210628105064,0.974982407529223,-1.05959904165426,-1.22505622997917,0.16545718832491
"US-NGC",2022,8,"Upland","WUE_ET_minus_WUE_E",0.253684260711464,-1.72970611600125,-0.107615715836361,-0.799713083146786,-1.19102207717961,0.391308994032828
"US-ONA",2016,4,"Upland","WUE_ET_minus_WUE_E",0.440575722840389,-0.65309398726673,-0.773486369384111,-1.80045620810778,-1.36347519894507,-0.436981009162706
"US-ONA",2016,6,"Upland","WUE_ET_minus_WUE_E",0.447698703712614,-0.612061146534326,0.517584938914397,-1.44939387892117,-1.39894325019366,-0.0504506287275124
"US-ONA",2016,9,"Upland","WUE_ET_minus_WUE_E",0.554673496893401,0.00418080746062621,0.263702183620961,-2.51386817695199,-2.94247011388494,0.428601936932959
"US-ONA",2017,7,"Upland","WUE_ET_minus_WUE_E",0.533744839378377,-0.116381396195648,0.669834884204176,-1.92018665876118,-2.60143330847006,0.68124664970888
"US-ONA",2017,8,"Upland","WUE_ET_minus_WUE_E",0.544939524800025,-0.0518929815563543,0.210783120717094,-2.00584716577583,-2.8118405109327,0.805993345156867
"US-ONA",2018,3,"Upland","WUE_ET_minus_WUE_E",0.348108519969352,-1.18576311504336,-0.834841215681908,-1.1453083818746,-0.856611246640336,-0.288697135234269
"US-ONA",2018,4,"Upland","WUE_ET_minus_WUE_E",0.318668150321345,-1.35535812316421,-0.355461568036514,-0.992443765531484,-0.822174907254848,-0.170268858276637
"US-ONA",2018,6,"Upland","WUE_ET_minus_WUE_E",0.542067023247873,-0.0684403934906792,-0.174207120613592,-2.05154502849337,-2.70680965279907,0.6552646243057
"US-ONA",2018,7,"Upland","WUE_ET_minus_WUE_E",0.448639938344489,-0.606639044266423,0.61012840261594,-1.43625920600072,-1.43498266749717,-0.00127653850355181
"US-ONA",2018,8,"Upland","WUE_ET_minus_WUE_E",0.496971201346298,-0.32822063310909,0.0504259606020227,-1.68788253448046,-2.07714029325632,0.389257758775859
"US-ONA",2018,9,"Upland","WUE_ET_minus_WUE_E",0.608410353269139,0.31373882940105,-0.655525339872255,-2.72616931082307,-3.80235499711717,1.0761856862941
"US-ONA",2019,3,"Upland","WUE_ET_minus_WUE_E",0.388298340330588,-0.954244523665871,-0.124026821355731,-1.36738418067264,-0.983825407267898,-0.383558773404739
"US-ONA",2019,4,"Upland","WUE_ET_minus_WUE_E",0.491900449982464,-0.35743134374249,-0.338060236836321,-1.95756565173925,-1.98229451206001,0.0247288603207561
"US-ONA",2019,5,"Upland","WUE_ET_minus_WUE_E",0.344074379606142,-1.20900229565961,0.344940451945156,-0.659058015578425,-0.858190438838005,0.19913242325958
"US-ONA",2019,6,"Upland","WUE_ET_minus_WUE_E",0.472845558404381,-0.467199479488216,0.553285864000229,-1.31953150564191,-1.69062254360285,0.371091037960937
"US-ONA",2019,7,"Upland","WUE_ET_minus_WUE_E",0.566423515206338,0.0718682881216414,0.909639558852039,-2.56935014702125,-3.12130677290841,0.551956625887162
"US-ONA",2020,4,"Upland","WUE_ET_minus_WUE_E",0.376682455197272,-1.02115931302039,0.959509490941708,-1.27345356252475,-0.939098195158215,-0.334355367366539
"US-ONA",2020,5,"Upland","WUE_ET_minus_WUE_E",0.511925307503704,-0.242075595341978,0.884292409082256,-1.93215109812736,-2.2793505868579,0.347199488730543
"US-ONA",2020,6,"Upland","WUE_ET_minus_WUE_E",0.536978065629151,-0.0977559835798233,-0.437037089289287,-2.34705871195007,-2.62625042285671,0.279191710906647
"US-ONA",2020,7,"Upland","WUE_ET_minus_WUE_E",0.394412023614171,-0.919025870553687,-0.946552567227584,-1.34078569008997,-1.0078897140087,-0.332895976081269
"US-ONA",2020,8,"Upland","WUE_ET_minus_WUE_E",0.587618767837957,0.193966246984267,-0.254394623524337,-2.76845154943306,-3.49300555132841,0.724554001895354
"US-ONA",2020,9,"Upland","WUE_ET_minus_WUE_E",0.543694373463799,-0.0590658348018704,0.181306349708703,-2.19977514721822,-2.767612755878,0.567837608659775
"US-ONA",2021,3,"Upland","WUE_ET_minus_WUE_E",0.415403649833876,-0.798100927634652,-0.960242711031908,-1.85836839731447,-1.14500801310016,-0.713360384214308
"US-ONA",2021,4,"Upland","WUE_ET_minus_WUE_E",0.524379062567475,-0.170334149279045,0.600091019968684,-2.05992411649901,-2.46540187733863,0.405477760839623
"US-ONA",2021,6,"Upland","WUE_ET_minus_WUE_E",0.413630144820694,-0.808317429693189,-0.535439756424377,-1.08332697269438,-1.09984924217864,0.0165222694842597
"US-ONA",2021,7,"Upland","WUE_ET_minus_WUE_E",0.573232083211581,0.111089913391511,0.558724289805986,-2.58488037422033,-3.23005240112488,0.645172026904552
"US-ONA",2021,8,"Upland","WUE_ET_minus_WUE_E",0.531942868647441,-0.126761878655633,-0.602558947329198,-1.87790769422651,-2.60636651627348,0.728458822046968
"US-ONA",2021,9,"Upland","WUE_ET_minus_WUE_E",0.5305512653868,-0.134778386909816,0.091452834490193,-1.76365800200297,-2.56009196643315,0.796433964430185
"US-ONA",2022,3,"Upland","WUE_ET_minus_WUE_E",0.353998027502901,-1.15183585496061,-0.394314580917964,-1.32450019781746,-0.868638774797666,-0.455861423019793
"US-ONA",2022,5,"Upland","WUE_ET_minus_WUE_E",0.357618564757723,-1.13097928785651,0.203836876246659,-0.925548713403919,-0.885790883080794,-0.0397578303231245
"US-ONA",2022,6,"Upland","WUE_ET_minus_WUE_E",0.491993393261858,-0.356895932115122,-0.546141633102847,-1.38354899005098,-1.94704120310332,0.563492213052335
"US-ONA",2022,8,"Upland","WUE_ET_minus_WUE_E",0.414559580449983,-0.802963297086099,-0.285651547457617,-0.889241032528521,-1.16588880138096,0.276647768852434
"US-OPE",2022,7,"Upland","WUE_ET_minus_WUE_E",0.595961104740894,0.242023343811384,0.348322956474856,-6.93416280560935,-4.75355780330201,-2.18060500230733
"US-OPE",2022,8,"Upland","WUE_ET_minus_WUE_E",0.626477432737128,0.417816547368873,-0.571637207526182,-7.89608032830985,-5.28537026307738,-2.61071006523247
"US-OPE",2022,9,"Upland","WUE_ET_minus_WUE_E",0.510323526411147,-0.251302859831114,-0.359893096836935,-4.29728090443617,-3.40938896504665,-0.887891939389523
"US-PAS",2021,7,"Upland","WUE_ET_minus_WUE_E",0.608189973990348,0.312469306428918,0.543499750891987,-5.95863323093365,-4.47231294092007,-1.48632029001358
"US-PAS",2021,8,"Upland","WUE_ET_minus_WUE_E",0.524100959835989,-0.171936195570203,-0.625169689861716,-3.70010674556361,-3.16629032459003,-0.533816420973575
"US-PAS",2021,9,"Upland","WUE_ET_minus_WUE_E",0.462656639145466,-0.525894049737113,0.110954394177768,-2.53566061530682,-2.28303531955793,-0.252625295748888
"US-PAS",2021,10,"Upland","WUE_ET_minus_WUE_E",0.400838580022352,-0.882004871861561,-0.536451985795847,-1.62102321066416,-1.73668709170918,0.115663881045019
"US-PAS",2022,5,"Upland","WUE_ET_minus_WUE_E",0.660588294252394,0.61431652019045,0.25054135316527,-5.68002894008296,-5.40784664213606,-0.272182297946905
"US-PAS",2022,6,"Upland","WUE_ET_minus_WUE_E",0.685988812029405,0.760639445825237,-0.524005925823692,-7.14717495157483,-5.91372752066275,-1.23344743091209
"US-PAS",2022,8,"Upland","WUE_ET_minus_WUE_E",0.61800240655602,0.368995077013906,-0.178152844842796,-5.01645232370919,-4.66592850499625,-0.350523818712934
"US-PAS",2022,10,"Upland","WUE_ET_minus_WUE_E",0.549677348611401,-0.0246001425950116,-0.924656680391361,-3.44193342965471,-3.54720136585569,0.105267936200977
"US-PHM",2013,7,"Saline","WUE_ET_minus_WUE_E",0.735927795410911,1.04831933549356,0.753374635110776,-6.78044074612219,-4.33896361617262,-2.44147712994957
"US-PHM",2013,8,"Saline","WUE_ET_minus_WUE_E",0.694794742732345,0.811367133926048,-0.396780711849209,-4.36820311733206,-3.85311245723041,-0.515090660101651
"US-PHM",2013,9,"Saline","WUE_ET_minus_WUE_E",0.630093473099045,0.43864720954726,-0.090529213030318,-2.72474080121959,-3.055632497092,0.330891695872413
"US-PHM",2014,6,"Saline","WUE_ET_minus_WUE_E",0.58529753342273,0.180594479774562,-0.691523060008575,-2.03417991237396,-2.55472305903017,0.520543146656205
"US-PHM",2015,7,"Saline","WUE_ET_minus_WUE_E",0.73862677892695,1.06386717462715,0.0341860154698185,-6.04164765905553,-4.37316833049232,-1.6684793285632
"US-PHM",2015,8,"Saline","WUE_ET_minus_WUE_E",0.723081339276092,0.97431568477322,-0.630256148013238,-4.68232129045464,-4.20946196470612,-0.47285932574852
"US-PHM",2015,9,"Saline","WUE_ET_minus_WUE_E",0.579349523270883,0.14633020788986,0.070227928201088,-2.03260472989617,-2.53329633303529,0.500691603139118
"US-PHM",2016,9,"Saline","WUE_ET_minus_WUE_E",0.627851635329357,0.425732816851058,-0.454957001862843,-2.05782490057441,-3.0306896290037,0.972864728429291
"US-PHM",2017,6,"Saline","WUE_ET_minus_WUE_E",0.711455925719985,0.907346005722684,0.0528305249581178,-4.30327013341162,-4.00306369308692,-0.300206440324702
"US-PHM",2017,7,"Saline","WUE_ET_minus_WUE_E",0.757715218126484,1.1738285657294,0.780585566739851,-6.99149175010879,-4.61483636441176,-2.37665538569703
"US-PHM",2017,8,"Saline","WUE_ET_minus_WUE_E",0.681536810645166,0.734993123447449,-0.168233413155457,-4.25632193953208,-3.68838073339449,-0.567941206137597
"US-PHM",2017,9,"Saline","WUE_ET_minus_WUE_E",0.608157551264333,0.312282531176176,0.136914717808069,-2.76658330849106,-2.81864977714752,0.0520664686564603
"US-PHM",2018,6,"Saline","WUE_ET_minus_WUE_E",0.63285585532709,0.454560265055719,0.19601030433281,-2.42506338722506,-3.05160827973897,0.626544892513913
"US-PHM",2018,7,"Saline","WUE_ET_minus_WUE_E",0.656058089659177,0.588219698242846,-0.0229787131293441,-2.94585519239522,-3.34622631875449,0.400371126359276
"US-PHM",2018,8,"Saline","WUE_ET_minus_WUE_E",0.664057000439812,0.634298445045927,0.427515177412793,-3.13647737265762,-3.47512213147246,0.338644758814837
"US-PHM",2019,5,"Saline","WUE_ET_minus_WUE_E",0.63389385731996,0.460539808061293,0.260014657339107,-3.71749685667341,-3.10455054257881,-0.6129463140946
"US-PHM",2019,6,"Saline","WUE_ET_minus_WUE_E",0.718326731666872,0.94692616060155,0.560590645073894,-4.74043758560444,-4.08987608945887,-0.650561496145572
"US-PHM",2020,6,"Saline","WUE_ET_minus_WUE_E",0.657127493742939,0.594380137002223,0.299875185917807,-2.96995925845443,-3.33277316569554,0.362813907241108
"US-PHM",2020,7,"Saline","WUE_ET_minus_WUE_E",0.700872252537021,0.846377405094582,-0.977571556459693,-4.45385663158723,-3.89598486562824,-0.557871765958984
"US-RRC",2022,6,"Freshwater","WUE_ET_minus_WUE_E",0.8980402810128,1.9821890063183,-0.512992351082106,-14.3335060189241,-12.200342497434,-2.1331635214901
"US-RRC",2022,7,"Freshwater","WUE_ET_minus_WUE_E",0.867982901948103,1.80903963667668,-0.342150694437612,-14.1470132328329,-11.0110492489129,-3.13596398392005
"US-RRC",2022,8,"Freshwater","WUE_ET_minus_WUE_E",0.878171459774351,1.86773212484655,-0.621368248934707,-14.2522149686286,-11.4561585696816,-2.79605639894701
"US-RRC",2022,9,"Freshwater","WUE_ET_minus_WUE_E",0.792832738901412,1.37612752774026,-0.615695418178767,-6.73187797319836,-8.03168458754102,1.29980661434266
"US-RRC",2023,5,"Freshwater","WUE_ET_minus_WUE_E",0.810165318841943,1.47597406740382,-0.602685002239197,-6.58905896170614,-8.71192226372525,2.1228633020191
"US-RRC",2023,6,"Freshwater","WUE_ET_minus_WUE_E",0.881998110653773,1.88977603580048,0.596543035999739,-12.5078760994368,-11.5514873293551,-0.956388770081652
"US-RRC",2023,7,"Freshwater","WUE_ET_minus_WUE_E",0.880826688665485,1.88302790987706,0.208500918410467,-12.5732012969034,-11.5302716521747,-1.04292964472866
"US-RRC",2023,8,"Freshwater","WUE_ET_minus_WUE_E",0.856867205399105,1.7450062475231,0.200909653487162,-10.2382120113423,-10.5955121027957,0.357300091453327
"US-RRC",2023,9,"Freshwater","WUE_ET_minus_WUE_E",0.873708565192682,1.8420230508142,0.323405572040528,-8.1691282867303,-11.2512739605931,3.08214567386277
"US-RRC",2024,8,"Freshwater","WUE_ET_minus_WUE_E",0.847840086386119,1.69300437592232,0.447894163667255,-11.4365050589088,-10.2317728196316,-1.20473223927715
"US-RRC",2025,4,"Freshwater","WUE_ET_minus_WUE_E",0.701795399768214,0.851695312581571,-0.339076876950043,-1.5562967968566,-4.93871732095839,3.38242052410179
"US-RRC",2025,6,"Freshwater","WUE_ET_minus_WUE_E",0.831053715486789,1.59630434317717,-0.230081253349405,-9.96648258818541,-9.49900354024448,-0.467479047940923
"US-RRC",2025,9,"Freshwater","WUE_ET_minus_WUE_E",0.88872360257865,1.92851909070276,-0.002806869816008,-10.0663113294209,-11.8584694502177,1.79215812079675
"US-SCg",2006,3,"Upland","WUE_ET_minus_WUE_E",0.512440693796188,-0.239106646802804,0.719425282602969,-4.28716568381458,-3.21009909639693,-1.07706658741765
"US-SCg",2006,4,"Upland","WUE_ET_minus_WUE_E",0.732821942130614,1.03042767113636,0.965180348627566,-9.34444504731362,-7.49849522648381,-1.84594982082981
"US-SCg",2007,2,"Upland","WUE_ET_minus_WUE_E",0.203373855227317,-2.01952563011271,-0.576209694585762,-0.392768659936867,-1.59311178293083,1.20034312299396
"US-SCg",2008,2,"Upland","WUE_ET_minus_WUE_E",0.404052047006461,-0.863493285024101,0.158153243469307,-2.91485804914402,-2.00080204466908,-0.914056004474947
"US-SCg",2009,2,"Upland","WUE_ET_minus_WUE_E",0.519865490813385,-0.196335155633284,0.321817684503417,-3.50248890219693,-3.32334740252157,-0.179141499675368
"US-SCg",2009,4,"Upland","WUE_ET_minus_WUE_E",0.345152597517343,-1.20279108372197,-0.44709241555648,-1.42488126349013,-1.78712567480001,0.362244411309885
"US-SCg",2010,2,"Upland","WUE_ET_minus_WUE_E",0.310051345150377,-1.40499632949172,0.349672659363397,-1.20285710094958,-1.74284576656819,0.539988665618608
"US-SCg",2010,3,"Upland","WUE_ET_minus_WUE_E",0.561992006578333,0.046340016882527,-0.756642837492456,-3.2865068080842,-3.98857988720115,0.702073079116949
"US-SCg",2010,4,"Upland","WUE_ET_minus_WUE_E",0.643480140440017,0.515762815891457,0.85679450466871,-6.78962702649717,-5.32984653408188,-1.4597804924153
"US-SCg",2010,5,"Upland","WUE_ET_minus_WUE_E",0.576622603346916,0.130621437511653,-0.460654628499303,-3.33520579537292,-4.23105901659357,0.895853221220653
"US-SCg",2011,2,"Upland","WUE_ET_minus_WUE_E",0.211678828704081,-1.97168377007238,0.130653143963214,-0.762159954448046,-1.61443757313632,0.852277618688271
"US-SCg",2011,3,"Upland","WUE_ET_minus_WUE_E",0.5871609847091,0.191329128823581,0.518645947989902,-4.24466058276913,-4.39049865435019,0.145838071581066
"US-SCg",2011,4,"Upland","WUE_ET_minus_WUE_E",0.61976405365304,0.379143270032446,-0.0109446321283899,-4.65961022435565,-4.92162761047044,0.262017386114785
"US-SCg",2011,5,"Upland","WUE_ET_minus_WUE_E",0.389824958201885,-0.945450246509175,0.58631846144122,-0.361036248101179,-1.93167343589674,1.57063718779556
"US-SCg",2012,2,"Upland","WUE_ET_minus_WUE_E",0.126296598884235,-2.46353900602229,-0.984552600512211,-0.222094154988709,-1.33458342226597,1.11248926727726
"US-SCg",2012,3,"Upland","WUE_ET_minus_WUE_E",0.117514793369758,-2.5141277178948,0.334595281331062,-0.268633702078721,-1.30170563596752,1.0330719338888
"US-SCg",2012,4,"Upland","WUE_ET_minus_WUE_E",0.248983336290115,-1.75678639131526,0.744823125043483,-0.454747573730514,-1.69121075711061,1.23646318338009
"US-SCg",2013,3,"Upland","WUE_ET_minus_WUE_E",0.200886537209054,-2.03385414312222,-0.425606014016843,-0.6946085949261,-1.5863583400482,0.8917497451221
"US-SCg",2014,3,"Upland","WUE_ET_minus_WUE_E",0.123947229692437,-2.47707284720451,-0.601005292107604,-0.33426990344865,-1.32578330044587,0.991513396997218
"US-SCg",2014,4,"Upland","WUE_ET_minus_WUE_E",0.129674138279692,-2.44408225911151,-0.244992681606176,-0.270782837524549,-1.35126005481735,1.0804772172928
"US-SCg",2016,3,"Upland","WUE_ET_minus_WUE_E",0.529836072184268,-0.138898348664427,-0.113268098480068,-2.63174318081202,-3.47813752520803,0.84639434439601
"US-SCg",2016,4,"Upland","WUE_ET_minus_WUE_E",0.120768227457935,-2.49538589545161,0.22954443588608,-0.220253998943381,-1.31800296796461,1.09774896902123
"US-SCs",2006,5,"Upland","WUE_ET_minus_WUE_E",0.615309696358059,0.353483376130041,0.552637933838003,-7.09742670726053,-5.937707422857,-1.15971928440353
"US-SCs",2006,6,"Upland","WUE_ET_minus_WUE_E",0.469368521229386,-0.487229396061282,-0.503958045314688,-2.84557327865453,-3.66361423553391,0.81804095687938
"US-SCs",2009,4,"Upland","WUE_ET_minus_WUE_E",0.255825825483036,-1.71736935871292,-0.489255620187288,-1.45358212254062,-2.78529700431448,1.33171488177385
"US-SCs",2010,3,"Upland","WUE_ET_minus_WUE_E",0.591139608872776,0.214248501284448,-0.758374693604909,-4.9754601070947,-5.53887494014356,0.563414833048862
"US-SCs",2010,5,"Upland","WUE_ET_minus_WUE_E",0.316895290512216,-1.36557090844242,-0.397163906778526,-2.32865157612749,-2.84192248703506,0.513270910907573
"US-SCs",2011,3,"Upland","WUE_ET_minus_WUE_E",0.520003697787885,-0.195538996711267,0.525771202477343,-5.29435767280951,-4.41026457544777,-0.884093097361747
"US-SCs",2011,4,"Upland","WUE_ET_minus_WUE_E",0.635017294485454,0.467011511286597,0.0034607708244613,-7.32146436570223,-6.26488099799031,-1.05658336771192
"US-SCs",2011,5,"Upland","WUE_ET_minus_WUE_E",0.510554912512948,-0.249969930649749,0.563357823524284,-4.17479325363065,-4.27530495747589,0.100511703845237
"US-SCs",2011,6,"Upland","WUE_ET_minus_WUE_E",0.394425930309168,-0.918945759261636,0.66263058701208,-2.59440349884686,-2.99839466286702,0.403991164020151
"US-SCs",2012,4,"Upland","WUE_ET_minus_WUE_E",0.290989497293502,-1.51480453776957,0.759065398023905,-1.24528485777591,-2.81819083937722,1.57290598160131
"US-SCs",2013,3,"Upland","WUE_ET_minus_WUE_E",0.229086424687351,-1.87140509091705,-0.428256254788406,-0.959910639662509,-2.73792167198899,1.77801103232648
"US-Skr",2004,2,"Saline","WUE_ET_minus_WUE_E",0.61981229506007,0.379421170816804,0.869122371539587,-3.63982782441556,-2.90384607462613,-0.735981749789426
"US-Skr",2004,4,"Saline","WUE_ET_minus_WUE_E",0.680377268337588,0.728313431941487,-0.127790188780163,-4.70142963466796,-3.61500434579571,-1.08642528887224
"US-Skr",2004,6,"Saline","WUE_ET_minus_WUE_E",0.662898670429813,0.62762573713495,-0.889522890128178,-4.3064742708997,-3.36555412633546,-0.94092014456424
"US-Skr",2004,7,"Saline","WUE_ET_minus_WUE_E",0.589208268470743,0.203122768316997,0.630432753991306,-2.59303663301509,-2.58246490033714,-0.0105717326779473
"US-Skr",2004,8,"Saline","WUE_ET_minus_WUE_E",0.624373304355125,0.405695447182304,0.932257740712666,-3.18824334286127,-2.98053104027047,-0.2077123025908
"US-Skr",2004,9,"Saline","WUE_ET_minus_WUE_E",0.657260430565258,0.595145936539741,-0.645233439794722,-3.77319517662158,-3.33310924609689,-0.440085930524686
"US-Skr",2004,10,"Saline","WUE_ET_minus_WUE_E",0.677009011139561,0.708910156314098,-0.387839198508561,-4.80202722317857,-3.57404806880333,-1.22797915437524
"US-Skr",2005,4,"Saline","WUE_ET_minus_WUE_E",0.657379933785171,0.59583435009548,-0.607036443386612,-4.83359401145924,-3.33611730601165,-1.49747670544759
"US-Skr",2005,5,"Saline","WUE_ET_minus_WUE_E",0.6543257949491,0.578240593396821,-0.246647149390119,-4.8425203618252,-3.30458132415299,-1.5379390376722
"US-Skr",2005,7,"Saline","WUE_ET_minus_WUE_E",0.618950139676868,0.37445461465723,-0.593075948049508,-3.25162267710834,-2.88820662812704,-0.363416048981303
"US-Skr",2005,8,"Saline","WUE_ET_minus_WUE_E",0.673874881546487,0.690855602646999,0.837362264129258,-3.14862120921121,-3.5580441022362,0.409422893024986
"US-Skr",2005,9,"Saline","WUE_ET_minus_WUE_E",0.78036657508799,1.30431459949069,-0.597794753280093,-5.18070053676312,-4.87304035474335,-0.307660182019767
"US-Skr",2007,2,"Saline","WUE_ET_minus_WUE_E",0.654670306487019,0.580225196096091,0.46071697548154,-3.51302672278876,-3.29987611604558,-0.213150606743182
"US-Skr",2007,3,"Saline","WUE_ET_minus_WUE_E",0.765505991626186,1.218708311152,-0.993954814121977,-4.46517490864203,-4.68331717262081,0.218142263978775
"US-Skr",2007,4,"Saline","WUE_ET_minus_WUE_E",0.744711507333053,1.09891902947083,0.565748128118812,-4.74512526916332,-4.42444741453282,-0.320677854630506
"US-Skr",2007,6,"Saline","WUE_ET_minus_WUE_E",0.688168217240276,0.773194187795374,0.581898112435908,-3.4340390702376,-3.67488173489712,0.240842664659522
"US-Skr",2007,7,"Saline","WUE_ET_minus_WUE_E",0.683860051055261,0.7483764464467,0.37560075414559,-3.53444990770534,-3.64761372893514,0.113163821229795
"US-Skr",2007,9,"Saline","WUE_ET_minus_WUE_E",0.749060103884746,1.12396967510865,0.880775185284136,-4.17574674543276,-4.47793160837263,0.302184862939869
"US-Skr",2007,10,"Saline","WUE_ET_minus_WUE_E",0.774584186618747,1.27100441245418,0.789279211181074,-4.91348864651073,-4.80234404987478,-0.111144596635951
"US-Skr",2008,3,"Saline","WUE_ET_minus_WUE_E",0.731547149590641,1.02308406595225,0.579840156355048,-4.58957921923194,-4.25351864881132,-0.336060570420623
"US-Skr",2008,4,"Saline","WUE_ET_minus_WUE_E",0.723130015763287,0.974596091892422,0.631853241666607,-4.19310587339573,-4.15100278266304,-0.0421030907326925
"US-Skr",2008,6,"Saline","WUE_ET_minus_WUE_E",0.701196941689484,0.848247818411636,0.0718216719475827,-3.49547469608402,-3.83768608254473,0.34221138646071
"US-Skr",2008,7,"Saline","WUE_ET_minus_WUE_E",0.660892817297697,0.616070764072531,0.999109661949358,-3.24335268156977,-3.36764878300797,0.1242961014382
"US-Skr",2008,9,"Saline","WUE_ET_minus_WUE_E",0.639454127823224,0.492570456196138,0.281960359684912,-2.17995538902022,-3.125209338783,0.945253949762774
"US-Skr",2008,10,"Saline","WUE_ET_minus_WUE_E",0.688818307632412,0.776939116498776,0.395969544042326,-3.19997254559954,-3.71999459867441,0.520022053074872
"US-Skr",2009,3,"Saline","WUE_ET_minus_WUE_E",0.748476942596375,1.12061030005258,0.132546311470947,-5.41140766045009,-4.46802299426059,-0.9433846661895
"US-Skr",2009,6,"Saline","WUE_ET_minus_WUE_E",0.645468128121134,0.527214872742449,0.659533316484451,-2.2332379048714,-3.15953439210264,0.926296487231236
"US-Skr",2009,7,"Saline","WUE_ET_minus_WUE_E",0.592763920745899,0.223605557211624,-0.50275006045665,-1.64827340838114,-2.61732886946279,0.969055461081656
"US-Skr",2009,8,"Saline","WUE_ET_minus_WUE_E",0.712616904809056,0.914033973991875,-0.245347394967569,-3.36157971567361,-4.04091802209368,0.679338306420068
"US-Skr",2009,9,"Saline","WUE_ET_minus_WUE_E",0.571625982632819,0.101837765950607,0.437869336035301,-1.44183174557453,-2.4258124166778,0.983980671103265
"US-Skr",2010,5,"Saline","WUE_ET_minus_WUE_E",0.781877106161704,1.31301620659605,-0.458240544956424,-6.31826146873496,-4.89830858317984,-1.41995288555512
"US-Skr",2010,6,"Saline","WUE_ET_minus_WUE_E",0.692081264920714,0.795735798552158,-0.895853301133102,-2.37933636978687,-3.72359908408243,1.34426271429555
"US-Skr",2010,7,"Saline","WUE_ET_minus_WUE_E",0.785059230835197,1.33134724205161,0.12129449195594,-4.755853786143,-4.92318714737533,0.167333361232334
"US-Skr",2010,9,"Saline","WUE_ET_minus_WUE_E",0.729541967932099,1.01153296099908,0.888702680921428,-4.16871915346737,-4.23063454070147,0.0619153872340981
"US-Skr",2010,10,"Saline","WUE_ET_minus_WUE_E",0.700088830001836,0.841864399558123,-0.895367257179555,-2.92232459993971,-3.86080976971385,0.938485169774133
"US-Skr",2011,3,"Saline","WUE_ET_minus_WUE_E",0.699626899816433,0.839203391748734,-0.51838868029618,-5.16445207756239,-3.85043092048277,-1.31402115707962
"US-Skr",2011,7,"Saline","WUE_ET_minus_WUE_E",0.557170736424241,0.0185664746100565,0.614381995655478,-1.94315505773673,-2.28951850126359,0.34636344352686
"US-Skr",2011,8,"Saline","WUE_ET_minus_WUE_E",0.683046679727163,0.743690917064995,0.767374325910628,-2.58546634735053,-3.67081333685163,1.08534698950111
"US-Skr",2011,9,"Saline","WUE_ET_minus_WUE_E",0.80285000161447,1.4338332485407,-0.38368531320254,-5.2294937066627,-5.1548771743257,-0.0746165323370089
"US-Skr",2018,4,"Saline","WUE_ET_minus_WUE_E",0.716489823858671,0.936344418647428,-0.279232315082807,-4.11180143694709,-4.06698997584014,-0.0448114611069492
"US-Skr",2018,6,"Saline","WUE_ET_minus_WUE_E",0.707178225561056,0.882703767806992,-0.925182572505908,-3.28849684435003,-3.91291041722438,0.624413572874349
"US-Skr",2019,2,"Saline","WUE_ET_minus_WUE_E",0.736081056385008,1.04920221490225,0.100347074705805,-4.53956521481516,-4.31100306724648,-0.228562147568687
"US-Skr",2019,3,"Saline","WUE_ET_minus_WUE_E",0.695121910053582,0.813251823050723,-0.254912386352397,-3.61482895422875,-3.79401520914102,0.179186254912268
"US-Skr",2019,4,"Saline","WUE_ET_minus_WUE_E",0.748639834778047,1.12154866126216,-0.716837474400658,-4.14333080342062,-4.47419702989464,0.330866226474022
"US-Skr",2019,5,"Saline","WUE_ET_minus_WUE_E",0.775398114224217,1.27569314634271,-0.511770716216986,-4.28696253399888,-4.81681364851834,0.52985111451946
"US-Skr",2019,6,"Saline","WUE_ET_minus_WUE_E",0.740806771375643,1.07642529945574,-0.624789501970539,-3.76327585274537,-4.33841830210588,0.575142449360508
"US-Skr",2019,7,"Saline","WUE_ET_minus_WUE_E",0.705710560239879,0.874249094341962,-0.903577906450602,-2.89029534621371,-3.9205872814395,1.0302919352258
"US-Skr",2019,8,"Saline","WUE_ET_minus_WUE_E",0.676589474474374,0.706493361790449,-0.248181823705272,-2.53003669920485,-3.59128558921063,1.06124889000578
"US-Skr",2019,10,"Saline","WUE_ET_minus_WUE_E",0.62055916143601,0.38372358993067,-0.324250148617982,-1.94991974758303,-2.91650347722304,0.966583729640015
"US-Skr",2020,2,"Saline","WUE_ET_minus_WUE_E",0.589031584830521,0.202104959649627,0.0515667980837974,-2.25496508533771,-2.58705917908064,0.332094093742924
"US-Skr",2020,4,"Saline","WUE_ET_minus_WUE_E",0.617441045158915,0.365761283014743,-0.612114639531355,-2.55524758956436,-2.88234547292929,0.327097883364929
"US-Skr",2020,6,"Saline","WUE_ET_minus_WUE_E",0.690431493814675,0.786232081463294,-0.49398477837519,-2.60579131227484,-3.70303857111411,1.09724725883927
"US-Skr",2020,7,"Saline","WUE_ET_minus_WUE_E",0.700893830527434,0.846501707863298,0.871999585792715,-3.10032275912731,-3.8600383913067,0.759715632179393
"US-Skr",2021,2,"Saline","WUE_ET_minus_WUE_E",0.639477815986719,0.492706914886309,-0.124414227638751,-2.93065487760924,-3.12297997264942,0.19232509504018
"US-Skr",2021,4,"Saline","WUE_ET_minus_WUE_E",0.653196620171252,0.571735837923004,-0.358422715525668,-2.61954790856787,-3.28654714076053,0.666999232192657
"US-Skr",2021,6,"Saline","WUE_ET_minus_WUE_E",0.6453921904623,0.526777424163485,0.328819176147769,-2.24117378176661,-3.15865325252334,0.917479470756723
"US-Skr",2021,9,"Saline","WUE_ET_minus_WUE_E",0.834277025547605,1.61487263231471,-0.141297928932053,-7.36375126057392,-5.54647914882538,-1.81727211174854
"US-Skr",2022,4,"Saline","WUE_ET_minus_WUE_E",0.76186895291487,1.19775668530095,-0.0499941287380263,-5.00561452771046,-4.64150873144987,-0.364105796260591
"US-Skr",2022,5,"Saline","WUE_ET_minus_WUE_E",0.766893346866687,1.2267003481438,0.475192020833223,-4.16225530489322,-4.70962925477775,0.547373949884534
"US-Skr",2022,8,"Saline","WUE_ET_minus_WUE_E",0.777136697591775,1.28570847780305,-0.884844072398366,-4.07901233313203,-4.85685960258069,0.777847269448663
"US-Skr",2022,10,"Saline","WUE_ET_minus_WUE_E",0.73837131697834,1.06239555345639,-0.272496957925324,-3.66114795945373,-4.34458736518214,0.683439405728413
"US-Slt",2005,5,"Upland","WUE_ET_minus_WUE_E",0.743505211834282,1.09197001023784,-0.615868148656485,-7.35367485760802,-7.2306154495746,-0.123059408033423
"US-Slt",2005,6,"Upland","WUE_ET_minus_WUE_E",0.818427658489642,1.52357032982859,-0.134825146387107,-12.8044646528453,-10.1492076811753,-2.65525697166994
"US-Slt",2005,7,"Upland","WUE_ET_minus_WUE_E",0.840639624603842,1.65152519651529,-0.607707786088264,-13.5002957713463,-11.1497961185357,-2.35049965281061
"US-Slt",2006,5,"Upland","WUE_ET_minus_WUE_E",0.808280771679528,1.46511789286745,-0.880321285793,-10.8529089339368,-9.75414046925566,-1.09876846468112
"US-Slt",2006,6,"Upland","WUE_ET_minus_WUE_E",0.834624284834222,1.61687306377117,0.8313048672139,-13.6628368310401,-10.8577360178382,-2.80510081320182
"US-Slt",2006,7,"Upland","WUE_ET_minus_WUE_E",0.85660508893503,1.7434962921664,-0.0239641013677031,-15.4778613212979,-11.8602313669989,-3.61762995429898
"US-Slt",2007,7,"Upland","WUE_ET_minus_WUE_E",0.638214616774214,0.485430094545249,0.198309411349725,-3.00202097196819,-4.5989435781098,1.59692260614161
"US-Slt",2007,8,"Upland","WUE_ET_minus_WUE_E",0.725304603986302,0.987123084989015,0.0706381449223179,-5.88131929631477,-6.65831318854291,0.776993892228141
"US-Slt",2008,5,"Upland","WUE_ET_minus_WUE_E",0.777798036140443,1.28951820294825,0.755666477789899,-6.1960920435553,-8.49784579078299,2.30175374722769
"US-Slt",2008,6,"Upland","WUE_ET_minus_WUE_E",0.791689011051276,1.36953893743549,-0.581651584912828,-8.54807781464826,-9.01712406088889,0.469046246240625
"US-Slt",2008,7,"Upland","WUE_ET_minus_WUE_E",0.688601972188025,0.775692888551019,-0.487058319942546,-5.70842893999573,-5.62457036513855,-0.0838585748571763
"US-Slt",2009,5,"Upland","WUE_ET_minus_WUE_E",0.761521716743046,1.1957563870002,0.551133450151794,-9.13871813053072,-7.87334620306865,-1.26537192746208
"US-Slt",2009,7,"Upland","WUE_ET_minus_WUE_E",0.827130454809652,1.57370389914898,0.340546869927294,-12.1021057090093,-10.5545306143258,-1.54757509468348
"US-Slt",2009,8,"Upland","WUE_ET_minus_WUE_E",0.829408572096707,1.58682728463692,0.991712414556786,-13.2259971250739,-10.6876655750773,-2.5383315499966
"US-Slt",2009,9,"Upland","WUE_ET_minus_WUE_E",0.734019133946788,1.03732424744344,0.51089169137698,-6.41242295439268,-6.90886668471053,0.49644373031785
"US-Slt",2010,5,"Upland","WUE_ET_minus_WUE_E",0.817114570715053,1.51600612005618,-0.210975683430617,-11.535815881565,-10.1336183400264,-1.40219754153856
"US-Slt",2011,5,"Upland","WUE_ET_minus_WUE_E",0.838429824672808,1.63879536187903,-0.112073985341733,-18.7156203797762,-11.0670709776073,-7.64854940216888
"US-Slt",2011,6,"Upland","WUE_ET_minus_WUE_E",0.814609485586499,1.50157525733944,-0.464898791269665,-13.7678853438985,-9.9842185596456,-3.78366678425291
"US-Slt",2011,7,"Upland","WUE_ET_minus_WUE_E",0.804291924114829,1.44213962719973,-0.530462214351969,-12.29595156416,-9.56956566582673,-2.72638589833327
"US-Slt",2012,5,"Upland","WUE_ET_minus_WUE_E",0.741674466983048,1.08142377078418,0.637137223478064,-11.4975203527584,-7.16845131551616,-4.3290690372422
"US-Slt",2012,6,"Upland","WUE_ET_minus_WUE_E",0.77442384103383,1.27008072124034,0.441519129864136,-12.7025363852969,-8.3240516747226,-4.37848471057434
"US-Slt",2012,8,"Upland","WUE_ET_minus_WUE_E",0.806365655934351,1.45408562410729,0.114078105505174,-10.4952242028792,-9.69077678887284,-0.804447414006324
"US-Slt",2012,9,"Upland","WUE_ET_minus_WUE_E",0.824943488715896,1.56110560174765,0.441482740798173,-10.6328047794994,-10.4676934536122,-0.165111325887192
"US-Slt",2013,5,"Upland","WUE_ET_minus_WUE_E",0.819735302756591,1.53110318158025,0.100987657883552,-11.4332093703991,-10.2471694394348,-1.18603993096433
"US-Slt",2013,7,"Upland","WUE_ET_minus_WUE_E",0.859959159595289,1.76281784443172,0.304910342329299,-17.4329160181163,-12.0100938086993,-5.42282220941695
"US-Slt",2013,8,"Upland","WUE_ET_minus_WUE_E",0.800747759172052,1.4217230125499,0.253710214202673,-13.7701350997714,-9.45334159224828,-4.31679350752312
"US-Slt",2013,9,"Upland","WUE_ET_minus_WUE_E",0.726250294552333,0.99257085623453,-0.934592336164399,-9.24308188006852,-6.66301330577801,-2.58006857429051
"US-Slt",2014,5,"Upland","WUE_ET_minus_WUE_E",0.799696413827249,1.41566660346192,0.13686185428063,-7.94368375237571,-9.39104656788306,1.44736281550735
"US-Slt",2014,6,"Upland","WUE_ET_minus_WUE_E",0.864513802612613,1.78905544704154,-0.511503561470994,-16.6871970234003,-12.1876673426095,-4.4995296807908
"US-Slt",2014,7,"Upland","WUE_ET_minus_WUE_E",0.794272390216035,1.38442082294388,0.970385380328347,-9.92279353687549,-9.1499149417393,-0.77287859513619
"US-Slt",2014,8,"Upland","WUE_ET_minus_WUE_E",0.832861475965221,1.60671817821681,0.745636129083954,-11.3013361705386,-10.8394700668551,-0.461866103683489
"US-Slt",2014,9,"Upland","WUE_ET_minus_WUE_E",0.864665801645204,1.78993105687508,-0.648321213682954,-14.0104556637076,-12.2294424875843,-1.78101317612329
"US-Slt",2015,7,"Upland","WUE_ET_minus_WUE_E",0.799681833298252,1.41558261046308,-0.220595048886477,-0.690541834012235,-9.37533961324606,8.68479777923382
"US-Slt",2015,9,"Upland","WUE_ET_minus_WUE_E",0.705693313658721,0.874149743209264,-0.613079913608108,-0.769676905443858,-6.06802951405716,5.2983526086133
"US-Slt",2016,9,"Upland","WUE_ET_minus_WUE_E",0.644115542427369,0.519423130163773,0.0206938109600391,-0.556249942829037,-4.71306492046975,4.15681497764071
"US-Slt",2017,6,"Upland","WUE_ET_minus_WUE_E",0.752714708550131,1.14502249188082,-0.286285744487406,-0.860979855427786,-7.51105867965184,6.65007882422405
"US-Slt",2017,7,"Upland","WUE_ET_minus_WUE_E",0.716644844333375,0.937237433884015,0.94989314717823,-0.578249384276909,-6.36613855911361,5.7878891748367
"US-Slt",2017,8,"Upland","WUE_ET_minus_WUE_E",0.745723836851053,1.10475068290721,0.661654205335074,-0.559087333308111,-7.32491885906754,6.76583152575943
"US-Slt",2017,9,"Upland","WUE_ET_minus_WUE_E",0.792043128521894,1.3715788763365,-0.640404343743413,-0.94013885146866,-9.06667227184183,8.12653342037317
"US-Slt",2018,6,"Upland","WUE_ET_minus_WUE_E",0.813808023769628,1.49695833421768,0.163926848934134,-0.871118221432589,-9.94970411688754,9.07858589545495
"US-Slt",2018,7,"Upland","WUE_ET_minus_WUE_E",0.759838491341872,1.18605995217297,0.667020186442551,-0.686357329212091,-7.79592339956854,7.10956607035645
"US-Slt",2018,8,"Upland","WUE_ET_minus_WUE_E",0.793982177364913,1.38274901476242,0.188679815956077,-0.793907353167332,-9.17116113156546,8.37725377839813
"US-Slt",2019,6,"Upland","WUE_ET_minus_WUE_E",0.689798770233928,0.782587196494186,0.966327080807373,-0.408716328877767,-5.62716193608279,5.21844560720503
"US-Slt",2019,8,"Upland","WUE_ET_minus_WUE_E",0.765245294771391,1.21720653363579,-0.253689886069574,-0.663355497173285,-8.03095685186824,7.36760135469496
"US-Slt",2020,5,"Upland","WUE_ET_minus_WUE_E",0.777153252497275,1.28580384444981,-0.87362357807921,-0.503148586994044,-8.47240144060783,7.96925285361378
"US-Slt",2020,6,"Upland","WUE_ET_minus_WUE_E",0.792841143652378,1.37617594438127,-0.0977333079057476,-0.563011934506657,-9.06459523246451,8.50158329795785
"US-Slt",2020,7,"Upland","WUE_ET_minus_WUE_E",0.76196406243135,1.19830457581363,0.887108967989709,-0.628184571848937,-7.87470396247175,7.24651939062281
"US-Slt",2020,8,"Upland","WUE_ET_minus_WUE_E",0.741791503936077,1.08209797709466,0.757818124201483,-0.957999325227665,-7.1905709689036,6.23257164367594
"US-Slt",2021,5,"Upland","WUE_ET_minus_WUE_E",0.667737298290743,0.655499270693781,0.28750841052239,-0.585495436282226,-5.17534352618956,4.58984808990733
"US-Slt",2021,6,"Upland","WUE_ET_minus_WUE_E",0.772017029880873,1.25621597830703,-0.270019550319991,-0.925281255823207,-8.23045373458512,7.30517247876191
"US-Slt",2021,9,"Upland","WUE_ET_minus_WUE_E",0.764013882688729,1.21011282711457,0.693710570539122,-0.859075896813021,-7.96016032797164,7.10108443115862
"US-Snd",2007,4,"Upland","WUE_ET_minus_WUE_E",0.53836769704648,-0.0897508343807902,-0.240344253983132,-3.05642882435005,-2.84490150001213,-0.211527324337922
"US-Snd",2007,5,"Upland","WUE_ET_minus_WUE_E",0.577319611104182,0.134636639687002,-0.751388263601585,-2.74316794508908,-3.47054399930155,0.727376054212467
"US-Snd",2007,6,"Upland","WUE_ET_minus_WUE_E",0.545346254529822,-0.0495499630191351,-0.429407243763682,-2.09622381112759,-2.91901975494697,0.82279594381938
"US-Snd",2007,7,"Upland","WUE_ET_minus_WUE_E",0.536119275798286,-0.10270315204547,0.821823619890786,-2.04951746722477,-2.79898147345293,0.74946400622816
"US-Snd",2007,8,"Upland","WUE_ET_minus_WUE_E",0.49312888138497,-0.350354807809864,-0.243976420349261,-1.92713739872438,-2.18258012217768,0.255442723453298
"US-Snd",2008,7,"Upland","WUE_ET_minus_WUE_E",0.587843235183962,0.195259319789525,0.293088162614823,-2.40659370898299,-3.62346177268154,1.21686806369855
"US-Snd",2008,8,"Upland","WUE_ET_minus_WUE_E",0.577413852507024,0.135179529320231,-0.807648133977741,-1.88886020703638,-3.49021226766931,1.60135206063293
"US-Snd",2008,9,"Upland","WUE_ET_minus_WUE_E",0.561385145976466,0.0428441189052774,-0.531044077098218,-1.92105651412514,-3.20976837003486,1.28871185590972
"US-Snd",2009,3,"Upland","WUE_ET_minus_WUE_E",0.594545318234752,0.233867524883929,-0.221225970269234,-2.25144212091369,-3.73688158326366,1.48543946234998
"US-Snd",2009,4,"Upland","WUE_ET_minus_WUE_E",0.645663577780714,0.528340785460259,-0.872838430982415,-3.28684137702367,-4.59778646085412,1.31094508383044
"US-Snd",2009,5,"Upland","WUE_ET_minus_WUE_E",0.51294739479951,-0.236187730980731,-0.0340915335953871,-2.92297532245034,-2.45492239772371,-0.468052924726627
"US-Snd",2009,6,"Upland","WUE_ET_minus_WUE_E",0.382809990073554,-0.98586086603998,0.591622863722815,-1.34487398155313,-1.08703847760828,-0.257835503944852
"US-Snd",2009,7,"Upland","WUE_ET_minus_WUE_E",0.326867671125921,-1.30812373670557,0.212939834313663,-0.665237951636466,-0.979867333092601,0.314629381456135
"US-Snd",2009,8,"Upland","WUE_ET_minus_WUE_E",0.409533376044336,-0.831917389279386,0.156024985597427,-1.23355905173413,-1.29122527432074,0.0576662225866127
"US-Snd",2009,9,"Upland","WUE_ET_minus_WUE_E",0.451956850340463,-0.587531549230897,-0.437351256465468,-1.09321951155964,-1.63941925751375,0.546199745954111
"US-Snd",2010,3,"Upland","WUE_ET_minus_WUE_E",0.65865780164975,0.603195671079615,-0.0080278454068631,-4.52918053085166,-4.83883133643839,0.309650805586729
"US-Snd",2010,5,"Upland","WUE_ET_minus_WUE_E",0.628622873589197,0.430175633313771,0.780287425021757,-4.60057411072649,-4.30323803124932,-0.297336079477172
"US-Snd",2010,6,"Upland","WUE_ET_minus_WUE_E",0.56667843614138,0.0733367927146714,0.452882194311106,-2.94670370979244,-3.25935194434572,0.312648234553286
"US-Snd",2010,9,"Upland","WUE_ET_minus_WUE_E",0.584986066211246,0.178800233136611,-0.302916104681128,-2.94546026610576,-3.58665277460254,0.64119250849678
"US-Snd",2011,4,"Upland","WUE_ET_minus_WUE_E",0.722345598117211,0.970077353892626,-0.458643748187424,-6.78329386215228,-6.40039661712551,-0.382897245026765
"US-Snd",2011,5,"Upland","WUE_ET_minus_WUE_E",0.700055886017397,0.841674621529679,0.9688361085686,-6.0502285681823,-5.78013553907837,-0.270093029103927
"US-Snd",2011,9,"Upland","WUE_ET_minus_WUE_E",0.412314700583666,-0.815895214168333,-0.456134529467256,-1.60393933338727,-1.28572561059112,-0.318213722796153
"US-Snd",2012,3,"Upland","WUE_ET_minus_WUE_E",0.525114773317044,-0.166095993575179,0.634760091378577,-1.3712142609672,-2.63284539920306,1.26163113823587
"US-Snd",2012,4,"Upland","WUE_ET_minus_WUE_E",0.678012463292835,0.71469067055757,0.82829290499591,-4.15887890842811,-5.24596866797719,1.08708975954908
"US-Snd",2012,5,"Upland","WUE_ET_minus_WUE_E",0.662110526097488,0.623085531083221,-0.863650986354239,-4.6534053859438,-4.91590897177413,0.262503585830329
"US-Snd",2012,6,"Upland","WUE_ET_minus_WUE_E",0.554034771581371,0.000501348752192953,-0.551628778300019,-2.58400361994255,-3.05743608876574,0.473432468823197
"US-Snd",2012,7,"Upland","WUE_ET_minus_WUE_E",0.554617234834832,0.0038567026890461,0.813443868341227,-2.6740128784912,-3.0928880727741,0.4188751942829
"US-Snd",2012,8,"Upland","WUE_ET_minus_WUE_E",0.484257166013434,-0.401461456893103,-0.31131114173071,-1.79319433711031,-2.05985462845005,0.266660291339749
"US-Snd",2012,9,"Upland","WUE_ET_minus_WUE_E",0.388314523222265,-0.954151300052232,0.998998316881607,-1.0974814687484,-1.14655716993843,0.0490757011900289
"US-Snd",2013,3,"Upland","WUE_ET_minus_WUE_E",0.568958855267634,0.0864734382412022,-0.899156637663749,-3.58817935973049,-3.32822524385001,-0.259954115880487
"US-Snd",2013,6,"Upland","WUE_ET_minus_WUE_E",0.503219191843679,-0.292228286144317,-0.711046496520566,-2.21186861705619,-2.26857058469562,0.0567019676394316
"US-Snd",2013,7,"Upland","WUE_ET_minus_WUE_E",0.484639814182839,-0.399257163259103,0.0610446899136781,-1.63546746510621,-2.03177978434171,0.396312319235505
"US-Snd",2014,3,"Upland","WUE_ET_minus_WUE_E",0.625767643285582,0.413727714611734,-0.243592102060483,-5.14916124799107,-4.24613379651862,-0.903027451472452
"US-Snd",2014,4,"Upland","WUE_ET_minus_WUE_E",0.687551966243017,0.769644195246568,-0.399364202589205,-5.83292566643589,-5.4649779266753,-0.367947739760597
"US-Snd",2014,7,"Upland","WUE_ET_minus_WUE_E",0.62021517373325,0.381742004850708,-0.722624469772642,-3.99726831353969,-4.1470622529582,0.149793939418517
"US-Snd",2014,8,"Upland","WUE_ET_minus_WUE_E",0.679270497209282,0.721937735551218,0.992573585501801,-5.46492592836875,-5.29687583602637,-0.168050092342381
"US-Sne",2017,5,"Freshwater","WUE_ET_minus_WUE_E",0.522773097471627,-0.179585516253326,0.135395977200652,-0.161858743194781,-0.981805990127413,0.819947246932632
"US-Sne",2017,7,"Freshwater","WUE_ET_minus_WUE_E",0.328248084028309,-1.30017169193882,-0.227695674745625,-0.0336743667155345,0.127424753155797,-0.161099119871331
"US-Sne",2017,8,"Freshwater","WUE_ET_minus_WUE_E",0.343341113754709,-1.21322636721562,-0.194549392798123,-0.0406993660082075,0.071212158291698,-0.111911524299906
"US-Sne",2018,5,"Freshwater","WUE_ET_minus_WUE_E",0.603065961300441,0.2829517771266,-0.101160820644147,-0.48928076603893,-1.84374919530178,1.35446842926285
"US-Sne",2018,6,"Freshwater","WUE_ET_minus_WUE_E",0.526374924930543,-0.158836729317286,-0.154775058222373,-0.360493665846723,-0.972013635017168,0.611519969170444
"US-Sne",2018,7,"Freshwater","WUE_ET_minus_WUE_E",0.477698834322899,-0.439241563923476,-0.962558687053801,-0.379222666786863,-0.602822652820462,0.223599986033598
"US-Sne",2018,8,"Freshwater","WUE_ET_minus_WUE_E",0.456576786272104,-0.560917818451957,0.912524897989756,-0.379784754742058,-0.482354542372052,0.102569787629994
"US-Sne",2018,9,"Freshwater","WUE_ET_minus_WUE_E",0.388868041144513,-0.950962689391394,0.444232562955592,-0.330306148032292,-0.0567117132783626,-0.27359443475393
"US-Sne",2018,10,"Freshwater","WUE_ET_minus_WUE_E",0.286217777646644,-1.54229263801881,-0.166826385545536,-0.171114067807541,0.100384764582941,-0.271498832390482
"US-Sne",2019,4,"Freshwater","WUE_ET_minus_WUE_E",0.539247016253877,-0.084685403820569,0.0232397641888548,-0.593552091871624,-1.12475145201711,0.531199360145481
"US-Sne",2019,6,"Freshwater","WUE_ET_minus_WUE_E",0.514603358309792,-0.226648341756622,0.751051996920259,-0.633689992621159,-0.870685911038422,0.236995918417263
"US-Sne",2019,8,"Freshwater","WUE_ET_minus_WUE_E",0.428835299036367,-0.720726197534172,-0.906953873436301,-0.41302574080348,-0.298524018532571,-0.114501722270909
"US-Sne",2019,9,"Freshwater","WUE_ET_minus_WUE_E",0.398191087268839,-0.897256091883602,0.0928068711384211,-0.542312572031214,-0.101414883475512,-0.440897688555702
"US-Sne",2020,4,"Freshwater","WUE_ET_minus_WUE_E",0.560017583481998,0.0349661005540109,-0.163144101855369,-0.890688889929136,-1.3275053378836,0.43681644795446
"US-Sne",2020,5,"Freshwater","WUE_ET_minus_WUE_E",0.526269855889603,-0.159441992942183,-0.120446330223236,-0.912832032667038,-1.01234301547712,0.0995109828100869
"US-Sne",2020,7,"Freshwater","WUE_ET_minus_WUE_E",0.590785041931014,0.212205973147525,-0.161669257240967,-0.992259459513465,-1.66685013393496,0.674590674421495
"US-Sne",2020,9,"Freshwater","WUE_ET_minus_WUE_E",0.310317954097421,-1.4034604946133,-0.862777043378214,-0.451535551637117,0.126306964965869,-0.577842516602986
"US-SO2",1997,4,"Upland","WUE_ET_minus_WUE_E",0.220654359162159,-1.91997908092866,-0.729484838825777,-0.783121036390043,-0.0761634343054789,-0.706957602084564
"US-SO2",1997,7,"Upland","WUE_ET_minus_WUE_E",0.183022436143585,-2.1367625780873,0.826840848793434,-0.204239955282487,0.0358195840262807,-0.240059539308768
"US-SO2",1999,5,"Upland","WUE_ET_minus_WUE_E",0.429985318892357,-0.71410136132635,0.208627151789635,-2.01490788585451,-0.638691628491396,-1.37621625736311
"US-SO2",1999,6,"Upland","WUE_ET_minus_WUE_E",0.127677520286147,-2.45558403197911,0.803734491418451,-0.292657395609944,0.25608831786131,-0.548745713471253
"US-SO2",2000,4,"Upland","WUE_ET_minus_WUE_E",0.439228946265688,-0.660852265673358,0.729014044533956,-1.19872799284073,-0.718832940099079,-0.479895052741654
"US-SO2",2000,5,"Upland","WUE_ET_minus_WUE_E",0.500926427282857,-0.305436049122869,-0.391324237302212,-2.40690773668969,-1.48458193714341,-0.922325799546273
"US-SO2",2000,6,"Upland","WUE_ET_minus_WUE_E",0.354906496855288,-1.14660250126847,0.45808738182266,-1.31799746427154,-0.206637218301205,-1.11136024597034
"US-SO2",2000,7,"Upland","WUE_ET_minus_WUE_E",0.164528688858948,-2.24329817048722,0.0009398593229002,-0.319732838760207,0.0967166193467275,-0.416449458106934
"US-SO2",2001,4,"Upland","WUE_ET_minus_WUE_E",0.288127786434215,-1.53128978853995,0.869042008355468,-0.498327394325702,-0.167958086066567,-0.330369308259136
"US-SO2",2001,7,"Upland","WUE_ET_minus_WUE_E",0.11989879695882,-2.50039436084524,0.903647816835361,-0.273289340309402,0.259004633389002,-0.532293973698403
"US-SO2",2003,5,"Upland","WUE_ET_minus_WUE_E",0.255475846248166,-1.71938545877857,0.755884130748089,-0.327854030893072,-0.141378278710278,-0.186475752182794
"US-SO2",2003,6,"Upland","WUE_ET_minus_WUE_E",0.207385740854528,-1.99641465074452,0.688523194047285,-0.359559437288224,-0.00781305341026073,-0.351746383877963
"US-SO2",2004,4,"Upland","WUE_ET_minus_WUE_E",0.172855902314845,-2.19532819420764,0.101824325363202,-0.191390397247417,0.0582003541589069,-0.249590751406324
"US-SO2",2004,8,"Upland","WUE_ET_minus_WUE_E",0.196565626435364,-2.05874530130111,0.520669193906265,-0.346968773232088,-0.037929703853556,-0.309039069378532
"US-SO2",2005,4,"Upland","WUE_ET_minus_WUE_E",0.562911412782057,0.0516363737031496,0.358071419108214,-1.5786253396001,-2.44402673708727,0.865401397487172
"US-SO2",2005,5,"Upland","WUE_ET_minus_WUE_E",0.375301082684159,-1.02911688574724,0.30968788922559,-0.86797495582177,-0.307133805756826,-0.560841150064944
"US-SO2",2005,6,"Upland","WUE_ET_minus_WUE_E",0.163989223004212,-2.24640583241907,0.873758954660494,-0.313070803404016,0.124729845699042,-0.437800649103058
"US-SO2",2005,7,"Upland","WUE_ET_minus_WUE_E",0.183876871422368,-2.13184049457489,0.942540066225559,-0.189975392305014,0.0331515786487557,-0.223126970953769
"US-SO2",2005,8,"Upland","WUE_ET_minus_WUE_E",0.344690883157124,-1.20545084824284,0.430988808232534,-0.480865189345402,-0.245831203409541,-0.235033985935861
"US-SO2",2006,5,"Upland","WUE_ET_minus_WUE_E",0.315443959080646,-1.37393148845096,-0.175097034978092,-0.563118805251925,-0.192537448972366,-0.370581356279559
"US-SO2",2006,6,"Upland","WUE_ET_minus_WUE_E",0.143846571310919,-2.36244014918692,-0.673970451934063,-0.159129904411374,0.19635935280473,-0.355489257216103
"US-SO2",2006,7,"Upland","WUE_ET_minus_WUE_E",0.177064025031433,-2.17108676603177,0.0999120447284031,-0.192256873225766,0.0548095729389608,-0.247066446164727
"US-SO3",1997,4,"Upland","WUE_ET_minus_WUE_E",0.268529089105841,-1.64419058673997,-0.729484838825777,-0.57330831525295,1.49887867086464,-2.07218698611759
"US-SO3",1998,7,"Upland","WUE_ET_minus_WUE_E",0.311778233009886,-1.39504837149871,0.347100610663344,-0.826533631899447,1.4758141900202,-2.30234782191965
"US-SO3",2002,3,"Upland","WUE_ET_minus_WUE_E",0.147310778585093,-2.34248414089558,-0.439986092792001,-0.093156621404637,1.80163888920318,-1.89479551060782
"US-SO3",2002,4,"Upland","WUE_ET_minus_WUE_E",0.154243677237641,-2.30254629305814,-0.0393066325613431,-0.163740329392081,1.77263141982957,-1.93637174922165
"US-SO3",2003,3,"Upland","WUE_ET_minus_WUE_E",0.113544125705352,-2.53700125592579,0.593771748045495,-0.0297515491993067,1.92685087523387,-1.95660242443318
"US-SO3",2003,5,"Upland","WUE_ET_minus_WUE_E",0.256007157455839,-1.71632477273225,0.755884130748089,-0.0956481401823953,1.50826492785259,-1.60391306803499
"US-SO3",2003,6,"Upland","WUE_ET_minus_WUE_E",0.213383506141938,-1.96186375804899,0.688523194047285,-0.0224051990513892,1.62755077878856,-1.64995597783995
"US-SO3",2003,7,"Upland","WUE_ET_minus_WUE_E",0.107155319208017,-2.57380479143682,-0.382701395243965,-0.0019659158152447,1.95711162341597,-1.95907753923121
"US-SO3",2004,4,"Upland","WUE_ET_minus_WUE_E",0.23822109287827,-1.81878366854557,0.101824325363202,-0.203209506259173,1.53950669650594,-1.74271620276512
"US-SO3",2005,3,"Upland","WUE_ET_minus_WUE_E",0.571312489681018,0.100031849776921,0.331324531202856,-0.956392803024028,-0.923789736608766,-0.0326030664152623
"US-SO3",2005,4,"Upland","WUE_ET_minus_WUE_E",0.471815947980587,-0.473130681788745,0.358071419108214,-0.814329321840731,0.567727686132973,-1.3820570079737
"US-SO3",2005,5,"Upland","WUE_ET_minus_WUE_E",0.332029107761063,-1.27839062198867,0.30968788922559,-0.574296773552697,1.44114927385938,-2.01544604741207
"US-SO3",2005,7,"Upland","WUE_ET_minus_WUE_E",0.144870813842391,-2.35653986931545,0.942540066225559,-0.261584922909555,1.81678830950843,-2.07837323241798
"US-SO3",2006,3,"Upland","WUE_ET_minus_WUE_E",0.555353222302298,0.00809645246169517,0.901834441801957,-0.594477796879329,-0.668896450791439,0.0744186539121103
"US-SO3",2006,5,"Upland","WUE_ET_minus_WUE_E",0.350472227073895,-1.1721466784842,-0.175097034978092,-0.745063077688764,1.41187227337722,-2.15693535106599
"US-SO3",2006,6,"Upland","WUE_ET_minus_WUE_E",0.22946694677198,-1.86921304486585,-0.673970451934063,-0.380510493869398,1.59225952167081,-1.97277001554021
"US-SO3",2006,7,"Upland","WUE_ET_minus_WUE_E",0.178171318754863,-2.16470805916557,0.0999120447284031,-0.0964781829375391,1.70155033849424,-1.79802852143178
"US-SO4",2004,4,"Upland","WUE_ET_minus_WUE_E",0.105517289880985,-2.58324086850859,0.101824325363202,-0.214273588098981,-0.674753567300268,0.460479979201287
"US-SO4",2005,4,"Upland","WUE_ET_minus_WUE_E",0.277567280716869,-1.59212493002449,0.358071419108214,-0.681190119441791,-1.13700069806092,0.455810578619126
"US-SO4",2005,5,"Upland","WUE_ET_minus_WUE_E",0.226995150771515,-1.88345214131008,0.30968788922559,-0.52199636996009,-1.0716472767034,0.549650906743306
"US-SO4",2005,6,"Upland","WUE_ET_minus_WUE_E",0.118209122276106,-2.51012794758219,0.873758954660494,-0.28392902884634,-0.685801776856674,0.401872748010333
"US-SO4",2005,7,"Upland","WUE_ET_minus_WUE_E",0.118374527995015,-2.50917510682044,0.942540066225559,-0.172074739455417,-0.712579017438098,0.540504277982681
"US-SO4",2005,8,"Upland","WUE_ET_minus_WUE_E",0.255491596789436,-1.71929472577465,0.430988808232534,-0.313695095898271,-1.13685498477749,0.823159888879216
"US-SO4",2006,5,"Upland","WUE_ET_minus_WUE_E",0.16599413739539,-2.23485626709367,-0.175097034978092,-0.325183937892004,-0.900692854153418,0.575508916261414
"US-StJ",2015,7,"Saline","WUE_ET_minus_WUE_E",0.649991312756339,0.553271255325662,-0.0485637728540806,-8.18491489075987,-4.24231630891964,-3.94259858184023
"US-StJ",2015,9,"Saline","WUE_ET_minus_WUE_E",0.432033852582076,-0.702300521462671,-0.430914836063328,-2.68358241162644,-2.45781263893148,-0.225769772694967
"US-StJ",2016,6,"Saline","WUE_ET_minus_WUE_E",0.659622757823606,0.608754424318727,-0.013976866762899,-5.57692511196149,-4.3301677487055,-1.246757363256
"US-StJ",2016,7,"Saline","WUE_ET_minus_WUE_E",0.609131903023587,0.31789540888454,0.412324100857263,-6.21107476059022,-3.78766498981128,-2.42340977077893
"US-StJ",2017,9,"Saline","WUE_ET_minus_WUE_E",0.467121016342439,-0.50017643491,-0.74716201704935,-3.54289927858944,-2.6572147426409,-0.885684535948545
"US-StJ",2018,6,"Saline","WUE_ET_minus_WUE_E",0.675276058276936,0.69892726009629,0.479671155037227,-9.9720177077151,-4.51963855491115,-5.45237915280395
"US-StJ",2018,8,"Saline","WUE_ET_minus_WUE_E",0.583326887185386,0.169242320524472,0.0136590645253262,-6.06924722049869,-3.56295873866111,-2.50628848183759
"US-StJ",2019,5,"Saline","WUE_ET_minus_WUE_E",0.535624794810431,-0.105551672908269,0.669316676479028,-3.61831470933657,-3.1322086831468,-0.486106026189769
"US-StJ",2019,6,"Saline","WUE_ET_minus_WUE_E",0.557333275923993,0.0195028041504095,0.807496638598704,-4.28795147836918,-3.26862049455266,-1.01933098381651
"US-StJ",2019,7,"Saline","WUE_ET_minus_WUE_E",0.708209806605458,0.888646322119133,-0.215022317322366,-7.78110308868042,-4.95593364649674,-2.82516944218368
"US-StJ",2019,8,"Saline","WUE_ET_minus_WUE_E",0.665692469101935,0.64371977108057,-0.483469758685371,-7.09778298919026,-4.46249267255227,-2.63529031663799
"US-StJ",2020,5,"Saline","WUE_ET_minus_WUE_E",0.300759726150066,-1.45852188703921,-0.674526144745153,-1.24854448254336,-1.89153422709938,0.642989744556021
"US-StJ",2020,9,"Saline","WUE_ET_minus_WUE_E",0.419685564235293,-0.773434413037059,0.347323657851039,-2.52288145379084,-2.39263094459305,-0.130250509197793
"US-StS",2015,6,"Freshwater","WUE_ET_minus_WUE_E",0.735569184135472,1.04625350945614,-0.108168616449086,-4.79354900804113,-5.89515239792718,1.10160338988605
"US-StS",2015,8,"Freshwater","WUE_ET_minus_WUE_E",0.755522855324022,1.16119917989855,0.488130855346,-4.94571025443286,-6.63614244651206,1.6904321920792
"US-TaS",2017,4,"Saline","WUE_ET_minus_WUE_E",0.216753162776865,-1.94245242078666,0.346707122831543,-0.222509874029598,1.11314014742639,-1.33565002145599
"US-TaS",2017,6,"Saline","WUE_ET_minus_WUE_E",0.206418332412562,-2.00198753058717,-0.200088601032774,-0.225053790106768,1.17015126234425,-1.39520505245102
"US-TaS",2017,7,"Saline","WUE_ET_minus_WUE_E",0.225641023754391,-1.89125276287875,-0.916980265393642,-0.126645876647562,1.10501223488261,-1.23165811153017
"US-TaS",2018,4,"Saline","WUE_ET_minus_WUE_E",0.215121524949588,-1.95185167880807,-0.401000748330325,-0.171853203746685,1.11644412443919,-1.28829732818587
"US-TaS",2019,4,"Saline","WUE_ET_minus_WUE_E",0.186349148757848,-2.11759862533884,-0.636353408761974,-0.150007277626348,1.17046982099575,-1.3204770986221
"US-TaS",2019,5,"Saline","WUE_ET_minus_WUE_E",0.206397191491641,-2.00210931556127,-0.596998336218983,-0.210846388167487,1.12893881676314,-1.33978520493062
"US-TaS",2019,8,"Saline","WUE_ET_minus_WUE_E",0.263488326883796,-1.67322854109327,-0.644048878798062,-0.211925559758306,0.981167624060635,-1.19309318381894
"US-TaS",2020,4,"Saline","WUE_ET_minus_WUE_E",0.202044934625921,-2.02718104690537,-0.308767175028411,-0.182812529138857,1.141925840075,-1.32473836921386
"US-TaS",2020,6,"Saline","WUE_ET_minus_WUE_E",0.170600303993926,-2.20832185631607,0.219438594157255,-0.130496246086572,1.23391882292861,-1.36441506901518
"US-TaS",2021,4,"Saline","WUE_ET_minus_WUE_E",0.241188471751909,-1.80168970368747,-0.565675448478488,-0.213741821695054,1.05984037110806,-1.27358219280311
"US-TaS",2021,6,"Saline","WUE_ET_minus_WUE_E",0.248659991079907,-1.75864906268137,0.688636829892559,-0.222197167617887,1.07852044179114,-1.30071760940903
"US-TaS",2021,8,"Saline","WUE_ET_minus_WUE_E",0.196862193748811,-2.05703688742813,0.168356349827627,-0.142503098069395,1.12871716651236,-1.27122026458175
"US-TLR",2024,5,"Upland","WUE_ET_minus_WUE_E",0.773028910010107,1.26204504298206,0.445468354165639,-12.0362607042135,-10.4500410950273,-1.58621960918611
"US-TLR",2024,8,"Upland","WUE_ET_minus_WUE_E",0.100958148067334,-2.60950438700903,0.671344425182908,-0.258271633154151,-2.77896669774811,2.52069506459396
"US-Tw1",2011,9,"Freshwater","WUE_ET_minus_WUE_E",0.573113721929921,0.110408078116876,-0.460060687803037,-2.45222829522793,-2.37593034227327,-0.0762979529546635
"US-Tw1",2011,10,"Freshwater","WUE_ET_minus_WUE_E",0.480415601574865,-0.423591279308559,0.922535146258951,-1.69297153265867,-1.5438616725414,-0.149109860117264
"US-Tw1",2012,8,"Freshwater","WUE_ET_minus_WUE_E",0.731003163090899,1.01995036226767,-0.244366227787153,-4.76335322402223,-5.67481755018462,0.911464326162394
"US-Tw1",2012,10,"Freshwater","WUE_ET_minus_WUE_E",0.509147934022752,-0.258075009876797,0.191564075502707,-1.88535538919463,-1.77174682708622,-0.113608562108409
"US-Tw1",2013,6,"Freshwater","WUE_ET_minus_WUE_E",0.42137802406556,-0.763684782102044,-0.684618247614436,-1.33199123540334,-1.10343466861435,-0.228556566788986
"US-Tw1",2013,7,"Freshwater","WUE_ET_minus_WUE_E",0.570560175091115,0.0956980455309354,0.106978248576256,-2.61716732038305,-2.33884872488078,-0.278318595502267
"US-Tw1",2013,10,"Freshwater","WUE_ET_minus_WUE_E",0.335899737835126,-1.25609336326903,-0.723084310595018,-0.705977367754959,-0.802863554861516,0.0968861871065563
"US-Tw1",2014,7,"Freshwater","WUE_ET_minus_WUE_E",0.463571174526152,-0.520625751914475,-0.730388612629297,-1.60103840410116,-1.40841615379865,-0.192622250302511
"US-Tw1",2014,8,"Freshwater","WUE_ET_minus_WUE_E",0.582134938306163,0.162375946825077,0.967943236062957,-2.70803677743589,-2.50409116265612,-0.20394561477977
"US-Tw1",2014,10,"Freshwater","WUE_ET_minus_WUE_E",0.408545055246793,-0.837610737416292,-0.206055708358478,-0.964625199691106,-1.06728739683589,0.10266219714478
"US-Tw1",2015,5,"Freshwater","WUE_ET_minus_WUE_E",0.390856770426378,-0.939506360454608,0.0194377283701645,-1.08673264008758,-0.98180711860186,-0.104925521485722
"US-Tw1",2015,6,"Freshwater","WUE_ET_minus_WUE_E",0.533825807101811,-0.115914971287348,0.149617845752106,-1.47412396955079,-1.94812652059949,0.474002551048696
"US-Tw1",2015,7,"Freshwater","WUE_ET_minus_WUE_E",0.628438421151732,0.429113071498016,0.452712959810809,-2.76777227282527,-3.12480474894901,0.357032476123733
"US-Tw1",2015,8,"Freshwater","WUE_ET_minus_WUE_E",0.647029379344963,0.536208659748169,0.410906873194691,-3.07588820008034,-3.49417311472865,0.418284914648312
"US-Tw1",2015,9,"Freshwater","WUE_ET_minus_WUE_E",0.517491283893839,-0.21001207771732,-0.258222146229733,-1.6122931916021,-1.8397500284867,0.227456836884597
"US-Tw1",2015,10,"Freshwater","WUE_ET_minus_WUE_E",0.45110331722032,-0.592448435743287,-0.48777122619944,-1.34854349555235,-1.33157809579323,-0.0169653997591135
"US-Tw1",2016,6,"Freshwater","WUE_ET_minus_WUE_E",0.502123057981921,-0.298542705202532,-0.0246202442604913,-1.62775894672452,-1.67715869789993,0.0493997511754114
"US-Tw1",2016,7,"Freshwater","WUE_ET_minus_WUE_E",0.590453856748376,0.210298138619276,-0.227372827610564,-2.33525856482001,-2.57230646676453,0.237047901944516
"US-Tw1",2016,9,"Freshwater","WUE_ET_minus_WUE_E",0.546352400214497,-0.0437539323441314,-0.504843635277944,-2.0277519285965,-2.09977800176236,0.072026073165866
"US-Tw1",2017,7,"Freshwater","WUE_ET_minus_WUE_E",0.579013041879667,0.144391863875909,-0.184295986584489,-2.57270597461455,-2.43423260857628,-0.138473366038272
"US-Tw1",2017,8,"Freshwater","WUE_ET_minus_WUE_E",0.643862627325724,0.517966180430123,-0.151152114921624,-3.97856793915029,-3.43344081649122,-0.545127122659065
"US-Tw1",2018,6,"Freshwater","WUE_ET_minus_WUE_E",0.466287751967398,-0.504976560728448,-0.089367942332031,-1.50537995377975,-1.40189020726094,-0.103489746518808
"US-Tw1",2018,7,"Freshwater","WUE_ET_minus_WUE_E",0.659517512956968,0.608148147827445,-0.885248301665318,-3.62078949827908,-3.7151048749761,0.0943153766970188
"US-Tw1",2018,9,"Freshwater","WUE_ET_minus_WUE_E",0.609660513871124,0.320940539161526,0.525839997576048,-3.00965425670714,-2.84034434105234,-0.169309915654805
"US-Tw1",2018,10,"Freshwater","WUE_ET_minus_WUE_E",0.512865551364719,-0.236659200536108,-0.147660307228183,-1.88923401422392,-1.80272713976185,-0.0865068744620681
"US-Tw1",2019,6,"Freshwater","WUE_ET_minus_WUE_E",0.326247232318246,-1.31169785367095,0.80038419270631,-0.774232101272879,-0.75411320389064,-0.0201188973822382
"US-Tw1",2019,8,"Freshwater","WUE_ET_minus_WUE_E",0.508878346467323,-0.259628003409107,-0.838419960289044,-1.66131064598602,-1.79190013023156,0.130589484245542
"US-Tw1",2019,9,"Freshwater","WUE_ET_minus_WUE_E",0.481868047354848,-0.415224279953718,0.144614704761146,-1.47439310344398,-1.55285628780053,0.0784631843565491
"US-Tw1",2020,7,"Freshwater","WUE_ET_minus_WUE_E",0.634337154220238,0.463093476452736,-0.126169800983148,-2.89346702162265,-3.22621821456169,0.332751192939031
"US-Tw1",2020,9,"Freshwater","WUE_ET_minus_WUE_E",0.518319339864347,-0.205241955578164,-0.896289573414449,-1.90494001668938,-1.8468112478308,-0.058128768858587
"US-Tw1",2021,7,"Freshwater","WUE_ET_minus_WUE_E",0.651773713155207,0.563539000389149,-0.800991478562627,-3.18540694359068,-3.55469077365753,0.36928383006685
"US-Tw1",2021,8,"Freshwater","WUE_ET_minus_WUE_E",0.687422560631907,0.768898737702062,0.483892043910743,-4.39347496431864,-4.40485310510321,0.0113781407845659
"US-Tw1",2021,9,"Freshwater","WUE_ET_minus_WUE_E",0.595832623819173,0.241283213058166,-0.462879839872573,-2.88941852810951,-2.65001587663034,-0.239402651479162
"US-Tw1",2022,6,"Freshwater","WUE_ET_minus_WUE_E",0.264923500671322,-1.66496103925615,-0.793528127154536,-0.478358299809173,-0.825156721936293,0.34679842212712
"US-Tw1",2022,8,"Freshwater","WUE_ET_minus_WUE_E",0.703866333103585,0.86362518846388,-0.495748891486527,-4.14513820578984,-4.85000784654146,0.704869640751624
"US-Tw1",2022,9,"Freshwater","WUE_ET_minus_WUE_E",0.632774570676561,0.454092014448427,-0.282926593624064,-3.08883164566552,-3.20770966104349,0.118878015377972
"US-Tw1",2022,10,"Freshwater","WUE_ET_minus_WUE_E",0.595792854324838,0.241054115808526,-0.316311140246945,-3.05479410833447,-2.65155547248145,-0.403238635853022
"US-Tw1",2023,8,"Freshwater","WUE_ET_minus_WUE_E",0.646501215761881,0.533166105995181,-0.365183668005962,-3.44992339533339,-3.48394121403589,0.0340178187024991
"US-Tw1",2023,10,"Freshwater","WUE_ET_minus_WUE_E",0.397772640497716,-0.89966660793334,0.0595376734208644,-1.33163613939547,-1.0110028461748,-0.320633293220665
"US-Tw2",2012,7,"Upland","WUE_ET_minus_WUE_E",0.571010697182399,0.0982933355576358,0.813443868341227,-3.33536279744903,-3.82629965758519,0.49093686013616
"US-Tw2",2012,8,"Upland","WUE_ET_minus_WUE_E",0.64637078186242,0.532414724864349,-0.31131114173071,-6.54595664327607,-5.10514803877834,-1.44080860449773
"US-Tw2",2012,9,"Upland","WUE_ET_minus_WUE_E",0.426628485033906,-0.733438831347653,0.998998316881607,-2.12122479675507,-1.86701113652691,-0.254213660228154
"US-Tw3",2013,6,"Freshwater","WUE_ET_minus_WUE_E",0.579128752938961,0.145058432206238,-0.676308863857391,-3.25718520669789,-2.6528804274782,-0.604304779219687
"US-Tw3",2013,7,"Freshwater","WUE_ET_minus_WUE_E",0.66771306080047,0.655359647536575,0.0691284717158373,-5.03938852340129,-4.13850483978292,-0.900883683618372
"US-Tw3",2013,8,"Freshwater","WUE_ET_minus_WUE_E",0.537358396656201,-0.0955650381401962,0.983545415762472,-2.65178309871915,-2.28325045715891,-0.368532641560233
"US-Tw3",2014,3,"Freshwater","WUE_ET_minus_WUE_E",0.575688151393071,0.12523840772651,-0.20847885100421,-3.93337748623591,-2.64583827730202,-1.28753920893389
"US-Tw3",2014,4,"Freshwater","WUE_ET_minus_WUE_E",0.673925582761686,0.691147673470365,-0.372770485324691,-7.01701100895197,-4.29239524292552,-2.72461576602645
"US-Tw3",2014,7,"Freshwater","WUE_ET_minus_WUE_E",0.637446220342442,0.48100364879594,-0.673279828011376,-4.95839047831833,-3.52504975396687,-1.43334072435146
"US-Tw3",2015,4,"Freshwater","WUE_ET_minus_WUE_E",0.610847461578784,0.32777810297361,-0.242687689433643,-3.33168358260126,-3.10268582733363,-0.228997755267633
"US-Tw3",2015,5,"Freshwater","WUE_ET_minus_WUE_E",0.719637156808222,0.954475031935236,-0.0034972405036728,-8.5188555896642,-5.541586438234,-2.9772691514302
"US-Tw3",2015,6,"Freshwater","WUE_ET_minus_WUE_E",0.649697644525728,0.551579541989491,0.133184270535476,-4.32067758751217,-3.73054460702807,-0.590132980484099
"US-Tw3",2015,7,"Freshwater","WUE_ET_minus_WUE_E",0.612823478937812,0.339161203255911,0.495682612346306,-3.81265584026955,-3.12142802809579,-0.691227812173763
"US-Tw3",2015,8,"Freshwater","WUE_ET_minus_WUE_E",0.590410603498916,0.210048972753455,0.460545633622742,-3.61795556652996,-2.84848513454209,-0.76947043198787
"US-Tw3",2015,9,"Freshwater","WUE_ET_minus_WUE_E",0.350458045947796,-1.17222837067165,-0.135004656736362,-1.00212701398489,-1.07328656635968,0.0711595523747823
"US-Tw3",2016,4,"Freshwater","WUE_ET_minus_WUE_E",0.636654774009987,0.476444421150885,0.227345671468777,-4.1812107936831,-3.52122828972557,-0.659982503957534
"US-Tw3",2016,5,"Freshwater","WUE_ET_minus_WUE_E",0.714229479083936,0.923323413985789,0.176066312596842,-7.29663677512952,-5.3775002105316,-1.91913656459791
"US-Tw3",2016,6,"Freshwater","WUE_ET_minus_WUE_E",0.550385652670668,-0.0205198666297399,-0.018020053648069,-2.34816009188067,-2.34733113537763,-0.000828956503041489
"US-Tw3",2016,7,"Freshwater","WUE_ET_minus_WUE_E",0.529322813249782,-0.141855042286242,-0.341608327902551,-2.0385813619188,-2.17732648820778,0.138745126288982
"US-Tw3",2016,8,"Freshwater","WUE_ET_minus_WUE_E",0.529874089153906,-0.138679347057054,0.971406099780532,-1.87352213899229,-2.21549483919541,0.341972700203125
"US-Tw3",2016,9,"Freshwater","WUE_ET_minus_WUE_E",0.646945641618663,0.535726277884706,-0.652330141432204,-5.53573277294194,-3.71156616467698,-1.82416660826496
"US-Tw3",2017,3,"Freshwater","WUE_ET_minus_WUE_E",0.676202530307996,0.704264320517403,0.688931259193037,-5.4202852351237,-4.34241839608871,-1.07786683903499
"US-Tw3",2017,5,"Freshwater","WUE_ET_minus_WUE_E",0.676865195812128,0.708081689758973,0.187589944262287,-5.19537032642719,-4.36713564829773,-0.828234678129457
"US-Tw3",2017,7,"Freshwater","WUE_ET_minus_WUE_E",0.414519864724156,-0.803192084595386,-0.250859946322922,-1.2314992250586,-1.33316163525698,0.101662410198378
"US-Tw3",2017,8,"Freshwater","WUE_ET_minus_WUE_E",0.385767766356916,-0.968822218129172,-0.210321113722597,-1.34990037347579,-1.22029129160796,-0.129609081867829
"US-Tw3",2018,5,"Freshwater","WUE_ET_minus_WUE_E",0.638218242874463,0.485450983158687,-0.082893531662455,-4.80447365289029,-3.55410380368912,-1.25036984920117
"US-Tw3",2018,6,"Freshwater","WUE_ET_minus_WUE_E",0.430346937370404,-0.712018211914362,-0.150527398442338,-0.9790302906082,-1.4016031621039,0.422572871495702
"US-Tw4",2014,8,"Freshwater","WUE_ET_minus_WUE_E",0.32185186135949,-1.33701794925253,0.967943236062957,-0.461553107696913,-0.778166863261441,0.316613755564528
"US-Tw4",2015,5,"Freshwater","WUE_ET_minus_WUE_E",0.440449693604111,-0.653819994772937,0.0194377283701645,-0.985918408378779,-1.23211150631748,0.2461930979387
"US-Tw4",2015,6,"Freshwater","WUE_ET_minus_WUE_E",0.416366349559933,-0.792555172951175,0.149617845752106,-0.760530410072975,-1.04204187251052,0.281511462437543
"US-Tw4",2015,7,"Freshwater","WUE_ET_minus_WUE_E",0.497147631199102,-0.327204286416548,0.452712959810809,-1.19524089960524,-1.63122611454691,0.435985214941677
"US-Tw4",2015,8,"Freshwater","WUE_ET_minus_WUE_E",0.541901249414646,-0.0693953548219585,0.410906873194691,-1.93945692495688,-2.04992863924351,0.110471714286627
"US-Tw4",2015,9,"Freshwater","WUE_ET_minus_WUE_E",0.456576157744294,-0.560921439166652,-0.258222146229733,-1.44578544871861,-1.33545918283453,-0.110326265884075
"US-Tw4",2015,10,"Freshwater","WUE_ET_minus_WUE_E",0.376364128032389,-1.02299307729573,-0.48777122619944,-1.06040369863008,-0.88303166747155,-0.177372031158528
"US-Tw4",2016,5,"Freshwater","WUE_ET_minus_WUE_E",0.529911328015725,-0.138464827839119,0.163892604739506,-1.70917036621945,-1.92213301690743,0.212962650687986
"US-Tw4",2016,6,"Freshwater","WUE_ET_minus_WUE_E",0.513826934483136,-0.231121030339041,-0.0246202442604913,-1.4499702022987,-1.74170103060048,0.291730828301788
"US-Tw4",2016,7,"Freshwater","WUE_ET_minus_WUE_E",0.507502427297783,-0.267554161454057,-0.227372827610564,-1.40833669546134,-1.71520998968448,0.30687329422314
"US-Tw4",2016,9,"Freshwater","WUE_ET_minus_WUE_E",0.408493084369141,-0.837910122292321,-0.504843635277944,-1.00102176754569,-1.03287755730881,0.0318557897631206
"US-Tw4",2017,5,"Freshwater","WUE_ET_minus_WUE_E",0.358116215177394,-1.12811250907708,0.186888467909345,-0.590420941809629,-0.824575527196821,0.234154585387192
"US-Tw4",2017,7,"Freshwater","WUE_ET_minus_WUE_E",0.561916490356084,0.0459049960428215,-0.184295986584489,-1.71026460060891,-2.21433891968466,0.504074319075753
"US-Tw4",2017,8,"Freshwater","WUE_ET_minus_WUE_E",0.611483643670839,0.331442911138669,-0.151152114921624,-2.77909465310822,-2.85934789446296,0.0802532413547388
"US-Tw4",2018,5,"Freshwater","WUE_ET_minus_WUE_E",0.41248366316108,-0.814921883669052,-0.053832647901134,-1.28350371496068,-1.0612254046612,-0.222278310299481
"US-Tw4",2018,6,"Freshwater","WUE_ET_minus_WUE_E",0.551686086945255,-0.0130285489596119,-0.089367942332031,-2.00841091233576,-2.08456758432157,0.0761566719858178
"US-Tw4",2018,7,"Freshwater","WUE_ET_minus_WUE_E",0.633169677630969,0.456368078504095,-0.885248301665318,-3.2304277195909,-3.17370457447427,-0.0567231451166332
"US-Tw4",2018,8,"Freshwater","WUE_ET_minus_WUE_E",0.594163329029874,0.231667027299222,0.945786886440377,-3.63327936387637,-2.62072155139262,-1.01255781248375
"US-Tw4",2018,9,"Freshwater","WUE_ET_minus_WUE_E",0.488788377768442,-0.375358833061408,0.525839997576048,-1.96718942333888,-1.57412547207881,-0.393063951260076
"US-Tw4",2018,10,"Freshwater","WUE_ET_minus_WUE_E",0.486518327108643,-0.388435749713151,-0.147660307228183,-1.85869293197575,-1.55856634165734,-0.300126590318403
"US-Tw4",2019,6,"Freshwater","WUE_ET_minus_WUE_E",0.411366423487215,-0.821357885452571,0.80038419270631,-1.00486397664836,-1.01373020697174,0.00886623032338463
"US-Tw4",2019,8,"Freshwater","WUE_ET_minus_WUE_E",0.540178677376841,-0.0793184509730264,-0.838419960289044,-2.0363114656723,-2.03382206372347,-0.00248940194883085
"US-Tw4",2019,9,"Freshwater","WUE_ET_minus_WUE_E",0.529049338059846,-0.143430431033485,0.144614704761146,-2.13870518927898,-1.90817983983425,-0.230525349444731
"US-Tw4",2020,5,"Freshwater","WUE_ET_minus_WUE_E",0.42770757210181,-0.727222612521858,-0.169981723962008,-1.446900005781,-1.15094174454086,-0.295958261240135
"US-Tw4",2020,7,"Freshwater","WUE_ET_minus_WUE_E",0.50998350681595,-0.253261586120835,-0.126169800983148,-2.03734869835028,-1.73573637122802,-0.301612327122252
"US-Tw4",2021,7,"Freshwater","WUE_ET_minus_WUE_E",0.616199811261217,0.358610996674023,-0.800991478562627,-3.07519554661426,-2.89674205760603,-0.178453489008227
"US-Tw4",2021,8,"Freshwater","WUE_ET_minus_WUE_E",0.617626467820031,0.366829433927718,0.483892043910743,-3.72612660226224,-2.95189134786412,-0.774235254398114
"US-Tw4",2021,9,"Freshwater","WUE_ET_minus_WUE_E",0.529130594681034,-0.142962341892788,-0.462879839872573,-2.32923467688408,-1.90890196649098,-0.420332710393101
"US-Tw4",2022,6,"Freshwater","WUE_ET_minus_WUE_E",0.49255019314615,-0.353688415292904,-0.793528127154536,-1.69371378991307,-1.56861317220468,-0.125100617708385
"US-Tw4",2022,8,"Freshwater","WUE_ET_minus_WUE_E",0.659000488335095,0.605169761482653,-0.495748891486527,-3.99113640109123,-3.70529812743337,-0.285838273657866
"US-Tw4",2022,9,"Freshwater","WUE_ET_minus_WUE_E",0.581953465796702,0.161330551265044,-0.282926593624064,-2.93798976439102,-2.44543026195691,-0.492559502434116
"US-Tw4",2022,10,"Freshwater","WUE_ET_minus_WUE_E",0.544709902638881,-0.0532157493323558,-0.316311140246945,-2.89622867969982,-2.05408320410106,-0.842145475598762
"US-Tw4",2023,8,"Freshwater","WUE_ET_minus_WUE_E",0.581244837487852,0.157248407418657,-0.365183668005962,-2.87937343287835,-2.46150946564271,-0.417863967235646
"US-Tw4",2023,10,"Freshwater","WUE_ET_minus_WUE_E",0.459869474222607,-0.541949869123145,0.0595376734208644,-1.90419331026981,-1.36076540841742,-0.543427901852384
"US-Tw4",2024,5,"Freshwater","WUE_ET_minus_WUE_E",0.244705283075024,-1.78143066305605,0.460864850300177,-0.439837643324615,-0.910435319095435,0.47059767577082
"US-Tw4",2024,6,"Freshwater","WUE_ET_minus_WUE_E",0.498637159392145,-0.318623669086814,-0.442553510335918,-1.41404752196301,-1.61698756715685,0.20294004519384
"US-Tw4",2024,8,"Freshwater","WUE_ET_minus_WUE_E",0.613532776956054,0.343247205048761,0.141908774458449,-3.18360412755933,-2.8897278584329,-0.29387626912643
"US-Tw4",2024,9,"Freshwater","WUE_ET_minus_WUE_E",0.56792647234582,0.0805262646118588,0.0935548864636732,-2.7123495069406,-2.28691281257477,-0.425436694365822
"US-Tw5",2018,5,"Freshwater","WUE_ET_minus_WUE_E",0.294955931056296,-1.49195538966937,-0.053832647901134,-0.303370758077742,-0.651550801195515,0.348180043117773
"US-Tw5",2018,6,"Freshwater","WUE_ET_minus_WUE_E",0.556354874747603,0.0138665992576313,-0.089367942332031,-1.03685923483277,-2.01445708301147,0.977597848178703
"US-Tw5",2018,7,"Freshwater","WUE_ET_minus_WUE_E",0.598067023618998,0.254154758379339,-0.885248301665318,-1.75471040349691,-2.52188858810057,0.76717818460366
"US-Tw5",2018,8,"Freshwater","WUE_ET_minus_WUE_E",0.608541488549129,0.314494250923971,0.945786886440377,-2.76992837160148,-2.69988933384716,-0.070039037754321
"US-Tw5",2018,9,"Freshwater","WUE_ET_minus_WUE_E",0.589292535268709,0.20360819796534,0.525839997576048,-2.67651201330248,-2.41785389687602,-0.258658116426457
"US-Tw5",2019,4,"Freshwater","WUE_ET_minus_WUE_E",0.284441702191429,-1.55252394743686,0.0656400450269604,-0.587944687753857,-0.663318279351351,0.0753735915974936
"US-Tw5",2019,6,"Freshwater","WUE_ET_minus_WUE_E",0.437532435175135,-0.670625234410488,0.80038419270631,-1.0800621233979,-1.05515094725067,-0.024911176147234
"US-Tw5",2019,8,"Freshwater","WUE_ET_minus_WUE_E",0.527080840861148,-0.154770210472075,-0.838419960289044,-2.15533420172098,-1.79852677087825,-0.356807430842734
"US-Tw5",2019,9,"Freshwater","WUE_ET_minus_WUE_E",0.5377515441616,-0.0933002617407168,0.144614704761146,-2.46182692069978,-1.8702213503718,-0.591605570327976
"US-Twt",2009,6,"Upland","WUE_ET_minus_WUE_E",0.458471089108399,-0.550005445110661,0.591622863722815,-0.859627487195773,-1.5269692196189,0.667341732423131
"US-Twt",2009,7,"Upland","WUE_ET_minus_WUE_E",0.622390246145122,0.394271787179024,0.212939834313663,-2.47954360346162,-4.03308506790653,1.5535414644449
"US-Twt",2009,8,"Upland","WUE_ET_minus_WUE_E",0.62329801347309,0.399501096769879,0.156024985597427,-2.95058094288611,-4.08150516939256,1.13092422650645
"US-Twt",2009,9,"Upland","WUE_ET_minus_WUE_E",0.571933843928225,0.103611240248608,-0.437351256465468,-1.72388451089795,-3.22810916919816,1.50422465830021
"US-Twt",2010,6,"Upland","WUE_ET_minus_WUE_E",0.51704167273687,-0.212602120190601,0.452882194311106,-0.809135475274759,-2.32577757072689,1.51664209545213
"US-Twt",2010,9,"Upland","WUE_ET_minus_WUE_E",0.655011182600143,0.582188856466691,-0.302916104681128,-4.43115067482705,-4.62060610040398,0.189455425576928
"US-Twt",2011,9,"Upland","WUE_ET_minus_WUE_E",0.594012669752328,0.230799135295676,-0.456134529467256,-2.61876001809994,-3.58072721539782,0.961967197297887
"US-Twt",2012,6,"Upland","WUE_ET_minus_WUE_E",0.641947537286899,0.506934059754671,-0.551628778300019,-0.571994791737278,-4.3439477843263,3.77195299258902
"US-Twt",2012,7,"Upland","WUE_ET_minus_WUE_E",0.566230113691311,0.070754174002025,0.813443868341227,-1.30338455147279,-3.12819159384276,1.82480704236998
"US-Twt",2012,8,"Upland","WUE_ET_minus_WUE_E",0.627433617034329,0.423324769092566,-0.31131114173071,-3.5667443300629,-4.15107560732739,0.584331277264482
"US-Twt",2012,9,"Upland","WUE_ET_minus_WUE_E",0.631325739279309,0.445745836206766,0.998998316881607,-3.42909150129928,-4.19293915313541,0.763847651836135
"US-Twt",2013,6,"Upland","WUE_ET_minus_WUE_E",0.498997707496293,-0.316546685700329,-0.711046496520566,-2.48723153766971,-2.05688782838387,-0.430343709285841
"US-Twt",2013,7,"Upland","WUE_ET_minus_WUE_E",0.638659463790351,0.487992692577006,0.0610446899136781,-4.84880701062942,-4.31165887325429,-0.537148137375133
"US-Twt",2014,7,"Upland","WUE_ET_minus_WUE_E",0.609035516999562,0.317340164887175,-0.722624469772642,-3.50032473369949,-3.81365416130939,0.313329427609901
"US-Twt",2014,8,"Upland","WUE_ET_minus_WUE_E",0.656031849182698,0.588068536627863,0.992573585501801,-4.05827104134097,-4.66465864599,0.606387604649034
"US-Twt",2015,6,"Upland","WUE_ET_minus_WUE_E",0.512856528866657,-0.23671117578813,0.130797356715703,-0.668644079811451,-2.26213841576017,1.59349433594872
"US-Twt",2015,7,"Upland","WUE_ET_minus_WUE_E",0.53668633222826,-0.0994365510823646,0.431563428294258,-1.65636953871824,-2.65777549246887,1.00140595375063
"US-Twt",2015,8,"Upland","WUE_ET_minus_WUE_E",0.601880965851961,0.276125459552779,0.433046680056658,-2.99099807970646,-3.73135900226267,0.740360922556218
"US-Twt",2016,7,"Upland","WUE_ET_minus_WUE_E",0.52641550608965,-0.158602956369104,-0.296305255870262,-1.67736036712655,-2.49663388790555,0.819273520779
"US-Twt",2016,8,"Upland","WUE_ET_minus_WUE_E",0.641771003824074,0.505917116203368,0.999374487528728,-4.41442426637596,-4.4002048600619,-0.0142194063140577
"US-Twt",2016,9,"Upland","WUE_ET_minus_WUE_E",0.563563025114843,0.0553900697399817,-0.536195529317393,-2.92195287597014,-3.09440119775237,0.172448321782231
"US-Upa",1994,6,"Freshwater","WUE_ET_minus_WUE_E",0.444662249199639,-0.629553030431968,-0.757214204023592,-0.302264534918782,-0.686634997609907,0.384370462691125
"US-Upa",1994,8,"Freshwater","WUE_ET_minus_WUE_E",0.363240478576307,-1.09859353553352,0.735869773199022,-0.490436656295791,-0.326275219316655,-0.164161436979135
"US-Wpp",2015,5,"Upland","WUE_ET_minus_WUE_E",0.73526111982278,1.04447886565113,-0.850040842857914,-11.7830152198613,-7.333793747881,-4.44922147198031
"US-Wpp",2015,8,"Upland","WUE_ET_minus_WUE_E",0.303974040839823,-1.44000541688513,0.157407200076204,-0.993137621241101,-1.51695972367715,0.52382210243605
"US-xBA",2017,8,"Freshwater","WUE_ET_minus_WUE_E",0.512794400326822,-0.237069075174036,0.71210153410366,-1.44863994159035,-2.18673307933739,0.73809313774704
"US-xBA",2020,6,"Freshwater","WUE_ET_minus_WUE_E",0.483960719730127,-0.403169173556512,-0.226945199256626,-1.08086271094792,-1.89611263540752,0.8152499244596
"US-xBA",2020,7,"Freshwater","WUE_ET_minus_WUE_E",0.645295534009249,0.52622062232519,-0.163378750612964,-3.30330815246275,-3.7896960198133,0.486387867350556
"US-xBA",2021,6,"Freshwater","WUE_ET_minus_WUE_E",0.66359289009183,0.631624878131656,0.69123052320473,-4.09731000806658,-4.13931996729268,0.0420099592260961
"US-xBA",2021,8,"Freshwater","WUE_ET_minus_WUE_E",0.372328598414851,-1.04624026088891,-0.152880816125806,-2.17624525570828,-1.2842411111145,-0.892004144593785
"US-xBA",2022,6,"Freshwater","WUE_ET_minus_WUE_E",0.549559164075301,-0.0252809597042806,0.59022633465971,-1.82439767585827,-2.45801591600444,0.633618240146162
"US-xBA",2022,7,"Freshwater","WUE_ET_minus_WUE_E",0.560111464713933,0.0355069153767474,0.955010257292431,-3.99751158742414,-2.58991017110836,-1.40760141631579
"US-xBA",2023,8,"Freshwater","WUE_ET_minus_WUE_E",0.592003778408681,0.219226660227831,-0.307865151706334,-5.21881662283388,-2.98735956290252,-2.23145705993136
"US-xSB",2018,6,"Upland","WUE_ET_minus_WUE_E",0.411358162418931,-0.821405474391142,-0.0926556254153618,-1.25440296319567,-1.64247291524335,0.38806995204768
"US-xSB",2018,8,"Upland","WUE_ET_minus_WUE_E",0.299545342379705,-1.46551749979335,-0.0808534353478808,-0.700732131111566,-1.38890740519329,0.688175274081724
"US-xSB",2019,4,"Upland","WUE_ET_minus_WUE_E",0.381568066536204,-0.993015125137968,0.630495580366314,-0.634245879815465,-1.51673300460819,0.882487124792727
"US-xSB",2019,5,"Upland","WUE_ET_minus_WUE_E",0.312417512221863,-1.39136572197891,0.0591673707526944,-0.863958394141948,-1.38012907649787,0.516170682355924
"US-xSB",2019,10,"Upland","WUE_ET_minus_WUE_E",0.268964145083692,-1.64168439123432,0.761347788219191,-0.782543357768535,-1.34237279162924,0.559829433860709
"US-xSB",2020,4,"Upland","WUE_ET_minus_WUE_E",0.369166251092764,-1.06445736638665,0.854353901150418,-1.22485651733357,-1.47164424513788,0.246787727804306
"US-xSB",2020,5,"Upland","WUE_ET_minus_WUE_E",0.30406107944247,-1.43950401990203,-0.184831028014377,-1.01373002618193,-1.37391952118749,0.360189495005565
"US-xSB",2020,6,"Upland","WUE_ET_minus_WUE_E",0.419391073205383,-0.775130866213637,-0.375977526327174,-1.80469289818643,-1.70073916604731,-0.103953732139117
"US-xSB",2020,7,"Upland","WUE_ET_minus_WUE_E",0.426568611456998,-0.733783740731717,-0.975457171795359,-1.36312880337528,-1.78442372446824,0.421294921092956
"US-xSB",2020,8,"Upland","WUE_ET_minus_WUE_E",0.426324911624014,-0.735187604733702,-0.475667970498022,-1.29125987518969,-1.81564494935166,0.52438507416197
"US-xSB",2020,9,"Upland","WUE_ET_minus_WUE_E",0.508179077665565,-0.26365623061993,0.36475186671875,-2.04862790834851,-2.77530361000733,0.726675701658813
"US-xSB",2020,10,"Upland","WUE_ET_minus_WUE_E",0.436703720055017,-0.675399153665127,-0.286477763944041,-1.63446014884999,-1.88531865399316,0.250858505143167
"US-xSB",2021,4,"Upland","WUE_ET_minus_WUE_E",0.333003668987945,-1.27277653761529,0.803081253535717,-1.0330220698175,-1.3957147434725,0.362692673654994
"US-xSB",2021,6,"Upland","WUE_ET_minus_WUE_E",0.249383211132841,-1.7544828612302,0.26051236044895,-0.899169411733759,-1.28190447541977,0.382735063686011
"US-xSB",2021,7,"Upland","WUE_ET_minus_WUE_E",0.364421414094637,-1.09179060570568,0.295761906327684,-1.83234826439569,-1.44698930156041,-0.38535896283528
"US-xSB",2021,8,"Upland","WUE_ET_minus_WUE_E",0.371143199103148,-1.0530689049684,-0.36444371332927,-1.76533308930692,-1.5009093761278,-0.264423713179122
"US-xSB",2021,9,"Upland","WUE_ET_minus_WUE_E",0.304601348282282,-1.43639173227213,-0.274370947567979,-1.03764002042341,-1.36802401419604,0.330383993772636
"US-xSB",2022,3,"Upland","WUE_ET_minus_WUE_E",0.24538239167993,-1.77753009248847,0.926226068361069,-0.5921946530161,-1.3084168990283,0.716222246012201
"US-xSB",2022,4,"Upland","WUE_ET_minus_WUE_E",0.279163158876127,-1.58293167013627,0.670858547265705,-0.683482071017841,-1.35106587352523,0.667583802507393
"US-xSB",2022,9,"Upland","WUE_ET_minus_WUE_E",0.279282479574307,-1.58224430802029,0.986596561788474,-1.15918788155453,-1.34957746041493,0.1903895788604
"US-xSB",2023,3,"Upland","WUE_ET_minus_WUE_E",0.23156829421056,-1.85710796465892,-0.884246545861298,-0.549181716811875,-1.28461720958118,0.7354354927693
"US-xSB",2023,4,"Upland","WUE_ET_minus_WUE_E",0.305535584636027,-1.43100994447888,0.710723402262356,-1.01651434984067,-1.37028059303705,0.353766243196383
"US-xSB",2023,5,"Upland","WUE_ET_minus_WUE_E",0.348993529110098,-1.18066490689562,0.818608446884926,-1.42783040235374,-1.42556059172067,-0.00226981063307852
"US-xSB",2023,6,"Upland","WUE_ET_minus_WUE_E",0.377413943717411,-1.01694548000822,0.947625406851569,-1.43096746754892,-1.46374218847455,0.0327747209256222
"US-xSB",2023,7,"Upland","WUE_ET_minus_WUE_E",0.37275187243517,-1.04380193685387,0.034417341729353,-1.28399391419872,-1.47307436828132,0.189080454082594
"US-xSB",2023,9,"Upland","WUE_ET_minus_WUE_E",0.394238520811978,-0.920025355597481,-0.352872406948446,-1.43106783075488,-1.57424849624831,0.143180665493434
"US-xSB",2023,10,"Upland","WUE_ET_minus_WUE_E",0.175774197834071,-2.17851698027929,-0.675263810533224,-0.600450949380876,-1.14189813725598,0.541447187875101
"US-xSB",2024,3,"Upland","WUE_ET_minus_WUE_E",0.18864567717648,-2.10436918017683,-0.1425144879078,-0.484142276213494,-1.17778786359565,0.693645587382155
"US-xSB",2024,4,"Upland","WUE_ET_minus_WUE_E",0.304866306531188,-1.43486540645108,-0.363186950269495,-0.881215527583221,-1.36979996432056,0.488584436737334
"US-xSB",2024,5,"Upland","WUE_ET_minus_WUE_E",0.196410884407462,-2.05963671250934,-0.347416001989712,-0.62136844691405,-1.20935564724102,0.587987200326969
"US-xSB",2024,7,"Upland","WUE_ET_minus_WUE_E",0.312814940502997,-1.38907628562427,-0.422484645971252,-0.887356139049026,-1.36534640721277,0.477990268163746
"US-xSB",2024,8,"Upland","WUE_ET_minus_WUE_E",0.379215240103514,-1.00656888219774,0.404635038381425,-1.08816075127287,-1.5301138140872,0.441953062814329
"US-xSB",2024,9,"Upland","WUE_ET_minus_WUE_E",0.365717967080678,-1.08432164669375,0.868098810575762,-1.54173476401106,-1.4595453993608,-0.0821893646502585
"US-xSB",2024,10,"Upland","WUE_ET_minus_WUE_E",0.334341947035707,-1.26506721605813,0.791477811579412,-1.2222033911122,-1.39790138165573,0.175697990543527
"US-xSE",2017,9,"Upland","WUE_ET_minus_WUE_E",0.498185595121564,-0.321224962720418,-0.785413598193035,-2.50712412167549,-2.73134590092087,0.224221779245383
"US-xSE",2017,10,"Upland","WUE_ET_minus_WUE_E",0.503623390307907,-0.289899849285581,-0.235614225244191,-2.15266405494105,-2.81259672228979,0.659932667348741
"US-xSE",2018,6,"Upland","WUE_ET_minus_WUE_E",0.694114956856959,0.807451140600046,0.593209539657699,-0.519033827572449,-6.08898647431757,5.56995264674512
"US-xSE",2019,6,"Upland","WUE_ET_minus_WUE_E",0.588195875956182,0.197290751980881,0.550848176198358,-0.999320404389329,-4.10399148562678,3.10467108123745
"US-xSE",2019,7,"Upland","WUE_ET_minus_WUE_E",0.69436811913744,0.808909514238945,-0.0221664024647944,-2.25095644118611,-6.12144759457089,3.87049115338478
"US-xSE",2019,8,"Upland","WUE_ET_minus_WUE_E",0.715977307971897,0.933392005446825,-0.657557368332706,-2.97156196643077,-6.73611945023577,3.764557483805
"US-xSE",2020,5,"Upland","WUE_ET_minus_WUE_E",0.596130444272305,0.242998845802295,-0.610074460723418,-4.56038038514919,-4.27212033588193,-0.288260049267262
"US-xSE",2020,6,"Upland","WUE_ET_minus_WUE_E",0.668479577755267,0.659775266318802,-0.616848570964485,-3.40154109423668,-5.50558536875438,2.10404427451769
"US-xSE",2020,7,"Upland","WUE_ET_minus_WUE_E",0.726006254258267,0.991165030963014,0.368179048626155,-4.54289920451758,-7.00274462709894,2.45984542258136
"US-xSE",2020,9,"Upland","WUE_ET_minus_WUE_E",0.643508289133467,0.515924970033922,0.41431024492768,-3.99153641961812,-5.05817972504139,1.06664330542327
"US-xSE",2021,5,"Upland","WUE_ET_minus_WUE_E",0.629313893709765,0.434156342943463,-0.574365070326024,-6.78592000185039,-4.81604868259805,-1.96987131925233
"US-xSE",2021,6,"Upland","WUE_ET_minus_WUE_E",0.701640711037733,0.85080420839994,-0.0857552914221769,-9.11356742410855,-6.28128817758471,-2.83227924652384
"US-xSE",2021,7,"Upland","WUE_ET_minus_WUE_E",0.67966841382414,0.724229985014628,-0.404246893027911,-7.73074651004234,-5.77359472514909,-1.95715178489325
"US-xSE",2021,8,"Upland","WUE_ET_minus_WUE_E",0.630916679412021,0.443389394615027,0.58657010149185,-6.38474282430782,-4.86158473025118,-1.52315809405664
"US-xSE",2021,9,"Upland","WUE_ET_minus_WUE_E",0.67614386725638,0.703926384518833,0.293237841498905,-6.52243339002755,-5.70422395693507,-0.818209433092478
"US-xSE",2021,10,"Upland","WUE_ET_minus_WUE_E",0.665309960684087,0.641516282503254,-0.118503251827542,-9.36198239247235,-5.47732263126883,-3.88465976120352
"US-xSE",2022,5,"Upland","WUE_ET_minus_WUE_E",0.580857162320278,0.155015155119889,0.545631521806071,-5.6399926419614,-4.02807347660931,-1.61191916535209
"US-xSE",2022,6,"Upland","WUE_ET_minus_WUE_E",0.692538214401191,0.798368114374913,-0.506266710114532,-7.23262427844093,-6.04998108317483,-1.1826431952661
"US-xSE",2022,7,"Upland","WUE_ET_minus_WUE_E",0.647548999899577,0.539202000294948,0.439061001358182,-6.79205945506103,-5.1229636992166,-1.66909575584442
"US-xSE",2022,8,"Upland","WUE_ET_minus_WUE_E",0.700782486157661,0.845860294405464,-0.833112638295917,-6.5855958345353,-6.31825520144093,-0.267340633094375
"US-xSE",2022,9,"Upland","WUE_ET_minus_WUE_E",0.671525252810677,0.677320266328366,-0.502181527123817,-5.6258862175923,-5.60458932706257,-0.0212968905297348
"US-xSE",2022,10,"Upland","WUE_ET_minus_WUE_E",0.563303553671865,0.0538953513650037,0.755228671796817,-3.09078254453827,-3.74352664464026,0.65274410010199
"US-xSE",2023,4,"Upland","WUE_ET_minus_WUE_E",0.498490458820628,-0.319468756458858,0.993169001024413,-3.46105137374063,-2.73732971681833,-0.723721656922297
"US-xSE",2023,6,"Upland","WUE_ET_minus_WUE_E",0.652294745054313,0.566540471166064,-0.358088859003477,-8.58441500083488,-5.18520851074894,-3.39920649008594
"US-xSE",2023,8,"Upland","WUE_ET_minus_WUE_E",0.682648214862924,0.741395509341029,-0.888273104098116,-7.1624665817463,-5.87447178747412,-1.28799479427218
"US-xSE",2023,9,"Upland","WUE_ET_minus_WUE_E",0.61327766523955,0.341777601434761,0.501070631231144,-4.8420421777642,-4.54275137912919,-0.29929079863501
"US-xSE",2024,4,"Upland","WUE_ET_minus_WUE_E",0.417920670383862,-0.783601309398907,-0.396897651230483,-2.3864538664107,-1.82888465549176,-0.557569210918935
"US-xSE",2024,5,"Upland","WUE_ET_minus_WUE_E",0.640053610202087,0.496023850977766,0.0483779456824621,-4.66791218915204,-5.00264372269633,0.334731533544288
"US-xSE",2024,7,"Upland","WUE_ET_minus_WUE_E",0.679542960241253,0.723507293633274,-0.295404848790371,-8.05023218717621,-5.77077877888985,-2.27945340828635
"US-xSE",2024,8,"Upland","WUE_ET_minus_WUE_E",0.647530156256116,0.539093449080952,0.0366585655193709,-6.95191287840195,-5.15587634559142,-1.79603653281053
"US-xSE",2024,9,"Upland","WUE_ET_minus_WUE_E",0.511863286134351,-0.242432877358639,-0.76314318513262,-5.09411600651662,-2.93331971044422,-2.16079629607241
"US-A03",2015,6,"Saline","WUE_E_minus_WUE_T",0.252954658982922,-1.73390907990953,-0.250404030876904,-2.40718703315508,-4.39216132287341,1.98497428971833
"US-A03",2017,7,"Saline","WUE_E_minus_WUE_T",0.250778861320323,-1.74644304013727,-0.0793113825681002,-6.59147336136737,-4.45449734672187,-2.1369760146455
"US-A03",2018,7,"Saline","WUE_E_minus_WUE_T",0.187789984600124,-2.10929850651244,0.598347914505307,-8.06798123529301,-5.50315066990296,-2.56483056539005
"US-A03",2019,6,"Saline","WUE_E_minus_WUE_T",0.302171321440203,-1.45039021214666,0.808188625825573,-2.2509248470738,-3.57493909737886,1.32401425030506
"US-A03",2019,7,"Saline","WUE_E_minus_WUE_T",0.331341995117861,-1.28234882209611,0.887346387903712,-3.95204838396527,-3.1179338806874,-0.834114503277874
"US-A03",2020,6,"Saline","WUE_E_minus_WUE_T",0.314167304335341,-1.38128582110664,-0.337731962168077,-2.61139670622682,-3.37612732477856,0.764730618551741
"US-A03",2020,8,"Saline","WUE_E_minus_WUE_T",0.192817354833588,-2.08033769841917,-0.28847270881118,-8.57689888762029,-5.45264271502318,-3.12425617259712
"US-A03",2021,6,"Saline","WUE_E_minus_WUE_T",0.266150136996973,-1.65789484409294,0.440495390642731,-1.40599052410247,-4.17283431142293,2.76684378732045
"US-A10",2012,6,"Saline","WUE_E_minus_WUE_T",0.520663599078083,-0.191737551076989,0.139265404182261,0.0906626552015606,-0.0208473110244642,0.111509966226025
"US-A10",2012,7,"Saline","WUE_E_minus_WUE_T",0.457738390695981,-0.554226247861779,-0.860088491680558,-0.775719112711479,-1.07783722941375,0.302118116702269
"US-A10",2012,8,"Saline","WUE_E_minus_WUE_T",0.47526633742659,-0.453254272860758,-0.336805223964465,-0.532291391943916,-0.823697716126562,0.291406324182645
"US-A10",2013,6,"Saline","WUE_E_minus_WUE_T",0.384343965905968,-0.977024202408851,0.862521692993792,-0.827518049872917,-2.25829946783456,1.43078141796164
"US-A10",2013,8,"Saline","WUE_E_minus_WUE_T",0.426414096183479,-0.734673845692375,0.957961444250388,-2.0906534002254,-1.62537884705353,-0.465274553171868
"US-A10",2014,7,"Saline","WUE_E_minus_WUE_T",0.593621410370574,0.228545235673516,0.748660545720464,1.05071625895136,1.14642178362917,-0.0957055246778171
"US-A10",2015,8,"Saline","WUE_E_minus_WUE_T",0.508675476758599,-0.26079666026736,0.949190782838457,0.189756791948824,-0.276479674223045,0.466236466171869
"US-A10",2016,6,"Saline","WUE_E_minus_WUE_T",0.648791039965316,0.546356930669598,0.590823552008472,0.695347783919456,2.07515053545619,-1.37980275153673
"US-A10",2016,7,"Saline","WUE_E_minus_WUE_T",0.661600330688859,0.620146485293234,-0.483843682087474,4.64844135563346,2.25863255117116,2.3898088044623
"US-A10",2016,8,"Saline","WUE_E_minus_WUE_T",0.534196372299379,-0.113780283155298,-0.553789430441501,0.747922550549331,0.141169750020793,0.606752800528539
"US-A10",2017,6,"Saline","WUE_E_minus_WUE_T",0.714145392737973,0.922839023854246,0.0625297876892351,4.12788568040981,3.1450708854479,0.982814794961912
"US-A10",2017,7,"Saline","WUE_E_minus_WUE_T",0.626425018554229,0.417514608776362,0.896930669781346,3.22451618085621,1.68302463001619,1.54149155084002
"US-A10",2017,8,"Saline","WUE_E_minus_WUE_T",0.451891095705129,-0.587910337202882,0.723479985628111,-1.27402470163136,-1.20702829444594,-0.0669964071854217
"US-A10",2018,6,"Saline","WUE_E_minus_WUE_T",0.512749102964545,-0.237330016412721,0.393762242852899,0.0451880051016282,-0.150380948928628,0.195568954030257
"US-A10",2020,6,"Saline","WUE_E_minus_WUE_T",0.488547802541507,-0.37674469737132,-0.296499669165121,-0.152159690541907,-0.54665935628416,0.394499665742252
"US-A10",2020,7,"Saline","WUE_E_minus_WUE_T",0.584118448878044,0.173802212716709,-0.184251790173387,1.95740773591,0.99099398817078,0.966413747739216
"US-A10",2021,6,"Saline","WUE_E_minus_WUE_T",0.482147075093919,-0.41361690503827,0.676560581353335,-0.487272902387764,-0.65152278887336,0.164249886485595
"US-A10",2021,8,"Saline","WUE_E_minus_WUE_T",0.626406291613708,0.417406729844554,-0.141435486345317,2.67012322654929,1.64945893740562,1.02066428914366
"US-A10",2022,6,"Saline","WUE_E_minus_WUE_T",0.339571399352674,-1.23494228832226,0.536457205750764,-3.37976307004631,-2.99743986285846,-0.382323207187855
"US-A10",2022,7,"Saline","WUE_E_minus_WUE_T",0.52303866060968,-0.178055705891122,0.936293221570519,0.562175427542986,-0.00813782222066506,0.570313249763651
"US-A10",2022,8,"Saline","WUE_E_minus_WUE_T",0.431719802338575,-0.704109647986343,0.906030794455581,-1.93578420289798,-1.53820275766554,-0.397581445232432
"US-Atq",1999,6,"Freshwater","WUE_E_minus_WUE_T",0.613163621081762,0.341120635503375,-0.444222397443271,0.839795308146743,2.02388721840925,-1.1840919102625
"US-Atq",1999,7,"Freshwater","WUE_E_minus_WUE_T",0.560085984602099,0.0353601339393859,-0.715020884441495,0.382756552597395,1.02278375248423,-0.640027199886836
"US-Atq",1999,8,"Freshwater","WUE_E_minus_WUE_T",0.453295176385155,-0.579821951181293,-0.272356875769605,-0.32721054101741,-0.441953365192483,0.114742824175073
"US-Atq",2000,6,"Freshwater","WUE_E_minus_WUE_T",0.364258218326102,-1.09273071576615,-0.838656732308364,-2.0010080690869,-1.49182320912001,-0.509184859966886
"US-Atq",2000,7,"Freshwater","WUE_E_minus_WUE_T",0.725792928723939,0.989936141986438,0.834837214937121,1.58652513434607,5.33481115213916,-3.74828601779309
"US-Atq",2001,8,"Freshwater","WUE_E_minus_WUE_T",0.440778346215294,-0.651926749445894,0.725363358600853,-0.573694010730523,-0.598818768911213,0.0251247581806897
"US-Atq",2002,6,"Freshwater","WUE_E_minus_WUE_T",0.406286209381596,-0.850623107418164,0.584011274302304,-1.42648113230289,-0.97216987832208,-0.454311253980807
"US-Atq",2002,7,"Freshwater","WUE_E_minus_WUE_T",0.306630850423194,-1.42470052607518,-0.881957632962417,-2.23970268667472,-2.1666572231092,-0.0730454635655202
"US-Atq",2002,8,"Freshwater","WUE_E_minus_WUE_T",0.309497087813252,-1.40818919964636,0.157795464918514,-2.59050671191057,-2.1704797507526,-0.420026961157971
"US-Atq",2003,5,"Freshwater","WUE_E_minus_WUE_T",0.661982292058579,0.62234682252996,0.82682645240046,0.269892943796314,3.20431296117295,-2.93442001737663
"US-Atq",2003,8,"Freshwater","WUE_E_minus_WUE_T",0.721331944435714,0.964238072443362,0.9050683279522,0.719365534979127,5.13685351433182,-4.41748797935269
"US-Atq",2004,5,"Freshwater","WUE_E_minus_WUE_T",0.774041190873871,1.2678764161395,0.786836262209212,0.119180585267373,7.21760037553678,-7.0984197902694
"US-Atq",2004,6,"Freshwater","WUE_E_minus_WUE_T",0.675105252264189,0.69794331025241,-0.5091188277994,0.300633725514595,3.63463975649755,-3.33400603098295
"US-Atq",2004,7,"Freshwater","WUE_E_minus_WUE_T",0.591284486144797,0.215083085306958,0.893314003235786,0.382337735676597,1.55786539509756,-1.17552765942097
"US-Atq",2004,8,"Freshwater","WUE_E_minus_WUE_T",0.554508261580966,0.003228948347122,-0.539729212039169,0.282310158694843,0.903058041189854,-0.620747882495011
"US-Atq",2005,6,"Freshwater","WUE_E_minus_WUE_T",0.663647179125735,0.631937617042748,-0.41536463458611,0.294259697464163,3.29350547464575,-2.99924577718159
"US-Atq",2005,7,"Freshwater","WUE_E_minus_WUE_T",0.678063426021373,0.714984247861919,-0.842549508926646,0.856675137177518,3.69969299681064,-2.84301785963312
"US-Atq",2006,6,"Freshwater","WUE_E_minus_WUE_T",0.534575415641756,-0.111596755587634,0.982891222745219,0.125089870641068,0.670657756815141,-0.545567886174073
"US-Atq",2006,7,"Freshwater","WUE_E_minus_WUE_T",0.573467209298166,0.112444387232719,0.955154667586715,0.584137030682782,1.24071777407506,-0.656580743392283
"US-Atq",2006,8,"Freshwater","WUE_E_minus_WUE_T",0.483407993277769,-0.406353224854,0.17025918580074,-0.163213098297831,-0.0634763463043285,-0.0997367519935025
"US-Brw",1998,8,"Upland","WUE_E_minus_WUE_T",0.659668467888357,0.609017742982699,0.232559805894608,1.48596027084959,4.55427034257724,-3.06831007172765
"US-Brw",1999,7,"Upland","WUE_E_minus_WUE_T",0.687099319239596,0.767036664392199,-0.239693432655201,2.37679598008961,5.34716562786367,-2.97036964777406
"US-Brw",1999,8,"Upland","WUE_E_minus_WUE_T",0.633276328486358,0.45698245437308,0.374147154836023,2.58821838921539,3.86345694472437,-1.27523855550898
"US-Brw",2000,8,"Upland","WUE_E_minus_WUE_T",0.466175912363539,-0.505620827045459,0.404716342284351,-0.520696918948752,-0.40472972688833,-0.115967192060423
"US-Brw",2001,6,"Upland","WUE_E_minus_WUE_T",0.424520237725813,-0.745583659133842,-0.533936204446425,-0.192821668041892,-1.09148915453455,0.898667486492657
"US-Brw",2001,7,"Upland","WUE_E_minus_WUE_T",0.611830499463529,0.333441018216854,-0.237776308118008,1.51543832767715,3.33823845795781,-1.82280013028065
"US-Brw",2001,8,"Upland","WUE_E_minus_WUE_T",0.637064981087044,0.478807471390963,0.741478936695866,3.25773308104686,3.96177608848559,-0.704043007438725
"US-Brw",2002,6,"Upland","WUE_E_minus_WUE_T",0.268721878067357,-1.64308000131306,0.986834620089923,-1.04393912289441,-4.04337924620235,2.99944012330794
"US-Brw",2002,8,"Upland","WUE_E_minus_WUE_T",0.582881115073662,0.166674393361474,0.980558558239053,0.87171810804751,2.53426038373519,-1.66254227568768
"US-Brw",2003,7,"Upland","WUE_E_minus_WUE_T",0.618456847707112,0.371612943284992,0.68288427411896,1.59145890137477,3.51153706959347,-1.9200781682187
"US-Brw",2003,8,"Upland","WUE_E_minus_WUE_T",0.558057460164428,0.0236745599267813,0.672647997101647,0.946776543937722,1.85877454169768,-0.911997997759954
"US-Brw",2004,6,"Upland","WUE_E_minus_WUE_T",0.35872146508439,-1.12462588971328,-0.0586613160670657,-0.914740146657252,-2.06147782492477,1.14673767826752
"US-Brw",2004,8,"Upland","WUE_E_minus_WUE_T",0.424605947621433,-0.745089916337211,-0.358660946808893,-1.29842783371398,-1.14954449092683,-0.148883342787145
"US-Brw",2005,6,"Upland","WUE_E_minus_WUE_T",0.813985677594134,1.49798173175549,-0.624501240103282,1.25145395851183,10.2154977203052,-8.96404376179336
"US-Brw",2005,8,"Upland","WUE_E_minus_WUE_T",0.595448783947438,0.239072054470744,0.462473996673154,1.84809316004976,2.8717805781826,-1.02368741813283
"US-Brw",2006,6,"Upland","WUE_E_minus_WUE_T",0.440930084945738,-0.651052639116112,0.0399611107759245,-1.34218315611604,-0.818962351180638,-0.523220804935399
"US-BWb",2022,5,"Upland","WUE_E_minus_WUE_T",0.545474371972362,-0.0488119261341453,0.619044669156131,1.67735719368897,0.975171637982564,0.702185555706409
"US-BWb",2022,7,"Upland","WUE_E_minus_WUE_T",0.453197500559749,-0.580384625244185,0.161514104893223,-0.738873674353962,-1.18360853502535,0.444734860671387
"US-BWb",2022,8,"Upland","WUE_E_minus_WUE_T",0.589940733965301,0.207342229315041,-0.723519339034995,1.71720940136611,2.16464345899824,-0.447434057632137
"US-BWb",2022,9,"Upland","WUE_E_minus_WUE_T",0.589016000730925,0.202015185454222,-0.326251664198919,1.24649865561549,2.16425856142267,-0.917759905807185
"US-BWb",2023,4,"Upland","WUE_E_minus_WUE_T",0.51865320160882,-0.203318702373737,-0.448433922093017,0.376805026100999,0.270477361915667,0.106327664185332
"US-BWb",2023,6,"Upland","WUE_E_minus_WUE_T",0.398642535633576,-0.894655465940413,-0.653633181469406,-1.62953569170909,-2.04042518262351,0.410889490914425
"US-BWb",2023,7,"Upland","WUE_E_minus_WUE_T",0.592856604180637,0.224139471970679,-0.270066082733114,2.30724219712694,2.27603452674733,0.0312076703796169
"US-CAK",2025,4,"Upland","WUE_E_minus_WUE_T",0.289392811794131,-1.52400244844358,-0.119352178793491,-0.385545952201012,-3.34087004371033,2.95532409150932
"US-CAK",2025,6,"Upland","WUE_E_minus_WUE_T",0.78859792053832,1.35173231588437,0.945006341605289,6.83776982142332,9.2257970645319,-2.38802724310858
"US-CAK",2025,7,"Upland","WUE_E_minus_WUE_T",0.456217342467803,-0.562988440378185,-0.0732813578408601,-1.04311704772097,-0.41862394022071,-0.624493107500259
"US-Ced",2005,7,"Upland","WUE_E_minus_WUE_T",0.802228998179999,1.43025587897057,-0.591665886388359,8.35135647941843,9.0722215196976,-0.72086504027917
"US-Ced",2006,4,"Upland","WUE_E_minus_WUE_T",0.605479875964593,0.296857440743076,-0.204298604897227,1.69822779199254,2.57731735362427,-0.879089561631724
"US-Ced",2006,5,"Upland","WUE_E_minus_WUE_T",0.754466540884372,1.15511414570529,-0.884822224149705,5.14665573046824,7.03390554678097,-1.88724981631273
"US-Ced",2006,6,"Upland","WUE_E_minus_WUE_T",0.788444298384698,1.35084735585491,0.833965163124888,9.55566959634399,8.48740294641851,1.06826664992548
"US-Ced",2006,7,"Upland","WUE_E_minus_WUE_T",0.813131596247967,1.4930616871171,-0.015053913513524,10.3698938187363,9.56678572139388,0.803108097342429
"US-Ced",2006,10,"Upland","WUE_E_minus_WUE_T",0.621776539400409,0.390736451121843,0.704216657345518,2.28622630526827,3.00370594456168,-0.717479639293409
"US-Ced",2007,6,"Upland","WUE_E_minus_WUE_T",0.750277292930015,1.13098144800706,0.890175284623497,6.74407264698325,6.91221222877566,-0.168139581792411
"US-Ced",2007,7,"Upland","WUE_E_minus_WUE_T",0.754290792064341,1.15410172218898,0.193986166062214,6.14160660168017,7.04211132940348,-0.90050472772331
"US-Ced",2007,8,"Upland","WUE_E_minus_WUE_T",0.790749626016849,1.36412749000983,0.0726167385885286,9.20982608287117,8.52888657862951,0.680939504241662
"US-Ced",2008,5,"Upland","WUE_E_minus_WUE_T",0.545645680845991,-0.0478250794959486,0.752124046681053,0.701961215417275,0.956101791886479,-0.254140576469204
"US-Ced",2008,6,"Upland","WUE_E_minus_WUE_T",0.65008427316488,0.553806765627668,-0.575440663887446,2.65717193174374,3.77705335055093,-1.1198814188072
"US-Ced",2008,7,"Upland","WUE_E_minus_WUE_T",0.735709197230936,1.04706007276856,-0.47638393216528,6.1395002435453,6.34089798098972,-0.201397737444425
"US-Ced",2008,8,"Upland","WUE_E_minus_WUE_T",0.655205093202905,0.583305903251202,-0.997063882680206,3.40003722636629,3.85239920461674,-0.452361978250451
"US-Ced",2008,10,"Upland","WUE_E_minus_WUE_T",0.820288394469581,1.53428933700824,-0.924418525354317,11.0244749465939,9.88488757697536,1.13958736961851
"US-Ced",2009,5,"Upland","WUE_E_minus_WUE_T",0.698616564305052,0.833383225042064,0.563202137019947,4.17376141794227,5.09108643582241,-0.917325017880136
"US-Ced",2009,7,"Upland","WUE_E_minus_WUE_T",0.843705803333667,1.66918831055909,0.317648597055317,11.809398042066,10.9890361807272,0.820361861338821
"US-Ced",2009,9,"Upland","WUE_E_minus_WUE_T",0.795449747728448,1.39120314121183,0.51220230219816,10.1557938719955,8.76070001777926,1.39509385421626
"US-Ced",2009,10,"Upland","WUE_E_minus_WUE_T",0.720191780237203,0.957670011008755,0.893124018558542,5.69528261205053,5.78713861088464,-0.0918559988341112
"US-Ced",2010,5,"Upland","WUE_E_minus_WUE_T",0.736102375035927,1.04932502371271,-0.209649778841126,6.00541091103672,6.34006738104663,-0.334656470009913
"US-Ced",2010,10,"Upland","WUE_E_minus_WUE_T",0.763110888460759,1.20491101357566,0.58478602238873,7.77132948040165,7.38267471576074,0.388654764640914
"US-Ced",2011,7,"Upland","WUE_E_minus_WUE_T",0.785148757325337,1.33186297082825,-0.522902270645475,8.44852104099669,8.31798296705234,0.130538073944352
"US-Ced",2011,10,"Upland","WUE_E_minus_WUE_T",0.727179400071141,0.997923087198049,0.203941544671681,5.34974128724853,6.02675719655133,-0.677015909302796
"US-Ced",2012,5,"Upland","WUE_E_minus_WUE_T",0.718472710672755,0.947767091302631,0.646397030693124,5.5861584182225,5.72517103408233,-0.139012615859829
"US-Ced",2012,6,"Upland","WUE_E_minus_WUE_T",0.805481686753119,1.4489934067791,0.441425009872163,8.69710096599508,9.24499671972524,-0.547895753730158
"US-Ced",2012,8,"Upland","WUE_E_minus_WUE_T",0.854925761791441,1.73382231374969,0.128078301123783,14.1360000102582,11.4854978000747,2.65050221018353
"US-Ced",2012,9,"Upland","WUE_E_minus_WUE_T",0.786540153264847,1.33987828478259,0.444410305229252,6.90198422523128,8.36951098976317,-1.46752676453189
"US-Ced",2013,5,"Upland","WUE_E_minus_WUE_T",0.688826841834971,0.776988278862211,0.0808019294131627,3.58831504375154,4.79892564095721,-1.21061059720568
"US-Ced",2013,7,"Upland","WUE_E_minus_WUE_T",0.814405116562627,1.50039796348486,0.29088179307087,9.68416475854508,9.6250982806832,0.0590664778618795
"US-Ced",2013,8,"Upland","WUE_E_minus_WUE_T",0.815287102037235,1.50547875341776,0.2468754676111,9.64717094519619,9.6322837578168,0.0148871873793883
"US-Ced",2013,9,"Upland","WUE_E_minus_WUE_T",0.792524334300476,1.37435092366138,-0.945233717801286,7.85426128253269,8.63137641211303,-0.777115129580341
"US-Ced",2013,10,"Upland","WUE_E_minus_WUE_T",0.790051770067388,1.36010740171504,-0.988844873004719,7.37664801138933,8.52067013125309,-1.14402211986376
"US-Ced",2014,5,"Upland","WUE_E_minus_WUE_T",0.68734283802954,0.768439485472641,0.150632676226366,3.58716008830436,4.75568243573444,-1.16852234743008
"US-Ced",2014,6,"Upland","WUE_E_minus_WUE_T",0.757295383033449,1.17141005207403,-0.499229074795508,7.10357310244205,7.18669700537525,-0.0831239029331989
"US-Ced",2014,7,"Upland","WUE_E_minus_WUE_T",0.82901937093513,1.58458524165487,0.954434013302159,11.529779303109,10.3008163702899,1.22896293281907
"US-Ced",2014,8,"Upland","WUE_E_minus_WUE_T",0.777789767380148,1.28947056969887,0.75210645888904,8.40864978348144,7.96924306635248,0.439406717128968
"US-Ced",2014,9,"Upland","WUE_E_minus_WUE_T",0.769466859850777,1.2415253982588,-0.641137913014734,7.8206131873987,7.64488958891431,0.175723598484392
"US-Ced",2014,10,"Upland","WUE_E_minus_WUE_T",0.744925469482062,1.10015158574755,0.0270703760850305,6.51923172558515,6.6709783686351,-0.151746643049949
"US-CGG",2020,3,"Upland","WUE_E_minus_WUE_T",0.544169398950239,-0.0563293898389318,-0.17001428196357,0.770549851108995,0.892393302701686,-0.121843451592691
"US-CGG",2020,4,"Upland","WUE_E_minus_WUE_T",0.466127108981759,-0.505901965157116,-0.0322040626884441,-0.648270331070281,-0.998927175054524,0.350656843984244
"US-CGG",2021,2,"Upland","WUE_E_minus_WUE_T",0.151304207544846,-2.31947948351672,-0.649453458565462,-10.9092941897062,-9.57047900237977,-1.33881518732644
"US-CGG",2021,3,"Upland","WUE_E_minus_WUE_T",0.299536446646414,-1.46556874480072,-0.293707060629872,-5.25794415048493,-3.84465669614313,-1.41328745434181
"US-CGG",2022,3,"Upland","WUE_E_minus_WUE_T",0.557585119592976,0.0209535817594219,-0.891280025786415,1.27920202607099,1.25679469235846,0.022407333712535
"US-CGG",2022,4,"Upland","WUE_E_minus_WUE_T",0.530297535846461,-0.136240028321546,0.224348525336364,0.657776197414279,0.517407227970353,0.140368969443926
"US-CGG",2023,2,"Upland","WUE_E_minus_WUE_T",0.509978639264915,-0.253289626270033,0.448697473770403,0.114094378257125,-0.00115011788205877,0.115244496139184
"US-CGG",2024,3,"Upland","WUE_E_minus_WUE_T",0.590382233950553,0.20988554634806,0.715904285578071,1.88693282343551,2.14714432556891,-0.260211502133405
"US-CGG",2024,4,"Upland","WUE_E_minus_WUE_T",0.656379681489469,0.590072269040088,0.292679974868755,3.96959205004191,3.87371254848272,0.0958795015591889
"US-CGG",2024,5,"Upland","WUE_E_minus_WUE_T",0.502317802758648,-0.297420853052395,0.380173165056691,0.0383251911892657,-0.198181162236716,0.236506353425981
"US-CGG",2025,3,"Upland","WUE_E_minus_WUE_T",0.713867608499326,0.921238812281758,0.208302721856359,4.9312682912087,5.54898059640219,-0.617712305193486
"US-Cms",1999,7,"Upland","WUE_E_minus_WUE_T",0.724958925901673,0.98513176224848,-0.239693432655201,4.30076879936363,6.13127327978658,-1.83050448042295
"US-Cms",1999,8,"Upland","WUE_E_minus_WUE_T",0.544979806826913,-0.0516609317975057,0.374147154836023,1.06889929484275,1.09057527308403,-0.021675978241285
"US-Cms",2000,8,"Upland","WUE_E_minus_WUE_T",0.533395569260495,-0.118393411302345,0.404716342284351,0.697120141568351,0.779870262470126,-0.0827501209017756
"US-Cms",2001,6,"Upland","WUE_E_minus_WUE_T",0.631237625162998,0.445238243589891,-0.533936204446425,0.403604787365273,3.45716419124672,-3.05355940388145
"US-Cms",2001,7,"Upland","WUE_E_minus_WUE_T",0.68677198064929,0.765150988650185,-0.237776308118008,2.1440860553013,4.92485600335666,-2.78076994805537
"US-Cms",2001,8,"Upland","WUE_E_minus_WUE_T",0.683939813185782,0.748835926383103,0.741478936695866,3.32740379043288,4.80996278179968,-1.4825589913668
"US-Cms",2002,6,"Upland","WUE_E_minus_WUE_T",0.645744668639857,0.528807919707528,0.986834620089923,0.378378209874428,3.83419301594643,-3.455814806072
"US-Cms",2003,7,"Upland","WUE_E_minus_WUE_T",0.615727894851515,0.355892461944577,0.68288427411896,3.352168569425,3.0274637632354,0.324704806189595
"US-Cms",2003,8,"Upland","WUE_E_minus_WUE_T",0.624083671386951,0.4040269794906,0.672647997101647,3.22557981723254,3.211982208411,0.0135976088215384
"US-Cms",2004,6,"Upland","WUE_E_minus_WUE_T",0.645567495764351,0.527787292737841,-0.0586613160670657,1.58931882657867,3.82956984655238,-2.2402510199737
"US-Cms",2004,8,"Upland","WUE_E_minus_WUE_T",0.531347638277852,-0.130190779194964,-0.358660946808893,0.390109229493732,0.725563500154559,-0.335454270660827
"US-Cms",2005,7,"Upland","WUE_E_minus_WUE_T",0.76303070916055,1.20444913048001,-0.808667178863509,4.99971235079443,7.56094616019054,-2.56123380939611
"US-Cms",2005,8,"Upland","WUE_E_minus_WUE_T",0.727701085655767,1.00092832361386,0.462473996673154,6.44646423638906,6.19322235895264,0.25324187743642
"US-Dix",2005,5,"Upland","WUE_E_minus_WUE_T",0.731997633748548,1.02567913745889,-0.615868148656485,5.15583087637386,6.14494284147022,-0.989111965096354
"US-Dix",2005,6,"Upland","WUE_E_minus_WUE_T",0.723712852713046,0.977953598554511,-0.134825146387107,5.91091609542764,5.89648649929912,0.0144295961285215
"US-Dix",2005,7,"Upland","WUE_E_minus_WUE_T",0.789629863037022,1.35767695240015,-0.607707786088264,7.72703141330846,8.46562649235718,-0.738595079048722
"US-Dix",2006,5,"Upland","WUE_E_minus_WUE_T",0.575884533466549,0.126369691733622,-0.880321285793,1.72067614050433,1.73191594496049,-0.0112398044561595
"US-Dix",2006,6,"Upland","WUE_E_minus_WUE_T",0.562749733542488,0.0507049998014127,0.8313048672139,1.35197736839291,1.41529929855535,-0.0633219301624375
"US-Dix",2006,7,"Upland","WUE_E_minus_WUE_T",0.641464035211247,0.504148784317332,-0.0239641013677031,3.49247738412099,3.47843783186142,0.0140395522595673
"US-Dix",2007,7,"Upland","WUE_E_minus_WUE_T",0.573462218077997,0.112415634671687,0.198309411349725,1.32886529852179,1.68115345627801,-0.352288157756218
"US-Dix",2007,8,"Upland","WUE_E_minus_WUE_T",0.692642842891556,0.798970840151981,0.0706381449223179,5.45784110995172,4.84574536281239,0.612095747139328
"US-Dmg",2022,4,"Freshwater","WUE_E_minus_WUE_T",0.553414016775882,-0.00307458855894211,0.21950715967657,0.476183281315855,0.745816571284719,-0.269633289968864
"US-Dmg",2022,6,"Freshwater","WUE_E_minus_WUE_T",0.623161151432975,0.3987126855141,-0.793528127154536,1.73599357365573,2.08238852469445,-0.346394951038717
"US-Dmg",2022,8,"Freshwater","WUE_E_minus_WUE_T",0.630628459406826,0.441729066476961,-0.495748891486527,1.72736438605868,2.19791894954748,-0.470554563488807
"US-Dmg",2022,9,"Freshwater","WUE_E_minus_WUE_T",0.524992152832371,-0.166802364532557,-0.282926593624064,0.273441392762114,0.339663408709269,-0.0662220159471555
"US-Dmg",2022,10,"Freshwater","WUE_E_minus_WUE_T",0.511883715497916,-0.242315191401533,-0.316311140246945,0.157028673579682,0.162084708337844,-0.00505603475816224
"US-Dmg",2023,8,"Freshwater","WUE_E_minus_WUE_T",0.641703824221476,0.505530119525528,-0.365183668005962,2.27034702472264,2.47241613190087,-0.202069107178229
"US-Dmg",2024,4,"Freshwater","WUE_E_minus_WUE_T",0.58659721815811,0.188081479628392,0.409998784181741,0.746810002767795,1.29732628702633,-0.550516284258536
"US-Dmg",2024,5,"Freshwater","WUE_E_minus_WUE_T",0.643887249156832,0.518108017631782,0.460864850300177,1.8716534249032,2.54685209601642,-0.675198671113222
"US-Dmg",2024,6,"Freshwater","WUE_E_minus_WUE_T",0.627336796410169,0.422767021525637,-0.442553510335918,1.70891358366575,2.17922788810002,-0.470314304434266
"US-Dmg",2024,8,"Freshwater","WUE_E_minus_WUE_T",0.583584048763496,0.170723732627964,0.141908774458449,1.09560571480906,1.22000107890904,-0.124395364099978
"US-Dmg",2024,9,"Freshwater","WUE_E_minus_WUE_T",0.509784689878995,-0.254406896469879,0.0935548864636732,0.12065989409994,0.136543947687701,-0.015884053587761
"US-Dmg",2025,4,"Freshwater","WUE_E_minus_WUE_T",0.574663671393414,0.119336759889244,-0.370134727746047,0.699158651620039,1.08718345975052,-0.388024808130482
"US-Dmg",2025,5,"Freshwater","WUE_E_minus_WUE_T",0.6333637471573,0.457486040788117,-0.514940813009019,1.52585155902324,2.28218956132986,-0.756338002306616
"US-Dmg",2025,6,"Freshwater","WUE_E_minus_WUE_T",0.657533817666579,0.596720817841266,0.55071964765448,2.32002980329868,2.95611234261077,-0.636082539312093
"US-Dmg",2025,8,"Freshwater","WUE_E_minus_WUE_T",0.627395615116888,0.423105854195298,-0.202616057635113,1.55525246550528,2.12119298201494,-0.565940516509666
"US-EDN",2018,4,"Saline","WUE_E_minus_WUE_T",0.365589157562322,-1.08506367036985,0.780146601401199,-0.537093959560819,-1.21617560966413,0.679081650103312
"US-EDN",2018,5,"Saline","WUE_E_minus_WUE_T",0.36771591463042,-1.07281221474794,-0.600312342399067,-0.832512490448923,-1.18577225207174,0.353259761622816
"US-EDN",2018,6,"Saline","WUE_E_minus_WUE_T",0.377491619337831,-1.01649801967965,-0.804828565602857,-0.641947393992882,-0.983262592693976,0.341315198701095
"US-EDN",2018,8,"Saline","WUE_E_minus_WUE_T",0.451888479423485,-0.587925408627323,0.151100955883804,-0.382228685646504,0.180929705205872,-0.563158390852376
"US-EDN",2018,9,"Saline","WUE_E_minus_WUE_T",0.417237161141795,-0.78753875165405,-0.447822532657852,-0.624875107229289,-0.363786030175621,-0.261089077053668
"US-EDN",2019,3,"Saline","WUE_E_minus_WUE_T",0.373007270391193,-1.04233068432057,0.646655584246073,-0.626356531077353,-1.08966731727731,0.463310786199956
"US-EDN",2019,4,"Saline","WUE_E_minus_WUE_T",0.35243219067949,-1.16085605789819,-0.778522394742302,-0.974416956300503,-1.43342887432617,0.459011918025668
"US-EDN",2019,6,"Saline","WUE_E_minus_WUE_T",0.348999325827135,-1.18063151416704,-0.429866562155101,-1.10077691327762,-1.45359018915775,0.352813275880127
"US-EDN",2019,7,"Saline","WUE_E_minus_WUE_T",0.392570717236153,-0.929632951030819,0.188727907065059,-0.819975641902495,-0.76090934364463,-0.0590662982578647
"US-EDN",2019,9,"Saline","WUE_E_minus_WUE_T",0.271735887762646,-1.62571741365332,-0.851063468453787,-1.72124584166575,-2.7687967928825,1.04755095121674
"US-EDN",2020,3,"Saline","WUE_E_minus_WUE_T",0.369953707949635,-1.05992112062505,0.0416338698577292,-0.778278197159337,-1.14004199045938,0.361763793300038
"US-EDN",2020,4,"Saline","WUE_E_minus_WUE_T",0.33694278903771,-1.25008473364625,0.511255759253983,-1.11492157053558,-1.68946932731331,0.574547756777736
"US-EDN",2020,5,"Saline","WUE_E_minus_WUE_T",0.37821697307117,-1.01231952689009,-0.203199609570871,-0.839470222896563,-1.01255526405104,0.173085041154476
"US-EDN",2020,7,"Saline","WUE_E_minus_WUE_T",0.329870424806313,-1.29082599075673,-0.490482845547282,-1.31193000938497,-1.79607159348861,0.484141584103635
"US-EDN",2021,3,"Saline","WUE_E_minus_WUE_T",0.196876077488321,-2.05695690837409,-0.651603603077906,-2.18781110757036,-4.011839571703,1.82402846413264
"US-EDN",2021,8,"Saline","WUE_E_minus_WUE_T",0.372405404888509,-1.04579780739123,0.654335719390029,-1.139807937336,-1.1265651301195,-0.0132428072165007
"US-EDN",2021,9,"Saline","WUE_E_minus_WUE_T",0.290514639228106,-1.51754001828221,-0.425735666410375,-2.10011421509126,-2.45703832337188,0.356924108280621
"US-EDN",2022,4,"Saline","WUE_E_minus_WUE_T",0.413718099908875,-0.807810753178161,-0.0208109206391319,-0.622705099117233,-0.423243778726826,-0.199461320390408
"US-EDN",2022,7,"Saline","WUE_E_minus_WUE_T",0.378626221088731,-1.00996200143468,0.117299377174695,-1.27511132461667,-0.990711755837768,-0.284399568778902
"US-EDN",2023,7,"Saline","WUE_E_minus_WUE_T",0.323036872030836,-1.33019154398543,-0.327273523309976,-2.43946612469166,-1.90918096865464,-0.530285156037017
"US-EDN",2024,3,"Saline","WUE_E_minus_WUE_T",0.412473087806656,-0.814982804348402,0.517175626851818,-0.604031750192328,-0.439609824028333,-0.164421926163995
"US-EDN",2024,4,"Saline","WUE_E_minus_WUE_T",0.426104124261665,-0.73645947852327,0.29701813134633,-0.63078614484356,-0.219613712635981,-0.411172432207578
"US-EDN",2024,5,"Saline","WUE_E_minus_WUE_T",0.385806504806336,-0.968599060345402,0.321352114184938,-1.10945660272611,-0.887448470196335,-0.222008132529771
"US-EDN",2024,6,"Saline","WUE_E_minus_WUE_T",0.341258751662716,-1.2252220799096,-0.956400777056965,-2.0067712833619,-1.5815381036491,-0.425233179712803
"US-EKH",2022,7,"Saline","WUE_E_minus_WUE_T",0.381225028790452,-0.994991237869296,-0.35934283089688,-0.808206268849719,-1.28702662294427,0.478820354094554
"US-EKH",2023,2,"Saline","WUE_E_minus_WUE_T",0.362561288137943,-1.10250609876854,0.179411251242535,-0.787626522483132,-1.60122788085484,0.813601358371707
"US-EKH",2023,5,"Saline","WUE_E_minus_WUE_T",0.352899159668643,-1.15816602341648,0.733939971135897,-1.3708473087549,-1.76956941326191,0.398722104507016
"US-EKH",2023,6,"Saline","WUE_E_minus_WUE_T",0.220700686028164,-1.91971220910231,0.930230758535607,-4.39758079447993,-3.92176340302336,-0.475817391456573
"US-EKH",2023,8,"Saline","WUE_E_minus_WUE_T",0.236716279431713,-1.82745233852969,-0.668545256162851,-5.14985663727877,-3.71461857592132,-1.43523806135745
"US-EKH",2024,2,"Saline","WUE_E_minus_WUE_T",0.399488223888882,-0.889783770773498,0.716215327171834,-0.80097351991772,-0.992471468967634,0.191497949049914
"US-EKH",2024,3,"Saline","WUE_E_minus_WUE_T",0.509006137221368,-0.258891848454902,0.358547903300228,0.0841812878111803,0.804743378036789,-0.720562090225609
"US-EKH",2024,5,"Saline","WUE_E_minus_WUE_T",0.400645999534734,-0.88311425634797,0.266986685534067,-0.874015741258297,-0.982192677682673,0.108176936424376
"US-EKH",2024,8,"Saline","WUE_E_minus_WUE_T",0.168555118026084,-2.22010341120047,-0.93561142537519,-3.60590160278689,-4.8499225201367,1.24402091734982
"US-EKN",2024,3,"Saline","WUE_E_minus_WUE_T",0.501138375730909,-0.304215093027603,0.358547903300228,0.00291210958975885,0.54345766478506,-0.540545555195301
"US-EKN",2024,4,"Saline","WUE_E_minus_WUE_T",0.597101476655095,0.248592601818739,0.270690515876375,0.171356227823034,2.10930569857914,-1.9379494707561
"US-EKN",2024,5,"Saline","WUE_E_minus_WUE_T",0.681119741608198,0.732590544011211,0.266986685534067,0.367749354695686,3.47942243564797,-3.11167308095228
"US-EKP",2022,7,"Saline","WUE_E_minus_WUE_T",0.625258104860107,0.410792453457081,-0.35934283089688,3.3717478800282,1.53033788599213,1.84140999403608
"US-EKP",2023,5,"Saline","WUE_E_minus_WUE_T",0.318881162544552,-1.35413103905635,0.733939971135897,-2.61228864957196,-3.51468549241091,0.902396842838951
"US-EKP",2023,6,"Saline","WUE_E_minus_WUE_T",0.620424426578998,0.38294743258474,0.930230758535607,3.36796540225149,1.47741679087066,1.89054861138083
"US-EKP",2023,8,"Saline","WUE_E_minus_WUE_T",0.63634226254093,0.474644158933861,-0.668545256162851,4.02376966497884,1.67843061298694,2.3453390519919
"US-EKP",2023,9,"Saline","WUE_E_minus_WUE_T",0.48240185998162,-0.412149184163313,0.533555536053897,-0.415906481201024,-0.815915948199757,0.400009466998732
"US-EKP",2024,5,"Saline","WUE_E_minus_WUE_T",0.685059637636896,0.755286818105974,0.266986685534067,4.10138034889947,2.49396489719313,1.60741545170634
"US-EKP",2024,8,"Saline","WUE_E_minus_WUE_T",0.648433537193505,0.544297490308847,-0.93561142537519,3.98374047078078,1.87628768908144,2.10745278169934
"US-EKP",2024,9,"Saline","WUE_E_minus_WUE_T",0.54812885812124,-0.0335204197652303,-0.686358222912867,1.44555150649682,0.259941320226842,1.18561018626998
"US-Elm",2015,4,"Freshwater","WUE_E_minus_WUE_T",0.570034267959155,0.0926684903527206,0.984181682958889,0.191268337324591,1.87682788306626,-1.68555954574167
"US-Elm",2016,3,"Freshwater","WUE_E_minus_WUE_T",0.386881817108546,-0.962404586539326,0.0815376260268104,-0.383518891691042,-0.542903594935313,0.159384703244271
"US-Elm",2016,5,"Freshwater","WUE_E_minus_WUE_T",0.518854809339885,-0.202157315298912,0.447652972000238,0.0410089155384454,1.11781685212741,-1.07680793658897
"US-Elm",2016,6,"Freshwater","WUE_E_minus_WUE_T",0.583058681832385,0.167697289345718,-0.527677326220364,0.209994730286243,2.13737040498069,-1.92737567469445
"US-Elm",2017,3,"Freshwater","WUE_E_minus_WUE_T",0.495485611042391,-0.336778565725691,-0.199625854460786,-0.0136819582570934,0.821168742895877,-0.83485070115297
"US-Elm",2017,4,"Freshwater","WUE_E_minus_WUE_T",0.596015874378297,0.242338851300294,0.0930618452793378,0.32357295931979,2.34151282953722,-2.01793987021744
"US-Elm",2017,5,"Freshwater","WUE_E_minus_WUE_T",0.542734470739306,-0.0645954770007295,-0.764840646470992,0.091349968273925,1.44986678767824,-1.35851681940432
"US-Elm",2017,6,"Freshwater","WUE_E_minus_WUE_T",0.577252850938858,0.134252059231135,0.69585595871411,0.174329588330852,2.0354475009525,-1.86111791262165
"US-Elm",2017,7,"Freshwater","WUE_E_minus_WUE_T",0.495790152560201,-0.335024215430372,0.234069673299179,-0.00553628797173128,0.831361700100708,-0.83689798807244
"US-Elm",2018,4,"Freshwater","WUE_E_minus_WUE_T",0.520503461477359,-0.192660044171333,-0.2039720058512,0.0510213117800146,1.14464702239143,-1.09362571061141
"US-Elm",2018,6,"Freshwater","WUE_E_minus_WUE_T",0.352936486323493,-1.15795099845558,-0.699388250913771,-0.419496102616503,-0.923230445768326,0.503734343151823
"US-Elm",2018,7,"Freshwater","WUE_E_minus_WUE_T",0.390227366710319,-0.943132120919324,-0.703178739653629,-0.124007086059682,-0.495040446541595,0.371033360481913
"US-Elm",2019,4,"Freshwater","WUE_E_minus_WUE_T",0.47070241370146,-0.479545338172794,-0.442638676709738,-0.0580946949954842,0.503158726371114,-0.561253421366598
"US-Elm",2019,5,"Freshwater","WUE_E_minus_WUE_T",0.53215543308155,-0.125537374094041,-0.345164484751196,0.0627611576742251,1.29945555809559,-1.23669440042137
"US-Elm",2019,6,"Freshwater","WUE_E_minus_WUE_T",0.380609904024022,-0.998534742621629,-0.315294710569981,-0.227750142634012,-0.588084344055963,0.360334201421951
"US-Elm",2019,7,"Freshwater","WUE_E_minus_WUE_T",0.452077018017983,-0.586839307982278,-0.529166948577655,-0.0953637096863172,0.279981280019107,-0.375344989705424
"US-Elm",2020,4,"Freshwater","WUE_E_minus_WUE_T",0.510024549074931,-0.253025156947954,-0.491521083449654,0.0301882853837928,1.005454299141,-0.975266013757206
"US-Elm",2020,6,"Freshwater","WUE_E_minus_WUE_T",0.540019032517516,-0.0802381055676323,-0.498141553856429,0.0208138940053467,1.45192983262702,-1.43111593862168
"US-Elm",2020,7,"Freshwater","WUE_E_minus_WUE_T",0.467970977395962,-0.495280125743436,0.879347764133156,-0.0344168867434924,0.479252591820798,-0.513669478564291
"US-Elm",2021,4,"Freshwater","WUE_E_minus_WUE_T",0.544691571830902,-0.0533213462920849,-0.380966239777625,0.0824528086417071,1.48307751673484,-1.40062470809313
"US-Elm",2021,6,"Freshwater","WUE_E_minus_WUE_T",0.595157710603515,0.23739528931064,0.174170925869524,0.226119483976633,2.36153168020632,-2.13541219622969
"US-Elm",2021,7,"Freshwater","WUE_E_minus_WUE_T",0.596165939359718,0.243203319785129,0.734037433069575,0.114573270416206,2.35481533158461,-2.2402420611684
"US-Elm",2022,3,"Freshwater","WUE_E_minus_WUE_T",0.407030383307382,-0.846336198507169,-0.306641315536437,-0.0852709017927889,-0.291349867485029,0.20607896569224
"US-Elm",2022,4,"Freshwater","WUE_E_minus_WUE_T",0.45256979156281,-0.584000623063036,0.143920373091716,-0.112149869807608,0.275754649366086,-0.387904519173694
"US-Elm",2022,5,"Freshwater","WUE_E_minus_WUE_T",0.417491496604545,-0.786073619748906,0.329811442337019,-0.102348410754461,-0.168906631486422,0.0665582207319608
"US-Elm",2023,3,"Freshwater","WUE_E_minus_WUE_T",0.39249588246108,-0.930064046307071,-0.417421107345096,-0.292693818390167,-0.473084817695805,0.180390999305638
"US-Elm",2023,5,"Freshwater","WUE_E_minus_WUE_T",0.436034676051139,-0.679253267068848,0.562122277518312,-0.229583846851918,0.0638020541043804,-0.293385900956298
"US-Elm",2023,6,"Freshwater","WUE_E_minus_WUE_T",0.394105018490068,-0.920794412767589,0.236696116676574,-0.299362390131525,-0.420578125135005,0.12121573500348
"US-Elm",2023,7,"Freshwater","WUE_E_minus_WUE_T",0.335314936707873,-1.25946218482634,-0.174516772074855,-0.259046954213001,-1.15339854251431,0.894351588301306
"US-Esm",2016,2,"Freshwater","WUE_E_minus_WUE_T",0.119505111546532,-2.50266223592604,0.400048858257894,-2.02750305293279,-2.08670046880066,0.0591974158678612
"US-Esm",2016,3,"Freshwater","WUE_E_minus_WUE_T",0.265776251116693,-1.66004866144171,0.0343851266161226,-0.243893141474962,-1.24067722118955,0.996784079714589
"US-Esm",2016,5,"Freshwater","WUE_E_minus_WUE_T",0.202000242493051,-2.02743850164279,0.465635176185937,-0.158009222197059,-1.69168939769184,1.53368017549478
"US-Esm",2017,1,"Freshwater","WUE_E_minus_WUE_T",0.132206603602249,-2.42949366929148,-0.273071903727403,-0.0628742119770919,-2.02684511543152,1.96397090345443
"US-Esm",2017,3,"Freshwater","WUE_E_minus_WUE_T",0.151470987034026,-2.31851872897593,-0.207929480295539,-1.40447231257363,-1.94093559053956,0.536463277965933
"US-Esm",2017,4,"Freshwater","WUE_E_minus_WUE_T",0.20426731664889,-2.01437873152213,0.102986227870056,-1.19722525749873,-1.67395979272888,0.476734535230147
"US-Esm",2017,5,"Freshwater","WUE_E_minus_WUE_T",0.248539961514978,-1.75934050831477,-0.778222951841236,-0.77237297920624,-1.38610848305899,0.613735503852754
"US-Esm",2017,6,"Freshwater","WUE_E_minus_WUE_T",0.168153757311483,-2.22241550084017,0.693655426566533,-1.54536695164711,-1.82874646506231,0.283379513415204
"US-Esm",2018,1,"Freshwater","WUE_E_minus_WUE_T",0.312673033198605,-1.38989376076906,0.129319867967343,-0.0521999506945267,-0.796371987291002,0.744172036596475
"US-Esm",2018,4,"Freshwater","WUE_E_minus_WUE_T",0.226615973998731,-1.88563643752064,-0.18199214544604,-0.987365173517913,-1.53598334327059,0.548618169752678
"US-Esm",2018,6,"Freshwater","WUE_E_minus_WUE_T",0.318722405469579,-1.35504557945585,-0.716224666359147,-0.269024105739671,-0.702443815771271,0.4334197100316
"US-Esm",2019,1,"Freshwater","WUE_E_minus_WUE_T",0.407432231492906,-0.844021300728979,0.748679255003148,-0.332834701128121,0.323863959427052,-0.656698660555173
"US-Esm",2019,2,"Freshwater","WUE_E_minus_WUE_T",0.405495410533765,-0.855178605145379,0.195187595900945,-0.21660118374131,0.296998116506099,-0.513599300247409
"US-Esm",2019,3,"Freshwater","WUE_E_minus_WUE_T",0.347307540369912,-1.19037726029003,-0.130338878390419,-0.337421379396422,-0.414200658598443,0.0767792792020207
"US-Esm",2019,4,"Freshwater","WUE_E_minus_WUE_T",0.236454646049149,-1.82895951103368,-0.417156609846093,-1.34232462717623,-1.46915792106334,0.126833293887104
"US-Esm",2019,5,"Freshwater","WUE_E_minus_WUE_T",0.151507769273093,-2.31830684019166,-0.363378472130677,-1.20687846442976,-1.94956969438322,0.742691229953454
"US-Esm",2020,1,"Freshwater","WUE_E_minus_WUE_T",0.277830873458795,-1.59060647038074,-0.680502849212343,-0.592885002662601,-1.13426435866579,0.541379356003189
"US-Esm",2020,2,"Freshwater","WUE_E_minus_WUE_T",0.36119014354472,-1.11040475225702,0.238382144311231,-0.347269009190248,-0.249702014190637,-0.0975669949996109
"US-Esm",2020,4,"Freshwater","WUE_E_minus_WUE_T",0.294862383228177,-1.49249428387685,-0.421885073083858,-1.0259237079004,-0.982611068778947,-0.0433126391214527
"US-Esm",2020,6,"Freshwater","WUE_E_minus_WUE_T",0.164330087377523,-2.24444223967717,-0.519699516711614,-0.380864061542795,-1.84737314968642,1.46650908814362
"US-Esm",2021,2,"Freshwater","WUE_E_minus_WUE_T",0.272676622616303,-1.62029819042165,-0.0197513256678529,-0.469786114687902,-1.18209720175778,0.712311087069879
"US-Esm",2021,4,"Freshwater","WUE_E_minus_WUE_T",0.330449887462093,-1.28748792214593,-0.357366595728385,-0.388506664782822,-0.610812466661628,0.222305801878806
"US-Esm",2021,6,"Freshwater","WUE_E_minus_WUE_T",0.562526487801663,0.0494189642087629,0.176959539285862,0.0200603362110718,2.39909241124868,-2.37903207503761
"US-Esm",2022,1,"Freshwater","WUE_E_minus_WUE_T",0.216680362213811,-1.94287179772486,0.516298939809748,-0.148249648385135,-1.59288229186848,1.44463264348334
"US-Esm",2022,2,"Freshwater","WUE_E_minus_WUE_T",0.321116845299877,-1.34125210310621,-0.114612333214117,-0.692402460033658,-0.709163360116618,0.0167609000829594
"US-Esm",2022,3,"Freshwater","WUE_E_minus_WUE_T",0.505287190772421,-0.28031531428604,-0.347134831434156,0.0156133450477247,1.55527898934253,-1.5396656442948
"US-Esm",2022,4,"Freshwater","WUE_E_minus_WUE_T",0.457078906525288,-0.558025290625899,0.121734132565864,-0.0661074333811996,0.93986855462023,-1.00597598800143
"US-Esm",2022,5,"Freshwater","WUE_E_minus_WUE_T",0.279719739579762,-1.57972541593222,0.331704316362414,-0.705568247426344,-1.12874143337505,0.423173185948704
"US-Esm",2023,2,"Freshwater","WUE_E_minus_WUE_T",0.305652760596839,-1.43033493739633,-0.230440962498208,-0.91747045329205,-0.871385668375821,-0.0460847849162294
"US-Esm",2023,3,"Freshwater","WUE_E_minus_WUE_T",0.356201953923079,-1.13913985543355,-0.370482709761743,-0.544265095667442,-0.30932983902353,-0.234935256643911
"US-Esm",2023,5,"Freshwater","WUE_E_minus_WUE_T",0.351305024933056,-1.16734924009005,0.575119167883366,-0.283602243876181,-0.376125801217815,0.092523557341634
"US-Esm",2023,6,"Freshwater","WUE_E_minus_WUE_T",0.423513262976923,-0.751384465739101,0.249060070435058,-0.0560676666969945,0.555549643352389,-0.611617310049383
"US-Esm",2024,1,"Freshwater","WUE_E_minus_WUE_T",0.257427909723911,-1.7081403478992,0.470043480298048,-0.725823905477287,-1.30601265771916,0.580188752241872
"US-Esm",2024,4,"Freshwater","WUE_E_minus_WUE_T",0.221600325503447,-1.91452972104456,-0.782660414532435,-0.579808578478708,-1.56854885274037,0.988740274261664
"US-Esm",2024,5,"Freshwater","WUE_E_minus_WUE_T",0.180887486010692,-2.149061230905,-0.686551694464605,-1.22265191648089,-1.80605929882936,0.583407382348464
"US-Fo1",2013,8,"Freshwater","WUE_E_minus_WUE_T",0.372176245309623,-1.04711791040308,-0.800384296482751,-5.76372383817916,-8.04512744730148,2.28140360912232
"US-Fo1",2014,7,"Freshwater","WUE_E_minus_WUE_T",0.302352876893375,-1.44934433877879,0.3680085860013,-10.7465347877861,-8.80003119008347,-1.94650359770264
"US-Fo1",2014,8,"Freshwater","WUE_E_minus_WUE_T",0.231463106032404,-1.85771391458896,-0.39746920805365,-29.8718151970429,-9.42806674459793,-20.443748452445
"US-Fo1",2024,6,"Freshwater","WUE_E_minus_WUE_T",0.315388775608287,-1.37424937988897,0.267465595136577,-3.77016996378931,-8.639568832614,4.86939886882469
"US-Fo1",2024,8,"Freshwater","WUE_E_minus_WUE_T",0.268809423285451,-1.642575685907,0.537827707733817,-8.86244628966275,-9.14381211152783,0.281365821865085
"US-Fo2",2024,6,"Freshwater","WUE_E_minus_WUE_T",0.421262494001323,-0.764350307787247,0.267465595136577,-1.12135543682459,-2.26102915795493,1.13967372113034
"US-Fo2",2024,8,"Freshwater","WUE_E_minus_WUE_T",0.306046756391161,-1.4280652743202,0.537827707733817,-5.94051347012881,-3.68264645638157,-2.25786701374724
"US-GCE",2014,2,"Saline","WUE_E_minus_WUE_T",0.466009527701164,-0.506579307136033,0.0901106545488322,-0.0630716337270573,-0.142313038577424,0.0792414048503672
"US-GCE",2014,3,"Saline","WUE_E_minus_WUE_T",0.422451459226486,-0.757501121808,0.492277581285363,-0.405606744790761,-0.857346873618073,0.451740128827312
"US-GCE",2014,5,"Saline","WUE_E_minus_WUE_T",0.659184408657922,0.606229257984101,0.599111401410601,1.01912459260944,3.01018487897163,-1.99106028636219
"US-GCE",2014,6,"Saline","WUE_E_minus_WUE_T",0.620156559473059,0.381404349921371,-0.833748115139242,0.700222116399862,2.4128201035265,-1.71259798712664
"US-GCE",2014,7,"Saline","WUE_E_minus_WUE_T",0.655353130371713,0.584158690262583,-0.210963571699367,0.792495521236752,2.9625753791929,-2.17007985795614
"US-GCE",2014,8,"Saline","WUE_E_minus_WUE_T",0.595487085697414,0.239292696591609,-0.68472482852134,0.454143453282985,1.94986769174951,-1.49572423846653
"US-GCE",2014,10,"Saline","WUE_E_minus_WUE_T",0.727827866278422,1.00165865957723,-0.911547804234478,1.20174008396412,4.13830868408408,-2.93656860011997
"US-GCE",2015,2,"Saline","WUE_E_minus_WUE_T",0.431004267364647,-0.708231578558713,0.50447069351933,-0.490986317907678,-0.716822905766146,0.225836587858468
"US-GCE",2015,3,"Saline","WUE_E_minus_WUE_T",0.566197547534567,0.0705665724982543,-0.213904810583653,0.3817556759814,1.49779139362053,-1.11603571763913
"US-GCE",2015,6,"Saline","WUE_E_minus_WUE_T",0.734877404416139,1.04226842406078,0.34932271268476,2.21591115425979,4.29079840016642,-2.07488724590662
"US-GCE",2015,7,"Saline","WUE_E_minus_WUE_T",0.54102527830297,-0.0744414982493161,-0.0188560823052298,0.359543958865002,1.09233898099303,-0.732795022128024
"US-GCE",2015,9,"Saline","WUE_E_minus_WUE_T",0.590968701032301,0.213263964848941,0.416430460360826,0.570987997006855,1.90040940947163,-1.32942141246478
"US-GCE",2016,4,"Saline","WUE_E_minus_WUE_T",0.702296391576419,0.854581339856255,0.0689449871425858,1.95059031114988,3.72066849267528,-1.7700781815254
"US-GCE",2016,8,"Saline","WUE_E_minus_WUE_T",0.638564234013745,0.487444109290521,-0.846446309568593,0.631320789944476,2.65457341962567,-2.02325262968119
"US-GCE",2016,9,"Saline","WUE_E_minus_WUE_T",0.654375455464146,0.578526669134087,-0.216231216594924,0.731555206986749,2.93775983430705,-2.2062046273203
"US-GCE",2017,4,"Saline","WUE_E_minus_WUE_T",0.691228745086774,0.790824749204311,-0.279849164246439,1.18396925920577,3.53944834202784,-2.35547908282208
"US-HB1",2018,8,"Saline","WUE_E_minus_WUE_T",0.564653556995179,0.0616722178689925,-0.861168576800634,0.591694499194773,1.31080353369324,-0.719109034498469
"US-HB1",2018,10,"Saline","WUE_E_minus_WUE_T",0.585145693967943,0.179719789209339,0.0702191018559248,0.784698018086228,1.6683460931136,-0.883648075027371
"US-HB1",2019,4,"Saline","WUE_E_minus_WUE_T",0.598088944084138,0.254281034017451,0.547946526941404,0.902623828583287,1.88051752269651,-0.977893694113223
"US-HB1",2019,6,"Saline","WUE_E_minus_WUE_T",0.665732730872899,0.643951704152576,0.761438964829656,1.47810751702035,3.02385366258384,-1.54574614556348
"US-HB1",2019,7,"Saline","WUE_E_minus_WUE_T",0.607063209452321,0.305978435449319,0.0902756332437341,0.788596054307047,2.03771043916019,-1.24911438485314
"US-HB1",2019,8,"Saline","WUE_E_minus_WUE_T",0.524226620572654,-0.171212310853061,-0.264372823435224,0.183609291144158,0.64946744214883,-0.465858151004672
"US-HB1",2019,9,"Saline","WUE_E_minus_WUE_T",0.494601629620233,-0.341870853569284,0.761716096659872,-0.0410097446002842,0.188949852515794,-0.229959597116078
"US-HB1",2020,4,"Saline","WUE_E_minus_WUE_T",0.642138210145885,0.508032455102782,0.936379478167488,1.03093838636206,2.60114810598318,-1.57020971962112
"US-HB1",2020,6,"Saline","WUE_E_minus_WUE_T",0.538832118823876,-0.0870754734376149,0.941896466555756,0.395995194865019,0.947852793205274,-0.551857598340254
"US-HB1",2020,9,"Saline","WUE_E_minus_WUE_T",0.39833411898728,-0.896432139408121,0.646969115753162,-0.995115778232876,-1.39138853364378,0.396272755410904
"US-HB1",2020,10,"Saline","WUE_E_minus_WUE_T",0.524898111193784,-0.167344103398288,-0.529743023231256,0.16547395622309,0.682841042291174,-0.517367086068083
"US-HB1",2021,9,"Saline","WUE_E_minus_WUE_T",0.465985224310015,-0.50671930992365,-0.682422542124877,-0.363088614514667,-0.279977073076028,-0.0831115414386383
"US-HB1",2022,4,"Saline","WUE_E_minus_WUE_T",0.64056113424534,0.498947508026444,-0.321752585094374,1.3462657569815,2.57534176212278,-1.22907600514128
"US-HB1",2022,5,"Saline","WUE_E_minus_WUE_T",0.646192122915457,0.531385537190304,-0.467722529256781,1.44988949329614,2.66279179062074,-1.2129022973246
"US-HB1",2022,6,"Saline","WUE_E_minus_WUE_T",0.668759816854563,0.661389619429488,-0.775477146396032,1.85747163174402,3.07340288934158,-1.21593125759756
"US-HB1",2022,8,"Saline","WUE_E_minus_WUE_T",0.508474452803804,-0.261954684424443,0.896742890738268,0.0836989657752518,0.391654325202225,-0.307955359426973
"US-HB1",2022,9,"Saline","WUE_E_minus_WUE_T",0.600006227322673,0.265325788899846,0.884691389167274,0.751296313603688,1.91346408760794,-1.16216777400425
"US-HB1",2023,4,"Saline","WUE_E_minus_WUE_T",0.583651014302778,0.171109496166742,0.449920846248335,0.630450417235194,1.64437250585771,-1.01392208862252
"US-HB1",2023,5,"Saline","WUE_E_minus_WUE_T",0.641677933135684,0.505380970620214,0.458462238746631,1.42676574964948,2.5889218990822,-1.16215614943272
"US-HB1",2023,6,"Saline","WUE_E_minus_WUE_T",0.564842277933607,0.0627593689295216,0.220632731352132,0.621729323182802,1.37330704513406,-0.751577721951261
"US-HB1",2023,7,"Saline","WUE_E_minus_WUE_T",0.618791327630985,0.373539757590783,0.749381555860521,1.06890940147376,2.22956305172624,-1.16065365025249
"US-HB1",2023,8,"Saline","WUE_E_minus_WUE_T",0.622403971661645,0.394350854769344,0.595631338008343,1.1370097413489,2.25540496250533,-1.11839522115643
"US-HB1",2023,9,"Saline","WUE_E_minus_WUE_T",0.651251286338486,0.560529494011218,-0.515166835372125,1.27384933697619,2.75186533763287,-1.47801600065668
"US-HB1",2023,10,"Saline","WUE_E_minus_WUE_T",0.556691688925731,0.0158068603330842,-0.583398764160092,0.560502845545833,1.20296469705895,-0.642461851513118
"US-HB1",2024,4,"Saline","WUE_E_minus_WUE_T",0.619534606120788,0.377821508228474,-0.242721425797357,0.94451365608635,2.23132140259191,-1.28680774650556
"US-HB1",2024,5,"Saline","WUE_E_minus_WUE_T",0.611499512201244,0.331534323834064,0.695496427141627,1.06900969386221,2.09518301239164,-1.02617331852942
"US-HB1",2024,9,"Saline","WUE_E_minus_WUE_T",0.485393979675431,-0.394912696651863,0.779202551143447,-0.107356709108114,0.0381271780037366,-0.145483887111851
"US-HB2",2019,3,"Upland","WUE_E_minus_WUE_T",0.569377024763323,0.0888823570104063,-0.935378273365838,1.70622285348109,1.61640232759641,0.0898205258846856
"US-HB2",2019,4,"Upland","WUE_E_minus_WUE_T",0.64458851652236,0.522147757824366,0.559179371634637,3.68729840509845,3.60218289972054,0.0851155053779129
"US-HB2",2019,6,"Upland","WUE_E_minus_WUE_T",0.676044649059891,0.703354825430398,0.740028370864941,3.69757279852371,4.48103178070445,-0.783458982180735
"US-HB2",2019,7,"Upland","WUE_E_minus_WUE_T",0.717358389838524,0.941347903867481,0.105953603989007,5.17013819295245,5.70843412746224,-0.538295934509788
"US-HB2",2019,8,"Upland","WUE_E_minus_WUE_T",0.703234627940242,0.859986170218248,-0.273502027965715,4.95397715799561,5.22054558864414,-0.266568430648531
"US-HB2",2019,9,"Upland","WUE_E_minus_WUE_T",0.685254039309931,0.756406693763487,0.748818033019466,4.96708577053931,4.70687975937897,0.260206011160337
"US-HB2",2019,10,"Upland","WUE_E_minus_WUE_T",0.599372006366327,0.261672278107421,0.15180074421047,2.29823427741524,2.4204876910945,-0.122253413679259
"US-HB2",2020,3,"Upland","WUE_E_minus_WUE_T",0.54406631472903,-0.0569232196563597,0.353598589351075,0.869086509378919,0.927568308144689,-0.0584817987657702
"US-HB2",2020,4,"Upland","WUE_E_minus_WUE_T",0.579858472771398,0.149262076467091,0.929995763928383,1.42386762415775,1.89721836705737,-0.473350742899617
"US-HB2",2020,6,"Upland","WUE_E_minus_WUE_T",0.646430586677394,0.532759238136509,0.976482244383555,2.65178439829576,3.68680290896066,-1.0350185106649
"US-HB2",2020,7,"Upland","WUE_E_minus_WUE_T",0.689127324943835,0.778719250174642,-0.934200535521949,3.60430083854333,4.82815681766408,-1.22385597912076
"US-HB2",2020,10,"Upland","WUE_E_minus_WUE_T",0.639454539322482,0.492572826690152,-0.467749621662832,3.42504164561644,3.46811119552869,-0.0430695499122513
"US-HB2",2021,3,"Upland","WUE_E_minus_WUE_T",0.495642376953811,-0.335875495678057,-0.0552157770496808,-0.100733363094275,-0.310776088939038,0.210042725844763
"US-HB2",2021,8,"Upland","WUE_E_minus_WUE_T",0.60544190214776,0.296638687722952,0.494526183717491,2.44791055411568,2.55880473304548,-0.110894178929796
"US-HB2",2021,9,"Upland","WUE_E_minus_WUE_T",0.502276819741189,-0.297656940956924,-0.701808875619676,0.0468011782113349,-0.154933482164831,0.201734660376166
"US-HB2",2021,10,"Upland","WUE_E_minus_WUE_T",0.60201939006465,0.276922869903117,-0.891900349170544,2.3537697502375,2.4907060464793,-0.136936296241791
"US-HB2",2022,3,"Upland","WUE_E_minus_WUE_T",0.584031077081985,0.173298896330419,-0.0135049704690721,1.15519736267578,2.0141793960262,-0.85898203335042
"US-HB2",2022,4,"Upland","WUE_E_minus_WUE_T",0.649963955182359,0.553113658527904,-0.361827355068108,2.87229564797655,3.74268765254666,-0.870392004570102
"US-HB2",2022,5,"Upland","WUE_E_minus_WUE_T",0.709558973766981,0.896418371806367,-0.502914063192415,5.0713717696005,5.43854488892403,-0.367173119323526
"US-HB2",2022,6,"Upland","WUE_E_minus_WUE_T",0.644866663153671,0.523750057006065,-0.822877600766644,3.00163960673132,3.64599366128517,-0.644354054553857
"US-HB2",2022,8,"Upland","WUE_E_minus_WUE_T",0.558546070884954,0.026489264365157,0.89634670804327,1.19562826986826,1.29398828982259,-0.0983600199543238
"US-HB2",2022,9,"Upland","WUE_E_minus_WUE_T",0.654920135926523,0.58166437047903,0.877227725997221,2.90792547437935,3.87466410623344,-0.966738631854086
"US-HB2",2023,4,"Upland","WUE_E_minus_WUE_T",0.704557470816532,0.867606575499481,0.410061413881823,3.83424526825104,5.28471689143627,-1.45047162318523
"US-HB2",2023,5,"Upland","WUE_E_minus_WUE_T",0.710967843259371,0.904534344392981,0.427485817729223,4.83961698360356,5.4838756272326,-0.644258643629045
"US-HB2",2023,6,"Upland","WUE_E_minus_WUE_T",0.707505919459608,0.884591490347526,0.241189297180169,3.99789782863897,5.41427697790023,-1.41637914926126
"US-HB2",2023,7,"Upland","WUE_E_minus_WUE_T",0.684713458219064,0.753292607371517,0.760140999379894,3.15137672828503,4.70013595865238,-1.54875923036735
"US-HB2",2023,8,"Upland","WUE_E_minus_WUE_T",0.703564655758037,0.861887337598562,0.564419130050431,3.48401513523077,5.23082889515824,-1.74681375992747
"US-HB2",2023,9,"Upland","WUE_E_minus_WUE_T",0.710375274074319,0.901120773946936,-0.501617415081494,4.10164686857601,5.47105364469553,-1.36940677611952
"US-HB2",2023,10,"Upland","WUE_E_minus_WUE_T",0.680122160385449,0.72684385001259,-0.565958613627536,3.06286614517255,4.5584037988766,-1.49553765370405
"US-HB2",2024,4,"Upland","WUE_E_minus_WUE_T",0.63527934699362,0.468521098217127,-0.22672484675533,2.93760592773134,3.36017652087901,-0.422570593147674
"US-HB2",2024,5,"Upland","WUE_E_minus_WUE_T",0.605532423518073,0.297160147633843,0.685638134356168,2.12545466329374,2.57935722705389,-0.453902563760148
"US-HB2",2024,9,"Upland","WUE_E_minus_WUE_T",0.683980718717896,0.749071567923409,0.799460070340219,4.53976314570148,4.67028417628551,-0.130521030584031
"US-HB3",2019,4,"Upland","WUE_E_minus_WUE_T",0.584755577236518,0.177472471970286,0.559179371634637,1.72538258656492,1.9087767936441,-0.18339420707918
"US-HB3",2019,6,"Upland","WUE_E_minus_WUE_T",0.695748907511648,0.816863721959054,0.740028370864941,4.61621365118564,4.92997458879561,-0.313760937609967
"US-HB3",2019,7,"Upland","WUE_E_minus_WUE_T",0.749289832868976,1.12529305825267,0.105953603989007,7.32484936879653,6.73254478023899,0.592304588557541
"US-HB3",2019,8,"Upland","WUE_E_minus_WUE_T",0.723338706283063,0.975798280275897,-0.273502027965715,6.51223805442751,5.75619461420524,0.756043440222264
"US-HB3",2019,9,"Upland","WUE_E_minus_WUE_T",0.786842063998584,1.34161748011037,0.748818033019466,9.24190488370649,8.26713706084195,0.974767822864539
"US-HB3",2019,10,"Upland","WUE_E_minus_WUE_T",0.628922056190538,0.431899112886573,0.15180074421047,2.92972879394943,3.07390482141965,-0.144176027470215
"US-HB3",2020,4,"Upland","WUE_E_minus_WUE_T",0.61201844200133,0.334523685201192,0.929995763928383,2.49693388403686,2.6338118836744,-0.136877999637542
"US-HB3",2020,6,"Upland","WUE_E_minus_WUE_T",0.691840505879109,0.794348875354374,0.976482244383555,5.07890511630647,4.81331957453228,0.265585541774189
"US-HB3",2020,7,"Upland","WUE_E_minus_WUE_T",0.75166282344032,1.1389629734076,-0.934200535521949,6.99358317404094,6.8241534542534,0.169429719787543
"US-HB3",2020,10,"Upland","WUE_E_minus_WUE_T",0.711385031931813,0.906937613004643,-0.467749621662832,6.50370479759674,5.38073577429563,1.12296902330111
"US-HB3",2021,8,"Upland","WUE_E_minus_WUE_T",0.650719654221816,0.557466959327656,0.494526183717491,3.49324193898128,3.61880853935108,-0.125566600369798
"US-HB3",2021,9,"Upland","WUE_E_minus_WUE_T",0.674164620019138,0.692524678110715,-0.701808875619676,3.94531200483986,4.27299890206791,-0.327686897228045
"US-HB3",2021,10,"Upland","WUE_E_minus_WUE_T",0.692037444393723,0.795483364811691,-0.891900349170544,4.50074317243401,4.78211961487348,-0.281376442439471
"US-HB3",2022,4,"Upland","WUE_E_minus_WUE_T",0.683075361066948,0.743856139584682,-0.361827355068108,4.43228178352469,4.52194373287491,-0.0896619493502131
"US-HB3",2022,5,"Upland","WUE_E_minus_WUE_T",0.711314879349152,0.90653349009558,-0.502914063192415,5.82772946580812,5.37424512116899,0.453484344639127
"US-HB3",2022,6,"Upland","WUE_E_minus_WUE_T",0.688003543266411,0.772245562344374,-0.822877600766644,4.87492375410536,4.70066078584093,0.174262968264428
"US-HB3",2022,8,"Upland","WUE_E_minus_WUE_T",0.595671041787926,0.240352399137373,0.89634670804327,2.22099913382965,2.17875494352146,0.0422441903081894
"US-HB3",2022,9,"Upland","WUE_E_minus_WUE_T",0.710742859954965,0.903238299343481,0.877227725997221,5.28090109909802,5.36205441890351,-0.0811533198054901
"US-HB3",2023,4,"Upland","WUE_E_minus_WUE_T",0.648021838461282,0.541925847198744,0.410061413881823,3.56402538306953,3.57098797727382,-0.00696259420428991
"US-HB3",2023,5,"Upland","WUE_E_minus_WUE_T",0.663479266863554,0.630970337018462,0.427485817729223,4.03956003721757,3.97544240232258,0.0641176348949908
"US-HB3",2023,6,"Upland","WUE_E_minus_WUE_T",0.683749765094634,0.747741130089885,0.241189297180169,4.61083984427476,4.57779521900152,0.033044625273245
"US-HB3",2023,7,"Upland","WUE_E_minus_WUE_T",0.718394894301557,0.947318820161233,0.760140999379894,5.13721837214921,5.62216860402315,-0.484950231873933
"US-HB3",2023,8,"Upland","WUE_E_minus_WUE_T",0.738998720290372,1.06600979033831,0.564419130050431,5.4274755440438,6.31226577775558,-0.884790233711785
"US-HB3",2023,9,"Upland","WUE_E_minus_WUE_T",0.730674513719209,1.01805713560214,-0.501617415081494,5.90326593500226,6.03615027455553,-0.132884339553272
"US-HB3",2023,10,"Upland","WUE_E_minus_WUE_T",0.712073273815296,0.910902318244895,-0.565958613627536,6.14187812118572,5.40303417787637,0.738843943309353
"US-HB3",2024,4,"Upland","WUE_E_minus_WUE_T",0.696976806885933,0.823937193075187,-0.22672484675533,6.11801719660481,4.93047725606518,1.18753994053963
"US-HB3",2024,5,"Upland","WUE_E_minus_WUE_T",0.656869731606334,0.592895265304846,0.685638134356168,4.14415431265527,3.79911452665481,0.345039786000454
"US-HB3",2024,9,"Upland","WUE_E_minus_WUE_T",0.76680817110089,1.22620968227021,0.799460070340219,8.81774045750516,7.41989301272114,1.39784744478402
"US-KPL",2021,6,"Freshwater","WUE_E_minus_WUE_T",0.44290360855021,-0.639683904425315,-0.683134183607443,-0.714850757335396,-1.39419207465055,0.679341317315153
"US-KPL",2021,7,"Freshwater","WUE_E_minus_WUE_T",0.440518194740646,-0.653425385230126,-0.114487449711832,-1.72224973953233,-1.45025282125894,-0.271996918273393
"US-KPL",2021,8,"Freshwater","WUE_E_minus_WUE_T",0.476833712356478,-0.444225209464444,0.156983739143428,-0.464223534658871,-1.02792384492864,0.563700310269767
"US-KPL",2024,8,"Freshwater","WUE_E_minus_WUE_T",0.512964680497779,-0.236088154508922,0.867149816337358,0.250232255499461,-0.564061059884328,0.814293315383789
"US-KS1",2002,4,"Upland","WUE_E_minus_WUE_T",0.651418805507525,0.561494509572273,-0.526024055462784,3.16812897170364,3.794962237344,-0.626833265640355
"US-KS1",2002,5,"Upland","WUE_E_minus_WUE_T",0.638447052341882,0.486769069308726,-0.754163473005076,2.3907214016928,3.45181275694983,-1.06109135525703
"US-KS1",2002,7,"Upland","WUE_E_minus_WUE_T",0.5918093787731,0.218106796307327,0.16760742274779,2.18265059263354,2.24374246007191,-0.0610918674383663
"US-KS1",2002,8,"Upland","WUE_E_minus_WUE_T",0.633768751356139,0.459819119183948,0.6583411970769,2.13343306502996,3.31221811597474,-1.17878505094478
"US-KS1",2002,9,"Upland","WUE_E_minus_WUE_T",0.738364059064097,1.06235374331474,-0.776665175101313,4.49977303893007,6.44833707153931,-1.94856403260924
"US-KS1",2002,11,"Upland","WUE_E_minus_WUE_T",0.677471557403971,0.711574713125264,0.240141679667772,4.57549992671366,4.50163192958334,0.0738679971303267
"US-KS2",2000,4,"Upland","WUE_E_minus_WUE_T",0.759744534051473,1.18551869920575,-0.500530142123448,7.67688971259771,7.20932933527106,0.467560377326651
"US-KS2",2000,6,"Upland","WUE_E_minus_WUE_T",0.667175932406349,0.652265450845025,-0.680481002532766,4.16788511059538,4.1936496458529,-0.025764535257518
"US-KS2",2000,7,"Upland","WUE_E_minus_WUE_T",0.831414157606738,1.59838071602815,-0.0799619071672643,11.9708863565933,10.3741806261935,1.59670573039977
"US-KS2",2000,9,"Upland","WUE_E_minus_WUE_T",0.789352289029367,1.35607795189013,0.636977846023421,6.97222122765945,8.45376818530318,-1.48154695764373
"US-KS2",2001,4,"Upland","WUE_E_minus_WUE_T",0.621583811344111,0.389626216547218,-0.133682697565987,2.19593088055155,2.96082353484859,-0.764892654297044
"US-KS2",2001,5,"Upland","WUE_E_minus_WUE_T",0.798072422785593,1.40631139572538,0.0250598606744993,9.43838284127928,8.83270575373452,0.605677087544757
"US-KS2",2001,6,"Upland","WUE_E_minus_WUE_T",0.843413084301172,1.66750206519986,0.0552139116526809,9.59909755670889,10.9630735941441,-1.36397603743519
"US-KS2",2001,8,"Upland","WUE_E_minus_WUE_T",0.739476455496453,1.0687618449872,-0.262992904506819,6.43586471439199,6.40701426056244,0.0288504538295484
"US-KS2",2001,10,"Upland","WUE_E_minus_WUE_T",0.625727467143426,0.413496274815404,-0.026600090551547,3.24876271220847,3.06810823267322,0.180654479535252
"US-KS2",2002,4,"Upland","WUE_E_minus_WUE_T",0.665600544249014,0.643190226228922,-0.463599583295907,5.12213173048692,4.11444642657176,1.00768530391517
"US-KS2",2002,5,"Upland","WUE_E_minus_WUE_T",0.678499037643593,0.717493644227902,-0.80465669117682,4.9879339301877,4.46476099664662,0.523172933541072
"US-KS2",2002,7,"Upland","WUE_E_minus_WUE_T",0.695691756824969,0.816534498131797,0.180976130937476,6.43637387026651,4.97925425756269,1.45711961270383
"US-KS2",2002,8,"Upland","WUE_E_minus_WUE_T",0.704579845863011,0.86773546981143,0.65198666418529,5.84283328069507,5.21887412076642,0.623959159928648
"US-KS2",2002,9,"Upland","WUE_E_minus_WUE_T",0.763831698409801,1.20906333131565,-0.779993009415222,8.82979437972418,7.37561613635412,1.45417824337006
"US-KS2",2002,10,"Upland","WUE_E_minus_WUE_T",0.721380695300874,0.964518908026323,-0.255711362271992,7.22828795298833,5.78901435990964,1.43927359307869
"US-KS2",2003,4,"Upland","WUE_E_minus_WUE_T",0.756143068238976,1.16477199558008,0.312474152066142,9.38543895352036,7.06622091386274,2.31921803965762
"US-KS2",2003,5,"Upland","WUE_E_minus_WUE_T",0.755759284946485,1.16256116292462,-0.490895480486471,7.95617223514251,7.04639012253874,0.909782112603768
"US-KS2",2003,6,"Upland","WUE_E_minus_WUE_T",0.756581086246712,1.16729525423706,0.515658613867106,6.91936043732469,7.12008193344479,-0.200721496120099
"US-KS2",2003,7,"Upland","WUE_E_minus_WUE_T",0.849156877456311,1.70058991900186,0.0077154255117281,9.25278202153665,11.2077308198805,-1.95494879834386
"US-KS2",2003,8,"Upland","WUE_E_minus_WUE_T",0.790145284556304,1.36064610386779,0.330716655797737,6.19032987585515,8.46404449876285,-2.27371462290769
"US-KS2",2003,9,"Upland","WUE_E_minus_WUE_T",0.666423522248684,0.647931096068739,0.0421236349799724,4.17532728277564,4.13828823093182,0.0370390518438146
"US-KS2",2003,10,"Upland","WUE_E_minus_WUE_T",0.703326747005385,0.860516833854196,-0.757412300767299,8.00316547777645,5.20211428419111,2.80105119358534
"US-KS2",2004,4,"Upland","WUE_E_minus_WUE_T",0.715443176749789,0.930315074347314,-0.701290478769532,4.70717184549399,5.59090344887217,-0.883731603378179
"US-KS2",2004,6,"Upland","WUE_E_minus_WUE_T",0.79129639484757,1.36727722166724,0.274027411174196,5.06861544573369,8.57397671405323,-3.50536126831954
"US-KS2",2004,7,"Upland","WUE_E_minus_WUE_T",0.837067666165831,1.63094847388766,-0.380156263950207,7.75487578938019,10.638743129871,-2.88386734049079
"US-KS2",2004,8,"Upland","WUE_E_minus_WUE_T",0.763525706338802,1.2073006249235,0.946591309992873,4.4142525136583,7.33875821578182,-2.92450570212352
"US-KS2",2004,10,"Upland","WUE_E_minus_WUE_T",0.714725668333113,0.926181775506035,-0.551896700296931,3.29987903319004,5.56681090022878,-2.26693186703874
"US-KS2",2005,4,"Upland","WUE_E_minus_WUE_T",0.72337481944308,0.976006314744884,0.185292462140126,4.87349346057418,5.85744649383874,-0.983953033264566
"US-KS2",2005,5,"Upland","WUE_E_minus_WUE_T",0.725974599726371,0.990982680990573,0.570413835478973,4.81536176508174,5.94231813254931,-1.12695636746758
"US-KS2",2005,8,"Upland","WUE_E_minus_WUE_T",0.640070645564156,0.496121985355932,-0.954917869331607,1.45300424004881,3.41805124279295,-1.96504700274414
"US-KS2",2005,9,"Upland","WUE_E_minus_WUE_T",0.732884696919307,1.03078917810877,-0.0588842192943669,3.96137295304505,6.192008987619,-2.23063603457395
"US-KS2",2006,4,"Upland","WUE_E_minus_WUE_T",0.772055026609331,1.2564348633125,-0.86639607613502,4.87381215944563,7.71247270314017,-2.83866054369453
"US-KS2",2006,7,"Upland","WUE_E_minus_WUE_T",0.764623297410295,1.21362343842444,-0.52960124473941,5.15491572826028,7.41660561107589,-2.26168988281561
"US-KS2",2006,8,"Upland","WUE_E_minus_WUE_T",0.778399905150784,1.29298534622522,-0.445697144046137,4.23016497008936,7.95681842957988,-3.72665345949053
"US-KS3",2018,6,"Saline","WUE_E_minus_WUE_T",0.740803149645351,1.07640443601599,0.905913535979778,2.76914010975861,3.95856154904895,-1.18942143929034
"US-KS3",2018,7,"Saline","WUE_E_minus_WUE_T",0.665306515390962,0.641496435452334,0.726850255809904,2.47579672567956,2.69619198397956,-0.220395258300001
"US-KS3",2018,8,"Saline","WUE_E_minus_WUE_T",0.726245720533288,0.992544507013839,0.139629412312116,3.55948183830865,3.66071826023974,-0.101236421931087
"US-KS3",2018,10,"Saline","WUE_E_minus_WUE_T",0.542592227896394,-0.0654148850580077,-0.791314514689473,0.587508739136807,0.677805834700595,-0.0902970955637877
"US-KS4",2017,6,"Saline","WUE_E_minus_WUE_T",0.320877434761484,-1.34263125807908,0.994472700958112,-3.54496816444806,-3.77756589227105,0.232597727822989
"US-KS4",2017,7,"Saline","WUE_E_minus_WUE_T",0.193422691767115,-2.07685057772793,0.916109293584827,-7.91600570117315,-5.9218730624663,-1.99413263870684
"US-KS4",2017,9,"Saline","WUE_E_minus_WUE_T",0.163019939141116,-2.25198951586458,0.978010680040083,-11.8747972280927,-6.43736951537115,-5.4374277127215
"US-KS4",2018,4,"Saline","WUE_E_minus_WUE_T",0.171266848347673,-2.20448214246607,0.298773539788073,-6.44168571223549,-6.30149297313559,-0.140192739099903
"US-KS4",2018,7,"Saline","WUE_E_minus_WUE_T",0.249202136078358,-1.75552596720009,0.719862016503122,-4.16052555135944,-4.99329228469663,0.832766733337188
"US-KS4",2018,8,"Saline","WUE_E_minus_WUE_T",0.266294383528799,-1.65706389352985,0.162936628875032,-5.09601731398998,-4.74242974901317,-0.353587564976811
"US-KS4",2018,10,"Saline","WUE_E_minus_WUE_T",0.236277530574212,-1.82997980734006,-0.774003499940023,-7.19413002539067,-5.21916068731604,-1.97496933807463
"US-KS4",2019,3,"Saline","WUE_E_minus_WUE_T",0.312457224297236,-1.39113695549854,0.283323215665159,-2.61924503051702,-3.94948134025605,1.33023630973903
"US-KS4",2019,4,"Saline","WUE_E_minus_WUE_T",0.176693807579563,-2.17321945093033,0.203481738123314,-7.00288014469422,-6.21104217179908,-0.791837972895135
"US-KS4",2019,5,"Saline","WUE_E_minus_WUE_T",0.213251570788384,-1.96262378849782,0.753257161015673,-6.20944869959015,-5.6066767047216,-0.602771994868553
"US-KS4",2019,7,"Saline","WUE_E_minus_WUE_T",0.259638779632395,-1.69540434952124,0.4368529479445,-4.41601433280106,-4.81977660684419,0.403762274043124
"US-KS4",2019,8,"Saline","WUE_E_minus_WUE_T",0.229704307732449,-1.86784569674829,0.180776533783995,-5.63516870061537,-5.35093280014903,-0.284235900466344
"US-KS4",2020,5,"Saline","WUE_E_minus_WUE_T",0.161438684746421,-2.26109853368996,0.653202641366257,-10.3822683627475,-6.47000884069435,-3.91225952205319
"US-KS4",2020,6,"Saline","WUE_E_minus_WUE_T",0.267075571973044,-1.65256375775949,0.238937104715591,-4.8736678428768,-4.67003325135685,-0.20363459151995
"US-KS4",2020,7,"Saline","WUE_E_minus_WUE_T",0.304782744643278,-1.43534677537505,0.187991857450085,-3.57067924442906,-4.07037864808307,0.499699403654005
"US-KS4",2020,10,"Saline","WUE_E_minus_WUE_T",0.270283424533011,-1.63408451352911,0.0238517228197203,-4.19035891386674,-4.65377102450969,0.463412110642946
"US-KS4",2021,6,"Saline","WUE_E_minus_WUE_T",0.356085765378773,-1.13980917437726,-0.0879084260437099,-2.58328031212273,-3.19530724953399,0.612026937411262
"US-KS4",2021,9,"Saline","WUE_E_minus_WUE_T",0.2889004008844,-1.52683904435705,-0.800603697812129,-4.32434242343119,-4.3426114525643,0.0182690291331129
"US-KS4",2022,3,"Saline","WUE_E_minus_WUE_T",0.204933448458989,-2.01054139418248,0.634887678919928,-5.21416249748529,-5.73640581072578,0.522243313240486
"US-KS4",2022,4,"Saline","WUE_E_minus_WUE_T",0.259015333379257,-1.69899579126019,0.217449976116391,-3.23305665316682,-4.840540461317,1.60748380815019
"US-LA2",2012,3,"Freshwater","WUE_E_minus_WUE_T",0.527669286620961,-0.151380393543572,0.65484519587765,0.65045117437515,-0.282981483852169,0.93343265822732
"US-LA2",2012,4,"Freshwater","WUE_E_minus_WUE_T",0.662670794467422,0.626313028559811,0.381107510607393,4.69939361006419,2.40356903533418,2.29582457473001
"US-LA2",2012,5,"Freshwater","WUE_E_minus_WUE_T",0.626439940537699,0.417600568767289,-0.617609218660935,3.36532654024744,1.45516178858347,1.91016475166397
"US-LA2",2012,6,"Freshwater","WUE_E_minus_WUE_T",0.499528245430828,-0.313490454192654,-0.116537156900233,-0.0133940637010745,-0.62358916429183,0.610195100590755
"US-LA2",2012,9,"Freshwater","WUE_E_minus_WUE_T",0.549967532270346,-0.0229285025788104,0.39119785392649,0.792107388731782,0.03358828497119,0.758519103760592
"US-LA2",2013,5,"Freshwater","WUE_E_minus_WUE_T",0.543144684730498,-0.0622323869308958,0.486007881640397,1.39279259106903,-0.073327224209017,1.46611981527805
"US-LA2",2013,6,"Freshwater","WUE_E_minus_WUE_T",0.561696550579611,0.0446380048799015,-0.653349909573924,1.82581739677391,0.249147864964247,1.57666953180966
"US-LA2",2013,7,"Freshwater","WUE_E_minus_WUE_T",0.471134753432218,-0.477054789955313,-0.379222867589575,-0.901469531913808,-1.01015883167293,0.10868929975912
"US-LA2",2013,8,"Freshwater","WUE_E_minus_WUE_T",0.516965266120517,-0.213042270259222,-0.175407269185683,0.44322534125066,-0.454753201867301,0.897978543117961
"US-LA2",2013,9,"Freshwater","WUE_E_minus_WUE_T",0.574479166491237,0.118273895843815,0.381881396090872,1.75113760379463,0.423831038591925,1.32730656520271
"US-LA2",2013,10,"Freshwater","WUE_E_minus_WUE_T",0.394004836640731,-0.921371523101294,-0.531226115037083,-2.22080668768425,-1.98801080927097,-0.23279587841329
"US-LA2",2021,7,"Freshwater","WUE_E_minus_WUE_T",0.70163012678227,0.850743236445015,0.850655723136184,4.44452298084711,3.64518772938049,0.799335251466629
"US-LA2",2021,10,"Freshwater","WUE_E_minus_WUE_T",0.649651011418337,0.551310906020538,0.0018268494291362,2.51443663737195,2.04126832801097,0.473168309360985
"US-LA2",2022,3,"Freshwater","WUE_E_minus_WUE_T",0.665884888495888,0.644828227566348,-0.402124115816891,1.36289467639691,2.50093378623388,-1.13803910983698
"US-LA2",2022,4,"Freshwater","WUE_E_minus_WUE_T",0.681275195379204,0.733486055306461,-0.684556261659581,3.79531464782214,2.96454395813905,0.830770689683086
"US-LA2",2022,5,"Freshwater","WUE_E_minus_WUE_T",0.731036880282464,1.02014459445448,0.702926391353895,6.49414934568082,4.69082292984135,1.80332641583947
"US-LA2",2022,6,"Freshwater","WUE_E_minus_WUE_T",0.774870954050216,1.27265637285584,-0.876290394889563,7.64420322056084,6.46776445770314,1.1764387628577
"US-LA2",2022,7,"Freshwater","WUE_E_minus_WUE_T",0.629015574572691,0.432437837466812,0.645087334079884,3.62411654125353,1.53090676621136,2.09320977504217
"US-LA2",2022,8,"Freshwater","WUE_E_minus_WUE_T",0.58554443982656,0.182016815637297,0.844921334045527,2.10327754183586,0.593522589567807,1.50975495226805
"US-LA2",2022,10,"Freshwater","WUE_E_minus_WUE_T",0.591198154847966,0.214585762849319,-0.962494865284234,1.55924727907436,0.720158843463478,0.839088435610878
"US-LA2",2023,4,"Freshwater","WUE_E_minus_WUE_T",0.751256889536327,1.13662453932653,-0.321753361509401,8.36670346319963,5.47730155290863,2.889401910291
"US-LA2",2023,5,"Freshwater","WUE_E_minus_WUE_T",0.793075710601947,1.37752719724231,0.0780634685546953,9.1015646174779,7.18386898466173,1.91769563281616
"US-LA2",2023,9,"Freshwater","WUE_E_minus_WUE_T",0.722524018316796,0.971105166231921,-0.367008681720679,4.14585192893413,4.37988275065189,-0.234030821717763
"US-LA3",2020,4,"Saline","WUE_E_minus_WUE_T",0.556307049869435,0.0135910979409618,-0.539484910992375,0.960651291166682,0.658910908748772,0.30174038241791
"US-LA3",2020,5,"Saline","WUE_E_minus_WUE_T",0.598537293353549,0.256863807226339,0.167478555406377,1.68864133318018,1.34492142323382,0.343719909946361
"US-LA3",2020,6,"Saline","WUE_E_minus_WUE_T",0.613221601213903,0.341454637457112,0.341360063765215,2.27516572869402,1.62637146997728,0.648794258716742
"US-LA3",2021,7,"Saline","WUE_E_minus_WUE_T",0.45991709973421,-0.541675516283024,0.754186739394488,-0.817951968530593,-0.908910696150294,0.0909587276197006
"US-LA3",2022,3,"Saline","WUE_E_minus_WUE_T",0.41356960705824,-0.808666165202889,-0.450429599764767,-1.09897888411232,-1.67638567106954,0.577406786957222
"US-LA3",2022,4,"Saline","WUE_E_minus_WUE_T",0.538240305509135,-0.0904846895962273,-0.910790124483453,0.53084009259573,0.36337717016512,0.16746292243061
"US-LA3",2022,5,"Saline","WUE_E_minus_WUE_T",0.489633497147295,-0.370490414979937,0.421876736256541,-0.167006852527323,-0.436938388120028,0.269931535592705
"US-LA3",2022,7,"Saline","WUE_E_minus_WUE_T",0.473115315191346,-0.465645511076033,0.266245182352089,-0.507128154460065,-0.692505438507478,0.185377284047413
"US-LA3",2022,8,"Saline","WUE_E_minus_WUE_T",0.498600309070185,-0.318835950071289,0.562625704532308,-0.0244706035502116,-0.308246282658895,0.283775679108684
"US-LA3",2022,10,"Saline","WUE_E_minus_WUE_T",0.305519592250788,-1.43110207065586,-0.980498542506786,-3.23890457631543,-3.46506133337098,0.226156757055546
"US-LA3",2023,4,"Saline","WUE_E_minus_WUE_T",0.565413327251393,0.0660489714326563,-0.0413689785795454,1.57919267992672,0.807853143951616,0.771339535975101
"US-LA3",2023,5,"Saline","WUE_E_minus_WUE_T",0.609512940034954,0.320090421236957,-0.080100086311681,2.63188996857236,1.5244516396844,1.10743832888796
"US-LA3",2023,9,"Saline","WUE_E_minus_WUE_T",0.464857526996429,-0.513215554275951,-0.200327003951147,-0.60186900096354,-0.836703405155631,0.234834404192091
"US-MCP",2023,6,"Freshwater","WUE_E_minus_WUE_T",0.665220943607868,0.641003488270548,0.999530289278384,4.81085330496229,2.00639833977418,2.80445496518811
"US-MCP",2023,8,"Freshwater","WUE_E_minus_WUE_T",0.682486107548596,0.740461669459986,-0.733149290860426,8.0184166285463,2.47235595551863,5.54606067302767
"US-MCP",2024,3,"Freshwater","WUE_E_minus_WUE_T",0.474605062834228,-0.45706362957749,0.368112586144697,-0.424145911319563,-1.48039451205114,1.05624860073158
"US-MCP",2024,4,"Freshwater","WUE_E_minus_WUE_T",0.458210597627466,-0.551506039544514,0.290457549083884,-0.927908066957427,-1.69030428598472,0.76239621902729
"US-MCP",2024,5,"Freshwater","WUE_E_minus_WUE_T",0.578112185670819,0.139202366669114,0.269623703051514,3.11687119322339,-0.0276813181826564,3.14455251140604
"US-MCP",2024,8,"Freshwater","WUE_E_minus_WUE_T",0.722856738769836,0.973021844881336,-0.729705692726009,9.21108836978059,3.86009845324836,5.35098991653222
"US-MCP",2024,9,"Freshwater","WUE_E_minus_WUE_T",0.701414412025853,0.849500584049552,-0.46526788350866,8.87868385979943,3.121385497362,5.75729836243743
"US-MCP",2025,3,"Freshwater","WUE_E_minus_WUE_T",0.435836730968553,-0.680393554989479,0.0382649233456613,-1.55159969300457,-1.96661861088139,0.415018917876817
"US-MCP",2025,4,"Freshwater","WUE_E_minus_WUE_T",0.479839687070855,-0.426908908338097,-0.687760661827752,-0.559659051963795,-1.41852627182563,0.858867219861833
"US-MCP",2025,6,"Freshwater","WUE_E_minus_WUE_T",0.559277097724,0.0307004378044451,-0.509365843921018,2.38005313107467,-0.296552043158152,2.67660517423282
"US-MCP",2025,7,"Freshwater","WUE_E_minus_WUE_T",0.642796854303404,0.511826658863768,0.230114771043755,6.00813210279631,1.36436085021176,4.64377125258455
"US-MCP",2025,8,"Freshwater","WUE_E_minus_WUE_T",0.473153933712348,-0.465423044155229,-0.975106029021341,-0.966504186738574,-1.52562303817223,0.559118851433655
"US-MRf",2006,3,"Upland","WUE_E_minus_WUE_T",0.581709983327819,0.159927939416716,0.256623837615729,2.48579063106703,0.770160798726952,1.71562983234008
"US-MRf",2006,4,"Upland","WUE_E_minus_WUE_T",0.625753740864303,0.413647627938982,-0.726691143474182,4.26787597027462,1.93165562216352,2.3362203481111
"US-MRf",2006,5,"Upland","WUE_E_minus_WUE_T",0.621613759673772,0.389798737723846,-0.0986705700168892,4.45376679575187,1.81930090756674,2.63446588818512
"US-MRf",2006,6,"Upland","WUE_E_minus_WUE_T",0.69020811129784,0.784945257954973,-0.018921259157649,8.49163904636444,3.7047198212947,4.78691922506973
"US-MRf",2006,7,"Upland","WUE_E_minus_WUE_T",0.734369614451598,1.03934323513857,-0.369612456441954,8.71556431155472,5.11653935819751,3.59902495335721
"US-MRf",2006,8,"Upland","WUE_E_minus_WUE_T",0.661888899332219,0.621808821805957,-0.79348968859853,7.89746714629931,2.85417028573179,5.04329686056752
"US-MRf",2006,9,"Upland","WUE_E_minus_WUE_T",0.397197870204858,-0.902977645588452,-0.550419534263187,-3.1719512496025,-3.29585864778532,0.123907398182821
"US-MRf",2007,3,"Upland","WUE_E_minus_WUE_T",0.60897705888748,0.317003409468961,-0.797309245084267,5.54676233841019,1.49760914738012,4.04915319103007
"US-MRf",2007,4,"Upland","WUE_E_minus_WUE_T",0.703008237725918,0.858682020484541,-0.649318760682936,11.4084900230232,4.05506529009989,7.35342473292334
"US-MRf",2007,5,"Upland","WUE_E_minus_WUE_T",0.71223527439477,0.91183554326618,-0.99140817871717,13.8106391279809,4.34362105755573,9.46701807042516
"US-MRf",2007,6,"Upland","WUE_E_minus_WUE_T",0.783483655598199,1.32227093973923,-0.590297762593021,20.7534719203872,7.09626397298928,13.657207947398
"US-MRf",2007,7,"Upland","WUE_E_minus_WUE_T",0.749366820589272,1.12573655584475,0.866108202207649,13.6240229494925,5.67505263802351,7.94897031146897
"US-MRf",2007,8,"Upland","WUE_E_minus_WUE_T",0.686270764811868,0.762263670826593,0.731682850564074,9.87857937422432,3.53049406935169,6.34808530487263
"US-MRf",2007,9,"Upland","WUE_E_minus_WUE_T",0.732884137113991,1.03078595327877,0.538991987619922,9.86075565720697,5.05438113194256,4.80637452526441
"US-MRf",2007,10,"Upland","WUE_E_minus_WUE_T",0.681647703304471,0.735631934769458,0.490750556033114,10.3366212267091,3.4203413686821,6.91627985802696
"US-MRf",2008,3,"Upland","WUE_E_minus_WUE_T",0.48608746970391,-0.390917758802308,-0.0771228491171343,-0.699197772915483,-1.71198763880761,1.01278986589213
"US-MRf",2008,4,"Upland","WUE_E_minus_WUE_T",0.515544184562818,-0.221228592007212,-0.14929164927691,0.935345751383453,-1.0085132902189,1.94385904160235
"US-MRf",2008,6,"Upland","WUE_E_minus_WUE_T",0.749582876861015,1.12698117558285,0.0945982751166198,19.4058841511957,5.70951742185435,13.6963667293414
"US-MRf",2008,7,"Upland","WUE_E_minus_WUE_T",0.738088460708761,1.06076612380215,-0.444262869515962,12.274033196223,5.25165921080258,7.02237398542046
"US-MRf",2009,3,"Upland","WUE_E_minus_WUE_T",0.737736734833715,1.05873996199277,-0.259065029019625,18.7235883159582,5.23249385553774,13.4910944604205
"US-MRf",2009,5,"Upland","WUE_E_minus_WUE_T",0.603909041136064,0.287808446158906,0.425297838041705,4.93606911088127,1.35518955997754,3.58087955090373
"US-MRf",2009,6,"Upland","WUE_E_minus_WUE_T",0.597239715732421,0.249388945673185,-0.42242201811118,5.58123561830149,1.21952194322375,4.36171367507774
"US-MRf",2009,7,"Upland","WUE_E_minus_WUE_T",0.729421580342297,1.01083945291769,0.103290373282193,10.436374842017,4.94025345102338,5.49612139099362
"US-MRf",2009,8,"Upland","WUE_E_minus_WUE_T",0.653807046633887,0.575252277496473,0.357458353294095,7.15984426407371,2.63955733922291,4.5202869248508
"US-MRf",2009,9,"Upland","WUE_E_minus_WUE_T",0.629503290865661,0.435247389441053,0.0663309128975128,4.61195432900409,2.03059858558364,2.58135574342045
"US-MRf",2009,10,"Upland","WUE_E_minus_WUE_T",0.687410713335176,0.768830489836657,0.0765477851887102,8.31542958703187,3.58593070411341,4.72949888291846
"US-MRf",2010,3,"Upland","WUE_E_minus_WUE_T",0.6525610457688,0.56807453043149,0.392755501499462,8.89890841326332,2.63371266564697,6.26519574761635
"US-MRf",2010,4,"Upland","WUE_E_minus_WUE_T",0.480212468951851,-0.424761450718143,0.893500274842314,-1.01433566500158,-1.84629672065219,0.831961055650607
"US-MRf",2010,5,"Upland","WUE_E_minus_WUE_T",0.612181271256216,0.335461683912991,0.881174397810762,7.32718720791222,1.57293629575209,5.75425091216013
"US-MRf",2010,7,"Upland","WUE_E_minus_WUE_T",0.680265031905756,0.727666879646265,-0.613261954038058,11.2316892103902,3.39202264806555,7.83966656232468
"US-MRf",2010,8,"Upland","WUE_E_minus_WUE_T",0.664315831958416,0.635789477054847,0.449025085800511,9.70048514218774,2.91933157801783,6.78115356416991
"US-MRf",2010,9,"Upland","WUE_E_minus_WUE_T",0.728740971933524,1.0069187212831,0.906292488090717,10.717396060304,4.90750285907242,5.80989320123154
"US-MRf",2010,10,"Upland","WUE_E_minus_WUE_T",0.558847890938209,0.0282279373164404,0.501710952896735,2.62166947514958,0.143312115308642,2.47835735984094
"US-Myb",2011,9,"Freshwater","WUE_E_minus_WUE_T",0.52830175858024,-0.14773695807206,-0.460060687803037,0.296760839456716,0.358882129443535,-0.0621212899868184
"US-Myb",2011,10,"Freshwater","WUE_E_minus_WUE_T",0.507572507370219,-0.267150456249403,0.922535146258951,0.0837210802197617,0.0794111568002076,0.00430992341955405
"US-Myb",2012,5,"Freshwater","WUE_E_minus_WUE_T",0.596798904145178,0.246849594244786,-0.856904205972877,1.09076936151311,1.45852495629364,-0.367755594780532
"US-Myb",2012,6,"Freshwater","WUE_E_minus_WUE_T",0.660901619157643,0.616121468310517,-0.518146784693123,1.87538192265551,3.0251488291421,-1.1497669064866
"US-Myb",2012,7,"Freshwater","WUE_E_minus_WUE_T",0.67121518347978,0.675534072360008,0.83611513639281,2.29128475797494,3.30096307126324,-1.0096783132883
"US-Myb",2012,8,"Freshwater","WUE_E_minus_WUE_T",0.658040970219578,0.599642334872904,-0.244366227787153,2.3580784423281,2.88480129812164,-0.526722855793532
"US-Myb",2012,10,"Freshwater","WUE_E_minus_WUE_T",0.591172838294822,0.214439923612675,0.191564075502707,1.4392881646091,1.35537376027979,0.0839144043293141
"US-Myb",2013,6,"Freshwater","WUE_E_minus_WUE_T",0.62597529605732,0.414923924915147,-0.684618247614436,1.60565727679835,2.12126534934867,-0.515608072550316
"US-Myb",2013,7,"Freshwater","WUE_E_minus_WUE_T",0.663290699938467,0.629884073171443,0.106978248576256,2.43060307867868,3.06752524672503,-0.636922168046347
"US-Myb",2013,10,"Freshwater","WUE_E_minus_WUE_T",0.53684359374359,-0.0985306260451301,-0.723084310595018,0.43365394579947,0.476133707032177,-0.0424797612327072
"US-Myb",2014,7,"Freshwater","WUE_E_minus_WUE_T",0.60550875576243,0.297023806505711,-0.730388612629297,1.22383040505579,1.64742989792094,-0.423599492865149
"US-Myb",2014,8,"Freshwater","WUE_E_minus_WUE_T",0.585660218271357,0.182683772150426,0.967943236062957,0.799067680806942,1.23131163375884,-0.432243952951895
"US-Myb",2014,10,"Freshwater","WUE_E_minus_WUE_T",0.383371212738558,-0.9826278712248,-0.206055708358478,-0.683203086739496,-1.48445531565959,0.801252228920089
"US-Myb",2015,5,"Freshwater","WUE_E_minus_WUE_T",0.591261158569562,0.214948703831496,0.0194377283701645,0.871448680550146,1.35280889875885,-0.481360218208701
"US-Myb",2015,6,"Freshwater","WUE_E_minus_WUE_T",0.59581196691659,0.241164216333491,0.149617845752106,1.19614043074595,1.48067140249458,-0.284530971748626
"US-Myb",2015,7,"Freshwater","WUE_E_minus_WUE_T",0.604014889803014,0.288418200918968,0.452712959810809,1.20221470786524,1.61694328954011,-0.414728581674872
"US-Myb",2015,8,"Freshwater","WUE_E_minus_WUE_T",0.587795116268136,0.194982124631383,0.410906873194691,1.07374075215923,1.27028485870691,-0.196544106547681
"US-Myb",2015,9,"Freshwater","WUE_E_minus_WUE_T",0.504323643861934,-0.285865949283585,-0.258222146229733,0.0464672454372081,0.0391568433640774,0.00731040207313072
"US-Myb",2015,10,"Freshwater","WUE_E_minus_WUE_T",0.46097860492157,-0.535560580124848,-0.48777122619944,-0.348343316270169,-0.512799208773266,0.164455892503097
"US-Myb",2016,5,"Freshwater","WUE_E_minus_WUE_T",0.612513369453583,0.337374777979159,0.163892604739506,1.20288288288775,1.77915185339511,-0.576268970507356
"US-Myb",2016,6,"Freshwater","WUE_E_minus_WUE_T",0.548605552035773,-0.0307743636092461,-0.0246202442604913,0.471005905856852,0.683921190904165,-0.212915285047313
"US-Myb",2016,7,"Freshwater","WUE_E_minus_WUE_T",0.544616087843904,-0.0537561814365094,-0.227372827610564,0.347300272238968,0.598912354885252,-0.251612082646284
"US-Myb",2016,9,"Freshwater","WUE_E_minus_WUE_T",0.497016086803436,-0.327962064702551,-0.504843635277944,-0.0244390897532938,-0.0551862997987638,0.03074721004547
"US-Myb",2017,5,"Freshwater","WUE_E_minus_WUE_T",0.633481170959024,0.458162475589888,0.186888467909345,1.78057150611174,2.25893886128397,-0.478367355172225
"US-Myb",2017,7,"Freshwater","WUE_E_minus_WUE_T",0.493759188170194,-0.346723845099928,-0.184295986584489,-0.0417501865992405,-0.0881033993860694,0.0463532127868289
"US-Myb",2017,8,"Freshwater","WUE_E_minus_WUE_T",0.585638700723962,0.182559817571431,-0.151152114921624,0.985562501676065,1.23092137507581,-0.245358873399744
"US-Myb",2018,5,"Freshwater","WUE_E_minus_WUE_T",0.673749743904753,0.69013473128499,-0.053832647901134,2.78707160523773,3.36249512947168,-0.575423524233945
"US-Myb",2018,6,"Freshwater","WUE_E_minus_WUE_T",0.64035554912351,0.49776320868431,-0.089367942332031,1.97741740063677,2.47132866590418,-0.493911265267414
"US-Myb",2018,7,"Freshwater","WUE_E_minus_WUE_T",0.681794660235779,0.736478498934808,-0.885248301665318,2.97495016109261,3.62702324660877,-0.652073085516162
"US-Myb",2018,8,"Freshwater","WUE_E_minus_WUE_T",0.697990351993995,0.829775849073318,0.945786886440377,3.97407960090983,4.12364962014904,-0.149570019239209
"US-Myb",2018,9,"Freshwater","WUE_E_minus_WUE_T",0.603318363781925,0.284405773846372,0.525839997576048,1.59288528814003,1.59401103928024,-0.00112575114021696
"US-Myb",2018,10,"Freshwater","WUE_E_minus_WUE_T",0.495707909556077,-0.335497986755905,-0.147660307228183,-0.050564427214165,-0.074028501722271,0.0234640745081061
"US-Myb",2019,6,"Freshwater","WUE_E_minus_WUE_T",0.642115152025038,0.507899625853727,0.80038419270631,2.14080268970607,2.5162659939137,-0.375463304207632
"US-Myb",2019,8,"Freshwater","WUE_E_minus_WUE_T",0.663415561816671,0.630603355962425,-0.838419960289044,2.46754492114065,3.03787135223014,-0.570326431089493
"US-Myb",2019,9,"Freshwater","WUE_E_minus_WUE_T",0.558019270499103,0.0234545634838582,0.144614704761146,0.741155934153664,0.792129265636435,-0.0509733314827714
"US-Myb",2020,5,"Freshwater","WUE_E_minus_WUE_T",0.531904347228529,-0.126983786207453,-0.169981723962008,0.35744232000224,0.402493647464577,-0.045051327462337
"US-Myb",2020,7,"Freshwater","WUE_E_minus_WUE_T",0.647325051996091,0.53791191980464,-0.126169800983148,2.48710048911572,2.62588996832189,-0.138789479206168
"US-Myb",2020,9,"Freshwater","WUE_E_minus_WUE_T",0.588041768402322,0.196402995741376,-0.896289573414449,1.48297783661533,1.29926465035797,0.183713186257356
"US-Myb",2021,7,"Freshwater","WUE_E_minus_WUE_T",0.702356729554912,0.854928924484943,-0.800991478562627,3.9811101592421,4.30583169758947,-0.324721538347364
"US-Myb",2021,8,"Freshwater","WUE_E_minus_WUE_T",0.668846834383636,0.66189089501557,0.483892043910743,3.09737197972576,3.196958204205,-0.0995862244792449
"US-Myb",2021,9,"Freshwater","WUE_E_minus_WUE_T",0.589475820138483,0.204664033858346,-0.462879839872573,1.23137261227969,1.32576811231602,-0.0943955000363239
"US-Myb",2022,6,"Freshwater","WUE_E_minus_WUE_T",0.668594549232492,0.660437574192201,-0.793528127154536,2.74023255893202,3.24888798904529,-0.508655430113274
"US-Myb",2022,8,"Freshwater","WUE_E_minus_WUE_T",0.669312838901725,0.66457537353858,-0.495748891486527,2.95365769997521,3.21081267357006,-0.25715497359485
"US-Myb",2022,9,"Freshwater","WUE_E_minus_WUE_T",0.552804415978452,-0.0065862717825791,-0.282926593624064,0.568410892359531,0.712029389176082,-0.14361849681655
"US-Myb",2022,10,"Freshwater","WUE_E_minus_WUE_T",0.614167235335529,0.346902083547433,-0.316311140246945,1.82723890980685,1.81898956325669,0.00824934655016429
"US-Myb",2023,8,"Freshwater","WUE_E_minus_WUE_T",0.69235165604774,0.797293421161251,-0.365183668005962,3.76177436404605,3.93507168718543,-0.173297323139371
"US-Myb",2024,5,"Freshwater","WUE_E_minus_WUE_T",0.569243605697298,0.0881137794464509,0.460864850300177,0.852664034179631,0.965599034206386,-0.112935000026754
"US-Myb",2024,6,"Freshwater","WUE_E_minus_WUE_T",0.657593760475582,0.597066126045656,-0.442553510335918,2.34589844081203,2.93167774172957,-0.585779300917542
"US-Myb",2024,8,"Freshwater","WUE_E_minus_WUE_T",0.703944528081233,0.86407564061607,0.141908774458449,3.56489864998773,4.32733939249548,-0.762440742507745
"US-Myb",2024,9,"Freshwater","WUE_E_minus_WUE_T",0.639456508061014,0.49258416785982,0.0935548864636732,2.30077181647548,2.4135752522741,-0.112803435798622
"US-Myb",2025,5,"Freshwater","WUE_E_minus_WUE_T",0.666823497481104,0.650235204461445,-0.514940813009019,3.1673973324735,3.15534182139003,0.0120555110834699
"US-Myb",2025,6,"Freshwater","WUE_E_minus_WUE_T",0.715988023266224,0.933453732267856,0.55071964765448,4.86760378691932,4.81237794769345,0.0552258392258755
"US-Myb",2025,8,"Freshwater","WUE_E_minus_WUE_T",0.688047282408699,0.772497527257865,-0.202616057635113,3.29090384206894,3.79403061744706,-0.503126775378112
"US-NC4",2009,4,"Freshwater","WUE_E_minus_WUE_T",0.629650396927691,0.436094812692965,-0.76745307925348,1.92423545168344,1.88588578191297,0.0383496697704735
"US-NC4",2009,5,"Freshwater","WUE_E_minus_WUE_T",0.706688417802679,0.879882167679251,0.555671520647344,4.87937135265889,4.15549661322984,0.723874739429056
"US-NC4",2009,6,"Freshwater","WUE_E_minus_WUE_T",0.779319227355578,1.29828121915928,-0.692500787999132,8.90688065825918,7.00162294878204,1.90525770947714
"US-NC4",2009,7,"Freshwater","WUE_E_minus_WUE_T",0.685641433361676,0.75863832665863,-0.152450516970303,4.21483871380307,3.46417382521746,0.75066488858561
"US-NC4",2009,8,"Freshwater","WUE_E_minus_WUE_T",0.740046439465795,1.07204531041461,0.904984692588811,6.0320569613641,5.36667647351118,0.665380487852921
"US-NC4",2009,9,"Freshwater","WUE_E_minus_WUE_T",0.630836841125085,0.442929475969875,0.203324519299167,2.08054445865312,1.91584253586973,0.164701922783382
"US-NC4",2010,5,"Freshwater","WUE_E_minus_WUE_T",0.783982790269185,1.32514626873786,0.121933300843415,8.5945760944985,7.15391923293362,1.44065686156488
"US-NC4",2010,6,"Freshwater","WUE_E_minus_WUE_T",0.775319095075457,1.27523794644761,-0.99005940618672,5.54654564364384,6.83649446472663,-1.28994882108279
"US-NC4",2010,7,"Freshwater","WUE_E_minus_WUE_T",0.7452292236773,1.10190140057067,-0.904924148568184,4.28214111495571,5.6011065801387,-1.31896546518299
"US-NC4",2010,8,"Freshwater","WUE_E_minus_WUE_T",0.685809813634249,0.759608302716538,-0.475923513617607,2.68833762417197,3.43632687966215,-0.747989255490181
"US-NC4",2011,7,"Freshwater","WUE_E_minus_WUE_T",0.779572834849315,1.29974215750598,-0.345228048714957,6.84472626838054,6.98596287805133,-0.141236609670787
"US-NC4",2011,9,"Freshwater","WUE_E_minus_WUE_T",0.615406377558906,0.354040320531175,0.819198719819916,1.2163589284034,1.56257054839284,-0.346211619989446
"US-NC4",2012,4,"Freshwater","WUE_E_minus_WUE_T",0.640395249268306,0.497991906437072,-0.14078022798185,2.3627899296698,2.15037326178399,0.212416667885805
"US-NC4",2012,6,"Freshwater","WUE_E_minus_WUE_T",0.745044594601339,1.1008378212063,-0.596137285736881,5.63884190615724,5.62005687733649,0.0187850288207558
"US-NC4",2012,7,"Freshwater","WUE_E_minus_WUE_T",0.722227579685793,0.969397493650584,0.746625144416663,4.89778086205765,4.72807581880311,0.169705043254536
"US-NC4",2013,4,"Freshwater","WUE_E_minus_WUE_T",0.581332108698479,0.15775114436972,0.550266614184416,0.943804314143948,0.891269157422311,0.0525351567216372
"US-NC4",2013,5,"Freshwater","WUE_E_minus_WUE_T",0.706052460162372,0.876218652497143,-0.603845961140834,4.46392845894879,4.13330125945249,0.330627199496301
"US-NC4",2013,7,"Freshwater","WUE_E_minus_WUE_T",0.718172110439707,0.946035445281389,-0.467319225677031,3.7246158489053,4.57986058088829,-0.855244731982993
"US-NC4",2013,8,"Freshwater","WUE_E_minus_WUE_T",0.67949153421309,0.723211047432286,0.197375546797607,4.11005854383319,3.23599317928725,0.874065364545943
"US-NC4",2014,5,"Freshwater","WUE_E_minus_WUE_T",0.697457083471217,0.826703887663446,-0.647469268738909,4.00898454451929,3.83839131614447,0.170593228374825
"US-NC4",2014,6,"Freshwater","WUE_E_minus_WUE_T",0.699546484939798,0.838740151585003,-0.509422722041432,5.12549320614749,3.95044974537242,1.17504346077507
"US-NC4",2014,7,"Freshwater","WUE_E_minus_WUE_T",0.574692806521554,0.119504596514684,0.430413239706745,1.2339122557084,0.786561470880659,0.447350784827743
"US-NC4",2014,8,"Freshwater","WUE_E_minus_WUE_T",0.606498007621486,0.302722518141333,-0.0810771049149505,2.24629670157258,1.34911118164337,0.897185519929206
"US-NC4",2015,4,"Freshwater","WUE_E_minus_WUE_T",0.590271439602137,0.209247301358477,0.416194999967762,2.04599719148555,1.05358079399789,0.992416397487662
"US-NC4",2015,7,"Freshwater","WUE_E_minus_WUE_T",0.714662957003079,0.925820518882778,-0.498324519751908,6.27144810097729,4.45312917584496,1.81831892513233
"US-NC4",2015,8,"Freshwater","WUE_E_minus_WUE_T",0.7629712970429,1.20410687939091,-0.49453104203057,7.55132564522291,6.27321316510174,1.27811248012117
"US-NC4",2015,9,"Freshwater","WUE_E_minus_WUE_T",0.637127482708529,0.479167519961346,0.884163135768123,2.71779753387625,2.06971473945872,0.648082794417521
"US-NC4",2016,4,"Freshwater","WUE_E_minus_WUE_T",0.675618554970756,0.700900256028887,-0.0908503236986653,2.26810791776452,3.13888802036461,-0.870780102600096
"US-NC4",2016,6,"Freshwater","WUE_E_minus_WUE_T",0.800581331658194,1.42076428560789,0.350086850120997,7.14576523440291,7.89171988997519,-0.745954655572282
"US-NC4",2016,7,"Freshwater","WUE_E_minus_WUE_T",0.778741706298186,1.29495433537387,0.710556876977628,4.98736510109641,6.95157266239226,-1.96420756129585
"US-NC4",2016,8,"Freshwater","WUE_E_minus_WUE_T",0.717383063176947,0.941490037783607,-0.107281926322347,3.75989311863377,4.51798082288748,-0.75808770425371
"US-NC4",2017,4,"Freshwater","WUE_E_minus_WUE_T",0.764150351368091,1.21089897236551,-0.0053822522180712,7.19957072695118,6.34376776315777,0.855802963793414
"US-NC4",2017,5,"Freshwater","WUE_E_minus_WUE_T",0.830945854276102,1.59568299490196,0.926370358945987,11.364191012692,9.1460345988443,2.21815641384765
"US-NC4",2017,6,"Freshwater","WUE_E_minus_WUE_T",0.805204086591615,1.44739425560649,-0.247391014084753,10.4418898053445,8.08748311609709,2.35440668924742
"US-NC4",2017,7,"Freshwater","WUE_E_minus_WUE_T",0.814009776395497,1.49812055597753,0.995272384693021,10.4912093648084,8.43591096610255,2.05529839870582
"US-NC4",2017,9,"Freshwater","WUE_E_minus_WUE_T",0.790131497229497,1.36056668021144,-0.307491679959381,8.44510881516826,7.41693401356155,1.02817480160671
"US-NC4",2018,4,"Freshwater","WUE_E_minus_WUE_T",0.664311462145321,0.635764304188604,0.652548096338196,1.78558817730878,2.8012619674509,-1.01567379014212
"US-NC4",2018,6,"Freshwater","WUE_E_minus_WUE_T",0.81044824445745,1.47760389653413,-0.765952818546407,5.67146935905601,8.31032002110004,-2.63885066204404
"US-NC4",2018,8,"Freshwater","WUE_E_minus_WUE_T",0.768751113373145,1.23740224929234,-0.404042650098663,3.60056428199699,6.50789472127937,-2.90733043928239
"US-NC4",2018,9,"Freshwater","WUE_E_minus_WUE_T",0.751596401170701,1.13858033944308,0.235524399709963,3.45283000413218,5.84260354850724,-2.38977354437506
"US-NC4",2019,5,"Freshwater","WUE_E_minus_WUE_T",0.815172678098914,1.50481959971213,-0.482836798734562,7.89958781372501,8.47042957010587,-0.570841756380863
"US-NC4",2019,6,"Freshwater","WUE_E_minus_WUE_T",0.807542847234043,1.46086698488563,-0.398388368194685,6.80221999108323,8.18676871935636,-1.38454872827313
"US-NC4",2019,8,"Freshwater","WUE_E_minus_WUE_T",0.800419042726188,1.41982939949503,0.313865926291291,4.09484804732573,7.82544280486236,-3.73059475753663
"US-NC4",2020,9,"Freshwater","WUE_E_minus_WUE_T",0.65309118382151,0.571128458368857,0.360047770534807,1.88257456360353,2.48672559091335,-0.60415102730982
"US-NC4",2021,6,"Freshwater","WUE_E_minus_WUE_T",0.758413204777144,1.17784940694513,0.916782143670982,6.12020858496424,6.14914286187231,-0.0289342769080783
"US-NC4",2021,7,"Freshwater","WUE_E_minus_WUE_T",0.836231898288309,1.62613392632354,-0.767447614650189,9.49395016017642,9.38843002147049,0.105520138705923
"US-NC4",2021,8,"Freshwater","WUE_E_minus_WUE_T",0.818759210337004,1.5254802765758,0.395046234469292,7.76776054274478,8.6054712289313,-0.837710686186524
"US-NC4",2025,5,"Freshwater","WUE_E_minus_WUE_T",0.778017990412673,1.29078527761583,0.659704933201805,6.28823296919369,6.90656051770477,-0.618327548511083
"US-NC4",2025,6,"Freshwater","WUE_E_minus_WUE_T",0.792053711557583,1.37163984126476,0.263743545996778,8.27070543742492,7.53249768043175,0.738207756993168
"US-NC4",2025,7,"Freshwater","WUE_E_minus_WUE_T",0.743999600717992,1.09481800052296,-0.192350725992654,5.41621007717924,5.55316252961591,-0.136952452436671
"US-NC4",2025,9,"Freshwater","WUE_E_minus_WUE_T",0.714371543980842,0.924141796962379,-0.863522877909886,3.72076290917737,4.43385487196853,-0.713091962791166
"US-NGC",2017,7,"Upland","WUE_E_minus_WUE_T",0.702158411535352,0.853786488213259,-0.0483442685829113,4.52002893546621,5.24139805201473,-0.721369116548512
"US-NGC",2017,8,"Upland","WUE_E_minus_WUE_T",0.52407885962309,-0.172063506668224,-0.382187437693883,0.451051169286477,0.39046313758654,0.0605880316999374
"US-NGC",2018,6,"Upland","WUE_E_minus_WUE_T",0.344875087150209,-1.20438971762265,-0.81104689621122,-2.98631673227223,-2.84034459250008,-0.145972139772153
"US-NGC",2018,7,"Upland","WUE_E_minus_WUE_T",0.53269276557872,-0.122442001640819,-0.658710103776911,0.724476487736223,0.650190809597713,0.0742856781385097
"US-NGC",2018,8,"Upland","WUE_E_minus_WUE_T",0.50199585789888,-0.299275457521011,0.0238334856021237,0.0407657810281696,-0.165156236198755,0.205922017226925
"US-NGC",2019,6,"Upland","WUE_E_minus_WUE_T",0.36489479451943,-1.08906363733038,-0.217599802263416,-2.29693100520687,-2.5249689858989,0.228037980692026
"US-NGC",2019,7,"Upland","WUE_E_minus_WUE_T",0.453669909930886,-0.577663250747459,0.274406818308432,-1.07775839546118,-1.17209697772697,0.0943385822657854
"US-NGC",2019,8,"Upland","WUE_E_minus_WUE_T",0.412374238068852,-0.815552240883547,0.815449170543266,-2.14948706003056,-1.89544556860519,-0.254041491425369
"US-NGC",2020,8,"Upland","WUE_E_minus_WUE_T",0.375027599484884,-1.0306923206333,-0.919723360376473,-1.88525281894889,-2.43553015359196,0.550277334643067
"US-NGC",2021,8,"Upland","WUE_E_minus_WUE_T",0.37206577632819,-1.04775428107461,0.46716406836993,-2.57882424911356,-2.47855681592392,-0.100267433189646
"US-NGC",2022,6,"Upland","WUE_E_minus_WUE_T",0.284256032328856,-1.55359352238538,-0.489665923191463,-3.23636214634731,-4.14777457534467,0.911412428997358
"US-NGC",2022,7,"Upland","WUE_E_minus_WUE_T",0.329648176404506,-1.29210628105064,0.974982407529223,-3.32213276341913,-3.1360698388511,-0.186062924568023
"US-NGC",2022,8,"Upland","WUE_E_minus_WUE_T",0.253684260711464,-1.72970611600125,-0.107615715836361,-6.12166153563553,-5.14874515908633,-0.972916376549205
"US-ONA",2016,4,"Upland","WUE_E_minus_WUE_T",0.440575722840389,-0.65309398726673,-0.773486369384111,-1.10239019311132,-1.01653757347252,-0.0858526196388034
"US-ONA",2016,6,"Upland","WUE_E_minus_WUE_T",0.447698703712614,-0.612061146534326,0.517584938914397,-0.75640988848625,-0.853736632928434,0.0973267444421837
"US-ONA",2016,9,"Upland","WUE_E_minus_WUE_T",0.554673496893401,0.00418080746062621,0.263702183620961,0.893458773222035,1.63613200411063,-0.742673230888596
"US-ONA",2017,7,"Upland","WUE_E_minus_WUE_T",0.533744839378377,-0.116381396195648,0.669834884204176,0.45489737519761,1.08036786135193,-0.625470486154316
"US-ONA",2017,8,"Upland","WUE_E_minus_WUE_T",0.544939524800025,-0.0518929815563543,0.210783120717094,0.607099245623106,1.3474413258457,-0.740342080222593
"US-ONA",2018,3,"Upland","WUE_E_minus_WUE_T",0.348108519969352,-1.18576311504336,-0.834841215681908,-2.87115436829492,-2.41704818363606,-0.454106184658866
"US-ONA",2018,4,"Upland","WUE_E_minus_WUE_T",0.318668150321345,-1.35535812316421,-0.355461568036514,-3.54431796496416,-2.95996135321528,-0.584356611748882
"US-ONA",2018,6,"Upland","WUE_E_minus_WUE_T",0.542067023247873,-0.0684403934906792,-0.174207120613592,0.587417465780694,1.32934119349372,-0.741923727713027
"US-ONA",2018,7,"Upland","WUE_E_minus_WUE_T",0.448639938344489,-0.606639044266423,0.61012840261594,-0.732980621515556,-0.862810127118384,0.129829505602828
"US-ONA",2018,8,"Upland","WUE_E_minus_WUE_T",0.496971201346298,-0.32822063310909,0.0504259606020227,-0.0413980774683913,0.116863511848958,-0.158261589317349
"US-ONA",2018,9,"Upland","WUE_E_minus_WUE_T",0.608410353269139,0.31373882940105,-0.655525339872255,1.59683626907947,3.0847212337144,-1.48788496463494
"US-ONA",2019,3,"Upland","WUE_E_minus_WUE_T",0.388298340330588,-0.954244523665871,-0.124026821355731,-2.02604507982687,-1.81614722672684,-0.209897853100033
"US-ONA",2019,4,"Upland","WUE_E_minus_WUE_T",0.491900449982464,-0.35743134374249,-0.338060236836321,-0.131054755263472,0.0210598984450705,-0.152114653708542
"US-ONA",2019,5,"Upland","WUE_E_minus_WUE_T",0.344074379606142,-1.20900229565961,0.344940451945156,-1.73606687957058,-2.49279928505189,0.756732405481309
"US-ONA",2019,6,"Upland","WUE_E_minus_WUE_T",0.472845558404381,-0.467199479488216,0.553285864000229,-0.320517693091641,-0.362866708158109,0.0423490150664674
"US-ONA",2019,7,"Upland","WUE_E_minus_WUE_T",0.566423515206338,0.0718682881216414,0.909639558852039,1.06387987690342,1.96541093845802,-0.901531061554601
"US-ONA",2020,4,"Upland","WUE_E_minus_WUE_T",0.376682455197272,-1.02115931302039,0.959509490941708,-2.21353907551055,-1.98653212074895,-0.227006954761604
"US-ONA",2020,5,"Upland","WUE_E_minus_WUE_T",0.511925307503704,-0.242075595341978,0.884292409082256,0.175843965311711,0.499966582101489,-0.324122616789778
"US-ONA",2020,6,"Upland","WUE_E_minus_WUE_T",0.536978065629151,-0.0977559835798233,-0.437037089289287,0.601984135368812,1.19273973476296,-0.590755599394151
"US-ONA",2020,7,"Upland","WUE_E_minus_WUE_T",0.394412023614171,-0.919025870553687,-0.946552567227584,-1.82013473063509,-1.722494203655,-0.0976405269800891
"US-ONA",2020,8,"Upland","WUE_E_minus_WUE_T",0.587618767837957,0.193966246984267,-0.254394623524337,1.40498843089858,2.50714733719266,-1.10215890629408
"US-ONA",2020,9,"Upland","WUE_E_minus_WUE_T",0.543694373463799,-0.0590658348018704,0.181306349708703,0.650315530725162,1.3382519862394,-0.687936455514242
"US-ONA",2021,3,"Upland","WUE_E_minus_WUE_T",0.415403649833876,-0.798100927634652,-0.960242711031908,-1.82210255547043,-1.42043820900538,-0.401664346465049
"US-ONA",2021,4,"Upland","WUE_E_minus_WUE_T",0.524379062567475,-0.170334149279045,0.600091019968684,0.365264557883939,0.823369527592046,-0.458104969708107
"US-ONA",2021,6,"Upland","WUE_E_minus_WUE_T",0.413630144820694,-0.808317429693189,-0.535439756424377,-1.09377345530946,-1.41487574092242,0.321102285612953
"US-ONA",2021,7,"Upland","WUE_E_minus_WUE_T",0.573232083211581,0.111089913391511,0.558724289805986,1.15215485586053,2.15093070347137,-0.998775847610839
"US-ONA",2021,8,"Upland","WUE_E_minus_WUE_T",0.531942868647441,-0.126761878655633,-0.602558947329198,0.423982733597859,0.999280037700463,-0.575297304102604
"US-ONA",2021,9,"Upland","WUE_E_minus_WUE_T",0.5305512653868,-0.134778386909816,0.091452834490193,0.382841370489575,0.986905073196394,-0.604063702706819
"US-ONA",2022,3,"Upland","WUE_E_minus_WUE_T",0.353998027502901,-1.15183585496061,-0.394314580917964,-3.0863065610907,-2.32238889406819,-0.763917667022512
"US-ONA",2022,5,"Upland","WUE_E_minus_WUE_T",0.357618564757723,-1.13097928785651,0.203836876246659,-2.06083172686417,-2.27461021342559,0.213778486561417
"US-ONA",2022,6,"Upland","WUE_E_minus_WUE_T",0.491993393261858,-0.356895932115122,-0.546141633102847,-0.0915281097379412,0.0597689495763598,-0.151297059314301
"US-ONA",2022,8,"Upland","WUE_E_minus_WUE_T",0.414559580449983,-0.802963297086099,-0.285651547457617,-0.884176463554474,-1.46022805717745,0.57605159362298
"US-OPE",2022,7,"Upland","WUE_E_minus_WUE_T",0.595961104740894,0.242023343811384,0.348322956474856,3.74699778024136,1.60341189300691,2.14358588723445
"US-OPE",2022,8,"Upland","WUE_E_minus_WUE_T",0.626477432737128,0.417816547368873,-0.571637207526182,5.08913219963267,2.37171023588593,2.71742196374674
"US-OPE",2022,9,"Upland","WUE_E_minus_WUE_T",0.510323526411147,-0.251302859831114,-0.359893096836935,0.340690977264389,-0.694269874566368,1.03496085183076
"US-PAS",2021,7,"Upland","WUE_E_minus_WUE_T",0.608189973990348,0.312469306428918,0.543499750891987,3.4856610485805,2.40539190814837,1.08026914043213
"US-PAS",2021,8,"Upland","WUE_E_minus_WUE_T",0.524100959835989,-0.171936195570203,-0.625169689861716,0.649304896330744,0.11092571514315,0.538379181187594
"US-PAS",2021,9,"Upland","WUE_E_minus_WUE_T",0.462656639145466,-0.525894049737113,0.110954394177768,-0.884742571079184,-1.28784874075551,0.403106169676323
"US-PAS",2021,10,"Upland","WUE_E_minus_WUE_T",0.400838580022352,-0.882004871861561,-0.536451985795847,-2.00088872167086,-2.32315573907277,0.322267017401907
"US-PAS",2022,5,"Upland","WUE_E_minus_WUE_T",0.660588294252394,0.61431652019045,0.25054135316527,4.18054287604031,3.75976142980875,0.42078144623156
"US-PAS",2022,6,"Upland","WUE_E_minus_WUE_T",0.685988812029405,0.760639445825237,-0.524005925823692,5.64959302071343,4.50395851035478,1.14563451035865
"US-PAS",2022,8,"Upland","WUE_E_minus_WUE_T",0.61800240655602,0.368995077013906,-0.178152844842796,3.09982528640289,2.62921611002445,0.470609176378436
"US-PAS",2022,10,"Upland","WUE_E_minus_WUE_T",0.549677348611401,-0.0246001425950116,-0.924656680391361,1.13181433239889,0.81584879816002,0.315965534238871
"US-PHM",2013,7,"Saline","WUE_E_minus_WUE_T",0.735927795410911,1.04831933549356,0.753374635110776,5.90740325342414,3.7783281122004,2.12907514122374
"US-PHM",2013,8,"Saline","WUE_E_minus_WUE_T",0.694794742732345,0.811367133926048,-0.396780711849209,3.52530749628227,3.07146068721232,0.453846809069956
"US-PHM",2013,9,"Saline","WUE_E_minus_WUE_T",0.630093473099045,0.43864720954726,-0.090529213030318,1.78566808671498,2.03690245010729,-0.251234363392316
"US-PHM",2014,6,"Saline","WUE_E_minus_WUE_T",0.58529753342273,0.180594479774562,-0.691523060008575,1.01298366440294,1.33910942380961,-0.326125759406664
"US-PHM",2015,7,"Saline","WUE_E_minus_WUE_T",0.73862677892695,1.06386717462715,0.0341860154698185,5.28511535662388,3.82253386092109,1.46258149570279
"US-PHM",2015,8,"Saline","WUE_E_minus_WUE_T",0.723081339276092,0.97431568477322,-0.630256148013238,3.99558286513951,3.53466992787233,0.460912937267188
"US-PHM",2015,9,"Saline","WUE_E_minus_WUE_T",0.579349523270883,0.14633020788986,0.070227928201088,0.961049908110164,1.20685502623464,-0.245805118124473
"US-PHM",2016,9,"Saline","WUE_E_minus_WUE_T",0.627851635329357,0.425732816851058,-0.454957001862843,1.33484439299142,2.00022368499532,-0.665379292003904
"US-PHM",2017,6,"Saline","WUE_E_minus_WUE_T",0.711455925719985,0.907346005722684,0.0528305249581178,3.59544345570401,3.40370120126366,0.191742254440349
"US-PHM",2017,7,"Saline","WUE_E_minus_WUE_T",0.757715218126484,1.1738285657294,0.780585566739851,6.27664968128385,4.13519152861696,2.14145815266689
"US-PHM",2017,8,"Saline","WUE_E_minus_WUE_T",0.681536810645166,0.734993123447449,-0.168233413155457,3.32698261421763,2.85439570131683,0.472586912900799
"US-PHM",2017,9,"Saline","WUE_E_minus_WUE_T",0.608157551264333,0.312282531176176,0.136914717808069,1.618074027932,1.67804505503207,-0.0599710271000682
"US-PHM",2018,6,"Saline","WUE_E_minus_WUE_T",0.63285585532709,0.454560265055719,0.19601030433281,1.60888197063197,2.11707146505197,-0.508189494419995
"US-PHM",2018,7,"Saline","WUE_E_minus_WUE_T",0.656058089659177,0.588219698242846,-0.0229787131293441,2.13620578400089,2.47059638177548,-0.334390597774585
"US-PHM",2018,8,"Saline","WUE_E_minus_WUE_T",0.664057000439812,0.634298445045927,0.427515177412793,2.33376005716594,2.56825679129491,-0.234496734128972
"US-PHM",2019,5,"Saline","WUE_E_minus_WUE_T",0.63389385731996,0.460539808061293,0.260014657339107,2.4774686765395,2.09280193262846,0.384666743911038
"US-PHM",2019,6,"Saline","WUE_E_minus_WUE_T",0.718326731666872,0.94692616060155,0.560590645073894,4.01154145962487,3.51622022151937,0.495321238105497
"US-PHM",2020,6,"Saline","WUE_E_minus_WUE_T",0.657127493742939,0.594380137002223,0.299875185917807,2.16139127751784,2.51425632375251,-0.352865046234671
"US-PHM",2020,7,"Saline","WUE_E_minus_WUE_T",0.700872252537021,0.846377405094582,-0.977571556459693,3.64257451827971,3.2042333666364,0.438341151643312
"US-RRC",2022,6,"Freshwater","WUE_E_minus_WUE_T",0.8980402810128,1.9821890063183,-0.512992351082106,14.1487417199374,12.048984187286,2.09975753265143
"US-RRC",2022,7,"Freshwater","WUE_E_minus_WUE_T",0.867982901948103,1.80903963667668,-0.342150694437612,13.8197458048868,10.7225356147278,3.097210190159
"US-RRC",2022,8,"Freshwater","WUE_E_minus_WUE_T",0.878171459774351,1.86773212484655,-0.621368248934707,13.9779174948,11.1299460480715,2.84797144672849
"US-RRC",2022,9,"Freshwater","WUE_E_minus_WUE_T",0.792832738901412,1.37612752774026,-0.615695418178767,6.27224060108122,7.49391988760185,-1.22167928652063
"US-RRC",2023,5,"Freshwater","WUE_E_minus_WUE_T",0.810165318841943,1.47597406740382,-0.602685002239197,6.22729340829716,8.22071631286091,-1.99342290456375
"US-RRC",2023,6,"Freshwater","WUE_E_minus_WUE_T",0.881998110653773,1.88977603580048,0.596543035999739,12.2839904883705,11.3549077993946,0.929082688975985
"US-RRC",2023,7,"Freshwater","WUE_E_minus_WUE_T",0.880826688665485,1.88302790987706,0.208500918410467,12.3430449519687,11.278072022816,1.06497292915262
"US-RRC",2023,8,"Freshwater","WUE_E_minus_WUE_T",0.856867205399105,1.7450062475231,0.200909653487162,9.95253494521242,10.2088244233985,-0.256289478186048
"US-RRC",2023,9,"Freshwater","WUE_E_minus_WUE_T",0.873708565192682,1.8420230508142,0.323405572040528,7.99844526440884,10.9613416765842,-2.96289641217534
"US-RRC",2024,8,"Freshwater","WUE_E_minus_WUE_T",0.847840086386119,1.69300437592232,0.447894163667255,11.0681505929519,9.81908679709282,1.24906379585912
"US-RRC",2025,4,"Freshwater","WUE_E_minus_WUE_T",0.701795399768214,0.851695312581571,-0.339076876950043,1.27530084266411,3.95443161923636,-2.67913077657225
"US-RRC",2025,6,"Freshwater","WUE_E_minus_WUE_T",0.831053715486789,1.59630434317717,-0.230081253349405,9.55459281241792,9.15561273767912,0.398980074738795
"US-RRC",2025,9,"Freshwater","WUE_E_minus_WUE_T",0.88872360257865,1.92851909070276,-0.002806869816008,9.90849823217668,11.6109099169297,-1.70241168475302
"US-SCg",2006,3,"Upland","WUE_E_minus_WUE_T",0.512440693796188,-0.239106646802804,0.719425282602969,0.40621657799968,-0.410055658799041,0.816272236798721
"US-SCg",2006,4,"Upland","WUE_E_minus_WUE_T",0.732821942130614,1.03042767113636,0.965180348627566,8.10234046877979,5.72333963170359,2.3790008370762
"US-SCg",2007,2,"Upland","WUE_E_minus_WUE_T",0.203373855227317,-2.01952563011271,-0.576209694585762,-5.63359999384496,-7.62063306772075,1.9870330738758
"US-SCg",2008,2,"Upland","WUE_E_minus_WUE_T",0.404052047006461,-0.863493285024101,0.158153243469307,-3.42616675406065,-2.52126849204938,-0.904898262011264
"US-SCg",2009,2,"Upland","WUE_E_minus_WUE_T",0.519865490813385,-0.196335155633284,0.321817684503417,0.514901413588516,-0.221176823451902,0.736078237040418
"US-SCg",2009,4,"Upland","WUE_E_minus_WUE_T",0.345152597517343,-1.20279108372197,-0.44709241555648,-3.7041648288509,-3.40180605079553,-0.302358778055366
"US-SCg",2010,2,"Upland","WUE_E_minus_WUE_T",0.310051345150377,-1.40499632949172,0.349672659363397,-4.75349470711008,-4.07157435099647,-0.681920356113613
"US-SCg",2010,3,"Upland","WUE_E_minus_WUE_T",0.561992006578333,0.046340016882527,-0.756642837492456,1.29014923422021,0.906442154998919,0.383707079221288
"US-SCg",2010,4,"Upland","WUE_E_minus_WUE_T",0.643480140440017,0.515762815891457,0.85679450466871,4.70540934656402,3.06477784498346,1.64063150158057
"US-SCg",2010,5,"Upland","WUE_E_minus_WUE_T",0.576622603346916,0.130621437511653,-0.460654628499303,1.5371852584532,1.29622859823893,0.240956660214267
"US-SCg",2011,2,"Upland","WUE_E_minus_WUE_T",0.211678828704081,-1.97168377007238,0.130653143963214,-9.80839185565546,-7.26424543851842,-2.54414641713704
"US-SCg",2011,3,"Upland","WUE_E_minus_WUE_T",0.5871609847091,0.191329128823581,0.518645947989902,2.14625199461259,1.59002525520749,0.556226739405094
"US-SCg",2011,4,"Upland","WUE_E_minus_WUE_T",0.61976405365304,0.379143270032446,-0.0109446321283899,2.90571694003484,2.44858584062058,0.457131099414261
"US-SCg",2011,5,"Upland","WUE_E_minus_WUE_T",0.389824958201885,-0.945450246509175,0.58631846144122,-0.523509714358773,-2.73494236902446,2.21143265466568
"US-SCg",2012,2,"Upland","WUE_E_minus_WUE_T",0.126296598884235,-2.46353900602229,-0.984552600512211,-10.4066479873062,-11.2663672778841,0.859719290577965
"US-SCg",2012,3,"Upland","WUE_E_minus_WUE_T",0.117514793369758,-2.5141277178948,0.334595281331062,-14.8805866432609,-11.6996663861234,-3.18092025713751
"US-SCg",2012,4,"Upland","WUE_E_minus_WUE_T",0.248983336290115,-1.75678639131526,0.744823125043483,-3.6826663644389,-5.81835831695953,2.13569195252064
"US-SCg",2013,3,"Upland","WUE_E_minus_WUE_T",0.200886537209054,-2.03385414312222,-0.425606014016843,-10.2968513671036,-7.72936755351841,-2.56748381358517
"US-SCg",2014,3,"Upland","WUE_E_minus_WUE_T",0.123947229692437,-2.47707284720451,-0.601005292107604,-16.3644877418733,-11.3821983141154,-4.98228942775785
"US-SCg",2014,4,"Upland","WUE_E_minus_WUE_T",0.129674138279692,-2.44408225911151,-0.244992681606176,-11.9269234346179,-11.1040264511992,-0.822896983418675
"US-SCg",2016,3,"Upland","WUE_E_minus_WUE_T",0.529836072184268,-0.138898348664427,-0.113268098480068,0.559412422376274,0.0387751726663024,0.520637249709972
"US-SCg",2016,4,"Upland","WUE_E_minus_WUE_T",0.120768227457935,-2.49538589545161,0.22954443588608,-11.4538932090906,-11.5431687005507,0.0892754914601355
"US-SCs",2006,5,"Upland","WUE_E_minus_WUE_T",0.615309696358059,0.353483376130041,0.552637933838003,4.32323877618323,1.24280028194475,3.08043849423848
"US-SCs",2006,6,"Upland","WUE_E_minus_WUE_T",0.469368521229386,-0.487229396061282,-0.503958045314688,-0.791297536207259,-2.45168537482906,1.6603878386218
"US-SCs",2009,4,"Upland","WUE_E_minus_WUE_T",0.255825825483036,-1.71736935871292,-0.489255620187288,-10.8462729277548,-6.66760003822596,-4.17867288952881
"US-SCs",2010,3,"Upland","WUE_E_minus_WUE_T",0.591139608872776,0.214248501284448,-0.758374693604909,2.5953162427273,0.612072424942958,1.98324381778435
"US-SCs",2010,5,"Upland","WUE_E_minus_WUE_T",0.316895290512216,-1.36557090844242,-0.397163906778526,-8.49185270178319,-5.01798505306257,-3.47386764872063
"US-SCs",2011,3,"Upland","WUE_E_minus_WUE_T",0.520003697787885,-0.195538996711267,0.525771202477343,0.783322667535113,-1.30241111882001,2.08573378635512
"US-SCs",2011,4,"Upland","WUE_E_minus_WUE_T",0.635017294485454,0.467011511286597,0.0034607708244613,4.90282332096654,1.76003739601858,3.14278592494796
"US-SCs",2011,5,"Upland","WUE_E_minus_WUE_T",0.510554912512948,-0.249969930649749,0.563357823524284,0.33809183919874,-1.55093269505411,1.88902453425285
"US-SCs",2011,6,"Upland","WUE_E_minus_WUE_T",0.394425930309168,-0.918945759261636,0.66263058701208,-3.52122570111115,-3.71272701598955,0.1915013148784
"US-SCs",2012,4,"Upland","WUE_E_minus_WUE_T",0.290989497293502,-1.51480453776957,0.759065398023905,-6.14769317593863,-5.61875854935964,-0.528934626578992
"US-SCs",2013,3,"Upland","WUE_E_minus_WUE_T",0.229086424687351,-1.87140509091705,-0.428256254788406,-9.91043825880696,-7.63945343907867,-2.27098481972829
"US-Skr",2004,2,"Saline","WUE_E_minus_WUE_T",0.61981229506007,0.379421170816804,0.869122371539587,2.27034496019223,1.90741690557589,0.362928054616336
"US-Skr",2004,4,"Saline","WUE_E_minus_WUE_T",0.680377268337588,0.728313431941487,-0.127790188780163,3.66388767840163,2.89448806686102,0.769399611540607
"US-Skr",2004,6,"Saline","WUE_E_minus_WUE_T",0.662898670429813,0.62762573713495,-0.889522890128178,3.19282485961332,2.64493157573768,0.547893283875641
"US-Skr",2004,7,"Saline","WUE_E_minus_WUE_T",0.589208268470743,0.203122768316997,0.630432753991306,1.33261928007499,1.41313167748655,-0.0805123974115582
"US-Skr",2004,8,"Saline","WUE_E_minus_WUE_T",0.624373304355125,0.405695447182304,0.932257740712666,2.03432332098927,1.95508923275063,0.0792340882386409
"US-Skr",2004,9,"Saline","WUE_E_minus_WUE_T",0.657260430565258,0.595145936539741,-0.645233439794722,2.74715872455233,2.5176770658882,0.229481658664136
"US-Skr",2004,10,"Saline","WUE_E_minus_WUE_T",0.677009011139561,0.708910156314098,-0.387839198508561,3.70903636016629,2.8388744166224,0.870161943543889
"US-Skr",2005,4,"Saline","WUE_E_minus_WUE_T",0.657379933785171,0.59583435009548,-0.607036443386612,3.52059961508719,2.51804653692285,1.00255307816434
"US-Skr",2005,5,"Saline","WUE_E_minus_WUE_T",0.6543257949491,0.578240593396821,-0.246647149390119,3.49101641564234,2.46336699125112,1.02764942439122
"US-Skr",2005,7,"Saline","WUE_E_minus_WUE_T",0.618950139676868,0.37445461465723,-0.593075948049508,2.01922058562285,1.89962704032827,0.119593545294579
"US-Skr",2005,8,"Saline","WUE_E_minus_WUE_T",0.673874881546487,0.690855602646999,0.837362264129258,2.4111749460906,2.76518257015613,-0.354007624065528
"US-Skr",2005,9,"Saline","WUE_E_minus_WUE_T",0.78036657508799,1.30431459949069,-0.597794753280093,4.7703187873594,4.53363277431225,0.236686013047153
"US-Skr",2007,2,"Saline","WUE_E_minus_WUE_T",0.654670306487019,0.580225196096091,0.46071697548154,2.53555542638011,2.47778648430312,0.0577689420769922
"US-Skr",2007,3,"Saline","WUE_E_minus_WUE_T",0.765505991626186,1.218708311152,-0.993954814121977,4.04618381840014,4.29273337393388,-0.246549555533742
"US-Skr",2007,4,"Saline","WUE_E_minus_WUE_T",0.744711507333053,1.09891902947083,0.565748128118812,4.18751080449023,3.94801181185363,0.239498992636608
"US-Skr",2007,6,"Saline","WUE_E_minus_WUE_T",0.688168217240276,0.773194187795374,0.581898112435908,2.72892924698457,3.0585986079554,-0.329669360970828
"US-Skr",2007,7,"Saline","WUE_E_minus_WUE_T",0.683860051055261,0.7483764464467,0.37560075414559,2.77910358390407,2.96190732440796,-0.182803740503883
"US-Skr",2007,9,"Saline","WUE_E_minus_WUE_T",0.749060103884746,1.12396967510865,0.880775185284136,3.70710578318173,4.02082546189381,-0.313719678712085
"US-Skr",2007,10,"Saline","WUE_E_minus_WUE_T",0.774584186618747,1.27100441245418,0.789279211181074,4.49736589378009,4.43685430176749,0.0605115920126069
"US-Skr",2008,3,"Saline","WUE_E_minus_WUE_T",0.731547149590641,1.02308406595225,0.579840156355048,3.97152828845521,3.7365080493511,0.235020239104104
"US-Skr",2008,4,"Saline","WUE_E_minus_WUE_T",0.723130015763287,0.974596091892422,0.631853241666607,3.57841777714024,3.59454259355578,-0.0161248164155396
"US-Skr",2008,6,"Saline","WUE_E_minus_WUE_T",0.701196941689484,0.848247818411636,0.0718216719475827,2.8607341916341,3.2719248764767,-0.411190684842606
"US-Skr",2008,7,"Saline","WUE_E_minus_WUE_T",0.660892817297697,0.616070764072531,0.999109661949358,2.38945449734045,2.58594310380242,-0.196488606461969
"US-Skr",2008,9,"Saline","WUE_E_minus_WUE_T",0.639454127823224,0.492570456196138,0.281960359684912,1.48692884134673,2.22627999152314,-0.739351150176406
"US-Skr",2008,10,"Saline","WUE_E_minus_WUE_T",0.688818307632412,0.776939116498776,0.395969544042326,2.54689467772998,3.0322109176097,-0.48531623987972
"US-Skr",2009,3,"Saline","WUE_E_minus_WUE_T",0.748476942596375,1.12061030005258,0.132546311470947,4.80031227135378,4.01379878019864,0.786513491155135
"US-Skr",2009,6,"Saline","WUE_E_minus_WUE_T",0.645468128121134,0.527214872742449,0.659533316484451,1.55949228810072,2.35966322206484,-0.800170933964112
"US-Skr",2009,7,"Saline","WUE_E_minus_WUE_T",0.592763920745899,0.223605557211624,-0.50275006045665,0.870311696343978,1.47128739717768,-0.600975700833704
"US-Skr",2009,8,"Saline","WUE_E_minus_WUE_T",0.712616904809056,0.914033973991875,-0.245347394967569,2.81487400641967,3.39951392297923,-0.584639916559559
"US-Skr",2009,9,"Saline","WUE_E_minus_WUE_T",0.571625982632819,0.101837765950607,0.437869336035301,0.632107946743768,1.11675146185063,-0.484643515106858
"US-Skr",2010,5,"Saline","WUE_E_minus_WUE_T",0.781877106161704,1.31301620659605,-0.458240544956424,5.82653554797353,4.55209558209225,1.27443996588128
"US-Skr",2010,6,"Saline","WUE_E_minus_WUE_T",0.692081264920714,0.795735798552158,-0.895853301133102,1.90834398465843,3.12266616390131,-1.21432217924287
"US-Skr",2010,7,"Saline","WUE_E_minus_WUE_T",0.785059230835197,1.33134724205161,0.12129449195594,4.39935238373129,4.61931698855191,-0.219964604820628
"US-Skr",2010,9,"Saline","WUE_E_minus_WUE_T",0.729541967932099,1.01153296099908,0.888702680921428,3.59578878309027,3.70114182250042,-0.105353039410155
"US-Skr",2010,10,"Saline","WUE_E_minus_WUE_T",0.700088830001836,0.841864399558123,-0.895367257179555,2.3860250418267,3.21674882692183,-0.830723785095127
"US-Skr",2011,3,"Saline","WUE_E_minus_WUE_T",0.699626899816433,0.839203391748734,-0.51838868029618,4.21250385497656,3.21376921730938,0.998734637667172
"US-Skr",2011,7,"Saline","WUE_E_minus_WUE_T",0.557170736424241,0.0185664746100565,0.614381995655478,0.715705974443838,0.889139889135372,-0.173433914691535
"US-Skr",2011,8,"Saline","WUE_E_minus_WUE_T",0.683046679727163,0.743690917064995,0.767374325910628,2.02875672044633,2.91533178024519,-0.886575059798862
"US-Skr",2011,9,"Saline","WUE_E_minus_WUE_T",0.80285000161447,1.4338332485407,-0.38368531320254,4.9141498496493,4.90193190422863,0.0122179454206623
"US-Skr",2018,4,"Saline","WUE_E_minus_WUE_T",0.716489823858671,0.936344418647428,-0.279232315082807,3.4680037909117,3.48579635681069,-0.017792565898993
"US-Skr",2018,6,"Saline","WUE_E_minus_WUE_T",0.707178225561056,0.882703767806992,-0.925182572505908,2.72466914800577,3.36986826739895,-0.645199119393179
"US-Skr",2019,2,"Saline","WUE_E_minus_WUE_T",0.736081056385008,1.04920221490225,0.100347074705805,3.95598023451604,3.81074121124817,0.14523902326787
"US-Skr",2019,3,"Saline","WUE_E_minus_WUE_T",0.695121910053582,0.813251823050723,-0.254912386352397,2.91945530876922,3.14000466183343,-0.220549353064211
"US-Skr",2019,4,"Saline","WUE_E_minus_WUE_T",0.748639834778047,1.12154866126216,-0.716837474400658,3.67624501774643,4.01235527194225,-0.336110254195823
"US-Skr",2019,5,"Saline","WUE_E_minus_WUE_T",0.775398114224217,1.27569314634271,-0.511770716216986,3.92727366050039,4.44596508886424,-0.518691428363849
"US-Skr",2019,6,"Saline","WUE_E_minus_WUE_T",0.740806771375643,1.07642529945574,-0.624789501970539,3.30259149106118,3.92061452875146,-0.618023037690276
"US-Skr",2019,7,"Saline","WUE_E_minus_WUE_T",0.705710560239879,0.874249094341962,-0.903577906450602,2.38767698763404,3.31967726748491,-0.932000279850866
"US-Skr",2019,8,"Saline","WUE_E_minus_WUE_T",0.676589474474374,0.706493361790449,-0.248181823705272,1.9519610888252,2.809620874133,-0.857659785307803
"US-Skr",2019,10,"Saline","WUE_E_minus_WUE_T",0.62055916143601,0.38372358993067,-0.324250148617982,1.22090133499793,1.91507590996316,-0.694174574965229
"US-Skr",2020,2,"Saline","WUE_E_minus_WUE_T",0.589031584830521,0.202104959649627,0.0515667980837974,1.15727549138596,1.40392745849175,-0.246651967105786
"US-Skr",2020,4,"Saline","WUE_E_minus_WUE_T",0.617441045158915,0.365761283014743,-0.612114639531355,1.57431595830224,1.86453836718047,-0.290222408878231
"US-Skr",2020,6,"Saline","WUE_E_minus_WUE_T",0.690431493814675,0.786232081463294,-0.49398477837519,2.08193523314452,3.0956544765737,-1.01371924342918
"US-Skr",2020,7,"Saline","WUE_E_minus_WUE_T",0.700893830527434,0.846501707863298,0.871999585792715,2.53570676547602,3.24080403087712,-0.705097265401101
"US-Skr",2021,2,"Saline","WUE_E_minus_WUE_T",0.639477815986719,0.492706914886309,-0.124414227638751,1.99916594714712,2.22916794606023,-0.230001998913113
"US-Skr",2021,4,"Saline","WUE_E_minus_WUE_T",0.653196620171252,0.571735837923004,-0.358422715525668,1.88112505304373,2.44958145789163,-0.568456404847903
"US-Skr",2021,6,"Saline","WUE_E_minus_WUE_T",0.6453921904623,0.526777424163485,0.328819176147769,1.56458512397809,2.35842056057464,-0.793835436596555
"US-Skr",2021,9,"Saline","WUE_E_minus_WUE_T",0.834277025547605,1.61487263231471,-0.141297928932053,7.07318580503427,5.41673952068008,1.6564462843542
"US-Skr",2022,4,"Saline","WUE_E_minus_WUE_T",0.76186895291487,1.19775668530095,-0.0499941287380263,4.51659196884234,4.22904619186817,0.287545776974167
"US-Skr",2022,5,"Saline","WUE_E_minus_WUE_T",0.766893346866687,1.2267003481438,0.475192020833223,3.77769175930042,4.30665267911002,-0.528960919809601
"US-Skr",2022,8,"Saline","WUE_E_minus_WUE_T",0.777136697591775,1.28570847780305,-0.884844072398366,3.74355498711049,4.45628053800312,-0.712725550892627
"US-Skr",2022,10,"Saline","WUE_E_minus_WUE_T",0.73837131697834,1.06239555345639,-0.272496957925324,3.20148622070578,3.84369327583625,-0.642207055130479
"US-Slt",2005,5,"Upland","WUE_E_minus_WUE_T",0.743505211834282,1.09197001023784,-0.615868148656485,6.47850272750411,6.73682112202898,-0.258318394524871
"US-Slt",2005,6,"Upland","WUE_E_minus_WUE_T",0.818427658489642,1.52357032982859,-0.134825146387107,12.1742329900204,9.9595938118037,2.21463917821666
"US-Slt",2005,7,"Upland","WUE_E_minus_WUE_T",0.840639624603842,1.65152519651529,-0.607707786088264,13.0151365869848,10.9682805291079,2.04685605787687
"US-Slt",2006,5,"Upland","WUE_E_minus_WUE_T",0.808280771679528,1.46511789286745,-0.880321285793,10.242314264441,9.45406676713675,0.788247497304219
"US-Slt",2006,6,"Upland","WUE_E_minus_WUE_T",0.834624284834222,1.61687306377117,0.8313048672139,13.1264200963218,10.7122543375772,2.41416575874456
"US-Slt",2006,7,"Upland","WUE_E_minus_WUE_T",0.85660508893503,1.7434962921664,-0.0239641013677031,15.0441336517117,11.7217397234083,3.32239392830337
"US-Slt",2007,7,"Upland","WUE_E_minus_WUE_T",0.638214616774214,0.485430094545249,0.198309411349725,2.03734322100402,3.56492384371964,-1.52758062271562
"US-Slt",2007,8,"Upland","WUE_E_minus_WUE_T",0.725304603986302,0.987123084989015,0.0706381449223179,5.03771914196735,6.06280138538374,-1.02508224341639
"US-Slt",2008,5,"Upland","WUE_E_minus_WUE_T",0.777798036140443,1.28951820294825,0.755666477789899,5.69040717092012,8.11125379318493,-2.4208466222648
"US-Slt",2008,6,"Upland","WUE_E_minus_WUE_T",0.791689011051276,1.36953893743549,-0.581651584912828,7.95626604927902,8.75307106678308,-0.796805017504063
"US-Slt",2008,7,"Upland","WUE_E_minus_WUE_T",0.688601972188025,0.775692888551019,-0.487058319942546,4.54105017197798,4.93094799544374,-0.389897823465764
"US-Slt",2009,5,"Upland","WUE_E_minus_WUE_T",0.761521716743046,1.1957563870002,0.551133450151794,8.24249041541866,7.43778864881705,0.804701766601616
"US-Slt",2009,7,"Upland","WUE_E_minus_WUE_T",0.827130454809652,1.57370389914898,0.340546869927294,11.5734780321752,10.3363761122412,1.23710191993408
"US-Slt",2009,8,"Upland","WUE_E_minus_WUE_T",0.829408572096707,1.58682728463692,0.991712414556786,12.6664897781892,10.4091910754856,2.25729870270361
"US-Slt",2009,9,"Upland","WUE_E_minus_WUE_T",0.734019133946788,1.03732424744344,0.51089169137698,5.57043051910726,6.39454832363197,-0.82411780452471
"US-Slt",2010,5,"Upland","WUE_E_minus_WUE_T",0.817114570715053,1.51600612005618,-0.210975683430617,10.9579319507708,9.85789630641664,1.10003564435417
"US-Slt",2011,5,"Upland","WUE_E_minus_WUE_T",0.838429824672808,1.63879536187903,-0.112073985341733,18.0206069721361,10.8493885655786,7.17121840655753
"US-Slt",2011,6,"Upland","WUE_E_minus_WUE_T",0.814609485586499,1.50157525733944,-0.464898791269665,13.0547970059319,9.7841193184439,3.27067768748801
"US-Slt",2011,7,"Upland","WUE_E_minus_WUE_T",0.804291924114829,1.44213962719973,-0.530462214351969,11.567916624903,9.28860807247082,2.27930855243223
"US-Slt",2012,5,"Upland","WUE_E_minus_WUE_T",0.741674466983048,1.08142377078418,0.637137223478064,10.102719516717,6.66842178703637,3.4342977296806
"US-Slt",2012,6,"Upland","WUE_E_minus_WUE_T",0.77442384103383,1.27008072124034,0.441519129864136,11.6247829561518,8.01002860452694,3.61475435162484
"US-Slt",2012,8,"Upland","WUE_E_minus_WUE_T",0.806365655934351,1.45408562410729,0.114078105505174,9.89003321355028,9.34906518343806,0.540968030112213
"US-Slt",2012,9,"Upland","WUE_E_minus_WUE_T",0.824943488715896,1.56110560174765,0.441482740798173,10.1540027523317,10.2259497734023,-0.0719470210706099
"US-Slt",2013,5,"Upland","WUE_E_minus_WUE_T",0.819735302756591,1.53110318158025,0.100987657883552,10.8803149007673,9.97863202530172,0.901682875465625
"US-Slt",2013,7,"Upland","WUE_E_minus_WUE_T",0.859959159595289,1.76281784443172,0.304910342329299,16.970616116002,11.8806155501639,5.09000056583806
"US-Slt",2013,8,"Upland","WUE_E_minus_WUE_T",0.800747759172052,1.4217230125499,0.253710214202673,12.9175197134393,9.09597629257707,3.8215434208622
"US-Slt",2013,9,"Upland","WUE_E_minus_WUE_T",0.726250294552333,0.99257085623453,-0.934592336164399,7.92981957645709,6.11999549732005,1.80982407913704
"US-Slt",2014,5,"Upland","WUE_E_minus_WUE_T",0.799696413827249,1.41566660346192,0.13686185428063,7.44531695716107,9.06706556206677,-1.62174860490569
"US-Slt",2014,6,"Upland","WUE_E_minus_WUE_T",0.864513802612613,1.78905544704154,-0.511503561470994,16.2773425889486,12.1227341870049,4.15460840194371
"US-Slt",2014,7,"Upland","WUE_E_minus_WUE_T",0.794272390216035,1.38442082294388,0.970385380328347,9.25709104403215,8.84086463355034,0.416226410481803
"US-Slt",2014,8,"Upland","WUE_E_minus_WUE_T",0.832861475965221,1.60671817821681,0.745636129083954,10.846204171535,10.5703739336554,0.275830237879582
"US-Slt",2014,9,"Upland","WUE_E_minus_WUE_T",0.864665801645204,1.78993105687508,-0.648321213682954,13.6672370723469,12.0949726704907,1.57226440185617
"US-Slt",2015,7,"Upland","WUE_E_minus_WUE_T",0.799681833298252,1.41558261046308,-0.220595048886477,0.647211083875099,9.08150900592492,-8.43429792204982
"US-Slt",2015,9,"Upland","WUE_E_minus_WUE_T",0.705693313658721,0.874149743209264,-0.613079913608108,0.635808926037153,5.440127721095,-4.80431879505784
"US-Slt",2016,9,"Upland","WUE_E_minus_WUE_T",0.644115542427369,0.519423130163773,0.0206938109600391,0.386441036420803,3.70958991435388,-3.32314887793308
"US-Slt",2017,6,"Upland","WUE_E_minus_WUE_T",0.752714708550131,1.14502249188082,-0.286285744487406,0.768055671503281,7.13018799219207,-6.36213232068879
"US-Slt",2017,7,"Upland","WUE_E_minus_WUE_T",0.716644844333375,0.937237433884015,0.94989314717823,0.487849170917854,5.80287792308524,-5.31502875216738
"US-Slt",2017,8,"Upland","WUE_E_minus_WUE_T",0.745723836851053,1.10475068290721,0.661654205335074,0.494084108670876,6.80226512301613,-6.30818101434526
"US-Slt",2017,9,"Upland","WUE_E_minus_WUE_T",0.792043128521894,1.3715788763365,-0.640404343743413,0.875329020347162,8.73367975071403,-7.85835073036687
"US-Slt",2018,6,"Upland","WUE_E_minus_WUE_T",0.813808023769628,1.49695833421768,0.163926848934134,0.825519245828898,9.74739911068438,-8.92187986485548
"US-Slt",2018,7,"Upland","WUE_E_minus_WUE_T",0.759838491341872,1.18605995217297,0.667020186442551,0.617790431264073,7.38532368728286,-6.76753325601879
"US-Slt",2018,8,"Upland","WUE_E_minus_WUE_T",0.793982177364913,1.38274901476242,0.188679815956077,0.740456098682018,8.79477181319484,-8.05431571451282
"US-Slt",2019,6,"Upland","WUE_E_minus_WUE_T",0.689798770233928,0.782587196494186,0.966327080807373,0.326062269537712,4.99213928694854,-4.66607701741083
"US-Slt",2019,8,"Upland","WUE_E_minus_WUE_T",0.765245294771391,1.21720653363579,-0.253689886069574,0.600928332880402,7.57052340306883,-6.96959507018842
"US-Slt",2020,5,"Upland","WUE_E_minus_WUE_T",0.777153252497275,1.28580384444981,-0.87362357807921,0.461777634563758,8.0839178704529,-7.62214023588914
"US-Slt",2020,6,"Upland","WUE_E_minus_WUE_T",0.792841143652378,1.37617594438127,-0.0977333079057476,0.524574689514358,8.80381001008091,-8.27923532056655
"US-Slt",2020,7,"Upland","WUE_E_minus_WUE_T",0.76196406243135,1.19830457581363,0.887108967989709,0.566878519973706,7.47070693308412,-6.90382841311041
"US-Slt",2020,8,"Upland","WUE_E_minus_WUE_T",0.741791503936077,1.08209797709466,0.757818124201483,0.841923294241077,6.6546147051428,-5.81269141090172
"US-Slt",2021,5,"Upland","WUE_E_minus_WUE_T",0.667737298290743,0.655499270693781,0.28750841052239,0.440526341451718,4.32946944248737,-3.88894310103566
"US-Slt",2021,6,"Upland","WUE_E_minus_WUE_T",0.772017029880873,1.25621597830703,-0.270019550319991,0.844590307809481,7.90928082742558,-7.0646905196161
"US-Slt",2021,9,"Upland","WUE_E_minus_WUE_T",0.764013882688729,1.21011282711457,0.693710570539122,0.777115897950369,7.54484732565237,-6.767731427702
"US-Snd",2007,4,"Upland","WUE_E_minus_WUE_T",0.53836769704648,-0.0897508343807902,-0.240344253983132,0.809192832676768,1.03324935265762,-0.224056519980847
"US-Snd",2007,5,"Upland","WUE_E_minus_WUE_T",0.577319611104182,0.134636639687002,-0.751388263601585,1.27273923703069,2.08679493574921,-0.814055698718521
"US-Snd",2007,6,"Upland","WUE_E_minus_WUE_T",0.545346254529822,-0.0495499630191351,-0.429407243763682,0.639240669190965,1.25772420777536,-0.6184835385844
"US-Snd",2007,7,"Upland","WUE_E_minus_WUE_T",0.536119275798286,-0.10270315204547,0.821823619890786,0.515107423902791,0.98350471799135,-0.468397294088558
"US-Snd",2007,8,"Upland","WUE_E_minus_WUE_T",0.49312888138497,-0.350354807809864,-0.243976420349261,-0.108905357060521,-0.133432818059859,0.0245274609993382
"US-Snd",2008,7,"Upland","WUE_E_minus_WUE_T",0.587843235183962,0.195259319789525,0.293088162614823,1.22353964332409,2.38631400342401,-1.16277436009992
"US-Snd",2008,8,"Upland","WUE_E_minus_WUE_T",0.577413852507024,0.135179529320231,-0.807648133977741,0.877150461857708,2.07118914817477,-1.19403868631706
"US-Snd",2008,9,"Upland","WUE_E_minus_WUE_T",0.561385145976466,0.0428441189052774,-0.531044077098218,0.748361773383543,1.6590018137397,-0.910640040356154
"US-Snd",2009,3,"Upland","WUE_E_minus_WUE_T",0.594545318234752,0.233867524883929,-0.221225970269234,1.20437264629737,2.55964565500622,-1.35527300870886
"US-Snd",2009,4,"Upland","WUE_E_minus_WUE_T",0.645663577780714,0.528340785460259,-0.872838430982415,2.29692670691006,3.89334255776201,-1.59641585085195
"US-Snd",2009,5,"Upland","WUE_E_minus_WUE_T",0.51294739479951,-0.236187730980731,-0.0340915335953871,0.287668215025301,0.36553068372068,-0.0778624686953797
"US-Snd",2009,6,"Upland","WUE_E_minus_WUE_T",0.382809990073554,-0.98586086603998,0.591622863722815,-2.1509764352021,-2.02217419784249,-0.128802237359605
"US-Snd",2009,7,"Upland","WUE_E_minus_WUE_T",0.326867671125921,-1.30812373670557,0.212939834313663,-2.15596271875244,-2.94675108808869,0.790788369336257
"US-Snd",2009,8,"Upland","WUE_E_minus_WUE_T",0.409533376044336,-0.831917389279386,0.156024985597427,-1.33075994544316,-1.69580555929868,0.365045613855518
"US-Snd",2009,9,"Upland","WUE_E_minus_WUE_T",0.451956850340463,-0.587531549230897,-0.437351256465468,-0.514250703751108,-0.970779506752228,0.45652880300112
"US-Snd",2010,3,"Upland","WUE_E_minus_WUE_T",0.65865780164975,0.603195671079615,-0.0080278454068631,3.31277072217728,4.23934732988367,-0.926576607706389
"US-Snd",2010,5,"Upland","WUE_E_minus_WUE_T",0.628622873589197,0.430175633313771,0.780287425021757,2.99488310389717,3.44588031665908,-0.450997212761906
"US-Snd",2010,6,"Upland","WUE_E_minus_WUE_T",0.56667843614138,0.0733367927146714,0.452882194311106,1.22370996757504,1.83839098476144,-0.614681017186402
"US-Snd",2010,9,"Upland","WUE_E_minus_WUE_T",0.584986066211246,0.178800233136611,-0.302916104681128,1.46298491481132,2.30054357914157,-0.837558664330253
"US-Snd",2011,4,"Upland","WUE_E_minus_WUE_T",0.722345598117211,0.970077353892626,-0.458643748187424,5.78108163540027,6.1290964042264,-0.348014768826129
"US-Snd",2011,5,"Upland","WUE_E_minus_WUE_T",0.700055886017397,0.841674621529679,0.9688361085686,4.93955343968625,5.4035772420652,-0.464023802378952
"US-Snd",2011,9,"Upland","WUE_E_minus_WUE_T",0.412314700583666,-0.815895214168333,-0.456134529467256,-1.65457738496585,-1.62979392311565,-0.0247834618501952
"US-Snd",2012,3,"Upland","WUE_E_minus_WUE_T",0.525114773317044,-0.166095993575179,0.634760091378577,0.249779105672383,0.686530252414151,-0.436751146741768
"US-Snd",2012,4,"Upland","WUE_E_minus_WUE_T",0.678012463292835,0.71469067055757,0.82829290499591,3.22093029799706,4.76260182142487,-1.54167152342782
"US-Snd",2012,5,"Upland","WUE_E_minus_WUE_T",0.662110526097488,0.623085531083221,-0.863650986354239,3.44152647237028,4.3226827721617,-0.881156299791425
"US-Snd",2012,6,"Upland","WUE_E_minus_WUE_T",0.554034771581371,0.000501348752192953,-0.551628778300019,0.909750680165181,1.49358030807651,-0.583829627911324
"US-Snd",2012,7,"Upland","WUE_E_minus_WUE_T",0.554617234834832,0.0038567026890461,0.813443868341227,0.949590752497496,1.48328388141022,-0.533693128912719
"US-Snd",2012,8,"Upland","WUE_E_minus_WUE_T",0.484257166013434,-0.401461456893103,-0.31131114173071,-0.240762119472529,-0.335524206944221,0.0947620874716919
"US-Snd",2012,9,"Upland","WUE_E_minus_WUE_T",0.388314523222265,-0.954151300052232,0.998998316881607,-1.62576072047573,-1.97857212709845,0.352811406622726
"US-Snd",2013,3,"Upland","WUE_E_minus_WUE_T",0.568958855267634,0.0864734382412022,-0.899156637663749,1.5287358861816,1.86812455456778,-0.339388668386182
"US-Snd",2013,6,"Upland","WUE_E_minus_WUE_T",0.503219191843679,-0.292228286144317,-0.711046496520566,0.0562369539384839,0.166011999025119,-0.109775045086635
"US-Snd",2013,7,"Upland","WUE_E_minus_WUE_T",0.484639814182839,-0.399257163259103,0.0610446899136781,-0.213909560406915,-0.293728541774022,0.0798189813671071
"US-Snd",2014,3,"Upland","WUE_E_minus_WUE_T",0.625767643285582,0.413727714611734,-0.243592102060483,3.30757121918474,3.38054196117998,-0.0729707419952388
"US-Snd",2014,4,"Upland","WUE_E_minus_WUE_T",0.687551966243017,0.769644195246568,-0.399364202589205,4.628358622292,5.03492281909976,-0.406564196807755
"US-Snd",2014,7,"Upland","WUE_E_minus_WUE_T",0.62021517373325,0.381742004850708,-0.722624469772642,2.49843359321746,3.24238571161662,-0.743952118399157
"US-Snd",2014,8,"Upland","WUE_E_minus_WUE_T",0.679270497209282,0.721937735551218,0.992573585501801,4.246563220781,4.77510778273788,-0.528544561956877
"US-Sne",2017,5,"Freshwater","WUE_E_minus_WUE_T",0.522773097471627,-0.179585516253326,0.135395977200652,0.026975021788892,1.03501026890207,-1.00803524711318
"US-Sne",2017,7,"Freshwater","WUE_E_minus_WUE_T",0.328248084028309,-1.30017169193882,-0.227695674745625,-0.107356074648037,-1.36805296981153,1.26069689516349
"US-Sne",2017,8,"Freshwater","WUE_E_minus_WUE_T",0.343341113754709,-1.21322636721562,-0.194549392798123,-0.108173542207018,-1.23043875531483,1.12226521310782
"US-Sne",2018,5,"Freshwater","WUE_E_minus_WUE_T",0.603065961300441,0.2829517771266,-0.101160820644147,0.277315257725138,2.34051410595122,-2.06319884822608
"US-Sne",2018,6,"Freshwater","WUE_E_minus_WUE_T",0.526374924930543,-0.158836729317286,-0.154775058222373,0.068632288611881,1.12529093897478,-1.05665865036289
"US-Sne",2018,7,"Freshwater","WUE_E_minus_WUE_T",0.477698834322899,-0.439241563923476,-0.962558687053801,-0.0741213779928447,0.466033117402535,-0.54015449539538
"US-Sne",2018,8,"Freshwater","WUE_E_minus_WUE_T",0.456576786272104,-0.560917818451957,0.912524897989756,-0.158220164410727,0.167528960682412,-0.325749125093139
"US-Sne",2018,9,"Freshwater","WUE_E_minus_WUE_T",0.388868041144513,-0.950962689391394,0.444232562955592,-0.485490926488519,-0.65633690840097,0.170845981912451
"US-Sne",2018,10,"Freshwater","WUE_E_minus_WUE_T",0.286217777646644,-1.54229263801881,-0.166826385545536,-0.893087659013911,-1.80831558781822,0.915227928804308
"US-Sne",2019,4,"Freshwater","WUE_E_minus_WUE_T",0.539247016253877,-0.084685403820569,0.0232397641888548,0.160221199682281,1.26872847659061,-1.10850727690833
"US-Sne",2019,6,"Freshwater","WUE_E_minus_WUE_T",0.514603358309792,-0.226648341756622,0.751051996920259,0.0698898894332776,0.96683484142334,-0.896944951990063
"US-Sne",2019,8,"Freshwater","WUE_E_minus_WUE_T",0.428835299036367,-0.720726197534172,-0.906953873436301,-0.319661762851616,-0.180259058723721,-0.139402704127895
"US-Sne",2019,9,"Freshwater","WUE_E_minus_WUE_T",0.398191087268839,-0.897256091883602,0.0928068711384211,-0.696437900535985,-0.540111600404441,-0.156326300131544
"US-Sne",2020,4,"Freshwater","WUE_E_minus_WUE_T",0.560017583481998,0.0349661005540109,-0.163144101855369,0.340903303351629,1.57966910316038,-1.23876579980875
"US-Sne",2020,5,"Freshwater","WUE_E_minus_WUE_T",0.526269855889603,-0.159441992942183,-0.120446330223236,0.173165578476496,1.08260011407647,-0.909434535599978
"US-Sne",2020,7,"Freshwater","WUE_E_minus_WUE_T",0.590785041931014,0.212205973147525,-0.161669257240967,0.516191156977162,2.1168671734839,-1.60067601650674
"US-Sne",2020,9,"Freshwater","WUE_E_minus_WUE_T",0.310317954097421,-1.4034604946133,-0.862777043378214,-1.77882966910851,-1.56917903122812,-0.209650637880396
"US-SO2",1997,4,"Upland","WUE_E_minus_WUE_T",0.220654359162159,-1.91997908092866,-0.729484838825777,-8.98619340191937,-5.33241932213126,-3.65377407978811
"US-SO2",1997,7,"Upland","WUE_E_minus_WUE_T",0.183022436143585,-2.1367625780873,0.826840848793434,-3.86536546460052,-6.96487724022063,3.0995117756201
"US-SO2",1999,5,"Upland","WUE_E_minus_WUE_T",0.429985318892357,-0.71410136132635,0.208627151789635,-1.52604398758052,-0.567982901819035,-0.958061085761489
"US-SO2",1999,6,"Upland","WUE_E_minus_WUE_T",0.127677520286147,-2.45558403197911,0.803734491418451,-13.3684137616646,-9.6024787460629,-3.76593501560172
"US-SO2",2000,4,"Upland","WUE_E_minus_WUE_T",0.439228946265688,-0.660852265673358,0.729014044533956,-0.755206123475787,-0.408240866011233,-0.346965257464555
"US-SO2",2000,5,"Upland","WUE_E_minus_WUE_T",0.500926427282857,-0.305436049122869,-0.391324237302212,0.0177726785646222,0.861018592806884,-0.843245914242261
"US-SO2",2000,6,"Upland","WUE_E_minus_WUE_T",0.354906496855288,-1.14660250126847,0.45808738182266,-3.03643953759342,-1.64405841834845,-1.39238111924497
"US-SO2",2000,7,"Upland","WUE_E_minus_WUE_T",0.164528688858948,-2.24329817048722,0.0009398593229002,-7.92481899739305,-7.83416912573469,-0.0906498716583606
"US-SO2",2001,4,"Upland","WUE_E_minus_WUE_T",0.288127786434215,-1.53128978853995,0.869042008355468,-2.54359800830783,-3.04587658376281,0.502278575454987
"US-SO2",2001,7,"Upland","WUE_E_minus_WUE_T",0.11989879695882,-2.50039436084524,0.903647816835361,-14.4518112627565,-10.0123302056755,-4.439481057081
"US-SO2",2003,5,"Upland","WUE_E_minus_WUE_T",0.255475846248166,-1.71938545877857,0.755884130748089,-2.45658952140267,-4.03593089728473,1.57934137588207
"US-SO2",2003,6,"Upland","WUE_E_minus_WUE_T",0.207385740854528,-1.99641465074452,0.688523194047285,-4.89258510028721,-5.85131775508414,0.958732654796931
"US-SO2",2004,4,"Upland","WUE_E_minus_WUE_T",0.172855902314845,-2.19532819420764,0.101824325363202,-4.19103031007166,-7.44943631056307,3.25840600049141
"US-SO2",2004,8,"Upland","WUE_E_minus_WUE_T",0.196565626435364,-2.05874530130111,0.520669193906265,-5.44966760097981,-6.38399593278325,0.934328331803442
"US-SO2",2005,4,"Upland","WUE_E_minus_WUE_T",0.562911412782057,0.0516363737031496,0.358071419108214,0.626842444697599,2.49076853099212,-1.86392608629452
"US-SO2",2005,5,"Upland","WUE_E_minus_WUE_T",0.375301082684159,-1.02911688574724,0.30968788922559,-1.53688098835276,-1.3795995858006,-0.157281402552165
"US-SO2",2005,6,"Upland","WUE_E_minus_WUE_T",0.163989223004212,-2.24640583241907,0.873758954660494,-7.82339312394541,-7.83379050759032,0.0103973836449098
"US-SO2",2005,7,"Upland","WUE_E_minus_WUE_T",0.183876871422368,-2.13184049457489,0.942540066225559,-3.55246170829077,-6.92550043224717,3.3730387239564
"US-SO2",2005,8,"Upland","WUE_E_minus_WUE_T",0.344690883157124,-1.20545084824284,0.430988808232534,-1.25716039615234,-1.86903544379116,0.611875047638825
"US-SO2",2006,5,"Upland","WUE_E_minus_WUE_T",0.315443959080646,-1.37393148845096,-0.175097034978092,-2.0888817802899,-2.40031162306704,0.311429842777136
"US-SO2",2006,6,"Upland","WUE_E_minus_WUE_T",0.143846571310919,-2.36244014918692,-0.673970451934063,-5.47797313391514,-8.80852532407173,3.33055219015659
"US-SO2",2006,7,"Upland","WUE_E_minus_WUE_T",0.177064025031433,-2.17108676603177,0.0999120447284031,-3.96066065115233,-7.24156878199348,3.28090813084115
"US-SO3",1997,4,"Upland","WUE_E_minus_WUE_T",0.268529089105841,-1.64419058673997,-0.729484838825777,-3.68071321018152,-1.95885376542369,-1.72185944475783
"US-SO3",1998,7,"Upland","WUE_E_minus_WUE_T",0.311778233009886,-1.39504837149871,0.347100610663344,-3.2008755486864,-0.813630017546222,-2.38724553114018
"US-SO3",2002,3,"Upland","WUE_E_minus_WUE_T",0.147310778585093,-2.34248414089558,-0.439986092792001,-3.02807663660505,-7.02159959803077,3.99352296142573
"US-SO3",2002,4,"Upland","WUE_E_minus_WUE_T",0.154243677237641,-2.30254629305814,-0.0393066325613431,-4.75927768783154,-6.68895992543521,1.92968223760367
"US-SO3",2003,3,"Upland","WUE_E_minus_WUE_T",0.113544125705352,-2.53700125592579,0.593771748045495,-1.7836521126315,-8.68208319853444,6.89843108590294
"US-SO3",2003,5,"Upland","WUE_E_minus_WUE_T",0.256007157455839,-1.71632477273225,0.755884130748089,-0.712162984817319,-2.36770297275296,1.65553998793564
"US-SO3",2003,6,"Upland","WUE_E_minus_WUE_T",0.213383506141938,-1.96186375804899,0.688523194047285,-0.282070902225635,-3.94630113066969,3.66423022844405
"US-SO3",2003,7,"Upland","WUE_E_minus_WUE_T",0.107155319208017,-2.57380479143682,-0.382701395243965,-0.134520452794804,-8.99139536490962,8.85687491211481
"US-SO3",2004,4,"Upland","WUE_E_minus_WUE_T",0.23822109287827,-1.81878366854557,0.101824325363202,-1.87477106114659,-2.99523374090014,1.12046267975355
"US-SO3",2005,3,"Upland","WUE_E_minus_WUE_T",0.571312489681018,0.100031849776921,0.331324531202856,0.417911629814078,4.37428156444225,-3.95636993462817
"US-SO3",2005,4,"Upland","WUE_E_minus_WUE_T",0.471815947980587,-0.473130681788745,0.358071419108214,-0.20619981308704,1.86093601802847,-2.06713583111551
"US-SO3",2005,5,"Upland","WUE_E_minus_WUE_T",0.332029107761063,-1.27839062198867,0.30968788922559,-1.75004043987221,-0.422773795340547,-1.32726664453166
"US-SO3",2005,7,"Upland","WUE_E_minus_WUE_T",0.144870813842391,-2.35653986931545,0.942540066225559,-8.85252721906078,-7.13433195555622,-1.71819526350455
"US-SO3",2006,3,"Upland","WUE_E_minus_WUE_T",0.555353222302298,0.00809645246169517,0.901834441801957,0.213387978894191,3.93906949583688,-3.72568151694269
"US-SO3",2006,5,"Upland","WUE_E_minus_WUE_T",0.350472227073895,-1.1721466784842,-0.175097034978092,-1.81400168471607,-0.105551514596764,-1.70845017011931
"US-SO3",2006,6,"Upland","WUE_E_minus_WUE_T",0.22946694677198,-1.86921304486585,-0.673970451934063,-3.90999942853827,-3.29362300712803,-0.616376421410236
"US-SO3",2006,7,"Upland","WUE_E_minus_WUE_T",0.178171318754863,-2.16470805916557,0.0999120447284031,-1.95617753784139,-5.53956288503993,3.58338534719854
"US-SO4",2004,4,"Upland","WUE_E_minus_WUE_T",0.105517289880985,-2.58324086850859,0.101824325363202,-15.1837608389952,-11.7103357267426,-3.47342511225258
"US-SO4",2005,4,"Upland","WUE_E_minus_WUE_T",0.277567280716869,-1.59212493002449,0.358071419108214,-3.93333073250127,-4.31625191973694,0.382921187235673
"US-SO4",2005,5,"Upland","WUE_E_minus_WUE_T",0.226995150771515,-1.88345214131008,0.30968788922559,-5.53139509924252,-6.05974542295824,0.528350323715728
"US-SO4",2005,6,"Upland","WUE_E_minus_WUE_T",0.118209122276106,-2.51012794758219,0.873758954660494,-15.5154135133675,-11.0468794526221,-4.46853406074537
"US-SO4",2005,7,"Upland","WUE_E_minus_WUE_T",0.118374527995015,-2.50917510682044,0.942540066225559,-9.37276978857231,-11.0648707109874,1.69210092241506
"US-SO4",2005,8,"Upland","WUE_E_minus_WUE_T",0.255491596789436,-1.71929472577465,0.430988808232534,-2.3500563349176,-5.03085568408789,2.68079934917028
"US-SO4",2006,5,"Upland","WUE_E_minus_WUE_T",0.16599413739539,-2.23485626709367,-0.175097034978092,-7.88365610823299,-8.75663443713278,0.872978328899794
"US-StJ",2015,7,"Saline","WUE_E_minus_WUE_T",0.649991312756339,0.553271255325662,-0.0485637728540806,5.81159264101091,1.40365798608977,4.40793465492114
"US-StJ",2015,9,"Saline","WUE_E_minus_WUE_T",0.432033852582076,-0.702300521462671,-0.430914836063328,-1.9543485903915,-2.17357659377283,0.219228003381332
"US-StJ",2016,6,"Saline","WUE_E_minus_WUE_T",0.659622757823606,0.608754424318727,-0.013976866762899,4.09193151433111,1.5874450451138,2.50448646921732
"US-StJ",2016,7,"Saline","WUE_E_minus_WUE_T",0.609131903023587,0.31789540888454,0.412324100857263,3.65364029758326,0.735147097289942,2.91849320029332
"US-StJ",2017,9,"Saline","WUE_E_minus_WUE_T",0.467121016342439,-0.50017643491,-0.74716201704935,-1.06769785831899,-1.59775638951016,0.530058531191178
"US-StJ",2018,6,"Saline","WUE_E_minus_WUE_T",0.675276058276936,0.69892726009629,0.479671155037227,7.66607264252112,1.84366848863408,5.82240415388704
"US-StJ",2018,8,"Saline","WUE_E_minus_WUE_T",0.583326887185386,0.169242320524472,0.0136590645253262,2.97252826289153,0.279810827511398,2.69271743538013
"US-StJ",2019,5,"Saline","WUE_E_minus_WUE_T",0.535624794810431,-0.105551672908269,0.669316676479028,0.89860195512808,-0.482274314072334,1.38087626920041
"US-StJ",2019,6,"Saline","WUE_E_minus_WUE_T",0.557333275923993,0.0195028041504095,0.807496638598704,1.58291162286365,-0.0859122565495856,1.66882387941323
"US-StJ",2019,7,"Saline","WUE_E_minus_WUE_T",0.708209806605458,0.888646322119133,-0.215022317322366,6.4602373342418,2.35673510391149,4.1035022303303
"US-StJ",2019,8,"Saline","WUE_E_minus_WUE_T",0.665692469101935,0.64371977108057,-0.483469758685371,5.30772232527828,1.62737549071774,3.68034683456054
"US-StJ",2020,5,"Saline","WUE_E_minus_WUE_T",0.300759726150066,-1.45852188703921,-0.674526144745153,-5.50011517619311,-4.34636334007234,-1.15375183612077
"US-StJ",2020,9,"Saline","WUE_E_minus_WUE_T",0.419685564235293,-0.773434413037059,0.347323657851039,-2.30076567789929,-2.37650820230585,0.0757425244065639
"US-StS",2015,6,"Freshwater","WUE_E_minus_WUE_T",0.735569184135472,1.04625350945614,-0.108168616449086,4.17405908192758,5.25721858115377,-1.08315949922619
"US-StS",2015,8,"Freshwater","WUE_E_minus_WUE_T",0.755522855324022,1.16119917989855,0.488130855346,4.42785309424604,5.97707369242473,-1.5492205981787
"US-TaS",2017,4,"Saline","WUE_E_minus_WUE_T",0.216753162776865,-1.94245242078666,0.346707122831543,-2.68295547993293,-2.95804393463136,0.275088454698423
"US-TaS",2017,6,"Saline","WUE_E_minus_WUE_T",0.206418332412562,-2.00198753058717,-0.200088601032774,-3.10133535073886,-3.09359536555748,-0.00773998518137908
"US-TaS",2017,7,"Saline","WUE_E_minus_WUE_T",0.225641023754391,-1.89125276287875,-0.916980265393642,-1.36491026787749,-2.79967441254087,1.43476414466338
"US-TaS",2018,4,"Saline","WUE_E_minus_WUE_T",0.215121524949588,-1.95185167880807,-0.401000748330325,-2.11582394944583,-2.98521272347274,0.869388774026911
"US-TaS",2019,4,"Saline","WUE_E_minus_WUE_T",0.186349148757848,-2.11759862533884,-0.636353408761974,-2.70977960125783,-3.46450548855252,0.754725887294697
"US-TaS",2019,5,"Saline","WUE_E_minus_WUE_T",0.206397191491641,-2.00210931556127,-0.596998336218983,-2.90635593486635,-3.13520065401249,0.228844719146137
"US-TaS",2019,8,"Saline","WUE_E_minus_WUE_T",0.263488326883796,-1.67322854109327,-0.644048878798062,-1.44392007809043,-2.20342674190015,0.759506663809721
"US-TaS",2020,4,"Saline","WUE_E_minus_WUE_T",0.202044934625921,-2.02718104690537,-0.308767175028411,-2.66864491889317,-3.20300107459355,0.534356155700378
"US-TaS",2020,6,"Saline","WUE_E_minus_WUE_T",0.170600303993926,-2.20832185631607,0.219438594157255,-2.9538715573135,-3.6904131912046,0.736541633891104
"US-TaS",2021,4,"Saline","WUE_E_minus_WUE_T",0.241188471751909,-1.80168970368747,-0.565675448478488,-1.9019102894303,-2.55135202565003,0.649441736219735
"US-TaS",2021,6,"Saline","WUE_E_minus_WUE_T",0.248659991079907,-1.75864906268137,0.688636829892559,-1.8064182531313,-2.39051980422256,0.58410155109126
"US-TaS",2021,8,"Saline","WUE_E_minus_WUE_T",0.196862193748811,-2.05703688742813,0.168356349827627,-2.22930640828475,-3.31219768759562,1.08289127931087
"US-TLR",2024,5,"Upland","WUE_E_minus_WUE_T",0.773028910010107,1.26204504298206,0.445468354165639,10.9986338563868,5.77121231932086,5.22742153706599
"US-TLR",2024,8,"Upland","WUE_E_minus_WUE_T",0.100958148067334,-2.60950438700903,0.671344425182908,-20.2228518759786,-14.0569136758615,-6.16593820011711
"US-Tw1",2011,9,"Freshwater","WUE_E_minus_WUE_T",0.573113721929921,0.110408078116876,-0.460060687803037,1.09171222613665,0.884678904627892,0.207033321508755
"US-Tw1",2011,10,"Freshwater","WUE_E_minus_WUE_T",0.480415601574865,-0.423591279308559,0.922535146258951,-0.287313267696316,-0.420181674711553,0.132868407015237
"US-Tw1",2012,8,"Freshwater","WUE_E_minus_WUE_T",0.731003163090899,1.01995036226767,-0.244366227787153,4.11833999540362,5.15534106129788,-1.03700106589426
"US-Tw1",2012,10,"Freshwater","WUE_E_minus_WUE_T",0.509147934022752,-0.258075009876797,0.191564075502707,0.133063295249076,-0.0517138746623621,0.184777169911438
"US-Tw1",2013,6,"Freshwater","WUE_E_minus_WUE_T",0.42137802406556,-0.763684782102044,-0.684618247614436,-1.17959127768155,-1.12406421553847,-0.0555270621430863
"US-Tw1",2013,7,"Freshwater","WUE_E_minus_WUE_T",0.570560175091115,0.0956980455309354,0.106978248576256,1.13453585281256,0.850756869952802,0.283778982859757
"US-Tw1",2013,10,"Freshwater","WUE_E_minus_WUE_T",0.335899737835126,-1.25609336326903,-0.723084310595018,-2.05357571299898,-2.20285157256325,0.149275859564271
"US-Tw1",2014,7,"Freshwater","WUE_E_minus_WUE_T",0.463571174526152,-0.520625751914475,-0.730388612629297,-0.542805285595943,-0.621153854710681,0.0783485691147376
"US-Tw1",2014,8,"Freshwater","WUE_E_minus_WUE_T",0.582134938306163,0.162375946825077,0.967943236062957,1.31269901197809,1.01630416785443,0.296394844123658
"US-Tw1",2014,10,"Freshwater","WUE_E_minus_WUE_T",0.408545055246793,-0.837610737416292,-0.206055708358478,-1.05709951515086,-1.32214186261341,0.265042347462557
"US-Tw1",2015,5,"Freshwater","WUE_E_minus_WUE_T",0.390856770426378,-0.939506360454608,0.0194377283701645,-1.55279537583501,-1.54750237311204,-0.00529300272297029
"US-Tw1",2015,6,"Freshwater","WUE_E_minus_WUE_T",0.533825807101811,-0.115914971287348,0.149617845752106,0.349955675198298,0.318870091910718,0.0310855832875799
"US-Tw1",2015,7,"Freshwater","WUE_E_minus_WUE_T",0.628438421151732,0.429113071498016,0.452712959810809,1.80023769271111,2.0011861874358,-0.200948494724689
"US-Tw1",2015,8,"Freshwater","WUE_E_minus_WUE_T",0.647029379344963,0.536208659748169,0.410906873194691,2.16051190541625,2.43307863804716,-0.272566732630913
"US-Tw1",2015,9,"Freshwater","WUE_E_minus_WUE_T",0.517491283893839,-0.21001207771732,-0.258222146229733,0.210615158712535,0.0606628635972457,0.14995229511529
"US-Tw1",2015,10,"Freshwater","WUE_E_minus_WUE_T",0.45110331722032,-0.592448435743287,-0.48777122619944,-0.648070584881521,-0.788291952718566,0.140221367837045
"US-Tw1",2016,6,"Freshwater","WUE_E_minus_WUE_T",0.502123057981921,-0.298542705202532,-0.0246202442604913,0.0274133184889425,-0.106131461816396,0.133544780305338
"US-Tw1",2016,7,"Freshwater","WUE_E_minus_WUE_T",0.590453856748376,0.210298138619276,-0.227372827610564,1.21176981696418,1.20105530302586,0.0107145139383198
"US-Tw1",2016,9,"Freshwater","WUE_E_minus_WUE_T",0.546352400214497,-0.0437539323441314,-0.504843635277944,0.629754581585707,0.463849630828985,0.165904950756723
"US-Tw1",2017,7,"Freshwater","WUE_E_minus_WUE_T",0.579013041879667,0.144391863875909,-0.184295986584489,1.21266890177002,0.994626418726458,0.218042483043567
"US-Tw1",2017,8,"Freshwater","WUE_E_minus_WUE_T",0.643862627325724,0.517966180430123,-0.151152114921624,2.76133009925622,2.35020005318132,0.411130046074905
"US-Tw1",2018,6,"Freshwater","WUE_E_minus_WUE_T",0.466287751967398,-0.504976560728448,-0.089367942332031,-0.466826844465863,-0.560916212537026,0.0940893680711625
"US-Tw1",2018,7,"Freshwater","WUE_E_minus_WUE_T",0.659517512956968,0.608148147827445,-0.885248301665318,2.6557609317798,2.80794279855742,-0.152181866777612
"US-Tw1",2018,9,"Freshwater","WUE_E_minus_WUE_T",0.609660513871124,0.320940539161526,0.525839997576048,1.77590914757153,1.57312079887134,0.202788348700193
"US-Tw1",2018,10,"Freshwater","WUE_E_minus_WUE_T",0.512865551364719,-0.236659200536108,-0.147660307228183,0.184814949055137,-0.0028125994195296,0.187627548474667
"US-Tw1",2019,6,"Freshwater","WUE_E_minus_WUE_T",0.326247232318246,-1.31169785367095,0.80038419270631,-2.52777974042864,-2.2735870530662,-0.254192687362437
"US-Tw1",2019,8,"Freshwater","WUE_E_minus_WUE_T",0.508878346467323,-0.259628003409107,-0.838419960289044,0.113916068972268,-0.0776309928745973,0.191547061846865
"US-Tw1",2019,9,"Freshwater","WUE_E_minus_WUE_T",0.481868047354848,-0.415224279953718,0.144614704761146,-0.230266947674503,-0.399770479753355,0.169503532078852
"US-Tw1",2020,7,"Freshwater","WUE_E_minus_WUE_T",0.634337154220238,0.463093476452736,-0.126169800983148,1.93198779049863,2.14322587194954,-0.211238081450908
"US-Tw1",2020,9,"Freshwater","WUE_E_minus_WUE_T",0.518319339864347,-0.205241955578164,-0.896289573414449,0.259792310810781,0.071729904672493,0.188062406138288
"US-Tw1",2021,7,"Freshwater","WUE_E_minus_WUE_T",0.651773713155207,0.563539000389149,-0.800991478562627,2.27613384031275,2.59333817817268,-0.317204337859934
"US-Tw1",2021,8,"Freshwater","WUE_E_minus_WUE_T",0.687422560631907,0.768898737702062,0.483892043910743,3.4850776286315,3.62203714353727,-0.136959514905776
"US-Tw1",2021,9,"Freshwater","WUE_E_minus_WUE_T",0.595832623819173,0.241283213058166,-0.462879839872573,1.55993057611329,1.29436118847844,0.26556938763485
"US-Tw1",2022,6,"Freshwater","WUE_E_minus_WUE_T",0.264923500671322,-1.66496103925615,-0.793528127154536,-3.20443564311991,-2.8681263669079,-0.336309276212015
"US-Tw1",2022,8,"Freshwater","WUE_E_minus_WUE_T",0.703866333103585,0.86362518846388,-0.495748891486527,3.41141171668888,4.17289809979823,-0.761486383109355
"US-Tw1",2022,9,"Freshwater","WUE_E_minus_WUE_T",0.632774570676561,0.454092014448427,-0.282926593624064,2.0485242238602,2.09628861719902,-0.0477643933388223
"US-Tw1",2022,10,"Freshwater","WUE_E_minus_WUE_T",0.595792854324838,0.241054115808526,-0.316311140246945,1.64874872874637,1.2915346217229,0.35721410702347
"US-Tw1",2023,8,"Freshwater","WUE_E_minus_WUE_T",0.646501215761881,0.533166105995181,-0.365183668005962,2.4184771270656,2.41915071962086,-0.000673592555258118
"US-Tw1",2023,10,"Freshwater","WUE_E_minus_WUE_T",0.397772640497716,-0.89966660793334,0.0595376734208644,-1.72073065340461,-1.4570210086218,-0.263709644782807
"US-Tw2",2012,7,"Upland","WUE_E_minus_WUE_T",0.571010697182399,0.0982933355576358,0.813443868341227,1.45280847275892,1.45873204431767,-0.00592357155875622
"US-Tw2",2012,8,"Upland","WUE_E_minus_WUE_T",0.64637078186242,0.532414724864349,-0.31131114173071,4.58663393091522,3.41735239736701,1.16928153354821
"US-Tw2",2012,9,"Upland","WUE_E_minus_WUE_T",0.426628485033906,-0.733438831347653,0.998998316881607,-1.71019046004991,-1.87938011211922,0.169189652069309
"US-Tw3",2013,6,"Freshwater","WUE_E_minus_WUE_T",0.579128752938961,0.145058432206238,-0.676308863857391,1.53693859124793,0.779339698942476,0.757598892305453
"US-Tw3",2013,7,"Freshwater","WUE_E_minus_WUE_T",0.66771306080047,0.655359647536575,0.0691284717158373,3.79135962234064,2.80144561994522,0.989914002395415
"US-Tw3",2013,8,"Freshwater","WUE_E_minus_WUE_T",0.537358396656201,-0.0955650381401962,0.983545415762472,0.68616433995456,0.0658563051492859,0.620308034805274
"US-Tw3",2014,3,"Freshwater","WUE_E_minus_WUE_T",0.575688151393071,0.12523840772651,-0.20847885100421,1.79658984008441,0.687454837277876,1.10913500280654
"US-Tw3",2014,4,"Freshwater","WUE_E_minus_WUE_T",0.673925582761686,0.691147673470365,-0.372770485324691,5.37429788908099,2.97734160068427,2.39695628839672
"US-Tw3",2014,7,"Freshwater","WUE_E_minus_WUE_T",0.637446220342442,0.48100364879594,-0.673279828011376,3.35441214216222,1.97668794184458,1.37772420031764
"US-Tw3",2015,4,"Freshwater","WUE_E_minus_WUE_T",0.610847461578784,0.32777810297361,-0.242687689433643,1.97949290586503,1.35314305467143,0.626349851193604
"US-Tw3",2015,5,"Freshwater","WUE_E_minus_WUE_T",0.719637156808222,0.954475031935236,-0.0034972405036728,7.22586605652278,4.5083003809867,2.71756567553608
"US-Tw3",2015,6,"Freshwater","WUE_E_minus_WUE_T",0.649697644525728,0.551579541989491,0.133184270535476,3.06460311108676,2.32004050336938,0.744562607717388
"US-Tw3",2015,7,"Freshwater","WUE_E_minus_WUE_T",0.612823478937812,0.339161203255911,0.495682612346306,2.29079536224172,1.405698423125,0.885096939116714
"US-Tw3",2015,8,"Freshwater","WUE_E_minus_WUE_T",0.590410603498916,0.210048972753455,0.460545633622742,1.87674079952625,0.923525845288568,0.953214954237683
"US-Tw3",2015,9,"Freshwater","WUE_E_minus_WUE_T",0.350458045947796,-1.17222837067165,-0.135004656736362,-2.44030295634932,-2.27608627416835,-0.16421668218097
"US-Tw3",2016,4,"Freshwater","WUE_E_minus_WUE_T",0.636654774009987,0.476444421150885,0.227345671468777,2.8193491776144,1.94656886881543,0.872780308798972
"US-Tw3",2016,5,"Freshwater","WUE_E_minus_WUE_T",0.714229479083936,0.923323413985789,0.176066312596842,6.12853135773724,4.31268488679395,1.81584647094328
"US-Tw3",2016,6,"Freshwater","WUE_E_minus_WUE_T",0.550385652670668,-0.0205198666297399,-0.018020053648069,0.781142699789392,0.315317290995737,0.465825408793656
"US-Tw3",2016,7,"Freshwater","WUE_E_minus_WUE_T",0.529322813249782,-0.141855042286242,-0.341608327902551,0.426699815779693,-0.0134215360479029,0.440121351827596
"US-Tw3",2016,8,"Freshwater","WUE_E_minus_WUE_T",0.529874089153906,-0.138679347057054,0.971406099780532,0.398692560356425,-0.0390591531297124,0.437751713486138
"US-Tw3",2016,9,"Freshwater","WUE_E_minus_WUE_T",0.646945641618663,0.535726277884706,-0.652330141432204,3.88710470813764,2.21184960190096,1.67525510623669
"US-Tw3",2017,3,"Freshwater","WUE_E_minus_WUE_T",0.676202530307996,0.704264320517403,0.688931259193037,4.1774445562564,3.0511546566674,1.12628989958899
"US-Tw3",2017,5,"Freshwater","WUE_E_minus_WUE_T",0.676865195812128,0.708081689758973,0.187589944262287,4.01129421935696,3.06277612034371,0.948518099013241
"US-Tw3",2017,7,"Freshwater","WUE_E_minus_WUE_T",0.414519864724156,-0.803192084595386,-0.250859946322922,-1.22528930799194,-1.47977111391561,0.25448180592367
"US-Tw3",2017,8,"Freshwater","WUE_E_minus_WUE_T",0.385767766356916,-0.968822218129172,-0.210321113722597,-2.07237578552054,-1.8723546206382,-0.200021164882344
"US-Tw3",2018,5,"Freshwater","WUE_E_minus_WUE_T",0.638218242874463,0.485450983158687,-0.082893531662455,3.26063924582819,1.98091602837575,1.27972321745245
"US-Tw3",2018,6,"Freshwater","WUE_E_minus_WUE_T",0.430346937370404,-0.712018211914362,-0.150527398442338,-0.736425652663198,-1.25495735394942,0.518531701286226
"US-Tw4",2014,8,"Freshwater","WUE_E_minus_WUE_T",0.32185186135949,-1.33701794925253,0.967943236062957,-1.58752624555888,-2.3489011890968,0.761374943537919
"US-Tw4",2015,5,"Freshwater","WUE_E_minus_WUE_T",0.440449693604111,-0.653819994772937,0.0194377283701645,-0.605288394603454,-0.893967478265474,0.28867908366202
"US-Tw4",2015,6,"Freshwater","WUE_E_minus_WUE_T",0.416366349559933,-0.792555172951175,0.149617845752106,-0.733797769543155,-1.15490781974092,0.421110050197766
"US-Tw4",2015,7,"Freshwater","WUE_E_minus_WUE_T",0.497147631199102,-0.327204286416548,0.452712959810809,-0.0275880097002741,-0.164351287758135,0.136763278057861
"US-Tw4",2015,8,"Freshwater","WUE_E_minus_WUE_T",0.541901249414646,-0.0693953548219585,0.410906873194691,0.553473462384225,0.406500975188972,0.146972487195253
"US-Tw4",2015,9,"Freshwater","WUE_E_minus_WUE_T",0.456576157744294,-0.560921439166652,-0.258222146229733,-0.602331582369394,-0.685587966328342,0.0832563839589476
"US-Tw4",2015,10,"Freshwater","WUE_E_minus_WUE_T",0.376364128032389,-1.02299307729573,-0.48777122619944,-1.85109743504572,-1.69052446226067,-0.160572972785055
"US-Tw4",2016,5,"Freshwater","WUE_E_minus_WUE_T",0.529911328015725,-0.138464827839119,0.163892604739506,0.364120087362837,0.255150008022152,0.108970079340684
"US-Tw4",2016,6,"Freshwater","WUE_E_minus_WUE_T",0.513826934483136,-0.231121030339041,-0.0246202442604913,0.151873235791318,0.0789962682614745,0.0728769675298436
"US-Tw4",2016,7,"Freshwater","WUE_E_minus_WUE_T",0.507502427297783,-0.267554161454057,-0.227372827610564,0.0820468740208633,-0.0302995185361336,0.112346392556997
"US-Tw4",2016,9,"Freshwater","WUE_E_minus_WUE_T",0.408493084369141,-0.837910122292321,-0.504843635277944,-1.09788794689715,-1.2886670075854,0.190779060688257
"US-Tw4",2017,5,"Freshwater","WUE_E_minus_WUE_T",0.358116215177394,-1.12811250907708,0.186888467909345,-1.30640111385813,-1.91605264427375,0.609651530415621
"US-Tw4",2017,7,"Freshwater","WUE_E_minus_WUE_T",0.561916490356084,0.0459049960428215,-0.184295986584489,0.670742891415589,0.742498684323274,-0.0717557929076845
"US-Tw4",2017,8,"Freshwater","WUE_E_minus_WUE_T",0.611483643670839,0.331442911138669,-0.151152114921624,1.65719952183346,1.61932972992934,0.0378697919041158
"US-Tw4",2018,5,"Freshwater","WUE_E_minus_WUE_T",0.41248366316108,-0.814921883669052,-0.053832647901134,-1.32039159682991,-1.24488924605154,-0.0755023507783683
"US-Tw4",2018,6,"Freshwater","WUE_E_minus_WUE_T",0.551686086945255,-0.0130285489596119,-0.089367942332031,0.682137866789891,0.610412782294989,0.0717250844949024
"US-Tw4",2018,7,"Freshwater","WUE_E_minus_WUE_T",0.633169677630969,0.456368078504095,-0.885248301665318,2.14612570090481,2.14677649346996,-0.000650792565149327
"US-Tw4",2018,8,"Freshwater","WUE_E_minus_WUE_T",0.594163329029874,0.231667027299222,0.945786886440377,1.93820140235426,1.26992792178126,0.668273480572998
"US-Tw4",2018,9,"Freshwater","WUE_E_minus_WUE_T",0.488788377768442,-0.375358833061408,0.525839997576048,-0.184630264024001,-0.279970195903684,0.0953399318796829
"US-Tw4",2018,10,"Freshwater","WUE_E_minus_WUE_T",0.486518327108643,-0.388435749713151,-0.147660307228183,-0.211730303072068,-0.310866313845693,0.0991360107736251
"US-Tw4",2019,6,"Freshwater","WUE_E_minus_WUE_T",0.411366423487215,-0.821357885452571,0.80038419270631,-1.05263514404741,-1.21765402324421,0.165018879196802
"US-Tw4",2019,8,"Freshwater","WUE_E_minus_WUE_T",0.540178677376841,-0.0793184509730264,-0.838419960289044,0.560783160930641,0.381674106436458,0.179109054494183
"US-Tw4",2019,9,"Freshwater","WUE_E_minus_WUE_T",0.529049338059846,-0.143430431033485,0.144614704761146,0.44394054294444,0.249517949977706,0.194422592966734
"US-Tw4",2020,5,"Freshwater","WUE_E_minus_WUE_T",0.42770757210181,-0.727222612521858,-0.169981723962008,-1.14358235689157,-1.05380139686331,-0.0897809600282646
"US-Tw4",2020,7,"Freshwater","WUE_E_minus_WUE_T",0.50998350681595,-0.253261586120835,-0.126169800983148,0.156410613200922,0.0021855568081135,0.154225056392808
"US-Tw4",2021,7,"Freshwater","WUE_E_minus_WUE_T",0.616199811261217,0.358610996674023,-0.800991478562627,1.88219681184533,1.7544735042275,0.127723307617823
"US-Tw4",2021,8,"Freshwater","WUE_E_minus_WUE_T",0.617626467820031,0.366829433927718,0.483892043910743,2.29795151037057,1.75263119087587,0.545320319494698
"US-Tw4",2021,9,"Freshwater","WUE_E_minus_WUE_T",0.529130594681034,-0.142962341892788,-0.462879839872573,0.484693110252747,0.250639510162694,0.234053600090053
"US-Tw4",2022,6,"Freshwater","WUE_E_minus_WUE_T",0.49255019314615,-0.353688415292904,-0.793528127154536,-0.10401932829007,-0.197063339297384,0.0930440110073134
"US-Tw4",2022,8,"Freshwater","WUE_E_minus_WUE_T",0.659000488335095,0.605169761482653,-0.495748891486527,2.92249348366261,2.7921404376887,0.130353045973905
"US-Tw4",2022,9,"Freshwater","WUE_E_minus_WUE_T",0.581953465796702,0.161330551265044,-0.282926593624064,1.42190663485165,1.0695950809128,0.352311553938851
"US-Tw4",2022,10,"Freshwater","WUE_E_minus_WUE_T",0.544709902638881,-0.0532157493323558,-0.316311140246945,0.872842788849579,0.469741927001385,0.403100861848194
"US-Tw4",2023,8,"Freshwater","WUE_E_minus_WUE_T",0.581244837487852,0.157248407418657,-0.365183668005962,1.3848589625095,1.03260525260763,0.352253709901876
"US-Tw4",2023,10,"Freshwater","WUE_E_minus_WUE_T",0.459869474222607,-0.541949869123145,0.0595376734208644,-0.722681131231959,-0.646371936115575,-0.076309195116384
"US-Tw4",2024,5,"Freshwater","WUE_E_minus_WUE_T",0.244705283075024,-1.78143066305605,0.460864850300177,-3.75039945980371,-3.03539089098897,-0.715008568814739
"US-Tw4",2024,6,"Freshwater","WUE_E_minus_WUE_T",0.498637159392145,-0.318623669086814,-0.442553510335918,-0.0155013594385731,-0.119043943464746,0.103542584026173
"US-Tw4",2024,8,"Freshwater","WUE_E_minus_WUE_T",0.613532776956054,0.343247205048761,0.141908774458449,1.92041361859969,1.66322836103528,0.257185257564413
"US-Tw4",2024,9,"Freshwater","WUE_E_minus_WUE_T",0.56792647234582,0.0805262646118588,0.0935548864636732,1.14243232305525,0.830559597775963,0.31187272527929
"US-Tw5",2018,5,"Freshwater","WUE_E_minus_WUE_T",0.294955931056296,-1.49195538966937,-0.053832647901134,-1.4300020397962,-2.49046818160824,1.06046614181204
"US-Tw5",2018,6,"Freshwater","WUE_E_minus_WUE_T",0.556354874747603,0.0138665992576313,-0.089367942332031,0.377552620806,0.798320702187719,-0.420768081381719
"US-Tw5",2018,7,"Freshwater","WUE_E_minus_WUE_T",0.598067023618998,0.254154758379339,-0.885248301665318,0.962185321841588,1.49534780734568,-0.533162485504087
"US-Tw5",2018,8,"Freshwater","WUE_E_minus_WUE_T",0.608541488549129,0.314494250923971,0.945786886440377,1.62373040316473,1.67395102661509,-0.0502206234503606
"US-Tw5",2018,9,"Freshwater","WUE_E_minus_WUE_T",0.589292535268709,0.20360819796534,0.525839997576048,1.37642473049134,1.31937225664045,0.0570524738508977
"US-Tw5",2019,4,"Freshwater","WUE_E_minus_WUE_T",0.284441702191429,-1.55252394743686,0.0656400450269604,-3.13288659163589,-2.58515230706173,-0.547734284574152
"US-Tw5",2019,6,"Freshwater","WUE_E_minus_WUE_T",0.437532435175135,-0.670625234410488,0.80038419270631,-0.70487612469257,-0.772619162172263,0.0677430374796925
"US-Tw5",2019,8,"Freshwater","WUE_E_minus_WUE_T",0.527080840861148,-0.154770210472075,-0.838419960289044,0.420196374623988,0.314665065916855,0.105531308707133
"US-Tw5",2019,9,"Freshwater","WUE_E_minus_WUE_T",0.5377515441616,-0.0933002617407168,0.144614704761146,0.642774886381503,0.488094472720613,0.154680413660891
"US-Twt",2009,6,"Upland","WUE_E_minus_WUE_T",0.458471089108399,-0.550005445110661,0.591622863722815,-0.339677610901624,-0.662314047295519,0.322636436393895
"US-Twt",2009,7,"Upland","WUE_E_minus_WUE_T",0.622390246145122,0.394271787179024,0.212939834313663,1.56683403893693,3.44917610470406,-1.88234206576713
"US-Twt",2009,8,"Upland","WUE_E_minus_WUE_T",0.62329801347309,0.399501096769879,0.156024985597427,1.87284623704134,3.43953256221313,-1.56668632517179
"US-Twt",2009,9,"Upland","WUE_E_minus_WUE_T",0.571933843928225,0.103611240248608,-0.437351256465468,0.758193118800988,2.09680542641439,-1.3386123076134
"US-Twt",2010,6,"Upland","WUE_E_minus_WUE_T",0.51704167273687,-0.212602120190601,0.452882194311106,0.103160244622854,0.660736631741073,-0.557576387118219
"US-Twt",2010,9,"Upland","WUE_E_minus_WUE_T",0.655011182600143,0.582188856466691,-0.302916104681128,3.20193207063743,4.29034521913399,-1.08841314849655
"US-Twt",2011,9,"Upland","WUE_E_minus_WUE_T",0.594012669752328,0.230799135295676,-0.456134529467256,1.39547052201185,2.69304904316842,-1.29757852115657
"US-Twt",2012,6,"Upland","WUE_E_minus_WUE_T",0.641947537286899,0.506934059754671,-0.551628778300019,0.394049570043411,3.98323835189687,-3.58918878185346
"US-Twt",2012,7,"Upland","WUE_E_minus_WUE_T",0.566230113691311,0.070754174002025,0.813443868341227,0.538483177337372,1.95016134312723,-1.41167816578986
"US-Twt",2012,8,"Upland","WUE_E_minus_WUE_T",0.627433617034329,0.423324769092566,-0.31131114173071,2.30914081443751,3.5469984088529,-1.23785759441539
"US-Twt",2012,9,"Upland","WUE_E_minus_WUE_T",0.631325739279309,0.445745836206766,0.998998316881607,2.25970596447218,3.67245876733416,-1.41275280286198
"US-Twt",2013,6,"Upland","WUE_E_minus_WUE_T",0.498997707496293,-0.316546685700329,-0.711046496520566,-0.0200236660205881,0.214481156839669,-0.234504822860257
"US-Twt",2013,7,"Upland","WUE_E_minus_WUE_T",0.638659463790351,0.487992692577006,0.0610446899136781,3.29667175304537,3.87160578714154,-0.574934034096175
"US-Twt",2014,7,"Upland","WUE_E_minus_WUE_T",0.609035516999562,0.317340164887175,-0.722624469772642,2.05788489547904,3.10000583860841,-1.04212094312938
"US-Twt",2014,8,"Upland","WUE_E_minus_WUE_T",0.656031849182698,0.588068536627863,0.992573585501801,2.94262182660461,4.29288333252437,-1.35026150591976
"US-Twt",2015,6,"Upland","WUE_E_minus_WUE_T",0.512856528866657,-0.23671117578813,0.130797356715703,0.0653667588470368,0.55465226732702,-0.489285508479983
"US-Twt",2015,7,"Upland","WUE_E_minus_WUE_T",0.53668633222826,-0.0994365510823646,0.431563428294258,0.421939763258651,1.14880913391046,-0.72686937065181
"US-Twt",2015,8,"Upland","WUE_E_minus_WUE_T",0.601880965851961,0.276125459552779,0.433046680056658,1.6823562462018,2.87793041269708,-1.19557416649527
"US-Twt",2016,7,"Upland","WUE_E_minus_WUE_T",0.52641550608965,-0.158602956369104,-0.296305255870262,0.319784906624847,0.876971212502657,-0.55718630587781
"US-Twt",2016,8,"Upland","WUE_E_minus_WUE_T",0.641771003824074,0.505917116203368,0.999374487528728,3.03900418631643,3.91922850064207,-0.880224314325637
"US-Twt",2016,9,"Upland","WUE_E_minus_WUE_T",0.563563025114843,0.0553900697399817,-0.536195529317393,1.16956073075563,1.86858278037182,-0.699022049616189
"US-Upa",1994,6,"Freshwater","WUE_E_minus_WUE_T",0.444662249199639,-0.629553030431968,-0.757214204023592,-0.169191356328194,-0.267753866287437,0.0985625099592421
"US-Upa",1994,8,"Freshwater","WUE_E_minus_WUE_T",0.363240478576307,-1.09859353553352,0.735869773199022,-1.01667469112546,-1.34055745015837,0.323882759032903
"US-Wpp",2015,5,"Upland","WUE_E_minus_WUE_T",0.73526111982278,1.04447886565113,-0.850040842857914,10.2554185921431,6.05478438028728,4.20063421185578
"US-Wpp",2015,8,"Upland","WUE_E_minus_WUE_T",0.303974040839823,-1.44000541688513,0.157407200076204,-4.21385923193049,-3.98829490636703,-0.225564325563456
"US-xBA",2017,8,"Freshwater","WUE_E_minus_WUE_T",0.512794400326822,-0.237069075174036,0.71210153410366,0.140969071141952,-0.388354552243454,0.529323623385406
"US-xBA",2020,6,"Freshwater","WUE_E_minus_WUE_T",0.483960719730127,-0.403169173556512,-0.226945199256626,-0.148035262572847,-0.700538859163079,0.552503596590233
"US-xBA",2020,7,"Freshwater","WUE_E_minus_WUE_T",0.645295534009249,0.52622062232519,-0.163378750612964,2.30522877197839,2.05855652498917,0.24667224698922
"US-xBA",2021,6,"Freshwater","WUE_E_minus_WUE_T",0.66359289009183,0.631624878131656,0.69123052320473,3.04431646532959,2.58845917110069,0.455857294228904
"US-xBA",2021,8,"Freshwater","WUE_E_minus_WUE_T",0.372328598414851,-1.04624026088891,-0.152880816125806,-4.0084702818444,-2.15664423044078,-1.85182605140361
"US-xBA",2022,6,"Freshwater","WUE_E_minus_WUE_T",0.549559164075301,-0.0252809597042806,0.59022633465971,0.598748681242068,0.184188483767753,0.414560197474315
"US-xBA",2022,7,"Freshwater","WUE_E_minus_WUE_T",0.560111464713933,0.0355069153767474,0.955010257292431,1.53189187599704,0.319707759938744,1.2121841160583
"US-xBA",2023,8,"Freshwater","WUE_E_minus_WUE_T",0.592003778408681,0.219226660227831,-0.307865151706334,2.7400515836529,0.834659768587071,1.90539181506583
"US-xSB",2018,6,"Upland","WUE_E_minus_WUE_T",0.411358162418931,-0.821405474391142,-0.0926556254153618,-1.3142124556394,-2.00748737091583,0.693274915276423
"US-xSB",2018,8,"Upland","WUE_E_minus_WUE_T",0.299545342379705,-1.46551749979335,-0.0808534353478808,-3.13092768582673,-3.96865305148526,0.837725365658534
"US-xSB",2019,4,"Upland","WUE_E_minus_WUE_T",0.381568066536204,-0.993015125137968,0.630495580366314,-1.03184015993293,-2.47481792402534,1.44297776409241
"US-xSB",2019,5,"Upland","WUE_E_minus_WUE_T",0.312417512221863,-1.39136572197891,0.0591673707526944,-3.32081265930738,-3.65516420184131,0.334351542533926
"US-xSB",2019,10,"Upland","WUE_E_minus_WUE_T",0.268964145083692,-1.64168439123432,0.761347788219191,-4.99837701709608,-4.7862547670625,-0.212122250033578
"US-xSB",2020,4,"Upland","WUE_E_minus_WUE_T",0.369166251092764,-1.06445736638665,0.854353901150418,-2.35174926137866,-2.65439349992324,0.302644238544585
"US-xSB",2020,5,"Upland","WUE_E_minus_WUE_T",0.30406107944247,-1.43950401990203,-0.184831028014377,-4.29686145865234,-3.84316282265774,-0.453698635994593
"US-xSB",2020,6,"Upland","WUE_E_minus_WUE_T",0.419391073205383,-0.775130866213637,-0.375977526327174,-1.6541621516736,-1.88523580340824,0.231073651734636
"US-xSB",2020,7,"Upland","WUE_E_minus_WUE_T",0.426568611456998,-0.733783740731717,-0.975457171795359,-1.10019797277837,-1.79825548731752,0.698057514539147
"US-xSB",2020,8,"Upland","WUE_E_minus_WUE_T",0.426324911624014,-0.735187604733702,-0.475667970498022,-1.04684623548021,-1.83542379129714,0.788577555816927
"US-xSB",2020,9,"Upland","WUE_E_minus_WUE_T",0.508179077665565,-0.26365623061993,0.36475186671875,0.1297668764961,-0.145602643530585,0.275369520026685
"US-xSB",2020,10,"Upland","WUE_E_minus_WUE_T",0.436703720055017,-0.675399153665127,-0.286477763944041,-1.08494752951665,-1.6419084648141,0.55696093529745
"US-xSB",2021,4,"Upland","WUE_E_minus_WUE_T",0.333003668987945,-1.27277653761529,0.803081253535717,-3.11134727760202,-3.24055140300889,0.129204125406868
"US-xSB",2021,6,"Upland","WUE_E_minus_WUE_T",0.249383211132841,-1.7544828612302,0.26051236044895,-7.24681635459161,-5.39443416555891,-1.8523821890327
"US-xSB",2021,7,"Upland","WUE_E_minus_WUE_T",0.364421414094637,-1.09179060570568,0.295761906327684,-3.7412897029327,-2.71443222128333,-1.02685748164938
"US-xSB",2021,8,"Upland","WUE_E_minus_WUE_T",0.371143199103148,-1.0530689049684,-0.36444371332927,-3.30279020996456,-2.64824992230845,-0.654540287656107
"US-xSB",2021,9,"Upland","WUE_E_minus_WUE_T",0.304601348282282,-1.43639173227213,-0.274370947567979,-4.37053526888507,-3.82431537679209,-0.546219892092986
"US-xSB",2022,3,"Upland","WUE_E_minus_WUE_T",0.24538239167993,-1.77753009248847,0.926226068361069,-5.00836672679501,-5.56891485234044,0.560548125545439
"US-xSB",2022,4,"Upland","WUE_E_minus_WUE_T",0.279163158876127,-1.58293167013627,0.670858547265705,-3.87357920648267,-4.48314281009447,0.609563603611803
"US-xSB",2022,9,"Upland","WUE_E_minus_WUE_T",0.279282479574307,-1.58224430802029,0.986596561788474,-6.5604443094755,-4.47815103224831,-2.0822932772272
"US-xSB",2023,3,"Upland","WUE_E_minus_WUE_T",0.23156829421056,-1.85710796465892,-0.884246545861298,-5.49821456775401,-6.08465215129383,0.586437583539817
"US-xSB",2023,4,"Upland","WUE_E_minus_WUE_T",0.305535584636027,-1.43100994447888,0.710723402262356,-4.2350647561817,-3.80430817212488,-0.430756584056824
"US-xSB",2023,5,"Upland","WUE_E_minus_WUE_T",0.348993529110098,-1.18066490689562,0.818608446884926,-3.54052307816104,-2.96985804367544,-0.570665034485604
"US-xSB",2023,6,"Upland","WUE_E_minus_WUE_T",0.377413943717411,-1.01694548000822,0.947625406851569,-2.46300303487813,-2.49788339354458,0.0348803586664497
"US-xSB",2023,7,"Upland","WUE_E_minus_WUE_T",0.37275187243517,-1.04380193685387,0.034417341729353,-2.35182332881928,-2.59152002138842,0.239696692569133
"US-xSB",2023,9,"Upland","WUE_E_minus_WUE_T",0.394238520811978,-0.920025355597481,-0.352872406948446,-1.94759933604676,-2.29224644962934,0.344647113582574
"US-xSB",2023,10,"Upland","WUE_E_minus_WUE_T",0.175774197834071,-2.17851698027929,-0.675263810533224,-12.6021561223953,-8.50282543246079,-4.09933068993454
"US-xSB",2024,3,"Upland","WUE_E_minus_WUE_T",0.18864567717648,-2.10436918017683,-0.1425144879078,-8.47157553790668,-7.90353732123683,-0.568038216669848
"US-xSB",2024,4,"Upland","WUE_E_minus_WUE_T",0.304866306531188,-1.43486540645108,-0.363186950269495,-3.7002029330874,-3.81976006369569,0.119557130608284
"US-xSB",2024,5,"Upland","WUE_E_minus_WUE_T",0.196410884407462,-2.05963671250934,-0.347416001989712,-9.7798971203443,-7.56274937158607,-2.21714774875824
"US-xSB",2024,7,"Upland","WUE_E_minus_WUE_T",0.312814940502997,-1.38907628562427,-0.422484645971252,-3.39487791398572,-3.63145958529296,0.23658167130724
"US-xSB",2024,8,"Upland","WUE_E_minus_WUE_T",0.379215240103514,-1.00656888219774,0.404635038381425,-1.82794711977209,-2.53140047381678,0.703453354044694
"US-xSB",2024,9,"Upland","WUE_E_minus_WUE_T",0.365717967080678,-1.08432164669375,0.868098810575762,-3.09574353358812,-2.70387089012778,-0.391872643460336
"US-xSB",2024,10,"Upland","WUE_E_minus_WUE_T",0.334341947035707,-1.26506721605813,0.791477811579412,-3.6224658354334,-3.21669872853862,-0.405767106894785
"US-xSE",2017,9,"Upland","WUE_E_minus_WUE_T",0.498185595121564,-0.321224962720418,-0.785413598193035,-0.0366570662270629,-0.491059065465274,0.454401999238211
"US-xSE",2017,10,"Upland","WUE_E_minus_WUE_T",0.503623390307907,-0.289899849285581,-0.235614225244191,0.0615048818320956,-0.362245779510405,0.423750661342501
"US-xSE",2018,6,"Upland","WUE_E_minus_WUE_T",0.694114956856959,0.807451140600046,0.593209539657699,0.418236424837338,4.76387394735925,-4.34563752252191
"US-xSE",2019,6,"Upland","WUE_E_minus_WUE_T",0.588195875956182,0.197290751980881,0.550848176198358,0.509494005092096,1.92089943191019,-1.4114054268181
"US-xSE",2019,7,"Upland","WUE_E_minus_WUE_T",0.69436811913744,0.808909514238945,-0.0221664024647944,1.81485767915641,4.7452869418796,-2.93042926272319
"US-xSE",2019,8,"Upland","WUE_E_minus_WUE_T",0.715977307971897,0.933392005446825,-0.657557368332706,2.50394274572717,5.39143173746172,-2.88748899173454
"US-xSE",2020,5,"Upland","WUE_E_minus_WUE_T",0.596130444272305,0.242998845802295,-0.610074460723418,2.46722871331935,2.09207593537831,0.375152777941039
"US-xSE",2020,6,"Upland","WUE_E_minus_WUE_T",0.668479577755267,0.659775266318802,-0.616848570964485,2.56493695718702,4.03482505903954,-1.46988810185252
"US-xSE",2020,7,"Upland","WUE_E_minus_WUE_T",0.726006254258267,0.991165030963014,0.368179048626155,3.89585541030787,5.76426178823275,-1.86840637792488
"US-xSE",2020,9,"Upland","WUE_E_minus_WUE_T",0.643508289133467,0.515924970033922,0.41431024492768,2.76655168288148,3.33768551824327,-0.571133835361795
"US-xSE",2021,5,"Upland","WUE_E_minus_WUE_T",0.629313893709765,0.434156342943463,-0.574365070326024,4.43148496203226,2.96276089386582,1.46872406816644
"US-xSE",2021,6,"Upland","WUE_E_minus_WUE_T",0.701640711037733,0.85080420839994,-0.0857552914221769,7.46564039171708,4.99258229731372,2.47305809440336
"US-xSE",2021,7,"Upland","WUE_E_minus_WUE_T",0.67966841382414,0.724229985014628,-0.404246893027911,6.01352315451409,4.31853060848931,1.69499254602478
"US-xSE",2021,8,"Upland","WUE_E_minus_WUE_T",0.630916679412021,0.443389394615027,0.58657010149185,4.19975898408359,2.98618923426758,1.21356974981601
"US-xSE",2021,9,"Upland","WUE_E_minus_WUE_T",0.67614386725638,0.703926384518833,0.293237841498905,5.02607481361767,4.21088938190808,0.81518543170959
"US-xSE",2021,10,"Upland","WUE_E_minus_WUE_T",0.665309960684087,0.641516282503254,-0.118503251827542,6.99276264397083,3.91187767885852,3.08088496511231
"US-xSE",2022,5,"Upland","WUE_E_minus_WUE_T",0.580857162320278,0.155015155119889,0.545631521806071,2.70326319234564,1.68163506917794,1.0216281231677
"US-xSE",2022,6,"Upland","WUE_E_minus_WUE_T",0.692538214401191,0.798368114374913,-0.506266710114532,5.80704718218265,4.71690878032862,1.09013840185403
"US-xSE",2022,7,"Upland","WUE_E_minus_WUE_T",0.647548999899577,0.539202000294948,0.439061001358182,4.77994028172483,3.45193246978112,1.32800781194371
"US-xSE",2022,8,"Upland","WUE_E_minus_WUE_T",0.700782486157661,0.845860294405464,-0.833112638295917,5.38498401266036,4.90669147804032,0.478292534620039
"US-xSE",2022,9,"Upland","WUE_E_minus_WUE_T",0.671525252810677,0.677320266328366,-0.502181527123817,4.27980823568602,4.08312502578893,0.196683209897089
"US-xSE",2022,10,"Upland","WUE_E_minus_WUE_T",0.563303553671865,0.0538953513650037,0.755228671796817,1.23322282755046,1.20823263674877,0.0249901908016898
"US-xSE",2023,4,"Upland","WUE_E_minus_WUE_T",0.498490458820628,-0.319468756458858,0.993169001024413,-0.0420503200568545,-0.485386988042095,0.44333666798524
"US-xSE",2023,6,"Upland","WUE_E_minus_WUE_T",0.652294745054313,0.566540471166064,-0.358088859003477,6.14522599542747,3.60251309574266,2.54271289968481
"US-xSE",2023,8,"Upland","WUE_E_minus_WUE_T",0.682648214862924,0.741395509341029,-0.888273104098116,5.61453920190742,4.36979975238431,1.24473944952311
"US-xSE",2023,9,"Upland","WUE_E_minus_WUE_T",0.61327766523955,0.341777601434761,0.501070631231144,2.91667847073516,2.55130699139635,0.365371479338804
"US-xSE",2024,4,"Upland","WUE_E_minus_WUE_T",0.417920670383862,-0.783601309398907,-0.396897651230483,-2.24299928823672,-2.04722664701815,-0.195772641218572
"US-xSE",2024,5,"Upland","WUE_E_minus_WUE_T",0.640053610202087,0.496023850977766,0.0483779456824621,3.19164278641184,3.24152288517265,-0.0498800987608115
"US-xSE",2024,7,"Upland","WUE_E_minus_WUE_T",0.679542960241253,0.723507293633274,-0.295404848790371,6.25998003610085,4.31499195658275,1.9449880795181
"US-xSE",2024,8,"Upland","WUE_E_minus_WUE_T",0.647530156256116,0.539093449080952,0.0366585655193709,4.89209769464533,3.41818053098965,1.47391716365568
"US-xSE",2024,9,"Upland","WUE_E_minus_WUE_T",0.511863286134351,-0.242432877358639,-0.76314318513262,0.461313188517092,-0.156494457445253,0.617807645962345
