"site_name","Year","month","water_class","difference_type","Trans_ratio","Trans_ratio_z","WUE_difference","simple_mixed_fitted","simple_mixed_residual"
"US-A03",2015,6,"Saline","WUE_ET_minus_WUE_T",0.252954658982922,-1.73390907990953,-2.71892416630598,-5.38285482875475,2.66393066244877
"US-A03",2015,8,"Saline","WUE_ET_minus_WUE_T",0.211156999794576,-1.97468983212946,-7.32410198079634,-5.83613629979929,-1.48796568099706
"US-A03",2016,6,"Saline","WUE_ET_minus_WUE_T",0.326760641715997,-1.30874029328629,-2.24859724810426,-4.76160951697268,2.51301226886842
"US-A03",2016,7,"Saline","WUE_ET_minus_WUE_T",0.363182958953696,-1.09892488466332,-4.93952936837515,-4.53218866174229,-0.407340706632866
"US-A03",2016,8,"Saline","WUE_ET_minus_WUE_T",0.303176425427435,-1.44460018230277,-5.44095039501171,-5.06158341600341,-0.379366979008304
"US-A03",2017,7,"Saline","WUE_ET_minus_WUE_T",0.250778861320323,-1.74644304013727,-7.42314038539349,-5.47832495170099,-1.94481543369251
"US-A03",2017,8,"Saline","WUE_ET_minus_WUE_T",0.202523316955085,-2.02442526442134,-10.4120377951578,-5.90880838936207,-4.50322940579575
"US-A03",2018,7,"Saline","WUE_ET_minus_WUE_T",0.187789984600124,-2.10929850651244,-8.52363284171434,-6.0085196988987,-2.51511314281563
"US-A03",2018,8,"Saline","WUE_ET_minus_WUE_T",0.250235316212099,-1.74957420112965,-8.44773847071486,-5.50720333301633,-2.94053513769853
"US-A03",2019,6,"Saline","WUE_ET_minus_WUE_T",0.302171321440203,-1.45039021214666,-2.77038021333929,-4.96858460727792,2.19820439393863
"US-A03",2019,7,"Saline","WUE_ET_minus_WUE_T",0.331341995117861,-1.28234882209611,-5.23833652167453,-4.80020283583946,-0.438133685835071
"US-A03",2019,8,"Saline","WUE_ET_minus_WUE_T",0.241423341743245,-1.80033670511564,-12.6605482267561,-5.5813761523949,-7.07917207436119
"US-A03",2020,6,"Saline","WUE_ET_minus_WUE_T",0.314167304335341,-1.38128582110664,-3.30489069488708,-4.86761111085047,1.56272041596338
"US-A03",2020,8,"Saline","WUE_ET_minus_WUE_T",0.192817354833588,-2.08033769841917,-9.09593295018768,-5.9905061493678,-3.10542680081988
"US-A03",2021,6,"Saline","WUE_ET_minus_WUE_T",0.266150136996973,-1.65789484409294,-1.61893612187363,-5.27178485109996,3.65284872922633
"US-A10",2012,6,"Saline","WUE_ET_minus_WUE_T",0.520663599078083,-0.191737551076989,-0.504049621172885,-2.20140427399738,1.6973546528245
"US-A10",2012,7,"Saline","WUE_ET_minus_WUE_T",0.457738390695981,-0.554226247861779,-2.69864764000096,-2.80821894118612,0.109571301185162
"US-A10",2012,8,"Saline","WUE_ET_minus_WUE_T",0.47526633742659,-0.453254272860758,-2.96284455754305,-2.68498459171668,-0.277859965826373
"US-A10",2013,6,"Saline","WUE_ET_minus_WUE_T",0.384343965905968,-0.977024202408851,-1.35598680814438,-3.34884422230493,1.99285741416055
"US-A10",2013,7,"Saline","WUE_ET_minus_WUE_T",0.451071721226211,-0.59263044850133,-2.91824691398728,-2.86433413672892,-0.0539127772583576
"US-A10",2013,8,"Saline","WUE_ET_minus_WUE_T",0.426414096183479,-0.734673845692375,-4.67363029224948,-3.0961873793293,-1.57744291292018
"US-A10",2014,6,"Saline","WUE_ET_minus_WUE_T",0.57061195440048,0.0959963268533902,-0.52540476739309,-1.78097519187965,1.25557042448656
"US-A10",2014,7,"Saline","WUE_ET_minus_WUE_T",0.593621410370574,0.228545235673516,-0.926705872511348,-1.66445408910183,0.737748216590479
"US-A10",2014,8,"Saline","WUE_ET_minus_WUE_T",0.493182222062157,-0.350047532028725,-3.3661934194199,-2.53418164967705,-0.832011769742853
"US-A10",2015,6,"Saline","WUE_ET_minus_WUE_T",0.590307474436156,0.209454884620549,-1.32055272626676,-1.61519256786765,0.294639841600881
"US-A10",2015,7,"Saline","WUE_ET_minus_WUE_T",0.607317015687694,0.30744051867259,-2.32976829844959,-1.54917440200587,-0.780593896443721
"US-A10",2015,8,"Saline","WUE_ET_minus_WUE_T",0.508675476758599,-0.26079666026736,-2.6400421820679,-2.40377065197758,-0.236271530090319
"US-A10",2016,6,"Saline","WUE_ET_minus_WUE_T",0.648791039965316,0.546356930669598,-0.288221566420432,-1.1229202674948,0.834698701074364
"US-A10",2016,7,"Saline","WUE_ET_minus_WUE_T",0.661600330688859,0.620146485293234,-1.64700521926185,-1.09225676872368,-0.554748450538173
"US-A10",2016,8,"Saline","WUE_ET_minus_WUE_T",0.534196372299379,-0.113780283155298,-2.37275189285061,-2.18895423574572,-0.183797657104893
"US-A10",2017,6,"Saline","WUE_ET_minus_WUE_T",0.714145392737973,0.922839023854246,-0.787552153025431,-0.572814655983581,-0.214737497041849
"US-A10",2017,7,"Saline","WUE_ET_minus_WUE_T",0.626425018554229,0.417514608776362,-1.77974223177177,-1.38833707203922,-0.391405159732549
"US-A10",2017,8,"Saline","WUE_ET_minus_WUE_T",0.451891095705129,-0.587910337202882,-3.97792052396162,-2.88174044799664,-1.09618007596498
"US-A10",2018,6,"Saline","WUE_ET_minus_WUE_T",0.512749102964545,-0.237330016412721,-0.420744879734072,-2.2680227705417,1.84727789080763
"US-A10",2018,7,"Saline","WUE_ET_minus_WUE_T",0.555121734062466,0.00676293490115878,-1.21433869434705,-1.98851648249939,0.77417778815234
"US-A10",2019,6,"Saline","WUE_ET_minus_WUE_T",0.439832192017384,-0.657377191502047,-3.42828850258381,-2.88178451990262,-0.546503982681192
"US-A10",2019,7,"Saline","WUE_ET_minus_WUE_T",0.51434474865424,-0.228138095695103,-3.3520340449134,-2.33174761465684,-1.02028643025657
"US-A10",2019,8,"Saline","WUE_ET_minus_WUE_T",0.383106481781433,-0.984152887702525,-6.12643194147522,-3.46071951365558,-2.66571242781963
"US-A10",2020,6,"Saline","WUE_ET_minus_WUE_T",0.488547802541507,-0.37674469737132,-1.73776437991758,-2.47173179073341,0.733967410815834
"US-A10",2020,7,"Saline","WUE_ET_minus_WUE_T",0.584118448878044,0.173802212716709,-2.01233072908297,-1.74444313682755,-0.267887592255425
"US-A10",2021,6,"Saline","WUE_ET_minus_WUE_T",0.482147075093919,-0.41361690503827,-3.65970225648194,-2.52560847893077,-1.13409377755117
"US-A10",2021,7,"Saline","WUE_ET_minus_WUE_T",0.522364390258258,-0.18193992633714,-2.98142068657411,-2.26424407952085,-0.717176607053266
"US-A10",2021,8,"Saline","WUE_ET_minus_WUE_T",0.626406291613708,0.417406729844554,-1.47411622331291,-1.41279791409622,-0.0613183092166856
"US-A10",2022,6,"Saline","WUE_ET_minus_WUE_T",0.339571399352674,-1.23494228832226,-4.59437257080667,-3.72570726291072,-0.868665307895956
"US-A10",2022,7,"Saline","WUE_ET_minus_WUE_T",0.52303866060968,-0.178055705891122,-2.77556238146109,-2.25856856001439,-0.516993821446703
"US-A10",2022,8,"Saline","WUE_ET_minus_WUE_T",0.431719802338575,-0.704109647986343,-4.5778042900684,-3.05152778734924,-1.52627650271916
"US-Atq",1999,5,"Freshwater","WUE_ET_minus_WUE_T",0.437312375410197,-0.671892916782275,-1.35538537128937,-1.87382051354223,0.518435142252863
"US-Atq",1999,6,"Freshwater","WUE_ET_minus_WUE_T",0.613163621081762,0.341120635503375,-0.555253405765995,-0.664180162777086,0.10892675701109
"US-Atq",1999,7,"Freshwater","WUE_ET_minus_WUE_T",0.560085984602099,0.0353601339393859,-0.616389246791414,-1.08770588499857,0.471316638207153
"US-Atq",1999,8,"Freshwater","WUE_ET_minus_WUE_T",0.453295176385155,-0.579821951181293,-1.04698718364877,-1.80889620004236,0.76190901639359
"US-Atq",2000,6,"Freshwater","WUE_ET_minus_WUE_T",0.364258218326102,-1.09273071576615,-2.97897465627518,-2.28846757005789,-0.690507086217296
"US-Atq",2000,7,"Freshwater","WUE_ET_minus_WUE_T",0.725792928723939,0.989936141986438,-0.264158095476769,-0.00634847107249947,-0.257809624404269
"US-Atq",2000,8,"Freshwater","WUE_ET_minus_WUE_T",0.534846458425248,-0.110035379028269,-0.678210009968015,-1.27671522285657,0.598505212888557
"US-Atq",2001,8,"Freshwater","WUE_ET_minus_WUE_T",0.440778346215294,-0.651926749445894,-1.5147387938948,-1.89057755126612,0.37583875737132
"US-Atq",2002,6,"Freshwater","WUE_ET_minus_WUE_T",0.406286209381596,-0.850623107418164,-2.68279077635533,-2.01420459356572,-0.668586182789609
"US-Atq",2002,7,"Freshwater","WUE_ET_minus_WUE_T",0.306630850423194,-1.42470052607518,-2.78421146175896,-2.74168357370946,-0.0425278880495021
"US-Atq",2002,8,"Freshwater","WUE_ET_minus_WUE_T",0.309497087813252,-1.40818919964636,-3.24178446135248,-2.74728251818779,-0.49450194316469
"US-Atq",2003,5,"Freshwater","WUE_ET_minus_WUE_T",0.661982292058579,0.62234682252996,-0.0951859611805246,-0.407687145738123,0.312501184557599
"US-Atq",2003,6,"Freshwater","WUE_ET_minus_WUE_T",0.710295570189866,0.900661629544451,-0.0153027482024594,-0.0303240871988124,0.015021338996353
"US-Atq",2003,7,"Freshwater","WUE_ET_minus_WUE_T",0.584815379967923,0.177816973239786,-0.0939558297030666,-0.926328731117313,0.832372901414247
"US-Atq",2003,8,"Freshwater","WUE_ET_minus_WUE_T",0.721331944435714,0.964238072443362,-0.12619725439504,-0.0597628256248012,-0.0664344287702385
"US-Atq",2004,5,"Freshwater","WUE_ET_minus_WUE_T",0.774041190873871,1.2678764161395,-0.0111024346723468,0.323578050614842,-0.334680485287189
"US-Atq",2004,6,"Freshwater","WUE_ET_minus_WUE_T",0.675105252264189,0.69794331025241,-0.0906137098413141,-0.259966311240834,0.16935260139952
"US-Atq",2004,7,"Freshwater","WUE_ET_minus_WUE_T",0.591284486144797,0.215083085306958,-0.349834340508667,-0.884113144058425,0.534278803549758
"US-Atq",2004,8,"Freshwater","WUE_ET_minus_WUE_T",0.554508261580966,0.003228948347122,-0.513941263796251,-1.14840776581991,0.634466502023654
"US-Atq",2005,6,"Freshwater","WUE_ET_minus_WUE_T",0.663647179125735,0.631937617042748,-0.10171439343039,-0.334738508647747,0.233024115217358
"US-Atq",2005,7,"Freshwater","WUE_ET_minus_WUE_T",0.678063426021373,0.714984247861919,-0.24931710653371,-0.317817926284188,0.0685008197504786
"US-Atq",2006,5,"Freshwater","WUE_ET_minus_WUE_T",0.585659230411346,0.182678081456706,-0.21456793213163,-0.905750211249056,0.691182279117426
"US-Atq",2006,6,"Freshwater","WUE_ET_minus_WUE_T",0.534575415641756,-0.111596755587634,-0.391853181586958,-1.17702492646551,0.785171744878551
"US-Atq",2006,7,"Freshwater","WUE_ET_minus_WUE_T",0.573467209298166,0.112444387232719,-0.723262666564653,-1.00038373559086,0.277121069026203
"US-Atq",2006,8,"Freshwater","WUE_ET_minus_WUE_T",0.483407993277769,-0.406353224854,-1.31256694342576,-1.61238833506668,0.299821391640923
"US-Brw",1998,7,"Upland","WUE_ET_minus_WUE_T",0.553916816713061,-0.000178145326449754,-1.86677153849071,-1.84800365556241,-0.0187678829283036
"US-Brw",1998,8,"Upland","WUE_ET_minus_WUE_T",0.659668467888357,0.609017742982699,-0.538967306836276,-0.535080298342071,-0.0038870084942052
"US-Brw",1999,6,"Upland","WUE_ET_minus_WUE_T",0.719078649098032,0.951257676963889,-0.108337500079204,0.317618770356376,-0.42595627043558
"US-Brw",1999,7,"Upland","WUE_ET_minus_WUE_T",0.687099319239596,0.767036664392199,-0.621874454760573,-0.163914764414283,-0.45795969034629
"US-Brw",1999,8,"Upland","WUE_ET_minus_WUE_T",0.633276328486358,0.45698245437308,-1.3058575087229,-0.868808137490345,-0.437049371232556
"US-Brw",2000,6,"Upland","WUE_ET_minus_WUE_T",0.459503428658943,-0.544058521327054,-0.659356502563444,-2.96470238194139,2.30534587937794
"US-Brw",2000,7,"Upland","WUE_ET_minus_WUE_T",0.656983662057179,0.593551576212869,-0.946764432586348,-0.544726378165332,-0.402038054421015
"US-Brw",2000,8,"Upland","WUE_ET_minus_WUE_T",0.466175912363539,-0.505620827045459,-2.19343745061457,-2.98178806473417,0.788350614119594
"US-Brw",2001,6,"Upland","WUE_ET_minus_WUE_T",0.424520237725813,-0.745583659133842,-0.423014668440315,-3.4070638191404,2.98404915070008
"US-Brw",2001,7,"Upland","WUE_ET_minus_WUE_T",0.611830499463529,0.333441018216854,-1.0209179137239,-1.11568681276913,0.0947688990452293
"US-Brw",2001,8,"Upland","WUE_ET_minus_WUE_T",0.637064981087044,0.478807471390963,-1.56536904253848,-0.820900734969773,-0.744468307568707
"US-Brw",2002,6,"Upland","WUE_ET_minus_WUE_T",0.268721878067357,-1.64308000131306,-1.20691250489715,-5.37712956938886,4.17021706449171
"US-Brw",2002,7,"Upland","WUE_ET_minus_WUE_T",0.685763537182724,0.759341721309235,-0.640339025499502,-0.180805689875941,-0.459533335623561
"US-Brw",2002,8,"Upland","WUE_ET_minus_WUE_T",0.582881115073662,0.166674393361474,-0.914977031566951,-1.50605415303544,0.59107712146849
"US-Brw",2003,6,"Upland","WUE_ET_minus_WUE_T",0.606612462085773,0.303381847695696,-0.122728304043083,-1.10451291048808,0.981784606444999
"US-Brw",2003,7,"Upland","WUE_ET_minus_WUE_T",0.618456847707112,0.371612943284992,-0.977895815388837,-1.0318968309457,0.0540010155568649
"US-Brw",2003,8,"Upland","WUE_ET_minus_WUE_T",0.558057460164428,0.0236745599267813,-1.59254266394651,-1.81994855115285,0.22740588720634
"US-Brw",2004,6,"Upland","WUE_ET_minus_WUE_T",0.35872146508439,-1.12462588971328,-1.33132770103273,-4.23908739546961,2.90775969443687
"US-Brw",2004,7,"Upland","WUE_ET_minus_WUE_T",0.542097145650924,-0.0682668695420613,-1.6841047911841,-1.99746305417075,0.313358262986651
"US-Brw",2004,8,"Upland","WUE_ET_minus_WUE_T",0.424605947621433,-0.745089916337211,-2.85089663201973,-3.50743906617598,0.656542434156253
"US-Brw",2005,6,"Upland","WUE_ET_minus_WUE_T",0.813985677594134,1.49798173175549,-0.0689553252914363,1.51771539979402,-1.58667072508546
"US-Brw",2005,8,"Upland","WUE_ET_minus_WUE_T",0.595448783947438,0.239072054470744,-1.58442062175647,-1.34713634374036,-0.23728427801611
"US-Brw",2006,6,"Upland","WUE_ET_minus_WUE_T",0.440930084945738,-0.651052639116112,-3.55097559196794,-3.19956177582199,-0.351413816145952
"US-Brw",2007,6,"Upland","WUE_ET_minus_WUE_T",0.607828707555007,0.310388185003882,-1.71373555775748,-1.08913352171862,-0.624602036038857
"US-BWb",2022,5,"Upland","WUE_ET_minus_WUE_T",0.545474371972362,-0.0488119261341453,-3.81018094828225,-2.45234107296652,-1.35783987531573
"US-BWb",2022,6,"Upland","WUE_ET_minus_WUE_T",0.600833443718361,0.270091074561054,-1.45592645383109,-1.69024316511423,0.234316711283142
"US-BWb",2022,7,"Upland","WUE_ET_minus_WUE_T",0.453197500559749,-0.580384625244185,-2.36010939052251,-3.63425122883312,1.27414183831061
"US-BWb",2022,8,"Upland","WUE_ET_minus_WUE_T",0.589940733965301,0.207342229315041,-1.6052034871657,-1.92944021097449,0.324236723808788
"US-BWb",2022,9,"Upland","WUE_ET_minus_WUE_T",0.589016000730925,0.202015185454222,-1.18261550337191,-1.86864279397523,0.686027290603312
"US-BWb",2023,4,"Upland","WUE_ET_minus_WUE_T",0.51865320160882,-0.203318702373737,-2.34018117921916,-2.76574258769183,0.425561408472672
"US-BWb",2023,5,"Upland","WUE_ET_minus_WUE_T",0.533064553384025,-0.120300270520801,-3.32631827228857,-2.60926286996922,-0.717055402319345
"US-BWb",2023,6,"Upland","WUE_ET_minus_WUE_T",0.398642535633576,-0.894655465940413,-2.90699012362906,-4.24694134796221,1.33995122433316
"US-BWb",2023,7,"Upland","WUE_ET_minus_WUE_T",0.592856604180637,0.224139471970679,-2.05942121468746,-1.86826590423102,-0.191155310456437
"US-BWb",2023,8,"Upland","WUE_ET_minus_WUE_T",0.625241247780487,0.410695346097722,-1.96595195143719,-1.48306623511283,-0.48288571632436
"US-CAK",2025,4,"Upland","WUE_ET_minus_WUE_T",0.289392811794131,-1.52400244844358,-0.462202356009912,-5.16402319485894,4.70182083884903
"US-CAK",2025,6,"Upland","WUE_ET_minus_WUE_T",0.78859792053832,1.35173231588437,-0.529431520176538,1.18474360075075,-1.71417512092729
"US-CAK",2025,7,"Upland","WUE_ET_minus_WUE_T",0.456217342467803,-0.562988440378185,-3.5225051294447,-3.09535502630898,-0.427150103135717
"US-CAK",2025,8,"Upland","WUE_ET_minus_WUE_T",0.433992604097557,-0.691016883276518,-3.53792846155416,-3.40068941221788,-0.137239049336283
"US-Ced",2005,7,"Upland","WUE_ET_minus_WUE_T",0.802228998179999,1.43025587897057,-0.540400972343352,-0.0554078268694951,-0.484993145473857
"US-Ced",2005,8,"Upland","WUE_ET_minus_WUE_T",0.86588687049987,1.79696517991086,-0.306717284075988,0.725240914601348,-1.03195819867734
"US-Ced",2005,9,"Upland","WUE_ET_minus_WUE_T",0.77365350530188,1.26564310390476,-0.583575191693433,-0.368556677794249,-0.215018513899183
"US-Ced",2005,10,"Upland","WUE_ET_minus_WUE_T",0.645827230599141,0.529283528414979,-1.2096482367289,-1.98653651161529,0.776888274886393
"US-Ced",2006,4,"Upland","WUE_ET_minus_WUE_T",0.605479875964593,0.296857440743076,-1.25295265246155,-2.50247158967208,1.24951893721053
"US-Ced",2006,5,"Upland","WUE_ET_minus_WUE_T",0.754466540884372,1.15511414570529,-0.609657331911531,-0.644290930833697,0.0346335989221661
"US-Ced",2006,6,"Upland","WUE_ET_minus_WUE_T",0.788444298384698,1.35084735585491,-0.741342057999032,-0.152559123003524,-0.588782934995508
"US-Ced",2006,7,"Upland","WUE_ET_minus_WUE_T",0.813131596247967,1.4930616871171,-0.578214759924371,0.0824552102607818,-0.660669970185153
"US-Ced",2006,8,"Upland","WUE_ET_minus_WUE_T",0.75104810840212,1.13542182894705,-0.724177830098756,-0.726891909554667,0.00271407945591096
"US-Ced",2006,9,"Upland","WUE_ET_minus_WUE_T",0.772991817663677,1.26183136778473,-0.707274290625638,-0.376923698835054,-0.330350591790583
"US-Ced",2006,10,"Upland","WUE_ET_minus_WUE_T",0.621776539400409,0.390736451121843,-1.34283459518916,-2.29065680597715,0.947822210787987
"US-Ced",2007,6,"Upland","WUE_ET_minus_WUE_T",0.750277292930015,1.13098144800706,-0.840208099267671,-0.635179802711928,-0.205028296555744
"US-Ced",2007,7,"Upland","WUE_ET_minus_WUE_T",0.754290792064341,1.15410172218898,-0.729061606289943,-0.661585056230863,-0.0674765500590799
"US-Ced",2007,8,"Upland","WUE_ET_minus_WUE_T",0.790749626016849,1.36412749000983,-0.693481299596633,-0.22486736797973,-0.468613931616903
"US-Ced",2007,9,"Upland","WUE_ET_minus_WUE_T",0.75954896657402,1.18439210778304,-0.842100950505646,-0.546908161928766,-0.29519278857688
"US-Ced",2008,5,"Upland","WUE_ET_minus_WUE_T",0.545645680845991,-0.0478250794959486,-1.58735021076321,-3.28482466431396,1.69747445355075
"US-Ced",2008,6,"Upland","WUE_ET_minus_WUE_T",0.65008427316488,0.553806765627668,-1.0838804887655,-1.90211763880966,0.818237150044162
"US-Ced",2008,7,"Upland","WUE_ET_minus_WUE_T",0.735709197230936,1.04706007276856,-0.909684084849345,-0.896548785287678,-0.0131352995616665
"US-Ced",2008,8,"Upland","WUE_ET_minus_WUE_T",0.655205093202905,0.583305903251202,-1.3021751142994,-1.93882406377275,0.636648949473349
"US-Ced",2008,9,"Upland","WUE_ET_minus_WUE_T",0.763983512921808,1.2099378781948,-0.792989746742391,-0.49083345166341,-0.302156295078981
"US-Ced",2008,10,"Upland","WUE_ET_minus_WUE_T",0.820288394469581,1.53428933700824,-0.555826137007399,0.219519857932526,-0.775345994939926
"US-Ced",2009,5,"Upland","WUE_ET_minus_WUE_T",0.698616564305052,0.833383225042064,-0.954379095711968,-1.35051226880094,0.396133173088975
"US-Ced",2009,6,"Upland","WUE_ET_minus_WUE_T",0.779888828214779,1.30156247763181,-0.90751852375758,-0.260742795771193,-0.646775727986387
"US-Ced",2009,7,"Upland","WUE_ET_minus_WUE_T",0.843705803333667,1.66918831055909,-0.419659061854602,0.469065174271856,-0.888724236126458
"US-Ced",2009,8,"Upland","WUE_ET_minus_WUE_T",0.867480237079972,1.80614397152669,-0.341536252749034,0.7453889889067,-1.08692524165573
"US-Ced",2009,9,"Upland","WUE_ET_minus_WUE_T",0.795449747728448,1.39120314121183,-0.719118228122845,-0.092943822929611,-0.626174405193234
"US-Ced",2009,10,"Upland","WUE_ET_minus_WUE_T",0.720191780237203,0.957670011008755,-1.0125235144809,-1.04619893299274,0.0336754185118417
"US-Ced",2010,4,"Upland","WUE_ET_minus_WUE_T",0.655813283115942,0.586809458895161,-1.24666764753978,-1.86600711251349,0.619339464973711
"US-Ced",2010,5,"Upland","WUE_ET_minus_WUE_T",0.736102375035927,1.04932502371271,-0.88569326152959,-0.876505276666447,-0.00918798486314276
"US-Ced",2010,6,"Upland","WUE_ET_minus_WUE_T",0.800739673918405,1.42167643641399,-0.574364161755757,0.00291554488450529,-0.577279706640262
"US-Ced",2010,7,"Upland","WUE_ET_minus_WUE_T",0.751519600891574,1.13813792162978,-0.749535085431551,-0.696626688433068,-0.0529083969984836
"US-Ced",2010,8,"Upland","WUE_ET_minus_WUE_T",0.728080842414867,1.00311596090964,-1.16236264735164,-1.01731232346355,-0.145050323888081
"US-Ced",2010,10,"Upland","WUE_ET_minus_WUE_T",0.763110888460759,1.20491101357566,-0.828736951617519,-0.503488051262055,-0.325248900355465
"US-Ced",2011,7,"Upland","WUE_ET_minus_WUE_T",0.785148757325337,1.33186297082825,-0.683840709309524,-0.271386978302994,-0.41245373100653
"US-Ced",2011,8,"Upland","WUE_ET_minus_WUE_T",0.815390060906851,1.50607186113133,-0.519507590843338,0.0867102182954923,-0.60621780913883
"US-Ced",2011,9,"Upland","WUE_ET_minus_WUE_T",0.764406945386004,1.21237711496603,-0.976911782391108,-0.485479160404601,-0.491432621986507
"US-Ced",2011,10,"Upland","WUE_ET_minus_WUE_T",0.727179400071141,0.997923087198049,-0.876371317655824,-0.957840682361748,0.0814693647059244
"US-Ced",2012,5,"Upland","WUE_ET_minus_WUE_T",0.718472710672755,0.947767091302631,-1.0132743577984,-1.09943187246887,0.0861575146704703
"US-Ced",2012,6,"Upland","WUE_ET_minus_WUE_T",0.805481686753119,1.4489934067791,-0.538617334319457,0.0628781599812775,-0.601495494300734
"US-Ced",2012,7,"Upland","WUE_ET_minus_WUE_T",0.799719494369324,1.41579956187132,-0.563017918837853,-0.087140429949313,-0.47587748888854
"US-Ced",2012,8,"Upland","WUE_ET_minus_WUE_T",0.854925761791441,1.73382231374969,-0.419121187067167,0.58663801211531,-1.00575919918248
"US-Ced",2012,9,"Upland","WUE_ET_minus_WUE_T",0.786540153264847,1.33987828478259,-0.548770635477372,-0.205605387145189,-0.343165248332183
"US-Ced",2013,4,"Upland","WUE_ET_minus_WUE_T",0.634170410190808,0.462132926182367,-1.27091117315402,-2.13968061446985,0.86876944131583
"US-Ced",2013,5,"Upland","WUE_ET_minus_WUE_T",0.688826841834971,0.776988278862211,-0.920028108301667,-1.47430302619419,0.554274917892521
"US-Ced",2013,6,"Upland","WUE_ET_minus_WUE_T",0.817972302383421,1.52094719284167,-0.538316429783332,0.220821633241986,-0.759138063025319
"US-Ced",2013,7,"Upland","WUE_ET_minus_WUE_T",0.814405116562627,1.50039796348486,-0.530486782169306,0.0985588377935585,-0.629045619962864
"US-Ced",2013,8,"Upland","WUE_ET_minus_WUE_T",0.815287102037235,1.50547875341776,-0.52198523403854,0.0854083063680536,-0.607393540406594
"US-Ced",2013,9,"Upland","WUE_ET_minus_WUE_T",0.792524334300476,1.37435092366138,-0.577893331001975,-0.129935591086859,-0.447957739915116
"US-Ced",2013,10,"Upland","WUE_ET_minus_WUE_T",0.790051770067388,1.36010740171504,-0.560503049817656,-0.162821382812706,-0.397681667004951
"US-Ced",2014,4,"Upland","WUE_ET_minus_WUE_T",0.607299037590077,0.307336953545931,-1.13858347521817,-2.47946834355069,1.34088486833252
"US-Ced",2014,5,"Upland","WUE_ET_minus_WUE_T",0.68734283802954,0.768439485472641,-0.935880570299719,-1.49306821137795,0.557187641078232
"US-Ced",2014,6,"Upland","WUE_ET_minus_WUE_T",0.757295383033449,1.17141005207403,-0.813150514695524,-0.54643625640475,-0.266714258290774
"US-Ced",2014,7,"Upland","WUE_ET_minus_WUE_T",0.82901937093513,1.58458524165487,-0.512228044201452,0.283355661507252,-0.795583705708704
"US-Ced",2014,8,"Upland","WUE_ET_minus_WUE_T",0.777789767380148,1.28947056969887,-0.747322629027111,-0.388744405479981,-0.35857822354713
"US-Ced",2014,9,"Upland","WUE_ET_minus_WUE_T",0.769466859850777,1.2415253982588,-0.771209162581031,-0.421496688393407,-0.349712474187623
"US-Ced",2014,10,"Upland","WUE_ET_minus_WUE_T",0.744925469482062,1.10015158574755,-0.865897858115476,-0.733442148098432,-0.132455710017044
"US-CGG",2020,2,"Upland","WUE_ET_minus_WUE_T",0.305319749412748,-1.43225329083908,-6.92981772215395,-5.65388453809352,-1.27593318406044
"US-CGG",2020,3,"Upland","WUE_ET_minus_WUE_T",0.544169398950239,-0.0563293898389318,-1.81240899911209,-2.63578925878537,0.82338025967328
"US-CGG",2020,4,"Upland","WUE_ET_minus_WUE_T",0.466127108981759,-0.505901965157116,-2.72740494238659,-3.6107475037177,0.88334256133111
"US-CGG",2021,2,"Upland","WUE_ET_minus_WUE_T",0.151304207544846,-2.31947948351672,-11.2674087354699,-7.60140660896177,-3.66600212650809
"US-CGG",2021,3,"Upland","WUE_ET_minus_WUE_T",0.299536446646414,-1.46556874480072,-6.43460118589434,-5.72916586282958,-0.705435323064753
"US-CGG",2022,2,"Upland","WUE_ET_minus_WUE_T",0.393418949041363,-0.924746603419944,-5.47722411966969,-4.53987270771789,-0.937351411951801
"US-CGG",2022,3,"Upland","WUE_ET_minus_WUE_T",0.557585119592976,0.0209535817594219,-2.17399390148428,-2.46614785940802,0.292153957923738
"US-CGG",2022,4,"Upland","WUE_ET_minus_WUE_T",0.530297535846461,-0.136240028321546,-2.39489527626512,-2.79931431262304,0.404419036357921
"US-CGG",2023,2,"Upland","WUE_ET_minus_WUE_T",0.509978639264915,-0.253289626270033,-1.37275473845981,-3.06597879720182,1.69322405874201
"US-CGG",2023,3,"Upland","WUE_ET_minus_WUE_T",0.601353310564049,0.273085833899009,-1.39760797756832,-1.91270035090104,0.515092373332728
"US-CGG",2024,2,"Upland","WUE_ET_minus_WUE_T",0.42570891234584,-0.738736147222582,-2.73180943103006,-4.13156705596144,1.39975762493138
"US-CGG",2024,3,"Upland","WUE_ET_minus_WUE_T",0.590382233950553,0.20988554634806,-1.7514628961987,-2.05142929725826,0.299966401059565
"US-CGG",2024,4,"Upland","WUE_ET_minus_WUE_T",0.656379681489469,0.590072269040088,-1.49862588397032,-1.20500922883619,-0.29361665513413
"US-CGG",2024,5,"Upland","WUE_ET_minus_WUE_T",0.502317802758648,-0.297420853052395,-2.04777421611741,-3.17886863651414,1.13109442039673
"US-CGG",2025,2,"Upland","WUE_ET_minus_WUE_T",0.675430963486505,0.699819611333345,-1.25329871131727,-0.973838944365645,-0.279459766951622
"US-CGG",2025,3,"Upland","WUE_ET_minus_WUE_T",0.713867608499326,0.921238812281758,-0.94388193049614,-0.489960308826977,-0.453921621669163
"US-Cms",1999,6,"Upland","WUE_ET_minus_WUE_T",0.761853380370375,1.19766697767018,-0.247789354449099,0.287172998035159,-0.534962352484259
"US-Cms",1999,7,"Upland","WUE_ET_minus_WUE_T",0.724958925901673,0.98513176224848,-0.72311601776611,-0.256512145225572,-0.466603872540538
"US-Cms",1999,8,"Upland","WUE_ET_minus_WUE_T",0.544979806826913,-0.0516609317975057,-2.4600874751263,-2.5566461109178,0.0965586357914932
"US-Cms",2000,6,"Upland","WUE_ET_minus_WUE_T",0.647363604870392,0.538134008559243,-0.0775307250411062,-1.16054690068915,1.08301617564804
"US-Cms",2000,7,"Upland","WUE_ET_minus_WUE_T",0.74028783620484,1.07343590714991,-0.632168727951789,-0.0626785179453943,-0.569490210006394
"US-Cms",2000,8,"Upland","WUE_ET_minus_WUE_T",0.533395569260495,-0.118393411302345,-2.27240900233408,-2.70312845978445,0.430719457450372
"US-Cms",2001,6,"Upland","WUE_ET_minus_WUE_T",0.631237625162998,0.445238243589891,-0.209103429995443,-1.36445944752458,1.15535601752914
"US-Cms",2001,7,"Upland","WUE_ET_minus_WUE_T",0.68677198064929,0.765150988650185,-0.563146904007205,-0.739384963098986,0.176238059091781
"US-Cms",2001,8,"Upland","WUE_ET_minus_WUE_T",0.683939813185782,0.748835926383103,-0.903523297107073,-0.79950085096731,-0.104022446139763
"US-Cms",2002,6,"Upland","WUE_ET_minus_WUE_T",0.645744668639857,0.528807919707528,-0.162905683036189,-1.18101830248442,1.01811261944823
"US-Cms",2002,7,"Upland","WUE_ET_minus_WUE_T",0.62525998307829,0.410803273172723,-0.464313195492315,-1.51720239268973,1.05288919719741
"US-Cms",2003,6,"Upland","WUE_ET_minus_WUE_T",0.640823361359825,0.50045810079896,-1.46509753547806,-1.24324809065481,-0.221849444823247
"US-Cms",2003,7,"Upland","WUE_ET_minus_WUE_T",0.615727894851515,0.355892461944577,-2.13862933700415,-1.63773537253036,-0.500893964473795
"US-Cms",2003,8,"Upland","WUE_ET_minus_WUE_T",0.624083671386951,0.4040269794906,-1.8367309469403,-1.55638003222698,-0.280350914713318
"US-Cms",2004,6,"Upland","WUE_ET_minus_WUE_T",0.645567495764351,0.527787292737841,-0.685778251542425,-1.18325864836915,0.497480396826723
"US-Cms",2004,7,"Upland","WUE_ET_minus_WUE_T",0.557965875230642,0.0231469732227128,-1.46126901081904,-2.3681344394379,0.906865428618857
"US-Cms",2004,8,"Upland","WUE_ET_minus_WUE_T",0.531347638277852,-0.130190779194964,-1.36663652237483,-2.72902448780825,1.36238796543342
"US-Cms",2005,7,"Upland","WUE_ET_minus_WUE_T",0.76303070916055,1.20444913048001,-0.533694472632748,0.224904452571874,-0.758598925204622
"US-Cms",2005,8,"Upland","WUE_ET_minus_WUE_T",0.727701085655767,1.00092832361386,-1.0495866552003,-0.246140826706435,-0.803445828493862
"US-Dix",2005,5,"Upland","WUE_ET_minus_WUE_T",0.731997633748548,1.02567913745889,-0.798109295568902,-0.32771678610834,-0.470392509460562
"US-Dix",2005,6,"Upland","WUE_ET_minus_WUE_T",0.723712852713046,0.977953598554511,-1.00845199087267,-0.370393555303721,-0.638058435568949
"US-Dix",2005,7,"Upland","WUE_ET_minus_WUE_T",0.789629863037022,1.35767695240015,-0.590347220293291,0.385969299148452,-0.976316519441743
"US-Dix",2005,8,"Upland","WUE_ET_minus_WUE_T",0.703946861928321,0.864089085040191,-1.20645260213718,-0.721792983083376,-0.484659619053805
"US-Dix",2005,9,"Upland","WUE_ET_minus_WUE_T",0.528704988358882,-0.145414101450317,-2.3258129258903,-2.86523076219405,0.539417836303754
"US-Dix",2006,5,"Upland","WUE_ET_minus_WUE_T",0.575884533466549,0.126369691733622,-2.0393139662935,-2.30176242243529,0.262448456141791
"US-Dix",2006,6,"Upland","WUE_ET_minus_WUE_T",0.562749733542488,0.0507049998014127,-2.05962287056659,-2.40576754015343,0.346144669586845
"US-Dix",2006,7,"Upland","WUE_ET_minus_WUE_T",0.641464035211247,0.504148784317332,-1.58680301668853,-1.48758330690384,-0.0992197097846876
"US-Dix",2006,8,"Upland","WUE_ET_minus_WUE_T",0.631214375310251,0.445104309844747,-1.64724057468912,-1.64149317203776,-0.00574740265136575
"US-Dix",2006,9,"Upland","WUE_ET_minus_WUE_T",0.58148404184774,0.158626374673919,-1.67845420649963,-2.19784115785627,0.51938695135664
"US-Dix",2007,5,"Upland","WUE_ET_minus_WUE_T",0.474897966168628,-0.455376322523602,-1.58500218789341,-3.5787346441258,1.99373245623239
"US-Dix",2007,7,"Upland","WUE_ET_minus_WUE_T",0.573462218077997,0.112415634671687,-1.64551535887346,-2.34746431709266,0.701948958219206
"US-Dix",2007,8,"Upland","WUE_ET_minus_WUE_T",0.692642842891556,0.798970840151981,-1.33821124518711,-0.864731976749976,-0.473479268437138
"US-Dix",2007,9,"Upland","WUE_ET_minus_WUE_T",0.665987106198275,0.645417065691467,-1.267078543754,-1.12930235402687,-0.137776189727131
"US-Dmg",2022,4,"Freshwater","WUE_ET_minus_WUE_T",0.553414016775882,-0.00307458855894211,-0.888994522584497,-1.39999868600652,0.511004163422022
"US-Dmg",2022,5,"Freshwater","WUE_ET_minus_WUE_T",0.64428202278333,0.520382161509465,-0.836524049992384,-0.832770768851466,-0.00375328114091822
"US-Dmg",2022,6,"Freshwater","WUE_ET_minus_WUE_T",0.623161151432975,0.3987126855141,-1.00081939566481,-0.908515651681335,-0.0923037439834733
"US-Dmg",2022,7,"Freshwater","WUE_ET_minus_WUE_T",0.627307759034031,0.422599748013081,-1.05450586175508,-0.95861187810871,-0.0958939836463671
"US-Dmg",2022,8,"Freshwater","WUE_ET_minus_WUE_T",0.630628459406826,0.441729066476961,-0.90207577946438,-0.961245123603562,0.0591693441391825
"US-Dmg",2022,9,"Freshwater","WUE_ET_minus_WUE_T",0.524992152832371,-0.166802364532557,-1.23433249480409,-1.57810762790986,0.343775133105769
"US-Dmg",2022,10,"Freshwater","WUE_ET_minus_WUE_T",0.511883715497916,-0.242315191401533,-1.57413985263987,-1.66526993142717,0.0911300787873075
"US-Dmg",2023,5,"Freshwater","WUE_ET_minus_WUE_T",0.626851175791658,0.419969541951683,-0.851871923881417,-0.946519626663942,0.0946477027825245
"US-Dmg",2023,6,"Freshwater","WUE_ET_minus_WUE_T",0.63960478214113,0.493438319629043,-0.98442968706516,-0.801209092669229,-0.183220594395932
"US-Dmg",2023,7,"Freshwater","WUE_ET_minus_WUE_T",0.626785895827768,0.419593488385155,-1.01201232058655,-0.962017412198651,-0.0499949083879018
"US-Dmg",2023,8,"Freshwater","WUE_ET_minus_WUE_T",0.641703824221476,0.505530119525528,-1.02840699903457,-0.888970374239698,-0.139436624794868
"US-Dmg",2023,9,"Freshwater","WUE_ET_minus_WUE_T",0.607879025514148,0.3106780480318,-1.22800097220988,-1.03721095778792,-0.190790014421952
"US-Dmg",2024,4,"Freshwater","WUE_ET_minus_WUE_T",0.58659721815811,0.188081479628392,-0.736924472172066,-1.18345434610191,0.44652987392984
"US-Dmg",2024,5,"Freshwater","WUE_ET_minus_WUE_T",0.643887249156832,0.518108017631782,-0.824799095682731,-0.835346951703053,0.0105478560203225
"US-Dmg",2024,6,"Freshwater","WUE_ET_minus_WUE_T",0.627336796410169,0.422767021525637,-0.931899787694441,-0.881266554318872,-0.0506332333755688
"US-Dmg",2024,7,"Freshwater","WUE_ET_minus_WUE_T",0.59740171454579,0.2503221605206,-1.08179495403505,-1.15377040390219,0.0719754498671401
"US-Dmg",2024,8,"Freshwater","WUE_ET_minus_WUE_T",0.583584048763496,0.170723732627964,-1.13646379174179,-1.26824385864476,0.131780066902969
"US-Dmg",2024,9,"Freshwater","WUE_ET_minus_WUE_T",0.509784689878995,-0.254406896469879,-1.48169774597138,-1.67734730008406,0.19564955411268
"US-Dmg",2025,4,"Freshwater","WUE_ET_minus_WUE_T",0.574663671393414,0.119336759889244,-0.847034998224891,-1.26132935210618,0.414294353881286
"US-Dmg",2025,5,"Freshwater","WUE_ET_minus_WUE_T",0.6333637471573,0.457486040788117,-0.768980473161129,-0.904020397876152,0.135039924715023
"US-Dmg",2025,6,"Freshwater","WUE_ET_minus_WUE_T",0.657533817666579,0.596720817841266,-0.8636248999445,-0.684209195092621,-0.179415704851879
"US-Dmg",2025,7,"Freshwater","WUE_ET_minus_WUE_T",0.670571265877873,0.671824702802821,-0.835631437333089,-0.676286269330169,-0.15934516800292
"US-Dmg",2025,8,"Freshwater","WUE_ET_minus_WUE_T",0.627395615116888,0.423105854195298,-0.847446607859635,-0.982341765989427,0.134895158129792
"US-Dmg",2025,9,"Freshwater","WUE_ET_minus_WUE_T",0.540863807260836,-0.0753716728031475,-1.3078513059621,-1.4745336269623,0.166682321000203
"US-Dmg",2025,10,"Freshwater","WUE_ET_minus_WUE_T",0.477802016705207,-0.438647168636508,-1.51502841992004,-1.88767761545032,0.372649195530275
"US-EDN",2018,4,"Saline","WUE_ET_minus_WUE_T",0.365589157562322,-1.08506367036985,-0.804131662606451,-2.13217058950673,1.32803892690028
"US-EDN",2018,5,"Saline","WUE_ET_minus_WUE_T",0.36771591463042,-1.07281221474794,-1.2579913792371,-2.14002049724017,0.882029118003066
"US-EDN",2018,6,"Saline","WUE_ET_minus_WUE_T",0.377491619337831,-1.01649801967965,-1.01529921493746,-1.99565164735504,0.980352432417582
"US-EDN",2018,7,"Saline","WUE_ET_minus_WUE_T",0.331962471307535,-1.27877448978695,-1.4722841325954,-2.45603887686407,0.983754744268664
"US-EDN",2018,8,"Saline","WUE_ET_minus_WUE_T",0.451888479423485,-0.587925408627323,-1.19338907902266,-1.47089180412283,0.277502725100177
"US-EDN",2018,9,"Saline","WUE_ET_minus_WUE_T",0.417237161141795,-0.78753875165405,-1.28206944535515,-1.6900708646716,0.408001419316459
"US-EDN",2019,3,"Saline","WUE_ET_minus_WUE_T",0.373007270391193,-1.04233068432057,-0.96947757151467,-2.08161454173033,1.11213697021566
"US-EDN",2019,4,"Saline","WUE_ET_minus_WUE_T",0.35243219067949,-1.16085605789819,-1.38450239229476,-2.24291640834897,0.858414016054216
"US-EDN",2019,5,"Saline","WUE_ET_minus_WUE_T",0.429500254269176,-0.716895638018224,-1.1628838128754,-1.61996467085894,0.457080857983537
"US-EDN",2019,6,"Saline","WUE_ET_minus_WUE_T",0.348999325827135,-1.18063151416704,-1.54473258285834,-2.2354791397882,0.690746556929859
"US-EDN",2019,7,"Saline","WUE_ET_minus_WUE_T",0.392570717236153,-0.929632951030819,-1.40812019925743,-1.94588255559859,0.537762356341165
"US-EDN",2019,8,"Saline","WUE_ET_minus_WUE_T",0.310141191538561,-1.40447875790156,-1.82661730172957,-2.66401781905318,0.837400517323616
"US-EDN",2019,9,"Saline","WUE_ET_minus_WUE_T",0.271735887762646,-1.62571741365332,-1.99964586616567,-2.91479521082694,0.915149344661266
"US-EDN",2020,3,"Saline","WUE_ET_minus_WUE_T",0.369953707949635,-1.05992112062505,-1.18782323066358,-2.10731721894977,0.919493988286198
"US-EDN",2020,4,"Saline","WUE_ET_minus_WUE_T",0.33694278903771,-1.25008473364625,-1.50306000109127,-2.37329497382471,0.870234972733448
"US-EDN",2020,5,"Saline","WUE_ET_minus_WUE_T",0.37821697307117,-1.01231952689009,-1.33249706561678,-2.05163019223387,0.719133126617093
"US-EDN",2020,6,"Saline","WUE_ET_minus_WUE_T",0.358343222496543,-1.12680480443224,-1.32071205925677,-2.15682898454754,0.836116925290769
"US-EDN",2020,7,"Saline","WUE_ET_minus_WUE_T",0.329870424806313,-1.29082599075673,-1.73148376457512,-2.47364820923505,0.742164444659937
"US-EDN",2020,8,"Saline","WUE_ET_minus_WUE_T",0.262097426748893,-1.68124099890187,-2.68634784891235,-3.06841543738564,0.382067588473284
"US-EDN",2021,3,"Saline","WUE_ET_minus_WUE_T",0.196876077488321,-2.05695690837409,-2.32768785049463,-3.56415936801116,1.23647151751653
"US-EDN",2021,4,"Saline","WUE_ET_minus_WUE_T",0.377566571598195,-1.01606624761438,-1.44567324436185,-2.03135339228886,0.585680147927003
"US-EDN",2021,5,"Saline","WUE_ET_minus_WUE_T",0.376801411400476,-1.02047405062424,-1.53843317052452,-2.06354536521704,0.525112194692528
"US-EDN",2021,6,"Saline","WUE_ET_minus_WUE_T",0.390218607417858,-0.94318257994188,-1.45453238647048,-1.88852507868082,0.433992692210346
"US-EDN",2021,7,"Saline","WUE_ET_minus_WUE_T",0.344804943621412,-1.20479378837577,-1.96346739257742,-2.34794024554387,0.384472852966454
"US-EDN",2021,8,"Saline","WUE_ET_minus_WUE_T",0.372405404888509,-1.04579780739123,-1.75925094380988,-2.1399227632994,0.380671819489519
"US-EDN",2021,9,"Saline","WUE_ET_minus_WUE_T",0.290514639228106,-1.51754001828221,-2.52316770611022,-2.75672928070811,0.233561574597888
"US-EDN",2022,3,"Saline","WUE_ET_minus_WUE_T",0.408115488000082,-0.840085314385448,-0.991573864044644,-1.78609899154212,0.794525127497471
"US-EDN",2022,4,"Saline","WUE_ET_minus_WUE_T",0.413718099908875,-0.807810753178161,-1.2403541361912,-1.72705600818666,0.486701871995464
"US-EDN",2022,5,"Saline","WUE_ET_minus_WUE_T",0.46381464854295,-0.519223188755457,-1.11067992264898,-1.3311309506127,0.220451027963719
"US-EDN",2022,6,"Saline","WUE_ET_minus_WUE_T",0.383319161563712,-0.982927718663069,-1.71654675762492,-1.94659961724883,0.230052859623915
"US-EDN",2022,7,"Saline","WUE_ET_minus_WUE_T",0.378626221088731,-1.00996200143468,-2.02814536292319,-2.06325722545536,0.035111862532172
"US-EDN",2022,8,"Saline","WUE_ET_minus_WUE_T",0.278051548974583,-1.58933524089757,-2.76234407498903,-2.93412519058879,0.171781115599764
"US-EDN",2022,9,"Saline","WUE_ET_minus_WUE_T",0.224156697870428,-1.89980341164283,-2.4336392181052,-3.3152823741214,0.881643156016201
"US-EDN",2023,3,"Saline","WUE_ET_minus_WUE_T",0.396638647566085,-0.906199118997172,-1.25051613900957,-1.88270272269867,0.632186583689095
"US-EDN",2023,4,"Saline","WUE_ET_minus_WUE_T",0.429299660405151,-0.718051184582514,-1.360929735662,-1.59590171621593,0.234971980553937
"US-EDN",2023,7,"Saline","WUE_ET_minus_WUE_T",0.323036872030836,-1.33019154398543,-3.15872661136552,-2.53116810758711,-0.627558503778408
"US-EDN",2024,3,"Saline","WUE_ET_minus_WUE_T",0.412473087806656,-0.814982804348402,-1.19108757282468,-1.74941987217794,0.558332299353259
"US-EDN",2024,4,"Saline","WUE_ET_minus_WUE_T",0.426104124261665,-0.73645947852327,-1.4057178416186,-1.62279942523975,0.217081583621147
"US-EDN",2024,5,"Saline","WUE_ET_minus_WUE_T",0.385806504806336,-0.968599060345402,-1.8325227831097,-1.98774701048498,0.155224227375282
"US-EDN",2024,6,"Saline","WUE_ET_minus_WUE_T",0.341258751662716,-1.2252220799096,-2.74288631519445,-2.30063368732045,-0.442252627874
"US-EDN",2024,7,"Saline","WUE_ET_minus_WUE_T",0.299226660527474,-1.46735330729044,-2.59925449743863,-2.73158522448263,0.132330727044006
"US-EKH",2022,7,"Saline","WUE_ET_minus_WUE_T",0.381225028790452,-0.994991237869296,-1.30266505346466,-2.42838184908837,1.12571679562371
"US-EKH",2022,8,"Saline","WUE_ET_minus_WUE_T",0.216522241878022,-1.94378267010699,-3.16053571514872,-3.83903384251578,0.678498127367056
"US-EKH",2023,2,"Saline","WUE_ET_minus_WUE_T",0.362561288137943,-1.10250609876854,-1.16428185704644,-2.55438913148521,1.39010727443878
"US-EKH",2023,3,"Saline","WUE_ET_minus_WUE_T",0.480022459925837,-0.425856021971673,-1.02970875077888,-1.56783768224713,0.538128931468247
"US-EKH",2023,4,"Saline","WUE_ET_minus_WUE_T",0.430399893272013,-0.711713152682059,-1.91386253728148,-1.97364025752927,0.0597777202477905
"US-EKH",2023,5,"Saline","WUE_ET_minus_WUE_T",0.352899159668643,-1.15816602341648,-1.95113743743101,-2.65173671488899,0.700599277457985
"US-EKH",2023,6,"Saline","WUE_ET_minus_WUE_T",0.220700686028164,-1.91971220910231,-4.78104190784966,-3.70240367953563,-1.07863822831402
"US-EKH",2023,8,"Saline","WUE_ET_minus_WUE_T",0.236716279431713,-1.82745233852969,-5.69787787533139,-3.66905505906738,-2.02882281626401
"US-EKH",2024,2,"Saline","WUE_ET_minus_WUE_T",0.399488223888882,-0.889783770773498,-1.43685939632401,-2.24356492910699,0.806705532782982
"US-EKH",2024,3,"Saline","WUE_ET_minus_WUE_T",0.509006137221368,-0.258891848454902,-1.12667624373591,-1.32387407697717,0.197197833241255
"US-EKH",2024,5,"Saline","WUE_ET_minus_WUE_T",0.400645999534734,-0.88311425634797,-1.58004958838238,-2.24983839552788,0.669788807145508
"US-EKH",2024,6,"Saline","WUE_ET_minus_WUE_T",0.244025208125141,-1.78534832163259,-2.28309347255495,-3.50607474432303,1.22298127176808
"US-EKH",2024,7,"Saline","WUE_ET_minus_WUE_T",0.191157455400842,-2.08989976102715,-3.62811225832985,-4.02823303347176,0.400120775141909
"US-EKH",2024,8,"Saline","WUE_ET_minus_WUE_T",0.168555118026084,-2.22010341120047,-3.76044713225247,-4.24278635293839,0.482339220685921
"US-EKN",2023,7,"Saline","WUE_ET_minus_WUE_T",0.539862706579436,-0.0811386410926669,-0.364236871453844,-1.05231191564475,0.688075044190908
"US-EKN",2024,3,"Saline","WUE_ET_minus_WUE_T",0.501138375730909,-0.304215093027603,-0.318311466363862,-1.34932634685776,1.0310148804939
"US-EKN",2024,4,"Saline","WUE_ET_minus_WUE_T",0.597101476655095,0.248592601818739,-0.143230469143385,-0.529694206737498,0.386463737594113
"US-EKN",2024,5,"Saline","WUE_ET_minus_WUE_T",0.681119741608198,0.732590544011211,-0.103231300901573,0.151759292440072,-0.254990593341645
"US-EKN",2024,6,"Saline","WUE_ET_minus_WUE_T",0.57779350287847,0.13736655375635,-0.157824907990873,-0.655882108224251,0.498057200233378
"US-EKN",2024,7,"Saline","WUE_ET_minus_WUE_T",0.515583477003268,-0.221002242887386,-0.17381727822484,-1.25667688701063,1.08285960878579
"US-EKP",2022,7,"Saline","WUE_ET_minus_WUE_T",0.625258104860107,0.410792453457081,-1.89009554468,-1.6378416862094,-0.252253858470594
"US-EKP",2022,8,"Saline","WUE_ET_minus_WUE_T",0.579517756725991,0.147299338187014,-2.97501971077349,-2.04715402352151,-0.927865687251979
"US-EKP",2022,9,"Saline","WUE_ET_minus_WUE_T",0.481809300094886,-0.415562701045208,-2.73818374505259,-2.79710240822714,0.058918663174548
"US-EKP",2023,5,"Saline","WUE_ET_minus_WUE_T",0.318881162544552,-1.35413103905635,-3.3455947115394,-4.20162911941187,0.856034407872466
"US-EKP",2023,6,"Saline","WUE_ET_minus_WUE_T",0.620424426578998,0.38294743258474,-2.01474252152382,-1.60137225544047,-0.413370266083345
"US-EKP",2023,7,"Saline","WUE_ET_minus_WUE_T",0.706656116951128,0.879696094499922,-1.49687546729417,-0.952692169498666,-0.544183297795505
"US-EKP",2023,8,"Saline","WUE_ET_minus_WUE_T",0.63634226254093,0.474644158933861,-1.95145384796568,-1.56884648631906,-0.382607361646627
"US-EKP",2023,9,"Saline","WUE_ET_minus_WUE_T",0.48240185998162,-0.412149184163313,-3.16580629082716,-2.79211466823708,-0.373691622590076
"US-EKP",2024,5,"Saline","WUE_ET_minus_WUE_T",0.685059637636896,0.755286818105974,-1.0991196919631,-1.11940390537538,0.0202842134122747
"US-EKP",2024,6,"Saline","WUE_ET_minus_WUE_T",0.686092962188723,0.761239416115232,-1.45251854907504,-1.04862208034046,-0.403896468734578
"US-EKP",2024,7,"Saline","WUE_ET_minus_WUE_T",0.703082749633082,0.859111255838974,-1.64864094384185,-0.982770187721665,-0.665870756120181
"US-EKP",2024,8,"Saline","WUE_ET_minus_WUE_T",0.648433537193505,0.544297490308847,-1.65860848969953,-1.46707089288854,-0.191537596810986
"US-EKP",2024,9,"Saline","WUE_ET_minus_WUE_T",0.54812885812124,-0.0335204197652303,-3.06638887226408,-2.23887239789944,-0.82751647436464
"US-Elm",2015,3,"Freshwater","WUE_ET_minus_WUE_T",0.524739541219271,-0.168257565981701,-0.378960200002703,-0.590046202564184,0.211086002561482
"US-Elm",2015,4,"Freshwater","WUE_ET_minus_WUE_T",0.570034267959155,0.0926684903527206,-0.252446981051856,-0.282581164113098,0.0301341830612424
"US-Elm",2015,5,"Freshwater","WUE_ET_minus_WUE_T",0.539298411473873,-0.0843893350939554,-0.300761459855896,-0.508906220645572,0.208144760789676
"US-Elm",2015,6,"Freshwater","WUE_ET_minus_WUE_T",0.468770416996291,-0.490674851858258,-0.574809685919833,-0.907068242826595,0.332258556906763
"US-Elm",2016,3,"Freshwater","WUE_ET_minus_WUE_T",0.386881817108546,-0.962404586539326,-0.637254245908438,-1.48966735497948,0.852413109071045
"US-Elm",2016,4,"Freshwater","WUE_ET_minus_WUE_T",0.462956593709468,-0.524166123174842,-0.397395633394885,-0.981340274840058,0.583944641445173
"US-Elm",2016,5,"Freshwater","WUE_ET_minus_WUE_T",0.518854809339885,-0.202157315298912,-0.251755195624512,-0.642315480300305,0.390560284675794
"US-Elm",2016,6,"Freshwater","WUE_ET_minus_WUE_T",0.583058681832385,0.167697289345718,-0.219757262541931,-0.161254824081833,-0.0585024384600977
"US-Elm",2016,7,"Freshwater","WUE_ET_minus_WUE_T",0.645367942138966,0.526637738601042,-0.131723222266032,0.168202238883909,-0.299925461149941
"US-Elm",2017,3,"Freshwater","WUE_ET_minus_WUE_T",0.495485611042391,-0.336778565725691,-0.385714889939581,-0.78094921179466,0.395234321855078
"US-Elm",2017,4,"Freshwater","WUE_ET_minus_WUE_T",0.596015874378297,0.242338851300294,-0.274996891107867,-0.113032429291271,-0.161964461816596
"US-Elm",2017,5,"Freshwater","WUE_ET_minus_WUE_T",0.542734470739306,-0.0645954770007295,-0.223479145759184,-0.486483453868623,0.263004308109438
"US-Elm",2017,6,"Freshwater","WUE_ET_minus_WUE_T",0.577252850938858,0.134252059231135,-0.201645237068069,-0.199142061179756,-0.00250317588831278
"US-Elm",2017,7,"Freshwater","WUE_ET_minus_WUE_T",0.495790152560201,-0.335024215430372,-0.16716485091372,-0.807900799988994,0.640735949075274
"US-Elm",2018,3,"Freshwater","WUE_ET_minus_WUE_T",0.503577988483486,-0.290161392291782,-0.377347894664087,-0.728140608096179,0.350792713432092
"US-Elm",2018,4,"Freshwater","WUE_ET_minus_WUE_T",0.520503461477359,-0.192660044171333,-0.286065438394681,-0.605805426624666,0.319739988229986
"US-Elm",2018,5,"Freshwater","WUE_ET_minus_WUE_T",0.562374498475181,0.0485434102885093,-0.244065042244048,-0.358318097163435,0.114253054919388
"US-Elm",2018,6,"Freshwater","WUE_ET_minus_WUE_T",0.352936486323493,-1.15795099845558,-0.597154652166243,-1.66296824678256,1.06581359461631
"US-Elm",2018,7,"Freshwater","WUE_ET_minus_WUE_T",0.390227366710319,-0.943132120919324,-0.210018853288476,-1.49677417049499,1.28675531720651
"US-Elm",2019,4,"Freshwater","WUE_ET_minus_WUE_T",0.47070241370146,-0.479545338172794,-0.277763045411062,-0.930793208634319,0.653030163223257
"US-Elm",2019,5,"Freshwater","WUE_ET_minus_WUE_T",0.53215543308155,-0.125537374094041,-0.213604190153262,-0.555519310296017,0.341915120142755
"US-Elm",2019,6,"Freshwater","WUE_ET_minus_WUE_T",0.380609904024022,-0.998534742621629,-0.365922297532796,-1.4823792222385,1.1164569247057
"US-Elm",2019,7,"Freshwater","WUE_ET_minus_WUE_T",0.452077018017983,-0.586839307982278,-0.298709022663249,-1.09316055403056,0.794451531367309
"US-Elm",2020,3,"Freshwater","WUE_ET_minus_WUE_T",0.432248793038784,-0.701062329519541,-0.359536886053216,-1.19361509217572,0.834078206122501
"US-Elm",2020,4,"Freshwater","WUE_ET_minus_WUE_T",0.510024549074931,-0.253025156947954,-0.361486637058582,-0.674187893492894,0.312701256434312
"US-Elm",2020,5,"Freshwater","WUE_ET_minus_WUE_T",0.481973558683315,-0.414616468475049,-0.132026568057712,-0.882992260888473,0.750965692830762
"US-Elm",2020,6,"Freshwater","WUE_ET_minus_WUE_T",0.540019032517516,-0.0802381055676323,-0.0550220139330608,-0.442119600908513,0.387097586975453
"US-Elm",2020,7,"Freshwater","WUE_ET_minus_WUE_T",0.467970977395962,-0.495280125743436,-0.152078755232753,-0.989440997188209,0.837362241955457
"US-Elm",2021,3,"Freshwater","WUE_ET_minus_WUE_T",0.549247588548076,-0.0270758303088888,-0.170397908683606,-0.430113504388493,0.259715595704887
"US-Elm",2021,4,"Freshwater","WUE_ET_minus_WUE_T",0.544691571830902,-0.0533213462920849,-0.191232282195204,-0.447960548135847,0.256728265940643
"US-Elm",2021,5,"Freshwater","WUE_ET_minus_WUE_T",0.568701420697314,0.0849904535312284,-0.207133743602472,-0.317030363034405,0.109896619431932
"US-Elm",2021,6,"Freshwater","WUE_ET_minus_WUE_T",0.595157710603515,0.23739528931064,-0.194731293879273,-0.0822999285444075,-0.112431365334865
"US-Elm",2021,7,"Freshwater","WUE_ET_minus_WUE_T",0.596165939359718,0.243203319785129,-0.0971489090300764,-0.152876342145446,0.0557274331153698
"US-Elm",2022,3,"Freshwater","WUE_ET_minus_WUE_T",0.407030383307382,-0.846336198507169,-0.16124813561039,-1.3581834177519,1.19693528214151
"US-Elm",2022,4,"Freshwater","WUE_ET_minus_WUE_T",0.45256979156281,-0.584000623063036,-0.354300090328651,-1.04912165580629,0.694821565477634
"US-Elm",2022,5,"Freshwater","WUE_ET_minus_WUE_T",0.417491496604545,-0.786073619748906,-0.210453880114053,-1.30378425764903,1.09333037753498
"US-Elm",2022,6,"Freshwater","WUE_ET_minus_WUE_T",0.524585473287573,-0.169145093972686,-0.197709129686433,-0.5428347144785,0.345125584792067
"US-Elm",2022,7,"Freshwater","WUE_ET_minus_WUE_T",0.551805821737102,-0.0123388014041859,-0.166618840223435,-0.442358127764385,0.275739287540949
"US-Elm",2023,3,"Freshwater","WUE_ET_minus_WUE_T",0.39249588246108,-0.930064046307071,-0.502408418312956,-1.45303152644858,0.950623108135627
"US-Elm",2023,4,"Freshwater","WUE_ET_minus_WUE_T",0.413002230840885,-0.811934608342031,-0.474035031100447,-1.30732854848885,0.833293517388403
"US-Elm",2023,5,"Freshwater","WUE_ET_minus_WUE_T",0.436034676051139,-0.679253267068848,-0.570783660890978,-1.18277662771174,0.611992966820759
"US-Elm",2023,6,"Freshwater","WUE_ET_minus_WUE_T",0.394105018490068,-0.920794412767589,-0.518903468655872,-1.3943138598786,0.875410391222732
"US-Elm",2023,7,"Freshwater","WUE_ET_minus_WUE_T",0.335314936707873,-1.25946218482634,-0.347477047454388,-1.85511741081315,1.50764036335876
"US-Esm",2016,1,"Freshwater","WUE_ET_minus_WUE_T",0.1197687253079,-2.50114365519711,-1.72482762469068,-2.47446037216097,0.749632747470287
"US-Esm",2016,2,"Freshwater","WUE_ET_minus_WUE_T",0.119505111546532,-2.50266223592604,-2.06555314022953,-2.48216019491734,0.41660705468781
"US-Esm",2016,3,"Freshwater","WUE_ET_minus_WUE_T",0.265776251116693,-1.66004866144171,-0.280669693245001,-1.52978706259694,1.24911736935194
"US-Esm",2016,4,"Freshwater","WUE_ET_minus_WUE_T",0.257061886992472,-1.71024886857516,-0.168070676904343,-1.57477032457655,1.40669964767221
"US-Esm",2016,5,"Freshwater","WUE_ET_minus_WUE_T",0.202000242493051,-2.02743850164279,-0.168827056137927,-1.95983870570587,1.79101164956794
"US-Esm",2017,1,"Freshwater","WUE_ET_minus_WUE_T",0.132206603602249,-2.42949366929148,-0.0643681924757269,-2.3932942389106,2.32892604643487
"US-Esm",2017,3,"Freshwater","WUE_ET_minus_WUE_T",0.151470987034026,-2.31851872897593,-1.45070010567516,-2.27571141369527,0.825011308020109
"US-Esm",2017,4,"Freshwater","WUE_ET_minus_WUE_T",0.20426731664889,-2.01437873152213,-1.28168394313508,-1.91929300199734,0.637609058862266
"US-Esm",2017,5,"Freshwater","WUE_ET_minus_WUE_T",0.248539961514978,-1.75934050831477,-0.867241155532905,-1.65613344776934,0.78889229223644
"US-Esm",2017,6,"Freshwater","WUE_ET_minus_WUE_T",0.168153757311483,-2.22241550084017,-1.61120513995524,-2.11862740384516,0.507422263889913
"US-Esm",2018,1,"Freshwater","WUE_ET_minus_WUE_T",0.312673033198605,-1.38989376076906,-0.0658213162881075,-1.21562052919992,1.14979921291181
"US-Esm",2018,2,"Freshwater","WUE_ET_minus_WUE_T",0.363235861897232,-1.09862013050276,-0.512926620126057,-0.891641129526181,0.378714509400125
"US-Esm",2018,3,"Freshwater","WUE_ET_minus_WUE_T",0.392276403553568,-0.931328382575493,-0.616607853660335,-0.704282262992329,0.0876744093319943
"US-Esm",2018,4,"Freshwater","WUE_ET_minus_WUE_T",0.226615973998731,-1.88563643752064,-1.08010274386939,-1.77345188203333,0.693349138163938
"US-Esm",2018,5,"Freshwater","WUE_ET_minus_WUE_T",0.350216714822915,-1.17361858942819,-0.568770650034956,-0.992619244450093,0.423848594415137
"US-Esm",2018,6,"Freshwater","WUE_ET_minus_WUE_T",0.318722405469579,-1.35504557945585,-0.344401697846037,-1.13605829756276,0.791656599716723
"US-Esm",2019,1,"Freshwater","WUE_ET_minus_WUE_T",0.407432231492906,-0.844021300728979,-0.631269576757829,-0.597248365279681,-0.0340212114781486
"US-Esm",2019,2,"Freshwater","WUE_ET_minus_WUE_T",0.405495410533765,-0.855178605145379,-0.40503108326587,-0.615867072684702,0.210835989418833
"US-Esm",2019,3,"Freshwater","WUE_ET_minus_WUE_T",0.347307540369912,-1.19037726029003,-0.470697835047649,-0.997736552775859,0.52703871772821
"US-Esm",2019,4,"Freshwater","WUE_ET_minus_WUE_T",0.236454646049149,-1.82895951103368,-1.48471082779487,-1.70924744557299,0.224536617778124
"US-Esm",2019,5,"Freshwater","WUE_ET_minus_WUE_T",0.151507769273093,-2.31830684019166,-1.24662600392367,-2.28933853779329,1.04271253386961
"US-Esm",2020,1,"Freshwater","WUE_ET_minus_WUE_T",0.277830873458795,-1.59060647038074,-0.695880388783675,-1.44299076978645,0.747110381002772
"US-Esm",2020,2,"Freshwater","WUE_ET_minus_WUE_T",0.36119014354472,-1.11040475225702,-0.510456741720008,-0.904990918329642,0.394534176609634
"US-Esm",2020,3,"Freshwater","WUE_ET_minus_WUE_T",0.370188509359332,-1.0585685171265,-0.649896275768016,-0.848421715153064,0.198525439385048
"US-Esm",2020,4,"Freshwater","WUE_ET_minus_WUE_T",0.294862383228177,-1.49249428387685,-1.243333202977,-1.32809480309382,0.0847616001168223
"US-Esm",2020,5,"Freshwater","WUE_ET_minus_WUE_T",0.327133553241179,-1.30659208883445,-0.25573469214007,-1.1432535346758,0.887518842535726
"US-Esm",2020,6,"Freshwater","WUE_ET_minus_WUE_T",0.164330087377523,-2.24444223967717,-0.396184167027503,-2.14357961000288,1.74739544297537
"US-Esm",2021,1,"Freshwater","WUE_ET_minus_WUE_T",0.220838237704939,-1.9189198251065,-0.177663562246483,-1.81490885407811,1.63724529183162
"US-Esm",2021,2,"Freshwater","WUE_ET_minus_WUE_T",0.272676622616303,-1.62029819042165,-0.546614533152276,-1.48260552944858,0.935990996296307
"US-Esm",2021,3,"Freshwater","WUE_ET_minus_WUE_T",0.388762218510436,-0.951572294185771,-0.487994137515554,-0.72721485685819,0.239220719342636
"US-Esm",2021,4,"Freshwater","WUE_ET_minus_WUE_T",0.330449887462093,-1.28748792214593,-0.51361366535093,-1.09586065171044,0.582246986359507
"US-Esm",2021,5,"Freshwater","WUE_ET_minus_WUE_T",0.252343323919358,-1.73743075359465,-1.30656471602541,-1.63131376289964,0.324749046874233
"US-Esm",2021,6,"Freshwater","WUE_ET_minus_WUE_T",0.562526487801663,0.0494189642087629,-0.03070065936873,0.454939311936299,-0.485639971305029
"US-Esm",2022,1,"Freshwater","WUE_ET_minus_WUE_T",0.216680362213811,-1.94287179772486,-0.160533260787378,-1.84204199271837,1.681508731931
"US-Esm",2022,2,"Freshwater","WUE_ET_minus_WUE_T",0.321116845299877,-1.34125210310621,-0.89196790208991,-1.16649811337918,0.274530211289266
"US-Esm",2022,3,"Freshwater","WUE_ET_minus_WUE_T",0.505287190772421,-0.28031531428604,-0.361366002668009,0.033194692245432,-0.394560694913441
"US-Esm",2022,4,"Freshwater","WUE_ET_minus_WUE_T",0.457078906525288,-0.558025290625899,-0.226998481967319,-0.269514904356059,0.0425164223887403
"US-Esm",2022,5,"Freshwater","WUE_ET_minus_WUE_T",0.279719739579762,-1.57972541593222,-0.830876502270481,-1.45266289103677,0.621786388766291
"US-Esm",2022,6,"Freshwater","WUE_ET_minus_WUE_T",0.204047800903134,-2.01564328000197,-0.759383305079366,-1.88439286189936,1.12500955681999
"US-Esm",2023,2,"Freshwater","WUE_ET_minus_WUE_T",0.305652760596839,-1.43033493739633,-1.13798658239577,-1.2674124276937,0.129425845297926
"US-Esm",2023,3,"Freshwater","WUE_ET_minus_WUE_T",0.356201953923079,-1.13913985543355,-0.784380541510054,-0.939694084554553,0.155313543044499
"US-Esm",2023,5,"Freshwater","WUE_ET_minus_WUE_T",0.351305024933056,-1.16734924009005,-0.401295640908502,-0.985517235463757,0.584221594555255
"US-Esm",2023,6,"Freshwater","WUE_ET_minus_WUE_T",0.423513262976923,-0.751384465739101,-0.121807770310358,-0.452222316652278,0.330414546341919
"US-Esm",2024,1,"Freshwater","WUE_ET_minus_WUE_T",0.257427909723911,-1.7081403478992,-0.824969107537354,-1.57613483455514,0.751165727017789
"US-Esm",2024,2,"Freshwater","WUE_ET_minus_WUE_T",0.208702578713567,-1.98882883813185,-1.06699706768477,-1.90008234093446,0.833085273249695
"US-Esm",2024,3,"Freshwater","WUE_ET_minus_WUE_T",0.206642781770048,-2.00069456140707,-0.913510332466988,-1.91567563128691,1.00216529881992
"US-Esm",2024,4,"Freshwater","WUE_ET_minus_WUE_T",0.221600325503447,-1.91452972104456,-0.630944572879795,-1.8061826086469,1.1752380357671
"US-Esm",2024,5,"Freshwater","WUE_ET_minus_WUE_T",0.180887486010692,-2.149061230905,-1.28533437873031,-2.09761468046422,0.812280301733909
"US-Fo1",2013,8,"Freshwater","WUE_ET_minus_WUE_T",0.372176245309623,-1.04711791040308,-8.88662973929734,-7.40575875406558,-1.48087098523176
"US-Fo1",2014,6,"Freshwater","WUE_ET_minus_WUE_T",0.645913791539289,0.529782173762268,-1.35939640822735,-5.51796464115046,4.15856823292312
"US-Fo1",2014,7,"Freshwater","WUE_ET_minus_WUE_T",0.302352876893375,-1.44934433877879,-13.2318196040439,-7.83710341767861,-5.39471618636533
"US-Fo1",2014,8,"Freshwater","WUE_ET_minus_WUE_T",0.231463106032404,-1.85771391458896,-32.851643289637,-8.32401355141645,-24.5276297382206
"US-Fo1",2024,6,"Freshwater","WUE_ET_minus_WUE_T",0.315388775608287,-1.37424937988897,-4.7858696004631,-7.67487893559441,2.88900933513131
"US-Fo1",2024,7,"Freshwater","WUE_ET_minus_WUE_T",0.429877396508138,-0.714723061999505,-4.46245224003314,-7.00491388287317,2.54246164284003
"US-Fo1",2024,8,"Freshwater","WUE_ET_minus_WUE_T",0.268809423285451,-1.642575685907,-10.2474230000328,-8.0803018756117,-2.16712112442106
"US-Fo2",2023,7,"Freshwater","WUE_ET_minus_WUE_T",0.121961995817889,-2.48850904040117,-33.7927828910234,-8.90920210613814,-24.8835807848852
"US-Fo2",2024,6,"Freshwater","WUE_ET_minus_WUE_T",0.421262494001323,-0.764350307787247,-2.38503578611088,-6.878894493197,4.49385870708612
"US-Fo2",2024,7,"Freshwater","WUE_ET_minus_WUE_T",0.516354259337552,-0.21656205284204,-2.31002615403614,-6.33550792324081,4.02548176920467
"US-Fo2",2024,8,"Freshwater","WUE_ET_minus_WUE_T",0.306046756391161,-1.4280652743202,-7.37492082828734,-7.73221938740737,0.35729855912003
"US-GCE",2014,2,"Saline","WUE_ET_minus_WUE_T",0.466009527701164,-0.506579307136033,-0.264553737940475,-1.93952959964709,1.67497586170662
"US-GCE",2014,3,"Saline","WUE_ET_minus_WUE_T",0.422451459226486,-0.757501121808,-0.872325412014764,-2.30832150355706,1.4359960915423
"US-GCE",2014,4,"Saline","WUE_ET_minus_WUE_T",0.699348210187347,0.837597964559023,-0.355864215802499,0.0342790690196865,-0.390143284822185
"US-GCE",2014,5,"Saline","WUE_ET_minus_WUE_T",0.659184408657922,0.606229257984101,-0.371822499660829,-0.329542133837268,-0.0422803658235612
"US-GCE",2014,6,"Saline","WUE_ET_minus_WUE_T",0.620156559473059,0.381404349921371,-0.420404741722037,-0.595966256705165,0.175561514983128
"US-GCE",2014,7,"Saline","WUE_ET_minus_WUE_T",0.655353130371713,0.584158690262583,-0.302967113024324,-0.376862846461857,0.0738957334375336
"US-GCE",2014,8,"Saline","WUE_ET_minus_WUE_T",0.595487085697414,0.239292696591609,-0.389119688994088,-0.905075067310271,0.515955378316184
"US-GCE",2014,9,"Saline","WUE_ET_minus_WUE_T",0.606293208046636,0.301542744042877,-0.528207365485838,-0.741626313258982,0.213418947773144
"US-GCE",2014,10,"Saline","WUE_ET_minus_WUE_T",0.727827866278422,1.00165865957723,-0.195371416302064,0.279744134858495,-0.475115551160559
"US-GCE",2015,2,"Saline","WUE_ET_minus_WUE_T",0.431004267364647,-0.708231578558713,-1.15195411985458,-2.23417853007894,1.08222441022436
"US-GCE",2015,3,"Saline","WUE_ET_minus_WUE_T",0.566197547534567,0.0705665724982543,-0.542622268890625,-1.09837103421134,0.555748765320716
"US-GCE",2015,4,"Saline","WUE_ET_minus_WUE_T",0.614086172177814,0.346435108877771,-0.584775402824018,-0.68339501951555,0.0986196166915319
"US-GCE",2015,5,"Saline","WUE_ET_minus_WUE_T",0.715644951970405,0.931477426267078,-0.284599022108336,0.145701830603976,-0.430300852712312
"US-GCE",2015,6,"Saline","WUE_ET_minus_WUE_T",0.734877404416139,1.04226842406078,-0.331569515569253,0.369670734300271,-0.701240249869524
"US-GCE",2015,7,"Saline","WUE_ET_minus_WUE_T",0.54102527830297,-0.0744414982493161,-0.923098401394487,-1.33919190805961,0.416093506665125
"US-GCE",2015,8,"Saline","WUE_ET_minus_WUE_T",0.590417136672961,0.210086607936652,-0.454658945833596,-0.947750226501723,0.493091280668127
"US-GCE",2015,9,"Saline","WUE_ET_minus_WUE_T",0.590968701032301,0.213263964848941,-0.525071048363461,-0.870616915178862,0.3455458668154
"US-GCE",2016,4,"Saline","WUE_ET_minus_WUE_T",0.702296391576419,0.854581339856255,-0.427283505729831,0.0590947248570711,-0.486378230586902
"US-GCE",2016,8,"Saline","WUE_ET_minus_WUE_T",0.638564234013745,0.487444109290521,-0.297598818351622,-0.54248282958821,0.244884011236588
"US-GCE",2016,9,"Saline","WUE_ET_minus_WUE_T",0.654375455464146,0.578526669134087,-0.283040127309191,-0.336904776034778,0.0538646487255869
"US-GCE",2016,10,"Saline","WUE_ET_minus_WUE_T",0.513587978201775,-0.232497568506278,-0.287383918518625,-1.52357208878265,1.23618817026402
"US-GCE",2017,2,"Saline","WUE_ET_minus_WUE_T",0.532046524227184,-0.126164757454422,-0.641531552279174,-1.38367798739596,0.74214643511679
"US-GCE",2017,3,"Saline","WUE_ET_minus_WUE_T",0.558243305983175,0.0247451484933145,-0.496965001698317,-1.16532407906755,0.668359077369236
"US-GCE",2017,4,"Saline","WUE_ET_minus_WUE_T",0.691228745086774,0.790824749204311,-0.295141976584394,-0.0340647080173535,-0.26107726856704
"US-GCE",2017,5,"Saline","WUE_ET_minus_WUE_T",0.672483452989193,0.68284010079375,-0.325363901492992,-0.217600409927648,-0.107763491565344
"US-HB1",2018,5,"Saline","WUE_ET_minus_WUE_T",0.623081533943488,0.398254038800845,-0.640724299317074,-0.711434800244137,0.0707105009270628
"US-HB1",2018,6,"Saline","WUE_ET_minus_WUE_T",0.611784900486746,0.3331783394893,-0.731216114092403,-0.744437632274164,0.0132215181817615
"US-HB1",2018,7,"Saline","WUE_ET_minus_WUE_T",0.571186036043721,0.0993033974544618,-0.849003555526141,-1.16332530509514,0.314321749568996
"US-HB1",2018,8,"Saline","WUE_ET_minus_WUE_T",0.564653556995179,0.0616722178689925,-0.867251608143548,-1.24261419508768,0.375362586944135
"US-HB1",2018,9,"Saline","WUE_ET_minus_WUE_T",0.598094970165153,0.254315748026512,-0.768388762716511,-0.888637955560427,0.120249192843916
"US-HB1",2018,10,"Saline","WUE_ET_minus_WUE_T",0.585145693967943,0.179719789209339,-0.793050923308992,-0.999255873158194,0.206204949849203
"US-HB1",2019,4,"Saline","WUE_ET_minus_WUE_T",0.598088944084138,0.254281034017451,-0.743218729309623,-0.896052913334049,0.152834184024426
"US-HB1",2019,5,"Saline","WUE_ET_minus_WUE_T",0.651040184442145,0.559313414585167,-0.591546283321788,-0.47609912821791,-0.115447155103878
"US-HB1",2019,6,"Saline","WUE_ET_minus_WUE_T",0.665732730872899,0.643951704152576,-0.498259341887684,-0.290343865520584,-0.207915476367101
"US-HB1",2019,7,"Saline","WUE_ET_minus_WUE_T",0.607063209452321,0.305978435449319,-0.568629953462517,-0.861337241868706,0.292707288406189
"US-HB1",2019,8,"Saline","WUE_ET_minus_WUE_T",0.524226620572654,-0.171212310853061,-0.857772458923512,-1.58289886839169,0.725126409468178
"US-HB1",2019,9,"Saline","WUE_ET_minus_WUE_T",0.494601629620233,-0.341870853569284,-0.970201776295233,-1.75976994558789,0.789568169292662
"US-HB1",2020,4,"Saline","WUE_ET_minus_WUE_T",0.642138210145885,0.508032455102782,-0.464432424003263,-0.525278092446291,0.0608456684430274
"US-HB1",2020,5,"Saline","WUE_ET_minus_WUE_T",0.674901047750679,0.696766964080771,-0.502898811575398,-0.27525566110889,-0.227643150466509
"US-HB1",2020,6,"Saline","WUE_ET_minus_WUE_T",0.538832118823876,-0.0870754734376149,-1.08439357943426,-1.35850131534207,0.274107735907815
"US-HB1",2020,8,"Saline","WUE_ET_minus_WUE_T",0.507271831546508,-0.268882537720306,-1.32672728576117,-1.72561200362411,0.398884717862943
"US-HB1",2020,9,"Saline","WUE_ET_minus_WUE_T",0.39833411898728,-0.896432139408121,-1.77165501128309,-2.57008013241847,0.798425121135385
"US-HB1",2020,10,"Saline","WUE_ET_minus_WUE_T",0.524898111193784,-0.167344103398288,-0.750078585211385,-1.50637639318448,0.756297807973091
"US-HB1",2021,4,"Saline","WUE_ET_minus_WUE_T",0.645773157501323,0.52897203343128,-0.501686871927409,-0.494681738065272,-0.00700513386213653
"US-HB1",2021,5,"Saline","WUE_ET_minus_WUE_T",0.624043482473024,0.403795466120848,-0.699914416164265,-0.703337814173088,0.00342339800882319
"US-HB1",2021,6,"Saline","WUE_ET_minus_WUE_T",0.584450766632023,0.175716571566768,-1.05547294391277,-0.974516575471545,-0.0809563684412277
"US-HB1",2021,9,"Saline","WUE_ET_minus_WUE_T",0.465985224310015,-0.50671930992365,-1.52202424735194,-2.0006421212667,0.47861787391476
"US-HB1",2022,4,"Saline","WUE_ET_minus_WUE_T",0.64056113424534,0.498947508026444,-0.618707842496598,-0.538552775246477,-0.0801550672501214
"US-HB1",2022,5,"Saline","WUE_ET_minus_WUE_T",0.646192122915457,0.531385537190304,-0.620748858714115,-0.516906599145821,-0.103842259568293
"US-HB1",2022,6,"Saline","WUE_ET_minus_WUE_T",0.668759816854563,0.661389619429488,-0.603822345552213,-0.264864047966069,-0.338958297586144
"US-HB1",2022,7,"Saline","WUE_ET_minus_WUE_T",0.473455285669316,-0.463687067732369,-1.41054244084003,-1.98595198437969,0.57540954353966
"US-HB1",2022,8,"Saline","WUE_ET_minus_WUE_T",0.508474452803804,-0.261954684424443,-1.19308290051436,-1.71548920882783,0.522406308313476
"US-HB1",2022,9,"Saline","WUE_ET_minus_WUE_T",0.600006227322673,0.265325788899846,-0.600980911749766,-0.872550376955677,0.271569465205911
"US-HB1",2022,10,"Saline","WUE_ET_minus_WUE_T",0.535600387595069,-0.105692273788525,-1.11466195129044,-1.41629238111002,0.30163042981958
"US-HB1",2023,4,"Saline","WUE_ET_minus_WUE_T",0.583651014302778,0.171109496166742,-0.653227938857576,-1.01758095017285,0.364353011315273
"US-HB1",2023,5,"Saline","WUE_ET_minus_WUE_T",0.641677933135684,0.505380970620214,-0.646498581258128,-0.55490377950071,-0.0915948017574184
"US-HB1",2023,6,"Saline","WUE_ET_minus_WUE_T",0.564842277933607,0.0627593689295216,-0.907834078125148,-1.13956663271526,0.231732554590109
"US-HB1",2023,7,"Saline","WUE_ET_minus_WUE_T",0.618791327630985,0.373539757590783,-0.653810226659422,-0.762618436634833,0.10880820997541
"US-HB1",2023,8,"Saline","WUE_ET_minus_WUE_T",0.622403971661645,0.394350854769344,-0.662206616052415,-0.756513027723455,0.0943064116710397
"US-HB1",2023,9,"Saline","WUE_ET_minus_WUE_T",0.651251286338486,0.560529494011218,-0.51217010059076,-0.441206582229639,-0.0709635183611211
"US-HB1",2023,10,"Saline","WUE_ET_minus_WUE_T",0.556691688925731,0.0158068603330842,-0.971494122714708,-1.23876108099246,0.267266958277748
"US-HB1",2024,4,"Saline","WUE_ET_minus_WUE_T",0.619534606120788,0.377821508228474,-0.571893173090105,-0.715538861424258,0.143645688334153
"US-HB1",2024,5,"Saline","WUE_ET_minus_WUE_T",0.611499512201244,0.331534323834064,-0.723538786659151,-0.808923871480397,0.0853850848212461
"US-HB1",2024,6,"Saline","WUE_ET_minus_WUE_T",0.645405406493325,0.526853556797544,-0.545308296655677,-0.461444560941911,-0.0838637357137652
"US-HB1",2024,7,"Saline","WUE_ET_minus_WUE_T",0.592162347572255,0.220140118139725,-0.822875552640109,-0.98676190585539,0.163886353215281
"US-HB1",2024,8,"Saline","WUE_ET_minus_WUE_T",0.468947219171924,-0.48965636035252,-1.27553362149929,-2.04820083561192,0.772667214112631
"US-HB1",2024,9,"Saline","WUE_ET_minus_WUE_T",0.485393979675431,-0.394912696651863,-0.973233432279729,-1.83727327457176,0.86403984229203
"US-HB1",2024,10,"Saline","WUE_ET_minus_WUE_T",0.492139253357886,-0.356055686409441,-1.2793965471953,-1.78211673422823,0.502720187032931
"US-HB2",2019,3,"Upland","WUE_ET_minus_WUE_T",0.569377024763323,0.0888823570104063,-2.28026059501598,-2.37485384044788,0.0945932454318994
"US-HB2",2019,4,"Upland","WUE_ET_minus_WUE_T",0.64458851652236,0.522147757824366,-1.61067307873714,-1.41192244944752,-0.198750629289618
"US-HB2",2019,5,"Upland","WUE_ET_minus_WUE_T",0.68194953409974,0.737370669601488,-1.37821972322452,-0.965244871647127,-0.412974851577389
"US-HB2",2019,6,"Upland","WUE_ET_minus_WUE_T",0.676044649059891,0.703354825430398,-1.10213355299511,-0.977827924833771,-0.124305628161337
"US-HB2",2019,7,"Upland","WUE_ET_minus_WUE_T",0.717358389838524,0.941347903867481,-0.950096995487845,-0.532572701948889,-0.417524293538956
"US-HB2",2019,8,"Upland","WUE_ET_minus_WUE_T",0.703234627940242,0.859986170218248,-1.07337813797777,-0.735470474751127,-0.33790766322664
"US-HB2",2019,9,"Upland","WUE_ET_minus_WUE_T",0.685254039309931,0.756406693763487,-1.32808021863988,-0.890343855765291,-0.43773636287459
"US-HB2",2019,10,"Upland","WUE_ET_minus_WUE_T",0.599372006366327,0.261672278107421,-1.85602075191572,-1.97793996609295,0.121919214177229
"US-HB2",2020,3,"Upland","WUE_ET_minus_WUE_T",0.54406631472903,-0.0569232196563597,-2.04988567611663,-2.69490703652995,0.645021360413321
"US-HB2",2020,4,"Upland","WUE_ET_minus_WUE_T",0.579858472771398,0.149262076467091,-1.57365613297824,-2.23043197987783,0.656775846899589
"US-HB2",2020,5,"Upland","WUE_ET_minus_WUE_T",0.634094778252584,0.461697238746009,-1.46695166862638,-1.57036687477772,0.103415206151334
"US-HB2",2020,6,"Upland","WUE_ET_minus_WUE_T",0.646430586677394,0.532759238136509,-1.13194620784194,-1.35229688685222,0.220350679010288
"US-HB2",2020,7,"Upland","WUE_ET_minus_WUE_T",0.689127324943835,0.778719250174642,-0.920877491700051,-0.889553700747548,-0.0313237909525028
"US-HB2",2020,8,"Upland","WUE_ET_minus_WUE_T",0.639813139909354,0.494638591154725,-1.20227989461785,-1.53743335596086,0.335153461343004
"US-HB2",2020,10,"Upland","WUE_ET_minus_WUE_T",0.639454539322482,0.492572826690152,-1.59633218418293,-1.4710974965494,-0.125234687633533
"US-HB2",2021,3,"Upland","WUE_ET_minus_WUE_T",0.495642376953811,-0.335875495678057,-2.9401592726255,-3.30722632867305,0.367067056047546
"US-HB2",2021,4,"Upland","WUE_ET_minus_WUE_T",0.516763653834553,-0.214203683573124,-2.34256119994385,-3.02826413984474,0.685702939900894
"US-HB2",2021,5,"Upland","WUE_ET_minus_WUE_T",0.509470234115447,-0.256218359043552,-2.6232009442817,-3.14624062969485,0.523039685413154
"US-HB2",2021,6,"Upland","WUE_ET_minus_WUE_T",0.611237306667086,0.330023855377772,-1.59744657667821,-1.79731489435375,0.199868317675541
"US-HB2",2021,7,"Upland","WUE_ET_minus_WUE_T",0.697567009284469,0.82733712934533,-1.10815073826139,-0.78283413644122,-0.32531660182017
"US-HB2",2021,8,"Upland","WUE_ET_minus_WUE_T",0.60544190214776,0.296638687722952,-1.80706693586553,-1.97205666301111,0.164989727145582
"US-HB2",2021,9,"Upland","WUE_ET_minus_WUE_T",0.502276819741189,-0.297656940956924,-2.54609073999866,-3.20408550322754,0.657994763228879
"US-HB2",2021,10,"Upland","WUE_ET_minus_WUE_T",0.60201939006465,0.276922869903117,-1.82715371522124,-1.94446387582302,0.117310160601787
"US-HB2",2022,3,"Upland","WUE_ET_minus_WUE_T",0.584031077081985,0.173298896330419,-1.1893455011896,-2.18955377285647,1.00020827166686
"US-HB2",2022,4,"Upland","WUE_ET_minus_WUE_T",0.649963955182359,0.553113658527904,-1.17337760311113,-1.3439501831166,0.170572580005466
"US-HB2",2022,5,"Upland","WUE_ET_minus_WUE_T",0.709558973766981,0.896418371806367,-1.02071645315176,-0.616124305864387,-0.40459214728737
"US-HB2",2022,6,"Upland","WUE_ET_minus_WUE_T",0.644866663153671,0.523750057006065,-1.30660097797968,-1.37207265456151,0.0654716765818302
"US-HB2",2022,7,"Upland","WUE_ET_minus_WUE_T",0.641374480758857,0.503632894460585,-1.22923806104951,-1.49338703385846,0.26414897280895
"US-HB2",2022,8,"Upland","WUE_ET_minus_WUE_T",0.558546070884954,0.026489264365157,-1.9899364097107,-2.56505309251665,0.575116682805958
"US-HB2",2022,9,"Upland","WUE_ET_minus_WUE_T",0.654920135926523,0.58166437047903,-1.11759549789466,-1.27391518641346,0.156319688518807
"US-HB2",2022,10,"Upland","WUE_ET_minus_WUE_T",0.575475900613354,0.12401571001109,-1.43936861851962,-2.28010553196572,0.840736913446106
"US-HB2",2023,3,"Upland","WUE_ET_minus_WUE_T",0.737118669056768,1.05517951517387,-0.825839114073566,-0.253765601538803,-0.572073512534764
"US-HB2",2023,4,"Upland","WUE_ET_minus_WUE_T",0.704557470816532,0.867606575499481,-0.818051366210725,-0.653616757448201,-0.164434608762525
"US-HB2",2023,5,"Upland","WUE_ET_minus_WUE_T",0.710967843259371,0.904534344392981,-0.958201972518152,-0.598309191895208,-0.359892780622944
"US-HB2",2023,6,"Upland","WUE_ET_minus_WUE_T",0.707505919459608,0.884591490347526,-0.824148301109662,-0.580001070881878,-0.244147230227784
"US-HB2",2023,7,"Upland","WUE_ET_minus_WUE_T",0.684713458219064,0.753292607371517,-0.847974230803417,-0.94536691777817,0.0973926869747528
"US-HB2",2023,8,"Upland","WUE_ET_minus_WUE_T",0.703564655758037,0.861887337598562,-0.751982319436343,-0.731297282543623,-0.0206850368927197
"US-HB2",2023,9,"Upland","WUE_ET_minus_WUE_T",0.710375274074319,0.901120773946936,-0.817720429822888,-0.572686568989193,-0.245033860833695
"US-HB2",2023,10,"Upland","WUE_ET_minus_WUE_T",0.680122160385449,0.72684385001259,-0.869959796509709,-0.956856604823255,0.0868968083135462
"US-HB2",2024,3,"Upland","WUE_ET_minus_WUE_T",0.658980527184531,0.605054772726314,-1.18888147875411,-1.24182014478313,0.0529386660290201
"US-HB2",2024,4,"Upland","WUE_ET_minus_WUE_T",0.63527934699362,0.468521098217127,-1.44428451693065,-1.52963662880109,0.0853521118704412
"US-HB2",2024,5,"Upland","WUE_ET_minus_WUE_T",0.605532423518073,0.297160147633843,-1.56696235199049,-1.9315370240159,0.364574672025409
"US-HB2",2024,6,"Upland","WUE_ET_minus_WUE_T",0.66038831089059,0.613164490502143,-1.2342532170111,-1.17580186800792,-0.0584513490031868
"US-HB2",2024,7,"Upland","WUE_ET_minus_WUE_T",0.659130074102486,0.605916256840415,-1.24220910244063,-1.26886806974159,0.0266589673009634
"US-HB2",2024,8,"Upland","WUE_ET_minus_WUE_T",0.657177806529483,0.594669970232738,-1.25632714633388,-1.31785764895217,0.0615305026182913
"US-HB2",2024,9,"Upland","WUE_ET_minus_WUE_T",0.683980718717896,0.749071567923409,-1.23213430742964,-0.906444957811247,-0.325689349618393
"US-HB2",2024,10,"Upland","WUE_ET_minus_WUE_T",0.694920040586535,0.812088928212362,-1.10627790151266,-0.769737837819873,-0.336540063692789
"US-HB3",2019,4,"Upland","WUE_ET_minus_WUE_T",0.584755577236518,0.177472471970286,-1.75507122160745,-2.47047858289953,0.71540736129208
"US-HB3",2019,5,"Upland","WUE_ET_minus_WUE_T",0.627556071095279,0.424030181344845,-1.95005552378233,-1.9550189848986,0.00496346111626833
"US-HB3",2019,6,"Upland","WUE_ET_minus_WUE_T",0.695748907511648,0.816863721959054,-1.09149273928649,-1.03063849410211,-0.0608542451843883
"US-HB3",2019,7,"Upland","WUE_ET_minus_WUE_T",0.749289832868976,1.12529305825267,-0.923438609743917,-0.430770875982389,-0.492667733761528
"US-HB3",2019,8,"Upland","WUE_ET_minus_WUE_T",0.723338706283063,0.975798280275897,-1.11592005558823,-0.783225333064743,-0.332694722523486
"US-HB3",2019,9,"Upland","WUE_ET_minus_WUE_T",0.786842063998584,1.34161748011037,-0.731967288045987,0.0922634299316157,-0.824230717977603
"US-HB3",2019,10,"Upland","WUE_ET_minus_WUE_T",0.628922056190538,0.431899112886573,-1.5645897586521,-1.90625078831976,0.341661029667658
"US-HB3",2020,4,"Upland","WUE_ET_minus_WUE_T",0.61201844200133,0.334523685201192,-1.67768215290742,-2.12574044673074,0.448058293823318
"US-HB3",2020,5,"Upland","WUE_ET_minus_WUE_T",0.641651265923799,0.505227350741442,-1.59575039829421,-1.7767856541009,0.181035255806681
"US-HB3",2020,6,"Upland","WUE_ET_minus_WUE_T",0.691840505879109,0.794348875354374,-1.25704521090137,-1.08006011966581,-0.17698509123555
"US-HB3",2020,7,"Upland","WUE_ET_minus_WUE_T",0.75166282344032,1.1389629734076,-0.856907930608938,-0.400764478864241,-0.456143451744698
"US-HB3",2020,8,"Upland","WUE_ET_minus_WUE_T",0.729575035807572,1.01172345271765,-1.10298459718288,-0.704367126659786,-0.398617470523096
"US-HB3",2020,10,"Upland","WUE_ET_minus_WUE_T",0.711385031931813,0.906937613004643,-1.28142825004179,-0.863508845929615,-0.417919404112179
"US-HB3",2021,5,"Upland","WUE_ET_minus_WUE_T",0.551971665238745,-0.0113834387391024,-2.45592220036203,-2.91078161011027,0.454859409748234
"US-HB3",2021,6,"Upland","WUE_ET_minus_WUE_T",0.68988369328835,0.783076406591631,-1.24934500216413,-1.10480395826052,-0.144541043903603
"US-HB3",2021,7,"Upland","WUE_ET_minus_WUE_T",0.569620880538464,0.0902871193370944,-2.07530423834597,-2.70267957993359,0.627375341587623
"US-HB3",2021,8,"Upland","WUE_ET_minus_WUE_T",0.650719654221816,0.557466959327656,-1.41376451686667,-1.70149114533003,0.287726628463362
"US-HB3",2021,9,"Upland","WUE_ET_minus_WUE_T",0.674164620019138,0.692524678110715,-1.20250779484689,-1.33253958915074,0.130031794303851
"US-HB3",2021,10,"Upland","WUE_ET_minus_WUE_T",0.692037444393723,0.795483364811691,-1.11138401931607,-1.1081585305751,-0.00322548874096373
"US-HB3",2022,4,"Upland","WUE_ET_minus_WUE_T",0.683075361066948,0.743856139584682,-1.21584853663905,-1.22722776099878,0.0113792243597364
"US-HB3",2022,5,"Upland","WUE_ET_minus_WUE_T",0.711314879349152,0.90653349009558,-1.14918013280235,-0.895891277878304,-0.253288854924042
"US-HB3",2022,6,"Upland","WUE_ET_minus_WUE_T",0.688003543266411,0.772245562344374,-1.2620341917188,-1.12857840089055,-0.133455790828253
"US-HB3",2022,7,"Upland","WUE_ET_minus_WUE_T",0.596650655847125,0.245995590996432,-1.62172871001639,-2.36088885319396,0.739160143177569
"US-HB3",2022,8,"Upland","WUE_ET_minus_WUE_T",0.595671041787926,0.240352399137373,-1.89761272499054,-2.39757925686378,0.499966531873243
"US-HB3",2022,9,"Upland","WUE_ET_minus_WUE_T",0.710742859954965,0.903238299343481,-1.048318728742,-0.87000880346136,-0.178309925280644
"US-HB3",2022,10,"Upland","WUE_ET_minus_WUE_T",0.543776316435981,-0.0585937918486483,-2.53936684540406,-2.98291620403884,0.443549358634778
"US-HB3",2023,4,"Upland","WUE_ET_minus_WUE_T",0.648021838461282,0.541925847198744,-1.49147657210908,-1.67047854016213,0.179001968053055
"US-HB3",2023,5,"Upland","WUE_ET_minus_WUE_T",0.663479266863554,0.630970337018462,-1.39915246788716,-1.50077121375586,0.101618745868699
"US-HB3",2023,6,"Upland","WUE_ET_minus_WUE_T",0.683749765094634,0.747741130089885,-1.2548302012611,-1.18236730280032,-0.0724628984607802
"US-HB3",2023,7,"Upland","WUE_ET_minus_WUE_T",0.718394894301557,0.947318820161233,-0.932688451751642,-0.821436480300249,-0.111251971451393
"US-HB3",2023,8,"Upland","WUE_ET_minus_WUE_T",0.738998720290372,1.06600979033831,-0.773495118917132,-0.585204909025333,-0.1882902098918
"US-HB3",2023,9,"Upland","WUE_ET_minus_WUE_T",0.730674513719209,1.01805713560214,-0.928148877988659,-0.617973618284639,-0.31017525970402
"US-HB3",2023,10,"Upland","WUE_ET_minus_WUE_T",0.712073273815296,0.910902318244895,-1.20046420825654,-0.854806047225514,-0.34565816103103
"US-HB3",2024,4,"Upland","WUE_ET_minus_WUE_T",0.696976806885933,0.823937193075187,-1.42599284117002,-1.051444380821,-0.374548460349019
"US-HB3",2024,5,"Upland","WUE_ET_minus_WUE_T",0.656869731606334,0.592895265304846,-1.5551949211431,-1.58434859585316,0.0291536747100631
"US-HB3",2024,6,"Upland","WUE_ET_minus_WUE_T",0.752028224702947,1.14106791403313,-0.912303248739744,-0.318988156518267,-0.593315092221477
"US-HB3",2024,7,"Upland","WUE_ET_minus_WUE_T",0.73932146972905,1.06786902968645,-0.946776134868756,-0.556820539477299,-0.389955595391457
"US-HB3",2024,8,"Upland","WUE_ET_minus_WUE_T",0.712990584527083,0.916186603716675,-1.06674466705696,-0.914077033272297,-0.152667633784666
"US-HB3",2024,9,"Upland","WUE_ET_minus_WUE_T",0.76680817110089,1.22620968227021,-0.898576066854144,-0.161064566129551,-0.737511500724593
"US-KPL",2021,6,"Freshwater","WUE_ET_minus_WUE_T",0.44290360855021,-0.639683904425315,-1.9428416958499,-2.77764892642741,0.834807230577513
"US-KPL",2021,7,"Freshwater","WUE_ET_minus_WUE_T",0.440518194740646,-0.653425385230126,-4.53162460677911,-2.87037130722466,-1.66125329955445
"US-KPL",2021,8,"Freshwater","WUE_ET_minus_WUE_T",0.476833712356478,-0.444225209464444,-2.7423331608924,-2.65768955529454,-0.0846436055978539
"US-KPL",2022,6,"Freshwater","WUE_ET_minus_WUE_T",0.464594503067208,-0.514730737201492,-1.97277269481999,-2.63610018370606,0.663327488886072
"US-KPL",2022,7,"Freshwater","WUE_ET_minus_WUE_T",0.374136089963214,-1.03582797505527,-4.01837831168794,-3.30356245400191,-0.714815857686029
"US-KPL",2023,6,"Freshwater","WUE_ET_minus_WUE_T",0.373335200691181,-1.04044159995939,-3.3170223244308,-3.23163300061371,-0.0853893238170875
"US-KPL",2023,7,"Freshwater","WUE_ET_minus_WUE_T",0.34785800549077,-1.18720623568136,-7.03078487463805,-3.47504592211269,-3.55573895252536
"US-KPL",2023,8,"Freshwater","WUE_ET_minus_WUE_T",0.439932686258134,-0.656798281597724,-4.00056497757834,-2.89849538491375,-1.10206959266458
"US-KPL",2024,6,"Freshwater","WUE_ET_minus_WUE_T",0.431433549355495,-0.705758644842377,-2.26172120462243,-2.85249934150269,0.590778136880268
"US-KPL",2024,8,"Freshwater","WUE_ET_minus_WUE_T",0.512964680497779,-0.236088154508922,-2.2891401919054,-2.42190890965548,0.132768717750084
"US-KS1",2002,4,"Upland","WUE_ET_minus_WUE_T",0.651418805507525,0.561494509572273,-1.27116213878529,-1.35358086395665,0.0824187251713584
"US-KS1",2002,5,"Upland","WUE_ET_minus_WUE_T",0.638447052341882,0.486769069308726,-1.1286494471829,-1.54335971594997,0.414710268767069
"US-KS1",2002,6,"Upland","WUE_ET_minus_WUE_T",0.512308696013301,-0.239867036883781,-3.11863186321809,-3.07629153493029,-0.0423403282878065
"US-KS1",2002,7,"Upland","WUE_ET_minus_WUE_T",0.5918093787731,0.218106796307327,-1.9805837758708,-2.14816353553645,0.167579759665655
"US-KS1",2002,8,"Upland","WUE_ET_minus_WUE_T",0.633768751356139,0.459819119183948,-1.06955998919693,-1.64189169544647,0.57233170624954
"US-KS1",2002,9,"Upland","WUE_ET_minus_WUE_T",0.738364059064097,1.06235374331474,-0.646122175701927,-0.246796413687722,-0.399325762014205
"US-KS1",2002,11,"Upland","WUE_ET_minus_WUE_T",0.677471557403971,0.711574713125264,-1.34096003786055,-1.0356044118565,-0.305355626004054
"US-KS2",2000,4,"Upland","WUE_ET_minus_WUE_T",0.759744534051473,1.18551869920575,-0.853012592463938,-0.428585659959689,-0.42442693250425
"US-KS2",2000,5,"Upland","WUE_ET_minus_WUE_T",0.737394607792999,1.05676909549407,-1.27878418804359,-0.736951239378066,-0.54183294866552
"US-KS2",2000,6,"Upland","WUE_ET_minus_WUE_T",0.667175932406349,0.652265450845025,-1.38083388916886,-1.56278031074264,0.181946421573786
"US-KS2",2000,7,"Upland","WUE_ET_minus_WUE_T",0.831414157606738,1.59838071602815,-0.513295498961798,0.436851461145325,-0.950146960107123
"US-KS2",2000,8,"Upland","WUE_ET_minus_WUE_T",0.687795771050821,0.771048663969404,-1.09475426922153,-1.40350209385225,0.308747824630715
"US-KS2",2000,9,"Upland","WUE_ET_minus_WUE_T",0.789352289029367,1.35607795189013,-0.534598491660779,-0.0468322203021957,-0.487766271358583
"US-KS2",2001,4,"Upland","WUE_ET_minus_WUE_T",0.621583811344111,0.389626216547218,-1.2931602056825,-2.17562400126213,0.882463795579636
"US-KS2",2001,5,"Upland","WUE_ET_minus_WUE_T",0.798072422785593,1.40631139572538,-0.645560672062931,0.0303179756437014,-0.675878647706633
"US-KS2",2001,6,"Upland","WUE_ET_minus_WUE_T",0.843413084301172,1.66750206519986,-0.342684539624206,0.66573337598977,-1.00841791561398
"US-KS2",2001,7,"Upland","WUE_ET_minus_WUE_T",0.695802255444786,0.817171039539027,-1.23114464452093,-1.2779571181041,0.0468124735831732
"US-KS2",2001,8,"Upland","WUE_ET_minus_WUE_T",0.739476455496453,1.0687618449872,-0.912027735421355,-0.750001334287525,-0.16202640113383
"US-KS2",2001,9,"Upland","WUE_ET_minus_WUE_T",0.657393957574109,0.595915135922128,-1.39913009440625,-1.71544150367233,0.316311409266076
"US-KS2",2001,10,"Upland","WUE_ET_minus_WUE_T",0.625727467143426,0.413496274815404,-1.80981316143267,-2.11748364751413,0.307670486081456
"US-KS2",2002,4,"Upland","WUE_ET_minus_WUE_T",0.665600544249014,0.643190226228922,-1.72937872469189,-1.61903368719282,-0.110345037499075
"US-KS2",2002,5,"Upland","WUE_ET_minus_WUE_T",0.678499037643593,0.717493644227902,-1.44417350142528,-1.48168401992248,0.0375105184972047
"US-KS2",2002,6,"Upland","WUE_ET_minus_WUE_T",0.648455189398683,0.544422220601194,-1.9284648847075,-1.79950356443709,-0.128961320270411
"US-KS2",2002,7,"Upland","WUE_ET_minus_WUE_T",0.695691756824969,0.816534498131797,-1.52288170321184,-1.27935436995468,-0.243527333257157
"US-KS2",2002,8,"Upland","WUE_ET_minus_WUE_T",0.704579845863011,0.86773546981143,-1.24626641733172,-1.19126795345698,-0.0549984638747358
"US-KS2",2002,9,"Upland","WUE_ET_minus_WUE_T",0.763831698409801,1.20906333131565,-0.933333456803331,-0.369539350312661,-0.563794106490671
"US-KS2",2002,10,"Upland","WUE_ET_minus_WUE_T",0.721380695300874,0.964518908026323,-1.26732531664609,-0.907951344948172,-0.35937397169792
"US-KS2",2003,4,"Upland","WUE_ET_minus_WUE_T",0.756143068238976,1.16477199558008,-1.08946227486674,-0.47412609095938,-0.615336183907363
"US-KS2",2003,5,"Upland","WUE_ET_minus_WUE_T",0.755759284946485,1.16256116292462,-0.927852403224916,-0.50473042810786,-0.423121975117056
"US-KS2",2003,6,"Upland","WUE_ET_minus_WUE_T",0.756581086246712,1.16729525423706,-0.798950658723172,-0.432254727143952,-0.36669593157922
"US-KS2",2003,7,"Upland","WUE_ET_minus_WUE_T",0.849156877456311,1.70058991900186,-0.301489896382338,0.661207640302309,-0.962697536684648
"US-KS2",2003,8,"Upland","WUE_ET_minus_WUE_T",0.790145284556304,1.36064610386779,-0.469792138250288,-0.109295456800525,-0.360496681449763
"US-KS2",2003,9,"Upland","WUE_ET_minus_WUE_T",0.666423522248684,0.647931096068739,-1.39584326548573,-1.60126291961001,0.205419654124284
"US-KS2",2003,10,"Upland","WUE_ET_minus_WUE_T",0.703326747005385,0.860516833854196,-1.73218421162112,-1.13624299879916,-0.595941212821955
"US-KS2",2004,4,"Upland","WUE_ET_minus_WUE_T",0.715443176749789,0.930315074347314,-0.884576344485561,-0.988775041291417,0.104198696805856
"US-KS2",2004,5,"Upland","WUE_ET_minus_WUE_T",0.745357908950163,1.10264270851473,-0.751900671918969,-0.636255526643772,-0.115645145275198
"US-KS2",2004,6,"Upland","WUE_ET_minus_WUE_T",0.79129639484757,1.36727722166724,-0.378951944238779,0.00671934571396443,-0.385671289952743
"US-KS2",2004,7,"Upland","WUE_ET_minus_WUE_T",0.837067666165831,1.63094847388766,-0.305381211098198,0.508339913305039,-0.813721124403237
"US-KS2",2004,8,"Upland","WUE_ET_minus_WUE_T",0.763525706338802,1.2073006249235,-0.468351661349284,-0.44589925319046,-0.0224524081588239
"US-KS2",2004,9,"Upland","WUE_ET_minus_WUE_T",0.618736123071053,0.373221744675119,-0.927855112111768,-2.2042687024965,1.27641359038473
"US-KS2",2004,10,"Upland","WUE_ET_minus_WUE_T",0.714725668333113,0.926181775506035,-0.62533027338409,-0.992103968409087,0.366773695024997
"US-KS2",2005,4,"Upland","WUE_ET_minus_WUE_T",0.72337481944308,0.976006314744884,-0.834756094181443,-0.888479648916829,0.0537235547353858
"US-KS2",2005,5,"Upland","WUE_ET_minus_WUE_T",0.725974599726371,0.990982680990573,-0.8000570199602,-0.881356910971445,0.081299891011245
"US-KS2",2005,6,"Upland","WUE_ET_minus_WUE_T",0.778662120690002,1.29449587231694,-0.510612464198704,-0.153040685467607,-0.357571778731097
"US-KS2",2005,7,"Upland","WUE_ET_minus_WUE_T",0.789996220231236,1.35978739979163,-0.429332679613534,-0.0868771586443138,-0.34245552096922
"US-KS2",2005,8,"Upland","WUE_ET_minus_WUE_T",0.640070645564156,0.496121985355932,-0.671930400637333,-2.00698492482496,1.33505452418762
"US-KS2",2005,9,"Upland","WUE_ET_minus_WUE_T",0.732884696919307,1.03078917810877,-0.606837378960613,-0.760863288786497,0.154025909825885
"US-KS2",2005,10,"Upland","WUE_ET_minus_WUE_T",0.603643524853011,0.28627890571091,-0.942630504056073,-2.39673445883324,1.45410395477716
"US-KS2",2006,4,"Upland","WUE_ET_minus_WUE_T",0.772055026609331,1.2564348633125,-0.465416821852605,-0.272919837738638,-0.192496984113966
"US-KS2",2006,5,"Upland","WUE_ET_minus_WUE_T",0.741577569243733,1.08086557898555,-0.582527750173907,-0.684057812856983,0.101530062683076
"US-KS2",2006,6,"Upland","WUE_ET_minus_WUE_T",0.758189841848644,1.17656269627791,-0.46699496234209,-0.411912059102814,-0.0550829032392763
"US-KS2",2006,7,"Upland","WUE_ET_minus_WUE_T",0.764623297410295,1.21362343842444,-0.53962299303337,-0.407717033613564,-0.131905959419806
"US-KS2",2006,8,"Upland","WUE_ET_minus_WUE_T",0.778399905150784,1.29298534622522,-0.37307668554214,-0.257815439560381,-0.11526124598176
"US-KS3",2018,5,"Saline","WUE_ET_minus_WUE_T",0.617525998973829,0.366250670311931,-0.70409395789848,-1.2214585018276,0.517364543929119
"US-KS3",2018,6,"Saline","WUE_ET_minus_WUE_T",0.740803149645351,1.07640443601599,-0.386288884300785,-0.121716678443793,-0.264572205856992
"US-KS3",2018,7,"Saline","WUE_ET_minus_WUE_T",0.665306515390962,0.641496435452334,-0.838860091877975,-0.834348504301355,-0.0045115875766194
"US-KS3",2018,8,"Saline","WUE_ET_minus_WUE_T",0.726245720533288,0.992544507013839,-0.589519596833827,-0.345709620292015,-0.243809976541812
"US-KS3",2018,9,"Saline","WUE_ET_minus_WUE_T",0.719018742072736,0.950912574896117,-0.783557902149701,-0.334050449145981,-0.44950745300372
"US-KS3",2018,10,"Saline","WUE_ET_minus_WUE_T",0.542592227896394,-0.0654148850580077,-1.44298247712301,-1.82070136456879,0.377718887445783
"US-KS4",2017,4,"Saline","WUE_ET_minus_WUE_T",0.159606812187826,-2.27165126944585,-12.2613253554211,-6.27210339003959,-5.98922196538152
"US-KS4",2017,6,"Saline","WUE_ET_minus_WUE_T",0.320877434761484,-1.34263125807908,-4.56381851114943,-4.87831144386928,0.314492932719853
"US-KS4",2017,7,"Saline","WUE_ET_minus_WUE_T",0.193422691767115,-2.07685057772793,-8.39900993941693,-6.02828900063477,-2.37072093878216
"US-KS4",2017,8,"Saline","WUE_ET_minus_WUE_T",0.283323212813936,-1.55896714829768,-4.86917621009134,-5.29587473335093,0.426698523259589
"US-KS4",2017,9,"Saline","WUE_ET_minus_WUE_T",0.163019939141116,-2.25198951586458,-12.3430425592139,-6.23600992457203,-6.10703263464186
"US-KS4",2018,4,"Saline","WUE_ET_minus_WUE_T",0.171266848347673,-2.20448214246607,-6.72907636883957,-6.17395764993459,-0.555118718904975
"US-KS4",2018,5,"Saline","WUE_ET_minus_WUE_T",0.237701254822655,-1.82177826203463,-4.04329194524108,-5.64051233705919,1.59722039181811
"US-KS4",2018,7,"Saline","WUE_ET_minus_WUE_T",0.249202136078358,-1.75552596720009,-4.6756330663107,-5.55877803432879,0.883144968018095
"US-KS4",2018,8,"Saline","WUE_ET_minus_WUE_T",0.266294383528799,-1.65706389352985,-5.86915307728112,-5.439211085863,-0.429941991418117
"US-KS4",2018,9,"Saline","WUE_ET_minus_WUE_T",0.212416369076196,-1.96743507459425,-9.18131339346266,-5.82022655065608,-3.36108684280658
"US-KS4",2018,10,"Saline","WUE_ET_minus_WUE_T",0.236277530574212,-1.82997980734006,-7.95558810640499,-5.62100086213982,-2.33458724426517
"US-KS4",2019,3,"Saline","WUE_ET_minus_WUE_T",0.312457224297236,-1.39113695549854,-3.30099783682078,-4.99740357011838,1.6964057332976
"US-KS4",2019,4,"Saline","WUE_ET_minus_WUE_T",0.176693807579563,-2.17321945093033,-7.34100362751417,-6.1282774373665,-1.21272619014768
"US-KS4",2019,5,"Saline","WUE_ET_minus_WUE_T",0.213251570788384,-1.96262378849782,-6.70183558586928,-5.84631207060894,-0.855523515260335
"US-KS4",2019,6,"Saline","WUE_ET_minus_WUE_T",0.274734839861328,-1.60844156720129,-4.52034359985433,-5.26670639091379,0.746362791059464
"US-KS4",2019,7,"Saline","WUE_ET_minus_WUE_T",0.259638779632395,-1.69540434952124,-5.03527742440453,-5.47092992718909,0.435652502784565
"US-KS4",2019,8,"Saline","WUE_ET_minus_WUE_T",0.229704307732449,-1.86784569674829,-6.18518566093007,-5.74719984510009,-0.437985815829984
"US-KS4",2020,3,"Saline","WUE_ET_minus_WUE_T",0.162939433693491,-2.25245327777406,-12.8669343688206,-6.25593604947745,-6.61099831934311
"US-KS4",2020,4,"Saline","WUE_ET_minus_WUE_T",0.302101495629992,-1.4507924526413,-4.14906174548573,-5.07268634057803,0.923624595092296
"US-KS4",2020,5,"Saline","WUE_ET_minus_WUE_T",0.161438684746421,-2.26109853368996,-10.7818818549248,-6.28243542201638,-4.49944643290842
"US-KS4",2020,6,"Saline","WUE_ET_minus_WUE_T",0.267075571973044,-1.65256375775949,-5.61990905211524,-5.33117656109617,-0.288732491019069
"US-KS4",2020,7,"Saline","WUE_ET_minus_WUE_T",0.304782744643278,-1.43534677537505,-4.42021838387363,-5.09094072333697,0.670722339463336
"US-KS4",2020,10,"Saline","WUE_ET_minus_WUE_T",0.270283424533011,-1.63408451352911,-4.85665570174059,-5.33476387412672,0.47810817238613
"US-KS4",2021,4,"Saline","WUE_ET_minus_WUE_T",0.275525409878133,-1.60388738768441,-4.82240944595532,-5.29638458382982,0.473975137874502
"US-KS4",2021,5,"Saline","WUE_ET_minus_WUE_T",0.293034045140594,-1.50302665886123,-4.75539380609285,-5.17476098059857,0.41936717450572
"US-KS4",2021,6,"Saline","WUE_ET_minus_WUE_T",0.356085765378773,-1.13980917437726,-3.72129275885326,-4.58195321487896,0.860660456025698
"US-KS4",2021,9,"Saline","WUE_ET_minus_WUE_T",0.2889004008844,-1.52683904435705,-5.17921022745195,-5.17643936122349,-0.00277086622846401
"US-KS4",2022,3,"Saline","WUE_ET_minus_WUE_T",0.204933448458989,-2.01054139418248,-5.58523628843523,-5.90246084557259,0.317224557137355
"US-KS4",2022,4,"Saline","WUE_ET_minus_WUE_T",0.259015333379257,-1.69899579126019,-3.68309016841281,-5.43535445107194,1.75226428265913
"US-LA2",2012,3,"Freshwater","WUE_ET_minus_WUE_T",0.527669286620961,-0.151380393543572,-2.62228033096134,-2.13015340547828,-0.49212692548306
"US-LA2",2012,4,"Freshwater","WUE_ET_minus_WUE_T",0.662670794467422,0.626313028559811,-1.64365295778042,-1.2372868719775,-0.406366085802923
"US-LA2",2012,5,"Freshwater","WUE_ET_minus_WUE_T",0.626439940537699,0.417600568767289,-1.85709364425934,-1.49947075300005,-0.357622891259285
"US-LA2",2012,6,"Freshwater","WUE_ET_minus_WUE_T",0.499528245430828,-0.313490454192654,-3.55570230383925,-2.26557711826931,-1.29012518556993
"US-LA2",2012,7,"Freshwater","WUE_ET_minus_WUE_T",0.564867899292566,0.0629069640389803,-2.38134200766101,-1.91634455008652,-0.464997457574496
"US-LA2",2012,8,"Freshwater","WUE_ET_minus_WUE_T",0.466699568615546,-0.502604238348599,-2.48851294757623,-2.58126697567268,0.092754028096453
"US-LA2",2012,9,"Freshwater","WUE_ET_minus_WUE_T",0.549967532270346,-0.0229285025788104,-1.60529133519057,-1.96539276989578,0.360101434705205
"US-LA2",2012,10,"Freshwater","WUE_ET_minus_WUE_T",0.556331263027915,0.0137305809317721,-1.52964153301013,-1.92548512204133,0.395843589031204
"US-LA2",2013,3,"Freshwater","WUE_ET_minus_WUE_T",0.383596588928388,-0.981329562908651,-1.52482197536195,-3.07033174634275,1.5455097709808
"US-LA2",2013,4,"Freshwater","WUE_ET_minus_WUE_T",0.462428440114553,-0.527208619389723,-3.77535768786766,-2.54401276454043,-1.23134492332722
"US-LA2",2013,5,"Freshwater","WUE_ET_minus_WUE_T",0.543144684730498,-0.0622323869308958,-3.36888756244459,-2.04303241777711,-1.32585514466749
"US-LA2",2013,6,"Freshwater","WUE_ET_minus_WUE_T",0.561696550579611,0.0446380048799015,-2.84260318742092,-1.85988405549443,-0.982719131926487
"US-LA2",2013,7,"Freshwater","WUE_ET_minus_WUE_T",0.471134753432218,-0.477054789955313,-4.36752946713091,-2.52802098129373,-1.83950848583718
"US-LA2",2013,8,"Freshwater","WUE_ET_minus_WUE_T",0.516965266120517,-0.213042270259222,-3.0478292513331,-2.25324701880714,-0.794582232525957
"US-LA2",2013,9,"Freshwater","WUE_ET_minus_WUE_T",0.574479166491237,0.118273895843815,-2.12861504176901,-1.80543666466029,-0.323178377108719
"US-LA2",2013,10,"Freshwater","WUE_ET_minus_WUE_T",0.394004836640731,-0.921371523101294,-3.84709603993089,-2.98478221776739,-0.8623138221635
"US-LA2",2021,4,"Freshwater","WUE_ET_minus_WUE_T",0.686735067856668,0.764938347795491,-1.28120631908384,-1.08025011906345,-0.200956200020391
"US-LA2",2021,5,"Freshwater","WUE_ET_minus_WUE_T",0.684458322770165,0.751822867044023,-1.41090262171609,-1.12085893257481,-0.29004368914128
"US-LA2",2021,6,"Freshwater","WUE_ET_minus_WUE_T",0.739257305011453,1.06749940063859,-0.759139617667772,-0.701171973482942,-0.0579676441848302
"US-LA2",2021,7,"Freshwater","WUE_ET_minus_WUE_T",0.70163012678227,0.850743236445015,-0.98118223579344,-1.0238723038281,0.0426900680346611
"US-LA2",2021,8,"Freshwater","WUE_ET_minus_WUE_T",0.697352793904747,0.826103114300751,-0.714629203513169,-1.07608820037014,0.36145899685697
"US-LA2",2021,9,"Freshwater","WUE_ET_minus_WUE_T",0.675741007948418,0.701605662040748,-0.650611511413873,-1.14463006064123,0.494018549227358
"US-LA2",2021,10,"Freshwater","WUE_ET_minus_WUE_T",0.649651011418337,0.551310906020538,-1.03117596121416,-1.31650640770634,0.285330446492179
"US-LA2",2022,3,"Freshwater","WUE_ET_minus_WUE_T",0.665884888495888,0.644828227566348,-0.458582746875888,-1.22819684234347,0.769614095467583
"US-LA2",2022,4,"Freshwater","WUE_ET_minus_WUE_T",0.681275195379204,0.733486055306461,-1.06343545638138,-1.11587972779158,0.0524442714102002
"US-LA2",2022,5,"Freshwater","WUE_ET_minus_WUE_T",0.731036880282464,1.02014459445448,-1.01670844672074,-0.816900225455862,-0.199808221264875
"US-LA2",2022,6,"Freshwater","WUE_ET_minus_WUE_T",0.774870954050216,1.27265637285584,-0.704752200421943,-0.468767208377196,-0.235984992044747
"US-LA2",2022,7,"Freshwater","WUE_ET_minus_WUE_T",0.629015574572691,0.432437837466812,-1.93304237061466,-1.49773466853996,-0.435307702074705
"US-LA2",2022,8,"Freshwater","WUE_ET_minus_WUE_T",0.58554443982656,0.182016815637297,-2.11169281795372,-1.80571841147596,-0.30597440647776
"US-LA2",2022,9,"Freshwater","WUE_ET_minus_WUE_T",0.693085937051192,0.801523340630073,-1.01620543846376,-1.0314418790674,0.015236440603646
"US-LA2",2022,10,"Freshwater","WUE_ET_minus_WUE_T",0.591198154847966,0.214585762849319,-1.42864604179911,-1.69795348678018,0.269307444981067
"US-LA2",2023,4,"Freshwater","WUE_ET_minus_WUE_T",0.751256889536327,1.13662453932653,-1.030169110716,-0.659198662209506,-0.370970448506495
"US-LA2",2023,5,"Freshwater","WUE_ET_minus_WUE_T",0.793075710601947,1.37752719724231,-0.664858429416556,-0.412052079394176,-0.25280635002238
"US-LA2",2023,6,"Freshwater","WUE_ET_minus_WUE_T",0.690888760270894,0.788866223265283,-1.63672641782041,-1.01681163923866,-0.619914778581747
"US-LA2",2023,8,"Freshwater","WUE_ET_minus_WUE_T",0.632961268992007,0.455167513931037,-1.06105000145416,-1.49628937677467,0.435239375320501
"US-LA2",2023,9,"Freshwater","WUE_ET_minus_WUE_T",0.722524018316796,0.971105166231921,-0.717228751338706,-0.839337151066911,0.122108399728205
"US-LA2",2023,10,"Freshwater","WUE_ET_minus_WUE_T",0.565607208128926,0.0671658469811907,-1.43433665762388,-1.86495288508948,0.430616227465608
"US-LA3",2020,3,"Saline","WUE_ET_minus_WUE_T",0.494943789773106,-0.339899796323781,-3.06001080406027,-2.28734133606601,-0.772669467994258
"US-LA3",2020,4,"Saline","WUE_ET_minus_WUE_T",0.556307049869435,0.0135910979409618,-1.67933777821667,-1.75894559856165,0.0796078203449806
"US-LA3",2020,5,"Saline","WUE_ET_minus_WUE_T",0.598537293353549,0.256863807226339,-1.38101122140522,-1.42923340090088,0.048222179495663
"US-LA3",2020,6,"Saline","WUE_ET_minus_WUE_T",0.613221601213903,0.341454637457112,-1.50306641654609,-1.24354748452274,-0.25951893202335
"US-LA3",2020,7,"Saline","WUE_ET_minus_WUE_T",0.491377774538755,-0.360442282367929,-2.38763933350402,-2.34629641118213,-0.0413429223218831
"US-LA3",2021,6,"Saline","WUE_ET_minus_WUE_T",0.56245350951889,0.0489985634934322,-2.12032717503532,-1.67087651376571,-0.449450661269604
"US-LA3",2021,7,"Saline","WUE_ET_minus_WUE_T",0.45991709973421,-0.541675516283024,-2.97618225194817,-2.61110958762217,-0.365072664326003
"US-LA3",2021,8,"Saline","WUE_ET_minus_WUE_T",0.572177779204491,0.105016460551682,-1.75611426605415,-1.69048370012973,-0.065630565924415
"US-LA3",2022,3,"Saline","WUE_ET_minus_WUE_T",0.41356960705824,-0.808666165202889,-2.18638080371074,-2.97229027434569,0.785909470634944
"US-LA3",2022,4,"Saline","WUE_ET_minus_WUE_T",0.538240305509135,-0.0904846895962273,-1.47994103239091,-1.9110183685103,0.431077336119394
"US-LA3",2022,5,"Saline","WUE_ET_minus_WUE_T",0.489633497147295,-0.370490414979937,-2.09814910829467,-2.34590668839151,0.247757580096837
"US-LA3",2022,6,"Saline","WUE_ET_minus_WUE_T",0.481692039677664,-0.416238194649699,-1.97903798122679,-2.3506680788065,0.371630097579712
"US-LA3",2022,7,"Saline","WUE_ET_minus_WUE_T",0.473115315191346,-0.465645511076033,-2.61826697017504,-2.50001656815396,-0.118250402021081
"US-LA3",2022,8,"Saline","WUE_ET_minus_WUE_T",0.498600309070185,-0.318835950071289,-2.19761019363469,-2.30980555834597,0.112195364711278
"US-LA3",2022,9,"Saline","WUE_ET_minus_WUE_T",0.470746482417057,-0.479291474710181,-2.28537034238604,-2.47176825716164,0.186397914775597
"US-LA3",2022,10,"Saline","WUE_ET_minus_WUE_T",0.305519592250788,-1.43110207065586,-4.01617193981505,-3.8641488485222,-0.152023091292846
"US-LA3",2023,3,"Saline","WUE_ET_minus_WUE_T",0.498225116642778,-0.320997293951605,-3.12004264747698,-2.25972150283947,-0.86032114463751
"US-LA3",2023,4,"Saline","WUE_ET_minus_WUE_T",0.565413327251393,0.0660489714326563,-2.27977346397249,-1.68229555039701,-0.597477913575475
"US-LA3",2023,5,"Saline","WUE_ET_minus_WUE_T",0.609512940034954,0.320090421236957,-1.83225361894384,-1.33684835578524,-0.495405263158604
"US-LA3",2023,6,"Saline","WUE_ET_minus_WUE_T",0.551324808526846,-0.0151097394146464,-2.04808196112391,-1.7645498592252,-0.283532101898712
"US-LA3",2023,7,"Saline","WUE_ET_minus_WUE_T",0.514178958765124,-0.229093149518378,-2.18419050375862,-2.15437255515897,-0.0298179485996504
"US-LA3",2023,8,"Saline","WUE_ET_minus_WUE_T",0.540299654179097,-0.0786215486580675,-1.72013272890043,-1.95881067020819,0.238677941307758
"US-LA3",2023,9,"Saline","WUE_ET_minus_WUE_T",0.464857526996429,-0.513215554275951,-2.45232769461865,-2.52133721906531,0.0690095244466584
"US-LA3",2023,10,"Saline","WUE_ET_minus_WUE_T",0.405712452046208,-0.853928309802438,-2.86230795502716,-3.02079791521027,0.158489960183113
"US-MCP",2023,6,"Freshwater","WUE_ET_minus_WUE_T",0.665220943607868,0.641003488270548,-1.63171228156877,-1.92441787552571,0.292705593956942
"US-MCP",2023,7,"Freshwater","WUE_ET_minus_WUE_T",0.553125126427158,-0.00473877829649131,-4.40527161686167,-2.73307982481188,-1.67219179204978
"US-MCP",2023,8,"Freshwater","WUE_ET_minus_WUE_T",0.682486107548596,0.740461669459986,-2.21490079378481,-1.91320926539283,-0.301691528391975
"US-MCP",2023,9,"Freshwater","WUE_ET_minus_WUE_T",0.644765337326451,0.523166356641716,-2.42769926384248,-2.08687387509952,-0.340825388742958
"US-MCP",2024,3,"Freshwater","WUE_ET_minus_WUE_T",0.474605062834228,-0.45706362957749,-2.30520691452766,-3.21654097235565,0.911334057827988
"US-MCP",2024,4,"Freshwater","WUE_ET_minus_WUE_T",0.458210597627466,-0.551506039544514,-3.25889078276621,-3.3116424372224,0.0527516544561863
"US-MCP",2024,5,"Freshwater","WUE_ET_minus_WUE_T",0.578112185670819,0.139202366669114,-3.55110924117888,-2.55494944149905,-0.996159799679833
"US-MCP",2024,6,"Freshwater","WUE_ET_minus_WUE_T",0.549301572552309,-0.0267648485601632,-4.98121419523721,-2.68087543964812,-2.30033875558909
"US-MCP",2024,7,"Freshwater","WUE_ET_minus_WUE_T",0.569986599827463,0.0923938919941386,-4.29166490731413,-2.62304654064408,-1.66861836667005
"US-MCP",2024,8,"Freshwater","WUE_ET_minus_WUE_T",0.722856738769836,0.973021844881336,-1.58731758878376,-1.64976175806409,0.0624441692803228
"US-MCP",2024,9,"Freshwater","WUE_ET_minus_WUE_T",0.701414412025853,0.849500584049552,-1.96501439851615,-1.71719777466278,-0.247816623853367
"US-MCP",2025,3,"Freshwater","WUE_ET_minus_WUE_T",0.435836730968553,-0.680393554989479,-3.84833456077956,-3.46953231988583,-0.378802240893733
"US-MCP",2025,4,"Freshwater","WUE_ET_minus_WUE_T",0.479839687070855,-0.426908908338097,-3.75552532274185,-3.17049701721585,-0.585028305526001
"US-MCP",2025,5,"Freshwater","WUE_ET_minus_WUE_T",0.531423830087492,-0.129751866547835,-4.00603181990243,-2.85962466028122,-1.14640715962121
"US-MCP",2025,6,"Freshwater","WUE_ET_minus_WUE_T",0.559277097724,0.0307004378044451,-3.89942851488295,-2.61577793779399,-1.28365057708896
"US-MCP",2025,7,"Freshwater","WUE_ET_minus_WUE_T",0.642796854303404,0.511826658863768,-2.68424026476984,-2.14790707739073,-0.536333187379105
"US-MCP",2025,8,"Freshwater","WUE_ET_minus_WUE_T",0.473153933712348,-0.465423044155229,-4.99643876573004,-3.27925279091128,-1.71718597481875
"US-MCP",2025,9,"Freshwater","WUE_ET_minus_WUE_T",0.589766255415363,0.206337123351787,-2.85629850838968,-2.44578258166497,-0.410515926724709
"US-MRf",2006,3,"Upland","WUE_ET_minus_WUE_T",0.581709983327819,0.159927939416716,-2.66142620103134,-3.51027641069183,0.848850209660493
"US-MRf",2006,4,"Upland","WUE_ET_minus_WUE_T",0.625753740864303,0.413647627938982,-2.37670793929394,-2.94146011717584,0.564752177881903
"US-MRf",2006,5,"Upland","WUE_ET_minus_WUE_T",0.621613759673772,0.389798737723846,-2.62171472445185,-3.01956146806893,0.397846743617075
"US-MRf",2006,6,"Upland","WUE_ET_minus_WUE_T",0.69020811129784,0.784945257954973,-2.14226198566516,-2.09010382908791,-0.0521581565772564
"US-MRf",2006,7,"Upland","WUE_ET_minus_WUE_T",0.734369614451598,1.03934323513857,-1.31195734679244,-1.6088387333624,0.296881386569958
"US-MRf",2006,8,"Upland","WUE_ET_minus_WUE_T",0.661888899332219,0.621808821805957,-2.7884291932487,-2.5496584912341,-0.238770702014597
"US-MRf",2006,9,"Upland","WUE_ET_minus_WUE_T",0.397197870204858,-0.902977645588452,-5.60588200372699,-5.82417825438892,0.218296250661935
"US-MRf",2006,10,"Upland","WUE_ET_minus_WUE_T",0.532291183589097,-0.124755365963534,-5.30541186126188,-4.11754750376549,-1.18786435749639
"US-MRf",2007,3,"Upland","WUE_ET_minus_WUE_T",0.60897705888748,0.317003409468961,-3.89115880569103,-3.16548502914399,-0.725673776547043
"US-MRf",2007,4,"Upland","WUE_ET_minus_WUE_T",0.703008237725918,0.858682020484541,-2.47841093632198,-1.9645792395248,-0.513831696797181
"US-MRf",2007,5,"Upland","WUE_ET_minus_WUE_T",0.71223527439477,0.91183554326618,-2.69427131909195,-1.87365503632695,-0.820616282765003
"US-MRf",2007,6,"Upland","WUE_ET_minus_WUE_T",0.783483655598199,1.32227093973923,-1.71598747491583,-0.910637270102552,-0.805350204813276
"US-MRf",2007,7,"Upland","WUE_ET_minus_WUE_T",0.749366820589272,1.12573655584475,-1.71598635260178,-1.41919949565786,-0.296786856943921
"US-MRf",2007,8,"Upland","WUE_ET_minus_WUE_T",0.686270764811868,0.762263670826593,-2.60993554350414,-2.24135050767174,-0.368585035832397
"US-MRf",2007,9,"Upland","WUE_ET_minus_WUE_T",0.732884137113991,1.03078595327877,-1.51056581996847,-1.57943512155867,0.0688693015901991
"US-MRf",2007,10,"Upland","WUE_ET_minus_WUE_T",0.681647703304471,0.735631934769458,-2.88359769859886,-2.2289386332189,-0.654659065379965
"US-MRf",2008,3,"Upland","WUE_ET_minus_WUE_T",0.48608746970391,-0.390917758802308,-6.63654939716591,-4.71942032886982,-1.91712906829609
"US-MRf",2008,4,"Upland","WUE_ET_minus_WUE_T",0.515544184562818,-0.221228592007212,-7.06126621744291,-4.33505676797249,-2.72620944947042
"US-MRf",2008,5,"Upland","WUE_ET_minus_WUE_T",0.692320138139199,0.79711185822509,-3.3450549954985,-2.12548135808438,-1.21957363741412
"US-MRf",2008,6,"Upland","WUE_ET_minus_WUE_T",0.749582876861015,1.12698117558285,-2.43790454071568,-1.33931163640069,-1.09859290431499
"US-MRf",2008,7,"Upland","WUE_ET_minus_WUE_T",0.738088460708761,1.06076612380215,-1.76818709515125,-1.56181403003601,-0.206373065115242
"US-MRf",2008,8,"Upland","WUE_ET_minus_WUE_T",0.774495556140985,1.27049384527124,-1.74711880162396,-1.12575057387694,-0.621368227747014
"US-MRf",2008,9,"Upland","WUE_ET_minus_WUE_T",0.588508719759306,0.199092928650731,-3.80259358284392,-3.40505809686998,-0.397535485973937
"US-MRf",2009,3,"Upland","WUE_ET_minus_WUE_T",0.737736734833715,1.05873996199277,-2.7085553936543,-1.53732265214042,-1.17123274151388
"US-MRf",2009,4,"Upland","WUE_ET_minus_WUE_T",0.684053412490138,0.749490329679499,-2.7303593802366,-2.20426245622116,-0.526096924015445
"US-MRf",2009,5,"Upland","WUE_ET_minus_WUE_T",0.603909041136064,0.287808446158906,-3.72638529631665,-3.24343712173685,-0.482948174579803
"US-MRf",2009,6,"Upland","WUE_ET_minus_WUE_T",0.597239715732421,0.249388945673185,-4.65532449362031,-3.26568650120651,-1.3896379924138
"US-MRf",2009,7,"Upland","WUE_ET_minus_WUE_T",0.729421580342297,1.01083945291769,-1.66522038356223,-1.67140648151562,0.00618609795338854
"US-MRf",2009,8,"Upland","WUE_ET_minus_WUE_T",0.653807046633887,0.575252277496473,-2.7895477170051,-2.65185328477647,-0.137694432228626
"US-MRf",2009,9,"Upland","WUE_ET_minus_WUE_T",0.629503290865661,0.435247389441053,-2.44423471076856,-2.88668293130468,0.442448220536118
"US-MRf",2009,10,"Upland","WUE_ET_minus_WUE_T",0.687410713335176,0.768830489836657,-2.16774633117137,-2.15606553811879,-0.0116807930525846
"US-MRf",2010,3,"Upland","WUE_ET_minus_WUE_T",0.6525610457688,0.56807453043149,-3.52062770852796,-2.61436677602247,-0.906260932505494
"US-MRf",2010,4,"Upland","WUE_ET_minus_WUE_T",0.480212468951851,-0.424761450718143,-6.92487287855203,-4.78182528963906,-2.14304758891297
"US-MRf",2010,5,"Upland","WUE_ET_minus_WUE_T",0.612181271256216,0.335461683912991,-4.91184317003992,-3.13883501120365,-1.77300815883627
"US-MRf",2010,6,"Upland","WUE_ET_minus_WUE_T",0.490936050784808,-0.362986888449086,-7.44003451533499,-4.60989326884057,-2.83014124649442
"US-MRf",2010,7,"Upland","WUE_ET_minus_WUE_T",0.680265031905756,0.727666879646265,-3.18481246224709,-2.2929896142749,-0.891822847972194
"US-MRf",2010,8,"Upland","WUE_ET_minus_WUE_T",0.664315831958416,0.635789477054847,-3.32618014710501,-2.51896999839302,-0.807210148711989
"US-MRf",2010,9,"Upland","WUE_ET_minus_WUE_T",0.728740971933524,1.0069187212831,-1.7237874923451,-1.63182532539363,-0.0919621669514681
"US-MRf",2010,10,"Upland","WUE_ET_minus_WUE_T",0.558847890938209,0.0282279373164404,-4.33504648511312,-3.78173870768733,-0.553307777425792
"US-MRf",2011,8,"Upland","WUE_ET_minus_WUE_T",0.628054733157484,0.426902787820249,-2.60597801317839,-2.97749054360734,0.371512530428944
"US-Myb",2011,9,"Freshwater","WUE_ET_minus_WUE_T",0.52830175858024,-0.14773695807206,-1.16651865237479,-1.56624879195003,0.399730139575239
"US-Myb",2011,10,"Freshwater","WUE_ET_minus_WUE_T",0.507572507370219,-0.267150456249403,-1.34044718428491,-1.7031424065368,0.362695222251892
"US-Myb",2012,5,"Freshwater","WUE_ET_minus_WUE_T",0.596798904145178,0.246849594244786,-0.915958720623316,-1.15237112055212,0.236412399928801
"US-Myb",2012,6,"Freshwater","WUE_ET_minus_WUE_T",0.660901619157643,0.616121468310517,-0.670117172638806,-0.671970589904056,0.00185341726525046
"US-Myb",2012,7,"Freshwater","WUE_ET_minus_WUE_T",0.67121518347978,0.675534072360008,-0.723319713440844,-0.68182297255625,-0.0414967408845944
"US-Myb",2012,8,"Freshwater","WUE_ET_minus_WUE_T",0.658040970219578,0.599642334872904,-0.872382043040159,-0.792097435162663,-0.0802846078774957
"US-Myb",2012,10,"Freshwater","WUE_ET_minus_WUE_T",0.591172838294822,0.214439923612675,-1.31926416855818,-1.15758990642237,-0.161674262135814
"US-Myb",2013,5,"Freshwater","WUE_ET_minus_WUE_T",0.592059512089237,0.219547721210403,-0.965269593197377,-1.18329907450331,0.218029481305938
"US-Myb",2013,6,"Freshwater","WUE_ET_minus_WUE_T",0.62597529605732,0.414923924915147,-0.891534274878837,-0.899890057165139,0.00835578228630229
"US-Myb",2013,7,"Freshwater","WUE_ET_minus_WUE_T",0.663290699938467,0.629884073171443,-0.843786983007792,-0.733535947376627,-0.110251035631166
"US-Myb",2013,8,"Freshwater","WUE_ET_minus_WUE_T",0.659738265270015,0.609419819711037,-0.762028274023793,-0.78102135988931,0.0189930858655174
"US-Myb",2013,9,"Freshwater","WUE_ET_minus_WUE_T",0.616909329793182,0.362698268764325,-0.993758089950216,-0.988020434841194,-0.00573765510902224
"US-Myb",2013,10,"Freshwater","WUE_ET_minus_WUE_T",0.53684359374359,-0.0985306260451301,-1.26242815800062,-1.51212744074127,0.249699282740648
"US-Myb",2014,5,"Freshwater","WUE_ET_minus_WUE_T",0.584631848697848,0.176759717926387,-1.01160033387977,-1.23176993925187,0.2201696053721
"US-Myb",2014,6,"Freshwater","WUE_ET_minus_WUE_T",0.629492131524058,0.435183104628996,-1.00693581081677,-0.876940167372234,-0.129995643444534
"US-Myb",2014,7,"Freshwater","WUE_ET_minus_WUE_T",0.60550875576243,0.297023806505711,-0.90256290120474,-1.11060483882802,0.208041937623279
"US-Myb",2014,8,"Freshwater","WUE_ET_minus_WUE_T",0.585660218271357,0.182683772150426,-0.800732874376574,-1.2644340844174,0.463701210040827
"US-Myb",2014,9,"Freshwater","WUE_ET_minus_WUE_T",0.52023631127346,-0.194198997028968,-1.0926638796591,-1.61888165708453,0.526217777425434
"US-Myb",2014,10,"Freshwater","WUE_ET_minus_WUE_T",0.383371212738558,-0.9826278712248,-1.11368316879637,-2.51364549969873,1.39996233090236
"US-Myb",2015,5,"Freshwater","WUE_ET_minus_WUE_T",0.591261158569562,0.214948703831496,-0.797659721086719,-1.18850890745274,0.390849186366023
"US-Myb",2015,6,"Freshwater","WUE_ET_minus_WUE_T",0.59581196691659,0.241164216333491,-1.01976316537009,-1.09672755101837,0.0769643856482818
"US-Myb",2015,7,"Freshwater","WUE_ET_minus_WUE_T",0.604014889803014,0.288418200918968,-0.906179513653865,-1.12035339245193,0.214173878798068
"US-Myb",2015,8,"Freshwater","WUE_ET_minus_WUE_T",0.587795116268136,0.194982124631383,-1.03902344731957,-1.25050233406725,0.21147888674768
"US-Myb",2015,9,"Freshwater","WUE_ET_minus_WUE_T",0.504323643861934,-0.285865949283585,-1.32027203872697,-1.72272329734882,0.402451258621847
"US-Myb",2015,10,"Freshwater","WUE_ET_minus_WUE_T",0.46097860492157,-0.535560580124848,-1.29684090863067,-2.00720125044106,0.710360341810387
"US-Myb",2016,5,"Freshwater","WUE_ET_minus_WUE_T",0.612513369453583,0.337374777979159,-0.80260648362684,-1.0498228920685,0.247216408441664
"US-Myb",2016,6,"Freshwater","WUE_ET_minus_WUE_T",0.548605552035773,-0.0307743636092461,-0.987240363336076,-1.40478348064018,0.417543117304101
"US-Myb",2016,7,"Freshwater","WUE_ET_minus_WUE_T",0.544616087843904,-0.0537561814365094,-0.807121672623871,-1.50797344794932,0.700851775325444
"US-Myb",2016,8,"Freshwater","WUE_ET_minus_WUE_T",0.544442339800837,-0.0547570792216697,-0.979436514935154,-1.53341049157164,0.553973976636487
"US-Myb",2016,9,"Freshwater","WUE_ET_minus_WUE_T",0.497016086803436,-0.327962064702551,-1.03604122384039,-1.77041038158522,0.734369157744828
"US-Myb",2016,10,"Freshwater","WUE_ET_minus_WUE_T",0.440779202585523,-0.651921816215856,-1.04427697836811,-2.13901693015633,1.09473995178822
"US-Myb",2017,5,"Freshwater","WUE_ET_minus_WUE_T",0.633481170959024,0.458162475589888,-0.895987594318404,-0.912992853159771,0.0170052588413665
"US-Myb",2017,6,"Freshwater","WUE_ET_minus_WUE_T",0.573273018422327,0.111325725899367,-0.838323633098887,-1.24381045804759,0.405486824948706
"US-Myb",2017,7,"Freshwater","WUE_ET_minus_WUE_T",0.493759188170194,-0.346723845099928,-0.857238455117714,-1.83985142568225,0.98261297056454
"US-Myb",2017,8,"Freshwater","WUE_ET_minus_WUE_T",0.585638700723962,0.182559817571431,-0.987967090220275,-1.26457450194503,0.276607411724757
"US-Myb",2017,9,"Freshwater","WUE_ET_minus_WUE_T",0.560226931211382,0.0361720748773467,-1.42328081042572,-1.357913997663,-0.0653668127627163
"US-Myb",2017,10,"Freshwater","WUE_ET_minus_WUE_T",0.487112889561721,-0.38501069679215,-1.31487688481256,-1.83665618002746,0.521779295214901
"US-Myb",2018,5,"Freshwater","WUE_ET_minus_WUE_T",0.673749743904753,0.69013473128499,-0.853681127352716,-0.650211349742091,-0.203469777610626
"US-Myb",2018,6,"Freshwater","WUE_ET_minus_WUE_T",0.64035554912351,0.49776320868431,-0.911140802762381,-0.806048526566253,-0.105092276196128
"US-Myb",2018,7,"Freshwater","WUE_ET_minus_WUE_T",0.681794660235779,0.736478498934808,-0.828482811309778,-0.61278425069589,-0.215698560613887
"US-Myb",2018,8,"Freshwater","WUE_ET_minus_WUE_T",0.697990351993995,0.829775849073318,-0.915385803335472,-0.531398884522774,-0.383986918812698
"US-Myb",2018,9,"Freshwater","WUE_ET_minus_WUE_T",0.603318363781925,0.284405773846372,-1.21300105211448,-1.07671129771707,-0.136289754397418
"US-Myb",2018,10,"Freshwater","WUE_ET_minus_WUE_T",0.495707909556077,-0.335497986755905,-1.49799562314903,-1.78056747087291,0.282571847723873
"US-Myb",2019,5,"Freshwater","WUE_ET_minus_WUE_T",0.688367369515936,0.774341429905842,-1.01135851533092,-0.554820791956977,-0.456537723373942
"US-Myb",2019,6,"Freshwater","WUE_ET_minus_WUE_T",0.642115152025038,0.507899625853727,-0.964701348461814,-0.794565847592138,-0.170135500869676
"US-Myb",2019,7,"Freshwater","WUE_ET_minus_WUE_T",0.687517244719011,0.769444177474502,-0.791358727430806,-0.575440256510521,-0.215918470920285
"US-Myb",2019,8,"Freshwater","WUE_ET_minus_WUE_T",0.663415561816671,0.630603355962425,-0.855322163949024,-0.757024345732759,-0.0982978182162655
"US-Myb",2019,9,"Freshwater","WUE_ET_minus_WUE_T",0.558019270499103,0.0234545634838582,-1.24771098695813,-1.37232057725028,0.124609590292152
"US-Myb",2019,10,"Freshwater","WUE_ET_minus_WUE_T",0.432602869808317,-0.699022625082321,-1.46314864531536,-2.19237340301999,0.729224757704638
"US-Myb",2020,5,"Freshwater","WUE_ET_minus_WUE_T",0.531904347228529,-0.126983786207453,-1.22742602398051,-1.5758549438593,0.348428919878792
"US-Myb",2020,6,"Freshwater","WUE_ET_minus_WUE_T",0.606131063776647,0.300608691274031,-1.13026260549146,-1.02938799591536,-0.100874609576093
"US-Myb",2020,7,"Freshwater","WUE_ET_minus_WUE_T",0.647325051996091,0.53791191980464,-1.04987104003766,-0.837723323844856,-0.212147716192804
"US-Myb",2020,8,"Freshwater","WUE_ET_minus_WUE_T",0.629178516835968,0.433376487177877,-1.09226571692514,-0.980445775757933,-0.111819941167207
"US-Myb",2020,9,"Freshwater","WUE_ET_minus_WUE_T",0.588041768402322,0.196402995741376,-1.42929632810683,-1.17640210887061,-0.252894219236213
"US-Myb",2021,5,"Freshwater","WUE_ET_minus_WUE_T",0.539655656298454,-0.082331380671158,-1.08889846258096,-1.52527205745815,0.436373594877187
"US-Myb",2021,6,"Freshwater","WUE_ET_minus_WUE_T",0.683667642443451,0.747268052072835,-0.868904501924925,-0.523405855962547,-0.345498645962378
"US-Myb",2021,7,"Freshwater","WUE_ET_minus_WUE_T",0.702356729554912,0.854928924484943,-0.871462458655737,-0.478601907151151,-0.392860551504586
"US-Myb",2021,8,"Freshwater","WUE_ET_minus_WUE_T",0.668846834383636,0.66189089501557,-1.00583853224789,-0.721581372063394,-0.284257160184495
"US-Myb",2021,9,"Freshwater","WUE_ET_minus_WUE_T",0.589475820138483,0.204664033858346,-1.15966163783329,-1.167043886226,0.00738224839270729
"US-Myb",2021,10,"Freshwater","WUE_ET_minus_WUE_T",0.40287851877341,-0.870253544239387,-1.71179960073172,-2.38634624788825,0.674546647156531
"US-Myb",2022,5,"Freshwater","WUE_ET_minus_WUE_T",0.627479539718896,0.42358931258014,-1.02593421561852,-0.952157828843533,-0.0737763867749854
"US-Myb",2022,6,"Freshwater","WUE_ET_minus_WUE_T",0.668594549232492,0.660437574192201,-0.892551309297637,-0.621768668582429,-0.270782640715208
"US-Myb",2022,7,"Freshwater","WUE_ET_minus_WUE_T",0.719769145488395,0.955235369578868,-0.862838187490148,-0.364973325296475,-0.497864862193673
"US-Myb",2022,8,"Freshwater","WUE_ET_minus_WUE_T",0.669312838901725,0.66457537353858,-0.953838710143779,-0.718540356231326,-0.235298353912453
"US-Myb",2022,9,"Freshwater","WUE_ET_minus_WUE_T",0.552804415978452,-0.0065862717825791,-1.07635904569234,-1.40635126696179,0.329992221269445
"US-Myb",2022,10,"Freshwater","WUE_ET_minus_WUE_T",0.614167235335529,0.346902083547433,-1.19130253084231,-1.00753486889512,-0.183767661947191
"US-Myb",2023,5,"Freshwater","WUE_ET_minus_WUE_T",0.639362422430723,0.492042175574261,-1.11563228677004,-0.874613442352405,-0.241018844417639
"US-Myb",2023,6,"Freshwater","WUE_ET_minus_WUE_T",0.724519483168538,0.982600296278936,-0.92721221336808,-0.256818109295041,-0.670394104073039
"US-Myb",2023,7,"Freshwater","WUE_ET_minus_WUE_T",0.721076109958232,0.962764305272465,-0.765396049448347,-0.356444438793345,-0.408951610655003
"US-Myb",2023,8,"Freshwater","WUE_ET_minus_WUE_T",0.69235165604774,0.797293421161251,-0.925499056624837,-0.568195445455511,-0.357303611169326
"US-Myb",2023,9,"Freshwater","WUE_ET_minus_WUE_T",0.655513556653686,0.585082846342121,-1.09544165379435,-0.736099990917033,-0.359341662877317
"US-Myb",2024,5,"Freshwater","WUE_ET_minus_WUE_T",0.569243605697298,0.0881137794464509,-1.14243563250612,-1.33218933171683,0.189753699210712
"US-Myb",2024,6,"Freshwater","WUE_ET_minus_WUE_T",0.657593760475582,0.597066126045656,-0.872616724374833,-0.693556755342221,-0.179059969032612
"US-Myb",2024,7,"Freshwater","WUE_ET_minus_WUE_T",0.688097900536957,0.772789119448304,-0.784273003586735,-0.571651058194168,-0.212621945392567
"US-Myb",2024,8,"Freshwater","WUE_ET_minus_WUE_T",0.703944528081233,0.86407564061607,-0.766039773348038,-0.49254358796367,-0.273496185384368
"US-Myb",2024,9,"Freshwater","WUE_ET_minus_WUE_T",0.639456508061014,0.49258416785982,-1.07230933807721,-0.840883822599371,-0.231425515477837
"US-Myb",2024,10,"Freshwater","WUE_ET_minus_WUE_T",0.514581188925082,-0.226776051327694,-1.35317305894494,-1.65740570068321,0.304232641738272
"US-Myb",2025,5,"Freshwater","WUE_ET_minus_WUE_T",0.666823497481104,0.650235204461445,-1.05381423026891,-0.695410106864693,-0.35840412340422
"US-Myb",2025,6,"Freshwater","WUE_ET_minus_WUE_T",0.715988023266224,0.933453732267856,-0.908926705887313,-0.312492042972781,-0.596434662914532
"US-Myb",2025,7,"Freshwater","WUE_ET_minus_WUE_T",0.733629129811778,1.03507757883041,-0.849974077254489,-0.274526923762636,-0.575447153491853
"US-Myb",2025,8,"Freshwater","WUE_ET_minus_WUE_T",0.688047282408699,0.772497527257865,-0.851521626094648,-0.59628459024997,-0.255237035844678
"US-Myb",2025,9,"Freshwater","WUE_ET_minus_WUE_T",0.620297815029816,0.382218070590701,-1.20895480211411,-0.965908122940015,-0.243046679174093
"US-NC4",2009,4,"Freshwater","WUE_ET_minus_WUE_T",0.629650396927691,0.436094812692965,-1.01783676161907,-1.33617241014736,0.318335648528286
"US-NC4",2009,5,"Freshwater","WUE_ET_minus_WUE_T",0.706688417802679,0.879882167679251,-1.01549119205254,-0.859195128152635,-0.156296063899901
"US-NC4",2009,6,"Freshwater","WUE_ET_minus_WUE_T",0.779319227355578,1.29828121915928,-0.776468420345238,-0.323142625242148,-0.45332579510309
"US-NC4",2009,7,"Freshwater","WUE_ET_minus_WUE_T",0.685641433361676,0.75863832665863,-1.1218289713945,-1.01161367952109,-0.110215291873409
"US-NC4",2009,8,"Freshwater","WUE_ET_minus_WUE_T",0.740046439465795,1.07204531041461,-0.84904695783594,-0.680884958620517,-0.168161999215424
"US-NC4",2009,9,"Freshwater","WUE_ET_minus_WUE_T",0.630836841125085,0.442929475969875,-1.08356173972316,-1.32106577082296,0.237504031099805
"US-NC4",2010,4,"Freshwater","WUE_ET_minus_WUE_T",0.633929184793034,0.460743316480325,-0.889249098724877,-1.30825023099352,0.419001132268644
"US-NC4",2010,5,"Freshwater","WUE_ET_minus_WUE_T",0.783982790269185,1.32514626873786,-0.706121032365374,-0.354793558475729,-0.351327473889645
"US-NC4",2010,6,"Freshwater","WUE_ET_minus_WUE_T",0.775319095075457,1.27523794644761,-0.508497229298509,-0.349246375575105,-0.159250853723404
"US-NC4",2010,7,"Freshwater","WUE_ET_minus_WUE_T",0.7452292236773,1.10190140057067,-0.566706216907757,-0.622760338589923,0.0560541216821658
"US-NC4",2010,8,"Freshwater","WUE_ET_minus_WUE_T",0.685809813634249,0.759608302716538,-0.714118688146498,-1.03481808894337,0.320699400796868
"US-NC4",2010,9,"Freshwater","WUE_ET_minus_WUE_T",0.691848954077218,0.794397542278193,-0.613666044431058,-0.922917696644647,0.30925165221359
"US-NC4",2011,4,"Freshwater","WUE_ET_minus_WUE_T",0.715172527592186,0.928755965320136,-0.647051995074613,-0.778078779618472,0.131026784543859
"US-NC4",2011,5,"Freshwater","WUE_ET_minus_WUE_T",0.813190676233836,1.49340202491866,-0.557174929969275,-0.164191020963722,-0.392983909005552
"US-NC4",2011,6,"Freshwater","WUE_ET_minus_WUE_T",0.79635179372437,1.39639949233897,-0.575077751227067,-0.211992835963924,-0.363084915263142
"US-NC4",2011,7,"Freshwater","WUE_ET_minus_WUE_T",0.779572834849315,1.29974215750598,-0.594786838068098,-0.398643487249365,-0.196143350818733
"US-NC4",2011,8,"Freshwater","WUE_ET_minus_WUE_T",0.660825709580796,0.615684181501426,-0.778393693053001,-1.19785740085438,0.419463707801381
"US-NC4",2011,9,"Freshwater","WUE_ET_minus_WUE_T",0.615406377558906,0.354040320531175,-0.779482014306713,-1.4217606829525,0.64227866864579
"US-NC4",2012,4,"Freshwater","WUE_ET_minus_WUE_T",0.640395249268306,0.497991906437072,-1.08816197159063,-1.26605449323302,0.177892521642395
"US-NC4",2012,5,"Freshwater","WUE_ET_minus_WUE_T",0.707491730196781,0.884509751287415,-1.16852226216901,-0.853952934968367,-0.314569327200648
"US-NC4",2012,6,"Freshwater","WUE_ET_minus_WUE_T",0.745044594601339,1.1008378212063,-0.747899502099926,-0.546809342619652,-0.201090159480273
"US-NC4",2012,7,"Freshwater","WUE_ET_minus_WUE_T",0.722227579685793,0.969397493650584,-0.850255879686622,-0.772862667701824,-0.0773932119847983
"US-NC4",2012,8,"Freshwater","WUE_ET_minus_WUE_T",0.690581673202146,0.787097208998794,-0.96382025232863,-1.00367826104234,0.0398580087137073
"US-NC4",2012,9,"Freshwater","WUE_ET_minus_WUE_T",0.651169278737139,0.560057078753436,-1.06862298949403,-1.18838193990989,0.119758950415858
"US-NC4",2013,4,"Freshwater","WUE_ET_minus_WUE_T",0.581332108698479,0.15775114436972,-1.01701940666007,-1.65148411589252,0.634464709232449
"US-NC4",2013,5,"Freshwater","WUE_ET_minus_WUE_T",0.706052460162372,0.876218652497143,-0.935942321078498,-0.863345210775504,-0.0725971103029939
"US-NC4",2013,6,"Freshwater","WUE_ET_minus_WUE_T",0.731849853834678,1.02482783239742,-0.951187071267336,-0.632914549788099,-0.318272521479237
"US-NC4",2013,7,"Freshwater","WUE_ET_minus_WUE_T",0.718172110439707,0.946035445281389,-0.677985171820481,-0.799327531678673,0.121342359858191
"US-NC4",2013,8,"Freshwater","WUE_ET_minus_WUE_T",0.67949153421309,0.723211047432286,-1.17612384004826,-1.07604942255787,-0.100074417490395
"US-NC4",2013,9,"Freshwater","WUE_ET_minus_WUE_T",0.616005678484864,0.357492670030175,-1.16847409220202,-1.41784981184875,0.249375719646727
"US-NC4",2014,4,"Freshwater","WUE_ET_minus_WUE_T",0.584209800230413,0.174328453845204,-0.853534599229204,-1.63270510159387,0.779170502364667
"US-NC4",2014,5,"Freshwater","WUE_ET_minus_WUE_T",0.697457083471217,0.826703887663446,-0.929192395098676,-0.919436247634127,-0.00975614746454889
"US-NC4",2014,6,"Freshwater","WUE_ET_minus_WUE_T",0.699546484939798,0.838740151585003,-1.15935426249005,-0.843717347669543,-0.315636914820508
"US-NC4",2014,7,"Freshwater","WUE_ET_minus_WUE_T",0.574692806521554,0.119504596514684,-1.49410445497711,-1.73563354986683,0.24152909488972
"US-NC4",2014,8,"Freshwater","WUE_ET_minus_WUE_T",0.606498007621486,0.302722518141333,-1.63301251081477,-1.55238486864759,-0.0806276421671839
"US-NC4",2014,9,"Freshwater","WUE_ET_minus_WUE_T",0.686193772697282,0.761820147920647,-0.928424538866496,-0.95982183693097,0.031397298064474
"US-NC4",2015,4,"Freshwater","WUE_ET_minus_WUE_T",0.590271439602137,0.209247301358477,-1.90246705450994,-1.59314852953893,-0.309318524971015
"US-NC4",2015,6,"Freshwater","WUE_ET_minus_WUE_T",0.762913383768172,1.20377326257784,-0.876722844886222,-0.430202596017477,-0.446520248868745
"US-NC4",2015,7,"Freshwater","WUE_ET_minus_WUE_T",0.714662957003079,0.925820518882778,-1.189315398712,-0.822227290680399,-0.367088108031606
"US-NC4",2015,8,"Freshwater","WUE_ET_minus_WUE_T",0.7629712970429,1.20410687939091,-0.80665296643913,-0.531283716285291,-0.275369250153839
"US-NC4",2015,9,"Freshwater","WUE_ET_minus_WUE_T",0.637127482708529,0.479167519961346,-1.30488054448086,-1.28001479404792,-0.0248657504329393
"US-NC4",2016,4,"Freshwater","WUE_ET_minus_WUE_T",0.675618554970756,0.700900256028887,-0.679477887537497,-1.03619700013772,0.356719112600226
"US-NC4",2016,5,"Freshwater","WUE_ET_minus_WUE_T",0.756623013457625,1.16753678128853,-0.772421932233848,-0.533335849840354,-0.239086082393494
"US-NC4",2016,6,"Freshwater","WUE_ET_minus_WUE_T",0.800581331658194,1.42076428560789,-0.472703009986785,-0.184392048160728,-0.288310961826057
"US-NC4",2016,7,"Freshwater","WUE_ET_minus_WUE_T",0.778741706298186,1.29495433537387,-0.437963915568773,-0.404067200935304,-0.0338967146334689
"US-NC4",2016,8,"Freshwater","WUE_ET_minus_WUE_T",0.717383063176947,0.941490037783607,-0.690742486440716,-0.828779846818578,0.138037360377862
"US-NC4",2016,9,"Freshwater","WUE_ET_minus_WUE_T",0.676913274210884,0.708358651513358,-0.761873606303545,-1.020383788009,0.258510181705451
"US-NC4",2017,4,"Freshwater","WUE_ET_minus_WUE_T",0.764150351368091,1.21089897236551,-0.758046559958486,-0.458463128393269,-0.299583431565216
"US-NC4",2017,5,"Freshwater","WUE_ET_minus_WUE_T",0.830945854276102,1.59568299490196,-0.49068551182626,-0.048325668951294,-0.442359842874967
"US-NC4",2017,6,"Freshwater","WUE_ET_minus_WUE_T",0.805204086591615,1.44739425560649,-0.64911022294717,-0.154225235620017,-0.494884987327152
"US-NC4",2017,7,"Freshwater","WUE_ET_minus_WUE_T",0.814009776395497,1.49812055597753,-0.577873290638694,-0.173917587853604,-0.40395570278509
"US-NC4",2017,9,"Freshwater","WUE_ET_minus_WUE_T",0.790131497229497,1.36056668021144,-0.641024905597259,-0.281553164455327,-0.359471741141932
"US-NC4",2018,4,"Freshwater","WUE_ET_minus_WUE_T",0.664311462145321,0.635764304188604,-0.612289018904387,-1.109983942028,0.497694923123614
"US-NC4",2018,5,"Freshwater","WUE_ET_minus_WUE_T",0.80115291209673,1.42405694769992,-0.42274452018823,-0.242746120544717,-0.179998399643513
"US-NC4",2018,6,"Freshwater","WUE_ET_minus_WUE_T",0.81044824445745,1.47760389653413,-0.328195036114658,-0.120003320430698,-0.20819171568396
"US-NC4",2018,7,"Freshwater","WUE_ET_minus_WUE_T",0.781246407315855,1.30938298537082,-0.415931068896251,-0.387722218958367,-0.028208849937884
"US-NC4",2018,8,"Freshwater","WUE_ET_minus_WUE_T",0.768751113373145,1.23740224929234,-0.358219812361766,-0.493566242989505,0.135346430627739
"US-NC4",2018,9,"Freshwater","WUE_ET_minus_WUE_T",0.751596401170701,1.13858033944308,-0.423405547262096,-0.533022480001288,0.109616932739192
"US-NC4",2019,4,"Freshwater","WUE_ET_minus_WUE_T",0.65935211134674,0.607195330734275,-0.651526597510889,-1.14234728553618,0.490820688025294
"US-NC4",2019,5,"Freshwater","WUE_ET_minus_WUE_T",0.815172678098914,1.50481959971213,-0.42811280208688,-0.15125702822989,-0.276855773856989
"US-NC4",2019,6,"Freshwater","WUE_ET_minus_WUE_T",0.807542847234043,1.46086698488563,-0.409621892719273,-0.138963134363546,-0.270658758355727
"US-NC4",2019,7,"Freshwater","WUE_ET_minus_WUE_T",0.815846780131084,1.5087028505336,-0.326688324580876,-0.16192981257108,-0.164758512009796
"US-NC4",2019,8,"Freshwater","WUE_ET_minus_WUE_T",0.800419042726188,1.41982939949503,-0.271467935153997,-0.286910146764466,0.0154422116104691
"US-NC4",2019,9,"Freshwater","WUE_ET_minus_WUE_T",0.729954861411872,1.01391148660499,-0.482110036267194,-0.674249147302444,0.19213911103525
"US-NC4",2020,9,"Freshwater","WUE_ET_minus_WUE_T",0.65309118382151,0.571128458368857,-0.739950526046284,-1.17584012204667,0.435889596000387
"US-NC4",2021,4,"Freshwater","WUE_ET_minus_WUE_T",0.704744928277228,0.868686448135222,-0.780336490715963,-0.846126391554331,0.0657899008383677
"US-NC4",2021,5,"Freshwater","WUE_ET_minus_WUE_T",0.796265619083013,1.39590307231519,-0.57551037224638,-0.274639234996975,-0.300871137249404
"US-NC4",2021,6,"Freshwater","WUE_ET_minus_WUE_T",0.758413204777144,1.17784940694513,-0.69114299617505,-0.459569512061524,-0.231573484113526
"US-NC4",2021,7,"Freshwater","WUE_ET_minus_WUE_T",0.836231898288309,1.62613392632354,-0.378648873677936,-0.0289022030771408,-0.349746670600795
"US-NC4",2021,8,"Freshwater","WUE_ET_minus_WUE_T",0.818759210337004,1.5254802765758,-0.400234924593569,-0.167227315584982,-0.233007609008587
"US-NC4",2021,9,"Freshwater","WUE_ET_minus_WUE_T",0.794430575746516,1.38533207088837,-0.392897559981282,-0.253498574153964,-0.139398985827317
"US-NC4",2025,4,"Freshwater","WUE_ET_minus_WUE_T",0.674735612910445,0.695813955561913,-0.642731578806099,-1.04195883436889,0.399227255562793
"US-NC4",2025,5,"Freshwater","WUE_ET_minus_WUE_T",0.778017990412673,1.29078527761583,-0.557264381414155,-0.393718182797337,-0.163546198616817
"US-NC4",2025,6,"Freshwater","WUE_ET_minus_WUE_T",0.792053711557583,1.37163984126476,-0.612282962078657,-0.240040924360877,-0.37224203771778
"US-NC4",2025,7,"Freshwater","WUE_ET_minus_WUE_T",0.743999600717992,1.09481800052296,-0.727373835496333,-0.630784515913493,-0.0965893195828401
"US-NC4",2025,9,"Freshwater","WUE_ET_minus_WUE_T",0.714371543980842,0.924141796962379,-0.708007421681376,-0.775941541226607,0.0679341195452307
"US-NGC",2017,7,"Upland","WUE_ET_minus_WUE_T",0.702158411535352,0.853786488213259,-0.991722306361675,-0.172820301317585,-0.81890200504409
"US-NGC",2017,8,"Upland","WUE_ET_minus_WUE_T",0.52407885962309,-0.172063506668224,-2.12143581045876,-2.44893429519921,0.32749848474045
"US-NGC",2018,6,"Upland","WUE_ET_minus_WUE_T",0.344875087150209,-1.20438971762265,-4.13116509637332,-4.61350176712357,0.482336670750246
"US-NGC",2018,7,"Upland","WUE_ET_minus_WUE_T",0.53269276557872,-0.122442001640819,-2.41962268841012,-2.31570849137803,-0.103914197032088
"US-NGC",2018,8,"Upland","WUE_ET_minus_WUE_T",0.50199585789888,-0.299275457521011,-2.53280680579523,-2.72817321308588,0.195366407290652
"US-NGC",2019,5,"Upland","WUE_ET_minus_WUE_T",0.302435557207065,-1.44886804827566,-4.71103142526134,-5.21223244267312,0.501201017411779
"US-NGC",2019,6,"Upland","WUE_ET_minus_WUE_T",0.36489479451943,-1.08906363733038,-3.42876102315712,-4.36035314665953,0.931592123502413
"US-NGC",2019,7,"Upland","WUE_ET_minus_WUE_T",0.453669909930886,-0.577663250747459,-3.47167063340714,-3.31495021471781,-0.156720418689331
"US-NGC",2019,8,"Upland","WUE_ET_minus_WUE_T",0.412374238068852,-0.815552240883547,-4.23520743776581,-3.86143600286099,-0.373771434904822
"US-NGC",2020,8,"Upland","WUE_ET_minus_WUE_T",0.375027599484884,-1.0306923206333,-2.94609786158568,-4.33368316722443,1.38758530563875
"US-NGC",2021,5,"Upland","WUE_ET_minus_WUE_T",0.185394716688303,-2.12309675313141,-6.39238192726555,-6.69221048475125,0.299828557485706
"US-NGC",2021,6,"Upland","WUE_ET_minus_WUE_T",0.287045748417913,-1.53752300668076,-5.75197228009668,-5.34475208224736,-0.407220197849327
"US-NGC",2021,7,"Upland","WUE_ET_minus_WUE_T",0.524138480252917,-0.171720054418114,-2.2892874232532,-2.42387718182613,0.134589758572931
"US-NGC",2021,8,"Upland","WUE_ET_minus_WUE_T",0.37206577632819,-1.04775428107461,-3.97404992540156,-4.37113533534794,0.397085409946386
"US-NGC",2022,6,"Upland","WUE_ET_minus_WUE_T",0.284256032328856,-1.55359352238538,-3.84241128094425,-5.38002796148007,1.53761668053582
"US-NGC",2022,7,"Upland","WUE_ET_minus_WUE_T",0.329648176404506,-1.29210628105064,-4.38173180507339,-4.88320144690273,0.501469641829344
"US-NGC",2022,8,"Upland","WUE_ET_minus_WUE_T",0.253684260711464,-1.72970611600125,-6.92137461878232,-5.86806617525078,-1.05330844353154
"US-NGC",2023,7,"Upland","WUE_ET_minus_WUE_T",0.502958928423257,-0.293727566806472,-3.21276158089727,-2.69169200193524,-0.52106957896203
"US-ONA",2016,4,"Upland","WUE_ET_minus_WUE_T",0.440575722840389,-0.65309398726673,-2.9028464012191,-3.02130459173731,0.11845819051821
"US-ONA",2016,5,"Upland","WUE_ET_minus_WUE_T",0.467318054205579,-0.499041373142817,-2.21259485146098,-2.70889999386514,0.496305142404165
"US-ONA",2016,6,"Upland","WUE_ET_minus_WUE_T",0.447698703712614,-0.612061146534326,-2.20580376740742,-2.89490206591295,0.68909829850553
"US-ONA",2016,7,"Upland","WUE_ET_minus_WUE_T",0.575694503066598,0.125274997352801,-1.21229780585715,-1.35355472026957,0.14125691441242
"US-ONA",2016,8,"Upland","WUE_ET_minus_WUE_T",0.573670716882741,0.113616718656248,-1.48113903605971,-1.40344865024518,-0.0776903858145277
"US-ONA",2016,9,"Upland","WUE_ET_minus_WUE_T",0.554673496893401,0.00418080746062621,-1.62040940372995,-1.5711773053806,-0.0492320983493526
"US-ONA",2017,6,"Upland","WUE_ET_minus_WUE_T",0.395556340176994,-0.912433888894319,-2.76488099863468,-3.55424074421306,0.789359745578373
"US-ONA",2017,7,"Upland","WUE_ET_minus_WUE_T",0.533744839378377,-0.116381396195648,-1.46528928356357,-1.88400700389937,0.418717720335807
"US-ONA",2017,8,"Upland","WUE_ET_minus_WUE_T",0.544939524800025,-0.0518929815563543,-1.39874792015272,-1.76675374286653,0.368005822713802
"US-ONA",2017,9,"Upland","WUE_ET_minus_WUE_T",0.466840403134247,-0.501792943122745,-2.13085927634494,-2.681824234736,0.550964958391062
"US-ONA",2018,3,"Upland","WUE_ET_minus_WUE_T",0.348108519969352,-1.18576311504336,-4.01646275016953,-4.20243395049842,0.18597120032889
"US-ONA",2018,4,"Upland","WUE_ET_minus_WUE_T",0.318668150321345,-1.35535812316421,-4.53676173049565,-4.56282231915238,0.0260605886567298
"US-ONA",2018,5,"Upland","WUE_ET_minus_WUE_T",0.423725853245456,-0.750159812355014,-2.63947428891418,-3.26012211377548,0.620647824861294
"US-ONA",2018,6,"Upland","WUE_ET_minus_WUE_T",0.542067023247873,-0.0684403934906792,-1.46412756271268,-1.70161739569899,0.237489832986309
"US-ONA",2018,7,"Upland","WUE_ET_minus_WUE_T",0.448639938344489,-0.606639044266423,-2.16923982751627,-2.96015601517716,0.790916187660887
"US-ONA",2018,8,"Upland","WUE_ET_minus_WUE_T",0.496971201346298,-0.32822063310909,-1.72928061194885,-2.37331180509641,0.644031193147563
"US-ONA",2018,9,"Upland","WUE_ET_minus_WUE_T",0.608410353269139,0.31373882940105,-1.1293330417436,-0.891676311249848,-0.237656730493755
"US-ONA",2019,3,"Upland","WUE_ET_minus_WUE_T",0.388298340330588,-0.954244523665871,-3.39342926049951,-3.6942348348217,0.300805574322198
"US-ONA",2019,4,"Upland","WUE_ET_minus_WUE_T",0.491900449982464,-0.35743134374249,-2.08862040700272,-2.37230490197733,0.283684494974612
"US-ONA",2019,5,"Upland","WUE_ET_minus_WUE_T",0.344074379606142,-1.20900229565961,-2.395124895149,-4.26731269343004,1.87218779828104
"US-ONA",2019,6,"Upland","WUE_ET_minus_WUE_T",0.472845558404381,-0.467199479488216,-1.64004919873355,-2.57692081589639,0.936871617162841
"US-ONA",2019,7,"Upland","WUE_ET_minus_WUE_T",0.566423515206338,0.0718682881216414,-1.50547027011783,-1.47078609352989,-0.034684176587932
"US-ONA",2019,8,"Upland","WUE_ET_minus_WUE_T",0.551735987818534,-0.0127410886080595,-1.64138477705742,-1.68081266463601,0.0394278875785912
"US-ONA",2020,4,"Upland","WUE_ET_minus_WUE_T",0.376682455197272,-1.02115931302039,-3.48699263803531,-3.82923311249392,0.342240474458615
"US-ONA",2020,5,"Upland","WUE_ET_minus_WUE_T",0.511925307503704,-0.242075595341978,-1.75630713281565,-2.14484256650874,0.388535433693094
"US-ONA",2020,6,"Upland","WUE_ET_minus_WUE_T",0.536978065629151,-0.0977559835798233,-1.74507457658125,-1.76596711755158,0.0208925409703224
"US-ONA",2020,7,"Upland","WUE_ET_minus_WUE_T",0.394412023614171,-0.919025870553687,-3.16092042072505,-3.64586642799404,0.484946007268989
"US-ONA",2020,8,"Upland","WUE_ET_minus_WUE_T",0.587618767837957,0.193966246984267,-1.36346311853447,-1.22707594946816,-0.136387169066314
"US-ONA",2020,9,"Upland","WUE_ET_minus_WUE_T",0.543694373463799,-0.0590658348018704,-1.54945961649306,-1.71000800349466,0.160548387001604
"US-ONA",2021,3,"Upland","WUE_ET_minus_WUE_T",0.415403649833876,-0.798100927634652,-3.6804709527849,-3.35148898037642,-0.328981972408481
"US-ONA",2021,4,"Upland","WUE_ET_minus_WUE_T",0.524379062567475,-0.170334149279045,-1.69465955861507,-1.96161378552663,0.266954226911561
"US-ONA",2021,5,"Upland","WUE_ET_minus_WUE_T",0.465520073895676,-0.509398868272969,-2.11637481822534,-2.73163540286384,0.615260584638503
"US-ONA",2021,6,"Upland","WUE_ET_minus_WUE_T",0.413630144820694,-0.808317429693189,-2.17710042800384,-3.32569800741344,1.14859757940959
"US-ONA",2021,7,"Upland","WUE_ET_minus_WUE_T",0.573232083211581,0.111089913391511,-1.4327255183598,-1.38469194809234,-0.0480335702674601
"US-ONA",2021,8,"Upland","WUE_ET_minus_WUE_T",0.531942868647441,-0.126761878655633,-1.45392496062866,-1.93109608389048,0.477171123261821
"US-ONA",2021,9,"Upland","WUE_ET_minus_WUE_T",0.5305512653868,-0.134778386909816,-1.38081663151339,-1.87620222486563,0.495385593352236
"US-ONA",2022,3,"Upland","WUE_ET_minus_WUE_T",0.353998027502901,-1.15183585496061,-4.41080675890816,-4.12796129813473,-0.282845460773428
"US-ONA",2022,5,"Upland","WUE_ET_minus_WUE_T",0.357618564757723,-1.13097928785651,-2.98638044026809,-4.09604686405515,1.10966642378706
"US-ONA",2022,6,"Upland","WUE_ET_minus_WUE_T",0.491993393261858,-0.356895932115122,-1.47507709978892,-2.33479699811793,0.859719898329001
"US-ONA",2022,7,"Upland","WUE_ET_minus_WUE_T",0.525617485468637,-0.163200056042763,-1.03923093248055,-1.98677715894355,0.947546226463
"US-ONA",2022,8,"Upland","WUE_ET_minus_WUE_T",0.414559580449983,-0.802963297086099,-1.773417496083,-3.41540436695785,1.64198687087486
"US-ONA",2022,9,"Upland","WUE_ET_minus_WUE_T",0.32736092482514,-1.30528228579565,-3.04716357821756,-4.44553820246763,1.39837462425007
"US-OPE",2022,7,"Upland","WUE_ET_minus_WUE_T",0.595961104740894,0.242023343811384,-3.18716502536799,-2.61949155476255,-0.56767347060544
"US-OPE",2022,8,"Upland","WUE_ET_minus_WUE_T",0.626477432737128,0.417816547368873,-2.80694812867718,-2.25791668239707,-0.549031446280114
"US-OPE",2022,9,"Upland","WUE_ET_minus_WUE_T",0.510323526411147,-0.251302859831114,-3.95658992717178,-3.65418882527557,-0.302401101896214
"US-PAS",2021,5,"Upland","WUE_ET_minus_WUE_T",0.584838726858563,0.177951465984103,-2.28162401927626,-2.22485410826596,-0.0567699110103015
"US-PAS",2021,7,"Upland","WUE_ET_minus_WUE_T",0.608189973990348,0.312469306428918,-2.47297218235315,-1.94465005054672,-0.52832213180643
"US-PAS",2021,8,"Upland","WUE_ET_minus_WUE_T",0.524100959835989,-0.171936195570203,-3.05080184923286,-3.03225641385888,-0.018545435373984
"US-PAS",2021,9,"Upland","WUE_ET_minus_WUE_T",0.462656639145466,-0.525894049737113,-3.42040318638601,-3.73672742926093,0.316324242874921
"US-PAS",2021,10,"Upland","WUE_ET_minus_WUE_T",0.400838580022352,-0.882004871861561,-3.62191193233502,-4.5200352868589,0.898123354523875
"US-PAS",2022,5,"Upland","WUE_ET_minus_WUE_T",0.660588294252394,0.61431652019045,-1.49948606404265,-1.2670030201937,-0.232483043848946
"US-PAS",2022,6,"Upland","WUE_ET_minus_WUE_T",0.685988812029405,0.760639445825237,-1.4975819308614,-0.88373016050404,-0.613851770357363
"US-PAS",2022,7,"Upland","WUE_ET_minus_WUE_T",0.703178228839814,0.859661275999547,-1.35525313858167,-0.74352631622087,-0.611726822360803
"US-PAS",2022,8,"Upland","WUE_ET_minus_WUE_T",0.61800240655602,0.368995077013906,-1.9166270373063,-1.84487533688568,-0.0717517004206161
"US-PAS",2022,9,"Upland","WUE_ET_minus_WUE_T",0.449411977046242,-0.602191616755868,-3.30953257311905,-3.90420579830471,0.594673225185662
"US-PAS",2022,10,"Upland","WUE_ET_minus_WUE_T",0.549677348611401,-0.0246001425950116,-2.31011909725582,-2.63797336432486,0.327854267069042
"US-PHM",2013,6,"Saline","WUE_ET_minus_WUE_T",0.690355725769486,0.785795609965392,-0.851834292443844,-0.577698808944575,-0.274135483499269
"US-PHM",2013,7,"Saline","WUE_ET_minus_WUE_T",0.735927795410911,1.04831933549356,-0.873037492698052,-0.271261964301256,-0.601775528396796
"US-PHM",2013,8,"Saline","WUE_ET_minus_WUE_T",0.694794742732345,0.811367133926048,-0.842895621049786,-0.641793425107643,-0.201102195942143
"US-PHM",2013,9,"Saline","WUE_ET_minus_WUE_T",0.630093473099045,0.43864720954726,-0.93907271450461,-1.11391121372651,0.174838499221897
"US-PHM",2014,6,"Saline","WUE_ET_minus_WUE_T",0.58529753342273,0.180594479774562,-1.02119624797102,-1.46200258816209,0.440806340191072
"US-PHM",2015,5,"Saline","WUE_ET_minus_WUE_T",0.66641097551417,0.647858819002682,-0.598734255645639,-0.841332422919324,0.242598167273686
"US-PHM",2015,6,"Saline","WUE_ET_minus_WUE_T",0.668141583346913,0.657828206376457,-0.938493162448625,-0.764681372203613,-0.173811790245012
"US-PHM",2015,7,"Saline","WUE_ET_minus_WUE_T",0.73862677892695,1.06386717462715,-0.756532302431649,-0.248543875688032,-0.507988426743616
"US-PHM",2015,8,"Saline","WUE_ET_minus_WUE_T",0.723081339276092,0.97431568477322,-0.686738425315127,-0.403697340774925,-0.283041084540201
"US-PHM",2015,9,"Saline","WUE_ET_minus_WUE_T",0.579349523270883,0.14633020788986,-1.071554821786,-1.54103703421806,0.469482212432053
"US-PHM",2016,6,"Saline","WUE_ET_minus_WUE_T",0.671605865307497,0.677784644908399,-0.624890300940709,-0.735521555519276,0.110631254578566
"US-PHM",2016,7,"Saline","WUE_ET_minus_WUE_T",0.727159478072397,0.997808323980767,-0.550788647576937,-0.345067309573463,-0.205721338003474
"US-PHM",2016,8,"Saline","WUE_ET_minus_WUE_T",0.676545349175061,0.706239172370115,-0.685265194317051,-0.795403603720548,0.110138409403497
"US-PHM",2016,9,"Saline","WUE_ET_minus_WUE_T",0.627851635329357,0.425732816851058,-0.722980507582992,-1.13278138051544,0.409800872932446
"US-PHM",2017,6,"Saline","WUE_ET_minus_WUE_T",0.711455925719985,0.907346005722684,-0.707826677707612,-0.400092606689689,-0.307734071017923
"US-PHM",2017,7,"Saline","WUE_ET_minus_WUE_T",0.757715218126484,1.1738285657294,-0.71484206882494,-0.0878712185020241,-0.626970850322916
"US-PHM",2017,8,"Saline","WUE_ET_minus_WUE_T",0.681536810645166,0.734993123447449,-0.929339325314453,-0.753389095920299,-0.175950229394154
"US-PHM",2017,9,"Saline","WUE_ET_minus_WUE_T",0.608157551264333,0.312282531176176,-1.14850928055906,-1.29855191756644,0.150042637007377
"US-PHM",2018,5,"Saline","WUE_ET_minus_WUE_T",0.547159250608269,-0.0391059676371649,-1.19132816131993,-1.84510708015339,0.653778918833468
"US-PHM",2018,6,"Saline","WUE_ET_minus_WUE_T",0.63285585532709,0.454560265055719,-0.816181416593089,-1.06169107647666,0.245509659883573
"US-PHM",2018,7,"Saline","WUE_ET_minus_WUE_T",0.656058089659177,0.588219698242846,-0.809649408394323,-0.943547305059168,0.133897896664846
"US-PHM",2018,8,"Saline","WUE_ET_minus_WUE_T",0.664057000439812,0.634298445045927,-0.802717315491682,-0.900521479214892,0.0978041637232101
"US-PHM",2018,9,"Saline","WUE_ET_minus_WUE_T",0.65843323705443,0.601902038057266,-0.860057736622422,-0.87536760462686,0.0153098680044377
"US-PHM",2019,5,"Saline","WUE_ET_minus_WUE_T",0.63389385731996,0.460539808061293,-1.24002818013391,-1.11503797472906,-0.124990205404846
"US-PHM",2019,6,"Saline","WUE_ET_minus_WUE_T",0.718326731666872,0.94692616060155,-0.728896125979571,-0.342259138119728,-0.386636987859844
"US-PHM",2019,7,"Saline","WUE_ET_minus_WUE_T",0.739720851417704,1.07016971889452,-0.627453891707472,-0.239334765796646,-0.388119125910826
"US-PHM",2019,8,"Saline","WUE_ET_minus_WUE_T",0.701381099634563,0.849308683766404,-0.701680197887938,-0.586354242595513,-0.115325955292425
"US-PHM",2019,9,"Saline","WUE_ET_minus_WUE_T",0.58116336026931,0.156779047498741,-1.11917201918401,-1.52576946796011,0.406597448776101
"US-PHM",2020,6,"Saline","WUE_ET_minus_WUE_T",0.657127493742939,0.594380137002223,-0.80856798093659,-0.857390002000782,0.0488220210641921
"US-PHM",2020,7,"Saline","WUE_ET_minus_WUE_T",0.700872252537021,0.846377405094582,-0.811282113307514,-0.566334136717705,-0.244947976589809
"US-PHM",2020,8,"Saline","WUE_ET_minus_WUE_T",0.638606507812258,0.487687632904115,-0.883253917671816,-1.11474529470954,0.231491377037726
"US-PHM",2020,9,"Saline","WUE_ET_minus_WUE_T",0.614539642584641,0.349047383052587,-1.04776060016201,-1.2448320947921,0.197071494630086
"US-RRC",2022,6,"Freshwater","WUE_ET_minus_WUE_T",0.8980402810128,1.9821890063183,-0.184764298986652,0.204789097023065,-0.389553396009718
"US-RRC",2022,7,"Freshwater","WUE_ET_minus_WUE_T",0.867982901948103,1.80903963667668,-0.327267427946153,-0.0685128300636919,-0.258754597882461
"US-RRC",2022,8,"Freshwater","WUE_ET_minus_WUE_T",0.878171459774351,1.86773212484655,-0.274297473828603,-0.0263283486103121,-0.247969125218291
"US-RRC",2022,9,"Freshwater","WUE_ET_minus_WUE_T",0.792832738901412,1.37612752774026,-0.459637372117147,-0.510734455875127,0.0510970837579804
"US-RRC",2023,4,"Freshwater","WUE_ET_minus_WUE_T",0.743604284173025,1.09254072909411,-0.269506971104229,-0.839349889552806,0.569842918448577
"US-RRC",2023,5,"Freshwater","WUE_ET_minus_WUE_T",0.810165318841943,1.47597406740382,-0.361765553408982,-0.430742504604785,0.068976951195803
"US-RRC",2023,6,"Freshwater","WUE_ET_minus_WUE_T",0.881998110653773,1.88977603580048,-0.223885611066234,0.100102356554039,-0.323987967620273
"US-RRC",2023,7,"Freshwater","WUE_ET_minus_WUE_T",0.880826688665485,1.88302790987706,-0.230156344934705,0.0153021486225014,-0.245458493557207
"US-RRC",2023,8,"Freshwater","WUE_ET_minus_WUE_T",0.856867205399105,1.7450062475231,-0.285677066129906,-0.165353985338607,-0.120323080791299
"US-RRC",2023,9,"Freshwater","WUE_ET_minus_WUE_T",0.873708565192682,1.8420230508142,-0.170683022321459,0.0170386850208758,-0.187721707342335
"US-RRC",2024,5,"Freshwater","WUE_ET_minus_WUE_T",0.782092407161124,1.3142564754915,-0.563951842270057,-0.613938515715972,0.0499866734459152
"US-RRC",2024,6,"Freshwater","WUE_ET_minus_WUE_T",0.837881829101216,1.63563856342421,-0.336926631699375,-0.187788222712395,-0.14913840898698
"US-RRC",2024,7,"Freshwater","WUE_ET_minus_WUE_T",0.81411696402052,1.49873802397652,-0.55529767045237,-0.420026954259022,-0.135270716193349
"US-RRC",2024,8,"Freshwater","WUE_ET_minus_WUE_T",0.847840086386119,1.69300437592232,-0.368354465956821,-0.224262452469039,-0.144092013487782
"US-RRC",2025,4,"Freshwater","WUE_ET_minus_WUE_T",0.701795399768214,0.851695312581571,-0.280995954192489,-1.11218303700303,0.831187082810541
"US-RRC",2025,5,"Freshwater","WUE_ET_minus_WUE_T",0.802650991216234,1.43268682373325,-0.414342575600387,-0.479778916034569,0.0654363404341819
"US-RRC",2025,6,"Freshwater","WUE_ET_minus_WUE_T",0.831053715486789,1.59630434317717,-0.411889775767491,-0.232346592424782,-0.179543183342709
"US-RRC",2025,7,"Freshwater","WUE_ET_minus_WUE_T",0.790104776993038,1.36041275487784,-0.51534180435497,-0.576723806067812,0.0613820017128417
"US-RRC",2025,8,"Freshwater","WUE_ET_minus_WUE_T",0.888209739244826,1.92555891536139,-0.199457902576146,0.0391786703380243,-0.23863657291417
"US-RRC",2025,9,"Freshwater","WUE_ET_minus_WUE_T",0.88872360257865,1.92851909070276,-0.157813097244261,0.115022641479305,-0.272835738723566
"US-SCg",2006,3,"Upland","WUE_ET_minus_WUE_T",0.512440693796188,-0.239106646802804,-3.8809491058149,-3.73177231954067,-0.149176786274226
"US-SCg",2006,4,"Upland","WUE_ET_minus_WUE_T",0.732821942130614,1.03042767113636,-1.24210457853382,-0.933173556765388,-0.308931021768436
"US-SCg",2007,2,"Upland","WUE_ET_minus_WUE_T",0.203373855227317,-2.01952563011271,-6.02636865378182,-7.6377619225933,1.61139326881148
"US-SCg",2007,3,"Upland","WUE_ET_minus_WUE_T",0.109606989877462,-2.5596816295314,-9.2655544404834,-8.82559285061544,-0.439961589867957
"US-SCg",2008,2,"Upland","WUE_ET_minus_WUE_T",0.404052047006461,-0.863493285024101,-6.34102480320467,-5.10019199366351,-1.24083280954116
"US-SCg",2008,3,"Upland","WUE_ET_minus_WUE_T",0.579827277189135,0.149082370332605,-2.46212304911836,-2.87967092219774,0.417547873079375
"US-SCg",2008,4,"Upland","WUE_ET_minus_WUE_T",0.219839501811262,-1.92467317073442,-10.704859840926,-7.41982167275012,-3.28503816817585
"US-SCg",2009,2,"Upland","WUE_ET_minus_WUE_T",0.519865490813385,-0.196335155633284,-2.98758748860842,-3.63573434749494,0.648146858886525
"US-SCg",2009,3,"Upland","WUE_ET_minus_WUE_T",0.621050717951894,0.3865552639993,-2.08256446369089,-2.35840170644897,0.275837242758082
"US-SCg",2009,4,"Upland","WUE_ET_minus_WUE_T",0.345152597517343,-1.20279108372197,-5.12904609234102,-5.83524120316519,0.706195110824162
"US-SCg",2010,2,"Upland","WUE_ET_minus_WUE_T",0.310051345150377,-1.40499632949172,-5.95635180805966,-6.28882814896041,0.332476340900744
"US-SCg",2010,3,"Upland","WUE_ET_minus_WUE_T",0.561992006578333,0.046340016882527,-1.996357573864,-3.10519740305274,1.10883982918875
"US-SCg",2010,4,"Upland","WUE_ET_minus_WUE_T",0.643480140440017,0.515762815891457,-2.08421767993315,-2.06289805426322,-0.0213196256699284
"US-SCg",2010,5,"Upland","WUE_ET_minus_WUE_T",0.576622603346916,0.130621437511653,-1.79802053691973,-2.93406108496996,1.13604054805024
"US-SCg",2011,2,"Upland","WUE_ET_minus_WUE_T",0.211678828704081,-1.97168377007238,-10.5705518101035,-7.53274577326308,-3.03780603684042
"US-SCg",2011,3,"Upland","WUE_ET_minus_WUE_T",0.5871609847091,0.191329128823581,-2.09840858815654,-2.78693640279011,0.688527814633576
"US-SCg",2011,4,"Upland","WUE_ET_minus_WUE_T",0.61976405365304,0.379143270032446,-1.75389328432081,-2.36278728551938,0.608894001198567
"US-SCg",2011,5,"Upland","WUE_ET_minus_WUE_T",0.389824958201885,-0.945450246509175,-0.884545962459952,-5.29611190331,4.41156594085005
"US-SCg",2012,2,"Upland","WUE_ET_minus_WUE_T",0.126296598884235,-2.46353900602229,-10.6287421422949,-8.6124015990155,-2.01634054327938
"US-SCg",2012,3,"Upland","WUE_ET_minus_WUE_T",0.117514793369758,-2.5141277178948,-15.1492203453396,-8.72559890424771,-6.42362144109187
"US-SCg",2012,4,"Upland","WUE_ET_minus_WUE_T",0.248983336290115,-1.75678639131526,-4.13741393816941,-7.05129872896839,2.91388479079898
"US-SCg",2013,2,"Upland","WUE_ET_minus_WUE_T",0.213480445149559,-1.96130532851901,-10.0264277429877,-7.50996438543525,-2.51646335755245
"US-SCg",2013,3,"Upland","WUE_ET_minus_WUE_T",0.200886537209054,-2.03385414312222,-10.9914599620297,-7.67136561555101,-3.32009434647866
"US-SCg",2014,3,"Upland","WUE_ET_minus_WUE_T",0.123947229692437,-2.47707284720451,-16.6987576453219,-8.64426093305377,-8.05449671226815
"US-SCg",2014,4,"Upland","WUE_ET_minus_WUE_T",0.129674138279692,-2.44408225911151,-12.1977062721424,-8.55996008589937,-3.63774618624305
"US-SCg",2015,2,"Upland","WUE_ET_minus_WUE_T",0.324803384277148,-1.32001532465324,-7.4948359989182,-6.10228904101543,-1.39254695790276
"US-SCg",2015,3,"Upland","WUE_ET_minus_WUE_T",0.251173221938779,-1.74417127544513,-5.52693184178304,-7.03549194206207,1.50856010027903
"US-SCg",2015,4,"Upland","WUE_ET_minus_WUE_T",0.137911062779671,-2.39663240389003,-5.82828741340397,-8.45580441391178,2.62751700050781
"US-SCg",2016,2,"Upland","WUE_ET_minus_WUE_T",0.521125866219158,-0.18907460219143,-1.16639939856052,-3.61979693695474,2.45339753839422
"US-SCg",2016,3,"Upland","WUE_ET_minus_WUE_T",0.529836072184268,-0.138898348664427,-2.07233075843575,-3.51180826311482,1.43947750467907
"US-SCg",2016,4,"Upland","WUE_ET_minus_WUE_T",0.120768227457935,-2.49538589545161,-11.6741472080339,-8.67257507057041,-3.00157213746352
"US-SCs",2006,4,"Upland","WUE_ET_minus_WUE_T",0.602842437105436,0.281664137463096,-2.27216889417801,-3.26096306906547,0.988794174887451
"US-SCs",2006,5,"Upland","WUE_ET_minus_WUE_T",0.615309696358059,0.353483376130041,-2.7741879310773,-3.12906634504349,0.354878413966196
"US-SCs",2006,6,"Upland","WUE_ET_minus_WUE_T",0.469368521229386,-0.487229396061282,-3.63687081486179,-4.91240423480635,1.27553341994456
"US-SCs",2008,3,"Upland","WUE_ET_minus_WUE_T",0.449542971670384,-0.601437005498921,-3.21311167149063,-5.21131462792042,1.99820295642979
"US-SCs",2008,4,"Upland","WUE_ET_minus_WUE_T",0.162853437216501,-2.25294867145925,-16.8779639874572,-8.82461124268872,-8.05335274476848
"US-SCs",2009,3,"Upland","WUE_ET_minus_WUE_T",0.601599372218957,0.274503303477731,-2.93321162811888,-3.28856584235226,0.355354214233381
"US-SCs",2009,4,"Upland","WUE_ET_minus_WUE_T",0.255825825483036,-1.71736935871292,-12.2998550502954,-7.64897808298002,-4.65087696731538
"US-SCs",2010,3,"Upland","WUE_ET_minus_WUE_T",0.591139608872776,0.214248501284448,-2.3801438643674,-3.42082924723785,1.04068538287045
"US-SCs",2010,5,"Upland","WUE_ET_minus_WUE_T",0.316895290512216,-1.36557090844242,-10.8205042779107,-6.90250787309577,-3.91799640481491
"US-SCs",2011,3,"Upland","WUE_ET_minus_WUE_T",0.520003697787885,-0.195538996711267,-4.5110350052744,-4.32034078476806,-0.190694220506344
"US-SCs",2011,4,"Upland","WUE_ET_minus_WUE_T",0.635017294485454,0.467011511286597,-2.41864104473569,-2.85411292839352,0.435471883657823
"US-SCs",2011,5,"Upland","WUE_ET_minus_WUE_T",0.510554912512948,-0.249969930649749,-3.83670141443191,-4.45368755594938,0.616986141517471
"US-SCs",2011,6,"Upland","WUE_ET_minus_WUE_T",0.394425930309168,-0.918945759261636,-6.11562919995801,-5.86005112871759,-0.255578071240423
"US-SCs",2012,4,"Upland","WUE_ET_minus_WUE_T",0.290989497293502,-1.51480453776957,-7.39297803371454,-7.20433447030886,-0.188643563405679
"US-SCs",2013,3,"Upland","WUE_ET_minus_WUE_T",0.229086424687351,-1.87140509091705,-10.8703488984695,-7.99898128616654,-2.87136761230293
"US-Skr",2004,2,"Saline","WUE_ET_minus_WUE_T",0.61981229506007,0.379421170816804,-1.36948286422333,-1.28272843807526,-0.0867544261480699
"US-Skr",2004,3,"Saline","WUE_ET_minus_WUE_T",0.705808610004423,0.874813922529004,-0.951405557111177,-0.56102536665281,-0.390380190458367
"US-Skr",2004,4,"Saline","WUE_ET_minus_WUE_T",0.680377268337588,0.728313431941487,-1.03754195626633,-0.76320372946719,-0.274338226799139
"US-Skr",2004,5,"Saline","WUE_ET_minus_WUE_T",0.659846615056568,0.6100439824899,-1.22763250709269,-0.961767308847263,-0.265865198245423
"US-Skr",2004,6,"Saline","WUE_ET_minus_WUE_T",0.662898670429813,0.62762573713495,-1.11364941128637,-0.87399326973816,-0.239656141548215
"US-Skr",2004,7,"Saline","WUE_ET_minus_WUE_T",0.589208268470743,0.203122768316997,-1.2604173529401,-1.57142154022116,0.311004187281055
"US-Skr",2004,8,"Saline","WUE_ET_minus_WUE_T",0.624373304355125,0.405695447182304,-1.15392002187201,-1.29973094717197,0.14581092529996
"US-Skr",2004,9,"Saline","WUE_ET_minus_WUE_T",0.657260430565258,0.595145936539741,-1.02603645206924,-0.950420293853744,-0.075616158215501
"US-Skr",2004,10,"Saline","WUE_ET_minus_WUE_T",0.677009011139561,0.708910156314098,-1.09299086301228,-0.785811333190304,-0.307179529821976
"US-Skr",2005,4,"Saline","WUE_ET_minus_WUE_T",0.657379933785171,0.59583435009548,-1.31299439637205,-0.956778636881442,-0.356215759490607
"US-Skr",2005,5,"Saline","WUE_ET_minus_WUE_T",0.6543257949491,0.578240593396821,-1.35150394618285,-1.00823757429119,-0.343266371891661
"US-Skr",2005,7,"Saline","WUE_ET_minus_WUE_T",0.618950139676868,0.37445461465723,-1.2324020914855,-1.32107600770173,0.0886739162162338
"US-Skr",2005,8,"Saline","WUE_ET_minus_WUE_T",0.673874881546487,0.690855602646999,-0.737446263120612,-0.883062519801101,0.145616256680489
"US-Skr",2005,9,"Saline","WUE_ET_minus_WUE_T",0.78036657508799,1.30431459949069,-0.410381749403715,0.0857980763142346,-0.49617982571795
"US-Skr",2007,2,"Saline","WUE_ET_minus_WUE_T",0.654670306487019,0.580225196096091,-0.977471296408645,-0.989318942325356,0.0118476459167105
"US-Skr",2007,3,"Saline","WUE_ET_minus_WUE_T",0.765505991626186,1.218708311152,-0.418991090241893,-0.0585360414674491,-0.360455048774444
"US-Skr",2007,4,"Saline","WUE_ET_minus_WUE_T",0.744711507333053,1.09891902947083,-0.557614464673091,-0.221684696958071,-0.33592976771502
"US-Skr",2007,6,"Saline","WUE_ET_minus_WUE_T",0.688168217240276,0.773194187795374,-0.705109823253034,-0.661292525089414,-0.0438172981636198
"US-Skr",2007,7,"Saline","WUE_ET_minus_WUE_T",0.683860051055261,0.7483764464467,-0.75534632380127,-0.774711381979529,0.0193650581782585
"US-Skr",2007,8,"Saline","WUE_ET_minus_WUE_T",0.734378174420658,1.03939254593323,-0.57301822158477,-0.373789617340147,-0.199228604244623
"US-Skr",2007,9,"Saline","WUE_ET_minus_WUE_T",0.749060103884746,1.12396967510865,-0.468640962251038,-0.177717125885491,-0.290923836365546
"US-Skr",2007,10,"Saline","WUE_ET_minus_WUE_T",0.774584186618747,1.27100441245418,-0.41612275273064,0.0355058292948414,-0.451628582025481
"US-Skr",2008,2,"Saline","WUE_ET_minus_WUE_T",0.681698657387381,0.735925462269562,-0.967852649988247,-0.761813858587395,-0.206038791400852
"US-Skr",2008,3,"Saline","WUE_ET_minus_WUE_T",0.731547149590641,1.02308406595225,-0.618050930776735,-0.344376980465961,-0.273673950310774
"US-Skr",2008,4,"Saline","WUE_ET_minus_WUE_T",0.723130015763287,0.974596091892422,-0.614688096255488,-0.40334206350883,-0.211346032746657
"US-Skr",2008,5,"Saline","WUE_ET_minus_WUE_T",0.719117104028325,0.951479201499533,-0.772046499521819,-0.462871256830681,-0.309175242691138
"US-Skr",2008,6,"Saline","WUE_ET_minus_WUE_T",0.701196941689484,0.848247818411636,-0.634740504449922,-0.551626158179246,-0.0831143462706764
"US-Skr",2008,7,"Saline","WUE_ET_minus_WUE_T",0.660892817297697,0.616070764072531,-0.853898184229315,-0.96803292270193,0.114134738472615
"US-Skr",2008,8,"Saline","WUE_ET_minus_WUE_T",0.699893567242651,0.840739563503905,-0.601110961194085,-0.664056066544711,0.062945105350626
"US-Skr",2008,9,"Saline","WUE_ET_minus_WUE_T",0.639454127823224,0.492570456196138,-0.693026547673486,-1.10030085487368,0.407274307200192
"US-Skr",2008,10,"Saline","WUE_ET_minus_WUE_T",0.688818307632412,0.776939116498776,-0.65307786786956,-0.686409227697573,0.0333313598280133
"US-Skr",2009,2,"Saline","WUE_ET_minus_WUE_T",0.751927869930884,1.14048980755598,-0.603925789087042,-0.170675207936439,-0.433250581150603
"US-Skr",2009,3,"Saline","WUE_ET_minus_WUE_T",0.748476942596375,1.12061030005258,-0.611095389096311,-0.201874243631055,-0.409221145465257
"US-Skr",2009,4,"Saline","WUE_ET_minus_WUE_T",0.749632275402647,1.12726574218882,-0.614762157143143,-0.180265235006616,-0.434496922136527
"US-Skr",2009,5,"Saline","WUE_ET_minus_WUE_T",0.74949262230356,1.12646125268149,-0.626996224706418,-0.207192142175608,-0.41980408253081
"US-Skr",2009,6,"Saline","WUE_ET_minus_WUE_T",0.645468128121134,0.527214872742449,-0.67374561677068,-1.02071095155873,0.346965334788047
"US-Skr",2009,7,"Saline","WUE_ET_minus_WUE_T",0.592763920745899,0.223605557211624,-0.777961712037159,-1.54149263439984,0.763530922362684
"US-Skr",2009,8,"Saline","WUE_ET_minus_WUE_T",0.712616904809056,0.914033973991875,-0.54670570925394,-0.556960225250438,0.0102545159964973
"US-Skr",2009,9,"Saline","WUE_ET_minus_WUE_T",0.571625982632819,0.101837765950607,-0.809723798830764,-1.67122905941784,0.86150526058708
"US-Skr",2009,10,"Saline","WUE_ET_minus_WUE_T",0.701840675484046,0.851956129123145,-0.567218130692238,-0.576796366022282,0.00957823533004398
"US-Skr",2010,2,"Saline","WUE_ET_minus_WUE_T",0.54341507837097,-0.0606747498427728,-0.877229932947301,-1.92578488070742,1.04855494776012
"US-Skr",2010,3,"Saline","WUE_ET_minus_WUE_T",0.669743429460831,0.667055845429439,-0.672939621792407,-0.864595937785384,0.191656315992977
"US-Skr",2010,4,"Saline","WUE_ET_minus_WUE_T",0.769216557133121,1.24008349749665,-0.431719631810947,-0.0154189344881664,-0.41630069732278
"US-Skr",2010,5,"Saline","WUE_ET_minus_WUE_T",0.781877106161704,1.31301620659605,-0.491725920761428,0.065396989847942,-0.55712291060937
"US-Skr",2010,6,"Saline","WUE_ET_minus_WUE_T",0.692081264920714,0.795735798552158,-0.47099238512844,-0.628355323574955,0.157362938446515
"US-Skr",2010,7,"Saline","WUE_ET_minus_WUE_T",0.785059230835197,1.33134724205161,-0.356501402411711,0.0771100241773214,-0.433611426589032
"US-Skr",2010,8,"Saline","WUE_ET_minus_WUE_T",0.727222328554152,0.998170382205272,-0.485283929034575,-0.434022345525339,-0.0512615835092359
"US-Skr",2010,9,"Saline","WUE_ET_minus_WUE_T",0.729541967932099,1.01153296099908,-0.572930370377103,-0.342006659149478,-0.230923711227624
"US-Skr",2010,10,"Saline","WUE_ET_minus_WUE_T",0.700088830001836,0.841864399558123,-0.53629955811301,-0.591542132591448,0.0552425744784387
"US-Skr",2011,2,"Saline","WUE_ET_minus_WUE_T",0.720134504228626,0.9573400652487,-0.987998420704535,-0.438288735416096,-0.54970968528844
"US-Skr",2011,3,"Saline","WUE_ET_minus_WUE_T",0.699626899816433,0.839203391748734,-0.951948222585838,-0.613058526172862,-0.338889696412976
"US-Skr",2011,4,"Saline","WUE_ET_minus_WUE_T",0.728542061496353,1.00577287231413,-0.915212242736421,-0.357787381973363,-0.557424860763058
"US-Skr",2011,5,"Saline","WUE_ET_minus_WUE_T",0.708795494513419,0.892020252089934,-0.950591348319145,-0.54975109073752,-0.400840257581625
"US-Skr",2011,6,"Saline","WUE_ET_minus_WUE_T",0.661537638384663,0.619785338270746,-1.00508767382063,-0.885449451824274,-0.119638221996359
"US-Skr",2011,7,"Saline","WUE_ET_minus_WUE_T",0.557170736424241,0.0185664746100565,-1.22744908329289,-1.8410902831595,0.613641199866606
"US-Skr",2011,8,"Saline","WUE_ET_minus_WUE_T",0.683046679727163,0.743690917064995,-0.556709626904201,-0.80586096500353,0.249151338099328
"US-Skr",2011,9,"Saline","WUE_ET_minus_WUE_T",0.80285000161447,1.4338332485407,-0.31534385701341,0.275047278142322,-0.590391135155732
"US-Skr",2018,4,"Saline","WUE_ET_minus_WUE_T",0.716489823858671,0.936344418647428,-0.643797646035392,-0.459234390083428,-0.184563255951965
"US-Skr",2018,5,"Saline","WUE_ET_minus_WUE_T",0.573966841426727,0.115322581899221,-1.00337925380552,-1.68464104846532,0.681261794659796
"US-Skr",2018,6,"Saline","WUE_ET_minus_WUE_T",0.707178225561056,0.882703767806992,-0.563827696344258,-0.501280042240512,-0.0625476541037459
"US-Skr",2018,7,"Saline","WUE_ET_minus_WUE_T",0.657643316938133,0.597351602375241,-0.6589905042125,-0.995384863415388,0.336394359202889
"US-Skr",2018,8,"Saline","WUE_ET_minus_WUE_T",0.713325427647309,0.918115510261429,-0.451102841075866,-0.550996393115752,0.0998935520398865
"US-Skr",2018,9,"Saline","WUE_ET_minus_WUE_T",0.663985411383007,0.63388604714416,-0.551789393617845,-0.89381427561318,0.342024881995335
"US-Skr",2018,10,"Saline","WUE_ET_minus_WUE_T",0.593473202383763,0.227691464643213,-0.85648442302542,-1.48895527401621,0.632470850990791
"US-Skr",2019,2,"Saline","WUE_ET_minus_WUE_T",0.736081056385008,1.04920221490225,-0.583584980299121,-0.304062207980384,-0.279522772318737
"US-Skr",2019,3,"Saline","WUE_ET_minus_WUE_T",0.695121910053582,0.813251823050723,-0.695373645459536,-0.650978267448027,-0.0443953780115089
"US-Skr",2019,4,"Saline","WUE_ET_minus_WUE_T",0.748639834778047,1.12154866126216,-0.467085785674192,-0.188618881451302,-0.27846690422289
"US-Skr",2019,5,"Saline","WUE_ET_minus_WUE_T",0.775398114224217,1.27569314634271,-0.359688873498484,0.0108615278543682,-0.370550401352852
"US-Skr",2019,6,"Saline","WUE_ET_minus_WUE_T",0.740806771375643,1.07642529945574,-0.460684361684184,-0.218219297626935,-0.242465064057248
"US-Skr",2019,7,"Saline","WUE_ET_minus_WUE_T",0.705710560239879,0.874249094341962,-0.502618358579668,-0.590789619971587,0.0881712613919188
"US-Skr",2019,8,"Saline","WUE_ET_minus_WUE_T",0.676589474474374,0.706493361790449,-0.578075610379647,-0.8602130424634,0.282137432083753
"US-Skr",2019,9,"Saline","WUE_ET_minus_WUE_T",0.73192766178264,1.02527605501569,-0.41335759588008,-0.321925616053612,-0.091431979826467
"US-Skr",2019,10,"Saline","WUE_ET_minus_WUE_T",0.62055916143601,0.38372358993067,-0.729018412585096,-1.26096528657595,0.531946873990852
"US-Skr",2020,2,"Saline","WUE_ET_minus_WUE_T",0.589031584830521,0.202104959649627,-1.09768959395175,-1.54181816515859,0.44412857120684
"US-Skr",2020,3,"Saline","WUE_ET_minus_WUE_T",0.674778804286724,0.69606276499937,-0.781480556290187,-0.822211799158511,0.0407312428683242
"US-Skr",2020,4,"Saline","WUE_ET_minus_WUE_T",0.617441045158915,0.365761283014743,-0.980931631262123,-1.29295527728446,0.312023646022333
"US-Skr",2020,5,"Saline","WUE_ET_minus_WUE_T",0.586887745720358,0.189755100743474,-0.917425548286493,-1.57588223354061,0.658456685254113
"US-Skr",2020,6,"Saline","WUE_ET_minus_WUE_T",0.690431493814675,0.786232081463294,-0.523856079130324,-0.642241901968565,0.118385822838241
"US-Skr",2020,7,"Saline","WUE_ET_minus_WUE_T",0.700893830527434,0.846501707863298,-0.56461599365129,-0.631333362377941,0.0667173687266509
"US-Skr",2020,8,"Saline","WUE_ET_minus_WUE_T",0.674710770261036,0.695670846308233,-0.586809545089498,-0.876026613959122,0.289217068869623
"US-Skr",2020,9,"Saline","WUE_ET_minus_WUE_T",0.652357579201115,0.56690243529099,-0.699452271706573,-0.991688945954128,0.292236674247555
"US-Skr",2020,10,"Saline","WUE_ET_minus_WUE_T",0.635393294884902,0.469177509593011,-0.618050529445832,-1.13610229419765,0.518051764751814
"US-Skr",2021,2,"Saline","WUE_ET_minus_WUE_T",0.639477815986719,0.492706914886309,-0.931488930462123,-1.11719832483746,0.185709394375339
"US-Skr",2021,3,"Saline","WUE_ET_minus_WUE_T",0.68079450627333,0.730716984340676,-0.721296752155091,-0.771575976453278,0.0502792242981865
"US-Skr",2021,4,"Saline","WUE_ET_minus_WUE_T",0.653196620171252,0.571735837923004,-0.738422855524144,-0.991990741295259,0.253567885771115
"US-Skr",2021,5,"Saline","WUE_ET_minus_WUE_T",0.687401439839896,0.768777068683113,-0.546480163414795,-0.729830749238959,0.183350585824164
"US-Skr",2021,6,"Saline","WUE_ET_minus_WUE_T",0.6453921904623,0.526777424163485,-0.676588657788528,-1.02135013977615,0.344761481987626
"US-Skr",2021,9,"Saline","WUE_ET_minus_WUE_T",0.834277025547605,1.61487263231471,-0.290565455539647,0.539577205917048,-0.830142661456696
"US-Skr",2022,4,"Saline","WUE_ET_minus_WUE_T",0.76186895291487,1.19775668530095,-0.489022558868125,-0.0772657456054588,-0.411756813262666
"US-Skr",2022,5,"Saline","WUE_ET_minus_WUE_T",0.766893346866687,1.2267003481438,-0.384563545592802,-0.0607254445428537,-0.323838101049948
"US-Skr",2022,6,"Saline","WUE_ET_minus_WUE_T",0.755076175222429,1.15862602214399,-0.350097943013506,-0.0981097900575988,-0.251988152955908
"US-Skr",2022,7,"Saline","WUE_ET_minus_WUE_T",0.763396892918078,1.20655857876732,-0.331213368673889,-0.105227848375909,-0.22598552029798
"US-Skr",2022,8,"Saline","WUE_ET_minus_WUE_T",0.777136697591775,1.28570847780305,-0.335457346021537,-0.0138793353396976,-0.321578010681839
"US-Skr",2022,9,"Saline","WUE_ET_minus_WUE_T",0.740756979368556,1.07613846624178,-0.378127667573206,-0.247606814875621,-0.130520852697586
"US-Skr",2022,10,"Saline","WUE_ET_minus_WUE_T",0.73837131697834,1.06239555345639,-0.459661738747954,-0.269307881697128,-0.190353857050826
"US-Slt",2005,5,"Upland","WUE_ET_minus_WUE_T",0.743505211834282,1.09197001023784,-0.875172130103913,-0.723926763871506,-0.151245366232407
"US-Slt",2005,6,"Upland","WUE_ET_minus_WUE_T",0.818427658489642,1.52357032982859,-0.630231662824921,0.285549453692725,-0.915781116517645
"US-Slt",2005,7,"Upland","WUE_ET_minus_WUE_T",0.840639624603842,1.65152519651529,-0.48515918436153,0.489263288607541,-0.974422472969071
"US-Slt",2005,8,"Upland","WUE_ET_minus_WUE_T",0.807588915924213,1.46113236945712,-0.710457945157904,0.0470348213586551,-0.757492766516559
"US-Slt",2005,9,"Upland","WUE_ET_minus_WUE_T",0.702324883670938,0.854745472204427,-1.64625719201142,-1.21153517894152,-0.4347220130699
"US-Slt",2006,5,"Upland","WUE_ET_minus_WUE_T",0.808280771679528,1.46511789286745,-0.610594669495807,0.0951583162541275,-0.705752985749934
"US-Slt",2006,6,"Upland","WUE_ET_minus_WUE_T",0.834624284834222,1.61687306377117,-0.536416734718271,0.490355325211393,-1.02677205992966
"US-Slt",2006,7,"Upland","WUE_ET_minus_WUE_T",0.85660508893503,1.7434962921664,-0.433727669586198,0.691146123154956,-1.12487379274115
"US-Slt",2006,8,"Upland","WUE_ET_minus_WUE_T",0.804486583326673,1.44326098644244,-0.543711485475186,0.00780591542093328,-0.551517400896119
"US-Slt",2006,9,"Upland","WUE_ET_minus_WUE_T",0.774416382150888,1.27003775339285,-0.836708546392181,-0.299940266448292,-0.536768279943888
"US-Slt",2007,5,"Upland","WUE_ET_minus_WUE_T",0.741186869860842,1.07861490530834,-0.534825773075635,-0.753242131050277,0.218416357974642
"US-Slt",2007,7,"Upland","WUE_ET_minus_WUE_T",0.638214616774214,0.485430094545249,-0.964677750964171,-2.0703950787409,1.10571732777672
"US-Slt",2007,8,"Upland","WUE_ET_minus_WUE_T",0.725304603986302,0.987123084989015,-0.843600154347413,-0.993447922407132,0.149847768059719
"US-Slt",2007,9,"Upland","WUE_ET_minus_WUE_T",0.668644469892319,0.660725148526695,-1.28132877961796,-1.63742303671431,0.356094257096351
"US-Slt",2008,5,"Upland","WUE_ET_minus_WUE_T",0.777798036140443,1.28951820294825,-0.505684872635177,-0.290294992696502,-0.215389879938675
"US-Slt",2008,6,"Upland","WUE_ET_minus_WUE_T",0.791689011051276,1.36953893743549,-0.591811765369243,-0.0525599695500654,-0.539251795819178
"US-Slt",2008,7,"Upland","WUE_ET_minus_WUE_T",0.688601972188025,0.775692888551019,-1.16737876801775,-1.43324842736435,0.265869659346596
"US-Slt",2008,8,"Upland","WUE_ET_minus_WUE_T",0.717887954083625,0.944398526312856,-1.16045207594001,-1.08723124584442,-0.0732208300955854
"US-Slt",2008,9,"Upland","WUE_ET_minus_WUE_T",0.702841585043861,0.857721996432374,-0.909015455302352,-1.20500150503036,0.295986049728006
"US-Slt",2009,5,"Upland","WUE_ET_minus_WUE_T",0.761521716743046,1.1957563870002,-0.89622771511206,-0.496108580562331,-0.400119134549729
"US-Slt",2009,6,"Upland","WUE_ET_minus_WUE_T",0.752637218642165,1.14457610137255,-1.09212658842981,-0.546368754698131,-0.545757833731679
"US-Slt",2009,7,"Upland","WUE_ET_minus_WUE_T",0.827130454809652,1.57370389914898,-0.528627676834095,0.318440227413769,-0.847067904247863
"US-Slt",2009,8,"Upland","WUE_ET_minus_WUE_T",0.829408572096707,1.58682728463692,-0.559507346884711,0.322943742363112,-0.882451089247824
"US-Slt",2009,9,"Upland","WUE_ET_minus_WUE_T",0.734019133946788,1.03732424744344,-0.841992435285424,-0.81076230119662,-0.0312301340888043
"US-Slt",2010,5,"Upland","WUE_ET_minus_WUE_T",0.817114570715053,1.51600612005618,-0.57788393079414,0.206861449474643,-0.784745380268783
"US-Slt",2010,6,"Upland","WUE_ET_minus_WUE_T",0.838991828190228,1.64203285489425,-0.404746447569145,0.545582784584233,-0.950329232153378
"US-Slt",2010,7,"Upland","WUE_ET_minus_WUE_T",0.767279887626248,1.22892706554037,-0.637457318419596,-0.43836846299512,-0.199088855424476
"US-Slt",2011,5,"Upland","WUE_ET_minus_WUE_T",0.838429824672808,1.63879536187903,-0.695013407640091,0.476392219067325,-1.17140562670742
"US-Slt",2011,6,"Upland","WUE_ET_minus_WUE_T",0.814609485586499,1.50157525733944,-0.713088337966603,0.237268767801691,-0.950357105768293
"US-Slt",2011,7,"Upland","WUE_ET_minus_WUE_T",0.804291924114829,1.44213962719973,-0.728034939256949,0.0296476675530393,-0.757682606809988
"US-Slt",2011,8,"Upland","WUE_ET_minus_WUE_T",0.843908722092341,1.67035724997584,-0.420068033426107,0.506297719532618,-0.926365752958725
"US-Slt",2011,9,"Upland","WUE_ET_minus_WUE_T",0.819724276646961,1.53103966426798,-0.565512889975617,0.272976748584867,-0.838489638560484
"US-Slt",2012,5,"Upland","WUE_ET_minus_WUE_T",0.741674466983048,1.08142377078418,-1.39480083604139,-0.74707647954737,-0.647724356494022
"US-Slt",2012,6,"Upland","WUE_ET_minus_WUE_T",0.77442384103383,1.27008072124034,-1.07775342914515,-0.270877544896515,-0.806875884248637
"US-Slt",2012,7,"Upland","WUE_ET_minus_WUE_T",0.836153173374223,1.62568042140484,-0.518042436589462,0.432532242613166,-0.950574679202628
"US-Slt",2012,8,"Upland","WUE_ET_minus_WUE_T",0.806365655934351,1.45408562410729,-0.605190989328891,0.0315667341787999,-0.636757723507691
"US-Slt",2012,9,"Upland","WUE_ET_minus_WUE_T",0.824943488715896,1.56110560174765,-0.478802027167708,0.338973534191803,-0.817775561359511
"US-Slt",2013,5,"Upland","WUE_ET_minus_WUE_T",0.819735302756591,1.53110318158025,-0.552894469631742,0.240000530315619,-0.792894999947361
"US-Slt",2013,6,"Upland","WUE_ET_minus_WUE_T",0.864710437482903,1.79018818731697,-0.409758850966475,0.870793854987002,-1.28055270595348
"US-Slt",2013,7,"Upland","WUE_ET_minus_WUE_T",0.859959159595289,1.76281784443172,-0.462299902114287,0.733558249612357,-1.19585815172664
"US-Slt",2013,8,"Upland","WUE_ET_minus_WUE_T",0.800747759172052,1.4217230125499,-0.852615386332134,-0.0394714078407986,-0.813143978491335
"US-Slt",2013,9,"Upland","WUE_ET_minus_WUE_T",0.726250294552333,0.99257085623453,-1.31326230361143,-0.908999050567725,-0.404263253043704
"US-Slt",2014,5,"Upland","WUE_ET_minus_WUE_T",0.799696413827249,1.41566660346192,-0.498366795214635,-0.0133906404211855,-0.48497615479345
"US-Slt",2014,6,"Upland","WUE_ET_minus_WUE_T",0.864513802612613,1.78905544704154,-0.409854434451756,0.868307412741319,-1.27816184719307
"US-Slt",2014,7,"Upland","WUE_ET_minus_WUE_T",0.794272390216035,1.38442082294388,-0.665702492843341,-0.0970490487072672,-0.568653444136074
"US-Slt",2014,8,"Upland","WUE_ET_minus_WUE_T",0.832861475965221,1.60671817821681,-0.455131999003612,0.366605611879401,-0.821737610883013
"US-Slt",2014,9,"Upland","WUE_ET_minus_WUE_T",0.864665801645204,1.78993105687508,-0.343218591360746,0.841261031917936,-1.18447962327868
"US-Slt",2015,5,"Upland","WUE_ET_minus_WUE_T",0.802206812592379,1.43012807606057,-0.0553597208153192,0.0183532793318265,-0.0737130001471457
"US-Slt",2015,6,"Upland","WUE_ET_minus_WUE_T",0.816488600133744,1.51240013660251,-0.042193152090138,0.261030116884155,-0.303223268974293
"US-Slt",2015,7,"Upland","WUE_ET_minus_WUE_T",0.799681833298252,1.41558261046308,-0.0433307501371361,-0.0286467974412274,-0.0146839526959087
"US-Slt",2015,8,"Upland","WUE_ET_minus_WUE_T",0.757910056282886,1.17495095580508,-0.0638476482709799,-0.58115292147338,0.5173052732024
"US-Slt",2015,9,"Upland","WUE_ET_minus_WUE_T",0.705693313658721,0.874149743209264,-0.133867979406705,-1.16894147920304,1.03507349979634
"US-Slt",2016,5,"Upland","WUE_ET_minus_WUE_T",0.63322207896721,0.456669943091786,-0.213387880209903,-2.11845378821126,1.90506590800135
"US-Slt",2016,6,"Upland","WUE_ET_minus_WUE_T",0.730610209529591,1.01768670310789,-0.0841729456066058,-0.82489964763065,0.740726702024044
"US-Slt",2016,7,"Upland","WUE_ET_minus_WUE_T",0.777606980065699,1.28841760003683,-0.0475183773039377,-0.307782677886647,0.260264300582709
"US-Slt",2016,8,"Upland","WUE_ET_minus_WUE_T",0.763010670781143,1.20433369683706,-0.0583789739488766,-0.516655798716346,0.45827682476747
"US-Slt",2016,9,"Upland","WUE_ET_minus_WUE_T",0.644115542427369,0.519423130163773,-0.169808906408235,-1.94759061482594,1.7777817084177
"US-Slt",2017,5,"Upland","WUE_ET_minus_WUE_T",0.712715506880806,0.914601983815093,-0.123267863705761,-1.11326169218573,0.989993828479969
"US-Slt",2017,6,"Upland","WUE_ET_minus_WUE_T",0.752714708550131,1.14502249188082,-0.0929241839245047,-0.545388897053872,0.452464713129368
"US-Slt",2017,7,"Upland","WUE_ET_minus_WUE_T",0.716644844333375,0.937237433884015,-0.0904002133590546,-1.07864712043619,0.98824690707713
"US-Slt",2017,8,"Upland","WUE_ET_minus_WUE_T",0.745723836851053,1.10475068290721,-0.0650032246372353,-0.73524731361138,0.670244088974145
"US-Slt",2017,9,"Upland","WUE_ET_minus_WUE_T",0.792043128521894,1.3715788763365,-0.0648098311214981,-0.0770505685723891,0.012240737450891
"US-Slt",2018,5,"Upland","WUE_ET_minus_WUE_T",0.760074657467478,1.18742041729175,-0.129367319552682,-0.514406603234877,0.385039283682195
"US-Slt",2018,6,"Upland","WUE_ET_minus_WUE_T",0.813808023769628,1.49695833421768,-0.045598975603691,0.227134306315626,-0.272733281919317
"US-Slt",2018,7,"Upland","WUE_ET_minus_WUE_T",0.759838491341872,1.18605995217297,-0.0685668979480185,-0.532464703713015,0.463897805764997
"US-Slt",2018,8,"Upland","WUE_ET_minus_WUE_T",0.793982177364913,1.38274901476242,-0.0534512544853138,-0.125021994047023,0.0715707395617097
"US-Slt",2018,9,"Upland","WUE_ET_minus_WUE_T",0.683031765258251,0.743605000362642,-0.0937727366307777,-1.45549610307221,1.36172336644143
"US-Slt",2019,5,"Upland","WUE_ET_minus_WUE_T",0.641438032509636,0.503998992434842,-0.145035273246075,-2.01456329337517,1.8695280201291
"US-Slt",2019,6,"Upland","WUE_ET_minus_WUE_T",0.689798770233928,0.782587196494186,-0.0826540593400543,-1.34095911674822,1.25830505740816
"US-Slt",2019,7,"Upland","WUE_ET_minus_WUE_T",0.771406057026064,1.25269639117169,-0.0510498712947809,-0.386193170314746,0.335143299019965
"US-Slt",2019,8,"Upland","WUE_ET_minus_WUE_T",0.765245294771391,1.21720653363579,-0.0624271642928822,-0.488399043012865,0.425971878719983
"US-Slt",2019,9,"Upland","WUE_ET_minus_WUE_T",0.680660038421614,0.729942365112844,-0.140226232804418,-1.48548652030156,1.34526028749714
"US-Slt",2020,5,"Upland","WUE_ET_minus_WUE_T",0.777153252497275,1.28580384444981,-0.0413709524302861,-0.298448263209181,0.257077310778895
"US-Slt",2020,6,"Upland","WUE_ET_minus_WUE_T",0.792841143652378,1.37617594438127,-0.0384372449922986,-0.0379912861431879,-0.000445958849110667
"US-Slt",2020,7,"Upland","WUE_ET_minus_WUE_T",0.76196406243135,1.19830457581363,-0.0613060518752313,-0.505586918784597,0.444280866909366
"US-Slt",2020,8,"Upland","WUE_ET_minus_WUE_T",0.741791503936077,1.08209797709466,-0.116076030986588,-0.78497154954911,0.668895518562522
"US-Slt",2021,5,"Upland","WUE_ET_minus_WUE_T",0.667737298290743,0.655499270693781,-0.144969094830508,-1.68200983847602,1.53704074364552
"US-Slt",2021,6,"Upland","WUE_ET_minus_WUE_T",0.772017029880873,1.25621597830703,-0.0806909480137262,-0.301311602290638,0.220620654276912
"US-Slt",2021,7,"Upland","WUE_ET_minus_WUE_T",0.800302157119703,1.41915606503564,-0.0676546493075199,-0.0208028206664891,-0.0468518286410308
"US-Slt",2021,8,"Upland","WUE_ET_minus_WUE_T",0.779616660692044,1.29999462186844,-0.084303696166978,-0.306673536745443,0.222369840578465
"US-Slt",2021,9,"Upland","WUE_ET_minus_WUE_T",0.764013882688729,1.21011282711457,-0.0819599988626514,-0.431479571177201,0.349519572314549
"US-Snd",2007,4,"Upland","WUE_ET_minus_WUE_T",0.53836769704648,-0.0897508343807902,-2.24723599167329,-2.23411528426114,-0.013120707412146
"US-Snd",2007,5,"Upland","WUE_ET_minus_WUE_T",0.577319611104182,0.134636639687002,-1.47042870805839,-1.76732086649566,0.296892158437272
"US-Snd",2007,6,"Upland","WUE_ET_minus_WUE_T",0.545346254529822,-0.0495499630191351,-1.45698314193663,-2.1095389880107,0.652555846074068
"US-Snd",2007,7,"Upland","WUE_ET_minus_WUE_T",0.536119275798286,-0.10270315204547,-1.53441004332198,-2.30336970106361,0.768959657741637
"US-Snd",2007,8,"Upland","WUE_ET_minus_WUE_T",0.49312888138497,-0.350354807809864,-2.0360427557849,-2.87128520683523,0.835242451050321
"US-Snd",2007,9,"Upland","WUE_ET_minus_WUE_T",0.474455268733768,-0.45792653761797,-2.52586946419808,-3.03492185654265,0.509052392344571
"US-Snd",2008,4,"Upland","WUE_ET_minus_WUE_T",0.641742288623977,0.505751698627033,-1.54813643661896,-0.926946564646856,-0.621189871972105
"US-Snd",2008,5,"Upland","WUE_ET_minus_WUE_T",0.569946574758524,0.0921633224743635,-1.150709881611,-1.86055269776629,0.709842816155293
"US-Snd",2008,6,"Upland","WUE_ET_minus_WUE_T",0.584526555363494,0.17615316223064,-1.0462034402209,-1.61410521755213,0.567901777331233
"US-Snd",2008,7,"Upland","WUE_ET_minus_WUE_T",0.587843235183962,0.195259319789525,-1.1830540656589,-1.64932173113409,0.466267665475191
"US-Snd",2008,8,"Upland","WUE_ET_minus_WUE_T",0.577413852507024,0.135179529320231,-1.01170974517867,-1.80550418556998,0.79379444039131
"US-Snd",2008,9,"Upland","WUE_ET_minus_WUE_T",0.561385145976466,0.0428441189052774,-1.17269474074159,-1.93569607390555,0.76300133316396
"US-Snd",2009,3,"Upland","WUE_ET_minus_WUE_T",0.594545318234752,0.233867524883929,-1.04706947461632,-1.53563514345548,0.488565668839163
"US-Snd",2009,4,"Upland","WUE_ET_minus_WUE_T",0.645663577780714,0.528340785460259,-0.989914670113615,-0.877361976712523,-0.112552693401092
"US-Snd",2009,5,"Upland","WUE_ET_minus_WUE_T",0.51294739479951,-0.236187730980731,-2.63530710742504,-2.58130567922046,-0.0540014282045829
"US-Snd",2009,6,"Upland","WUE_ET_minus_WUE_T",0.382809990073554,-0.98586086603998,-3.49585041675523,-4.16480534948321,0.668954932727984
"US-Snd",2009,7,"Upland","WUE_ET_minus_WUE_T",0.326867671125921,-1.30812373670557,-2.8212006703889,-4.94935018797809,2.12814951758919
"US-Snd",2009,8,"Upland","WUE_ET_minus_WUE_T",0.409533376044336,-0.831917389279386,-2.56431899717729,-3.92834795324238,1.36402895606508
"US-Snd",2009,9,"Upland","WUE_ET_minus_WUE_T",0.451956850340463,-0.587531549230897,-1.60747021531075,-3.31941370619099,1.71194349088024
"US-Snd",2010,3,"Upland","WUE_ET_minus_WUE_T",0.65865780164975,0.603195671079615,-1.21640980867438,-0.724934645605893,-0.491475163068488
"US-Snd",2010,4,"Upland","WUE_ET_minus_WUE_T",0.70561403273706,0.873693035337946,-0.960763201346336,-0.119290208304783,-0.841472993041552
"US-Snd",2010,5,"Upland","WUE_ET_minus_WUE_T",0.628622873589197,0.430175633313771,-1.60569100682932,-1.11859259670319,-0.487098410126126
"US-Snd",2010,6,"Upland","WUE_ET_minus_WUE_T",0.56667843614138,0.0733367927146714,-1.72299374221739,-1.83979416872543,0.116800426508037
"US-Snd",2010,7,"Upland","WUE_ET_minus_WUE_T",0.640539657842775,0.49882379046749,-1.357998513485,-0.982976991251525,-0.375021522233479
"US-Snd",2010,8,"Upland","WUE_ET_minus_WUE_T",0.667578477715078,0.654584364490443,-1.29014643342223,-0.665375108500217,-0.624771324922012
"US-Snd",2010,9,"Upland","WUE_ET_minus_WUE_T",0.584986066211246,0.178800233136611,-1.48247535129444,-1.63726312036987,0.154787769075431
"US-Snd",2011,3,"Upland","WUE_ET_minus_WUE_T",0.666867838838178,0.650490638510102,-0.931956156298104,-0.62111896289494,-0.310837193403164
"US-Snd",2011,4,"Upland","WUE_ET_minus_WUE_T",0.722345598117211,0.970077353892626,-1.00221222675201,0.0922799518415582,-1.09449217859357
"US-Snd",2011,5,"Upland","WUE_ET_minus_WUE_T",0.700055886017397,0.841674621529679,-1.11067512849605,-0.215324221282702,-0.895350907213347
"US-Snd",2011,6,"Upland","WUE_ET_minus_WUE_T",0.627288862033007,0.422490889426035,-1.26857633880783,-1.07337708693565,-0.195199251872178
"US-Snd",2011,7,"Upland","WUE_ET_minus_WUE_T",0.471726226275576,-0.473647535125571,-2.13904737963311,-3.11761794922775,0.978570569594647
"US-Snd",2011,8,"Upland","WUE_ET_minus_WUE_T",0.416663039640559,-0.790846051862188,-3.07339181850039,-3.83819356334698,0.76480174484659
"US-Snd",2011,9,"Upland","WUE_ET_minus_WUE_T",0.412314700583666,-0.815895214168333,-3.25851671835312,-3.82068754292003,0.562170824566913
"US-Snd",2012,3,"Upland","WUE_ET_minus_WUE_T",0.525114773317044,-0.166095993575179,-1.12143515529481,-2.41358237514215,1.29214721984734
"US-Snd",2012,4,"Upland","WUE_ET_minus_WUE_T",0.678012463292835,0.71469067055757,-0.937948610431057,-0.468311255345194,-0.469637355085863
"US-Snd",2012,5,"Upland","WUE_ET_minus_WUE_T",0.662110526097488,0.623085531083221,-1.21187891357352,-0.695142199616633,-0.516736713956888
"US-Snd",2012,6,"Upland","WUE_ET_minus_WUE_T",0.554034771581371,0.000501348752192953,-1.67425293977737,-1.9996729412742,0.325420001496829
"US-Snd",2012,7,"Upland","WUE_ET_minus_WUE_T",0.554617234834832,0.0038567026890461,-1.7244221259937,-2.0694635442383,0.345041418244597
"US-Snd",2012,8,"Upland","WUE_ET_minus_WUE_T",0.484257166013434,-0.401461456893103,-2.03395645658283,-2.98346779102759,0.949511334444751
"US-Snd",2012,9,"Upland","WUE_ET_minus_WUE_T",0.388314523222265,-0.954151300052232,-2.72324218922413,-4.12416909127033,1.4009269020462
"US-Snd",2013,3,"Upland","WUE_ET_minus_WUE_T",0.568958855267634,0.0864734382412022,-2.0594434735489,-1.8591752273949,-0.200268246153992
"US-Snd",2013,4,"Upland","WUE_ET_minus_WUE_T",0.60240982942796,0.279172045704332,-1.42959281124808,-1.42430437319496,-0.00528843805311907
"US-Snd",2013,5,"Upland","WUE_ET_minus_WUE_T",0.541820661877681,-0.0698595896175605,-1.9414236293875,-2.21620405239217,0.274780423004679
"US-Snd",2013,6,"Upland","WUE_ET_minus_WUE_T",0.503219191843679,-0.292228286144317,-2.1556316631177,-2.64223447683664,0.486602813718932
"US-Snd",2013,7,"Upland","WUE_ET_minus_WUE_T",0.484639814182839,-0.399257163259103,-1.84937702551312,-2.95432600376252,1.1049489782494
"US-Snd",2013,8,"Upland","WUE_ET_minus_WUE_T",0.445381707283407,-0.625408500284487,-2.05375628630918,-3.4750468419054,1.42129055559622
"US-Snd",2013,9,"Upland","WUE_ET_minus_WUE_T",0.41401239730749,-0.806115415439377,-2.60211626097668,-3.79922021696586,1.19710395598918
"US-Snd",2014,3,"Upland","WUE_ET_minus_WUE_T",0.625767643285582,0.413727714611734,-1.84159002880632,-1.14082974652699,-0.700760282279339
"US-Snd",2014,4,"Upland","WUE_ET_minus_WUE_T",0.687551966243017,0.769644195246568,-1.20456704414389,-0.347684516541605,-0.856882527602284
"US-Snd",2014,5,"Upland","WUE_ET_minus_WUE_T",0.57875497734167,0.142905250156696,-1.47563240355173,-1.74917070195133,0.273538298399595
"US-Snd",2014,6,"Upland","WUE_ET_minus_WUE_T",0.535877561921513,-0.104095575693144,-1.61621162489561,-2.22927033209001,0.613058707194403
"US-Snd",2014,7,"Upland","WUE_ET_minus_WUE_T",0.62021517373325,0.381742004850708,-1.49883472032223,-1.23997950477876,-0.258855215543472
"US-Snd",2014,8,"Upland","WUE_ET_minus_WUE_T",0.679270497209282,0.721937735551218,-1.21836270758775,-0.517529860275115,-0.700832847312632
"US-Snd",2014,9,"Upland","WUE_ET_minus_WUE_T",0.623694900410986,0.401787414647689,-1.31711725453966,-1.14779103185668,-0.169326222682976
"US-Sne",2017,4,"Freshwater","WUE_ET_minus_WUE_T",0.455493965447214,-0.567155546061575,-0.198278366797385,-1.06702426227868,0.868745895481295
"US-Sne",2017,5,"Freshwater","WUE_ET_minus_WUE_T",0.522773097471627,-0.179585516253326,-0.134883721405889,-0.653730773779597,0.518847052373708
"US-Sne",2017,6,"Freshwater","WUE_ET_minus_WUE_T",0.478367389001821,-0.435390269338636,-0.139062351997519,-0.881426025283607,0.742363673286087
"US-Sne",2017,7,"Freshwater","WUE_ET_minus_WUE_T",0.328248084028309,-1.30017169193882,-0.141030441363571,-1.93821867691284,1.79718823554927
"US-Sne",2017,8,"Freshwater","WUE_ET_minus_WUE_T",0.343341113754709,-1.21322636721562,-0.148872908215226,-1.86402897637388,1.71515606815865
"US-Sne",2017,9,"Freshwater","WUE_ET_minus_WUE_T",0.236046913974914,-1.83130830370401,-0.486998369337548,-2.49171043047491,2.00471206113736
"US-Sne",2017,10,"Freshwater","WUE_ET_minus_WUE_T",0.189105047197738,-2.10172292051986,-0.8239689471337,-2.79966028131148,1.97569133417778
"US-Sne",2018,4,"Freshwater","WUE_ET_minus_WUE_T",0.485342050760437,-0.395211839796647,-0.298657926829084,-0.872243961935806,0.573586035106723
"US-Sne",2018,5,"Freshwater","WUE_ET_minus_WUE_T",0.603065961300441,0.2829517771266,-0.211965508313792,-0.129761883720267,-0.0822036245935251
"US-Sne",2018,6,"Freshwater","WUE_ET_minus_WUE_T",0.526374924930543,-0.158836729317286,-0.291861377234842,-0.56814220259314,0.276280825358297
"US-Sne",2018,7,"Freshwater","WUE_ET_minus_WUE_T",0.477698834322899,-0.439241563923476,-0.453344044779708,-0.962944661063261,0.509600616283553
"US-Sne",2018,8,"Freshwater","WUE_ET_minus_WUE_T",0.456576786272104,-0.560917818451957,-0.538004919152785,-1.125084482246,0.587079563093213
"US-Sne",2018,9,"Freshwater","WUE_ET_minus_WUE_T",0.388868041144513,-0.950962689391394,-0.815797074520811,-1.49444227285397,0.678645198333155
"US-Sne",2018,10,"Freshwater","WUE_ET_minus_WUE_T",0.286217777646644,-1.54229263801881,-1.06420172682145,-2.16592962135607,1.10172789453461
"US-Sne",2019,4,"Freshwater","WUE_ET_minus_WUE_T",0.539247016253877,-0.084685403820569,-0.433330892189343,-0.520475154704043,0.0871442625147
"US-Sne",2019,5,"Freshwater","WUE_ET_minus_WUE_T",0.52322575742364,-0.176977910806948,-0.623016578728929,-0.650776840872981,0.0277602621440526
"US-Sne",2019,6,"Freshwater","WUE_ET_minus_WUE_T",0.514603358309792,-0.226648341756622,-0.563800103187881,-0.64496017124456,0.0811600680566794
"US-Sne",2019,7,"Freshwater","WUE_ET_minus_WUE_T",0.570732620354299,0.0966914384862458,-0.415359443664078,-0.355832057522062,-0.0595273861420158
"US-Sne",2019,8,"Freshwater","WUE_ET_minus_WUE_T",0.428835299036367,-0.720726197534172,-0.732687503655095,-1.30611770963835,0.57343020598325
"US-Sne",2019,9,"Freshwater","WUE_ET_minus_WUE_T",0.398191087268839,-0.897256091883602,-1.2387504725672,-1.43360266772853,0.194852195161334
"US-Sne",2019,10,"Freshwater","WUE_ET_minus_WUE_T",0.344673436616297,-1.20555135126874,-1.9890824453912,-1.7844642546042,-0.204618190786992
"US-Sne",2020,4,"Freshwater","WUE_ET_minus_WUE_T",0.560017583481998,0.0349661005540109,-0.549785586577508,-0.384932211814071,-0.164853374763437
"US-Sne",2020,5,"Freshwater","WUE_ET_minus_WUE_T",0.526269855889603,-0.159441992942183,-0.739666454190542,-0.630911901221024,-0.108754552969518
"US-Sne",2020,6,"Freshwater","WUE_ET_minus_WUE_T",0.533123961626587,-0.11995804175465,-0.730211070958656,-0.524099866849144,-0.206111204109512
"US-Sne",2020,7,"Freshwater","WUE_ET_minus_WUE_T",0.590785041931014,0.212205973147525,-0.476068302536302,-0.224975533348833,-0.251092769187469
"US-Sne",2020,8,"Freshwater","WUE_ET_minus_WUE_T",0.423724687545373,-0.750166527519171,-0.990181570036708,-1.33946813834107,0.349286568304366
"US-Sne",2020,9,"Freshwater","WUE_ET_minus_WUE_T",0.310317954097421,-1.4034604946133,-2.23036522074563,-2.00703828651563,-0.22332693423
"US-Sne",2020,10,"Freshwater","WUE_ET_minus_WUE_T",0.287158107080706,-1.53687575025848,-2.93715933639737,-2.15979329309026,-0.777366043307113
"US-SO2",1997,4,"Upland","WUE_ET_minus_WUE_T",0.220654359162159,-1.91997908092866,-9.76931443830941,-5.90417704477166,-3.86513739353776
"US-SO2",1997,5,"Upland","WUE_ET_minus_WUE_T",0.273988624093466,-1.61274023840425,-6.59933211500298,-5.2555182163265,-1.34381389867648
"US-SO2",1997,7,"Upland","WUE_ET_minus_WUE_T",0.183022436143585,-2.1367625780873,-4.06960541988301,-6.42085481772817,2.35124939784516
"US-SO2",1999,5,"Upland","WUE_ET_minus_WUE_T",0.429985318892357,-0.71410136132635,-3.54095187343503,-3.28294452396555,-0.258007349469484
"US-SO2",1999,6,"Upland","WUE_ET_minus_WUE_T",0.127677520286147,-2.45558403197911,-13.6610711572746,-7.04353384352788,-6.61753731374669
"US-SO2",2000,4,"Upland","WUE_ET_minus_WUE_T",0.439228946265688,-0.660852265673358,-1.95393411631652,-3.1403077147521,1.18637359843557
"US-SO2",2000,5,"Upland","WUE_ET_minus_WUE_T",0.500926427282857,-0.305436049122869,-2.38913505812506,-2.38589626086978,-0.00323879725527965
"US-SO2",2000,6,"Upland","WUE_ET_minus_WUE_T",0.354906496855288,-1.14660250126847,-4.35443700186497,-4.17023000910859,-0.184206992756375
"US-SO2",2000,7,"Upland","WUE_ET_minus_WUE_T",0.164528688858948,-2.24329817048722,-8.24455183615325,-6.65470771707246,-1.58984411908079
"US-SO2",2001,4,"Upland","WUE_ET_minus_WUE_T",0.288127786434215,-1.53128978853995,-3.04192540263353,-5.05097750909,2.00905210645647
"US-SO2",2001,5,"Upland","WUE_ET_minus_WUE_T",0.333178396283457,-1.2717699987214,-4.06629436776311,-4.50706525949088,0.440770891727764
"US-SO2",2001,6,"Upland","WUE_ET_minus_WUE_T",0.291463924145627,-1.51207154131603,-4.97740104301391,-4.97245950547137,-0.00494153754254434
"US-SO2",2001,7,"Upland","WUE_ET_minus_WUE_T",0.11989879695882,-2.50039436084524,-14.7251006030659,-7.21905140889619,-7.50604919416969
"US-SO2",2003,4,"Upland","WUE_ET_minus_WUE_T",0.231701999911651,-1.85633773589707,-2.00191858348223,-5.76447994712995,3.76256136364773
"US-SO2",2003,5,"Upland","WUE_ET_minus_WUE_T",0.255475846248166,-1.71938545877857,-2.78444355229574,-5.48961175655977,2.70516820426403
"US-SO2",2003,6,"Upland","WUE_ET_minus_WUE_T",0.207385740854528,-1.99641465074452,-5.25214453757543,-6.03562570059708,0.78348116302165
"US-SO2",2004,4,"Upland","WUE_ET_minus_WUE_T",0.172855902314845,-2.19532819420764,-4.38242070731908,-6.50858714867811,2.12616644135904
"US-SO2",2004,8,"Upland","WUE_ET_minus_WUE_T",0.196565626435364,-2.05874530130111,-5.7966363742119,-6.2739047805606,0.477268406348701
"US-SO2",2005,4,"Upland","WUE_ET_minus_WUE_T",0.562911412782057,0.0516363737031496,-0.951782894902502,-1.57634650409293,0.624563609190428
"US-SO2",2005,5,"Upland","WUE_ET_minus_WUE_T",0.375301082684159,-1.02911688574724,-2.40485594417453,-3.97442510866772,1.56956916449319
"US-SO2",2005,6,"Upland","WUE_ET_minus_WUE_T",0.163989223004212,-2.24640583241907,-8.13646392734942,-6.5843734132455,-1.55209051410392
"US-SO2",2005,7,"Upland","WUE_ET_minus_WUE_T",0.183876871422368,-2.13184049457489,-3.74243710059579,-6.4100505083489,2.66761340775311
"US-SO2",2005,8,"Upland","WUE_ET_minus_WUE_T",0.344690883157124,-1.20545084824284,-1.73802558549774,-4.40086519494476,2.66283960944702
"US-SO2",2006,5,"Upland","WUE_ET_minus_WUE_T",0.315443959080646,-1.37393148845096,-2.65200058554183,-4.73131670481919,2.07931611927736
"US-SO2",2006,6,"Upland","WUE_ET_minus_WUE_T",0.143846571310919,-2.36244014918692,-5.63710303832651,-6.83907666113036,1.20197362280384
"US-SO2",2006,7,"Upland","WUE_ET_minus_WUE_T",0.177064025031433,-2.17108676603177,-4.1529175243781,-6.49619875384974,2.34328122947164
"US-SO3",1997,3,"Upland","WUE_ET_minus_WUE_T",0.326209632326585,-1.31191445322345,-2.25490795244953,-3.35305189511219,1.09814394266266
"US-SO3",1997,4,"Upland","WUE_ET_minus_WUE_T",0.268529089105841,-1.64419058673997,-4.25402152543447,-4.07053644153519,-0.183485083899279
"US-SO3",1998,3,"Upland","WUE_ET_minus_WUE_T",0.301742980446652,-1.45285772512792,-6.68526095304201,-3.66243200025306,-3.02282895278895
"US-SO3",1998,4,"Upland","WUE_ET_minus_WUE_T",0.228115347972809,-1.87699910231221,-5.99445020883015,-4.58156702889268,-1.41288317993747
"US-SO3",1998,5,"Upland","WUE_ET_minus_WUE_T",0.502128864481602,-0.298509256119786,-1.90682203443085,-1.14242544904794,-0.764396585382912
"US-SO3",1998,6,"Upland","WUE_ET_minus_WUE_T",0.432039761275383,-0.702266483680491,-2.42231918523326,-1.96661608393981,-0.45570310129345
"US-SO3",1998,7,"Upland","WUE_ET_minus_WUE_T",0.311778233009886,-1.39504837149871,-4.02740918058585,-3.56447546334493,-0.462933717240915
"US-SO3",2002,3,"Upland","WUE_ET_minus_WUE_T",0.147310778585093,-2.34248414089558,-3.12123325800968,-5.6152227246861,2.49398946667641
"US-SO3",2002,4,"Upland","WUE_ET_minus_WUE_T",0.154243677237641,-2.30254629305814,-4.92301801722363,-5.51567216804835,0.59265415082472
"US-SO3",2003,3,"Upland","WUE_ET_minus_WUE_T",0.113544125705352,-2.53700125592579,-1.81340366183081,-6.04220107339745,4.22879741156664
"US-SO3",2003,4,"Upland","WUE_ET_minus_WUE_T",0.302992443765798,-1.44566003215426,-0.428411363249251,-3.6347483189703,3.20633695572105
"US-SO3",2003,5,"Upland","WUE_ET_minus_WUE_T",0.256007157455839,-1.71632477273225,-0.807811124999714,-4.25462731347769,3.44681618847797
"US-SO3",2003,6,"Upland","WUE_ET_minus_WUE_T",0.213383506141938,-1.96186375804899,-0.304476101277025,-4.7315181038348,4.42704200255778
"US-SO3",2003,7,"Upland","WUE_ET_minus_WUE_T",0.107155319208017,-2.57380479143682,-0.136486368610048,-6.15192628812149,6.01543991951144
"US-SO3",2004,3,"Upland","WUE_ET_minus_WUE_T",0.116792802197872,-2.5182868402198,-3.40512746614044,-6.00112165314181,2.59599418700137
"US-SO3",2004,4,"Upland","WUE_ET_minus_WUE_T",0.23822109287827,-1.81878366854557,-2.07798056740576,-4.45378017694738,2.37579960954161
"US-SO3",2004,5,"Upland","WUE_ET_minus_WUE_T",0.11365529082171,-2.53636087508015,-8.40521370663487,-6.05466254847392,-2.35055115816095
"US-SO3",2005,3,"Upland","WUE_ET_minus_WUE_T",0.571312489681018,0.100031849776921,-0.53848117320995,-0.253733355298563,-0.284747817911387
"US-SO3",2005,4,"Upland","WUE_ET_minus_WUE_T",0.471815947980587,-0.473130681788745,-1.02052913492777,-1.49997999265672,0.479450857728954
"US-SO3",2005,5,"Upland","WUE_ET_minus_WUE_T",0.332029107761063,-1.27839062198867,-2.3243372134249,-3.29333195137157,0.96899473794667
"US-SO3",2005,7,"Upland","WUE_ET_minus_WUE_T",0.144870813842391,-2.35653986931545,-9.11411214197033,-5.67501494967257,-3.43909719229777
"US-SO3",2006,3,"Upland","WUE_ET_minus_WUE_T",0.555353222302298,0.00809645246169517,-0.381089817985138,-0.455537829561304,0.0744480115761659
"US-SO3",2006,4,"Upland","WUE_ET_minus_WUE_T",0.468858481854599,-0.490167542998405,-1.00755563639356,-1.53737706625303,0.529821429859463
"US-SO3",2006,5,"Upland","WUE_ET_minus_WUE_T",0.350472227073895,-1.1721466784842,-2.55906476240484,-3.06011924126598,0.501054478861138
"US-SO3",2006,6,"Upland","WUE_ET_minus_WUE_T",0.22946694677198,-1.86921304486585,-4.29050992240766,-4.52814346240172,0.237633539994056
"US-SO3",2006,7,"Upland","WUE_ET_minus_WUE_T",0.178171318754863,-2.16470805916557,-2.05265572077893,-5.25393102852052,3.20127530774159
"US-SO4",2004,4,"Upland","WUE_ET_minus_WUE_T",0.105517289880985,-2.58324086850859,-15.3980344270942,-8.90097519543185,-6.49705923166232
"US-SO4",2005,4,"Upland","WUE_ET_minus_WUE_T",0.277567280716869,-1.59212493002449,-4.61452085194306,-6.72540803914478,2.11088718720172
"US-SO4",2005,5,"Upland","WUE_ET_minus_WUE_T",0.226995150771515,-1.88345214131008,-6.05339146920261,-7.39064256764545,1.33725109844284
"US-SO4",2005,6,"Upland","WUE_ET_minus_WUE_T",0.118209122276106,-2.51012794758219,-15.7993425422139,-8.70415470322116,-7.09518783899269
"US-SO4",2005,7,"Upland","WUE_ET_minus_WUE_T",0.118374527995015,-2.50917510682044,-9.54484452802772,-8.77921898664317,-0.765625541384555
"US-SO4",2005,8,"Upland","WUE_ET_minus_WUE_T",0.255491596789436,-1.71929472577465,-2.66375143081588,-7.06968083110828,4.4059294002924
"US-SO4",2006,4,"Upland","WUE_ET_minus_WUE_T",0.185024746291426,-2.12522801483814,-7.49604579459124,-7.89560570946961,0.39955991487837
"US-SO4",2006,5,"Upland","WUE_ET_minus_WUE_T",0.16599413739539,-2.23485626709367,-8.20884004612499,-8.16199861687603,-0.0468414292489658
"US-StJ",2015,5,"Saline","WUE_ET_minus_WUE_T",0.427011524006442,-0.731232286442323,-2.92362583619229,-3.68977329283463,0.766147456642335
"US-StJ",2015,6,"Saline","WUE_ET_minus_WUE_T",0.608414973643736,0.31376544565882,-2.14610877818997,-2.10076638027335,-0.0453423979166163
"US-StJ",2015,7,"Saline","WUE_ET_minus_WUE_T",0.649991312756339,0.553271255325662,-2.37332224974896,-1.82796270148262,-0.545359548266334
"US-StJ",2015,8,"Saline","WUE_ET_minus_WUE_T",0.523498556112106,-0.175406419132794,-3.2489487606628,-2.91699033211254,-0.33195842855026
"US-StJ",2015,9,"Saline","WUE_ET_minus_WUE_T",0.432033852582076,-0.702300521462671,-4.63793100201794,-3.61438332498773,-1.02354767703021
"US-StJ",2016,5,"Saline","WUE_ET_minus_WUE_T",0.620524357157146,0.38352309543868,-1.80533918235681,-2.06092240686619,0.255583224509377
"US-StJ",2016,6,"Saline","WUE_ET_minus_WUE_T",0.659622757823606,0.608754424318727,-1.48499359763038,-1.66973633812155,0.184742740491175
"US-StJ",2016,7,"Saline","WUE_ET_minus_WUE_T",0.609131903023587,0.31789540888454,-2.55743446300695,-2.1718876219116,-0.385546841095357
"US-StJ",2016,8,"Saline","WUE_ET_minus_WUE_T",0.591413076124113,0.215823844300376,-2.47647851524987,-2.34533508687344,-0.131143428376428
"US-StJ",2016,9,"Saline","WUE_ET_minus_WUE_T",0.492379418819922,-0.354672182602545,-4.26645203932263,-3.1064380511245,-1.16001398819813
"US-StJ",2017,5,"Saline","WUE_ET_minus_WUE_T",0.475126791531777,-0.454058144804178,-3.79709096269107,-3.28477381625616,-0.512317146434911
"US-StJ",2017,6,"Saline","WUE_ET_minus_WUE_T",0.634133365447191,0.461919525207115,-1.847324981548,-1.88428758353063,0.036962601982621
"US-StJ",2017,7,"Saline","WUE_ET_minus_WUE_T",0.649858965498552,0.552508852049901,-2.28947240364055,-1.82907670485177,-0.460395698788786
"US-StJ",2017,8,"Saline","WUE_ET_minus_WUE_T",0.64547396701524,0.527248508437418,-2.3473996726551,-1.89028965866828,-0.457110013986816
"US-StJ",2017,9,"Saline","WUE_ET_minus_WUE_T",0.467121016342439,-0.50017643491,-4.61059713690843,-3.31904499084904,-1.29155214605939
"US-StJ",2018,5,"Saline","WUE_ET_minus_WUE_T",0.511881412902262,-0.242328455797778,-4.54453971847372,-2.9754000315412,-1.56913968693252
"US-StJ",2018,6,"Saline","WUE_ET_minus_WUE_T",0.675276058276936,0.69892726009629,-2.30594506519398,-1.53797819114698,-0.767966874046997
"US-StJ",2018,7,"Saline","WUE_ET_minus_WUE_T",0.653926680109741,0.575941441408186,-2.33665663793633,-1.79483762912524,-0.541819008811089
"US-StJ",2018,8,"Saline","WUE_ET_minus_WUE_T",0.583326887185386,0.169242320524472,-3.09671895760716,-2.41339876927892,-0.683320188328246
"US-StJ",2018,9,"Saline","WUE_ET_minus_WUE_T",0.49459278295011,-0.341921815942016,-4.19475170015072,-3.08780755481205,-1.10694414533867
"US-StJ",2019,5,"Saline","WUE_ET_minus_WUE_T",0.535624794810431,-0.105551672908269,-2.71971275420849,-2.77554543777951,0.0558326835710141
"US-StJ",2019,6,"Saline","WUE_ET_minus_WUE_T",0.557333275923993,0.0195028041504095,-2.70503985550553,-2.5307351179166,-0.174304737588932
"US-StJ",2019,7,"Saline","WUE_ET_minus_WUE_T",0.708209806605458,0.888646322119133,-1.32086575443863,-1.33792158254539,0.0170558281067641
"US-StJ",2019,8,"Saline","WUE_ET_minus_WUE_T",0.665692469101935,0.64371977108057,-1.79006066391198,-1.72010495049846,-0.0699557134135256
"US-StJ",2019,9,"Saline","WUE_ET_minus_WUE_T",0.45627475520105,-0.562657706998215,-4.3354804639825,-3.41034096219084,-0.925139501791661
"US-StJ",2020,5,"Saline","WUE_ET_minus_WUE_T",0.300759726150066,-1.45852188703921,-6.74865965873647,-4.75246949465869,-1.99619016407778
"US-StJ",2020,6,"Saline","WUE_ET_minus_WUE_T",0.555688444211216,0.0100275410670655,-2.57415559955975,-2.54458012007487,-0.0295754794848779
"US-StJ",2020,7,"Saline","WUE_ET_minus_WUE_T",0.650070784079928,0.5537290600316,-2.12067492262241,-1.8272937694344,-0.293381153188005
"US-StJ",2020,8,"Saline","WUE_ET_minus_WUE_T",0.589976886846041,0.207550492600321,-3.19171754974012,-2.35742388811684,-0.834293661623283
"US-StJ",2020,9,"Saline","WUE_ET_minus_WUE_T",0.419685564235293,-0.773434413037059,-4.82364713169013,-3.71832227356479,-1.10532485812534
"US-StS",2015,6,"Freshwater","WUE_ET_minus_WUE_T",0.735569184135472,1.04625350945614,-0.619489926113552,-0.569542517083349,-0.0499474090302029
"US-StS",2015,7,"Freshwater","WUE_ET_minus_WUE_T",0.728432242206869,1.00514024427601,-0.559964763610016,-0.693272048403049,0.133307284793033
"US-StS",2015,8,"Freshwater","WUE_ET_minus_WUE_T",0.755522855324022,1.16119917989855,-0.517857160186825,-0.540789456654609,0.0229322964677839
"US-TaS",2017,4,"Saline","WUE_ET_minus_WUE_T",0.216753162776865,-1.94245242078666,-2.90546535396253,-3.12332190363964,0.217856549677106
"US-TaS",2017,5,"Saline","WUE_ET_minus_WUE_T",0.256871355939473,-1.71134644703178,-2.33358381084276,-2.81138741602208,0.477803605179324
"US-TaS",2017,6,"Saline","WUE_ET_minus_WUE_T",0.206418332412562,-2.00198753058717,-3.32638914084562,-3.1739803823015,-0.152408758544124
"US-TaS",2017,7,"Saline","WUE_ET_minus_WUE_T",0.225641023754391,-1.89125276287875,-1.49155614452505,-3.08933352176011,1.59777737723506
"US-TaS",2017,8,"Saline","WUE_ET_minus_WUE_T",0.226912454241118,-1.88392852523161,-1.6789652778353,-3.10293475293656,1.42396947510126
"US-TaS",2018,4,"Saline","WUE_ET_minus_WUE_T",0.215121524949588,-1.95185167880807,-2.28767715319251,-3.13705584922489,0.849378696032377
"US-TaS",2018,5,"Saline","WUE_ET_minus_WUE_T",0.223192272809409,-1.90535910533863,-2.37724510220472,-3.09487354715783,0.717628444953116
"US-TaS",2018,6,"Saline","WUE_ET_minus_WUE_T",0.207678477268649,-1.99472830525621,-2.10480473494535,-3.16337339550964,1.05856866056429
"US-TaS",2018,7,"Saline","WUE_ET_minus_WUE_T",0.16672371157039,-2.23065346191109,-2.92616039603982,-3.58525678735073,0.659096391310911
"US-TaS",2018,8,"Saline","WUE_ET_minus_WUE_T",0.183341588756325,-2.13492405871419,-2.62380466279376,-3.46968274422893,0.845878081435172
"US-TaS",2019,4,"Saline","WUE_ET_minus_WUE_T",0.186349148757848,-2.11759862533884,-2.85978687888417,-3.37924087482903,0.519453995944856
"US-TaS",2019,5,"Saline","WUE_ET_minus_WUE_T",0.206397191491641,-2.00210931556127,-3.11720232303384,-3.23624237856269,0.119040055528848
"US-TaS",2019,6,"Saline","WUE_ET_minus_WUE_T",0.194708168434238,-2.06944542526529,-3.00908423814342,-3.27254806207948,0.263463823936065
"US-TaS",2019,7,"Saline","WUE_ET_minus_WUE_T",0.174112234420653,-2.18809093271146,-2.48899499186934,-3.52306555282275,1.03407056095342
"US-TaS",2019,8,"Saline","WUE_ET_minus_WUE_T",0.263488326883796,-1.67322854109327,-1.65584563784873,-2.79506554556106,1.13921990771233
"US-TaS",2020,4,"Saline","WUE_ET_minus_WUE_T",0.202044934625921,-2.02718104690537,-2.85145744803203,-3.24712511640141,0.395667668369383
"US-TaS",2020,5,"Saline","WUE_ET_minus_WUE_T",0.176209768971713,-2.1760078171299,-3.30837904084151,-3.49033823937,0.181959198528486
"US-TaS",2020,6,"Saline","WUE_ET_minus_WUE_T",0.170600303993926,-2.20832185631607,-3.08436780340007,-3.47547060583568,0.391102802435613
"US-TaS",2020,7,"Saline","WUE_ET_minus_WUE_T",0.18715529014196,-2.11295474497254,-3.11773404121776,-3.41327855564287,0.295544514425113
"US-TaS",2020,8,"Saline","WUE_ET_minus_WUE_T",0.237601238182892,-1.82235442065749,-1.8663711198922,-3.01296431061491,1.14659319072272
"US-TaS",2021,4,"Saline","WUE_ET_minus_WUE_T",0.241188471751909,-1.80168970368747,-2.11565211112535,-2.91764316892794,0.801991057802588
"US-TaS",2021,5,"Saline","WUE_ET_minus_WUE_T",0.261970552655319,-1.68197187331639,-1.43741280638711,-2.76846607094589,1.33105326455879
"US-TaS",2021,6,"Saline","WUE_ET_minus_WUE_T",0.248659991079907,-1.75864906268137,-2.02861542074918,-2.81842069137653,0.789805270627345
"US-TaS",2021,7,"Saline","WUE_ET_minus_WUE_T",0.229492279313315,-1.86906711352719,-2.60412134169604,-3.05691644157423,0.452795099878198
"US-TaS",2021,8,"Saline","WUE_ET_minus_WUE_T",0.196862193748811,-2.05703688742813,-2.37180950635415,-3.35587608312916,0.984066576775007
"US-TaS",2022,4,"Saline","WUE_ET_minus_WUE_T",0.211154048088783,-1.97470683580754,-2.78082147956667,-3.17045119616164,0.389629716594976
"US-TaS",2022,5,"Saline","WUE_ET_minus_WUE_T",0.201240195519408,-2.03181684927253,-3.4472875186559,-3.27965023592048,-0.167637282735418
"US-TLR",2024,4,"Upland","WUE_ET_minus_WUE_T",0.578090790397217,0.139079116463913,-2.84520114810423,-4.04271301797682,1.1975118698726
"US-TLR",2024,5,"Upland","WUE_ET_minus_WUE_T",0.773028910010107,1.26204504298206,-1.03762684782661,-1.60347754403353,0.565850696206923
"US-TLR",2024,6,"Upland","WUE_ET_minus_WUE_T",0.807825428124897,1.46249482818557,-0.677440362841693,-1.10139253192224,0.423952169080549
"US-TLR",2024,7,"Upland","WUE_ET_minus_WUE_T",0.705273787736116,0.87173301056964,-0.998740130383778,-2.47531089151724,1.47657076113346
"US-TLR",2024,8,"Upland","WUE_ET_minus_WUE_T",0.100958148067334,-2.60950438700903,-20.4811235091328,-10.1411678830136,-10.3399556261192
"US-Tw1",2011,7,"Freshwater","WUE_ET_minus_WUE_T",0.537161174919075,-0.0967011591369554,-1.75415996607512,-1.59509613244415,-0.159063833630967
"US-Tw1",2011,8,"Freshwater","WUE_ET_minus_WUE_T",0.686456231073265,0.763332072904549,-0.937472557690258,-0.645141345471095,-0.292331212219163
"US-Tw1",2011,9,"Freshwater","WUE_ET_minus_WUE_T",0.573113721929921,0.110408078116876,-1.36051606909128,-1.31229238370243,-0.0482236853888545
"US-Tw1",2011,10,"Freshwater","WUE_ET_minus_WUE_T",0.480415601574865,-0.423591279308559,-1.98028480035498,-1.91883481496545,-0.0614499853895365
"US-Tw1",2012,8,"Freshwater","WUE_ET_minus_WUE_T",0.731003163090899,1.01995036226767,-0.645013228618611,-0.354440461086251,-0.29057276753236
"US-Tw1",2012,9,"Freshwater","WUE_ET_minus_WUE_T",0.596129786094553,0.242995054285327,-1.26221986626724,-1.16209595255273,-0.100123913714514
"US-Tw1",2012,10,"Freshwater","WUE_ET_minus_WUE_T",0.509147934022752,-0.258075009876797,-1.75229209394555,-1.73133560739412,-0.0209564865514325
"US-Tw1",2013,6,"Freshwater","WUE_ET_minus_WUE_T",0.42137802406556,-0.763684782102044,-2.51158251308489,-2.27350892747555,-0.238073585609347
"US-Tw1",2013,7,"Freshwater","WUE_ET_minus_WUE_T",0.570560175091115,0.0956980455309354,-1.48263146757049,-1.37714354967732,-0.10548791789317
"US-Tw1",2013,8,"Freshwater","WUE_ET_minus_WUE_T",0.602656495495694,0.280592997080308,-1.30841163174478,-1.19199510487192,-0.116416526872859
"US-Tw1",2013,9,"Freshwater","WUE_ET_minus_WUE_T",0.490993457854246,-0.362656187696211,-1.67251312805219,-1.84818637934877,0.175673251296588
"US-Tw1",2013,10,"Freshwater","WUE_ET_minus_WUE_T",0.335899737835126,-1.25609336326903,-2.75955308075394,-2.86190513415493,0.102352053400986
"US-Tw1",2014,7,"Freshwater","WUE_ET_minus_WUE_T",0.463571174526152,-0.520625751914475,-2.14384368969711,-2.0753240006088,-0.0685196890883044
"US-Tw1",2014,8,"Freshwater","WUE_ET_minus_WUE_T",0.582134938306163,0.162375946825077,-1.39533776545781,-1.32591307753027,-0.0694246879275344
"US-Tw1",2014,9,"Freshwater","WUE_ET_minus_WUE_T",0.505981165613096,-0.276317583613937,-1.61338521713981,-1.7503807684332,0.136995551293392
"US-Tw1",2014,10,"Freshwater","WUE_ET_minus_WUE_T",0.408545055246793,-0.837610737416292,-2.02172471484196,-2.38784200429382,0.366117289451863
"US-Tw1",2015,5,"Freshwater","WUE_ET_minus_WUE_T",0.390856770426378,-0.939506360454608,-2.63952801592259,-2.53476618432229,-0.104761831600303
"US-Tw1",2015,6,"Freshwater","WUE_ET_minus_WUE_T",0.533825807101811,-0.115914971287348,-1.12416829435249,-1.53970598089297,0.415537686540479
"US-Tw1",2015,7,"Freshwater","WUE_ET_minus_WUE_T",0.628438421151732,0.429113071498016,-0.967534580114165,-0.99944621892052,0.0319116388063556
"US-Tw1",2015,8,"Freshwater","WUE_ET_minus_WUE_T",0.647029379344963,0.536208659748169,-0.915376294664091,-0.902430010409696,-0.0129462842543953
"US-Tw1",2015,9,"Freshwater","WUE_ET_minus_WUE_T",0.517491283893839,-0.21001207771732,-1.40167803288957,-1.67526893890784,0.273590906018271
"US-Tw1",2015,10,"Freshwater","WUE_ET_minus_WUE_T",0.45110331722032,-0.592448435743287,-1.99661408043387,-2.11011862732391,0.113504546890046
"US-Tw1",2016,6,"Freshwater","WUE_ET_minus_WUE_T",0.502123057981921,-0.298542705202532,-1.60034562823558,-1.74658930122881,0.146243672993232
"US-Tw1",2016,7,"Freshwater","WUE_ET_minus_WUE_T",0.590453856748376,0.210298138619276,-1.12348874785583,-1.24732291805342,0.123834170197587
"US-Tw1",2016,8,"Freshwater","WUE_ET_minus_WUE_T",0.625223090323192,0.410590747746744,-1.16469185978735,-1.04473178556384,-0.119960074223511
"US-Tw1",2016,9,"Freshwater","WUE_ET_minus_WUE_T",0.546352400214497,-0.0437539323441314,-1.39799734701079,-1.48692932361339,0.0889319766025993
"US-Tw1",2016,10,"Freshwater","WUE_ET_minus_WUE_T",0.451040427487386,-0.592810720079225,-2.37830395840447,-2.1105290282237,-0.267774930180776
"US-Tw1",2017,6,"Freshwater","WUE_ET_minus_WUE_T",0.47518912054212,-0.453699090582316,-2.08369865023121,-1.92235268333146,-0.161345966899748
"US-Tw1",2017,7,"Freshwater","WUE_ET_minus_WUE_T",0.579013041879667,0.144391863875909,-1.36003707284453,-1.32198249279361,-0.0380545800509124
"US-Tw1",2017,8,"Freshwater","WUE_ET_minus_WUE_T",0.643862627325724,0.517966180430123,-1.21723783989406,-0.923095353025336,-0.294142486868726
"US-Tw1",2017,9,"Freshwater","WUE_ET_minus_WUE_T",0.586237518349211,0.18600938295499,-1.4617150930496,-1.22665013960661,-0.235064953442989
"US-Tw1",2017,10,"Freshwater","WUE_ET_minus_WUE_T",0.48329139907535,-0.407024880643056,-1.59546028021466,-1.90006816058907,0.30460788037441
"US-Tw1",2018,6,"Freshwater","WUE_ET_minus_WUE_T",0.466287751967398,-0.504976560728448,-1.97220679824561,-1.9804405380884,0.00823373984278386
"US-Tw1",2018,7,"Freshwater","WUE_ET_minus_WUE_T",0.659517512956968,0.608148147827445,-0.965028566499274,-0.796632712704571,-0.168395853794702
"US-Tw1",2018,9,"Freshwater","WUE_ET_minus_WUE_T",0.609660513871124,0.320940539161526,-1.23374510913561,-1.07379818763678,-0.15994692149883
"US-Tw1",2018,10,"Freshwater","WUE_ET_minus_WUE_T",0.512865551364719,-0.236659200536108,-1.70441906516878,-1.70707547094552,0.00265640577673887
"US-Tw1",2019,6,"Freshwater","WUE_ET_minus_WUE_T",0.326247232318246,-1.31169785367095,-3.30201184170152,-2.89430600688446,-0.407705834817051
"US-Tw1",2019,7,"Freshwater","WUE_ET_minus_WUE_T",0.500428534956425,-0.308304221437078,-1.74742040147725,-1.83480312099065,0.0873827195133952
"US-Tw1",2019,8,"Freshwater","WUE_ET_minus_WUE_T",0.508878346467323,-0.259628003409107,-1.54739457701375,-1.80396521423276,0.256570637219003
"US-Tw1",2019,9,"Freshwater","WUE_ET_minus_WUE_T",0.481868047354848,-0.415224279953718,-1.70466005111849,-1.90773626937262,0.203076218254133
"US-Tw1",2019,10,"Freshwater","WUE_ET_minus_WUE_T",0.395406488102381,-0.913297130902309,-2.09651760981411,-2.47358063803224,0.377063028218132
"US-Tw1",2020,6,"Freshwater","WUE_ET_minus_WUE_T",0.445038965937879,-0.627382905564484,-1.96105277487149,-2.11910420382502,0.158051428953527
"US-Tw1",2020,7,"Freshwater","WUE_ET_minus_WUE_T",0.634337154220238,0.463093476452736,-0.96147923112402,-0.960952728076169,-0.000526503047850513
"US-Tw1",2020,8,"Freshwater","WUE_ET_minus_WUE_T",0.599612455922513,0.263057418474935,-1.21463831009773,-1.21185966020596,-0.00277864989176502
"US-Tw1",2020,9,"Freshwater","WUE_ET_minus_WUE_T",0.518319339864347,-0.205241955578164,-1.6451477058786,-1.66986527602817,0.0247175701495665
"US-Tw1",2020,10,"Freshwater","WUE_ET_minus_WUE_T",0.421251487785389,-0.76441371049934,-1.88010746938323,-2.30492336076335,0.424815891380121
"US-Tw1",2021,6,"Freshwater","WUE_ET_minus_WUE_T",0.448278342840601,-0.608722061332835,-1.86168565304418,-2.09796493142565,0.236279278381471
"US-Tw1",2021,7,"Freshwater","WUE_ET_minus_WUE_T",0.651773713155207,0.563539000389149,-0.909273103277928,-0.847166595710925,-0.0621065075670031
"US-Tw1",2021,8,"Freshwater","WUE_ET_minus_WUE_T",0.687422560631907,0.768898737702062,-0.908397335687146,-0.638835347626097,-0.26956198806105
"US-Tw1",2021,9,"Freshwater","WUE_ET_minus_WUE_T",0.595832623819173,0.241283213058166,-1.32948795199621,-1.16403515088461,-0.165452801111606
"US-Tw1",2021,10,"Freshwater","WUE_ET_minus_WUE_T",0.485787841084296,-0.392643807720316,-1.79132140106621,-1.88377707460522,0.0924556735390083
"US-Tw1",2022,6,"Freshwater","WUE_ET_minus_WUE_T",0.264923500671322,-1.66496103925615,-3.68279394292908,-3.29448761796563,-0.388306324963458
"US-Tw1",2022,7,"Freshwater","WUE_ET_minus_WUE_T",0.606587068786307,0.30323556635206,-1.10023861994596,-1.14204206491772,0.0418034449717606
"US-Tw1",2022,8,"Freshwater","WUE_ET_minus_WUE_T",0.703866333103585,0.86362518846388,-0.733726489100962,-0.531527863504681,-0.202198625596281
"US-Tw1",2022,9,"Freshwater","WUE_ET_minus_WUE_T",0.632774570676561,0.454092014448427,-1.04030742180532,-0.922962283776955,-0.117345138028369
"US-Tw1",2022,10,"Freshwater","WUE_ET_minus_WUE_T",0.595792854324838,0.241054115808526,-1.4060453795881,-1.16591496407574,-0.240130415512362
"US-Tw1",2023,7,"Freshwater","WUE_ET_minus_WUE_T",0.539711546768744,-0.0820094164813083,-1.31814548668108,-1.57845311532424,0.260307628643163
"US-Tw1",2023,8,"Freshwater","WUE_ET_minus_WUE_T",0.646501215761881,0.533166105995181,-1.03144626826778,-0.905876659005854,-0.125569609261929
"US-Tw1",2023,9,"Freshwater","WUE_ET_minus_WUE_T",0.60264587449997,0.280531813478419,-1.42779482194895,-1.11957377254189,-0.308221049407061
"US-Tw1",2023,10,"Freshwater","WUE_ET_minus_WUE_T",0.397772640497716,-0.89966660793334,-3.05236679280008,-2.4581397858173,-0.594227006982774
"US-Tw2",2012,7,"Upland","WUE_ET_minus_WUE_T",0.571010697182399,0.0982933355576358,-1.88255432469011,-5.02281004828652,3.14025572359641
"US-Tw2",2012,8,"Upland","WUE_ET_minus_WUE_T",0.64637078186242,0.532414724864349,-1.95932271236085,-4.09418717009558,2.13486445773473
"US-Tw2",2012,9,"Upland","WUE_ET_minus_WUE_T",0.426628485033906,-0.733438831347653,-3.83141525680498,-6.80033151380973,2.96891625700474
"US-Tw2",2013,5,"Upland","WUE_ET_minus_WUE_T",0.242286368758854,-1.7953651278063,-26.5568443729434,-9.16444788373992,-17.3923964892035
"US-Tw3",2013,6,"Freshwater","WUE_ET_minus_WUE_T",0.579128752938961,0.145058432206238,-1.72024661544996,-1.55919768190807,-0.161048933541895
"US-Tw3",2013,7,"Freshwater","WUE_ET_minus_WUE_T",0.66771306080047,0.655359647536575,-1.24802890106066,-1.0582769689103,-0.189751932150352
"US-Tw3",2013,8,"Freshwater","WUE_ET_minus_WUE_T",0.537358396656201,-0.0955650381401962,-1.96561875876459,-1.93323845173909,-0.0323803070254971
"US-Tw3",2013,9,"Freshwater","WUE_ET_minus_WUE_T",0.600315846731037,0.267109391032007,-1.90545495515064,-1.4499050067416,-0.455549948409037
"US-Tw3",2014,3,"Freshwater","WUE_ET_minus_WUE_T",0.575688151393071,0.12523840772651,-2.1367876461515,-1.62986698288628,-0.506920663265216
"US-Tw3",2014,4,"Freshwater","WUE_ET_minus_WUE_T",0.673925582761686,0.691147673470365,-1.64271311987098,-0.976912583883827,-0.665800535987149
"US-Tw3",2014,5,"Freshwater","WUE_ET_minus_WUE_T",0.596219210363706,0.243510194204914,-1.58652775243415,-1.50975415900458,-0.0767735934295732
"US-Tw3",2014,6,"Freshwater","WUE_ET_minus_WUE_T",0.596368380678799,0.244369508850145,-1.5706308603034,-1.44669666773155,-0.12393419257185
"US-Tw3",2014,7,"Freshwater","WUE_ET_minus_WUE_T",0.637446220342442,0.48100364879594,-1.60397833615612,-1.25578994882104,-0.348188387335075
"US-Tw3",2014,8,"Freshwater","WUE_ET_minus_WUE_T",0.58222850772127,0.162914965387164,-1.95900040510484,-1.64042859080639,-0.318571814298454
"US-Tw3",2014,9,"Freshwater","WUE_ET_minus_WUE_T",0.480736312679184,-0.421743782045729,-2.11331178448537,-2.23024777623785,0.116935991752474
"US-Tw3",2015,3,"Freshwater","WUE_ET_minus_WUE_T",0.572949902577057,0.109464375819262,-1.45965066118027,-1.64773603281695,0.188085371636684
"US-Tw3",2015,4,"Freshwater","WUE_ET_minus_WUE_T",0.610847461578784,0.32777810297361,-1.35219067673623,-1.388542852966,0.03635217622977
"US-Tw3",2015,5,"Freshwater","WUE_ET_minus_WUE_T",0.719637156808222,0.954475031935236,-1.29298953314142,-0.704362978166804,-0.588626554974619
"US-Tw3",2015,6,"Freshwater","WUE_ET_minus_WUE_T",0.649697644525728,0.551579541989491,-1.25607447642541,-1.09868472927171,-0.157389747153695
"US-Tw3",2015,7,"Freshwater","WUE_ET_minus_WUE_T",0.612823478937812,0.339161203255911,-1.52186047802784,-1.41647110862508,-0.105389369402753
"US-Tw3",2015,8,"Freshwater","WUE_ET_minus_WUE_T",0.590410603498916,0.210048972753455,-1.74121476700371,-1.58703451020525,-0.154180256798465
"US-Tw3",2015,9,"Freshwater","WUE_ET_minus_WUE_T",0.350458045947796,-1.17222837067165,-3.44242997033422,-3.08040749857176,-0.362022471762455
"US-Tw3",2016,3,"Freshwater","WUE_ET_minus_WUE_T",0.65922864678625,0.606484097370387,-0.975565830854681,-1.08470495280233,0.109139121947648
"US-Tw3",2016,4,"Freshwater","WUE_ET_minus_WUE_T",0.636654774009987,0.476444421150885,-1.3618616160687,-1.22013151221694,-0.141730103851758
"US-Tw3",2016,5,"Freshwater","WUE_ET_minus_WUE_T",0.714229479083936,0.923323413985789,-1.16810541739228,-0.739651978457462,-0.428453438934815
"US-Tw3",2016,6,"Freshwater","WUE_ET_minus_WUE_T",0.550385652670668,-0.0205198666297399,-1.56701739209128,-1.74676715727951,0.179749765188231
"US-Tw3",2016,7,"Freshwater","WUE_ET_minus_WUE_T",0.529322813249782,-0.141855042286242,-1.6118815461391,-1.96137322113476,0.349491674995655
"US-Tw3",2016,8,"Freshwater","WUE_ET_minus_WUE_T",0.529874089153906,-0.138679347057054,-1.47482957863586,-1.98207896019574,0.507249381559881
"US-Tw3",2016,9,"Freshwater","WUE_ET_minus_WUE_T",0.646945641618663,0.535726277884706,-1.6486280648043,-1.14561193876667,-0.503016126037632
"US-Tw3",2017,3,"Freshwater","WUE_ET_minus_WUE_T",0.676202530307996,0.704264320517403,-1.2428406788673,-0.973938111457037,-0.268902567410262
"US-Tw3",2017,4,"Freshwater","WUE_ET_minus_WUE_T",0.683191344729104,0.744524278278606,-1.34669815984705,-0.916446799228627,-0.430251360618423
"US-Tw3",2017,5,"Freshwater","WUE_ET_minus_WUE_T",0.676865195812128,0.708081689758973,-1.18407610707023,-0.98348089550209,-0.200595211568141
"US-Tw3",2017,6,"Freshwater","WUE_ET_minus_WUE_T",0.555935674577908,0.011451743159235,-1.40334962224287,-1.71054925845426,0.307199636211392
"US-Tw3",2017,7,"Freshwater","WUE_ET_minus_WUE_T",0.414519864724156,-0.803192084595386,-2.45678853305054,-2.71054532244078,0.253756789390243
"US-Tw3",2017,8,"Freshwater","WUE_ET_minus_WUE_T",0.385767766356916,-0.968822218129172,-3.42227615899634,-2.92247672913638,-0.499799429859955
"US-Tw3",2018,3,"Freshwater","WUE_ET_minus_WUE_T",0.654532220056474,0.579429731582923,-1.54351464440953,-1.1153525269889,-0.428162117420632
"US-Tw3",2018,4,"Freshwater","WUE_ET_minus_WUE_T",0.653629667601576,0.574230462934193,-1.12052430319354,-1.10935807943688,-0.0111662237566603
"US-Tw3",2018,5,"Freshwater","WUE_ET_minus_WUE_T",0.638218242874463,0.485450983158687,-1.5438344070621,-1.23568015791845,-0.308154249143653
"US-Tw3",2018,6,"Freshwater","WUE_ET_minus_WUE_T",0.430346937370404,-0.712018211914362,-1.7154559432714,-2.5301064158483,0.814650472576901
"US-Tw4",2014,8,"Freshwater","WUE_ET_minus_WUE_T",0.32185186135949,-1.33701794925253,-2.04907935325579,-2.99651562876814,0.947436275512342
"US-Tw4",2014,9,"Freshwater","WUE_ET_minus_WUE_T",0.218194855300249,-1.93414736693937,-3.35405411068189,-3.60046176859825,0.24640765791636
"US-Tw4",2015,5,"Freshwater","WUE_ET_minus_WUE_T",0.440449693604111,-0.653819994772937,-1.59120680298223,-2.18320417324766,0.591997370265425
"US-Tw4",2015,6,"Freshwater","WUE_ET_minus_WUE_T",0.416366349559933,-0.792555172951175,-1.49432817961613,-2.27828132865062,0.783953149034494
"US-Tw4",2015,7,"Freshwater","WUE_ET_minus_WUE_T",0.497147631199102,-0.327204286416548,-1.22282890930551,-1.82828099380179,0.605452084496282
"US-Tw4",2015,8,"Freshwater","WUE_ET_minus_WUE_T",0.541901249414646,-0.0693953548219585,-1.38598346257266,-1.56053454502805,0.174551082455393
"US-Tw4",2015,9,"Freshwater","WUE_ET_minus_WUE_T",0.456576157744294,-0.560921439166652,-2.048117031088,-2.04485171190873,-0.0032653191792682
"US-Tw4",2015,10,"Freshwater","WUE_ET_minus_WUE_T",0.376364128032389,-1.02299307729573,-2.9115011336758,-2.56991338954687,-0.341587744128932
"US-Tw4",2016,5,"Freshwater","WUE_ET_minus_WUE_T",0.529911328015725,-0.138464827839119,-1.34505027885661,-1.59940243732395,0.25435215846734
"US-Tw4",2016,6,"Freshwater","WUE_ET_minus_WUE_T",0.513826934483136,-0.231121030339041,-1.29809696650738,-1.64228066717692,0.344183700669539
"US-Tw4",2016,7,"Freshwater","WUE_ET_minus_WUE_T",0.507502427297783,-0.267554161454057,-1.32628982144047,-1.76070847539986,0.434418653959384
"US-Tw4",2016,8,"Freshwater","WUE_ET_minus_WUE_T",0.523204472667821,-0.177100524360347,-1.42592102681841,-1.68254450821242,0.256623481394003
"US-Tw4",2016,9,"Freshwater","WUE_ET_minus_WUE_T",0.408493084369141,-0.837910122292321,-2.09890971444284,-2.35862847095839,0.259718756515548
"US-Tw4",2016,10,"Freshwater","WUE_ET_minus_WUE_T",0.35711085884364,-1.13390399259532,-2.94577221205434,-2.69555486757847,-0.250217344475876
"US-Tw4",2017,5,"Freshwater","WUE_ET_minus_WUE_T",0.358116215177394,-1.12811250907708,-1.89682205566776,-2.72048954642786,0.8236674907601
"US-Tw4",2017,6,"Freshwater","WUE_ET_minus_WUE_T",0.516826075781184,-0.213844093979908,-1.06240830884246,-1.62270910549468,0.560300796652216
"US-Tw4",2017,7,"Freshwater","WUE_ET_minus_WUE_T",0.561916490356084,0.0459049960428215,-1.03952170919332,-1.40561743910224,0.366095729908923
"US-Tw4",2017,8,"Freshwater","WUE_ET_minus_WUE_T",0.611483643670839,0.331442911138669,-1.12189513127476,-1.10645919950519,-0.0154359317695687
"US-Tw4",2017,9,"Freshwater","WUE_ET_minus_WUE_T",0.502559903789339,-0.296026199155145,-1.62284881922347,-1.74477457893511,0.121925759711634
"US-Tw4",2017,10,"Freshwater","WUE_ET_minus_WUE_T",0.384000753427614,-0.979001321709651,-2.43768079578867,-2.52007889689923,0.0823981011105612
"US-Tw4",2018,5,"Freshwater","WUE_ET_minus_WUE_T",0.41248366316108,-0.814921883669052,-2.60389531179059,-2.36570270713782,-0.238192604652769
"US-Tw4",2018,6,"Freshwater","WUE_ET_minus_WUE_T",0.551686086945255,-0.0130285489596119,-1.32627304554586,-1.3952223714801,0.0689493259342322
"US-Tw4",2018,7,"Freshwater","WUE_ET_minus_WUE_T",0.633169677630969,0.456368078504095,-1.08430201868609,-0.940638963191745,-0.14366305549435
"US-Tw4",2018,8,"Freshwater","WUE_ET_minus_WUE_T",0.594163329029874,0.231667027299222,-1.69507796152211,-1.21948675394955,-0.475591207572562
"US-Tw4",2018,9,"Freshwater","WUE_ET_minus_WUE_T",0.488788377768442,-0.375358833061408,-2.15181968736288,-1.83464372619801,-0.317175961164868
"US-Tw4",2018,10,"Freshwater","WUE_ET_minus_WUE_T",0.486518327108643,-0.388435749713151,-2.07042323504781,-1.8510777337604,-0.219345501287419
"US-Tw4",2019,5,"Freshwater","WUE_ET_minus_WUE_T",0.351845574522677,-1.16423533516502,-3.45640753261777,-2.76141000270673,-0.694997529911038
"US-Tw4",2019,6,"Freshwater","WUE_ET_minus_WUE_T",0.411366423487215,-0.821357885452571,-2.05749912069576,-2.31090945510887,0.253410334413106
"US-Tw4",2019,7,"Freshwater","WUE_ET_minus_WUE_T",0.516598647731498,-0.215154222296723,-1.61140597293326,-1.70134907162332,0.0899430986900669
"US-Tw4",2019,8,"Freshwater","WUE_ET_minus_WUE_T",0.540178677376841,-0.0793184509730264,-1.47552830474166,-1.57177557088833,0.0962472661466696
"US-Tw4",2019,9,"Freshwater","WUE_ET_minus_WUE_T",0.529049338059846,-0.143430431033485,-1.69476464633454,-1.57191190084445,-0.122852745490087
"US-Tw4",2019,10,"Freshwater","WUE_ET_minus_WUE_T",0.441652973247947,-0.646888348757351,-2.21739193160968,-2.14385655050092,-0.0735353811087611
"US-Tw4",2020,5,"Freshwater","WUE_ET_minus_WUE_T",0.42770757210181,-0.727222612521858,-2.59048236267257,-2.26635571302579,-0.324126649646779
"US-Tw4",2020,6,"Freshwater","WUE_ET_minus_WUE_T",0.549246800567753,-0.0270803695701464,-1.52776471742514,-1.41114047571514,-0.11662424171
"US-Tw4",2020,7,"Freshwater","WUE_ET_minus_WUE_T",0.50998350681595,-0.253261586120835,-1.88093808514936,-1.74451764075663,-0.13642044439272
"US-Tw4",2020,8,"Freshwater","WUE_ET_minus_WUE_T",0.303089238717157,-1.44510243247879,-4.10696282654341,-3.11895528394677,-0.988007542596637
"US-Tw4",2021,5,"Freshwater","WUE_ET_minus_WUE_T",0.39323624397732,-0.925799099268009,-2.79667698398782,-2.49130600966446,-0.305370974323358
"US-Tw4",2021,6,"Freshwater","WUE_ET_minus_WUE_T",0.548464119244336,-0.0315891052615796,-1.53605154787922,-1.41624803627214,-0.119803511607084
"US-Tw4",2021,7,"Freshwater","WUE_ET_minus_WUE_T",0.616199811261217,0.358610996674023,-1.19299873476893,-1.05137958972079,-0.141619145048143
"US-Tw4",2021,8,"Freshwater","WUE_ET_minus_WUE_T",0.617626467820031,0.366829433927718,-1.42817509189167,-1.06637283817993,-0.361802253711736
"US-Tw4",2021,9,"Freshwater","WUE_ET_minus_WUE_T",0.529130594681034,-0.142962341892788,-1.84454156663134,-1.571381642742,-0.273159923889335
"US-Tw4",2021,10,"Freshwater","WUE_ET_minus_WUE_T",0.438096254947317,-0.667377278627826,-2.31900163988325,-2.16706670457149,-0.15193493531176
"US-Tw4",2022,5,"Freshwater","WUE_ET_minus_WUE_T",0.274241784075512,-1.61128187800578,-3.48765650896998,-3.26783074803835,-0.219825760931626
"US-Tw4",2022,6,"Freshwater","WUE_ET_minus_WUE_T",0.49255019314615,-0.353688415292904,-1.79773311820314,-1.78112676147228,-0.0166063567308616
"US-Tw4",2022,7,"Freshwater","WUE_ET_minus_WUE_T",0.657232850631094,0.594987058807755,-1.0962840157638,-0.783609391110937,-0.312674624652859
"US-Tw4",2022,8,"Freshwater","WUE_ET_minus_WUE_T",0.659000488335095,0.605169761482653,-1.06864291742863,-0.796377491485241,-0.272265425943386
"US-Tw4",2022,9,"Freshwater","WUE_ET_minus_WUE_T",0.581953465796702,0.161330551265044,-1.51608312953937,-1.22667428235649,-0.289408847182874
"US-Tw4",2022,10,"Freshwater","WUE_ET_minus_WUE_T",0.544709902638881,-0.0532157493323558,-2.02338589085024,-1.47133570206018,-0.552050188790063
"US-Tw4",2023,6,"Freshwater","WUE_ET_minus_WUE_T",0.331841258292966,-1.2794727528331,-3.97987540500023,-2.82986855747012,-1.15000684753011
"US-Tw4",2023,7,"Freshwater","WUE_ET_minus_WUE_T",0.515851069976407,-0.219460739401009,-1.64839417782952,-1.70622755606004,0.0578333782305136
"US-Tw4",2023,8,"Freshwater","WUE_ET_minus_WUE_T",0.581244837487852,0.157248407418657,-1.49451447036885,-1.30378923553677,-0.190725234832074
"US-Tw4",2023,9,"Freshwater","WUE_ET_minus_WUE_T",0.60007794759381,0.265738942678527,-1.71539768820686,-1.1083989567886,-0.606998731418257
"US-Tw4",2023,10,"Freshwater","WUE_ET_minus_WUE_T",0.459869474222607,-0.541949869123145,-2.62687444150176,-2.02498073338213,-0.60189370811963
"US-Tw4",2024,5,"Freshwater","WUE_ET_minus_WUE_T",0.244705283075024,-1.78143066305605,-4.19023710312833,-3.46057773584611,-0.72965936728222
"US-Tw4",2024,6,"Freshwater","WUE_ET_minus_WUE_T",0.498637159392145,-0.318623669086814,-1.42954888140158,-1.74140491328235,0.311856031880766
"US-Tw4",2024,7,"Freshwater","WUE_ET_minus_WUE_T",0.566171916532125,0.0704189218362805,-1.42593941850549,-1.37784771183304,-0.0480917066724473
"US-Tw4",2024,8,"Freshwater","WUE_ET_minus_WUE_T",0.613532776956054,0.343247205048761,-1.26319050895964,-1.09308712580102,-0.170103383158615
"US-Tw4",2024,9,"Freshwater","WUE_ET_minus_WUE_T",0.56792647234582,0.0805262646118588,-1.56991718388534,-1.31821053899068,-0.251706644894665
"US-Tw4",2024,10,"Freshwater","WUE_ET_minus_WUE_T",0.413159817922776,-0.81102680783706,-2.65287375870778,-2.32979495471387,-0.323078803993903
"US-Tw5",2018,5,"Freshwater","WUE_ET_minus_WUE_T",0.294955931056296,-1.49195538966937,-1.73337279787394,-3.05588101824772,1.32250822037378
"US-Tw5",2018,6,"Freshwater","WUE_ET_minus_WUE_T",0.556354874747603,0.0138665992576313,-0.659306614026769,-1.28798019150676,0.628673577479995
"US-Tw5",2018,7,"Freshwater","WUE_ET_minus_WUE_T",0.598067023618998,0.254154758379339,-0.79252508165532,-1.09293414718561,0.300409065530294
"US-Tw5",2018,8,"Freshwater","WUE_ET_minus_WUE_T",0.608541488549129,0.314494250923971,-1.14619796843675,-1.0488839155181,-0.0973140529186483
"US-Tw5",2018,9,"Freshwater","WUE_ET_minus_WUE_T",0.589292535268709,0.20360819796534,-1.30008728281114,-1.10200658713961,-0.19808069567153
"US-Tw5",2019,4,"Freshwater","WUE_ET_minus_WUE_T",0.284441702191429,-1.55252394743686,-3.72083127938974,-3.09874254200526,-0.622088737384485
"US-Tw5",2019,5,"Freshwater","WUE_ET_minus_WUE_T",0.38662911979348,-0.963860281685587,-3.16143266066406,-2.45764729409969,-0.703785366564373
"US-Tw5",2019,6,"Freshwater","WUE_ET_minus_WUE_T",0.437532435175135,-0.670625234410488,-1.78493824809047,-2.06338237307132,0.278444124980846
"US-Tw5",2019,7,"Freshwater","WUE_ET_minus_WUE_T",0.503973096091565,-0.287885324470556,-1.74843974418708,-1.70696493917462,-0.0414748050124576
"US-Tw5",2019,8,"Freshwater","WUE_ET_minus_WUE_T",0.527080840861148,-0.154770210472075,-1.73513782709699,-1.58047343813852,-0.154664388958474
"US-Tw5",2019,9,"Freshwater","WUE_ET_minus_WUE_T",0.5377515441616,-0.0933002617407168,-1.81905203431828,-1.43834875523722,-0.380703279081052
"US-Twt",2009,6,"Upland","WUE_ET_minus_WUE_T",0.458471089108399,-0.550005445110661,-1.1993050980974,-3.19514497162099,1.99583987352359
"US-Twt",2009,7,"Upland","WUE_ET_minus_WUE_T",0.622390246145122,0.394271787179024,-0.912709564524699,-1.19954780743115,0.286838242906452
"US-Twt",2009,8,"Upland","WUE_ET_minus_WUE_T",0.62329801347309,0.399501096769879,-1.07773470584477,-1.21237232806685,0.134637622222079
"US-Twt",2009,9,"Upland","WUE_ET_minus_WUE_T",0.571933843928225,0.103611240248608,-0.965691392096963,-1.7893801238758,0.823688731778842
"US-Twt",2010,6,"Upland","WUE_ET_minus_WUE_T",0.51704167273687,-0.212602120190601,-0.705975230651904,-2.45452163623114,1.74854640557923
"US-Twt",2010,7,"Upland","WUE_ET_minus_WUE_T",0.632711490665524,0.453728633991182,-1.02671467349488,-1.06903596908985,0.0423212955949703
"US-Twt",2010,8,"Upland","WUE_ET_minus_WUE_T",0.683022233643162,0.743550092276981,-1.20243358261069,-0.457161291986011,-0.745272290624682
"US-Twt",2010,9,"Upland","WUE_ET_minus_WUE_T",0.655011182600143,0.582188856466691,-1.22921860418962,-0.738869580002718,-0.490349024186897
"US-Twt",2011,6,"Upland","WUE_ET_minus_WUE_T",0.657725543180612,0.597825277143175,-0.654004735965076,-0.675578164803091,0.0215734288380152
"US-Twt",2011,7,"Upland","WUE_ET_minus_WUE_T",0.629891882301277,0.43748592001886,-1.19090141216306,-1.10468983527749,-0.0862115768855718
"US-Twt",2011,8,"Upland","WUE_ET_minus_WUE_T",0.689750314102578,0.782308058762966,-1.08851723079763,-0.372084909236731,-0.716432321560897
"US-Twt",2011,9,"Upland","WUE_ET_minus_WUE_T",0.594012669752328,0.230799135295676,-1.22328949608808,-1.51019401012517,0.286904514037089
"US-Twt",2012,6,"Upland","WUE_ET_minus_WUE_T",0.641947537286899,0.506934059754671,-0.177945221693867,-0.875090592832267,0.6971453711384
"US-Twt",2012,7,"Upland","WUE_ET_minus_WUE_T",0.566230113691311,0.070754174002025,-0.764901374135413,-1.90969105745775,1.14478968332234
"US-Twt",2012,8,"Upland","WUE_ET_minus_WUE_T",0.627433617034329,0.423324769092566,-1.25760351562539,-1.16007774068824,-0.0975257749371519
"US-Twt",2012,9,"Upland","WUE_ET_minus_WUE_T",0.631325739279309,0.445745836206766,-1.1693855368271,-1.03837132551608,-0.131014211311016
"US-Twt",2013,6,"Upland","WUE_ET_minus_WUE_T",0.498997707496293,-0.316546685700329,-2.5072552036903,-2.68268705464159,0.175431850951291
"US-Twt",2013,7,"Upland","WUE_ET_minus_WUE_T",0.638659463790351,0.487992692577006,-1.55213525758405,-0.993824021016018,-0.558311236568037
"US-Twt",2013,8,"Upland","WUE_ET_minus_WUE_T",0.650995106710422,0.559053738556331,-1.18531501327352,-0.86214338542634,-0.323171627847183
"US-Twt",2013,9,"Upland","WUE_ET_minus_WUE_T",0.562646803024426,0.0501120554105863,-0.97794956964351,-1.90681448740723,0.92886491776372
"US-Twt",2014,6,"Upland","WUE_ET_minus_WUE_T",0.572155792922004,0.104889805764341,-1.21821171161721,-1.75760518107822,0.539393469461008
"US-Twt",2014,7,"Upland","WUE_ET_minus_WUE_T",0.609035516999562,0.317340164887175,-1.44243983822045,-1.36841797109134,-0.0740218671291166
"US-Twt",2014,8,"Upland","WUE_ET_minus_WUE_T",0.656031849182698,0.588068536627863,-1.11564921473636,-0.798453922589858,-0.317195292146498
"US-Twt",2014,9,"Upland","WUE_ET_minus_WUE_T",0.584369967194049,0.175251116088352,-0.943223173426785,-1.63212570498732,0.688902531560539
"US-Twt",2015,6,"Upland","WUE_ET_minus_WUE_T",0.512856528866657,-0.23671117578813,-0.603277320964414,-2.50744265938339,1.90416533841898
"US-Twt",2015,7,"Upland","WUE_ET_minus_WUE_T",0.53668633222826,-0.0994365510823646,-1.23442977545959,-2.28327131928321,1.04884154382362
"US-Twt",2015,8,"Upland","WUE_ET_minus_WUE_T",0.601880965851961,0.276125459552779,-1.30864183350465,-1.48319027558774,0.174548442083089
"US-Twt",2016,7,"Upland","WUE_ET_minus_WUE_T",0.52641550608965,-0.158602956369104,-1.35757546050171,-2.41314561864548,1.05557015814377
"US-Twt",2016,8,"Upland","WUE_ET_minus_WUE_T",0.641771003824074,0.505917116203368,-1.37542008005953,-0.978781899548055,-0.396638180511472
"US-Twt",2016,9,"Upland","WUE_ET_minus_WUE_T",0.563563025114843,0.0553900697399817,-1.75239214521451,-1.89522888558248,0.142836740367969
"US-Upa",1994,6,"Freshwater","WUE_ET_minus_WUE_T",0.444662249199639,-0.629553030431968,-0.471455891246977,-1.4874000674408,1.01594417619382
"US-Upa",1994,7,"Freshwater","WUE_ET_minus_WUE_T",0.332425578777951,-1.27610670007693,-2.09523293909923,-2.29698118578904,0.201748246689811
"US-Upa",1994,8,"Freshwater","WUE_ET_minus_WUE_T",0.363240478576307,-1.09859353553352,-1.50711134742125,-2.12019493533971,0.613083587918456
"US-Wpp",2015,4,"Upland","WUE_ET_minus_WUE_T",0.699030581290308,0.835768222744745,-1.67020501818954,-0.849593796819211,-0.820611221370325
"US-Wpp",2015,5,"Upland","WUE_ET_minus_WUE_T",0.73526111982278,1.04447886565113,-1.52759662771825,-0.417211093834119,-1.11038553388413
"US-Wpp",2015,6,"Upland","WUE_ET_minus_WUE_T",0.636542324888895,0.475796643632029,-1.53932623338911,-1.60342335229438,0.064097118905271
"US-Wpp",2015,7,"Upland","WUE_ET_minus_WUE_T",0.30899394822876,-1.41108759946057,-5.10360877136589,-5.8224189323274,0.718810160961519
"US-Wpp",2015,8,"Upland","WUE_ET_minus_WUE_T",0.303974040839823,-1.44000541688513,-5.20699685317159,-5.91019872825604,0.703201875084445
"US-xBA",2017,8,"Freshwater","WUE_ET_minus_WUE_T",0.512794400326822,-0.237069075174036,-1.3076708704484,-2.04771673966771,0.740045869219307
"US-xBA",2018,7,"Freshwater","WUE_ET_minus_WUE_T",0.420144794663103,-0.77078895752597,-0.874643285507422,-2.62801907678318,1.75337579127576
"US-xBA",2019,6,"Freshwater","WUE_ET_minus_WUE_T",0.47604861275514,-0.448747875954592,-0.382717947156124,-2.18605047966688,1.80333253251075
"US-xBA",2019,7,"Freshwater","WUE_ET_minus_WUE_T",0.591900978707088,0.218634469421978,-0.657602383701551,-1.50718600616031,0.849583622458755
"US-xBA",2019,8,"Freshwater","WUE_ET_minus_WUE_T",0.358928046009926,-1.12343585391676,-4.60484881242521,-3.05180575884613,-1.55304305357908
"US-xBA",2020,6,"Freshwater","WUE_ET_minus_WUE_T",0.483960719730127,-0.403169173556512,-1.22889797352077,-2.13441827087491,0.90552029735414
"US-xBA",2020,7,"Freshwater","WUE_ET_minus_WUE_T",0.645295534009249,0.52622062232519,-0.99807938048436,-1.15874799382919,0.160668613344833
"US-xBA",2020,8,"Freshwater","WUE_ET_minus_WUE_T",0.674893113152759,0.696721255816414,-0.933124758165174,-0.98990563928729,0.0567808811221167
"US-xBA",2021,6,"Freshwater","WUE_ET_minus_WUE_T",0.66359289009183,0.631624878131656,-1.05299354273699,-0.962188704819818,-0.0908048379171709
"US-xBA",2021,7,"Freshwater","WUE_ET_minus_WUE_T",0.644409018662598,0.521113737486036,-1.37161415213707,-1.16453314633285,-0.207081005804223
"US-xBA",2021,8,"Freshwater","WUE_ET_minus_WUE_T",0.372328598414851,-1.04624026088891,-6.18471553755268,-2.96435748218781,-3.22035805536487
"US-xBA",2022,6,"Freshwater","WUE_ET_minus_WUE_T",0.549559164075301,-0.0252809597042806,-1.22564899461621,-1.70634107404654,0.480692079430337
"US-xBA",2022,7,"Freshwater","WUE_ET_minus_WUE_T",0.560111464713933,0.0355069153767474,-2.4656197114271,-1.71463552991913,-0.750984181507974
"US-xBA",2023,8,"Freshwater","WUE_ET_minus_WUE_T",0.592003778408681,0.219226660227831,-2.47876503918097,-1.5308183761428,-0.947946663038169
"US-xBA",2024,5,"Freshwater","WUE_ET_minus_WUE_T",0.638539923804934,0.487304067228888,-1.7817455771381,-1.18776143980655,-0.59398413733155
"US-xBA",2024,6,"Freshwater","WUE_ET_minus_WUE_T",0.527783627750841,-0.150721716866537,-2.35952326608913,-1.84844216565414,-0.511081100434997
"US-xBA",2024,7,"Freshwater","WUE_ET_minus_WUE_T",0.596776632624515,0.246721296306516,-1.89128063586272,-1.47536884521218,-0.415911790650538
"US-xBA",2024,8,"Freshwater","WUE_ET_minus_WUE_T",0.462031635850051,-0.529494461016887,-3.65878353098242,-2.37898041729596,-1.27980311368646
"US-xSB",2018,4,"Upland","WUE_ET_minus_WUE_T",0.253412167497722,-1.73127354369818,-7.72328735762598,-6.0376895642907,-1.68559779333528
"US-xSB",2018,5,"Upland","WUE_ET_minus_WUE_T",0.225596488160293,-1.89150931585458,-8.77199502461734,-6.41516943325468,-2.35682559136267
"US-xSB",2018,6,"Upland","WUE_ET_minus_WUE_T",0.411358162418931,-0.821405474391142,-2.56861541883507,-4.00413438950058,1.43551897066551
"US-xSB",2018,7,"Upland","WUE_ET_minus_WUE_T",0.387881069384063,-0.956648266227887,-2.8465599794264,-4.378157385628,1.5315974062016
"US-xSB",2018,8,"Upland","WUE_ET_minus_WUE_T",0.299545342379705,-1.46551749979335,-3.83165981693829,-5.51946331006048,1.68780349312219
"US-xSB",2019,4,"Upland","WUE_ET_minus_WUE_T",0.381568066536204,-0.993015125137968,-1.66608603974839,-4.41716192881691,2.75107588906852
"US-xSB",2019,5,"Upland","WUE_ET_minus_WUE_T",0.312417512221863,-1.39136572197891,-4.18477105344933,-5.31732009594355,1.13254904249422
"US-xSB",2019,9,"Upland","WUE_ET_minus_WUE_T",0.269092104161041,-1.64094726663223,-5.11557486250754,-5.83205298425469,0.716478121747149
"US-xSB",2019,10,"Upland","WUE_ET_minus_WUE_T",0.268964145083692,-1.64168439123432,-5.78092037486462,-5.83529131162148,0.0543709367568592
"US-xSB",2020,4,"Upland","WUE_ET_minus_WUE_T",0.369166251092764,-1.06445736638665,-3.57660577871223,-4.57398252628395,0.997376747571716
"US-xSB",2020,5,"Upland","WUE_ET_minus_WUE_T",0.30406107944247,-1.43950401990203,-5.31059148483427,-5.42298694666666,0.112395461832395
"US-xSB",2020,6,"Upland","WUE_ET_minus_WUE_T",0.419391073205383,-0.775130866213637,-3.45885504986004,-3.90255846501791,0.443703415157874
"US-xSB",2020,7,"Upland","WUE_ET_minus_WUE_T",0.426568611456998,-0.733783740731717,-2.46332677615365,-3.88895453544223,1.42562775928858
"US-xSB",2020,8,"Upland","WUE_ET_minus_WUE_T",0.426324911624014,-0.735187604733702,-2.3381061106699,-3.91633932501337,1.57823321434347
"US-xSB",2020,9,"Upland","WUE_ET_minus_WUE_T",0.508179077665565,-0.26365623061993,-1.91886103185241,-2.80880512166873,0.889944089816319
"US-xSB",2020,10,"Upland","WUE_ET_minus_WUE_T",0.436703720055017,-0.675399153665127,-2.71940767836664,-3.71422923923074,0.9948215608641
"US-xSB",2021,3,"Upland","WUE_ET_minus_WUE_T",0.253929714496205,-1.72829214813624,-6.16503922732256,-6.04302945123102,-0.122009776091536
"US-xSB",2021,4,"Upland","WUE_ET_minus_WUE_T",0.333003668987945,-1.27277653761529,-4.14436934741952,-5.03125733072625,0.886887983306725
"US-xSB",2021,6,"Upland","WUE_ET_minus_WUE_T",0.249383211132841,-1.7544828612302,-8.14598576632537,-6.05230296217638,-2.093682804149
"US-xSB",2021,7,"Upland","WUE_ET_minus_WUE_T",0.364421414094637,-1.09179060570568,-5.5736379673284,-4.67480404801683,-0.898833919311567
"US-xSB",2021,8,"Upland","WUE_ET_minus_WUE_T",0.371143199103148,-1.0530689049684,-5.06812329927148,-4.614110483296,-0.454012815975484
"US-xSB",2021,9,"Upland","WUE_ET_minus_WUE_T",0.304601348282282,-1.43639173227213,-5.40817528930848,-5.38303961971205,-0.0251356695964331
"US-xSB",2021,10,"Upland","WUE_ET_minus_WUE_T",0.258247519757567,-1.70341887965761,-6.49155848030956,-5.97080272881179,-0.520755751497762
"US-xSB",2022,3,"Upland","WUE_ET_minus_WUE_T",0.24538239167993,-1.77753009248847,-5.60056137981111,-6.15111010094759,0.550548721136481
"US-xSB",2022,4,"Upland","WUE_ET_minus_WUE_T",0.279163158876127,-1.58293167013627,-4.55706127750051,-5.71206902335078,1.15500774585027
"US-xSB",2022,9,"Upland","WUE_ET_minus_WUE_T",0.279282479574307,-1.58224430802029,-7.71963219103004,-5.70319598198677,-2.01643620904326
"US-xSB",2022,10,"Upland","WUE_ET_minus_WUE_T",0.195798908729212,-2.06316207653715,-9.59804127298228,-6.76046360847223,-2.83757766451005
"US-xSB",2023,3,"Upland","WUE_ET_minus_WUE_T",0.23156829421056,-1.85710796465892,-6.04739628456589,-6.32578896377168,0.278392679205794
"US-xSB",2023,4,"Upland","WUE_ET_minus_WUE_T",0.305535584636027,-1.43100994447888,-5.25157910602237,-5.37859046263648,0.127011356614113
"US-xSB",2023,5,"Upland","WUE_ET_minus_WUE_T",0.348993529110098,-1.18066490689562,-4.96835348051479,-4.85481742062664,-0.113536059888149
"US-xSB",2023,6,"Upland","WUE_ET_minus_WUE_T",0.377413943717411,-1.01694548000822,-3.89397050242706,-4.43335805289091,0.539387550463857
"US-xSB",2023,7,"Upland","WUE_ET_minus_WUE_T",0.37275187243517,-1.04380193685387,-3.63581724301801,-4.5694656433216,0.933648400303587
"US-xSB",2023,8,"Upland","WUE_ET_minus_WUE_T",0.405035795908048,-0.857826273877563,-3.55658552235015,-4.18553957729487,0.628954054944721
"US-xSB",2023,9,"Upland","WUE_ET_minus_WUE_T",0.394238520811978,-0.920025355597481,-3.37866716680164,-4.24958016649962,0.870912999697975
"US-xSB",2023,10,"Upland","WUE_ET_minus_WUE_T",0.175774197834071,-2.17851698027929,-13.2026070717762,-7.01367549837677,-6.18893157339943
"US-xSB",2024,3,"Upland","WUE_ET_minus_WUE_T",0.18864567717648,-2.10436918017683,-8.95571781412018,-6.86854421430992,-2.08717359981025
"US-xSB",2024,4,"Upland","WUE_ET_minus_WUE_T",0.304866306531188,-1.43486540645108,-4.58141846067062,-5.3870534649083,0.805635004237677
"US-xSB",2024,5,"Upland","WUE_ET_minus_WUE_T",0.196410884407462,-2.05963671250934,-10.4012655672584,-6.78422054829737,-3.61704501896098
"US-xSB",2024,6,"Upland","WUE_ET_minus_WUE_T",0.169862062506304,-2.21257459065961,-8.93182436884345,-7.05784558581501,-1.87397878302844
"US-xSB",2024,7,"Upland","WUE_ET_minus_WUE_T",0.312814940502997,-1.38907628562427,-4.28223405303475,-5.32736641347992,1.04513236044517
"US-xSB",2024,8,"Upland","WUE_ET_minus_WUE_T",0.379215240103514,-1.00656888219774,-2.91610787104496,-4.51203975839053,1.59593188734557
"US-xSB",2024,9,"Upland","WUE_ET_minus_WUE_T",0.365717967080678,-1.08432164669375,-4.63747829759918,-4.61022174326159,-0.0272565543375825
"US-xSB",2024,10,"Upland","WUE_ET_minus_WUE_T",0.334341947035707,-1.26506721605813,-4.84466922654561,-5.0085908974801,0.16392167093449
"US-xSE",2017,9,"Upland","WUE_ET_minus_WUE_T",0.498185595121564,-0.321224962720418,-2.54378118790255,-3.36065756285688,0.816876374954332
"US-xSE",2017,10,"Upland","WUE_ET_minus_WUE_T",0.503623390307907,-0.289899849285581,-2.09115917310895,-3.29351708859034,1.20235791548139
"US-xSE",2018,5,"Upland","WUE_ET_minus_WUE_T",0.568917825111275,0.0862370787870205,-0.157201539447617,-2.49936620420223,2.34216466475461
"US-xSE",2018,6,"Upland","WUE_ET_minus_WUE_T",0.694114956856959,0.807451140600046,-0.10079740273511,-0.854168048242099,0.753370645506989
"US-xSE",2018,7,"Upland","WUE_ET_minus_WUE_T",0.623378156031475,0.399962768209561,-0.148960272495137,-1.82578868204137,1.67682840954624
"US-xSE",2019,6,"Upland","WUE_ET_minus_WUE_T",0.588195875956182,0.197290751980881,-0.489826399297234,-2.19351176173087,1.70368536243364
"US-xSE",2019,7,"Upland","WUE_ET_minus_WUE_T",0.69436811913744,0.808909514238945,-0.436098762029705,-0.928122652482041,0.492023890452335
"US-xSE",2019,8,"Upland","WUE_ET_minus_WUE_T",0.715977307971897,0.933392005446825,-0.467619220703598,-0.679178297111614,0.211559076408015
"US-xSE",2019,9,"Upland","WUE_ET_minus_WUE_T",0.605474889795153,0.296828717277416,-1.26601750007472,-2.00398753585457,0.737970035779856
"US-xSE",2020,5,"Upland","WUE_ET_minus_WUE_T",0.596130444272305,0.242998845802295,-2.09315167182984,-2.15526342223952,0.0621117504096795
"US-xSE",2020,6,"Upland","WUE_ET_minus_WUE_T",0.668479577755267,0.659775266318802,-0.836604137049663,-1.17832667528794,0.341722538238273
"US-xSE",2020,7,"Upland","WUE_ET_minus_WUE_T",0.726006254258267,0.991165030963014,-0.647043794209707,-0.52805934924885,-0.118984444960857
"US-xSE",2020,8,"Upland","WUE_ET_minus_WUE_T",0.623378301504569,0.39996360622589,-1.12316108370516,-1.85009005477221,0.726928971067052
"US-xSE",2020,9,"Upland","WUE_ET_minus_WUE_T",0.643508289133467,0.515924970033922,-1.22498473673664,-1.52305630162211,0.298071564885468
"US-xSE",2020,10,"Upland","WUE_ET_minus_WUE_T",0.655164017960028,0.583069284070378,-1.61563566319118,-1.37729023637523,-0.238345426815947
"US-xSE",2021,4,"Upland","WUE_ET_minus_WUE_T",0.4133503799119,-0.809929051168941,-2.89503645443309,-4.44076063927781,1.54572418484472
"US-xSE",2021,5,"Upland","WUE_ET_minus_WUE_T",0.629313893709765,0.434156342943463,-2.35443503981812,-1.73565966418228,-0.618775375635847
"US-xSE",2021,6,"Upland","WUE_ET_minus_WUE_T",0.701640711037733,0.85080420839994,-1.64792703239147,-0.759005104364924,-0.888921928026549
"US-xSE",2021,7,"Upland","WUE_ET_minus_WUE_T",0.67966841382414,0.724229985014628,-1.71722335552824,-1.1140000008698,-0.60322335465844
"US-xSE",2021,8,"Upland","WUE_ET_minus_WUE_T",0.630916679412021,0.443389394615027,-2.18498384022423,-1.75476748423644,-0.43021635598779
"US-xSE",2021,9,"Upland","WUE_ET_minus_WUE_T",0.67614386725638,0.703926384518833,-1.49635857640988,-1.11038036048604,-0.385978215923839
"US-xSE",2021,10,"Upland","WUE_ET_minus_WUE_T",0.665309960684087,0.641516282503254,-2.36921974850152,-1.24899508417678,-1.12022466432474
"US-xSE",2022,5,"Upland","WUE_ET_minus_WUE_T",0.580857162320278,0.155015155119889,-2.93672944961576,-2.348393630629,-0.588335818986768
"US-xSE",2022,6,"Upland","WUE_ET_minus_WUE_T",0.692538214401191,0.798368114374913,-1.42557709625828,-0.874105910976218,-0.551471185282063
"US-xSE",2022,7,"Upland","WUE_ET_minus_WUE_T",0.647548999899577,0.539202000294948,-2.01211917333619,-1.52014906065165,-0.49197011268454
"US-xSE",2022,8,"Upland","WUE_ET_minus_WUE_T",0.700782486157661,0.845860294405464,-1.20061182187494,-0.871316379328772,-0.329295442546173
"US-xSE",2022,9,"Upland","WUE_ET_minus_WUE_T",0.671525252810677,0.677320266328366,-1.34607798190629,-1.16878260652398,-0.177295375382307
"US-xSE",2022,10,"Upland","WUE_ET_minus_WUE_T",0.563303553671865,0.0538953513650037,-1.85755971698781,-2.53886314954814,0.681303432560328
"US-xSE",2023,4,"Upland","WUE_ET_minus_WUE_T",0.498490458820628,-0.319468756458858,-3.50310169379749,-3.36416680479045,-0.138934889007034
"US-xSE",2023,5,"Upland","WUE_ET_minus_WUE_T",0.651647324800417,0.562810924134901,-2.42956373362621,-1.4532540742025,-0.976309659423714
"US-xSE",2023,6,"Upland","WUE_ET_minus_WUE_T",0.652294745054313,0.566540471166064,-2.43918900540742,-1.38298341652417,-1.05620558888324
"US-xSE",2023,7,"Upland","WUE_ET_minus_WUE_T",0.654130304331913,0.577114444737487,-2.31431443666598,-1.43692865651821,-0.877385780147772
"US-xSE",2023,8,"Upland","WUE_ET_minus_WUE_T",0.682648214862924,0.741395509341029,-1.54792737983888,-1.10062371518131,-0.447303664657575
"US-xSE",2023,9,"Upland","WUE_ET_minus_WUE_T",0.61327766523955,0.341777601434761,-1.92536370702905,-1.9053216661138,-0.0200420409152415
"US-xSE",2023,10,"Upland","WUE_ET_minus_WUE_T",0.693157794564986,0.801937285012601,-1.06766962472171,-0.896860030459677,-0.170809594262036
"US-xSE",2024,4,"Upland","WUE_ET_minus_WUE_T",0.417920670383862,-0.783601309398907,-4.62945315464742,-4.38296944848967,-0.246483706157747
"US-xSE",2024,5,"Upland","WUE_ET_minus_WUE_T",0.640053610202087,0.496023850977766,-1.4762694027402,-1.59985625986348,0.123586857123278
"US-xSE",2024,6,"Upland","WUE_ET_minus_WUE_T",0.6503462274418,0.555315786684562,-1.31804881594405,-1.40762236535895,0.0895735494149006
"US-xSE",2024,7,"Upland","WUE_ET_minus_WUE_T",0.679542960241253,0.723507293633274,-1.79025215107536,-1.11558635779573,-0.674665793279631
"US-xSE",2024,8,"Upland","WUE_ET_minus_WUE_T",0.647530156256116,0.539093449080952,-2.05981518375663,-1.54469055021192,-0.515124633544708
"US-xSE",2024,9,"Upland","WUE_ET_minus_WUE_T",0.511863286134351,-0.242432877358639,-4.63280281799953,-3.18770355572969,-1.44509926226984
"US-xSE",2024,10,"Upland","WUE_ET_minus_WUE_T",0.62064397059863,0.384212143939845,-2.17151311535103,-1.81379523650959,-0.357717878841449
"US-A03",2015,6,"Saline","WUE_ET_minus_WUE_E",0.252954658982922,-1.73390907990953,-0.311737133150896,-1.59958683926002,1.28784970610912
"US-A03",2015,8,"Saline","WUE_ET_minus_WUE_E",0.211156999794576,-1.97468983212946,-0.524788362719,-1.39671296664857,0.871924603929567
"US-A03",2016,6,"Saline","WUE_ET_minus_WUE_E",0.326760641715997,-1.30874029328629,-0.529702668354176,-2.13697554920306,1.60727288084889
"US-A03",2016,7,"Saline","WUE_ET_minus_WUE_E",0.363182958953696,-1.09892488466332,-1.60659771223205,-2.47932590192858,0.872728189696537
"US-A03",2016,8,"Saline","WUE_ET_minus_WUE_E",0.303176425427435,-1.44460018230277,-1.02995903724769,-2.06671556805532,1.03675653080763
"US-A03",2017,7,"Saline","WUE_ET_minus_WUE_E",0.250778861320323,-1.74644304013727,-0.831667024026123,-1.66090047376283,0.829233449736711
"US-A03",2017,8,"Saline","WUE_ET_minus_WUE_E",0.202523316955085,-2.02442526442134,-0.671505867267248,-1.33385026214464,0.662344394877389
"US-A03",2018,7,"Saline","WUE_ET_minus_WUE_E",0.187789984600124,-2.10929850651244,-0.45565160642132,-1.20227218987631,0.746620583454985
"US-A03",2018,8,"Saline","WUE_ET_minus_WUE_E",0.250235316212099,-1.74957420112965,-0.940995844215653,-1.68124607993706,0.740250235721408
"US-A03",2019,6,"Saline","WUE_ET_minus_WUE_E",0.302171321440203,-1.45039021214666,-0.519455366265494,-1.95793825964925,1.43848289338375
"US-A03",2019,7,"Saline","WUE_ET_minus_WUE_E",0.331341995117861,-1.28234882209611,-1.28628813770926,-2.24748867348918,0.961200535779917
"US-A03",2019,8,"Saline","WUE_ET_minus_WUE_E",0.241423341743245,-1.80033670511564,-1.28236623892074,-1.61708521632531,0.33471897740457
"US-A03",2020,6,"Saline","WUE_ET_minus_WUE_E",0.314167304335341,-1.38128582110664,-0.693493988660262,-2.04528220567909,1.35178821701883
"US-A03",2020,8,"Saline","WUE_ET_minus_WUE_E",0.192817354833588,-2.08033769841917,-0.519034062567388,-1.26318018540992,0.744146122842535
"US-A03",2021,6,"Saline","WUE_ET_minus_WUE_E",0.266150136996973,-1.65789484409294,-0.212945597771158,-1.69566442869742,1.48271883092626
"US-A10",2012,6,"Saline","WUE_ET_minus_WUE_E",0.520663599078083,-0.191737551076989,-0.594712276374446,-2.620731716854,2.02601944047955
"US-A10",2012,7,"Saline","WUE_ET_minus_WUE_E",0.457738390695981,-0.554226247861779,-1.92292852728948,-2.23972284242931,0.316794315139832
"US-A10",2012,8,"Saline","WUE_ET_minus_WUE_E",0.47526633742659,-0.453254272860758,-2.43055316559914,-2.39164878025685,-0.0389043853422852
"US-A10",2013,6,"Saline","WUE_ET_minus_WUE_E",0.384343965905968,-0.977024202408851,-0.528468758271463,-1.62817489290099,1.09970613462953
"US-A10",2013,7,"Saline","WUE_ET_minus_WUE_E",0.451071721226211,-0.59263044850133,-1.97052535637616,-2.19118215814722,0.220656801771054
"US-A10",2013,8,"Saline","WUE_ET_minus_WUE_E",0.426414096183479,-0.734673845692375,-2.58297689202408,-2.03595074701737,-0.547026145006712
"US-A10",2014,6,"Saline","WUE_ET_minus_WUE_E",0.57061195440048,0.0959963268533902,-0.927845877547783,-2.98441066585675,2.05656478830897
"US-A10",2014,7,"Saline","WUE_ET_minus_WUE_E",0.593621410370574,0.228545235673516,-1.9774221314627,-3.22910064002853,1.25167850856582
"US-A10",2014,8,"Saline","WUE_ET_minus_WUE_E",0.493182222062157,-0.350047532028725,-3.18750013428631,-2.52209612036769,-0.665404013918629
"US-A10",2015,6,"Saline","WUE_ET_minus_WUE_E",0.590307474436156,0.209454884620549,-2.74155036793181,-3.12781570853341,0.3862653406016
"US-A10",2015,7,"Saline","WUE_ET_minus_WUE_E",0.607317015687694,0.30744051867259,-5.5726204482014,-3.32881970616269,-2.24380074203871
"US-A10",2015,8,"Saline","WUE_ET_minus_WUE_E",0.508675476758599,-0.26079666026736,-2.82979897401672,-2.63490405064417,-0.194894923372551
"US-A10",2016,6,"Saline","WUE_ET_minus_WUE_E",0.648791039965316,0.546356930669598,-0.983569350339888,-3.5536403729952,2.57007102265532
"US-A10",2016,7,"Saline","WUE_ET_minus_WUE_E",0.661600330688859,0.620146485293234,-6.29544657489531,-3.72406192826558,-2.57138464662973
"US-A10",2016,8,"Saline","WUE_ET_minus_WUE_E",0.534196372299379,-0.113780283155298,-3.12067444339994,-2.82072423246942,-0.299950210930526
"US-A10",2017,6,"Saline","WUE_ET_minus_WUE_E",0.714145392737973,0.922839023854246,-4.91543783343524,-4.02949192357583,-0.885945909859408
"US-A10",2017,7,"Saline","WUE_ET_minus_WUE_E",0.626425018554229,0.417514608776362,-5.00425841262798,-3.46794697782536,-1.53631143480262
"US-A10",2017,8,"Saline","WUE_ET_minus_WUE_E",0.451891095705129,-0.587910337202882,-2.70389582233026,-2.22145131755613,-0.482444504774128
"US-A10",2018,6,"Saline","WUE_ET_minus_WUE_E",0.512749102964545,-0.237330016412721,-0.4659328848357,-2.56310548251897,2.09717259768327
"US-A10",2018,7,"Saline","WUE_ET_minus_WUE_E",0.555121734062466,0.00676293490115878,-1.89074916611823,-2.94878066299816,1.05803149687992
"US-A10",2019,6,"Saline","WUE_ET_minus_WUE_E",0.439832192017384,-0.657377191502047,-2.11356249639171,-2.0321901927837,-0.0813723036080138
"US-A10",2019,7,"Saline","WUE_ET_minus_WUE_E",0.51434474865424,-0.228138095695103,-3.75976640535671,-2.65187937163343,-1.10788703372328
"US-A10",2019,8,"Saline","WUE_ET_minus_WUE_E",0.383106481781433,-0.984152887702525,-2.36279584727777,-1.72062369394642,-0.642172153331351
"US-A10",2020,6,"Saline","WUE_ET_minus_WUE_E",0.488547802541507,-0.37674469737132,-1.58560468937567,-2.38689340415243,0.801288714776756
"US-A10",2020,7,"Saline","WUE_ET_minus_WUE_E",0.584118448878044,0.173802212716709,-3.96973846499297,-3.1599086310883,-0.809829833904671
"US-A10",2021,6,"Saline","WUE_ET_minus_WUE_E",0.482147075093919,-0.41361690503827,-3.17242935409417,-2.34028907021657,-0.832140283877605
"US-A10",2021,7,"Saline","WUE_ET_minus_WUE_E",0.522364390258258,-0.18193992633714,-3.56596430368931,-2.71027118075512,-0.855693122934186
"US-A10",2021,8,"Saline","WUE_ET_minus_WUE_E",0.626406291613708,0.417406729844554,-4.14423944986219,-3.49211383734048,-0.652125612521715
"US-A10",2022,6,"Saline","WUE_ET_minus_WUE_E",0.339571399352674,-1.23494228832226,-1.21460950076036,-1.30218137733559,0.0875718765752307
"US-A10",2022,7,"Saline","WUE_ET_minus_WUE_E",0.52303866060968,-0.178055705891122,-3.33773780900408,-2.71518061032825,-0.622557198675827
"US-A10",2022,8,"Saline","WUE_ET_minus_WUE_E",0.431719802338575,-0.704109647986343,-2.64202008717042,-2.07458212187943,-0.567437965290994
"US-Atq",1999,5,"Freshwater","WUE_ET_minus_WUE_E",0.437312375410197,-0.671892916782275,-0.81867513808767,-1.21880888427097,0.400133746183299
"US-Atq",1999,6,"Freshwater","WUE_ET_minus_WUE_E",0.613163621081762,0.341120635503375,-1.39504871391274,-3.15305936094352,1.75801064703078
"US-Atq",1999,7,"Freshwater","WUE_ET_minus_WUE_E",0.560085984602099,0.0353601339393859,-0.999145799388809,-2.62765638019666,1.62851058080785
"US-Atq",1999,8,"Freshwater","WUE_ET_minus_WUE_E",0.453295176385155,-0.579821951181293,-0.719776642631356,-1.43962710952899,0.719850466897636
"US-Atq",2000,6,"Freshwater","WUE_ET_minus_WUE_E",0.364258218326102,-1.09273071576615,-0.977966587188286,-0.327384474043426,-0.65058211314486
"US-Atq",2000,7,"Freshwater","WUE_ET_minus_WUE_E",0.725792928723939,0.989936141986438,-1.85068322982284,-4.50882868664789,2.65814545682504
"US-Atq",2000,8,"Freshwater","WUE_ET_minus_WUE_E",0.534846458425248,-0.110035379028269,-0.89666409632389,-2.3654302745226,1.46876617819871
"US-Atq",2001,8,"Freshwater","WUE_ET_minus_WUE_E",0.440778346215294,-0.651926749445894,-0.941044783164277,-1.29753098673294,0.356486203568662
"US-Atq",2002,6,"Freshwater","WUE_ET_minus_WUE_E",0.406286209381596,-0.850623107418164,-1.25630964405244,-0.804503241083414,-0.451806402969027
"US-Atq",2002,7,"Freshwater","WUE_ET_minus_WUE_E",0.306630850423194,-1.42470052607518,-0.544508775084235,0.249668899513191,-0.794177674597426
"US-Atq",2002,8,"Freshwater","WUE_ET_minus_WUE_E",0.309497087813252,-1.40818919964636,-0.651277749441913,0.192827000198523,-0.844104749640436
"US-Atq",2003,5,"Freshwater","WUE_ET_minus_WUE_E",0.661982292058579,0.62234682252996,-0.365078904976839,-3.76935272255988,3.40427381758304
"US-Atq",2003,6,"Freshwater","WUE_ET_minus_WUE_E",0.710295570189866,0.900661629544451,-0.091989312412975,-4.25574056541643,4.16375125300345
"US-Atq",2003,7,"Freshwater","WUE_ET_minus_WUE_E",0.584815379967923,0.177816973239786,-0.186414112943155,-2.90839448664116,2.72198037369801
"US-Atq",2003,8,"Freshwater","WUE_ET_minus_WUE_E",0.721331944435714,0.964238072443362,-0.845562789374167,-4.48248899947287,3.6369262100987
"US-Atq",2004,5,"Freshwater","WUE_ET_minus_WUE_E",0.774041190873871,1.2678764161395,-0.13028301993972,-5.04149070241274,4.91120768247302
"US-Atq",2004,6,"Freshwater","WUE_ET_minus_WUE_E",0.675105252264189,0.69794331025241,-0.391247435355909,-3.85624583157882,3.46499839622291
"US-Atq",2004,7,"Freshwater","WUE_ET_minus_WUE_E",0.591284486144797,0.215083085306958,-0.732172076185264,-2.98183439860092,2.24966232241566
"US-Atq",2004,8,"Freshwater","WUE_ET_minus_WUE_E",0.554508261580966,0.003228948347122,-0.796251422491094,-2.58863902287918,1.79238760038809
"US-Atq",2005,6,"Freshwater","WUE_ET_minus_WUE_E",0.663647179125735,0.631937617042748,-0.395974090894553,-3.72616914717925,3.3301950562847
"US-Atq",2005,7,"Freshwater","WUE_ET_minus_WUE_E",0.678063426021373,0.714984247861919,-1.10599224371123,-3.96698405146629,2.86099180775507
"US-Atq",2006,5,"Freshwater","WUE_ET_minus_WUE_E",0.585659230411346,0.182678081456706,-0.428686161298514,-2.90290243180575,2.47421627050724
"US-Atq",2006,6,"Freshwater","WUE_ET_minus_WUE_E",0.534575415641756,-0.111596755587634,-0.516943052228026,-2.26089424094264,1.74395118871462
"US-Atq",2006,7,"Freshwater","WUE_ET_minus_WUE_E",0.573467209298166,0.112444387232719,-1.30739969724743,-2.77956545955385,1.47216576230641
"US-Atq",2006,8,"Freshwater","WUE_ET_minus_WUE_E",0.483407993277769,-0.406353224854,-1.14935384512793,-1.78147999630947,0.632126151181545
"US-Brw",1998,7,"Upland","WUE_ET_minus_WUE_E",0.553916816713061,-0.000178145326449754,-2.87838292079033,-3.4119424030841,0.533559482293767
"US-Brw",1998,8,"Upland","WUE_ET_minus_WUE_E",0.659668467888357,0.609017742982699,-2.02492757768587,-4.76302391525822,2.73809633757236
"US-Brw",1999,6,"Upland","WUE_ET_minus_WUE_E",0.719078649098032,0.951257676963889,-0.709842668615581,-5.40693516209831,4.69709249348273
"US-Brw",1999,7,"Upland","WUE_ET_minus_WUE_E",0.687099319239596,0.767036664392199,-2.99867043485018,-5.08287285495036,2.08420242010018
"US-Brw",1999,8,"Upland","WUE_ET_minus_WUE_E",0.633276328486358,0.45698245437308,-3.89407589793829,-4.43190362107458,0.537827723136289
"US-Brw",2000,6,"Upland","WUE_ET_minus_WUE_E",0.459503428658943,-0.544058521327054,-0.476553780840713,-2.15026005723492,1.6737062763942
"US-Brw",2000,7,"Upland","WUE_ET_minus_WUE_E",0.656983662057179,0.593551576212869,-3.4731333747865,-4.70503666994521,1.23190329515871
"US-Brw",2000,8,"Upland","WUE_ET_minus_WUE_E",0.466175912363539,-0.505620827045459,-1.67274053166582,-2.33543322502153,0.662692693355705
"US-Brw",2001,6,"Upland","WUE_ET_minus_WUE_E",0.424520237725813,-0.745583659133842,-0.230193000398423,-1.71135496140994,1.48116196101152
"US-Brw",2001,7,"Upland","WUE_ET_minus_WUE_E",0.611830499463529,0.333441018216854,-2.53635624140105,-4.13853737052886,1.6021811291278
"US-Brw",2001,8,"Upland","WUE_ET_minus_WUE_E",0.637064981087044,0.478807471390963,-4.82310212358534,-4.47943670448971,-0.343665419095632
"US-Brw",2002,6,"Upland","WUE_ET_minus_WUE_E",0.268721878067357,-1.64308000131306,-0.162973382002742,0.243317901508063,-0.406291283510805
"US-Brw",2002,7,"Upland","WUE_ET_minus_WUE_E",0.685763537182724,0.759341721309235,-3.04961906931065,-5.06611390483648,2.01649483552583
"US-Brw",2002,8,"Upland","WUE_ET_minus_WUE_E",0.582881115073662,0.166674393361474,-1.78669513961446,-3.799636655654,2.01294151603953
"US-Brw",2003,6,"Upland","WUE_ET_minus_WUE_E",0.606612462085773,0.303381847695696,-0.291827485679226,-3.9959151473135,3.70408766163427
"US-Brw",2003,7,"Upland","WUE_ET_minus_WUE_E",0.618456847707112,0.371612943284992,-2.5693547167636,-4.22167266874618,1.65231795198258
"US-Brw",2003,8,"Upland","WUE_ET_minus_WUE_E",0.558057460164428,0.0236745599267813,-2.53931920788423,-3.48819483613873,0.948875628254501
"US-Brw",2004,6,"Upland","WUE_ET_minus_WUE_E",0.35872146508439,-1.12462588971328,-0.416587554375483,-0.885832307786026,0.469244753410543
"US-Brw",2004,7,"Upland","WUE_ET_minus_WUE_E",0.542097145650924,-0.0682668695420613,-2.36035133048378,-3.26365078868955,0.903299458205764
"US-Brw",2004,8,"Upland","WUE_ET_minus_WUE_E",0.424605947621433,-0.745089916337211,-1.55246879830575,-1.81388933860332,0.261420540297569
"US-Brw",2005,6,"Upland","WUE_ET_minus_WUE_E",0.813985677594134,1.49798173175549,-1.32040928380327,-6.59765497139669,5.27724568759343
"US-Brw",2005,8,"Upland","WUE_ET_minus_WUE_E",0.595448783947438,0.239072054470744,-3.43251378180623,-3.95731277850639,0.524798996700158
"US-Brw",2006,6,"Upland","WUE_ET_minus_WUE_E",0.440930084945738,-0.651052639116112,-2.20879243585191,-1.91723571083334,-0.291556725018571
"US-Brw",2007,6,"Upland","WUE_ET_minus_WUE_E",0.607828707555007,0.310388185003882,-4.11675123619314,-4.01117437095725,-0.105576865235891
"US-BWb",2022,5,"Upland","WUE_ET_minus_WUE_E",0.545474371972362,-0.0488119261341453,-5.48753814197122,-3.80360499556717,-1.68393314640405
"US-BWb",2022,6,"Upland","WUE_ET_minus_WUE_E",0.600833443718361,0.270091074561054,-3.29867356043603,-4.43606532919367,1.13739176875765
"US-BWb",2022,7,"Upland","WUE_ET_minus_WUE_E",0.453197500559749,-0.580384625244185,-1.62123571616855,-2.66095537346681,1.03971965729826
"US-BWb",2022,8,"Upland","WUE_ET_minus_WUE_E",0.589940733965301,0.207342229315041,-3.32241288853181,-4.40086257608577,1.07844968755397
"US-BWb",2022,9,"Upland","WUE_ET_minus_WUE_E",0.589016000730925,0.202015185454222,-2.4291141589874,-4.31677007279812,1.88765591381071
"US-BWb",2023,4,"Upland","WUE_ET_minus_WUE_E",0.51865320160882,-0.203318702373737,-2.71698620532016,-3.4413505970539,0.724364391733734
"US-BWb",2023,5,"Upland","WUE_ET_minus_WUE_E",0.533064553384025,-0.120300270520801,-4.33520583968564,-3.64790928938943,-0.687296550296205
"US-BWb",2023,6,"Upland","WUE_ET_minus_WUE_E",0.398642535633576,-0.894655465940413,-1.27745443191997,-1.89934362025861,0.62188918833864
"US-BWb",2023,7,"Upland","WUE_ET_minus_WUE_E",0.592856604180637,0.224139471970679,-4.3666634118144,-4.41314237020832,0.0464789583939211
"US-BWb",2023,8,"Upland","WUE_ET_minus_WUE_E",0.625241247780487,0.410695346097722,-5.47223290258101,-4.84374885905352,-0.628484043527487
"US-CAK",2025,4,"Upland","WUE_ET_minus_WUE_E",0.289392811794131,-1.52400244844358,-0.0766564038088996,-0.0643001522905639,-0.0123562515183357
"US-CAK",2025,6,"Upland","WUE_ET_minus_WUE_E",0.78859792053832,1.35173231588437,-7.36720134159986,-6.29108017548814,-1.07612116611172
"US-CAK",2025,7,"Upland","WUE_ET_minus_WUE_E",0.456217342467803,-0.562988440378185,-2.47938808172373,-2.19813243749169,-0.281255644232036
"US-CAK",2025,8,"Upland","WUE_ET_minus_WUE_E",0.433992604097557,-0.691016883276518,-2.0800294884519,-1.94360028154194,-0.136429206909956
"US-Ced",2005,7,"Upland","WUE_ET_minus_WUE_E",0.802228998179999,1.43025587897057,-8.89175745176178,-7.87461401661164,-1.01714343515014
"US-Ced",2005,8,"Upland","WUE_ET_minus_WUE_E",0.86588687049987,1.79696517991086,-12.7855073221487,-8.69757978092586,-4.08792754122287
"US-Ced",2005,9,"Upland","WUE_ET_minus_WUE_E",0.77365350530188,1.26564310390476,-6.81776880834159,-7.46791356658818,0.650144758246586
"US-Ced",2005,10,"Upland","WUE_ET_minus_WUE_E",0.645827230599141,0.529283528414979,-4.02217967609401,-5.86580355348871,1.84362387739471
"US-Ced",2006,4,"Upland","WUE_ET_minus_WUE_E",0.605479875964593,0.296857440743076,-2.95118044445409,-5.36534268860697,2.41416224415288
"US-Ced",2006,5,"Upland","WUE_ET_minus_WUE_E",0.754466540884372,1.15511414570529,-5.75631306237977,-7.26030627300335,1.50399321062358
"US-Ced",2006,6,"Upland","WUE_ET_minus_WUE_E",0.788444298384698,1.35084735585491,-10.297011654343,-7.62451298174472,-2.6724986725983
"US-Ced",2006,7,"Upland","WUE_ET_minus_WUE_E",0.813131596247967,1.4930616871171,-10.9481085786607,-8.01139987639526,-2.93670870226542
"US-Ced",2006,8,"Upland","WUE_ET_minus_WUE_E",0.75104810840212,1.13542182894705,-6.59097823524706,-7.25679303339103,0.665814798143979
"US-Ced",2006,9,"Upland","WUE_ET_minus_WUE_E",0.772991817663677,1.26183136778473,-8.2007702089188,-7.45961192032593,-0.741158288592866
"US-Ced",2006,10,"Upland","WUE_ET_minus_WUE_E",0.621776539400409,0.390736451121843,-3.62906090045743,-5.56405946886779,1.93499856841036
"US-Ced",2007,6,"Upland","WUE_ET_minus_WUE_E",0.750277292930015,1.13098144800706,-7.58428074625092,-7.14566320447709,-0.438617541773832
"US-Ced",2007,7,"Upland","WUE_ET_minus_WUE_E",0.754290792064341,1.15410172218898,-6.87066820797011,-7.27317308490565,0.402504876935541
"US-Ced",2007,8,"Upland","WUE_ET_minus_WUE_E",0.790749626016849,1.36412749000983,-9.9033073824678,-7.75489506263123,-2.14841231983657
"US-Ced",2007,9,"Upland","WUE_ET_minus_WUE_E",0.75954896657402,1.18439210778304,-8.40276883494273,-7.29095561173062,-1.11181322321211
"US-Ced",2008,5,"Upland","WUE_ET_minus_WUE_E",0.545645680845991,-0.0478250794959486,-2.28931142618049,-4.64040405308888,2.35109262690839
"US-Ced",2008,6,"Upland","WUE_ET_minus_WUE_E",0.65008427316488,0.553806765627668,-3.74105242050923,-5.8886244447748,2.14757202426557
"US-Ced",2008,7,"Upland","WUE_ET_minus_WUE_E",0.735709197230936,1.04706007276856,-7.04918432839464,-7.04004521853903,-0.00913910985560662
"US-Ced",2008,8,"Upland","WUE_ET_minus_WUE_E",0.655205093202905,0.583305903251202,-4.70221234066569,-6.05433017485493,1.35211783418923
"US-Ced",2008,9,"Upland","WUE_ET_minus_WUE_E",0.763983512921808,1.2099378781948,-8.30904021552051,-7.34659218854936,-0.962448026971147
"US-Ced",2008,10,"Upland","WUE_ET_minus_WUE_E",0.820288394469581,1.53428933700824,-11.5803010836013,-8.05462314952437,-3.52567793407689
"US-Ced",2009,5,"Upland","WUE_ET_minus_WUE_E",0.698616564305052,0.833383225042064,-5.12814051365424,-6.55960291609046,1.43146240243622
"US-Ced",2009,6,"Upland","WUE_ET_minus_WUE_E",0.779888828214779,1.30156247763181,-11.392964001017,-7.51717458994581,-3.87578941107119
"US-Ced",2009,7,"Upland","WUE_ET_minus_WUE_E",0.843705803333667,1.66918831055909,-12.2290571039206,-8.39498910690234,-3.83406799701826
"US-Ced",2009,8,"Upland","WUE_ET_minus_WUE_E",0.867480237079972,1.80614397152669,-14.6350660772027,-8.717570430517,-5.91749564668569
"US-Ced",2009,9,"Upland","WUE_ET_minus_WUE_E",0.795449747728448,1.39120314121183,-10.8749121001184,-7.74137295138654,-3.13353914873183
"US-Ced",2009,10,"Upland","WUE_ET_minus_WUE_E",0.720191780237203,0.957670011008755,-6.70780612653143,-6.7987939101221,0.0909877835906698
"US-Ced",2010,4,"Upland","WUE_ET_minus_WUE_E",0.655813283115942,0.586809458895161,-4.52608697647301,-5.99683422210339,1.47074724563038
"US-Ced",2010,5,"Upland","WUE_ET_minus_WUE_E",0.736102375035927,1.04932502371271,-6.89110417256631,-7.02990630786397,0.138802135297661
"US-Ced",2010,6,"Upland","WUE_ET_minus_WUE_E",0.800739673918405,1.42167643641399,-9.27530830108023,-7.77877286578848,-1.49653543529175
"US-Ced",2010,7,"Upland","WUE_ET_minus_WUE_E",0.751519600891574,1.13813792162978,-6.85627643384512,-7.23840524655845,0.382128812713328
"US-Ced",2010,8,"Upland","WUE_ET_minus_WUE_E",0.728080842414867,1.00311596090964,-8.33338105326353,-6.96864178674685,-1.36473926651668
"US-Ced",2010,10,"Upland","WUE_ET_minus_WUE_E",0.763110888460759,1.20491101357566,-8.60006643201917,-7.33726438137184,-1.26280205064733
"US-Ced",2011,7,"Upland","WUE_ET_minus_WUE_E",0.785148757325337,1.33186297082825,-9.13236175030621,-7.66032239400469,-1.47203935630152
"US-Ced",2011,8,"Upland","WUE_ET_minus_WUE_E",0.815390060906851,1.50607186113133,-10.1347389442536,-8.06403817245326,-2.07070077180034
"US-Ced",2011,9,"Upland","WUE_ET_minus_WUE_E",0.764406945386004,1.21237711496603,-10.2844158771527,-7.35190464465517,-2.93251123249757
"US-Ced",2011,10,"Upland","WUE_ET_minus_WUE_E",0.727179400071141,0.997923087198049,-6.22611260490436,-6.88646178349207,0.660349178587714
"US-Ced",2012,5,"Upland","WUE_ET_minus_WUE_E",0.718472710672755,0.947767091302631,-6.5994327760209,-6.80872152396388,0.209288747942971
"US-Ced",2012,6,"Upland","WUE_ET_minus_WUE_E",0.805481686753119,1.4489934067791,-9.23571830031454,-7.83826696973119,-1.39745133058335
"US-Ced",2012,7,"Upland","WUE_ET_minus_WUE_E",0.799719494369324,1.41579956187132,-8.97677261035194,-7.84312935265966,-1.13364325769228
"US-Ced",2012,8,"Upland","WUE_ET_minus_WUE_E",0.854925761791441,1.73382231374969,-14.5551211973254,-8.56005983664128,-5.99506136068413
"US-Ced",2012,9,"Upland","WUE_ET_minus_WUE_E",0.786540153264847,1.33987828478259,-7.45075486070865,-7.6295916556413,0.178836794932648
"US-Ced",2013,4,"Upland","WUE_ET_minus_WUE_E",0.634170410190808,0.462132926182367,-3.81917436291551,-5.72529903729732,1.90612467438181
"US-Ced",2013,5,"Upland","WUE_ET_minus_WUE_E",0.688826841834971,0.776988278862211,-4.5083431520532,-6.43677938386768,1.92843623181447
"US-Ced",2013,6,"Upland","WUE_ET_minus_WUE_E",0.817972302383421,1.52094719284167,-10.8702586863973,-7.99497636941432,-2.87528231698296
"US-Ced",2013,7,"Upland","WUE_ET_minus_WUE_E",0.814405116562627,1.50039796348486,-10.2146515407144,-8.02737768004414,-2.18727386067024
"US-Ced",2013,8,"Upland","WUE_ET_minus_WUE_E",0.815287102037235,1.50547875341776,-10.1691561792347,-8.06274643286835,-2.10640974636638
"US-Ced",2013,9,"Upland","WUE_ET_minus_WUE_E",0.792524334300476,1.37435092366138,-8.43215461353466,-7.7046702142524,-0.727484399282257
"US-Ced",2013,10,"Upland","WUE_ET_minus_WUE_E",0.790051770067388,1.36010740171504,-7.93715106120699,-7.67526928909365,-0.261881772113339
"US-Ced",2014,4,"Upland","WUE_ET_minus_WUE_E",0.607299037590077,0.307336953545931,-2.72299052986193,-5.38816620145005,2.66517567158811
"US-Ced",2014,5,"Upland","WUE_ET_minus_WUE_E",0.68734283802954,0.768439485472641,-4.52304065860408,-6.41816081834939,1.89512015974531
"US-Ced",2014,6,"Upland","WUE_ET_minus_WUE_E",0.757295383033449,1.17141005207403,-7.91672361713758,-7.23371336305878,-0.683010254078793
"US-Ced",2014,7,"Upland","WUE_ET_minus_WUE_E",0.82901937093513,1.58458524165487,-12.0420073473104,-8.21073061454445,-3.83127673276596
"US-Ced",2014,8,"Upland","WUE_ET_minus_WUE_E",0.777789767380148,1.28947056969887,-9.15597241250856,-7.5922984599459,-1.56367395256266
"US-Ced",2014,9,"Upland","WUE_ET_minus_WUE_E",0.769466859850777,1.2415253982588,-8.59182234997973,-7.41538719681208,-1.17643515316765
"US-Ced",2014,10,"Upland","WUE_ET_minus_WUE_E",0.744925469482062,1.10015158574755,-7.38512958370062,-7.10910700502732,-0.276022578673301
"US-CGG",2020,2,"Upland","WUE_ET_minus_WUE_E",0.305319749412748,-1.43225329083908,-1.33863353721554,-0.955379243891126,-0.383254293324413
"US-CGG",2020,3,"Upland","WUE_ET_minus_WUE_E",0.544169398950239,-0.0563293898389318,-2.58295885022109,-3.95417942058204,1.37122057036095
"US-CGG",2020,4,"Upland","WUE_ET_minus_WUE_E",0.466127108981759,-0.505901965157116,-2.0791346113163,-2.9631632510809,0.884028639764599
"US-CGG",2021,2,"Upland","WUE_ET_minus_WUE_E",0.151304207544846,-2.31947948351672,-0.358114545763656,0.976926082151898,-1.33504062791555
"US-CGG",2021,3,"Upland","WUE_ET_minus_WUE_E",0.299536446646414,-1.46556874480072,-1.17665703540941,-0.884972566979269,-0.291684468430137
"US-CGG",2022,2,"Upland","WUE_ET_minus_WUE_E",0.393418949041363,-0.924746603419944,-2.30405786177322,-2.06068686803018,-0.243370993743044
"US-CGG",2022,3,"Upland","WUE_ET_minus_WUE_E",0.557585119592976,0.0209535817594219,-3.45319592755527,-4.12249534595079,0.669299418395522
"US-CGG",2022,4,"Upland","WUE_ET_minus_WUE_E",0.530297535846461,-0.136240028321546,-3.0526714736794,-3.76825640013121,0.71558492645181
"US-CGG",2023,2,"Upland","WUE_ET_minus_WUE_E",0.509978639264915,-0.253289626270033,-1.48684911671693,-3.52306467412244,2.03621555740551
"US-CGG",2023,3,"Upland","WUE_ET_minus_WUE_E",0.601353310564049,0.273085833899009,-3.18030271239892,-4.67161855455016,1.49131584215124
"US-CGG",2024,2,"Upland","WUE_ET_minus_WUE_E",0.42570891234584,-0.738736147222582,-1.50110728136582,-2.46580226946473,0.964694988098912
"US-CGG",2024,3,"Upland","WUE_ET_minus_WUE_E",0.590382233950553,0.20988554634806,-3.6383957196342,-4.53397355122402,0.89557783158982
"US-CGG",2024,4,"Upland","WUE_ET_minus_WUE_E",0.656379681489469,0.590072269040088,-5.46821793401223,-5.35010456032451,-0.118113373687724
"US-CGG",2024,5,"Upland","WUE_ET_minus_WUE_E",0.502317802758648,-0.297420853052395,-2.08609940730667,-3.44296929259411,1.35686988528743
"US-CGG",2025,2,"Upland","WUE_ET_minus_WUE_E",0.675430963486505,0.699819611333345,-5.42753149609033,-5.59885782734709,0.171326331256755
"US-CGG",2025,3,"Upland","WUE_ET_minus_WUE_E",0.713867608499326,0.921238812281758,-5.87515022170484,-6.08324217720248,0.208091955497636
"US-Cms",1999,6,"Upland","WUE_ET_minus_WUE_E",0.761853380370375,1.19766697767018,-2.5359261341717,-6.51492526710964,3.97899913293794
"US-Cms",1999,7,"Upland","WUE_ET_minus_WUE_E",0.724958925901673,0.98513176224848,-5.02388481712974,-6.12919696607955,1.10531214894981
"US-Cms",1999,8,"Upland","WUE_ET_minus_WUE_E",0.544979806826913,-0.0516609317975057,-3.52898676996905,-3.89545137267425,0.366464602705201
"US-Cms",2000,6,"Upland","WUE_ET_minus_WUE_E",0.647363604870392,0.538134008559243,-0.261285998505179,-5.07851696510962,4.81723096660444
"US-Cms",2000,7,"Upland","WUE_ET_minus_WUE_E",0.74028783620484,1.07343590714991,-5.13629139252448,-6.32151609609729,1.1852247035728
"US-Cms",2000,8,"Upland","WUE_ET_minus_WUE_E",0.533395569260495,-0.118393411302345,-2.96952914390243,-3.75011354717781,0.78058440327538
"US-Cms",2001,6,"Upland","WUE_ET_minus_WUE_E",0.631237625162998,0.445238243589891,-0.612708217360716,-4.87619766604183,4.26348944868112
"US-Cms",2001,7,"Upland","WUE_ET_minus_WUE_E",0.68677198064929,0.765150988650185,-2.7072329593085,-5.65009702070013,2.94286406139163
"US-Cms",2001,8,"Upland","WUE_ET_minus_WUE_E",0.683939813185782,0.748835926383103,-4.23092708753995,-5.6388673756158,1.40794028807585
"US-Cms",2002,6,"Upland","WUE_ET_minus_WUE_E",0.645744668639857,0.528807919707528,-0.541283892910617,-5.05820551431156,4.51692162140094
"US-Cms",2002,7,"Upland","WUE_ET_minus_WUE_E",0.62525998307829,0.410803273172723,-1.29262380947763,-4.87835698017919,3.58573317070156
"US-Cms",2003,6,"Upland","WUE_ET_minus_WUE_E",0.640823361359825,0.50045810079896,-4.66366176672153,-4.99646195159724,0.332800184875707
"US-Cms",2003,7,"Upland","WUE_ET_minus_WUE_E",0.615727894851515,0.355892461944577,-5.49079790642915,-4.75876577123025,-0.732032135198909
"US-Cms",2003,8,"Upland","WUE_ET_minus_WUE_E",0.624083671386951,0.4040269794906,-5.06231076417284,-4.88790198477578,-0.174408779397062
"US-Cms",2004,6,"Upland","WUE_ET_minus_WUE_E",0.645567495764351,0.527787292737841,-2.2750970781211,-5.05598267311762,2.78088559499652
"US-Cms",2004,7,"Upland","WUE_ET_minus_WUE_E",0.557965875230642,0.0231469732227128,-2.32827275264382,-4.03407359534488,1.70580084270106
"US-Cms",2004,8,"Upland","WUE_ET_minus_WUE_E",0.531347638277852,-0.130190779194964,-1.75674575186856,-3.72441985485861,1.96767410299005
"US-Cms",2005,7,"Upland","WUE_ET_minus_WUE_E",0.76303070916055,1.20444913048001,-5.53340682342717,-6.60685206939491,1.07344524596773
"US-Cms",2005,8,"Upland","WUE_ET_minus_WUE_E",0.727701085655767,1.00092832361386,-7.49605089158936,-6.1879037835174,-1.30814710807196
"US-Dix",2005,5,"Upland","WUE_ET_minus_WUE_E",0.731997633748548,1.02567913745889,-5.95394017194277,-6.37771469635548,0.423774524412716
"US-Dix",2005,6,"Upland","WUE_ET_minus_WUE_E",0.723712852713046,0.977953598554511,-6.91936808630031,-6.21168836942748,-0.707679716872825
"US-Dix",2005,7,"Upland","WUE_ET_minus_WUE_E",0.789629863037022,1.35767695240015,-8.31737863360175,-7.11585028718822,-1.20152834641354
"US-Dix",2005,8,"Upland","WUE_ET_minus_WUE_E",0.703946861928321,0.864089085040191,-6.82104133507226,-6.06515991510127,-0.755881419970994
"US-Dix",2005,9,"Upland","WUE_ET_minus_WUE_E",0.528704988358882,-0.145414101450317,-2.9269540850899,-3.79405475968185,0.867100674591952
"US-Dix",2006,5,"Upland","WUE_ET_minus_WUE_E",0.575884533466549,0.126369691733622,-3.75999010679782,-4.41909304375158,0.659102936953758
"US-Dix",2006,6,"Upland","WUE_ET_minus_WUE_E",0.562749733542488,0.0507049998014127,-3.4116002389595,-4.19221755045952,0.780617311500022
"US-Dix",2006,7,"Upland","WUE_ET_minus_WUE_E",0.641464035211247,0.504148784317332,-5.07928040080952,-5.256936473861,0.177656073051481
"US-Dix",2006,8,"Upland","WUE_ET_minus_WUE_E",0.631214375310251,0.445104309844747,-4.8257278444628,-5.15264570021125,0.326917855748449
"US-Dix",2006,9,"Upland","WUE_ET_minus_WUE_E",0.58148404184774,0.158626374673919,-3.2401196874548,-4.45622979035182,1.21611010289703
"US-Dix",2007,5,"Upland","WUE_ET_minus_WUE_E",0.474897966168628,-0.455376322523602,-1.29641212590736,-3.15209830100061,1.85568617509325
"US-Dix",2007,7,"Upland","WUE_ET_minus_WUE_E",0.573462218077997,0.112415634671687,-2.97438065739525,-4.40377404730613,1.42939338991088
"US-Dix",2007,8,"Upland","WUE_ET_minus_WUE_E",0.692642842891556,0.798970840151981,-6.79605235513883,-5.92333775919724,-0.87271459594159
"US-Dix",2007,9,"Upland","WUE_ET_minus_WUE_E",0.665987106198275,0.645417065691467,-5.03742641163885,-5.51641968632701,0.478993274688158
"US-Dmg",2022,4,"Freshwater","WUE_ET_minus_WUE_E",0.553414016775882,-0.00307458855894211,-1.36517780390035,-2.82066689594301,1.45548909204265
"US-Dmg",2022,5,"Freshwater","WUE_ET_minus_WUE_E",0.64428202278333,0.520382161509465,-2.74421940093446,-3.87798869126441,1.13376929032996
"US-Dmg",2022,6,"Freshwater","WUE_ET_minus_WUE_E",0.623161151432975,0.3987126855141,-2.73681296932054,-3.57613196284445,0.83931899352391
"US-Dmg",2022,7,"Freshwater","WUE_ET_minus_WUE_E",0.627307759034031,0.422599748013081,-2.98751169531081,-3.7003617647956,0.71285006948479
"US-Dmg",2022,8,"Freshwater","WUE_ET_minus_WUE_E",0.630628459406826,0.441729066476961,-2.62944016552306,-3.7623629118531,1.13292274633005
"US-Dmg",2022,9,"Freshwater","WUE_ET_minus_WUE_E",0.524992152832371,-0.166802364532557,-1.50777388756621,-2.49064615693654,0.982872269370332
"US-Dmg",2022,10,"Freshwater","WUE_ET_minus_WUE_E",0.511883715497916,-0.242315191401533,-1.73116852621955,-2.34345415866626,0.612285632446716
"US-Dmg",2023,5,"Freshwater","WUE_ET_minus_WUE_E",0.626851175791658,0.419969541951683,-2.40402533150203,-3.6801066603544,1.27608132885237
"US-Dmg",2023,6,"Freshwater","WUE_ET_minus_WUE_E",0.63960478214113,0.493438319629043,-3.10063087445545,-3.76280671488712,0.66217584043167
"US-Dmg",2023,7,"Freshwater","WUE_ET_minus_WUE_E",0.626785895827768,0.419593488385155,-2.85435597698237,-3.69443736243227,0.840081385449898
"US-Dmg",2023,8,"Freshwater","WUE_ET_minus_WUE_E",0.641703824221476,0.505530119525528,-3.2987540237572,-3.88809493644373,0.589340912686523
"US-Dmg",2023,9,"Freshwater","WUE_ET_minus_WUE_E",0.607879025514148,0.3106780480318,-2.95116085244441,-3.43161148753041,0.480450635086009
"US-Dmg",2024,4,"Freshwater","WUE_ET_minus_WUE_E",0.58659721815811,0.188081479628392,-1.48373447493986,-3.19737603031546,1.7136415553756
"US-Dmg",2024,5,"Freshwater","WUE_ET_minus_WUE_E",0.643887249156832,0.518108017631782,-2.69645252058593,-3.87350706125536,1.17705454066943
"US-Dmg",2024,6,"Freshwater","WUE_ET_minus_WUE_E",0.627336796410169,0.422767021525637,-2.64081337136019,-3.6235355748916,0.982722203531404
"US-Dmg",2024,7,"Freshwater","WUE_ET_minus_WUE_E",0.59740171454579,0.2503221605206,-2.38195766663885,-3.36085624204931,0.978898575410456
"US-Dmg",2024,8,"Freshwater","WUE_ET_minus_WUE_E",0.583584048763496,0.170723732627964,-2.23206950655086,-3.22829571904747,0.996226212496609
"US-Dmg",2024,9,"Freshwater","WUE_ET_minus_WUE_E",0.509784689878995,-0.254406896469879,-1.60235764007132,-2.31800488163645,0.715647241565126
"US-Dmg",2025,4,"Freshwater","WUE_ET_minus_WUE_E",0.574663671393414,0.119336759889244,-1.54619364984493,-3.06190157684306,1.51570792699813
"US-Dmg",2025,5,"Freshwater","WUE_ET_minus_WUE_E",0.6333637471573,0.457486040788117,-2.29483203218437,-3.7540400067314,1.45920797454702
"US-Dmg",2025,6,"Freshwater","WUE_ET_minus_WUE_E",0.657533817666579,0.596720817841266,-3.18365470324318,-3.9663443836951,0.782689680451922
"US-Dmg",2025,7,"Freshwater","WUE_ET_minus_WUE_E",0.670571265877873,0.671824702802821,-3.46243552587032,-4.19150660719133,0.729071081321015
"US-Dmg",2025,8,"Freshwater","WUE_ET_minus_WUE_E",0.627395615116888,0.423105854195298,-2.40269907336491,-3.7256623548455,1.32296328148058
"US-Dmg",2025,9,"Freshwater","WUE_ET_minus_WUE_E",0.540863807260836,-0.0753716728031475,-1.8148935407069,-2.67082760272097,0.855934062014066
"US-Dmg",2025,10,"Freshwater","WUE_ET_minus_WUE_E",0.477802016705207,-0.438647168636508,-1.26837115296302,-1.95654491798583,0.688173765022804
"US-EDN",2018,4,"Saline","WUE_ET_minus_WUE_E",0.365589157562322,-1.08506367036985,-0.267037703045632,-0.117081238673479,-0.149956464372153
"US-EDN",2018,5,"Saline","WUE_ET_minus_WUE_E",0.36771591463042,-1.07281221474794,-0.425478888788182,-0.158317777189341,-0.267161111598841
"US-EDN",2018,6,"Saline","WUE_ET_minus_WUE_E",0.377491619337831,-1.01649801967965,-0.373351820944579,-0.16741160933783,-0.205940211606749
"US-EDN",2018,7,"Saline","WUE_ET_minus_WUE_E",0.331962471307535,-1.27877448978695,-0.363553130087642,0.086934817350637,-0.450487947438279
"US-EDN",2018,8,"Saline","WUE_ET_minus_WUE_E",0.451888479423485,-0.587925408627323,-0.811160393376153,-0.810561602310991,-0.000598791065161808
"US-EDN",2018,9,"Saline","WUE_ET_minus_WUE_E",0.417237161141795,-0.78753875165405,-0.657194338125857,-0.485771261300671,-0.171423076825187
"US-EDN",2019,3,"Saline","WUE_ET_minus_WUE_E",0.373007270391193,-1.04233068432057,-0.343121040437317,-0.182977510644793,-0.160143529792524
"US-EDN",2019,4,"Saline","WUE_ET_minus_WUE_E",0.35243219067949,-1.16085605789819,-0.410085435994256,-0.0212840526174531,-0.388801383376802
"US-EDN",2019,5,"Saline","WUE_ET_minus_WUE_E",0.429500254269176,-0.716895638018224,-0.659101447506249,-0.608175706637043,-0.0509257408692052
"US-EDN",2019,6,"Saline","WUE_ET_minus_WUE_E",0.348999325827135,-1.18063151416704,-0.44395566958072,0.0400436170007457,-0.483999286581466
"US-EDN",2019,7,"Saline","WUE_ET_minus_WUE_E",0.392570717236153,-0.929632951030819,-0.588144557354931,-0.354359856677128,-0.233784700677803
"US-EDN",2019,8,"Saline","WUE_ET_minus_WUE_E",0.310141191538561,-1.40447875790156,-0.369186694989183,0.22151451609653,-0.590701211085712
"US-EDN",2019,9,"Saline","WUE_ET_minus_WUE_E",0.271735887762646,-1.62571741365332,-0.27840002449992,0.57363799931542,-0.85203802381534
"US-EDN",2020,3,"Saline","WUE_ET_minus_WUE_E",0.369953707949635,-1.05992112062505,-0.409545033504238,-0.16074421843142,-0.248800815072818
"US-EDN",2020,4,"Saline","WUE_ET_minus_WUE_E",0.33694278903771,-1.25008473364625,-0.388138430555691,0.0914958231843483,-0.479634253740039
"US-EDN",2020,5,"Saline","WUE_ET_minus_WUE_E",0.37821697307117,-1.01231952689009,-0.493026842720218,-0.23477702940092,-0.258249813319298
"US-EDN",2020,6,"Saline","WUE_ET_minus_WUE_E",0.358343222496543,-1.12680480443224,-0.411908696691178,-0.0279902251225193,-0.383918471568659
"US-EDN",2020,7,"Saline","WUE_ET_minus_WUE_E",0.329870424806313,-1.29082599075673,-0.419553755190143,0.102167216253829,-0.521720971443972
"US-EDN",2020,8,"Saline","WUE_ET_minus_WUE_E",0.262097426748893,-1.68124099890187,-0.338914158452262,0.57132595176971,-0.910240110221972
"US-EDN",2021,3,"Saline","WUE_ET_minus_WUE_E",0.196876077488321,-2.05695690837409,-0.139876742924271,1.09945124417738,-1.23932798710165
"US-EDN",2021,4,"Saline","WUE_ET_minus_WUE_E",0.377566571598195,-1.01606624761438,-0.53195071708936,-0.204289982989912,-0.327660734099447
"US-EDN",2021,5,"Saline","WUE_ET_minus_WUE_E",0.376801411400476,-1.02047405062424,-0.562407048360426,-0.224470183913738,-0.337936864446688
"US-EDN",2021,6,"Saline","WUE_ET_minus_WUE_E",0.390218607417858,-0.94318257994188,-0.595649812635804,-0.260078076912978,-0.335571735722826
"US-EDN",2021,7,"Saline","WUE_ET_minus_WUE_E",0.344804943621412,-1.20479378837577,-0.543787771688984,-0.00657250243119489,-0.537215269257789
"US-EDN",2021,8,"Saline","WUE_ET_minus_WUE_E",0.372405404888509,-1.04579780739123,-0.619443006473884,-0.231837421628599,-0.387605584845285
"US-EDN",2021,9,"Saline","WUE_ET_minus_WUE_E",0.290514639228106,-1.51754001828221,-0.42305349101896,0.43690803989111,-0.85996153091007
"US-EDN",2022,3,"Saline","WUE_ET_minus_WUE_E",0.408115488000082,-0.840085314385448,-0.471430061551524,-0.438603939161752,-0.0328261223897722
"US-EDN",2022,4,"Saline","WUE_ET_minus_WUE_E",0.413718099908875,-0.807810753178161,-0.617649037073965,-0.467512860620393,-0.150136176453572
"US-EDN",2022,5,"Saline","WUE_ET_minus_WUE_E",0.46381464854295,-0.519223188755457,-0.83108980145842,-0.858022228401425,0.0269324269430058
"US-EDN",2022,6,"Saline","WUE_ET_minus_WUE_E",0.383319161563712,-0.982927718663069,-0.663217211834638,-0.209842524596166,-0.453374687238472
"US-EDN",2022,7,"Saline","WUE_ET_minus_WUE_E",0.378626221088731,-1.00996200143468,-0.753034038306517,-0.252828591622774,-0.500205446683744
"US-EDN",2022,8,"Saline","WUE_ET_minus_WUE_E",0.278051548974583,-1.58933524089757,-0.409747235981725,0.455162399119184,-0.864909635100909
"US-EDN",2022,9,"Saline","WUE_ET_minus_WUE_E",0.224156697870428,-1.89980341164283,-0.20314755770794,0.920066818897499,-1.12321437660544
"US-EDN",2023,3,"Saline","WUE_ET_minus_WUE_E",0.396638647566085,-0.906199118997172,-0.540411249774924,-0.355039921088139,-0.185371328686785
"US-EDN",2023,4,"Saline","WUE_ET_minus_WUE_E",0.429299660405151,-0.718051184582514,-0.770088310717582,-0.58096375421904,-0.189124556498542
"US-EDN",2023,7,"Saline","WUE_ET_minus_WUE_E",0.323036872030836,-1.33019154398543,-0.719260486673859,0.151922994503165,-0.871183481177024
"US-EDN",2024,3,"Saline","WUE_ET_minus_WUE_E",0.412473087806656,-0.814982804348402,-0.58705582263235,-0.470332057286975,-0.116723765345375
"US-EDN",2024,4,"Saline","WUE_ET_minus_WUE_E",0.426104124261665,-0.73645947852327,-0.774931696775041,-0.557696737344065,-0.217234959430976
"US-EDN",2024,5,"Saline","WUE_ET_minus_WUE_E",0.385806504806336,-0.968599060345402,-0.72306618038359,-0.290037165736787,-0.433029014646803
"US-EDN",2024,6,"Saline","WUE_ET_minus_WUE_E",0.341258751662716,-1.2252220799096,-0.736115031832548,0.0964035083049462,-0.832518540137494
"US-EDN",2024,7,"Saline","WUE_ET_minus_WUE_E",0.299226660527474,-1.46735330729044,-0.473908211190808,0.325287515500578,-0.799195726691386
"US-EKH",2022,7,"Saline","WUE_ET_minus_WUE_E",0.381225028790452,-0.994991237869296,-0.49445878461494,-0.658750274079934,0.164291489464994
"US-EKH",2022,8,"Saline","WUE_ET_minus_WUE_E",0.216522241878022,-1.94378267010699,-0.241386172664545,0.516163906441389,-0.757550079105933
"US-EKH",2023,2,"Saline","WUE_ET_minus_WUE_E",0.362561288137943,-1.10250609876854,-0.376655334563304,-0.491767149847298,0.115111815283994
"US-EKH",2023,3,"Saline","WUE_ET_minus_WUE_E",0.480022459925837,-0.425856021971673,-0.877542885655182,-1.34916526710097,0.471622381445792
"US-EKH",2023,4,"Saline","WUE_ET_minus_WUE_E",0.430399893272013,-0.711713152682059,-1.09273518557146,-0.975974164074213,-0.116761021497243
"US-EKH",2023,5,"Saline","WUE_ET_minus_WUE_E",0.352899159668643,-1.15816602341648,-0.580290128676114,-0.437435013636796,-0.142855115039318
"US-EKH",2023,6,"Saline","WUE_ET_minus_WUE_E",0.220700686028164,-1.91971220910231,-0.383461113369725,0.58719928467704,-0.970660398046766
"US-EKH",2023,8,"Saline","WUE_ET_minus_WUE_E",0.236716279431713,-1.82745233852969,-0.548021238052624,0.36912910807326,-0.917150346125884
"US-EKH",2024,2,"Saline","WUE_ET_minus_WUE_E",0.399488223888882,-0.889783770773498,-0.635885876406288,-0.760635846266056,0.124749969859767
"US-EKH",2024,3,"Saline","WUE_ET_minus_WUE_E",0.509006137221368,-0.258891848454902,-1.21085753154709,-1.56019830770937,0.349340776162272
"US-EKH",2024,5,"Saline","WUE_ET_minus_WUE_E",0.400645999534734,-0.88311425634797,-0.706033847124078,-0.785084509373367,0.0790506622492883
"US-EKH",2024,6,"Saline","WUE_ET_minus_WUE_E",0.244025208125141,-1.78534832163259,-0.237891238792041,0.417371116612889,-0.65526235540493
"US-EKH",2024,7,"Saline","WUE_ET_minus_WUE_E",0.191157455400842,-2.08989976102715,-0.202644688110576,0.725150654862988,-0.927795342973565
"US-EKH",2024,8,"Saline","WUE_ET_minus_WUE_E",0.168555118026084,-2.22010341120047,-0.154545529465582,0.865417311814989,-1.01996284128057
"US-EKN",2023,7,"Saline","WUE_ET_minus_WUE_E",0.539862706579436,-0.0811386410926669,-0.501390031523405,-1.77303415488632,1.27164412336291
"US-EKN",2024,3,"Saline","WUE_ET_minus_WUE_E",0.501138375730909,-0.304215093027603,-0.321223575953621,-1.46213950436662,1.140915928413
"US-EKN",2024,4,"Saline","WUE_ET_minus_WUE_E",0.597101476655095,0.248592601818739,-0.314586696966419,-2.1489721445219,1.83438544755548
"US-EKN",2024,5,"Saline","WUE_ET_minus_WUE_E",0.681119741608198,0.732590544011211,-0.470980655597259,-2.7864689067756,2.31548825117834
"US-EKN",2024,6,"Saline","WUE_ET_minus_WUE_E",0.57779350287847,0.13736655375635,-0.295577266548375,-1.97205622596904,1.67647895942066
"US-EKN",2024,7,"Saline","WUE_ET_minus_WUE_E",0.515583477003268,-0.221002242887386,-0.196903316373954,-1.59625466659558,1.39935135022162
"US-EKP",2022,7,"Saline","WUE_ET_minus_WUE_E",0.625258104860107,0.410792453457081,-5.2618434247082,-3.69913294279719,-1.56271048191101
"US-EKP",2022,8,"Saline","WUE_ET_minus_WUE_E",0.579517756725991,0.147299338187014,-5.65103531655328,-3.39039612540321,-2.26063919115008
"US-EKP",2022,9,"Saline","WUE_ET_minus_WUE_E",0.481809300094886,-0.415562701045208,-2.36719326593305,-2.60648048078648,0.239287214853436
"US-EKP",2023,5,"Saline","WUE_ET_minus_WUE_E",0.318881162544552,-1.35413103905635,-0.733306061967439,-1.4533001298643,0.719994067896862
"US-EKP",2023,6,"Saline","WUE_ET_minus_WUE_E",0.620424426578998,0.38294743258474,-5.38270792377531,-3.58678261593857,-1.79592530783674
"US-EKP",2023,7,"Saline","WUE_ET_minus_WUE_E",0.706656116951128,0.879696094499922,-8.68656038301729,-4.29179997451629,-4.394760408501
"US-EKP",2023,8,"Saline","WUE_ET_minus_WUE_E",0.63634226254093,0.474644158933861,-5.97522351294452,-3.80414101087516,-2.17108250206936
"US-EKP",2023,9,"Saline","WUE_ET_minus_WUE_E",0.48240185998162,-0.412149184163313,-2.74989980962613,-2.61079496832942,-0.139104841296714
"US-EKP",2024,5,"Saline","WUE_ET_minus_WUE_E",0.685059637636896,0.755286818105974,-5.20050004086258,-4.11948207138057,-1.081017969482
"US-EKP",2024,6,"Saline","WUE_ET_minus_WUE_E",0.686092962188723,0.761239416115232,-6.93881822676992,-4.06492176304248,-2.87389646372743
"US-EKP",2024,7,"Saline","WUE_ET_minus_WUE_E",0.703082749633082,0.859111255838974,-9.24417388751933,-4.26578193123459,-4.97839195628475
"US-EKP",2024,8,"Saline","WUE_ET_minus_WUE_E",0.648433537193505,0.544297490308847,-5.64234896048031,-3.89217878568013,-1.75017017480017
"US-EKP",2024,9,"Saline","WUE_ET_minus_WUE_E",0.54812885812124,-0.0335204197652303,-4.51194037876089,-3.08935978693525,-1.42258059182564
"US-Elm",2015,3,"Freshwater","WUE_ET_minus_WUE_E",0.524739541219271,-0.168257565981701,-0.461974301636722,-1.49806850919905,1.03609420756233
"US-Elm",2015,4,"Freshwater","WUE_ET_minus_WUE_E",0.570034267959155,0.0926684903527206,-0.443715318376447,-2.00038832831319,1.55667300993674
"US-Elm",2015,5,"Freshwater","WUE_ET_minus_WUE_E",0.539298411473873,-0.0843893350939554,-0.412136469843123,-1.67721385239429,1.26507738255117
"US-Elm",2015,6,"Freshwater","WUE_ET_minus_WUE_E",0.468770416996291,-0.490674851858258,-0.447589579429233,-0.814467462645308,0.366877883216074
"US-Elm",2016,3,"Freshwater","WUE_ET_minus_WUE_E",0.386881817108546,-0.962404586539326,-0.253735354217395,0.0669481785554975,-0.320683532772893
"US-Elm",2016,4,"Freshwater","WUE_ET_minus_WUE_E",0.462956593709468,-0.524166123174842,-0.29531456099199,-0.784799226086981,0.489484665094992
"US-Elm",2016,5,"Freshwater","WUE_ET_minus_WUE_E",0.518854809339885,-0.202157315298912,-0.292764111162957,-1.44512980557071,1.15236569440775
"US-Elm",2016,6,"Freshwater","WUE_ET_minus_WUE_E",0.583058681832385,0.167697289345718,-0.429751992828174,-2.11191410799497,1.68216211516679
"US-Elm",2016,7,"Freshwater","WUE_ET_minus_WUE_E",0.645367942138966,0.526637738601042,-0.436235634672051,-2.89642988721285,2.4601942525408
"US-Elm",2017,3,"Freshwater","WUE_ET_minus_WUE_E",0.495485611042391,-0.336778565725691,-0.372032931682488,-1.16596605208571,0.793933120403226
"US-Elm",2017,4,"Freshwater","WUE_ET_minus_WUE_E",0.596015874378297,0.242338851300294,-0.598569850427657,-2.2953420415195,1.69677219109185
"US-Elm",2017,5,"Freshwater","WUE_ET_minus_WUE_E",0.542734470739306,-0.0645954770007295,-0.314829114033109,-1.71622138806343,1.40139227403033
"US-Elm",2017,6,"Freshwater","WUE_ET_minus_WUE_E",0.577252850938858,0.134252059231135,-0.375974825398921,-2.04600396554004,1.67002914014112
"US-Elm",2017,7,"Freshwater","WUE_ET_minus_WUE_E",0.495790152560201,-0.335024215430372,-0.161628562941989,-1.19836227208099,1.03673370913901
"US-Elm",2018,3,"Freshwater","WUE_ET_minus_WUE_E",0.503577988483486,-0.290161392291782,-0.388305327196457,-1.25783399652349,0.869528669327036
"US-Elm",2018,4,"Freshwater","WUE_ET_minus_WUE_E",0.520503461477359,-0.192660044171333,-0.337086750174695,-1.43809456347712,1.10100781330243
"US-Elm",2018,5,"Freshwater","WUE_ET_minus_WUE_E",0.562374498475181,0.0485434102885093,-0.403043177534792,-1.93918293303947,1.53613975550467
"US-Elm",2018,6,"Freshwater","WUE_ET_minus_WUE_E",0.352936486323493,-1.15795099845558,-0.177658549549739,0.500526206955178,-0.678184756504917
"US-Elm",2018,7,"Freshwater","WUE_ET_minus_WUE_E",0.390227366710319,-0.943132120919324,-0.0860117672287945,2.92038165334851e-05,-0.086040971045328
"US-Elm",2019,4,"Freshwater","WUE_ET_minus_WUE_E",0.47070241370146,-0.479545338172794,-0.219668350415577,-0.872732910078994,0.653064559663416
"US-Elm",2019,5,"Freshwater","WUE_ET_minus_WUE_E",0.53215543308155,-0.125537374094041,-0.276365347827487,-1.59612387026694,1.31975852243945
"US-Elm",2019,6,"Freshwater","WUE_ET_minus_WUE_E",0.380609904024022,-0.998534742621629,-0.138172154898784,0.186366367251564,-0.324538522150348
"US-Elm",2019,7,"Freshwater","WUE_ET_minus_WUE_E",0.452077018017983,-0.586839307982278,-0.203345312976932,-0.702113074047779,0.498767761070847
"US-Elm",2020,3,"Freshwater","WUE_ET_minus_WUE_E",0.432248793038784,-0.701062329519541,-0.208398648873913,-0.448076096375625,0.239677447501713
"US-Elm",2020,4,"Freshwater","WUE_ET_minus_WUE_E",0.510024549074931,-0.253025156947954,-0.391674922442375,-1.31913370810898,0.927458785666604
"US-Elm",2020,5,"Freshwater","WUE_ET_minus_WUE_E",0.481973558683315,-0.414616468475049,-0.114288861189725,-1.02643891889662,0.9121500577069
"US-Elm",2020,6,"Freshwater","WUE_ET_minus_WUE_E",0.540019032517516,-0.0802381055676323,-0.0758359079384075,-1.62331058688379,1.54747467894538
"US-Elm",2020,7,"Freshwater","WUE_ET_minus_WUE_E",0.467970977395962,-0.495280125743436,-0.11766186848926,-0.882547734647945,0.764885866158685
"US-Elm",2021,3,"Freshwater","WUE_ET_minus_WUE_E",0.549247588548076,-0.0270758303088888,-0.25300229481137,-1.7762937831275,1.52329148831613
"US-Elm",2021,4,"Freshwater","WUE_ET_minus_WUE_E",0.544691571830902,-0.0533213462920849,-0.273685090836912,-1.71268778335459,1.43900269251768
"US-Elm",2021,5,"Freshwater","WUE_ET_minus_WUE_E",0.568701420697314,0.0849904535312284,-0.360133420246848,-2.01100871519012,1.65087529494328
"US-Elm",2021,6,"Freshwater","WUE_ET_minus_WUE_E",0.595157710603515,0.23739528931064,-0.420850777855906,-2.24926718019012,1.82841640233422
"US-Elm",2021,7,"Freshwater","WUE_ET_minus_WUE_E",0.596165939359718,0.243203319785129,-0.211722179446282,-2.33786883510508,2.1261466556588
"US-Elm",2022,3,"Freshwater","WUE_ET_minus_WUE_E",0.407030383307382,-0.846336198507169,-0.0759772338176006,-0.161786500904168,0.0858092670865671
"US-Elm",2022,4,"Freshwater","WUE_ET_minus_WUE_E",0.45256979156281,-0.584000623063036,-0.242150220521043,-0.666884043627795,0.424733823106753
"US-Elm",2022,5,"Freshwater","WUE_ET_minus_WUE_E",0.417491496604545,-0.786073619748906,-0.108105469359592,-0.29441244838093,0.186306979021338
"US-Elm",2022,6,"Freshwater","WUE_ET_minus_WUE_E",0.524585473287573,-0.169145093972686,-0.24072120499236,-1.44810257513023,1.20738137013788
"US-Elm",2022,7,"Freshwater","WUE_ET_minus_WUE_E",0.551805821737102,-0.0123388014041859,-0.252559809506822,-1.83427482324988,1.58171501374306
"US-Elm",2023,3,"Freshwater","WUE_ET_minus_WUE_E",0.39249588246108,-0.930064046307071,-0.209714599922789,0.00321503614700736,-0.212929636069796
"US-Elm",2023,4,"Freshwater","WUE_ET_minus_WUE_E",0.413002230840885,-0.811934608342031,-0.234661763809601,-0.217697077696033,-0.0169646861135672
"US-Elm",2023,5,"Freshwater","WUE_ET_minus_WUE_E",0.436034676051139,-0.679253267068848,-0.34119981403906,-0.504922127582059,0.163722313542999
"US-Elm",2023,6,"Freshwater","WUE_ET_minus_WUE_E",0.394105018490068,-0.920794412767589,-0.219541078524346,0.0331643651239415,-0.252705443648288
"US-Elm",2023,7,"Freshwater","WUE_ET_minus_WUE_E",0.335314936707873,-1.25946218482634,-0.0884300932413866,0.623417337295053,-0.71184743053644
"US-Esm",2016,1,"Freshwater","WUE_ET_minus_WUE_E",0.1197687253079,-2.50114365519711,-0.0319329443366479,3.85763682483069,-3.88956976916734
"US-Esm",2016,2,"Freshwater","WUE_ET_minus_WUE_E",0.119505111546532,-2.50266223592604,-0.0380500872967327,3.85464992226538,-3.89270000956211
"US-Esm",2016,3,"Freshwater","WUE_ET_minus_WUE_E",0.265776251116693,-1.66004866144171,-0.0367765517700388,2.1919691079543,-2.22874565972434
"US-Esm",2016,4,"Freshwater","WUE_ET_minus_WUE_E",0.257061886992472,-1.71024886857516,-0.0201215788482586,2.30278235075613,-2.32290392960439
"US-Esm",2016,5,"Freshwater","WUE_ET_minus_WUE_E",0.202000242493051,-2.02743850164279,-0.0108178339408677,2.90211301908636,-2.91293085302722
"US-Esm",2017,1,"Freshwater","WUE_ET_minus_WUE_E",0.132206603602249,-2.42949366929148,-0.001493980498635,3.71643699568451,-3.71793097618314
"US-Esm",2017,3,"Freshwater","WUE_ET_minus_WUE_E",0.151470987034026,-2.31851872897593,-0.0462277931015246,3.48960873563221,-3.53583652873373
"US-Esm",2017,4,"Freshwater","WUE_ET_minus_WUE_E",0.20426731664889,-2.01437873152213,-0.0844586856363468,2.90212768409541,-2.98658636973176
"US-Esm",2017,5,"Freshwater","WUE_ET_minus_WUE_E",0.248539961514978,-1.75934050831477,-0.0948681763266649,2.37377528986182,-2.46864346618848
"US-Esm",2017,6,"Freshwater","WUE_ET_minus_WUE_E",0.168153757311483,-2.22241550084017,-0.0658381883081378,3.34843606693992,-3.41427425524805
"US-Esm",2018,1,"Freshwater","WUE_ET_minus_WUE_E",0.312673033198605,-1.38989376076906,-0.0136213655935808,1.66770903561072,-1.6813304012043
"US-Esm",2018,2,"Freshwater","WUE_ET_minus_WUE_E",0.363235861897232,-1.09862013050276,-0.166907358848822,1.08771978412227,-1.25462714297109
"US-Esm",2018,3,"Freshwater","WUE_ET_minus_WUE_E",0.392276403553568,-0.931328382575493,-0.256910126724809,0.75588817129098,-1.01279829801579
"US-Esm",2018,4,"Freshwater","WUE_ET_minus_WUE_E",0.226615973998731,-1.88563643752064,-0.0927375703514739,2.64841667931111,-2.74115424966258
"US-Esm",2018,5,"Freshwater","WUE_ET_minus_WUE_E",0.350216714822915,-1.17361858942819,-0.165224271755952,1.2194996284138,-1.38472390016975
"US-Esm",2018,6,"Freshwater","WUE_ET_minus_WUE_E",0.318722405469579,-1.35504557945585,-0.0753775921063659,1.63911982412424,-1.71449741623061
"US-Esm",2019,1,"Freshwater","WUE_ET_minus_WUE_E",0.407432231492906,-0.844021300728979,-0.298434875629709,0.591964258845717,-0.890399134475426
"US-Esm",2019,2,"Freshwater","WUE_ET_minus_WUE_E",0.405495410533765,-0.855178605145379,-0.18842989952456,0.607972281689767,-0.796402181214327
"US-Esm",2019,3,"Freshwater","WUE_ET_minus_WUE_E",0.347307540369912,-1.19037726029003,-0.133276455651227,1.26639290917021,-1.39966936482144
"US-Esm",2019,4,"Freshwater","WUE_ET_minus_WUE_E",0.236454646049149,-1.82895951103368,-0.142386200618636,2.5367240915829,-2.67911029220154
"US-Esm",2019,5,"Freshwater","WUE_ET_minus_WUE_E",0.151507769273093,-2.31830684019166,-0.0397475394939093,3.47532401400867,-3.51507155350258
"US-Esm",2020,1,"Freshwater","WUE_ET_minus_WUE_E",0.277830873458795,-1.59060647038074,-0.102995386121074,2.06325133679086,-2.16624672291194
"US-Esm",2020,2,"Freshwater","WUE_ET_minus_WUE_E",0.36119014354472,-1.11040475225702,-0.16318773252976,1.1109436069496,-1.27413133947936
"US-Esm",2020,3,"Freshwater","WUE_ET_minus_WUE_E",0.370188509359332,-1.0585685171265,-0.224527094681648,1.00663888717812,-1.23116598185977
"US-Esm",2020,4,"Freshwater","WUE_ET_minus_WUE_E",0.294862383228177,-1.49249428387685,-0.217409495076602,1.87365581616481,-2.09106531124142
"US-Esm",2020,5,"Freshwater","WUE_ET_minus_WUE_E",0.327133553241179,-1.30659208883445,-0.0604480205971634,1.48154902255973,-1.54199704315689
"US-Esm",2020,6,"Freshwater","WUE_ET_minus_WUE_E",0.164330087377523,-2.24444223967717,-0.0153201054847079,3.39184391581972,-3.40716402130443
"US-Esm",2021,1,"Freshwater","WUE_ET_minus_WUE_E",0.220838237704939,-1.9189198251065,-0.0142722238563103,2.71025480800921,-2.72452703186552
"US-Esm",2021,2,"Freshwater","WUE_ET_minus_WUE_E",0.272676622616303,-1.62029819042165,-0.0768284184643747,2.11578492605932,-2.1926133445237
"US-Esm",2021,3,"Freshwater","WUE_ET_minus_WUE_E",0.388762218510436,-0.951572294185771,-0.197406899168517,0.795782622413226,-0.993189521581743
"US-Esm",2021,4,"Freshwater","WUE_ET_minus_WUE_E",0.330449887462093,-1.28748792214593,-0.125107000568107,1.4696520625784,-1.5947590631465
"US-Esm",2021,5,"Freshwater","WUE_ET_minus_WUE_E",0.252343323919358,-1.73743075359465,-0.148836734622884,2.33059798027811,-2.47943471490099
"US-Esm",2021,6,"Freshwater","WUE_ET_minus_WUE_E",0.562526487801663,0.0494189642087629,-0.0507609955798018,-1.12864280835572,1.07788181277592
"US-Esm",2022,1,"Freshwater","WUE_ET_minus_WUE_E",0.216680362213811,-1.94287179772486,-0.0122836124022434,2.7574566936576,-2.76974030605984
"US-Esm",2022,2,"Freshwater","WUE_ET_minus_WUE_E",0.321116845299877,-1.34125210310621,-0.199565442056251,1.56587190995984,-1.76543735201609
"US-Esm",2022,3,"Freshwater","WUE_ET_minus_WUE_E",0.505287190772421,-0.28031531428604,-0.376979347715734,-0.527056031035542,0.150076683319808
"US-Esm",2022,4,"Freshwater","WUE_ET_minus_WUE_E",0.457078906525288,-0.558025290625899,-0.16089104858612,0.0321081798089584,-0.192999228395078
"US-Esm",2022,5,"Freshwater","WUE_ET_minus_WUE_E",0.279719739579762,-1.57972541593222,-0.125308254844137,2.01980982795794,-2.14511808280207
"US-Esm",2022,6,"Freshwater","WUE_ET_minus_WUE_E",0.204047800903134,-2.01564328000197,-0.0499057869505181,2.94095235447993,-2.99085814143044
"US-Esm",2023,2,"Freshwater","WUE_ET_minus_WUE_E",0.305652760596839,-1.43033493739633,-0.220516129103722,1.74142645924041,-1.96194258834413
"US-Esm",2023,3,"Freshwater","WUE_ET_minus_WUE_E",0.356201953923079,-1.13913985543355,-0.240115445842612,1.16541992613071,-1.40553537197332
"US-Esm",2023,5,"Freshwater","WUE_ET_minus_WUE_E",0.351305024933056,-1.16734924009005,-0.117693397032321,1.20714469150469,-1.32483808853701
"US-Esm",2023,6,"Freshwater","WUE_ET_minus_WUE_E",0.423513262976923,-0.751384465739101,-0.065740103613364,0.449491591241323,-0.515231694854687
"US-Esm",2024,1,"Freshwater","WUE_ET_minus_WUE_E",0.257427909723911,-1.7081403478992,-0.0991452020600677,2.29487404005772,-2.39401924211779
"US-Esm",2024,2,"Freshwater","WUE_ET_minus_WUE_E",0.208702578713567,-1.98882883813185,-0.074223145517166,2.84204416859918,-2.91626731411634
"US-Esm",2024,3,"Freshwater","WUE_ET_minus_WUE_E",0.206642781770048,-2.00069456140707,-0.0619749789780019,2.86327618870947,-2.92525116768747
"US-Esm",2024,4,"Freshwater","WUE_ET_minus_WUE_E",0.221600325503447,-1.91452972104456,-0.0511359944010866,2.70535635132198,-2.75649234572307
"US-Esm",2024,5,"Freshwater","WUE_ET_minus_WUE_E",0.180887486010692,-2.149061230905,-0.0626824622494155,3.1417935769407,-3.20447603919012
"US-Fo1",2013,8,"Freshwater","WUE_ET_minus_WUE_E",0.372176245309623,-1.04711791040308,-3.12290590111818,-5.5862351466395,2.46332924552132
"US-Fo1",2014,6,"Freshwater","WUE_ET_minus_WUE_E",0.645913791539289,0.529782173762268,-4.52352724666817,-8.59235553191384,4.06882828524567
"US-Fo1",2014,7,"Freshwater","WUE_ET_minus_WUE_E",0.302352876893375,-1.44934433877879,-2.48528481625783,-4.76926879223089,2.28398397597305
"US-Fo1",2014,8,"Freshwater","WUE_ET_minus_WUE_E",0.231463106032404,-1.85771391458896,-2.97982809259411,-3.98880263006682,1.00897453747271
"US-Fo1",2024,6,"Freshwater","WUE_ET_minus_WUE_E",0.315388775608287,-1.37424937988897,-1.01569963667379,-4.84010175731294,3.82440212063915
"US-Fo1",2024,7,"Freshwater","WUE_ET_minus_WUE_E",0.429877396508138,-0.714723061999505,-2.53703396581942,-6.21697875975283,3.67994479393341
"US-Fo1",2024,8,"Freshwater","WUE_ET_minus_WUE_E",0.268809423285451,-1.642575685907,-1.38497671037001,-4.41277314099916,3.02779643062915
"US-Fo2",2023,7,"Freshwater","WUE_ET_minus_WUE_E",0.121961995817889,-2.48850904040117,-0.651998168242714,-2.61631647692418,1.96431830868147
"US-Fo2",2024,6,"Freshwater","WUE_ET_minus_WUE_E",0.421262494001323,-0.764350307787247,-1.2636803492863,-5.93694105267998,4.67326070339368
"US-Fo2",2024,7,"Freshwater","WUE_ET_minus_WUE_E",0.516354259337552,-0.21656205284204,-2.63304141270629,-7.09361709907732,4.46057568637103
"US-Fo2",2024,8,"Freshwater","WUE_ET_minus_WUE_E",0.306046756391161,-1.4280652743202,-1.43440735815853,-4.73042440715181,3.29601704899328
"US-GCE",2014,2,"Saline","WUE_ET_minus_WUE_E",0.466009527701164,-0.506579307136033,-0.201482104213417,-1.50087691436007,1.29939481014665
"US-GCE",2014,3,"Saline","WUE_ET_minus_WUE_E",0.422451459226486,-0.757501121808,-0.466718667224003,-1.1858779088269,0.719159241602899
"US-GCE",2014,4,"Saline","WUE_ET_minus_WUE_E",0.699348210187347,0.837597964559023,-1.92550064171514,-3.1901064724284,1.26460583071326
"US-GCE",2014,5,"Saline","WUE_ET_minus_WUE_E",0.659184408657922,0.606229257984101,-1.39094709227027,-2.92342124246533,1.53247415019506
"US-GCE",2014,6,"Saline","WUE_ET_minus_WUE_E",0.620156559473059,0.381404349921371,-1.1206268581219,-2.57717153882412,1.45654468070222
"US-GCE",2014,7,"Saline","WUE_ET_minus_WUE_E",0.655353130371713,0.584158690262583,-1.09546263426108,-2.91059711039417,1.81513447613309
"US-GCE",2014,8,"Saline","WUE_ET_minus_WUE_E",0.595487085697414,0.239292696591609,-0.843263142277073,-2.49900968984204,1.65574654756497
"US-GCE",2014,9,"Saline","WUE_ET_minus_WUE_E",0.606293208046636,0.301542744042877,-1.25263356614146,-2.50519950075661,1.25256593461515
"US-GCE",2014,10,"Saline","WUE_ET_minus_WUE_E",0.727827866278422,1.00165865957723,-1.39711150026618,-3.39172573840438,1.9946142381382
"US-GCE",2015,2,"Saline","WUE_ET_minus_WUE_E",0.431004267364647,-0.708231578558713,-0.6609678019469,-1.24600012799583,0.585032326048926
"US-GCE",2015,3,"Saline","WUE_ET_minus_WUE_E",0.566197547534567,0.0705665724982543,-0.924377944872026,-2.2325074921577,1.30812954728568
"US-GCE",2015,4,"Saline","WUE_ET_minus_WUE_E",0.614086172177814,0.346435108877771,-1.48069991917992,-2.56930508321358,1.08860516403367
"US-GCE",2015,5,"Saline","WUE_ET_minus_WUE_E",0.715644951970405,0.931477426267078,-1.80263061605444,-3.33451608071321,1.53188546465877
"US-GCE",2015,6,"Saline","WUE_ET_minus_WUE_E",0.734877404416139,1.04226842406078,-2.54748066982905,-3.41246543485554,0.864984765026491
"US-GCE",2015,7,"Saline","WUE_ET_minus_WUE_E",0.54102527830297,-0.0744414982493161,-1.28264236025949,-2.07816463461537,0.795522274355881
"US-GCE",2015,8,"Saline","WUE_ET_minus_WUE_E",0.590417136672961,0.210086607936652,-0.944756946118626,-2.4620948861251,1.51733794000647
"US-GCE",2015,9,"Saline","WUE_ET_minus_WUE_E",0.590968701032301,0.213263964848941,-1.09605904537032,-2.39362023915758,1.29756119378727
"US-GCE",2016,4,"Saline","WUE_ET_minus_WUE_E",0.702296391576419,0.854581339856255,-2.37787381687971,-3.21157247470468,0.833698657824971
"US-GCE",2016,8,"Saline","WUE_ET_minus_WUE_E",0.638564234013745,0.487444109290521,-0.928919608296098,-2.8126586963929,1.8837390880968
"US-GCE",2016,9,"Saline","WUE_ET_minus_WUE_E",0.654375455464146,0.578526669134087,-1.01459533429594,-2.85529113227524,1.8406957979793
"US-GCE",2016,10,"Saline","WUE_ET_minus_WUE_E",0.513587978201775,-0.232497568506278,-0.320393399749033,-1.83182377912516,1.51143037937613
"US-GCE",2017,2,"Saline","WUE_ET_minus_WUE_E",0.532046524227184,-0.126164757454422,-0.82930042312946,-1.98169886208719,1.15239843895773
"US-GCE",2017,3,"Saline","WUE_ET_minus_WUE_E",0.558243305983175,0.0247451484933145,-0.793608982568937,-2.17459186733177,1.38098288476284
"US-GCE",2017,4,"Saline","WUE_ET_minus_WUE_E",0.691228745086774,0.790824749204311,-1.47911123579016,-3.13098783848778,1.65187660269762
"US-GCE",2017,5,"Saline","WUE_ET_minus_WUE_E",0.672483452989193,0.68284010079375,-1.3717219216061,-3.02025290857164,1.64853098696554
"US-HB1",2018,5,"Saline","WUE_ET_minus_WUE_E",0.623081533943488,0.398254038800845,-1.75091928285227,-2.73855742955665,0.987638146704372
"US-HB1",2018,6,"Saline","WUE_ET_minus_WUE_E",0.611784900486746,0.3331783394893,-1.81592712190839,-2.5942214691303,0.77829434722191
"US-HB1",2018,7,"Saline","WUE_ET_minus_WUE_E",0.571186036043721,0.0993033974544618,-1.50635326626393,-2.37577292820265,0.869419661938725
"US-HB1",2018,8,"Saline","WUE_ET_minus_WUE_E",0.564653556995179,0.0616722178689925,-1.45894610733832,-2.35251250997421,0.893566402635889
"US-HB1",2018,9,"Saline","WUE_ET_minus_WUE_E",0.598094970165153,0.254315748026512,-1.70166639476209,-2.52351212739648,0.82184573263439
"US-HB1",2018,10,"Saline","WUE_ET_minus_WUE_E",0.585145693967943,0.179719789209339,-1.57774894139522,-2.43084744644035,0.853098505045131
"US-HB1",2019,4,"Saline","WUE_ET_minus_WUE_E",0.598088944084138,0.254281034017451,-1.64584255789291,-2.5308324854883,0.884989927595388
"US-HB1",2019,5,"Saline","WUE_ET_minus_WUE_E",0.651040184442145,0.559313414585167,-2.05898642713289,-2.94212714798394,0.883140720851051
"US-HB1",2019,6,"Saline","WUE_ET_minus_WUE_E",0.665732730872899,0.643951704152576,-1.97636685890804,-2.98702099434344,1.0106541354354
"US-HB1",2019,7,"Saline","WUE_ET_minus_WUE_E",0.607063209452321,0.305978435449319,-1.35722600776956,-2.63699820047059,1.27977219270103
"US-HB1",2019,8,"Saline","WUE_ET_minus_WUE_E",0.524226620572654,-0.171212310853061,-1.04138175006767,-2.05815996013255,1.01677821006488
"US-HB1",2019,9,"Saline","WUE_ET_minus_WUE_E",0.494601629620233,-0.341870853569284,-0.929192031694948,-1.76996680893266,0.840774777237707
"US-HB1",2020,4,"Saline","WUE_ET_minus_WUE_E",0.642138210145885,0.508032455102782,-1.49537081036533,-2.85155957814785,1.35618876778252
"US-HB1",2020,5,"Saline","WUE_ET_minus_WUE_E",0.674901047750679,0.696766964080771,-2.1673531154184,-3.11586046981876,0.94850735440036
"US-HB1",2020,6,"Saline","WUE_ET_minus_WUE_E",0.538832118823876,-0.0870754734376149,-1.48038877429928,-2.06304500114192,0.582656226842641
"US-HB1",2020,8,"Saline","WUE_ET_minus_WUE_E",0.507271831546508,-0.268882537720306,-1.40620414287324,-1.93471045286064,0.528506309987399
"US-HB1",2020,9,"Saline","WUE_ET_minus_WUE_E",0.39833411898728,-0.896432139408121,-0.776539233050212,-1.06903347761224,0.29249424456203
"US-HB1",2020,10,"Saline","WUE_ET_minus_WUE_E",0.524898111193784,-0.167344103398288,-0.915552541434475,-1.99217879675536,1.07662625532089
"US-HB1",2021,4,"Saline","WUE_ET_minus_WUE_E",0.645773157501323,0.52897203343128,-1.66736153620846,-2.87802599181399,1.21066445560553
"US-HB1",2021,5,"Saline","WUE_ET_minus_WUE_E",0.624043482473024,0.403795466120848,-1.9284101386743,-2.74556147259186,0.817151333917558
"US-HB1",2021,6,"Saline","WUE_ET_minus_WUE_E",0.584450766632023,0.175716571566768,-2.08784377706909,-2.3951989185774,0.307355141508307
"US-HB1",2021,9,"Saline","WUE_ET_minus_WUE_E",0.465985224310015,-0.50671930992365,-1.15893563283728,-1.56160791222259,0.402672279385315
"US-HB1",2022,4,"Saline","WUE_ET_minus_WUE_E",0.64056113424534,0.498947508026444,-1.9649735994781,-2.8400767314694,0.8751031319913
"US-HB1",2022,5,"Saline","WUE_ET_minus_WUE_E",0.646192122915457,0.531385537190304,-2.07063835201025,-2.90682792923397,0.83618957722372
"US-HB1",2022,6,"Saline","WUE_ET_minus_WUE_E",0.668759816854563,0.661389619429488,-2.46129397729623,-3.00906150881577,0.547767531519546
"US-HB1",2022,7,"Saline","WUE_ET_minus_WUE_E",0.473455285669316,-0.463687067732369,-1.14044299419753,-1.66418560261405,0.523742608416523
"US-HB1",2022,8,"Saline","WUE_ET_minus_WUE_E",0.508474452803804,-0.261954684424443,-1.27678186628961,-1.94346685799308,0.666684991703466
"US-HB1",2022,9,"Saline","WUE_ET_minus_WUE_E",0.600006227322673,0.265325788899846,-1.35227722535345,-2.53742818108502,1.18515095573157
"US-HB1",2022,10,"Saline","WUE_ET_minus_WUE_E",0.535600387595069,-0.105692273788525,-1.4826588864087,-2.07010313697504,0.587444250566338
"US-HB1",2023,4,"Saline","WUE_ET_minus_WUE_E",0.583651014302778,0.171109496166742,-1.28367835609277,-2.42570848100869,1.14203012491592
"US-HB1",2023,5,"Saline","WUE_ET_minus_WUE_E",0.641677933135684,0.505380970620214,-2.07326433090761,-2.87395966392053,0.800695333012918
"US-HB1",2023,6,"Saline","WUE_ET_minus_WUE_E",0.564842277933607,0.0627593689295216,-1.52956340130795,-2.25242755973399,0.722864158426036
"US-HB1",2023,7,"Saline","WUE_ET_minus_WUE_E",0.618791327630985,0.373539757590783,-1.72271962813318,-2.72239179682559,0.999672168692409
"US-HB1",2023,8,"Saline","WUE_ET_minus_WUE_E",0.622403971661645,0.394350854769344,-1.79921635740131,-2.77299902999693,0.973782672595616
"US-HB1",2023,9,"Saline","WUE_ET_minus_WUE_E",0.651251286338486,0.560529494011218,-1.78601943756695,-2.91054855880641,1.12452912123946
"US-HB1",2023,10,"Saline","WUE_ET_minus_WUE_E",0.556691688925731,0.0158068603330842,-1.53199696826054,-2.22367100225361,0.691674033993065
"US-HB1",2024,4,"Saline","WUE_ET_minus_WUE_E",0.619534606120788,0.377821508228474,-1.51640682917646,-2.6869804863547,1.17057365717824
"US-HB1",2024,5,"Saline","WUE_ET_minus_WUE_E",0.611499512201244,0.331534323834064,-1.79254848052137,-2.65422757590364,0.861679095382271
"US-HB1",2024,6,"Saline","WUE_ET_minus_WUE_E",0.645405406493325,0.526853556797544,-1.80652129081038,-2.83901572132324,1.03249443051285
"US-HB1",2024,7,"Saline","WUE_ET_minus_WUE_E",0.592162347572255,0.220140118139725,-1.73476680062938,-2.52850354128113,0.79373674065175
"US-HB1",2024,8,"Saline","WUE_ET_minus_WUE_E",0.468947219171924,-0.48965636035252,-0.994636667637646,-1.65566513376328,0.661028466125637
"US-HB1",2024,9,"Saline","WUE_ET_minus_WUE_E",0.485393979675431,-0.394912696651863,-0.865876723171615,-1.70292499277881,0.837048269607196
"US-HB1",2024,10,"Saline","WUE_ET_minus_WUE_E",0.492139253357886,-0.356055686409441,-1.20141179882034,-1.75365829069682,0.552246491876483
"US-HB2",2019,3,"Upland","WUE_ET_minus_WUE_E",0.569377024763323,0.0888823570104063,-3.98648344849708,-4.32825288546866,0.341769436971586
"US-HB2",2019,4,"Upland","WUE_ET_minus_WUE_E",0.64458851652236,0.522147757824366,-5.29797148383559,-5.25998486902279,-0.0379866148128016
"US-HB2",2019,5,"Upland","WUE_ET_minus_WUE_E",0.68194953409974,0.737370669601488,-6.3362289654827,-5.75447399307076,-0.581754972411942
"US-HB2",2019,6,"Upland","WUE_ET_minus_WUE_E",0.676044649059891,0.703354825430398,-4.79970635151882,-5.6183062482836,0.818599896764779
"US-HB2",2019,7,"Upland","WUE_ET_minus_WUE_E",0.717358389838524,0.941347903867481,-6.12023518844029,-6.21379133899195,0.0935561505516516
"US-HB2",2019,8,"Upland","WUE_ET_minus_WUE_E",0.703234627940242,0.859986170218248,-6.02735529597338,-6.06089541918486,0.0335401232114743
"US-HB2",2019,9,"Upland","WUE_ET_minus_WUE_E",0.685254039309931,0.756406693763487,-6.29516598917919,-5.76281723742553,-0.532348751753658
"US-HB2",2019,10,"Upland","WUE_ET_minus_WUE_E",0.599372006366327,0.261672278107421,-4.15425502933096,-4.68694685420399,0.532691824873028
"US-HB2",2020,3,"Upland","WUE_ET_minus_WUE_E",0.54406631472903,-0.0569232196563597,-2.91897218549555,-4.01070038906447,1.09172820356893
"US-HB2",2020,4,"Upland","WUE_ET_minus_WUE_E",0.579858472771398,0.149262076467091,-2.99752375713599,-4.44787067081895,1.45034691368296
"US-HB2",2020,5,"Upland","WUE_ET_minus_WUE_E",0.634094778252584,0.461697238746009,-4.40541620087634,-5.15408004270399,0.748663841827651
"US-HB2",2020,6,"Upland","WUE_ET_minus_WUE_E",0.646430586677394,0.532759238136509,-3.7837306061377,-5.24676315741456,1.46303255127686
"US-HB2",2020,7,"Upland","WUE_ET_minus_WUE_E",0.689127324943835,0.778719250174642,-4.52517833024338,-5.8595995711075,1.33442124086412
"US-HB2",2020,8,"Upland","WUE_ET_minus_WUE_E",0.639813139909354,0.494638591154725,-3.79364041938669,-5.26519858481753,1.47155816543084
"US-HB2",2020,10,"Upland","WUE_ET_minus_WUE_E",0.639454539322482,0.492572826690152,-5.02137382979937,-5.18982916707409,0.168455337274724
"US-HB2",2021,3,"Upland","WUE_ET_minus_WUE_E",0.495642376953811,-0.335875495678057,-2.83942590953123,-3.40316538489401,0.563739475362788
"US-HB2",2021,4,"Upland","WUE_ET_minus_WUE_E",0.516763653834553,-0.214203683573124,-2.6788949439548,-3.65627228276825,0.977377338813453
"US-HB2",2021,5,"Upland","WUE_ET_minus_WUE_E",0.509470234115447,-0.256218359043552,-2.82968738541008,-3.59051920026371,0.760831814853634
"US-HB2",2021,6,"Upland","WUE_ET_minus_WUE_E",0.611237306667086,0.330023855377772,-3.94890681301187,-4.80522224810057,0.856315435088701
"US-HB2",2021,7,"Upland","WUE_ET_minus_WUE_E",0.697567009284469,0.82733712934533,-5.89538778969542,-5.96548529409197,0.0700975043965517
"US-HB2",2021,8,"Upland","WUE_ET_minus_WUE_E",0.60544190214776,0.296638687722952,-4.25497748998121,-4.83397115813105,0.578993668149846
"US-HB2",2021,9,"Upland","WUE_ET_minus_WUE_E",0.502276819741189,-0.297656940956924,-2.59289191820999,-3.46715375029204,0.874261832082046
"US-HB2",2021,10,"Upland","WUE_ET_minus_WUE_E",0.60201939006465,0.276922869903117,-4.18092346545874,-4.72016138280486,0.539237917346115
"US-HB2",2022,3,"Upland","WUE_ET_minus_WUE_E",0.584031077081985,0.173298896330419,-2.34454286386539,-4.51210513180721,2.16756226794182
"US-HB2",2022,4,"Upland","WUE_ET_minus_WUE_E",0.649963955182359,0.553113658527904,-4.04567325108769,-5.32742604168991,1.28175279060222
"US-HB2",2022,5,"Upland","WUE_ET_minus_WUE_E",0.709558973766981,0.896418371806367,-6.09208822275226,-6.10086674454925,0.00877852179698912
"US-HB2",2022,6,"Upland","WUE_ET_minus_WUE_E",0.644866663153671,0.523750057006065,-4.308240584711,-5.22714190544374,0.918901320732735
"US-HB2",2022,7,"Upland","WUE_ET_minus_WUE_E",0.641374480758857,0.503632894460585,-3.93166920544225,-5.26048422188204,1.32881501643979
"US-HB2",2022,8,"Upland","WUE_ET_minus_WUE_E",0.558546070884954,0.026489264365157,-3.18556467957896,-4.24560803958256,1.0600433600036
"US-HB2",2022,9,"Upland","WUE_ET_minus_WUE_E",0.654920135926523,0.58166437047903,-4.02552097227401,-5.38224289826107,1.35672192598706
"US-HB2",2022,10,"Upland","WUE_ET_minus_WUE_E",0.575475900613354,0.12401571001109,-2.6449752573865,-4.38714222502079,1.74216696763428
"US-HB2",2023,3,"Upland","WUE_ET_minus_WUE_E",0.737118669056768,1.05517951517387,-6.49308039455284,-6.43276823980504,-0.0603121547477983
"US-HB2",2023,4,"Upland","WUE_ET_minus_WUE_E",0.704557470816532,0.867606575499481,-4.65229663446176,-6.01236562472112,1.36006899025935
"US-HB2",2023,5,"Upland","WUE_ET_minus_WUE_E",0.710967843259371,0.904534344392981,-5.79781895612171,-6.11854266212761,0.320723706005901
"US-HB2",2023,6,"Upland","WUE_ET_minus_WUE_E",0.707505919459608,0.884591490347526,-4.82204612974863,-6.01302472682257,1.19097859707394
"US-HB2",2023,7,"Upland","WUE_ET_minus_WUE_E",0.684713458219064,0.753292607371517,-3.99935095908845,-5.80422244437548,1.80487148528704
"US-HB2",2023,8,"Upland","WUE_ET_minus_WUE_E",0.703564655758037,0.861887337598562,-4.23599745466711,-6.06503600462406,1.82903854995694
"US-HB2",2023,9,"Upland","WUE_ET_minus_WUE_E",0.710375274074319,0.901120773946936,-4.9193672983989,-6.07799254469184,1.15862524629295
"US-HB2",2023,10,"Upland","WUE_ET_minus_WUE_E",0.680122160385449,0.72684385001259,-3.93282594168226,-5.70005209538655,1.76722615370429
"US-HB2",2024,3,"Upland","WUE_ET_minus_WUE_E",0.658980527184531,0.605054772726314,-4.43941113314647,-5.45243374969021,1.01302261654374
"US-HB2",2024,4,"Upland","WUE_ET_minus_WUE_E",0.63527934699362,0.468521098217127,-4.38189044466198,-5.1431904361801,0.761299991518118
"US-HB2",2024,5,"Upland","WUE_ET_minus_WUE_E",0.605532423518073,0.297160147633843,-3.69241701528423,-4.79573185583618,1.10331484055195
"US-HB2",2024,6,"Upland","WUE_ET_minus_WUE_E",0.66038831089059,0.613164490502143,-4.66699959481085,-5.42187915226482,0.75487955745397
"US-HB2",2024,7,"Upland","WUE_ET_minus_WUE_E",0.659130074102486,0.605916256840415,-4.64472055398789,-5.48324893230571,0.838528378317823
"US-HB2",2024,8,"Upland","WUE_ET_minus_WUE_E",0.657177806529483,0.594669970232738,-4.6166894543929,-5.48305866171689,0.86636920732399
"US-HB2",2024,9,"Upland","WUE_ET_minus_WUE_E",0.683980718717896,0.749071567923409,-5.77189745313112,-5.74684193953086,-0.0250555136002637
"US-HB2",2024,10,"Upland","WUE_ET_minus_WUE_E",0.694920040586535,0.812088928212362,-5.73992939118367,-5.88570883093361,0.145779439749935
"US-HB3",2019,4,"Upland","WUE_ET_minus_WUE_E",0.584755577236518,0.177472471970286,-3.48045380817237,-4.81128092817629,1.33082712000392
"US-HB3",2019,5,"Upland","WUE_ET_minus_WUE_E",0.627556071095279,0.424030181344845,-5.53643555724622,-5.37401465184014,-0.162420905406082
"US-HB3",2019,6,"Upland","WUE_ET_minus_WUE_E",0.695748907511648,0.816863721959054,-5.70770639047214,-6.1674895916874,0.459783201215265
"US-HB3",2019,7,"Upland","WUE_ET_minus_WUE_E",0.749289832868976,1.12529305825267,-8.24828797854044,-6.91637903105679,-1.33190894748366
"US-HB3",2019,8,"Upland","WUE_ET_minus_WUE_E",0.723338706283063,0.975798280275897,-7.62815811001574,-6.61509497131403,-1.01306313870171
"US-HB3",2019,9,"Upland","WUE_ET_minus_WUE_E",0.786842063998584,1.34161748011037,-9.97387217175247,-7.33932831475196,-2.63454385700052
"US-HB3",2019,10,"Upland","WUE_ET_minus_WUE_E",0.628922056190538,0.431899112886573,-4.49431855260153,-5.35965717986792,0.865338627266389
"US-HB3",2020,4,"Upland","WUE_ET_minus_WUE_E",0.61201844200133,0.334523685201192,-4.17461603694428,-5.15332549166209,0.978709454717812
"US-HB3",2020,5,"Upland","WUE_ET_minus_WUE_E",0.641651265923799,0.505227350741442,-5.11624488154062,-5.5508553765387,0.434610494998084
"US-HB3",2020,6,"Upland","WUE_ET_minus_WUE_E",0.691840505879109,0.794348875354374,-6.33595032720784,-6.11845411644071,-0.217496210767132
"US-HB3",2020,7,"Upland","WUE_ET_minus_WUE_E",0.75166282344032,1.1389629734076,-7.85049110464988,-6.94615097656337,-0.904340128086511
"US-HB3",2020,8,"Upland","WUE_ET_minus_WUE_E",0.729575035807572,1.01172345271765,-8.0281562453454,-6.69333702798585,-1.33481921735955
"US-HB3",2020,10,"Upland","WUE_ET_minus_WUE_E",0.711385031931813,0.906937613004643,-7.78513304763853,-6.39425177528148,-1.39088127235705
"US-HB3",2021,5,"Upland","WUE_ET_minus_WUE_E",0.551971665238745,-0.0113834387391024,-3.72766787990735,-4.42571977048559,0.69805189057824
"US-HB3",2021,6,"Upland","WUE_ET_minus_WUE_E",0.68988369328835,0.783076406591631,-6.18279627897521,-6.09390361104798,-0.0888926679272322
"US-HB3",2021,7,"Upland","WUE_ET_minus_WUE_E",0.569620880538464,0.0902871193370944,-3.63539151556727,-4.66222163043168,1.02683011486441
"US-HB3",2021,8,"Upland","WUE_ET_minus_WUE_E",0.650719654221816,0.557466959327656,-4.90700645584795,-5.70400392577205,0.796997469924104
"US-HB3",2021,9,"Upland","WUE_ET_minus_WUE_E",0.674164620019138,0.692524678110715,-5.14781979968675,-5.92565783393035,0.777838034243596
"US-HB3",2021,10,"Upland","WUE_ET_minus_WUE_E",0.692037444393723,0.795483364811691,-5.61212719175008,-6.15151363345161,0.539386441701533
"US-HB3",2022,4,"Upland","WUE_ET_minus_WUE_E",0.683075361066948,0.743856139584682,-5.64813032016374,-6.04481774950492,0.396687429341178
"US-HB3",2022,5,"Upland","WUE_ET_minus_WUE_E",0.711314879349152,0.90653349009558,-6.97690959861047,-6.42486698355345,-0.552042615057013
"US-HB3",2022,6,"Upland","WUE_ET_minus_WUE_E",0.688003543266411,0.772245562344374,-6.13695794582416,-6.07031492735351,-0.0666430184706472
"US-HB3",2022,7,"Upland","WUE_ET_minus_WUE_E",0.596650655847125,0.245995590996432,-3.54858930819845,-5.00134181374065,1.4527525055422
"US-HB3",2022,8,"Upland","WUE_ET_minus_WUE_E",0.595671041787926,0.240352399137373,-4.11861185882018,-5.01335462046675,0.894742761646569
"US-HB3",2022,9,"Upland","WUE_ET_minus_WUE_E",0.710742859954965,0.903238299343481,-6.32921982784003,-6.38457468730804,0.0553548594680091
"US-HB3",2022,10,"Upland","WUE_ET_minus_WUE_E",0.543776316435981,-0.0585937918486483,-3.60753346560055,-4.29140416837174,0.683870702771193
"US-HB3",2023,4,"Upland","WUE_ET_minus_WUE_E",0.648021838461282,0.541925847198744,-5.0555019551786,-5.60503026048909,0.549528305310482
"US-HB3",2023,5,"Upland","WUE_ET_minus_WUE_E",0.663479266863554,0.630970337018462,-5.43871250510472,-5.82471320907445,0.386000703969724
"US-HB3",2023,6,"Upland","WUE_ET_minus_WUE_E",0.683749765094634,0.747741130089885,-5.86567004553586,-6.01694629898366,0.151276253447802
"US-HB3",2023,7,"Upland","WUE_ET_minus_WUE_E",0.718394894301557,0.947318820161233,-6.06990682390086,-6.52876584853266,0.458859024631807
"US-HB3",2023,8,"Upland","WUE_ET_minus_WUE_E",0.738998720290372,1.06600979033831,-6.20097066296093,-6.81156818502506,0.610597522064127
"US-HB3",2023,9,"Upland","WUE_ET_minus_WUE_E",0.730674513719209,1.01805713560214,-6.83141481299091,-6.63464062389077,-0.196774189100143
"US-HB3",2023,10,"Upland","WUE_ET_minus_WUE_E",0.712073273815296,0.910902318244895,-7.34234232944227,-6.40288657564599,-0.939455753796281
"US-HB3",2024,4,"Upland","WUE_ET_minus_WUE_E",0.696976806885933,0.823937193075187,-7.54401003777483,-6.21922766599739,-1.32478237177745
"US-HB3",2024,5,"Upland","WUE_ET_minus_WUE_E",0.656869731606334,0.592895265304846,-5.69934923379837,-5.74178884945918,0.0424396156608093
"US-HB3",2024,6,"Upland","WUE_ET_minus_WUE_E",0.752028224702947,1.14106791403313,-8.39079286152786,-6.87357952933853,-1.51721333218932
"US-HB3",2024,7,"Upland","WUE_ET_minus_WUE_E",0.73932146972905,1.06786902968645,-7.61558747906858,-6.79131424244129,-0.824273236627283
"US-HB3",2024,8,"Upland","WUE_ET_minus_WUE_E",0.712990584527083,0.916186603716675,-6.58318078245845,-6.48526566616006,-0.0979151162983882
"US-HB3",2024,9,"Upland","WUE_ET_minus_WUE_E",0.76680817110089,1.22620968227021,-9.7163165243593,-7.08797966851733,-2.62833685584198
"US-KPL",2021,6,"Freshwater","WUE_ET_minus_WUE_E",0.44290360855021,-0.639683904425315,-1.2279909385145,-2.22259807091026,0.994607132395757
"US-KPL",2021,7,"Freshwater","WUE_ET_minus_WUE_E",0.440518194740646,-0.653425385230126,-2.80937486724678,-2.27267372170061,-0.536701145546174
"US-KPL",2021,8,"Freshwater","WUE_ET_minus_WUE_E",0.476833712356478,-0.444225209464444,-2.27810962623353,-2.70924539012614,0.431135763892612
"US-KPL",2022,6,"Freshwater","WUE_ET_minus_WUE_E",0.464594503067208,-0.514730737201492,-1.48545510596562,-2.46884188575925,0.983386779793622
"US-KPL",2022,7,"Freshwater","WUE_ET_minus_WUE_E",0.374136089963214,-1.03582797505527,-1.43598601215534,-1.51907719734837,0.0830911851930263
"US-KPL",2023,6,"Freshwater","WUE_ET_minus_WUE_E",0.373335200691181,-1.04044159995939,-1.17726890723195,-1.43282934418698,0.255560436955022
"US-KPL",2023,7,"Freshwater","WUE_ET_minus_WUE_E",0.34785800549077,-1.18720623568136,-2.0004305577408,-1.22075774526916,-0.779672812471635
"US-KPL",2023,8,"Freshwater","WUE_ET_minus_WUE_E",0.439932686258134,-0.656798281597724,-2.46838747958518,-2.29033000463211,-0.178057474953071
"US-KPL",2024,6,"Freshwater","WUE_ET_minus_WUE_E",0.431433549355495,-0.705758644842377,-1.30228020166725,-2.09238531594816,0.790105114280906
"US-KPL",2024,8,"Freshwater","WUE_ET_minus_WUE_E",0.512964680497779,-0.236088154508922,-2.53937244740486,-3.11941876597883,0.580046318573969
"US-KS1",2002,4,"Upland","WUE_ET_minus_WUE_E",0.651418805507525,0.561494509572273,-4.43929111048893,-5.37370606376869,0.934414953279754
"US-KS1",2002,5,"Upland","WUE_ET_minus_WUE_E",0.638447052341882,0.486769069308726,-3.5193708488757,-5.23671163880793,1.71734078993222
"US-KS1",2002,6,"Upland","WUE_ET_minus_WUE_E",0.512308696013301,-0.239867036883781,-3.44141893344384,-3.59207420244171,0.150655268997867
"US-KS1",2002,7,"Upland","WUE_ET_minus_WUE_E",0.5918093787731,0.218106796307327,-4.16323436850434,-4.66665919748821,0.503424828983873
"US-KS1",2002,8,"Upland","WUE_ET_minus_WUE_E",0.633768751356139,0.459819119183948,-3.20299305422689,-5.21739187350421,2.01439881927732
"US-KS1",2002,9,"Upland","WUE_ET_minus_WUE_E",0.738364059064097,1.06235374331474,-5.145895214632,-6.45717184856702,1.31127663393501
"US-KS1",2002,11,"Upland","WUE_ET_minus_WUE_E",0.677471557403971,0.711574713125264,-5.91645996457422,-5.71202818612967,-0.204431778444545
"US-KS2",2000,4,"Upland","WUE_ET_minus_WUE_E",0.759744534051473,1.18551869920575,-8.52990230506165,-7.17755967787126,-1.35234262719038
"US-KS2",2000,5,"Upland","WUE_ET_minus_WUE_E",0.737394607792999,1.05676909549407,-10.0830029392933,-6.92290508955262,-3.16009784974069
"US-KS2",2000,6,"Upland","WUE_ET_minus_WUE_E",0.667175932406349,0.652265450845025,-5.54871899976423,-5.97984553295256,0.431126533188322
"US-KS2",2000,7,"Upland","WUE_ET_minus_WUE_E",0.831414157606738,1.59838071602815,-12.4841818555551,-8.11756222618954,-4.36661962936557
"US-KS2",2000,8,"Upland","WUE_ET_minus_WUE_E",0.687795771050821,0.771048663969404,-5.31322352585866,-6.34000460091311,1.02678107505445
"US-KS2",2000,9,"Upland","WUE_ET_minus_WUE_E",0.789352289029367,1.35607795189013,-7.50681971932023,-7.54165940037576,0.0348396810555283
"US-KS2",2001,4,"Upland","WUE_ET_minus_WUE_E",0.621583811344111,0.389626216547218,-3.48909108623404,-5.44417162430479,1.95508053807074
"US-KS2",2001,5,"Upland","WUE_ET_minus_WUE_E",0.798072422785593,1.40631139572538,-10.0839435133422,-7.68417933279363,-2.39976418054858
"US-KS2",2001,6,"Upland","WUE_ET_minus_WUE_E",0.843413084301172,1.66750206519986,-9.94178209633309,-8.19094697844889,-1.7508351178842
"US-KS2",2001,7,"Upland","WUE_ET_minus_WUE_E",0.695802255444786,0.817171039539027,-6.4412293805202,-6.41615211105247,-0.0250772694677321
"US-KS2",2001,8,"Upland","WUE_ET_minus_WUE_E",0.739476455496453,1.0687618449872,-7.34789244981334,-6.98839930573774,-0.359493144075604
"US-KS2",2001,9,"Upland","WUE_ET_minus_WUE_E",0.657393957574109,0.595915135922128,-5.1513312505626,-5.88608760811182,0.734756357549214
"US-KS2",2001,10,"Upland","WUE_ET_minus_WUE_E",0.625727467143426,0.413496274815404,-5.05857587364114,-5.49041469250612,0.431838818864976
"US-KS2",2002,4,"Upland","WUE_ET_minus_WUE_E",0.665600544249014,0.643190226228922,-6.85151045517881,-5.99641308250845,-0.855097372670369
"US-KS2",2002,5,"Upland","WUE_ET_minus_WUE_E",0.678499037643593,0.717493644227902,-6.43210743161297,-6.18399119489096,-0.248116236722012
"US-KS2",2002,6,"Upland","WUE_ET_minus_WUE_E",0.648455189398683,0.544422220601194,-6.56160817036338,-5.74497188979631,-0.81663628056707
"US-KS2",2002,7,"Upland","WUE_ET_minus_WUE_E",0.695691756824969,0.816534498131797,-7.95925557347835,-6.41476577647219,-1.54448979700617
"US-KS2",2002,8,"Upland","WUE_ET_minus_WUE_E",0.704579845863011,0.86773546981143,-7.08909969802679,-6.55058047370468,-0.538519224322112
"US-KS2",2002,9,"Upland","WUE_ET_minus_WUE_E",0.763831698409801,1.20906333131565,-9.76312783652752,-7.22147370625765,-2.54165413026986
"US-KS2",2002,10,"Upland","WUE_ET_minus_WUE_E",0.721380695300874,0.964518908026323,-8.49561326963442,-6.69049645036127,-1.80511681927315
"US-KS2",2003,4,"Upland","WUE_ET_minus_WUE_E",0.756143068238976,1.16477199558008,-10.4749012283871,-7.13237507191105,-3.34252615647606
"US-KS2",2003,5,"Upland","WUE_ET_minus_WUE_E",0.755759284946485,1.16256116292462,-8.88402463836743,-7.15331146961248,-1.73071316875494
"US-KS2",2003,6,"Upland","WUE_ET_minus_WUE_E",0.756581086246712,1.16729525423706,-7.71831109604786,-7.10153788195979,-0.61677321408807
"US-KS2",2003,7,"Upland","WUE_ET_minus_WUE_E",0.849156877456311,1.70058991900186,-9.55427191791899,-8.34016542355532,-1.21410649436368
"US-KS2",2003,8,"Upland","WUE_ET_minus_WUE_E",0.790145284556304,1.36064610386779,-6.66012201410544,-7.62409909985779,0.963977085752347
"US-KS2",2003,9,"Upland","WUE_ET_minus_WUE_E",0.666423522248684,0.647931096068739,-5.57117054826137,-5.99937407063971,0.428203522378338
"US-KS2",2003,10,"Upland","WUE_ET_minus_WUE_E",0.703326747005385,0.860516833854196,-9.73534968939757,-6.46398852769071,-3.27136116170686
"US-KS2",2004,4,"Upland","WUE_ET_minus_WUE_E",0.715443176749789,0.930315074347314,-5.59174818997955,-6.62174727331276,1.02999908333321
"US-KS2",2004,5,"Upland","WUE_ET_minus_WUE_E",0.745357908950163,1.10264270851473,-6.44213493615291,-7.02281402765232,0.580679091499406
"US-KS2",2004,6,"Upland","WUE_ET_minus_WUE_E",0.79129639484757,1.36727722166724,-5.44756738997247,-7.53708208023426,2.08951469026179
"US-KS2",2004,7,"Upland","WUE_ET_minus_WUE_E",0.837067666165831,1.63094847388766,-8.06025700047839,-8.18849211136265,0.128235110884255
"US-KS2",2004,8,"Upland","WUE_ET_minus_WUE_E",0.763525706338802,1.2073006249235,-4.88260417500758,-7.29012531940117,2.40752114439359
"US-KS2",2004,9,"Upland","WUE_ET_minus_WUE_E",0.618736123071053,0.373221744675119,-2.44365442361365,-5.401079805668,2.95742538205435
"US-KS2",2004,10,"Upland","WUE_ET_minus_WUE_E",0.714725668333113,0.926181775506035,-3.92520930657413,-6.60700134396613,2.681792037392
"US-KS2",2005,4,"Upland","WUE_ET_minus_WUE_E",0.72337481944308,0.976006314744884,-5.70824955475562,-6.72125901891089,1.01300946415527
"US-KS2",2005,5,"Upland","WUE_ET_minus_WUE_E",0.725974599726371,0.990982680990573,-5.61541878504194,-6.77962771544496,1.16420893040303
"US-KS2",2005,6,"Upland","WUE_ET_minus_WUE_E",0.778662120690002,1.29449587231694,-6.31943162481883,-7.37857031610143,1.0591386912826
"US-KS2",2005,7,"Upland","WUE_ET_minus_WUE_E",0.789996220231236,1.35978739979163,-6.07560807780446,-7.59792570111051,1.52231762330605
"US-KS2",2005,8,"Upland","WUE_ET_minus_WUE_E",0.640070645564156,0.496121985355932,-2.12493464068614,-5.74123701521679,3.61630237453064
"US-KS2",2005,9,"Upland","WUE_ET_minus_WUE_E",0.732884696919307,1.03078917810877,-4.56821033200567,-6.83320733339749,2.26499700139182
"US-KS2",2005,10,"Upland","WUE_ET_minus_WUE_E",0.603643524853011,0.28627890571091,-2.18640527995974,-5.21334577601719,3.02694049605744
"US-KS2",2006,4,"Upland","WUE_ET_minus_WUE_E",0.772055026609331,1.2564348633125,-5.33922898129824,-7.33200922268515,1.99278024138691
"US-KS2",2006,5,"Upland","WUE_ET_minus_WUE_E",0.741577569243733,1.08086557898555,-4.79699620249591,-6.97538523923009,2.17838903673418
"US-KS2",2006,6,"Upland","WUE_ET_minus_WUE_E",0.758189841848644,1.17656269627791,-4.59112414659142,-7.12172160485043,2.53059745825901
"US-KS2",2006,7,"Upland","WUE_ET_minus_WUE_E",0.764623297410295,1.21362343842444,-5.69453872129365,-7.27959267244621,1.58505395115256
"US-KS2",2006,8,"Upland","WUE_ET_minus_WUE_E",0.778399905150784,1.29298534622522,-4.6032416556315,-7.47673956129156,2.87349790566006
"US-KS3",2018,5,"Saline","WUE_ET_minus_WUE_E",0.617525998973829,0.366250670311931,-1.83542766456854,-3.16136825778796,1.32594059321942
"US-KS3",2018,6,"Saline","WUE_ET_minus_WUE_E",0.740803149645351,1.07640443601599,-3.1554289940594,-3.99687742057319,0.841448426513796
"US-KS3",2018,7,"Saline","WUE_ET_minus_WUE_E",0.665306515390962,0.641496435452334,-3.31465681755753,-3.52433474249893,0.2096779249414
"US-KS3",2018,8,"Saline","WUE_ET_minus_WUE_E",0.726245720533288,0.992544507013839,-4.14900143514248,-3.9923423757528,-0.156659059389678
"US-KS3",2018,9,"Saline","WUE_ET_minus_WUE_E",0.719018742072736,0.950912574896117,-5.13093853015761,-3.86723138391964,-1.26370714623797
"US-KS3",2018,10,"Saline","WUE_ET_minus_WUE_E",0.542592227896394,-0.0654148850580077,-2.03049121625981,-2.58427265403286,0.553781437773047
"US-KS4",2017,4,"Saline","WUE_ET_minus_WUE_E",0.159606812187826,-2.27165126944585,-0.442257510578552,-1.02342586128384,0.581168350705288
"US-KS4",2017,6,"Saline","WUE_ET_minus_WUE_E",0.320877434761484,-1.34263125807908,-1.01885034670137,-2.16132068493002,1.14247033822865
"US-KS4",2017,7,"Saline","WUE_ET_minus_WUE_E",0.193422691767115,-2.07685057772793,-0.483004238243788,-1.31046584308661,0.827461604842822
"US-KS4",2017,8,"Saline","WUE_ET_minus_WUE_E",0.283323212813936,-1.55896714829768,-0.760979804276296,-1.98934370143397,1.22836389715767
"US-KS4",2017,9,"Saline","WUE_ET_minus_WUE_E",0.163019939141116,-2.25198951586458,-0.468245331121236,-1.04091294392511,0.572667612803871
"US-KS4",2018,4,"Saline","WUE_ET_minus_WUE_E",0.171266848347673,-2.20448214246607,-0.287390656604073,-1.10832374568016,0.820933089076091
"US-KS4",2018,5,"Saline","WUE_ET_minus_WUE_E",0.237701254822655,-1.82177826203463,-0.393140367787864,-1.61779068333884,1.22465031555097
"US-KS4",2018,7,"Saline","WUE_ET_minus_WUE_E",0.249202136078358,-1.75552596720009,-0.515107514951256,-1.71660153168203,1.20149401673077
"US-KS4",2018,8,"Saline","WUE_ET_minus_WUE_E",0.266294383528799,-1.65706389352985,-0.77313576329114,-1.86535509966335,1.09221933637221
"US-KS4",2018,9,"Saline","WUE_ET_minus_WUE_E",0.212416369076196,-1.96743507459425,-0.667863042066214,-1.4005732692216,0.732710227155382
"US-KS4",2018,10,"Saline","WUE_ET_minus_WUE_E",0.236277530574212,-1.82997980734006,-0.761458081014321,-1.5759290507396,0.814470969725279
"US-KS4",2019,3,"Saline","WUE_ET_minus_WUE_E",0.312457224297236,-1.39113695549854,-0.681752806303762,-2.14822918659077,1.466476380287
"US-KS4",2019,4,"Saline","WUE_ET_minus_WUE_E",0.176693807579563,-2.17321945093033,-0.338123482819959,-1.14783797626884,0.809714493448884
"US-KS4",2019,5,"Saline","WUE_ET_minus_WUE_E",0.213251570788384,-1.96262378849782,-0.492386886279126,-1.43977009916465,0.947383212885523
"US-KS4",2019,6,"Saline","WUE_ET_minus_WUE_E",0.274734839861328,-1.60844156720129,-0.648642334954723,-1.82535185654252,1.1767095215878
"US-KS4",2019,7,"Saline","WUE_ET_minus_WUE_E",0.259638779632395,-1.69540434952124,-0.619263091603465,-1.79259177268895,1.17332868108549
"US-KS4",2019,8,"Saline","WUE_ET_minus_WUE_E",0.229704307732449,-1.86784569674829,-0.550016960314702,-1.59893911411876,1.04892215380406
"US-KS4",2020,3,"Saline","WUE_ET_minus_WUE_E",0.162939433693491,-2.25245327777406,-0.487543897717062,-1.05957526409414,0.572031366377075
"US-KS4",2020,4,"Saline","WUE_ET_minus_WUE_E",0.302101495629992,-1.4507924526413,-0.777447575367586,-2.06094384116994,1.28349626580236
"US-KS4",2020,5,"Saline","WUE_ET_minus_WUE_E",0.161438684746421,-2.26109853368996,-0.399613492177266,-1.06251531632116,0.662901824143893
"US-KS4",2020,6,"Saline","WUE_ET_minus_WUE_E",0.267075571973044,-1.65256375775949,-0.746241209238436,-1.76958396433141,1.02334275509298
"US-KS4",2020,7,"Saline","WUE_ET_minus_WUE_E",0.304782744643278,-1.43534677537505,-0.84953913944457,-2.12128947740823,1.27175033796366
"US-KS4",2020,10,"Saline","WUE_ET_minus_WUE_E",0.270283424533011,-1.63408451352911,-0.66629678787385,-1.82352935098992,1.15723256311607
"US-KS4",2021,4,"Saline","WUE_ET_minus_WUE_E",0.275525409878133,-1.60388738768441,-0.697494969791668,-1.86744071434108,1.16994574454941
"US-KS4",2021,5,"Saline","WUE_ET_minus_WUE_E",0.293034045140594,-1.50302665886123,-0.817006756534957,-2.02067423973081,1.20366748319586
"US-KS4",2021,6,"Saline","WUE_ET_minus_WUE_E",0.356085765378773,-1.13980917437726,-1.13801244673053,-2.41767604623048,1.27966359949995
"US-KS4",2021,9,"Saline","WUE_ET_minus_WUE_E",0.2889004008844,-1.52683904435705,-0.854867804020758,-1.9574611211631,1.10259331714234
"US-KS4",2022,3,"Saline","WUE_ET_minus_WUE_E",0.204933448458989,-2.01054139418248,-0.371073790949941,-1.365337867402,0.994264076452055
"US-KS4",2022,4,"Saline","WUE_ET_minus_WUE_E",0.259015333379257,-1.69899579126019,-0.450033515245998,-1.74722920326508,1.29719568801908
"US-LA2",2012,3,"Freshwater","WUE_ET_minus_WUE_E",0.527669286620961,-0.151380393543572,-3.27273150533649,-3.0905540712196,-0.182177434116893
"US-LA2",2012,4,"Freshwater","WUE_ET_minus_WUE_E",0.662670794467422,0.626313028559811,-6.34304656784461,-4.61126158200763,-1.73178498583698
"US-LA2",2012,5,"Freshwater","WUE_ET_minus_WUE_E",0.626439940537699,0.417600568767289,-5.22242018450678,-4.22570567077058,-0.996714513736193
"US-LA2",2012,6,"Freshwater","WUE_ET_minus_WUE_E",0.499528245430828,-0.313490454192654,-3.54230824013817,-2.72286868782916,-0.819439552309014
"US-LA2",2012,7,"Freshwater","WUE_ET_minus_WUE_E",0.564867899292566,0.0629069640389803,-4.01303840939192,-3.54178672136307,-0.471251688028849
"US-LA2",2012,8,"Freshwater","WUE_ET_minus_WUE_E",0.466699568615546,-0.502604238348599,-1.90577152485842,-2.45164330603516,0.545871781176741
"US-LA2",2012,9,"Freshwater","WUE_ET_minus_WUE_E",0.549967532270346,-0.0229285025788104,-2.39739872392236,-3.3244442936241,0.927045569701747
"US-LA2",2012,10,"Freshwater","WUE_ET_minus_WUE_E",0.556331263027915,0.0137305809317721,-2.40513215212933,-3.39830822970469,0.993176077575358
"US-LA2",2013,3,"Freshwater","WUE_ET_minus_WUE_E",0.383596588928388,-0.981329562908651,-0.590525354226234,-1.45498248759476,0.86445713336853
"US-LA2",2013,4,"Freshwater","WUE_ET_minus_WUE_E",0.462428440114553,-0.527208619389723,-2.79366680552529,-2.33802931896956,-0.455637486555726
"US-LA2",2013,5,"Freshwater","WUE_ET_minus_WUE_E",0.543144684730498,-0.0622323869308958,-4.76168015351363,-3.28010420962683,-1.4815759438868
"US-LA2",2013,6,"Freshwater","WUE_ET_minus_WUE_E",0.561696550579611,0.0446380048799015,-4.66842058419483,-3.42862845308625,-1.23979213110857
"US-LA2",2013,7,"Freshwater","WUE_ET_minus_WUE_E",0.471134753432218,-0.477054789955313,-3.4660599352171,-2.47769010716572,-0.988369828051388
"US-LA2",2013,8,"Freshwater","WUE_ET_minus_WUE_E",0.516965266120517,-0.213042270259222,-3.49105459258376,-3.02227985124403,-0.468774741339727
"US-LA2",2013,9,"Freshwater","WUE_ET_minus_WUE_E",0.574479166491237,0.118273895843815,-3.87975264556364,-3.60271028740345,-0.277042358160188
"US-LA2",2013,10,"Freshwater","WUE_ET_minus_WUE_E",0.394004836640731,-0.921371523101294,-1.62628935224664,-1.55551292898247,-0.0707764232641661
"US-LA2",2021,4,"Freshwater","WUE_ET_minus_WUE_E",0.686735067856668,0.764938347795491,-6.15706813287055,-4.88444895453823,-1.27261917833232
"US-LA2",2021,5,"Freshwater","WUE_ET_minus_WUE_E",0.684458322770165,0.751822867044023,-6.63861676895487,-4.88435383122768,-1.75426293772719
"US-LA2",2021,6,"Freshwater","WUE_ET_minus_WUE_E",0.739257305011453,1.06749940063859,-6.10223047178243,-5.44437001249955,-0.657860459282876
"US-LA2",2021,7,"Freshwater","WUE_ET_minus_WUE_E",0.70163012678227,0.850743236445015,-5.42570521664056,-5.09436688802796,-0.331338328612594
"US-LA2",2021,8,"Freshwater","WUE_ET_minus_WUE_E",0.697352793904747,0.826103114300751,-3.79413266355642,-5.07011208600776,1.27597942245134
"US-LA2",2021,9,"Freshwater","WUE_ET_minus_WUE_E",0.675741007948418,0.701605662040748,-2.8255190315568,-4.75227570156884,1.92675667001204
"US-LA2",2021,10,"Freshwater","WUE_ET_minus_WUE_E",0.649651011418337,0.551310906020538,-3.54561259858611,-4.45771178848362,0.91209918989751
"US-LA2",2022,3,"Freshwater","WUE_ET_minus_WUE_E",0.665884888495888,0.644828227566348,-1.8214774232728,-4.65963353221928,2.83815610894648
"US-LA2",2022,4,"Freshwater","WUE_ET_minus_WUE_E",0.681275195379204,0.733486055306461,-4.85875010420352,-4.82246627206351,-0.0362838321400094
"US-LA2",2022,5,"Freshwater","WUE_ET_minus_WUE_E",0.731036880282464,1.02014459445448,-7.51085779240155,-5.41313247071642,-2.09772532168513
"US-LA2",2022,6,"Freshwater","WUE_ET_minus_WUE_E",0.774870954050216,1.27265637285584,-8.34895542098278,-5.84867057249379,-2.50028484848899
"US-LA2",2022,7,"Freshwater","WUE_ET_minus_WUE_E",0.629015574572691,0.432437837466812,-5.55715891186819,-4.27001709758357,-1.28714181428462
"US-LA2",2022,8,"Freshwater","WUE_ET_minus_WUE_E",0.58554443982656,0.182016815637297,-4.21497035978958,-3.80081839142892,-0.414151968360662
"US-LA2",2022,9,"Freshwater","WUE_ET_minus_WUE_E",0.693085937051192,0.801523340630073,-5.18229476605786,-4.94918235782525,-0.233112408232609
"US-LA2",2022,10,"Freshwater","WUE_ET_minus_WUE_E",0.591198154847966,0.214585762849319,-2.98789332087347,-3.79413129947106,0.806237978597593
"US-LA2",2023,4,"Freshwater","WUE_ET_minus_WUE_E",0.751256889536327,1.13662453932653,-9.39687257391563,-5.61692679213757,-3.77994578177806
"US-LA2",2023,5,"Freshwater","WUE_ET_minus_WUE_E",0.793075710601947,1.37752719724231,-9.76642304689445,-6.11742238530098,-3.64900066159348
"US-LA2",2023,6,"Freshwater","WUE_ET_minus_WUE_E",0.690888760270894,0.788866223265283,-8.17641174235247,-4.8952707134238,-3.28114102892867
"US-LA2",2023,8,"Freshwater","WUE_ET_minus_WUE_E",0.632961268992007,0.455167513931037,-3.15548655052624,-4.33911343004953,1.1836268795233
"US-LA2",2023,9,"Freshwater","WUE_ET_minus_WUE_E",0.722524018316796,0.971105166231921,-4.86308068027284,-5.28337537264059,0.420294692367752
"US-LA2",2023,10,"Freshwater","WUE_ET_minus_WUE_E",0.565607208128926,0.0671658469811907,-2.43173221702377,-3.50361251331608,1.07188029629231
"US-LA3",2020,3,"Saline","WUE_ET_minus_WUE_E",0.494943789773106,-0.339899796323781,-2.93870023303066,-2.30290955792828,-0.635790675102378
"US-LA3",2020,4,"Saline","WUE_ET_minus_WUE_E",0.556307049869435,0.0135910979409618,-2.63998906938335,-2.73781731153389,0.0978282421505448
"US-LA3",2020,5,"Saline","WUE_ET_minus_WUE_E",0.598537293353549,0.256863807226339,-3.0696525545854,-3.07105132818459,0.00139877359919449
"US-LA3",2020,6,"Saline","WUE_ET_minus_WUE_E",0.613221601213903,0.341454637457112,-3.77823214524011,-3.1158851886926,-0.662346956547506
"US-LA3",2020,7,"Saline","WUE_ET_minus_WUE_E",0.491377774538755,-0.360442282367929,-2.22848171657689,-2.30588398730934,0.0774022707324442
"US-LA3",2021,6,"Saline","WUE_ET_minus_WUE_E",0.56245350951889,0.0489985634934322,-3.50370660543587,-2.74623765753078,-0.757468947905091
"US-LA3",2021,7,"Saline","WUE_ET_minus_WUE_E",0.45991709973421,-0.541675516283024,-2.15823028341757,-2.07681568117627,-0.0814146022413049
"US-LA3",2021,8,"Saline","WUE_ET_minus_WUE_E",0.572177779204491,0.105016460551682,-3.1411456247837,-2.91850007964873,-0.222645545134964
"US-LA3",2022,3,"Saline","WUE_ET_minus_WUE_E",0.41356960705824,-0.808666165202889,-1.08740191959843,-1.71041603026993,0.6230141106715
"US-LA3",2022,4,"Saline","WUE_ET_minus_WUE_E",0.538240305509135,-0.0904846895962273,-2.01078112498664,-2.60627154674454,0.595490421757902
"US-LA3",2022,5,"Saline","WUE_ET_minus_WUE_E",0.489633497147295,-0.370490414979937,-1.93114225576735,-2.27811194327274,0.346969687505391
"US-LA3",2022,6,"Saline","WUE_ET_minus_WUE_E",0.481692039677664,-0.416238194649699,-1.70929613259521,-2.15820535331988,0.448909220724667
"US-LA3",2022,7,"Saline","WUE_ET_minus_WUE_E",0.473115315191346,-0.465645511076033,-2.11113881571498,-2.17291320220938,0.0617743864943985
"US-LA3",2022,8,"Saline","WUE_ET_minus_WUE_E",0.498600309070185,-0.318835950071289,-2.17313959008448,-2.3827751926928,0.209635602608326
"US-LA3",2022,9,"Saline","WUE_ET_minus_WUE_E",0.470746482417057,-0.479291474710181,-1.80802007328702,-2.10747806513013,0.299457991843115
"US-LA3",2022,10,"Saline","WUE_ET_minus_WUE_E",0.305519592250788,-1.43110207065586,-0.777267363499616,-0.906064912928931,0.128797549429315
"US-LA3",2023,3,"Saline","WUE_ET_minus_WUE_E",0.498225116642778,-0.320997293951605,-3.07605380786021,-2.32680122562373,-0.749252582236485
"US-LA3",2023,4,"Saline","WUE_ET_minus_WUE_E",0.565413327251393,0.0660489714326563,-3.8589661438992,-2.8041210239629,-1.0548451199363
"US-LA3",2023,5,"Saline","WUE_ET_minus_WUE_E",0.609512940034954,0.320090421236957,-4.4641435875162,-3.15096610463628,-1.31317748287992
"US-LA3",2023,6,"Saline","WUE_ET_minus_WUE_E",0.551324808526846,-0.0151097394146464,-3.09241869027674,-2.66520847740205,-0.427210212874692
"US-LA3",2023,7,"Saline","WUE_ET_minus_WUE_E",0.514178958765124,-0.229093149518378,-2.44661973537231,-2.47190168022315,0.025281944850847
"US-LA3",2023,8,"Saline","WUE_ET_minus_WUE_E",0.540299654179097,-0.0786215486580675,-2.37619281008082,-2.6863922768876,0.310199466806784
"US-LA3",2023,9,"Saline","WUE_ET_minus_WUE_E",0.464857526996429,-0.513215554275951,-1.85045869365511,-2.06459999428527,0.214141300630162
"US-LA3",2023,10,"Saline","WUE_ET_minus_WUE_E",0.405712452046208,-0.853928309802438,-1.3340121057998,-1.63557910239093,0.301566996591124
"US-MCP",2023,6,"Freshwater","WUE_ET_minus_WUE_E",0.665220943607868,0.641003488270548,-6.44256558653105,-5.34398447465863,-1.09858111187242
"US-MCP",2023,7,"Freshwater","WUE_ET_minus_WUE_E",0.553125126427158,-0.00473877829649131,-6.74912688478823,-4.14858321652931,-2.60054366825892
"US-MCP",2023,8,"Freshwater","WUE_ET_minus_WUE_E",0.682486107548596,0.740461669459986,-10.2333174223311,-5.64144465069313,-4.59187277163798
"US-MCP",2023,9,"Freshwater","WUE_ET_minus_WUE_E",0.644765337326451,0.523166356641716,-7.99774545166933,-5.14073255608705,-2.85701289558228
"US-MCP",2024,3,"Freshwater","WUE_ET_minus_WUE_E",0.474605062834228,-0.45706362957749,-1.88106100320809,-3.22825272895045,1.34719172574236
"US-MCP",2024,4,"Freshwater","WUE_ET_minus_WUE_E",0.458210597627466,-0.551506039544514,-2.33098271580879,-3.03025186981916,0.699269154010375
"US-MCP",2024,5,"Freshwater","WUE_ET_minus_WUE_E",0.578112185670819,0.139202366669114,-6.66798043440227,-4.41717464096248,-2.25080579343979
"US-MCP",2024,6,"Freshwater","WUE_ET_minus_WUE_E",0.549301572552309,-0.0267648485601632,-7.39920084794016,-4.0280208512475,-3.37117999669266
"US-MCP",2024,7,"Freshwater","WUE_ET_minus_WUE_E",0.569986599827463,0.0923938919941386,-7.54034327447817,-4.34000148795248,-3.2003417865257
"US-MCP",2024,8,"Freshwater","WUE_ET_minus_WUE_E",0.722856738769836,0.973021844881336,-10.7984059585643,-6.09974839800931,-4.69865756055504
"US-MCP",2024,9,"Freshwater","WUE_ET_minus_WUE_E",0.701414412025853,0.849500584049552,-10.8436982583156,-5.7838357831446,-5.05986247517098
"US-MCP",2025,3,"Freshwater","WUE_ET_minus_WUE_E",0.435836730968553,-0.680393554989479,-2.29673486777499,-2.78813893251598,0.491404064740985
"US-MCP",2025,4,"Freshwater","WUE_ET_minus_WUE_E",0.479839687070855,-0.426908908338097,-3.19586627077805,-3.27579404845438,0.0799277776763252
"US-MCP",2025,5,"Freshwater","WUE_ET_minus_WUE_E",0.531423830087492,-0.129751866547835,-5.15271412742365,-3.8871495293261,-1.26556459809755
"US-MCP",2025,6,"Freshwater","WUE_ET_minus_WUE_E",0.559277097724,0.0307004378044451,-6.27948164595762,-4.1412670510054,-2.13821459495222
"US-MCP",2025,7,"Freshwater","WUE_ET_minus_WUE_E",0.642796854303404,0.511826658863768,-8.69237236756615,-5.16657296974324,-3.52579939782291
"US-MCP",2025,8,"Freshwater","WUE_ET_minus_WUE_E",0.473153933712348,-0.465423044155229,-4.02993457899146,-3.26502107739712,-0.764913501594341
"US-MCP",2025,9,"Freshwater","WUE_ET_minus_WUE_E",0.589766255415363,0.206337123351787,-5.90337906030772,-4.51636071506566,-1.38701834524207
"US-MRf",2006,3,"Upland","WUE_ET_minus_WUE_E",0.581709983327819,0.159927939416716,-5.14721683209837,-5.77435676711261,0.627139935014243
"US-MRf",2006,4,"Upland","WUE_ET_minus_WUE_E",0.625753740864303,0.413647627938982,-6.64458390956855,-6.31505302720328,-0.329530882365273
"US-MRf",2006,5,"Upland","WUE_ET_minus_WUE_E",0.621613759673772,0.389798737723846,-7.07548152020372,-6.28886352373897,-0.78661799646475
"US-MRf",2006,6,"Upland","WUE_ET_minus_WUE_E",0.69020811129784,0.784945257954973,-10.6339010320296,-7.08737594204402,-3.54652508998558
"US-MRf",2006,7,"Upland","WUE_ET_minus_WUE_E",0.734369614451598,1.03934323513857,-10.0275216583472,-7.71858954649859,-2.30893211184858
"US-MRf",2006,8,"Upland","WUE_ET_minus_WUE_E",0.661888899332219,0.621808821805957,-10.685896339548,-6.83353731211978,-3.85235902742823
"US-MRf",2006,9,"Upland","WUE_ET_minus_WUE_E",0.397197870204858,-0.902977645588452,-2.43393075412449,-3.44018775462003,1.00625700049554
"US-MRf",2006,10,"Upland","WUE_ET_minus_WUE_E",0.532291183589097,-0.124755365963534,-6.87173711609319,-5.13671185480536,-1.73502526128783
"US-MRf",2007,3,"Upland","WUE_ET_minus_WUE_E",0.60897705888748,0.317003409468961,-9.43792114410122,-6.11645415995067,-3.32146698415055
"US-MRf",2007,4,"Upland","WUE_ET_minus_WUE_E",0.703008237725918,0.858682020484541,-13.8869009593452,-7.28430115590517,-6.60259980344004
"US-MRf",2007,5,"Upland","WUE_ET_minus_WUE_E",0.71223527439477,0.91183554326618,-16.5049104470728,-7.42581654436113,-9.07909390271172
"US-MRf",2007,6,"Upland","WUE_ET_minus_WUE_E",0.783483655598199,1.32227093973923,-22.4694593953031,-8.25762687162705,-14.211832523676
"US-MRf",2007,7,"Upland","WUE_ET_minus_WUE_E",0.749366820589272,1.12573655584475,-15.3400093020943,-7.90674705933224,-7.43326224276201
"US-MRf",2007,8,"Upland","WUE_ET_minus_WUE_E",0.686270764811868,0.762263670826593,-12.4885149177285,-7.13943636590229,-5.34907855182617
"US-MRf",2007,9,"Upland","WUE_ET_minus_WUE_E",0.732884137113991,1.03078595327877,-11.3713214771754,-7.6517650640344,-3.71955641314104
"US-MRf",2007,10,"Upland","WUE_ET_minus_WUE_E",0.681647703304471,0.735631934769458,-13.2202189253079,-7.01056429219637,-6.20965463311155
"US-MRf",2008,3,"Upland","WUE_ET_minus_WUE_E",0.48608746970391,-0.390917758802308,-5.93735162425043,-4.57466035904765,-1.36269126520278
"US-MRf",2008,4,"Upland","WUE_ET_minus_WUE_E",0.515544184562818,-0.221228592007212,-7.99661196882636,-4.93234508721596,-3.0642668816104
"US-MRf",2008,5,"Upland","WUE_ET_minus_WUE_E",0.692320138139199,0.79711185822509,-16.9363198731334,-7.17595783926683,-9.76036203386659
"US-MRf",2008,6,"Upland","WUE_ET_minus_WUE_E",0.749582876861015,1.12698117558285,-21.8437886919114,-7.8323019043127,-14.0114867875987
"US-MRf",2008,7,"Upland","WUE_ET_minus_WUE_E",0.738088460708761,1.06076612380215,-14.0422202913743,-7.76524682759048,-6.27697346378381
"US-MRf",2008,8,"Upland","WUE_ET_minus_WUE_E",0.774495556140985,1.27049384527124,-20.6086758609608,-8.24631968499292,-12.3623561759679
"US-MRf",2008,9,"Upland","WUE_ET_minus_WUE_E",0.588508719759306,0.199092928650731,-7.77793736861661,-5.84040638866502,-1.93753097995159
"US-MRf",2009,3,"Upland","WUE_ET_minus_WUE_E",0.737736734833715,1.05873996199277,-21.4321437096125,-7.73189507320525,-13.7002486364073
"US-MRf",2009,4,"Upland","WUE_ET_minus_WUE_E",0.684053412490138,0.749490329679499,-12.7988958156105,-7.04649067708527,-5.75240513852521
"US-MRf",2009,5,"Upland","WUE_ET_minus_WUE_E",0.603909041136064,0.287808446158906,-8.66245440719792,-6.06673709733034,-2.59571730986758
"US-MRf",2009,6,"Upland","WUE_ET_minus_WUE_E",0.597239715732421,0.249388945673185,-10.2365601119218,-5.92097855301421,-4.3155815589076
"US-MRf",2009,7,"Upland","WUE_ET_minus_WUE_E",0.729421580342297,1.01083945291769,-12.1015952255792,-7.65651066441378,-4.44508456116544
"US-MRf",2009,8,"Upland","WUE_ET_minus_WUE_E",0.653807046633887,0.575252277496473,-9.94939198107881,-6.73214100611142,-3.21725097496739
"US-MRf",2009,9,"Upland","WUE_ET_minus_WUE_E",0.629503290865661,0.435247389441053,-7.05618903977265,-6.35473128813263,-0.701457751640012
"US-MRf",2009,10,"Upland","WUE_ET_minus_WUE_E",0.687410713335176,0.768830489836657,-10.4831759182032,-7.08286800155788,-3.40030791664536
"US-MRf",2010,3,"Upland","WUE_ET_minus_WUE_E",0.6525610457688,0.56807453043149,-12.4195361217913,-6.66326631253977,-5.75626980925152
"US-MRf",2010,4,"Upland","WUE_ET_minus_WUE_E",0.480212468951851,-0.424761450718143,-5.91053721355045,-4.48906734118261,-1.42146987236784
"US-MRf",2010,5,"Upland","WUE_ET_minus_WUE_E",0.612181271256216,0.335461683912991,-12.2390303779521,-6.17052191102877,-6.06850846692338
"US-MRf",2010,6,"Upland","WUE_ET_minus_WUE_E",0.490936050784808,-0.362986888449086,-6.9195860589335,-4.58727459388816,-2.33231146504534
"US-MRf",2010,7,"Upland","WUE_ET_minus_WUE_E",0.680265031905756,0.727666879646265,-14.4165016726373,-7.03978420160467,-7.37671747103265
"US-MRf",2010,8,"Upland","WUE_ET_minus_WUE_E",0.664315831958416,0.635789477054847,-13.0266652892927,-6.86398602387103,-6.16267926542171
"US-MRf",2010,9,"Upland","WUE_ET_minus_WUE_E",0.728740971933524,1.0069187212831,-12.4411835526491,-7.59978420516914,-4.84139934747992
"US-MRf",2010,10,"Upland","WUE_ET_minus_WUE_E",0.558847890938209,0.0282279373164404,-6.9567159602627,-5.46989684659579,-1.48681911366692
"US-MRf",2011,8,"Upland","WUE_ET_minus_WUE_E",0.628054733157484,0.426902787820249,-7.43032243250298,-6.40904807740515,-1.02127435509782
"US-Myb",2011,9,"Freshwater","WUE_ET_minus_WUE_E",0.52830175858024,-0.14773695807206,-1.46327949183151,-2.53795687143068,1.07467737959918
"US-Myb",2011,10,"Freshwater","WUE_ET_minus_WUE_E",0.507572507370219,-0.267150456249403,-1.42416826450467,-2.3042503092035,0.880082044698828
"US-Myb",2012,5,"Freshwater","WUE_ET_minus_WUE_E",0.596798904145178,0.246849594244786,-2.00672808213642,-3.34867983805996,1.34195175592353
"US-Myb",2012,6,"Freshwater","WUE_ET_minus_WUE_E",0.660901619157643,0.616121468310517,-2.54549909529431,-4.01431575982316,1.46881666452885
"US-Myb",2012,7,"Freshwater","WUE_ET_minus_WUE_E",0.67121518347978,0.675534072360008,-3.01460447141579,-4.20855535080434,1.19395087938856
"US-Myb",2012,8,"Freshwater","WUE_ET_minus_WUE_E",0.658040970219578,0.599642334872904,-3.23046048536826,-4.08329956129747,0.852839075929205
"US-Myb",2012,10,"Freshwater","WUE_ET_minus_WUE_E",0.591172838294822,0.214439923612675,-2.75855233316728,-3.25331510657185,0.494762773404573
"US-Myb",2013,5,"Freshwater","WUE_ET_minus_WUE_E",0.592059512089237,0.219547721210403,-2.03322635116304,-3.29487634097479,1.26164998981175
"US-Myb",2013,6,"Freshwater","WUE_ET_minus_WUE_E",0.62597529605732,0.414923924915147,-2.49719155167719,-3.61781800210586,1.12062645042867
"US-Myb",2013,7,"Freshwater","WUE_ET_minus_WUE_E",0.663290699938467,0.629884073171443,-3.27439006168647,-4.11859340587893,0.84420334419246
"US-Myb",2013,8,"Freshwater","WUE_ET_minus_WUE_E",0.659738265270015,0.609419819711037,-2.86475977717658,-4.10256794176083,1.23780816458425
"US-Myb",2013,9,"Freshwater","WUE_ET_minus_WUE_E",0.616909329793182,0.362698268764325,-2.57703432501565,-3.5438658874411,0.966831562425445
"US-Myb",2013,10,"Freshwater","WUE_ET_minus_WUE_E",0.53684359374359,-0.0985306260451301,-1.69608210380009,-2.63654753040409,0.940465426603997
"US-Myb",2014,5,"Freshwater","WUE_ET_minus_WUE_E",0.584631848697848,0.176759717926387,-2.00404522450779,-3.21055449949995,1.20650927499215
"US-Myb",2014,6,"Freshwater","WUE_ET_minus_WUE_E",0.629492131524058,0.435183104628996,-2.90661511223927,-3.65774254190975,0.751127429670473
"US-Myb",2014,7,"Freshwater","WUE_ET_minus_WUE_E",0.60550875576243,0.297023806505711,-2.12639330626053,-3.46262938594655,1.33623607968602
"US-Myb",2014,8,"Freshwater","WUE_ET_minus_WUE_E",0.585660218271357,0.182683772150426,-1.59980055518352,-3.26160396606041,1.6618034108769
"US-Myb",2014,9,"Freshwater","WUE_ET_minus_WUE_E",0.52023631127346,-0.194198997028968,-1.28479299523184,-2.44639464877876,1.16160165354691
"US-Myb",2014,10,"Freshwater","WUE_ET_minus_WUE_E",0.383371212738558,-0.9826278712248,-0.430480082056877,-0.894266936903317,0.46378685484644
"US-Myb",2015,5,"Freshwater","WUE_ET_minus_WUE_E",0.591261158569562,0.214948703831496,-1.66910840163687,-3.28581310865263,1.61670470701577
"US-Myb",2015,6,"Freshwater","WUE_ET_minus_WUE_E",0.59581196691659,0.241164216333491,-2.21590359611605,-3.27539167983783,1.05948808372179
"US-Myb",2015,7,"Freshwater","WUE_ET_minus_WUE_E",0.604014889803014,0.288418200918968,-2.1083942215191,-3.44567041487086,1.33727619335175
"US-Myb",2015,8,"Freshwater","WUE_ET_minus_WUE_E",0.587795116268136,0.194982124631383,-2.11276419947879,-3.28584019230864,1.17307599282984
"US-Myb",2015,9,"Freshwater","WUE_ET_minus_WUE_E",0.504323643861934,-0.285865949283585,-1.36673928416418,-2.2657476070089,0.899008322844724
"US-Myb",2015,10,"Freshwater","WUE_ET_minus_WUE_E",0.46097860492157,-0.535560580124848,-0.948497592360504,-1.77529746778582,0.82679987542532
"US-Myb",2016,5,"Freshwater","WUE_ET_minus_WUE_E",0.612513369453583,0.337374777979159,-2.00548936651459,-3.52707680932463,1.52158744281004
"US-Myb",2016,6,"Freshwater","WUE_ET_minus_WUE_E",0.548605552035773,-0.0307743636092461,-1.45824626919293,-2.73948534935028,1.28123908015735
"US-Myb",2016,7,"Freshwater","WUE_ET_minus_WUE_E",0.544616087843904,-0.0537561814365094,-1.15442194486284,-2.77135117089458,1.61692922603174
"US-Myb",2016,8,"Freshwater","WUE_ET_minus_WUE_E",0.544442339800837,-0.0547570792216697,-1.39892157208769,-2.79368192501183,1.39476035292414
"US-Myb",2016,9,"Freshwater","WUE_ET_minus_WUE_E",0.497016086803436,-0.327962064702551,-1.0116021340871,-2.18278926124307,1.17118712715598
"US-Myb",2016,10,"Freshwater","WUE_ET_minus_WUE_E",0.440779202585523,-0.651921816215856,-0.648770755041388,-1.54598567591849,0.897214920877101
"US-Myb",2017,5,"Freshwater","WUE_ET_minus_WUE_E",0.633481170959024,0.458162475589888,-2.67655910043014,-3.76511177960445,1.0885526791743
"US-Myb",2017,6,"Freshwater","WUE_ET_minus_WUE_E",0.573273018422327,0.111325725899367,-1.51298459298453,-3.0195204129538,1.50653581996927
"US-Myb",2017,7,"Freshwater","WUE_ET_minus_WUE_E",0.493759188170194,-0.346723845099928,-0.815488268518473,-2.1940030593525,1.37851479083403
"US-Myb",2017,8,"Freshwater","WUE_ET_minus_WUE_E",0.585638700723962,0.182559817571431,-1.97352959189634,-3.26135969015227,1.28783009825593
"US-Myb",2017,9,"Freshwater","WUE_ET_minus_WUE_E",0.560226931211382,0.0361720748773467,-2.30973044263647,-2.90038435418133,0.590653911544858
"US-Myb",2017,10,"Freshwater","WUE_ET_minus_WUE_E",0.487112889561721,-0.38501069679215,-1.18604390048197,-2.07198444595988,0.885940545477908
"US-Myb",2018,5,"Freshwater","WUE_ET_minus_WUE_E",0.673749743904753,0.69013473128499,-3.64075273259045,-4.22225692006469,0.581504187474239
"US-Myb",2018,6,"Freshwater","WUE_ET_minus_WUE_E",0.64035554912351,0.49776320868431,-2.88855820339915,-3.78106845591899,0.892510252519839
"US-Myb",2018,7,"Freshwater","WUE_ET_minus_WUE_E",0.681794660235779,0.736478498934808,-3.80343297240239,-4.32865785342183,0.525224881019444
"US-Myb",2018,8,"Freshwater","WUE_ET_minus_WUE_E",0.697990351993995,0.829775849073318,-4.8894654042453,-4.53682111437507,-0.352644289870232
"US-Myb",2018,9,"Freshwater","WUE_ET_minus_WUE_E",0.603318363781925,0.284405773846372,-2.80588634025451,-3.38957573977234,0.583689399517834
"US-Myb",2018,10,"Freshwater","WUE_ET_minus_WUE_E",0.495707909556077,-0.335497986755905,-1.44743119593487,-2.16955859212776,0.722127396192892
"US-Myb",2019,5,"Freshwater","WUE_ET_minus_WUE_E",0.688367369515936,0.774341429905842,-4.93468954418266,-4.388202123095,-0.546487421087659
"US-Myb",2019,6,"Freshwater","WUE_ET_minus_WUE_E",0.642115152025038,0.507899625853727,-3.10550403816788,-3.80104418032961,0.695540142161733
"US-Myb",2019,7,"Freshwater","WUE_ET_minus_WUE_E",0.687517244719011,0.769444177474502,-3.83079116774529,-4.39362294892965,0.562831781184362
"US-Myb",2019,8,"Freshwater","WUE_ET_minus_WUE_E",0.663415561816671,0.630603355962425,-3.32286708508967,-4.14431410069724,0.821447015607564
"US-Myb",2019,9,"Freshwater","WUE_ET_minus_WUE_E",0.558019270499103,0.0234545634838582,-1.9888669211118,-2.87532209613301,0.886455175021213
"US-Myb",2019,10,"Freshwater","WUE_ET_minus_WUE_E",0.432602869808317,-0.699022625082321,-0.850536532095008,-1.45316463652078,0.602628104425769
"US-Myb",2020,5,"Freshwater","WUE_ET_minus_WUE_E",0.531904347228529,-0.126983786207453,-1.58486834398275,-2.61197055917021,1.02710221518747
"US-Myb",2020,6,"Freshwater","WUE_ET_minus_WUE_E",0.606131063776647,0.300608691274031,-2.67675722038132,-3.392538244477,0.715781024095678
"US-Myb",2020,7,"Freshwater","WUE_ET_minus_WUE_E",0.647325051996091,0.53791191980464,-3.53697152915338,-3.9373449076768,0.400373378523417
"US-Myb",2020,8,"Freshwater","WUE_ET_minus_WUE_E",0.629178516835968,0.433376487177877,-3.14446163264422,-3.75564130720786,0.611179674563645
"US-Myb",2020,9,"Freshwater","WUE_ET_minus_WUE_E",0.588041768402322,0.196402995741376,-2.91227416472215,-3.21614964518551,0.303875480463356
"US-Myb",2021,5,"Freshwater","WUE_ET_minus_WUE_E",0.539655656298454,-0.082331380671158,-1.49642594306793,-2.69996655739686,1.20354061432892
"US-Myb",2021,6,"Freshwater","WUE_ET_minus_WUE_E",0.683667642443451,0.747268052072835,-4.058587021563,-4.27276487165879,0.214177850095783
"US-Myb",2021,7,"Freshwater","WUE_ET_minus_WUE_E",0.702356729554912,0.854928924484943,-4.85257261789784,-4.5620867876857,-0.290485830212144
"US-Myb",2021,8,"Freshwater","WUE_ET_minus_WUE_E",0.668846834383636,0.66189089501557,-4.10321051197364,-4.20597210541097,0.10276159343733
"US-Myb",2021,9,"Freshwater","WUE_ET_minus_WUE_E",0.589475820138483,0.204664033858346,-2.39103425011298,-3.23242958098651,0.841395330873528
"US-Myb",2021,10,"Freshwater","WUE_ET_minus_WUE_E",0.40287851877341,-0.870253544239387,-0.779248103616554,-1.1157217714047,0.336473667788148
"US-Myb",2022,5,"Freshwater","WUE_ET_minus_WUE_E",0.627479539718896,0.42358931258014,-2.91084037973608,-3.69697883235657,0.786138452620484
"US-Myb",2022,6,"Freshwater","WUE_ET_minus_WUE_E",0.668594549232492,0.660437574192201,-3.63278386822965,-4.10164901606636,0.468865147836707
"US-Myb",2022,7,"Freshwater","WUE_ET_minus_WUE_E",0.719769145488395,0.955235369578868,-5.69224923082815,-4.75975958176242,-0.932489649065738
"US-Myb",2022,8,"Freshwater","WUE_ET_minus_WUE_E",0.669312838901725,0.66457537353858,-3.90749641011899,-4.21126237733503,0.303765967216045
"US-Myb",2022,9,"Freshwater","WUE_ET_minus_WUE_E",0.552804415978452,-0.0065862717825791,-1.64476993805187,-2.81612095668524,1.17135101863337
"US-Myb",2022,10,"Freshwater","WUE_ET_minus_WUE_E",0.614167235335529,0.346902083547433,-3.01854144064916,-3.51435680971688,0.495815369067719
"US-Myb",2023,5,"Freshwater","WUE_ET_minus_WUE_E",0.639362422430723,0.492042175574261,-3.50649589962706,-3.8318781269924,0.325382227365345
"US-Myb",2023,6,"Freshwater","WUE_ET_minus_WUE_E",0.724519483168538,0.982600296278936,-6.41353549560948,-4.73653150405221,-1.67700399155728
"US-Myb",2023,7,"Freshwater","WUE_ET_minus_WUE_E",0.721076109958232,0.962764305272465,-5.11536942789533,-4.77459677147225,-0.340772656423084
"US-Myb",2023,8,"Freshwater","WUE_ET_minus_WUE_E",0.69235165604774,0.797293421161251,-4.68727342067089,-4.4728083554964,-0.214465065174487
"US-Myb",2023,9,"Freshwater","WUE_ET_minus_WUE_E",0.655513556653686,0.585082846342121,-3.96650800344085,-3.98211669742854,0.0156086939876965
"US-Myb",2024,5,"Freshwater","WUE_ET_minus_WUE_E",0.569243605697298,0.0881137794464509,-1.99509966668575,-3.0358609359261,1.04076126924035
"US-Myb",2024,6,"Freshwater","WUE_ET_minus_WUE_E",0.657593760475582,0.597066126045656,-3.21851516518687,-3.97676360907097,0.758248443884106
"US-Myb",2024,7,"Freshwater","WUE_ET_minus_WUE_E",0.688097900536957,0.772789119448304,-3.8170788847023,-4.40021478881957,0.583135904117267
"US-Myb",2024,8,"Freshwater","WUE_ET_minus_WUE_E",0.703944528081233,0.86407564061607,-4.33093842333577,-4.60441533151791,0.273476908182142
"US-Myb",2024,9,"Freshwater","WUE_ET_minus_WUE_E",0.639456508061014,0.49258416785982,-3.37308115455268,-3.79983058204603,0.426749427493349
"US-Myb",2024,10,"Freshwater","WUE_ET_minus_WUE_E",0.514581188925082,-0.226776051327694,-1.52064539214364,-2.38381569926977,0.863170307126133
"US-Myb",2025,5,"Freshwater","WUE_ET_minus_WUE_E",0.666823497481104,0.650235204461445,-4.22121156274241,-4.14362736697701,-0.0775841957654002
"US-Myb",2025,6,"Freshwater","WUE_ET_minus_WUE_E",0.715988023266224,0.933453732267856,-5.77653049280664,-4.63967891777778,-1.13685157502886
"US-Myb",2025,7,"Freshwater","WUE_ET_minus_WUE_E",0.733629129811778,1.03507757883041,-6.44741100701101,-4.91710373420678,-1.53030727280423
"US-Myb",2025,8,"Freshwater","WUE_ET_minus_WUE_E",0.688047282408699,0.772497527257865,-4.14242546816359,-4.42394336357168,0.281517895408091
"US-Myb",2025,9,"Freshwater","WUE_ET_minus_WUE_E",0.620297815029816,0.382218070590701,-3.22644580722945,-3.58233334347775,0.355887536248297
"US-NC4",2009,4,"Freshwater","WUE_ET_minus_WUE_E",0.629650396927691,0.436094812692965,-2.94207221330251,-4.11980427360252,1.1777320603
"US-NC4",2009,5,"Freshwater","WUE_ET_minus_WUE_E",0.706688417802679,0.879882167679251,-5.89486254471143,-5.02012247943834,-0.87474006527309
"US-NC4",2009,6,"Freshwater","WUE_ET_minus_WUE_E",0.779319227355578,1.29828121915928,-9.68334907860442,-5.78257278252563,-3.90077629607879
"US-NC4",2009,7,"Freshwater","WUE_ET_minus_WUE_E",0.685641433361676,0.75863832665863,-5.33666768519758,-4.79626037907415,-0.540407306123424
"US-NC4",2009,8,"Freshwater","WUE_ET_minus_WUE_E",0.740046439465795,1.07204531041461,-6.88110391920004,-5.43819124329183,-1.44291267590821
"US-NC4",2009,9,"Freshwater","WUE_ET_minus_WUE_E",0.630836841125085,0.442929475969875,-3.16410619837627,-4.12590903380621,0.961802835429938
"US-NC4",2010,4,"Freshwater","WUE_ET_minus_WUE_E",0.633929184793034,0.460743316480325,-2.66670339271523,-4.1683788054673,1.50167541275207
"US-NC4",2010,5,"Freshwater","WUE_ET_minus_WUE_E",0.783982790269185,1.32514626873786,-9.30069712686388,-5.89759948379132,-3.40309764307256
"US-NC4",2010,6,"Freshwater","WUE_ET_minus_WUE_E",0.775319095075457,1.27523794644761,-6.05504287294235,-5.73716166166173,-0.317881211280618
"US-NC4",2010,7,"Freshwater","WUE_ET_minus_WUE_E",0.7452292236773,1.10190140057067,-4.84884733186347,-5.47272509537448,0.623877763511008
"US-NC4",2010,8,"Freshwater","WUE_ET_minus_WUE_E",0.685809813634249,0.759608302716538,-3.40245631231847,-4.82247511232123,1.42001880000276
"US-NC4",2010,9,"Freshwater","WUE_ET_minus_WUE_E",0.691848954077218,0.794397542278193,-3.09333801342147,-4.81854323723004,1.72520522380858
"US-NC4",2011,4,"Freshwater","WUE_ET_minus_WUE_E",0.715172527592186,0.928755965320136,-4.07940736207775,-5.09068611954652,1.01127875746876
"US-NC4",2011,5,"Freshwater","WUE_ET_minus_WUE_E",0.813190676233836,1.49340202491866,-10.5579415053468,-6.22917922836912,-4.32876227697765
"US-NC4",2011,6,"Freshwater","WUE_ET_minus_WUE_E",0.79635179372437,1.39639949233897,-8.7937742551166,-5.97593337058406,-2.81784088453254
"US-NC4",2011,7,"Freshwater","WUE_ET_minus_WUE_E",0.779572834849315,1.29974215750598,-7.43951310644864,-5.86260767140473,-1.57690543504391
"US-NC4",2011,8,"Freshwater","WUE_ET_minus_WUE_E",0.660825709580796,0.615684181501426,-2.95479475982814,-4.53884544975081,1.58405068992267
"US-NC4",2011,9,"Freshwater","WUE_ET_minus_WUE_E",0.615406377558906,0.354040320531175,-1.99584094271011,-3.95073616528082,1.95489522257071
"US-NC4",2012,4,"Freshwater","WUE_ET_minus_WUE_E",0.640395249268306,0.497991906437072,-3.45095190126042,-4.24178418679921,0.790832285538792
"US-NC4",2012,5,"Freshwater","WUE_ET_minus_WUE_E",0.707491730196781,0.884509751287415,-6.83602163349559,-5.02924200691031,-1.80677962658528
"US-NC4",2012,6,"Freshwater","WUE_ET_minus_WUE_E",0.745044594601339,1.1008378212063,-6.38674140825717,-5.39347327741586,-0.993268130841309
"US-NC4",2012,7,"Freshwater","WUE_ET_minus_WUE_E",0.722227579685793,0.969397493650584,-5.74803674174427,-5.21160112191047,-0.536435619833792
"US-NC4",2012,8,"Freshwater","WUE_ET_minus_WUE_E",0.690581673202146,0.787097208998794,-4.80102622887021,-4.87664719374469,0.0756209648744797
"US-NC4",2012,9,"Freshwater","WUE_ET_minus_WUE_E",0.651169278737139,0.560057078753436,-3.7237701565542,-4.35673109597834,0.632960939424139
"US-NC4",2013,4,"Freshwater","WUE_ET_minus_WUE_E",0.581332108698479,0.15775114436972,-1.96082372080402,-3.57127550678699,1.61045178598298
"US-NC4",2013,5,"Freshwater","WUE_ET_minus_WUE_E",0.706052460162372,0.876218652497143,-5.39987078002729,-5.01290283087526,-0.386967949152027
"US-NC4",2013,6,"Freshwater","WUE_ET_minus_WUE_E",0.731849853834678,1.02482783239742,-7.08522821522276,-5.24368123911242,-1.84154697611034
"US-NC4",2013,7,"Freshwater","WUE_ET_minus_WUE_E",0.718172110439707,0.946035445281389,-4.40260102072578,-5.165561793409,0.762960772683219
"US-NC4",2013,8,"Freshwater","WUE_ET_minus_WUE_E",0.67949153421309,0.723211047432286,-5.28618238388145,-4.75074744674575,-0.535434937135697
"US-NC4",2013,9,"Freshwater","WUE_ET_minus_WUE_E",0.616005678484864,0.357492670030175,-3.0070379876966,-3.95753967198428,0.950501684287674
"US-NC4",2014,4,"Freshwater","WUE_ET_minus_WUE_E",0.584209800230413,0.174328453845204,-1.68504036653292,-3.60394422592289,1.91890385938997
"US-NC4",2014,5,"Freshwater","WUE_ET_minus_WUE_E",0.697457083471217,0.826703887663446,-4.93817693961797,-4.91532463534093,-0.0228523042770377
"US-NC4",2014,6,"Freshwater","WUE_ET_minus_WUE_E",0.699546484939798,0.838740151585003,-6.28484746863755,-4.87696031928514,-1.4078871493524
"US-NC4",2014,7,"Freshwater","WUE_ET_minus_WUE_E",0.574692806521554,0.119504596514684,-2.72801671068551,-3.5367266561122,0.808709945426686
"US-NC4",2014,8,"Freshwater","WUE_ET_minus_WUE_E",0.606498007621486,0.302722518141333,-3.87930921238735,-3.92209538571097,0.0427861733236132
"US-NC4",2014,9,"Freshwater","WUE_ET_minus_WUE_E",0.686193772697282,0.761820147920647,-4.43932601831062,-4.75434332903506,0.315017310724436
"US-NC4",2015,4,"Freshwater","WUE_ET_minus_WUE_E",0.590271439602137,0.209247301358477,-3.94846424599549,-3.67275840977143,-0.275705836224059
"US-NC4",2015,6,"Freshwater","WUE_ET_minus_WUE_E",0.762913383768172,1.20377326257784,-9.07817842165022,-5.59632700517362,-3.48185141647661
"US-NC4",2015,7,"Freshwater","WUE_ET_minus_WUE_E",0.714662957003079,0.925820518882778,-7.4607634996893,-5.12572446312053,-2.33503903656876
"US-NC4",2015,8,"Freshwater","WUE_ET_minus_WUE_E",0.7629712970429,1.20410687939091,-8.35797861166204,-5.69844350629705,-2.65953510536499
"US-NC4",2015,9,"Freshwater","WUE_ET_minus_WUE_E",0.637127482708529,0.479167519961346,-4.0226780783571,-4.19732294346039,0.174644865103286
"US-NC4",2016,4,"Freshwater","WUE_ET_minus_WUE_E",0.675618554970756,0.700900256028887,-2.94758580530201,-4.64165341123192,1.69406760592991
"US-NC4",2016,5,"Freshwater","WUE_ET_minus_WUE_E",0.756623013457625,1.16753678128853,-7.46542731018418,-5.58700022241848,-1.8784270877657
"US-NC4",2016,6,"Freshwater","WUE_ET_minus_WUE_E",0.800581331658194,1.42076428560789,-7.61846824438969,-6.02394879729029,-1.5945194470994
"US-NC4",2016,7,"Freshwater","WUE_ET_minus_WUE_E",0.778741706298186,1.29495433537387,-5.42532901666518,-5.85317236365846,0.427843346993272
"US-NC4",2016,8,"Freshwater","WUE_ET_minus_WUE_E",0.717383063176947,0.941490037783607,-4.45063560507448,-5.18090742171634,0.730271816641854
"US-NC4",2016,9,"Freshwater","WUE_ET_minus_WUE_E",0.676913274210884,0.708358651513358,-3.34434258967054,-4.64898735354958,1.30464476387904
"US-NC4",2017,4,"Freshwater","WUE_ET_minus_WUE_E",0.764150351368091,1.21089897236551,-7.95761728690966,-5.64670220086257,-2.3109150860471
"US-NC4",2017,5,"Freshwater","WUE_ET_minus_WUE_E",0.830945854276102,1.59568299490196,-11.8548765245182,-6.43074319665195,-5.42413332786626
"US-NC4",2017,6,"Freshwater","WUE_ET_minus_WUE_E",0.805204086591615,1.44739425560649,-11.0910000282917,-6.07642818254688,-5.0145718457448
"US-NC4",2017,7,"Freshwater","WUE_ET_minus_WUE_E",0.814009776395497,1.49812055597753,-11.0690826554471,-6.25354977162189,-4.81553288382518
"US-NC4",2017,9,"Freshwater","WUE_ET_minus_WUE_E",0.790131497229497,1.36056668021144,-9.08613372076552,-5.93428645104324,-3.15184726972228
"US-NC4",2018,4,"Freshwater","WUE_ET_minus_WUE_E",0.664311462145321,0.635764304188604,-2.39787719621317,-4.51329071646132,2.11541352024816
"US-NC4",2018,5,"Freshwater","WUE_ET_minus_WUE_E",0.80115291209673,1.42405694769992,-6.86231023084103,-6.0925216570988,-0.769788573742225
"US-NC4",2018,6,"Freshwater","WUE_ET_minus_WUE_E",0.81044824445745,1.47760389653413,-5.99966439517067,-6.13596198543092,0.136297590260255
"US-NC4",2018,7,"Freshwater","WUE_ET_minus_WUE_E",0.781246407315855,1.30938298537082,-5.30502017452835,-5.88160674349299,0.576586568964635
"US-NC4",2018,8,"Freshwater","WUE_ET_minus_WUE_E",0.768751113373145,1.23740224929234,-3.95878409435875,-5.76405832089913,1.80527422654038
"US-NC4",2018,9,"Freshwater","WUE_ET_minus_WUE_E",0.751596401170701,1.13858033944308,-3.87623555139428,-5.49682044190036,1.62058489050608
"US-NC4",2019,4,"Freshwater","WUE_ET_minus_WUE_E",0.65935211134674,0.607195330734275,-2.44093125944687,-4.45699015869225,2.01605889924538
"US-NC4",2019,5,"Freshwater","WUE_ET_minus_WUE_E",0.815172678098914,1.50481959971213,-8.32770061581189,-6.2516797158392,-2.07602089997269
"US-NC4",2019,6,"Freshwater","WUE_ET_minus_WUE_E",0.807542847234043,1.46086698488563,-7.2118418838025,-6.1029787400704,-1.1088631437321
"US-NC4",2019,7,"Freshwater","WUE_ET_minus_WUE_E",0.815846780131084,1.5087028505336,-6.41198042442057,-6.27440418163196,-0.137576242788615
"US-NC4",2019,8,"Freshwater","WUE_ET_minus_WUE_E",0.800419042726188,1.41982939949503,-4.36631598247973,-6.12356547382687,1.75724949134714
"US-NC4",2019,9,"Freshwater","WUE_ET_minus_WUE_E",0.729954861411872,1.01391148660499,-3.52261723909193,-5.25113692224448,1.72851968315254
"US-NC4",2020,9,"Freshwater","WUE_ET_minus_WUE_E",0.65309118382151,0.571128458368857,-2.62252508964981,-4.37854934046716,1.75602425081735
"US-NC4",2021,4,"Freshwater","WUE_ET_minus_WUE_E",0.704744928277228,0.868686448135222,-4.4458120811027,-4.97230779111844,0.526495710015735
"US-NC4",2021,5,"Freshwater","WUE_ET_minus_WUE_E",0.796265619083013,1.39590307231519,-8.79104363815993,-6.0370391284719,-2.75400450968804
"US-NC4",2021,6,"Freshwater","WUE_ET_minus_WUE_E",0.758413204777144,1.17784940694513,-6.81135158113929,-5.54523915163279,-1.26611242950649
"US-NC4",2021,7,"Freshwater","WUE_ET_minus_WUE_E",0.836231898288309,1.62613392632354,-9.87259903385435,-6.5058242946775,-3.36677473917685
"US-NC4",2021,8,"Freshwater","WUE_ET_minus_WUE_E",0.818759210337004,1.5254802765758,-8.16799546733835,-6.33177048049076,-1.83622498684759
"US-NC4",2021,9,"Freshwater","WUE_ET_minus_WUE_E",0.794430575746516,1.38533207088837,-5.86778502151004,-5.98309133059934,0.115306309089299
"US-NC4",2025,4,"Freshwater","WUE_ET_minus_WUE_E",0.674735612910445,0.695813955561913,-2.76581975108909,-4.63162989555575,1.86581014446666
"US-NC4",2025,5,"Freshwater","WUE_ET_minus_WUE_E",0.778017990412673,1.29078527761583,-6.84549735060784,-5.82988466131927,-1.01561268928857
"US-NC4",2025,6,"Freshwater","WUE_ET_minus_WUE_E",0.792053711557583,1.37163984126476,-8.88298839950357,-5.92713980199911,-2.95584859750446
"US-NC4",2025,7,"Freshwater","WUE_ET_minus_WUE_E",0.743999600717992,1.09481800052296,-6.14358391267558,-5.45876591779937,-0.684817994876204
"US-NC4",2025,9,"Freshwater","WUE_ET_minus_WUE_E",0.714371543980842,0.924141796962379,-4.42877033085874,-5.07422879477133,0.645458463912587
"US-NGC",2017,7,"Upland","WUE_ET_minus_WUE_E",0.702158411535352,0.853786488213259,-5.51175124182789,-5.47113412539259,-0.0406171164352989
"US-NGC",2017,8,"Upland","WUE_ET_minus_WUE_E",0.52407885962309,-0.172063506668224,-2.57248697974524,-3.26122082644767,0.688733846702433
"US-NGC",2018,6,"Upland","WUE_ET_minus_WUE_E",0.344875087150209,-1.20438971762265,-1.14484836410109,-0.911440605679602,-0.233407758421489
"US-NGC",2018,7,"Upland","WUE_ET_minus_WUE_E",0.53269276557872,-0.122442001640819,-3.14409917614634,-3.34498915137314,0.200889975226804
"US-NGC",2018,8,"Upland","WUE_ET_minus_WUE_E",0.50199585789888,-0.299275457521011,-2.5735725868234,-2.98416371046318,0.410591123639787
"US-NGC",2019,5,"Upland","WUE_ET_minus_WUE_E",0.302435557207065,-1.44886804827566,-0.88554988384319,-0.44107105284654,-0.44447883099665
"US-NGC",2019,6,"Upland","WUE_ET_minus_WUE_E",0.36489479451943,-1.08906363733038,-1.13183001795025,-1.16261127784817,0.0307812598979293
"US-NGC",2019,7,"Upland","WUE_ET_minus_WUE_E",0.453669909930886,-0.577663250747459,-2.39391223794596,-2.35355489093724,-0.0403573470087233
"US-NGC",2019,8,"Upland","WUE_ET_minus_WUE_E",0.412374238068852,-0.815552240883547,-2.08572037773525,-1.85975554213237,-0.22596483560288
"US-NGC",2020,8,"Upland","WUE_ET_minus_WUE_E",0.375027599484884,-1.0306923206333,-1.06084504263678,-1.39119822791339,0.330353185276606
"US-NGC",2021,5,"Upland","WUE_ET_minus_WUE_E",0.185394716688303,-2.12309675313141,-0.331102894420771,1.0273433471296,-1.35844624155037
"US-NGC",2021,6,"Upland","WUE_ET_minus_WUE_E",0.287045748417913,-1.53752300668076,-0.932385895987014,-0.185903832710258,-0.746482063276756
"US-NGC",2021,7,"Upland","WUE_ET_minus_WUE_E",0.524138480252917,-0.171720054418114,-2.77735399931717,-3.23766562483114,0.460311625513965
"US-NGC",2021,8,"Upland","WUE_ET_minus_WUE_E",0.37206577632819,-1.04775428107461,-1.39522567628799,-1.35403868809639,-0.0411869881916052
"US-NGC",2022,6,"Upland","WUE_ET_minus_WUE_E",0.284256032328856,-1.55359352238538,-0.606049134596934,-0.150903577595391,-0.455145557001543
"US-NGC",2022,7,"Upland","WUE_ET_minus_WUE_E",0.329648176404506,-1.29210628105064,-1.05959904165426,-0.797557013504474,-0.262042028149788
"US-NGC",2022,8,"Upland","WUE_ET_minus_WUE_E",0.253684260711464,-1.72970611600125,-0.799713083146786,0.131196050923921,-0.930909134070706
"US-NGC",2023,7,"Upland","WUE_ET_minus_WUE_E",0.502958928423257,-0.293727566806472,-3.28972040074903,-2.97194334572013,-0.317777055028902
"US-ONA",2016,4,"Upland","WUE_ET_minus_WUE_E",0.440575722840389,-0.65309398726673,-1.80045620810778,-1.73005174060689,-0.070404467500889
"US-ONA",2016,5,"Upland","WUE_ET_minus_WUE_E",0.467318054205579,-0.499041373142817,-1.70290751480258,-2.09131701156481,0.388409496762226
"US-ONA",2016,6,"Upland","WUE_ET_minus_WUE_E",0.447698703712614,-0.612061146534326,-1.44939387892117,-1.78308523793037,0.333691359009206
"US-ONA",2016,7,"Upland","WUE_ET_minus_WUE_E",0.575694503066598,0.125274997352801,-2.23170182305339,-3.46609825878217,1.23439643572878
"US-ONA",2016,8,"Upland","WUE_ET_minus_WUE_E",0.573670716882741,0.113616718656248,-2.68182764911387,-3.46501070347137,0.783183054357507
"US-ONA",2016,9,"Upland","WUE_ET_minus_WUE_E",0.554673496893401,0.00418080746062621,-2.51386817695199,-3.15417769083038,0.640309513878395
"US-ONA",2017,6,"Upland","WUE_ET_minus_WUE_E",0.395556340176994,-0.912433888894319,-1.18408121390015,-1.1288982282923,-0.0551829856078496
"US-ONA",2017,7,"Upland","WUE_ET_minus_WUE_E",0.533744839378377,-0.116381396195648,-1.92018665876118,-2.93979060445475,1.01960394569358
"US-ONA",2017,8,"Upland","WUE_ET_minus_WUE_E",0.544939524800025,-0.0518929815563543,-2.00584716577583,-3.10454425436058,1.09869708858475
"US-ONA",2017,9,"Upland","WUE_ET_minus_WUE_E",0.466840403134247,-0.501792943122745,-1.63371831777298,-2.0522086764356,0.418490358662623
"US-ONA",2018,3,"Upland","WUE_ET_minus_WUE_E",0.348108519969352,-1.18576311504336,-1.1453083818746,-0.58182665459057,-0.563481727284035
"US-ONA",2018,4,"Upland","WUE_ET_minus_WUE_E",0.318668150321345,-1.35535812316421,-0.992443765531484,-0.200578488708951,-0.791865276822533
"US-ONA",2018,5,"Upland","WUE_ET_minus_WUE_E",0.423725853245456,-0.750159812355014,-1.4270168096119,-1.54440180373838,0.117384994126482
"US-ONA",2018,6,"Upland","WUE_ET_minus_WUE_E",0.542067023247873,-0.0684403934906792,-2.05154502849337,-2.96704631248289,0.91550128398952
"US-ONA",2018,7,"Upland","WUE_ET_minus_WUE_E",0.448639938344489,-0.606639044266423,-1.43625920600072,-1.87204996253179,0.435790756531076
"US-ONA",2018,8,"Upland","WUE_ET_minus_WUE_E",0.496971201346298,-0.32822063310909,-1.68788253448046,-2.5027254653809,0.814842930900441
"US-ONA",2018,9,"Upland","WUE_ET_minus_WUE_E",0.608410353269139,0.31373882940105,-2.72616931082307,-3.82836948031034,1.10220016948727
"US-ONA",2019,3,"Upland","WUE_ET_minus_WUE_E",0.388298340330588,-0.954244523665871,-1.36738418067264,-1.08605501359174,-0.281329167080892
"US-ONA",2019,4,"Upland","WUE_ET_minus_WUE_E",0.491900449982464,-0.35743134374249,-1.95756565173925,-2.37398054422983,0.416414892490579
"US-ONA",2019,5,"Upland","WUE_ET_minus_WUE_E",0.344074379606142,-1.20900229565961,-0.659058015578425,-0.545080794483168,-0.113977221095257
"US-ONA",2019,6,"Upland","WUE_ET_minus_WUE_E",0.472845558404381,-0.467199479488216,-1.31953150564191,-2.09858197718678,0.77905047154487
"US-ONA",2019,7,"Upland","WUE_ET_minus_WUE_E",0.566423515206338,0.0718682881216414,-2.56935014702125,-3.34978285968158,0.78043271266033
"US-ONA",2019,8,"Upland","WUE_ET_minus_WUE_E",0.551735987818534,-0.0127410886080595,-2.48659627167895,-3.18981384163498,0.703217569956033
"US-ONA",2020,4,"Upland","WUE_ET_minus_WUE_E",0.376682455197272,-1.02115931302039,-1.27345356252475,-0.928435878546823,-0.345017683977932
"US-ONA",2020,5,"Upland","WUE_ET_minus_WUE_E",0.511925307503704,-0.242075595341978,-1.93215109812736,-2.65096723960509,0.718816141477727
"US-ONA",2020,6,"Upland","WUE_ET_minus_WUE_E",0.536978065629151,-0.0977559835798233,-2.34705871195007,-2.90319937994995,0.556140667999887
"US-ONA",2020,7,"Upland","WUE_ET_minus_WUE_E",0.394412023614171,-0.919025870553687,-1.34078569008997,-1.19169727096075,-0.149088419129214
"US-ONA",2020,8,"Upland","WUE_ET_minus_WUE_E",0.587618767837957,0.193966246984267,-2.76845154943306,-3.64000533597281,0.871553786539756
"US-ONA",2020,9,"Upland","WUE_ET_minus_WUE_E",0.543694373463799,-0.0590658348018704,-2.19977514721822,-3.01643173077331,0.816656583555089
"US-ONA",2021,3,"Upland","WUE_ET_minus_WUE_E",0.415403649833876,-0.798100927634652,-1.85836839731447,-1.42612286182338,-0.432245535491083
"US-ONA",2021,4,"Upland","WUE_ET_minus_WUE_E",0.524379062567475,-0.170334149279045,-2.05992411649901,-2.78146277179835,0.721538655299345
"US-ONA",2021,5,"Upland","WUE_ET_minus_WUE_E",0.465520073895676,-0.509398868272969,-1.60548633802649,-2.06875924312917,0.46327290510268
"US-ONA",2021,6,"Upland","WUE_ET_minus_WUE_E",0.413630144820694,-0.808317429693189,-1.08332697269438,-1.35565527210309,0.272328299408706
"US-ONA",2021,7,"Upland","WUE_ET_minus_WUE_E",0.573232083211581,0.111089913391511,-2.58488037422033,-3.43520431818959,0.85032394396926
"US-ONA",2021,8,"Upland","WUE_ET_minus_WUE_E",0.531942868647441,-0.126761878655633,-1.87790769422651,-2.94148598374834,1.06357828952182
"US-ONA",2021,9,"Upland","WUE_ET_minus_WUE_E",0.5305512653868,-0.134778386909816,-1.76365800200297,-2.85153604927301,1.08787804727004
"US-ONA",2022,3,"Upland","WUE_ET_minus_WUE_E",0.353998027502901,-1.15183585496061,-1.32450019781746,-0.655717423254747,-0.668782774562712
"US-ONA",2022,5,"Upland","WUE_ET_minus_WUE_E",0.357618564757723,-1.13097928785651,-0.925548713403919,-0.715008457548231,-0.210540255855688
"US-ONA",2022,6,"Upland","WUE_ET_minus_WUE_E",0.491993393261858,-0.356895932115122,-1.38354899005098,-2.33881398772652,0.955264997675536
"US-ONA",2022,7,"Upland","WUE_ET_minus_WUE_E",0.525617485468637,-0.163200056042763,-1.27583445906723,-2.83782343246702,1.56198897339979
"US-ONA",2022,8,"Upland","WUE_ET_minus_WUE_E",0.414559580449983,-0.802963297086099,-0.889241032528521,-1.46877517663426,0.579534144105737
"US-ONA",2022,9,"Upland","WUE_ET_minus_WUE_E",0.32736092482514,-1.30528228579565,-0.721747454444067,-0.302275289572924,-0.419472164871143
"US-OPE",2022,7,"Upland","WUE_ET_minus_WUE_E",0.595961104740894,0.242023343811384,-6.93416280560935,-5.24257393542437,-1.69158887018498
"US-OPE",2022,8,"Upland","WUE_ET_minus_WUE_E",0.626477432737128,0.417816547368873,-7.89608032830985,-5.64974021721117,-2.24634011109868
"US-OPE",2022,9,"Upland","WUE_ET_minus_WUE_E",0.510323526411147,-0.251302859831114,-4.29728090443617,-4.11996280329668,-0.177318101139495
"US-PAS",2021,5,"Upland","WUE_ET_minus_WUE_E",0.584838726858563,0.177951465984103,-4.52775225954567,-4.56775108748511,0.0399988279394341
"US-PAS",2021,7,"Upland","WUE_ET_minus_WUE_E",0.608189973990348,0.312469306428918,-5.95863323093365,-4.87579161388486,-1.08284161704879
"US-PAS",2021,8,"Upland","WUE_ET_minus_WUE_E",0.524100959835989,-0.171936195570203,-3.70010674556361,-3.84509967471035,0.144992929146743
"US-PAS",2021,9,"Upland","WUE_ET_minus_WUE_E",0.462656639145466,-0.525894049737113,-2.53566061530682,-3.00171807791199,0.466057462605169
"US-PAS",2021,10,"Upland","WUE_ET_minus_WUE_E",0.400838580022352,-0.882004871861561,-1.62102321066416,-2.22775842535538,0.60673521469122
"US-PAS",2022,5,"Upland","WUE_ET_minus_WUE_E",0.660588294252394,0.61431652019045,-5.68002894008296,-5.51811811373039,-0.161910826352567
"US-PAS",2022,6,"Upland","WUE_ET_minus_WUE_E",0.685988812029405,0.760639445825237,-7.14717495157483,-5.7747133061332,-1.37246164544163
"US-PAS",2022,7,"Upland","WUE_ET_minus_WUE_E",0.703178228839814,0.859661275999547,-7.60606004134734,-6.06753050290284,-1.53852953844451
"US-PAS",2022,8,"Upland","WUE_ET_minus_WUE_E",0.61800240655602,0.368995077013906,-5.01645232370919,-5.02320328308441,0.00675095937522574
"US-PAS",2022,9,"Upland","WUE_ET_minus_WUE_E",0.449411977046242,-0.602191616755868,-2.20496867953722,-2.8355482822824,0.630579602745181
"US-PAS",2022,10,"Upland","WUE_ET_minus_WUE_E",0.549677348611401,-0.0246001425950116,-3.44193342965471,-4.09511506857634,0.653181638921632
"US-PHM",2013,6,"Saline","WUE_ET_minus_WUE_E",0.690355725769486,0.785795609965392,-4.23423419000047,-3.66091695446424,-0.57331723553623
"US-PHM",2013,7,"Saline","WUE_ET_minus_WUE_E",0.735927795410911,1.04831933549356,-6.78044074612219,-4.06988756558154,-2.71055318054065
"US-PHM",2013,8,"Saline","WUE_ET_minus_WUE_E",0.694794742732345,0.811367133926048,-4.36820311733206,-3.79469692519787,-0.573506192134188
"US-PHM",2013,9,"Saline","WUE_ET_minus_WUE_E",0.630093473099045,0.43864720954726,-2.72474080121959,-3.25110989599636,0.526369094776769
"US-PHM",2014,6,"Saline","WUE_ET_minus_WUE_E",0.58529753342273,0.180594479774562,-2.03417991237396,-2.89597779420195,0.861797881827991
"US-PHM",2015,5,"Saline","WUE_ET_minus_WUE_E",0.66641097551417,0.647858819002682,-2.38943313483758,-3.54865689071566,1.15922375587808
"US-PHM",2015,6,"Saline","WUE_ET_minus_WUE_E",0.668141583346913,0.657828206376457,-3.80419213318446,-3.499173571382,-0.305018561802465
"US-PHM",2015,7,"Saline","WUE_ET_minus_WUE_E",0.73862677892695,1.06386717462715,-6.04164765905553,-4.08953913332893,-1.9521085257266
"US-PHM",2015,8,"Saline","WUE_ET_minus_WUE_E",0.723081339276092,0.97431568477322,-4.68232129045464,-4.00065445143661,-0.681666839018029
"US-PHM",2015,9,"Saline","WUE_ET_minus_WUE_E",0.579349523270883,0.14633020788986,-2.03260472989617,-2.88163814417115,0.849033414274979
"US-PHM",2016,6,"Saline","WUE_ET_minus_WUE_E",0.671605865307497,0.677784644908399,-2.61361708834793,-3.5243973533132,0.910780264965269
"US-PHM",2016,7,"Saline","WUE_ET_minus_WUE_E",0.727159478072397,0.997808323980767,-3.91224978689052,-4.0060445738832,0.093794786992679
"US-PHM",2016,8,"Saline","WUE_ET_minus_WUE_E",0.676545349175061,0.706239172370115,-2.99795907158843,-3.66182127341691,0.663862201828475
"US-PHM",2016,9,"Saline","WUE_ET_minus_WUE_E",0.627851635329357,0.425732816851058,-2.05782490057441,-3.23478685195112,1.17696195137672
"US-PHM",2017,6,"Saline","WUE_ET_minus_WUE_E",0.711455925719985,0.907346005722684,-4.30327013341162,-3.81454961147996,-0.48872052193166
"US-PHM",2017,7,"Saline","WUE_ET_minus_WUE_E",0.757715218126484,1.1738285657294,-6.99149175010879,-4.228523959984,-2.76296779012479
"US-PHM",2017,8,"Saline","WUE_ET_minus_WUE_E",0.681536810645166,0.734993123447449,-4.25632193953208,-3.69816460143479,-0.558157338097292
"US-PHM",2017,9,"Saline","WUE_ET_minus_WUE_E",0.608157551264333,0.312282531176176,-2.76658330849106,-3.09139226471977,0.324808956228708
"US-PHM",2018,5,"Saline","WUE_ET_minus_WUE_E",0.547159250608269,-0.0391059676371649,-1.73927357734459,-2.680373206486,0.941099629141405
"US-PHM",2018,6,"Saline","WUE_ET_minus_WUE_E",0.63285585532709,0.454560265055719,-2.42506338722506,-3.24225467188638,0.81719128466132
"US-PHM",2018,7,"Saline","WUE_ET_minus_WUE_E",0.656058089659177,0.588219698242846,-2.94585519239522,-3.48834828450886,0.542493092113645
"US-PHM",2018,8,"Saline","WUE_ET_minus_WUE_E",0.664057000439812,0.634298445045927,-3.13647737265762,-3.570892362675,0.43441499001738
"US-PHM",2018,9,"Saline","WUE_ET_minus_WUE_E",0.65843323705443,0.601902038057266,-3.19594936609232,-3.4574545394537,0.26150517336138
"US-PHM",2019,5,"Saline","WUE_ET_minus_WUE_E",0.63389385731996,0.460539808061293,-3.71749685667341,-3.31189651506089,-0.405600341612517
"US-PHM",2019,6,"Saline","WUE_ET_minus_WUE_E",0.718326731666872,0.94692616060155,-4.74043758560444,-3.86457663378004,-0.875860951824397
"US-PHM",2019,7,"Saline","WUE_ET_minus_WUE_E",0.739720851417704,1.07016971889452,-5.06802541621055,-4.09750518408279,-0.970520232127765
"US-PHM",2019,8,"Saline","WUE_ET_minus_WUE_E",0.701381099634563,0.849308683766404,-3.87090714784561,-3.84265284567803,-0.0282543021675821
"US-PHM",2019,9,"Saline","WUE_ET_minus_WUE_E",0.58116336026931,0.156779047498741,-2.15478509467154,-2.89484487198015,0.740059777308612
"US-PHM",2020,6,"Saline","WUE_ET_minus_WUE_E",0.657127493742939,0.594380137002223,-2.96995925845443,-3.4189788881829,0.449019629728469
"US-PHM",2020,7,"Saline","WUE_ET_minus_WUE_E",0.700872252537021,0.846377405094582,-4.45385663158723,-3.8146446670555,-0.639211964531727
"US-PHM",2020,8,"Saline","WUE_ET_minus_WUE_E",0.638606507812258,0.487687632904115,-2.75798307645223,-3.38558479147174,0.627601715019508
"US-PHM",2020,9,"Saline","WUE_ET_minus_WUE_E",0.614539642584641,0.349047383052587,-2.66319171282462,-3.13786090715711,0.474669194332492
"US-RRC",2022,6,"Freshwater","WUE_ET_minus_WUE_E",0.8980402810128,1.9821890063183,-14.3335060189241,-7.37715108395274,-6.95635493497132
"US-RRC",2022,7,"Freshwater","WUE_ET_minus_WUE_E",0.867982901948103,1.80903963667668,-14.1470132328329,-7.11308338378756,-7.03392984904535
"US-RRC",2022,8,"Freshwater","WUE_ET_minus_WUE_E",0.878171459774351,1.86773212484655,-14.2522149686286,-7.25305122870771,-6.99916373992093
"US-RRC",2022,9,"Freshwater","WUE_ET_minus_WUE_E",0.792832738901412,1.37612752774026,-6.73187797319836,-6.21176088296707,-0.520117090231288
"US-RRC",2023,4,"Freshwater","WUE_ET_minus_WUE_E",0.743604284173025,1.09254072909411,-2.26689936746502,-5.66026377221292,3.3933644047479
"US-RRC",2023,5,"Freshwater","WUE_ET_minus_WUE_E",0.810165318841943,1.47597406740382,-6.58905896170614,-6.44164298964137,-0.147415972064778
"US-RRC",2023,6,"Freshwater","WUE_ET_minus_WUE_E",0.881998110653773,1.88977603580048,-12.5078760994368,-7.19503387230116,-5.31284222713562
"US-RRC",2023,7,"Freshwater","WUE_ET_minus_WUE_E",0.880826688665485,1.88302790987706,-12.5732012969034,-7.25889124966034,-5.31431004724303
"US-RRC",2023,8,"Freshwater","WUE_ET_minus_WUE_E",0.856867205399105,1.7450062475231,-10.2382120113423,-7.01119670925657,-3.22701530208576
"US-RRC",2023,9,"Freshwater","WUE_ET_minus_WUE_E",0.873708565192682,1.8420230508142,-8.1691282867303,-7.12989600088122,-1.03923228584908
"US-RRC",2024,5,"Freshwater","WUE_ET_minus_WUE_E",0.782092407161124,1.3142564754915,-7.26462887443408,-6.12294793256169,-1.14168094187239
"US-RRC",2024,6,"Freshwater","WUE_ET_minus_WUE_E",0.837881829101216,1.63563856342421,-8.99989606789851,-6.69420798621606,-2.30568808168246
"US-RRC",2024,7,"Freshwater","WUE_ET_minus_WUE_E",0.81411696402052,1.49873802397652,-10.6517250142134,-6.5015754519541,-4.15014956225931
"US-RRC",2024,8,"Freshwater","WUE_ET_minus_WUE_E",0.847840086386119,1.69300437592232,-11.4365050589088,-6.90871720011914,-4.52778785878963
"US-RRC",2025,4,"Freshwater","WUE_ET_minus_WUE_E",0.701795399768214,0.851695312581571,-1.5562967968566,-5.18563239256403,3.62933559570743
"US-RRC",2025,5,"Freshwater","WUE_ET_minus_WUE_E",0.802650991216234,1.43268682373325,-6.85398508772637,-6.35633730069756,-0.49764778702881
"US-RRC",2025,6,"Freshwater","WUE_ET_minus_WUE_E",0.831053715486789,1.59630434317717,-9.96648258818541,-6.616692476502,-3.34979011168341
"US-RRC",2025,7,"Freshwater","WUE_ET_minus_WUE_E",0.790104776993038,1.36041275487784,-7.30229947086899,-6.22897938488636,-1.07332008598263
"US-RRC",2025,8,"Freshwater","WUE_ET_minus_WUE_E",0.888209739244826,1.92555891536139,-12.5914101666865,-7.36700984066782,-5.22440032601864
"US-RRC",2025,9,"Freshwater","WUE_ET_minus_WUE_E",0.88872360257865,1.92851909070276,-10.0663113294209,-7.30035278324783,-2.76595854617311
"US-SCg",2006,3,"Upland","WUE_ET_minus_WUE_E",0.512440693796188,-0.239106646802804,-4.28716568381458,-4.25088016195434,-0.0362855218602318
"US-SCg",2006,4,"Upland","WUE_ET_minus_WUE_E",0.732821942130614,1.03042767113636,-9.34444504731362,-7.00393673657855,-2.34050831073507
"US-SCg",2007,2,"Upland","WUE_ET_minus_WUE_E",0.203373855227317,-2.01952563011271,-0.392768659936867,-0.371123124030044,-0.0216455359068223
"US-SCg",2007,3,"Upland","WUE_ET_minus_WUE_E",0.109606989877462,-2.5596816295314,-0.140405600098854,0.803140374878341,-0.943545974977196
"US-SCg",2008,2,"Upland","WUE_ET_minus_WUE_E",0.404052047006461,-0.863493285024101,-2.91485804914402,-2.88886603550915,-0.0259920136348777
"US-SCg",2008,3,"Upland","WUE_ET_minus_WUE_E",0.579827277189135,0.149082370332605,-4.68868793476267,-5.09632376079396,0.407635826031291
"US-SCg",2008,4,"Upland","WUE_ET_minus_WUE_E",0.219839501811262,-1.92467317073442,-0.850010976563517,-0.567971316635364,-0.282039659928154
"US-SCg",2009,2,"Upland","WUE_ET_minus_WUE_E",0.519865490813385,-0.196335155633284,-3.50248890219693,-4.34188130644488,0.839392404247942
"US-SCg",2009,3,"Upland","WUE_ET_minus_WUE_E",0.621050717951894,0.3865552639993,-5.59358719729037,-5.61352009810919,0.0199329008188123
"US-SCg",2009,4,"Upland","WUE_ET_minus_WUE_E",0.345152597517343,-1.20279108372197,-1.42488126349013,-2.1401708448069,0.715289581316772
"US-SCg",2010,2,"Upland","WUE_ET_minus_WUE_E",0.310051345150377,-1.40499632949172,-1.20285710094958,-1.70951715522482,0.50666005427524
"US-SCg",2010,3,"Upland","WUE_ET_minus_WUE_E",0.561992006578333,0.046340016882527,-3.2865068080842,-4.87255940575095,1.58605259766675
"US-SCg",2010,4,"Upland","WUE_ET_minus_WUE_E",0.643480140440017,0.515762815891457,-6.78962702649717,-5.88303921447596,-0.906587812021219
"US-SCg",2010,5,"Upland","WUE_ET_minus_WUE_E",0.576622603346916,0.130621437511653,-3.33520579537292,-5.06998452950366,1.73477873413074
"US-SCg",2011,2,"Upland","WUE_ET_minus_WUE_E",0.211678828704081,-1.97168377007238,-0.762159954448046,-0.475318741479888,-0.286841212968158
"US-SCg",2011,3,"Upland","WUE_ET_minus_WUE_E",0.5871609847091,0.191329128823581,-4.24466058276913,-5.18833370945632,0.943673126687194
"US-SCg",2011,4,"Upland","WUE_ET_minus_WUE_E",0.61976405365304,0.379143270032446,-4.65961022435565,-5.58549313402467,0.925882909669019
"US-SCg",2011,5,"Upland","WUE_ET_minus_WUE_E",0.389824958201885,-0.945450246509175,-0.361036248101179,-2.72638932976973,2.36535308166855
"US-SCg",2012,2,"Upland","WUE_ET_minus_WUE_E",0.126296598884235,-2.46353900602229,-0.222094154988709,0.595901314816925,-0.817995469805635
"US-SCg",2012,3,"Upland","WUE_ET_minus_WUE_E",0.117514793369758,-2.5141277178948,-0.268633702078721,0.703927719972571,-0.972561422051293
"US-SCg",2012,4,"Upland","WUE_ET_minus_WUE_E",0.248983336290115,-1.75678639131526,-0.454747573730514,-0.933614847812916,0.478867274082402
"US-SCg",2013,2,"Upland","WUE_ET_minus_WUE_E",0.213480445149559,-1.96130532851901,-0.738657953251129,-0.497922129494253,-0.240735823756876
"US-SCg",2013,3,"Upland","WUE_ET_minus_WUE_E",0.200886537209054,-2.03385414312222,-0.6946085949261,-0.342068435404653,-0.352540159521447
"US-SCg",2014,3,"Upland","WUE_ET_minus_WUE_E",0.123947229692437,-2.47707284720451,-0.33426990344865,0.62322527387525,-0.9574951773239
"US-SCg",2014,4,"Upland","WUE_ET_minus_WUE_E",0.129674138279692,-2.44408225911151,-0.270782837524549,0.563258753159091,-0.83404159068364
"US-SCg",2015,2,"Upland","WUE_ET_minus_WUE_E",0.324803384277148,-1.32001532465324,-1.73437383025938,-1.89459876081437,0.160224930554987
"US-SCg",2015,3,"Upland","WUE_ET_minus_WUE_E",0.251173221938779,-1.74417127544513,-0.621824814866493,-0.972973781409507,0.351148966543014
"US-SCg",2015,4,"Upland","WUE_ET_minus_WUE_E",0.137911062779671,-2.39663240389003,-0.149154041888972,0.459916889808868,-0.609070931697839
"US-SCg",2016,2,"Upland","WUE_ET_minus_WUE_E",0.521125866219158,-0.18907460219143,-1.38130565010478,-4.35769419181898,2.9763885417142
"US-SCg",2016,3,"Upland","WUE_ET_minus_WUE_E",0.529836072184268,-0.138898348664427,-2.63174318081202,-4.46912555394634,1.83738237313431
"US-SCg",2016,4,"Upland","WUE_ET_minus_WUE_E",0.120768227457935,-2.49538589545161,-0.220253998943381,0.674993833303824,-0.895247832247205
"US-SCs",2006,4,"Upland","WUE_ET_minus_WUE_E",0.602842437105436,0.281664137463096,-5.23507092358077,-6.05739407098592,0.822323147405155
"US-SCs",2006,5,"Upland","WUE_ET_minus_WUE_E",0.615309696358059,0.353483376130041,-7.09742670726053,-6.2395618460793,-0.857864861181226
"US-SCs",2006,6,"Upland","WUE_ET_minus_WUE_E",0.469368521229386,-0.487229396061282,-2.84557327865453,-4.3464748586223,1.50090157996777
"US-SCs",2008,3,"Upland","WUE_ET_minus_WUE_E",0.449542971670384,-0.601437005498921,-2.14299620254784,-4.14595701608588,2.00296081353804
"US-SCs",2008,4,"Upland","WUE_ET_minus_WUE_E",0.162853437216501,-2.25294867145925,-0.638720591798764,-0.537216837087445,-0.101503754711319
"US-SCs",2009,3,"Upland","WUE_ET_minus_WUE_E",0.601599372218957,0.274503303477731,-6.68833655572619,-6.05368262010931,-0.634653935616877
"US-SCs",2009,4,"Upland","WUE_ET_minus_WUE_E",0.255825825483036,-1.71736935871292,-1.45358212254062,-1.70366431922825,0.250082196687623
"US-SCs",2010,3,"Upland","WUE_ET_minus_WUE_E",0.591139608872776,0.214248501284448,-4.9754601070947,-5.92245264047316,0.946992533378457
"US-SCs",2010,5,"Upland","WUE_ET_minus_WUE_E",0.316895290512216,-1.36557090844242,-2.32865157612749,-2.49560367932198,0.166952103194493
"US-SCs",2011,3,"Upland","WUE_ET_minus_WUE_E",0.520003697787885,-0.195538996711267,-5.29435767280951,-5.02996933524834,-0.264388337561169
"US-SCs",2011,4,"Upland","WUE_ET_minus_WUE_E",0.635017294485454,0.467011511286597,-7.32146436570223,-6.46106533380826,-0.86039903189397
"US-SCs",2011,5,"Upland","WUE_ET_minus_WUE_E",0.510554912512948,-0.249969930649749,-4.17479325363065,-4.92529041413508,0.750497160504429
"US-SCs",2011,6,"Upland","WUE_ET_minus_WUE_E",0.394425930309168,-0.918945759261636,-2.59440349884686,-3.40623229721376,0.8118287983669
"US-SCs",2012,4,"Upland","WUE_ET_minus_WUE_E",0.290989497293502,-1.51480453776957,-1.24528485777591,-2.14483375900381,0.8995489012279
"US-SCs",2013,3,"Upland","WUE_ET_minus_WUE_E",0.229086424687351,-1.87140509091705,-0.959910639662509,-1.38007147797743,0.42016083831492
"US-Skr",2004,2,"Saline","WUE_ET_minus_WUE_E",0.61981229506007,0.379421170816804,-3.63982782441556,-3.2585293282115,-0.381298496204051
"US-Skr",2004,3,"Saline","WUE_ET_minus_WUE_E",0.705808610004423,0.874813922529004,-5.47620466883879,-3.88682868948973,-1.58937597934906
"US-Skr",2004,4,"Saline","WUE_ET_minus_WUE_E",0.680377268337588,0.728313431941487,-4.70142963466796,-3.68977630457632,-1.01165333009164
"US-Skr",2004,5,"Saline","WUE_ET_minus_WUE_E",0.659846615056568,0.6100439824899,-4.61960424717977,-3.56604198209575,-1.05356226508402
"US-Skr",2004,6,"Saline","WUE_ET_minus_WUE_E",0.662898670429813,0.62762573713495,-4.3064742708997,-3.52618025389537,-0.780294017004325
"US-Skr",2004,7,"Saline","WUE_ET_minus_WUE_E",0.589208268470743,0.203122768316997,-2.59303663301509,-3.0667889330295,0.473752300014416
"US-Skr",2004,8,"Saline","WUE_ET_minus_WUE_E",0.624373304355125,0.405695447182304,-3.18824334286127,-3.34713227330224,0.158888930440966
"US-Skr",2004,9,"Saline","WUE_ET_minus_WUE_E",0.657260430565258,0.595145936539741,-3.77319517662158,-3.51409607217353,-0.259099104448045
"US-Skr",2004,10,"Saline","WUE_ET_minus_WUE_E",0.677009011139561,0.708910156314098,-4.80202722317857,-3.65950774245162,-1.14251948072694
"US-Skr",2005,4,"Saline","WUE_ET_minus_WUE_E",0.657379933785171,0.59583435009548,-4.83359401145924,-3.52233042160573,-1.31126358985351
"US-Skr",2005,5,"Saline","WUE_ET_minus_WUE_E",0.6543257949491,0.578240593396821,-4.8425203618252,-3.52584434112524,-1.31667602069995
"US-Skr",2005,7,"Saline","WUE_ET_minus_WUE_E",0.618950139676868,0.37445461465723,-3.25162267710834,-3.28334245900253,0.0317197818941888
"US-Skr",2005,8,"Saline","WUE_ET_minus_WUE_E",0.673874881546487,0.690855602646999,-3.14862120921121,-3.70755818624237,0.558936977031157
"US-Skr",2005,9,"Saline","WUE_ET_minus_WUE_E",0.78036657508799,1.30431459949069,-5.18070053676312,-4.41044416945978,-0.770256367303342
"US-Skr",2007,2,"Saline","WUE_ET_minus_WUE_E",0.654670306487019,0.580225196096091,-3.51302672278876,-3.51233398060201,-0.00069274218674531
"US-Skr",2007,3,"Saline","WUE_ET_minus_WUE_E",0.765505991626186,1.218708311152,-4.46517490864203,-4.32149126979463,-0.143683638847405
"US-Skr",2007,4,"Saline","WUE_ET_minus_WUE_E",0.744711507333053,1.09891902947083,-4.74512526916332,-4.1582003051614,-0.586924964001926
"US-Skr",2007,6,"Saline","WUE_ET_minus_WUE_E",0.688168217240276,0.773194187795374,-3.4340390702376,-3.71017034058565,0.276131270348053
"US-Skr",2007,7,"Saline","WUE_ET_minus_WUE_E",0.683860051055261,0.7483764464467,-3.53444990770534,-3.75595798753366,0.221508079828316
"US-Skr",2007,8,"Saline","WUE_ET_minus_WUE_E",0.734378174420658,1.03939254593323,-4.38006384047151,-4.14808868662939,-0.231975153842122
"US-Skr",2007,9,"Saline","WUE_ET_minus_WUE_E",0.749060103884746,1.12396967510865,-4.17574674543276,-4.1824986351035,0.00675188967074192
"US-Skr",2007,10,"Saline","WUE_ET_minus_WUE_E",0.774584186618747,1.27100441245418,-4.91348864651073,-4.36996231173585,-0.543526334774882
"US-Skr",2008,2,"Saline","WUE_ET_minus_WUE_E",0.681698657387381,0.735925462269562,-4.43932744508137,-3.70913009501409,-0.730197350067288
"US-Skr",2008,3,"Saline","WUE_ET_minus_WUE_E",0.731547149590641,1.02308406595225,-4.58957921923194,-4.074233559283,-0.515345659948945
"US-Skr",2008,4,"Saline","WUE_ET_minus_WUE_E",0.723130015763287,0.974596091892422,-4.19310587339573,-4.00106331593836,-0.192042557457371
"US-Skr",2008,5,"Saline","WUE_ET_minus_WUE_E",0.719117104028325,0.951479201499533,-5.06048459135418,-3.99759631450562,-1.06288827684856
"US-Skr",2008,6,"Saline","WUE_ET_minus_WUE_E",0.701196941689484,0.848247818411636,-3.49547469608402,-3.80503378071197,0.309559084627953
"US-Skr",2008,7,"Saline","WUE_ET_minus_WUE_E",0.660892817297697,0.616070764072531,-3.24335268156977,-3.58873127144786,0.345378589878094
"US-Skr",2008,8,"Saline","WUE_ET_minus_WUE_E",0.699893567242651,0.840739563503905,-3.26939987729686,-3.89700282775934,0.627602950462486
"US-Skr",2008,9,"Saline","WUE_ET_minus_WUE_E",0.639454127823224,0.492570456196138,-2.17995538902022,-3.38444660874177,1.20449121972155
"US-Skr",2008,10,"Saline","WUE_ET_minus_WUE_E",0.688818307632412,0.776939116498776,-3.19997254559954,-3.74549240619602,0.545519860596478
"US-Skr",2009,2,"Saline","WUE_ET_minus_WUE_E",0.751927869930884,1.14048980755598,-5.54855618575056,-4.22047598502899,-1.32808020072157
"US-Skr",2009,3,"Saline","WUE_ET_minus_WUE_E",0.748476942596375,1.12061030005258,-5.41140766045009,-4.19750106804116,-1.21390659240893
"US-Skr",2009,4,"Saline","WUE_ET_minus_WUE_E",0.749632275402647,1.12726574218882,-5.51121044348551,-4.19402890749045,-1.31718153599506
"US-Skr",2009,5,"Saline","WUE_ET_minus_WUE_E",0.74949262230356,1.12646125268149,-5.61252913693469,-4.21876348788795,-1.39376564904674
"US-Skr",2009,6,"Saline","WUE_ET_minus_WUE_E",0.645468128121134,0.527214872742449,-2.2332379048714,-3.39926673959742,1.16602883472601
"US-Skr",2009,7,"Saline","WUE_ET_minus_WUE_E",0.592763920745899,0.223605557211624,-1.64827340838114,-3.09267799131984,1.4444045829387
"US-Skr",2009,8,"Saline","WUE_ET_minus_WUE_E",0.712616904809056,0.914033973991875,-3.36157971567361,-3.98964271558128,0.628062999907668
"US-Skr",2009,9,"Saline","WUE_ET_minus_WUE_E",0.571625982632819,0.101837765950607,-1.44183174557453,-2.89058312922514,1.44875138365061
"US-Skr",2009,10,"Saline","WUE_ET_minus_WUE_E",0.701840675484046,0.851956129123145,-3.14289868507348,-3.84030956330241,0.697410878228924
"US-Skr",2010,2,"Saline","WUE_ET_minus_WUE_E",0.54341507837097,-0.0606747498427728,-1.24260667331702,-2.70227358579733,1.45966691248031
"US-Skr",2010,3,"Saline","WUE_ET_minus_WUE_E",0.669743429460831,0.667055845429439,-2.76751567568244,-3.62423451855,0.856718842867561
"US-Skr",2010,4,"Saline","WUE_ET_minus_WUE_E",0.769216557133121,1.24008349749665,-4.79611678451808,-4.33662401298972,-0.459492771528356
"US-Skr",2010,5,"Saline","WUE_ET_minus_WUE_E",0.781877106161704,1.31301620659605,-6.31826146873496,-4.45455813973398,-1.86370332900098
"US-Skr",2010,6,"Saline","WUE_ET_minus_WUE_E",0.692081264920714,0.795735798552158,-2.37933636978687,-3.73866163041159,1.35932526062472
"US-Skr",2010,7,"Saline","WUE_ET_minus_WUE_E",0.785059230835197,1.33134724205161,-4.755853786143,-4.49279929301313,-0.263054493129863
"US-Skr",2010,8,"Saline","WUE_ET_minus_WUE_E",0.727222328554152,0.998170382205272,-3.44915477971309,-4.09598626029004,0.646831480576955
"US-Skr",2010,9,"Saline","WUE_ET_minus_WUE_E",0.729541967932099,1.01153296099908,-4.16871915346737,-4.04038514359944,-0.128334009867927
"US-Skr",2010,10,"Saline","WUE_ET_minus_WUE_E",0.700088830001836,0.841864399558123,-2.92232459993971,-3.82755420189615,0.905229601956435
"US-Skr",2011,2,"Saline","WUE_ET_minus_WUE_E",0.720134504228626,0.9573400652487,-6.54161188863664,-3.98898532334002,-2.55262656529661
"US-Skr",2011,3,"Saline","WUE_ET_minus_WUE_E",0.699626899816433,0.839203391748734,-5.16445207756239,-3.84181904203094,-1.32263303553146
"US-Skr",2011,4,"Saline","WUE_ET_minus_WUE_E",0.728542061496353,1.00577287231413,-6.59213341541667,-4.040468959857,-2.55166445555967
"US-Skr",2011,5,"Saline","WUE_ET_minus_WUE_E",0.708795494513419,0.892020252089934,-5.63170080162723,-3.92244364779279,-1.70925715383444
"US-Skr",2011,6,"Saline","WUE_ET_minus_WUE_E",0.661537638384663,0.619785338270746,-3.83965587737975,-3.51627044404189,-0.32338543333786
"US-Skr",2011,7,"Saline","WUE_ET_minus_WUE_E",0.557170736424241,0.0185664746100565,-1.94315505773673,-2.8335204718738,0.890365414137071
"US-Skr",2011,8,"Saline","WUE_ET_minus_WUE_E",0.683046679727163,0.743690917064995,-2.58546634735053,-3.77433896213146,1.18887261478093
"US-Skr",2011,9,"Saline","WUE_ET_minus_WUE_E",0.80285000161447,1.4338332485407,-5.2294937066627,-4.57414823691811,-0.655345469744593
"US-Skr",2018,4,"Saline","WUE_ET_minus_WUE_E",0.716489823858671,0.936344418647428,-4.11180143694709,-3.9527154174448,-0.159086019502288
"US-Skr",2018,5,"Saline","WUE_ET_minus_WUE_E",0.573966841426727,0.115322581899221,-1.82117600794128,-2.94074279831483,1.11956679037354
"US-Skr",2018,6,"Saline","WUE_ET_minus_WUE_E",0.707178225561056,0.882703767806992,-3.28849684435003,-3.8485841042023,0.560087259852272
"US-Skr",2018,7,"Saline","WUE_ET_minus_WUE_E",0.657643316938133,0.597351602375241,-2.43165724482208,-3.56507133574182,1.13341409091974
"US-Skr",2018,8,"Saline","WUE_ET_minus_WUE_E",0.713325427647309,0.918115510261429,-2.79301087402608,-3.99480154092192,1.20179066689584
"US-Skr",2018,9,"Saline","WUE_ET_minus_WUE_E",0.663985411383007,0.63388604714416,-2.15463721353652,-3.56306132718697,1.40842411365045
"US-Skr",2018,10,"Saline","WUE_ET_minus_WUE_E",0.593473202383763,0.227691464643213,-1.82533818187126,-3.05127520033265,1.22593701846138
"US-Skr",2019,2,"Saline","WUE_ET_minus_WUE_E",0.736081056385008,1.04920221490225,-4.53956521481516,-4.10509375756208,-0.434471457253079
"US-Skr",2019,3,"Saline","WUE_ET_minus_WUE_E",0.695121910053582,0.813251823050723,-3.61482895422875,-3.80901776295685,0.19418880872809
"US-Skr",2019,4,"Saline","WUE_ET_minus_WUE_E",0.748639834778047,1.12154866126216,-4.14333080342062,-4.18680284847464,0.0434720450540231
"US-Skr",2019,5,"Saline","WUE_ET_minus_WUE_E",0.775398114224217,1.27569314634271,-4.28696253399888,-4.40738395425352,0.120421420254645
"US-Skr",2019,6,"Saline","WUE_ET_minus_WUE_E",0.740806771375643,1.07642529945574,-3.76327585274537,-4.09343689503796,0.330161042292594
"US-Skr",2019,7,"Saline","WUE_ET_minus_WUE_E",0.705710560239879,0.874249094341962,-2.89029534621371,-3.91505372079945,1.02475837458574
"US-Skr",2019,8,"Saline","WUE_ET_minus_WUE_E",0.676589474474374,0.706493361790449,-2.53003669920485,-3.72732340767182,1.19728670846697
"US-Skr",2019,9,"Saline","WUE_ET_minus_WUE_E",0.73192766178264,1.02527605501569,-3.08147209605769,-4.05775561809468,0.976283522036996
"US-Skr",2019,10,"Saline","WUE_ET_minus_WUE_E",0.62055916143601,0.38372358993067,-1.94991974758303,-3.24849076543527,1.29857101785224
"US-Skr",2020,2,"Saline","WUE_ET_minus_WUE_E",0.589031584830521,0.202104959649627,-2.25496508533771,-3.03441191186044,0.77944682652273
"US-Skr",2020,3,"Saline","WUE_ET_minus_WUE_E",0.674778804286724,0.69606276499937,-3.36421201289947,-3.6608975840843,0.296685571184833
"US-Skr",2020,4,"Saline","WUE_ET_minus_WUE_E",0.617441045158915,0.365761283014743,-2.55524758956436,-3.23153139636892,0.676283806804553
"US-Skr",2020,5,"Saline","WUE_ET_minus_WUE_E",0.586887745720358,0.189755100743474,-1.85158970555223,-3.03482118915157,1.18323148359934
"US-Skr",2020,6,"Saline","WUE_ET_minus_WUE_E",0.690431493814675,0.786232081463294,-2.60579131227484,-3.72664948270289,1.12085817042805
"US-Skr",2020,7,"Saline","WUE_ET_minus_WUE_E",0.700893830527434,0.846501707863298,-3.10032275912731,-3.87998263210903,0.779659872981722
"US-Skr",2020,8,"Saline","WUE_ET_minus_WUE_E",0.674710770261036,0.695670846308233,-2.5246029583001,-3.71364437521152,1.18904141691142
"US-Skr",2020,9,"Saline","WUE_ET_minus_WUE_E",0.652357579201115,0.56690243529099,-2.46299754539289,-3.47839792316103,1.01540037776814
"US-Skr",2020,10,"Saline","WUE_ET_minus_WUE_E",0.635393294884902,0.469177509593011,-1.87698125628193,-3.35649956827247,1.47951831199053
"US-Skr",2021,2,"Saline","WUE_ET_minus_WUE_E",0.639477815986719,0.492706914886309,-2.93065487760924,-3.401715944388,0.471061066778761
"US-Skr",2021,3,"Saline","WUE_ET_minus_WUE_E",0.68079450627333,0.730716984340676,-3.28099332806695,-3.70469850929759,0.423705181230633
"US-Skr",2021,4,"Saline","WUE_ET_minus_WUE_E",0.653196620171252,0.571735837923004,-2.61954790856787,-3.4918712986048,0.872323390036923
"US-Skr",2021,5,"Saline","WUE_ET_minus_WUE_E",0.687401439839896,0.768777068683113,-2.64253854337993,-3.76667140527642,1.12413286189649
"US-Skr",2021,6,"Saline","WUE_ET_minus_WUE_E",0.6453921904623,0.526777424163485,-2.24117378176661,-3.39871382994151,1.1575400481749
"US-Skr",2021,9,"Saline","WUE_ET_minus_WUE_E",0.834277025547605,1.61487263231471,-7.36375126057392,-4.80297152770546,-2.56077973286846
"US-Skr",2022,4,"Saline","WUE_ET_minus_WUE_E",0.76186895291487,1.19775668530095,-5.00561452771046,-4.28312537499586,-0.7224891527146
"US-Skr",2022,5,"Saline","WUE_ET_minus_WUE_E",0.766893346866687,1.2267003481438,-4.16225530489322,-4.34545989621127,0.183204591318046
"US-Skr",2022,6,"Saline","WUE_ET_minus_WUE_E",0.755076175222429,1.15862602214399,-3.32743076671916,-4.19733384540597,0.869903078686812
"US-Skr",2022,7,"Saline","WUE_ET_minus_WUE_E",0.763396892918078,1.20655857876732,-3.44800388731939,-4.33507365348426,0.88706976616487
"US-Skr",2022,8,"Saline","WUE_ET_minus_WUE_E",0.777136697591775,1.28570847780305,-4.07901233313203,-4.45941775176897,0.380405418636941
"US-Skr",2022,9,"Saline","WUE_ET_minus_WUE_E",0.740756979368556,1.07613846624178,-3.0872785375937,-4.12204275866882,1.03476422107511
"US-Skr",2022,10,"Saline","WUE_ET_minus_WUE_E",0.73837131697834,1.06239555345639,-3.66114795945373,-4.1062928017752,0.445144842321476
"US-Slt",2005,5,"Upland","WUE_ET_minus_WUE_E",0.743505211834282,1.09197001023784,-7.35367485760802,-7.06381370861245,-0.289861148995578
"US-Slt",2005,6,"Upland","WUE_ET_minus_WUE_E",0.818427658489642,1.52357032982859,-12.8044646528453,-7.94171948932997,-4.86274516351531
"US-Slt",2005,7,"Upland","WUE_ET_minus_WUE_E",0.840639624603842,1.65152519651529,-13.5002957713463,-8.29755044855713,-5.20274532278918
"US-Slt",2005,8,"Upland","WUE_ET_minus_WUE_E",0.807588915924213,1.46113236945712,-12.5158082757426,-7.90719381778687,-4.60861445795577
"US-Slt",2005,9,"Upland","WUE_ET_minus_WUE_E",0.702324883670938,0.854745472204427,-9.1640770730472,-6.51404262623555,-2.65003444681166
"US-Slt",2006,5,"Upland","WUE_ET_minus_WUE_E",0.808280771679528,1.46511789286745,-10.8529089339368,-7.87649895951875,-2.97640997441802
"US-Slt",2006,6,"Upland","WUE_ET_minus_WUE_E",0.834624284834222,1.61687306377117,-13.6628368310401,-8.14492513318898,-5.51791169785109
"US-Slt",2006,7,"Upland","WUE_ET_minus_WUE_E",0.85660508893503,1.7434962921664,-15.4778613212979,-8.49785589426574,-6.98000542703213
"US-Slt",2006,8,"Upland","WUE_ET_minus_WUE_E",0.804486583326673,1.44326098644244,-9.2056188207177,-7.86827142249689,-1.33734739822081
"US-Slt",2006,9,"Upland","WUE_ET_minus_WUE_E",0.774416382150888,1.27003775339285,-9.8607092421734,-7.41851489433112,-2.44219434784229
"US-Slt",2007,5,"Upland","WUE_ET_minus_WUE_E",0.741186869860842,1.07861490530834,-4.38626787921096,-7.03472739376047,2.64845951454951
"US-Slt",2007,7,"Upland","WUE_ET_minus_WUE_E",0.638214616774214,0.485430094545249,-3.00202097196819,-5.75789168419052,2.75587071222233
"US-Slt",2007,8,"Upland","WUE_ET_minus_WUE_E",0.725304603986302,0.987123084989015,-5.88131929631477,-6.87484076900312,0.993521472688355
"US-Slt",2007,9,"Upland","WUE_ET_minus_WUE_E",0.668644469892319,0.660725148526695,-5.21750229564649,-6.09148239537535,0.873980099728865
"US-Slt",2008,5,"Upland","WUE_ET_minus_WUE_E",0.777798036140443,1.28951820294825,-6.1960920435553,-7.4940573466778,1.2979653031225
"US-Slt",2008,6,"Upland","WUE_ET_minus_WUE_E",0.791689011051276,1.36953893743549,-8.54807781464826,-7.6062518460667,-0.94182596858156
"US-Slt",2008,7,"Upland","WUE_ET_minus_WUE_E",0.688601972188025,0.775692888551019,-5.70842893999573,-6.39006006181332,0.681631121817592
"US-Slt",2008,8,"Upland","WUE_ET_minus_WUE_E",0.717887954083625,0.944398526312856,-7.51445141612159,-6.78179021102351,-0.732661205098079
"US-Slt",2008,9,"Upland","WUE_ET_minus_WUE_E",0.702841585043861,0.857721996432374,-5.08522413986664,-6.5205252500199,1.43530111015326
"US-Slt",2009,5,"Upland","WUE_ET_minus_WUE_E",0.761521716743046,1.1957563870002,-9.13871813053072,-7.28985186015006,-1.84886627038066
"US-Slt",2009,6,"Upland","WUE_ET_minus_WUE_E",0.752637218642165,1.14457610137255,-10.1105702477784,-7.11630138036387,-2.99426886741456
"US-Slt",2009,7,"Upland","WUE_ET_minus_WUE_E",0.827130454809652,1.57370389914898,-12.1021057090093,-8.12806209415376,-3.97404361485557
"US-Slt",2009,8,"Upland","WUE_ET_minus_WUE_E",0.829408572096707,1.58682728463692,-13.2259971250739,-8.18094695544554,-5.04505016962835
"US-Slt",2009,9,"Upland","WUE_ET_minus_WUE_E",0.734019133946788,1.03732424744344,-6.41242295439268,-6.91168411014172,0.499261155749032
"US-Slt",2010,5,"Upland","WUE_ET_minus_WUE_E",0.817114570715053,1.51600612005618,-11.535815881565,-7.98732931286179,-3.54848656870316
"US-Slt",2010,6,"Upland","WUE_ET_minus_WUE_E",0.838991828190228,1.64203285489425,-10.9901259534979,-8.19972107901484,-2.79040487448306
"US-Slt",2010,7,"Upland","WUE_ET_minus_WUE_E",0.767279887626248,1.22892706554037,-6.92932457217634,-7.37716664339218,0.447842071215844
"US-Slt",2011,5,"Upland","WUE_ET_minus_WUE_E",0.838429824672808,1.63879536187903,-18.7156203797762,-8.25475413407792,-10.4608662456983
"US-Slt",2011,6,"Upland","WUE_ET_minus_WUE_E",0.814609485586499,1.50157525733944,-13.7678853438985,-7.89381603915204,-5.87406930474647
"US-Slt",2011,7,"Upland","WUE_ET_minus_WUE_E",0.804291924114829,1.44213962719973,-12.29595156416,-7.84152598250307,-4.45442558165693
"US-Slt",2011,8,"Upland","WUE_ET_minus_WUE_E",0.843908722092341,1.67035724997584,-12.2787261153373,-8.36286831692097,-3.91585779841631
"US-Slt",2011,9,"Upland","WUE_ET_minus_WUE_E",0.819724276646961,1.53103966426798,-11.6923985154014,-7.98695548665554,-3.70544302874583
"US-Slt",2012,5,"Upland","WUE_ET_minus_WUE_E",0.741674466983048,1.08142377078418,-11.4975203527584,-7.0408448706383,-4.45667548212006
"US-Slt",2012,6,"Upland","WUE_ET_minus_WUE_E",0.77442384103383,1.27008072124034,-12.7025363852969,-7.38964007055924,-5.3128963147377
"US-Slt",2012,7,"Upland","WUE_ET_minus_WUE_E",0.836153173374223,1.62568042140484,-13.4915222287047,-8.24126266421482,-5.25025956448986
"US-Slt",2012,8,"Upland","WUE_ET_minus_WUE_E",0.806365655934351,1.45408562410729,-10.4952242028792,-7.89184658876779,-2.60337761411138
"US-Slt",2012,9,"Upland","WUE_ET_minus_WUE_E",0.824943488715896,1.56110560174765,-10.6328047794994,-8.0524366137953,-2.58036816570413
"US-Slt",2013,5,"Upland","WUE_ET_minus_WUE_E",0.819735302756591,1.53110318158025,-11.4332093703991,-8.02020946521901,-3.41299990518008
"US-Slt",2013,6,"Upland","WUE_ET_minus_WUE_E",0.864710437482903,1.79018818731697,-16.7394490860418,-8.5223911492684,-8.21705793677337
"US-Slt",2013,7,"Upland","WUE_ET_minus_WUE_E",0.859959159595289,1.76281784443172,-17.4329160181163,-8.53993663833963,-8.89297937977664
"US-Slt",2013,8,"Upland","WUE_ET_minus_WUE_E",0.800747759172052,1.4217230125499,-13.7701350997714,-7.82136349528712,-5.94877160448428
"US-Slt",2013,9,"Upland","WUE_ET_minus_WUE_E",0.726250294552333,0.99257085623453,-9.24308188006852,-6.81421492257132,-2.4288669574972
"US-Slt",2014,5,"Upland","WUE_ET_minus_WUE_E",0.799696413827249,1.41566660346192,-7.94368375237571,-7.76879813791697,-0.17488561445874
"US-Slt",2014,6,"Upland","WUE_ET_minus_WUE_E",0.864513802612613,1.78905544704154,-16.6871970234003,-8.51992413455976,-8.16727288884056
"US-Slt",2014,7,"Upland","WUE_ET_minus_WUE_E",0.794272390216035,1.38442082294388,-9.92279353687549,-7.71581919679624,-2.20697434007925
"US-Slt",2014,8,"Upland","WUE_ET_minus_WUE_E",0.832861475965221,1.60671817821681,-11.3013361705386,-8.22426767785138,-3.0770684926872
"US-Slt",2014,9,"Upland","WUE_ET_minus_WUE_E",0.864665801645204,1.78993105687508,-14.0104556637076,-8.55079954460836,-5.45965611909926
"US-Slt",2015,5,"Upland","WUE_ET_minus_WUE_E",0.802206812592379,1.43012807606057,-0.910634132792139,-7.80029403012058,6.88965989732844
"US-Slt",2015,6,"Upland","WUE_ET_minus_WUE_E",0.816488600133744,1.51240013660251,-0.835249310439632,-7.91739173160391,7.08214242116428
"US-Slt",2015,7,"Upland","WUE_ET_minus_WUE_E",0.799681833298252,1.41558261046308,-0.690541834012235,-7.78368699475952,7.09314516074728
"US-Slt",2015,8,"Upland","WUE_ET_minus_WUE_E",0.757910056282886,1.17495095580508,-0.625787300423844,-7.28391434928353,6.65812704885969
"US-Slt",2015,9,"Upland","WUE_ET_minus_WUE_E",0.705693313658721,0.874149743209264,-0.769676905443858,-6.55630352488809,5.78662661944423
"US-Slt",2016,5,"Upland","WUE_ET_minus_WUE_E",0.63322207896721,0.456669943091786,-0.636026892233763,-5.68018266445114,5.04415577221738
"US-Slt",2016,6,"Upland","WUE_ET_minus_WUE_E",0.730610209529591,1.01768670310789,-0.619129836966391,-6.83994675726012,6.22081692029373
"US-Slt",2016,7,"Upland","WUE_ET_minus_WUE_E",0.777606980065699,1.28841760003683,-0.580951125801444,-7.50673211114481,6.92578098534337
"US-Slt",2016,8,"Upland","WUE_ET_minus_WUE_E",0.763010670781143,1.20433369683706,-0.60514590327454,-7.34790753102052,6.74276162774598
"US-Slt",2016,9,"Upland","WUE_ET_minus_WUE_E",0.644115542427369,0.519423130163773,-0.556249942829037,-5.7837382767766,5.22748833394757
"US-Slt",2017,5,"Upland","WUE_ET_minus_WUE_E",0.712715506880806,0.914601983815093,-0.758678744004964,-6.67752080500455,5.91884206099959
"US-Slt",2017,6,"Upland","WUE_ET_minus_WUE_E",0.752714708550131,1.14502249188082,-0.860979855427786,-7.11727358200055,6.25629372657276
"US-Slt",2017,7,"Upland","WUE_ET_minus_WUE_E",0.716644844333375,0.937237433884015,-0.578249384276909,-6.74189073128225,6.16364134700535
"US-Slt",2017,8,"Upland","WUE_ET_minus_WUE_E",0.745723836851053,1.10475068290721,-0.559087333308111,-7.13102395636035,6.57193662305224
"US-Slt",2017,9,"Upland","WUE_ET_minus_WUE_E",0.792043128521894,1.3715788763365,-0.94013885146866,-7.6396630686025,6.69952421713384
"US-Slt",2018,5,"Upland","WUE_ET_minus_WUE_E",0.760074657467478,1.18742041729175,-1.29832923896803,-7.27169680702121,5.97336756805318
"US-Slt",2018,6,"Upland","WUE_ET_minus_WUE_E",0.813808023769628,1.49695833421768,-0.871118221432589,-7.88376076214182,7.01264254070923
"US-Slt",2018,7,"Upland","WUE_ET_minus_WUE_E",0.759838491341872,1.18605995217297,-0.686357329212091,-7.28380561307597,6.59744828386388
"US-Slt",2018,8,"Upland","WUE_ET_minus_WUE_E",0.793982177364913,1.38274901476242,-0.793907353167332,-7.73648134897147,6.94257399580414
"US-Slt",2018,9,"Upland","WUE_ET_minus_WUE_E",0.683031765258251,0.743605000362642,-0.435438586230319,-6.2719878633676,5.83654927713728
"US-Slt",2019,5,"Upland","WUE_ET_minus_WUE_E",0.641438032509636,0.503998992434842,-0.464145994150547,-5.78326142258173,5.31911542843118
"US-Slt",2019,6,"Upland","WUE_ET_minus_WUE_E",0.689798770233928,0.782587196494186,-0.408716328877767,-6.32791946080631,5.91920313192854
"US-Slt",2019,7,"Upland","WUE_ET_minus_WUE_E",0.771406057026064,1.25269639117169,-0.581341468249452,-7.428934270287,6.84759280203755
"US-Slt",2019,8,"Upland","WUE_ET_minus_WUE_E",0.765245294771391,1.21720653363579,-0.663355497173285,-7.375943505739,6.71258800856571
"US-Slt",2019,9,"Upland","WUE_ET_minus_WUE_E",0.680660038421614,0.729942365112844,-0.63706425391545,-6.24223177289276,5.60516751897731
"US-Slt",2020,5,"Upland","WUE_ET_minus_WUE_E",0.777153252497275,1.28580384444981,-0.503148586994044,-7.48596778082795,6.98281919383391
"US-Slt",2020,6,"Upland","WUE_ET_minus_WUE_E",0.792841143652378,1.37617594438127,-0.563011934506657,-7.6207066987031,7.05769476419645
"US-Slt",2020,7,"Upland","WUE_ET_minus_WUE_E",0.76196406243135,1.19830457581363,-0.628184571848937,-7.31047339145256,6.68228881960362
"US-Slt",2020,8,"Upland","WUE_ET_minus_WUE_E",0.741791503936077,1.08209797709466,-0.957999325227665,-7.08168823515178,6.12368890992411
"US-Slt",2021,5,"Upland","WUE_ET_minus_WUE_E",0.667737298290743,0.655499270693781,-0.585495436282226,-6.1132165084356,5.52772107215337
"US-Slt",2021,6,"Upland","WUE_ET_minus_WUE_E",0.772017029880873,1.25621597830703,-0.925281255823207,-7.35944380625218,6.43416255042898
"US-Slt",2021,7,"Upland","WUE_ET_minus_WUE_E",0.800302157119703,1.41915606503564,-1.08657291404609,-7.79146968350328,6.7048967694572
"US-Slt",2021,8,"Upland","WUE_ET_minus_WUE_E",0.779616660692044,1.29999462186844,-1.05499723283987,-7.55624912018672,6.50125188734685
"US-Slt",2021,9,"Upland","WUE_ET_minus_WUE_E",0.764013882688729,1.21011282711457,-0.859075896813021,-7.28800335717645,6.42892746036342
"US-Snd",2007,4,"Upland","WUE_ET_minus_WUE_E",0.53836769704648,-0.0897508343807902,-3.05642882435005,-3.40635394912498,0.349925124774923
"US-Snd",2007,5,"Upland","WUE_ET_minus_WUE_E",0.577319611104182,0.134636639687002,-2.74316794508908,-3.92080273246983,1.17763478738075
"US-Snd",2007,6,"Upland","WUE_ET_minus_WUE_E",0.545346254529822,-0.0495499630191351,-2.09622381112759,-3.45757548591408,1.36135167478648
"US-Snd",2007,7,"Upland","WUE_ET_minus_WUE_E",0.536119275798286,-0.10270315204547,-2.04951746722477,-3.41896806682034,1.36945059959557
"US-Snd",2007,8,"Upland","WUE_ET_minus_WUE_E",0.49312888138497,-0.350354807809864,-1.92713739872438,-2.90390643907731,0.976769040352929
"US-Snd",2007,9,"Upland","WUE_ET_minus_WUE_E",0.474455268733768,-0.45792653761797,-2.05864791673698,-2.59713345943978,0.538485542702801
"US-Snd",2008,4,"Upland","WUE_ET_minus_WUE_E",0.641742288623977,0.505751698627033,-4.96751806687435,-4.70330925285688,-0.264208814017467
"US-Snd",2008,5,"Upland","WUE_ET_minus_WUE_E",0.569946574758524,0.0921633224743635,-2.02110704775953,-3.82829935763482,1.80719230987529
"US-Snd",2008,6,"Upland","WUE_ET_minus_WUE_E",0.584526555363494,0.17615316223064,-2.07079970665028,-3.94913824028731,1.87833853363703
"US-Snd",2008,7,"Upland","WUE_ET_minus_WUE_E",0.587843235183962,0.195259319789525,-2.40659370898299,-4.06790570644309,1.6613119974601
"US-Snd",2008,8,"Upland","WUE_ET_minus_WUE_E",0.577413852507024,0.135179529320231,-1.88886020703638,-3.96136010011247,2.07249989307609
"US-Snd",2008,9,"Upland","WUE_ET_minus_WUE_E",0.561385145976466,0.0428441189052774,-1.92105651412514,-3.68777056496256,1.76671405083742
"US-Snd",2009,3,"Upland","WUE_ET_minus_WUE_E",0.594545318234752,0.233867524883929,-2.25144212091369,-4.1230522450936,1.87161012417991
"US-Snd",2009,4,"Upland","WUE_ET_minus_WUE_E",0.645663577780714,0.528340785460259,-3.28684137702367,-4.75250641718604,1.46566504016236
"US-Snd",2009,5,"Upland","WUE_ET_minus_WUE_E",0.51294739479951,-0.236187730980731,-2.92297532245034,-3.11317789859823,0.190202576147889
"US-Snd",2009,6,"Upland","WUE_ET_minus_WUE_E",0.382809990073554,-0.98586086603998,-1.34487398155313,-1.41836771717242,0.0734937356192864
"US-Snd",2009,7,"Upland","WUE_ET_minus_WUE_E",0.326867671125921,-1.30812373670557,-0.665237951636466,-0.79366165106747,0.128423699431004
"US-Snd",2009,8,"Upland","WUE_ET_minus_WUE_E",0.409533376044336,-0.831917389279386,-1.23355905173413,-1.85510293363946,0.621543881905336
"US-Snd",2009,9,"Upland","WUE_ET_minus_WUE_E",0.451956850340463,-0.587531549230897,-1.09321951155964,-2.31486445488559,1.22164494332595
"US-Snd",2010,3,"Upland","WUE_ET_minus_WUE_E",0.65865780164975,0.603195671079615,-4.52918053085166,-4.92741842571515,0.398237894863492
"US-Snd",2010,4,"Upland","WUE_ET_minus_WUE_E",0.70561403273706,0.873693035337946,-5.51971393189597,-5.50465507702847,-0.0150588548674921
"US-Snd",2010,5,"Upland","WUE_ET_minus_WUE_E",0.628622873589197,0.430175633313771,-4.60057411072649,-4.56446223683468,-0.0361118738918105
"US-Snd",2010,6,"Upland","WUE_ET_minus_WUE_E",0.56667843614138,0.0733367927146714,-2.94670370979244,-3.72521268436958,0.778508974577143
"US-Snd",2010,7,"Upland","WUE_ET_minus_WUE_E",0.640539657842775,0.49882379046749,-4.31210547009828,-4.72904403658884,0.416938566490563
"US-Snd",2010,8,"Upland","WUE_ET_minus_WUE_E",0.667578477715078,0.654584364490443,-5.20313856701123,-5.09258090677384,-0.110557660237382
"US-Snd",2010,9,"Upland","WUE_ET_minus_WUE_E",0.584986066211246,0.178800233136611,-2.94546026610576,-3.98387174615567,1.03841148004992
"US-Snd",2011,3,"Upland","WUE_ET_minus_WUE_E",0.666867838838178,0.650490638510102,-3.73458117093387,-5.03042295625674,1.29584178532288
"US-Snd",2011,4,"Upland","WUE_ET_minus_WUE_E",0.722345598117211,0.970077353892626,-6.78329386215228,-5.71457215750618,-1.0687217046461
"US-Snd",2011,5,"Upland","WUE_ET_minus_WUE_E",0.700055886017397,0.841674621529679,-6.0502285681823,-5.46067302631914,-0.589555541863161
"US-Snd",2011,6,"Upland","WUE_ET_minus_WUE_E",0.627288862033007,0.422490889426035,-3.59341202724029,-4.48564145242585,0.89222942518556
"US-Snd",2011,7,"Upland","WUE_ET_minus_WUE_E",0.471726226275576,-0.473647535125571,-1.70562026494961,-2.6110818558326,0.905461590882982
"US-Snd",2011,8,"Upland","WUE_ET_minus_WUE_E",0.416663039640559,-0.790846051862188,-1.56801025185113,-1.94455291234157,0.376542660490432
"US-Snd",2011,9,"Upland","WUE_ET_minus_WUE_E",0.412314700583666,-0.815895214168333,-1.60393933338727,-1.81750726494334,0.213567931556066
"US-Snd",2012,3,"Upland","WUE_ET_minus_WUE_E",0.525114773317044,-0.166095993575179,-1.3712142609672,-3.25196475543215,1.88075049446496
"US-Snd",2012,4,"Upland","WUE_ET_minus_WUE_E",0.678012463292835,0.71469067055757,-4.15887890842811,-5.1583610667138,0.999482158285693
"US-Snd",2012,5,"Upland","WUE_ET_minus_WUE_E",0.662110526097488,0.623085531083221,-4.6534053859438,-4.98460405183378,0.331198665889979
"US-Snd",2012,6,"Upland","WUE_ET_minus_WUE_E",0.554034771581371,0.000501348752192953,-2.58400361994255,-3.56658310664188,0.982579486699335
"US-Snd",2012,7,"Upland","WUE_ET_minus_WUE_E",0.554617234834832,0.0038567026890461,-2.6740128784912,-3.65104662417724,0.977033745686041
"US-Snd",2012,8,"Upland","WUE_ET_minus_WUE_E",0.484257166013434,-0.401461456893103,-1.79319433711031,-2.79260038089871,0.999406043788409
"US-Snd",2012,9,"Upland","WUE_ET_minus_WUE_E",0.388314523222265,-0.954151300052232,-1.0974814687484,-1.5163969355638,0.418915466815394
"US-Snd",2013,3,"Upland","WUE_ET_minus_WUE_E",0.568958855267634,0.0864734382412022,-3.58817935973049,-3.80204010523844,0.21386074550795
"US-Snd",2013,4,"Upland","WUE_ET_minus_WUE_E",0.60240982942796,0.279172045704332,-3.28189873694153,-4.20983749364949,0.927938756707961
"US-Snd",2013,5,"Upland","WUE_ET_minus_WUE_E",0.541820661877681,-0.0698595896175605,-2.71494124364876,-3.47542684489784,0.760485601249084
"US-Snd",2013,6,"Upland","WUE_ET_minus_WUE_E",0.503219191843679,-0.292228286144317,-2.21186861705619,-2.92904215342222,0.71717353636603
"US-Snd",2013,7,"Upland","WUE_ET_minus_WUE_E",0.484639814182839,-0.399257163259103,-1.63546746510621,-2.77309793803377,1.13763047292757
"US-Snd",2013,8,"Upland","WUE_ET_minus_WUE_E",0.445381707283407,-0.625408500284487,-1.32441862038082,-2.304862227688,0.980443607307181
"US-Snd",2013,9,"Upland","WUE_ET_minus_WUE_E",0.41401239730749,-0.806115415439377,-1.29890243946961,-1.83880685835881,0.539904418889199
"US-Snd",2014,3,"Upland","WUE_ET_minus_WUE_E",0.625767643285582,0.413727714611734,-5.14916124799107,-4.51477287442405,-0.634388373567022
"US-Snd",2014,4,"Upland","WUE_ET_minus_WUE_E",0.687551966243017,0.769644195246568,-5.83292566643589,-5.27804530205059,-0.554880364385305
"US-Snd",2014,5,"Upland","WUE_ET_minus_WUE_E",0.57875497734167,0.142905250156696,-2.78546750661734,-3.93881108274333,1.153343576126
"US-Snd",2014,6,"Upland","WUE_ET_minus_WUE_E",0.535877561921513,-0.104095575693144,-2.15458802546819,-3.33877964923553,1.18419162376733
"US-Snd",2014,7,"Upland","WUE_ET_minus_WUE_E",0.62021517373325,0.381742004850708,-3.99726831353969,-4.4740495833174,0.476781269777713
"US-Snd",2014,8,"Upland","WUE_ET_minus_WUE_E",0.679270497209282,0.721937735551218,-5.46492592836875,-5.23927098276777,-0.225654945600976
"US-Snd",2014,9,"Upland","WUE_ET_minus_WUE_E",0.623694900410986,0.401787414647689,-3.61816707876242,-4.4695193995154,0.851352320752983
"US-Sne",2017,4,"Freshwater","WUE_ET_minus_WUE_E",0.455493965447214,-0.567155546061575,-0.138750703515655,-0.737065400915402,0.598314697399747
"US-Sne",2017,5,"Freshwater","WUE_ET_minus_WUE_E",0.522773097471627,-0.179585516253326,-0.161858743194781,-1.52659675020321,1.36473800700843
"US-Sne",2017,6,"Freshwater","WUE_ET_minus_WUE_E",0.478367389001821,-0.435390269338636,-0.116950809598148,-0.960401125296617,0.843450315698469
"US-Sne",2017,7,"Freshwater","WUE_ET_minus_WUE_E",0.328248084028309,-1.30017169193882,-0.0336743667155345,0.666658157845297,-0.700332524560832
"US-Sne",2017,8,"Freshwater","WUE_ET_minus_WUE_E",0.343341113754709,-1.21322636721562,-0.0406993660082075,0.471012762625561,-0.511712128633769
"US-Sne",2017,9,"Freshwater","WUE_ET_minus_WUE_E",0.236046913974914,-1.83130830370401,-0.0464933437963613,1.7615505923104,-1.80804393610676
"US-Sne",2017,10,"Freshwater","WUE_ET_minus_WUE_E",0.189105047197738,-2.10172292051986,-0.0448113358633257,2.2928333771027,-2.33764471296602
"US-Sne",2018,4,"Freshwater","WUE_ET_minus_WUE_E",0.485342050760437,-0.395211839796647,-0.265602719548319,-1.07591294764551,0.810310228097195
"US-Sne",2018,5,"Freshwater","WUE_ET_minus_WUE_E",0.603065961300441,0.2829517771266,-0.48928076603893,-2.43811384226523,1.9488330762263
"US-Sne",2018,6,"Freshwater","WUE_ET_minus_WUE_E",0.526374924930543,-0.158836729317286,-0.360493665846723,-1.50540210620706,1.14490844036033
"US-Sne",2018,7,"Freshwater","WUE_ET_minus_WUE_E",0.477698834322899,-0.439241563923476,-0.379222666786863,-1.02996725590818,0.650744589121318
"US-Sne",2018,8,"Freshwater","WUE_ET_minus_WUE_E",0.456576786272104,-0.560917818451957,-0.379784754742058,-0.814484428641694,0.434699673899637
"US-Sne",2018,9,"Freshwater","WUE_ET_minus_WUE_E",0.388868041144513,-0.950962689391394,-0.330306148032292,0.0266632959715547,-0.356969444003847
"US-Sne",2018,10,"Freshwater","WUE_ET_minus_WUE_E",0.286217777646644,-1.54229263801881,-0.171114067807541,1.19037035062855,-1.36148441843609
"US-Sne",2019,4,"Freshwater","WUE_ET_minus_WUE_E",0.539247016253877,-0.084685403820569,-0.593552091871624,-1.68786393620462,1.09431184433299
"US-Sne",2019,5,"Freshwater","WUE_ET_minus_WUE_E",0.52322575742364,-0.176977910806948,-0.75032991975897,-1.5317355292114,0.781405609452433
"US-Sne",2019,6,"Freshwater","WUE_ET_minus_WUE_E",0.514603358309792,-0.226648341756622,-0.633689992621159,-1.37176651689692,0.738076524275765
"US-Sne",2019,7,"Freshwater","WUE_ET_minus_WUE_E",0.570732620354299,0.0966914384862458,-0.734232670939776,-2.08612445423233,1.35189178329256
"US-Sne",2019,8,"Freshwater","WUE_ET_minus_WUE_E",0.428835299036367,-0.720726197534172,-0.41302574080348,-0.499551836020421,0.086526095216941
"US-Sne",2019,9,"Freshwater","WUE_ET_minus_WUE_E",0.398191087268839,-0.897256091883602,-0.542312572031214,-0.0791756975226132,-0.463136874508601
"US-Sne",2019,10,"Freshwater","WUE_ET_minus_WUE_E",0.344673436616297,-1.20555135126874,-0.550240899949345,0.526758047644952,-1.0769989475943
"US-Sne",2020,4,"Freshwater","WUE_ET_minus_WUE_E",0.560017583481998,0.0349661005540109,-0.890688889929136,-1.92365982312952,1.03297093320039
"US-Sne",2020,5,"Freshwater","WUE_ET_minus_WUE_E",0.526269855889603,-0.159441992942183,-0.912832032667038,-1.56629336722253,0.653461334555491
"US-Sne",2020,6,"Freshwater","WUE_ET_minus_WUE_E",0.533123961626587,-0.11995804175465,-0.952141836639549,-1.58201990273395,0.629878066094398
"US-Sne",2020,7,"Freshwater","WUE_ET_minus_WUE_E",0.590785041931014,0.212205973147525,-0.992259459513465,-2.31376766102314,1.32150820150968
"US-Sne",2020,8,"Freshwater","WUE_ET_minus_WUE_E",0.423724687545373,-0.750166527519171,-0.53533094068255,-0.441534105642019,-0.0937968350405307
"US-Sne",2020,9,"Freshwater","WUE_ET_minus_WUE_E",0.310317954097421,-1.4034604946133,-0.451535551637117,0.918395680546063,-1.36993123218318
"US-Sne",2020,10,"Freshwater","WUE_ET_minus_WUE_E",0.287158107080706,-1.53687575025848,-0.476632048898848,1.17969535025562,-1.65632739915447
"US-SO2",1997,4,"Upland","WUE_ET_minus_WUE_E",0.220654359162159,-1.91997908092866,-0.783121036390043,0.927146124046012,-1.71026716043605
"US-SO2",1997,5,"Upland","WUE_ET_minus_WUE_E",0.273988624093466,-1.61274023840425,-0.939892526715534,0.232253907155191,-1.17214643387072
"US-SO2",1997,7,"Upland","WUE_ET_minus_WUE_E",0.183022436143585,-2.1367625780873,-0.204239955282487,1.3584594703958,-1.56269942567828
"US-SO2",1999,5,"Upland","WUE_ET_minus_WUE_E",0.429985318892357,-0.71410136132635,-2.01490788585451,-1.72490730235146,-0.290000583503047
"US-SO2",1999,6,"Upland","WUE_ET_minus_WUE_E",0.127677520286147,-2.45558403197911,-0.292657395609944,2.12998208307495,-2.4226394786849
"US-SO2",2000,4,"Upland","WUE_ET_minus_WUE_E",0.439228946265688,-0.660852265673358,-1.19872799284073,-1.81512802358548,0.616400030744745
"US-SO2",2000,5,"Upland","WUE_ET_minus_WUE_E",0.500926427282857,-0.305436049122869,-2.40690773668969,-2.61494657965978,0.208038842970097
"US-SO2",2000,6,"Upland","WUE_ET_minus_WUE_E",0.354906496855288,-1.14660250126847,-1.31799746427154,-0.720871514755108,-0.597125949516437
"US-SO2",2000,7,"Upland","WUE_ET_minus_WUE_E",0.164528688858948,-2.24329817048722,-0.319732838760207,1.59048518639301,-1.91021802515321
"US-SO2",2001,4,"Upland","WUE_ET_minus_WUE_E",0.288127786434215,-1.53128978853995,-0.498327394325702,0.0806129670481581,-0.578940361373861
"US-SO2",2001,5,"Upland","WUE_ET_minus_WUE_E",0.333178396283457,-1.2717699987214,-1.01515687102772,-0.510351096618321,-0.504805774409394
"US-SO2",2001,6,"Upland","WUE_ET_minus_WUE_E",0.291463924145627,-1.51207154131603,-0.842264147549583,0.0750898515977303,-0.917353999147313
"US-SO2",2001,7,"Upland","WUE_ET_minus_WUE_E",0.11989879695882,-2.50039436084524,-0.273289340309402,2.15041944220537,-2.42370878251477
"US-SO2",2003,4,"Upland","WUE_ET_minus_WUE_E",0.231701999911651,-1.85633773589707,-0.182073428594802,0.788540533976644,-0.970613962571446
"US-SO2",2003,5,"Upland","WUE_ET_minus_WUE_E",0.255475846248166,-1.71938545877857,-0.327854030893072,0.464518383820839,-0.79237241471391
"US-SO2",2003,6,"Upland","WUE_ET_minus_WUE_E",0.207385740854528,-1.99641465074452,-0.359559437288224,1.12994911714353,-1.48950855443175
"US-SO2",2004,4,"Upland","WUE_ET_minus_WUE_E",0.172855902314845,-2.19532819420764,-0.191390397247417,1.52683373753323,-1.71822413478065
"US-SO2",2004,8,"Upland","WUE_ET_minus_WUE_E",0.196565626435364,-2.05874530130111,-0.346968773232088,1.16424107677804,-1.51120985001013
"US-SO2",2005,4,"Upland","WUE_ET_minus_WUE_E",0.562911412782057,0.0516363737031496,-1.5786253396001,-3.36686939909353,1.78824405949343
"US-SO2",2005,5,"Upland","WUE_ET_minus_WUE_E",0.375301082684159,-1.02911688574724,-0.86797495582177,-1.03882952348467,0.170854567662896
"US-SO2",2005,6,"Upland","WUE_ET_minus_WUE_E",0.163989223004212,-2.24640583241907,-0.313070803404016,1.67440925121109,-1.98748005461511
"US-SO2",2005,7,"Upland","WUE_ET_minus_WUE_E",0.183876871422368,-2.13184049457489,-0.189975392305014,1.3477395792736,-1.53771497157861
"US-SO2",2005,8,"Upland","WUE_ET_minus_WUE_E",0.344690883157124,-1.20545084824284,-0.480865189345402,-0.69416372454024,0.213298535194838
"US-SO2",2006,5,"Upland","WUE_ET_minus_WUE_E",0.315443959080646,-1.37393148845096,-0.563118805251925,-0.287851814755207,-0.275266990496718
"US-SO2",2006,6,"Upland","WUE_ET_minus_WUE_E",0.143846571310919,-2.36244014918692,-0.159129904411374,1.92712240389384,-2.08625230830522
"US-SO2",2006,7,"Upland","WUE_ET_minus_WUE_E",0.177064025031433,-2.17108676603177,-0.192256873225766,1.43321471514013,-1.62547158836589
"US-SO3",1997,3,"Upland","WUE_ET_minus_WUE_E",0.326209632326585,-1.31191445322345,-0.528533821432165,0.819213390683209,-1.34774721211537
"US-SO3",1997,4,"Upland","WUE_ET_minus_WUE_E",0.268529089105841,-1.64419058673997,-0.57330831525295,1.55476760348172,-2.12807591873467
"US-SO3",1998,3,"Upland","WUE_ET_minus_WUE_E",0.301742980446652,-1.45285772512792,-1.24842395964215,1.12617618914275,-2.37460014878491
"US-SO3",1998,4,"Upland","WUE_ET_minus_WUE_E",0.228115347972809,-1.87699910231221,-0.523544448216699,2.06180531077791,-2.58534975899461
"US-SO3",1998,5,"Upland","WUE_ET_minus_WUE_E",0.502128864481602,-0.298509256119786,-1.93957527512954,-1.40176653414747,-0.537808740982072
"US-SO3",1998,6,"Upland","WUE_ET_minus_WUE_E",0.432039761275383,-0.702266483680491,-1.40166083216666,-0.460332612280868,-0.941328219885789
"US-SO3",1998,7,"Upland","WUE_ET_minus_WUE_E",0.311778233009886,-1.39504837149871,-0.826533631899447,0.971333252974618,-1.79786688487406
"US-SO3",2002,3,"Upland","WUE_ET_minus_WUE_E",0.147310778585093,-2.34248414089558,-0.093156621404637,3.06370900271806,-3.1568656241227
"US-SO3",2002,4,"Upland","WUE_ET_minus_WUE_E",0.154243677237641,-2.30254629305814,-0.163740329392081,2.98861192440973,-3.15235225380182
"US-SO3",2003,3,"Upland","WUE_ET_minus_WUE_E",0.113544125705352,-2.53700125592579,-0.0297515491993067,3.48735120408843,-3.51710275328773
"US-SO3",2003,4,"Upland","WUE_ET_minus_WUE_E",0.302992443765798,-1.44566003215426,-0.0809561049653419,1.12238446243572,-1.20334056740106
"US-SO3",2003,5,"Upland","WUE_ET_minus_WUE_E",0.256007157455839,-1.71632477273225,-0.0956481401823953,1.68611849078453,-1.78176663096692
"US-SO3",2003,6,"Upland","WUE_ET_minus_WUE_E",0.213383506141938,-1.96186375804899,-0.0224051990513892,2.28296615641977,-2.30537135547116
"US-SO3",2003,7,"Upland","WUE_ET_minus_WUE_E",0.107155319208017,-2.57380479143682,-0.0019659158152447,3.53856732152673,-3.54053323734198
"US-SO3",2004,3,"Upland","WUE_ET_minus_WUE_E",0.116792802197872,-2.5182868402198,-0.0595443188243912,3.44659275326617,-3.50613707209056
"US-SO3",2004,4,"Upland","WUE_ET_minus_WUE_E",0.23822109287827,-1.81878366854557,-0.203209506259173,1.93501690703874,-2.13822641329791
"US-SO3",2004,5,"Upland","WUE_ET_minus_WUE_E",0.11365529082171,-2.53636087508015,-0.138204683898576,3.47208935277206,-3.61029403667063
"US-SO3",2005,3,"Upland","WUE_ET_minus_WUE_E",0.571312489681018,0.100031849776921,-0.956392803024028,-2.25588897204164,1.29949616901761
"US-SO3",2005,4,"Upland","WUE_ET_minus_WUE_E",0.471815947980587,-0.473130681788745,-0.814329321840731,-0.995704091479687,0.181374769638956
"US-SO3",2005,5,"Upland","WUE_ET_minus_WUE_E",0.332029107761063,-1.27839062198867,-0.574296773552697,0.732334101953456,-1.30663087550615
"US-SO3",2005,7,"Upland","WUE_ET_minus_WUE_E",0.144870813842391,-2.35653986931545,-0.261584922909555,3.06538227622232,-3.32696719913187
"US-SO3",2006,3,"Upland","WUE_ET_minus_WUE_E",0.555353222302298,0.00809645246169517,-0.594477796879329,-2.05566127435842,1.46118347747909
"US-SO3",2006,4,"Upland","WUE_ET_minus_WUE_E",0.468858481854599,-0.490167542998405,-0.785112857494087,-0.958599215715,0.173486358220913
"US-SO3",2006,5,"Upland","WUE_ET_minus_WUE_E",0.350472227073895,-1.1721466784842,-0.745063077688764,0.50094357314827,-1.24600665083703
"US-SO3",2006,6,"Upland","WUE_ET_minus_WUE_E",0.22946694677198,-1.86921304486585,-0.380510493869398,2.08118055989093,-2.46169105376033
"US-SO3",2006,7,"Upland","WUE_ET_minus_WUE_E",0.178171318754863,-2.16470805916557,-0.0964781829375391,2.64758844696397,-2.74406662990151
"US-SO4",2004,4,"Upland","WUE_ET_minus_WUE_E",0.105517289880985,-2.58324086850859,-0.214273588098981,0.830782243716215,-1.0450558318152
"US-SO4",2005,4,"Upland","WUE_ET_minus_WUE_E",0.277567280716869,-1.59212493002449,-0.681190119441791,-1.32778636309993,0.646596243658136
"US-SO4",2005,5,"Upland","WUE_ET_minus_WUE_E",0.226995150771515,-1.88345214131008,-0.52199636996009,-0.719051181125333,0.197054811165243
"US-SO4",2005,6,"Upland","WUE_ET_minus_WUE_E",0.118209122276106,-2.51012794758219,-0.28392902884634,0.707880982872728,-0.991810011719068
"US-SO4",2005,7,"Upland","WUE_ET_minus_WUE_E",0.118374527995015,-2.50917510682044,-0.172074739455417,0.628649940485711,-0.800724679941127
"US-SO4",2005,8,"Upland","WUE_ET_minus_WUE_E",0.255491596789436,-1.71929472577465,-0.313695095898271,-1.11594746485055,0.80225236895228
"US-SO4",2006,4,"Upland","WUE_ET_minus_WUE_E",0.185024746291426,-2.12522801483814,-0.386369665715453,-0.166731900757573,-0.219637764957879
"US-SO4",2006,5,"Upland","WUE_ET_minus_WUE_E",0.16599413739539,-2.23485626709367,-0.325183937892004,0.0462779643047111,-0.371461902196715
"US-StJ",2015,5,"Saline","WUE_ET_minus_WUE_E",0.427011524006442,-0.731232286442323,-1.62371277501847,-2.63891530674591,1.01520253172744
"US-StJ",2015,6,"Saline","WUE_ET_minus_WUE_E",0.608414973643736,0.31376544565882,-5.18083028056012,-3.897647840568,-1.28318243999212
"US-StJ",2015,7,"Saline","WUE_ET_minus_WUE_E",0.649991312756339,0.553271255325662,-8.18491489075987,-4.27752513980665,-3.90738975095321
"US-StJ",2015,8,"Saline","WUE_ET_minus_WUE_E",0.523498556112106,-0.175406419132794,-3.92143839312199,-3.38082199465589,-0.540616398466096
"US-StJ",2015,9,"Saline","WUE_ET_minus_WUE_E",0.432033852582076,-0.702300521462671,-2.68358241162644,-2.64236773812642,-0.0412146735000225
"US-StJ",2016,5,"Saline","WUE_ET_minus_WUE_E",0.620524357157146,0.38352309543868,-4.82734862306131,-4.04790151509131,-0.779447107970006
"US-StJ",2016,6,"Saline","WUE_ET_minus_WUE_E",0.659622757823606,0.608754424318727,-5.57692511196149,-4.27049681649703,-1.30642829546446
"US-StJ",2016,7,"Saline","WUE_ET_minus_WUE_E",0.609131903023587,0.31789540888454,-6.21107476059022,-3.98002370872716,-2.23105105186306
"US-StJ",2016,8,"Saline","WUE_ET_minus_WUE_E",0.591413076124113,0.215823844300376,-5.18856763532897,-3.87531437784989,-1.31325325747908
"US-StJ",2016,9,"Saline","WUE_ET_minus_WUE_E",0.492379418819922,-0.354672182602545,-4.01410017736866,-3.0817498151678,-0.932350362200856
"US-StJ",2017,5,"Saline","WUE_ET_minus_WUE_E",0.475126791531777,-0.454058144804178,-3.11143856970766,-2.98924736095779,-0.122191208749866
"US-StJ",2017,6,"Saline","WUE_ET_minus_WUE_E",0.634133365447191,0.461919525207115,-5.54956447402608,-4.08490601234863,-1.46465846167745
"US-StJ",2017,7,"Saline","WUE_ET_minus_WUE_E",0.649858965498552,0.552508852049901,-7.88656018180304,-4.27656150624344,-3.6099986755596
"US-StJ",2017,8,"Saline","WUE_ET_minus_WUE_E",0.64547396701524,0.527248508437418,-7.78122977261563,-4.26893710785841,-3.51229266475722
"US-StJ",2017,9,"Saline","WUE_ET_minus_WUE_E",0.467121016342439,-0.50017643491,-3.54289927858944,-2.89784087147571,-0.645058407113735
"US-StJ",2018,5,"Saline","WUE_ET_minus_WUE_E",0.511881412902262,-0.242328455797778,-4.99778918001193,-3.25686141921324,-1.74092776079869
"US-StJ",2018,6,"Saline","WUE_ET_minus_WUE_E",0.675276058276936,0.69892726009629,-9.9720177077151,-4.38447005586691,-5.58754765184819
"US-StJ",2018,7,"Saline","WUE_ET_minus_WUE_E",0.653926680109741,0.575941441408186,-8.34289494092073,-4.30617894139405,-4.03671599952668
"US-StJ",2018,8,"Saline","WUE_ET_minus_WUE_E",0.583326887185386,0.169242320524472,-6.06924722049869,-3.81643803095734,-2.25280918954135
"US-StJ",2018,9,"Saline","WUE_ET_minus_WUE_E",0.49459278295011,-0.341921815942016,-4.01715815416285,-3.09786553980841,-0.919292614354434
"US-StJ",2019,5,"Saline","WUE_ET_minus_WUE_E",0.535624794810431,-0.105551672908269,-3.61831470933657,-3.4297393472731,-0.18857536206347
"US-StJ",2019,6,"Saline","WUE_ET_minus_WUE_E",0.557333275923993,0.0195028041504095,-4.28795147836918,-3.52571691271096,-0.762234565658217
"US-StJ",2019,7,"Saline","WUE_ET_minus_WUE_E",0.708209806605458,0.888646322119133,-7.78110308868042,-4.70141979097,-3.07968329771042
"US-StJ",2019,8,"Saline","WUE_ET_minus_WUE_E",0.665692469101935,0.64371977108057,-7.09778298919026,-4.41615003492755,-2.68163295426272
"US-StJ",2019,9,"Saline","WUE_ET_minus_WUE_E",0.45627475520105,-0.562657706998215,-3.05303033992719,-2.8188681640252,-0.234162175901992
"US-StJ",2020,5,"Saline","WUE_ET_minus_WUE_E",0.300759726150066,-1.45852188703921,-1.24854448254336,-1.71966339429053,0.471118911747177
"US-StJ",2020,6,"Saline","WUE_ET_minus_WUE_E",0.555688444211216,0.0100275410670655,-4.02644998527494,-3.51374072921647,-0.512709256058473
"US-StJ",2020,7,"Saline","WUE_ET_minus_WUE_E",0.650070784079928,0.5537290600316,-7.31871759900418,-4.27810377842752,-3.04061382057666
"US-StJ",2020,8,"Saline","WUE_ET_minus_WUE_E",0.589976886846041,0.207550492600321,-6.60811770148361,-3.86485734069929,-2.74326036078432
"US-StJ",2020,9,"Saline","WUE_ET_minus_WUE_E",0.419685564235293,-0.773434413037059,-2.52288145379084,-2.55245862102027,0.02957716722943
"US-StS",2015,6,"Freshwater","WUE_ET_minus_WUE_E",0.735569184135472,1.04625350945614,-4.79354900804113,-5.24680386427729,0.453254856236164
"US-StS",2015,7,"Freshwater","WUE_ET_minus_WUE_E",0.728432242206869,1.00514024427601,-4.02886399920361,-5.24293824448162,1.214074245278
"US-StS",2015,8,"Freshwater","WUE_ET_minus_WUE_E",0.755522855324022,1.16119917989855,-4.94571025443286,-5.57478506287423,0.629074808441366
"US-TaS",2017,4,"Saline","WUE_ET_minus_WUE_E",0.216753162776865,-1.94245242078666,-0.222509874029598,1.228250762366,-1.4507606363956
"US-TaS",2017,5,"Saline","WUE_ET_minus_WUE_E",0.256871355939473,-1.71134644703178,-0.278821819188645,0.910394794425984,-1.18921661361463
"US-TaS",2017,6,"Saline","WUE_ET_minus_WUE_E",0.206418332412562,-2.00198753058717,-0.225053790106768,1.33983233018038,-1.56488612028715
"US-TaS",2017,7,"Saline","WUE_ET_minus_WUE_E",0.225641023754391,-1.89125276287875,-0.126645876647562,1.1227141663563,-1.24936004300386
"US-TaS",2017,8,"Saline","WUE_ET_minus_WUE_E",0.226912454241118,-1.88392852523161,-0.144644201049213,1.0891535421384,-1.23379774318762
"US-TaS",2018,4,"Saline","WUE_ET_minus_WUE_E",0.215121524949588,-1.95185167880807,-0.171853203746685,1.24013087986631,-1.411984083613
"US-TaS",2018,5,"Saline","WUE_ET_minus_WUE_E",0.223192272809409,-1.90535910533863,-0.196247980686032,1.15561555248818,-1.35186353317421
"US-TaS",2018,6,"Saline","WUE_ET_minus_WUE_E",0.207678477268649,-1.99472830525621,-0.144607855956287,1.3306570899969,-1.47526494595319
"US-TaS",2018,7,"Saline","WUE_ET_minus_WUE_E",0.16672371157039,-2.23065346191109,-0.117142589553324,1.55169698340486,-1.66883957295819
"US-TaS",2018,8,"Saline","WUE_ET_minus_WUE_E",0.183341588756325,-2.13492405871419,-0.132242972156464,1.4063973525576,-1.53864032471407
"US-TaS",2019,4,"Saline","WUE_ET_minus_WUE_E",0.186349148757848,-2.11759862533884,-0.150007277626348,1.44962541609645,-1.5996326937228
"US-TaS",2019,5,"Saline","WUE_ET_minus_WUE_E",0.206397191491641,-2.00210931556127,-0.210846388167487,1.27790221203155,-1.48874860019904
"US-TaS",2019,6,"Saline","WUE_ET_minus_WUE_E",0.194708168434238,-2.06944542526529,-0.175912257134429,1.4250952002148,-1.60100745734923
"US-TaS",2019,7,"Saline","WUE_ET_minus_WUE_E",0.174112234420653,-2.18809093271146,-0.110621752735038,1.49790041277661,-1.60852216551165
"US-TaS",2019,8,"Saline","WUE_ET_minus_WUE_E",0.263488326883796,-1.67322854109327,-0.211925559758306,0.822840971170067,-1.03476653092837
"US-TaS",2020,4,"Saline","WUE_ET_minus_WUE_E",0.202044934625921,-2.02718104690537,-0.182812529138857,1.33534283619109,-1.51815536532995
"US-TaS",2020,5,"Saline","WUE_ET_minus_WUE_E",0.176209768971713,-2.1760078171299,-0.151370745324298,1.49769984148877,-1.64907058681307
"US-TaS",2020,6,"Saline","WUE_ET_minus_WUE_E",0.170600303993926,-2.20832185631607,-0.130496246086572,1.60062696188669,-1.73112320797326
"US-TaS",2020,7,"Saline","WUE_ET_minus_WUE_E",0.18715529014196,-2.11295474497254,-0.165282971646397,1.40293262523102,-1.56821559687741
"US-TaS",2020,8,"Saline","WUE_ET_minus_WUE_E",0.237601238182892,-1.82235442065749,-0.181272130881623,1.01132744186,-1.19259957274163
"US-TaS",2021,4,"Saline","WUE_ET_minus_WUE_E",0.241188471751909,-1.80168970368747,-0.213741821695054,1.05033484442953,-1.26407666612459
"US-TaS",2021,5,"Saline","WUE_ET_minus_WUE_E",0.261970552655319,-1.68197187331639,-0.181108603324204,0.873267035355493,-1.0543756386797
"US-TaS",2021,6,"Saline","WUE_ET_minus_WUE_E",0.248659991079907,-1.75864906268137,-0.222197167617887,1.03226660696258,-1.25446377458047
"US-TaS",2021,7,"Saline","WUE_ET_minus_WUE_E",0.229492279313315,-1.86906711352719,-0.231016705362834,1.09467279112043,-1.32568949648326
"US-TaS",2021,8,"Saline","WUE_ET_minus_WUE_E",0.196862193748811,-2.05703688742813,-0.142503098069395,1.30795248121379,-1.45045557928319
"US-TaS",2022,4,"Saline","WUE_ET_minus_WUE_E",0.211154048088783,-1.97470683580754,-0.199245045339849,1.26901847397461,-1.46826351931446
"US-TaS",2022,5,"Saline","WUE_ET_minus_WUE_E",0.201240195519408,-2.03181684927253,-0.21881372736536,1.3154508132435,-1.53426454060886
"US-TLR",2024,4,"Upland","WUE_ET_minus_WUE_E",0.578090790397217,0.139079116463913,-5.3415471429958,-6.21562177108694,0.874074628091139
"US-TLR",2024,5,"Upland","WUE_ET_minus_WUE_E",0.773028910010107,1.26204504298206,-12.0362607042135,-8.68710016409322,-3.34916054012023
"US-TLR",2024,6,"Upland","WUE_ET_minus_WUE_E",0.807825428124897,1.46249482818557,-11.9705543658438,-9.0615791835176,-2.90897518232624
"US-TLR",2024,7,"Upland","WUE_ET_minus_WUE_E",0.705273787736116,0.87173301056964,-5.71913649154342,-7.85210460008194,2.13296810853852
"US-TLR",2024,8,"Upland","WUE_ET_minus_WUE_E",0.100958148067334,-2.60950438700903,-0.258271633154151,-0.294560454698972,0.0362888215448209
"US-Tw1",2011,7,"Freshwater","WUE_ET_minus_WUE_E",0.537161174919075,-0.0967011591369554,-2.36275592246399,-2.72519397855824,0.36243805609425
"US-Tw1",2011,8,"Freshwater","WUE_ET_minus_WUE_E",0.686456231073265,0.763332072904549,-4.49353281773385,-4.4443551016401,-0.0491777160937481
"US-Tw1",2011,9,"Freshwater","WUE_ET_minus_WUE_E",0.573113721929921,0.110408078116876,-2.45222829522793,-3.08515441575539,0.632926120527463
"US-Tw1",2011,10,"Freshwater","WUE_ET_minus_WUE_E",0.480415601574865,-0.423591279308559,-1.69297153265867,-2.03442811859962,0.34145658594095
"US-Tw1",2012,8,"Freshwater","WUE_ET_minus_WUE_E",0.731003163090899,1.01995036226767,-4.76335322402223,-4.95006990612845,0.186716682106221
"US-Tw1",2012,9,"Freshwater","WUE_ET_minus_WUE_E",0.596129786094553,0.242995054285327,-2.750001982776,-3.34644209286188,0.59644011008588
"US-Tw1",2012,10,"Freshwater","WUE_ET_minus_WUE_E",0.509147934022752,-0.258075009876797,-1.88535538919463,-2.36060918715503,0.475253797960401
"US-Tw1",2013,6,"Freshwater","WUE_ET_minus_WUE_E",0.42137802406556,-0.763684782102044,-1.33199123540334,-1.33362094806949,0.00162971266615064
"US-Tw1",2013,7,"Freshwater","WUE_ET_minus_WUE_E",0.570560175091115,0.0956980455309354,-2.61716732038305,-3.10435294814616,0.487185627763113
"US-Tw1",2013,8,"Freshwater","WUE_ET_minus_WUE_E",0.602656495495694,0.280592997080308,-3.00989845606137,-3.49302658193394,0.483128125872568
"US-Tw1",2013,9,"Freshwater","WUE_ET_minus_WUE_E",0.490993457854246,-0.362656187696211,-1.55623155771264,-2.15289193637471,0.59666037866207
"US-Tw1",2013,10,"Freshwater","WUE_ET_minus_WUE_E",0.335899737835126,-1.25609336326903,-0.705977367754959,-0.393825534617455,-0.312151833137505
"US-Tw1",2014,7,"Freshwater","WUE_ET_minus_WUE_E",0.463571174526152,-0.520625751914475,-1.60103840410116,-1.88977050548329,0.288732101382129
"US-Tw1",2014,8,"Freshwater","WUE_ET_minus_WUE_E",0.582134938306163,0.162375946825077,-2.70803677743589,-3.26005755776427,0.552020780328382
"US-Tw1",2014,9,"Freshwater","WUE_ET_minus_WUE_E",0.505981165613096,-0.276317583613937,-1.69246525772327,-2.32303846175147,0.630573204028207
"US-Tw1",2014,10,"Freshwater","WUE_ET_minus_WUE_E",0.408545055246793,-0.837610737416292,-0.964625199691106,-1.21852458408943,0.253899384398324
"US-Tw1",2015,5,"Freshwater","WUE_ET_minus_WUE_E",0.390856770426378,-0.939506360454608,-1.08673264008758,-1.04921536930949,-0.0375172707780898
"US-Tw1",2015,6,"Freshwater","WUE_ET_minus_WUE_E",0.533825807101811,-0.115914971287348,-1.47412396955079,-2.61017369901574,1.13604972946495
"US-Tw1",2015,7,"Freshwater","WUE_ET_minus_WUE_E",0.628438421151732,0.429113071498016,-2.76777227282527,-3.76141022605449,0.993637953229213
"US-Tw1",2015,8,"Freshwater","WUE_ET_minus_WUE_E",0.647029379344963,0.536208659748169,-3.07588820008034,-3.99676552116177,0.920877321081428
"US-Tw1",2015,9,"Freshwater","WUE_ET_minus_WUE_E",0.517491283893839,-0.21001207771732,-1.6122931916021,-2.45370598367374,0.841412792071633
"US-Tw1",2015,10,"Freshwater","WUE_ET_minus_WUE_E",0.45110331722032,-0.592448435743287,-1.34854349555235,-1.70166320124014,0.353119705687795
"US-Tw1",2016,6,"Freshwater","WUE_ET_minus_WUE_E",0.502123057981921,-0.298542705202532,-1.62775894672452,-2.25027125800001,0.622512311275491
"US-Tw1",2016,7,"Freshwater","WUE_ET_minus_WUE_E",0.590453856748376,0.210298138619276,-2.33525856482001,-3.33019407511475,0.994935510294734
"US-Tw1",2016,8,"Freshwater","WUE_ET_minus_WUE_E",0.625223090323192,0.410590747746744,-3.24142073547371,-3.74921170118386,0.50779096571015
"US-Tw1",2016,9,"Freshwater","WUE_ET_minus_WUE_E",0.546352400214497,-0.0437539323441314,-2.0277519285965,-2.78134905888349,0.753597130286992
"US-Tw1",2016,10,"Freshwater","WUE_ET_minus_WUE_E",0.451040427487386,-0.592810720079225,-1.60552685397715,-1.70094925153464,0.0954223975574833
"US-Tw1",2017,6,"Freshwater","WUE_ET_minus_WUE_E",0.47518912054212,-0.453699090582316,-1.70829248055462,-1.94450629755158,0.236213816996967
"US-Tw1",2017,7,"Freshwater","WUE_ET_minus_WUE_E",0.579013041879667,0.144391863875909,-2.57270597461455,-3.20031331357933,0.627607338964782
"US-Tw1",2017,8,"Freshwater","WUE_ET_minus_WUE_E",0.643862627325724,0.517966180430123,-3.97856793915029,-3.96081527036474,-0.0177526687855476
"US-Tw1",2017,9,"Freshwater","WUE_ET_minus_WUE_E",0.586237518349211,0.18600938295499,-2.9343217566429,-3.2341410651098,0.299819308466902
"US-Tw1",2017,10,"Freshwater","WUE_ET_minus_WUE_E",0.48329139907535,-0.407024880643056,-1.39576642691531,-2.06707533592381,0.671308909008498
"US-Tw1",2018,6,"Freshwater","WUE_ET_minus_WUE_E",0.466287751967398,-0.504976560728448,-1.50537995377975,-1.84345435829205,0.338074404512297
"US-Tw1",2018,7,"Freshwater","WUE_ET_minus_WUE_E",0.659517512956968,0.608148147827445,-3.62078949827908,-4.11423265678302,0.493443158503944
"US-Tw1",2018,9,"Freshwater","WUE_ET_minus_WUE_E",0.609660513871124,0.320940539161526,-3.00965425670714,-3.50004839170654,0.490394134999399
"US-Tw1",2018,10,"Freshwater","WUE_ET_minus_WUE_E",0.512865551364719,-0.236659200536108,-1.88923401422392,-2.40281308408134,0.513579069857419
"US-Tw1",2019,6,"Freshwater","WUE_ET_minus_WUE_E",0.326247232318246,-1.31169785367095,-0.774232101272879,-0.253657692007965,-0.520574409264913
"US-Tw1",2019,7,"Freshwater","WUE_ET_minus_WUE_E",0.500428534956425,-0.308304221437078,-1.75342132930337,-2.30819018063789,0.554768851334521
"US-Tw1",2019,8,"Freshwater","WUE_ET_minus_WUE_E",0.508878346467323,-0.259628003409107,-1.66131064598602,-2.42841907355628,0.767108427570258
"US-Tw1",2019,9,"Freshwater","WUE_ET_minus_WUE_E",0.481868047354848,-0.415224279953718,-1.47439310344398,-2.04929658249596,0.574903479051978
"US-Tw1",2019,10,"Freshwater","WUE_ET_minus_WUE_E",0.395406488102381,-0.913297130902309,-0.896724700166994,-1.06937025148436,0.172645551317371
"US-Tw1",2020,6,"Freshwater","WUE_ET_minus_WUE_E",0.445038965937879,-0.627382905564484,-1.26113150620705,-1.60222953795472,0.341098031747667
"US-Tw1",2020,7,"Freshwater","WUE_ET_minus_WUE_E",0.634337154220238,0.463093476452736,-2.89346702162265,-3.8283750316058,0.934908009983143
"US-Tw1",2020,8,"Freshwater","WUE_ET_minus_WUE_E",0.599612455922513,0.263057418474935,-2.72412574266428,-3.45846941249751,0.73434366983324
"US-Tw1",2020,9,"Freshwater","WUE_ET_minus_WUE_E",0.518319339864347,-0.205241955578164,-1.90494001668938,-2.46310641024106,0.558166393551673
"US-Tw1",2020,10,"Freshwater","WUE_ET_minus_WUE_E",0.421251487785389,-0.76441371049934,-0.996060676915198,-1.36277314972481,0.366712472809614
"US-Tw1",2021,6,"Freshwater","WUE_ET_minus_WUE_E",0.448278342840601,-0.608722061332835,-1.22902807448665,-1.639004255827,0.40997618134035
"US-Tw1",2021,7,"Freshwater","WUE_ET_minus_WUE_E",0.651773713155207,0.563539000389149,-3.18540694359068,-4.02632190680827,0.840914963217591
"US-Tw1",2021,8,"Freshwater","WUE_ET_minus_WUE_E",0.687422560631907,0.768898737702062,-4.39347496431864,-4.4553252659519,0.0618503016332577
"US-Tw1",2021,9,"Freshwater","WUE_ET_minus_WUE_E",0.595832623819173,0.241283213058166,-2.88941852810951,-3.34306858642297,0.453650058313464
"US-Tw1",2021,10,"Freshwater","WUE_ET_minus_WUE_E",0.485787841084296,-0.392643807720316,-1.59875572360549,-2.09541595614814,0.496660232542644
"US-Tw1",2022,6,"Freshwater","WUE_ET_minus_WUE_E",0.264923500671322,-1.66496103925615,-0.478358299809173,0.44251413297976,-0.920872432788933
"US-Tw1",2022,7,"Freshwater","WUE_ET_minus_WUE_E",0.606587068786307,0.30323556635206,-2.61562764748581,-3.51334482875815,0.897717181272343
"US-Tw1",2022,8,"Freshwater","WUE_ET_minus_WUE_E",0.703866333103585,0.86362518846388,-4.14513820578984,-4.64200162735147,0.496863421561628
"US-Tw1",2022,9,"Freshwater","WUE_ET_minus_WUE_E",0.632774570676561,0.454092014448427,-3.08883164566552,-3.76244852093805,0.673616875272528
"US-Tw1",2022,10,"Freshwater","WUE_ET_minus_WUE_E",0.595792854324838,0.241054115808526,-3.05479410833447,-3.34423739556079,0.289443287226322
"US-Tw1",2023,7,"Freshwater","WUE_ET_minus_WUE_E",0.539711546768744,-0.0820094164813083,-1.81228545738098,-2.75414683216479,0.941861374783805
"US-Tw1",2023,8,"Freshwater","WUE_ET_minus_WUE_E",0.646501215761881,0.533166105995181,-3.44992339533339,-3.99076959437044,0.540846199037049
"US-Tw1",2023,9,"Freshwater","WUE_ET_minus_WUE_E",0.60264587449997,0.280531813478419,-3.28423878499278,-3.42041536609807,0.136176581105286
"US-Tw1",2023,10,"Freshwater","WUE_ET_minus_WUE_E",0.397772640497716,-0.89966660793334,-1.33163613939547,-1.09623177127484,-0.235404368120625
"US-Tw2",2012,7,"Upland","WUE_ET_minus_WUE_E",0.571010697182399,0.0982933355576358,-3.33536279744903,-7.0173631673198,3.68200036987077
"US-Tw2",2012,8,"Upland","WUE_ET_minus_WUE_E",0.64637078186242,0.532414724864349,-6.54595664327607,-7.98714688906718,1.4411902457911
"US-Tw2",2012,9,"Upland","WUE_ET_minus_WUE_E",0.426628485033906,-0.733438831347653,-2.12122479675507,-5.15773181354611,3.03650701679104
"US-Tw2",2013,5,"Upland","WUE_ET_minus_WUE_E",0.242286368758854,-1.7953651278063,-2.71534008007985,-2.87805974203457,0.162719661954723
"US-Tw3",2013,6,"Freshwater","WUE_ET_minus_WUE_E",0.579128752938961,0.145058432206238,-3.25718520669789,-3.43959719965727,0.182411992959381
"US-Tw3",2013,7,"Freshwater","WUE_ET_minus_WUE_E",0.66771306080047,0.655359647536575,-5.03938852340129,-4.52239795463742,-0.516990568763869
"US-Tw3",2013,8,"Freshwater","WUE_ET_minus_WUE_E",0.537358396656201,-0.0955650381401962,-2.65178309871915,-3.06686225303167,0.415079154312528
"US-Tw3",2013,9,"Freshwater","WUE_ET_minus_WUE_E",0.600315846731037,0.267109391032007,-4.29857434816197,-3.70909006893544,-0.589484279226533
"US-Tw3",2014,3,"Freshwater","WUE_ET_minus_WUE_E",0.575688151393071,0.12523840772651,-3.93337748623591,-3.44875499072448,-0.484622495511438
"US-Tw3",2014,4,"Freshwater","WUE_ET_minus_WUE_E",0.673925582761686,0.691147673470365,-7.01701100895197,-4.55210182354643,-2.46490918540554
"US-Tw3",2014,5,"Freshwater","WUE_ET_minus_WUE_E",0.596219210363706,0.243510194204914,-3.45914125928543,-3.69569903771598,0.236557778430555
"US-Tw3",2014,6,"Freshwater","WUE_ET_minus_WUE_E",0.596368380678799,0.244369508850145,-3.4287276069433,-3.63530843221652,0.206580825273218
"US-Tw3",2014,7,"Freshwater","WUE_ET_minus_WUE_E",0.637446220342442,0.48100364879594,-4.95839047831833,-4.17879652999491,-0.77959394832342
"US-Tw3",2014,8,"Freshwater","WUE_ET_minus_WUE_E",0.58222850772127,0.162914965387164,-3.80490532507826,-3.57624591688667,-0.228659408191583
"US-Tw3",2014,9,"Freshwater","WUE_ET_minus_WUE_E",0.480736312679184,-0.421743782045729,-1.81134645282307,-2.35157479358712,0.540228340764048
"US-Tw3",2015,3,"Freshwater","WUE_ET_minus_WUE_E",0.572949902577057,0.109464375819262,-2.62739021163438,-3.41766928174495,0.790279070110567
"US-Tw3",2015,4,"Freshwater","WUE_ET_minus_WUE_E",0.610847461578784,0.32777810297361,-3.33168358260126,-3.83601345838412,0.504329875782857
"US-Tw3",2015,5,"Freshwater","WUE_ET_minus_WUE_E",0.719637156808222,0.954475031935236,-8.5188555896642,-5.09678952430293,-3.42206606536127
"US-Tw3",2015,6,"Freshwater","WUE_ET_minus_WUE_E",0.649697644525728,0.551579541989491,-4.32067758751217,-4.24072382264524,-0.0799537648669295
"US-Tw3",2015,7,"Freshwater","WUE_ET_minus_WUE_E",0.612823478937812,0.339161203255911,-3.81265584026955,-3.89926920249051,0.0866133622209517
"US-Tw3",2015,8,"Freshwater","WUE_ET_minus_WUE_E",0.590410603498916,0.210048972753455,-3.61795556652996,-3.66913238019821,0.0511768136682451
"US-Tw3",2015,9,"Freshwater","WUE_ET_minus_WUE_E",0.350458045947796,-1.17222837067165,-1.00212701398489,-0.872603174103529,-0.129523839881364
"US-Tw3",2016,3,"Freshwater","WUE_ET_minus_WUE_E",0.65922864678625,0.606484097370387,-3.6509220941226,-4.39714051091918,0.746218416796578
"US-Tw3",2016,4,"Freshwater","WUE_ET_minus_WUE_E",0.636654774009987,0.476444421150885,-4.1812107936831,-4.1289885156866,-0.0522222779965036
"US-Tw3",2016,5,"Freshwater","WUE_ET_minus_WUE_E",0.714229479083936,0.923323413985789,-7.29663677512952,-5.03539937779428,-2.26123739733523
"US-Tw3",2016,6,"Freshwater","WUE_ET_minus_WUE_E",0.550385652670668,-0.0205198666297399,-2.34816009188067,-3.11329389044589,0.765133798565215
"US-Tw3",2016,7,"Freshwater","WUE_ET_minus_WUE_E",0.529322813249782,-0.141855042286242,-2.0385813619188,-2.95133584523139,0.912754483312599
"US-Tw3",2016,8,"Freshwater","WUE_ET_minus_WUE_E",0.529874089153906,-0.138679347057054,-1.87352213899229,-2.98189736468076,1.10837522568847
"US-Tw3",2016,9,"Freshwater","WUE_ET_minus_WUE_E",0.646945641618663,0.535726277884706,-5.53573277294194,-4.23845037584935,-1.2972823970926
"US-Tw3",2017,3,"Freshwater","WUE_ET_minus_WUE_E",0.676202530307996,0.704264320517403,-5.4202852351237,-4.58983490754361,-0.830450327580085
"US-Tw3",2017,4,"Freshwater","WUE_ET_minus_WUE_E",0.683191344729104,0.744524278278606,-6.26268981295062,-4.65729050410324,-1.60539930884738
"US-Tw3",2017,5,"Freshwater","WUE_ET_minus_WUE_E",0.676865195812128,0.708081689758973,-5.19537032642719,-4.61122490934448,-0.58414541708271
"US-Tw3",2017,6,"Freshwater","WUE_ET_minus_WUE_E",0.555935674577908,0.011451743159235,-2.19949611816147,-3.17629998573916,0.976803867577686
"US-Tw3",2017,7,"Freshwater","WUE_ET_minus_WUE_E",0.414519864724156,-0.803192084595386,-1.2314992250586,-1.64804630229852,0.416547077239924
"US-Tw3",2017,8,"Freshwater","WUE_ET_minus_WUE_E",0.385767766356916,-0.968822218129172,-1.34990037347579,-1.34594405525943,-0.00395631821636244
"US-Tw3",2018,3,"Freshwater","WUE_ET_minus_WUE_E",0.654532220056474,0.579429731582923,-5.54061171705709,-4.34382477360864,-1.19678694344845
"US-Tw3",2018,4,"Freshwater","WUE_ET_minus_WUE_E",0.653629667601576,0.574230462934193,-3.99028044639099,-4.32169437903276,0.331413932641771
"US-Tw3",2018,5,"Freshwater","WUE_ET_minus_WUE_E",0.638218242874463,0.485450983158687,-4.80447365289029,-4.17248905563393,-0.631984597256363
"US-Tw3",2018,6,"Freshwater","WUE_ET_minus_WUE_E",0.430346937370404,-0.712018211914362,-0.9790302906082,-1.75056580369288,0.77153551308468
"US-Tw4",2014,8,"Freshwater","WUE_ET_minus_WUE_E",0.32185186135949,-1.33701794925253,-0.461553107696913,-0.277286315573153,-0.18426679212376
"US-Tw4",2014,9,"Freshwater","WUE_ET_minus_WUE_E",0.218194855300249,-1.93414736693937,-0.261253447147651,0.971960618690476,-1.23321406583813
"US-Tw4",2015,5,"Freshwater","WUE_ET_minus_WUE_E",0.440449693604111,-0.653819994772937,-0.985918408378779,-1.58428191573451,0.598363507355729
"US-Tw4",2015,6,"Freshwater","WUE_ET_minus_WUE_E",0.416366349559933,-0.792555172951175,-0.760530410072975,-1.24879399811019,0.488263588037214
"US-Tw4",2015,7,"Freshwater","WUE_ET_minus_WUE_E",0.497147631199102,-0.327204286416548,-1.19524089960524,-2.24301164081481,1.04777074120957
"US-Tw4",2015,8,"Freshwater","WUE_ET_minus_WUE_E",0.541901249414646,-0.0693953548219585,-1.93945692495688,-2.77537604292057,0.835919117963686
"US-Tw4",2015,9,"Freshwater","WUE_ET_minus_WUE_E",0.456576157744294,-0.560921439166652,-1.44578544871861,-1.73424042140469,0.288454972686085
"US-Tw4",2015,10,"Freshwater","WUE_ET_minus_WUE_E",0.376364128032389,-1.02299307729573,-1.06040369863008,-0.825261279494645,-0.235142419135433
"US-Tw4",2016,5,"Freshwater","WUE_ET_minus_WUE_E",0.529911328015725,-0.138464827839119,-1.70917036621945,-2.59988660289386,0.890716236674407
"US-Tw4",2016,6,"Freshwater","WUE_ET_minus_WUE_E",0.513826934483136,-0.231121030339041,-1.4499702022987,-2.35520600938512,0.905235807086429
"US-Tw4",2016,7,"Freshwater","WUE_ET_minus_WUE_E",0.507502427297783,-0.267554161454057,-1.40833669546134,-2.36056347766158,0.952226782200244
"US-Tw4",2016,8,"Freshwater","WUE_ET_minus_WUE_E",0.523204472667821,-0.177100524360347,-1.71701474046299,-2.56312266499232,0.846107924529323
"US-Tw4",2016,9,"Freshwater","WUE_ET_minus_WUE_E",0.408493084369141,-0.837910122292321,-1.00102176754569,-1.18838190882544,0.18736014127975
"US-Tw4",2016,10,"Freshwater","WUE_ET_minus_WUE_E",0.35711085884364,-1.13390399259532,-0.908935556608179,-0.606690374102209,-0.30224518250597
"US-Tw4",2017,5,"Freshwater","WUE_ET_minus_WUE_E",0.358116215177394,-1.12811250907708,-0.590420941809629,-0.649598940733416,0.0591779989237873
"US-Tw4",2017,6,"Freshwater","WUE_ET_minus_WUE_E",0.516826075781184,-0.213844093979908,-1.21555136792627,-2.38925347542779,1.17370210750152
"US-Tw4",2017,7,"Freshwater","WUE_ET_minus_WUE_E",0.561916490356084,0.0459049960428215,-1.71026460060891,-2.97829394785542,1.26802934724651
"US-Tw4",2017,8,"Freshwater","WUE_ET_minus_WUE_E",0.611483643670839,0.331442911138669,-2.77909465310822,-3.56530354888602,0.786208895777798
"US-Tw4",2017,9,"Freshwater","WUE_ET_minus_WUE_E",0.502559903789339,-0.296026199155145,-1.65642645588418,-2.25626652034247,0.599840064458293
"US-Tw4",2017,10,"Freshwater","WUE_ET_minus_WUE_E",0.384000753427614,-0.979001321709651,-0.947284926940819,-0.911955342223102,-0.0353295847177165
"US-Tw4",2018,5,"Freshwater","WUE_ET_minus_WUE_E",0.41248366316108,-0.814921883669052,-1.28350371496068,-1.26680021773083,-0.016703497229855
"US-Tw4",2018,6,"Freshwater","WUE_ET_minus_WUE_E",0.551686086945255,-0.0130285489596119,-2.00841091233576,-2.78499843320224,0.776587520866487
"US-Tw4",2018,7,"Freshwater","WUE_ET_minus_WUE_E",0.633169677630969,0.456368078504095,-3.2304277195909,-3.78718897249205,0.556761252901144
"US-Tw4",2018,8,"Freshwater","WUE_ET_minus_WUE_E",0.594163329029874,0.231667027299222,-3.63327936387637,-3.36867632596381,-0.264603037912563
"US-Tw4",2018,9,"Freshwater","WUE_ET_minus_WUE_E",0.488788377768442,-0.375358833061408,-1.96718942333888,-2.09992658235511,0.132737159016226
"US-Tw4",2018,10,"Freshwater","WUE_ET_minus_WUE_E",0.486518327108643,-0.388435749713151,-1.85869293197575,-2.07577633690348,0.217083404927734
"US-Tw4",2019,5,"Freshwater","WUE_ET_minus_WUE_E",0.351845574522677,-1.16423533516502,-1.01852606481524,-0.578412089718372,-0.440113975096868
"US-Tw4",2019,6,"Freshwater","WUE_ET_minus_WUE_E",0.411366423487215,-0.821357885452571,-1.00486397664836,-1.19203281340458,0.187168836756225
"US-Tw4",2019,7,"Freshwater","WUE_ET_minus_WUE_E",0.516598647731498,-0.215154222296723,-1.84033030247955,-2.4638274540988,0.623497151619249
"US-Tw4",2019,8,"Freshwater","WUE_ET_minus_WUE_E",0.540178677376841,-0.0793184509730264,-2.0363114656723,-2.75582070786471,0.719509242192412
"US-Tw4",2019,9,"Freshwater","WUE_ET_minus_WUE_E",0.529049338059846,-0.143430431033485,-2.13870518927898,-2.55698530088191,0.418280111602935
"US-Tw4",2019,10,"Freshwater","WUE_ET_minus_WUE_E",0.441652973247947,-0.646888348757351,-1.38738298598172,-1.5664466787582,0.179063692776478
"US-Tw4",2020,5,"Freshwater","WUE_ET_minus_WUE_E",0.42770757210181,-0.727222612521858,-1.446900005781,-1.43962819453655,-0.00727181124444698
"US-Tw4",2020,6,"Freshwater","WUE_ET_minus_WUE_E",0.549246800567753,-0.0270803695701464,-2.2683700871289,-2.75730666684218,0.48893657971328
"US-Tw4",2020,7,"Freshwater","WUE_ET_minus_WUE_E",0.50998350681595,-0.253261586120835,-2.03734869835028,-2.38872969667198,0.351380998321703
"US-Tw4",2020,8,"Freshwater","WUE_ET_minus_WUE_E",0.303089238717157,-1.44510243247879,-0.776796865218565,-0.064285428385227,-0.712511436833338
"US-Tw4",2021,5,"Freshwater","WUE_ET_minus_WUE_E",0.39323624397732,-0.925799099268009,-1.17465444021748,-1.04829572396306,-0.126358716254429
"US-Tw4",2021,6,"Freshwater","WUE_ET_minus_WUE_E",0.548464119244336,-0.0315891052615796,-2.26630156713364,-2.74842135163592,0.482119784502278
"US-Tw4",2021,7,"Freshwater","WUE_ET_minus_WUE_E",0.616199811261217,0.358610996674023,-3.07519554661426,-3.59454018020315,0.519344633588892
"US-Tw4",2021,8,"Freshwater","WUE_ET_minus_WUE_E",0.617626467820031,0.366829433927718,-3.72612660226224,-3.63503937519131,-0.0910872270709295
"US-Tw4",2021,9,"Freshwater","WUE_ET_minus_WUE_E",0.529130594681034,-0.142962341892788,-2.32923467688408,-2.55790775893764,0.22867308205356
"US-Tw4",2021,10,"Freshwater","WUE_ET_minus_WUE_E",0.438096254947317,-0.667377278627826,-1.4096661905115,-1.52606937287974,0.116403182368236
"US-Tw4",2022,5,"Freshwater","WUE_ET_minus_WUE_E",0.274241784075512,-1.61128187800578,-0.497985886965797,0.302577552800847,-0.800563439766644
"US-Tw4",2022,6,"Freshwater","WUE_ET_minus_WUE_E",0.49255019314615,-0.353688415292904,-1.69371378991307,-2.11366382908135,0.419950039168287
"US-Tw4",2022,7,"Freshwater","WUE_ET_minus_WUE_E",0.657232850631094,0.594987058807755,-4.03053987539322,-4.06036385295992,0.0298239775666964
"US-Tw4",2022,8,"Freshwater","WUE_ET_minus_WUE_E",0.659000488335095,0.605169761482653,-3.99113640109123,-4.10473400393454,0.113597602843305
"US-Tw4",2022,9,"Freshwater","WUE_ET_minus_WUE_E",0.581953465796702,0.161330551265044,-2.93798976439102,-3.15757437409755,0.219584609706531
"US-Tw4",2022,10,"Freshwater","WUE_ET_minus_WUE_E",0.544709902638881,-0.0532157493323558,-2.89622867969982,-2.73639065778409,-0.159838021915733
"US-Tw4",2023,6,"Freshwater","WUE_ET_minus_WUE_E",0.331841258292966,-1.2794727528331,-0.98168222985135,-0.289230947000095,-0.692451282851255
"US-Tw4",2023,7,"Freshwater","WUE_ET_minus_WUE_E",0.515851069976407,-0.219460739401009,-1.87133607781674,-2.45534064880981,0.584004570993068
"US-Tw4",2023,8,"Freshwater","WUE_ET_minus_WUE_E",0.581244837487852,0.157248407418657,-2.87937343287835,-3.22202038068183,0.342646947803474
"US-Tw4",2023,9,"Freshwater","WUE_ET_minus_WUE_E",0.60007794759381,0.265738942678527,-3.86215277794124,-3.36333082809643,-0.498821949844813
"US-Tw4",2023,10,"Freshwater","WUE_ET_minus_WUE_E",0.459869474222607,-0.541949869123145,-1.90419331026981,-1.77324777170923,-0.130945538560572
"US-Tw4",2024,5,"Freshwater","WUE_ET_minus_WUE_E",0.244705283075024,-1.78143066305605,-0.439837643324615,0.637887868286078,-1.07772551161069
"US-Tw4",2024,6,"Freshwater","WUE_ET_minus_WUE_E",0.498637159392145,-0.318623669086814,-1.41404752196301,-2.18276553385873,0.768718011895723
"US-Tw4",2024,7,"Freshwater","WUE_ET_minus_WUE_E",0.566171916532125,0.0704189218362805,-2.42863582660988,-3.02660326836663,0.597967441756745
"US-Tw4",2024,8,"Freshwater","WUE_ET_minus_WUE_E",0.613532776956054,0.343247205048761,-3.18360412755933,-3.58856613941174,0.40496201185241
"US-Tw4",2024,9,"Freshwater","WUE_ET_minus_WUE_E",0.56792647234582,0.0805262646118588,-2.7123495069406,-2.99833426643394,0.285984759493341
"US-Tw4",2024,10,"Freshwater","WUE_ET_minus_WUE_E",0.413159817922776,-0.81102680783706,-1.31496154450542,-1.24298084571674,-0.0719806987886749
"US-Tw5",2018,5,"Freshwater","WUE_ET_minus_WUE_E",0.294955931056296,-1.49195538966937,-0.303370758077742,0.144197141099547,-0.447567899177289
"US-Tw5",2018,6,"Freshwater","WUE_ET_minus_WUE_E",0.556354874747603,0.0138665992576313,-1.03685923483277,-2.76122543248321,1.72436619765044
"US-Tw5",2018,7,"Freshwater","WUE_ET_minus_WUE_E",0.598067023618998,0.254154758379339,-1.75471040349691,-3.31191446515105,1.55720406165414
"US-Tw5",2018,8,"Freshwater","WUE_ET_minus_WUE_E",0.608541488549129,0.314494250923971,-2.76992837160148,-3.45512804324728,0.685199671645799
"US-Tw5",2018,9,"Freshwater","WUE_ET_minus_WUE_E",0.589292535268709,0.20360819796534,-2.67651201330248,-3.16411549180011,0.487603478497632
"US-Tw5",2019,4,"Freshwater","WUE_ET_minus_WUE_E",0.284441702191429,-1.55252394743686,-0.587944687753857,0.289310331763837,-0.877255019517694
"US-Tw5",2019,5,"Freshwater","WUE_ET_minus_WUE_E",0.38662911979348,-0.963860281685587,-1.25610732768732,-0.896514005982306,-0.359593321705016
"US-Tw5",2019,6,"Freshwater","WUE_ET_minus_WUE_E",0.437532435175135,-0.670625234410488,-1.0800621233979,-1.41230500013036,0.332242876732459
"US-Tw5",2019,7,"Freshwater","WUE_ET_minus_WUE_E",0.503973096091565,-0.287885324470556,-1.80490733630193,-2.24372211142756,0.438814775125635
"US-Tw5",2019,8,"Freshwater","WUE_ET_minus_WUE_E",0.527080840861148,-0.154770210472075,-2.15533420172098,-2.53035379610689,0.375019594385907
"US-Tw5",2019,9,"Freshwater","WUE_ET_minus_WUE_E",0.5377515441616,-0.0933002617407168,-2.46182692069978,-2.57900129739162,0.117174376691842
"US-Twt",2009,6,"Upland","WUE_ET_minus_WUE_E",0.458471089108399,-0.550005445110661,-0.859627487195773,-2.35469683462741,1.49506934743163
"US-Twt",2009,7,"Upland","WUE_ET_minus_WUE_E",0.622390246145122,0.394271787179024,-2.47954360346162,-4.48841044412007,2.00886684065844
"US-Twt",2009,8,"Upland","WUE_ET_minus_WUE_E",0.62329801347309,0.399501096769879,-2.95058094288611,-4.52410266048541,1.57352171759931
"US-Twt",2009,9,"Upland","WUE_ET_minus_WUE_E",0.571933843928225,0.103611240248608,-1.72388451089795,-3.80718836373902,2.08330385284106
"US-Twt",2010,6,"Upland","WUE_ET_minus_WUE_E",0.51704167273687,-0.212602120190601,-0.809135475274759,-3.08953339282237,2.28039791754761
"US-Twt",2010,7,"Upland","WUE_ET_minus_WUE_E",0.632711490665524,0.453728633991182,-3.04681811580361,-4.61790254288027,1.57108442707667
"US-Twt",2010,8,"Upland","WUE_ET_minus_WUE_E",0.683022233643162,0.743550092276981,-5.58307134462207,-5.27341294001148,-0.309658404610592
"US-Twt",2010,9,"Upland","WUE_ET_minus_WUE_E",0.655011182600143,0.582188856466691,-4.43115067482705,-4.84949086154092,0.418340186713872
"US-Twt",2011,6,"Upland","WUE_ET_minus_WUE_E",0.657725543180612,0.597825277143175,-2.41502332696867,-4.85457728936592,2.43955396239725
"US-Twt",2011,7,"Upland","WUE_ET_minus_WUE_E",0.629891882301277,0.43748592001886,-3.44945601642575,-4.58252725416907,1.13307123774333
"US-Twt",2011,8,"Upland","WUE_ET_minus_WUE_E",0.689750314102578,0.782308058762966,-5.38017523420238,-5.35782458800559,-0.0223506461967817
"US-Twt",2011,9,"Upland","WUE_ET_minus_WUE_E",0.594012669752328,0.230799135295676,-2.61876001809994,-4.08419308816665,1.46543307006671
"US-Twt",2012,6,"Upland","WUE_ET_minus_WUE_E",0.641947537286899,0.506934059754671,-0.571994791737278,-4.65662372927062,4.08462893753334
"US-Twt",2012,7,"Upland","WUE_ET_minus_WUE_E",0.566230113691311,0.070754174002025,-1.30338455147279,-3.78381581856692,2.48043126709414
"US-Twt",2012,8,"Upland","WUE_ET_minus_WUE_E",0.627433617034329,0.423324769092566,-3.5667443300629,-4.57598864998275,1.00924431991985
"US-Twt",2012,9,"Upland","WUE_ET_minus_WUE_E",0.631325739279309,0.445745836206766,-3.42909150129928,-4.55232923925612,1.12323773795685
"US-Twt",2013,6,"Upland","WUE_ET_minus_WUE_E",0.498997707496293,-0.316546685700329,-2.48723153766971,-2.86315071926592,0.375919181596206
"US-Twt",2013,7,"Upland","WUE_ET_minus_WUE_E",0.638659463790351,0.487992692577006,-4.84880701062942,-4.69252683085065,-0.156280179778766
"US-Twt",2013,8,"Upland","WUE_ET_minus_WUE_E",0.650995106710422,0.559053738556331,-4.12407164407603,-4.87159512864366,0.747523484567634
"US-Twt",2013,9,"Upland","WUE_ET_minus_WUE_E",0.562646803024426,0.0501120554105863,-1.61854045893827,-3.69067156040899,2.07213110147072
"US-Twt",2014,6,"Upland","WUE_ET_minus_WUE_E",0.572155792922004,0.104889805764341,-2.17861283055343,-3.78100456957706,1.60239173902363
"US-Twt",2014,7,"Upland","WUE_ET_minus_WUE_E",0.609035516999562,0.317340164887175,-3.50032473369949,-4.32085972850489,0.820534994805397
"US-Twt",2014,8,"Upland","WUE_ET_minus_WUE_E",0.656031849182698,0.588068536627863,-4.05827104134097,-4.93478696102011,0.876515919679147
"US-Twt",2014,9,"Upland","WUE_ET_minus_WUE_E",0.584369967194049,0.175251116088352,-1.86456013667564,-3.96321409289881,2.09865395622317
"US-Twt",2015,6,"Upland","WUE_ET_minus_WUE_E",0.512856528866657,-0.23671117578813,-0.668644079811451,-3.0370258621369,2.36838178232545
"US-Twt",2015,7,"Upland","WUE_ET_minus_WUE_E",0.53668633222826,-0.0994365510823646,-1.65636953871824,-3.4131544841318,1.75678494541355
"US-Twt",2015,8,"Upland","WUE_ET_minus_WUE_E",0.601880965851961,0.276125459552779,-2.99099807970646,-4.25540071856115,1.26440263885469
"US-Twt",2016,7,"Upland","WUE_ET_minus_WUE_E",0.52641550608965,-0.158602956369104,-1.67736036712655,-3.28429494301146,1.6069345758849
"US-Twt",2016,8,"Upland","WUE_ET_minus_WUE_E",0.641771003824074,0.505917116203368,-4.41442426637596,-4.75586795644342,0.341443690067462
"US-Twt",2016,9,"Upland","WUE_ET_minus_WUE_E",0.563563025114843,0.0553900697399817,-2.92195287597014,-3.70216663943595,0.780213763465815
"US-Upa",1994,6,"Freshwater","WUE_ET_minus_WUE_E",0.444662249199639,-0.629553030431968,-0.302264534918782,-0.963790412043577,0.661525877124794
"US-Upa",1994,7,"Freshwater","WUE_ET_minus_WUE_E",0.332425578777951,-1.27610670007693,-0.5195433667271,0.233209869093532,-0.752753235820632
"US-Upa",1994,8,"Freshwater","WUE_ET_minus_WUE_E",0.363240478576307,-1.09859353553352,-0.490436656295791,-0.140916559264091,-0.3495200970317
"US-Wpp",2015,4,"Upland","WUE_ET_minus_WUE_E",0.699030581290308,0.835768222744745,-9.00984659788214,-6.06911400480565,-2.94073259307649
"US-Wpp",2015,5,"Upland","WUE_ET_minus_WUE_E",0.73526111982278,1.04447886565113,-11.7830152198613,-6.54941994543614,-5.23359527442517
"US-Wpp",2015,6,"Upland","WUE_ET_minus_WUE_E",0.636542324888895,0.475796643632029,-4.72147347546697,-5.2487930152705,0.527319539803536
"US-Wpp",2015,7,"Upland","WUE_ET_minus_WUE_E",0.30899394822876,-1.41108759946057,-1.02050143726419,-1.21647090250998,0.195969465245794
"US-Wpp",2015,8,"Upland","WUE_ET_minus_WUE_E",0.303974040839823,-1.44000541688513,-0.993137621241101,-1.17779349820192,0.184655876960818
"US-xBA",2017,8,"Freshwater","WUE_ET_minus_WUE_E",0.512794400326822,-0.237069075174036,-1.44863994159035,-2.74218230554248,1.29354236395213
"US-xBA",2018,7,"Freshwater","WUE_ET_minus_WUE_E",0.420144794663103,-0.77078895752597,-0.459187249958682,-1.66608326603133,1.20689601607265
"US-xBA",2019,6,"Freshwater","WUE_ET_minus_WUE_E",0.47604861275514,-0.448747875954592,-0.31593624143557,-2.22357020445646,1.90763396302089
"US-xBA",2019,7,"Freshwater","WUE_ET_minus_WUE_E",0.591900978707088,0.218634469421978,-1.38334462969548,-3.61592899276031,2.23258436306483
"US-xBA",2019,8,"Freshwater","WUE_ET_minus_WUE_E",0.358928046009926,-1.12343585391676,-1.44349940833057,-0.995429167528339,-0.44807024080223
"US-xBA",2020,6,"Freshwater","WUE_ET_minus_WUE_E",0.483960719730127,-0.403169173556512,-1.08086271094792,-2.313391645591,1.23252893464308
"US-xBA",2020,7,"Freshwater","WUE_ET_minus_WUE_E",0.645295534009249,0.52622062232519,-3.30330815246275,-4.22208559821826,0.918777445755509
"US-xBA",2020,8,"Freshwater","WUE_ET_minus_WUE_E",0.674893113152759,0.696721255816414,-4.02121567370384,-4.58239250974089,0.561176836037048
"US-xBA",2021,6,"Freshwater","WUE_ET_minus_WUE_E",0.66359289009183,0.631624878131656,-4.09731000806658,-4.35264875713187,0.255338749065287
"US-xBA",2021,7,"Freshwater","WUE_ET_minus_WUE_E",0.644409018662598,0.521113737486036,-4.50457375149573,-4.2120215171491,-0.292552234346622
"US-xBA",2021,8,"Freshwater","WUE_ET_minus_WUE_E",0.372328598414851,-1.04624026088891,-2.17624525570828,-1.14755766286019,-1.0286875928481
"US-xBA",2022,6,"Freshwater","WUE_ET_minus_WUE_E",0.549559164075301,-0.0252809597042806,-1.82439767585827,-3.05809173949709,1.23369406363882
"US-xBA",2022,7,"Freshwater","WUE_ET_minus_WUE_E",0.560111464713933,0.0355069153767474,-3.99751158742414,-3.25504156178158,-0.742470025642566
"US-xBA",2023,8,"Freshwater","WUE_ET_minus_WUE_E",0.592003778408681,0.219226660227831,-5.21881662283388,-3.64139922881915,-1.57741739401473
"US-xBA",2024,5,"Freshwater","WUE_ET_minus_WUE_E",0.638539923804934,0.487304067228888,-5.56033720439553,-4.13032138991184,-1.43001581448369
"US-xBA",2024,6,"Freshwater","WUE_ET_minus_WUE_E",0.527783627750841,-0.150721716866537,-2.94750133885594,-2.81088703658748,-0.136614302268456
"US-xBA",2024,7,"Freshwater","WUE_ET_minus_WUE_E",0.596776632624515,0.246721296306516,-4.14274508583067,-3.67127938965472,-0.471465696175954
"US-xBA",2024,8,"Freshwater","WUE_ET_minus_WUE_E",0.462031635850051,-0.529494461016887,-2.69877493242831,-2.1659028548612,-0.532872077567109
"US-xSB",2018,4,"Upland","WUE_ET_minus_WUE_E",0.253412167497722,-1.73127354369818,-0.889805949802887,-0.0315729993110666,-0.85823295049182
"US-xSB",2018,5,"Upland","WUE_ET_minus_WUE_E",0.225596488160293,-1.89150931585458,-0.744437802721141,0.29165586181934,-1.03609366454048
"US-xSB",2018,6,"Upland","WUE_ET_minus_WUE_E",0.411358162418931,-0.821405474391142,-1.25440296319567,-1.97685782271613,0.72245485952046
"US-xSB",2018,7,"Upland","WUE_ET_minus_WUE_E",0.387881069384063,-0.956648266227887,-1.14299909373281,-1.75946603270049,0.616466938967678
"US-xSB",2018,8,"Upland","WUE_ET_minus_WUE_E",0.299545342379705,-1.46551749979335,-0.700732131111566,-0.675494107891362,-0.0252380232202041
"US-xSB",2019,4,"Upland","WUE_ET_minus_WUE_E",0.381568066536204,-0.993015125137968,-0.634245879815465,-1.63943882423077,1.0051929444153
"US-xSB",2019,5,"Upland","WUE_ET_minus_WUE_E",0.312417512221863,-1.39136572197891,-0.863958394141948,-0.797615553078327,-0.0663428410636208
"US-xSB",2019,9,"Upland","WUE_ET_minus_WUE_E",0.269092104161041,-1.64094726663223,-0.693379579012229,-0.220931931483544,-0.472447647528685
"US-xSB",2019,10,"Upland","WUE_ET_minus_WUE_E",0.268964145083692,-1.64168439123432,-0.782543357768535,-0.220946823553062,-0.561596534215472
"US-xSB",2020,4,"Upland","WUE_ET_minus_WUE_E",0.369166251092764,-1.06445736638665,-1.22485651733357,-1.4838435268775,0.258987009543927
"US-xSB",2020,5,"Upland","WUE_ET_minus_WUE_E",0.30406107944247,-1.43950401990203,-1.01373002618193,-0.692774318417796,-0.320955707764135
"US-xSB",2020,6,"Upland","WUE_ET_minus_WUE_E",0.419391073205383,-0.775130866213637,-1.80469289818643,-2.07764009512864,0.272947196942204
"US-xSB",2020,7,"Upland","WUE_ET_minus_WUE_E",0.426568611456998,-0.733783740731717,-1.36312880337528,-2.24484655139621,0.881717748020927
"US-xSB",2020,8,"Upland","WUE_ET_minus_WUE_E",0.426324911624014,-0.735187604733702,-1.29125987518969,-2.26609226385106,0.97483238866137
"US-xSB",2020,9,"Upland","WUE_ET_minus_WUE_E",0.508179077665565,-0.26365623061993,-2.04862790834851,-3.22055798666791,1.1719300783194
"US-xSB",2020,10,"Upland","WUE_ET_minus_WUE_E",0.436703720055017,-0.675399153665127,-1.63446014884999,-2.32543621582025,0.690976066970263
"US-xSB",2021,3,"Upland","WUE_ET_minus_WUE_E",0.253929714496205,-1.72829214813624,-0.714172965967536,-0.0499504862205144,-0.664222479747022
"US-xSB",2021,4,"Upland","WUE_ET_minus_WUE_E",0.333003668987945,-1.27277653761529,-1.0330220698175,-1.03014158772812,-0.00288048208937974
"US-xSB",2021,6,"Upland","WUE_ET_minus_WUE_E",0.249383211132841,-1.7544828612302,-0.899169411733759,0.0553076150038836,-0.954477026737643
"US-xSB",2021,7,"Upland","WUE_ET_minus_WUE_E",0.364421414094637,-1.09179060570568,-1.83234826439569,-1.46513718566911,-0.367211078726583
"US-xSB",2021,8,"Upland","WUE_ET_minus_WUE_E",0.371143199103148,-1.0530689049684,-1.76533308930692,-1.5737730620935,-0.191560027213426
"US-xSB",2021,9,"Upland","WUE_ET_minus_WUE_E",0.304601348282282,-1.43639173227213,-1.03764002042341,-0.666436980565445,-0.371203039857964
"US-xSB",2021,10,"Upland","WUE_ET_minus_WUE_E",0.258247519757567,-1.70341887965761,-0.786870525584348,-0.0864942095912855,-0.700376315993062
"US-xSB",2022,3,"Upland","WUE_ET_minus_WUE_E",0.24538239167993,-1.77753009248847,-0.5921946530161,0.0572856874863135,-0.649480340502414
"US-xSB",2022,4,"Upland","WUE_ET_minus_WUE_E",0.279163158876127,-1.58293167013627,-0.683482071017841,-0.35464934074976,-0.328832730268081
"US-xSB",2022,9,"Upland","WUE_ET_minus_WUE_E",0.279282479574307,-1.58224430802029,-1.15918788155453,-0.34878212404605,-0.810405757508482
"US-xSB",2022,10,"Upland","WUE_ET_minus_WUE_E",0.195798908729212,-2.06316207653715,-0.568949645139581,0.696996743533275,-1.26594638867286
"US-xSB",2023,3,"Upland","WUE_ET_minus_WUE_E",0.23156829421056,-1.85710796465892,-0.549181716811875,0.230599716647305,-0.77978143345918
"US-xSB",2023,4,"Upland","WUE_ET_minus_WUE_E",0.305535584636027,-1.43100994447888,-1.01651434984067,-0.685522304208457,-0.33099204563221
"US-xSB",2023,5,"Upland","WUE_ET_minus_WUE_E",0.348993529110098,-1.18066490689562,-1.42783040235374,-1.25650451572078,-0.171325886632965
"US-xSB",2023,6,"Upland","WUE_ET_minus_WUE_E",0.377413943717411,-1.01694548000822,-1.43096746754892,-1.55098785018069,0.120020382631764
"US-xSB",2023,7,"Upland","WUE_ET_minus_WUE_E",0.37275187243517,-1.04380193685387,-1.28399391419872,-1.56965254057789,0.285658626379162
"US-xSB",2023,8,"Upland","WUE_ET_minus_WUE_E",0.405035795908048,-0.857826273877563,-1.64830810824973,-1.99899537748624,0.350687269236502
"US-xSB",2023,9,"Upland","WUE_ET_minus_WUE_E",0.394238520811978,-0.920025355597481,-1.43106783075488,-1.79104027572592,0.359972444971037
"US-xSB",2023,10,"Upland","WUE_ET_minus_WUE_E",0.175774197834071,-2.17851698027929,-0.600450949380876,0.948230190793682,-1.54868114017456
"US-xSB",2024,3,"Upland","WUE_ET_minus_WUE_E",0.18864567717648,-2.10436918017683,-0.484142276213494,0.769114210033916,-1.25325648624741
"US-xSB",2024,4,"Upland","WUE_ET_minus_WUE_E",0.304866306531188,-1.43486540645108,-0.881215527583221,-0.677125426653759,-0.204090100929462
"US-xSB",2024,5,"Upland","WUE_ET_minus_WUE_E",0.196410884407462,-2.05963671250934,-0.62136844691405,0.657823437451067,-1.27919188436512
"US-xSB",2024,6,"Upland","WUE_ET_minus_WUE_E",0.169862062506304,-2.21257459065961,-0.373966274230891,1.05299354436229,-1.42695981859318
"US-xSB",2024,7,"Upland","WUE_ET_minus_WUE_E",0.312814940502997,-1.38907628562427,-0.887356139049026,-0.817673542909257,-0.0696825961397685
"US-xSB",2024,8,"Upland","WUE_ET_minus_WUE_E",0.379215240103514,-1.00656888219774,-1.08816075127287,-1.67504626886131,0.586885517588438
"US-xSB",2024,9,"Upland","WUE_ET_minus_WUE_E",0.365717967080678,-1.08432164669375,-1.54173476401106,-1.43321653139267,-0.108518232618382
"US-xSB",2024,10,"Upland","WUE_ET_minus_WUE_E",0.334341947035707,-1.26506721605813,-1.2222033911122,-1.04118790691864,-0.181015484193564
"US-xSE",2017,9,"Upland","WUE_ET_minus_WUE_E",0.498185595121564,-0.321224962720418,-2.50712412167549,-3.52066318926876,1.01353906759328
"US-xSE",2017,10,"Upland","WUE_ET_minus_WUE_E",0.503623390307907,-0.289899849285581,-2.15266405494105,-3.59050698611469,1.43784293117364
"US-xSE",2018,5,"Upland","WUE_ET_minus_WUE_E",0.568917825111275,0.0862370787870205,-0.273801451658874,-4.44119748554758,4.1673960338887
"US-xSE",2018,6,"Upland","WUE_ET_minus_WUE_E",0.694114956856959,0.807451140600046,-0.519033827572449,-5.94985806274201,5.43082423516956
"US-xSE",2018,7,"Upland","WUE_ET_minus_WUE_E",0.623378156031475,0.399962768209561,-0.40809625303873,-5.13953789703446,4.73144164399573
"US-xSE",2019,6,"Upland","WUE_ET_minus_WUE_E",0.588195875956182,0.197290751980881,-0.999320404389329,-4.62097916083421,3.62165875644489
"US-xSE",2019,7,"Upland","WUE_ET_minus_WUE_E",0.69436811913744,0.808909514238945,-2.25095644118611,-6.03019011395751,3.7792336727714
"US-xSE",2019,8,"Upland","WUE_ET_minus_WUE_E",0.715977307971897,0.933392005446825,-2.97156196643077,-6.32560590463564,3.35404393820487
"US-xSE",2019,9,"Upland","WUE_ET_minus_WUE_E",0.605474889795153,0.296828717277416,-2.98182864828602,-4.8667330274867,1.88490437920067
"US-xSE",2020,5,"Upland","WUE_ET_minus_WUE_E",0.596130444272305,0.242998845802295,-4.56038038514919,-4.78261165909598,0.22223127394679
"US-xSE",2020,6,"Upland","WUE_ET_minus_WUE_E",0.668479577755267,0.659775266318802,-3.40154109423668,-5.62823221269749,2.22669111846081
"US-xSE",2020,7,"Upland","WUE_ET_minus_WUE_E",0.726006254258267,0.991165030963014,-4.54289920451758,-6.42712756753267,1.88422836301509
"US-xSE",2020,8,"Upland","WUE_ET_minus_WUE_E",0.623378301504569,0.39996360622589,-3.07705128459617,-5.16384293439866,2.0867916498025
"US-xSE",2020,9,"Upland","WUE_ET_minus_WUE_E",0.643508289133467,0.515924970033922,-3.99153641961812,-5.34390655957074,1.35237013995262
"US-xSE",2020,10,"Upland","WUE_ET_minus_WUE_E",0.655164017960028,0.583069284070378,-5.83201126500795,-5.49176161517834,-0.340249649829611
"US-xSE",2021,4,"Upland","WUE_ET_minus_WUE_E",0.4133503799119,-0.809929051168941,-1.43725269439675,-2.46367030640251,1.02641761200576
"US-xSE",2021,5,"Upland","WUE_ET_minus_WUE_E",0.629313893709765,0.434156342943463,-6.78592000185039,-5.19893689034751,-1.58698311150288
"US-xSE",2021,6,"Upland","WUE_ET_minus_WUE_E",0.701640711037733,0.85080420839994,-9.11356742410855,-6.04427746165225,-3.0692899624563
"US-xSE",2021,7,"Upland","WUE_ET_minus_WUE_E",0.67966841382414,0.724229985014628,-7.73074651004234,-5.84576509734124,-1.8849814127011
"US-xSE",2021,8,"Upland","WUE_ET_minus_WUE_E",0.630916679412021,0.443389394615027,-6.38474282430782,-5.25842071274254,-1.12632211156528
"US-xSE",2021,9,"Upland","WUE_ET_minus_WUE_E",0.67614386725638,0.703926384518833,-6.52243339002755,-5.75335810362001,-0.769075286407535
"US-xSE",2021,10,"Upland","WUE_ET_minus_WUE_E",0.665309960684087,0.641516282503254,-9.36198239247235,-5.61905434762375,-3.7429280448486
"US-xSE",2022,5,"Upland","WUE_ET_minus_WUE_E",0.580857162320278,0.155015155119889,-5.6399926419614,-4.5909904518845,-1.0490021900769
"US-xSE",2022,6,"Upland","WUE_ET_minus_WUE_E",0.692538214401191,0.798368114374913,-7.23262427844093,-5.93007598225761,-1.30254829618331
"US-xSE",2022,7,"Upland","WUE_ET_minus_WUE_E",0.647548999899577,0.539202000294948,-6.79205945506103,-5.44278943759227,-1.34927001746876
"US-xSE",2022,8,"Upland","WUE_ET_minus_WUE_E",0.700782486157661,0.845860294405464,-6.5855958345353,-6.13496907173013,-0.450626762805173
"US-xSE",2022,9,"Upland","WUE_ET_minus_WUE_E",0.671525252810677,0.677320266328366,-5.6258862175923,-5.69541217696786,0.0695259593755537
"US-xSE",2022,10,"Upland","WUE_ET_minus_WUE_E",0.563303553671865,0.0538953513650037,-3.09078254453827,-4.33926452141721,1.24848197687894
"US-xSE",2023,4,"Upland","WUE_ET_minus_WUE_E",0.498490458820628,-0.319468756458858,-3.46105137374063,-3.53185229595888,0.0708009222182477
"US-xSE",2023,5,"Upland","WUE_ET_minus_WUE_E",0.651647324800417,0.562810924134901,-8.5018850626646,-5.4791359359886,-3.022749126676
"US-xSE",2023,6,"Upland","WUE_ET_minus_WUE_E",0.652294745054313,0.566540471166064,-8.58441500083488,-5.42517453390822,-3.15924046692667
"US-xSE",2023,7,"Upland","WUE_ET_minus_WUE_E",0.654130304331913,0.577114444737487,-8.27800872569764,-5.52535960845088,-2.75264911724676
"US-xSE",2023,8,"Upland","WUE_ET_minus_WUE_E",0.682648214862924,0.741395509341029,-7.1624665817463,-5.90745340297519,-1.25501317877111
"US-xSE",2023,9,"Upland","WUE_ET_minus_WUE_E",0.61327766523955,0.341777601434761,-4.8420421777642,-4.96462798254298,0.122585804778776
"US-xSE",2023,10,"Upland","WUE_ET_minus_WUE_E",0.693157794564986,0.801937285012601,-5.44842426601416,-5.96843803367392,0.520013767659762
"US-xSE",2024,4,"Upland","WUE_ET_minus_WUE_E",0.417920670383862,-0.783601309398907,-2.3864538664107,-2.52100995221638,0.134556085805678
"US-xSE",2024,5,"Upland","WUE_ET_minus_WUE_E",0.640053610202087,0.496023850977766,-4.66791218915204,-5.33367921002915,0.665767020877105
"US-xSE",2024,6,"Upland","WUE_ET_minus_WUE_E",0.6503462274418,0.555315786684562,-4.55978440777512,-5.40072809873107,0.84094369095595
"US-xSE",2024,7,"Upland","WUE_ET_minus_WUE_E",0.679542960241253,0.723507293633274,-8.05023218717621,-5.84419113523688,-2.20604105193933
"US-xSE",2024,8,"Upland","WUE_ET_minus_WUE_E",0.647530156256116,0.539093449080952,-6.95191287840195,-5.4668562342529,-1.48505664414905
"US-xSE",2024,9,"Upland","WUE_ET_minus_WUE_E",0.511863286134351,-0.242432877358639,-5.09411600651662,-3.69226583969899,-1.40185016681763
"US-xSE",2024,10,"Upland","WUE_ET_minus_WUE_E",0.62064397059863,0.384212143939845,-5.81237406170887,-5.0586671978052,-0.753706863903675
"US-A03",2015,6,"Saline","WUE_E_minus_WUE_T",0.252954658982922,-1.73390907990953,-2.40718703315508,-5.12926862481762,2.72208159166253
"US-A03",2015,8,"Saline","WUE_E_minus_WUE_T",0.211156999794576,-1.97468983212946,-6.79931361807734,-5.91250255112485,-0.886811066952499
"US-A03",2016,6,"Saline","WUE_E_minus_WUE_T",0.326760641715997,-1.30874029328629,-1.71889457975009,-3.92539582411042,2.20650124436033
"US-A03",2016,7,"Saline","WUE_E_minus_WUE_T",0.363182958953696,-1.09892488466332,-3.33293165614311,-3.4084556859273,0.0755240297841882
"US-A03",2016,8,"Saline","WUE_E_minus_WUE_T",0.303176425427435,-1.44460018230277,-4.41099135776402,-4.41154450471904,0.000553146955015293
"US-A03",2017,7,"Saline","WUE_E_minus_WUE_T",0.250778861320323,-1.74644304013727,-6.59147336136737,-5.24191458475736,-1.34955877661
"US-A03",2017,8,"Saline","WUE_E_minus_WUE_T",0.202523316955085,-2.02442526442134,-9.74053192789057,-6.05332929111943,-3.68720263677113
"US-A03",2018,7,"Saline","WUE_E_minus_WUE_T",0.187789984600124,-2.10929850651244,-8.06798123529301,-6.26934613735646,-1.79863509793655
"US-A03",2018,8,"Saline","WUE_E_minus_WUE_T",0.250235316212099,-1.74957420112965,-7.5067426264992,-5.27508373370149,-2.23165889279771
"US-A03",2019,6,"Saline","WUE_E_minus_WUE_T",0.302171321440203,-1.45039021214666,-2.2509248470738,-4.32648002855718,2.07555518148338
"US-A03",2019,7,"Saline","WUE_E_minus_WUE_T",0.331341995117861,-1.28234882209611,-3.95204838396527,-3.92782374920336,-0.0242246347619099
"US-A03",2019,8,"Saline","WUE_E_minus_WUE_T",0.241423341743245,-1.80033670511564,-11.3781819878354,-5.41881864502901,-5.95936334280634
"US-A03",2020,6,"Saline","WUE_E_minus_WUE_T",0.314167304335341,-1.38128582110664,-2.61139670622682,-4.13080974560146,1.51941303937463
"US-A03",2020,8,"Saline","WUE_E_minus_WUE_T",0.192817354833588,-2.08033769841917,-8.57689888762029,-6.21164631868376,-2.36525256893653
"US-A03",2021,6,"Saline","WUE_E_minus_WUE_T",0.266150136996973,-1.65789484409294,-1.40599052410247,-4.91403299641473,3.50804247231226
"US-A10",2012,6,"Saline","WUE_E_minus_WUE_T",0.520663599078083,-0.191737551076989,0.0906626552015606,0.165487406740254,-0.0748247515386933
"US-A10",2012,7,"Saline","WUE_E_minus_WUE_T",0.457738390695981,-0.554226247861779,-0.775719112711479,-0.938061465348175,0.162342352636696
"US-A10",2012,8,"Saline","WUE_E_minus_WUE_T",0.47526633742659,-0.453254272860758,-0.532291391943916,-0.676460777385532,0.144169385441616
"US-A10",2013,6,"Saline","WUE_E_minus_WUE_T",0.384343965905968,-0.977024202408851,-0.827518049872917,-2.0580653799195,1.23054733004658
"US-A10",2013,7,"Saline","WUE_E_minus_WUE_T",0.451071721226211,-0.59263044850133,-0.94772155761112,-1.04680362619693,0.0990820685858147
"US-A10",2013,8,"Saline","WUE_E_minus_WUE_T",0.426414096183479,-0.734673845692375,-2.0906534002254,-1.4733051836021,-0.617348216623296
"US-A10",2014,6,"Saline","WUE_E_minus_WUE_T",0.57061195440048,0.0959963268533902,0.402441110154693,0.980210877467042,-0.577769767312349
"US-A10",2014,7,"Saline","WUE_E_minus_WUE_T",0.593621410370574,0.228545235673516,1.05071625895136,1.2783695800296,-0.227653321078248
"US-A10",2014,8,"Saline","WUE_E_minus_WUE_T",0.493182222062157,-0.350047532028725,-0.178693285133583,-0.384229098940563,0.20553581380698
"US-A10",2015,6,"Saline","WUE_E_minus_WUE_T",0.590307474436156,0.209454884620549,1.42099764166505,1.30147075354629,0.119526888118758
"US-A10",2015,7,"Saline","WUE_E_minus_WUE_T",0.607317015687694,0.30744051867259,3.24285214975181,1.50176294354772,1.74108920620409
"US-A10",2015,8,"Saline","WUE_E_minus_WUE_T",0.508675476758599,-0.26079666026736,0.189756791948824,-0.131513706057962,0.321270498006786
"US-A10",2016,6,"Saline","WUE_E_minus_WUE_T",0.648791039965316,0.546356930669598,0.695347783919456,2.25541474591292,-1.56006696199346
"US-A10",2016,7,"Saline","WUE_E_minus_WUE_T",0.661600330688859,0.620146485293234,4.64844135563346,2.38719531694308,2.26124603869038
"US-A10",2016,8,"Saline","WUE_E_minus_WUE_T",0.534196372299379,-0.113780283155298,0.747922550549331,0.284765718095908,0.463156832453424
"US-A10",2017,6,"Saline","WUE_E_minus_WUE_T",0.714145392737973,0.922839023854246,4.12788568040981,3.32143032889581,0.806455351513998
"US-A10",2017,7,"Saline","WUE_E_minus_WUE_T",0.626425018554229,0.417514608776362,3.22451618085621,1.81343964068012,1.41107654017609
"US-A10",2017,8,"Saline","WUE_E_minus_WUE_T",0.451891095705129,-0.587910337202882,-1.27402470163136,-1.05774176134311,-0.216282940288251
"US-A10",2018,6,"Saline","WUE_E_minus_WUE_T",0.512749102964545,-0.237330016412721,0.0451880051016282,0.0363915496083176,0.0087964554933106
"US-A10",2018,7,"Saline","WUE_E_minus_WUE_T",0.555121734062466,0.00676293490115878,0.676410471771182,0.650389145015455,0.0260213267557265
"US-A10",2019,6,"Saline","WUE_E_minus_WUE_T",0.439832192017384,-0.657377191502047,-1.3147260061921,-1.15297931912395,-0.161746687068153
"US-A10",2019,7,"Saline","WUE_E_minus_WUE_T",0.51434474865424,-0.228138095695103,0.407732360443307,-0.0147372012502151,0.422469561693523
"US-A10",2019,8,"Saline","WUE_E_minus_WUE_T",0.383106481781433,-0.984152887702525,-3.76363609419745,-2.17970942227602,-1.58392667192143
"US-A10",2020,6,"Saline","WUE_E_minus_WUE_T",0.488547802541507,-0.37674469737132,-0.152159690541907,-0.358363539913469,0.206203849371562
"US-A10",2020,7,"Saline","WUE_E_minus_WUE_T",0.584118448878044,0.173802212716709,1.95740773591,1.12336376013016,0.834043975779838
"US-A10",2021,6,"Saline","WUE_E_minus_WUE_T",0.482147075093919,-0.41361690503827,-0.487272902387764,-0.462767836063278,-0.024505066324486
"US-A10",2021,7,"Saline","WUE_E_minus_WUE_T",0.522364390258258,-0.18193992633714,0.584543617115195,0.116073717336337,0.468469899778859
"US-A10",2021,8,"Saline","WUE_E_minus_WUE_T",0.626406291613708,0.417406729844554,2.67012322654929,1.78883096737792,0.88129225917137
"US-A10",2022,6,"Saline","WUE_E_minus_WUE_T",0.339571399352674,-1.23494228832226,-3.37976307004631,-2.78836491791629,-0.591398152130017
"US-A10",2022,7,"Saline","WUE_E_minus_WUE_T",0.52303866060968,-0.178055705891122,0.562175427542986,0.127071954963445,0.435103472579541
"US-A10",2022,8,"Saline","WUE_E_minus_WUE_T",0.431719802338575,-0.704109647986343,-1.93578420289798,-1.38676212717041,-0.549022075727562
"US-Atq",1999,5,"Freshwater","WUE_E_minus_WUE_T",0.437312375410197,-0.671892916782275,-0.536710233201698,-0.582898342502016,0.0461881093003179
"US-Atq",1999,6,"Freshwater","WUE_E_minus_WUE_T",0.613163621081762,0.341120635503375,0.839795308146743,2.98615191722938,-2.14635660908263
"US-Atq",1999,7,"Freshwater","WUE_E_minus_WUE_T",0.560085984602099,0.0353601339393859,0.382756552597395,1.85047939743264,-1.46772284483524
"US-Atq",1999,8,"Freshwater","WUE_E_minus_WUE_T",0.453295176385155,-0.579821951181293,-0.32721054101741,-0.303531538991115,-0.0236790020262944
"US-Atq",2000,6,"Freshwater","WUE_E_minus_WUE_T",0.364258218326102,-1.09273071576615,-2.0010080690869,-1.9777187350503,-0.0232893340365952
"US-Atq",2000,7,"Freshwater","WUE_E_minus_WUE_T",0.725792928723939,0.989936141986438,1.58652513434607,5.15513983348113,-3.56861469913505
"US-Atq",2000,8,"Freshwater","WUE_E_minus_WUE_T",0.534846458425248,-0.110035379028269,0.218454086355875,1.32282936395797,-1.1043752776021
"US-Atq",2001,8,"Freshwater","WUE_E_minus_WUE_T",0.440778346215294,-0.651926749445894,-0.573694010730523,-0.553152179008857,-0.0205418317216658
"US-Atq",2002,6,"Freshwater","WUE_E_minus_WUE_T",0.406286209381596,-0.850623107418164,-1.42648113230289,-1.13956291735824,-0.286918214944643
"US-Atq",2002,7,"Freshwater","WUE_E_minus_WUE_T",0.306630850423194,-1.42470052607518,-2.23970268667472,-3.20412563842234,0.964422951747616
"US-Atq",2002,8,"Freshwater","WUE_E_minus_WUE_T",0.309497087813252,-1.40818919964636,-2.59050671191057,-3.17126805179266,0.580761339882092
"US-Atq",2003,5,"Freshwater","WUE_E_minus_WUE_T",0.661982292058579,0.62234682252996,0.269892943796314,3.89764885878071,-3.6277559149844
"US-Atq",2003,6,"Freshwater","WUE_E_minus_WUE_T",0.710295570189866,0.900661629544451,0.0766865642105156,4.9232349465188,-4.84654838230829
"US-Atq",2003,7,"Freshwater","WUE_E_minus_WUE_T",0.584815379967923,0.177816973239786,0.0924582832400881,2.34365278196352,-2.25119449872344
"US-Atq",2003,8,"Freshwater","WUE_E_minus_WUE_T",0.721331944435714,0.964238072443362,0.719365534979127,5.04187210403129,-4.32250656905217
"US-Atq",2004,5,"Freshwater","WUE_E_minus_WUE_T",0.774041190873871,1.2678764161395,0.119180585267373,6.1324170598633,-6.01323647459593
"US-Atq",2004,6,"Freshwater","WUE_E_minus_WUE_T",0.675105252264189,0.69794331025241,0.300633725514595,4.22144147614108,-3.92080775062648
"US-Atq",2004,7,"Freshwater","WUE_E_minus_WUE_T",0.591284486144797,0.215083085306958,0.382337735676597,2.47266487226913,-2.09032713659253
"US-Atq",2004,8,"Freshwater","WUE_E_minus_WUE_T",0.554508261580966,0.003228948347122,0.282310158694843,1.71494077084203,-1.43263061214719
"US-Atq",2005,6,"Freshwater","WUE_E_minus_WUE_T",0.663647179125735,0.631937617042748,0.294259697464163,3.9929354157906,-3.69867571832643
"US-Atq",2005,7,"Freshwater","WUE_E_minus_WUE_T",0.678063426021373,0.714984247861919,0.856675137177518,4.20327990962988,-3.34660477245237
"US-Atq",2006,5,"Freshwater","WUE_E_minus_WUE_T",0.585659230411346,0.182678081456706,0.214118229166884,2.37555330919257,-2.16143508002569
"US-Atq",2006,6,"Freshwater","WUE_E_minus_WUE_T",0.534575415641756,-0.111596755587634,0.125089870641068,1.41888305813628,-1.29379318749521
"US-Atq",2006,7,"Freshwater","WUE_E_minus_WUE_T",0.573467209298166,0.112444387232719,0.584137030682782,2.11733848455968,-1.5332014538769
"US-Atq",2006,8,"Freshwater","WUE_E_minus_WUE_T",0.483407993277769,-0.406353224854,-0.163213098297831,0.297002344065865,-0.460215442363696
"US-Brw",1998,7,"Upland","WUE_E_minus_WUE_T",0.553916816713061,-0.000178145326449754,1.01161138229962,2.27951202619242,-1.2679006438928
"US-Brw",1998,8,"Upland","WUE_E_minus_WUE_T",0.659668467888357,0.609017742982699,1.48596027084959,5.10669885219121,-3.62073858134162
"US-Brw",1999,6,"Upland","WUE_E_minus_WUE_T",0.719078649098032,0.951257676963889,0.601505168536377,6.81009543794492,-6.20859026940854
"US-Brw",1999,7,"Upland","WUE_E_minus_WUE_T",0.687099319239596,0.767036664392199,2.37679598008961,5.87064819286845,-3.49385221277884
"US-Brw",1999,8,"Upland","WUE_E_minus_WUE_T",0.633276328486358,0.45698245437308,2.58821838921539,4.3950605774592,-1.8068421882438
"US-Brw",2000,6,"Upland","WUE_E_minus_WUE_T",0.459503428658943,-0.544058521327054,-0.182802721722731,-0.189096981539719,0.00629425981698772
"US-Brw",2000,7,"Upland","WUE_E_minus_WUE_T",0.656983662057179,0.593551576212869,2.52636894220015,5.0586088961189,-2.53223995391874
"US-Brw",2000,8,"Upland","WUE_E_minus_WUE_T",0.466175912363539,-0.505620827045459,-0.520696918948752,-0.110639018369546,-0.410057900579206
"US-Brw",2001,6,"Upland","WUE_E_minus_WUE_T",0.424520237725813,-0.745583659133842,-0.192821668041892,-1.13238457414722,0.939562906105328
"US-Brw",2001,7,"Upland","WUE_E_minus_WUE_T",0.611830499463529,0.333441018216854,1.51543832767715,3.84109794570291,-2.32565961802575
"US-Brw",2001,8,"Upland","WUE_E_minus_WUE_T",0.637064981087044,0.478807471390963,3.25773308104686,4.4972178963201,-1.23948481527324
"US-Brw",2002,6,"Upland","WUE_E_minus_WUE_T",0.268721878067357,-1.64308000131306,-1.04393912289441,-5.33333525058318,4.28939612768877
"US-Brw",2002,7,"Upland","WUE_E_minus_WUE_T",0.685763537182724,0.759341721309235,2.40928004381115,5.83463013370731,-3.42535008989616
"US-Brw",2002,8,"Upland","WUE_E_minus_WUE_T",0.582881115073662,0.166674393361474,0.87171810804751,3.03620284404463,-2.16448473599712
"US-Brw",2003,6,"Upland","WUE_E_minus_WUE_T",0.606612462085773,0.303381847695696,0.169099181636143,3.77755449565857,-3.60845531402243
"US-Brw",2003,7,"Upland","WUE_E_minus_WUE_T",0.618456847707112,0.371612943284992,1.59145890137477,4.01977095739061,-2.42831205601584
"US-Brw",2003,8,"Upland","WUE_E_minus_WUE_T",0.558057460164428,0.0236745599267813,0.946776543937722,2.3668572224914,-1.42008067855368
"US-Brw",2004,6,"Upland","WUE_E_minus_WUE_T",0.35872146508439,-1.12462588971328,-0.914740146657252,-2.90658424507193,1.99184409841468
"US-Brw",2004,7,"Upland","WUE_E_minus_WUE_T",0.542097145650924,-0.0682668695420613,0.676246539299687,1.96080613447067,-1.28455959517098
"US-Brw",2004,8,"Upland","WUE_E_minus_WUE_T",0.424605947621433,-0.745089916337211,-1.29842783371398,-1.23153253666848,-0.0668952970454995
"US-Brw",2005,6,"Upland","WUE_E_minus_WUE_T",0.813985677594134,1.49798173175549,1.25145395851183,9.36917081225096,-8.11771685373913
"US-Brw",2005,8,"Upland","WUE_E_minus_WUE_T",0.595448783947438,0.239072054470744,1.84809316004976,3.37507776655505,-1.52698460650529
"US-Brw",2006,6,"Upland","WUE_E_minus_WUE_T",0.440930084945738,-0.651052639116112,-1.34218315611604,-0.689909063301779,-0.652274092814259
"US-Brw",2007,6,"Upland","WUE_E_minus_WUE_T",0.607828707555007,0.310388185003882,2.40301567843567,3.81034936742673,-1.40733368899107
"US-BWb",2022,5,"Upland","WUE_E_minus_WUE_T",0.545474371972362,-0.0488119261341453,1.67735719368897,1.55428679743082,0.123070396258152
"US-BWb",2022,6,"Upland","WUE_E_minus_WUE_T",0.600833443718361,0.270091074561054,1.84274710660494,3.10907417233925,-1.26632706573431
"US-BWb",2022,7,"Upland","WUE_E_minus_WUE_T",0.453197500559749,-0.580384625244185,-0.738873674353962,-0.948940745354538,0.210067071000576
"US-BWb",2022,8,"Upland","WUE_E_minus_WUE_T",0.589940733965301,0.207342229315041,1.71720940136611,2.71390384122292,-0.996694439856812
"US-BWb",2022,9,"Upland","WUE_E_minus_WUE_T",0.589016000730925,0.202015185454222,1.24649865561549,2.76145995428395,-1.51496129866847
"US-BWb",2023,4,"Upland","WUE_E_minus_WUE_T",0.51865320160882,-0.203318702373737,0.376805026100999,0.856831530163414,-0.480026504062415
"US-BWb",2023,5,"Upland","WUE_E_minus_WUE_T",0.533064553384025,-0.120300270520801,1.00888756739707,1.21966815377239,-0.210780586375326
"US-BWb",2023,6,"Upland","WUE_E_minus_WUE_T",0.398642535633576,-0.894655465940413,-1.62953569170909,-2.34280628359134,0.713270591882251
"US-BWb",2023,7,"Upland","WUE_E_minus_WUE_T",0.592856604180637,0.224139471970679,2.30724219712694,2.81683064731473,-0.509588450187787
"US-BWb",2023,8,"Upland","WUE_E_minus_WUE_T",0.625241247780487,0.410695346097722,3.50628095114382,3.6657477355716,-0.15946678442778
"US-CAK",2025,4,"Upland","WUE_E_minus_WUE_T",0.289392811794131,-1.52400244844358,-0.385545952201012,-4.82424068617518,4.43869473397417
"US-CAK",2025,6,"Upland","WUE_E_minus_WUE_T",0.78859792053832,1.35173231588437,6.83776982142332,8.67267038139355,-1.83490055997023
"US-CAK",2025,7,"Upland","WUE_E_minus_WUE_T",0.456217342467803,-0.562988440378185,-1.04311704772097,-0.366803267332272,-0.676313780388697
"US-CAK",2025,8,"Upland","WUE_E_minus_WUE_T",0.433992604097557,-0.691016883276518,-1.45789897310226,-0.99037485373119,-0.467524119371074
"US-Ced",2005,7,"Upland","WUE_E_minus_WUE_T",0.802228998179999,1.43025587897057,8.35135647941843,7.6277030732029,0.723653406215522
"US-Ced",2005,8,"Upland","WUE_E_minus_WUE_T",0.86588687049987,1.79696517991086,12.4787900380727,9.31987224468914,3.1589177933836
"US-Ced",2005,9,"Upland","WUE_E_minus_WUE_T",0.77365350530188,1.26564310390476,6.23419361664816,6.90538023315577,-0.671186616507608
"US-Ced",2005,10,"Upland","WUE_E_minus_WUE_T",0.645827230599141,0.529283528414979,2.81253143936511,3.45704923241494,-0.64451779304983
"US-Ced",2006,4,"Upland","WUE_E_minus_WUE_T",0.605479875964593,0.296857440743076,1.69822779199254,2.36337825609146,-0.665150464098915
"US-Ced",2006,5,"Upland","WUE_E_minus_WUE_T",0.754466540884372,1.15511414570529,5.14665573046824,6.35490682501771,-1.20825109454947
"US-Ced",2006,6,"Upland","WUE_E_minus_WUE_T",0.788444298384698,1.35084735585491,9.55566959634399,7.33316793392206,2.22250166242192
"US-Ced",2006,7,"Upland","WUE_E_minus_WUE_T",0.813131596247967,1.4930616871171,10.3698938187363,7.92168098689178,2.44821283184453
"US-Ced",2006,8,"Upland","WUE_E_minus_WUE_T",0.75104810840212,1.13542182894705,5.8668004051483,6.22335713135158,-0.35655672620328
"US-Ced",2006,9,"Upland","WUE_E_minus_WUE_T",0.772991817663677,1.26183136778473,7.49349591829316,6.88753847193704,0.60595744635612
"US-Ced",2006,10,"Upland","WUE_E_minus_WUE_T",0.621776539400409,0.390736451121843,2.28622630526827,2.80854582274132,-0.522319517473054
"US-Ced",2007,6,"Upland","WUE_E_minus_WUE_T",0.750277292930015,1.13098144800706,6.74407264698325,6.30403189080914,0.440040756174112
"US-Ced",2007,7,"Upland","WUE_E_minus_WUE_T",0.754290792064341,1.15410172218898,6.14160660168017,6.33509614300042,-0.193489541320257
"US-Ced",2007,8,"Upland","WUE_E_minus_WUE_T",0.790749626016849,1.36412749000983,9.20982608287117,7.29386979685561,1.91595628601556
"US-Ced",2007,9,"Upland","WUE_E_minus_WUE_T",0.75954896657402,1.18439210778304,7.56066788443709,6.52506511533609,1.035602769101
"US-Ced",2008,5,"Upland","WUE_E_minus_WUE_T",0.545645680845991,-0.0478250794959486,0.701961215417275,0.724256186876894,-0.0222949714596187
"US-Ced",2008,6,"Upland","WUE_E_minus_WUE_T",0.65008427316488,0.553806765627668,2.65717193174374,3.60242492216567,-0.94525299042193
"US-Ced",2008,7,"Upland","WUE_E_minus_WUE_T",0.735709197230936,1.04706007276856,6.1395002435453,5.83406157783697,0.305438665708322
"US-Ced",2008,8,"Upland","WUE_E_minus_WUE_T",0.655205093202905,0.583305903251202,3.40003722636629,3.63904378931472,-0.239006562948428
"US-Ced",2008,9,"Upland","WUE_E_minus_WUE_T",0.763983512921808,1.2099378781948,7.51605046877812,6.64463832856031,0.871412140217807
"US-Ced",2008,10,"Upland","WUE_E_minus_WUE_T",0.820288394469581,1.53428933700824,11.0244749465939,8.16122420563041,2.86325074096345
"US-Ced",2009,5,"Upland","WUE_E_minus_WUE_T",0.698616564305052,0.833383225042064,4.17376141794227,4.84896672780378,-0.675205309861504
"US-Ced",2009,6,"Upland","WUE_E_minus_WUE_T",0.779888828214779,1.30156247763181,10.4854454772594,7.10247803271681,3.38296744454262
"US-Ced",2009,7,"Upland","WUE_E_minus_WUE_T",0.843705803333667,1.66918831055909,11.809398042066,8.74608463414283,3.06331340792317
"US-Ced",2009,8,"Upland","WUE_E_minus_WUE_T",0.867480237079972,1.80614397152669,14.2935298244537,9.36283581906288,4.93069400539078
"US-Ced",2009,9,"Upland","WUE_E_minus_WUE_T",0.795449747728448,1.39120314121183,10.1557938719955,7.49309463250108,2.66269923949444
"US-Ced",2009,10,"Upland","WUE_E_minus_WUE_T",0.720191780237203,0.957670011008755,5.69528261205053,5.4622167180658,0.233065893984737
"US-Ced",2010,4,"Upland","WUE_E_minus_WUE_T",0.655813283115942,0.586809458895161,3.27941932893323,3.72056944400467,-0.441150115071436
"US-Ced",2010,5,"Upland","WUE_E_minus_WUE_T",0.736102375035927,1.04932502371271,6.00541091103672,5.8597350201776,0.145675890859126
"US-Ced",2010,6,"Upland","WUE_E_minus_WUE_T",0.800739673918405,1.42167643641399,8.70094413932447,7.66470073233272,1.03624340699175
"US-Ced",2010,7,"Upland","WUE_E_minus_WUE_T",0.751519600891574,1.13813792162978,6.10674134841357,6.26037367828842,-0.153632329874849
"US-Ced",2010,8,"Upland","WUE_E_minus_WUE_T",0.728080842414867,1.00311596090964,7.17101840591189,5.60406722485608,1.56695118105581
"US-Ced",2010,10,"Upland","WUE_E_minus_WUE_T",0.763110888460759,1.20491101357566,7.77132948040165,6.61948857329608,1.15184090710558
"US-Ced",2011,7,"Upland","WUE_E_minus_WUE_T",0.785148757325337,1.33186297082825,8.44852104099669,7.16715105244107,1.28136998855563
"US-Ced",2011,8,"Upland","WUE_E_minus_WUE_T",0.815390060906851,1.50607186113133,9.61523135341027,7.95827506945126,1.65695628395901
"US-Ced",2011,9,"Upland","WUE_E_minus_WUE_T",0.764406945386004,1.21237711496603,9.30750409476164,6.65605577159879,2.65144832316284
"US-Ced",2011,10,"Upland","WUE_E_minus_WUE_T",0.727179400071141,0.997923087198049,5.34974128724853,5.65063106551087,-0.300889778262336
"US-Ced",2012,5,"Upland","WUE_E_minus_WUE_T",0.718472710672755,0.947767091302631,5.5861584182225,5.38436833086093,0.201790087361572
"US-Ced",2012,6,"Upland","WUE_E_minus_WUE_T",0.805481686753119,1.4489934067791,8.69710096599508,7.79256447922538,0.904536486769704
"US-Ced",2012,7,"Upland","WUE_E_minus_WUE_T",0.799719494369324,1.41579956187132,8.41375469151409,7.56003675274816,0.853717938765927
"US-Ced",2012,8,"Upland","WUE_E_minus_WUE_T",0.854925761791441,1.73382231374969,14.1360000102582,9.02431664869887,5.11168336155937
"US-Ced",2012,9,"Upland","WUE_E_minus_WUE_T",0.786540153264847,1.33987828478259,6.90198422523128,7.25285611541602,-0.350871890184734
"US-Ced",2013,4,"Upland","WUE_E_minus_WUE_T",0.634170410190808,0.462132926182367,2.54826318976149,3.13699050354486,-0.588727313783366
"US-Ced",2013,5,"Upland","WUE_E_minus_WUE_T",0.688826841834971,0.776988278862211,3.58831504375154,4.5849964182128,-0.99668137446126
"US-Ced",2013,6,"Upland","WUE_E_minus_WUE_T",0.817972302383421,1.52094719284167,10.3319422566139,8.12936173624563,2.20258052036832
"US-Ced",2013,7,"Upland","WUE_E_minus_WUE_T",0.814405116562627,1.50039796348486,9.68416475854508,7.95602021895465,1.72814453959043
"US-Ced",2013,8,"Upland","WUE_E_minus_WUE_T",0.815287102037235,1.50547875341776,9.64717094519619,7.95549888404144,1.69167206115476
"US-Ced",2013,9,"Upland","WUE_E_minus_WUE_T",0.792524334300476,1.37435092366138,7.85426128253269,7.4142137152306,0.440047567302085
"US-Ced",2013,10,"Upland","WUE_E_minus_WUE_T",0.790051770067388,1.36010740171504,7.37664801138933,7.34592314588889,0.0307248655004457
"US-Ced",2014,4,"Upland","WUE_E_minus_WUE_T",0.607299037590077,0.307336953545931,1.58440705464376,2.41243017344076,-0.828023118797002
"US-Ced",2014,5,"Upland","WUE_E_minus_WUE_T",0.68734283802954,0.768439485472641,3.58716008830436,4.54498170429716,-0.957821615992805
"US-Ced",2014,6,"Upland","WUE_E_minus_WUE_T",0.757295383033449,1.17141005207403,7.10357310244205,6.4932678393258,0.610305263116251
"US-Ced",2014,7,"Upland","WUE_E_minus_WUE_T",0.82901937093513,1.58458524165487,11.529779303109,8.35007932154315,3.1796999815658
"US-Ced",2014,8,"Upland","WUE_E_minus_WUE_T",0.777789767380148,1.28947056969887,8.40864978348144,6.94441986024706,1.46422992323438
"US-Ced",2014,9,"Upland","WUE_E_minus_WUE_T",0.769466859850777,1.2415253982588,7.8206131873987,6.79249142560759,1.02812176179112
"US-Ced",2014,10,"Upland","WUE_E_minus_WUE_T",0.744925469482062,1.10015158574755,6.51923172558515,6.12913650330442,0.39009522228073
"US-CGG",2020,2,"Upland","WUE_E_minus_WUE_T",0.305319749412748,-1.43225329083908,-5.59118418493841,-5.08604336992455,-0.505140815013863
"US-CGG",2020,3,"Upland","WUE_E_minus_WUE_T",0.544169398950239,-0.0563293898389318,0.770549851108995,1.35215263410542,-0.581602782996425
"US-CGG",2020,4,"Upland","WUE_E_minus_WUE_T",0.466127108981759,-0.505901965157116,-0.648270331070281,-0.74029727554987,0.0920269444795897
"US-CGG",2021,2,"Upland","WUE_E_minus_WUE_T",0.151304207544846,-2.31947948351672,-10.9092941897062,-9.23892210504094,-1.67037208466527
"US-CGG",2021,3,"Upland","WUE_E_minus_WUE_T",0.299536446646414,-1.46556874480072,-5.25794415048493,-5.24413611188784,-0.0138080385970882
"US-CGG",2022,2,"Upland","WUE_E_minus_WUE_T",0.393418949041363,-0.924746603419944,-3.17316625789647,-2.7105344551668,-0.462631802729674
"US-CGG",2022,3,"Upland","WUE_E_minus_WUE_T",0.557585119592976,0.0209535817594219,1.27920202607099,1.71389444469015,-0.434692418619161
"US-CGG",2022,4,"Upland","WUE_E_minus_WUE_T",0.530297535846461,-0.136240028321546,0.657776197414279,0.9899956411113,-0.332219443697021
"US-CGG",2023,2,"Upland","WUE_E_minus_WUE_T",0.509978639264915,-0.253289626270033,0.114094378257125,0.432383805097582,-0.318289426840457
"US-CGG",2023,3,"Upland","WUE_E_minus_WUE_T",0.601353310564049,0.273085833899009,1.7826947348306,2.89406098732505,-1.11136625249445
"US-CGG",2024,2,"Upland","WUE_E_minus_WUE_T",0.42570891234584,-0.738736147222582,-1.23070214966424,-1.83986711641298,0.60916496674874
"US-CGG",2024,3,"Upland","WUE_E_minus_WUE_T",0.590382233950553,0.20988554634806,1.88693282343551,2.5982366165054,-0.711303793069895
"US-CGG",2024,4,"Upland","WUE_E_minus_WUE_T",0.656379681489469,0.590072269040088,3.96959205004191,4.38967761585501,-0.420085565813106
"US-CGG",2024,5,"Upland","WUE_E_minus_WUE_T",0.502317802758648,-0.297420853052395,0.0383251911892657,0.209798043945757,-0.171472852756491
"US-CGG",2025,2,"Upland","WUE_E_minus_WUE_T",0.675430963486505,0.699819611333345,4.17423278477307,4.89364421169178,-0.719411426918716
"US-CGG",2025,3,"Upland","WUE_E_minus_WUE_T",0.713867608499326,0.921238812281758,4.9312682912087,5.9278991936843,-0.996630902475597
"US-Cms",1999,6,"Upland","WUE_E_minus_WUE_T",0.761853380370375,1.19766697767018,2.2881367797226,7.39214329794683,-5.10400651822423
"US-Cms",1999,7,"Upland","WUE_E_minus_WUE_T",0.724958925901673,0.98513176224848,4.30076879936363,6.32016451594322,-2.01939571657959
"US-Cms",1999,8,"Upland","WUE_E_minus_WUE_T",0.544979806826913,-0.0516609317975057,1.06889929484275,1.44290005508665,-0.374000760243906
"US-Cms",2000,6,"Upland","WUE_E_minus_WUE_T",0.647363604870392,0.538134008559243,0.183755273464073,4.30503826753419,-4.12128299407012
"US-Cms",2000,7,"Upland","WUE_E_minus_WUE_T",0.74028783620484,1.07343590714991,4.50412266457269,6.73349361804856,-2.22937095347587
"US-Cms",2000,8,"Upland","WUE_E_minus_WUE_T",0.533395569260495,-0.118393411302345,0.697120141568351,1.13054239774467,-0.433422256176317
"US-Cms",2001,6,"Upland","WUE_E_minus_WUE_T",0.631237625162998,0.445238243589891,0.403604787365273,3.87021696705015,-3.46661217968488
"US-Cms",2001,7,"Upland","WUE_E_minus_WUE_T",0.68677198064929,0.765150988650185,2.1440860553013,5.29049081565071,-3.14640476034942
"US-Cms",2001,8,"Upland","WUE_E_minus_WUE_T",0.683939813185782,0.748835926383103,3.32740379043288,5.18982097255059,-1.86241718211771
"US-Cms",2002,6,"Upland","WUE_E_minus_WUE_T",0.645744668639857,0.528807919707528,0.378378209874428,4.26138523249788,-3.88300702262345
"US-Cms",2002,7,"Upland","WUE_E_minus_WUE_T",0.62525998307829,0.410803273172723,0.828310613985317,3.63187984971173,-2.80356923572642
"US-Cms",2003,6,"Upland","WUE_E_minus_WUE_T",0.640823361359825,0.50045810079896,3.19856423124347,4.12868698591605,-0.930122754672578
"US-Cms",2003,7,"Upland","WUE_E_minus_WUE_T",0.615727894851515,0.355892461944577,3.352168569425,3.37485639598665,-0.022687826561655
"US-Cms",2003,8,"Upland","WUE_E_minus_WUE_T",0.624083671386951,0.4040269794906,3.22557981723254,3.57585854104691,-0.350278723814373
"US-Cms",2004,6,"Upland","WUE_E_minus_WUE_T",0.645567495764351,0.527787292737841,1.58931882657867,4.25660793886759,-2.66728911228892
"US-Cms",2004,7,"Upland","WUE_E_minus_WUE_T",0.557965875230642,0.0231469732227128,0.867003741824782,1.81735992471079,-0.950356182886009
"US-Cms",2004,8,"Upland","WUE_E_minus_WUE_T",0.531347638277852,-0.130190779194964,0.390109229493732,1.07532193800628,-0.685212708512544
"US-Cms",2005,7,"Upland","WUE_E_minus_WUE_T",0.76303070916055,1.20444913048001,4.99971235079443,7.34673298550298,-2.34702063470856
"US-Cms",2005,8,"Upland","WUE_E_minus_WUE_T",0.727701085655767,1.00092832361386,6.44646423638906,6.36980096455753,0.0766632718315252
"US-Dix",2005,5,"Upland","WUE_E_minus_WUE_T",0.731997633748548,1.02567913745889,5.15583087637386,6.34974750382531,-1.19391662745145
"US-Dix",2005,6,"Upland","WUE_E_minus_WUE_T",0.723712852713046,0.977953598554511,5.91091609542764,6.18844051817975,-0.277524422752114
"US-Dix",2005,7,"Upland","WUE_E_minus_WUE_T",0.789629863037022,1.35767695240015,7.72703141330846,7.88867251883781,-0.16164110552935
"US-Dix",2005,8,"Upland","WUE_E_minus_WUE_T",0.703946861928321,0.864089085040191,5.61458873293508,5.55401082622099,0.0605779067140926
"US-Dix",2005,9,"Upland","WUE_E_minus_WUE_T",0.528704988358882,-0.145414101450317,0.601141159199598,0.901275420100926,-0.300134260901328
"US-Dix",2006,5,"Upland","WUE_E_minus_WUE_T",0.575884533466549,0.126369691733622,1.72067614050433,2.14031015372811,-0.419634013223778
"US-Dix",2006,6,"Upland","WUE_E_minus_WUE_T",0.562749733542488,0.0507049998014127,1.35197736839291,1.84822714338444,-0.496249774991525
"US-Dix",2006,7,"Upland","WUE_E_minus_WUE_T",0.641464035211247,0.504148784317332,3.49247738412099,3.89352561232411,-0.401048228203122
"US-Dix",2006,8,"Upland","WUE_E_minus_WUE_T",0.631214375310251,0.445104309844747,3.17848726977368,3.59285032666968,-0.414363056896005
"US-Dix",2006,9,"Upland","WUE_E_minus_WUE_T",0.58148404184774,0.158626374673919,1.56166548095516,2.3244110740432,-0.762745593088037
"US-Dix",2007,5,"Upland","WUE_E_minus_WUE_T",0.474897966168628,-0.455376322523602,-0.288590061986054,-0.582694049468735,0.29410398748268
"US-Dix",2007,7,"Upland","WUE_E_minus_WUE_T",0.573462218077997,0.112415634671687,1.32886529852179,2.05992299730906,-0.731057698787263
"US-Dix",2007,8,"Upland","WUE_E_minus_WUE_T",0.692642842891556,0.798970840151981,5.45784110995172,5.24920898797927,0.20863212197245
"US-Dix",2007,9,"Upland","WUE_E_minus_WUE_T",0.665987106198275,0.645417065691467,3.77034786788486,4.60295371160699,-0.832605843722134
"US-Dmg",2022,4,"Freshwater","WUE_E_minus_WUE_T",0.553414016775882,-0.00307458855894211,0.476183281315855,1.44866828257161,-0.972485001255755
"US-Dmg",2022,5,"Freshwater","WUE_E_minus_WUE_T",0.64428202278333,0.520382161509465,1.90769535094207,3.23507933922173,-1.32738398827966
"US-Dmg",2022,6,"Freshwater","WUE_E_minus_WUE_T",0.623161151432975,0.3987126855141,1.73599357365573,2.87595407452581,-1.13996050087008
"US-Dmg",2022,7,"Freshwater","WUE_E_minus_WUE_T",0.627307759034031,0.422599748013081,1.93300583355573,2.8814932064103,-0.948487372854567
"US-Dmg",2022,8,"Freshwater","WUE_E_minus_WUE_T",0.630628459406826,0.441729066476961,1.72736438605868,2.92341405738693,-1.19604967132825
"US-Dmg",2022,9,"Freshwater","WUE_E_minus_WUE_T",0.524992152832371,-0.166802364532557,0.273441392762114,0.889220970482055,-0.615779577719941
"US-Dmg",2022,10,"Freshwater","WUE_E_minus_WUE_T",0.511883715497916,-0.242315191401533,0.157028673579682,0.626181738599153,-0.469153065019472
"US-Dmg",2023,5,"Freshwater","WUE_E_minus_WUE_T",0.626851175791658,0.419969541951683,1.55215340762062,2.88745944480235,-1.33530603718173
"US-Dmg",2023,6,"Freshwater","WUE_E_minus_WUE_T",0.63960478214113,0.493438319629043,2.11620118739029,3.20388611210099,-1.08768492471071
"US-Dmg",2023,7,"Freshwater","WUE_E_minus_WUE_T",0.626785895827768,0.419593488385155,1.84234365639582,2.87108579288938,-1.02874213649357
"US-Dmg",2023,8,"Freshwater","WUE_E_minus_WUE_T",0.641703824221476,0.505530119525528,2.27034702472264,3.14428784219866,-0.873940817476026
"US-Dmg",2023,9,"Freshwater","WUE_E_minus_WUE_T",0.607879025514148,0.3106780480318,1.72315988023453,2.54221729040608,-0.819057410171547
"US-Dmg",2024,4,"Freshwater","WUE_E_minus_WUE_T",0.58659721815811,0.188081479628392,0.746810002767795,2.11043422925789,-1.3636242264901
"US-Dmg",2024,5,"Freshwater","WUE_E_minus_WUE_T",0.643887249156832,0.518108017631782,1.8716534249032,3.22720644776509,-1.3555530228619
"US-Dmg",2024,6,"Freshwater","WUE_E_minus_WUE_T",0.627336796410169,0.422767021525637,1.70891358366575,2.95922812694555,-1.2503145432798
"US-Dmg",2024,7,"Freshwater","WUE_E_minus_WUE_T",0.59740171454579,0.2503221605206,1.3001627126038,2.28508294404781,-0.984920231444008
"US-Dmg",2024,8,"Freshwater","WUE_E_minus_WUE_T",0.583584048763496,0.170723732627964,1.09560571480906,1.98521678741662,-0.88961107260756
"US-Dmg",2024,9,"Freshwater","WUE_E_minus_WUE_T",0.509784689878995,-0.254406896469879,0.12065989409994,0.585941579138349,-0.465281685038409
"US-Dmg",2025,4,"Freshwater","WUE_E_minus_WUE_T",0.574663671393414,0.119336759889244,0.699158651620039,1.87244589350034,-1.1732872418803
"US-Dmg",2025,5,"Freshwater","WUE_E_minus_WUE_T",0.6333637471573,0.457486040788117,1.52585155902324,3.01733835267211,-1.49148679364886
"US-Dmg",2025,6,"Freshwater","WUE_E_minus_WUE_T",0.657533817666579,0.596720817841266,2.32002980329868,3.56144128078417,-1.24141147748549
"US-Dmg",2025,7,"Freshwater","WUE_E_minus_WUE_T",0.670571265877873,0.671824702802821,2.62680408853723,3.74428866829774,-1.11748457976051
"US-Dmg",2025,8,"Freshwater","WUE_E_minus_WUE_T",0.627395615116888,0.423105854195298,1.55525246550528,2.85894209046074,-1.30368962495546
"US-Dmg",2025,9,"Freshwater","WUE_E_minus_WUE_T",0.540863807260836,-0.0753716728031475,0.507042234744803,1.20574619953834,-0.698703964793535
"US-Dmg",2025,10,"Freshwater","WUE_E_minus_WUE_T",0.477802016705207,-0.438647168636508,-0.24665726695702,-0.0535027621950596,-0.19315450476196
"US-EDN",2018,4,"Saline","WUE_E_minus_WUE_T",0.365589157562322,-1.08506367036985,-0.537093959560819,-0.989442982074019,0.4523490225132
"US-EDN",2018,5,"Saline","WUE_E_minus_WUE_T",0.36771591463042,-1.07281221474794,-0.832512490448923,-0.980504181300981,0.147991690852058
"US-EDN",2018,6,"Saline","WUE_E_minus_WUE_T",0.377491619337831,-1.01649801967965,-0.641947393992882,-0.758965512991366,0.117018118998484
"US-EDN",2018,7,"Saline","WUE_E_minus_WUE_T",0.331962471307535,-1.27877448978695,-1.10873100250776,-1.57876172545137,0.470030722943604
"US-EDN",2018,8,"Saline","WUE_E_minus_WUE_T",0.451888479423485,-0.587925408627323,-0.382228685646504,0.353086229494886,-0.73531491514139
"US-EDN",2018,9,"Saline","WUE_E_minus_WUE_T",0.417237161141795,-0.78753875165405,-0.624875107229289,-0.139631774792644,-0.485243332436645
"US-EDN",2019,3,"Saline","WUE_E_minus_WUE_T",0.373007270391193,-1.04233068432057,-0.626356531077353,-0.880328043947505,0.253971512870152
"US-EDN",2019,4,"Saline","WUE_E_minus_WUE_T",0.35243219067949,-1.16085605789819,-0.974416956300503,-1.2040504431972,0.229633486896692
"US-EDN",2019,5,"Saline","WUE_E_minus_WUE_T",0.429500254269176,-0.716895638018224,-0.503782365369154,0.0272797848004713,-0.531062150169626
"US-EDN",2019,6,"Saline","WUE_E_minus_WUE_T",0.348999325827135,-1.18063151416704,-1.10077691327762,-1.22371235216489,0.122935438887269
"US-EDN",2019,7,"Saline","WUE_E_minus_WUE_T",0.392570717236153,-0.929632951030819,-0.819975641902495,-0.590161396994001,-0.229814244908493
"US-EDN",2019,8,"Saline","WUE_E_minus_WUE_T",0.310141191538561,-1.40447875790156,-1.45743060674038,-1.95899875521191,0.50156814847153
"US-EDN",2019,9,"Saline","WUE_E_minus_WUE_T",0.271735887762646,-1.62571741365332,-1.72124584166575,-2.51294920791885,0.791703366253102
"US-EDN",2020,3,"Saline","WUE_E_minus_WUE_T",0.369953707949635,-1.05992112062505,-0.778278197159337,-0.930135669732371,0.151857472573033
"US-EDN",2020,4,"Saline","WUE_E_minus_WUE_T",0.33694278903771,-1.25008473364625,-1.11492157053558,-1.45670298768276,0.341781417147182
"US-EDN",2020,5,"Saline","WUE_E_minus_WUE_T",0.37821697307117,-1.01231952689009,-0.839470222896563,-0.809218085413917,-0.0302521374826459
"US-EDN",2020,6,"Saline","WUE_E_minus_WUE_T",0.358343222496543,-1.12680480443224,-0.90880336256559,-1.07130108906171,0.162497726496124
"US-EDN",2020,7,"Saline","WUE_E_minus_WUE_T",0.329870424806313,-1.29082599075673,-1.31193000938497,-1.61288575967423,0.300955750289252
"US-EDN",2020,8,"Saline","WUE_E_minus_WUE_T",0.262097426748893,-1.68124099890187,-2.34743369046009,-2.74265584549189,0.395222155031798
"US-EDN",2021,3,"Saline","WUE_E_minus_WUE_T",0.196876077488321,-2.05695690837409,-2.18781110757036,-3.75325981234814,1.56544870477778
"US-EDN",2021,4,"Saline","WUE_E_minus_WUE_T",0.377566571598195,-1.01606624761438,-0.913722527272495,-0.794075581673087,-0.119646945599408
"US-EDN",2021,5,"Saline","WUE_E_minus_WUE_T",0.376801411400476,-1.02047405062424,-0.97602612216409,-0.832307760938407,-0.143718361225683
"US-EDN",2021,6,"Saline","WUE_E_minus_WUE_T",0.390218607417858,-0.94318257994188,-0.858882573834671,-0.551371572539662,-0.307511001295009
"US-EDN",2021,7,"Saline","WUE_E_minus_WUE_T",0.344804943621412,-1.20479378837577,-1.41967962088843,-1.36928408502176,-0.050395535866669
"US-EDN",2021,8,"Saline","WUE_E_minus_WUE_T",0.372405404888509,-1.04579780739123,-1.139807937336,-0.943387416758176,-0.196420520577825
"US-EDN",2021,9,"Saline","WUE_E_minus_WUE_T",0.290514639228106,-1.51754001828221,-2.10011421509126,-2.20664303485063,0.106528819759367
"US-EDN",2022,3,"Saline","WUE_E_minus_WUE_T",0.408115488000082,-0.840085314385448,-0.52014380249312,-0.307666767780939,-0.212477034712181
"US-EDN",2022,4,"Saline","WUE_E_minus_WUE_T",0.413718099908875,-0.807810753178161,-0.622705099117233,-0.204396533639495,-0.418308565477738
"US-EDN",2022,5,"Saline","WUE_E_minus_WUE_T",0.46381464854295,-0.519223188755457,-0.27959012119056,0.586992756692485,-0.866582877883045
"US-EDN",2022,6,"Saline","WUE_E_minus_WUE_T",0.383319161563712,-0.982927718663069,-1.05332954579028,-0.663910622846696,-0.389418922943585
"US-EDN",2022,7,"Saline","WUE_E_minus_WUE_T",0.378626221088731,-1.00996200143468,-1.27511132461667,-0.81761449781051,-0.45749682680616
"US-EDN",2022,8,"Saline","WUE_E_minus_WUE_T",0.278051548974583,-1.58933524089757,-2.3525968390073,-2.48242309612075,0.129826257113449
"US-EDN",2022,9,"Saline","WUE_E_minus_WUE_T",0.224156697870428,-1.89980341164283,-2.23049166039726,-3.28902846965133,1.05853680925406
"US-EDN",2023,3,"Saline","WUE_E_minus_WUE_T",0.396638647566085,-0.906199118997172,-0.710104889234649,-0.494869153345178,-0.215235735889471
"US-EDN",2023,4,"Saline","WUE_E_minus_WUE_T",0.429299660405151,-0.718051184582514,-0.590841424944413,0.0497592431608973,-0.64060066810531
"US-EDN",2023,7,"Saline","WUE_E_minus_WUE_T",0.323036872030836,-1.33019154398543,-2.43946612469166,-1.72435000706927,-0.715116117622393
"US-EDN",2024,3,"Saline","WUE_E_minus_WUE_T",0.412473087806656,-0.814982804348402,-0.604031750192328,-0.236588574804704,-0.367443175387624
"US-EDN",2024,4,"Saline","WUE_E_minus_WUE_T",0.426104124261665,-0.73645947852327,-0.63078614484356,-0.00236416071996493,-0.628421984123595
"US-EDN",2024,5,"Saline","WUE_E_minus_WUE_T",0.385806504806336,-0.968599060345402,-1.10945660272611,-0.685422825358726,-0.424033777367381
"US-EDN",2024,6,"Saline","WUE_E_minus_WUE_T",0.341258751662716,-1.2252220799096,-2.0067712833619,-1.34997131320471,-0.656799970157192
"US-EDN",2024,7,"Saline","WUE_E_minus_WUE_T",0.299226660527474,-1.46735330729044,-2.12534628624782,-2.11272592114185,-0.0126203651059633
"US-EKH",2022,7,"Saline","WUE_E_minus_WUE_T",0.381225028790452,-0.994991237869296,-0.808206268849719,-1.16222402565611,0.354017756806392
"US-EKH",2022,8,"Saline","WUE_E_minus_WUE_T",0.216522241878022,-1.94378267010699,-2.91914954248418,-3.87304665030196,0.95389710781778
"US-EKH",2023,2,"Saline","WUE_E_minus_WUE_T",0.362561288137943,-1.10250609876854,-0.787626522483132,-1.43556365087465,0.647937128391518
"US-EKH",2023,3,"Saline","WUE_E_minus_WUE_T",0.480022459925837,-0.425856021971673,-0.152165865123701,0.478231160361445,-0.630397025485147
"US-EKH",2023,4,"Saline","WUE_E_minus_WUE_T",0.430399893272013,-0.711713152682059,-0.821127351710028,-0.319294014267385,-0.501833337442643
"US-EKH",2023,5,"Saline","WUE_E_minus_WUE_T",0.352899159668643,-1.15816602341648,-1.3708473087549,-1.6091844771685,0.238337168413605
"US-EKH",2023,6,"Saline","WUE_E_minus_WUE_T",0.220700686028164,-1.91971220910231,-4.39758079447993,-3.70343167589243,-0.694149118587503
"US-EKH",2023,8,"Saline","WUE_E_minus_WUE_T",0.236716279431713,-1.82745233852969,-5.14985663727877,-3.54365529682225,-1.60620134045652
"US-EKH",2024,2,"Saline","WUE_E_minus_WUE_T",0.399488223888882,-0.889783770773498,-0.80097351991772,-0.833236686070257,0.0322631661525372
"US-EKH",2024,3,"Saline","WUE_E_minus_WUE_T",0.509006137221368,-0.258891848454902,0.0841812878111803,0.950993116350262,-0.866811828539081
"US-EKH",2024,5,"Saline","WUE_E_minus_WUE_T",0.400645999534734,-0.88311425634797,-0.874015741258297,-0.830370623522063,-0.0436451177362346
"US-EKH",2024,6,"Saline","WUE_E_minus_WUE_T",0.244025208125141,-1.78534832163259,-2.04520223376291,-3.32297799582157,1.27777576205866
"US-EKH",2024,7,"Saline","WUE_E_minus_WUE_T",0.191157455400842,-2.08989976102715,-3.42546757021927,-4.262476517757,0.837008947537728
"US-EKH",2024,8,"Saline","WUE_E_minus_WUE_T",0.168555118026084,-2.22010341120047,-3.60590160278689,-4.65545362593083,1.04955202314395
"US-EKN",2023,7,"Saline","WUE_E_minus_WUE_T",0.539862706579436,-0.0811386410926669,0.137153160069561,1.46613831602462,-1.32898515595506
"US-EKN",2024,3,"Saline","WUE_E_minus_WUE_T",0.501138375730909,-0.304215093027603,0.00291210958975885,0.863432410935027,-0.860520301345268
"US-EKN",2024,4,"Saline","WUE_E_minus_WUE_T",0.597101476655095,0.248592601818739,0.171356227823034,2.44060124998568,-2.26924502216264
"US-EKN",2024,5,"Saline","WUE_E_minus_WUE_T",0.681119741608198,0.732590544011211,0.367749354695686,3.78529841750527,-3.41754906280959
"US-EKN",2024,6,"Saline","WUE_E_minus_WUE_T",0.57779350287847,0.13736655375635,0.137752358557502,2.16199540267479,-2.02424304411729
"US-EKN",2024,7,"Saline","WUE_E_minus_WUE_T",0.515583477003268,-0.221002242887386,0.0230860381491134,1.07011209936161,-1.0470260612125
"US-EKP",2022,7,"Saline","WUE_E_minus_WUE_T",0.625258104860107,0.410792453457081,3.3717478800282,1.55472336140878,1.81702451861942
"US-EKP",2022,8,"Saline","WUE_E_minus_WUE_T",0.579517756725991,0.147299338187014,2.67601560577979,0.784334818766257,1.89168078701354
"US-EKP",2022,9,"Saline","WUE_E_minus_WUE_T",0.481809300094886,-0.415562701045208,-0.370990479119548,-0.736928175211813,0.365937696092266
"US-EKP",2023,5,"Saline","WUE_E_minus_WUE_T",0.318881162544552,-1.35413103905635,-2.61228864957196,-3.42761636194396,0.815327712371998
"US-EKP",2023,6,"Saline","WUE_E_minus_WUE_T",0.620424426578998,0.38294743258474,3.36796540225149,1.55303553534151,1.81492986690999
"US-EKP",2023,7,"Saline","WUE_E_minus_WUE_T",0.706656116951128,0.879696094499922,7.18968491572312,2.88243216168877,4.30725275403435
"US-EKP",2023,8,"Saline","WUE_E_minus_WUE_T",0.63634226254093,0.474644158933861,4.02376966497884,1.71121736176608,2.31255230321276
"US-EKP",2023,9,"Saline","WUE_E_minus_WUE_T",0.48240185998162,-0.412149184163313,-0.415906481201024,-0.727262742898433,0.311356261697408
"US-EKP",2024,5,"Saline","WUE_E_minus_WUE_T",0.685059637636896,0.755286818105974,4.10138034889947,2.54523692235434,1.55614342654514
"US-EKP",2024,6,"Saline","WUE_E_minus_WUE_T",0.686092962188723,0.761239416115232,5.48629967769488,2.62417585426029,2.86212382343459
"US-EKP",2024,7,"Saline","WUE_E_minus_WUE_T",0.703082749633082,0.859111255838974,7.59553294367749,2.82414583364554,4.77138711003195
"US-EKP",2024,8,"Saline","WUE_E_minus_WUE_T",0.648433537193505,0.544297490308847,3.98374047078078,1.90844197881045,2.07529849197033
"US-EKP",2024,9,"Saline","WUE_E_minus_WUE_T",0.54812885812124,-0.0335204197652303,1.44555150649682,0.344831176893803,1.10072032960301
"US-Elm",2015,3,"Freshwater","WUE_E_minus_WUE_T",0.524739541219271,-0.168257565981701,0.083014101634019,1.87389308606884,-1.79087898443482
"US-Elm",2015,4,"Freshwater","WUE_E_minus_WUE_T",0.570034267959155,0.0926684903527206,0.191268337324591,2.78908101374868,-2.59781267642409
"US-Elm",2015,5,"Freshwater","WUE_E_minus_WUE_T",0.539298411473873,-0.0843893350939554,0.111375009987227,2.15037056821886,-2.03899555823163
"US-Elm",2015,6,"Freshwater","WUE_E_minus_WUE_T",0.468770416996291,-0.490674851858258,-0.127220106490599,0.805928931159729,-0.933149037650328
"US-Elm",2016,3,"Freshwater","WUE_E_minus_WUE_T",0.386881817108546,-0.962404586539326,-0.383518891691042,-0.875375926685577,0.491857034994534
"US-Elm",2016,4,"Freshwater","WUE_E_minus_WUE_T",0.462956593709468,-0.524166123174842,-0.102081072402896,0.65365237765696,-0.755733450059856
"US-Elm",2016,5,"Freshwater","WUE_E_minus_WUE_T",0.518854809339885,-0.202157315298912,0.0410089155384454,1.74266790071427,-1.70165898517583
"US-Elm",2016,6,"Freshwater","WUE_E_minus_WUE_T",0.583058681832385,0.167697289345718,0.209994730286243,3.08515693279841,-2.87516220251217
"US-Elm",2016,7,"Freshwater","WUE_E_minus_WUE_T",0.645367942138966,0.526637738601042,0.304512412406019,4.25062221183489,-3.94610979942887
"US-Elm",2017,3,"Freshwater","WUE_E_minus_WUE_T",0.495485611042391,-0.336778565725691,-0.0136819582570934,1.29048780895879,-1.30416976721588
"US-Elm",2017,4,"Freshwater","WUE_E_minus_WUE_T",0.596015874378297,0.242338851300294,0.32357295931979,3.3072269928043,-2.98365403348451
"US-Elm",2017,5,"Freshwater","WUE_E_minus_WUE_T",0.542734470739306,-0.0645954770007295,0.091349968273925,2.21889521074708,-2.12754524247316
"US-Elm",2017,6,"Freshwater","WUE_E_minus_WUE_T",0.577252850938858,0.134252059231135,0.174329588330852,2.96937240877678,-2.79504282044593
"US-Elm",2017,7,"Freshwater","WUE_E_minus_WUE_T",0.495790152560201,-0.335024215430372,-0.00553628797173128,1.26762227811406,-1.27315856608579
"US-Elm",2018,3,"Freshwater","WUE_E_minus_WUE_T",0.503577988483486,-0.290161392291782,0.0109574325323705,1.45187247334253,-1.44091504081016
"US-Elm",2018,4,"Freshwater","WUE_E_minus_WUE_T",0.520503461477359,-0.192660044171333,0.0510213117800146,1.80129804898884,-1.75027673720882
"US-Elm",2018,5,"Freshwater","WUE_E_minus_WUE_T",0.562374498475181,0.0485434102885093,0.158978135290744,2.61057235478952,-2.45159421949877
"US-Elm",2018,6,"Freshwater","WUE_E_minus_WUE_T",0.352936486323493,-1.15795099845558,-0.419496102616503,-1.50412397504151,1.08462787242501
"US-Elm",2018,7,"Freshwater","WUE_E_minus_WUE_T",0.390227366710319,-0.943132120919324,-0.124007086059682,-0.837595241682013,0.713588155622331
"US-Elm",2019,4,"Freshwater","WUE_E_minus_WUE_T",0.47070241370146,-0.479545338172794,-0.0580946949954842,0.808125716163938,-0.866220411159422
"US-Elm",2019,5,"Freshwater","WUE_E_minus_WUE_T",0.53215543308155,-0.125537374094041,0.0627611576742251,2.00791957913234,-1.94515842145812
"US-Elm",2019,6,"Freshwater","WUE_E_minus_WUE_T",0.380609904024022,-0.998534742621629,-0.227750142634012,-0.952238542057233,0.72448839942322
"US-Elm",2019,7,"Freshwater","WUE_E_minus_WUE_T",0.452077018017983,-0.586839307982278,-0.0953637096863172,0.395859980988371,-0.491223690674688
"US-Elm",2020,3,"Freshwater","WUE_E_minus_WUE_T",0.432248793038784,-0.701062329519541,-0.151138237179304,0.0293685983814407,-0.180506835560744
"US-Elm",2020,4,"Freshwater","WUE_E_minus_WUE_T",0.510024549074931,-0.253025156947954,0.0301882853837928,1.59231919531051,-1.56213090992672
"US-Elm",2020,5,"Freshwater","WUE_E_minus_WUE_T",0.481973558683315,-0.414616468475049,-0.0177377068679869,1.00715249716462,-1.02489020403261
"US-Elm",2020,6,"Freshwater","WUE_E_minus_WUE_T",0.540019032517516,-0.0802381055676323,0.0208138940053467,2.22682581682737,-2.20601192282202
"US-Elm",2020,7,"Freshwater","WUE_E_minus_WUE_T",0.467970977395962,-0.495280125743436,-0.0344168867434924,0.712830033190583,-0.747246919934076
"US-Elm",2021,3,"Freshwater","WUE_E_minus_WUE_T",0.549247588548076,-0.0270758303088888,0.0826043861277638,2.36265217097934,-2.28004778485158
"US-Elm",2021,4,"Freshwater","WUE_E_minus_WUE_T",0.544691571830902,-0.0533213462920849,0.0824528086417071,2.28367669480681,-2.2012238861651
"US-Elm",2021,5,"Freshwater","WUE_E_minus_WUE_T",0.568701420697314,0.0849904535312284,0.152999676644376,2.73674889893038,-2.58374922228601
"US-Elm",2021,6,"Freshwater","WUE_E_minus_WUE_T",0.595157710603515,0.23739528931064,0.226119483976633,3.32644544310469,-3.10032595912806
"US-Elm",2021,7,"Freshwater","WUE_E_minus_WUE_T",0.596165939359718,0.243203319785129,0.114573270416206,3.26939651353599,-3.15482324311978
"US-Elm",2022,3,"Freshwater","WUE_E_minus_WUE_T",0.407030383307382,-0.846336198507169,-0.0852709017927889,-0.473557101812192,0.388286200019403
"US-Elm",2022,4,"Freshwater","WUE_E_minus_WUE_T",0.45256979156281,-0.584000623063036,-0.112149869807608,0.446510460382294,-0.558660330189902
"US-Elm",2022,5,"Freshwater","WUE_E_minus_WUE_T",0.417491496604545,-0.786073619748906,-0.102348410754461,-0.278800366885877,0.176451956131416
"US-Elm",2022,6,"Freshwater","WUE_E_minus_WUE_T",0.524585473287573,-0.169145093972686,0.0430120753059267,1.91903743267188,-1.87602535736595
"US-Elm",2022,7,"Freshwater","WUE_E_minus_WUE_T",0.551805821737102,-0.0123388014041859,0.0859409692833865,2.38473156227041,-2.29879059298702
"US-Elm",2023,3,"Freshwater","WUE_E_minus_WUE_T",0.39249588246108,-0.930064046307071,-0.292693818390167,-0.763415744484244,0.470721926094078
"US-Elm",2023,4,"Freshwater","WUE_E_minus_WUE_T",0.413002230840885,-0.811934608342031,-0.239373267290847,-0.34257748738983,0.103204220098984
"US-Elm",2023,5,"Freshwater","WUE_E_minus_WUE_T",0.436034676051139,-0.679253267068848,-0.229583846851918,0.0910025511538728,-0.32058639800579
"US-Elm",2023,6,"Freshwater","WUE_E_minus_WUE_T",0.394105018490068,-0.920794412767589,-0.299362390131525,-0.683108174031745,0.383745783900219
"US-Elm",2023,7,"Freshwater","WUE_E_minus_WUE_T",0.335314936707873,-1.25946218482634,-0.259046954213001,-1.9327028476912,1.6736558934782
"US-Esm",2016,1,"Freshwater","WUE_E_minus_WUE_T",0.1197687253079,-2.50114365519711,-1.69289468035403,-5.44404617602569,3.75115149567166
"US-Esm",2016,2,"Freshwater","WUE_E_minus_WUE_T",0.119505111546532,-2.50266223592604,-2.02750305293279,-5.45528292522426,3.42777987229147
"US-Esm",2016,3,"Freshwater","WUE_E_minus_WUE_T",0.265776251116693,-1.66004866144171,-0.243893141474962,-2.54037847969278,2.29648533821782
"US-Esm",2016,4,"Freshwater","WUE_E_minus_WUE_T",0.257061886992472,-1.71024886857516,-0.147949098056084,-2.70228304630408,2.554333948248
"US-Esm",2016,5,"Freshwater","WUE_E_minus_WUE_T",0.202000242493051,-2.02743850164279,-0.158009222197059,-3.82611781569401,3.66810859349695
"US-Esm",2017,1,"Freshwater","WUE_E_minus_WUE_T",0.132206603602249,-2.42949366929148,-0.0628742119770919,-5.19600005746654,5.13312584548945
"US-Esm",2017,3,"Freshwater","WUE_E_minus_WUE_T",0.151470987034026,-2.31851872897593,-1.40447231257363,-4.81994549390507,3.41547318133144
"US-Esm",2017,4,"Freshwater","WUE_E_minus_WUE_T",0.20426731664889,-2.01437873152213,-1.19722525749873,-3.75515460082585,2.55792934332713
"US-Esm",2017,5,"Freshwater","WUE_E_minus_WUE_T",0.248539961514978,-1.75934050831477,-0.77237297920624,-2.89798550976305,2.12561253055681
"US-Esm",2017,6,"Freshwater","WUE_E_minus_WUE_T",0.168153757311483,-2.22241550084017,-1.54536695164711,-4.43902745119771,2.8936604995506
"US-Esm",2018,1,"Freshwater","WUE_E_minus_WUE_T",0.312673033198605,-1.38989376076906,-0.0521999506945267,-1.5969941553149,1.54479420462038
"US-Esm",2018,2,"Freshwater","WUE_E_minus_WUE_T",0.363235861897232,-1.09862013050276,-0.346019261277235,-0.594609330639424,0.248590069362189
"US-Esm",2018,3,"Freshwater","WUE_E_minus_WUE_T",0.392276403553568,-0.931328382575493,-0.359697726935525,-0.0176112466861098,-0.342086480249416
"US-Esm",2018,4,"Freshwater","WUE_E_minus_WUE_T",0.226615973998731,-1.88563643752064,-0.987365173517913,-3.30945979826815,2.32209462475024
"US-Esm",2018,5,"Freshwater","WUE_E_minus_WUE_T",0.350216714822915,-1.17361858942819,-0.403546378279004,-0.870266359529082,0.466719981250077
"US-Esm",2018,6,"Freshwater","WUE_E_minus_WUE_T",0.318722405469579,-1.35504557945585,-0.269024105739671,-1.43626702305589,1.16724291731622
"US-Esm",2019,1,"Freshwater","WUE_E_minus_WUE_T",0.407432231492906,-0.844021300728979,-0.332834701128121,0.292769579176523,-0.625604280304643
"US-Esm",2019,2,"Freshwater","WUE_E_minus_WUE_T",0.405495410533765,-0.855178605145379,-0.21660118374131,0.24816439356693,-0.46476557730824
"US-Esm",2019,3,"Freshwater","WUE_E_minus_WUE_T",0.347307540369912,-1.19037726029003,-0.337421379396422,-0.914416288892671,0.576994909496249
"US-Esm",2019,4,"Freshwater","WUE_E_minus_WUE_T",0.236454646049149,-1.82895951103368,-1.34232462717623,-3.1132491298464,1.77092450267017
"US-Esm",2019,5,"Freshwater","WUE_E_minus_WUE_T",0.151507769273093,-2.31830684019166,-1.20687846442976,-4.83307910782638,3.62620064339661
"US-Esm",2020,1,"Freshwater","WUE_E_minus_WUE_T",0.277830873458795,-1.59060647038074,-0.592885002662601,-2.29184437664282,1.69895937398022
"US-Esm",2020,2,"Freshwater","WUE_E_minus_WUE_T",0.36119014354472,-1.11040475225702,-0.347269009190248,-0.635406682486513,0.288137673296265
"US-Esm",2020,3,"Freshwater","WUE_E_minus_WUE_T",0.370188509359332,-1.0585685171265,-0.425369181086368,-0.458105701798669,0.0327365207123007
"US-Esm",2020,4,"Freshwater","WUE_E_minus_WUE_T",0.294862383228177,-1.49249428387685,-1.0259237079004,-1.94843531206981,0.922511604169407
"US-Esm",2020,5,"Freshwater","WUE_E_minus_WUE_T",0.327133553241179,-1.30659208883445,-0.195286671542907,-1.33060923304191,1.13532256149901
"US-Esm",2020,6,"Freshwater","WUE_E_minus_WUE_T",0.164330087377523,-2.24444223967717,-0.380864061542795,-4.51528213574475,4.13441807420196
"US-Esm",2021,1,"Freshwater","WUE_E_minus_WUE_T",0.220838237704939,-1.9189198251065,-0.163391338390173,-3.42843710979592,3.26504577140575
"US-Esm",2021,2,"Freshwater","WUE_E_minus_WUE_T",0.272676622616303,-1.62029819042165,-0.469786114687902,-2.40061412275178,1.93082800806388
"US-Esm",2021,3,"Freshwater","WUE_E_minus_WUE_T",0.388762218510436,-0.951572294185771,-0.290587238347037,-0.0876939359695088,-0.202893302377528
"US-Esm",2021,4,"Freshwater","WUE_E_minus_WUE_T",0.330449887462093,-1.28748792214593,-0.388506664782822,-1.23872083460616,0.850214169823337
"US-Esm",2021,5,"Freshwater","WUE_E_minus_WUE_T",0.252343323919358,-1.73743075359465,-1.15772798140253,-2.82213581421577,1.66440783281324
"US-Esm",2021,6,"Freshwater","WUE_E_minus_WUE_T",0.562526487801663,0.0494189642087629,0.0200603362110718,3.42586901656324,-3.40580868035216
"US-Esm",2022,1,"Freshwater","WUE_E_minus_WUE_T",0.216680362213811,-1.94287179772486,-0.148249648385135,-3.51135678890993,3.3631071405248
"US-Esm",2022,2,"Freshwater","WUE_E_minus_WUE_T",0.321116845299877,-1.34125210310621,-0.692402460033658,-1.43458045250267,0.742177992469007
"US-Esm",2022,3,"Freshwater","WUE_E_minus_WUE_T",0.505287190772421,-0.28031531428604,0.0156133450477247,2.23614027439826,-2.22052692935054
"US-Esm",2022,4,"Freshwater","WUE_E_minus_WUE_T",0.457078906525288,-0.558025290625899,-0.0661074333811996,1.28661635974875,-1.35272379312995
"US-Esm",2022,5,"Freshwater","WUE_E_minus_WUE_T",0.279719739579762,-1.57972541593222,-0.705568247426344,-2.27617343350085,1.57060518607451
"US-Esm",2022,6,"Freshwater","WUE_E_minus_WUE_T",0.204047800903134,-2.01564328000197,-0.709477518128848,-3.7231997206476,3.01372220251876
"US-Esm",2023,2,"Freshwater","WUE_E_minus_WUE_T",0.305652760596839,-1.43033493739633,-0.91747045329205,-1.74297760006128,0.825507146769234
"US-Esm",2023,3,"Freshwater","WUE_E_minus_WUE_T",0.356201953923079,-1.13913985543355,-0.544265095667442,-0.737036778777554,0.192771683110113
"US-Esm",2023,5,"Freshwater","WUE_E_minus_WUE_T",0.351305024933056,-1.16734924009005,-0.283602243876181,-0.848562408724887,0.564960164848706
"US-Esm",2023,6,"Freshwater","WUE_E_minus_WUE_T",0.423513262976923,-0.751384465739101,-0.0560676666969945,0.653556084233396,-0.70962375093039
"US-Esm",2024,1,"Freshwater","WUE_E_minus_WUE_T",0.257427909723911,-1.7081403478992,-0.725823905477287,-2.698736600684,1.97291269520671
"US-Esm",2024,2,"Freshwater","WUE_E_minus_WUE_T",0.208702578713567,-1.98882883813185,-0.992773922167604,-3.6764356819494,2.6836617597818
"US-Esm",2024,3,"Freshwater","WUE_E_minus_WUE_T",0.206642781770048,-2.00069456140707,-0.851535353488986,-3.71966542890151,2.86813007541252
"US-Esm",2024,4,"Freshwater","WUE_E_minus_WUE_T",0.221600325503447,-1.91452972104456,-0.579808578478708,-3.4094858728019,2.82967729432319
"US-Esm",2024,5,"Freshwater","WUE_E_minus_WUE_T",0.180887486010692,-2.149061230905,-1.22265191648089,-4.24716529450018,3.02451337801929
"US-Fo1",2013,8,"Freshwater","WUE_E_minus_WUE_T",0.372176245309623,-1.04711791040308,-5.76372383817916,-6.98877313209049,1.22504929391132
"US-Fo1",2014,6,"Freshwater","WUE_E_minus_WUE_T",0.645913791539289,0.529782173762268,3.16413083844082,-1.42822096412784,4.59235180256867
"US-Fo1",2014,7,"Freshwater","WUE_E_minus_WUE_T",0.302352876893375,-1.44934433877879,-10.7465347877861,-8.35694338763809,-2.38959140014802
"US-Fo1",2014,8,"Freshwater","WUE_E_minus_WUE_T",0.231463106032404,-1.85771391458896,-29.8718151970429,-9.79498711826899,-20.0768280787739
"US-Fo1",2024,6,"Freshwater","WUE_E_minus_WUE_T",0.315388775608287,-1.37424937988897,-3.77016996378931,-8.01981523351685,4.24964526972754
"US-Fo1",2024,7,"Freshwater","WUE_E_minus_WUE_T",0.429877396508138,-0.714723061999505,-1.92541827421372,-5.813747404933,3.88832913071928
"US-Fo1",2024,8,"Freshwater","WUE_E_minus_WUE_T",0.268809423285451,-1.642575685907,-8.86244628966275,-9.05019698462489,0.187750694962141
"US-Fo2",2023,7,"Freshwater","WUE_E_minus_WUE_T",0.121961995817889,-2.48850904040117,-33.1407847227806,-11.8493606281286,-21.291424094652
"US-Fo2",2024,6,"Freshwater","WUE_E_minus_WUE_T",0.421262494001323,-0.764350307787247,-1.12135543682459,-5.80331483559316,4.68195939876857
"US-Fo2",2024,7,"Freshwater","WUE_E_minus_WUE_T",0.516354259337552,-0.21656205284204,0.323015258670153,-3.9840746170684,4.30708987573855
"US-Fo2",2024,8,"Freshwater","WUE_E_minus_WUE_T",0.306046756391161,-1.4280652743202,-5.94051347012881,-8.20249828740502,2.26198481727621
"US-GCE",2014,2,"Saline","WUE_E_minus_WUE_T",0.466009527701164,-0.506579307136033,-0.0630716337270573,-0.00407942523058141,-0.0589922084964759
"US-GCE",2014,3,"Saline","WUE_E_minus_WUE_T",0.422451459226486,-0.757501121808,-0.405606744790761,-0.716720528325557,0.311113783534797
"US-GCE",2014,4,"Saline","WUE_E_minus_WUE_T",0.699348210187347,0.837597964559023,1.56963642591264,3.81171448110581,-2.24207805519317
"US-GCE",2014,5,"Saline","WUE_E_minus_WUE_T",0.659184408657922,0.606229257984101,1.01912459260944,3.13083856311274,-2.1117139705033
"US-GCE",2014,6,"Saline","WUE_E_minus_WUE_T",0.620156559473059,0.381404349921371,0.700222116399862,2.55632698003228,-1.85610486363242
"US-GCE",2014,7,"Saline","WUE_E_minus_WUE_T",0.655353130371713,0.584158690262583,0.792495521236752,3.05327358078795,-2.2607780595512
"US-GCE",2014,8,"Saline","WUE_E_minus_WUE_T",0.595487085697414,0.239292696591609,0.454143453282985,2.05247632023333,-1.59833286695034
"US-GCE",2014,9,"Saline","WUE_E_minus_WUE_T",0.606293208046636,0.301542744042877,0.724426200655625,2.30122905231191,-1.57680285165629
"US-GCE",2014,10,"Saline","WUE_E_minus_WUE_T",0.727827866278422,1.00165865957723,1.20174008396412,4.28199913337035,-3.08025904940623
"US-GCE",2015,2,"Saline","WUE_E_minus_WUE_T",0.431004267364647,-0.708231578558713,-0.490986317907678,-0.575061332662343,0.0840750147546647
"US-GCE",2015,3,"Saline","WUE_E_minus_WUE_T",0.566197547534567,0.0705665724982543,0.3817556759814,1.62796752424071,-1.24621184825931
"US-GCE",2015,4,"Saline","WUE_E_minus_WUE_T",0.614086172177814,0.346435108877771,0.895924516355898,2.42097832813347,-1.52505381177757
"US-GCE",2015,5,"Saline","WUE_E_minus_WUE_T",0.715644951970405,0.931477426267078,1.5180315939461,4.05178439826099,-2.53375280431489
"US-GCE",2015,6,"Saline","WUE_E_minus_WUE_T",0.734877404416139,1.04226842406078,2.21591115425979,4.42757507926299,-2.2116639250032
"US-GCE",2015,7,"Saline","WUE_E_minus_WUE_T",0.54102527830297,-0.0744414982493161,0.359543958865002,1.188435713015,-0.828891754149996
"US-GCE",2015,8,"Saline","WUE_E_minus_WUE_T",0.590417136672961,0.210086607936652,0.49009800028503,1.96977877315797,-1.47968077287294
"US-GCE",2015,9,"Saline","WUE_E_minus_WUE_T",0.590968701032301,0.213263964848941,0.570987997006855,2.05126615641055,-1.48027815940369
"US-GCE",2016,4,"Saline","WUE_E_minus_WUE_T",0.702296391576419,0.854581339856255,1.95059031114988,3.85980320310943,-1.90921289195954
"US-GCE",2016,8,"Saline","WUE_E_minus_WUE_T",0.638564234013745,0.487444109290521,0.631320789944476,2.75512135346341,-2.12380056351894
"US-GCE",2016,9,"Saline","WUE_E_minus_WUE_T",0.654375455464146,0.578526669134087,0.731555206986749,3.08551384494395,-2.3539586379572
"US-GCE",2016,10,"Saline","WUE_E_minus_WUE_T",0.513587978201775,-0.232497568506278,0.033009481230408,0.787464347283859,-0.754454866053451
"US-GCE",2017,2,"Saline","WUE_E_minus_WUE_T",0.532046524227184,-0.126164757454422,0.187768870850286,1.0730709765951,-0.885302105744819
"US-GCE",2017,3,"Saline","WUE_E_minus_WUE_T",0.558243305983175,0.0247451484933145,0.29664398087062,1.49822336666194,-1.20157938579132
"US-GCE",2017,4,"Saline","WUE_E_minus_WUE_T",0.691228745086774,0.790824749204311,1.18396925920577,3.67927530979605,-2.49530605059029
"US-GCE",2017,5,"Saline","WUE_E_minus_WUE_T",0.672483452989193,0.68284010079375,1.04635802011311,3.34776349457418,-2.30140547446107
"US-HB1",2018,5,"Saline","WUE_E_minus_WUE_T",0.623081533943488,0.398254038800845,1.1101949835352,2.46394830628123,-1.35375332274603
"US-HB1",2018,6,"Saline","WUE_E_minus_WUE_T",0.611784900486746,0.3331783394893,1.08471100781599,2.34176938119635,-1.25705837338037
"US-HB1",2018,7,"Saline","WUE_E_minus_WUE_T",0.571186036043721,0.0993033974544618,0.657349710737788,1.60239258855433,-0.945042877816543
"US-HB1",2018,8,"Saline","WUE_E_minus_WUE_T",0.564653556995179,0.0616722178689925,0.591694499194773,1.47153603800678,-0.879841538812004
"US-HB1",2018,9,"Saline","WUE_E_minus_WUE_T",0.598094970165153,0.254315748026512,0.93327763204558,2.08950018013801,-1.15622254809243
"US-HB1",2018,10,"Saline","WUE_E_minus_WUE_T",0.585145693967943,0.179719789209339,0.784698018086228,1.87666013914593,-1.0919621210597
"US-HB1",2019,4,"Saline","WUE_E_minus_WUE_T",0.598088944084138,0.254281034017451,0.902623828583287,2.08203765223091,-1.17941382364762
"US-HB1",2019,5,"Saline","WUE_E_minus_WUE_T",0.651040184442145,0.559313414585167,1.4674401438111,2.91999072497703,-1.45255058116593
"US-HB1",2019,6,"Saline","WUE_E_minus_WUE_T",0.665732730872899,0.643951704152576,1.47810751702035,3.22172955859739,-1.74362204157704
"US-HB1",2019,7,"Saline","WUE_E_minus_WUE_T",0.607063209452321,0.305978435449319,0.788596054307047,2.1875965467358,-1.39900049242875
"US-HB1",2019,8,"Saline","WUE_E_minus_WUE_T",0.524226620572654,-0.171212310853061,0.183609291144158,0.812119451806548,-0.628510160662389
"US-HB1",2019,9,"Saline","WUE_E_minus_WUE_T",0.494601629620233,-0.341870853569284,-0.0410097446002842,0.401387467284418,-0.442397211884702
"US-HB1",2020,4,"Saline","WUE_E_minus_WUE_T",0.642138210145885,0.508032455102782,1.03093838636206,2.80053920642926,-1.7696008200672
"US-HB1",2020,5,"Saline","WUE_E_minus_WUE_T",0.674901047750679,0.696766964080771,1.664454303843,3.30919283671401,-1.64473853287101
"US-HB1",2020,6,"Saline","WUE_E_minus_WUE_T",0.538832118823876,-0.0870754734376149,0.395995194865019,1.1518134138395,-0.755818218974482
"US-HB1",2020,8,"Saline","WUE_E_minus_WUE_T",0.507271831546508,-0.268882537720306,0.0794768571120752,0.535564508772663,-0.456087651660588
"US-HB1",2020,9,"Saline","WUE_E_minus_WUE_T",0.39833411898728,-0.896432139408121,-0.995115778232876,-1.16886244134348,0.1737466631106
"US-HB1",2020,10,"Saline","WUE_E_minus_WUE_T",0.524898111193784,-0.167344103398288,0.16547395622309,0.893942701828196,-0.728468745605105
"US-HB1",2021,4,"Saline","WUE_E_minus_WUE_T",0.645773157501323,0.52897203343128,1.16567466428105,2.85982998599981,-1.69415532171876
"US-HB1",2021,5,"Saline","WUE_E_minus_WUE_T",0.624043482473024,0.403795466120848,1.22849572251004,2.47963895394291,-1.25114323143287
"US-HB1",2021,6,"Saline","WUE_E_minus_WUE_T",0.584450766632023,0.175716571566768,1.03237083315632,1.89591365161952,-0.8635428184632
"US-HB1",2021,9,"Saline","WUE_E_minus_WUE_T",0.465985224310015,-0.50671930992365,-0.363088614514667,-0.0653837988279418,-0.297704815686725
"US-HB1",2022,4,"Saline","WUE_E_minus_WUE_T",0.64056113424534,0.498947508026444,1.3462657569815,2.77481502105824,-1.42854926407673
"US-HB1",2022,5,"Saline","WUE_E_minus_WUE_T",0.646192122915457,0.531385537190304,1.44988949329614,2.84091245527575,-1.39102296197961
"US-HB1",2022,6,"Saline","WUE_E_minus_WUE_T",0.668759816854563,0.661389619429488,1.85747163174402,3.27110531844477,-1.41363368670076
"US-HB1",2022,7,"Saline","WUE_E_minus_WUE_T",0.473455285669316,-0.463687067732369,-0.2700994466425,0.00827531226305162,-0.278374758905551
"US-HB1",2022,8,"Saline","WUE_E_minus_WUE_T",0.508474452803804,-0.261954684424443,0.0836989657752518,0.55518084565482,-0.471481879879568
"US-HB1",2022,9,"Saline","WUE_E_minus_WUE_T",0.600006227322673,0.265325788899846,0.751296313603688,2.1206753020169,-1.36937898841321
"US-HB1",2022,10,"Saline","WUE_E_minus_WUE_T",0.535600387595069,-0.105692273788525,0.367996935118269,1.06851092770974,-0.700513992591468
"US-HB1",2023,4,"Saline","WUE_E_minus_WUE_T",0.583651014302778,0.171109496166742,0.630450417235194,1.84653599886005,-1.21608558162485
"US-HB1",2023,5,"Saline","WUE_E_minus_WUE_T",0.641677933135684,0.505380970620214,1.42676574964948,2.76728007356554,-1.34051432391606
"US-HB1",2023,6,"Saline","WUE_E_minus_WUE_T",0.564842277933607,0.0627593689295216,0.621729323182802,1.57607337129468,-0.954344048111873
"US-HB1",2023,7,"Saline","WUE_E_minus_WUE_T",0.618791327630985,0.373539757590783,1.06890940147376,2.37889760331594,-1.30998820184219
"US-HB1",2023,8,"Saline","WUE_E_minus_WUE_T",0.622403971661645,0.394350854769344,1.1370097413489,2.41352137404598,-1.27651163269708
"US-HB1",2023,9,"Saline","WUE_E_minus_WUE_T",0.651251286338486,0.560529494011218,1.27384933697619,2.95654971809083,-1.68270038111465
"US-HB1",2023,10,"Saline","WUE_E_minus_WUE_T",0.556691688925731,0.0158068603330842,0.560502845545833,1.41253783532959,-0.852034989783759
"US-HB1",2024,4,"Saline","WUE_E_minus_WUE_T",0.619534606120788,0.377821508228474,0.94451365608635,2.43184464975378,-1.48733099366743
"US-HB1",2024,5,"Saline","WUE_E_minus_WUE_T",0.611499512201244,0.331534323834064,1.06900969386221,2.2750302750274,-1.20602058116518
"US-HB1",2024,6,"Saline","WUE_E_minus_WUE_T",0.645405406493325,0.526853556797544,1.26121299415471,2.89016412141293,-1.62895112725822
"US-HB1",2024,7,"Saline","WUE_E_minus_WUE_T",0.592162347572255,0.220140118139725,0.911891247989276,1.94454386102897,-1.03265261303969
"US-HB1",2024,8,"Saline","WUE_E_minus_WUE_T",0.468947219171924,-0.48965636035252,-0.280896953861645,-0.0895604028794127,-0.191336550982233
"US-HB1",2024,9,"Saline","WUE_E_minus_WUE_T",0.485393979675431,-0.394912696651863,-0.107356709108114,0.251198567733145,-0.358555276841259
"US-HB1",2024,10,"Saline","WUE_E_minus_WUE_T",0.492139253357886,-0.356055686409441,-0.0779847483749605,0.35960257829782,-0.43758732667278
"US-HB2",2019,3,"Upland","WUE_E_minus_WUE_T",0.569377024763323,0.0888823570104063,1.70622285348109,1.97403737549525,-0.26781452201416
"US-HB2",2019,4,"Upland","WUE_E_minus_WUE_T",0.64458851652236,0.522147757824366,3.68729840509845,4.01392608240792,-0.326627677309469
"US-HB2",2019,5,"Upland","WUE_E_minus_WUE_T",0.68194953409974,0.737370669601488,4.95800924225819,4.99557804070321,-0.037568798445025
"US-HB2",2019,6,"Upland","WUE_E_minus_WUE_T",0.676044649059891,0.703354825430398,3.69757279852371,4.89844262730464,-1.20086982878092
"US-HB2",2019,7,"Upland","WUE_E_minus_WUE_T",0.717358389838524,0.941347903867481,5.17013819295245,5.93527148260464,-0.765133289652193
"US-HB2",2019,8,"Upland","WUE_E_minus_WUE_T",0.703234627940242,0.859986170218248,4.95397715799561,5.53013481852644,-0.576157660530831
"US-HB2",2019,9,"Upland","WUE_E_minus_WUE_T",0.685254039309931,0.756406693763487,4.96708577053931,5.11779644091492,-0.150710670375609
"US-HB2",2019,10,"Upland","WUE_E_minus_WUE_T",0.599372006366327,0.261672278107421,2.29823427741524,2.80045097286464,-0.502216695449394
"US-HB2",2020,3,"Upland","WUE_E_minus_WUE_T",0.54406631472903,-0.0569232196563597,0.869086509378919,1.29155878796239,-0.422472278583469
"US-HB2",2020,4,"Upland","WUE_E_minus_WUE_T",0.579858472771398,0.149262076467091,1.42386762415775,2.26854364271178,-0.844676018554031
"US-HB2",2020,5,"Upland","WUE_E_minus_WUE_T",0.634094778252584,0.461697238746009,2.93846453224996,3.70522126552597,-0.766756733276013
"US-HB2",2020,6,"Upland","WUE_E_minus_WUE_T",0.646430586677394,0.532759238136509,2.65178439829576,4.09992834467356,-1.4481439463778
"US-HB2",2020,7,"Upland","WUE_E_minus_WUE_T",0.689127324943835,0.778719250174642,3.60430083854333,5.17404837713779,-1.56974753859447
"US-HB2",2020,8,"Upland","WUE_E_minus_WUE_T",0.639813139909354,0.494638591154725,2.59136052476883,3.82003630639828,-1.22867578162945
"US-HB2",2020,10,"Upland","WUE_E_minus_WUE_T",0.639454539322482,0.492572826690152,3.42504164561644,3.88123734509963,-0.456195699483194
"US-HB2",2021,3,"Upland","WUE_E_minus_WUE_T",0.495642376953811,-0.335875495678057,-0.100733363094275,-0.0141454222645687,-0.0865879408297059
"US-HB2",2021,4,"Upland","WUE_E_minus_WUE_T",0.516763653834553,-0.214203683573124,0.336333744010948,0.567253443807166,-0.230919699796219
"US-HB2",2021,5,"Upland","WUE_E_minus_WUE_T",0.509470234115447,-0.256218359043552,0.20648644112838,0.344842092464413,-0.138355651336033
"US-HB2",2021,6,"Upland","WUE_E_minus_WUE_T",0.611237306667086,0.330023855377772,2.35146023633366,3.15097590519081,-0.799515668857149
"US-HB2",2021,7,"Upland","WUE_E_minus_WUE_T",0.697567009284469,0.82733712934533,4.78723705143403,5.40161622648753,-0.614379175053499
"US-HB2",2021,8,"Upland","WUE_E_minus_WUE_T",0.60544190214776,0.296638687722952,2.44791055411568,2.8932494336671,-0.445338879551415
"US-HB2",2021,9,"Upland","WUE_E_minus_WUE_T",0.502276819741189,-0.297656940956924,0.0468011782113349,0.183994339244597,-0.137193161033262
"US-HB2",2021,10,"Upland","WUE_E_minus_WUE_T",0.60201939006465,0.276922869903117,2.3537697502375,2.87183508989024,-0.518065339652737
"US-HB2",2022,3,"Upland","WUE_E_minus_WUE_T",0.584031077081985,0.173298896330419,1.15519736267578,2.36916959085082,-1.21397222817503
"US-HB2",2022,4,"Upland","WUE_E_minus_WUE_T",0.649963955182359,0.553113658527904,2.87229564797655,4.15886953832342,-1.28657389034686
"US-HB2",2022,5,"Upland","WUE_E_minus_WUE_T",0.709558973766981,0.896418371806367,5.0713717696005,5.74003962874805,-0.668667859147541
"US-HB2",2022,6,"Upland","WUE_E_minus_WUE_T",0.644866663153671,0.523750057006065,3.00163960673132,4.05775867357253,-1.05611906684122
"US-HB2",2022,7,"Upland","WUE_E_minus_WUE_T",0.641374480758857,0.503632894460585,2.70243114439274,3.8864395504441,-1.18400840605135
"US-HB2",2022,8,"Upland","WUE_E_minus_WUE_T",0.558546070884954,0.026489264365157,1.19562826986826,1.62874912379609,-0.433120853927831
"US-HB2",2022,9,"Upland","WUE_E_minus_WUE_T",0.654920135926523,0.58166437047903,2.90792547437935,4.29987234840954,-1.39194687403019
"US-HB2",2022,10,"Upland","WUE_E_minus_WUE_T",0.575475900613354,0.12401571001109,1.20560663886689,2.15611580882822,-0.950509169961326
"US-HB2",2023,3,"Upland","WUE_E_minus_WUE_T",0.737118669056768,1.05517951517387,5.66724128047927,6.49702706297226,-0.829785782492991
"US-HB2",2023,4,"Upland","WUE_E_minus_WUE_T",0.704557470816532,0.867606575499481,3.83424526825104,5.63093039271991,-1.79668512446887
"US-HB2",2023,5,"Upland","WUE_E_minus_WUE_T",0.710967843259371,0.904534344392981,4.83961698360356,5.77802841925931,-0.93841143565575
"US-HB2",2023,6,"Upland","WUE_E_minus_WUE_T",0.707505919459608,0.884591490347526,3.99789782863897,5.74676507085903,-1.74886724222006
"US-HB2",2023,7,"Upland","WUE_E_minus_WUE_T",0.684713458219064,0.753292607371517,3.15137672828503,5.05503276976058,-1.90365604147555
"US-HB2",2023,8,"Upland","WUE_E_minus_WUE_T",0.703564655758037,0.861887337598562,3.48401513523077,5.53903369645719,-2.05501856122642
"US-HB2",2023,9,"Upland","WUE_E_minus_WUE_T",0.710375274074319,0.901120773946936,4.10164686857601,5.79516601276223,-1.69351914418622
"US-HB2",2023,10,"Upland","WUE_E_minus_WUE_T",0.680122160385449,0.72684385001259,3.06286614517255,4.97780004696657,-1.91493390179402
"US-HB2",2024,3,"Upland","WUE_E_minus_WUE_T",0.658980527184531,0.605054772726314,3.25052965439236,4.39010834654141,-1.13957869214905
"US-HB2",2024,4,"Upland","WUE_E_minus_WUE_T",0.63527934699362,0.468521098217127,2.93760592773134,3.76291341376014,-0.825307486028801
"US-HB2",2024,5,"Upland","WUE_E_minus_WUE_T",0.605532423518073,0.297160147633843,2.12545466329374,2.93506525293642,-0.809610589642672
"US-HB2",2024,6,"Upland","WUE_E_minus_WUE_T",0.66038831089059,0.613164490502143,3.43274637779974,4.47628475242699,-1.04353837462725
"US-HB2",2024,7,"Upland","WUE_E_minus_WUE_T",0.659130074102486,0.605916256840415,3.40251145154726,4.36520179178579,-0.962690340238523
"US-HB2",2024,8,"Upland","WUE_E_minus_WUE_T",0.657177806529483,0.594669970232738,3.36036230805902,4.28825759026697,-0.927895282207946
"US-HB2",2024,9,"Upland","WUE_E_minus_WUE_T",0.683980718717896,0.749071567923409,4.53976314570148,5.08346259417767,-0.543699448476189
"US-HB2",2024,10,"Upland","WUE_E_minus_WUE_T",0.694920040586535,0.812088928212362,4.63365148967101,5.37681044076565,-0.743158951094646
"US-HB3",2019,4,"Upland","WUE_E_minus_WUE_T",0.584755577236518,0.177472471970286,1.72538258656492,2.09861893671871,-0.37323635015379
"US-HB3",2019,5,"Upland","WUE_E_minus_WUE_T",0.627556071095279,0.424030181344845,3.58638003346389,3.22694106287598,0.359438970587912
"US-HB3",2019,6,"Upland","WUE_E_minus_WUE_T",0.695748907511648,0.816863721959054,4.61621365118564,5.1277783736849,-0.511564722499251
"US-HB3",2019,7,"Upland","WUE_E_minus_WUE_T",0.749289832868976,1.12529305825267,7.32484936879653,6.49430132486228,0.830548043934244
"US-HB3",2019,8,"Upland","WUE_E_minus_WUE_T",0.723338706283063,0.975798280275897,6.51223805442751,5.77025131796147,0.741986736466035
"US-HB3",2019,9,"Upland","WUE_E_minus_WUE_T",0.786842063998584,1.34161748011037,9.24190488370649,7.555048008207,1.68685687549949
"US-HB3",2019,10,"Upland","WUE_E_minus_WUE_T",0.628922056190538,0.431899112886573,2.92972879394943,3.29526887205337,-0.365540078103938
"US-HB3",2020,4,"Upland","WUE_E_minus_WUE_T",0.61201844200133,0.334523685201192,2.49693388403686,2.83373547084907,-0.336801586812204
"US-HB3",2020,5,"Upland","WUE_E_minus_WUE_T",0.641651265923799,0.505227350741442,3.5204944832464,3.60700423157155,-0.0865097483251454
"US-HB3",2020,6,"Upland","WUE_E_minus_WUE_T",0.691840505879109,0.794348875354374,5.07890511630647,5.02239213908017,0.0565129772263075
"US-HB3",2020,7,"Upland","WUE_E_minus_WUE_T",0.75166282344032,1.1389629734076,6.99358317404094,6.55828669908393,0.435296474957014
"US-HB3",2020,8,"Upland","WUE_E_minus_WUE_T",0.729575035807572,1.01172345271765,6.92517164816252,5.93840785562914,0.986763792533383
"US-HB3",2020,10,"Upland","WUE_E_minus_WUE_T",0.711385031931813,0.906937613004643,6.50370479759674,5.51880251182126,0.984902285775479
"US-HB3",2021,5,"Upland","WUE_E_minus_WUE_T",0.551971665238745,-0.0113834387391024,1.27174567954532,1.18888134512859,0.0828643344167266
"US-HB3",2021,6,"Upland","WUE_E_minus_WUE_T",0.68988369328835,0.783076406591631,4.93345127681108,4.96962859782833,-0.0361773210172442
"US-HB3",2021,7,"Upland","WUE_E_minus_WUE_T",0.569620880538464,0.0902871193370944,1.56008727722131,1.64970341971072,-0.0896161424894109
"US-HB3",2021,8,"Upland","WUE_E_minus_WUE_T",0.650719654221816,0.557466959327656,3.49324193898128,3.81214947049909,-0.318907531517816
"US-HB3",2021,9,"Upland","WUE_E_minus_WUE_T",0.674164620019138,0.692524678110715,3.94531200483986,4.51681072803138,-0.571498723191517
"US-HB3",2021,10,"Upland","WUE_E_minus_WUE_T",0.692037444393723,0.795483364811691,4.50074317243401,4.99711370114492,-0.49637052871091
"US-HB3",2022,4,"Upland","WUE_E_minus_WUE_T",0.683075361066948,0.743856139584682,4.43228178352469,4.74971592705257,-0.317434143527875
"US-HB3",2022,5,"Upland","WUE_E_minus_WUE_T",0.711314879349152,0.90653349009558,5.82772946580812,5.48541556134276,0.342313904465361
"US-HB3",2022,6,"Upland","WUE_E_minus_WUE_T",0.688003543266411,0.772245562344374,4.87492375410536,4.91893218790602,-0.0440084338006637
"US-HB3",2022,7,"Upland","WUE_E_minus_WUE_T",0.596650655847125,0.245995590996432,1.92686059818205,2.37853492419999,-0.451674326017938
"US-HB3",2022,8,"Upland","WUE_E_minus_WUE_T",0.595671041787926,0.240352399137373,2.22099913382965,2.32781737516779,-0.106818241338142
"US-HB3",2022,9,"Upland","WUE_E_minus_WUE_T",0.710742859954965,0.903238299343481,5.28090109909802,5.50310725989546,-0.222206160797437
"US-HB3",2022,10,"Upland","WUE_E_minus_WUE_T",0.543776316435981,-0.0585937918486483,1.06816662019649,0.999397119605602,0.0687695005908855
"US-HB3",2023,4,"Upland","WUE_E_minus_WUE_T",0.648021838461282,0.541925847198744,3.56402538306953,3.80453190955356,-0.240506526484032
"US-HB3",2023,5,"Upland","WUE_E_minus_WUE_T",0.663479266863554,0.630970337018462,4.03956003721757,4.19557496822202,-0.156014931004449
"US-HB3",2023,6,"Upland","WUE_E_minus_WUE_T",0.683749765094634,0.747741130089885,4.61083984427476,4.80423321208043,-0.193393367805661
"US-HB3",2023,7,"Upland","WUE_E_minus_WUE_T",0.718394894301557,0.947318820161233,5.13721837214921,5.66124946630762,-0.524031094158402
"US-HB3",2023,8,"Upland","WUE_E_minus_WUE_T",0.738998720290372,1.06600979033831,5.4274755440438,6.19250830822263,-0.765032764178827
"US-HB3",2023,9,"Upland","WUE_E_minus_WUE_T",0.730674513719209,1.01805713560214,5.90326593500226,6.04054484618936,-0.1372789111871
"US-HB3",2023,10,"Upland","WUE_E_minus_WUE_T",0.712073273815296,0.910902318244895,6.14187812118572,5.53736028234149,0.604517838844233
"US-HB3",2024,4,"Upland","WUE_E_minus_WUE_T",0.696976806885933,0.823937193075187,6.11801719660481,5.12455484284556,0.993462353759248
"US-HB3",2024,5,"Upland","WUE_E_minus_WUE_T",0.656869731606334,0.592895265304846,4.14415431265527,4.01735530229861,0.12679901035666
"US-HB3",2024,6,"Upland","WUE_E_minus_WUE_T",0.752028224702947,1.14106791403313,7.47848961278811,6.6452952213747,0.833194391413408
"US-HB3",2024,7,"Upland","WUE_E_minus_WUE_T",0.73932146972905,1.06786902968645,6.66881134419982,6.22551414399957,0.443297200200249
"US-HB3",2024,8,"Upland","WUE_E_minus_WUE_T",0.712990584527083,0.916186603716675,5.51643611540148,5.49122431674063,0.0252117986608553
"US-HB3",2024,9,"Upland","WUE_E_minus_WUE_T",0.76680817110089,1.22620968227021,8.81774045750516,7.01485364348638,1.80288681401878
"US-KPL",2021,6,"Freshwater","WUE_E_minus_WUE_T",0.44290360855021,-0.639683904425315,-0.714850757335396,-1.41170874329687,0.696857985961473
"US-KPL",2021,7,"Freshwater","WUE_E_minus_WUE_T",0.440518194740646,-0.653425385230126,-1.72224973953233,-1.53643640763805,-0.185813331894285
"US-KPL",2021,8,"Freshwater","WUE_E_minus_WUE_T",0.476833712356478,-0.444225209464444,-0.464223534658871,-0.836506517175771,0.372282982516901
"US-KPL",2022,6,"Freshwater","WUE_E_minus_WUE_T",0.464594503067208,-0.514730737201492,-0.487317588854363,-0.979131573325542,0.491813984471179
"US-KPL",2022,7,"Freshwater","WUE_E_minus_WUE_T",0.374136089963214,-1.03582797505527,-2.58239229953259,-2.8602814431141,0.277889143581508
"US-KPL",2023,6,"Freshwater","WUE_E_minus_WUE_T",0.373335200691181,-1.04044159995939,-2.13975341719884,-2.79909758369201,0.659344166493166
"US-KPL",2023,7,"Freshwater","WUE_E_minus_WUE_T",0.34785800549077,-1.18720623568136,-5.03035431689726,-3.38434002467466,-1.6460142922226
"US-KPL",2023,8,"Freshwater","WUE_E_minus_WUE_T",0.439932686258134,-0.656798281597724,-1.53217749799316,-1.57241629840454,0.040238800411375
"US-KPL",2024,6,"Freshwater","WUE_E_minus_WUE_T",0.431433549355495,-0.705758644842377,-0.959441002955176,-1.6404538391695,0.681012836214328
"US-KPL",2024,8,"Freshwater","WUE_E_minus_WUE_T",0.512964680497779,-0.236088154508922,0.250232255499461,-0.11595384773003,0.366186103229491
"US-KS1",2002,4,"Upland","WUE_E_minus_WUE_T",0.651418805507525,0.561494509572273,3.16812897170364,4.17007093599425,-1.00194196429061
"US-KS1",2002,5,"Upland","WUE_E_minus_WUE_T",0.638447052341882,0.486769069308726,2.3907214016928,3.79454886650558,-1.40382746481278
"US-KS1",2002,6,"Upland","WUE_E_minus_WUE_T",0.512308696013301,-0.239867036883781,0.322787070225748,0.455435272798061,-0.132648202572313
"US-KS1",2002,7,"Upland","WUE_E_minus_WUE_T",0.5918093787731,0.218106796307327,2.18265059263354,2.52193774018536,-0.339287147551819
"US-KS1",2002,8,"Upland","WUE_E_minus_WUE_T",0.633768751356139,0.459819119183948,2.13343306502996,3.62902804853774,-1.49559498350778
"US-KS1",2002,9,"Upland","WUE_E_minus_WUE_T",0.738364059064097,1.06235374331474,4.49977303893007,6.52182905599962,-2.02205601706955
"US-KS1",2002,11,"Upland","WUE_E_minus_WUE_T",0.677471557403971,0.711574713125264,4.57549992671366,4.86109811609242,-0.285598189378761
"US-KS2",2000,4,"Upland","WUE_E_minus_WUE_T",0.759744534051473,1.18551869920575,7.67688971259771,6.64618795832583,1.03070175427188
"US-KS2",2000,5,"Upland","WUE_E_minus_WUE_T",0.737394607792999,1.05676909549407,8.80421875124972,6.01779260644555,2.78642614480417
"US-KS2",2000,6,"Upland","WUE_E_minus_WUE_T",0.667175932406349,0.652265450845025,4.16788511059538,4.18649862004374,-0.0186135094483584
"US-KS2",2000,7,"Upland","WUE_E_minus_WUE_T",0.831414157606738,1.59838071602815,11.9708863565933,8.53786619779357,3.43302015879974
"US-KS2",2000,8,"Upland","WUE_E_minus_WUE_T",0.687795771050821,0.771048663969404,4.21846925663713,4.64103339363481,-0.42256413699768
"US-KS2",2000,9,"Upland","WUE_E_minus_WUE_T",0.789352289029367,1.35607795189013,6.97222122765945,7.45189640253686,-0.479675174877412
"US-KS2",2001,4,"Upland","WUE_E_minus_WUE_T",0.621583811344111,0.389626216547218,2.19593088055155,2.92081894425691,-0.724888063705358
"US-KS2",2001,5,"Upland","WUE_E_minus_WUE_T",0.798072422785593,1.40631139572538,9.43838284127928,7.65391065349432,1.78447218778496
"US-KS2",2001,6,"Upland","WUE_E_minus_WUE_T",0.843413084301172,1.66750206519986,9.59909755670889,8.93856137660128,0.660536180107604
"US-KS2",2001,7,"Upland","WUE_E_minus_WUE_T",0.695802255444786,0.817171039539027,5.21008473599927,4.88122364155019,0.32886109444908
"US-KS2",2001,8,"Upland","WUE_E_minus_WUE_T",0.739476455496453,1.0687618449872,6.43586471439199,6.03455259856419,0.4013121158278
"US-KS2",2001,9,"Upland","WUE_E_minus_WUE_T",0.657393957574109,0.595915135922128,3.75220115615635,3.89376881375105,-0.141567657594696
"US-KS2",2001,10,"Upland","WUE_E_minus_WUE_T",0.625727467143426,0.413496274815404,3.24876271220847,3.03829252386343,0.210470188345043
"US-KS2",2002,4,"Upland","WUE_E_minus_WUE_T",0.665600544249014,0.643190226228922,5.12213173048692,4.10768717750867,1.01444455297826
"US-KS2",2002,5,"Upland","WUE_E_minus_WUE_T",0.678499037643593,0.717493644227902,4.9879339301877,4.42973105174997,0.558202878437725
"US-KS2",2002,6,"Upland","WUE_E_minus_WUE_T",0.648455189398683,0.544422220601194,4.63314328565588,3.68171206019903,0.951431225456858
"US-KS2",2002,7,"Upland","WUE_E_minus_WUE_T",0.695691756824969,0.816534498131797,6.43637387026651,4.87824415413658,1.55812971612994
"US-KS2",2002,8,"Upland","WUE_E_minus_WUE_T",0.704579845863011,0.86773546981143,5.84283328069507,5.09359958618135,0.749233694513722
"US-KS2",2002,9,"Upland","WUE_E_minus_WUE_T",0.763831698409801,1.20906333131565,8.82979437972418,6.76375858990944,2.06603578981474
"US-KS2",2002,10,"Upland","WUE_E_minus_WUE_T",0.721380695300874,0.964518908026323,7.22828795298833,5.61748844359086,1.61079950939747
"US-KS2",2003,4,"Upland","WUE_E_minus_WUE_T",0.756143068238976,1.16477199558008,9.38543895352036,6.54907794847503,2.83636100504533
"US-KS2",2003,5,"Upland","WUE_E_minus_WUE_T",0.755759284946485,1.16256116292462,7.95617223514251,6.51297819812697,1.44319403701554
"US-KS2",2003,6,"Upland","WUE_E_minus_WUE_T",0.756581086246712,1.16729525423706,6.91936043732469,6.59722131523708,0.322139122087605
"US-KS2",2003,7,"Upland","WUE_E_minus_WUE_T",0.849156877456311,1.70058991900186,9.25278202153665,9.01628131793525,0.23650070360141
"US-KS2",2003,8,"Upland","WUE_E_minus_WUE_T",0.790145284556304,1.36064610386779,6.19032987585515,7.40078811079826,-1.21045823494311
"US-KS2",2003,9,"Upland","WUE_E_minus_WUE_T",0.666423522248684,0.647931096068739,4.17532728277564,4.13724221045904,0.0380850723166004
"US-KS2",2003,10,"Upland","WUE_E_minus_WUE_T",0.703326747005385,0.860516833854196,8.00316547777645,5.13068135222904,2.87248412554741
"US-KS2",2004,4,"Upland","WUE_E_minus_WUE_T",0.715443176749789,0.930315074347314,4.70717184549399,5.45164510606774,-0.744473260573751
"US-KS2",2004,5,"Upland","WUE_E_minus_WUE_T",0.745357908950163,1.10264270851473,5.69023426423394,6.23251524830255,-0.542280984068607
"US-KS2",2004,6,"Upland","WUE_E_minus_WUE_T",0.79129639484757,1.36727722166724,5.06861544573369,7.53328572226397,-2.46467027653028
"US-KS2",2004,7,"Upland","WUE_E_minus_WUE_T",0.837067666165831,1.63094847388766,7.75487578938019,8.69030753708381,-0.935431747703618
"US-KS2",2004,8,"Upland","WUE_E_minus_WUE_T",0.763525706338802,1.2073006249235,4.4142525136583,6.68301717043403,-2.26876465677573
"US-KS2",2004,9,"Upland","WUE_E_minus_WUE_T",0.618736123071053,0.373221744675119,1.51579931150189,2.85139804450047,-1.33559873299858
"US-KS2",2004,10,"Upland","WUE_E_minus_WUE_T",0.714725668333113,0.926181775506035,3.29987903319004,5.43804213810212,-2.13816310491207
"US-KS2",2005,4,"Upland","WUE_E_minus_WUE_T",0.72337481944308,0.976006314744884,4.87349346057418,5.6655141083517,-0.792020647777522
"US-KS2",2005,5,"Upland","WUE_E_minus_WUE_T",0.725974599726371,0.990982680990573,4.81536176508174,5.70986323724308,-0.894501472161348
"US-KS2",2005,6,"Upland","WUE_E_minus_WUE_T",0.778662120690002,1.29449587231694,5.80881916062013,7.19261485329678,-1.38379569267665
"US-KS2",2005,7,"Upland","WUE_E_minus_WUE_T",0.789996220231236,1.35978739979163,5.64627539819093,7.42107194902463,-1.7747965508337
"US-KS2",2005,8,"Upland","WUE_E_minus_WUE_T",0.640070645564156,0.496121985355932,1.45300424004881,3.35417197458189,-1.90116773453308
"US-KS2",2005,9,"Upland","WUE_E_minus_WUE_T",0.732884696919307,1.03078917810877,3.96137295304505,5.92930290545834,-1.96792995241329
"US-KS2",2005,10,"Upland","WUE_E_minus_WUE_T",0.603643524853011,0.28627890571091,1.24377477590367,2.44282057854467,-1.199045802641
"US-KS2",2006,4,"Upland","WUE_E_minus_WUE_T",0.772055026609331,1.2564348633125,4.87381215944563,6.97812837253536,-2.10431621308972
"US-KS2",2006,5,"Upland","WUE_E_minus_WUE_T",0.741577569243733,1.08086557898555,4.214468452322,6.13058207852014,-1.91611362619814
"US-KS2",2006,6,"Upland","WUE_E_minus_WUE_T",0.758189841848644,1.17656269627791,4.12412918424933,6.64059983956154,-2.5164706553122
"US-KS2",2006,7,"Upland","WUE_E_minus_WUE_T",0.764623297410295,1.21362343842444,5.15491572826028,6.7369158544325,-1.58200012617222
"US-KS2",2006,8,"Upland","WUE_E_minus_WUE_T",0.778399905150784,1.29298534622522,4.23016497008936,7.08408542107302,-2.85392045098366
"US-KS3",2018,5,"Saline","WUE_E_minus_WUE_T",0.617525998973829,0.366250670311931,1.13133370667006,1.9100689812219,-0.778735274551836
"US-KS3",2018,6,"Saline","WUE_E_minus_WUE_T",0.740803149645351,1.07640443601599,2.76914010975861,3.98296574513882,-1.2138256353802
"US-KS3",2018,7,"Saline","WUE_E_minus_WUE_T",0.665306515390962,0.641496435452334,2.47579672567956,2.67436035712419,-0.198563631444633
"US-KS3",2018,8,"Saline","WUE_E_minus_WUE_T",0.726245720533288,0.992544507013839,3.55948183830865,3.64405585408553,-0.0845740157768731
"US-KS3",2018,9,"Saline","WUE_E_minus_WUE_T",0.719018742072736,0.950912574896117,4.34738062800791,3.59866495751259,0.748715670495324
"US-KS3",2018,10,"Saline","WUE_E_minus_WUE_T",0.542592227896394,-0.0654148850580077,0.587508739136807,0.719295821588241,-0.131787082451434
"US-KS4",2017,4,"Saline","WUE_E_minus_WUE_T",0.159606812187826,-2.27165126944585,-11.8190678448426,-6.75540896046564,-5.06365888437691
"US-KS4",2017,6,"Saline","WUE_E_minus_WUE_T",0.320877434761484,-1.34263125807908,-3.54496816444806,-4.08854003072209,0.543571866274029
"US-KS4",2017,7,"Saline","WUE_E_minus_WUE_T",0.193422691767115,-2.07685057772793,-7.91600570117315,-6.24465061509008,-1.67135508608307
"US-KS4",2017,8,"Saline","WUE_E_minus_WUE_T",0.283323212813936,-1.55896714829768,-4.10819640581504,-4.8025579058837,0.694361500068655
"US-KS4",2017,9,"Saline","WUE_E_minus_WUE_T",0.163019939141116,-2.25198951586458,-11.8747972280927,-6.69237212926349,-5.18242509882916
"US-KS4",2018,4,"Saline","WUE_E_minus_WUE_T",0.171266848347673,-2.20448214246607,-6.44168571223549,-6.56521841129473,0.123532699059237
"US-KS4",2018,5,"Saline","WUE_E_minus_WUE_T",0.237701254822655,-1.82177826203463,-3.65015157745322,-5.50733713822441,1.85718556077119
"US-KS4",2018,7,"Saline","WUE_E_minus_WUE_T",0.249202136078358,-1.75552596720009,-4.16052555135944,-5.33481440184263,1.17428885048319
"US-KS4",2018,8,"Saline","WUE_E_minus_WUE_T",0.266294383528799,-1.65706389352985,-5.09601731398998,-5.08032054307266,-0.0156967709173177
"US-KS4",2018,9,"Saline","WUE_E_minus_WUE_T",0.212416369076196,-1.96743507459425,-8.51345035139645,-5.88665128863803,-2.62679906275842
"US-KS4",2018,10,"Saline","WUE_E_minus_WUE_T",0.236277530574212,-1.82997980734006,-7.19413002539067,-5.49906460157366,-1.69506542381701
"US-KS4",2019,3,"Saline","WUE_E_minus_WUE_T",0.312457224297236,-1.39113695549854,-2.61924503051702,-4.27410164761869,1.65485661710167
"US-KS4",2019,4,"Saline","WUE_E_minus_WUE_T",0.176693807579563,-2.17321945093033,-7.00288014469422,-6.47669755745761,-0.526182587236602
"US-KS4",2019,5,"Saline","WUE_E_minus_WUE_T",0.213251570788384,-1.96262378849782,-6.20944869959015,-5.90614369163344,-0.303305007956709
"US-KS4",2019,6,"Saline","WUE_E_minus_WUE_T",0.274734839861328,-1.60844156720129,-3.87170126489961,-4.84118653575201,0.969485270852405
"US-KS4",2019,7,"Saline","WUE_E_minus_WUE_T",0.259638779632395,-1.69540434952124,-4.41601433280106,-5.1645789976096,0.748564664808539
"US-KS4",2019,8,"Saline","WUE_E_minus_WUE_T",0.229704307732449,-1.86784569674829,-5.63516870061537,-5.67715287828255,0.0419841776671745
"US-KS4",2020,3,"Saline","WUE_E_minus_WUE_T",0.162939433693491,-2.25245327777406,-12.3793904711035,-6.71293376751156,-5.66645670359194
"US-KS4",2020,4,"Saline","WUE_E_minus_WUE_T",0.302101495629992,-1.4507924526413,-3.37161417011815,-4.43113296969923,1.05951879958109
"US-KS4",2020,5,"Saline","WUE_E_minus_WUE_T",0.161438684746421,-2.26109853368996,-10.3822683627475,-6.75128011448481,-3.63098824826273
"US-KS4",2020,6,"Saline","WUE_E_minus_WUE_T",0.267075571973044,-1.65256375775949,-4.8736678428768,-4.96611928432582,0.0924514414490218
"US-KS4",2020,7,"Saline","WUE_E_minus_WUE_T",0.304782744643278,-1.43534677537505,-3.57067924442906,-4.42822146153788,0.857542217108814
"US-KS4",2020,10,"Saline","WUE_E_minus_WUE_T",0.270283424533011,-1.63408451352911,-4.19035891386674,-4.94438367619679,0.754024762330046
"US-KS4",2021,4,"Saline","WUE_E_minus_WUE_T",0.275525409878133,-1.60388738768441,-4.12491447616365,-4.86462393616513,0.739709460001477
"US-KS4",2021,5,"Saline","WUE_E_minus_WUE_T",0.293034045140594,-1.50302665886123,-3.93838704955789,-4.60478643997121,0.666399390413319
"US-KS4",2021,6,"Saline","WUE_E_minus_WUE_T",0.356085765378773,-1.13980917437726,-2.58328031212273,-3.51424577951274,0.930965467390013
"US-KS4",2021,9,"Saline","WUE_E_minus_WUE_T",0.2889004008844,-1.52683904435705,-4.32434242343119,-4.63909597980454,0.314753556373344
"US-KS4",2022,3,"Saline","WUE_E_minus_WUE_T",0.204933448458989,-2.01054139418248,-5.21416249748529,-6.02795606927378,0.813793571788492
"US-KS4",2022,4,"Saline","WUE_E_minus_WUE_T",0.259015333379257,-1.69899579126019,-3.23305665316682,-5.13392503207323,1.90086837890642
"US-LA2",2012,3,"Freshwater","WUE_E_minus_WUE_T",0.527669286620961,-0.151380393543572,0.65045117437515,0.373094506219077,0.277356668156073
"US-LA2",2012,4,"Freshwater","WUE_E_minus_WUE_T",0.662670794467422,0.626313028559811,4.69939361006419,3.07728682317906,1.62210678688513
"US-LA2",2012,5,"Freshwater","WUE_E_minus_WUE_T",0.626439940537699,0.417600568767289,3.36532654024744,2.32899074291878,1.03633579732866
"US-LA2",2012,6,"Freshwater","WUE_E_minus_WUE_T",0.499528245430828,-0.313490454192654,-0.0133940637010745,-0.139899755924992,0.126505692223918
"US-LA2",2012,7,"Freshwater","WUE_E_minus_WUE_T",0.564867899292566,0.0629069640389803,1.63169640173091,1.08600005553533,0.545696346195583
"US-LA2",2012,8,"Freshwater","WUE_E_minus_WUE_T",0.466699568615546,-0.502604238348599,-0.582741422717813,-0.896054536283139,0.313313113565326
"US-LA2",2012,9,"Freshwater","WUE_E_minus_WUE_T",0.549967532270346,-0.0229285025788104,0.792107388731782,0.837032446669706,-0.0449250579379235
"US-LA2",2012,10,"Freshwater","WUE_E_minus_WUE_T",0.556331263027915,0.0137305809317721,0.875490619119204,0.962322767533153,-0.0868321484139486
"US-LA2",2013,3,"Freshwater","WUE_E_minus_WUE_T",0.383596588928388,-0.981329562908651,-0.934296621135715,-2.50011848133895,1.56582186020323
"US-LA2",2013,4,"Freshwater","WUE_E_minus_WUE_T",0.462428440114553,-0.527208619389723,-0.981690882342366,-0.916106390110658,-0.0655844922317079
"US-LA2",2013,5,"Freshwater","WUE_E_minus_WUE_T",0.543144684730498,-0.0622323869308958,1.39279259106903,0.667850120023677,0.724942471045356
"US-LA2",2013,6,"Freshwater","WUE_E_minus_WUE_T",0.561696550579611,0.0446380048799015,1.82581739677391,1.0999103165504,0.725907080223509
"US-LA2",2013,7,"Freshwater","WUE_E_minus_WUE_T",0.471134753432218,-0.477054789955313,-0.901469531913808,-0.783301320533131,-0.118168211380676
"US-LA2",2013,8,"Freshwater","WUE_E_minus_WUE_T",0.516965266120517,-0.213042270259222,0.44322534125066,0.106384213132962,0.336841128117698
"US-LA2",2013,9,"Freshwater","WUE_E_minus_WUE_T",0.574479166491237,0.118273895843815,1.75113760379463,1.3258630642515,0.425274539543129
"US-LA2",2013,10,"Freshwater","WUE_E_minus_WUE_T",0.394004836640731,-0.921371523101294,-2.22080668768425,-2.27492067962402,0.0541139919397695
"US-LA2",2021,4,"Freshwater","WUE_E_minus_WUE_T",0.686735067856668,0.764938347795491,4.87586181378672,3.55719581319231,1.31866600059441
"US-LA2",2021,5,"Freshwater","WUE_E_minus_WUE_T",0.684458322770165,0.751822867044023,5.22771414723878,3.48603973288866,1.74167441435012
"US-LA2",2021,6,"Freshwater","WUE_E_minus_WUE_T",0.739257305011453,1.06749940063859,5.34309085411466,4.6409689201922,0.702121933922451
"US-LA2",2021,7,"Freshwater","WUE_E_minus_WUE_T",0.70163012678227,0.850743236445015,4.44452298084711,3.81342179833678,0.631101182510333
"US-LA2",2021,8,"Freshwater","WUE_E_minus_WUE_T",0.697352793904747,0.826103114300751,3.07950346004325,3.70381659223008,-0.624313132186833
"US-LA2",2021,9,"Freshwater","WUE_E_minus_WUE_T",0.675741007948418,0.701605662040748,2.17490752014293,3.34530771045119,-1.17040019030827
"US-LA2",2021,10,"Freshwater","WUE_E_minus_WUE_T",0.649651011418337,0.551310906020538,2.51443663737195,2.82337984056129,-0.308943203189339
"US-LA2",2022,3,"Freshwater","WUE_E_minus_WUE_T",0.665884888495888,0.644828227566348,1.36289467639691,3.12950060362959,-1.76660592723268
"US-LA2",2022,4,"Freshwater","WUE_E_minus_WUE_T",0.681275195379204,0.733486055306461,3.79531464782214,3.44831066865136,0.347003979170776
"US-LA2",2022,5,"Freshwater","WUE_E_minus_WUE_T",0.731036880282464,1.02014459445448,6.49414934568082,4.41494658706325,2.07920275861756
"US-LA2",2022,6,"Freshwater","WUE_E_minus_WUE_T",0.774870954050216,1.27265637285584,7.64420322056084,5.35120479826851,2.29299842229233
"US-LA2",2022,7,"Freshwater","WUE_E_minus_WUE_T",0.629015574572691,0.432437837466812,3.62411654125353,2.36528431055633,1.2588322306972
"US-LA2",2022,8,"Freshwater","WUE_E_minus_WUE_T",0.58554443982656,0.182016815637297,2.10327754183586,1.47404495471674,0.629232587119124
"US-LA2",2022,9,"Freshwater","WUE_E_minus_WUE_T",0.693085937051192,0.801523340630073,4.1660893275941,3.69121416160063,0.474875165993464
"US-LA2",2022,10,"Freshwater","WUE_E_minus_WUE_T",0.591198154847966,0.214585762849319,1.55924727907436,1.65766621578953,-0.0984189367151702
"US-LA2",2023,4,"Freshwater","WUE_E_minus_WUE_T",0.751256889536327,1.13662453932653,8.36670346319963,4.8439415950092,3.52276186819043
"US-LA2",2023,5,"Freshwater","WUE_E_minus_WUE_T",0.793075710601947,1.37752719724231,9.1015646174779,5.65217456892005,3.44939004855784
"US-LA2",2023,6,"Freshwater","WUE_E_minus_WUE_T",0.690888760270894,0.788866223265283,6.53968532453207,3.67636470882107,2.863320615711
"US-LA2",2023,8,"Freshwater","WUE_E_minus_WUE_T",0.632961268992007,0.455167513931037,2.09443654907207,2.41966929276929,-0.325232743697216
"US-LA2",2023,9,"Freshwater","WUE_E_minus_WUE_T",0.722524018316796,0.971105166231921,4.14585192893413,4.27829192703267,-0.132439998098542
"US-LA2",2023,10,"Freshwater","WUE_E_minus_WUE_T",0.565607208128926,0.0671658469811907,0.997395559399895,1.14731108497946,-0.149915525579567
"US-LA3",2020,3,"Saline","WUE_E_minus_WUE_T",0.494943789773106,-0.339899796323781,-0.121310571029612,-0.123482896755245,0.00217232572563236
"US-LA3",2020,4,"Saline","WUE_E_minus_WUE_T",0.556307049869435,0.0135910979409618,0.960651291166682,0.889316961096427,0.0713343300702552
"US-LA3",2020,5,"Saline","WUE_E_minus_WUE_T",0.598537293353549,0.256863807226339,1.68864133318018,1.55239645239286,0.136244880787318
"US-LA3",2020,6,"Saline","WUE_E_minus_WUE_T",0.613221601213903,0.341454637457112,2.27516572869402,1.8540009040776,0.421164824616427
"US-LA3",2020,7,"Saline","WUE_E_minus_WUE_T",0.491377774538755,-0.360442282367929,-0.159157616927123,-0.210588244037952,0.0514306271108293
"US-LA3",2021,6,"Saline","WUE_E_minus_WUE_T",0.56245350951889,0.0489985634934322,1.38337943040056,1.02590645330016,0.357472977100398
"US-LA3",2021,7,"Saline","WUE_E_minus_WUE_T",0.45991709973421,-0.541675516283024,-0.817951968530593,-0.723753292270725,-0.0941986762598688
"US-LA3",2021,8,"Saline","WUE_E_minus_WUE_T",0.572177779204491,0.105016460551682,1.38503135872955,1.08306305516511,0.301968303564441
"US-LA3",2022,3,"Saline","WUE_E_minus_WUE_T",0.41356960705824,-0.808666165202889,-1.09897888411232,-1.45080300852043,0.351824124408112
"US-LA3",2022,4,"Saline","WUE_E_minus_WUE_T",0.538240305509135,-0.0904846895962273,0.53084009259573,0.594624561818233,-0.063784469222503
"US-LA3",2022,5,"Saline","WUE_E_minus_WUE_T",0.489633497147295,-0.370490414979937,-0.167006852527323,-0.223967919322426,0.0569610667951027
"US-LA3",2022,6,"Saline","WUE_E_minus_WUE_T",0.481692039677664,-0.416238194649699,-0.269741848631578,-0.291419504388303,0.021677655756725
"US-LA3",2022,7,"Saline","WUE_E_minus_WUE_T",0.473115315191346,-0.465645511076033,-0.507128154460065,-0.508473012565174,0.00134485810510887
"US-LA3",2022,8,"Saline","WUE_E_minus_WUE_T",0.498600309070185,-0.318835950071289,-0.0244706035502116,-0.117082404043621,0.0926118004934097
"US-LA3",2022,9,"Saline","WUE_E_minus_WUE_T",0.470746482417057,-0.479291474710181,-0.477350269099027,-0.498924365744515,0.0215740966454884
"US-LA3",2022,10,"Saline","WUE_E_minus_WUE_T",0.305519592250788,-1.43110207065586,-3.23890457631543,-3.1956128811474,-0.0432916951680293
"US-LA3",2023,3,"Saline","WUE_E_minus_WUE_T",0.498225116642778,-0.320997293951605,-0.0439888396167714,-0.0699601331208324,0.025971293504061
"US-LA3",2023,4,"Saline","WUE_E_minus_WUE_T",0.565413327251393,0.0660489714326563,1.57919267992672,1.03785234061278,0.54134033931394
"US-LA3",2023,5,"Saline","WUE_E_minus_WUE_T",0.609512940034954,0.320090421236957,2.63188996857236,1.73142370764537,0.900466260926992
"US-LA3",2023,6,"Saline","WUE_E_minus_WUE_T",0.551324808526846,-0.0151097394146464,1.04433672915283,0.84438268062744,0.199954048525392
"US-LA3",2023,7,"Saline","WUE_E_minus_WUE_T",0.514178958765124,-0.229093149518378,0.262429231613686,0.161329105986548,0.101100125627138
"US-LA3",2023,8,"Saline","WUE_E_minus_WUE_T",0.540299654179097,-0.0786215486580675,0.656060081180389,0.563088843936055,0.092971237244334
"US-LA3",2023,9,"Saline","WUE_E_minus_WUE_T",0.464857526996429,-0.513215554275951,-0.60186900096354,-0.594980985993185,-0.00688801497035529
"US-LA3",2023,10,"Saline","WUE_E_minus_WUE_T",0.405712452046208,-0.853928309802438,-1.52829584922736,-1.56133535693903,0.0330395077116683
"US-MCP",2023,6,"Freshwater","WUE_E_minus_WUE_T",0.665220943607868,0.641003488270548,4.81085330496229,2.4243713699861,2.38648193497619
"US-MCP",2023,7,"Freshwater","WUE_E_minus_WUE_T",0.553125126427158,-0.00473877829649131,2.34385526792656,0.111711079375682,2.23214418855088
"US-MCP",2023,8,"Freshwater","WUE_E_minus_WUE_T",0.682486107548596,0.740461669459986,8.0184166285463,2.66722803428039,5.3511885942659
"US-MCP",2023,9,"Freshwater","WUE_E_minus_WUE_T",0.644765337326451,0.523166356641716,5.57004618782685,1.98746090197806,3.58258528584879
"US-MCP",2024,3,"Freshwater","WUE_E_minus_WUE_T",0.474605062834228,-0.45706362957749,-0.424145911319563,-1.42525989908408,1.00111398776452
"US-MCP",2024,4,"Freshwater","WUE_E_minus_WUE_T",0.458210597627466,-0.551506039544514,-0.927908066957427,-1.7403271851386,0.812419118181175
"US-MCP",2024,5,"Freshwater","WUE_E_minus_WUE_T",0.578112185670819,0.139202366669114,3.11687119322339,0.625094789727949,2.49177640349544
"US-MCP",2024,6,"Freshwater","WUE_E_minus_WUE_T",0.549301572552309,-0.0267648485601632,2.41798665270295,0.112614543324286,2.30537210937867
"US-MCP",2024,7,"Freshwater","WUE_E_minus_WUE_T",0.569986599827463,0.0923938919941386,3.24867836716404,0.44797607016871,2.80070229699533
"US-MCP",2024,8,"Freshwater","WUE_E_minus_WUE_T",0.722856738769836,0.973021844881336,9.21108836978059,3.47233145636174,5.73875691341884
"US-MCP",2024,9,"Freshwater","WUE_E_minus_WUE_T",0.701414412025853,0.849500584049552,8.87868385979943,3.11720206575344,5.76148179404599
"US-MCP",2025,3,"Freshwater","WUE_E_minus_WUE_T",0.435836730968553,-0.680393554989479,-1.55159969300457,-2.19840898566607,0.646809292661501
"US-MCP",2025,4,"Freshwater","WUE_E_minus_WUE_T",0.479839687070855,-0.426908908338097,-0.559659051963795,-1.3089825813858,0.749323529422002
"US-MCP",2025,5,"Freshwater","WUE_E_minus_WUE_T",0.531423830087492,-0.129751866547835,1.14668230752122,-0.306001745411451,1.45268405293267
"US-MCP",2025,6,"Freshwater","WUE_E_minus_WUE_T",0.559277097724,0.0307004378044451,2.38005313107467,0.311554446165379,2.06849868490929
"US-MCP",2025,7,"Freshwater","WUE_E_minus_WUE_T",0.642796854303404,0.511826658863768,6.00813210279631,1.90001640909591,4.1081156937004
"US-MCP",2025,8,"Freshwater","WUE_E_minus_WUE_T",0.473153933712348,-0.465423044155229,-0.966504186738574,-1.50744163049861,0.540937443760035
"US-MCP",2025,9,"Freshwater","WUE_E_minus_WUE_T",0.589766255415363,0.206337123351787,3.04708055191804,0.890625214290007,2.15645533762804
"US-MRf",2006,3,"Upland","WUE_E_minus_WUE_T",0.581709983327819,0.159927939416716,2.48579063106703,1.01521108917332,1.47057954189371
"US-MRf",2006,4,"Upland","WUE_E_minus_WUE_T",0.625753740864303,0.413647627938982,4.26787597027462,2.2146922689962,2.05318370127842
"US-MRf",2006,5,"Upland","WUE_E_minus_WUE_T",0.621613759673772,0.389798737723846,4.45376679575187,2.07731030916151,2.37645648659036
"US-MRf",2006,6,"Upland","WUE_E_minus_WUE_T",0.69020811129784,0.784945257954973,8.49163904636444,3.98897408558329,4.50266496078115
"US-MRf",2006,7,"Upland","WUE_E_minus_WUE_T",0.734369614451598,1.03934323513857,8.71556431155472,5.1025900733174,3.61297423823733
"US-MRf",2006,8,"Upland","WUE_E_minus_WUE_T",0.661888899332219,0.621808821805957,7.89746714629931,3.1239151342128,4.77355201208651
"US-MRf",2006,9,"Upland","WUE_E_minus_WUE_T",0.397197870204858,-0.902977645588452,-3.1719512496025,-3.94072943045971,0.768778180857214
"US-MRf",2006,10,"Upland","WUE_E_minus_WUE_T",0.532291183589097,-0.124755365963534,1.56632525483132,-0.299690402892216,1.86601565772353
"US-MRf",2007,3,"Upland","WUE_E_minus_WUE_T",0.60897705888748,0.317003409468961,5.54676233841019,1.75044116327618,3.79632117513401
"US-MRf",2007,4,"Upland","WUE_E_minus_WUE_T",0.703008237725918,0.858682020484541,11.4084900230232,4.29778436033778,7.11070566268545
"US-MRf",2007,5,"Upland","WUE_E_minus_WUE_T",0.71223527439477,0.91183554326618,13.8106391279809,4.52083098807878,9.28980813990211
"US-MRf",2007,6,"Upland","WUE_E_minus_WUE_T",0.783483655598199,1.32227093973923,20.7534719203872,6.5040580812206,14.2494138391666
"US-MRf",2007,7,"Upland","WUE_E_minus_WUE_T",0.749366820589272,1.12573655584475,13.6240229494925,5.5069750964128,8.11704785307968
"US-MRf",2007,8,"Upland","WUE_E_minus_WUE_T",0.686270764811868,0.762263670826593,9.87857937422432,3.78134833507606,6.09723103914827
"US-MRf",2007,9,"Upland","WUE_E_minus_WUE_T",0.732884137113991,1.03078595327877,9.86075565720697,5.11072305680433,4.75003260040264
"US-MRf",2007,10,"Upland","WUE_E_minus_WUE_T",0.681647703304471,0.735631934769458,10.3366212267091,3.7275623480604,6.60905887864866
"US-MRf",2008,3,"Upland","WUE_E_minus_WUE_T",0.48608746970391,-0.390917758802308,-0.699197772915483,-1.56315664314102,0.86395887022554
"US-MRf",2008,4,"Upland","WUE_E_minus_WUE_T",0.515544184562818,-0.221228592007212,0.935345751383453,-0.757000829117266,1.69234658050072
"US-MRf",2008,5,"Upland","WUE_E_minus_WUE_T",0.692320138139199,0.79711185822509,13.5912648776349,3.98383878028173,9.60742609735318
"US-MRf",2008,6,"Upland","WUE_E_minus_WUE_T",0.749582876861015,1.12698117558285,19.4058841511957,5.58995667681631,13.8159274743794
"US-MRf",2008,7,"Upland","WUE_E_minus_WUE_T",0.738088460708761,1.06076612380215,12.274033196223,5.20286513227077,7.07116806395227
"US-MRf",2008,8,"Upland","WUE_E_minus_WUE_T",0.774495556140985,1.27049384527124,18.8615570593369,6.16024370743411,12.7013133519028
"US-MRf",2008,9,"Upland","WUE_E_minus_WUE_T",0.588508719759306,0.199092928650731,3.97534378577269,1.21778086841095,2.75756291736173
"US-MRf",2009,3,"Upland","WUE_E_minus_WUE_T",0.737736734833715,1.05873996199277,18.7235883159582,5.22232012881735,13.5012681871409
"US-MRf",2009,4,"Upland","WUE_E_minus_WUE_T",0.684053412490138,0.749490329679499,10.0685364353739,3.78668600172517,6.28185043364871
"US-MRf",2009,5,"Upland","WUE_E_minus_WUE_T",0.603909041136064,0.287808446158906,4.93606911088127,1.59991985729705,3.33614925358422
"US-MRf",2009,6,"Upland","WUE_E_minus_WUE_T",0.597239715732421,0.249388945673185,5.58123561830149,1.48217205574231,4.09906356255919
"US-MRf",2009,7,"Upland","WUE_E_minus_WUE_T",0.729421580342297,1.01083945291769,10.436374842017,4.96917116387531,5.46720367814168
"US-MRf",2009,8,"Upland","WUE_E_minus_WUE_T",0.653807046633887,0.575252277496473,7.15984426407371,2.90599586577929,4.25384839829442
"US-MRf",2009,9,"Upland","WUE_E_minus_WUE_T",0.629503290865661,0.435247389441053,4.61195432900409,2.32315945902628,2.28879486997781
"US-MRf",2009,10,"Upland","WUE_E_minus_WUE_T",0.687410713335176,0.768830489836657,8.31542958703187,3.88295628763636,4.43247329939551
"US-MRf",2010,3,"Upland","WUE_E_minus_WUE_T",0.6525610457688,0.56807453043149,8.89890841326332,2.92564082245256,5.97326759081076
"US-MRf",2010,4,"Upland","WUE_E_minus_WUE_T",0.480212468951851,-0.424761450718143,-1.01433566500158,-1.70968604942972,0.695350384428136
"US-MRf",2010,5,"Upland","WUE_E_minus_WUE_T",0.612181271256216,0.335461683912991,7.32718720791222,1.82297246706179,5.50421474085043
"US-MRf",2010,6,"Upland","WUE_E_minus_WUE_T",0.490936050784808,-0.362986888449086,-0.520448456401491,-1.38420249498013,0.863754038578637
"US-MRf",2010,7,"Upland","WUE_E_minus_WUE_T",0.680265031905756,0.727666879646265,11.2316892103902,3.64371282234689,7.58797638804334
"US-MRf",2010,8,"Upland","WUE_E_minus_WUE_T",0.664315831958416,0.635789477054847,9.70048514218774,3.18935500328484,6.5111301389029
"US-MRf",2010,9,"Upland","WUE_E_minus_WUE_T",0.728740971933524,1.0069187212831,10.717396060304,4.99900665230801,5.71838940799595
"US-MRf",2010,10,"Upland","WUE_E_minus_WUE_T",0.558847890938209,0.0282279373164404,2.62166947514958,0.416385285880987,2.20528418926859
"US-MRf",2011,8,"Upland","WUE_E_minus_WUE_T",0.628054733157484,0.426902787820249,4.82434441932458,2.21160987252717,2.61273454679742
"US-Myb",2011,9,"Freshwater","WUE_E_minus_WUE_T",0.52830175858024,-0.14773695807206,0.296760839456716,0.945485045463489,-0.648724206006773
"US-Myb",2011,10,"Freshwater","WUE_E_minus_WUE_T",0.507572507370219,-0.267150456249403,0.0837210802197617,0.530465447045359,-0.446744366825597
"US-Myb",2012,5,"Freshwater","WUE_E_minus_WUE_T",0.596798904145178,0.246849594244786,1.09076936151311,2.2783942731329,-1.18762491161979
"US-Myb",2012,6,"Freshwater","WUE_E_minus_WUE_T",0.660901619157643,0.616121468310517,1.87538192265551,3.6188659418298,-1.7434840191743
"US-Myb",2012,7,"Freshwater","WUE_E_minus_WUE_T",0.67121518347978,0.675534072360008,2.29128475797494,3.74739145786966,-1.45610669989472
"US-Myb",2012,8,"Freshwater","WUE_E_minus_WUE_T",0.658040970219578,0.599642334872904,2.3580784423281,3.46035754616039,-1.10227910383229
"US-Myb",2012,10,"Freshwater","WUE_E_minus_WUE_T",0.591172838294822,0.214439923612675,1.4392881646091,2.19769012197489,-0.758401957365785
"US-Myb",2013,5,"Freshwater","WUE_E_minus_WUE_T",0.592059512089237,0.219547721210403,1.06795675796566,2.18387752550237,-1.1159207675367
"US-Myb",2013,6,"Freshwater","WUE_E_minus_WUE_T",0.62597529605732,0.414923924915147,1.60565727679835,2.92233726744052,-1.31667999064216
"US-Myb",2013,7,"Freshwater","WUE_E_minus_WUE_T",0.663290699938467,0.629884073171443,2.43060307867868,3.58935506794118,-1.1587519892625
"US-Myb",2013,8,"Freshwater","WUE_E_minus_WUE_T",0.659738265270015,0.609419819711037,2.10273150315279,3.49420636179818,-1.3914748586454
"US-Myb",2013,9,"Freshwater","WUE_E_minus_WUE_T",0.616909329793182,0.362698268764325,1.58327623506543,2.71256811173776,-1.12929187667233
"US-Myb",2013,10,"Freshwater","WUE_E_minus_WUE_T",0.53684359374359,-0.0985306260451301,0.43365394579947,1.11421286674984,-0.680558920950373
"US-Myb",2014,5,"Freshwater","WUE_E_minus_WUE_T",0.584631848697848,0.176759717926387,0.992444890628024,2.03574912043226,-1.04330422980423
"US-Myb",2014,6,"Freshwater","WUE_E_minus_WUE_T",0.629492131524058,0.435183104628996,1.89967930142251,2.99247281359165,-1.09279351216915
"US-Myb",2014,7,"Freshwater","WUE_E_minus_WUE_T",0.60550875576243,0.297023806505711,1.22383040505579,2.43702131482995,-1.21319090977416
"US-Myb",2014,8,"Freshwater","WUE_E_minus_WUE_T",0.585660218271357,0.182683772150426,0.799067680806942,2.01688269021922,-1.21781500941228
"US-Myb",2014,9,"Freshwater","WUE_E_minus_WUE_T",0.52023631127346,-0.194198997028968,0.192129115572742,0.784637443360894,-0.592508327788151
"US-Myb",2014,10,"Freshwater","WUE_E_minus_WUE_T",0.383371212738558,-0.9826278712248,-0.683203086739496,-1.9464561246509,1.2632530379114
"US-Myb",2015,5,"Freshwater","WUE_E_minus_WUE_T",0.591261158569562,0.214948703831496,0.871448680550146,2.16795612097443,-1.29650744042429
"US-Myb",2015,6,"Freshwater","WUE_E_minus_WUE_T",0.59581196691659,0.241164216333491,1.19614043074595,2.3207960287246,-1.12465559797865
"US-Myb",2015,7,"Freshwater","WUE_E_minus_WUE_T",0.604014889803014,0.288418200918968,1.20221470786524,2.4072294448573,-1.20501473699206
"US-Myb",2015,8,"Freshwater","WUE_E_minus_WUE_T",0.587795116268136,0.194982124631383,1.07374075215923,2.05945853387105,-0.98571778171182
"US-Myb",2015,9,"Freshwater","WUE_E_minus_WUE_T",0.504323643861934,-0.285865949283585,0.0464672454372081,0.467294300588286,-0.420827055151077
"US-Myb",2015,10,"Freshwater","WUE_E_minus_WUE_T",0.46097860492157,-0.535560580124848,-0.348343316270169,-0.398747428125015,0.0504041118548464
"US-Myb",2016,5,"Freshwater","WUE_E_minus_WUE_T",0.612513369453583,0.337374777979159,1.20288288288775,2.59178471101436,-1.38890182812661
"US-Myb",2016,6,"Freshwater","WUE_E_minus_WUE_T",0.548605552035773,-0.0307743636092461,0.471005905856852,1.37936794065592,-0.908362034799068
"US-Myb",2016,7,"Freshwater","WUE_E_minus_WUE_T",0.544616087843904,-0.0537561814365094,0.347300272238968,1.22265102043943,-0.875350748200463
"US-Myb",2016,8,"Freshwater","WUE_E_minus_WUE_T",0.544442339800837,-0.0547570792216697,0.419485057152537,1.19488278574188,-0.775397728589345
"US-Myb",2016,9,"Freshwater","WUE_E_minus_WUE_T",0.497016086803436,-0.327962064702551,-0.0244390897532938,0.321561152087105,-0.346000241840398
"US-Myb",2016,10,"Freshwater","WUE_E_minus_WUE_T",0.440779202585523,-0.651921816215856,-0.395506223326727,-0.80158006791277,0.406073844586044
"US-Myb",2017,5,"Freshwater","WUE_E_minus_WUE_T",0.633481170959024,0.458162475589888,1.78057150611174,3.0099413817149,-1.22936987560316
"US-Myb",2017,6,"Freshwater","WUE_E_minus_WUE_T",0.573273018422327,0.111325725899367,0.674660959885641,1.87130628794247,-1.19664532805683
"US-Myb",2017,7,"Freshwater","WUE_E_minus_WUE_T",0.493759188170194,-0.346723845099928,-0.0417501865992405,0.208422044445368,-0.250172231044608
"US-Myb",2017,8,"Freshwater","WUE_E_minus_WUE_T",0.585638700723962,0.182559817571431,0.985562501676065,2.01645357007623,-1.03089106840016
"US-Myb",2017,9,"Freshwater","WUE_E_minus_WUE_T",0.560226931211382,0.0361720748773467,0.886449632210748,1.58216237644234,-0.695712744231591
"US-Myb",2017,10,"Freshwater","WUE_E_minus_WUE_T",0.487112889561721,-0.38501069679215,-0.128832984330586,0.122443382148063,-0.251276366478649
"US-Myb",2018,5,"Freshwater","WUE_E_minus_WUE_T",0.673749743904753,0.69013473128499,2.78707160523773,3.81300947602504,-1.0259378707873
"US-Myb",2018,6,"Freshwater","WUE_E_minus_WUE_T",0.64035554912351,0.49776320868431,1.97741740063677,3.20911977749188,-1.23170237685512
"US-Myb",2018,7,"Freshwater","WUE_E_minus_WUE_T",0.681794660235779,0.736478498934808,2.97495016109261,3.95837584633281,-0.983425685240199
"US-Myb",2018,8,"Freshwater","WUE_E_minus_WUE_T",0.697990351993995,0.829775849073318,3.97407960090983,4.25706007479698,-0.28298047388715
"US-Myb",2018,9,"Freshwater","WUE_E_minus_WUE_T",0.603318363781925,0.284405773846372,1.59288528814003,2.44152619552177,-0.848640907381739
"US-Myb",2018,10,"Freshwater","WUE_E_minus_WUE_T",0.495707909556077,-0.335497986755905,-0.050564427214165,0.293852146415114,-0.344416573629279
"US-Myb",2019,5,"Freshwater","WUE_E_minus_WUE_T",0.688367369515936,0.774341429905842,3.92333102885174,4.10452585925355,-0.18119483040181
"US-Myb",2019,6,"Freshwater","WUE_E_minus_WUE_T",0.642115152025038,0.507899625853727,2.14080268970607,3.24421118613894,-1.10340849643287
"US-Myb",2019,7,"Freshwater","WUE_E_minus_WUE_T",0.687517244719011,0.769444177474502,3.03943244031448,4.07250020384783,-1.03306776353335
"US-Myb",2019,8,"Freshwater","WUE_E_minus_WUE_T",0.663415561816671,0.630603355962425,2.46754492114065,3.56754195116501,-1.09999703002436
"US-Myb",2019,9,"Freshwater","WUE_E_minus_WUE_T",0.558019270499103,0.0234545634838582,0.741155934153664,1.53813544051186,-0.7969795063582
"US-Myb",2019,10,"Freshwater","WUE_E_minus_WUE_T",0.432602869808317,-0.699022625082321,-0.61261211322035,-0.964639036768833,0.352026923548484
"US-Myb",2020,5,"Freshwater","WUE_E_minus_WUE_T",0.531904347228529,-0.126983786207453,0.35744232000224,0.984215107052407,-0.626772787050167
"US-Myb",2020,6,"Freshwater","WUE_E_minus_WUE_T",0.606131063776647,0.300608691274031,1.54649461488986,2.5265877130134,-0.98009309812354
"US-Myb",2020,7,"Freshwater","WUE_E_minus_WUE_T",0.647325051996091,0.53791191980464,2.48710048911572,3.27095534504088,-0.783854855925156
"US-Myb",2020,8,"Freshwater","WUE_E_minus_WUE_T",0.629178516835968,0.433376487177877,2.05219591571908,2.88475941242148,-0.832563496702404
"US-Myb",2020,9,"Freshwater","WUE_E_minus_WUE_T",0.588041768402322,0.196402995741376,1.48297783661533,2.13686811003215,-0.653890273416826
"US-Myb",2021,5,"Freshwater","WUE_E_minus_WUE_T",0.539655656298454,-0.082331380671158,0.407527480486971,1.13879791314249,-0.731270432655523
"US-Myb",2021,6,"Freshwater","WUE_E_minus_WUE_T",0.683667642443451,0.747268052072835,3.18968251963808,4.07288418975217,-0.883201670114092
"US-Myb",2021,7,"Freshwater","WUE_E_minus_WUE_T",0.702356729554912,0.854928924484943,3.9811101592421,4.36844108121073,-0.387330921968624
"US-Myb",2021,8,"Freshwater","WUE_E_minus_WUE_T",0.668846834383636,0.66189089501557,3.09737197972576,3.67585673341245,-0.578484753686691
"US-Myb",2021,9,"Freshwater","WUE_E_minus_WUE_T",0.589475820138483,0.204664033858346,1.23137261227969,2.16546711691657,-0.934094504636881
"US-Myb",2021,10,"Freshwater","WUE_E_minus_WUE_T",0.40287851877341,-0.870253544239387,-0.932551497115163,-1.55742582294027,0.624874325825109
"US-Myb",2022,5,"Freshwater","WUE_E_minus_WUE_T",0.627479539718896,0.42358931258014,1.88490616411756,2.89025205055193,-1.00534588643436
"US-Myb",2022,6,"Freshwater","WUE_E_minus_WUE_T",0.668594549232492,0.660437574192201,2.74023255893202,3.77228450730009,-1.03205194836808
"US-Myb",2022,7,"Freshwater","WUE_E_minus_WUE_T",0.719769145488395,0.955235369578868,4.82941104333801,4.71569340872389,0.113717634614114
"US-Myb",2022,8,"Freshwater","WUE_E_minus_WUE_T",0.669312838901725,0.66457537353858,2.95365769997521,3.68515016828995,-0.731492468314745
"US-Myb",2022,9,"Freshwater","WUE_E_minus_WUE_T",0.552804415978452,-0.0065862717825791,0.568410892359531,1.43413664006647,-0.865725747706939
"US-Myb",2022,10,"Freshwater","WUE_E_minus_WUE_T",0.614167235335529,0.346902083547433,1.82723890980685,2.6562627820038,-0.829023872196955
"US-Myb",2023,5,"Freshwater","WUE_E_minus_WUE_T",0.639362422430723,0.492042175574261,2.39086361285701,3.12723000323872,-0.736366390381703
"US-Myb",2023,6,"Freshwater","WUE_E_minus_WUE_T",0.724519483168538,0.982600296278936,5.4863232822414,4.88758427670017,0.598739005541235
"US-Myb",2023,7,"Freshwater","WUE_E_minus_WUE_T",0.721076109958232,0.962764305272465,4.34997337844698,4.74175793968051,-0.391784561233524
"US-Myb",2023,8,"Freshwater","WUE_E_minus_WUE_T",0.69235165604774,0.797293421161251,3.76177436404605,4.14460868959256,-0.382834325546503
"US-Myb",2023,9,"Freshwater","WUE_E_minus_WUE_T",0.655513556653686,0.585082846342121,2.8710663496465,3.48244448503173,-0.611378135385235
"US-Myb",2024,5,"Freshwater","WUE_E_minus_WUE_T",0.569243605697298,0.0881137794464509,0.852664034179631,1.72886446877381,-0.876200434594175
"US-Myb",2024,6,"Freshwater","WUE_E_minus_WUE_T",0.657593760475582,0.597066126045656,2.34589844081203,3.55289797788853,-1.2069995370765
"US-Myb",2024,7,"Freshwater","WUE_E_minus_WUE_T",0.688097900536957,0.772789119448304,3.03280588111556,4.08408010666177,-1.0512742255462
"US-Myb",2024,8,"Freshwater","WUE_E_minus_WUE_T",0.703944528081233,0.86407564061607,3.56489864998773,4.37580301733955,-0.810904367351821
"US-Myb",2024,9,"Freshwater","WUE_E_minus_WUE_T",0.639456508061014,0.49258416785982,2.30077181647548,3.16222197724777,-0.861450160772293
"US-Myb",2024,10,"Freshwater","WUE_E_minus_WUE_T",0.514581188925082,-0.226776051327694,0.167472333198698,0.670238181169216,-0.502765847970518
"US-Myb",2025,5,"Freshwater","WUE_E_minus_WUE_T",0.666823497481104,0.650235204461445,3.1673973324735,3.67488072923139,-0.507483396757891
"US-Myb",2025,6,"Freshwater","WUE_E_minus_WUE_T",0.715988023266224,0.933453732267856,4.86760378691932,4.71744307863317,0.150160708286156
"US-Myb",2025,7,"Freshwater","WUE_E_minus_WUE_T",0.733629129811778,1.03507757883041,5.59743692975652,4.99210030332005,0.605336626436477
"US-Myb",2025,8,"Freshwater","WUE_E_minus_WUE_T",0.688047282408699,0.772497527257865,3.29090384206894,4.05876742722245,-0.767863585153506
"US-Myb",2025,9,"Freshwater","WUE_E_minus_WUE_T",0.620297815029816,0.382218070590701,2.01749100511535,2.7801439949271,-0.762652989811753
"US-NC4",2009,4,"Freshwater","WUE_E_minus_WUE_T",0.629650396927691,0.436094812692965,1.92423545168344,2.53536403010822,-0.611128578424782
"US-NC4",2009,5,"Freshwater","WUE_E_minus_WUE_T",0.706688417802679,0.879882167679251,4.87937135265889,4.04596646002526,0.83340489263363
"US-NC4",2009,6,"Freshwater","WUE_E_minus_WUE_T",0.779319227355578,1.29828121915928,8.90688065825918,5.55651221205045,3.35036844620873
"US-NC4",2009,7,"Freshwater","WUE_E_minus_WUE_T",0.685641433361676,0.75863832665863,4.21483871380307,3.61115887322906,0.603679840574018
"US-NC4",2009,8,"Freshwater","WUE_E_minus_WUE_T",0.740046439465795,1.07204531041461,6.0320569613641,4.67184381371293,1.36021314765117
"US-NC4",2009,9,"Freshwater","WUE_E_minus_WUE_T",0.630836841125085,0.442929475969875,2.08054445865312,2.56638928397001,-0.485844825316896
"US-NC4",2010,4,"Freshwater","WUE_E_minus_WUE_T",0.633929184793034,0.460743316480325,1.77745429399035,2.62069504051202,-0.843240746521671
"US-NC4",2010,5,"Freshwater","WUE_E_minus_WUE_T",0.783982790269185,1.32514626873786,8.5945760944985,5.58743266696616,3.00714342753234
"US-NC4",2010,6,"Freshwater","WUE_E_minus_WUE_T",0.775319095075457,1.27523794644761,5.54654564364384,5.47673837423616,0.0698072694076757
"US-NC4",2010,7,"Freshwater","WUE_E_minus_WUE_T",0.7452292236773,1.10190140057067,4.28214111495571,4.79950625463275,-0.517365139677038
"US-NC4",2010,8,"Freshwater","WUE_E_minus_WUE_T",0.685809813634249,0.759608302716538,2.68833762417197,3.59021363508571,-0.901876010913742
"US-NC4",2010,9,"Freshwater","WUE_E_minus_WUE_T",0.691848954077218,0.794397542278193,2.47967196899041,3.78314164677014,-1.30346967777973
"US-NC4",2011,4,"Freshwater","WUE_E_minus_WUE_T",0.715172527592186,0.928755965320136,3.43235536700314,4.24091477278393,-0.808559405780789
"US-NC4",2011,5,"Freshwater","WUE_E_minus_WUE_T",0.813190676233836,1.49340202491866,10.0007665753775,6.16991969356312,3.83084688181437
"US-NC4",2011,6,"Freshwater","WUE_E_minus_WUE_T",0.79635179372437,1.39639949233897,8.21869650388953,5.89618927568594,2.3225072282036
"US-NC4",2011,7,"Freshwater","WUE_E_minus_WUE_T",0.779572834849315,1.29974215750598,6.84472626838054,5.48441402161047,1.36031224677007
"US-NC4",2011,8,"Freshwater","WUE_E_minus_WUE_T",0.660825709580796,0.615684181501426,2.17640106677514,3.09196064615329,-0.915559579378148
"US-NC4",2011,9,"Freshwater","WUE_E_minus_WUE_T",0.615406377558906,0.354040320531175,1.2163589284034,2.25866263601768,-1.04230370761429
"US-NC4",2012,4,"Freshwater","WUE_E_minus_WUE_T",0.640395249268306,0.497991906437072,2.3627899296698,2.74964647077108,-0.386856541101287
"US-NC4",2012,5,"Freshwater","WUE_E_minus_WUE_T",0.707491730196781,0.884509751287415,5.66749937132657,4.06198675839385,1.60551261293273
"US-NC4",2012,6,"Freshwater","WUE_E_minus_WUE_T",0.745044594601339,1.1008378212063,5.63884190615724,4.87298006785893,0.765861838298315
"US-NC4",2012,7,"Freshwater","WUE_E_minus_WUE_T",0.722227579685793,0.969397493650584,4.89778086205765,4.34078907011383,0.556991791943817
"US-NC4",2012,8,"Freshwater","WUE_E_minus_WUE_T",0.690581673202146,0.787097208998794,3.83720597654158,3.68537787581188,0.151828100729702
"US-NC4",2012,9,"Freshwater","WUE_E_minus_WUE_T",0.651169278737139,0.560057078753436,2.65514716706017,2.97187501965274,-0.31672785259257
"US-NC4",2013,4,"Freshwater","WUE_E_minus_WUE_T",0.581332108698479,0.15775114436972,0.943804314143948,1.5717620742888,-0.627957760144856
"US-NC4",2013,5,"Freshwater","WUE_E_minus_WUE_T",0.706052460162372,0.876218652497143,4.46392845894879,4.0332836840314,0.43064477491739
"US-NC4",2013,6,"Freshwater","WUE_E_minus_WUE_T",0.731849853834678,1.02482783239742,6.13404114395542,4.6098399924289,1.52420115152652
"US-NC4",2013,7,"Freshwater","WUE_E_minus_WUE_T",0.718172110439707,0.946035445281389,3.7246158489053,4.25991165825777,-0.535295809352473
"US-NC4",2013,8,"Freshwater","WUE_E_minus_WUE_T",0.67949153421309,0.723211047432286,4.11005854383319,3.46420945259562,0.645849091237568
"US-NC4",2013,9,"Freshwater","WUE_E_minus_WUE_T",0.616005678484864,0.357492670030175,1.83856389549458,2.27061437449066,-0.432050478996076
"US-NC4",2014,4,"Freshwater","WUE_E_minus_WUE_T",0.584209800230413,0.174328453845204,0.831505767303713,1.62915130081236,-0.797645533508646
"US-NC4",2014,5,"Freshwater","WUE_E_minus_WUE_T",0.697457083471217,0.826703887663446,4.00898454451929,3.86186780623145,0.147116738287848
"US-NC4",2014,6,"Freshwater","WUE_E_minus_WUE_T",0.699546484939798,0.838740151585003,5.12549320614749,3.96562036902253,1.15987283712496
"US-NC4",2014,7,"Freshwater","WUE_E_minus_WUE_T",0.574692806521554,0.119504596514684,1.2339122557084,1.39853260403135,-0.164620348322944
"US-NC4",2014,8,"Freshwater","WUE_E_minus_WUE_T",0.606498007621486,0.302722518141333,2.24629670157258,2.00851415453033,0.237782547042255
"US-NC4",2014,9,"Freshwater","WUE_E_minus_WUE_T",0.686193772697282,0.761820147920647,3.51090147944413,3.67036149585981,-0.159460016415677
"US-NC4",2015,4,"Freshwater","WUE_E_minus_WUE_T",0.590271439602137,0.209247301358477,2.04599719148555,1.7500373621388,0.295959829346752
"US-NC4",2015,6,"Freshwater","WUE_E_minus_WUE_T",0.762913383768172,1.20377326257784,8.201455576764,5.22933375546484,2.97212182129917
"US-NC4",2015,7,"Freshwater","WUE_E_minus_WUE_T",0.714662957003079,0.925820518882778,6.27144810097729,4.18992931329627,2.08151878768102
"US-NC4",2015,8,"Freshwater","WUE_E_minus_WUE_T",0.7629712970429,1.20410687939091,7.55132564522291,5.12902966213096,2.42229598309195
"US-NC4",2015,9,"Freshwater","WUE_E_minus_WUE_T",0.637127482708529,0.479167519961346,2.71779753387625,2.69184229059166,0.0259552432845811
"US-NC4",2016,4,"Freshwater","WUE_E_minus_WUE_T",0.675618554970756,0.700900256028887,2.26810791776452,3.4520978097816,-1.18398989201709
"US-NC4",2016,5,"Freshwater","WUE_E_minus_WUE_T",0.756623013457625,1.16753678128853,6.69300537795033,5.04180211148503,1.6512032664653
"US-NC4",2016,6,"Freshwater","WUE_E_minus_WUE_T",0.800581331658194,1.42076428560789,7.14576523440291,5.98053810455819,1.16522712984472
"US-NC4",2016,7,"Freshwater","WUE_E_minus_WUE_T",0.778741706298186,1.29495433537387,4.98736510109641,5.46783899118709,-0.480473890090676
"US-NC4",2016,8,"Freshwater","WUE_E_minus_WUE_T",0.717383063176947,0.941490037783607,3.75989311863377,4.21987263431584,-0.459979515682071
"US-NC4",2016,9,"Freshwater","WUE_E_minus_WUE_T",0.676913274210884,0.708358651513358,2.582468983367,3.48528237115965,-0.902813387792656
"US-NC4",2017,4,"Freshwater","WUE_E_minus_WUE_T",0.764150351368091,1.21089897236551,7.19957072695118,5.2176697140674,1.98190101288378
"US-NC4",2017,5,"Freshwater","WUE_E_minus_WUE_T",0.830945854276102,1.59568299490196,11.364191012692,6.5240076572403,4.84018335545165
"US-NC4",2017,6,"Freshwater","WUE_E_minus_WUE_T",0.805204086591615,1.44739425560649,10.4418898053445,6.07272878138818,4.36916102395633
"US-NC4",2017,7,"Freshwater","WUE_E_minus_WUE_T",0.814009776395497,1.49812055597753,10.4912093648084,6.17118305756897,4.3200263072394
"US-NC4",2017,9,"Freshwater","WUE_E_minus_WUE_T",0.790131497229497,1.36056668021144,8.44510881516826,5.74317074289997,2.70193807226829
"US-NC4",2018,4,"Freshwater","WUE_E_minus_WUE_T",0.664311462145321,0.635764304188604,1.78558817730878,3.22660271960924,-1.44101454230046
"US-NC4",2018,5,"Freshwater","WUE_E_minus_WUE_T",0.80115291209673,1.42405694769992,6.4395657106528,5.92985297159685,0.509712739055954
"US-NC4",2018,6,"Freshwater","WUE_E_minus_WUE_T",0.81044824445745,1.47760389653413,5.67146935905601,6.17731197258429,-0.505842613528277
"US-NC4",2018,7,"Freshwater","WUE_E_minus_WUE_T",0.781246407315855,1.30938298537082,4.8890891056321,5.51778974250343,-0.628700636871333
"US-NC4",2018,8,"Freshwater","WUE_E_minus_WUE_T",0.768751113373145,1.23740224929234,3.60056428199699,5.24429538292143,-1.64373110092444
"US-NC4",2018,9,"Freshwater","WUE_E_minus_WUE_T",0.751596401170701,1.13858033944308,3.45283000413218,4.97467303135448,-1.5218430272223
"US-NC4",2019,4,"Freshwater","WUE_E_minus_WUE_T",0.65935211134674,0.607195330734275,1.78940466193598,3.12769937877817,-1.33829471684219
"US-NC4",2019,5,"Freshwater","WUE_E_minus_WUE_T",0.815172678098914,1.50481959971213,7.89958781372501,6.20944636024814,1.69014145347687
"US-NC4",2019,6,"Freshwater","WUE_E_minus_WUE_T",0.807542847234043,1.46086698488563,6.80221999108323,6.11937021699837,0.68284977408486
"US-NC4",2019,7,"Freshwater","WUE_E_minus_WUE_T",0.815846780131084,1.5087028505336,6.0852920998397,6.20781805556521,-0.122525955725512
"US-NC4",2019,8,"Freshwater","WUE_E_minus_WUE_T",0.800419042726188,1.41982939949503,4.09484804732573,5.87584256266806,-1.78099451534233
"US-NC4",2019,9,"Freshwater","WUE_E_minus_WUE_T",0.729954861411872,1.01391148660499,3.04050720282474,4.5430801334516,-1.50257293062686
"US-NC4",2020,9,"Freshwater","WUE_E_minus_WUE_T",0.65309118382151,0.571128458368857,1.88257456360353,3.01020318826281,-1.12762862465928
"US-NC4",2021,4,"Freshwater","WUE_E_minus_WUE_T",0.704744928277228,0.868686448135222,3.66547559038674,4.03295924574355,-0.367483655356811
"US-NC4",2021,5,"Freshwater","WUE_E_minus_WUE_T",0.796265619083013,1.39590307231519,8.21553326591355,5.83238666475378,2.38314660115978
"US-NC4",2021,6,"Freshwater","WUE_E_minus_WUE_T",0.758413204777144,1.17784940694513,6.12020858496424,5.139587586132,0.980620998832231
"US-NC4",2021,7,"Freshwater","WUE_E_minus_WUE_T",0.836231898288309,1.62613392632354,9.49395016017642,6.61435438882124,2.87959577135517
"US-NC4",2021,8,"Freshwater","WUE_E_minus_WUE_T",0.818759210337004,1.5254802765758,7.76776054274478,6.2415968562805,1.52616368646427
"US-NC4",2021,9,"Freshwater","WUE_E_minus_WUE_T",0.794430575746516,1.38533207088837,5.47488746152876,5.8289064057109,-0.35401894418214
"US-NC4",2025,4,"Freshwater","WUE_E_minus_WUE_T",0.674735612910445,0.695813955561913,2.12308817228299,3.43448947291019,-1.3114013006272
"US-NC4",2025,5,"Freshwater","WUE_E_minus_WUE_T",0.778017990412673,1.29078527761583,6.28823296919369,5.46847785671832,0.819755112475367
"US-NC4",2025,6,"Freshwater","WUE_E_minus_WUE_T",0.792053711557583,1.37163984126476,8.27070543742492,5.81047348288837,2.46023195453655
"US-NC4",2025,7,"Freshwater","WUE_E_minus_WUE_T",0.743999600717992,1.09481800052296,5.41621007717924,4.77498412994803,0.641225947231209
"US-NC4",2025,9,"Freshwater","WUE_E_minus_WUE_T",0.714371543980842,0.924141796962379,3.72076290917737,4.23230515145179,-0.511542242274421
"US-NGC",2017,7,"Upland","WUE_E_minus_WUE_T",0.702158411535352,0.853786488213259,4.52002893546621,6.07737459251646,-1.55734565705024
"US-NGC",2017,8,"Upland","WUE_E_minus_WUE_T",0.52407885962309,-0.172063506668224,0.451051169286477,1.25133010582217,-0.800278936535691
"US-NGC",2018,6,"Upland","WUE_E_minus_WUE_T",0.344875087150209,-1.20438971762265,-2.98631673227223,-3.47926563239522,0.492948900122986
"US-NGC",2018,7,"Upland","WUE_E_minus_WUE_T",0.53269276557872,-0.122442001640819,0.724476487736223,1.50789888317747,-0.783422395441242
"US-NGC",2018,8,"Upland","WUE_E_minus_WUE_T",0.50199585789888,-0.299275457521011,0.0407657810281696,0.655883521952928,-0.615117740924758
"US-NGC",2019,5,"Upland","WUE_E_minus_WUE_T",0.302435557207065,-1.44886804827566,-3.82548154141815,-4.6856901747621,0.860208633343942
"US-NGC",2019,6,"Upland","WUE_E_minus_WUE_T",0.36489479451943,-1.08906363733038,-2.29693100520687,-2.93945376660185,0.642522761394976
"US-NGC",2019,7,"Upland","WUE_E_minus_WUE_T",0.453669909930886,-0.577663250747459,-1.07775839546118,-0.622875276546839,-0.454883118914343
"US-NGC",2019,8,"Upland","WUE_E_minus_WUE_T",0.412374238068852,-0.815552240883547,-2.14948706003056,-1.7606759673357,-0.38881109269486
"US-NGC",2020,8,"Upland","WUE_E_minus_WUE_T",0.375027599484884,-1.0306923206333,-1.88525281894889,-2.76769161862926,0.882438799680367
"US-NGC",2021,5,"Upland","WUE_E_minus_WUE_T",0.185394716688303,-2.12309675313141,-6.06127903284478,-7.84158218303358,1.78030315018881
"US-NGC",2021,6,"Upland","WUE_E_minus_WUE_T",0.287045748417913,-1.53752300668076,-4.81958638410967,-5.03857729779311,0.218990913683442
"US-NGC",2021,7,"Upland","WUE_E_minus_WUE_T",0.524138480252917,-0.171720054418114,0.48806657606398,1.27724093013715,-0.789174354073174
"US-NGC",2021,8,"Upland","WUE_E_minus_WUE_T",0.37206577632819,-1.04775428107461,-2.57882424911356,-2.84755428869122,0.268730039577654
"US-NGC",2022,6,"Upland","WUE_E_minus_WUE_T",0.284256032328856,-1.55359352238538,-3.23636214634731,-5.11379926878867,1.87743712244136
"US-NGC",2022,7,"Upland","WUE_E_minus_WUE_T",0.329648176404506,-1.29210628105064,-3.32213276341913,-3.96700024995846,0.644867486539333
"US-NGC",2022,8,"Upland","WUE_E_minus_WUE_T",0.253684260711464,-1.72970611600125,-6.12166153563553,-6.03959629220028,-0.0820652434352596
"US-NGC",2023,7,"Upland","WUE_E_minus_WUE_T",0.502958928423257,-0.293727566806472,0.0769588198517601,0.706154990718593,-0.629196170866833
"US-ONA",2016,4,"Upland","WUE_E_minus_WUE_T",0.440575722840389,-0.65309398726673,-1.10239019311132,-0.516726008886812,-0.585664184224508
"US-ONA",2016,5,"Upland","WUE_E_minus_WUE_T",0.467318054205579,-0.499041373142817,-0.509687336658397,0.178603441753375,-0.688290778411772
"US-ONA",2016,6,"Upland","WUE_E_minus_WUE_T",0.447698703712614,-0.612061146534326,-0.75640988848625,-0.28832914440442,-0.46808074408183
"US-ONA",2016,7,"Upland","WUE_E_minus_WUE_T",0.575694503066598,0.125274997352801,1.01940401719624,3.08579680057785,-2.06639278338161
"US-ONA",2016,8,"Upland","WUE_E_minus_WUE_T",0.573670716882741,0.113616718656248,1.20068861305416,3.00692416953446,-1.8062355564803
"US-ONA",2016,9,"Upland","WUE_E_minus_WUE_T",0.554673496893401,0.00418080746062621,0.893458773222035,2.56717331977137,-1.67371454654933
"US-ONA",2017,6,"Upland","WUE_E_minus_WUE_T",0.395556340176994,-0.912433888894319,-1.58079978473454,-1.69429707530007,0.113497290565536
"US-ONA",2017,7,"Upland","WUE_E_minus_WUE_T",0.533744839378377,-0.116381396195648,0.45489737519761,1.95466507086244,-1.49976769566483
"US-ONA",2017,8,"Upland","WUE_E_minus_WUE_T",0.544939524800025,-0.0518929815563543,0.607099245623106,2.2322156226711,-1.62511637704799
"US-ONA",2017,9,"Upland","WUE_E_minus_WUE_T",0.466840403134247,-0.501792943122745,-0.497140958571963,0.198839690008671,-0.695980648580635
"US-ONA",2018,3,"Upland","WUE_E_minus_WUE_T",0.348108519969352,-1.18576311504336,-2.87115436829492,-3.0218981207548,0.150743752459881
"US-ONA",2018,4,"Upland","WUE_E_minus_WUE_T",0.318668150321345,-1.35535812316421,-3.54431796496416,-3.80384469459851,0.25952672963435
"US-ONA",2018,5,"Upland","WUE_E_minus_WUE_T",0.423725853245456,-0.750159812355014,-1.21245747930228,-0.99681770203928,-0.215639777263004
"US-ONA",2018,6,"Upland","WUE_E_minus_WUE_T",0.542067023247873,-0.0684403934906792,0.587417465780694,2.25622046866498,-1.66880300288428
"US-ONA",2018,7,"Upland","WUE_E_minus_WUE_T",0.448639938344489,-0.606639044266423,-0.732980621515556,-0.340105505349619,-0.392875116165937
"US-ONA",2018,8,"Upland","WUE_E_minus_WUE_T",0.496971201346298,-0.32822063310909,-0.0413980774683913,0.938796607848396,-0.980194685316788
"US-ONA",2018,9,"Upland","WUE_E_minus_WUE_T",0.608410353269139,0.31373882940105,1.59683626907947,4.01613519354257,-2.4192989244631
"US-ONA",2019,3,"Upland","WUE_E_minus_WUE_T",0.388298340330588,-0.954244523665871,-2.02604507982687,-1.93821884837672,-0.0878262314501537
"US-ONA",2019,4,"Upland","WUE_E_minus_WUE_T",0.491900449982464,-0.35743134374249,-0.131054755263472,0.867195154840865,-0.998249910104337
"US-ONA",2019,5,"Upland","WUE_E_minus_WUE_T",0.344074379606142,-1.20900229565961,-1.73606687957058,-3.14454193224131,1.40847505267073
"US-ONA",2019,6,"Upland","WUE_E_minus_WUE_T",0.472845558404381,-0.467199479488216,-0.320517693091641,0.38973124377427,-0.710248936865911
"US-ONA",2019,7,"Upland","WUE_E_minus_WUE_T",0.566423515206338,0.0718682881216414,1.06387987690342,2.83581366334735,-1.77193378644393
"US-ONA",2019,8,"Upland","WUE_E_minus_WUE_T",0.551735987818534,-0.0127410886080595,0.84521149462153,2.4154756131971,-1.57026411857557
"US-ONA",2020,4,"Upland","WUE_E_minus_WUE_T",0.376682455197272,-1.02115931302039,-2.21353907551055,-2.23954559770325,0.0260065221926964
"US-ONA",2020,5,"Upland","WUE_E_minus_WUE_T",0.511925307503704,-0.242075595341978,0.175843965311711,1.38139448093709,-1.20555051562538
"US-ONA",2020,6,"Upland","WUE_E_minus_WUE_T",0.536978065629151,-0.0977559835798233,0.601984135368812,2.11900169436214,-1.51701755899333
"US-ONA",2020,7,"Upland","WUE_E_minus_WUE_T",0.394412023614171,-0.919025870553687,-1.82013473063509,-1.80230828827652,-0.0178264423585717
"US-ONA",2020,8,"Upland","WUE_E_minus_WUE_T",0.587618767837957,0.193966246984267,1.40498843089858,3.38301974732958,-1.978031316431
"US-ONA",2020,9,"Upland","WUE_E_minus_WUE_T",0.543694373463799,-0.0590658348018704,0.650315530725162,2.27113197441078,-1.62081644368562
"US-ONA",2021,3,"Upland","WUE_E_minus_WUE_T",0.415403649833876,-0.798100927634652,-1.82210255547043,-1.2073506380665,-0.614751917403933
"US-ONA",2021,4,"Upland","WUE_E_minus_WUE_T",0.524379062567475,-0.170334149279045,0.365264557883939,1.74294923728316,-1.37768467939922
"US-ONA",2021,5,"Upland","WUE_E_minus_WUE_T",0.465520073895676,-0.509398868272969,-0.510888480198851,0.130122657901326,-0.641011138100177
"US-ONA",2021,6,"Upland","WUE_E_minus_WUE_T",0.413630144820694,-0.808317429693189,-1.09377345530946,-1.2069545768927,0.113181121583233
"US-ONA",2021,7,"Upland","WUE_E_minus_WUE_T",0.573232083211581,0.111089913391511,1.15215485586053,3.01940005302366,-1.86724519716313
"US-ONA",2021,8,"Upland","WUE_E_minus_WUE_T",0.531942868647441,-0.126761878655633,0.423982733597859,1.88177347696882,-1.45779074337097
"US-ONA",2021,9,"Upland","WUE_E_minus_WUE_T",0.5305512653868,-0.134778386909816,0.382841370489575,1.91674089553433,-1.53389952504475
"US-ONA",2022,3,"Upland","WUE_E_minus_WUE_T",0.353998027502901,-1.15183585496061,-3.0863065610907,-2.86309329950264,-0.223213261588057
"US-ONA",2022,5,"Upland","WUE_E_minus_WUE_T",0.357618564757723,-1.13097928785651,-2.06083172686417,-2.77933620158381,0.718504474719633
"US-ONA",2022,6,"Upland","WUE_E_minus_WUE_T",0.491993393261858,-0.356895932115122,-0.0915281097379412,0.90603391841821,-0.997562028156151
"US-ONA",2022,7,"Upland","WUE_E_minus_WUE_T",0.525617485468637,-0.163200056042763,0.236603526586686,1.73551890668199,-1.4989153800953
"US-ONA",2022,8,"Upland","WUE_E_minus_WUE_T",0.414559580449983,-0.802963297086099,-0.884176463554474,-1.2833522986582,0.399175835103724
"US-ONA",2022,9,"Upland","WUE_E_minus_WUE_T",0.32736092482514,-1.30528228579565,-2.32541612377349,-3.56208828148024,1.23667215770675
"US-OPE",2022,7,"Upland","WUE_E_minus_WUE_T",0.595961104740894,0.242023343811384,3.74699778024136,2.11005850398572,1.63693927625564
"US-OPE",2022,8,"Upland","WUE_E_minus_WUE_T",0.626477432737128,0.417816547368873,5.08913219963267,2.90859828585754,2.18053391377513
"US-OPE",2022,9,"Upland","WUE_E_minus_WUE_T",0.510323526411147,-0.251302859831114,0.340690977264389,-0.150887765745602,0.491578743009991
"US-PAS",2021,5,"Upland","WUE_E_minus_WUE_T",0.584838726858563,0.177951465984103,2.24612824026941,2.34543403517428,-0.0993057949048701
"US-PAS",2021,7,"Upland","WUE_E_minus_WUE_T",0.608189973990348,0.312469306428918,3.4856610485805,2.96000583173352,0.525655216846985
"US-PAS",2021,8,"Upland","WUE_E_minus_WUE_T",0.524100959835989,-0.171936195570203,0.649304896330744,0.668324441276195,-0.0190195449454513
"US-PAS",2021,9,"Upland","WUE_E_minus_WUE_T",0.462656639145466,-0.525894049737113,-0.884742571079184,-0.915971041654378,0.0312284705751937
"US-PAS",2021,10,"Upland","WUE_E_minus_WUE_T",0.400838580022352,-0.882004871861561,-2.00088872167086,-2.58445494710194,0.583566225431079
"US-PAS",2022,5,"Upland","WUE_E_minus_WUE_T",0.660588294252394,0.61431652019045,4.18054287604031,4.38794717254271,-0.207404296502397
"US-PAS",2022,6,"Upland","WUE_E_minus_WUE_T",0.685988812029405,0.760639445825237,5.64959302071343,5.13493138548613,0.514661635227303
"US-PAS",2022,7,"Upland","WUE_E_minus_WUE_T",0.703178228839814,0.859661275999547,6.25080690276567,5.52127139536412,0.729535507401553
"US-PAS",2022,8,"Upland","WUE_E_minus_WUE_T",0.61800240655602,0.368995077013906,3.09982528640289,3.20028528464841,-0.100459998245527
"US-PAS",2022,9,"Upland","WUE_E_minus_WUE_T",0.449411977046242,-0.602191616755868,-1.10456389358183,-1.27310042560217,0.168536532020336
"US-PAS",2022,10,"Upland","WUE_E_minus_WUE_T",0.549677348611401,-0.0246001425950116,1.13181433239889,1.42883715016261,-0.297022817763719
"US-PHM",2013,6,"Saline","WUE_E_minus_WUE_T",0.690355725769486,0.785795609965392,3.38239989755663,3.12874955816818,0.253650339388449
"US-PHM",2013,7,"Saline","WUE_E_minus_WUE_T",0.735927795410911,1.04831933549356,5.90740325342414,3.79493421074098,2.11246904268316
"US-PHM",2013,8,"Saline","WUE_E_minus_WUE_T",0.694794742732345,0.811367133926048,3.52530749628227,3.09969672602579,0.42561077025648
"US-PHM",2013,9,"Saline","WUE_E_minus_WUE_T",0.630093473099045,0.43864720954726,1.78566808671498,2.11682443132508,-0.331156344610098
"US-PHM",2014,6,"Saline","WUE_E_minus_WUE_T",0.58529753342273,0.180594479774562,1.01298366440294,1.41511205109593,-0.402128386692985
"US-PHM",2015,5,"Saline","WUE_E_minus_WUE_T",0.66641097551417,0.647858819002682,1.79069887919194,2.67609509252821,-0.885396213336273
"US-PHM",2015,6,"Saline","WUE_E_minus_WUE_T",0.668141583346913,0.657828206376457,2.86569897073583,2.76640763325554,0.0992913374802948
"US-PHM",2015,7,"Saline","WUE_E_minus_WUE_T",0.73862677892695,1.06386717462715,5.28511535662388,3.8389581871748,1.44615716944908
"US-PHM",2015,8,"Saline","WUE_E_minus_WUE_T",0.723081339276092,0.97431568477322,3.99558286513951,3.56108837671015,0.434494488429367
"US-PHM",2015,9,"Saline","WUE_E_minus_WUE_T",0.579349523270883,0.14633020788986,0.961049908110164,1.28912376619731,-0.32807385808715
"US-PHM",2016,6,"Saline","WUE_E_minus_WUE_T",0.671605865307497,0.677784644908399,1.98872678740722,2.82291463542379,-0.834187848016569
"US-PHM",2016,7,"Saline","WUE_E_minus_WUE_T",0.727159478072397,0.997808323980767,3.36146113931359,3.65191140471748,-0.290450265403892
"US-PHM",2016,8,"Saline","WUE_E_minus_WUE_T",0.676545349175061,0.706239172370115,2.31269387727138,2.80202507774666,-0.489331200475279
"US-PHM",2016,9,"Saline","WUE_E_minus_WUE_T",0.627851635329357,0.425732816851058,1.33484439299142,2.08025710419815,-0.745412711206737
"US-PHM",2017,6,"Saline","WUE_E_minus_WUE_T",0.711455925719985,0.907346005722684,3.59544345570401,3.47292161399943,0.12252184170458
"US-PHM",2017,7,"Saline","WUE_E_minus_WUE_T",0.757715218126484,1.1738285657294,6.27664968128385,4.15031577512782,2.12633390615603
"US-PHM",2017,8,"Saline","WUE_E_minus_WUE_T",0.681536810645166,0.734993123447449,3.32698261421763,2.88344238942138,0.443540224796246
"US-PHM",2017,9,"Saline","WUE_E_minus_WUE_T",0.608157551264333,0.312282531176176,1.618074027932,1.7590206506918,-0.140946622759793
"US-PHM",2018,5,"Saline","WUE_E_minus_WUE_T",0.547159250608269,-0.0391059676371649,0.547945416024664,0.730942372716309,-0.182996956691645
"US-PHM",2018,6,"Saline","WUE_E_minus_WUE_T",0.63285585532709,0.454560265055719,1.60888197063197,2.19085092845767,-0.581968957825703
"US-PHM",2018,7,"Saline","WUE_E_minus_WUE_T",0.656058089659177,0.588219698242846,2.13620578400089,2.49215410004529,-0.355948316044394
"US-PHM",2018,8,"Saline","WUE_E_minus_WUE_T",0.664057000439812,0.634298445045927,2.33376005716594,2.59832365936049,-0.26456360219455
"US-PHM",2018,9,"Saline","WUE_E_minus_WUE_T",0.65843323705443,0.601902038057266,2.3358916294699,2.57908331252905,-0.243191683059154
"US-PHM",2019,5,"Saline","WUE_E_minus_WUE_T",0.63389385731996,0.460539808061293,2.4774686765395,2.14569806098991,0.331770615549591
"US-PHM",2019,6,"Saline","WUE_E_minus_WUE_T",0.718326731666872,0.94692616060155,4.01154145962487,3.58499350969263,0.426547949932238
"US-PHM",2019,7,"Saline","WUE_E_minus_WUE_T",0.739720851417704,1.07016971889452,4.44057152450308,3.85680395068674,0.583767573816345
"US-PHM",2019,8,"Saline","WUE_E_minus_WUE_T",0.701381099634563,0.849308683766404,3.16922694995767,3.20712888310452,-0.0379019331468515
"US-PHM",2019,9,"Saline","WUE_E_minus_WUE_T",0.58116336026931,0.156779047498741,1.03561307548753,1.31870983695286,-0.283096761465328
"US-PHM",2020,6,"Saline","WUE_E_minus_WUE_T",0.657127493742939,0.594380137002223,2.16139127751784,2.58675332329626,-0.425362045778425
"US-PHM",2020,7,"Saline","WUE_E_minus_WUE_T",0.700872252537021,0.846377405094582,3.64257451827971,3.22313212888903,0.419442389390684
"US-PHM",2020,8,"Saline","WUE_E_minus_WUE_T",0.638606507812258,0.487687632904115,1.87472915878042,2.18319259946093,-0.308463440680507
"US-PHM",2020,9,"Saline","WUE_E_minus_WUE_T",0.614539642584641,0.349047383052587,1.61543111266261,1.86312096705688,-0.247689854394277
"US-RRC",2022,6,"Freshwater","WUE_E_minus_WUE_T",0.8980402810128,1.9821890063183,14.1487417199374,7.67733359132112,6.47140812861629
"US-RRC",2022,7,"Freshwater","WUE_E_minus_WUE_T",0.867982901948103,1.80903963667668,13.8197458048868,7.00074945982364,6.81899634506311
"US-RRC",2022,8,"Freshwater","WUE_E_minus_WUE_T",0.878171459774351,1.86773212484655,13.9779174948,7.17963461804232,6.79828287675771
"US-RRC",2022,9,"Freshwater","WUE_E_minus_WUE_T",0.792832738901412,1.37612752774026,6.27224060108122,5.55023222214062,0.722008378940594
"US-RRC",2023,4,"Freshwater","WUE_E_minus_WUE_T",0.743604284173025,1.09254072909411,1.9973923963608,4.56111476332412,-2.56372236696332
"US-RRC",2023,5,"Freshwater","WUE_E_minus_WUE_T",0.810165318841943,1.47597406740382,6.22729340829716,5.86277675331146,0.3645166549857
"US-RRC",2023,6,"Freshwater","WUE_E_minus_WUE_T",0.881998110653773,1.88977603580048,12.2839904883705,7.35740779717429,4.92658269119626
"US-RRC",2023,7,"Freshwater","WUE_E_minus_WUE_T",0.880826688665485,1.88302790987706,12.3430449519687,7.25689052885916,5.0861544231095
"US-RRC",2023,8,"Freshwater","WUE_E_minus_WUE_T",0.856867205399105,1.7450062475231,9.95253494521242,6.75476813506849,3.19776681014393
"US-RRC",2023,9,"Freshwater","WUE_E_minus_WUE_T",0.873708565192682,1.8420230508142,7.99844526440884,7.16312264621951,0.835322618189323
"US-RRC",2024,5,"Freshwater","WUE_E_minus_WUE_T",0.782092407161124,1.3142564754915,6.70067703216402,5.3029242917992,1.39775274036482
"US-RRC",2024,6,"Freshwater","WUE_E_minus_WUE_T",0.837881829101216,1.63563856342421,8.66296943619914,6.47760561987316,2.18536381632598
"US-RRC",2024,7,"Freshwater","WUE_E_minus_WUE_T",0.81411696402052,1.49873802397652,10.096427343761,5.92651183590704,4.169915507854
"US-RRC",2024,8,"Freshwater","WUE_E_minus_WUE_T",0.847840086386119,1.69300437592232,11.0681505929519,6.57474210651665,4.4934084864353
"US-RRC",2025,4,"Freshwater","WUE_E_minus_WUE_T",0.701795399768214,0.851695312581571,1.27530084266411,3.72732854573317,-2.45202770306906
"US-RRC",2025,5,"Freshwater","WUE_E_minus_WUE_T",0.802650991216234,1.43268682373325,6.43964251212598,5.71292002075395,0.726722491372032
"US-RRC",2025,6,"Freshwater","WUE_E_minus_WUE_T",0.831053715486789,1.59630434317717,9.55459281241792,6.34143391606181,3.2131588963561
"US-RRC",2025,7,"Freshwater","WUE_E_minus_WUE_T",0.790104776993038,1.36041275487784,6.78695766651401,5.44764159378627,1.33931607272775
"US-RRC",2025,8,"Freshwater","WUE_E_minus_WUE_T",0.888209739244826,1.92555891536139,12.3919522641103,7.37982601730973,5.01212624680058
"US-RRC",2025,9,"Freshwater","WUE_E_minus_WUE_T",0.88872360257865,1.92851909070276,9.90849823217668,7.46256453296817,2.44593369920851
"US-SCg",2006,3,"Upland","WUE_E_minus_WUE_T",0.512440693796188,-0.239106646802804,0.40621657799968,-0.198155428599778,0.604372006599458
"US-SCg",2006,4,"Upland","WUE_E_minus_WUE_T",0.732821942130614,1.03042767113636,8.10234046877979,5.75609404835151,2.34624642042828
"US-SCg",2007,2,"Upland","WUE_E_minus_WUE_T",0.203373855227317,-2.01952563011271,-5.63359999384496,-8.52968938821201,2.89608939436705
"US-SCg",2007,3,"Upland","WUE_E_minus_WUE_T",0.109606989877462,-2.5596816295314,-9.12514884038455,-11.060173004898,1.93502416451346
"US-SCg",2008,2,"Upland","WUE_E_minus_WUE_T",0.404052047006461,-0.863493285024101,-3.42616675406065,-3.11859785073581,-0.307568903324841
"US-SCg",2008,3,"Upland","WUE_E_minus_WUE_T",0.579827277189135,0.149082370332605,2.22656488564431,1.6188580092047,0.60770687643961
"US-SCg",2008,4,"Upland","WUE_E_minus_WUE_T",0.219839501811262,-1.92467317073442,-9.85484886436245,-8.07597667680645,-1.778872187556
"US-SCg",2009,2,"Upland","WUE_E_minus_WUE_T",0.519865490813385,-0.196335155633284,0.514901413588516,0.00419860339663158,0.510702810191885
"US-SCg",2009,3,"Upland","WUE_E_minus_WUE_T",0.621050717951894,0.3865552639993,3.51102273359949,2.73040784668036,0.78061488691913
"US-SCg",2009,4,"Upland","WUE_E_minus_WUE_T",0.345152597517343,-1.20279108372197,-3.7041648288509,-4.69703138285852,0.992866554007623
"US-SCg",2010,2,"Upland","WUE_E_minus_WUE_T",0.310051345150377,-1.40499632949172,-4.75349470711008,-5.65323501195795,0.899740304847866
"US-SCg",2010,3,"Upland","WUE_E_minus_WUE_T",0.561992006578333,0.046340016882527,1.29014923422021,1.13794734813536,0.152201886084852
"US-SCg",2010,4,"Upland","WUE_E_minus_WUE_T",0.643480140440017,0.515762815891457,4.70540934656402,3.34707958203166,1.35832976453236
"US-SCg",2010,5,"Upland","WUE_E_minus_WUE_T",0.576622603346916,0.130621437511653,1.5371852584532,1.51857995272405,0.0186053057291484
"US-SCg",2011,2,"Upland","WUE_E_minus_WUE_T",0.211678828704081,-1.97168377007238,-9.80839185565546,-8.30575388580055,-1.50263796985491
"US-SCg",2011,3,"Upland","WUE_E_minus_WUE_T",0.5871609847091,0.191329128823581,2.14625199461259,1.81660427324959,0.329647721363
"US-SCg",2011,4,"Upland","WUE_E_minus_WUE_T",0.61976405365304,0.379143270032446,2.90571694003484,2.70759845367718,0.19811848635766
"US-SCg",2011,5,"Upland","WUE_E_minus_WUE_T",0.389824958201885,-0.945450246509175,-0.523509714358773,-3.51823619507723,2.99472648071846
"US-SCg",2012,2,"Upland","WUE_E_minus_WUE_T",0.126296598884235,-2.46353900602229,-10.4066479873062,-10.6080023619951,0.201354374688963
"US-SCg",2012,3,"Upland","WUE_E_minus_WUE_T",0.117514793369758,-2.5141277178948,-14.8805866432609,-10.8469468033968,-4.03363983986402
"US-SCg",2012,4,"Upland","WUE_E_minus_WUE_T",0.248983336290115,-1.75678639131526,-3.6826663644389,-7.29014163055646,3.60747526611757
"US-SCg",2013,2,"Upland","WUE_E_minus_WUE_T",0.213480445149559,-1.96130532851901,-9.28776978973656,-8.25717505710236,-1.0305947326342
"US-SCg",2013,3,"Upland","WUE_E_minus_WUE_T",0.200886537209054,-2.03385414312222,-10.2968513671036,-8.59890911901339,-1.69794224809019
"US-SCg",2014,3,"Upland","WUE_E_minus_WUE_T",0.123947229692437,-2.47707284720451,-16.3644877418733,-10.6735024373578,-5.69098530451549
"US-SCg",2014,4,"Upland","WUE_E_minus_WUE_T",0.129674138279692,-2.44408225911151,-11.9269234346179,-10.5071976841997,-1.41972575041819
"US-SCg",2015,2,"Upland","WUE_E_minus_WUE_T",0.324803384277148,-1.32001532465324,-5.76046216865881,-5.25546067797729,-0.505001490681525
"US-SCg",2015,3,"Upland","WUE_E_minus_WUE_T",0.251173221938779,-1.74417127544513,-4.90510702691655,-7.24297775558844,2.33787072867189
"US-SCg",2015,4,"Upland","WUE_E_minus_WUE_T",0.137911062779671,-2.39663240389003,-5.679133371515,-10.2850970560172,4.60596368450223
"US-SCg",2016,2,"Upland","WUE_E_minus_WUE_T",0.521125866219158,-0.18907460219143,0.214906251544266,0.0381833958235228,0.176722855720744
"US-SCg",2016,3,"Upland","WUE_E_minus_WUE_T",0.529836072184268,-0.138898348664427,0.559412422376274,0.270893968110575,0.2885184542657
"US-SCg",2016,4,"Upland","WUE_E_minus_WUE_T",0.120768227457935,-2.49538589545161,-11.4538932090906,-10.7473368754784,-0.70655633361212
"US-SCs",2006,4,"Upland","WUE_E_minus_WUE_T",0.602842437105436,0.281664137463096,2.96290202940275,1.56712115061875,1.395780878784
"US-SCs",2006,5,"Upland","WUE_E_minus_WUE_T",0.615309696358059,0.353483376130041,4.32323877618323,1.87753721719683,2.44570155898639
"US-SCs",2006,6,"Upland","WUE_E_minus_WUE_T",0.469368521229386,-0.487229396061282,-0.791297536207259,-1.99554005376609,1.20424251755883
"US-SCs",2008,3,"Upland","WUE_E_minus_WUE_T",0.449542971670384,-0.601437005498921,-1.07011546894279,-2.57833353628829,1.5082180673455
"US-SCs",2008,4,"Upland","WUE_E_minus_WUE_T",0.162853437216501,-2.25294867145925,-16.2392433956584,-10.2967527101834,-5.94249068547503
"US-SCs",2009,3,"Upland","WUE_E_minus_WUE_T",0.601599372218957,0.274503303477731,3.75512492760731,1.52171886568371,2.2334060619236
"US-SCs",2009,4,"Upland","WUE_E_minus_WUE_T",0.255825825483036,-1.71736935871292,-10.8462729277548,-7.78984302105453,-3.05642990670025
"US-SCs",2010,3,"Upland","WUE_E_minus_WUE_T",0.591139608872776,0.214248501284448,2.5953162427273,1.23968155796859,1.35563468475871
"US-SCs",2010,5,"Upland","WUE_E_minus_WUE_T",0.316895290512216,-1.36557090844242,-8.49185270178319,-6.16891592162024,-2.32293678016295
"US-SCs",2011,3,"Upland","WUE_E_minus_WUE_T",0.520003697787885,-0.195538996711267,0.783322667535113,-0.678428840921853,1.46175150845697
"US-SCs",2011,4,"Upland","WUE_E_minus_WUE_T",0.635017294485454,0.467011511286597,4.90282332096654,2.43468477048694,2.4681385504796
"US-SCs",2011,5,"Upland","WUE_E_minus_WUE_T",0.510554912512948,-0.249969930649749,0.33809183919874,-0.947073266628234,1.28516510582697
"US-SCs",2011,6,"Upland","WUE_E_minus_WUE_T",0.394425930309168,-0.918945759261636,-3.52122570111115,-4.01629385830119,0.495068157190038
"US-SCs",2012,4,"Upland","WUE_E_minus_WUE_T",0.290989497293502,-1.51480453776957,-6.14769317593863,-6.84168893777673,0.693995761838091
"US-SCs",2013,3,"Upland","WUE_E_minus_WUE_T",0.229086424687351,-1.87140509091705,-9.91043825880696,-8.52272911402983,-1.38770914477713
"US-Skr",2004,2,"Saline","WUE_E_minus_WUE_T",0.61981229506007,0.379421170816804,2.27034496019223,1.86684716110709,0.403497799085134
"US-Skr",2004,3,"Saline","WUE_E_minus_WUE_T",0.705808610004423,0.874813922529004,4.52479911172761,3.26740870954552,1.25739040218209
"US-Skr",2004,4,"Saline","WUE_E_minus_WUE_T",0.680377268337588,0.728313431941487,3.66388767840163,2.86447428080446,0.799413397597169
"US-Skr",2004,5,"Saline","WUE_E_minus_WUE_T",0.659846615056568,0.6100439824899,3.39197174008708,2.50384087287981,0.888130867207275
"US-Skr",2004,6,"Saline","WUE_E_minus_WUE_T",0.662898670429813,0.62762573713495,3.19282485961332,2.61570796369456,0.577116895918758
"US-Skr",2004,7,"Saline","WUE_E_minus_WUE_T",0.589208268470743,0.203122768316997,1.33261928007499,1.33656460371035,-0.00394532363535993
"US-Skr",2004,8,"Saline","WUE_E_minus_WUE_T",0.624373304355125,0.405695447182304,2.03432332098927,1.88584944856127,0.148473872427999
"US-Skr",2004,9,"Saline","WUE_E_minus_WUE_T",0.657260430565258,0.595145936539741,2.74715872455233,2.49477244023247,0.252386284319863
"US-Skr",2004,10,"Saline","WUE_E_minus_WUE_T",0.677009011139561,0.708910156314098,3.70903636016629,2.81527751505585,0.89375884511044
"US-Skr",2005,4,"Saline","WUE_E_minus_WUE_T",0.657379933785171,0.59583435009548,3.52059961508719,2.48935746057937,1.03124215450782
"US-Skr",2005,5,"Saline","WUE_E_minus_WUE_T",0.6543257949491,0.578240593396821,3.49101641564234,2.41378902452201,1.07722739112033
"US-Skr",2005,7,"Saline","WUE_E_minus_WUE_T",0.618950139676868,0.37445461465723,2.01922058562285,1.82169370112625,0.197526884496596
"US-Skr",2005,8,"Saline","WUE_E_minus_WUE_T",0.673874881546487,0.690855602646999,2.4111749460906,2.6932853794439,-0.282110433353303
"US-Skr",2005,9,"Saline","WUE_E_minus_WUE_T",0.78036657508799,1.30431459949069,4.7703187873594,4.50279582130224,0.267522966057165
"US-Skr",2007,2,"Saline","WUE_E_minus_WUE_T",0.654670306487019,0.580225196096091,2.53555542638011,2.43542724485738,0.100128181522731
"US-Skr",2007,3,"Saline","WUE_E_minus_WUE_T",0.765505991626186,1.218708311152,4.04618381840014,4.24115164130479,-0.194967822904646
"US-Skr",2007,4,"Saline","WUE_E_minus_WUE_T",0.744711507333053,1.09891902947083,4.18751080449023,3.91385046431712,0.273660340173109
"US-Skr",2007,6,"Saline","WUE_E_minus_WUE_T",0.688168217240276,0.773194187795374,2.72892924698457,3.02788755896307,-0.298958311978504
"US-Skr",2007,7,"Saline","WUE_E_minus_WUE_T",0.683860051055261,0.7483764464467,2.77910358390407,2.88045985951983,-0.10135627561576
"US-Skr",2007,8,"Saline","WUE_E_minus_WUE_T",0.734378174420658,1.03939254593323,3.80704561888674,3.68017378533183,0.12687183355491
"US-Skr",2007,9,"Saline","WUE_E_minus_WUE_T",0.749060103884746,1.12396967510865,3.70710578318173,3.9921460369343,-0.285040253752573
"US-Skr",2007,10,"Saline","WUE_E_minus_WUE_T",0.774584186618747,1.27100441245418,4.49736589378009,4.40685715987212,0.0905087339079707
"US-Skr",2008,2,"Saline","WUE_E_minus_WUE_T",0.681698657387381,0.735925462269562,3.47147479509313,2.8762952516502,0.595179543442925
"US-Skr",2008,3,"Saline","WUE_E_minus_WUE_T",0.731547149590641,1.02308406595225,3.97152828845521,3.68723819477623,0.284290093678978
"US-Skr",2008,4,"Saline","WUE_E_minus_WUE_T",0.723130015763287,0.974596091892422,3.57841777714024,3.56182790818511,0.0165898689551347
"US-Skr",2008,5,"Saline","WUE_E_minus_WUE_T",0.719117104028325,0.951479201499533,4.28843809183236,3.47062062318504,0.817817468647317
"US-Skr",2008,6,"Saline","WUE_E_minus_WUE_T",0.701196941689484,0.848247818411636,2.8607341916341,3.24040321706407,-0.379669025429971
"US-Skr",2008,7,"Saline","WUE_E_minus_WUE_T",0.660892817297697,0.616070764072531,2.38945449734045,2.50583402290966,-0.116379525569203
"US-Skr",2008,8,"Saline","WUE_E_minus_WUE_T",0.699893567242651,0.840739563503905,2.66828891610277,3.11768441675561,-0.449395500652838
"US-Skr",2008,9,"Saline","WUE_E_minus_WUE_T",0.639454127823224,0.492570456196138,1.48692884134673,2.20432818681985,-0.717399345473116
"US-Skr",2008,10,"Saline","WUE_E_minus_WUE_T",0.688818307632412,0.776939116498776,2.54689467772998,3.00790269687405,-0.461008019144074
"US-Skr",2009,2,"Saline","WUE_E_minus_WUE_T",0.751927869930884,1.14048980755598,4.94463039666352,4.0218262189971,0.922804177666415
"US-Skr",2009,3,"Saline","WUE_E_minus_WUE_T",0.748476942596375,1.12061030005258,4.80031227135378,3.96338541979072,0.836926851563061
"US-Skr",2009,4,"Saline","WUE_E_minus_WUE_T",0.749632275402647,1.12726574218882,4.89644828634236,3.99411467350729,0.902333612835076
"US-Skr",2009,5,"Saline","WUE_E_minus_WUE_T",0.74949262230356,1.12646125268149,4.98553291222828,3.96608533898175,1.01944757324653
"US-Skr",2009,6,"Saline","WUE_E_minus_WUE_T",0.645468128121134,0.527214872742449,1.55949228810072,2.33139285792753,-0.771900569826801
"US-Skr",2009,7,"Saline","WUE_E_minus_WUE_T",0.592763920745899,0.223605557211624,0.870311696343978,1.39456197606854,-0.524250279724561
"US-Skr",2009,8,"Saline","WUE_E_minus_WUE_T",0.712616904809056,0.914033973991875,2.81487400641967,3.32521881252141,-0.510344806101742
"US-Skr",2009,9,"Saline","WUE_E_minus_WUE_T",0.571625982632819,0.101837765950607,0.632107946743768,1.0979617908535,-0.465853844109736
"US-Skr",2009,10,"Saline","WUE_E_minus_WUE_T",0.701840675484046,0.851956129123145,2.57568055438125,3.22031467049528,-0.644634116114031
"US-Skr",2010,2,"Saline","WUE_E_minus_WUE_T",0.54341507837097,-0.0606747498427728,0.365376740369716,0.620707921225062,-0.255331180855345
"US-Skr",2010,3,"Saline","WUE_E_minus_WUE_T",0.669743429460831,0.667055845429439,2.09457605389003,2.67913810733636,-0.584562053446327
"US-Skr",2010,4,"Saline","WUE_E_minus_WUE_T",0.769216557133121,1.24008349749665,4.36439715270713,4.31356010629791,0.0508370464092271
"US-Skr",2010,5,"Saline","WUE_E_minus_WUE_T",0.781877106161704,1.31301620659605,5.82653554797353,4.49431892978372,1.33221661818981
"US-Skr",2010,6,"Saline","WUE_E_minus_WUE_T",0.692081264920714,0.795735798552158,1.90834398465843,3.0917145211673,-1.18337053650887
"US-Skr",2010,7,"Saline","WUE_E_minus_WUE_T",0.785059230835197,1.33134724205161,4.39935238373129,4.53115178826976,-0.131799404538473
"US-Skr",2010,8,"Saline","WUE_E_minus_WUE_T",0.727222328554152,0.998170382205272,2.96387085067851,3.5634525130754,-0.599581662396892
"US-Skr",2010,9,"Saline","WUE_E_minus_WUE_T",0.729541967932099,1.01153296099908,3.59578878309027,3.67377952891182,-0.077990745821551
"US-Skr",2010,10,"Saline","WUE_E_minus_WUE_T",0.700088830001836,0.841864399558123,2.3860250418267,3.19173976302873,-0.805714721202031
"US-Skr",2011,2,"Saline","WUE_E_minus_WUE_T",0.720134504228626,0.9573400652487,5.5536134679321,3.50323454397922,2.05037892395288
"US-Skr",2011,3,"Saline","WUE_E_minus_WUE_T",0.699626899816433,0.839203391748734,4.21250385497656,3.1665768734044,1.04592698157216
"US-Skr",2011,4,"Saline","WUE_E_minus_WUE_T",0.728542061496353,1.00577287231413,5.67692117268025,3.65010550321131,2.02681566946894
"US-Skr",2011,5,"Saline","WUE_E_minus_WUE_T",0.708795494513419,0.892020252089934,4.68110945330809,3.302261575661,1.37884787764708
"US-Skr",2011,6,"Saline","WUE_E_minus_WUE_T",0.661537638384663,0.619785338270746,2.83456820355911,2.59350773819288,0.241060465366228
"US-Skr",2011,7,"Saline","WUE_E_minus_WUE_T",0.557170736424241,0.0185664746100565,0.715705974443838,0.813990253985102,-0.0982842795412646
"US-Skr",2011,8,"Saline","WUE_E_minus_WUE_T",0.683046679727163,0.743690917064995,2.02875672044633,2.84288948949585,-0.814132769049529
"US-Skr",2011,9,"Saline","WUE_E_minus_WUE_T",0.80285000161447,1.4338332485407,4.9141498496493,4.86953012466919,0.0446197249801061
"US-Skr",2018,4,"Saline","WUE_E_minus_WUE_T",0.716489823858671,0.936344418647428,3.4680037909117,3.45351763130207,0.0144861596096217
"US-Skr",2018,5,"Saline","WUE_E_minus_WUE_T",0.573966841426727,0.115322581899221,0.817796754135757,1.10302863821629,-0.285231884080528
"US-Skr",2018,6,"Saline","WUE_E_minus_WUE_T",0.707178225561056,0.882703767806992,2.72466914800577,3.33796583596904,-0.613296687963267
"US-Skr",2018,7,"Saline","WUE_E_minus_WUE_T",0.657643316938133,0.597351602375241,1.77266674060958,2.45283039157917,-0.68016365096959
"US-Skr",2018,8,"Saline","WUE_E_minus_WUE_T",0.713325427647309,0.918115510261429,2.34190803295021,3.33677575332848,-0.994867720378266
"US-Skr",2018,9,"Saline","WUE_E_minus_WUE_T",0.663985411383007,0.63388604714416,1.60284781991867,2.60446573597851,-1.00161791605984
"US-Skr",2018,10,"Saline","WUE_E_minus_WUE_T",0.593473202383763,0.227691464643213,0.968853758845845,1.45269843512015,-0.483844676274303
"US-Skr",2019,2,"Saline","WUE_E_minus_WUE_T",0.736081056385008,1.04920221490225,3.95598023451604,3.76334381554813,0.192636418967914
"US-Skr",2019,3,"Saline","WUE_E_minus_WUE_T",0.695121910053582,0.813251823050723,2.91945530876922,3.09309455608908,-0.173639247319861
"US-Skr",2019,4,"Saline","WUE_E_minus_WUE_T",0.748639834778047,1.12154866126216,3.67624501774643,3.97792665960883,-0.301681641862397
"US-Skr",2019,5,"Saline","WUE_E_minus_WUE_T",0.775398114224217,1.27569314634271,3.92727366050039,4.38863803670827,-0.461364376207882
"US-Skr",2019,6,"Saline","WUE_E_minus_WUE_T",0.740806771375643,1.07642529945574,3.30259149106118,3.88649171604482,-0.583900224983635
"US-Skr",2019,7,"Saline","WUE_E_minus_WUE_T",0.705710560239879,0.874249094341962,2.38767698763404,3.23687044731865,-0.84919345968461
"US-Skr",2019,8,"Saline","WUE_E_minus_WUE_T",0.676589474474374,0.706493361790449,1.9519610888252,2.73756396594676,-0.785602877121556
"US-Skr",2019,9,"Saline","WUE_E_minus_WUE_T",0.73192766178264,1.02527605501569,2.66811450017761,3.71269333821461,-1.044578838037
"US-Skr",2019,10,"Saline","WUE_E_minus_WUE_T",0.62055916143601,0.38372358993067,1.22090133499793,1.89450610675565,-0.673604771757719
"US-Skr",2020,2,"Saline","WUE_E_minus_WUE_T",0.589031584830521,0.202104959649627,1.15727549138596,1.36477323078874,-0.207497739402777
"US-Skr",2020,3,"Saline","WUE_E_minus_WUE_T",0.674778804286724,0.69606276499937,2.58273145660928,2.76127170368967,-0.178540247080391
"US-Skr",2020,4,"Saline","WUE_E_minus_WUE_T",0.617441045158915,0.365761283014743,1.57431595830224,1.8379015768265,-0.263585618524262
"US-Skr",2020,5,"Saline","WUE_E_minus_WUE_T",0.586887745720358,0.189755100743474,0.934164157265738,1.31378560755168,-0.379621450285941
"US-Skr",2020,6,"Saline","WUE_E_minus_WUE_T",0.690431493814675,0.786232081463294,2.08193523314452,3.06480458123552,-0.982869348091005
"US-Skr",2020,7,"Saline","WUE_E_minus_WUE_T",0.700893830527434,0.846501707863298,2.53570676547602,3.1583032407801,-0.622596475304077
"US-Skr",2020,8,"Saline","WUE_E_minus_WUE_T",0.674710770261036,0.695670846308233,1.9377934132106,2.70691982546845,-0.769126412257855
"US-Skr",2020,9,"Saline","WUE_E_minus_WUE_T",0.652357579201115,0.56690243529099,1.76354527368632,2.41480047610934,-0.651255202423021
"US-Skr",2020,10,"Saline","WUE_E_minus_WUE_T",0.635393294884902,0.469177509593011,1.2589307268361,2.13647036385073,-0.877539637014626
"US-Skr",2021,2,"Saline","WUE_E_minus_WUE_T",0.639477815986719,0.492706914886309,1.99916594714712,2.1876177122012,-0.188451765054087
"US-Skr",2021,3,"Saline","WUE_E_minus_WUE_T",0.68079450627333,0.730716984340676,2.55969657591186,2.85939572738878,-0.299699151476916
"US-Skr",2021,4,"Saline","WUE_E_minus_WUE_T",0.653196620171252,0.571735837923004,1.88112505304373,2.42112210498714,-0.53999705194341
"US-Skr",2021,5,"Saline","WUE_E_minus_WUE_T",0.687401439839896,0.768777068683113,2.09605837996514,2.95329636221152,-0.857237982246377
"US-Skr",2021,6,"Saline","WUE_E_minus_WUE_T",0.6453921904623,0.526777424163485,1.56458512397809,2.33015421468161,-0.76556909070353
"US-Skr",2021,9,"Saline","WUE_E_minus_WUE_T",0.834277025547605,1.61487263231471,7.07318580503427,5.38214628286202,1.69103952217225
"US-Skr",2022,4,"Saline","WUE_E_minus_WUE_T",0.76186895291487,1.19775668530095,4.51659196884234,4.1937110027272,0.322880966115136
"US-Skr",2022,5,"Saline","WUE_E_minus_WUE_T",0.766893346866687,1.2267003481438,3.77769175930042,4.24991407804084,-0.472222318740421
"US-Skr",2022,6,"Saline","WUE_E_minus_WUE_T",0.755076175222429,1.15862602214399,2.97733282370565,4.11924448942878,-1.14191166572313
"US-Skr",2022,7,"Saline","WUE_E_minus_WUE_T",0.763396892918078,1.20655857876732,3.1167905186455,4.17781052171602,-1.06102000307052
"US-Skr",2022,8,"Saline","WUE_E_minus_WUE_T",0.777136697591775,1.28570847780305,3.74355498711049,4.37762162272846,-0.634066635617964
"US-Skr",2022,9,"Saline","WUE_E_minus_WUE_T",0.740756979368556,1.07613846624178,2.7091508700205,3.85671113862698,-1.14756026860648
"US-Skr",2022,10,"Saline","WUE_E_minus_WUE_T",0.73837131697834,1.06239555345639,3.20148622070578,3.81617755394765,-0.614691333241879
"US-Slt",2005,5,"Upland","WUE_E_minus_WUE_T",0.743505211834282,1.09197001023784,6.47850272750411,6.1183151433918,0.360187584112311
"US-Slt",2005,6,"Upland","WUE_E_minus_WUE_T",0.818427658489642,1.52357032982859,12.1742329900204,8.20060982478931,3.97362316523105
"US-Slt",2005,7,"Upland","WUE_E_minus_WUE_T",0.840639624603842,1.65152519651529,13.0151365869848,8.72237797358642,4.29275861339836
"US-Slt",2005,8,"Upland","WUE_E_minus_WUE_T",0.807588915924213,1.46113236945712,11.8053503305847,7.8068946662042,3.99845566438055
"US-Slt",2005,9,"Upland","WUE_E_minus_WUE_T",0.702324883670938,0.854745472204427,7.51781988103578,5.04104343817896,2.47677644285681
"US-Slt",2006,5,"Upland","WUE_E_minus_WUE_T",0.808280771679528,1.46511789286745,10.242314264441,7.86492488013709,2.37738938430388
"US-Slt",2006,6,"Upland","WUE_E_minus_WUE_T",0.834624284834222,1.61687306377117,13.1264200963218,8.63733604287919,4.48908405344261
"US-Slt",2006,7,"Upland","WUE_E_minus_WUE_T",0.85660508893503,1.7434962921664,15.0441336517117,9.15287113364761,5.89126251806407
"US-Slt",2006,8,"Upland","WUE_E_minus_WUE_T",0.804486583326673,1.44326098644244,8.66190733524252,7.7232432962364,0.938664039006116
"US-Slt",2006,9,"Upland","WUE_E_minus_WUE_T",0.774416382150888,1.27003775339285,9.02400069578122,6.98492031832423,2.03908037745699
"US-Slt",2007,5,"Upland","WUE_E_minus_WUE_T",0.741186869860842,1.07861490530834,3.85144210613533,6.05580331526419,-2.20436120912886
"US-Slt",2007,7,"Upland","WUE_E_minus_WUE_T",0.638214616774214,0.485430094545249,2.03734322100402,3.26418524656641,-1.22684202556239
"US-Slt",2007,8,"Upland","WUE_E_minus_WUE_T",0.725304603986302,0.987123084989015,5.03771914196735,5.58817852148082,-0.55045937951347
"US-Slt",2007,9,"Upland","WUE_E_minus_WUE_T",0.668644469892319,0.660725148526695,3.93617351602853,4.13288395976013,-0.196710443731603
"US-Slt",2008,5,"Upland","WUE_E_minus_WUE_T",0.777798036140443,1.28951820294825,5.69040717092012,7.04298767384516,-1.35258050292504
"US-Slt",2008,6,"Upland","WUE_E_minus_WUE_T",0.791689011051276,1.36953893743549,7.95626604927902,7.47962829912093,0.476637750158094
"US-Slt",2008,7,"Upland","WUE_E_minus_WUE_T",0.688601972188025,0.775692888551019,4.54105017197798,4.6228310967121,-0.0817809247341206
"US-Slt",2008,8,"Upland","WUE_E_minus_WUE_T",0.717887954083625,0.944398526312856,6.35399934018158,5.38819579705519,0.965803543126385
"US-Slt",2008,9,"Upland","WUE_E_minus_WUE_T",0.702841585043861,0.857721996432374,4.17620868456429,5.05497578629134,-0.878767101727046
"US-Slt",2009,5,"Upland","WUE_E_minus_WUE_T",0.761521716743046,1.1957563870002,8.24249041541866,6.60411261038314,1.63837780503553
"US-Slt",2009,6,"Upland","WUE_E_minus_WUE_T",0.752637218642165,1.14457610137255,9.01844365934862,6.4266348395188,2.59180881982982
"US-Slt",2009,7,"Upland","WUE_E_minus_WUE_T",0.827130454809652,1.57370389914898,11.5734780321752,8.35811639785864,3.21536163431659
"US-Slt",2009,8,"Upland","WUE_E_minus_WUE_T",0.829408572096707,1.58682728463692,12.6664897781892,8.3952403943517,4.27124938383748
"US-Slt",2009,9,"Upland","WUE_E_minus_WUE_T",0.734019133946788,1.03732424744344,5.57043051910726,5.89564795665623,-0.325217437548972
"US-Slt",2010,5,"Upland","WUE_E_minus_WUE_T",0.817114570715053,1.51600612005618,10.9579319507708,8.10311964749628,2.85481230327453
"US-Slt",2010,6,"Upland","WUE_E_minus_WUE_T",0.838991828190228,1.64203285489425,10.5853795059287,8.75510258583894,1.83027692008981
"US-Slt",2010,7,"Upland","WUE_E_minus_WUE_T",0.767279887626248,1.22892706554037,6.29186725375674,6.74430428041796,-0.452437026661221
"US-Slt",2011,5,"Upland","WUE_E_minus_WUE_T",0.838429824672808,1.63879536187903,18.0206069721361,8.6778646623253,9.34274230981081
"US-Slt",2011,6,"Upland","WUE_E_minus_WUE_T",0.814609485586499,1.50157525733944,13.0547970059319,8.09765651979066,4.95714048614125
"US-Slt",2011,7,"Upland","WUE_E_minus_WUE_T",0.804291924114829,1.44213962719973,11.567916624903,7.742297712851,3.82561891205205
"US-Slt",2011,8,"Upland","WUE_E_minus_WUE_T",0.843908722092341,1.67035724997584,11.8586580819112,8.78622278380764,3.07243529810353
"US-Slt",2011,9,"Upland","WUE_E_minus_WUE_T",0.819724276646961,1.53103966426798,11.1268856254258,8.20660346343839,2.92028216198737
"US-Slt",2012,5,"Upland","WUE_E_minus_WUE_T",0.741674466983048,1.08142377078418,10.102719516717,6.0689508956678,4.03376862104916
"US-Slt",2012,6,"Upland","WUE_E_minus_WUE_T",0.77442384103383,1.27008072124034,11.6247829561518,7.01408984401411,4.61069311213768
"US-Slt",2012,7,"Upland","WUE_E_minus_WUE_T",0.836153173374223,1.62568042140484,12.9734797921152,8.60140519589363,4.37207459622158
"US-Slt",2012,8,"Upland","WUE_E_minus_WUE_T",0.806365655934351,1.45408562410729,9.89003321355028,7.77391065473494,2.11612255881534
"US-Slt",2012,9,"Upland","WUE_E_minus_WUE_T",0.824943488715896,1.56110560174765,10.1540027523317,8.34733442183563,1.80666833049609
"US-Slt",2013,5,"Upland","WUE_E_minus_WUE_T",0.819735302756591,1.53110318158025,10.8803149007673,8.17378512861426,2.70652977215308
"US-Slt",2013,6,"Upland","WUE_E_minus_WUE_T",0.864710437482903,1.79018818731697,16.3296902350753,9.44857977867917,6.88111045639613
"US-Slt",2013,7,"Upland","WUE_E_minus_WUE_T",0.859959159595289,1.76281784443172,16.970616116002,9.24331037472768,7.7273057412743
"US-Slt",2013,8,"Upland","WUE_E_minus_WUE_T",0.800747759172052,1.4217230125499,12.9175197134393,7.62242955278068,5.29509016065859
"US-Slt",2013,9,"Upland","WUE_E_minus_WUE_T",0.726250294552333,0.99257085623453,7.92981957645709,5.68616878639536,2.24365079006173
"US-Slt",2014,5,"Upland","WUE_E_minus_WUE_T",0.799696413827249,1.41566660346192,7.44531695716107,7.63345605077743,-0.188139093616357
"US-Slt",2014,6,"Upland","WUE_E_minus_WUE_T",0.864513802612613,1.78905544704154,16.2773425889486,9.44327771135852,6.83406487759005
"US-Slt",2014,7,"Upland","WUE_E_minus_WUE_T",0.794272390216035,1.38442082294388,9.25709104403215,7.47213076242875,1.7849602816034
"US-Slt",2014,8,"Upland","WUE_E_minus_WUE_T",0.832861475965221,1.60671817821681,10.846204171535,8.48834457641049,2.35785959512448
"US-Slt",2014,9,"Upland","WUE_E_minus_WUE_T",0.864665801645204,1.78993105687508,13.6672370723469,9.41840781269673,4.24882925965015
"US-Slt",2015,5,"Upland","WUE_E_minus_WUE_T",0.802206812592379,1.43012807606057,0.85527441197682,7.7011465028054,-6.84587209082858
"US-Slt",2015,6,"Upland","WUE_E_minus_WUE_T",0.816488600133744,1.51240013660251,0.793056158349494,8.14832500914865,-7.35526885079916
"US-Slt",2015,7,"Upland","WUE_E_minus_WUE_T",0.799681833298252,1.41558261046308,0.647211083875099,7.61799111439394,-6.97078003051884
"US-Slt",2015,8,"Upland","WUE_E_minus_WUE_T",0.757910056282886,1.17495095580508,0.561939652152864,6.4673527129236,-5.90541306077074
"US-Slt",2015,9,"Upland","WUE_E_minus_WUE_T",0.705693313658721,0.874149743209264,0.635808926037153,5.131869864508,-4.49606093847084
"US-Slt",2016,5,"Upland","WUE_E_minus_WUE_T",0.63322207896721,0.456669943091786,0.42263901202386,3.14463812501338,-2.72199911298952
"US-Slt",2016,6,"Upland","WUE_E_minus_WUE_T",0.730610209529591,1.01768670310789,0.534956891359785,5.83269804176187,-5.29774115040208
"US-Slt",2016,7,"Upland","WUE_E_minus_WUE_T",0.777606980065699,1.28841760003683,0.533432748497506,7.0227642466476,-6.4893314981501
"US-Slt",2016,8,"Upland","WUE_E_minus_WUE_T",0.763010670781143,1.20433369683706,0.546766929325664,6.60488580360353,-6.05811887427787
"US-Slt",2016,9,"Upland","WUE_E_minus_WUE_T",0.644115542427369,0.519423130163773,0.386441036420803,3.47148537602646,-3.08504433960566
"US-Slt",2017,5,"Upland","WUE_E_minus_WUE_T",0.712715506880806,0.914601983815093,0.635410880299203,5.2881008065071,-4.6526899262079
"US-Slt",2017,6,"Upland","WUE_E_minus_WUE_T",0.752714708550131,1.14502249188082,0.768055671503281,6.42872427924077,-5.66066860773749
"US-Slt",2017,7,"Upland","WUE_E_minus_WUE_T",0.716644844333375,0.937237433884015,0.487849170917854,5.37897976840849,-4.89113059749064
"US-Slt",2017,8,"Upland","WUE_E_minus_WUE_T",0.745723836851053,1.10475068290721,0.494084108670876,6.13876320224079,-5.64467909356991
"US-Slt",2017,9,"Upland","WUE_E_minus_WUE_T",0.792043128521894,1.3715788763365,0.875329020347162,7.46020832683069,-6.58487930648353
"US-Slt",2018,5,"Upland","WUE_E_minus_WUE_T",0.760074657467478,1.18742041729175,1.16896191941534,6.56509406964967,-5.39613215023433
"US-Slt",2018,6,"Upland","WUE_E_minus_WUE_T",0.813808023769628,1.49695833421768,0.825519245828898,8.07604588429292,-7.25052663846402
"US-Slt",2018,7,"Upland","WUE_E_minus_WUE_T",0.759838491341872,1.18605995217297,0.617790431264073,6.54365429396747,-5.9258638627034
"US-Slt",2018,8,"Upland","WUE_E_minus_WUE_T",0.793982177364913,1.38274901476242,0.740456098682018,7.44000224397273,-6.69954614529071
"US-Slt",2018,9,"Upland","WUE_E_minus_WUE_T",0.683031765258251,0.743605000362642,0.341665849599542,4.52082333429588,-4.17915748469634
"US-Slt",2019,5,"Upland","WUE_E_minus_WUE_T",0.641438032509636,0.503998992434842,0.319110720904471,3.36617329179747,-3.04706257089299
"US-Slt",2019,6,"Upland","WUE_E_minus_WUE_T",0.689798770233928,0.782587196494186,0.326062269537712,4.73225742164693,-4.40619515210921
"US-Slt",2019,7,"Upland","WUE_E_minus_WUE_T",0.771406057026064,1.25269639117169,0.530291596954671,6.85556241028049,-6.32527081332582
"US-Slt",2019,8,"Upland","WUE_E_minus_WUE_T",0.765245294771391,1.21720653363579,0.600928332880402,6.66514025804062,-6.06421192516022
"US-Slt",2019,9,"Upland","WUE_E_minus_WUE_T",0.680660038421614,0.729942365112844,0.496838021111032,4.45687203544694,-3.96003401433591
"US-Slt",2020,5,"Upland","WUE_E_minus_WUE_T",0.777153252497275,1.28580384444981,0.461777634563758,7.02560171235069,-6.56382407778693
"US-Slt",2020,6,"Upland","WUE_E_minus_WUE_T",0.792841143652378,1.37617594438127,0.524574689514358,7.51069442998746,-6.9861197404731
"US-Slt",2020,7,"Upland","WUE_E_minus_WUE_T",0.76196406243135,1.19830457581363,0.566878519973706,6.60096824339373,-6.03408972342002
"US-Slt",2020,8,"Upland","WUE_E_minus_WUE_T",0.741791503936077,1.08209797709466,0.841923294241077,6.03273168396708,-5.19080838972601
"US-Slt",2021,5,"Upland","WUE_E_minus_WUE_T",0.667737298290743,0.655499270693781,0.440526341451718,4.07530732000617,-3.63478097855445
"US-Slt",2021,6,"Upland","WUE_E_minus_WUE_T",0.772017029880873,1.25621597830703,0.844590307809481,6.94919253082524,-6.10460222301576
"US-Slt",2021,7,"Upland","WUE_E_minus_WUE_T",0.800302157119703,1.41915606503564,1.01891826473857,7.63471754067369,-6.61579927593512
"US-Slt",2021,8,"Upland","WUE_E_minus_WUE_T",0.779616660692044,1.29999462186844,0.970693536672894,7.05265011063489,-6.081956573962
"US-Slt",2021,9,"Upland","WUE_E_minus_WUE_T",0.764013882688729,1.21011282711457,0.777115897950369,6.70442707534027,-5.9273111773899
"US-Snd",2007,4,"Upland","WUE_E_minus_WUE_T",0.53836769704648,-0.0897508343807902,0.809192832676768,1.67075173318358,-0.861558900506811
"US-Snd",2007,5,"Upland","WUE_E_minus_WUE_T",0.577319611104182,0.134636639687002,1.27273923703069,2.69530066202334,-1.42256142499265
"US-Snd",2007,6,"Upland","WUE_E_minus_WUE_T",0.545346254529822,-0.0495499630191351,0.639240669190965,1.89525436197211,-1.25601369278115
"US-Snd",2007,7,"Upland","WUE_E_minus_WUE_T",0.536119275798286,-0.10270315204547,0.515107423902791,1.56930205398353,-1.05419463008074
"US-Snd",2007,8,"Upland","WUE_E_minus_WUE_T",0.49312888138497,-0.350354807809864,-0.108905357060521,0.385804824002686,-0.494710181063207
"US-Snd",2007,9,"Upland","WUE_E_minus_WUE_T",0.474455268733768,-0.45792653761797,-0.467221547461101,-0.0452202697959105,-0.42200127766519
"US-Snd",2008,4,"Upland","WUE_E_minus_WUE_T",0.641742288623977,0.505751698627033,3.41938163025539,4.45814667986848,-1.03876504961309
"US-Snd",2008,5,"Upland","WUE_E_minus_WUE_T",0.569946574758524,0.0921633224743635,0.870397166148535,2.4964939345868,-1.62609676843827
"US-Snd",2008,6,"Upland","WUE_E_minus_WUE_T",0.584526555363494,0.17615316223064,1.02459626642938,2.95171292579143,-1.92711665936206
"US-Snd",2008,7,"Upland","WUE_E_minus_WUE_T",0.587843235183962,0.195259319789525,1.22353964332409,2.96398812542581,-1.74044848210172
"US-Snd",2008,8,"Upland","WUE_E_minus_WUE_T",0.577413852507024,0.135179529320231,0.877150461857708,2.65846679056506,-1.78131632870735
"US-Snd",2008,9,"Upland","WUE_E_minus_WUE_T",0.561385145976466,0.0428441189052774,0.748361773383543,2.29875900832858,-1.55039723494503
"US-Snd",2009,3,"Upland","WUE_E_minus_WUE_T",0.594545318234752,0.233867524883929,1.20437264629737,3.17364219366609,-1.96926954736872
"US-Snd",2009,4,"Upland","WUE_E_minus_WUE_T",0.645663577780714,0.528340785460259,2.29692670691006,4.56388041398231,-2.26695370707225
"US-Snd",2009,5,"Upland","WUE_E_minus_WUE_T",0.51294739479951,-0.236187730980731,0.287668215025301,0.959566690102066,-0.671898475076766
"US-Snd",2009,6,"Upland","WUE_E_minus_WUE_T",0.382809990073554,-0.98586086603998,-2.1509764352021,-2.48737733973384,0.336400904531741
"US-Snd",2009,7,"Upland","WUE_E_minus_WUE_T",0.326867671125921,-1.30812373670557,-2.15596271875244,-4.07296319271589,1.91700047396345
"US-Snd",2009,8,"Upland","WUE_E_minus_WUE_T",0.409533376044336,-0.831917389279386,-1.33075994544316,-1.86826637082638,0.537506425383218
"US-Snd",2009,9,"Upland","WUE_E_minus_WUE_T",0.451956850340463,-0.587531549230897,-0.514250703751108,-0.651868158613816,0.137617454862708
"US-Snd",2010,3,"Upland","WUE_E_minus_WUE_T",0.65865780164975,0.603195671079615,3.31277072217728,4.90237272177089,-1.58960199959361
"US-Snd",2010,4,"Upland","WUE_E_minus_WUE_T",0.70561403273706,0.873693035337946,4.55895073054963,6.18038590770903,-1.6214351771594
"US-Snd",2010,5,"Upland","WUE_E_minus_WUE_T",0.628622873589197,0.430175633313771,2.99488310389717,4.07864305222737,-1.0837599483302
"US-Snd",2010,6,"Upland","WUE_E_minus_WUE_T",0.56667843614138,0.0733367927146714,1.22370996757504,2.470455814461,-1.24674584688596
"US-Snd",2010,7,"Upland","WUE_E_minus_WUE_T",0.640539657842775,0.49882379046749,2.95410695661327,4.38489571970085,-1.43078876308757
"US-Snd",2010,8,"Upland","WUE_E_minus_WUE_T",0.667578477715078,0.654584364490443,3.912992133589,5.08966788978546,-1.17667575619646
"US-Snd",2010,9,"Upland","WUE_E_minus_WUE_T",0.584986066211246,0.178800233136611,1.46298491481132,2.9351347830297,-1.47214986821838
"US-Snd",2011,3,"Upland","WUE_E_minus_WUE_T",0.666867838838178,0.650490638510102,2.80262501463576,5.12374835984502,-2.32112334520926
"US-Snd",2011,4,"Upland","WUE_E_minus_WUE_T",0.722345598117211,0.970077353892626,5.78108163540027,6.63153623468078,-0.850454599280517
"US-Snd",2011,5,"Upland","WUE_E_minus_WUE_T",0.700055886017397,0.841674621529679,4.93955343968625,6.00476449880719,-1.06521105912094
"US-Snd",2011,6,"Upland","WUE_E_minus_WUE_T",0.627288862033007,0.422490889426035,2.32483568843245,4.10475678018805,-1.7799210917556
"US-Snd",2011,7,"Upland","WUE_E_minus_WUE_T",0.471726226275576,-0.473647535125571,-0.433427114683493,-0.166993665324585,-0.266433449358908
"US-Snd",2011,8,"Upland","WUE_E_minus_WUE_T",0.416663039640559,-0.790846051862188,-1.50538156664925,-1.6760219519957,0.170640385346448
"US-Snd",2011,9,"Upland","WUE_E_minus_WUE_T",0.412314700583666,-0.815895214168333,-1.65457738496585,-1.72078002778414,0.0662026428182922
"US-Snd",2012,3,"Upland","WUE_E_minus_WUE_T",0.525114773317044,-0.166095993575179,0.249779105672383,1.30151532867997,-1.05173622300758
"US-Snd",2012,4,"Upland","WUE_E_minus_WUE_T",0.678012463292835,0.71469067055757,3.22093029799706,5.43613653254484,-2.21520623454778
"US-Snd",2012,5,"Upland","WUE_E_minus_WUE_T",0.662110526097488,0.623085531083221,3.44152647237028,4.98160491116711,-1.54007843879683
"US-Snd",2012,6,"Upland","WUE_E_minus_WUE_T",0.554034771581371,0.000501348752192953,0.909750680165181,2.12953174245895,-1.21978106229377
"US-Snd",2012,7,"Upland","WUE_E_minus_WUE_T",0.554617234834832,0.0038567026890461,0.949590752497496,2.06808146153068,-1.11849070903318
"US-Snd",2012,8,"Upland","WUE_E_minus_WUE_T",0.484257166013434,-0.401461456893103,-0.240762119472529,0.146587679657229,-0.387349799129758
"US-Snd",2012,9,"Upland","WUE_E_minus_WUE_T",0.388314523222265,-0.954151300052232,-1.62576072047573,-2.36792138114619,0.742160660670462
"US-Snd",2013,3,"Upland","WUE_E_minus_WUE_T",0.568958855267634,0.0864734382412022,1.5287358861816,2.48372819749208,-0.954992311310485
"US-Snd",2013,4,"Upland","WUE_E_minus_WUE_T",0.60240982942796,0.279172045704332,1.85230592569345,3.39758531434687,-1.54527938865342
"US-Snd",2013,5,"Upland","WUE_E_minus_WUE_T",0.541820661877681,-0.0698595896175605,0.773517614261261,1.73810615052297,-0.96458853626171
"US-Snd",2013,6,"Upland","WUE_E_minus_WUE_T",0.503219191843679,-0.292228286144317,0.0562369539384839,0.759339241456222,-0.703102287517739
"US-Snd",2013,7,"Upland","WUE_E_minus_WUE_T",0.484639814182839,-0.399257163259103,-0.213909560406915,0.181208626234566,-0.39511818664148
"US-Snd",2013,8,"Upland","WUE_E_minus_WUE_T",0.445381707283407,-0.625408500284487,-0.729337665928355,-0.901651114426909,0.172313448498554
"US-Snd",2013,9,"Upland","WUE_E_minus_WUE_T",0.41401239730749,-0.806115415439377,-1.30321382150707,-1.67500329293299,0.371789471425917
"US-Snd",2014,3,"Upland","WUE_E_minus_WUE_T",0.625767643285582,0.413727714611734,3.30757121918474,4.01552170914833,-0.707950489963586
"US-Snd",2014,4,"Upland","WUE_E_minus_WUE_T",0.687551966243017,0.769644195246568,4.628358622292,5.69335991704827,-1.06500129475626
"US-Snd",2014,5,"Upland","WUE_E_minus_WUE_T",0.57875497734167,0.142905250156696,1.3098351030656,2.73400391139982,-1.42416880833422
"US-Snd",2014,6,"Upland","WUE_E_minus_WUE_T",0.535877561921513,-0.104095575693144,0.538376400572587,1.63994030921162,-1.10156390863903
"US-Snd",2014,7,"Upland","WUE_E_minus_WUE_T",0.62021517373325,0.381742004850708,2.49843359321746,3.83686584663098,-1.33843225341352
"US-Snd",2014,8,"Upland","WUE_E_minus_WUE_T",0.679270497209282,0.721937735551218,4.246563220781,5.4049317815925,-1.1583685608115
"US-Snd",2014,9,"Upland","WUE_E_minus_WUE_T",0.623694900410986,0.401787414647689,2.30104982422276,3.97888070931499,-1.67783088509223
"US-Sne",2017,4,"Freshwater","WUE_E_minus_WUE_T",0.455493965447214,-0.567155546061575,-0.0595276632817299,0.467841723491279,-0.527369386773009
"US-Sne",2017,5,"Freshwater","WUE_E_minus_WUE_T",0.522773097471627,-0.179585516253326,0.026975021788892,1.78382458537998,-1.75684956359109
"US-Sne",2017,6,"Freshwater","WUE_E_minus_WUE_T",0.478367389001821,-0.435390269338636,-0.0221115423993713,0.960334472268874,-0.982446014668245
"US-Sne",2017,7,"Freshwater","WUE_E_minus_WUE_T",0.328248084028309,-1.30017169193882,-0.107356074648037,-2.11062062858834,2.0032645539403
"US-Sne",2017,8,"Freshwater","WUE_E_minus_WUE_T",0.343341113754709,-1.21322636721562,-0.108173542207018,-1.83392656843114,1.72575302622412
"US-Sne",2017,9,"Freshwater","WUE_E_minus_WUE_T",0.236046913974914,-1.83130830370401,-0.440505025541187,-3.90118268785958,3.4606776623184
"US-Sne",2017,10,"Freshwater","WUE_E_minus_WUE_T",0.189105047197738,-2.10172292051986,-0.779157611270374,-4.83895523455751,4.05979762328713
"US-Sne",2018,4,"Freshwater","WUE_E_minus_WUE_T",0.485342050760437,-0.395211839796647,-0.0330552072807647,1.06309611762146,-1.09615132490222
"US-Sne",2018,5,"Freshwater","WUE_E_minus_WUE_T",0.603065961300441,0.2829517771266,0.277315257725138,3.38508910569491,-3.10777384796977
"US-Sne",2018,6,"Freshwater","WUE_E_minus_WUE_T",0.526374924930543,-0.158836729317286,0.068632288611881,1.91773915712731,-1.84910686851543
"US-Sne",2018,7,"Freshwater","WUE_E_minus_WUE_T",0.477698834322899,-0.439241563923476,-0.0741213779928447,0.869845786103105,-0.943967164095949
"US-Sne",2018,8,"Freshwater","WUE_E_minus_WUE_T",0.456576786272104,-0.560917818451957,-0.158220164410727,0.424309795172537,-0.582529959583265
"US-Sne",2018,9,"Freshwater","WUE_E_minus_WUE_T",0.388868041144513,-0.950962689391394,-0.485490926488519,-0.85350152141202,0.368010594923502
"US-Sne",2018,10,"Freshwater","WUE_E_minus_WUE_T",0.286217777646644,-1.54229263801881,-0.893087659013911,-2.90225547914366,2.00916782012975
"US-Sne",2019,4,"Freshwater","WUE_E_minus_WUE_T",0.539247016253877,-0.084685403820569,0.160221199682281,2.13811206047628,-1.97789086079399
"US-Sne",2019,5,"Freshwater","WUE_E_minus_WUE_T",0.52322575742364,-0.176977910806948,0.127313341030041,1.79285189224589,-1.66553855121585
"US-Sne",2019,6,"Freshwater","WUE_E_minus_WUE_T",0.514603358309792,-0.226648341756622,0.0698898894332776,1.68298115897544,-1.61309126954216
"US-Sne",2019,7,"Freshwater","WUE_E_minus_WUE_T",0.570732620354299,0.0966914384862458,0.318873227275698,2.72519996901359,-2.40632674173789
"US-Sne",2019,8,"Freshwater","WUE_E_minus_WUE_T",0.428835299036367,-0.720726197534172,-0.319661762851616,-0.128933134934717,-0.190728627916898
"US-Sne",2019,9,"Freshwater","WUE_E_minus_WUE_T",0.398191087268839,-0.897256091883602,-0.696437900535985,-0.667573877680551,-0.0288640228554347
"US-Sne",2019,10,"Freshwater","WUE_E_minus_WUE_T",0.344673436616297,-1.20555135126874,-1.43884154544185,-1.73648596668365,0.297644421241801
"US-Sne",2020,4,"Freshwater","WUE_E_minus_WUE_T",0.560017583481998,0.0349661005540109,0.340903303351629,2.55233532744201,-2.21143202409038
"US-Sne",2020,5,"Freshwater","WUE_E_minus_WUE_T",0.526269855889603,-0.159441992942183,0.173165578476496,1.85355973896418,-1.68039416048769
"US-Sne",2020,6,"Freshwater","WUE_E_minus_WUE_T",0.533123961626587,-0.11995804175465,0.221930765680893,2.05233384577509,-1.8304030800942
"US-Sne",2020,7,"Freshwater","WUE_E_minus_WUE_T",0.590785041931014,0.212205973147525,0.516191156977162,3.12510140092226,-2.6089102439451
"US-Sne",2020,8,"Freshwater","WUE_E_minus_WUE_T",0.423724687545373,-0.750166527519171,-0.454850629354158,-0.230853037494055,-0.223997591860103
"US-Sne",2020,9,"Freshwater","WUE_E_minus_WUE_T",0.310317954097421,-1.4034604946133,-1.77882966910851,-2.42001019302102,0.641180523912511
"US-Sne",2020,10,"Freshwater","WUE_E_minus_WUE_T",0.287158107080706,-1.53687575025848,-2.46052728749852,-2.88350267735818,0.422975389859654
"US-SO2",1997,4,"Upland","WUE_E_minus_WUE_T",0.220654359162159,-1.91997908092866,-8.98619340191937,-6.54866406345835,-2.43752933846102
"US-SO2",1997,5,"Upland","WUE_E_minus_WUE_T",0.273988624093466,-1.61274023840425,-5.65943958828744,-5.13630908349158,-0.523130504795868
"US-SO2",1997,7,"Upland","WUE_E_minus_WUE_T",0.183022436143585,-2.1367625780873,-3.86536546460052,-7.6041953262053,3.73882986160478
"US-SO2",1999,5,"Upland","WUE_E_minus_WUE_T",0.429985318892357,-0.71410136132635,-1.52604398758052,-0.930010493610298,-0.596033493970227
"US-SO2",1999,6,"Upland","WUE_E_minus_WUE_T",0.127677520286147,-2.45558403197911,-13.3684137616646,-9.0193611201465,-4.34905264151813
"US-SO2",2000,4,"Upland","WUE_E_minus_WUE_T",0.439228946265688,-0.660852265673358,-0.755206123475787,-0.655013696681537,-0.10019242679425
"US-SO2",2000,5,"Upland","WUE_E_minus_WUE_T",0.500926427282857,-0.305436049122869,0.0177726785646222,0.982847240794041,-0.965074562229419
"US-SO2",2000,6,"Upland","WUE_E_minus_WUE_T",0.354906496855288,-1.14660250126847,-3.03643953759342,-2.89235358992199,-0.144085947671437
"US-SO2",2000,7,"Upland","WUE_E_minus_WUE_T",0.164528688858948,-2.24329817048722,-7.92481899739305,-8.10286116797378,0.178042170580733
"US-SO2",2001,4,"Upland","WUE_E_minus_WUE_T",0.288127786434215,-1.53128978853995,-2.54359800830783,-4.72930896523146,2.18571095692363
"US-SO2",2001,5,"Upland","WUE_E_minus_WUE_T",0.333178396283457,-1.2717699987214,-3.0511374967354,-3.54031465797428,0.489177161238881
"US-SO2",2001,6,"Upland","WUE_E_minus_WUE_T",0.291463924145627,-1.51207154131603,-4.13513689546433,-4.6030206298302,0.467883734365867
"US-SO2",2001,7,"Upland","WUE_E_minus_WUE_T",0.11989879695882,-2.50039436084524,-14.4518112627565,-9.30626263496048,-5.14554862779599
"US-SO2",2003,4,"Upland","WUE_E_minus_WUE_T",0.231701999911651,-1.85633773589707,-1.81984515488742,-6.25077521545414,4.43093006056672
"US-SO2",2003,5,"Upland","WUE_E_minus_WUE_T",0.255475846248166,-1.71938545877857,-2.45658952140267,-5.63548806575052,3.17889854434786
"US-SO2",2003,6,"Upland","WUE_E_minus_WUE_T",0.207385740854528,-1.99641465074452,-4.89258510028721,-6.87010676439902,1.97752166411181
"US-SO2",2004,4,"Upland","WUE_E_minus_WUE_T",0.172855902314845,-2.19532819420764,-4.19103031007166,-7.83750279106443,3.64647248099278
"US-SO2",2004,8,"Upland","WUE_E_minus_WUE_T",0.196565626435364,-2.05874530130111,-5.44966760097981,-7.26331963320507,1.81365203222527
"US-SO2",2005,4,"Upland","WUE_E_minus_WUE_T",0.562911412782057,0.0516363737031496,0.626842444697599,2.67996327300062,-2.05312082830302
"US-SO2",2005,5,"Upland","WUE_E_minus_WUE_T",0.375301082684159,-1.02911688574724,-1.53688098835276,-2.40451753972313,0.867636551370369
"US-SO2",2005,6,"Upland","WUE_E_minus_WUE_T",0.163989223004212,-2.24640583241907,-7.82339312394541,-8.04025150416334,0.216858380217928
"US-SO2",2005,7,"Upland","WUE_E_minus_WUE_T",0.183876871422368,-2.13184049457489,-3.55246170829077,-7.58115631302031,4.02869460472953
"US-SO2",2005,8,"Upland","WUE_E_minus_WUE_T",0.344690883157124,-1.20545084824284,-1.25716039615234,-3.26926668690529,2.01210629075295
"US-SO2",2006,5,"Upland","WUE_E_minus_WUE_T",0.315443959080646,-1.37393148845096,-2.0888817802899,-4.01850644463161,1.92962466434171
"US-SO2",2006,6,"Upland","WUE_E_minus_WUE_T",0.143846571310919,-2.36244014918692,-5.47797313391514,-8.58337844363597,3.10540530972083
"US-SO2",2006,7,"Upland","WUE_E_minus_WUE_T",0.177064025031433,-2.17108676603177,-3.96066065115233,-7.76485806519019,3.80419741403785
"US-SO3",1997,3,"Upland","WUE_E_minus_WUE_T",0.326209632326585,-1.31191445322345,-1.72637413101736,-2.48608739211182,0.759713261094453
"US-SO3",1997,4,"Upland","WUE_E_minus_WUE_T",0.268529089105841,-1.64419058673997,-3.68071321018152,-4.02950267803397,0.348789467852451
"US-SO3",1998,3,"Upland","WUE_E_minus_WUE_T",0.301742980446652,-1.45285772512792,-5.43683699339985,-3.14580677548947,-2.29103021791038
"US-SO3",1998,4,"Upland","WUE_E_minus_WUE_T",0.228115347972809,-1.87699910231221,-5.47090576061345,-5.11921975543007,-0.351686005183378
"US-SO3",1998,5,"Upland","WUE_E_minus_WUE_T",0.502128864481602,-0.298509256119786,0.0327532406986943,2.24353581426144,-2.21078257356275
"US-SO3",1998,6,"Upland","WUE_E_minus_WUE_T",0.432039761275383,-0.702266483680491,-1.0206583530666,0.415735615215418,-1.43639396828202
"US-SO3",1998,7,"Upland","WUE_E_minus_WUE_T",0.311778233009886,-1.39504837149871,-3.2008755486864,-2.90415492803455,-0.296720620651853
"US-SO3",2002,3,"Upland","WUE_E_minus_WUE_T",0.147310778585093,-2.34248414089558,-3.02807663660505,-7.30992034058761,4.28184370398256
"US-SO3",2002,4,"Upland","WUE_E_minus_WUE_T",0.154243677237641,-2.30254629305814,-4.75927768783154,-7.11109724261718,2.35181955478564
"US-SO3",2003,3,"Upland","WUE_E_minus_WUE_T",0.113544125705352,-2.53700125592579,-1.7836521126315,-8.22040517218079,6.43675305954928
"US-SO3",2003,4,"Upland","WUE_E_minus_WUE_T",0.302992443765798,-1.44566003215426,-0.347455258283909,-3.10023196306376,2.75277670477985
"US-SO3",2003,5,"Upland","WUE_E_minus_WUE_T",0.256007157455839,-1.71632477273225,-0.712162984817319,-4.39289574947318,3.68073276465586
"US-SO3",2003,6,"Upland","WUE_E_minus_WUE_T",0.213383506141938,-1.96186375804899,-0.282070902225635,-5.48011685026301,5.19804594803738
"US-SO3",2003,7,"Upland","WUE_E_minus_WUE_T",0.107155319208017,-2.57380479143682,-0.134520452794804,-8.42161204398054,8.28709159118574
"US-SO3",2004,3,"Upland","WUE_E_minus_WUE_T",0.116792802197872,-2.5182868402198,-3.34558314731605,-8.1328077819471,4.78722463463106
"US-SO3",2004,4,"Upland","WUE_E_minus_WUE_T",0.23822109287827,-1.81878366854557,-1.87477106114659,-4.84672820937302,2.97195714822643
"US-SO3",2004,5,"Upland","WUE_E_minus_WUE_T",0.11365529082171,-2.53636087508015,-8.26700902273629,-8.23127486809512,-0.0357341546411707
"US-SO3",2005,3,"Upland","WUE_E_minus_WUE_T",0.571312489681018,0.100031849776921,0.417911629814078,4.12287188484556,-3.70496025503148
"US-SO3",2005,4,"Upland","WUE_E_minus_WUE_T",0.471815947980587,-0.473130681788745,-0.20619981308704,1.45192902107094,-1.65812883415798
"US-SO3",2005,5,"Upland","WUE_E_minus_WUE_T",0.332029107761063,-1.27839062198867,-1.75004043987221,-2.34303807280167,0.592997632929459
"US-SO3",2005,7,"Upland","WUE_E_minus_WUE_T",0.144870813842391,-2.35653986931545,-8.85252721906078,-7.40465054936835,-1.44787666969243
"US-SO3",2006,3,"Upland","WUE_E_minus_WUE_T",0.555353222302298,0.00809645246169517,0.213387978894191,3.69254581955817,-3.47915784066398
"US-SO3",2006,4,"Upland","WUE_E_minus_WUE_T",0.468858481854599,-0.490167542998405,-0.222442778899476,1.37218383408858,-1.59462661298806
"US-SO3",2006,5,"Upland","WUE_E_minus_WUE_T",0.350472227073895,-1.1721466784842,-1.81400168471607,-1.84573736486945,0.0317356801533744
"US-SO3",2006,6,"Upland","WUE_E_minus_WUE_T",0.22946694677198,-1.86921304486585,-3.90999942853827,-5.04644257447274,1.13644314593448
"US-SO3",2006,7,"Upland","WUE_E_minus_WUE_T",0.178171318754863,-2.16470805916557,-1.95617753784139,-6.50673494265476,4.55055740481337
"US-SO4",2004,4,"Upland","WUE_E_minus_WUE_T",0.105517289880985,-2.58324086850859,-15.1837608389952,-11.1941159795873,-3.98964485940784
"US-SO4",2005,4,"Upland","WUE_E_minus_WUE_T",0.277567280716869,-1.59212493002449,-3.93333073250127,-6.55495593343996,2.6216252009387
"US-SO4",2005,5,"Upland","WUE_E_minus_WUE_T",0.226995150771515,-1.88345214131008,-5.53139509924252,-7.94433545696891,2.4129403577264
"US-SO4",2005,6,"Upland","WUE_E_minus_WUE_T",0.118209122276106,-2.51012794758219,-15.5154135133675,-10.8155604701528,-4.69985304321467
"US-SO4",2005,7,"Upland","WUE_E_minus_WUE_T",0.118374527995015,-2.50917510682044,-9.37276978857231,-10.888256300365,1.51548651179271
"US-SO4",2005,8,"Upland","WUE_E_minus_WUE_T",0.255491596789436,-1.71929472577465,-2.3500563349176,-7.21533160746817,4.86527527255056
"US-SO4",2006,4,"Upland","WUE_E_minus_WUE_T",0.185024746291426,-2.12522801483814,-7.10967612887579,-9.05027503337097,1.94059890449518
"US-SO4",2006,5,"Upland","WUE_E_minus_WUE_T",0.16599413739539,-2.23485626709367,-7.88365610823299,-9.58916823292042,1.70551212468743
"US-StJ",2015,5,"Saline","WUE_E_minus_WUE_T",0.427011524006442,-0.731232286442323,-1.29991306117382,-2.06217497709361,0.76226191591979
"US-StJ",2015,6,"Saline","WUE_E_minus_WUE_T",0.608414973643736,0.31376544565882,3.03472150237016,0.95883829092493,2.07588321144523
"US-StJ",2015,7,"Saline","WUE_E_minus_WUE_T",0.649991312756339,0.553271255325662,5.81159264101091,1.55984731512081,4.2517453258901
"US-StJ",2015,8,"Saline","WUE_E_minus_WUE_T",0.523498556112106,-0.175406419132794,0.672489632459193,-0.527719382963591,1.20020901542278
"US-StJ",2015,9,"Saline","WUE_E_minus_WUE_T",0.432033852582076,-0.702300521462671,-1.9543485903915,-1.94713853916094,-0.00721005123056195
"US-StJ",2016,5,"Saline","WUE_E_minus_WUE_T",0.620524357157146,0.38352309543868,3.0220094407045,1.09427424004449,1.92773520066001
"US-StJ",2016,6,"Saline","WUE_E_minus_WUE_T",0.659622757823606,0.608754424318727,4.09193151433111,1.79410470532366,2.29782680900746
"US-StJ",2016,7,"Saline","WUE_E_minus_WUE_T",0.609131903023587,0.31789540888454,3.65364029758326,0.893376519547106,2.76026377803616
"US-StJ",2016,8,"Saline","WUE_E_minus_WUE_T",0.591413076124113,0.215823844300376,2.7120891200791,0.580055900121955,2.13203321995715
"US-StJ",2016,9,"Saline","WUE_E_minus_WUE_T",0.492379418819922,-0.354672182602545,-0.25235186195397,-0.962822862479866,0.710471000525895
"US-StJ",2017,5,"Saline","WUE_E_minus_WUE_T",0.475126791531777,-0.454058144804178,-0.685652392983416,-1.27735158300657,0.591699190023153
"US-StJ",2017,6,"Saline","WUE_E_minus_WUE_T",0.634133365447191,0.461919525207115,3.70223949247808,1.37833913927872,2.32390035319936
"US-StJ",2017,7,"Saline","WUE_E_minus_WUE_T",0.649858965498552,0.552508852049901,5.59708777816249,1.55768855700936,4.03939922115313
"US-StJ",2017,8,"Saline","WUE_E_minus_WUE_T",0.64547396701524,0.527248508437418,5.43383009996053,1.46186024329022,3.97196985667031
"US-StJ",2017,9,"Saline","WUE_E_minus_WUE_T",0.467121016342439,-0.50017643491,-1.06769785831899,-1.37482067899739,0.307122820678405
"US-StJ",2018,5,"Saline","WUE_E_minus_WUE_T",0.511881412902262,-0.242328455797778,0.453249461538212,-0.677835292731788,1.13108475427
"US-StJ",2018,6,"Saline","WUE_E_minus_WUE_T",0.675276058276936,0.69892726009629,7.66607264252112,2.04943065532441,5.61664198719672
"US-StJ",2018,7,"Saline","WUE_E_minus_WUE_T",0.653926680109741,0.575941441408186,6.0062383029844,1.62403834059208,4.38219996239232
"US-StJ",2018,8,"Saline","WUE_E_minus_WUE_T",0.583326887185386,0.169242320524472,2.97252826289153,0.448159506845561,2.52436875604597
"US-StJ",2018,9,"Saline","WUE_E_minus_WUE_T",0.49459278295011,-0.341921815942016,-0.177593545987872,-0.926719977920619,0.749126431932747
"US-StJ",2019,5,"Saline","WUE_E_minus_WUE_T",0.535624794810431,-0.105551672908269,0.89860195512808,-0.290549457389353,1.18915141251743
"US-StJ",2019,6,"Saline","WUE_E_minus_WUE_T",0.557333275923993,0.0195028041504095,1.58291162286365,0.125628512780647,1.457283110083
"US-StJ",2019,7,"Saline","WUE_E_minus_WUE_T",0.708209806605458,0.888646322119133,6.4602373342418,2.50946763921528,3.95076969502652
"US-StJ",2019,8,"Saline","WUE_E_minus_WUE_T",0.665692469101935,0.64371977108057,5.30772232527828,1.79165064552961,3.51607167974867
"US-StJ",2019,9,"Saline","WUE_E_minus_WUE_T",0.45627475520105,-0.562657706998215,-1.28245012405531,-1.55173748565667,0.269287361601366
"US-StJ",2020,5,"Saline","WUE_E_minus_WUE_T",0.300759726150066,-1.45852188703921,-5.50011517619311,-4.12150810770663,-1.37860706848648
"US-StJ",2020,6,"Saline","WUE_E_minus_WUE_T",0.555688444211216,0.0100275410670655,1.45229438571519,0.0987991408594888,1.35349524485571
"US-StJ",2020,7,"Saline","WUE_E_minus_WUE_T",0.650070784079928,0.5537290600316,5.19804267638178,1.56114359709365,3.63689907928813
"US-StJ",2020,8,"Saline","WUE_E_minus_WUE_T",0.589976886846041,0.207550492600321,3.41640015174349,0.556629761149043,2.85977039059445
"US-StJ",2020,9,"Saline","WUE_E_minus_WUE_T",0.419685564235293,-0.773434413037059,-2.30076567789929,-2.14855538811402,-0.152210289785271
"US-StS",2015,6,"Freshwater","WUE_E_minus_WUE_T",0.735569184135472,1.04625350945614,4.17405908192758,4.72311457050886,-0.549055488581282
"US-StS",2015,7,"Freshwater","WUE_E_minus_WUE_T",0.728432242206869,1.00514024427601,3.4688992355936,4.50362813145868,-1.03472889586508
"US-StS",2015,8,"Freshwater","WUE_E_minus_WUE_T",0.755522855324022,1.16119917989855,4.42785309424604,5.01958759699599,-0.591734502749956
"US-TaS",2017,4,"Saline","WUE_E_minus_WUE_T",0.216753162776865,-1.94245242078666,-2.68295547993293,-3.15551181227251,0.472556332339578
"US-TaS",2017,5,"Saline","WUE_E_minus_WUE_T",0.256871355939473,-1.71134644703178,-2.05476199165412,-2.52688264385818,0.472120652204065
"US-TaS",2017,6,"Saline","WUE_E_minus_WUE_T",0.206418332412562,-2.00198753058717,-3.10133535073886,-3.28775387048506,0.186418519746209
"US-TaS",2017,7,"Saline","WUE_E_minus_WUE_T",0.225641023754391,-1.89125276287875,-1.36491026787749,-3.05136228719705,1.68645201931956
"US-TaS",2017,8,"Saline","WUE_E_minus_WUE_T",0.226912454241118,-1.88392852523161,-1.53432107678609,-3.05492679337651,1.52060571659042
"US-TaS",2018,4,"Saline","WUE_E_minus_WUE_T",0.215121524949588,-1.95185167880807,-2.11582394944583,-3.18212597454127,1.06630202509545
"US-TaS",2018,5,"Saline","WUE_E_minus_WUE_T",0.223192272809409,-1.90535910533863,-2.18099712151868,-3.07623285412063,0.895235732601943
"US-TaS",2018,6,"Saline","WUE_E_minus_WUE_T",0.207678477268649,-1.99472830525621,-1.96019687898906,-3.26719924793257,1.30700236894351
"US-TaS",2018,7,"Saline","WUE_E_minus_WUE_T",0.16672371157039,-2.23065346191109,-2.8090178064865,-4.01238125886516,1.20336345237866
"US-TaS",2018,8,"Saline","WUE_E_minus_WUE_T",0.183341588756325,-2.13492405871419,-2.49156169063729,-3.76562500398251,1.27406331334522
"US-TaS",2019,4,"Saline","WUE_E_minus_WUE_T",0.186349148757848,-2.11759862533884,-2.70977960125783,-3.65144133118686,0.941661729929038
"US-TaS",2019,5,"Saline","WUE_E_minus_WUE_T",0.206397191491641,-2.00210931556127,-2.90635593486635,-3.35018275405286,0.443826819186508
"US-TaS",2019,6,"Saline","WUE_E_minus_WUE_T",0.194708168434238,-2.06944542526529,-2.83317198100899,-3.47876207040715,0.645590089398165
"US-TaS",2019,7,"Saline","WUE_E_minus_WUE_T",0.174112234420653,-2.18809093271146,-2.3783732391343,-3.8918647185055,1.5134914793712
"US-TaS",2019,8,"Saline","WUE_E_minus_WUE_T",0.263488326883796,-1.67322854109327,-1.44392007809043,-2.45832613031241,1.01440605222198
"US-TaS",2020,4,"Saline","WUE_E_minus_WUE_T",0.202044934625921,-2.02718104690537,-2.66864491889317,-3.39542238810693,0.726777469213753
"US-TaS",2020,5,"Saline","WUE_E_minus_WUE_T",0.176209768971713,-2.1760078171299,-3.15700829551721,-3.84257938030782,0.685571084790608
"US-TaS",2020,6,"Saline","WUE_E_minus_WUE_T",0.170600303993926,-2.20832185631607,-2.9538715573135,-3.87199309597037,0.918121538656876
"US-TaS",2020,7,"Saline","WUE_E_minus_WUE_T",0.18715529014196,-2.11295474497254,-2.95245106957136,-3.67911529847842,0.726664228907057
"US-TaS",2020,8,"Saline","WUE_E_minus_WUE_T",0.237601238182892,-1.82235442065749,-1.68509898901057,-2.88057864728278,1.1954796582722
"US-TaS",2021,4,"Saline","WUE_E_minus_WUE_T",0.241188471751909,-1.80168970368747,-1.9019102894303,-2.7569397350153,0.855029445585001
"US-TaS",2021,5,"Saline","WUE_E_minus_WUE_T",0.261970552655319,-1.68197187331639,-1.2563042030629,-2.44370802840913,1.18740382534623
"US-TaS",2021,6,"Saline","WUE_E_minus_WUE_T",0.248659991079907,-1.75864906268137,-1.8064182531313,-2.59873677399454,0.792318520863245
"US-TaS",2021,7,"Saline","WUE_E_minus_WUE_T",0.229492279313315,-1.86906711352719,-2.3731046363332,-2.98854323589158,0.615438599558378
"US-TaS",2021,8,"Saline","WUE_E_minus_WUE_T",0.196862193748811,-2.05703688742813,-2.22930640828475,-3.54508612628168,1.31577971799693
"US-TaS",2022,4,"Saline","WUE_E_minus_WUE_T",0.211154048088783,-1.97470683580754,-2.58157643422682,-3.24684074837516,0.665264314148342
"US-TaS",2022,5,"Saline","WUE_E_minus_WUE_T",0.201240195519408,-2.03181684927253,-3.22847379129054,-3.43430015151075,0.205826360220215
"US-TLR",2024,4,"Upland","WUE_E_minus_WUE_T",0.578090790397217,0.139079116463913,2.49634599489157,0.430951067498437,2.06539492739314
"US-TLR",2024,5,"Upland","WUE_E_minus_WUE_T",0.773028910010107,1.26204504298206,10.9986338563868,5.66151575400274,5.3371181023841
"US-TLR",2024,6,"Upland","WUE_E_minus_WUE_T",0.807825428124897,1.46249482818557,11.2931140030022,6.66185394359465,4.6312600594075
"US-TLR",2024,7,"Upland","WUE_E_minus_WUE_T",0.705273787736116,0.87173301056964,4.72039636115964,3.81949323838914,0.900903122770496
"US-TLR",2024,8,"Upland","WUE_E_minus_WUE_T",0.100958148067334,-2.60950438700903,-20.2228518759786,-12.4995912591728,-7.72326061680585
"US-Tw1",2011,7,"Freshwater","WUE_E_minus_WUE_T",0.537161174919075,-0.0967011591369554,0.608595956388869,1.03550518650287,-0.426909230113997
"US-Tw1",2011,8,"Freshwater","WUE_E_minus_WUE_T",0.686456231073265,0.763332072904549,3.55606026004359,3.98856341186586,-0.432503151822271
"US-Tw1",2011,9,"Freshwater","WUE_E_minus_WUE_T",0.573113721929921,0.110408078116876,1.09171222613665,1.80068706879728,-0.708974842660629
"US-Tw1",2011,10,"Freshwater","WUE_E_minus_WUE_T",0.480415601574865,-0.423591279308559,-0.287313267696316,-0.049593289217492,-0.237719978478824
"US-Tw1",2012,8,"Freshwater","WUE_E_minus_WUE_T",0.731003163090899,1.01995036226767,4.11833999540362,4.87695396523805,-0.758613969834435
"US-Tw1",2012,9,"Freshwater","WUE_E_minus_WUE_T",0.596129786094553,0.242995054285327,1.48778211650876,2.259691831944,-0.771909715435245
"US-Tw1",2012,10,"Freshwater","WUE_E_minus_WUE_T",0.509147934022752,-0.258075009876797,0.133063295249076,0.523409868731692,-0.390346573482616
"US-Tw1",2013,6,"Freshwater","WUE_E_minus_WUE_T",0.42137802406556,-0.763684782102044,-1.17959127768155,-1.19637919396917,0.0167879162876123
"US-Tw1",2013,7,"Freshwater","WUE_E_minus_WUE_T",0.570560175091115,0.0956980455309354,1.13453585281256,1.70157476528264,-0.567038912470079
"US-Tw1",2013,8,"Freshwater","WUE_E_minus_WUE_T",0.602656495495694,0.280592997080308,1.70148682431659,2.3173620498342,-0.615875225517605
"US-Tw1",2013,9,"Freshwater","WUE_E_minus_WUE_T",0.490993457854246,-0.362656187696211,-0.116281570339548,0.162979070940516,-0.279260641280064
"US-Tw1",2013,10,"Freshwater","WUE_E_minus_WUE_T",0.335899737835126,-1.25609336326903,-2.05357571299898,-2.93164424859639,0.878068535597406
"US-Tw1",2014,7,"Freshwater","WUE_E_minus_WUE_T",0.463571174526152,-0.520625751914475,-0.542805285595943,-0.432085469254307,-0.110719816341636
"US-Tw1",2014,8,"Freshwater","WUE_E_minus_WUE_T",0.582134938306163,0.162375946825077,1.31269901197809,1.90810474025224,-0.595405728274155
"US-Tw1",2014,9,"Freshwater","WUE_E_minus_WUE_T",0.505981165613096,-0.276317583613937,0.0790800405834622,0.461875928403,-0.382795887819538
"US-Tw1",2014,10,"Freshwater","WUE_E_minus_WUE_T",0.408545055246793,-0.837610737416292,-1.05709951515086,-1.48289321654546,0.425793701394607
"US-Tw1",2015,5,"Freshwater","WUE_E_minus_WUE_T",0.390856770426378,-0.939506360454608,-1.55279537583501,-1.86714249665225,0.314347120817245
"US-Tw1",2015,6,"Freshwater","WUE_E_minus_WUE_T",0.533825807101811,-0.115914971287348,0.349955675198298,1.04614444733361,-0.696188772135314
"US-Tw1",2015,7,"Freshwater","WUE_E_minus_WUE_T",0.628438421151732,0.429113071498016,1.80023769271111,2.85582904761233,-1.05559135490122
"US-Tw1",2015,8,"Freshwater","WUE_E_minus_WUE_T",0.647029379344963,0.536208659748169,2.16051190541625,3.20228159540396,-1.04176968998771
"US-Tw1",2015,9,"Freshwater","WUE_E_minus_WUE_T",0.517491283893839,-0.21001207771732,0.210615158712535,0.691419914614238,-0.480804755901703
"US-Tw1",2015,10,"Freshwater","WUE_E_minus_WUE_T",0.45110331722032,-0.592448435743287,-0.648070584881521,-0.634162312018651,-0.0139082728628697
"US-Tw1",2016,6,"Freshwater","WUE_E_minus_WUE_T",0.502123057981921,-0.298542705202532,0.0274133184889425,0.413902863942638,-0.386489545453696
"US-Tw1",2016,7,"Freshwater","WUE_E_minus_WUE_T",0.590453856748376,0.210298138619276,1.21176981696418,2.09831047873443,-0.886540661770248
"US-Tw1",2016,8,"Freshwater","WUE_E_minus_WUE_T",0.625223090323192,0.410590747746744,2.07672887568636,2.76740313590923,-0.690674260222873
"US-Tw1",2016,9,"Freshwater","WUE_E_minus_WUE_T",0.546352400214497,-0.0437539323441314,0.629754581585707,1.2669913835742,-0.637236801988488
"US-Tw1",2016,10,"Freshwater","WUE_E_minus_WUE_T",0.451040427487386,-0.592810720079225,-0.772777104427321,-0.635416509381126,-0.137360595046195
"US-Tw1",2017,6,"Freshwater","WUE_E_minus_WUE_T",0.47518912054212,-0.453699090582316,-0.375406169676592,-0.123235262138979,-0.252170907537614
"US-Tw1",2017,7,"Freshwater","WUE_E_minus_WUE_T",0.579013041879667,0.144391863875909,1.21266890177002,1.87014859660486,-0.657479694834838
"US-Tw1",2017,8,"Freshwater","WUE_E_minus_WUE_T",0.643862627325724,0.517966180430123,2.76133009925622,3.13912769341022,-0.377797594153995
"US-Tw1",2017,9,"Freshwater","WUE_E_minus_WUE_T",0.586237518349211,0.18600938295499,1.4726066635933,2.06241231530048,-0.589805651707175
"US-Tw1",2017,10,"Freshwater","WUE_E_minus_WUE_T",0.48329139907535,-0.407024880643056,-0.199693853299353,0.00775816501578297,-0.207452018315136
"US-Tw1",2018,6,"Freshwater","WUE_E_minus_WUE_T",0.466287751967398,-0.504976560728448,-0.466826844465863,-0.300753474857589,-0.166073369608274
"US-Tw1",2018,7,"Freshwater","WUE_E_minus_WUE_T",0.659517512956968,0.608148147827445,2.6557609317798,3.47563315794319,-0.819872226163383
"US-Tw1",2018,9,"Freshwater","WUE_E_minus_WUE_T",0.609660513871124,0.320940539161526,1.77590914757153,2.52953242909663,-0.753623281525106
"US-Tw1",2018,10,"Freshwater","WUE_E_minus_WUE_T",0.512865551364719,-0.236659200536108,0.184814949055137,0.597549567653021,-0.412734618597885
"US-Tw1",2019,6,"Freshwater","WUE_E_minus_WUE_T",0.326247232318246,-1.31169785367095,-2.52777974042864,-3.09355354235475,0.565773801926117
"US-Tw1",2019,7,"Freshwater","WUE_E_minus_WUE_T",0.500428534956425,-0.308304221437078,0.00600092782611572,0.302953496291677,-0.296952568465561
"US-Tw1",2019,8,"Freshwater","WUE_E_minus_WUE_T",0.508878346467323,-0.259628003409107,0.113916068972268,0.447163184588983,-0.333247115616715
"US-Tw1",2019,9,"Freshwater","WUE_E_minus_WUE_T",0.481868047354848,-0.415224279953718,-0.230266947674503,-0.0190071650610968,-0.211259782613406
"US-Tw1",2019,10,"Freshwater","WUE_E_minus_WUE_T",0.395406488102381,-0.913297130902309,-1.19979290964712,-1.74491303266482,0.545120123017702
"US-Tw1",2020,6,"Freshwater","WUE_E_minus_WUE_T",0.445038965937879,-0.627382905564484,-0.69992126866444,-0.724513763709328,0.0245924950448877
"US-Tw1",2020,7,"Freshwater","WUE_E_minus_WUE_T",0.634337154220238,0.463093476452736,1.93198779049863,2.97346630112398,-1.04147851062534
"US-Tw1",2020,8,"Freshwater","WUE_E_minus_WUE_T",0.599612455922513,0.263057418474935,1.50948743256655,2.25665537760288,-0.747167945036332
"US-Tw1",2020,9,"Freshwater","WUE_E_minus_WUE_T",0.518319339864347,-0.205241955578164,0.259792310810781,0.707933669176997,-0.448141358366216
"US-Tw1",2020,10,"Freshwater","WUE_E_minus_WUE_T",0.421251487785389,-0.76441371049934,-0.884046792468035,-1.22949137441902,0.345444581950984
"US-Tw1",2021,6,"Freshwater","WUE_E_minus_WUE_T",0.448278342840601,-0.608722061332835,-0.632657578557525,-0.659911518193269,0.0272539396357443
"US-Tw1",2021,7,"Freshwater","WUE_E_minus_WUE_T",0.651773713155207,0.563539000389149,2.27613384031275,3.32120010768584,-1.04506626737309
"US-Tw1",2021,8,"Freshwater","WUE_E_minus_WUE_T",0.687422560631907,0.768898737702062,3.4850776286315,4.00783472893439,-0.522757100302892
"US-Tw1",2021,9,"Freshwater","WUE_E_minus_WUE_T",0.595832623819173,0.241283213058166,1.55993057611329,2.25376558413502,-0.693835008021727
"US-Tw1",2021,10,"Freshwater","WUE_E_minus_WUE_T",0.485787841084296,-0.392643807720316,-0.192565677460722,0.0575442085734206,-0.250109886034143
"US-Tw1",2022,6,"Freshwater","WUE_E_minus_WUE_T",0.264923500671322,-1.66496103925615,-3.20443564311991,-4.31652045444408,1.11208481132417
"US-Tw1",2022,7,"Freshwater","WUE_E_minus_WUE_T",0.606587068786307,0.30323556635206,1.51538902753985,2.42005189887026,-0.904662871330411
"US-Tw1",2022,8,"Freshwater","WUE_E_minus_WUE_T",0.703866333103585,0.86362518846388,3.41141171668888,4.33576959367116,-0.924357876982281
"US-Tw1",2022,9,"Freshwater","WUE_E_minus_WUE_T",0.632774570676561,0.454092014448427,2.0485242238602,2.99049143987498,-0.941967216014781
"US-Tw1",2022,10,"Freshwater","WUE_E_minus_WUE_T",0.595792854324838,0.241054115808526,1.64874872874637,2.25135218052973,-0.602603451783357
"US-Tw1",2023,7,"Freshwater","WUE_E_minus_WUE_T",0.539711546768744,-0.0820094164813083,0.4941399706999,1.08636674208507,-0.592226771385169
"US-Tw1",2023,8,"Freshwater","WUE_E_minus_WUE_T",0.646501215761881,0.533166105995181,2.4184771270656,3.19174853472855,-0.773271407662947
"US-Tw1",2023,9,"Freshwater","WUE_E_minus_WUE_T",0.60264587449997,0.280531813478419,1.85644396304384,2.38964087943439,-0.533196916390555
"US-Tw1",2023,10,"Freshwater","WUE_E_minus_WUE_T",0.397772640497716,-0.89966660793334,-1.72073065340461,-1.69772532880627,-0.0230053245983397
"US-Tw2",2012,7,"Upland","WUE_E_minus_WUE_T",0.571010697182399,0.0982933355576358,1.45280847275892,-0.650526190841682,2.1033346636006
"US-Tw2",2012,8,"Upland","WUE_E_minus_WUE_T",0.64637078186242,0.532414724864349,4.58663393091522,1.35718171313149,3.22945221778373
"US-Tw2",2012,9,"Upland","WUE_E_minus_WUE_T",0.426628485033906,-0.733438831347653,-1.71019046004991,-4.49546416445774,2.78527370440783
"US-Tw2",2013,5,"Upland","WUE_E_minus_WUE_T",0.242286368758854,-1.7953651278063,-23.8415042928635,-9.49918501649583,-14.3423192763677
"US-Tw3",2013,6,"Freshwater","WUE_E_minus_WUE_T",0.579128752938961,0.145058432206238,1.53693859124793,1.63448591181775,-0.0975473205698227
"US-Tw3",2013,7,"Freshwater","WUE_E_minus_WUE_T",0.66771306080047,0.655359647536575,3.79135962234064,3.32394920777635,0.467410414564287
"US-Tw3",2013,8,"Freshwater","WUE_E_minus_WUE_T",0.537358396656201,-0.0955650381401962,0.68616433995456,0.700009006671204,-0.0138446667166436
"US-Tw3",2013,9,"Freshwater","WUE_E_minus_WUE_T",0.600315846731037,0.267109391032007,2.39311939301133,2.02804748052726,0.365071912484069
"US-Tw3",2014,3,"Freshwater","WUE_E_minus_WUE_T",0.575688151393071,0.12523840772651,1.79658984008441,1.51765379095631,0.278936049128099
"US-Tw3",2014,4,"Freshwater","WUE_E_minus_WUE_T",0.673925582761686,0.691147673470365,5.37429788908099,3.48866748557159,1.8856304035094
"US-Tw3",2014,5,"Freshwater","WUE_E_minus_WUE_T",0.596219210363706,0.243510194204914,1.87261350685127,1.91323343790141,-0.0406199310501358
"US-Tw3",2014,6,"Freshwater","WUE_E_minus_WUE_T",0.596368380678799,0.244369508850145,1.8580967466399,1.97829235895226,-0.120195612312358
"US-Tw3",2014,7,"Freshwater","WUE_E_minus_WUE_T",0.637446220342442,0.48100364879594,3.35441214216222,2.72034366356756,0.63406847859466
"US-Tw3",2014,8,"Freshwater","WUE_E_minus_WUE_T",0.58222850772127,0.162914965387164,1.84590491997341,1.59484465513267,0.25106026484074
"US-Tw3",2014,9,"Freshwater","WUE_E_minus_WUE_T",0.480736312679184,-0.421743782045729,-0.3019653316623,-0.356703244534173,0.0547379128718734
"US-Tw3",2015,3,"Freshwater","WUE_E_minus_WUE_T",0.572949902577057,0.109464375819262,1.16773955045411,1.46304544262008,-0.295305892165965
"US-Tw3",2015,4,"Freshwater","WUE_E_minus_WUE_T",0.610847461578784,0.32777810297361,1.97949290586503,2.23071313394141,-0.251220228076374
"US-Tw3",2015,5,"Freshwater","WUE_E_minus_WUE_T",0.719637156808222,0.954475031935236,7.22586605652278,4.3745328534145,2.85133320310828
"US-Tw3",2015,6,"Freshwater","WUE_E_minus_WUE_T",0.649697644525728,0.551579541989491,3.06460311108676,3.04182719904296,0.0227759120438016
"US-Tw3",2015,7,"Freshwater","WUE_E_minus_WUE_T",0.612823478937812,0.339161203255911,2.29079536224172,2.22929725764805,0.0614981045936656
"US-Tw3",2015,8,"Freshwater","WUE_E_minus_WUE_T",0.590410603498916,0.210048972753455,1.87674079952625,1.75801855435361,0.118722245172638
"US-Tw3",2015,9,"Freshwater","WUE_E_minus_WUE_T",0.350458045947796,-1.17222837067165,-2.44030295634932,-2.95481665508406,0.514513698734735
"US-Tw3",2016,3,"Freshwater","WUE_E_minus_WUE_T",0.65922864678625,0.606484097370387,2.67535626326792,3.18368517785306,-0.508328914585144
"US-Tw3",2016,4,"Freshwater","WUE_E_minus_WUE_T",0.636654774009987,0.476444421150885,2.8193491776144,2.74538320286401,0.0739659747503927
"US-Tw3",2016,5,"Freshwater","WUE_E_minus_WUE_T",0.714229479083936,0.923323413985789,6.12853135773724,4.26668861839434,1.8618427393429
"US-Tw3",2016,6,"Freshwater","WUE_E_minus_WUE_T",0.550385652670668,-0.0205198666297399,0.781142699789392,1.06126801338038,-0.280125313590984
"US-Tw3",2016,7,"Freshwater","WUE_E_minus_WUE_T",0.529322813249782,-0.141855042286242,0.426699815779693,0.564060186592953,-0.13736037081326
"US-Tw3",2016,8,"Freshwater","WUE_E_minus_WUE_T",0.529874089153906,-0.138679347057054,0.398692560356425,0.550750959429261,-0.152058399072835
"US-Tw3",2016,9,"Freshwater","WUE_E_minus_WUE_T",0.646945641618663,0.535726277884706,3.88710470813764,2.95797615142769,0.929128556709956
"US-Tw3",2017,3,"Freshwater","WUE_E_minus_WUE_T",0.676202530307996,0.704264320517403,4.1774445562564,3.52219194120973,0.655252615046666
"US-Tw3",2017,4,"Freshwater","WUE_E_minus_WUE_T",0.683191344729104,0.744524278278606,4.91599165310357,3.67345272282186,1.2425389302817
"US-Tw3",2017,5,"Freshwater","WUE_E_minus_WUE_T",0.676865195812128,0.708081689758973,4.01129421935696,3.5215401920323,0.489754027324656
"US-Tw3",2017,6,"Freshwater","WUE_E_minus_WUE_T",0.555935674577908,0.011451743159235,0.796146495918606,1.17195098996447,-0.375804494045861
"US-Tw3",2017,7,"Freshwater","WUE_E_minus_WUE_T",0.414519864724156,-0.803192084595386,-1.22528930799194,-1.72543204890081,0.500142740908867
"US-Tw3",2017,8,"Freshwater","WUE_E_minus_WUE_T",0.385767766356916,-0.968822218129172,-2.07237578552054,-2.32313260685927,0.250756821338727
"US-Tw3",2018,3,"Freshwater","WUE_E_minus_WUE_T",0.654532220056474,0.579429731582923,3.99709707264756,3.09002527912679,0.907071793520764
"US-Tw3",2018,4,"Freshwater","WUE_E_minus_WUE_T",0.653629667601576,0.574230462934193,2.86975614319745,3.08391010984149,-0.214153966644037
"US-Tw3",2018,5,"Freshwater","WUE_E_minus_WUE_T",0.638218242874463,0.485450983158687,3.26063924582819,2.75081174112908,0.509827504699116
"US-Tw3",2018,6,"Freshwater","WUE_E_minus_WUE_T",0.430346937370404,-0.712018211914362,-0.736425652663198,-1.33264007145644,0.59621441879324
"US-Tw4",2014,8,"Freshwater","WUE_E_minus_WUE_T",0.32185186135949,-1.33701794925253,-1.58752624555888,-3.25473619996569,1.6672099544068
"US-Tw4",2014,9,"Freshwater","WUE_E_minus_WUE_T",0.218194855300249,-1.93414736693937,-3.09280066353424,-5.24945649266547,2.15665582913123
"US-Tw4",2015,5,"Freshwater","WUE_E_minus_WUE_T",0.440449693604111,-0.653819994772937,-0.605288394603454,-0.850188358764474,0.24489996416102
"US-Tw4",2015,6,"Freshwater","WUE_E_minus_WUE_T",0.416366349559933,-0.792555172951175,-0.733797769543155,-1.26839362373456,0.534595854191404
"US-Tw4",2015,7,"Freshwater","WUE_E_minus_WUE_T",0.497147631199102,-0.327204286416548,-0.0275880097002741,0.265455481309627,-0.293043491009901
"US-Tw4",2015,8,"Freshwater","WUE_E_minus_WUE_T",0.541901249414646,-0.0693953548219585,0.553473462384225,1.13366472394415,-0.580191261559925
"US-Tw4",2015,9,"Freshwater","WUE_E_minus_WUE_T",0.456576157744294,-0.560921439166652,-0.602331582369394,-0.495465867496953,-0.106865714872442
"US-Tw4",2015,10,"Freshwater","WUE_E_minus_WUE_T",0.376364128032389,-1.02299307729573,-1.85109743504572,-2.09673861772556,0.245641182679838
"US-Tw4",2016,5,"Freshwater","WUE_E_minus_WUE_T",0.529911328015725,-0.138464827839119,0.364120087362837,0.933927119020933,-0.569807031658096
"US-Tw4",2016,6,"Freshwater","WUE_E_minus_WUE_T",0.513826934483136,-0.231121030339041,0.151873235791318,0.675243323870012,-0.523370088078694
"US-Tw4",2016,7,"Freshwater","WUE_E_minus_WUE_T",0.507502427297783,-0.267554161454057,0.0820468740208633,0.471959108372474,-0.389912234351611
"US-Tw4",2016,8,"Freshwater","WUE_E_minus_WUE_T",0.523204472667821,-0.177100524360347,0.291093713644582,0.760798645673866,-0.469704932029284
"US-Tw4",2016,9,"Freshwater","WUE_E_minus_WUE_T",0.408493084369141,-0.837910122292321,-1.09788794689715,-1.45437698053789,0.356489033640738
"US-Tw4",2016,10,"Freshwater","WUE_E_minus_WUE_T",0.35711085884364,-1.13390399259532,-2.03683665544617,-2.4807027134358,0.443866057989631
"US-Tw4",2017,5,"Freshwater","WUE_E_minus_WUE_T",0.358116215177394,-1.12811250907708,-1.30640111385813,-2.49214844776937,1.18574733391125
"US-Tw4",2017,6,"Freshwater","WUE_E_minus_WUE_T",0.516826075781184,-0.213844093979908,0.153143059083805,0.735054598782484,-0.581911539698679
"US-Tw4",2017,7,"Freshwater","WUE_E_minus_WUE_T",0.561916490356084,0.0459049960428215,0.670742891415589,1.5571278821156,-0.886384990700012
"US-Tw4",2017,8,"Freshwater","WUE_E_minus_WUE_T",0.611483643670839,0.331442911138669,1.65719952183346,2.52133249225986,-0.864132970426398
"US-Tw4",2017,9,"Freshwater","WUE_E_minus_WUE_T",0.502559903789339,-0.296026199155145,0.0335776366607039,0.421578780581454,-0.38800114392075
"US-Tw4",2017,10,"Freshwater","WUE_E_minus_WUE_T",0.384000753427614,-0.979001321709651,-1.49039586884785,-1.94444292521694,0.454047056369086
"US-Tw4",2018,5,"Freshwater","WUE_E_minus_WUE_T",0.41248366316108,-0.814921883669052,-1.32039159682991,-1.40790930913371,0.0875177123038016
"US-Tw4",2018,6,"Freshwater","WUE_E_minus_WUE_T",0.551686086945255,-0.0130285489596119,0.682137866789891,1.43026082749317,-0.748122960703275
"US-Tw4",2018,7,"Freshwater","WUE_E_minus_WUE_T",0.633169677630969,0.456368078504095,2.14612570090481,2.97811594135187,-0.831990240447056
"US-Tw4",2018,8,"Freshwater","WUE_E_minus_WUE_T",0.594163329029874,0.231667027299222,1.93820140235426,2.17591692239804,-0.23771552004378
"US-Tw4",2018,9,"Freshwater","WUE_E_minus_WUE_T",0.488788377768442,-0.375358833061408,-0.184630264024001,0.146935992215222,-0.331566256239223
"US-Tw4",2018,10,"Freshwater","WUE_E_minus_WUE_T",0.486518327108643,-0.388435749713151,-0.211730303072068,0.100044537506916,-0.311774840578984
"US-Tw4",2019,5,"Freshwater","WUE_E_minus_WUE_T",0.351845574522677,-1.16423533516502,-2.43788146780253,-2.61720257987069,0.179321112068162
"US-Tw4",2019,6,"Freshwater","WUE_E_minus_WUE_T",0.411366423487215,-0.821357885452571,-1.05263514404741,-1.36810614914044,0.315471005093038
"US-Tw4",2019,7,"Freshwater","WUE_E_minus_WUE_T",0.516598647731498,-0.215154222296723,0.228924329546296,0.653363212733805,-0.424438883187509
"US-Tw4",2019,8,"Freshwater","WUE_E_minus_WUE_T",0.540178677376841,-0.0793184509730264,0.560783160930641,1.0993118144041,-0.538528653473462
"US-Tw4",2019,9,"Freshwater","WUE_E_minus_WUE_T",0.529049338059846,-0.143430431033485,0.44394054294444,0.949852268883104,-0.505911725938664
"US-Tw4",2019,10,"Freshwater","WUE_E_minus_WUE_T",0.441652973247947,-0.646888348757351,-0.830008945627955,-0.794696238979446,-0.0353127066485094
"US-Tw4",2020,5,"Freshwater","WUE_E_minus_WUE_T",0.42770757210181,-0.727222612521858,-1.14358235689157,-1.10430193875432,-0.0392804181372544
"US-Tw4",2020,6,"Freshwater","WUE_E_minus_WUE_T",0.549246800567753,-0.0270803695701464,0.740605369703768,1.38161462725911,-0.641009257555341
"US-Tw4",2020,7,"Freshwater","WUE_E_minus_WUE_T",0.50998350681595,-0.253261586120835,0.156410613200922,0.521438780849865,-0.365028167648943
"US-Tw4",2020,8,"Freshwater","WUE_E_minus_WUE_T",0.303089238717157,-1.44510243247879,-3.33016596132485,-3.62891542975726,0.298749468432418
"US-Tw4",2021,5,"Freshwater","WUE_E_minus_WUE_T",0.39323624397732,-0.925799099268009,-1.62202254377033,-1.79175673936477,0.169734195594439
"US-Tw4",2021,6,"Freshwater","WUE_E_minus_WUE_T",0.548464119244336,-0.0315891052615796,0.730250019254419,1.36600577020585,-0.635755750951429
"US-Tw4",2021,7,"Freshwater","WUE_E_minus_WUE_T",0.616199811261217,0.358610996674023,1.88219681184533,2.63968929125375,-0.757492479408423
"US-Tw4",2021,8,"Freshwater","WUE_E_minus_WUE_T",0.617626467820031,0.366829433927718,2.29795151037057,2.6438376053619,-0.345886094991327
"US-Tw4",2021,9,"Freshwater","WUE_E_minus_WUE_T",0.529130594681034,-0.142962341892788,0.484693110252747,0.951472753423638,-0.466779643170891
"US-Tw4",2021,10,"Freshwater","WUE_E_minus_WUE_T",0.438096254947317,-0.667377278627826,-0.909335449371756,-0.86562716050811,-0.0437082888636456
"US-Tw4",2022,5,"Freshwater","WUE_E_minus_WUE_T",0.274241784075512,-1.61128187800578,-2.98967062200418,-4.16483944769912,1.17516882569494
"US-Tw4",2022,6,"Freshwater","WUE_E_minus_WUE_T",0.49255019314615,-0.353688415292904,-0.10401932829007,0.250925527914059,-0.354944856204129
"US-Tw4",2022,7,"Freshwater","WUE_E_minus_WUE_T",0.657232850631094,0.594987058807755,2.93425585962943,3.45800298652502,-0.523747126895596
"US-Tw4",2022,8,"Freshwater","WUE_E_minus_WUE_T",0.659000488335095,0.605169761482653,2.92249348366261,3.4689514193965,-0.546457935733897
"US-Tw4",2022,9,"Freshwater","WUE_E_minus_WUE_T",0.581953465796702,0.161330551265044,1.42190663485165,2.00490870458139,-0.583002069729737
"US-Tw4",2022,10,"Freshwater","WUE_E_minus_WUE_T",0.544709902638881,-0.0532157493323558,0.872842788849579,1.26054748676601,-0.387704697916429
"US-Tw4",2023,6,"Freshwater","WUE_E_minus_WUE_T",0.331841258292966,-1.2794727528331,-2.99819317514888,-2.95406060916853,-0.0441325659803558
"US-Tw4",2023,7,"Freshwater","WUE_E_minus_WUE_T",0.515851069976407,-0.219460739401009,0.222941899987214,0.638454419121009,-0.415512519133795
"US-Tw4",2023,8,"Freshwater","WUE_E_minus_WUE_T",0.581244837487852,0.157248407418657,1.3848589625095,1.91828602998982,-0.533427067480319
"US-Tw4",2023,9,"Freshwater","WUE_E_minus_WUE_T",0.60007794759381,0.265738942678527,2.14675508973438,2.36636161916019,-0.219606529425806
"US-Tw4",2023,10,"Freshwater","WUE_E_minus_WUE_T",0.459869474222607,-0.541949869123145,-0.722681131231959,-0.43140820435167,-0.291272926880289
"US-Tw4",2024,5,"Freshwater","WUE_E_minus_WUE_T",0.244705283075024,-1.78143066305605,-3.75039945980371,-4.75387997821456,1.00348051841085
"US-Tw4",2024,6,"Freshwater","WUE_E_minus_WUE_T",0.498637159392145,-0.318623669086814,-0.0155013594385731,0.37231667802731,-0.387818037465883
"US-Tw4",2024,7,"Freshwater","WUE_E_minus_WUE_T",0.566171916532125,0.0704189218362805,1.0026964081044,1.64199299502328,-0.639296586918882
"US-Tw4",2024,8,"Freshwater","WUE_E_minus_WUE_T",0.613532776956054,0.343247205048761,1.92041361859969,2.56219794742668,-0.641784328826983
"US-Tw4",2024,9,"Freshwater","WUE_E_minus_WUE_T",0.56792647234582,0.0805262646118588,1.14243232305525,1.72517118036662,-0.582738857311366
"US-Tw4",2024,10,"Freshwater","WUE_E_minus_WUE_T",0.413159817922776,-0.81102680783706,-1.33791221420236,-1.36292953541899,0.0250173212166347
"US-Tw5",2018,5,"Freshwater","WUE_E_minus_WUE_T",0.294955931056296,-1.49195538966937,-1.4300020397962,-3.67496638870147,2.24496434890526
"US-Tw5",2018,6,"Freshwater","WUE_E_minus_WUE_T",0.556354874747603,0.0138665992576313,0.377552620806,1.60014449835643,-1.22259187755043
"US-Tw5",2018,7,"Freshwater","WUE_E_minus_WUE_T",0.598067023618998,0.254154758379339,0.962185321841588,2.35484570460492,-1.39266038276333
"US-Tw5",2018,8,"Freshwater","WUE_E_minus_WUE_T",0.608541488549129,0.314494250923971,1.62373040316473,2.53943265099908,-0.915702247834353
"US-Tw5",2018,9,"Freshwater","WUE_E_minus_WUE_T",0.589292535268709,0.20360819796534,1.37642473049134,2.22804526857835,-0.851620538087008
"US-Tw5",2019,4,"Freshwater","WUE_E_minus_WUE_T",0.284441702191429,-1.55252394743686,-3.13288659163589,-3.85889814300623,0.726011551370345
"US-Tw5",2019,5,"Freshwater","WUE_E_minus_WUE_T",0.38662911979348,-0.963860281685587,-1.90532533297674,-1.84674632543465,-0.0585790075420869
"US-Tw5",2019,6,"Freshwater","WUE_E_minus_WUE_T",0.437532435175135,-0.670625234410488,-0.70487612469257,-0.769507642963491,0.0646315182709213
"US-Tw5",2019,7,"Freshwater","WUE_E_minus_WUE_T",0.503973096091565,-0.287885324470556,0.056467592114851,0.478349331926128,-0.421881739811277
"US-Tw5",2019,8,"Freshwater","WUE_E_minus_WUE_T",0.527080840861148,-0.154770210472075,0.420196374623988,0.914879250802292,-0.494682876178304
"US-Tw5",2019,9,"Freshwater","WUE_E_minus_WUE_T",0.5377515441616,-0.0933002617407168,0.642774886381503,1.20017359398422,-0.557398707602718
"US-Twt",2009,6,"Upland","WUE_E_minus_WUE_T",0.458471089108399,-0.550005445110661,-0.339677610901624,-0.434321695672124,0.0946440847704999
"US-Twt",2009,7,"Upland","WUE_E_minus_WUE_T",0.622390246145122,0.394271787179024,1.56683403893693,3.90844252052164,-2.34160848158471
"US-Twt",2009,8,"Upland","WUE_E_minus_WUE_T",0.62329801347309,0.399501096769879,1.87284623704134,3.90861636811581,-2.03577013107447
"US-Twt",2009,9,"Upland","WUE_E_minus_WUE_T",0.571933843928225,0.103611240248608,0.758193118800988,2.59612232049406,-1.83792920169307
"US-Twt",2010,6,"Upland","WUE_E_minus_WUE_T",0.51704167273687,-0.212602120190601,0.103160244622854,1.14497691474118,-1.04181667011833
"US-Twt",2010,7,"Upland","WUE_E_minus_WUE_T",0.632711490665524,0.453728633991182,2.02010344230872,4.18674480332292,-2.1666413610142
"US-Twt",2010,8,"Upland","WUE_E_minus_WUE_T",0.683022233643162,0.743550092276981,4.38063776201138,5.51902166168308,-1.1383838996717
"US-Twt",2010,9,"Upland","WUE_E_minus_WUE_T",0.655011182600143,0.582188856466691,3.20193207063743,4.83622165694015,-1.63428958630272
"US-Twt",2011,6,"Upland","WUE_E_minus_WUE_T",0.657725543180612,0.597825277143175,1.76101859100359,4.93838014440215,-3.17736155339856
"US-Twt",2011,7,"Upland","WUE_E_minus_WUE_T",0.629891882301277,0.43748592001886,2.25855460426268,4.11071681630796,-1.85216221204527
"US-Twt",2011,8,"Upland","WUE_E_minus_WUE_T",0.689750314102578,0.782308058762966,4.29165800340475,5.70043778325883,-1.40877977985409
"US-Twt",2011,9,"Upland","WUE_E_minus_WUE_T",0.594012669752328,0.230799135295676,1.39547052201185,3.19145630529347,-1.79598578328161
"US-Twt",2012,6,"Upland","WUE_E_minus_WUE_T",0.641947537286899,0.506934059754671,0.394049570043411,4.51294161810888,-4.11889204806547
"US-Twt",2012,7,"Upland","WUE_E_minus_WUE_T",0.566230113691311,0.070754174002025,0.538483177337372,2.39413937292901,-1.85565619559164
"US-Twt",2012,8,"Upland","WUE_E_minus_WUE_T",0.627433617034329,0.423324769092566,2.30914081443751,4.02012888093137,-1.71098806649387
"US-Twt",2012,9,"Upland","WUE_E_minus_WUE_T",0.631325739279309,0.445745836206766,2.25970596447218,4.1975667997358,-1.93786083526362
"US-Twt",2013,6,"Upland","WUE_E_minus_WUE_T",0.498997707496293,-0.316546685700329,-0.0200236660205881,0.658439006709532,-0.678462672730121
"US-Twt",2013,7,"Upland","WUE_E_minus_WUE_T",0.638659463790351,0.487992692577006,3.29667175304537,4.34712609216925,-1.05045433912388
"US-Twt",2013,8,"Upland","WUE_E_minus_WUE_T",0.650995106710422,0.559053738556331,2.9387566308025,4.65544144910995,-1.71668481830745
"US-Twt",2013,9,"Upland","WUE_E_minus_WUE_T",0.562646803024426,0.0501120554105863,0.640590889294758,2.34570632861564,-1.70511543932089
"US-Twt",2014,6,"Upland","WUE_E_minus_WUE_T",0.572155792922004,0.104889805764341,0.960401118936221,2.6310753626355,-1.67067424369928
"US-Twt",2014,7,"Upland","WUE_E_minus_WUE_T",0.609035516999562,0.317340164887175,2.05788489547904,3.54834528611784,-1.49046039063881
"US-Twt",2014,8,"Upland","WUE_E_minus_WUE_T",0.656031849182698,0.588068536627863,2.94262182660461,4.79125229296174,-1.84863046635713
"US-Twt",2014,9,"Upland","WUE_E_minus_WUE_T",0.584369967194049,0.175251116088352,0.921336963248859,2.93145024410209,-2.01011328085323
"US-Twt",2015,6,"Upland","WUE_E_minus_WUE_T",0.512856528866657,-0.23671117578813,0.0653667588470368,1.03212859585584,-0.966761837008799
"US-Twt",2015,7,"Upland","WUE_E_minus_WUE_T",0.53668633222826,-0.0994365510823646,0.421939763258651,1.59752014668193,-1.17558038342328
"US-Twt",2015,8,"Upland","WUE_E_minus_WUE_T",0.601880965851961,0.276125459552779,1.6823562462018,3.33112658652582,-1.64877034032402
"US-Twt",2016,7,"Upland","WUE_E_minus_WUE_T",0.52641550608965,-0.158602956369104,0.319784906624847,1.32057734632679,-1.00079243970194
"US-Twt",2016,8,"Upland","WUE_E_minus_WUE_T",0.641771003824074,0.505917116203368,3.03900418631643,4.40672251943143,-1.367718333115
"US-Twt",2016,9,"Upland","WUE_E_minus_WUE_T",0.563563025114843,0.0553900697399817,1.16956073075563,2.37041136285954,-1.20085063210391
"US-Upa",1994,6,"Freshwater","WUE_E_minus_WUE_T",0.444662249199639,-0.629553030431968,-0.169191356328194,-0.0978640652489449,-0.0713272910792496
"US-Upa",1994,7,"Freshwater","WUE_E_minus_WUE_T",0.332425578777951,-1.27610670007693,-1.57568957237213,-2.41333336386573,0.837643791493596
"US-Upa",1994,8,"Freshwater","WUE_E_minus_WUE_T",0.363240478576307,-1.09859353553352,-1.01667469112546,-1.82310119410893,0.806426502983468
"US-Wpp",2015,4,"Upland","WUE_E_minus_WUE_T",0.699030581290308,0.835768222744745,7.33964157969261,5.35581353082582,1.98382804886679
"US-Wpp",2015,5,"Upland","WUE_E_minus_WUE_T",0.73526111982278,1.04447886565113,10.2554185921431,6.30698322525893,3.94843536688413
"US-Wpp",2015,6,"Upland","WUE_E_minus_WUE_T",0.636542324888895,0.475796643632029,3.18214724207786,3.70721133733793,-0.525064095260066
"US-Wpp",2015,7,"Upland","WUE_E_minus_WUE_T",0.30899394822876,-1.41108759946057,-4.0831073341017,-5.20196671759527,1.11885938349357
"US-Wpp",2015,8,"Upland","WUE_E_minus_WUE_T",0.303974040839823,-1.44000541688513,-4.21385923193049,-5.36162683209327,1.14776760016278
"US-xBA",2017,8,"Freshwater","WUE_E_minus_WUE_T",0.512794400326822,-0.237069075174036,0.140969071141952,0.255953659893695,-0.114984588751743
"US-xBA",2018,7,"Freshwater","WUE_E_minus_WUE_T",0.420144794663103,-0.77078895752597,-0.41545603554874,-1.5674356785676,1.15197964301886
"US-xBA",2019,6,"Freshwater","WUE_E_minus_WUE_T",0.47604861275514,-0.448747875954592,-0.0667817057205532,-0.375401184268258,0.308619478547704
"US-xBA",2019,7,"Freshwater","WUE_E_minus_WUE_T",0.591900978707088,0.218634469421978,0.725742245993932,1.85786353906498,-1.13212129307105
"US-xBA",2019,8,"Freshwater","WUE_E_minus_WUE_T",0.358928046009926,-1.12343585391676,-3.16134940409464,-2.81257226244905,-0.348777141645584
"US-xBA",2020,6,"Freshwater","WUE_E_minus_WUE_T",0.483960719730127,-0.403169173556512,-0.148035262572847,-0.217611617726022,0.0695763551531755
"US-xBA",2020,7,"Freshwater","WUE_E_minus_WUE_T",0.645295534009249,0.52622062232519,2.30522877197839,2.92270047358545,-0.617471701607059
"US-xBA",2020,8,"Freshwater","WUE_E_minus_WUE_T",0.674893113152759,0.696721255816414,3.08809091553866,3.48865586105426,-0.400564945515595
"US-xBA",2021,6,"Freshwater","WUE_E_minus_WUE_T",0.66359289009183,0.631624878131656,3.04431646532959,3.36475681940701,-0.320440354077417
"US-xBA",2021,7,"Freshwater","WUE_E_minus_WUE_T",0.644409018662598,0.521113737486036,3.13295959935865,2.9050208753794,0.227938723979257
"US-xBA",2021,8,"Freshwater","WUE_E_minus_WUE_T",0.372328598414851,-1.04624026088891,-4.0084702818444,-2.54532772669085,-1.46314255515354
"US-xBA",2022,6,"Freshwater","WUE_E_minus_WUE_T",0.549559164075301,-0.0252809597042806,0.598748681242068,1.09060503452505,-0.491856353282977
"US-xBA",2022,7,"Freshwater","WUE_E_minus_WUE_T",0.560111464713933,0.0355069153767474,1.53189187599704,1.22389162116426,0.308000254832784
"US-xBA",2023,8,"Freshwater","WUE_E_minus_WUE_T",0.592003778408681,0.219226660227831,2.7400515836529,1.83561044071431,0.904441142938588
"US-xBA",2024,5,"Freshwater","WUE_E_minus_WUE_T",0.638539923804934,0.487304067228888,3.77859162725743,2.80304647742999,0.975545149827438
"US-xBA",2024,6,"Freshwater","WUE_E_minus_WUE_T",0.527783627750841,-0.150721716866537,0.587978072766806,0.65633986992053,-0.0683617971537244
"US-xBA",2024,7,"Freshwater","WUE_E_minus_WUE_T",0.596776632624515,0.246721296306516,2.25146444996796,1.95509772973919,0.296366720228762
"US-xBA",2024,8,"Freshwater","WUE_E_minus_WUE_T",0.462031635850051,-0.529494461016887,-0.960008598554104,-0.756397996700056,-0.203610601854048
"US-xSB",2018,4,"Upland","WUE_E_minus_WUE_T",0.253412167497722,-1.73127354369818,-6.8334814078231,-6.21311579831347,-0.620365609509625
"US-xSB",2018,5,"Upland","WUE_E_minus_WUE_T",0.225596488160293,-1.89150931585458,-8.0275572218962,-6.98888984625064,-1.03866737564556
"US-xSB",2018,6,"Upland","WUE_E_minus_WUE_T",0.411358162418931,-0.821405474391142,-1.3142124556394,-1.9179235947776,0.603711139138194
"US-xSB",2018,7,"Upland","WUE_E_minus_WUE_T",0.387881069384063,-0.956648266227887,-1.70356088569359,-2.62811632386629,0.9245554381727
"US-xSB",2018,8,"Upland","WUE_E_minus_WUE_T",0.299545342379705,-1.46551749979335,-3.13092768582673,-5.03430618064473,1.903378494818
"US-xSB",2019,4,"Upland","WUE_E_minus_WUE_T",0.381568066536204,-0.993015125137968,-1.03184015993293,-2.75751708767744,1.72567692774451
"US-xSB",2019,5,"Upland","WUE_E_minus_WUE_T",0.312417512221863,-1.39136572197891,-3.32081265930738,-4.64784568789182,1.32703302858443
"US-xSB",2019,9,"Upland","WUE_E_minus_WUE_T",0.269092104161041,-1.64094726663223,-4.42219528349531,-5.78295737849392,1.36076209499861
"US-xSB",2019,10,"Upland","WUE_E_minus_WUE_T",0.268964145083692,-1.64168439123432,-4.99837701709608,-5.78802795863573,0.789650941539646
"US-xSB",2020,4,"Upland","WUE_E_minus_WUE_T",0.369166251092764,-1.06445736638665,-2.35174926137866,-3.09191993434646,0.740170672967807
"US-xSB",2020,5,"Upland","WUE_E_minus_WUE_T",0.30406107944247,-1.43950401990203,-4.29686145865234,-4.87316874016362,0.576307281511284
"US-xSB",2020,6,"Upland","WUE_E_minus_WUE_T",0.419391073205383,-0.775130866213637,-1.6541621516736,-1.70132399722037,0.0471618455467688
"US-xSB",2020,7,"Upland","WUE_E_minus_WUE_T",0.426568611456998,-0.733783740731717,-1.10019797277837,-1.58494451899473,0.484746546216362
"US-xSB",2020,8,"Upland","WUE_E_minus_WUE_T",0.426324911624014,-0.735187604733702,-1.04684623548021,-1.61581885932308,0.568972623842871
"US-xSB",2020,9,"Upland","WUE_E_minus_WUE_T",0.508179077665565,-0.26365623061993,0.1297668764961,0.663789463210366,-0.534022586714266
"US-xSB",2020,10,"Upland","WUE_E_minus_WUE_T",0.436703720055017,-0.675399153665127,-1.08494752951665,-1.26509406840961,0.180146538892955
"US-xSB",2021,3,"Upland","WUE_E_minus_WUE_T",0.253929714496205,-1.72829214813624,-5.45086626135502,-6.21104490249562,0.760178641140596
"US-xSB",2021,4,"Upland","WUE_E_minus_WUE_T",0.333003668987945,-1.27277653761529,-3.11134727760202,-4.06700865856632,0.955661380964298
"US-xSB",2021,6,"Upland","WUE_E_minus_WUE_T",0.249383211132841,-1.7544828612302,-7.24681635459161,-6.28542003480865,-0.961396319782966
"US-xSB",2021,7,"Upland","WUE_E_minus_WUE_T",0.364421414094637,-1.09179060570568,-3.7412897029327,-3.26068302722004,-0.480606675712659
"US-xSB",2021,8,"Upland","WUE_E_minus_WUE_T",0.371143199103148,-1.0530689049684,-3.30279020996456,-3.10373986856617,-0.199050341398391
"US-xSB",2021,9,"Upland","WUE_E_minus_WUE_T",0.304601348282282,-1.43639173227213,-4.37053526888507,-4.82548527520686,0.454950006321787
"US-xSB",2021,10,"Upland","WUE_E_minus_WUE_T",0.258247519757567,-1.70341887965761,-5.70468795472521,-6.07699129888905,0.372303344163843
"US-xSB",2022,3,"Upland","WUE_E_minus_WUE_T",0.24538239167993,-1.77753009248847,-5.00836672679501,-6.44151511826338,1.43314839146838
"US-xSB",2022,4,"Upland","WUE_E_minus_WUE_T",0.279163158876127,-1.58293167013627,-3.87357920648267,-5.51876545414323,1.64518624766056
"US-xSB",2022,9,"Upland","WUE_E_minus_WUE_T",0.279282479574307,-1.58224430802029,-6.5604443094755,-5.50818385341099,-1.05226045606452
"US-xSB",2022,10,"Upland","WUE_E_minus_WUE_T",0.195798908729212,-2.06316207653715,-9.0290916278427,-7.76085713237515,-1.26823449546755
"US-xSB",2023,3,"Upland","WUE_E_minus_WUE_T",0.23156829421056,-1.85710796465892,-5.49821456775401,-6.81399877107923,1.31578420332522
"US-xSB",2023,4,"Upland","WUE_E_minus_WUE_T",0.305535584636027,-1.43100994447888,-4.2350647561817,-4.80765873852578,0.572593982344081
"US-xSB",2023,5,"Upland","WUE_E_minus_WUE_T",0.348993529110098,-1.18066490689562,-3.54052307816104,-3.66160909833587,0.121086020174832
"US-xSB",2023,6,"Upland","WUE_E_minus_WUE_T",0.377413943717411,-1.01694548000822,-2.46300303487813,-2.83319631541371,0.370193280535577
"US-xSB",2023,7,"Upland","WUE_E_minus_WUE_T",0.37275187243517,-1.04380193685387,-2.35182332881928,-3.03606035033563,0.684237021516341
"US-xSB",2023,8,"Upland","WUE_E_minus_WUE_T",0.405035795908048,-0.857826273877563,-1.90827741410042,-2.18985908197864,0.281581667878226
"US-xSB",2023,9,"Upland","WUE_E_minus_WUE_T",0.394238520811978,-0.920025355597481,-1.94759933604676,-2.40850642255437,0.460907086507609
"US-xSB",2023,10,"Upland","WUE_E_minus_WUE_T",0.175774197834071,-2.17851698027929,-12.6021561223953,-8.30080391336048,-4.30135220903485
"US-xSB",2024,3,"Upland","WUE_E_minus_WUE_T",0.18864567717648,-2.10436918017683,-8.47157553790668,-7.97136523795996,-0.500210299946719
"US-xSB",2024,4,"Upland","WUE_E_minus_WUE_T",0.304866306531188,-1.43486540645108,-3.7002029330874,-4.8257051692675,1.12550223618009
"US-xSB",2024,5,"Upland","WUE_E_minus_WUE_T",0.196410884407462,-2.05963671250934,-9.7798971203443,-7.77585116019791,-2.00404596014639
"US-xSB",2024,6,"Upland","WUE_E_minus_WUE_T",0.169862062506304,-2.21257459065961,-8.55785809461256,-8.42963017826561,-0.128227916346948
"US-xSB",2024,7,"Upland","WUE_E_minus_WUE_T",0.312814940502997,-1.38907628562427,-3.39487791398572,-4.65220120891682,1.2573232949311
"US-xSB",2024,8,"Upland","WUE_E_minus_WUE_T",0.379215240103514,-1.00656888219774,-1.82794711977209,-2.88608516299003,1.05813804321795
"US-xSB",2024,9,"Upland","WUE_E_minus_WUE_T",0.365717967080678,-1.08432164669375,-3.09574353358812,-3.17753531189884,0.0817917783107172
"US-xSB",2024,10,"Upland","WUE_E_minus_WUE_T",0.334341947035707,-1.26506721605813,-3.6224658354334,-4.02517935139554,0.402713515962134
"US-xSE",2017,9,"Upland","WUE_E_minus_WUE_T",0.498185595121564,-0.321224962720418,-0.0366570662270629,-0.0311601814169273,-0.00549688481013558
"US-xSE",2017,10,"Upland","WUE_E_minus_WUE_T",0.503623390307907,-0.289899849285581,0.0615048818320956,0.113844368822571,-0.0523394869904755
"US-xSE",2018,5,"Upland","WUE_E_minus_WUE_T",0.568917825111275,0.0862370787870205,0.116599912211257,1.8429497077126,-1.72634979550134
"US-xSE",2018,6,"Upland","WUE_E_minus_WUE_T",0.694114956856959,0.807451140600046,0.418236424837338,5.28085219397277,-4.86261576913543
"US-xSE",2018,7,"Upland","WUE_E_minus_WUE_T",0.623378156031475,0.399962768209561,0.259135980543592,3.2963475796602,-3.03721159911661
"US-xSE",2019,6,"Upland","WUE_E_minus_WUE_T",0.588195875956182,0.197290751980881,0.509494005092096,2.4248475766389,-1.9153535715468
"US-xSE",2019,7,"Upland","WUE_E_minus_WUE_T",0.69436811913744,0.808909514238945,1.81485767915641,5.21052263377465,-3.39566495461824
"US-xSE",2019,8,"Upland","WUE_E_minus_WUE_T",0.715977307971897,0.933392005446825,2.50394274572717,5.76889010337819,-3.26494735765102
"US-xSE",2019,9,"Upland","WUE_E_minus_WUE_T",0.605474889795153,0.296828717277416,1.71581114821131,2.86179091268587,-1.14597976447457
"US-xSE",2020,5,"Upland","WUE_E_minus_WUE_T",0.596130444272305,0.242998845802295,2.46722871331935,2.57671141818719,-0.109482704867845
"US-xSE",2020,6,"Upland","WUE_E_minus_WUE_T",0.668479577755267,0.659775266318802,2.56493695718702,4.58961922198236,-2.02468226479534
"US-xSE",2020,7,"Upland","WUE_E_minus_WUE_T",0.726006254258267,0.991165030963014,3.89585541030787,6.06361406187684,-2.16775865156896
"US-xSE",2020,8,"Upland","WUE_E_minus_WUE_T",0.623378301504569,0.39996360622589,1.95389020089101,3.27204828996626,-1.31815808907525
"US-xSE",2020,9,"Upland","WUE_E_minus_WUE_T",0.643508289133467,0.515924970033922,2.76655168288148,3.88732439729837,-1.1207727144169
"US-xSE",2020,10,"Upland","WUE_E_minus_WUE_T",0.655164017960028,0.583069284070378,4.21637560181677,4.19998945814385,0.0163861436729187
"US-xSE",2021,4,"Upland","WUE_E_minus_WUE_T",0.4133503799119,-0.809929051168941,-1.45778376003634,-2.32602317723628,0.868239417199938
"US-xSE",2021,5,"Upland","WUE_E_minus_WUE_T",0.629313893709765,0.434156342943463,4.43148496203226,3.47147073828772,0.96001422374454
"US-xSE",2021,6,"Upland","WUE_E_minus_WUE_T",0.701640711037733,0.85080420839994,7.46564039171708,5.48377680874872,1.98186358296836
"US-xSE",2021,7,"Upland","WUE_E_minus_WUE_T",0.67966841382414,0.724229985014628,6.01352315451409,4.81415942998553,1.19936372452857
"US-xSE",2021,8,"Upland","WUE_E_minus_WUE_T",0.630916679412021,0.443389394615027,4.19975898408359,3.47531329120866,0.724445692874927
"US-xSE",2021,9,"Upland","WUE_E_minus_WUE_T",0.67614386725638,0.703926384518833,5.02607481361767,4.76731090223902,0.258763911378647
"US-xSE",2021,10,"Upland","WUE_E_minus_WUE_T",0.665309960684087,0.641516282503254,6.99276264397083,4.47356489913792,2.51919774483291
"US-xSE",2022,5,"Upland","WUE_E_minus_WUE_T",0.580857162320278,0.155015155119889,2.70326319234564,2.16488228026545,0.538380912080188
"US-xSE",2022,6,"Upland","WUE_E_minus_WUE_T",0.692538214401191,0.798368114374913,5.80704718218265,5.2383368728831,0.56871030929955
"US-xSE",2022,7,"Upland","WUE_E_minus_WUE_T",0.647548999899577,0.539202000294948,4.77994028172483,3.94809078876926,0.831849492955571
"US-xSE",2022,8,"Upland","WUE_E_minus_WUE_T",0.700782486157661,0.845860294405464,5.38498401266036,5.35917656647848,0.0258074461818758
"US-xSE",2022,9,"Upland","WUE_E_minus_WUE_T",0.671525252810677,0.677320266328366,4.27980823568602,4.64277447244346,-0.36296623675744
"US-xSE",2022,10,"Upland","WUE_E_minus_WUE_T",0.563303553671865,0.0538953513650037,1.23322282755046,1.72306171362163,-0.489838886071167
"US-xSE",2023,4,"Upland","WUE_E_minus_WUE_T",0.498490458820628,-0.319468756458858,-0.0420503200568545,-0.0303040639701145,-0.01174625608674
"US-xSE",2023,5,"Upland","WUE_E_minus_WUE_T",0.651647324800417,0.562810924134901,6.07232132903838,4.07366990555166,1.99865142348672
"US-xSE",2023,6,"Upland","WUE_E_minus_WUE_T",0.652294745054313,0.566540471166064,6.14522599542747,4.1532110079798,1.99201498744767
"US-xSE",2023,7,"Upland","WUE_E_minus_WUE_T",0.654130304331913,0.577114444737487,5.96369428903166,4.12554923805888,1.83814505097279
"US-xSE",2023,8,"Upland","WUE_E_minus_WUE_T",0.682648214862924,0.741395509341029,5.61453920190742,4.87020364385397,0.744335558053443
"US-xSE",2023,9,"Upland","WUE_E_minus_WUE_T",0.61327766523955,0.341777601434761,2.91667847073516,3.07218513540476,-0.155506664669605
"US-xSE",2023,10,"Upland","WUE_E_minus_WUE_T",0.693157794564986,0.801937285012601,4.38075464129244,5.22445455443147,-0.843699913139022
"US-xSE",2024,4,"Upland","WUE_E_minus_WUE_T",0.417920670383862,-0.783601309398907,-2.24299928823672,-2.20278975621831,-0.0402095320184133
"US-xSE",2024,5,"Upland","WUE_E_minus_WUE_T",0.640053610202087,0.496023850977766,3.19164278641184,3.76105670929574,-0.569413922883903
"US-xSE",2024,6,"Upland","WUE_E_minus_WUE_T",0.6503462274418,0.555315786684562,3.24173559183108,4.10067113271875,-0.858935540887675
"US-xSE",2024,7,"Upland","WUE_E_minus_WUE_T",0.679542960241253,0.723507293633274,6.25998003610085,4.81077669659189,1.44920333950896
"US-xSE",2024,8,"Upland","WUE_E_minus_WUE_T",0.647530156256116,0.539093449080952,4.89209769464533,3.92327947608477,0.968818218560553
"US-xSE",2024,9,"Upland","WUE_E_minus_WUE_T",0.511863286134351,-0.242432877358639,0.461313188517092,0.337645404458396,0.123667784058697
"US-xSE",2024,10,"Upland","WUE_E_minus_WUE_T",0.62064397059863,0.384212143939845,3.64086094635784,3.26919007982319,0.371670866534645
