site_name,year,month,NEE,GPP,Reco,ET,NEP,State,biome,salinity_ppt,salinity_fine,salini_coarse,WUE,CUE,Tair_f,VPD_f,Rg_f,avg_length,avg_sos,avg_eos,lat,long,climate,climate_2,salinity_con
US-A03,2015,6,-18.133,30.896,11.722,25.322,19.174,AL,tundra,15.0,low med,med,1.22,0.621,9.16,7.277,275.129,47.867,164.41,227.738,70.495,-149.882,Barren Sparse Vegetation,Barren Sparse Vegetation,no
US-A03,2015,7,-63.985,110.877,50.695,21.049,60.182,AL,tundra,15.0,low med,med,5.267,0.543,4.498,5.015,211.153,47.867,164.41,227.738,70.495,-149.882,Barren Sparse Vegetation,Barren Sparse Vegetation,no
US-A03,2015,8,-6.841,20.672,18.148,10.352,2.525,AL,tundra,15.0,low med,med,1.997,0.122,5.45,5.449,117.427,47.867,164.41,227.738,70.495,-149.882,Barren Sparse Vegetation,Barren Sparse Vegetation,no
US-A03,2016,6,-19.885,25.511,7.078,25.599,18.432,AL,tundra,15.0,low med,med,0.997,0.723,5.087,5.832,246.7,47.867,164.41,227.738,70.495,-149.882,Barren Sparse Vegetation,Barren Sparse Vegetation,no
US-A03,2016,7,-78.992,132.491,65.822,39.102,66.669,AL,tundra,15.0,low med,med,3.388,0.503,7.363,6.378,214.403,47.867,164.41,227.738,70.495,-149.882,Barren Sparse Vegetation,Barren Sparse Vegetation,no
US-A03,2016,8,-24.058,37.26,13.602,12.771,23.659,AL,tundra,15.0,low med,med,2.918,0.635,5.474,5.447,143.202,47.867,164.41,227.738,70.495,-149.882,Barren Sparse Vegetation,Barren Sparse Vegetation,no
US-A03,2017,6,62.741,43.731,97.976,24.566,-54.245,AL,tundra,15.0,low med,med,1.78,-1.24,5.884,5.334,264.999,47.867,164.41,227.738,70.495,-149.882,Barren Sparse Vegetation,Barren Sparse Vegetation,no
US-A03,2017,7,-12.033,46.278,32.112,26.102,14.165,AL,tundra,15.0,low med,med,1.773,0.306,8.299,6.302,207.001,47.867,164.41,227.738,70.495,-149.882,Barren Sparse Vegetation,Barren Sparse Vegetation,no
US-A03,2017,8,10.712,8.557,15.366,8.17,-6.809,AL,tundra,15.0,low med,med,1.047,-0.796,7.661,5.556,100.666,47.867,164.41,227.738,70.495,-149.882,Barren Sparse Vegetation,Barren Sparse Vegetation,no
US-A03,2018,6,-1.208,5.187,5.668,10.508,-0.48,AL,tundra,15.0,low med,med,0.494,-0.093,2.262,4.651,250.575,47.867,164.41,227.738,70.495,-149.882,Barren Sparse Vegetation,Barren Sparse Vegetation,no
US-A03,2018,7,-29.776,70.844,32.165,37.086,38.678,AL,tundra,15.0,low med,med,1.91,0.546,7.571,6.568,188.337,47.867,164.41,227.738,70.495,-149.882,Barren Sparse Vegetation,Barren Sparse Vegetation,no
US-A03,2018,8,-11.86,35.417,21.118,14.0,14.299,AL,tundra,15.0,low med,med,2.53,0.404,2.65,4.392,108.615,47.867,164.41,227.738,70.495,-149.882,Barren Sparse Vegetation,Barren Sparse Vegetation,no
US-A03,2019,6,-11.744,23.464,15.959,22.266,7.505,AL,tundra,15.0,low med,med,1.054,0.32,4.166,4.998,238.524,47.867,164.41,227.738,70.495,-149.882,Barren Sparse Vegetation,Barren Sparse Vegetation,no
US-A03,2019,7,-82.119,97.158,31.247,37.903,65.911,AL,tundra,15.0,low med,med,2.563,0.678,8.316,6.635,175.193,47.867,164.41,227.738,70.495,-149.882,Barren Sparse Vegetation,Barren Sparse Vegetation,no
US-A03,2019,8,-33.254,51.304,33.878,12.702,17.426,AL,tundra,15.0,low med,med,4.039,0.34,6.048,5.084,123.396,47.867,164.41,227.738,70.495,-149.882,Barren Sparse Vegetation,Barren Sparse Vegetation,no
US-A03,2020,6,-35.121,48.26,4.749,17.847,43.511,AL,tundra,15.0,low med,med,2.704,0.902,4.02,4.347,262.695,47.867,164.41,227.738,70.495,-149.882,Barren Sparse Vegetation,Barren Sparse Vegetation,no
US-A03,2020,7,-79.46,108.851,38.19,22.543,70.661,AL,tundra,15.0,low med,med,4.829,0.649,4.044,4.227,187.357,47.867,164.41,227.738,70.495,-149.882,Barren Sparse Vegetation,Barren Sparse Vegetation,no
US-A03,2020,8,-20.252,39.338,15.393,11.382,23.945,AL,tundra,15.0,low med,med,3.456,0.609,6.503,5.317,114.368,47.867,164.41,227.738,70.495,-149.882,Barren Sparse Vegetation,Barren Sparse Vegetation,no
US-A10,2012,6,-4.826,21.757,13.853,28.744,7.905,AL,sparse_veg,32.0,high,high,0.757,0.363,5.862,4.222,262.746,57.267,161.511,244.785,71.324,-156.615,Barren Sparse Vegetation,Barren Sparse Vegetation,no
US-A10,2012,7,-44.139,86.306,39.973,33.182,46.333,AL,sparse_veg,32.0,high,high,2.601,0.537,8.606,5.946,220.831,57.267,161.511,244.785,71.324,-156.615,Barren Sparse Vegetation,Barren Sparse Vegetation,no
US-A10,2012,8,-6.378,60.712,46.474,22.205,14.238,AL,sparse_veg,32.0,high,high,2.734,0.235,8.572,5.625,109.56,57.267,161.511,244.785,71.324,-156.615,Barren Sparse Vegetation,Barren Sparse Vegetation,no
US-A10,2013,6,6.315,33.5,24.955,26.087,8.544,AL,sparse_veg,32.0,high,high,1.284,0.255,6.791,5.086,254.814,57.267,161.511,244.785,71.324,-156.615,Barren Sparse Vegetation,Barren Sparse Vegetation,no
US-A10,2013,7,-3.2,69.418,60.739,26.879,8.679,AL,sparse_veg,32.0,high,high,2.583,0.125,7.003,4.731,187.926,57.267,161.511,244.785,71.324,-156.615,Barren Sparse Vegetation,Barren Sparse Vegetation,no
US-A10,2013,8,-26.056,70.34,45.443,22.095,24.898,AL,sparse_veg,32.0,high,high,3.183,0.354,5.757,4.006,107.44,57.267,161.511,244.785,71.324,-156.615,Barren Sparse Vegetation,Barren Sparse Vegetation,no
US-A10,2013,9,-0.418,1.217,2.537,0.688,-1.32,AL,sparse_veg,32.0,high,high,1.77,-1.085,1.899,1.187,100.35,57.267,161.511,244.785,71.324,-156.615,Barren Sparse Vegetation,Barren Sparse Vegetation,no
US-A10,2014,6,7.212,21.764,28.316,25.485,-6.552,AL,sparse_veg,32.0,high,high,0.854,-0.301,4.165,3.781,233.485,57.267,161.511,244.785,71.324,-156.615,Barren Sparse Vegetation,Barren Sparse Vegetation,no
US-A10,2014,7,-25.185,71.889,40.887,42.573,31.002,AL,sparse_veg,32.0,high,high,1.689,0.431,5.329,3.553,192.194,57.267,161.511,244.785,71.324,-156.615,Barren Sparse Vegetation,Barren Sparse Vegetation,no
US-A10,2014,8,-13.23,68.847,53.334,18.339,15.514,AL,sparse_veg,32.0,high,high,3.754,0.225,4.718,3.754,109.834,57.267,161.511,244.785,71.324,-156.615,Barren Sparse Vegetation,Barren Sparse Vegetation,no
US-A10,2014,9,-0.295,1.19,1.142,0.52,0.049,AL,sparse_veg,32.0,high,high,2.288,0.041,2.783,3.468,115.178,57.267,161.511,244.785,71.324,-156.615,Barren Sparse Vegetation,Barren Sparse Vegetation,no
US-A10,2015,6,-11.337,51.325,29.762,33.434,21.564,AL,sparse_veg,32.0,high,high,1.535,0.42,8.565,4.86,251.502,57.267,161.511,244.785,71.324,-156.615,Barren Sparse Vegetation,Barren Sparse Vegetation,no
US-A10,2015,7,-95.057,137.855,50.591,37.409,87.264,AL,sparse_veg,32.0,high,high,3.685,0.633,4.498,3.785,193.779,57.267,161.511,244.785,71.324,-156.615,Barren Sparse Vegetation,Barren Sparse Vegetation,no
US-A10,2015,8,-30.242,69.689,51.31,25.85,18.379,AL,sparse_veg,32.0,high,high,2.696,0.264,4.166,3.773,107.455,57.267,161.511,244.785,71.324,-156.615,Barren Sparse Vegetation,Barren Sparse Vegetation,no
US-A10,2015,9,0.329,0.337,0.968,0.399,-0.631,AL,sparse_veg,32.0,high,high,0.845,-1.873,2.635,3.21,51.166,57.267,161.511,244.785,71.324,-156.615,Barren Sparse Vegetation,Barren Sparse Vegetation,no
US-A10,2016,6,15.876,22.227,30.857,30.272,-8.63,AL,sparse_veg,32.0,high,high,0.734,-0.388,5.307,3.403,242.241,57.267,161.511,244.785,71.324,-156.615,Barren Sparse Vegetation,Barren Sparse Vegetation,no
US-A10,2016,7,-64.477,113.136,52.674,36.149,60.462,AL,sparse_veg,32.0,high,high,3.13,0.534,7.363,4.275,212.675,57.267,161.511,244.785,71.324,-156.615,Barren Sparse Vegetation,Barren Sparse Vegetation,no
US-A10,2016,8,-31.785,70.522,40.662,24.682,29.859,AL,sparse_veg,32.0,high,high,2.857,0.423,5.728,3.678,112.936,57.267,161.511,244.785,71.324,-156.615,Barren Sparse Vegetation,Barren Sparse Vegetation,no
US-A10,2017,6,-68.962,80.165,9.401,34.702,70.764,AL,sparse_veg,32.0,high,high,2.31,0.883,5.054,2.563,273.787,57.267,161.511,244.785,71.324,-156.615,Barren Sparse Vegetation,Barren Sparse Vegetation,no
US-A10,2017,7,-82.334,111.611,22.866,35.238,88.745,AL,sparse_veg,32.0,high,high,3.167,0.795,8.299,4.347,170.836,57.267,161.511,244.785,71.324,-156.615,Barren Sparse Vegetation,Barren Sparse Vegetation,no
US-A10,2017,8,-44.939,84.333,44.94,26.051,39.393,AL,sparse_veg,32.0,high,high,3.237,0.467,5.785,3.471,82.054,57.267,161.511,244.785,71.324,-156.615,Barren Sparse Vegetation,Barren Sparse Vegetation,no
US-A10,2017,9,-1.162,1.825,0.939,0.71,0.886,AL,sparse_veg,32.0,high,high,2.569,0.486,3.468,3.387,71.007,57.267,161.511,244.785,71.324,-156.615,Barren Sparse Vegetation,Barren Sparse Vegetation,no
US-A10,2018,6,3.698,7.226,9.816,13.502,-2.591,AL,sparse_veg,32.0,high,high,0.535,-0.359,2.144,2.018,287.466,57.267,161.511,244.785,71.324,-156.615,Barren Sparse Vegetation,Barren Sparse Vegetation,no
US-A10,2018,7,-20.659,61.181,39.49,37.964,21.691,AL,sparse_veg,32.0,high,high,1.612,0.355,7.571,5.571,173.178,57.267,161.511,244.785,71.324,-156.615,Barren Sparse Vegetation,Barren Sparse Vegetation,no
US-A10,2018,8,-29.13,79.952,52.263,19.87,27.688,AL,sparse_veg,32.0,high,high,4.024,0.346,2.537,4.382,93.076,57.267,161.511,244.785,71.324,-156.615,Barren Sparse Vegetation,Barren Sparse Vegetation,no
US-A10,2018,9,-0.329,1.484,1.432,0.619,0.052,AL,sparse_veg,32.0,high,high,2.396,0.035,0.57,3.559,91.259,57.267,161.511,244.785,71.324,-156.615,Barren Sparse Vegetation,Barren Sparse Vegetation,no
US-A10,2019,6,-6.01,24.345,20.586,19.712,3.758,AL,sparse_veg,32.0,high,high,1.235,0.154,3.814,4.642,241.619,57.267,161.511,244.785,71.324,-156.615,Barren Sparse Vegetation,Barren Sparse Vegetation,no
US-A10,2019,7,-79.28,127.488,52.337,37.969,75.151,AL,sparse_veg,32.0,high,high,3.358,0.589,8.316,6.403,167.335,57.267,161.511,244.785,71.324,-156.615,Barren Sparse Vegetation,Barren Sparse Vegetation,no
US-A10,2019,8,-45.708,83.865,49.324,23.326,34.541,AL,sparse_veg,32.0,high,high,3.595,0.412,5.311,5.05,85.414,57.267,161.511,244.785,71.324,-156.615,Barren Sparse Vegetation,Barren Sparse Vegetation,no
US-A10,2019,9,-2.379,1.408,0.98,0.845,0.428,AL,sparse_veg,32.0,high,high,1.666,0.304,4.803,4.489,71.213,57.267,161.511,244.785,71.324,-156.615,Barren Sparse Vegetation,Barren Sparse Vegetation,no
US-A10,2020,6,-3.182,24.808,22.357,25.423,2.451,AL,sparse_veg,32.0,high,high,0.976,0.099,4.039,4.657,267.858,57.267,161.511,244.785,71.324,-156.615,Barren Sparse Vegetation,Barren Sparse Vegetation,no
US-A10,2020,7,-43.212,89.521,44.65,31.673,44.872,AL,sparse_veg,32.0,high,high,2.826,0.501,4.044,4.098,195.035,57.267,161.511,244.785,71.324,-156.615,Barren Sparse Vegetation,Barren Sparse Vegetation,no
US-A10,2020,8,-32.676,83.765,48.528,16.666,35.237,AL,sparse_veg,32.0,high,high,5.026,0.421,5.737,4.987,106.848,57.267,161.511,244.785,71.324,-156.615,Barren Sparse Vegetation,Barren Sparse Vegetation,no
US-Atq,2003,5,3.075,6.473,21.676,14.324,-15.203,AL,wetland,1.0,very low,low,0.452,-2.349,-4.487,0.591,199.2,136.6,124.456,234.757,70.47,-157.409,Tundra,Tundra,no
US-Atq,2003,6,34.731,5.153,48.866,81.251,-43.713,AL,wetland,1.0,very low,low,0.063,-8.483,4.691,2.19,275.479,136.6,124.456,234.757,70.47,-157.409,Tundra,Tundra,no
US-Atq,2003,7,6.309,8.463,12.273,42.908,-3.81,AL,wetland,1.0,very low,low,0.197,-0.45,7.94,2.609,148.827,136.6,124.456,234.757,70.47,-157.409,Tundra,Tundra,no
US-Atq,2003,8,11.476,6.813,16.954,28.543,-10.141,AL,wetland,1.0,very low,low,0.239,-1.489,4.125,1.189,100.63,136.6,124.456,234.757,70.47,-157.409,Tundra,Tundra,no
US-Atq,2004,7,-9.003,21.417,19.696,41.316,1.721,AL,wetland,1.0,very low,low,0.518,0.08,10.35,2.96,171.143,136.6,124.456,234.757,70.47,-157.409,Tundra,Tundra,no
US-Atq,2004,8,11.907,9.162,12.997,21.263,-3.835,AL,wetland,1.0,very low,low,0.431,-0.419,10.954,2.244,127.568,136.6,124.456,234.757,70.47,-157.409,Tundra,Tundra,no
US-Atq,2005,5,2.058,6.488,13.416,4.423,-6.928,AL,wetland,1.0,very low,low,1.467,-1.068,-4.714,0.383,176.485,136.6,124.456,234.757,70.47,-157.409,Tundra,Tundra,no
US-Atq,2005,6,31.507,31.343,57.652,54.089,-26.309,AL,wetland,1.0,very low,low,0.579,-0.839,3.425,1.665,222.079,136.6,124.456,234.757,70.47,-157.409,Tundra,Tundra,no
US-Atq,2005,7,15.463,45.136,44.154,58.377,0.981,AL,wetland,1.0,very low,low,0.773,0.022,7.465,3.086,219.34,136.6,124.456,234.757,70.47,-157.409,Tundra,Tundra,no
US-Atq,2005,8,2.725,31.12,30.62,18.102,0.501,AL,wetland,1.0,very low,low,1.719,0.016,10.489,2.765,146.2,136.6,124.456,234.757,70.47,-157.409,Tundra,Tundra,no
US-Atq,2006,5,7.229,2.661,13.673,15.615,-11.012,AL,wetland,1.0,very low,low,0.17,-4.139,-2.547,0.701,190.997,136.6,124.456,234.757,70.47,-157.409,Tundra,Tundra,no
US-Atq,2006,6,-2.528,11.665,14.484,43.855,-2.819,AL,wetland,1.0,very low,low,0.266,-0.242,5.833,2.201,198.203,136.6,124.456,234.757,70.47,-157.409,Tundra,Tundra,no
US-Atq,2006,7,-9.882,45.266,27.733,48.929,17.534,AL,wetland,1.0,very low,low,0.925,0.387,8.156,2.308,163.447,136.6,124.456,234.757,70.47,-157.409,Tundra,Tundra,no
US-Atq,2006,8,-11.402,22.503,10.813,20.021,11.69,AL,wetland,1.0,very low,low,1.124,0.519,5.467,1.281,92.532,136.6,124.456,234.757,70.47,-157.409,Tundra,Tundra,no
US-Dmg,2021,9,-148.598,282.723,123.383,135.009,159.34,CA,wetlands,2.0,very low,low,2.094,0.564,20.689,10.834,267.016,251.6,95.191,281.907,38.002,-121.669,"Mediterranean: mild with dry, hot summer","Mediterranean, mild dry, hot",no
US-Dmg,2022,4,-21.5,112.561,96.885,108.49,15.676,CA,wetlands,2.0,very low,low,1.038,0.139,15.265,8.83,294.479,251.6,95.191,281.907,38.002,-121.669,"Mediterranean: mild with dry, hot summer","Mediterranean, mild dry, hot",no
US-Dmg,2022,5,-147.915,302.326,156.602,205.426,145.724,CA,wetlands,2.0,very low,low,1.472,0.482,18.242,10.971,351.988,251.6,95.191,281.907,38.002,-121.669,"Mediterranean: mild with dry, hot summer","Mediterranean, mild dry, hot",no
US-Dmg,2022,6,-179.599,366.799,194.068,221.105,172.731,CA,wetlands,2.0,very low,low,1.659,0.471,21.949,13.364,355.397,251.6,95.191,281.907,38.002,-121.669,"Mediterranean: mild with dry, hot summer","Mediterranean, mild dry, hot",no
US-Dmg,2022,7,-214.156,371.714,167.033,210.515,204.682,CA,wetlands,2.0,very low,low,1.766,0.551,21.098,10.072,353.597,251.6,95.191,281.907,38.002,-121.669,"Mediterranean: mild with dry, hot summer","Mediterranean, mild dry, hot",no
US-Dmg,2022,8,-166.653,305.979,139.999,199.176,165.98,CA,wetlands,2.0,very low,low,1.536,0.542,21.976,10.476,322.551,251.6,95.191,281.907,38.002,-121.669,"Mediterranean: mild with dry, hot summer","Mediterranean, mild dry, hot",no
US-Dmg,2022,9,-73.384,197.456,108.253,147.649,89.203,CA,wetlands,2.0,very low,low,1.337,0.452,22.062,12.493,251.144,251.6,95.191,281.907,38.002,-121.669,"Mediterranean: mild with dry, hot summer","Mediterranean, mild dry, hot",no
US-Dmg,2023,4,6.18,77.272,87.669,95.188,-10.397,CA,wetlands,2.0,very low,low,0.812,-0.135,15.9,7.85,310.666,251.6,95.191,281.907,38.002,-121.669,"Mediterranean: mild with dry, hot summer","Mediterranean, mild dry, hot",no
US-Dmg,2023,5,-71.286,187.113,114.419,132.894,72.694,CA,wetlands,2.0,very low,low,1.408,0.389,16.326,5.824,313.871,251.6,95.191,281.907,38.002,-121.669,"Mediterranean: mild with dry, hot summer","Mediterranean, mild dry, hot",no
US-Dmg,2023,6,-163.658,302.118,144.746,173.707,157.372,CA,wetlands,2.0,very low,low,1.739,0.521,18.4,6.913,357.27,251.6,95.191,281.907,38.002,-121.669,"Mediterranean: mild with dry, hot summer","Mediterranean, mild dry, hot",no
US-Dmg,2023,7,-191.171,357.504,171.845,212.304,185.659,CA,wetlands,2.0,very low,low,1.684,0.519,22.097,9.807,369.5,251.6,95.191,281.907,38.002,-121.669,"Mediterranean: mild with dry, hot summer","Mediterranean, mild dry, hot",no
US-Dmg,2023,8,-184.527,349.016,170.518,188.697,178.498,CA,wetlands,2.0,very low,low,1.85,0.511,22.655,9.231,316.257,251.6,95.191,281.907,38.002,-121.669,"Mediterranean: mild with dry, hot summer","Mediterranean, mild dry, hot",no
US-Dmg,2023,9,-154.513,269.454,105.293,143.683,164.161,CA,wetlands,2.0,very low,low,1.875,0.609,19.551,6.841,259.64,251.6,95.191,281.907,38.002,-121.669,"Mediterranean: mild with dry, hot summer","Mediterranean, mild dry, hot",no
US-Dmg,2024,4,-13.232,95.83,80.709,88.066,15.121,CA,wetlands,2.0,very low,low,1.088,0.158,15.616,6.456,282.985,251.6,95.191,281.907,38.002,-121.669,"Mediterranean: mild with dry, hot summer","Mediterranean, mild dry, hot",no
US-Dmg,2024,5,-102.811,251.594,160.147,166.291,91.447,CA,wetlands,2.0,very low,low,1.513,0.363,18.43,9.149,356.477,251.6,95.191,281.907,38.002,-121.669,"Mediterranean: mild with dry, hot summer","Mediterranean, mild dry, hot",no
US-Dmg,2024,6,-168.202,329.45,168.926,209.617,160.524,CA,wetlands,2.0,very low,low,1.572,0.487,21.906,10.957,370.344,251.6,95.191,281.907,38.002,-121.669,"Mediterranean: mild with dry, hot summer","Mediterranean, mild dry, hot",no
US-Dmg,2024,7,-189.397,348.625,163.284,217.846,185.342,CA,wetlands,2.0,very low,low,1.6,0.532,23.807,11.807,357.055,251.6,95.191,281.907,38.002,-121.669,"Mediterranean: mild with dry, hot summer","Mediterranean, mild dry, hot",no
US-Dmg,2024,8,-158.902,284.898,127.557,178.945,157.341,CA,wetlands,2.0,very low,low,1.592,0.552,21.941,9.865,318.006,251.6,95.191,281.907,38.002,-121.669,"Mediterranean: mild with dry, hot summer","Mediterranean, mild dry, hot",no
US-Dmg,2024,9,-79.369,163.208,68.929,105.719,94.28,CA,wetlands,2.0,very low,low,1.544,0.578,20.77,8.8,272.187,251.6,95.191,281.907,38.002,-121.669,"Mediterranean: mild with dry, hot summer","Mediterranean, mild dry, hot",no
US-EDN,2018,4,-19.719,48.646,29.505,93.781,19.141,CA,wetlands,57.0,high,high,0.519,0.393,13.646,3.982,258.336,134.6,92.694,276.706,37.616,-122.114,"Mediterranean: mild with dry, hot summer","Mediterranean, mild dry, hot",no
US-EDN,2018,5,-39.395,80.612,43.959,113.047,36.653,CA,wetlands,57.0,high,high,0.713,0.455,14.773,3.727,282.825,134.6,92.694,276.706,37.616,-122.114,"Mediterranean: mild with dry, hot summer","Mediterranean, mild dry, hot",no
US-EDN,2018,6,-43.154,75.649,38.74,144.86,36.908,CA,wetlands,57.0,high,high,0.522,0.488,16.825,4.807,353.066,134.6,92.694,276.706,37.616,-122.114,"Mediterranean: mild with dry, hot summer","Mediterranean, mild dry, hot",no
US-EDN,2018,7,-62.021,84.476,43.152,136.745,41.324,CA,wetlands,57.0,high,high,0.618,0.489,17.396,3.772,330.159,134.6,92.694,276.706,37.616,-122.114,"Mediterranean: mild with dry, hot summer","Mediterranean, mild dry, hot",no
US-EDN,2019,4,-32.115,78.003,46.255,101.795,31.748,CA,wetlands,57.0,high,high,0.766,0.407,15.035,4.182,272.368,134.6,92.694,276.706,37.616,-122.114,"Mediterranean: mild with dry, hot summer","Mediterranean, mild dry, hot",no
US-EDN,2019,5,-70.232,116.05,47.72,131.751,68.33,CA,wetlands,57.0,high,high,0.881,0.589,14.712,3.466,278.452,134.6,92.694,276.706,37.616,-122.114,"Mediterranean: mild with dry, hot summer","Mediterranean, mild dry, hot",no
US-EDN,2019,6,-82.6,128.174,54.73,165.231,73.444,CA,wetlands,57.0,high,high,0.776,0.573,18.818,6.148,335.688,134.6,92.694,276.706,37.616,-122.114,"Mediterranean: mild with dry, hot summer","Mediterranean, mild dry, hot",no
US-EDN,2019,7,-86.008,135.264,53.743,146.306,81.521,CA,wetlands,57.0,high,high,0.925,0.603,18.487,4.215,326.336,134.6,92.694,276.706,37.616,-122.114,"Mediterranean: mild with dry, hot summer","Mediterranean, mild dry, hot",no
US-EDN,2019,8,-58.443,115.645,60.257,133.608,55.389,CA,wetlands,57.0,high,high,0.866,0.479,20.35,5.206,293.9,134.6,92.694,276.706,37.616,-122.114,"Mediterranean: mild with dry, hot summer","Mediterranean, mild dry, hot",no
US-EDN,2019,9,-32.19,83.495,54.308,96.352,29.187,CA,wetlands,57.0,high,high,0.867,0.35,19.597,6.053,243.569,134.6,92.694,276.706,37.616,-122.114,"Mediterranean: mild with dry, hot summer","Mediterranean, mild dry, hot",no
US-EDN,2020,4,-43.364,78.488,38.737,94.133,39.751,CA,wetlands,57.0,high,high,0.834,0.506,14.395,3.87,246.216,134.6,92.694,276.706,37.616,-122.114,"Mediterranean: mild with dry, hot summer","Mediterranean, mild dry, hot",no
US-EDN,2020,5,-67.753,111.244,38.583,136.483,72.661,CA,wetlands,57.0,high,high,0.815,0.653,17.293,5.857,309.546,134.6,92.694,276.706,37.616,-122.114,"Mediterranean: mild with dry, hot summer","Mediterranean, mild dry, hot",no
US-EDN,2020,6,-67.777,113.015,49.468,153.029,63.546,CA,wetlands,57.0,high,high,0.739,0.562,18.473,5.828,348.351,134.6,92.694,276.706,37.616,-122.114,"Mediterranean: mild with dry, hot summer","Mediterranean, mild dry, hot",no
US-EDN,2020,7,-82.846,118.835,37.285,136.027,81.55,CA,wetlands,57.0,high,high,0.874,0.686,18.077,4.509,330.218,134.6,92.694,276.706,37.616,-122.114,"Mediterranean: mild with dry, hot summer","Mediterranean, mild dry, hot",no
US-EDN,2020,8,-54.428,110.02,56.037,115.897,53.983,CA,wetlands,57.0,high,high,0.949,0.491,19.18,5.603,270.598,134.6,92.694,276.706,37.616,-122.114,"Mediterranean: mild with dry, hot summer","Mediterranean, mild dry, hot",no
US-EDN,2020,9,-26.088,79.262,64.216,71.597,15.046,CA,wetlands,57.0,high,high,1.107,0.19,19.216,5.794,200.427,134.6,92.694,276.706,37.616,-122.114,"Mediterranean: mild with dry, hot summer","Mediterranean, mild dry, hot",no
US-EDN,2021,4,-46.241,68.711,25.729,93.505,42.982,CA,wetlands,57.0,high,high,0.735,0.626,12.527,3.791,277.006,134.6,92.694,276.706,37.616,-122.114,"Mediterranean: mild with dry, hot summer","Mediterranean, mild dry, hot",no
US-EDN,2021,5,-67.314,101.473,35.38,125.897,66.093,CA,wetlands,57.0,high,high,0.806,0.651,15.404,4.167,331.278,134.6,92.694,276.706,37.616,-122.114,"Mediterranean: mild with dry, hot summer","Mediterranean, mild dry, hot",no
US-EDN,2021,6,-44.284,69.129,27.949,70.11,41.179,CA,wetlands,57.0,high,high,0.986,0.596,16.12,4.443,350.199,134.6,92.694,276.706,37.616,-122.114,"Mediterranean: mild with dry, hot summer","Mediterranean, mild dry, hot",no
US-EKH,2023,4,-25.121,62.678,39.909,44.243,22.768,CA,wetlands,31.0,high,high,1.417,0.363,11.717,3.889,287.569,81.3,97.326,198.885,36.809,-121.752,"Mediterranean: mild with dry, warm summer","Mediterranean, mild dry, warm",no
US-EKH,2023,5,-34.56,81.073,45.494,59.031,35.579,CA,wetlands,31.0,high,high,1.373,0.439,12.622,3.215,277.91,81.3,97.326,198.885,36.809,-121.752,"Mediterranean: mild with dry, warm summer","Mediterranean, mild dry, warm",no
US-EKH,2023,6,-39.677,63.52,28.064,54.107,35.456,CA,wetlands,31.0,high,high,1.174,0.558,13.812,3.708,310.122,81.3,97.326,198.885,36.809,-121.752,"Mediterranean: mild with dry, warm summer","Mediterranean, mild dry, warm",no
US-EKH,2023,7,-33.449,47.638,23.198,32.106,24.44,CA,wetlands,31.0,high,high,1.484,0.513,14.902,4.735,334.709,81.3,97.326,198.885,36.809,-121.752,"Mediterranean: mild with dry, warm summer","Mediterranean, mild dry, warm",no
US-EKH,2024,4,-17.036,113.753,130.773,54.602,-17.02,CA,wetlands,31.0,high,high,2.083,-0.15,12.406,3.494,268.421,81.3,97.326,198.885,36.809,-121.752,"Mediterranean: mild with dry, warm summer","Mediterranean, mild dry, warm",no
US-EKH,2024,5,-31.441,70.811,33.541,62.002,37.27,CA,wetlands,31.0,high,high,1.142,0.526,12.295,3.759,311.217,81.3,97.326,198.885,36.809,-121.752,"Mediterranean: mild with dry, warm summer","Mediterranean, mild dry, warm",no
US-EKH,2024,6,-35.612,48.041,13.851,56.838,34.19,CA,wetlands,31.0,high,high,0.845,0.712,13.321,4.462,336.525,81.3,97.326,198.885,36.809,-121.752,"Mediterranean: mild with dry, warm summer","Mediterranean, mild dry, warm",no
US-EKH,2024,7,-3.65,16.628,8.495,27.808,8.133,CA,wetlands,31.0,high,high,0.598,0.489,14.332,5.238,343.105,81.3,97.326,198.885,36.809,-121.752,"Mediterranean: mild with dry, warm summer","Mediterranean, mild dry, warm",no
US-EKP,2022,7,-6.203,110.915,77.475,43.754,33.44,CA,wetlands,31.0,high,high,2.535,0.301,14.633,2.363,286.9,196.0,68.95,249.1,36.856,-121.749,"Mediterranean: mild with dry, warm summer","Mediterranean, mild dry, warm",no
US-EKP,2022,8,25.231,88.918,163.247,34.752,-74.329,CA,wetlands,31.0,high,high,2.559,-0.836,15.339,2.596,264.884,196.0,68.95,249.1,36.856,-121.749,"Mediterranean: mild with dry, warm summer","Mediterranean, mild dry, warm",no
US-EKP,2023,3,16.098,11.589,19.908,22.585,-8.32,CA,wetlands,31.0,high,high,0.513,-0.718,9.096,2.353,176.868,196.0,68.95,249.1,36.856,-121.749,"Mediterranean: mild with dry, warm summer","Mediterranean, mild dry, warm",no
US-EKP,2023,4,-0.483,108.724,107.732,83.753,0.992,CA,wetlands,31.0,high,high,1.298,0.009,10.133,3.326,266.687,196.0,68.95,249.1,36.856,-121.749,"Mediterranean: mild with dry, warm summer","Mediterranean, mild dry, warm",no
US-EKP,2023,5,-12.137,111.914,155.637,67.028,-43.724,CA,wetlands,31.0,high,high,1.67,-0.391,12.468,2.323,160.072,196.0,68.95,249.1,36.856,-121.749,"Mediterranean: mild with dry, warm summer","Mediterranean, mild dry, warm",no
US-EKP,2023,6,-97.801,230.701,140.15,68.014,90.55,CA,wetlands,31.0,high,high,3.392,0.393,13.725,2.639,242.363,196.0,68.95,249.1,36.856,-121.749,"Mediterranean: mild with dry, warm summer","Mediterranean, mild dry, warm",no
US-EKP,2023,7,-110.923,259.223,148.019,70.391,111.204,CA,wetlands,31.0,high,high,3.683,0.429,13.896,2.067,300.522,196.0,68.95,249.1,36.856,-121.749,"Mediterranean: mild with dry, warm summer","Mediterranean, mild dry, warm",no
US-EKP,2023,8,-43.998,223.319,141.27,55.496,82.05,CA,wetlands,31.0,high,high,4.024,0.367,16.34,2.971,256.075,196.0,68.95,249.1,36.856,-121.749,"Mediterranean: mild with dry, warm summer","Mediterranean, mild dry, warm",no
US-EKP,2024,3,22.974,53.435,64.247,40.275,-10.813,CA,wetlands,31.0,high,high,1.327,-0.202,11.391,3.074,211.633,196.0,68.95,249.1,36.856,-121.749,"Mediterranean: mild with dry, warm summer","Mediterranean, mild dry, warm",no
US-EKP,2024,4,1.957,118.147,101.486,66.653,16.661,CA,wetlands,31.0,high,high,1.773,0.141,11.6,2.774,263.068,196.0,68.95,249.1,36.856,-121.749,"Mediterranean: mild with dry, warm summer","Mediterranean, mild dry, warm",no
US-EKP,2024,5,-71.324,184.748,117.327,74.477,67.421,CA,wetlands,31.0,high,high,2.481,0.365,12.151,2.357,272.722,196.0,68.95,249.1,36.856,-121.749,"Mediterranean: mild with dry, warm summer","Mediterranean, mild dry, warm",no
US-EKP,2024,6,-99.804,247.056,153.865,73.032,93.191,CA,wetlands,31.0,high,high,3.383,0.377,13.538,2.519,295.574,196.0,68.95,249.1,36.856,-121.749,"Mediterranean: mild with dry, warm summer","Mediterranean, mild dry, warm",no
US-EKP,2024,7,-121.951,274.643,189.995,71.007,84.649,CA,wetlands,31.0,high,high,3.868,0.308,14.715,1.851,283.099,196.0,68.95,249.1,36.856,-121.749,"Mediterranean: mild with dry, warm summer","Mediterranean, mild dry, warm",no
US-EKP,2024,8,-67.067,122.472,53.485,39.039,68.987,CA,wetlands,31.0,high,high,3.137,0.563,14.71,1.985,286.472,196.0,68.95,249.1,36.856,-121.749,"Mediterranean: mild with dry, warm summer","Mediterranean, mild dry, warm",no
US-EvM,2020,4,0.148,23.303,19.294,133.309,4.009,FL,wetlands,9.0,low,low,0.175,0.172,27.039,9.919,301.961,62.0,82.602,177.409,25.354,-80.381,"Humid Subtropical: dry winter, hot summer","Humid Continental, dry, hot",yes
US-EvM,2020,5,20.264,12.091,32.661,142.693,-20.57,FL,wetlands,9.0,low,low,0.085,-1.701,26.178,7.499,253.131,62.0,82.602,177.409,25.354,-80.381,"Humid Subtropical: dry winter, hot summer","Humid Continental, dry, hot",yes
US-EvM,2020,6,0.456,16.252,19.942,137.565,-3.691,FL,wetlands,9.0,low,low,0.118,-0.227,28.682,6.718,228.802,62.0,82.602,177.409,25.354,-80.381,"Humid Subtropical: dry winter, hot summer","Humid Continental, dry, hot",yes
US-EvM,2021,3,1.145,11.645,14.48,22.461,-2.834,FL,wetlands,9.0,low,low,0.518,-0.243,25.732,7.334,286.538,62.0,82.602,177.409,25.354,-80.381,"Humid Subtropical: dry winter, hot summer","Humid Continental, dry, hot",yes
US-EvM,2021,4,6.693,26.351,32.034,124.581,-5.684,FL,wetlands,9.0,low,low,0.212,-0.216,24.84,9.043,277.914,62.0,82.602,177.409,25.354,-80.381,"Humid Subtropical: dry winter, hot summer","Humid Continental, dry, hot",yes
US-EvM,2021,5,1.231,29.255,31.789,140.832,-2.534,FL,wetlands,9.0,low,low,0.208,-0.087,26.817,10.1,286.848,62.0,82.602,177.409,25.354,-80.381,"Humid Subtropical: dry winter, hot summer","Humid Continental, dry, hot",yes
US-EvM,2021,6,7.007,23.768,33.233,113.284,-9.464,FL,wetlands,9.0,low,low,0.21,-0.398,28.123,8.036,244.319,62.0,82.602,177.409,25.354,-80.381,"Humid Subtropical: dry winter, hot summer","Humid Continental, dry, hot",yes
US-EvM,2022,3,1.112,6.655,4.184,27.169,2.47,FL,wetlands,9.0,low,low,0.245,0.371,22.934,10.196,274.803,62.0,82.602,177.409,25.354,-80.381,"Humid Subtropical: dry winter, hot summer","Humid Continental, dry, hot",yes
US-EvM,2022,4,5.891,27.021,24.656,123.743,2.366,FL,wetlands,9.0,low,low,0.218,0.088,25.313,8.788,270.813,62.0,82.602,177.409,25.354,-80.381,"Humid Subtropical: dry winter, hot summer","Humid Continental, dry, hot",yes
US-EvM,2022,5,2.132,23.813,20.924,153.243,2.889,FL,wetlands,9.0,low,low,0.155,0.121,27.077,8.99,283.212,62.0,82.602,177.409,25.354,-80.381,"Humid Subtropical: dry winter, hot summer","Humid Continental, dry, hot",yes
US-EvM,2022,6,-5.76,16.871,9.275,121.989,7.596,FL,wetlands,9.0,low,low,0.138,0.45,28.288,8.799,253.344,62.0,82.602,177.409,25.354,-80.381,"Humid Subtropical: dry winter, hot summer","Humid Continental, dry, hot",yes
US-EvM,2023,3,-2.983,6.705,2.25,34.251,4.455,FL,wetlands,9.0,low,low,0.196,0.664,25.522,7.815,263.813,62.0,82.602,177.409,25.354,-80.381,"Humid Subtropical: dry winter, hot summer","Humid Continental, dry, hot",yes
US-EvM,2023,4,-10.96,24.56,9.903,130.304,14.657,FL,wetlands,9.0,low,low,0.188,0.597,26.012,8.195,265.306,62.0,82.602,177.409,25.354,-80.381,"Humid Subtropical: dry winter, hot summer","Humid Continental, dry, hot",yes
US-EvM,2023,5,-8.923,27.6,16.373,149.722,11.227,FL,wetlands,9.0,low,low,0.184,0.407,26.49,9.171,270.801,62.0,82.602,177.409,25.354,-80.381,"Humid Subtropical: dry winter, hot summer","Humid Continental, dry, hot",yes
US-EvM,2023,6,-5.463,25.699,21.885,125.447,3.814,FL,wetlands,9.0,low,low,0.205,0.148,28.428,7.608,238.089,62.0,82.602,177.409,25.354,-80.381,"Humid Subtropical: dry winter, hot summer","Humid Continental, dry, hot",yes
US-HB1,2019,4,-25.442,77.17,40.691,72.938,36.479,SC,wetlands,28.0,upper med,med,1.058,0.473,21.349,6.651,279.053,173.2,99.157,270.729,33.346,-79.196,"Humid Subtropical: mild with no dry season, hot summer","Humid Continental, mild, hot",yes
US-HB1,2019,5,-67.281,147.722,78.968,129.133,68.754,SC,wetlands,28.0,upper med,med,1.144,0.465,26.237,8.518,295.941,173.2,99.157,270.729,33.346,-79.196,"Humid Subtropical: mild with no dry season, hot summer","Humid Continental, mild, hot",yes
US-HB1,2019,6,-10.843,133.218,78.348,124.547,54.87,SC,wetlands,28.0,upper med,med,1.07,0.412,27.475,7.62,269.981,173.2,99.157,270.729,33.346,-79.196,"Humid Subtropical: mild with no dry season, hot summer","Humid Continental, mild, hot",yes
US-HB1,2019,7,-1.259,116.221,79.916,128.782,36.305,SC,wetlands,28.0,upper med,med,0.902,0.312,29.043,7.726,271.575,173.2,99.157,270.729,33.346,-79.196,"Humid Subtropical: mild with no dry season, hot summer","Humid Continental, mild, hot",yes
US-HB1,2019,8,22.917,98.757,76.389,108.141,22.368,SC,wetlands,28.0,upper med,med,0.913,0.226,28.666,6.949,231.265,173.2,99.157,270.729,33.346,-79.196,"Humid Subtropical: mild with no dry season, hot summer","Humid Continental, mild, hot",yes
US-HB1,2019,9,-19.539,98.275,105.005,83.183,-6.73,SC,wetlands,28.0,upper med,med,1.181,-0.068,26.36,7.699,236.388,173.2,99.157,270.729,33.346,-79.196,"Humid Subtropical: mild with no dry season, hot summer","Humid Continental, mild, hot",yes
US-HB1,2020,4,-14.101,64.593,29.098,79.995,35.496,SC,wetlands,28.0,upper med,med,0.807,0.55,19.027,7.109,257.622,173.2,99.157,270.729,33.346,-79.196,"Humid Subtropical: mild with no dry season, hot summer","Humid Continental, mild, hot",yes
US-HB1,2020,5,-43.844,114.252,45.842,113.639,68.41,SC,wetlands,28.0,upper med,med,1.005,0.599,21.509,5.975,271.468,173.2,99.157,270.729,33.346,-79.196,"Humid Subtropical: mild with no dry season, hot summer","Humid Continental, mild, hot",yes
US-HB1,2020,6,-61.399,153.904,91.656,108.729,62.248,SC,wetlands,28.0,upper med,med,1.415,0.404,24.655,5.777,237.566,173.2,99.157,270.729,33.346,-79.196,"Humid Subtropical: mild with no dry season, hot summer","Humid Continental, mild, hot",yes
US-HB1,2020,7,-30.835,165.03,82.897,131.762,82.134,SC,wetlands,28.0,upper med,med,1.252,0.498,27.72,7.117,274.283,173.2,99.157,270.729,33.346,-79.196,"Humid Subtropical: mild with no dry season, hot summer","Humid Continental, mild, hot",yes
US-HB1,2020,8,-50.427,160.537,110.481,104.244,50.056,SC,wetlands,28.0,upper med,med,1.54,0.312,26.613,5.446,228.154,173.2,99.157,270.729,33.346,-79.196,"Humid Subtropical: mild with no dry season, hot summer","Humid Continental, mild, hot",yes
US-HB1,2020,9,-5.616,88.307,72.071,70.63,16.236,SC,wetlands,28.0,upper med,med,1.25,0.184,23.902,5.535,183.763,173.2,99.157,270.729,33.346,-79.196,"Humid Subtropical: mild with no dry season, hot summer","Humid Continental, mild, hot",yes
US-HB1,2021,4,0.506,57.327,25.255,66.173,32.073,SC,wetlands,28.0,upper med,med,0.866,0.559,18.61,7.066,274.291,173.2,99.157,270.729,33.346,-79.196,"Humid Subtropical: mild with no dry season, hot summer","Humid Continental, mild, hot",yes
US-HB1,2021,5,-54.82,132.217,53.857,114.805,78.359,SC,wetlands,28.0,upper med,med,1.152,0.593,21.166,7.575,297.097,173.2,99.157,270.729,33.346,-79.196,"Humid Subtropical: mild with no dry season, hot summer","Humid Continental, mild, hot",yes
US-HB1,2021,6,-50.532,160.735,83.644,101.218,77.091,SC,wetlands,28.0,upper med,med,1.588,0.48,24.973,5.565,229.918,173.2,99.157,270.729,33.346,-79.196,"Humid Subtropical: mild with no dry season, hot summer","Humid Continental, mild, hot",yes
US-HB1,2021,7,-63.583,179.793,109.342,107.731,70.45,SC,wetlands,28.0,upper med,med,1.669,0.392,26.24,6.296,239.709,173.2,99.157,270.729,33.346,-79.196,"Humid Subtropical: mild with no dry season, hot summer","Humid Continental, mild, hot",yes
US-HB1,2021,8,-52.974,165.152,92.66,89.222,72.491,SC,wetlands,28.0,upper med,med,1.851,0.439,26.267,5.153,217.499,173.2,99.157,270.729,33.346,-79.196,"Humid Subtropical: mild with no dry season, hot summer","Humid Continental, mild, hot",yes
US-HB1,2021,9,8.652,96.256,57.466,77.308,38.79,SC,wetlands,28.0,upper med,med,1.245,0.403,23.72,6.291,215.564,173.2,99.157,270.729,33.346,-79.196,"Humid Subtropical: mild with no dry season, hot summer","Humid Continental, mild, hot",yes
US-HB1,2022,4,-25.716,81.805,38.823,74.389,42.982,SC,wetlands,28.0,upper med,med,1.1,0.525,18.247,6.142,291.244,173.2,99.157,270.729,33.346,-79.196,"Humid Subtropical: mild with no dry season, hot summer","Humid Continental, mild, hot",yes
US-HB1,2022,5,-55.138,134.536,84.105,114.64,50.43,SC,wetlands,28.0,upper med,med,1.174,0.375,22.763,6.845,270.28,173.2,99.157,270.729,33.346,-79.196,"Humid Subtropical: mild with no dry season, hot summer","Humid Continental, mild, hot",yes
US-HB1,2022,6,-43.137,150.657,76.652,119.643,74.005,SC,wetlands,28.0,upper med,med,1.259,0.491,25.099,8.181,271.167,173.2,99.157,270.729,33.346,-79.196,"Humid Subtropical: mild with no dry season, hot summer","Humid Continental, mild, hot",yes
US-HB1,2022,7,-46.942,156.241,105.812,118.729,50.429,SC,wetlands,28.0,upper med,med,1.316,0.323,26.739,6.942,234.829,173.2,99.157,270.729,33.346,-79.196,"Humid Subtropical: mild with no dry season, hot summer","Humid Continental, mild, hot",yes
US-HB1,2022,8,-12.894,136.419,110.626,97.759,25.792,SC,wetlands,28.0,upper med,med,1.395,0.189,25.891,6.36,217.645,173.2,99.157,270.729,33.346,-79.196,"Humid Subtropical: mild with no dry season, hot summer","Humid Continental, mild, hot",yes
US-HB1,2022,9,17.11,78.095,65.342,87.476,12.753,SC,wetlands,28.0,upper med,med,0.893,0.163,24.69,7.914,225.902,173.2,99.157,270.729,33.346,-79.196,"Humid Subtropical: mild with no dry season, hot summer","Humid Continental, mild, hot",yes
US-HB2,2019,3,-83.472,162.692,80.269,54.649,82.423,SC,forest,28.0,upper med,med,2.977,0.507,14.107,8.989,204.874,216.8,62.5,296.6,33.324,-79.244,"Humid Subtropical: mild with no dry season, hot summer","Humid Continental, mild, hot",no
US-HB2,2019,4,-100.489,225.435,128.59,74.606,96.845,SC,forest,28.0,upper med,med,3.022,0.43,19.083,10.461,251.895,216.8,62.5,296.6,33.324,-79.244,"Humid Subtropical: mild with no dry season, hot summer","Humid Continental, mild, hot",no
US-HB2,2019,5,-103.619,267.845,161.715,87.335,106.13,SC,forest,28.0,upper med,med,3.067,0.396,24.861,13.356,297.784,216.8,62.5,296.6,33.324,-79.244,"Humid Subtropical: mild with no dry season, hot summer","Humid Continental, mild, hot",no
US-HB2,2019,6,-67.786,251.06,194.994,105.842,56.066,SC,forest,28.0,upper med,med,2.372,0.223,26.103,12.352,270.109,216.8,62.5,296.6,33.324,-79.244,"Humid Subtropical: mild with no dry season, hot summer","Humid Continental, mild, hot",no
US-HB2,2019,7,-54.084,264.047,191.727,103.757,72.32,SC,forest,28.0,upper med,med,2.545,0.274,27.582,13.044,272.45,216.8,62.5,296.6,33.324,-79.244,"Humid Subtropical: mild with no dry season, hot summer","Humid Continental, mild, hot",no
US-HB2,2019,8,-19.557,242.465,209.491,93.769,32.974,SC,forest,28.0,upper med,med,2.586,0.136,27.132,12.422,230.059,216.8,62.5,296.6,33.324,-79.244,"Humid Subtropical: mild with no dry season, hot summer","Humid Continental, mild, hot",no
US-HB2,2019,9,-7.951,234.599,193.498,76.865,41.101,SC,forest,28.0,upper med,med,3.052,0.175,26.001,12.387,234.006,216.8,62.5,296.6,33.324,-79.244,"Humid Subtropical: mild with no dry season, hot summer","Humid Continental, mild, hot",no
US-HB3,2019,4,0.387,24.293,19.923,7.479,4.37,SC,forest,28.0,upper med,med,3.248,0.18,20.348,7.489,282.062,155.0,115.523,294.552,33.348,-79.232,"Humid Subtropical: mild with no dry season, hot summer","Humid Continental, mild, hot",no
US-HB3,2019,5,14.431,154.812,133.916,51.532,20.896,SC,forest,28.0,upper med,med,3.004,0.135,24.062,8.322,287.272,155.0,115.523,294.552,33.348,-79.232,"Humid Subtropical: mild with no dry season, hot summer","Humid Continental, mild, hot",no
US-HB3,2019,6,22.247,192.971,211.964,85.36,-18.993,SC,forest,28.0,upper med,med,2.261,-0.098,25.232,6.934,262.525,155.0,115.523,294.552,33.348,-79.232,"Humid Subtropical: mild with no dry season, hot summer","Humid Continental, mild, hot",no
US-HB3,2019,7,-8.0,230.729,228.66,93.685,2.069,SC,forest,28.0,upper med,med,2.463,0.009,26.839,7.317,265.897,155.0,115.523,294.552,33.348,-79.232,"Humid Subtropical: mild with no dry season, hot summer","Humid Continental, mild, hot",no
US-HB3,2019,8,22.443,217.009,227.954,80.288,-10.945,SC,forest,28.0,upper med,med,2.703,-0.05,26.462,6.373,228.261,155.0,115.523,294.552,33.348,-79.232,"Humid Subtropical: mild with no dry season, hot summer","Humid Continental, mild, hot",no
US-HB3,2019,9,-8.759,185.141,158.62,72.48,26.521,SC,forest,28.0,upper med,med,2.554,0.143,24.866,6.116,229.883,155.0,115.523,294.552,33.348,-79.232,"Humid Subtropical: mild with no dry season, hot summer","Humid Continental, mild, hot",no
US-HB3,2020,4,-3.955,33.048,27.806,12.555,5.243,SC,forest,28.0,upper med,med,2.632,0.159,19.541,7.694,283.509,155.0,115.523,294.552,33.348,-79.232,"Humid Subtropical: mild with no dry season, hot summer","Humid Continental, mild, hot",no
US-HB3,2020,5,-21.332,183.959,159.594,69.356,24.366,SC,forest,28.0,upper med,med,2.652,0.132,20.795,6.119,264.871,155.0,115.523,294.552,33.348,-79.232,"Humid Subtropical: mild with no dry season, hot summer","Humid Continental, mild, hot",no
US-HB3,2020,6,8.291,239.797,238.129,85.176,1.668,SC,forest,28.0,upper med,med,2.815,0.007,24.053,5.783,235.902,155.0,115.523,294.552,33.348,-79.232,"Humid Subtropical: mild with no dry season, hot summer","Humid Continental, mild, hot",no
US-HB3,2020,7,-19.557,255.722,227.022,105.99,28.7,SC,forest,28.0,upper med,med,2.413,0.112,26.89,6.962,265.528,155.0,115.523,294.552,33.348,-79.232,"Humid Subtropical: mild with no dry season, hot summer","Humid Continental, mild, hot",no
US-HB3,2020,8,-18.214,268.68,279.929,91.596,-11.249,SC,forest,28.0,upper med,med,2.933,-0.042,26.231,5.226,214.028,155.0,115.523,294.552,33.348,-79.232,"Humid Subtropical: mild with no dry season, hot summer","Humid Continental, mild, hot",no
US-HB3,2020,9,-1.099,223.268,222.262,72.123,1.006,SC,forest,28.0,upper med,med,3.096,0.005,23.359,4.94,169.784,155.0,115.523,294.552,33.348,-79.232,"Humid Subtropical: mild with no dry season, hot summer","Humid Continental, mild, hot",no
US-HB3,2021,4,-3.01,19.646,15.85,5.61,3.796,SC,forest,28.0,upper med,med,3.502,0.193,20.417,8.714,308.902,155.0,115.523,294.552,33.348,-79.232,"Humid Subtropical: mild with no dry season, hot summer","Humid Continental, mild, hot",no
US-HB3,2021,5,-31.198,139.15,96.687,48.893,42.463,SC,forest,28.0,upper med,med,2.846,0.305,20.945,8.485,291.12,155.0,115.523,294.552,33.348,-79.232,"Humid Subtropical: mild with no dry season, hot summer","Humid Continental, mild, hot",no
US-HB3,2021,6,39.225,181.631,190.318,76.749,-8.687,SC,forest,28.0,upper med,med,2.367,-0.048,24.813,5.792,237.423,155.0,115.523,294.552,33.348,-79.232,"Humid Subtropical: mild with no dry season, hot summer","Humid Continental, mild, hot",no
US-HB3,2021,7,-9.349,240.129,217.603,94.795,22.526,SC,forest,28.0,upper med,med,2.533,0.094,25.86,6.121,243.193,155.0,115.523,294.552,33.348,-79.232,"Humid Subtropical: mild with no dry season, hot summer","Humid Continental, mild, hot",no
US-HB3,2021,8,20.682,249.876,253.642,94.224,-3.767,SC,forest,28.0,upper med,med,2.652,-0.015,25.908,4.937,213.047,155.0,115.523,294.552,33.348,-79.232,"Humid Subtropical: mild with no dry season, hot summer","Humid Continental, mild, hot",no
US-HB3,2021,9,-14.503,189.049,158.014,81.021,31.035,SC,forest,28.0,upper med,med,2.333,0.164,23.349,6.175,219.201,155.0,115.523,294.552,33.348,-79.232,"Humid Subtropical: mild with no dry season, hot summer","Humid Continental, mild, hot",no
US-HB3,2022,4,-4.997,25.359,17.646,10.435,7.713,SC,forest,28.0,upper med,med,2.43,0.304,18.289,7.268,316.509,155.0,115.523,294.552,33.348,-79.232,"Humid Subtropical: mild with no dry season, hot summer","Humid Continental, mild, hot",no
US-HB3,2022,5,-22.452,208.062,179.336,70.877,28.726,SC,forest,28.0,upper med,med,2.936,0.138,22.909,7.25,272.013,155.0,115.523,294.552,33.348,-79.232,"Humid Subtropical: mild with no dry season, hot summer","Humid Continental, mild, hot",no
US-HB3,2022,6,-19.534,234.596,215.025,82.222,19.572,SC,forest,28.0,upper med,med,2.853,0.083,25.279,8.0,271.287,155.0,115.523,294.552,33.348,-79.232,"Humid Subtropical: mild with no dry season, hot summer","Humid Continental, mild, hot",no
US-HB3,2022,7,42.819,214.621,248.886,91.406,-34.265,SC,forest,28.0,upper med,med,2.348,-0.16,26.973,6.427,234.455,155.0,115.523,294.552,33.348,-79.232,"Humid Subtropical: mild with no dry season, hot summer","Humid Continental, mild, hot",no
US-HB3,2022,8,34.463,230.892,243.946,85.227,-13.054,SC,forest,28.0,upper med,med,2.709,-0.057,25.724,5.714,216.55,155.0,115.523,294.552,33.348,-79.232,"Humid Subtropical: mild with no dry season, hot summer","Humid Continental, mild, hot",no
US-HB3,2022,9,-2.357,195.477,181.045,74.822,14.433,SC,forest,28.0,upper med,med,2.613,0.074,23.516,6.455,203.653,155.0,115.523,294.552,33.348,-79.232,"Humid Subtropical: mild with no dry season, hot summer","Humid Continental, mild, hot",no
US-HPY,2015,5,-9.301,38.319,26.067,18.439,12.252,NJ,wetlands,3.1,very low,low,2.078,0.32,22.799,11.491,274.558,114.2,143.772,279.387,40.769,-74.085,"Humid Subtropical: mild with no dry season, hot summer","Humid Continental, mild, hot",no
US-HPY,2015,6,-45.142,152.537,109.298,77.036,43.24,NJ,wetlands,3.1,very low,low,1.98,0.283,22.487,8.59,219.644,114.2,143.772,279.387,40.769,-74.085,"Humid Subtropical: mild with no dry season, hot summer","Humid Continental, mild, hot",no
US-HPY,2015,7,-49.69,169.576,123.638,97.797,45.938,NJ,wetlands,3.1,very low,low,1.734,0.271,25.764,12.256,249.397,114.2,143.772,279.387,40.769,-74.085,"Humid Subtropical: mild with no dry season, hot summer","Humid Continental, mild, hot",no
US-HPY,2015,8,-17.718,133.758,114.93,95.789,18.828,NJ,wetlands,3.1,very low,low,1.396,0.141,26.113,12.254,242.492,114.2,143.772,279.387,40.769,-74.085,"Humid Subtropical: mild with no dry season, hot summer","Humid Continental, mild, hot",no
US-HPY,2015,9,-10.621,120.354,111.626,66.892,8.729,NJ,wetlands,3.1,very low,low,1.799,0.073,23.302,9.489,187.324,114.2,143.772,279.387,40.769,-74.085,"Humid Subtropical: mild with no dry season, hot summer","Humid Continental, mild, hot",no
US-HPY,2016,5,-7.605,35.646,35.285,21.603,0.361,NJ,wetlands,3.1,very low,low,1.65,0.01,24.634,13.832,273.702,114.2,143.772,279.387,40.769,-74.085,"Humid Subtropical: mild with no dry season, hot summer","Humid Continental, mild, hot",no
US-HPY,2016,6,-53.203,172.182,135.88,100.883,36.302,NJ,wetlands,3.1,very low,low,1.707,0.211,22.721,12.525,272.646,114.2,143.772,279.387,40.769,-74.085,"Humid Subtropical: mild with no dry season, hot summer","Humid Continental, mild, hot",no
US-HPY,2016,7,-55.836,210.34,161.478,113.397,48.863,NJ,wetlands,3.1,very low,low,1.855,0.232,27.043,13.511,251.89,114.2,143.772,279.387,40.769,-74.085,"Humid Subtropical: mild with no dry season, hot summer","Humid Continental, mild, hot",no
US-HPY,2016,8,-35.651,177.133,150.866,105.105,26.267,NJ,wetlands,3.1,very low,low,1.685,0.148,27.662,14.253,231.851,114.2,143.772,279.387,40.769,-74.085,"Humid Subtropical: mild with no dry season, hot summer","Humid Continental, mild, hot",no
US-HPY,2016,9,-11.861,108.576,83.022,65.594,25.553,NJ,wetlands,3.1,very low,low,1.655,0.235,21.778,10.285,171.62,114.2,143.772,279.387,40.769,-74.085,"Humid Subtropical: mild with no dry season, hot summer","Humid Continental, mild, hot",no
US-HPY,2017,5,-10.416,41.258,35.051,18.334,6.207,NJ,wetlands,3.1,very low,low,2.25,0.15,16.962,5.498,165.337,114.2,143.772,279.387,40.769,-74.085,"Humid Subtropical: mild with no dry season, hot summer","Humid Continental, mild, hot",no
US-HPY,2017,6,-80.751,224.8,172.058,128.22,52.742,NJ,wetlands,3.1,very low,low,1.753,0.235,22.867,11.561,256.763,114.2,143.772,279.387,40.769,-74.085,"Humid Subtropical: mild with no dry season, hot summer","Humid Continental, mild, hot",no
US-HPY,2017,7,-68.006,201.124,147.59,130.061,53.534,NJ,wetlands,3.1,very low,low,1.546,0.266,24.972,11.639,232.861,114.2,143.772,279.387,40.769,-74.085,"Humid Subtropical: mild with no dry season, hot summer","Humid Continental, mild, hot",no
US-KS3,2018,5,-52.364,85.641,35.258,65.789,50.383,FL,wetlands,23.0,low med,med,1.302,0.588,24.321,4.981,194.355,140.6,124.4,296.7,28.708,-80.743,"Humid Subtropical: mild with no dry season, hot summer","Humid Continental, mild, hot",no
US-KS3,2018,6,-57.687,123.344,66.114,111.677,57.23,FL,wetlands,23.0,low med,med,1.104,0.464,26.526,6.248,270.424,140.6,124.4,296.7,28.708,-80.743,"Humid Subtropical: mild with no dry season, hot summer","Humid Continental, mild, hot",no
US-KS3,2018,7,-93.0,174.681,86.758,104.074,87.924,FL,wetlands,23.0,low med,med,1.678,0.503,27.32,6.901,256.74,140.6,124.4,296.7,28.708,-80.743,"Humid Subtropical: mild with no dry season, hot summer","Humid Continental, mild, hot",no
US-KS3,2018,8,-111.145,170.523,60.868,108.285,109.655,FL,wetlands,23.0,low med,med,1.575,0.643,27.445,6.225,254.296,140.6,124.4,296.7,28.708,-80.743,"Humid Subtropical: mild with no dry season, hot summer","Humid Continental, mild, hot",no
US-KS3,2018,9,-83.902,174.323,82.573,86.674,91.75,FL,wetlands,23.0,low med,med,2.011,0.526,27.962,7.392,253.885,140.6,124.4,296.7,28.708,-80.743,"Humid Subtropical: mild with no dry season, hot summer","Humid Continental, mild, hot",no
US-KS4,2017,4,-37.861,122.087,82.49,71.935,39.598,FL,wetlands,23.0,low med,med,1.697,0.324,23.442,16.967,284.692,108.6,83.46,273.404,28.6,-80.721,"Humid Subtropical: dry winter, hot summer","Humid Continental, dry, hot",no
US-KS4,2017,5,12.43,63.858,53.831,28.358,10.027,FL,wetlands,23.0,low med,med,2.252,0.157,26.838,14.474,312.552,108.6,83.46,273.404,28.6,-80.721,"Humid Subtropical: dry winter, hot summer","Humid Continental, dry, hot",no
US-KS4,2017,6,-19.766,142.182,136.525,70.218,5.657,FL,wetlands,23.0,low med,med,2.025,0.04,27.394,5.994,204.711,108.6,83.46,273.404,28.6,-80.721,"Humid Subtropical: dry winter, hot summer","Humid Continental, dry, hot",no
US-KS4,2017,7,-7.826,167.61,158.43,92.019,9.18,FL,wetlands,23.0,low med,med,1.821,0.055,28.615,8.923,239.419,108.6,83.46,273.404,28.6,-80.721,"Humid Subtropical: dry winter, hot summer","Humid Continental, dry, hot",no
US-KS4,2017,8,-20.449,173.821,145.27,104.248,28.551,FL,wetlands,23.0,low med,med,1.667,0.164,28.534,7.966,228.607,108.6,83.46,273.404,28.6,-80.721,"Humid Subtropical: dry winter, hot summer","Humid Continental, dry, hot",no
US-KS4,2017,9,-55.679,178.261,146.985,99.163,31.276,FL,wetlands,23.0,low med,med,1.798,0.175,30.264,12.486,208.329,108.6,83.46,273.404,28.6,-80.721,"Humid Subtropical: dry winter, hot summer","Humid Continental, dry, hot",no
US-KS4,2018,3,1.973,14.505,14.195,10.482,0.31,FL,wetlands,23.0,low med,med,1.384,0.021,22.033,8.362,231.365,108.6,83.46,273.404,28.6,-80.721,"Humid Subtropical: dry winter, hot summer","Humid Continental, dry, hot",no
US-KS4,2018,4,11.16,77.594,82.67,66.742,-5.076,FL,wetlands,23.0,low med,med,1.163,-0.065,22.975,8.673,257.806,108.6,83.46,273.404,28.6,-80.721,"Humid Subtropical: dry winter, hot summer","Humid Continental, dry, hot",no
US-KS4,2018,5,12.025,84.379,94.92,71.075,-10.541,FL,wetlands,23.0,low med,med,1.187,-0.125,24.607,7.667,202.729,108.6,83.46,273.404,28.6,-80.721,"Humid Subtropical: dry winter, hot summer","Humid Continental, dry, hot",no
US-KS4,2018,6,6.737,83.676,83.881,96.22,-0.206,FL,wetlands,23.0,low med,med,0.87,-0.002,27.683,9.191,264.083,108.6,83.46,273.404,28.6,-80.721,"Humid Subtropical: dry winter, hot summer","Humid Continental, dry, hot",no
US-KS4,2018,7,-14.799,148.634,138.061,100.606,10.573,FL,wetlands,23.0,low med,med,1.477,0.071,28.398,9.344,248.146,108.6,83.46,273.404,28.6,-80.721,"Humid Subtropical: dry winter, hot summer","Humid Continental, dry, hot",no
US-KS4,2018,8,-31.794,193.062,166.65,96.264,26.412,FL,wetlands,23.0,low med,med,2.006,0.137,28.492,8.918,253.894,108.6,83.46,273.404,28.6,-80.721,"Humid Subtropical: dry winter, hot summer","Humid Continental, dry, hot",no
US-KS4,2018,9,-41.448,211.237,173.294,86.728,37.943,FL,wetlands,23.0,low med,med,2.436,0.18,28.539,8.889,230.602,108.6,83.46,273.404,28.6,-80.721,"Humid Subtropical: dry winter, hot summer","Humid Continental, dry, hot",no
US-KS4,2019,3,-10.471,25.603,14.278,19.952,11.325,FL,wetlands,23.0,low med,med,1.283,0.442,21.4,6.37,241.216,108.6,83.46,273.404,28.6,-80.721,"Humid Subtropical: dry winter, hot summer","Humid Continental, dry, hot",no
US-KS4,2019,4,-36.92,112.689,65.603,79.534,47.085,FL,wetlands,23.0,low med,med,1.417,0.418,23.351,6.895,259.633,108.6,83.46,273.404,28.6,-80.721,"Humid Subtropical: dry winter, hot summer","Humid Continental, dry, hot",no
US-KS4,2019,5,-43.602,163.422,142.348,89.481,21.074,FL,wetlands,23.0,low med,med,1.826,0.129,26.123,7.578,278.884,108.6,83.46,273.404,28.6,-80.721,"Humid Subtropical: dry winter, hot summer","Humid Continental, dry, hot",no
US-KS4,2019,6,-18.851,166.277,154.391,102.628,11.886,FL,wetlands,23.0,low med,med,1.62,0.071,27.776,5.428,236.016,108.6,83.46,273.404,28.6,-80.721,"Humid Subtropical: dry winter, hot summer","Humid Continental, dry, hot",no
US-KS4,2019,7,-26.329,171.615,144.173,102.572,27.442,FL,wetlands,23.0,low med,med,1.673,0.16,28.659,7.758,239.679,108.6,83.46,273.404,28.6,-80.721,"Humid Subtropical: dry winter, hot summer","Humid Continental, dry, hot",no
US-KS4,2019,8,-23.809,170.688,158.602,102.227,12.086,FL,wetlands,23.0,low med,med,1.67,0.071,28.527,4.115,226.297,108.6,83.46,273.404,28.6,-80.721,"Humid Subtropical: dry winter, hot summer","Humid Continental, dry, hot",no
US-KS4,2019,9,-46.314,181.084,142.8,84.74,38.285,FL,wetlands,23.0,low med,med,2.137,0.211,31.509,13.762,237.042,108.6,83.46,273.404,28.6,-80.721,"Humid Subtropical: dry winter, hot summer","Humid Continental, dry, hot",no
US-KS4,2020,3,-2.886,38.158,33.446,17.32,4.712,FL,wetlands,23.0,low med,med,2.203,0.123,26.138,7.52,251.688,108.6,83.46,273.404,28.6,-80.721,"Humid Subtropical: dry winter, hot summer","Humid Continental, dry, hot",no
US-KS4,2020,4,-24.223,136.07,110.187,82.667,25.883,FL,wetlands,23.0,low med,med,1.646,0.19,23.697,7.406,225.381,108.6,83.46,273.404,28.6,-80.721,"Humid Subtropical: dry winter, hot summer","Humid Continental, dry, hot",no
US-KS4,2020,5,-40.312,158.868,130.253,83.312,28.615,FL,wetlands,23.0,low med,med,1.907,0.18,25.018,8.091,264.995,108.6,83.46,273.404,28.6,-80.721,"Humid Subtropical: dry winter, hot summer","Humid Continental, dry, hot",no
US-KS4,2020,6,-41.949,185.464,153.071,99.365,32.393,FL,wetlands,23.0,low med,med,1.866,0.175,27.663,7.473,238.009,108.6,83.46,273.404,28.6,-80.721,"Humid Subtropical: dry winter, hot summer","Humid Continental, dry, hot",no
US-KS4,2020,7,-35.48,208.808,172.108,113.786,36.7,FL,wetlands,23.0,low med,med,1.835,0.176,28.421,7.475,234.194,108.6,83.46,273.404,28.6,-80.721,"Humid Subtropical: dry winter, hot summer","Humid Continental, dry, hot",no
US-KS4,2020,8,-41.638,177.857,119.895,103.706,57.962,FL,wetlands,23.0,low med,med,1.715,0.326,32.421,6.573,251.836,108.6,83.46,273.404,28.6,-80.721,"Humid Subtropical: dry winter, hot summer","Humid Continental, dry, hot",no
US-KS4,2020,9,-68.487,150.424,54.693,96.739,95.731,FL,wetlands,23.0,low med,med,1.555,0.636,29.149,5.366,209.891,108.6,83.46,273.404,28.6,-80.721,"Humid Subtropical: dry winter, hot summer","Humid Continental, dry, hot",no
US-KS4,2021,3,-10.324,45.092,32.543,13.463,12.549,FL,wetlands,23.0,low med,med,3.349,0.278,25.782,6.25,252.871,108.6,83.46,273.404,28.6,-80.721,"Humid Subtropical: dry winter, hot summer","Humid Continental, dry, hot",no
US-KS4,2021,4,-65.405,157.238,94.78,84.802,62.458,FL,wetlands,23.0,low med,med,1.854,0.397,22.413,5.968,240.349,108.6,83.46,273.404,28.6,-80.721,"Humid Subtropical: dry winter, hot summer","Humid Continental, dry, hot",no
US-KS4,2021,5,-46.505,212.894,156.076,102.887,56.818,FL,wetlands,23.0,low med,med,2.069,0.267,25.527,7.201,289.282,108.6,83.46,273.404,28.6,-80.721,"Humid Subtropical: dry winter, hot summer","Humid Continental, dry, hot",no
US-KS4,2021,6,-31.6,201.376,169.459,94.399,31.916,FL,wetlands,23.0,low med,med,2.133,0.158,27.242,4.604,228.566,108.6,83.46,273.404,28.6,-80.721,"Humid Subtropical: dry winter, hot summer","Humid Continental, dry, hot",no
US-KS4,2021,7,-54.771,230.861,227.73,117.948,3.131,FL,wetlands,23.0,low med,med,1.957,0.014,30.881,7.246,237.349,108.6,83.46,273.404,28.6,-80.721,"Humid Subtropical: dry winter, hot summer","Humid Continental, dry, hot",no
US-KS4,2021,8,-26.674,221.725,208.563,109.172,13.162,FL,wetlands,23.0,low med,med,2.031,0.059,29.537,2.308,223.245,108.6,83.46,273.404,28.6,-80.721,"Humid Subtropical: dry winter, hot summer","Humid Continental, dry, hot",no
US-KS4,2021,9,-49.33,205.075,172.933,98.561,32.142,FL,wetlands,23.0,low med,med,2.081,0.157,27.472,6.934,215.272,108.6,83.46,273.404,28.6,-80.721,"Humid Subtropical: dry winter, hot summer","Humid Continental, dry, hot",no
US-KS4,2022,3,-11.738,31.768,18.719,21.845,13.049,FL,wetlands,23.0,low med,med,1.454,0.411,22.662,7.11,270.013,108.6,83.46,273.404,28.6,-80.721,"Humid Subtropical: dry winter, hot summer","Humid Continental, dry, hot",no
US-KS4,2022,4,-10.866,17.455,6.193,12.914,11.262,FL,wetlands,23.0,low med,med,1.352,0.645,21.932,5.129,203.384,108.6,83.46,273.404,28.6,-80.721,"Humid Subtropical: dry winter, hot summer","Humid Continental, dry, hot",no
US-LA1,2012,3,2.968,43.025,64.364,28.368,-21.339,LA,wetlands,4.6,low,low,1.517,-0.496,26.618,15.182,216.693,181.2,70.6,273.0,29.501,-90.445,"Humid Subtropical: mild with no dry season, hot summer","Humid Continental, mild, hot",no
US-LA1,2012,4,1.8,56.57,64.228,40.248,-7.659,LA,wetlands,4.6,low,low,1.406,-0.135,24.871,13.434,261.001,181.2,70.6,273.0,29.501,-90.445,"Humid Subtropical: mild with no dry season, hot summer","Humid Continental, mild, hot",no
US-LA1,2012,5,-3.268,75.212,92.13,47.197,-16.918,LA,wetlands,4.6,low,low,1.594,-0.225,26.934,17.857,270.308,181.2,70.6,273.0,29.501,-90.445,"Humid Subtropical: mild with no dry season, hot summer","Humid Continental, mild, hot",no
US-LA1,2012,6,-3.147,78.051,90.11,53.018,-12.059,LA,wetlands,4.6,low,low,1.472,-0.155,31.296,23.624,272.017,181.2,70.6,273.0,29.501,-90.445,"Humid Subtropical: mild with no dry season, hot summer","Humid Continental, mild, hot",no
US-LA1,2012,7,8.566,80.831,102.255,48.524,-21.424,LA,wetlands,4.6,low,low,1.666,-0.265,28.49,12.806,231.832,181.2,70.6,273.0,29.501,-90.445,"Humid Subtropical: mild with no dry season, hot summer","Humid Continental, mild, hot",no
US-LA1,2012,8,0.357,57.94,64.004,44.489,-6.064,LA,wetlands,4.6,low,low,1.302,-0.105,28.578,12.624,207.484,181.2,70.6,273.0,29.501,-90.445,"Humid Subtropical: mild with no dry season, hot summer","Humid Continental, mild, hot",no
US-LA1,2012,9,3.096,50.658,59.744,53.776,-9.086,LA,wetlands,4.6,low,low,0.942,-0.179,26.652,10.36,222.374,181.2,70.6,273.0,29.501,-90.445,"Humid Subtropical: mild with no dry season, hot summer","Humid Continental, mild, hot",no
US-LA2,2012,3,-39.232,128.504,95.15,41.385,33.354,LA,wetlands,0.2,very low,low,3.105,0.26,23.262,11.217,199.61,159.8,64.882,298.016,29.859,-90.287,"Humid Subtropical: mild with no dry season, hot summer","Humid Continental, mild, hot",no
US-LA2,2012,4,-91.42,209.069,118.319,66.706,90.75,LA,wetlands,0.2,very low,low,3.134,0.434,22.912,10.217,255.15,159.8,64.882,298.016,29.859,-90.287,"Humid Subtropical: mild with no dry season, hot summer","Humid Continental, mild, hot",no
US-LA2,2012,5,-85.808,244.381,142.754,79.469,101.627,LA,wetlands,0.2,very low,low,3.075,0.416,26.157,13.498,261.912,159.8,64.882,298.016,29.859,-90.287,"Humid Subtropical: mild with no dry season, hot summer","Humid Continental, mild, hot",no
US-LA2,2012,6,-82.445,268.564,194.256,76.906,74.307,LA,wetlands,0.2,very low,low,3.492,0.277,29.546,17.423,267.253,159.8,64.882,298.016,29.859,-90.287,"Humid Subtropical: mild with no dry season, hot summer","Humid Continental, mild, hot",no
US-LA2,2012,7,-67.541,197.947,115.361,66.991,82.586,LA,wetlands,0.2,very low,low,2.955,0.417,27.709,10.533,222.638,159.8,64.882,298.016,29.859,-90.287,"Humid Subtropical: mild with no dry season, hot summer","Humid Continental, mild, hot",no
US-LA2,2012,8,-40.148,138.299,95.489,58.792,42.81,LA,wetlands,0.2,very low,low,2.352,0.31,27.424,9.0,205.083,159.8,64.882,298.016,29.859,-90.287,"Humid Subtropical: mild with no dry season, hot summer","Humid Continental, mild, hot",no
US-LA2,2012,9,-8.448,116.866,91.443,68.152,25.423,LA,wetlands,0.2,very low,low,1.715,0.218,26.516,9.562,214.473,159.8,64.882,298.016,29.859,-90.287,"Humid Subtropical: mild with no dry season, hot summer","Humid Continental, mild, hot",no
US-LA2,2013,3,24.029,26.562,46.397,33.652,-19.836,LA,wetlands,0.2,very low,low,0.789,-0.747,16.836,7.692,228.496,159.8,64.882,298.016,29.859,-90.287,"Humid Subtropical: mild with no dry season, hot summer","Humid Continental, mild, hot",no
US-LA2,2013,4,-26.381,117.292,97.776,34.697,19.516,LA,wetlands,0.2,very low,low,3.38,0.166,22.503,9.261,205.633,159.8,64.882,298.016,29.859,-90.287,"Humid Subtropical: mild with no dry season, hot summer","Humid Continental, mild, hot",no
US-LA2,2013,5,-121.338,244.535,121.552,61.597,122.983,LA,wetlands,0.2,very low,low,3.97,0.503,24.608,10.418,253.745,159.8,64.882,298.016,29.859,-90.287,"Humid Subtropical: mild with no dry season, hot summer","Humid Continental, mild, hot",no
US-LA2,2013,6,-108.159,294.261,199.3,77.527,94.961,LA,wetlands,0.2,very low,low,3.796,0.323,29.571,13.527,256.71,159.8,64.882,298.016,29.859,-90.287,"Humid Subtropical: mild with no dry season, hot summer","Humid Continental, mild, hot",no
US-LA2,2013,7,-77.057,251.187,178.93,62.765,72.257,LA,wetlands,0.2,very low,low,4.002,0.288,28.623,11.271,232.632,159.8,64.882,298.016,29.859,-90.287,"Humid Subtropical: mild with no dry season, hot summer","Humid Continental, mild, hot",no
US-LA2,2013,8,-30.72,204.693,168.924,62.604,35.769,LA,wetlands,0.2,very low,low,3.27,0.175,28.741,12.019,221.53,159.8,64.882,298.016,29.859,-90.287,"Humid Subtropical: mild with no dry season, hot summer","Humid Continental, mild, hot",no
US-LA2,2013,9,-17.171,172.981,175.297,58.419,-2.316,LA,wetlands,0.2,very low,low,2.961,-0.013,28.485,13.26,208.787,159.8,64.882,298.016,29.859,-90.287,"Humid Subtropical: mild with no dry season, hot summer","Humid Continental, mild, hot",no
US-LA2,2021,4,-169.104,146.752,60.389,89.028,86.362,LA,wetlands,0.2,very low,low,1.648,0.588,20.869,6.364,268.29,159.8,64.882,298.016,29.859,-90.287,"Humid Subtropical: mild with no dry season, hot summer","Humid Continental, mild, hot",no
US-LA2,2021,5,-113.814,291.655,169.411,109.217,122.244,LA,wetlands,0.2,very low,low,2.67,0.419,25.033,7.011,265.964,159.8,64.882,298.016,29.859,-90.287,"Humid Subtropical: mild with no dry season, hot summer","Humid Continental, mild, hot",no
US-LA2,2021,6,-113.882,269.984,175.378,124.523,94.606,LA,wetlands,0.2,very low,low,2.168,0.35,27.265,5.753,226.475,159.8,64.882,298.016,29.859,-90.287,"Humid Subtropical: mild with no dry season, hot summer","Humid Continental, mild, hot",no
US-LA2,2021,7,-46.743,264.474,213.804,114.486,50.67,LA,wetlands,0.2,very low,low,2.31,0.192,27.426,5.479,221.998,159.8,64.882,298.016,29.859,-90.287,"Humid Subtropical: mild with no dry season, hot summer","Humid Continental, mild, hot",no
US-LA2,2021,8,12.194,195.166,197.341,116.329,-2.174,LA,wetlands,0.2,very low,low,1.678,-0.011,27.478,6.27,224.21,159.8,64.882,298.016,29.859,-90.287,"Humid Subtropical: mild with no dry season, hot summer","Humid Continental, mild, hot",no
US-LA2,2021,9,5.767,125.723,119.95,94.625,5.773,LA,wetlands,0.2,very low,low,1.329,0.046,25.774,5.892,199.69,159.8,64.882,298.016,29.859,-90.287,"Humid Subtropical: mild with no dry season, hot summer","Humid Continental, mild, hot",no
US-LA2,2022,3,-8.152,87.337,56.153,97.257,31.184,LA,wetlands,0.2,very low,low,0.898,0.357,17.695,6.007,242.588,159.8,64.882,298.016,29.859,-90.287,"Humid Subtropical: mild with no dry season, hot summer","Humid Continental, mild, hot",no
US-LA2,2022,4,-88.683,229.335,128.371,107.731,100.964,LA,wetlands,0.2,very low,low,2.129,0.44,21.515,7.41,271.521,159.8,64.882,298.016,29.859,-90.287,"Humid Subtropical: mild with no dry season, hot summer","Humid Continental, mild, hot",no
US-LA2,2022,5,-169.832,384.965,222.401,147.549,162.564,LA,wetlands,0.2,very low,low,2.609,0.422,25.874,7.888,282.272,159.8,64.882,298.016,29.859,-90.287,"Humid Subtropical: mild with no dry season, hot summer","Humid Continental, mild, hot",no
US-LA2,2022,6,-113.44,342.238,234.816,155.598,107.423,LA,wetlands,0.2,very low,low,2.2,0.314,28.335,9.145,283.587,159.8,64.882,298.016,29.859,-90.287,"Humid Subtropical: mild with no dry season, hot summer","Humid Continental, mild, hot",no
US-LA2,2022,7,-2.688,359.887,354.114,132.422,5.773,LA,wetlands,0.2,very low,low,2.718,0.016,27.79,6.516,243.914,159.8,64.882,298.016,29.859,-90.287,"Humid Subtropical: mild with no dry season, hot summer","Humid Continental, mild, hot",no
US-LA2,2022,8,-23.303,273.678,250.783,102.224,22.895,LA,wetlands,0.2,very low,low,2.677,0.084,27.01,5.078,198.066,159.8,64.882,298.016,29.859,-90.287,"Humid Subtropical: mild with no dry season, hot summer","Humid Continental, mild, hot",no
US-LA2,2022,9,-19.002,239.366,235.321,115.495,4.046,LA,wetlands,0.2,very low,low,2.073,0.017,25.981,8.753,246.627,159.8,64.882,298.016,29.859,-90.287,"Humid Subtropical: mild with no dry season, hot summer","Humid Continental, mild, hot",no
US-LA2,2023,4,-160.831,388.439,216.083,131.048,172.357,LA,wetlands,0.2,very low,low,2.964,0.444,23.029,7.338,261.788,159.8,64.882,298.016,29.859,-90.287,"Humid Subtropical: mild with no dry season, hot summer","Humid Continental, mild, hot",no
US-LA2,2023,5,-162.518,351.676,213.519,134.034,138.157,LA,wetlands,0.2,very low,low,2.624,0.393,24.868,6.229,262.962,159.8,64.882,298.016,29.859,-90.287,"Humid Subtropical: mild with no dry season, hot summer","Humid Continental, mild, hot",no
US-LA2,2023,6,1.226,134.224,123.495,37.885,10.729,LA,wetlands,0.2,very low,low,3.543,0.08,28.589,9.423,290.028,159.8,64.882,298.016,29.859,-90.287,"Humid Subtropical: mild with no dry season, hot summer","Humid Continental, mild, hot",no
US-LA2,2023,8,10.987,173.315,135.402,72.882,37.913,LA,wetlands,0.2,very low,low,2.378,0.219,27.774,9.143,262.451,159.8,64.882,298.016,29.859,-90.287,"Humid Subtropical: mild with no dry season, hot summer","Humid Continental, mild, hot",no
US-LA2,2023,9,4.427,216.416,191.575,110.184,24.841,LA,wetlands,0.2,very low,low,1.964,0.115,26.666,9.894,235.699,159.8,64.882,298.016,29.859,-90.287,"Humid Subtropical: mild with no dry season, hot summer","Humid Continental, mild, hot",no
US-LA3,2020,3,-62.623,182.185,117.129,62.72,65.056,LA,wetlands,15.0,low med,med,2.905,0.357,21.299,3.256,221.825,264.8,60.52,305.614,29.494,-89.915,"Humid Subtropical: mild with no dry season, hot summer","Humid Continental, mild, hot",no
US-LA3,2020,4,-61.908,189.438,117.819,90.363,71.619,LA,wetlands,15.0,low med,med,2.096,0.378,21.604,5.687,231.319,264.8,60.52,305.614,29.494,-89.915,"Humid Subtropical: mild with no dry season, hot summer","Humid Continental, mild, hot",no
US-LA3,2020,5,-78.672,221.919,133.905,107.916,88.014,LA,wetlands,15.0,low med,med,2.056,0.397,24.532,7.478,289.92,264.8,60.52,305.614,29.494,-89.915,"Humid Subtropical: mild with no dry season, hot summer","Humid Continental, mild, hot",no
US-LA3,2020,6,-31.48,241.869,196.581,101.155,45.289,LA,wetlands,15.0,low med,med,2.391,0.187,27.318,8.026,246.944,264.8,60.52,305.614,29.494,-89.915,"Humid Subtropical: mild with no dry season, hot summer","Humid Continental, mild, hot",no
US-LA3,2020,7,-22.972,241.526,233.001,103.704,8.525,LA,wetlands,15.0,low med,med,2.329,0.035,27.987,6.644,215.567,264.8,60.52,305.614,29.494,-89.915,"Humid Subtropical: mild with no dry season, hot summer","Humid Continental, mild, hot",no
US-LA3,2021,4,-156.951,201.369,95.112,95.602,106.256,LA,wetlands,15.0,low med,med,2.106,0.528,20.598,5.632,244.842,264.8,60.52,305.614,29.494,-89.915,"Humid Subtropical: mild with no dry season, hot summer","Humid Continental, mild, hot",no
US-LA3,2021,5,-81.011,249.8,150.345,94.9,99.455,LA,wetlands,15.0,low med,med,2.632,0.398,24.531,7.072,251.315,264.8,60.52,305.614,29.494,-89.915,"Humid Subtropical: mild with no dry season, hot summer","Humid Continental, mild, hot",no
US-LA3,2021,6,-50.457,241.138,201.221,87.954,39.917,LA,wetlands,15.0,low med,med,2.742,0.166,27.033,6.475,240.92,264.8,60.52,305.614,29.494,-89.915,"Humid Subtropical: mild with no dry season, hot summer","Humid Continental, mild, hot",no
US-LA3,2021,7,-81.05,252.431,160.458,99.098,91.973,LA,wetlands,15.0,low med,med,2.547,0.364,27.909,7.312,227.117,264.8,60.52,305.614,29.494,-89.915,"Humid Subtropical: mild with no dry season, hot summer","Humid Continental, mild, hot",no
US-LA3,2021,8,-61.372,246.832,189.682,104.26,57.15,LA,wetlands,15.0,low med,med,2.367,0.232,28.454,8.469,234.046,264.8,60.52,305.614,29.494,-89.915,"Humid Subtropical: mild with no dry season, hot summer","Humid Continental, mild, hot",no
US-LA3,2021,9,-80.95,229.841,199.493,102.266,30.348,LA,wetlands,15.0,low med,med,2.247,0.132,26.144,7.188,191.94,264.8,60.52,305.614,29.494,-89.915,"Humid Subtropical: mild with no dry season, hot summer","Humid Continental, mild, hot",no
US-LA3,2022,3,-28.844,99.465,62.718,66.081,36.747,LA,wetlands,15.0,low med,med,1.505,0.369,18.207,5.052,239.607,264.8,60.52,305.614,29.494,-89.915,"Humid Subtropical: mild with no dry season, hot summer","Humid Continental, mild, hot",no
US-LA3,2022,4,-42.542,150.424,100.097,84.922,50.327,LA,wetlands,15.0,low med,med,1.771,0.335,21.936,6.576,262.606,264.8,60.52,305.614,29.494,-89.915,"Humid Subtropical: mild with no dry season, hot summer","Humid Continental, mild, hot",no
US-LA3,2022,5,-53.427,192.147,129.646,94.598,62.501,LA,wetlands,15.0,low med,med,2.031,0.325,26.24,7.633,265.315,264.8,60.52,305.614,29.494,-89.915,"Humid Subtropical: mild with no dry season, hot summer","Humid Continental, mild, hot",no
US-LA3,2022,6,-40.247,206.066,155.639,112.154,50.426,LA,wetlands,15.0,low med,med,1.837,0.245,28.978,10.165,270.587,264.8,60.52,305.614,29.494,-89.915,"Humid Subtropical: mild with no dry season, hot summer","Humid Continental, mild, hot",no
US-LA3,2022,7,-73.223,260.693,189.051,111.738,71.642,LA,wetlands,15.0,low med,med,2.333,0.275,28.474,8.128,248.35,264.8,60.52,305.614,29.494,-89.915,"Humid Subtropical: mild with no dry season, hot summer","Humid Continental, mild, hot",no
US-LA3,2022,8,-64.163,219.832,125.525,98.391,94.306,LA,wetlands,15.0,low med,med,2.234,0.429,27.819,7.228,194.016,264.8,60.52,305.614,29.494,-89.915,"Humid Subtropical: mild with no dry season, hot summer","Humid Continental, mild, hot",no
US-LA3,2022,9,-73.801,224.608,160.734,109.044,63.874,LA,wetlands,15.0,low med,med,2.06,0.284,26.842,9.596,232.181,264.8,60.52,305.614,29.494,-89.915,"Humid Subtropical: mild with no dry season, hot summer","Humid Continental, mild, hot",no
US-LA3,2023,3,-102.569,223.416,123.954,71.82,99.462,LA,wetlands,15.0,low med,med,3.111,0.445,19.426,4.563,211.481,264.8,60.52,305.614,29.494,-89.915,"Humid Subtropical: mild with no dry season, hot summer","Humid Continental, mild, hot",no
US-LA3,2023,4,-122.899,268.98,165.677,88.301,103.303,LA,wetlands,15.0,low med,med,3.046,0.384,21.422,5.332,228.804,264.8,60.52,305.614,29.494,-89.915,"Humid Subtropical: mild with no dry season, hot summer","Humid Continental, mild, hot",no
US-LA3,2023,5,-122.957,312.068,183.445,107.687,128.623,LA,wetlands,15.0,low med,med,2.898,0.412,25.53,8.069,274.67,264.8,60.52,305.614,29.494,-89.915,"Humid Subtropical: mild with no dry season, hot summer","Humid Continental, mild, hot",no
US-LA3,2023,6,-90.691,265.211,171.333,104.385,93.877,LA,wetlands,15.0,low med,med,2.541,0.354,28.534,9.43,282.976,264.8,60.52,305.614,29.494,-89.915,"Humid Subtropical: mild with no dry season, hot summer","Humid Continental, mild, hot",no
US-LA3,2023,7,-75.207,283.788,215.449,120.891,68.339,LA,wetlands,15.0,low med,med,2.347,0.241,29.907,11.805,269.579,264.8,60.52,305.614,29.494,-89.915,"Humid Subtropical: mild with no dry season, hot summer","Humid Continental, mild, hot",no
US-LA3,2023,8,-52.389,240.338,192.086,118.312,48.252,LA,wetlands,15.0,low med,med,2.031,0.201,31.03,13.471,274.675,264.8,60.52,305.614,29.494,-89.915,"Humid Subtropical: mild with no dry season, hot summer","Humid Continental, mild, hot",no
US-LA3,2023,9,-26.108,188.845,164.473,88.303,24.371,LA,wetlands,15.0,low med,med,2.139,0.129,28.175,9.613,205.637,264.8,60.52,305.614,29.494,-89.915,"Humid Subtropical: mild with no dry season, hot summer","Humid Continental, mild, hot",no
US-MRM,2012,5,45.238,109.273,110.867,77.46,-1.594,NJ,wetlands,3.1,very low,low,1.411,-0.015,19.179,7.763,239.399,87.2,125.005,217.048,40.816,-74.043,"Humid Subtropical: mild with no dry season, hot summer","Humid Continental, mild, hot",no
US-MRM,2012,6,-15.241,206.481,196.54,112.779,9.941,NJ,wetlands,3.1,very low,low,1.831,0.048,21.781,5.921,287.747,87.2,125.005,217.048,40.816,-74.043,"Humid Subtropical: mild with no dry season, hot summer","Humid Continental, mild, hot",no
US-MRM,2012,7,-38.718,288.893,247.348,138.972,41.546,NJ,wetlands,3.1,very low,low,2.079,0.144,25.715,4.697,270.934,87.2,125.005,217.048,40.816,-74.043,"Humid Subtropical: mild with no dry season, hot summer","Humid Continental, mild, hot",no
US-MRM,2012,8,-9.988,51.092,44.759,15.207,6.333,NJ,wetlands,3.1,very low,low,3.36,0.124,26.076,3.75,251.916,87.2,125.005,217.048,40.816,-74.043,"Humid Subtropical: mild with no dry season, hot summer","Humid Continental, mild, hot",no
US-MRM,2013,5,66.183,42.346,73.049,69.267,-30.703,NJ,wetlands,3.1,very low,low,0.611,-0.725,17.538,13.735,243.787,87.2,125.005,217.048,40.816,-74.043,"Humid Subtropical: mild with no dry season, hot summer","Humid Continental, mild, hot",no
US-MRM,2013,6,10.166,166.148,168.202,98.201,-2.055,NJ,wetlands,3.1,very low,low,1.692,-0.012,22.415,11.924,261.334,87.2,125.005,217.048,40.816,-74.043,"Humid Subtropical: mild with no dry season, hot summer","Humid Continental, mild, hot",no
US-MRM,2013,7,-16.359,196.884,187.872,106.767,9.012,NJ,wetlands,3.1,very low,low,1.844,0.046,26.433,12.039,244.015,87.2,125.005,217.048,40.816,-74.043,"Humid Subtropical: mild with no dry season, hot summer","Humid Continental, mild, hot",no
US-MRM,2013,8,2.84,17.787,14.478,12.641,3.31,NJ,wetlands,3.1,very low,low,1.407,0.186,22.308,9.55,215.065,87.2,125.005,217.048,40.816,-74.043,"Humid Subtropical: mild with no dry season, hot summer","Humid Continental, mild, hot",no
US-Myb,2011,5,18.695,12.459,30.19,170.145,-17.731,CA,wetlands,7.0,low,low,0.073,-1.423,15.517,6.948,287.536,49.8,122.514,277.284,38.05,-121.765,"Mediterranean: mild with dry, hot summer","Mediterranean, mild dry, hot",no
US-Myb,2011,6,-22.416,23.145,22.586,171.408,0.559,CA,wetlands,7.0,low,low,0.135,0.024,19.148,8.211,304.738,49.8,122.514,277.284,38.05,-121.765,"Mediterranean: mild with dry, hot summer","Mediterranean, mild dry, hot",no
US-Myb,2011,7,6.025,36.482,39.303,176.378,-2.821,CA,wetlands,7.0,low,low,0.207,-0.077,20.806,8.983,341.838,49.8,122.514,277.284,38.05,-121.765,"Mediterranean: mild with dry, hot summer","Mediterranean, mild dry, hot",no
US-Myb,2011,8,-75.122,71.112,34.085,148.782,37.028,CA,wetlands,7.0,low,low,0.478,0.521,20.179,7.671,311.394,49.8,122.514,277.284,38.05,-121.765,"Mediterranean: mild with dry, hot summer","Mediterranean, mild dry, hot",no
US-Myb,2011,9,-66.367,167.269,134.086,144.785,33.183,CA,wetlands,7.0,low,low,1.155,0.198,20.972,9.129,251.33,49.8,122.514,277.284,38.05,-121.765,"Mediterranean: mild with dry, hot summer","Mediterranean, mild dry, hot",no
US-Myb,2012,5,-91.835,331.349,273.758,248.274,57.592,CA,wetlands,7.0,low,low,1.335,0.174,17.856,9.192,333.23,49.8,122.514,277.284,38.05,-121.765,"Mediterranean: mild with dry, hot summer","Mediterranean, mild dry, hot",no
US-Myb,2012,6,-106.939,416.641,355.13,328.162,61.51,CA,wetlands,7.0,low,low,1.27,0.148,19.66,10.69,345.428,49.8,122.514,277.284,38.05,-121.765,"Mediterranean: mild with dry, hot summer","Mediterranean, mild dry, hot",no
US-Myb,2012,7,-137.672,522.36,464.808,353.016,57.552,CA,wetlands,7.0,low,low,1.48,0.11,20.177,9.214,344.123,49.8,122.514,277.284,38.05,-121.765,"Mediterranean: mild with dry, hot summer","Mediterranean, mild dry, hot",no
US-Myb,2012,8,-78.428,488.777,455.443,293.66,33.334,CA,wetlands,7.0,low,low,1.664,0.068,20.418,9.626,310.395,49.8,122.514,277.284,38.05,-121.765,"Mediterranean: mild with dry, hot summer","Mediterranean, mild dry, hot",no
US-Myb,2012,9,-70.821,499.672,489.42,200.482,10.252,CA,wetlands,7.0,low,low,2.492,0.021,19.025,8.615,251.345,49.8,122.514,277.284,38.05,-121.765,"Mediterranean: mild with dry, hot summer","Mediterranean, mild dry, hot",no
US-Myb,2013,5,-29.71,197.521,163.83,141.161,33.691,CA,wetlands,7.0,low,low,1.399,0.171,18.353,9.881,317.632,49.8,122.514,277.284,38.05,-121.765,"Mediterranean: mild with dry, hot summer","Mediterranean, mild dry, hot",no
US-Myb,2013,6,-32.282,262.151,250.746,174.258,11.405,CA,wetlands,7.0,low,low,1.504,0.044,20.612,10.943,326.363,49.8,122.514,277.284,38.05,-121.765,"Mediterranean: mild with dry, hot summer","Mediterranean, mild dry, hot",no
US-Myb,2013,7,-51.909,320.155,292.746,193.505,27.409,CA,wetlands,7.0,low,low,1.655,0.086,20.392,9.491,335.598,49.8,122.514,277.284,38.05,-121.765,"Mediterranean: mild with dry, hot summer","Mediterranean, mild dry, hot",no
US-Myb,2013,8,-48.117,257.344,194.961,180.424,62.383,CA,wetlands,7.0,low,low,1.426,0.242,20.968,9.814,305.51,49.8,122.514,277.284,38.05,-121.765,"Mediterranean: mild with dry, hot summer","Mediterranean, mild dry, hot",no
US-Myb,2013,9,-44.69,241.165,217.135,140.791,24.029,CA,wetlands,7.0,low,low,1.713,0.1,20.22,9.747,244.695,49.8,122.514,277.284,38.05,-121.765,"Mediterranean: mild with dry, hot summer","Mediterranean, mild dry, hot",no
US-Myb,2014,5,-112.028,243.767,138.03,166.162,105.738,CA,wetlands,7.0,low,low,1.467,0.434,18.944,11.487,327.145,49.8,122.514,277.284,38.05,-121.765,"Mediterranean: mild with dry, hot summer","Mediterranean, mild dry, hot",no
US-Myb,2014,6,-160.84,330.558,199.66,196.244,130.897,CA,wetlands,7.0,low,low,1.684,0.396,20.576,11.912,353.373,49.8,122.514,277.284,38.05,-121.765,"Mediterranean: mild with dry, hot summer","Mediterranean, mild dry, hot",no
US-Myb,2014,7,-115.452,250.593,145.193,178.2,105.4,CA,wetlands,7.0,low,low,1.406,0.421,21.215,10.499,320.4,49.8,122.514,277.284,38.05,-121.765,"Mediterranean: mild with dry, hot summer","Mediterranean, mild dry, hot",no
US-Myb,2014,8,-72.526,177.712,112.175,147.217,65.537,CA,wetlands,7.0,low,low,1.207,0.369,20.666,9.342,294.651,49.8,122.514,277.284,38.05,-121.765,"Mediterranean: mild with dry, hot summer","Mediterranean, mild dry, hot",no
US-Myb,2014,9,-43.954,143.547,132.781,115.867,10.766,CA,wetlands,7.0,low,low,1.239,0.075,20.531,9.356,247.631,49.8,122.514,277.284,38.05,-121.765,"Mediterranean: mild with dry, hot summer","Mediterranean, mild dry, hot",no
US-Myb,2015,5,-76.707,142.022,65.911,113.876,76.111,CA,wetlands,7.0,low,low,1.247,0.536,15.484,6.235,307.764,49.8,122.514,277.284,38.05,-121.765,"Mediterranean: mild with dry, hot summer","Mediterranean, mild dry, hot",no
US-Myb,2015,6,-103.304,240.041,167.746,163.576,72.294,CA,wetlands,7.0,low,low,1.467,0.301,20.781,11.103,332.179,49.8,122.514,277.284,38.05,-121.765,"Mediterranean: mild with dry, hot summer","Mediterranean, mild dry, hot",no
US-Myb,2015,7,-118.818,247.734,142.334,177.459,105.4,CA,wetlands,7.0,low,low,1.396,0.425,21.455,10.773,320.329,49.8,122.514,277.284,38.05,-121.765,"Mediterranean: mild with dry, hot summer","Mediterranean, mild dry, hot",no
US-Myb,2015,8,-145.132,261.511,146.163,161.737,115.348,CA,wetlands,7.0,low,low,1.617,0.441,21.661,11.116,301.538,49.8,122.514,277.284,38.05,-121.765,"Mediterranean: mild with dry, hot summer","Mediterranean, mild dry, hot",no
US-Myb,2015,9,-62.281,167.831,121.4,128.242,46.432,CA,wetlands,7.0,low,low,1.309,0.277,21.589,13.822,238.733,49.8,122.514,277.284,38.05,-121.765,"Mediterranean: mild with dry, hot summer","Mediterranean, mild dry, hot",no
US-Myb,2016,5,-52.617,157.693,118.106,117.086,39.587,CA,wetlands,7.0,low,low,1.347,0.251,17.756,8.358,285.297,49.8,122.514,277.284,38.05,-121.765,"Mediterranean: mild with dry, hot summer","Mediterranean, mild dry, hot",no
US-Myb,2016,6,-62.676,168.241,132.536,151.104,35.705,CA,wetlands,7.0,low,low,1.113,0.212,21.113,13.067,344.938,49.8,122.514,277.284,38.05,-121.765,"Mediterranean: mild with dry, hot summer","Mediterranean, mild dry, hot",no
US-Myb,2016,7,-66.486,163.398,130.999,149.312,32.399,CA,wetlands,7.0,low,low,1.094,0.198,21.111,11.966,345.957,49.8,122.514,277.284,38.05,-121.765,"Mediterranean: mild with dry, hot summer","Mediterranean, mild dry, hot",no
US-Myb,2016,8,-40.939,139.812,112.424,117.62,27.388,CA,wetlands,7.0,low,low,1.189,0.196,19.527,8.79,311.123,49.8,122.514,277.284,38.05,-121.765,"Mediterranean: mild with dry, hot summer","Mediterranean, mild dry, hot",no
US-Myb,2016,9,14.243,103.672,127.975,100.077,-24.302,CA,wetlands,7.0,low,low,1.036,-0.234,20.091,11.536,256.976,49.8,122.514,277.284,38.05,-121.765,"Mediterranean: mild with dry, hot summer","Mediterranean, mild dry, hot",no
US-Myb,2017,5,-54.809,166.184,120.339,115.038,45.845,CA,wetlands,7.0,low,low,1.445,0.276,17.439,8.565,328.218,49.8,122.514,277.284,38.05,-121.765,"Mediterranean: mild with dry, hot summer","Mediterranean, mild dry, hot",no
US-Myb,2017,6,-64.118,149.359,91.195,135.825,58.164,CA,wetlands,7.0,low,low,1.1,0.389,20.659,10.999,347.416,49.8,122.514,277.284,38.05,-121.765,"Mediterranean: mild with dry, hot summer","Mediterranean, mild dry, hot",no
US-Myb,2017,7,-55.334,116.253,77.118,154.255,39.135,CA,wetlands,7.0,low,low,0.754,0.337,21.917,12.581,355.7,49.8,122.514,277.284,38.05,-121.765,"Mediterranean: mild with dry, hot summer","Mediterranean, mild dry, hot",no
US-Myb,2017,8,-104.139,194.108,88.357,142.719,105.751,CA,wetlands,7.0,low,low,1.36,0.545,21.331,10.191,307.09,49.8,122.514,277.284,38.05,-121.765,"Mediterranean: mild with dry, hot summer","Mediterranean, mild dry, hot",no
US-Myb,2017,9,-112.175,223.024,104.75,123.301,118.275,CA,wetlands,7.0,low,low,1.809,0.53,21.417,11.639,246.028,49.8,122.514,277.284,38.05,-121.765,"Mediterranean: mild with dry, hot summer","Mediterranean, mild dry, hot",no
US-Myb,2018,5,-109.453,222.809,117.268,126.763,105.54,CA,wetlands,7.0,low,low,1.758,0.474,16.97,7.86,328.044,49.8,122.514,277.284,38.05,-121.765,"Mediterranean: mild with dry, hot summer","Mediterranean, mild dry, hot",no
US-Myb,2018,6,-168.629,276.291,113.935,170.986,162.356,CA,wetlands,7.0,low,low,1.616,0.588,20.511,11.879,360.592,49.8,122.514,277.284,38.05,-121.765,"Mediterranean: mild with dry, hot summer","Mediterranean, mild dry, hot",no
US-Myb,2018,7,-196.34,330.685,140.893,186.656,189.792,CA,wetlands,7.0,low,low,1.772,0.574,21.209,10.795,339.963,49.8,122.514,277.284,38.05,-121.765,"Mediterranean: mild with dry, hot summer","Mediterranean, mild dry, hot",no
US-Myb,2018,8,-123.62,319.964,190.434,151.55,129.53,CA,wetlands,7.0,low,low,2.111,0.405,20.247,9.921,306.674,49.8,122.514,277.284,38.05,-121.765,"Mediterranean: mild with dry, hot summer","Mediterranean, mild dry, hot",no
US-Myb,2018,9,-135.117,224.005,87.181,120.375,136.824,CA,wetlands,7.0,low,low,1.861,0.611,19.376,9.773,266.687,49.8,122.514,277.284,38.05,-121.765,"Mediterranean: mild with dry, hot summer","Mediterranean, mild dry, hot",no
US-Myb,2019,5,-106.8,242.993,139.477,103.363,103.516,CA,wetlands,7.0,low,low,2.351,0.426,15.329,5.604,296.263,49.8,122.514,277.284,38.05,-121.765,"Mediterranean: mild with dry, hot summer","Mediterranean, mild dry, hot",no
US-Myb,2019,6,-135.768,280.833,155.594,155.224,125.239,CA,wetlands,7.0,low,low,1.809,0.446,20.713,11.507,357.238,49.8,122.514,277.284,38.05,-121.765,"Mediterranean: mild with dry, hot summer","Mediterranean, mild dry, hot",no
US-Myb,2019,7,-164.847,303.407,148.851,175.066,154.556,CA,wetlands,7.0,low,low,1.733,0.509,21.508,11.11,351.704,49.8,122.514,277.284,38.05,-121.765,"Mediterranean: mild with dry, hot summer","Mediterranean, mild dry, hot",no
US-Myb,2019,8,-125.154,269.967,151.316,157.741,118.651,CA,wetlands,7.0,low,low,1.711,0.44,22.387,11.387,321.39,49.8,122.514,277.284,38.05,-121.765,"Mediterranean: mild with dry, hot summer","Mediterranean, mild dry, hot",no
US-Myb,2019,9,-35.807,180.431,137.21,108.651,43.221,CA,wetlands,7.0,low,low,1.661,0.24,20.954,11.424,261.151,49.8,122.514,277.284,38.05,-121.765,"Mediterranean: mild with dry, hot summer","Mediterranean, mild dry, hot",no
US-Myb,2020,5,-14.624,140.643,126.967,101.079,13.675,CA,wetlands,7.0,low,low,1.391,0.097,19.078,10.724,321.177,49.8,122.514,277.284,38.05,-121.765,"Mediterranean: mild with dry, hot summer","Mediterranean, mild dry, hot",no
US-Myb,2020,6,-61.187,239.937,188.402,136.96,51.535,CA,wetlands,7.0,low,low,1.752,0.215,21.114,12.515,357.306,49.8,122.514,277.284,38.05,-121.765,"Mediterranean: mild with dry, hot summer","Mediterranean, mild dry, hot",no
US-Myb,2020,7,-180.769,286.208,121.603,148.818,164.605,CA,wetlands,7.0,low,low,1.923,0.575,20.577,10.567,354.852,49.8,122.514,277.284,38.05,-121.765,"Mediterranean: mild with dry, hot summer","Mediterranean, mild dry, hot",no
US-Myb,2020,8,-128.586,274.23,145.592,151.09,128.638,CA,wetlands,7.0,low,low,1.815,0.469,22.735,12.71,290.656,49.8,122.514,277.284,38.05,-121.765,"Mediterranean: mild with dry, hot summer","Mediterranean, mild dry, hot",no
US-Myb,2020,9,-116.737,258.031,147.882,123.297,110.148,CA,wetlands,7.0,low,low,2.093,0.427,21.637,11.747,225.744,49.8,122.514,277.284,38.05,-121.765,"Mediterranean: mild with dry, hot summer","Mediterranean, mild dry, hot",no
US-Myb,2021,5,-67.295,147.398,80.768,118.258,66.631,CA,wetlands,7.0,low,low,1.246,0.452,18.682,11.541,354.16,49.8,122.514,277.284,38.05,-121.765,"Mediterranean: mild with dry, hot summer","Mediterranean, mild dry, hot",no
US-Myb,2021,6,-253.397,341.655,93.573,153.954,248.082,CA,wetlands,7.0,low,low,2.219,0.726,20.245,10.859,364.257,49.8,122.514,277.284,38.05,-121.765,"Mediterranean: mild with dry, hot summer","Mediterranean, mild dry, hot",no
US-Myb,2021,7,-272.465,402.106,139.299,194.271,262.807,CA,wetlands,7.0,low,low,2.07,0.654,20.619,10.115,345.978,49.8,122.514,277.284,38.05,-121.765,"Mediterranean: mild with dry, hot summer","Mediterranean, mild dry, hot",no
US-Myb,2021,8,-215.449,320.394,106.11,157.255,214.284,CA,wetlands,7.0,low,low,2.037,0.669,20.606,9.934,299.74,49.8,122.514,277.284,38.05,-121.765,"Mediterranean: mild with dry, hot summer","Mediterranean, mild dry, hot",no
US-Myb,2021,9,-125.475,220.172,91.503,131.581,128.669,CA,wetlands,7.0,low,low,1.673,0.584,20.393,10.862,268.489,49.8,122.514,277.284,38.05,-121.765,"Mediterranean: mild with dry, hot summer","Mediterranean, mild dry, hot",no
US-Myb,2022,5,-156.596,261.947,97.303,149.987,164.644,CA,wetlands,7.0,low,low,1.746,0.629,18.217,10.561,344.471,49.8,122.514,277.284,38.05,-121.765,"Mediterranean: mild with dry, hot summer","Mediterranean, mild dry, hot",no
US-Myb,2022,6,-211.282,344.497,136.157,190.544,208.339,CA,wetlands,7.0,low,low,1.808,0.605,21.537,12.439,347.738,49.8,122.514,277.284,38.05,-121.765,"Mediterranean: mild with dry, hot summer","Mediterranean, mild dry, hot",no
US-Myb,2022,7,-184.949,325.025,122.487,167.528,202.538,CA,wetlands,7.0,low,low,1.94,0.623,20.531,8.99,342.505,49.8,122.514,277.284,38.05,-121.765,"Mediterranean: mild with dry, hot summer","Mediterranean, mild dry, hot",no
US-Myb,2022,8,-89.302,274.94,192.054,144.766,82.886,CA,wetlands,7.0,low,low,1.899,0.301,21.836,10.487,317.589,49.8,122.514,277.284,38.05,-121.765,"Mediterranean: mild with dry, hot summer","Mediterranean, mild dry, hot",no
US-Myb,2022,9,20.19,133.204,152.066,101.997,-18.863,CA,wetlands,7.0,low,low,1.306,-0.142,22.242,12.895,251.595,49.8,122.514,277.284,38.05,-121.765,"Mediterranean: mild with dry, hot summer","Mediterranean, mild dry, hot",no
US-Myb,2023,5,-45.974,168.542,133.754,84.79,34.788,CA,wetlands,7.0,low,low,1.988,0.206,16.16,5.938,322.68,49.8,122.514,277.284,38.05,-121.765,"Mediterranean: mild with dry, hot summer","Mediterranean, mild dry, hot",no
US-Myb,2023,6,-182.882,320.764,156.151,132.337,164.613,CA,wetlands,7.0,low,low,2.424,0.513,17.716,6.82,348.201,49.8,122.514,277.284,38.05,-121.765,"Mediterranean: mild with dry, hot summer","Mediterranean, mild dry, hot",no
US-Myb,2023,7,-149.728,350.953,212.261,178.472,138.691,CA,wetlands,7.0,low,low,1.966,0.395,21.646,10.832,359.401,49.8,122.514,277.284,38.05,-121.765,"Mediterranean: mild with dry, hot summer","Mediterranean, mild dry, hot",no
US-Myb,2023,8,-129.884,305.983,186.35,146.531,119.632,CA,wetlands,7.0,low,low,2.088,0.391,22.374,10.325,315.142,49.8,122.514,277.284,38.05,-121.765,"Mediterranean: mild with dry, hot summer","Mediterranean, mild dry, hot",no
US-Myb,2023,9,-96.03,205.995,108.765,98.791,97.23,CA,wetlands,7.0,low,low,2.085,0.472,19.45,7.448,259.939,49.8,122.514,277.284,38.05,-121.765,"Mediterranean: mild with dry, hot summer","Mediterranean, mild dry, hot",no
US-NGB,2013,6,-4.163,46.6,29.755,34.824,16.845,AL,tundra,32.0,high,high,1.338,0.361,4.343,1.301,268.664,132.2,159.798,238.046,71.28,-156.609,Snow and Ice,Snow and Ice,no
US-NGB,2013,7,-46.26,120.205,62.378,45.11,57.827,AL,tundra,32.0,high,high,2.665,0.481,5.685,1.088,199.851,132.2,159.798,238.046,71.28,-156.609,Snow and Ice,Snow and Ice,no
US-NGB,2013,8,-40.756,50.191,19.658,25.209,30.533,AL,tundra,32.0,high,high,1.991,0.608,3.43,0.553,110.851,132.2,159.798,238.046,71.28,-156.609,Snow and Ice,Snow and Ice,no
US-NGB,2014,6,-16.367,35.462,17.918,28.424,17.544,AL,tundra,32.0,high,high,1.248,0.495,0.983,1.143,222.046,132.2,159.798,238.046,71.28,-156.609,Snow and Ice,Snow and Ice,no
US-NGB,2014,7,-26.633,76.077,49.968,40.707,26.109,AL,tundra,32.0,high,high,1.869,0.343,2.784,0.971,193.651,132.2,159.798,238.046,71.28,-156.609,Snow and Ice,Snow and Ice,no
US-NGB,2014,8,-18.588,31.539,15.803,17.71,15.736,AL,tundra,32.0,high,high,1.781,0.499,3.028,1.124,124.421,132.2,159.798,238.046,71.28,-156.609,Snow and Ice,Snow and Ice,no
US-NGB,2015,6,-19.771,31.948,16.13,39.974,15.818,AL,tundra,32.0,high,high,0.799,0.495,6.143,1.248,262.418,132.2,159.798,238.046,71.28,-156.609,Snow and Ice,Snow and Ice,no
US-NGB,2015,7,-66.246,91.501,43.335,38.675,48.167,AL,tundra,32.0,high,high,2.366,0.526,4.323,0.758,210.935,132.2,159.798,238.046,71.28,-156.609,Snow and Ice,Snow and Ice,no
US-NGB,2015,8,-30.038,50.396,21.677,23.62,28.72,AL,tundra,32.0,high,high,2.134,0.57,3.645,0.872,117.878,132.2,159.798,238.046,71.28,-156.609,Snow and Ice,Snow and Ice,no
US-NGB,2016,6,-12.793,19.17,7.744,35.668,11.426,AL,tundra,32.0,high,high,0.537,0.596,2.798,1.198,245.811,132.2,159.798,238.046,71.28,-156.609,Snow and Ice,Snow and Ice,no
US-NGB,2016,7,-44.575,71.81,28.865,39.365,42.944,AL,tundra,32.0,high,high,1.824,0.598,5.207,1.503,224.462,132.2,159.798,238.046,71.28,-156.609,Snow and Ice,Snow and Ice,no
US-NGB,2016,8,-20.455,39.559,19.045,19.183,20.514,AL,tundra,32.0,high,high,2.062,0.519,2.736,1.23,125.152,132.2,159.798,238.046,71.28,-156.609,Snow and Ice,Snow and Ice,no
US-NGB,2017,6,-21.627,74.236,63.197,21.544,11.039,AL,tundra,32.0,high,high,3.446,0.149,2.034,0.496,294.497,132.2,159.798,238.046,71.28,-156.609,Snow and Ice,Snow and Ice,no
US-NGB,2017,7,-68.787,168.441,88.253,46.712,80.188,AL,tundra,32.0,high,high,3.606,0.476,7.419,1.145,186.31,132.2,159.798,238.046,71.28,-156.609,Snow and Ice,Snow and Ice,no
US-NGB,2017,8,-47.547,74.089,54.181,24.244,19.908,AL,tundra,32.0,high,high,3.056,0.269,4.643,1.205,89.889,132.2,159.798,238.046,71.28,-156.609,Snow and Ice,Snow and Ice,no
US-NGB,2018,6,-4.864,9.913,6.336,11.63,3.577,AL,tundra,32.0,high,high,0.852,0.361,0.552,0.395,295.949,132.2,159.798,238.046,71.28,-156.609,Snow and Ice,Snow and Ice,no
US-NGB,2018,7,-28.484,45.5,20.877,41.619,24.623,AL,tundra,32.0,high,high,1.093,0.541,5.741,1.112,187.328,132.2,159.798,238.046,71.28,-156.609,Snow and Ice,Snow and Ice,no
US-NGB,2018,8,-42.194,56.359,20.278,20.306,36.081,AL,tundra,32.0,high,high,2.775,0.64,1.874,0.455,104.223,132.2,159.798,238.046,71.28,-156.609,Snow and Ice,Snow and Ice,no
US-NGB,2019,6,-12.416,23.105,14.629,28.588,8.476,AL,tundra,32.0,high,high,0.808,0.367,3.118,1.335,253.498,132.2,159.798,238.046,71.28,-156.609,Snow and Ice,Snow and Ice,no
US-NGB,2019,7,-65.089,124.227,59.417,37.018,64.81,AL,tundra,32.0,high,high,3.356,0.522,8.439,1.55,172.946,132.2,159.798,238.046,71.28,-156.609,Snow and Ice,Snow and Ice,no
US-NGB,2019,8,-33.777,63.594,29.835,24.956,33.759,AL,tundra,32.0,high,high,2.548,0.531,5.563,1.411,92.437,132.2,159.798,238.046,71.28,-156.609,Snow and Ice,Snow and Ice,no
US-NGB,2021,6,-22.01,33.05,21.929,28.97,11.122,AL,tundra,32.0,high,high,1.141,0.337,2.752,0.901,270.485,132.2,159.798,238.046,71.28,-156.609,Snow and Ice,Snow and Ice,no
US-NGB,2021,7,-48.332,66.163,21.129,31.672,45.034,AL,tundra,32.0,high,high,2.089,0.681,4.396,1.254,179.303,132.2,159.798,238.046,71.28,-156.609,Snow and Ice,Snow and Ice,no
US-NGB,2021,8,-36.378,58.549,23.237,26.162,35.312,AL,tundra,32.0,high,high,2.238,0.603,2.898,1.013,117.17,132.2,159.798,238.046,71.28,-156.609,Snow and Ice,Snow and Ice,no
US-NGB,2022,6,-0.897,28.436,24.106,20.194,4.33,AL,tundra,32.0,high,high,1.408,0.152,4.726,1.707,252.7,132.2,159.798,238.046,71.28,-156.609,Snow and Ice,Snow and Ice,no
US-NGB,2022,7,-40.351,72.567,36.531,28.706,36.036,AL,tundra,32.0,high,high,2.528,0.497,3.186,0.98,192.254,132.2,159.798,238.046,71.28,-156.609,Snow and Ice,Snow and Ice,no
US-NGB,2022,8,-41.242,50.936,34.359,31.788,16.577,AL,tundra,32.0,high,high,1.602,0.325,3.862,1.123,116.006,132.2,159.798,238.046,71.28,-156.609,Snow and Ice,Snow and Ice,no
US-NGB,2023,6,-11.954,23.292,12.099,25.428,11.193,AL,tundra,32.0,high,high,0.916,0.481,2.578,0.878,244.19,132.2,159.798,238.046,71.28,-156.609,Snow and Ice,Snow and Ice,no
US-NGB,2023,7,-60.317,105.965,45.371,37.147,60.594,AL,tundra,32.0,high,high,2.853,0.572,7.902,0.497,219.573,132.2,159.798,238.046,71.28,-156.609,Snow and Ice,Snow and Ice,no
US-NGB,2023,8,-38.114,78.982,40.679,25.567,38.303,AL,tundra,32.0,high,high,3.089,0.485,6.732,0.654,119.784,132.2,159.798,238.046,71.28,-156.609,Snow and Ice,Snow and Ice,no
US-PhM,2013,5,-0.414,7.851,4.999,10.15,2.853,MA,wetlands,22.0,low med,med,0.774,0.363,22.325,8.837,237.412,79.8,148.562,260.128,42.742,-70.83,"Humid Continental: humid with severe winter, no dry season, hot summer)","Humid Continental, humid, hot",no
US-PhM,2013,6,-79.423,189.973,107.819,100.616,82.154,MA,wetlands,22.0,low med,med,1.888,0.432,19.677,6.355,248.752,79.8,148.562,260.128,42.742,-70.83,"Humid Continental: humid with severe winter, no dry season, hot summer)","Humid Continental, humid, hot",no
US-PhM,2013,7,-77.578,250.16,175.741,102.042,74.419,MA,wetlands,22.0,low med,med,2.452,0.297,23.086,5.819,232.098,79.8,148.562,260.128,42.742,-70.83,"Humid Continental: humid with severe winter, no dry season, hot summer)","Humid Continental, humid, hot",no
US-PhM,2013,8,-70.841,183.467,96.018,96.257,87.449,MA,wetlands,22.0,low med,med,1.906,0.477,20.807,6.777,244.018,79.8,148.562,260.128,42.742,-70.83,"Humid Continental: humid with severe winter, no dry season, hot summer)","Humid Continental, humid, hot",no
US-PhM,2013,9,-17.02,62.0,36.934,39.264,25.065,MA,wetlands,22.0,low med,med,1.579,0.404,18.734,5.532,183.694,79.8,148.562,260.128,42.742,-70.83,"Humid Continental: humid with severe winter, no dry season, hot summer)","Humid Continental, humid, hot",no
US-PhM,2014,5,-1.403,6.706,2.813,7.686,3.892,MA,wetlands,22.0,low med,med,0.872,0.58,11.226,2.742,312.602,79.8,148.562,260.128,42.742,-70.83,"Humid Continental: humid with severe winter, no dry season, hot summer)","Humid Continental, humid, hot",no
US-PhM,2014,6,-39.73,139.268,85.586,95.524,53.682,MA,wetlands,22.0,low med,med,1.458,0.385,19.117,7.287,278.747,79.8,148.562,260.128,42.742,-70.83,"Humid Continental: humid with severe winter, no dry season, hot summer)","Humid Continental, humid, hot",no
US-PhM,2014,7,-58.163,203.957,136.068,78.257,67.889,MA,wetlands,22.0,low med,med,2.606,0.333,22.161,6.486,265.83,79.8,148.562,260.128,42.742,-70.83,"Humid Continental: humid with severe winter, no dry season, hot summer)","Humid Continental, humid, hot",no
US-PhM,2014,8,-27.999,155.841,111.116,63.448,44.725,MA,wetlands,22.0,low med,med,2.456,0.287,20.141,5.698,248.28,79.8,148.562,260.128,42.742,-70.83,"Humid Continental: humid with severe winter, no dry season, hot summer)","Humid Continental, humid, hot",no
US-PhM,2014,9,0.164,61.48,51.857,31.774,9.624,MA,wetlands,22.0,low med,med,1.935,0.157,18.682,4.627,210.806,79.8,148.562,260.128,42.742,-70.83,"Humid Continental: humid with severe winter, no dry season, hot summer)","Humid Continental, humid, hot",no
US-PhM,2015,5,1.988,10.484,10.207,8.195,0.277,MA,wetlands,22.0,low med,med,1.279,0.026,18.63,4.392,278.205,79.8,148.562,260.128,42.742,-70.83,"Humid Continental: humid with severe winter, no dry season, hot summer)","Humid Continental, humid, hot",no
US-PhM,2015,6,-64.531,157.055,79.511,81.836,77.543,MA,wetlands,22.0,low med,med,1.919,0.494,17.322,5.379,277.552,79.8,148.562,260.128,42.742,-70.83,"Humid Continental: humid with severe winter, no dry season, hot summer)","Humid Continental, humid, hot",no
US-PhM,2015,7,-102.5,225.138,108.814,100.118,116.324,MA,wetlands,22.0,low med,med,2.249,0.517,21.89,5.914,301.788,79.8,148.562,260.128,42.742,-70.83,"Humid Continental: humid with severe winter, no dry season, hot summer)","Humid Continental, humid, hot",no
US-PhM,2015,8,-53.749,167.808,105.892,93.482,61.916,MA,wetlands,22.0,low med,med,1.795,0.369,22.164,5.697,272.153,79.8,148.562,260.128,42.742,-70.83,"Humid Continental: humid with severe winter, no dry season, hot summer)","Humid Continental, humid, hot",no
US-PhM,2015,9,-14.877,73.0,52.26,45.794,20.74,MA,wetlands,22.0,low med,med,1.594,0.284,21.229,5.677,239.008,79.8,148.562,260.128,42.742,-70.83,"Humid Continental: humid with severe winter, no dry season, hot summer)","Humid Continental, humid, hot",no
US-PhM,2016,5,0.067,13.915,12.505,9.337,1.411,MA,wetlands,22.0,low med,med,1.49,0.101,19.07,5.731,224.524,79.8,148.562,260.128,42.742,-70.83,"Humid Continental: humid with severe winter, no dry season, hot summer)","Humid Continental, humid, hot",no
US-PhM,2016,6,-54.367,138.963,65.683,108.291,73.279,MA,wetlands,22.0,low med,med,1.283,0.527,18.771,6.237,293.671,79.8,148.562,260.128,42.742,-70.83,"Humid Continental: humid with severe winter, no dry season, hot summer)","Humid Continental, humid, hot",no
US-PhM,2016,7,-66.335,173.45,93.279,116.373,80.172,MA,wetlands,22.0,low med,med,1.49,0.462,22.524,7.067,274.566,79.8,148.562,260.128,42.742,-70.83,"Humid Continental: humid with severe winter, no dry season, hot summer)","Humid Continental, humid, hot",no
US-PhM,2016,8,-55.761,159.43,118.755,108.434,40.675,MA,wetlands,22.0,low med,med,1.47,0.255,23.152,7.72,253.427,79.8,148.562,260.128,42.742,-70.83,"Humid Continental: humid with severe winter, no dry season, hot summer)","Humid Continental, humid, hot",no
US-PhM,2016,9,-25.198,50.602,31.727,38.476,18.875,MA,wetlands,22.0,low med,med,1.315,0.373,19.277,5.995,190.21,79.8,148.562,260.128,42.742,-70.83,"Humid Continental: humid with severe winter, no dry season, hot summer)","Humid Continental, humid, hot",no
US-PhM,2017,5,-0.283,4.947,2.801,2.948,2.146,MA,wetlands,22.0,low med,med,1.678,0.434,11.932,1.114,120.328,79.8,148.562,260.128,42.742,-70.83,"Humid Continental: humid with severe winter, no dry season, hot summer)","Humid Continental, humid, hot",no
US-PhM,2017,6,-93.034,179.535,69.412,107.14,110.123,MA,wetlands,22.0,low med,med,1.676,0.613,19.792,6.354,267.023,79.8,148.562,260.128,42.742,-70.83,"Humid Continental: humid with severe winter, no dry season, hot summer)","Humid Continental, humid, hot",no
US-PhM,2017,7,-80.446,219.159,123.927,102.207,95.232,MA,wetlands,22.0,low med,med,2.144,0.435,21.272,5.53,259.623,79.8,148.562,260.128,42.742,-70.83,"Humid Continental: humid with severe winter, no dry season, hot summer)","Humid Continental, humid, hot",no
US-PhM,2017,8,-50.526,159.811,100.201,81.49,59.61,MA,wetlands,22.0,low med,med,1.961,0.373,20.674,5.079,240.428,79.8,148.562,260.128,42.742,-70.83,"Humid Continental: humid with severe winter, no dry season, hot summer)","Humid Continental, humid, hot",no
US-PhM,2017,9,-8.645,55.488,35.083,30.542,20.405,MA,wetlands,22.0,low med,med,1.817,0.368,18.293,4.047,196.538,79.8,148.562,260.128,42.742,-70.83,"Humid Continental: humid with severe winter, no dry season, hot summer)","Humid Continental, humid, hot",no
US-PhM,2018,5,-4.956,12.462,7.578,8.703,4.883,MA,wetlands,22.0,low med,med,1.432,0.392,18.378,6.506,343.38,79.8,148.562,260.128,42.742,-70.83,"Humid Continental: humid with severe winter, no dry season, hot summer)","Humid Continental, humid, hot",no
US-PhM,2018,6,-55.407,127.441,56.848,90.885,70.593,MA,wetlands,22.0,low med,med,1.402,0.554,18.519,6.968,261.247,79.8,148.562,260.128,42.742,-70.83,"Humid Continental: humid with severe winter, no dry season, hot summer)","Humid Continental, humid, hot",no
US-PhM,2018,7,-44.187,159.797,92.125,103.061,67.671,MA,wetlands,22.0,low med,med,1.551,0.423,22.749,8.085,294.964,79.8,148.562,260.128,42.742,-70.83,"Humid Continental: humid with severe winter, no dry season, hot summer)","Humid Continental, humid, hot",no
US-PhM,2018,8,-33.426,149.131,100.334,94.124,48.797,MA,wetlands,22.0,low med,med,1.584,0.327,23.146,6.876,226.361,79.8,148.562,260.128,42.742,-70.83,"Humid Continental: humid with severe winter, no dry season, hot summer)","Humid Continental, humid, hot",no
US-PhM,2018,9,-10.862,62.766,46.556,37.557,16.21,MA,wetlands,22.0,low med,med,1.671,0.258,20.178,5.223,172.962,79.8,148.562,260.128,42.742,-70.83,"Humid Continental: humid with severe winter, no dry season, hot summer)","Humid Continental, humid, hot",no
US-PhM,2019,5,-3.133,12.408,10.537,5.785,1.871,MA,wetlands,22.0,low med,med,2.145,0.151,12.315,2.314,209.958,79.8,148.562,260.128,42.742,-70.83,"Humid Continental: humid with severe winter, no dry season, hot summer)","Humid Continental, humid, hot",no
US-PhM,2019,6,-68.993,162.593,96.645,87.393,65.948,MA,wetlands,22.0,low med,med,1.86,0.406,17.643,5.712,254.622,79.8,148.562,260.128,42.742,-70.83,"Humid Continental: humid with severe winter, no dry season, hot summer)","Humid Continental, humid, hot",no
US-PhM,2019,7,-77.973,220.08,143.258,122.301,76.822,MA,wetlands,22.0,low med,med,1.8,0.349,23.597,9.148,291.474,79.8,148.562,260.128,42.742,-70.83,"Humid Continental: humid with severe winter, no dry season, hot summer)","Humid Continental, humid, hot",no
US-PhM,2019,8,-50.176,147.472,92.289,94.724,55.183,MA,wetlands,22.0,low med,med,1.557,0.374,21.236,8.345,257.189,79.8,148.562,260.128,42.742,-70.83,"Humid Continental: humid with severe winter, no dry season, hot summer)","Humid Continental, humid, hot",no
US-PhM,2019,9,-11.313,60.464,47.188,38.38,13.276,MA,wetlands,22.0,low med,med,1.575,0.22,17.503,5.283,194.647,79.8,148.562,260.128,42.742,-70.83,"Humid Continental: humid with severe winter, no dry season, hot summer)","Humid Continental, humid, hot",no
US-PhM,2020,5,-3.006,13.381,8.907,14.971,4.474,MA,wetlands,22.0,low med,med,0.894,0.334,21.22,8.375,304.901,79.8,148.562,260.128,42.742,-70.83,"Humid Continental: humid with severe winter, no dry season, hot summer)","Humid Continental, humid, hot",no
US-PhM,2020,6,-44.969,138.369,87.494,89.526,50.875,MA,wetlands,22.0,low med,med,1.546,0.368,19.623,7.009,271.654,79.8,148.562,260.128,42.742,-70.83,"Humid Continental: humid with severe winter, no dry season, hot summer)","Humid Continental, humid, hot",no
US-PhM,2020,7,-73.272,210.373,132.489,110.146,77.884,MA,wetlands,22.0,low med,med,1.91,0.37,22.75,7.048,275.221,79.8,148.562,260.128,42.742,-70.83,"Humid Continental: humid with severe winter, no dry season, hot summer)","Humid Continental, humid, hot",no
US-PhM,2020,8,-41.127,153.158,97.773,97.252,55.384,MA,wetlands,22.0,low med,med,1.575,0.362,21.853,7.792,236.626,79.8,148.562,260.128,42.742,-70.83,"Humid Continental: humid with severe winter, no dry season, hot summer)","Humid Continental, humid, hot",no
US-PhM,2020,9,-16.997,61.395,35.939,36.814,25.456,MA,wetlands,22.0,low med,med,1.668,0.415,18.6,5.75,200.339,79.8,148.562,260.128,42.742,-70.83,"Humid Continental: humid with severe winter, no dry season, hot summer)","Humid Continental, humid, hot",no
US-Skr,2004,3,-120.612,225.2,106.406,98.076,118.794,FL,forest,17.0,low med,med,2.296,0.528,20.886,7.484,253.839,274.0,58.413,295.427,25.363,-81.078,"Humid Subtropical: dry winter, hot summer","Humid Continental, dry, hot",yes
US-Skr,2004,4,-113.663,235.631,104.027,98.294,131.605,FL,forest,17.0,low med,med,2.397,0.559,22.078,9.079,293.723,274.0,58.413,295.427,25.363,-81.078,"Humid Subtropical: dry winter, hot summer","Humid Continental, dry, hot",yes
US-Skr,2004,5,-106.442,281.133,191.458,115.847,89.675,FL,forest,17.0,low med,med,2.427,0.319,24.877,11.01,291.018,274.0,58.413,295.427,25.363,-81.078,"Humid Subtropical: dry winter, hot summer","Humid Continental, dry, hot",yes
US-Skr,2004,6,-54.633,259.964,214.073,111.593,45.891,FL,forest,17.0,low med,med,2.33,0.177,27.225,11.746,280.098,274.0,58.413,295.427,25.363,-81.078,"Humid Subtropical: dry winter, hot summer","Humid Continental, dry, hot",yes
US-Skr,2004,7,-40.543,232.949,185.821,118.971,47.128,FL,forest,17.0,low med,med,1.958,0.202,26.615,10.162,247.769,274.0,58.413,295.427,25.363,-81.078,"Humid Subtropical: dry winter, hot summer","Humid Continental, dry, hot",yes
US-Skr,2004,8,-53.992,236.463,210.931,121.753,25.532,FL,forest,17.0,low med,med,1.942,0.108,27.151,9.775,228.686,274.0,58.413,295.427,25.363,-81.078,"Humid Subtropical: dry winter, hot summer","Humid Continental, dry, hot",yes
US-Skr,2004,9,-72.152,224.325,172.22,116.854,52.105,FL,forest,17.0,low med,med,1.92,0.232,27.177,10.137,220.904,274.0,58.413,295.427,25.363,-81.078,"Humid Subtropical: dry winter, hot summer","Humid Continental, dry, hot",yes
US-Skr,2005,3,-93.787,179.909,72.138,72.274,107.771,FL,forest,17.0,low med,med,2.489,0.599,21.129,8.03,237.11,274.0,58.413,295.427,25.363,-81.078,"Humid Subtropical: dry winter, hot summer","Humid Continental, dry, hot",yes
US-Skr,2005,4,-119.132,228.833,124.232,89.979,104.6,FL,forest,17.0,low med,med,2.543,0.457,22.089,10.208,292.893,274.0,58.413,295.427,25.363,-81.078,"Humid Subtropical: dry winter, hot summer","Humid Continental, dry, hot",yes
US-Skr,2005,5,-118.479,253.98,161.409,94.442,92.571,FL,forest,17.0,low med,med,2.689,0.364,25.004,10.469,275.708,274.0,58.413,295.427,25.363,-81.078,"Humid Subtropical: dry winter, hot summer","Humid Continental, dry, hot",yes
US-Skr,2005,6,-59.856,210.701,141.195,80.356,69.505,FL,forest,17.0,low med,med,2.622,0.33,27.122,8.753,199.712,274.0,58.413,295.427,25.363,-81.078,"Humid Subtropical: dry winter, hot summer","Humid Continental, dry, hot",yes
US-Skr,2005,7,-60.678,226.537,158.185,127.114,68.352,FL,forest,17.0,low med,med,1.782,0.302,27.792,13.114,250.0,274.0,58.413,295.427,25.363,-81.078,"Humid Subtropical: dry winter, hot summer","Humid Continental, dry, hot",yes
US-Skr,2005,8,-72.576,221.094,137.24,137.015,83.854,FL,forest,17.0,low med,med,1.614,0.379,27.604,12.293,233.371,274.0,58.413,295.427,25.363,-81.078,"Humid Subtropical: dry winter, hot summer","Humid Continental, dry, hot",yes
US-Skr,2005,9,-148.705,245.644,223.133,160.559,22.511,FL,forest,17.0,low med,med,1.53,0.092,28.412,12.6,246.632,274.0,58.413,295.427,25.363,-81.078,"Humid Subtropical: dry winter, hot summer","Humid Continental, dry, hot",yes
US-Skr,2007,3,-33.503,211.678,211.251,128.839,0.428,FL,forest,17.0,low med,med,1.643,0.002,21.935,7.817,232.757,274.0,58.413,295.427,25.363,-81.078,"Humid Subtropical: dry winter, hot summer","Humid Continental, dry, hot",yes
US-Skr,2007,4,-86.565,205.387,89.046,120.012,116.34,FL,forest,17.0,low med,med,1.711,0.566,22.999,8.178,258.106,274.0,58.413,295.427,25.363,-81.078,"Humid Subtropical: dry winter, hot summer","Humid Continental, dry, hot",yes
US-Skr,2007,5,-122.354,278.036,205.967,112.119,72.069,FL,forest,17.0,low med,med,2.48,0.259,24.322,8.45,252.143,274.0,58.413,295.427,25.363,-81.078,"Humid Subtropical: dry winter, hot summer","Humid Continental, dry, hot",yes
US-Skr,2007,6,-70.044,179.84,82.003,127.956,97.837,FL,forest,17.0,low med,med,1.405,0.544,25.832,7.6,225.147,274.0,58.413,295.427,25.363,-81.078,"Humid Subtropical: dry winter, hot summer","Humid Continental, dry, hot",yes
US-Skr,2007,7,-67.801,254.473,224.19,160.051,30.284,FL,forest,17.0,low med,med,1.59,0.119,27.52,7.478,237.945,274.0,58.413,295.427,25.363,-81.078,"Humid Subtropical: dry winter, hot summer","Humid Continental, dry, hot",yes
US-Skr,2007,8,-30.046,230.912,199.546,163.118,31.366,FL,forest,17.0,low med,med,1.416,0.136,27.802,9.026,237.027,274.0,58.413,295.427,25.363,-81.078,"Humid Subtropical: dry winter, hot summer","Humid Continental, dry, hot",yes
US-Skr,2007,9,-51.287,204.77,151.863,141.252,52.907,FL,forest,17.0,low med,med,1.45,0.258,26.279,6.392,196.356,274.0,58.413,295.427,25.363,-81.078,"Humid Subtropical: dry winter, hot summer","Humid Continental, dry, hot",yes
US-Skr,2008,3,-61.741,176.816,125.909,97.836,50.907,FL,forest,17.0,low med,med,1.807,0.288,21.691,5.908,215.998,274.0,58.413,295.427,25.363,-81.078,"Humid Subtropical: dry winter, hot summer","Humid Continental, dry, hot",yes
US-Skr,2008,4,-77.866,195.638,122.331,123.418,73.306,FL,forest,17.0,low med,med,1.585,0.375,22.996,7.32,266.254,274.0,58.413,295.427,25.363,-81.078,"Humid Subtropical: dry winter, hot summer","Humid Continental, dry, hot",yes
US-Skr,2008,5,-81.096,256.579,201.273,131.153,55.306,FL,forest,17.0,low med,med,1.956,0.216,25.672,8.314,276.058,274.0,58.413,295.427,25.363,-81.078,"Humid Subtropical: dry winter, hot summer","Humid Continental, dry, hot",yes
US-Skr,2008,6,-26.847,215.704,187.651,129.567,28.053,FL,forest,17.0,low med,med,1.665,0.13,26.738,7.117,254.48,274.0,58.413,295.427,25.363,-81.078,"Humid Subtropical: dry winter, hot summer","Humid Continental, dry, hot",yes
US-Skr,2008,7,-57.043,218.242,166.216,130.424,52.026,FL,forest,17.0,low med,med,1.673,0.238,26.853,6.798,218.956,274.0,58.413,295.427,25.363,-81.078,"Humid Subtropical: dry winter, hot summer","Humid Continental, dry, hot",yes
US-Skr,2008,8,-71.203,196.72,113.263,143.528,83.457,FL,forest,17.0,low med,med,1.371,0.424,27.761,7.129,212.278,274.0,58.413,295.427,25.363,-81.078,"Humid Subtropical: dry winter, hot summer","Humid Continental, dry, hot",yes
US-Skr,2008,9,-30.302,209.563,168.862,156.486,40.702,FL,forest,17.0,low med,med,1.339,0.194,27.111,7.174,191.495,274.0,58.413,295.427,25.363,-81.078,"Humid Subtropical: dry winter, hot summer","Humid Continental, dry, hot",yes
US-Skr,2009,3,-109.334,207.57,103.446,108.266,104.123,FL,forest,17.0,low med,med,1.917,0.502,20.467,6.264,227.92,274.0,58.413,295.427,25.363,-81.078,"Humid Subtropical: dry winter, hot summer","Humid Continental, dry, hot",yes
US-Skr,2009,4,-109.438,245.712,154.411,131.005,91.302,FL,forest,17.0,low med,med,1.876,0.372,23.521,8.239,277.145,274.0,58.413,295.427,25.363,-81.078,"Humid Subtropical: dry winter, hot summer","Humid Continental, dry, hot",yes
US-Skr,2009,5,-65.261,260.261,216.532,136.283,43.729,FL,forest,17.0,low med,med,1.91,0.168,25.439,7.462,278.066,274.0,58.413,295.427,25.363,-81.078,"Humid Subtropical: dry winter, hot summer","Humid Continental, dry, hot",yes
US-Skr,2009,6,-79.576,226.42,174.961,158.953,51.46,FL,forest,17.0,low med,med,1.424,0.227,26.996,7.044,236.072,274.0,58.413,295.427,25.363,-81.078,"Humid Subtropical: dry winter, hot summer","Humid Continental, dry, hot",yes
US-Skr,2009,7,-37.853,195.223,146.782,169.507,48.441,FL,forest,17.0,low med,med,1.152,0.248,27.721,7.863,235.108,274.0,58.413,295.427,25.363,-81.078,"Humid Subtropical: dry winter, hot summer","Humid Continental, dry, hot",yes
US-Skr,2009,8,-51.039,229.934,183.174,176.61,46.76,FL,forest,17.0,low med,med,1.302,0.203,27.611,7.382,225.287,274.0,58.413,295.427,25.363,-81.078,"Humid Subtropical: dry winter, hot summer","Humid Continental, dry, hot",yes
US-Skr,2009,9,-53.663,215.486,159.377,170.576,56.109,FL,forest,17.0,low med,med,1.263,0.26,27.255,5.561,192.715,274.0,58.413,295.427,25.363,-81.078,"Humid Subtropical: dry winter, hot summer","Humid Continental, dry, hot",yes
US-Skr,2010,3,-85.15,136.572,44.552,90.973,92.02,FL,forest,17.0,low med,med,1.501,0.674,18.138,5.369,228.537,274.0,58.413,295.427,25.363,-81.078,"Humid Subtropical: dry winter, hot summer","Humid Continental, dry, hot",yes
US-Skr,2010,4,-62.084,198.078,150.522,132.367,47.556,FL,forest,17.0,low med,med,1.496,0.24,22.541,6.485,237.717,274.0,58.413,295.427,25.363,-81.078,"Humid Subtropical: dry winter, hot summer","Humid Continental, dry, hot",yes
US-Skr,2010,5,-62.742,276.433,257.711,155.728,18.722,FL,forest,17.0,low med,med,1.775,0.068,26.269,7.468,269.882,274.0,58.413,295.427,25.363,-81.078,"Humid Subtropical: dry winter, hot summer","Humid Continental, dry, hot",yes
US-Skr,2010,6,-55.01,198.47,117.727,162.937,80.743,FL,forest,17.0,low med,med,1.218,0.407,28.366,8.249,243.744,274.0,58.413,295.427,25.363,-81.078,"Humid Subtropical: dry winter, hot summer","Humid Continental, dry, hot",yes
US-Skr,2010,7,-82.25,215.696,102.877,147.981,112.819,FL,forest,17.0,low med,med,1.458,0.523,27.993,7.616,232.217,274.0,58.413,295.427,25.363,-81.078,"Humid Subtropical: dry winter, hot summer","Humid Continental, dry, hot",yes
US-Skr,2010,8,-78.029,199.453,106.652,154.572,92.801,FL,forest,17.0,low med,med,1.29,0.465,28.018,6.363,201.737,274.0,58.413,295.427,25.363,-81.078,"Humid Subtropical: dry winter, hot summer","Humid Continental, dry, hot",yes
US-Skr,2010,9,-77.449,191.304,89.73,123.354,101.573,FL,forest,17.0,low med,med,1.551,0.531,27.172,5.671,190.146,274.0,58.413,295.427,25.363,-81.078,"Humid Subtropical: dry winter, hot summer","Humid Continental, dry, hot",yes
US-Skr,2011,3,-100.289,208.018,129.233,92.954,78.786,FL,forest,17.0,low med,med,2.238,0.379,21.208,6.902,246.175,274.0,58.413,295.427,25.363,-81.078,"Humid Subtropical: dry winter, hot summer","Humid Continental, dry, hot",yes
US-Skr,2011,4,-91.292,259.332,217.768,101.292,41.564,FL,forest,17.0,low med,med,2.56,0.16,24.53,7.848,265.276,274.0,58.413,295.427,25.363,-81.078,"Humid Subtropical: dry winter, hot summer","Humid Continental, dry, hot",yes
US-Skr,2011,5,-73.359,264.201,217.797,114.025,46.404,FL,forest,17.0,low med,med,2.317,0.176,25.385,8.726,267.911,274.0,58.413,295.427,25.363,-81.078,"Humid Subtropical: dry winter, hot summer","Humid Continental, dry, hot",yes
US-Skr,2011,6,-65.189,199.313,106.747,110.599,92.565,FL,forest,17.0,low med,med,1.802,0.464,26.337,8.073,240.311,274.0,58.413,295.427,25.363,-81.078,"Humid Subtropical: dry winter, hot summer","Humid Continental, dry, hot",yes
US-Skr,2011,7,-60.4,200.605,131.785,117.481,68.82,FL,forest,17.0,low med,med,1.708,0.343,27.536,7.385,225.745,274.0,58.413,295.427,25.363,-81.078,"Humid Subtropical: dry winter, hot summer","Humid Continental, dry, hot",yes
US-Skr,2011,8,-85.668,197.1,85.677,130.882,111.424,FL,forest,17.0,low med,med,1.506,0.565,27.561,6.256,191.871,274.0,58.413,295.427,25.363,-81.078,"Humid Subtropical: dry winter, hot summer","Humid Continental, dry, hot",yes
US-Skr,2011,9,-100.892,206.846,141.009,140.02,65.837,FL,forest,17.0,low med,med,1.477,0.318,27.936,8.111,227.835,274.0,58.413,295.427,25.363,-81.078,"Humid Subtropical: dry winter, hot summer","Humid Continental, dry, hot",yes
US-Skr,2018,4,-71.264,228.436,151.748,114.246,76.688,FL,forest,17.0,low med,med,2.0,0.336,25.277,15.709,291.271,274.0,58.413,295.427,25.363,-81.078,"Humid Subtropical: dry winter, hot summer","Humid Continental, dry, hot",yes
US-Skr,2018,5,34.0,171.025,186.634,120.071,-15.609,FL,forest,17.0,low med,med,1.424,-0.091,25.918,11.47,196.592,274.0,58.413,295.427,25.363,-81.078,"Humid Subtropical: dry winter, hot summer","Humid Continental, dry, hot",yes
US-Skr,2018,6,-38.644,252.637,235.151,130.651,17.486,FL,forest,17.0,low med,med,1.934,0.069,28.148,13.262,235.218,274.0,58.413,295.427,25.363,-81.078,"Humid Subtropical: dry winter, hot summer","Humid Continental, dry, hot",yes
US-Skr,2018,7,-72.81,244.041,171.165,141.891,72.875,FL,forest,17.0,low med,med,1.72,0.299,28.537,12.492,234.323,274.0,58.413,295.427,25.363,-81.078,"Humid Subtropical: dry winter, hot summer","Humid Continental, dry, hot",yes
US-Skr,2018,8,-83.893,268.823,201.891,157.837,66.932,FL,forest,17.0,low med,med,1.703,0.249,28.529,12.664,237.578,274.0,58.413,295.427,25.363,-81.078,"Humid Subtropical: dry winter, hot summer","Humid Continental, dry, hot",yes
US-Skr,2018,9,-49.814,241.478,181.831,149.692,59.647,FL,forest,17.0,low med,med,1.613,0.247,28.198,13.431,216.162,274.0,58.413,295.427,25.363,-81.078,"Humid Subtropical: dry winter, hot summer","Humid Continental, dry, hot",yes
US-Skr,2019,3,-108.712,218.808,123.027,107.35,95.781,FL,forest,17.0,low med,med,2.038,0.438,22.499,13.253,248.853,274.0,58.413,295.427,25.363,-81.078,"Humid Subtropical: dry winter, hot summer","Humid Continental, dry, hot",yes
US-Skr,2019,4,-96.407,235.394,148.912,125.695,86.482,FL,forest,17.0,low med,med,1.873,0.367,24.959,13.231,276.055,274.0,58.413,295.427,25.363,-81.078,"Humid Subtropical: dry winter, hot summer","Humid Continental, dry, hot",yes
US-Skr,2019,5,-55.973,248.484,195.775,152.098,52.708,FL,forest,17.0,low med,med,1.634,0.212,27.048,10.706,277.041,274.0,58.413,295.427,25.363,-81.078,"Humid Subtropical: dry winter, hot summer","Humid Continental, dry, hot",yes
US-Skr,2019,6,-96.172,238.016,162.895,131.145,75.121,FL,forest,17.0,low med,med,1.815,0.316,28.239,12.375,252.739,274.0,58.413,295.427,25.363,-81.078,"Humid Subtropical: dry winter, hot summer","Humid Continental, dry, hot",yes
US-Skr,2019,7,-59.775,250.869,200.247,141.623,50.623,FL,forest,17.0,low med,med,1.771,0.202,28.24,11.428,226.414,274.0,58.413,295.427,25.363,-81.078,"Humid Subtropical: dry winter, hot summer","Humid Continental, dry, hot",yes
US-Skr,2019,8,-89.495,212.192,118.346,136.63,93.846,FL,forest,17.0,low med,med,1.553,0.442,28.273,16.806,213.685,274.0,58.413,295.427,25.363,-81.078,"Humid Subtropical: dry winter, hot summer","Humid Continental, dry, hot",yes
US-Skr,2019,9,-84.656,235.219,168.009,145.286,67.21,FL,forest,17.0,low med,med,1.619,0.286,27.832,24.704,234.756,274.0,58.413,295.427,25.363,-81.078,"Humid Subtropical: dry winter, hot summer","Humid Continental, dry, hot",yes
US-Skr,2020,3,-58.238,218.297,153.854,107.207,64.443,FL,forest,17.0,low med,med,2.036,0.295,23.124,19.939,251.035,274.0,58.413,295.427,25.363,-81.078,"Humid Subtropical: dry winter, hot summer","Humid Continental, dry, hot",yes
US-Skr,2020,4,-110.095,274.141,154.354,110.153,119.786,FL,forest,17.0,low med,med,2.489,0.437,26.586,24.291,266.305,274.0,58.413,295.427,25.363,-81.078,"Humid Subtropical: dry winter, hot summer","Humid Continental, dry, hot",yes
US-Skr,2020,5,-66.065,293.351,265.944,136.863,27.407,FL,forest,17.0,low med,med,2.143,0.093,26.118,24.207,253.626,274.0,58.413,295.427,25.363,-81.078,"Humid Subtropical: dry winter, hot summer","Humid Continental, dry, hot",yes
US-Skr,2020,6,-66.689,320.232,288.892,145.01,31.34,FL,forest,17.0,low med,med,2.208,0.098,28.456,26.368,234.076,274.0,58.413,295.427,25.363,-81.078,"Humid Subtropical: dry winter, hot summer","Humid Continental, dry, hot",yes
US-Skr,2020,7,-46.962,320.884,308.8,147.315,12.084,FL,forest,17.0,low med,med,2.178,0.038,28.775,29.02,245.003,274.0,58.413,295.427,25.363,-81.078,"Humid Subtropical: dry winter, hot summer","Humid Continental, dry, hot",yes
US-Skr,2020,8,-162.122,288.932,246.903,191.219,42.029,FL,forest,17.0,low med,med,1.511,0.145,29.772,30.891,272.954,274.0,58.413,295.427,25.363,-81.078,"Humid Subtropical: dry winter, hot summer","Humid Continental, dry, hot",yes
US-Skr,2020,9,-132.879,242.192,188.593,156.944,53.599,FL,forest,17.0,low med,med,1.543,0.221,28.461,24.458,216.387,274.0,58.413,295.427,25.363,-81.078,"Humid Subtropical: dry winter, hot summer","Humid Continental, dry, hot",yes
US-Skr,2021,3,-119.54,283.417,189.272,113.862,94.145,FL,forest,17.0,low med,med,2.489,0.332,22.589,19.968,258.912,274.0,58.413,295.427,25.363,-81.078,"Humid Subtropical: dry winter, hot summer","Humid Continental, dry, hot",yes
US-Skr,2021,4,-108.437,279.278,176.237,125.161,103.041,FL,forest,17.0,low med,med,2.231,0.369,24.108,22.6,264.615,274.0,58.413,295.427,25.363,-81.078,"Humid Subtropical: dry winter, hot summer","Humid Continental, dry, hot",yes
US-Skr,2021,5,-60.885,315.89,262.64,158.492,53.251,FL,forest,17.0,low med,med,1.993,0.169,26.207,26.272,276.381,274.0,58.413,295.427,25.363,-81.078,"Humid Subtropical: dry winter, hot summer","Humid Continental, dry, hot",yes
US-Skr,2021,6,-95.081,288.818,225.371,133.507,63.447,FL,forest,17.0,low med,med,2.163,0.22,27.34,22.642,221.192,274.0,58.413,295.427,25.363,-81.078,"Humid Subtropical: dry winter, hot summer","Humid Continental, dry, hot",yes
US-Skr,2022,4,-129.615,237.985,137.64,115.351,100.346,FL,forest,17.0,low med,med,2.063,0.422,24.564,11.186,265.51,274.0,58.413,295.427,25.363,-81.078,"Humid Subtropical: dry winter, hot summer","Humid Continental, dry, hot",yes
US-Skr,2022,5,-209.646,435.546,304.814,155.93,130.732,FL,forest,17.0,low med,med,2.793,0.3,26.602,11.033,290.93,274.0,58.413,295.427,25.363,-81.078,"Humid Subtropical: dry winter, hot summer","Humid Continental, dry, hot",yes
US-Skr,2022,6,-90.204,336.432,271.435,149.867,64.997,FL,forest,17.0,low med,med,2.245,0.193,27.154,8.03,226.729,274.0,58.413,295.427,25.363,-81.078,"Humid Subtropical: dry winter, hot summer","Humid Continental, dry, hot",yes
US-Skr,2022,7,-56.203,308.182,261.917,163.993,46.265,FL,forest,17.0,low med,med,1.879,0.15,28.246,9.49,252.887,274.0,58.413,295.427,25.363,-81.078,"Humid Subtropical: dry winter, hot summer","Humid Continental, dry, hot",yes
US-Skr,2022,8,-57.107,314.2,265.645,141.415,48.555,FL,forest,17.0,low med,med,2.222,0.155,28.284,8.919,234.738,274.0,58.413,295.427,25.363,-81.078,"Humid Subtropical: dry winter, hot summer","Humid Continental, dry, hot",yes
US-Skr,2022,9,-112.723,182.927,81.823,147.7,101.103,FL,forest,17.0,low med,med,1.238,0.553,27.137,9.322,196.878,274.0,58.413,295.427,25.363,-81.078,"Humid Subtropical: dry winter, hot summer","Humid Continental, dry, hot",yes
US-Srr,2014,3,6.438,30.252,36.429,16.646,-6.177,CA,wetlands,9.0,low,low,1.817,-0.204,13.059,4.954,158.068,166.8,81.159,265.233,38.201,-122.026,"Mediterranean: mild with dry, hot summer","Mediterranean, mild dry, hot",no
US-Srr,2014,4,-21.283,158.883,123.873,79.219,35.01,CA,wetlands,9.0,low,low,2.006,0.22,15.13,6.892,261.839,166.8,81.159,265.233,38.201,-122.026,"Mediterranean: mild with dry, hot summer","Mediterranean, mild dry, hot",no
US-Srr,2014,5,-42.877,204.774,165.879,104.875,38.895,CA,wetlands,9.0,low,low,1.953,0.19,18.339,11.298,328.299,166.8,81.159,265.233,38.201,-122.026,"Mediterranean: mild with dry, hot summer","Mediterranean, mild dry, hot",no
US-Srr,2014,6,-38.598,203.428,154.907,118.334,48.522,CA,wetlands,9.0,low,low,1.719,0.239,19.806,11.833,350.163,166.8,81.159,265.233,38.201,-122.026,"Mediterranean: mild with dry, hot summer","Mediterranean, mild dry, hot",no
US-Srr,2014,7,-38.237,215.827,172.103,120.899,43.725,CA,wetlands,9.0,low,low,1.785,0.203,20.756,11.002,322.201,166.8,81.159,265.233,38.201,-122.026,"Mediterranean: mild with dry, hot summer","Mediterranean, mild dry, hot",no
US-Srr,2014,8,-0.958,182.178,176.608,91.237,5.57,CA,wetlands,9.0,low,low,1.997,0.031,19.932,9.323,285.574,166.8,81.159,265.233,38.201,-122.026,"Mediterranean: mild with dry, hot summer","Mediterranean, mild dry, hot",no
US-Srr,2014,9,4.198,90.558,86.306,60.403,4.253,CA,wetlands,9.0,low,low,1.499,0.047,20.568,10.929,259.758,166.8,81.159,265.233,38.201,-122.026,"Mediterranean: mild with dry, hot summer","Mediterranean, mild dry, hot",no
US-Srr,2015,3,-5.681,48.828,38.189,23.818,10.639,CA,wetlands,9.0,low,low,2.05,0.218,16.64,8.357,256.196,166.8,81.159,265.233,38.201,-122.026,"Mediterranean: mild with dry, hot summer","Mediterranean, mild dry, hot",no
US-Srr,2015,4,-69.286,193.459,114.737,87.483,78.722,CA,wetlands,9.0,low,low,2.211,0.407,14.92,8.25,283.812,166.8,81.159,265.233,38.201,-122.026,"Mediterranean: mild with dry, hot summer","Mediterranean, mild dry, hot",no
US-Srr,2015,5,-100.15,260.869,157.881,89.728,102.988,CA,wetlands,9.0,low,low,2.907,0.395,14.955,5.828,306.948,166.8,81.159,265.233,38.201,-122.026,"Mediterranean: mild with dry, hot summer","Mediterranean, mild dry, hot",no
US-Srr,2015,6,-73.827,252.178,170.606,127.758,81.572,CA,wetlands,9.0,low,low,1.974,0.323,20.06,11.084,336.958,166.8,81.159,265.233,38.201,-122.026,"Mediterranean: mild with dry, hot summer","Mediterranean, mild dry, hot",no
US-Srr,2015,7,-70.45,237.725,164.677,131.724,73.048,CA,wetlands,9.0,low,low,1.805,0.307,20.855,10.775,320.212,166.8,81.159,265.233,38.201,-122.026,"Mediterranean: mild with dry, hot summer","Mediterranean, mild dry, hot",no
US-Srr,2015,8,-13.819,178.68,155.504,107.041,23.177,CA,wetlands,9.0,low,low,1.669,0.13,21.192,11.579,295.675,166.8,81.159,265.233,38.201,-122.026,"Mediterranean: mild with dry, hot summer","Mediterranean, mild dry, hot",no
US-Srr,2015,9,-12.566,90.22,77.638,65.019,12.582,CA,wetlands,9.0,low,low,1.388,0.139,21.455,15.291,244.939,166.8,81.159,265.233,38.201,-122.026,"Mediterranean: mild with dry, hot summer","Mediterranean, mild dry, hot",no
US-Srr,2016,3,-11.459,43.899,22.929,24.055,20.969,CA,wetlands,9.0,low,low,1.825,0.478,13.445,5.972,249.591,166.8,81.159,265.233,38.201,-122.026,"Mediterranean: mild with dry, hot summer","Mediterranean, mild dry, hot",no
US-Srr,2016,4,-50.691,190.897,130.853,86.735,60.045,CA,wetlands,9.0,low,low,2.201,0.315,15.844,7.714,264.205,166.8,81.159,265.233,38.201,-122.026,"Mediterranean: mild with dry, hot summer","Mediterranean, mild dry, hot",no
US-Srr,2016,5,-71.345,278.106,215.093,105.443,63.013,CA,wetlands,9.0,low,low,2.637,0.227,17.216,8.083,292.649,166.8,81.159,265.233,38.201,-122.026,"Mediterranean: mild with dry, hot summer","Mediterranean, mild dry, hot",no
US-Srr,2016,6,-71.701,271.488,191.846,134.242,79.641,CA,wetlands,9.0,low,low,2.022,0.293,20.253,12.66,339.869,166.8,81.159,265.233,38.201,-122.026,"Mediterranean: mild with dry, hot summer","Mediterranean, mild dry, hot",no
US-Srr,2016,7,-95.568,281.328,182.547,140.107,98.781,CA,wetlands,9.0,low,low,2.008,0.351,20.167,11.722,347.92,166.8,81.159,265.233,38.201,-122.026,"Mediterranean: mild with dry, hot summer","Mediterranean, mild dry, hot",no
US-Srr,2016,8,-64.613,219.835,150.994,106.723,68.841,CA,wetlands,9.0,low,low,2.06,0.313,18.833,8.893,303.882,166.8,81.159,265.233,38.201,-122.026,"Mediterranean: mild with dry, hot summer","Mediterranean, mild dry, hot",no
US-Srr,2016,9,5.739,100.281,101.657,56.454,-1.376,CA,wetlands,9.0,low,low,1.776,-0.014,19.373,11.059,258.36,166.8,81.159,265.233,38.201,-122.026,"Mediterranean: mild with dry, hot summer","Mediterranean, mild dry, hot",no
US-Srr,2017,3,-12.206,35.129,20.193,21.644,14.935,CA,wetlands,9.0,low,low,1.623,0.425,14.037,6.806,224.906,166.8,81.159,265.233,38.201,-122.026,"Mediterranean: mild with dry, hot summer","Mediterranean, mild dry, hot",no
US-Srr,2017,4,-85.381,188.247,101.394,83.134,86.853,CA,wetlands,9.0,low,low,2.264,0.461,14.455,6.53,235.244,166.8,81.159,265.233,38.201,-122.026,"Mediterranean: mild with dry, hot summer","Mediterranean, mild dry, hot",no
US-Srr,2017,5,-116.242,286.08,159.333,124.954,126.747,CA,wetlands,9.0,low,low,2.289,0.443,17.237,8.843,320.043,166.8,81.159,265.233,38.201,-122.026,"Mediterranean: mild with dry, hot summer","Mediterranean, mild dry, hot",no
US-Srr,2017,6,-130.137,331.741,196.01,158.533,135.732,CA,wetlands,9.0,low,low,2.093,0.409,19.938,10.837,343.266,166.8,81.159,265.233,38.201,-122.026,"Mediterranean: mild with dry, hot summer","Mediterranean, mild dry, hot",no
US-Srr,2017,7,-124.933,344.484,211.447,189.951,133.037,CA,wetlands,9.0,low,low,1.814,0.386,21.029,12.747,350.666,166.8,81.159,265.233,38.201,-122.026,"Mediterranean: mild with dry, hot summer","Mediterranean, mild dry, hot",no
US-Srr,2017,8,-102.315,295.738,177.373,147.62,118.366,CA,wetlands,9.0,low,low,2.003,0.4,20.652,10.625,294.977,166.8,81.159,265.233,38.201,-122.026,"Mediterranean: mild with dry, hot summer","Mediterranean, mild dry, hot",no
US-Srr,2017,9,-44.67,164.543,117.208,84.07,47.335,CA,wetlands,9.0,low,low,1.957,0.288,21.415,12.21,230.368,166.8,81.159,265.233,38.201,-122.026,"Mediterranean: mild with dry, hot summer","Mediterranean, mild dry, hot",no
US-StJ,2015,5,9.718,77.602,84.144,34.169,-6.542,DE,wetlands,13.0,low med,med,2.271,-0.084,21.114,9.406,289.369,108.8,137.302,266.392,39.088,-75.437,"Humid Subtropical: mild with no dry season, hot summer","Humid Continental, mild, hot",yes
US-StJ,2015,6,-46.217,238.087,202.634,70.471,35.452,DE,wetlands,13.0,low med,med,3.379,0.149,22.911,10.142,245.548,108.8,137.302,266.392,39.088,-75.437,"Humid Subtropical: mild with no dry season, hot summer","Humid Continental, mild, hot",yes
US-StJ,2015,7,-78.329,317.397,275.653,71.201,41.744,DE,wetlands,13.0,low med,med,4.458,0.132,24.661,9.172,255.125,108.8,137.302,266.392,39.088,-75.437,"Humid Subtropical: mild with no dry season, hot summer","Humid Continental, mild, hot",yes
US-StJ,2015,8,-31.834,247.862,172.365,69.44,75.497,DE,wetlands,13.0,low med,med,3.569,0.305,23.688,10.955,248.15,108.8,137.302,266.392,39.088,-75.437,"Humid Subtropical: mild with no dry season, hot summer","Humid Continental, mild, hot",yes
US-StJ,2015,9,10.739,144.594,137.036,41.498,7.558,DE,wetlands,13.0,low med,med,3.484,0.052,22.009,10.664,209.402,108.8,137.302,266.392,39.088,-75.437,"Humid Subtropical: mild with no dry season, hot summer","Humid Continental, mild, hot",yes
US-StJ,2016,5,-17.501,110.327,91.174,33.352,19.152,DE,wetlands,13.0,low med,med,3.308,0.174,19.109,6.746,232.778,108.8,137.302,266.392,39.088,-75.437,"Humid Subtropical: mild with no dry season, hot summer","Humid Continental, mild, hot",yes
US-StJ,2016,6,-90.282,272.598,135.074,92.031,137.524,DE,wetlands,13.0,low med,med,2.962,0.504,22.131,10.14,268.357,108.8,137.302,266.392,39.088,-75.437,"Humid Subtropical: mild with no dry season, hot summer","Humid Continental, mild, hot",yes
US-StJ,2016,7,-77.14,354.547,244.874,87.273,109.673,DE,wetlands,13.0,low med,med,4.063,0.309,25.953,10.169,266.262,108.8,137.302,266.392,39.088,-75.437,"Humid Subtropical: mild with no dry season, hot summer","Humid Continental, mild, hot",yes
US-StJ,2016,8,-36.87,280.263,205.934,77.807,74.329,DE,wetlands,13.0,low med,med,3.602,0.265,25.841,9.527,252.19,108.8,137.302,266.392,39.088,-75.437,"Humid Subtropical: mild with no dry season, hot summer","Humid Continental, mild, hot",yes
US-StJ,2016,9,-0.871,103.797,101.701,25.792,2.096,DE,wetlands,13.0,low med,med,4.024,0.02,23.348,8.198,181.565,108.8,137.302,266.392,39.088,-75.437,"Humid Subtropical: mild with no dry season, hot summer","Humid Continental, mild, hot",yes
US-StJ,2017,5,-5.948,91.525,92.279,25.15,-0.753,DE,wetlands,13.0,low med,med,3.639,-0.008,18.78,5.481,205.297,108.8,137.302,266.392,39.088,-75.437,"Humid Subtropical: mild with no dry season, hot summer","Humid Continental, mild, hot",yes
US-StJ,2017,6,-43.602,321.326,289.993,99.688,31.332,DE,wetlands,13.0,low med,med,3.223,0.098,23.17,9.598,277.817,108.8,137.302,266.392,39.088,-75.437,"Humid Subtropical: mild with no dry season, hot summer","Humid Continental, mild, hot",yes
US-StJ,2017,7,-22.895,355.425,335.977,84.722,19.448,DE,wetlands,13.0,low med,med,4.195,0.055,25.165,7.615,255.644,108.8,137.302,266.392,39.088,-75.437,"Humid Subtropical: mild with no dry season, hot summer","Humid Continental, mild, hot",yes
US-StJ,2017,8,-35.05,299.46,268.861,70.02,30.599,DE,wetlands,13.0,low med,med,4.277,0.102,22.923,6.472,227.897,108.8,137.302,266.392,39.088,-75.437,"Humid Subtropical: mild with no dry season, hot summer","Humid Continental, mild, hot",yes
US-StJ,2017,9,5.207,149.498,151.698,35.678,-2.2,DE,wetlands,13.0,low med,med,4.19,-0.015,20.324,5.929,193.997,108.8,137.302,266.392,39.088,-75.437,"Humid Subtropical: mild with no dry season, hot summer","Humid Continental, mild, hot",yes
US-StS,2015,6,0.425,168.379,166.354,97.56,2.024,SC,wetlands,3.0,very low,low,1.726,0.012,27.262,10.056,289.016,60.6,156.75,221.4,33.33,-79.249,"Humid Subtropical: mild with no dry season, hot summer","Humid Continental, mild, hot",no
US-StS,2015,7,11.45,164.35,158.907,107.647,5.443,SC,wetlands,3.0,very low,low,1.527,0.033,27.014,8.728,271.869,60.6,156.75,221.4,33.33,-79.249,"Humid Subtropical: mild with no dry season, hot summer","Humid Continental, mild, hot",no
US-StS,2015,8,-5.288,43.489,34.519,27.67,8.97,SC,wetlands,3.0,very low,low,1.572,0.206,26.306,7.686,214.986,60.6,156.75,221.4,33.33,-79.249,"Humid Subtropical: mild with no dry season, hot summer","Humid Continental, mild, hot",no
US-TaS,2017,5,-27.384,35.011,10.672,40.316,24.34,FL,wetlands,31.0,high,high,0.868,0.695,28.445,11.892,303.519,96.767,139.61,224.793,25.191,-80.639,"Humid Subtropical: dry winter, hot summer","Humid Continental, dry, hot",yes
US-TaS,2017,6,-45.696,73.31,32.169,94.421,41.141,FL,wetlands,31.0,high,high,0.776,0.561,28.324,10.303,237.513,96.767,139.61,224.793,25.191,-80.639,"Humid Subtropical: dry winter, hot summer","Humid Continental, dry, hot",yes
US-TaS,2017,7,-19.676,52.944,16.536,120.294,36.408,FL,wetlands,31.0,high,high,0.44,0.688,29.211,10.471,255.62,96.767,139.61,224.793,25.191,-80.639,"Humid Subtropical: dry winter, hot summer","Humid Continental, dry, hot",yes
US-TaS,2017,8,-15.312,28.488,13.555,48.196,14.933,FL,wetlands,31.0,high,high,0.591,0.524,29.653,9.884,293.499,96.767,139.61,224.793,25.191,-80.639,"Humid Subtropical: dry winter, hot summer","Humid Continental, dry, hot",yes
US-TaS,2018,5,-17.923,22.955,10.178,29.586,12.777,FL,wetlands,31.0,high,high,0.776,0.557,26.013,6.721,161.993,96.767,139.61,224.793,25.191,-80.639,"Humid Subtropical: dry winter, hot summer","Humid Continental, dry, hot",yes
US-TaS,2018,6,-31.528,59.974,26.683,109.198,33.291,FL,wetlands,31.0,high,high,0.549,0.555,28.167,8.895,261.08,96.767,139.61,224.793,25.191,-80.639,"Humid Subtropical: dry winter, hot summer","Humid Continental, dry, hot",yes
US-TaS,2018,7,-30.796,62.656,26.631,108.563,36.025,FL,wetlands,31.0,high,high,0.577,0.575,28.992,11.156,256.381,96.767,139.61,224.793,25.191,-80.639,"Humid Subtropical: dry winter, hot summer","Humid Continental, dry, hot",yes
US-TaS,2018,8,-7.294,25.019,13.737,41.083,11.282,FL,wetlands,31.0,high,high,0.609,0.451,28.819,11.548,262.239,96.767,139.61,224.793,25.191,-80.639,"Humid Subtropical: dry winter, hot summer","Humid Continental, dry, hot",yes
US-TaS,2019,5,-7.554,26.927,18.005,37.643,8.922,FL,wetlands,31.0,high,high,0.715,0.331,27.294,13.195,316.588,96.767,139.61,224.793,25.191,-80.639,"Humid Subtropical: dry winter, hot summer","Humid Continental, dry, hot",yes
US-TaS,2019,6,-32.218,65.646,21.88,102.265,43.766,FL,wetlands,31.0,high,high,0.642,0.667,28.814,11.761,263.527,96.767,139.61,224.793,25.191,-80.639,"Humid Subtropical: dry winter, hot summer","Humid Continental, dry, hot",yes
US-TaS,2019,7,-19.719,59.686,30.989,106.034,28.697,FL,wetlands,31.0,high,high,0.563,0.481,29.083,12.369,265.41,96.767,139.61,224.793,25.191,-80.639,"Humid Subtropical: dry winter, hot summer","Humid Continental, dry, hot",yes
US-TaS,2019,8,-10.252,19.075,6.033,32.837,13.041,FL,wetlands,31.0,high,high,0.581,0.684,28.855,10.726,216.832,96.767,139.61,224.793,25.191,-80.639,"Humid Subtropical: dry winter, hot summer","Humid Continental, dry, hot",yes
US-TaS,2020,5,-15.875,27.17,8.032,43.096,19.138,FL,wetlands,31.0,high,high,0.63,0.704,27.924,9.622,258.792,96.767,139.61,224.793,25.191,-80.639,"Humid Subtropical: dry winter, hot summer","Humid Continental, dry, hot",yes
US-TaS,2020,6,-6.922,65.167,40.734,100.547,24.433,FL,wetlands,31.0,high,high,0.648,0.375,28.77,10.336,259.521,96.767,139.61,224.793,25.191,-80.639,"Humid Subtropical: dry winter, hot summer","Humid Continental, dry, hot",yes
US-TaS,2020,7,-0.755,70.418,32.394,112.705,38.024,FL,wetlands,31.0,high,high,0.625,0.54,28.766,10.431,258.055,96.767,139.61,224.793,25.191,-80.639,"Humid Subtropical: dry winter, hot summer","Humid Continental, dry, hot",yes
US-TaS,2020,8,-2.626,22.294,12.915,42.036,9.379,FL,wetlands,31.0,high,high,0.53,0.421,29.686,11.529,286.524,96.767,139.61,224.793,25.191,-80.639,"Humid Subtropical: dry winter, hot summer","Humid Continental, dry, hot",yes
US-TaS,2021,5,-16.088,21.311,2.664,44.245,18.647,FL,wetlands,31.0,high,high,0.482,0.875,25.939,10.318,306.881,96.767,139.61,224.793,25.191,-80.639,"Humid Subtropical: dry winter, hot summer","Humid Continental, dry, hot",yes
US-TaS,2021,6,-42.194,73.499,36.288,112.465,37.211,FL,wetlands,31.0,high,high,0.654,0.506,27.876,9.127,245.689,96.767,139.61,224.793,25.191,-80.639,"Humid Subtropical: dry winter, hot summer","Humid Continental, dry, hot",yes
US-TaS,2021,7,-26.066,77.592,52.805,123.797,24.787,FL,wetlands,31.0,high,high,0.627,0.319,28.728,9.985,273.987,96.767,139.61,224.793,25.191,-80.639,"Humid Subtropical: dry winter, hot summer","Humid Continental, dry, hot",yes
US-TaS,2021,8,-3.531,23.468,8.125,48.65,15.344,FL,wetlands,31.0,high,high,0.482,0.654,29.507,11.3,279.467,96.767,139.61,224.793,25.191,-80.639,"Humid Subtropical: dry winter, hot summer","Humid Continental, dry, hot",yes
US-TaS,2022,5,-20.595,40.783,12.677,47.654,28.106,FL,wetlands,31.0,high,high,0.856,0.689,27.836,11.423,269.49,96.767,139.61,224.793,25.191,-80.639,"Humid Subtropical: dry winter, hot summer","Humid Continental, dry, hot",yes
US-TaS,2022,6,-77.434,128.169,38.626,106.952,89.543,FL,wetlands,31.0,high,high,1.198,0.699,27.729,11.162,259.761,96.767,139.61,224.793,25.191,-80.639,"Humid Subtropical: dry winter, hot summer","Humid Continental, dry, hot",yes
US-TaS,2022,7,-107.481,224.069,158.188,131.545,65.881,FL,wetlands,31.0,high,high,1.703,0.294,28.563,13.012,278.937,96.767,139.61,224.793,25.191,-80.639,"Humid Subtropical: dry winter, hot summer","Humid Continental, dry, hot",yes
US-TaS,2022,8,-63.781,111.405,62.417,44.659,48.988,FL,wetlands,31.0,high,high,2.495,0.44,28.621,13.061,271.814,96.767,139.61,224.793,25.191,-80.639,"Humid Subtropical: dry winter, hot summer","Humid Continental, dry, hot",yes
US-TaS,2023,5,-11.463,103.268,140.886,26.624,-37.618,FL,wetlands,31.0,high,high,3.879,-0.364,27.031,7.177,251.615,96.767,139.61,224.793,25.191,-80.639,"Humid Subtropical: dry winter, hot summer","Humid Continental, dry, hot",yes
US-TaS,2023,6,-41.855,228.378,304.141,74.234,-75.763,FL,wetlands,31.0,high,high,3.076,-0.332,29.057,7.748,248.793,96.767,139.61,224.793,25.191,-80.639,"Humid Subtropical: dry winter, hot summer","Humid Continental, dry, hot",yes
US-TaS,2023,7,-6.642,26.345,31.762,7.155,-5.417,FL,wetlands,31.0,high,high,3.682,-0.206,30.619,8.171,303.985,96.767,139.61,224.793,25.191,-80.639,"Humid Subtropical: dry winter, hot summer","Humid Continental, dry, hot",yes
US-Tw1,2011,5,-33.598,67.894,32.003,24.556,35.891,CA,wetlands,0.2,very low,low,2.765,0.529,14.365,6.16,288.576,140.6,141.205,291.99,38.107,-121.647,"Mediterranean: mild with dry, hot summer","Mediterranean, mild dry, hot",no
US-Tw1,2011,6,-126.616,260.166,123.997,109.719,136.169,CA,wetlands,0.2,very low,low,2.371,0.523,19.396,10.232,320.591,140.6,141.205,291.99,38.107,-121.647,"Mediterranean: mild with dry, hot summer","Mediterranean, mild dry, hot",no
US-Tw1,2011,7,-193.826,321.547,122.178,161.076,199.369,CA,wetlands,0.2,very low,low,1.996,0.62,21.203,11.276,350.338,140.6,141.205,291.99,38.107,-121.647,"Mediterranean: mild with dry, hot summer","Mediterranean, mild dry, hot",no
US-Tw1,2011,8,-191.167,304.283,98.611,151.317,205.673,CA,wetlands,0.2,very low,low,2.011,0.676,20.614,10.289,316.656,140.6,141.205,291.99,38.107,-121.647,"Mediterranean: mild with dry, hot summer","Mediterranean, mild dry, hot",no
US-Tw1,2011,9,-136.677,221.027,73.968,125.058,147.06,CA,wetlands,0.2,very low,low,1.767,0.665,20.845,11.066,246.105,140.6,141.205,291.99,38.107,-121.647,"Mediterranean: mild with dry, hot summer","Mediterranean, mild dry, hot",no
US-Tw1,2012,7,-151.757,385.6,177.603,142.042,207.997,CA,wetlands,0.2,very low,low,2.715,0.539,21.027,12.367,351.035,140.6,141.205,291.99,38.107,-121.647,"Mediterranean: mild with dry, hot summer","Mediterranean, mild dry, hot",no
US-Tw1,2012,8,-229.708,399.975,200.956,228.607,199.019,CA,wetlands,0.2,very low,low,1.75,0.498,21.603,13.314,312.696,140.6,141.205,291.99,38.107,-121.647,"Mediterranean: mild with dry, hot summer","Mediterranean, mild dry, hot",no
US-Tw1,2012,9,-138.947,276.552,149.491,150.004,127.062,CA,wetlands,0.2,very low,low,1.844,0.459,19.814,11.615,254.375,140.6,141.205,291.99,38.107,-121.647,"Mediterranean: mild with dry, hot summer","Mediterranean, mild dry, hot",no
US-Tw1,2013,5,-22.05,73.765,53.641,36.741,20.124,CA,wetlands,0.2,very low,low,2.008,0.273,17.472,10.373,340.684,140.6,141.205,291.99,38.107,-121.647,"Mediterranean: mild with dry, hot summer","Mediterranean, mild dry, hot",no
US-Tw1,2013,6,-123.443,286.664,174.942,157.968,111.722,CA,wetlands,0.2,very low,low,1.815,0.39,21.313,13.31,342.548,140.6,141.205,291.99,38.107,-121.647,"Mediterranean: mild with dry, hot summer","Mediterranean, mild dry, hot",no
US-Tw1,2013,7,-194.374,415.465,226.533,209.218,188.932,CA,wetlands,0.2,very low,low,1.986,0.455,21.581,12.897,346.13,140.6,141.205,291.99,38.107,-121.647,"Mediterranean: mild with dry, hot summer","Mediterranean, mild dry, hot",no
US-Tw1,2013,8,-210.301,379.386,155.272,190.528,224.114,CA,wetlands,0.2,very low,low,1.991,0.591,20.909,11.049,315.436,140.6,141.205,291.99,38.107,-121.647,"Mediterranean: mild with dry, hot summer","Mediterranean, mild dry, hot",no
US-Tw1,2013,9,-117.67,239.707,95.484,151.711,144.223,CA,wetlands,0.2,very low,low,1.58,0.602,20.126,11.244,242.722,140.6,141.205,291.99,38.107,-121.647,"Mediterranean: mild with dry, hot summer","Mediterranean, mild dry, hot",no
US-Tw1,2014,5,-14.019,71.916,61.001,45.858,10.914,CA,wetlands,0.2,very low,low,1.568,0.152,20.863,15.306,362.868,140.6,141.205,291.99,38.107,-121.647,"Mediterranean: mild with dry, hot summer","Mediterranean, mild dry, hot",no
US-Tw1,2014,6,-96.223,261.775,174.235,159.49,87.541,CA,wetlands,0.2,very low,low,1.641,0.334,21.533,14.857,363.085,140.6,141.205,291.99,38.107,-121.647,"Mediterranean: mild with dry, hot summer","Mediterranean, mild dry, hot",no
US-Tw1,2014,7,-177.859,319.636,134.21,176.749,185.427,CA,wetlands,0.2,very low,low,1.808,0.58,22.018,13.361,328.443,140.6,141.205,291.99,38.107,-121.647,"Mediterranean: mild with dry, hot summer","Mediterranean, mild dry, hot",no
US-Tw1,2014,8,-167.511,309.045,131.229,163.361,177.816,CA,wetlands,0.2,very low,low,1.892,0.575,20.995,11.467,291.003,140.6,141.205,291.99,38.107,-121.647,"Mediterranean: mild with dry, hot summer","Mediterranean, mild dry, hot",no
US-Tw1,2014,9,-89.053,213.131,99.263,133.141,113.868,CA,wetlands,0.2,very low,low,1.601,0.534,20.472,10.915,240.923,140.6,141.205,291.99,38.107,-121.647,"Mediterranean: mild with dry, hot summer","Mediterranean, mild dry, hot",no
US-Tw1,2015,5,-12.295,46.327,32.258,27.645,14.068,CA,wetlands,0.2,very low,low,1.676,0.304,16.682,8.172,329.018,140.6,141.205,291.99,38.107,-121.647,"Mediterranean: mild with dry, hot summer","Mediterranean, mild dry, hot",no
US-Tw1,2015,6,-58.963,189.574,130.962,143.658,58.612,CA,wetlands,0.2,very low,low,1.32,0.309,21.611,14.167,333.361,140.6,141.205,291.99,38.107,-121.647,"Mediterranean: mild with dry, hot summer","Mediterranean, mild dry, hot",no
US-Tw1,2015,7,-127.726,282.943,159.637,170.56,123.306,CA,wetlands,0.2,very low,low,1.659,0.436,21.654,12.623,316.53,140.6,141.205,291.99,38.107,-121.647,"Mediterranean: mild with dry, hot summer","Mediterranean, mild dry, hot",no
US-Tw1,2015,8,-115.289,271.487,141.219,160.021,130.268,CA,wetlands,0.2,very low,low,1.697,0.48,21.364,12.173,290.109,140.6,141.205,291.99,38.107,-121.647,"Mediterranean: mild with dry, hot summer","Mediterranean, mild dry, hot",no
US-Tw1,2015,9,-93.813,208.011,103.987,133.702,104.025,CA,wetlands,0.2,very low,low,1.556,0.5,20.527,13.57,219.248,140.6,141.205,291.99,38.107,-121.647,"Mediterranean: mild with dry, hot summer","Mediterranean, mild dry, hot",no
US-Tw1,2016,5,-25.306,82.38,62.2,41.071,20.18,CA,wetlands,0.2,very low,low,2.006,0.245,18.546,11.901,344.121,140.6,141.205,291.99,38.107,-121.647,"Mediterranean: mild with dry, hot summer","Mediterranean, mild dry, hot",no
US-Tw1,2016,6,-111.06,265.467,160.818,164.334,104.65,CA,wetlands,0.2,very low,low,1.615,0.394,21.175,15.284,363.306,140.6,141.205,291.99,38.107,-121.647,"Mediterranean: mild with dry, hot summer","Mediterranean, mild dry, hot",no
US-Tw1,2016,7,-175.503,314.776,136.012,192.936,178.765,CA,wetlands,0.2,very low,low,1.632,0.568,21.341,14.253,360.488,140.6,141.205,291.99,38.107,-121.647,"Mediterranean: mild with dry, hot summer","Mediterranean, mild dry, hot",no
US-Tw1,2016,8,-195.094,329.401,131.639,166.804,197.762,CA,wetlands,0.2,very low,low,1.975,0.6,19.727,11.274,316.528,140.6,141.205,291.99,38.107,-121.647,"Mediterranean: mild with dry, hot summer","Mediterranean, mild dry, hot",no
US-Tw1,2016,9,-129.558,233.466,96.625,135.919,136.841,CA,wetlands,0.2,very low,low,1.718,0.586,19.262,12.175,259.104,140.6,141.205,291.99,38.107,-121.647,"Mediterranean: mild with dry, hot summer","Mediterranean, mild dry, hot",no
US-Tw1,2017,5,-36.833,76.532,44.427,32.023,32.104,CA,wetlands,0.2,very low,low,2.39,0.419,17.736,9.555,326.599,140.6,141.205,291.99,38.107,-121.647,"Mediterranean: mild with dry, hot summer","Mediterranean, mild dry, hot",no
US-Tw1,2017,6,-138.482,277.181,136.453,148.969,140.728,CA,wetlands,0.2,very low,low,1.861,0.508,21.048,13.491,352.163,140.6,141.205,291.99,38.107,-121.647,"Mediterranean: mild with dry, hot summer","Mediterranean, mild dry, hot",no
US-Tw1,2017,7,-233.914,358.297,118.292,193.542,240.005,CA,wetlands,0.2,very low,low,1.851,0.67,22.489,15.341,358.732,140.6,141.205,291.99,38.107,-121.647,"Mediterranean: mild with dry, hot summer","Mediterranean, mild dry, hot",no
US-Tw1,2017,8,-243.386,355.13,117.832,162.893,237.299,CA,wetlands,0.2,very low,low,2.18,0.668,21.319,12.425,304.221,140.6,141.205,291.99,38.107,-121.647,"Mediterranean: mild with dry, hot summer","Mediterranean, mild dry, hot",no
US-Tw1,2017,9,-167.63,283.763,131.176,128.653,152.587,CA,wetlands,0.2,very low,low,2.206,0.538,20.033,11.599,242.208,140.6,141.205,291.99,38.107,-121.647,"Mediterranean: mild with dry, hot summer","Mediterranean, mild dry, hot",no
US-Tw1,2018,5,-10.033,41.891,36.328,26.861,5.563,CA,wetlands,0.2,very low,low,1.56,0.133,16.902,9.793,314.304,140.6,141.205,291.99,38.107,-121.647,"Mediterranean: mild with dry, hot summer","Mediterranean, mild dry, hot",no
US-Tw1,2018,6,-122.998,244.893,121.676,144.333,123.217,CA,wetlands,0.2,very low,low,1.697,0.503,20.178,13.624,369.796,140.6,141.205,291.99,38.107,-121.647,"Mediterranean: mild with dry, hot summer","Mediterranean, mild dry, hot",no
US-Tw1,2018,7,-223.647,379.977,158.939,201.785,221.038,CA,wetlands,0.2,very low,low,1.883,0.582,21.677,13.969,342.557,140.6,141.205,291.99,38.107,-121.647,"Mediterranean: mild with dry, hot summer","Mediterranean, mild dry, hot",no
US-Tw1,2018,8,-247.178,390.911,148.545,170.462,242.366,CA,wetlands,0.2,very low,low,2.293,0.62,19.894,11.463,299.381,140.6,141.205,291.99,38.107,-121.647,"Mediterranean: mild with dry, hot summer","Mediterranean, mild dry, hot",no
US-Tw1,2018,9,-182.459,275.569,85.517,141.614,190.052,CA,wetlands,0.2,very low,low,1.946,0.69,18.659,11.166,261.55,140.6,141.205,291.99,38.107,-121.647,"Mediterranean: mild with dry, hot summer","Mediterranean, mild dry, hot",no
US-Tw1,2019,5,11.153,37.765,49.669,22.478,-11.904,CA,wetlands,0.2,very low,low,1.68,-0.315,15.519,8.113,329.592,140.6,141.205,291.99,38.107,-121.647,"Mediterranean: mild with dry, hot summer","Mediterranean, mild dry, hot",no
US-Tw1,2019,6,-10.397,195.036,197.377,118.082,-2.341,CA,wetlands,0.2,very low,low,1.652,-0.012,19.704,13.662,361.43,140.6,141.205,291.99,38.107,-121.647,"Mediterranean: mild with dry, hot summer","Mediterranean, mild dry, hot",no
US-Tw1,2019,7,-57.623,253.106,194.376,146.703,58.73,CA,wetlands,0.2,very low,low,1.725,0.232,20.305,13.238,355.044,140.6,141.205,291.99,38.107,-121.647,"Mediterranean: mild with dry, hot summer","Mediterranean, mild dry, hot",no
US-Tw1,2019,8,-87.975,223.993,136.193,143.619,87.8,CA,wetlands,0.2,very low,low,1.56,0.392,21.037,13.488,317.397,140.6,141.205,291.99,38.107,-121.647,"Mediterranean: mild with dry, hot summer","Mediterranean, mild dry, hot",no
US-Tw1,2019,9,-42.21,180.34,136.784,111.501,43.556,CA,wetlands,0.2,very low,low,1.617,0.242,18.384,11.131,255.761,140.6,141.205,291.99,38.107,-121.647,"Mediterranean: mild with dry, hot summer","Mediterranean, mild dry, hot",no
US-Tw1,2020,5,2.805,54.117,54.449,39.678,-0.332,CA,wetlands,0.2,very low,low,1.364,-0.006,21.385,15.384,342.741,140.6,141.205,291.99,38.107,-121.647,"Mediterranean: mild with dry, hot summer","Mediterranean, mild dry, hot",no
US-Tw1,2020,6,-85.518,259.942,167.845,160.84,92.098,CA,wetlands,0.2,very low,low,1.616,0.354,20.944,13.834,358.085,140.6,141.205,291.99,38.107,-121.647,"Mediterranean: mild with dry, hot summer","Mediterranean, mild dry, hot",no
US-Tw1,2020,7,-148.159,330.393,142.552,202.607,187.841,CA,wetlands,0.2,very low,low,1.631,0.569,19.518,11.665,358.518,140.6,141.205,291.99,38.107,-121.647,"Mediterranean: mild with dry, hot summer","Mediterranean, mild dry, hot",no
US-Tw1,2020,8,-80.702,330.807,202.169,184.957,128.638,CA,wetlands,0.2,very low,low,1.789,0.389,21.156,12.912,286.267,140.6,141.205,291.99,38.107,-121.647,"Mediterranean: mild with dry, hot summer","Mediterranean, mild dry, hot",no
US-Tw1,2020,9,-13.98,223.053,184.225,119.951,38.828,CA,wetlands,0.2,very low,low,1.86,0.174,19.58,11.511,222.564,140.6,141.205,291.99,38.107,-121.647,"Mediterranean: mild with dry, hot summer","Mediterranean, mild dry, hot",no
US-Tw1,2021,5,4.568,36.854,41.755,30.091,-4.9,CA,wetlands,0.2,very low,low,1.225,-0.133,19.776,12.799,363.37,140.6,141.205,291.99,38.107,-121.647,"Mediterranean: mild with dry, hot summer","Mediterranean, mild dry, hot",no
US-Tw1,2021,6,-83.165,202.685,118.8,132.57,83.884,CA,wetlands,0.2,very low,low,1.529,0.414,21.07,12.447,369.406,140.6,141.205,291.99,38.107,-121.647,"Mediterranean: mild with dry, hot summer","Mediterranean, mild dry, hot",no
US-Tw1,2021,7,-174.982,325.955,144.891,190.816,181.063,CA,wetlands,0.2,very low,low,1.708,0.555,21.881,12.673,347.525,140.6,141.205,291.99,38.107,-121.647,"Mediterranean: mild with dry, hot summer","Mediterranean, mild dry, hot",no
US-Tw1,2021,8,-147.906,355.189,200.118,174.778,155.071,CA,wetlands,0.2,very low,low,2.032,0.437,21.309,11.29,294.43,140.6,141.205,291.99,38.107,-121.647,"Mediterranean: mild with dry, hot summer","Mediterranean, mild dry, hot",no
US-Tw1,2021,9,-87.203,258.48,157.872,134.315,100.607,CA,wetlands,0.2,very low,low,1.924,0.389,20.494,11.669,259.812,140.6,141.205,291.99,38.107,-121.647,"Mediterranean: mild with dry, hot summer","Mediterranean, mild dry, hot",no
US-Tw1,2022,5,7.444,27.446,33.401,25.37,-5.955,CA,wetlands,0.2,very low,low,1.082,-0.217,20.474,14.396,352.812,140.6,141.205,291.99,38.107,-121.647,"Mediterranean: mild with dry, hot summer","Mediterranean, mild dry, hot",no
US-Tw1,2022,6,-57.567,170.307,110.769,123.972,59.538,CA,wetlands,0.2,very low,low,1.374,0.35,22.289,15.651,351.534,140.6,141.205,291.99,38.107,-121.647,"Mediterranean: mild with dry, hot summer","Mediterranean, mild dry, hot",no
US-Tw1,2022,7,-176.237,299.743,113.843,179.57,185.899,CA,wetlands,0.2,very low,low,1.669,0.62,21.803,13.052,352.039,140.6,141.205,291.99,38.107,-121.647,"Mediterranean: mild with dry, hot summer","Mediterranean, mild dry, hot",no
US-Tw1,2022,8,-205.866,341.925,124.329,199.819,217.596,CA,wetlands,0.2,very low,low,1.711,0.636,22.46,12.914,316.072,140.6,141.205,291.99,38.107,-121.647,"Mediterranean: mild with dry, hot summer","Mediterranean, mild dry, hot",no
US-Tw1,2022,9,-131.546,274.314,130.34,150.579,143.974,CA,wetlands,0.2,very low,low,1.822,0.525,22.029,13.152,245.069,140.6,141.205,291.99,38.107,-121.647,"Mediterranean: mild with dry, hot summer","Mediterranean, mild dry, hot",no
US-Tw1,2023,5,7.284,23.825,32.376,10.563,-8.551,CA,wetlands,0.2,very low,low,2.256,-0.359,15.692,6.708,335.716,140.6,141.205,291.99,38.107,-121.647,"Mediterranean: mild with dry, hot summer","Mediterranean, mild dry, hot",no
US-Tw1,2023,6,-60.124,169.197,109.235,90.583,59.962,CA,wetlands,0.2,very low,low,1.868,0.354,18.459,8.91,349.9,140.6,141.205,291.99,38.107,-121.647,"Mediterranean: mild with dry, hot summer","Mediterranean, mild dry, hot",no
US-Tw1,2023,7,-184.702,278.633,98.888,183.688,179.746,CA,wetlands,0.2,very low,low,1.517,0.645,22.439,13.786,362.087,140.6,141.205,291.99,38.107,-121.647,"Mediterranean: mild with dry, hot summer","Mediterranean, mild dry, hot",no
US-Tw1,2023,8,-245.14,340.439,92.339,177.493,248.1,CA,wetlands,0.2,very low,low,1.918,0.729,22.78,12.545,307.15,140.6,141.205,291.99,38.107,-121.647,"Mediterranean: mild with dry, hot summer","Mediterranean, mild dry, hot",no
US-Tw1,2023,9,-189.692,246.11,37.405,118.584,208.705,CA,wetlands,0.2,very low,low,2.075,0.848,19.192,9.719,252.299,140.6,141.205,291.99,38.107,-121.647,"Mediterranean: mild with dry, hot summer","Mediterranean, mild dry, hot",no
