"difference_type","water_class","Trans_ratio","month_f","site_name","Trans_ratio_z","diff_ecosystem","difference_label","ecosystem_label","smooth_prediction","smooth_se","smooth_lower","smooth_upper","linear_prediction","linear_se","linear_lower","linear_upper"
"WUE_ET_minus_WUE_T","Upland",0.213383506141938,"7","US-A03",-1.94944566045055,"WUE_ET_minus_WUE_T__Upland","WUE_ET - WUE_T","Upland",-7.33339086888185,0.346798454441939,-8.01311583958805,-6.65366589817565,-6.64851265395231,0.32743698730333,-7.29028914906684,-6.00673615883779
"WUE_ET_minus_WUE_E","Upland",0.213383506141938,"7","US-A03",-1.94944566045055,"WUE_ET_minus_WUE_E__Upland","WUE_ET - WUE_E","Upland",-1.099872716717,0.346789618594799,-1.7795803691628,-0.420165064271191,-1.19606019557485,0.327436987303329,-1.83783669068937,-0.554283700460322
"WUE_E_minus_WUE_T","Upland",0.213383506141938,"7","US-A03",-1.94944566045055,"WUE_E_minus_WUE_T__Upland","WUE_E - WUE_T","Upland",-6.70190238713466,0.349148194429378,-7.38623284821624,-6.01757192605308,-6.66239116391493,0.32743698730333,-7.30416765902946,-6.02061466880041
"WUE_ET_minus_WUE_T","Freshwater",0.213383506141938,"7","US-A03",-1.94944566045055,"WUE_ET_minus_WUE_T__Freshwater","WUE_ET - WUE_T","Freshwater wetland",-3.66491716180941,0.416001114355266,-4.48027934594573,-2.84955497767309,-4.1858336924202,0.382256008887422,-4.93505546983955,-3.43661191500085
"WUE_ET_minus_WUE_E","Freshwater",0.213383506141938,"7","US-A03",-1.94944566045055,"WUE_ET_minus_WUE_E__Freshwater","WUE_ET - WUE_E","Freshwater wetland",-1.17609710783007,0.482366840850213,-2.12153611589649,-0.230658099763652,1.6075189724458,0.382256008887422,0.858297195026458,2.35674074986515
"WUE_E_minus_WUE_T","Freshwater",0.213383506141938,"7","US-A03",-1.94944566045055,"WUE_E_minus_WUE_T__Freshwater","WUE_E - WUE_T","Freshwater wetland",-3.58255159627358,0.481624026268255,-4.52653468775936,-2.63856850478781,-5.62786668707986,0.382256008887423,-6.37708846449921,-4.87864490966052
"WUE_ET_minus_WUE_T","Saline",0.213383506141938,"7","US-A03",-1.94944566045055,"WUE_ET_minus_WUE_T__Saline","WUE_ET - WUE_T","Saline wetland",-5.10033159676039,0.473978054297577,-6.02932858318364,-4.17133461033714,-4.53775699946348,0.434400662582074,-5.38918229812434,-3.68633170080261
"WUE_ET_minus_WUE_E","Saline",0.213383506141938,"7","US-A03",-1.94944566045055,"WUE_ET_minus_WUE_E__Saline","WUE_ET - WUE_E","Saline wetland",-0.526293469305746,0.468140238761021,-1.44384833727735,0.391261398665855,1.62331903231289,0.434400662582073,0.771893733652029,2.47474433097376
"WUE_E_minus_WUE_T","Saline",0.213383506141938,"7","US-A03",-1.94944566045055,"WUE_E_minus_WUE_T__Saline","WUE_E - WUE_T","Saline wetland",-4.56824936239798,0.431928931119761,-5.41483006739271,-3.72166865740324,-6.12915672894111,0.434400662582073,-6.98058202760198,-5.27773143028025
"WUE_ET_minus_WUE_T","Upland",0.21926296312766,"7","US-A03",-1.91592856749341,"WUE_ET_minus_WUE_T__Upland","WUE_ET - WUE_T","Upland",-7.12223950559985,0.347047487854273,-7.80245258179422,-6.44202642940547,-6.5799920053716,0.325516515868152,-7.21800437647317,-5.94197963427002
"WUE_ET_minus_WUE_E","Upland",0.21926296312766,"7","US-A03",-1.91592856749341,"WUE_ET_minus_WUE_E__Upland","WUE_ET - WUE_E","Upland",-1.11417435233342,0.347039503431401,-1.79437177905897,-0.433976925607873,-1.25418426874988,0.325516515868152,-1.89219663985146,-0.616171897648303
"WUE_E_minus_WUE_T","Upland",0.21926296312766,"7","US-A03",-1.91592856749341,"WUE_E_minus_WUE_T__Upland","WUE_E - WUE_T","Upland",-6.45621690187673,0.349819879475686,-7.14186386564908,-5.77056993810439,-6.51679637692696,0.325516515868153,-7.15480874802854,-5.87878400582539
"WUE_ET_minus_WUE_T","Freshwater",0.21926296312766,"7","US-A03",-1.91592856749341,"WUE_ET_minus_WUE_T__Freshwater","WUE_ET - WUE_T","Freshwater wetland",-3.62958484765093,0.410868894553313,-4.43488788097543,-2.82428181432644,-4.14547817388651,0.379934477580311,-4.89014974994392,-3.4008065978291
"WUE_ET_minus_WUE_E","Freshwater",0.21926296312766,"7","US-A03",-1.91592856749341,"WUE_ET_minus_WUE_E__Freshwater","WUE_ET - WUE_E","Freshwater wetland",-1.15024088326372,0.471845091193139,-2.07505726200227,-0.225424504525164,1.52122976922374,0.37993447758031,0.776558193166331,2.26590134528115
"WUE_E_minus_WUE_T","Freshwater",0.21926296312766,"7","US-A03",-1.91592856749341,"WUE_E_minus_WUE_T__Freshwater","WUE_E - WUE_T","Freshwater wetland",-3.54194516334263,0.470989886377085,-4.46508534064172,-2.61880498604355,-5.51043703013892,0.379934477580311,-6.25510860619633,-4.76576545408151
"WUE_ET_minus_WUE_T","Saline",0.21926296312766,"7","US-A03",-1.91592856749341,"WUE_ET_minus_WUE_T__Saline","WUE_ET - WUE_T","Saline wetland",-4.98851436636053,0.46558197215691,-5.90105503178808,-4.07597370093299,-4.48888485770292,0.431167128608858,-5.33397242977628,-3.64379728562956
"WUE_ET_minus_WUE_E","Saline",0.21926296312766,"7","US-A03",-1.91592856749341,"WUE_ET_minus_WUE_E__Saline","WUE_ET - WUE_E","Saline wetland",-0.540297584145412,0.460452754865151,-1.44278498368111,0.362189815390283,1.5455464523177,0.431167128608857,0.700458880244343,2.39063402439106
"WUE_E_minus_WUE_T","Saline",0.21926296312766,"7","US-A03",-1.91592856749341,"WUE_E_minus_WUE_T__Saline","WUE_E - WUE_T","Saline wetland",-4.47139282804229,0.428250242640144,-5.31076330361697,-3.63202235246761,-6.0032104487733,0.431167128608858,-6.84829802084666,-5.15812287669994
"WUE_ET_minus_WUE_T","Upland",0.225142420113382,"7","US-A03",-1.88241147453627,"WUE_ET_minus_WUE_T__Upland","WUE_ET - WUE_T","Upland",-6.91555890825805,0.347650484411804,-7.59695385770519,-6.23416395881091,-6.51147135679088,0.323617926251925,-7.14576249224465,-5.87718022133711
"WUE_ET_minus_WUE_E","Upland",0.225142420113382,"7","US-A03",-1.88241147453627,"WUE_ET_minus_WUE_E__Upland","WUE_ET - WUE_E","Upland",-1.1277199693359,0.34764386241459,-1.80910193966849,-0.446337999003301,-1.31230834192491,0.323617926251924,-1.94659947737869,-0.678017206471143
"WUE_E_minus_WUE_T","Upland",0.225142420113382,"7","US-A03",-1.88241147453627,"WUE_E_minus_WUE_T__Upland","WUE_E - WUE_T","Upland",-6.21647397793574,0.350830761440051,-6.90410227035824,-5.52884568551324,-6.37120158993899,0.323617926251925,-7.00549272539277,-5.73691045448522
"WUE_ET_minus_WUE_T","Freshwater",0.225142420113382,"7","US-A03",-1.88241147453627,"WUE_ET_minus_WUE_T__Freshwater","WUE_ET - WUE_T","Freshwater wetland",-3.59420121304834,0.405900142796026,-4.38976549292855,-2.79863693316813,-4.10512265535282,0.377639867160937,-4.84529679498826,-3.36494851571738
"WUE_ET_minus_WUE_E","Freshwater",0.225142420113382,"7","US-A03",-1.88241147453627,"WUE_ET_minus_WUE_E__Freshwater","WUE_ET - WUE_E","Freshwater wetland",-1.12579826920458,0.462562805359722,-2.03242136770964,-0.219175170699528,1.43494056600168,0.377639867160937,0.694766426366242,2.17511470563711
"WUE_E_minus_WUE_T","Freshwater",0.225142420113382,"7","US-A03",-1.88241147453627,"WUE_E_minus_WUE_T__Freshwater","WUE_E - WUE_T","Freshwater wetland",-3.5001300479067,0.461560135725684,-4.40478791392904,-2.59547218188436,-5.39300737319798,0.377639867160937,-6.13318151283342,-4.65283323356254
"WUE_ET_minus_WUE_T","Saline",0.225142420113382,"7","US-A03",-1.88241147453627,"WUE_ET_minus_WUE_T__Saline","WUE_ET - WUE_T","Saline wetland",-4.87786896652532,0.458112277043177,-5.77576902952995,-3.97996890352069,-4.44001271594236,0.42797683513593,-5.27884731280878,-3.60117811907593
"WUE_ET_minus_WUE_E","Saline",0.225142420113382,"7","US-A03",-1.88241147453627,"WUE_ET_minus_WUE_E__Saline","WUE_ET - WUE_E","Saline wetland",-0.554669108254586,0.453377923680799,-1.44328983866895,0.33395162215978,1.46777387232251,0.427976835135929,0.628939275456093,2.30660846918893
"WUE_E_minus_WUE_T","Saline",0.225142420113382,"7","US-A03",-1.88241147453627,"WUE_E_minus_WUE_T__Saline","WUE_E - WUE_T","Saline wetland",-4.37454266176384,0.424627912932064,-5.20681337111069,-3.542271952417,-5.87726416860548,0.427976835135929,-6.7160987654719,-5.03842957173906
"WUE_ET_minus_WUE_T","Upland",0.231021877099105,"7","US-A03",-1.84889438157912,"WUE_ET_minus_WUE_T__Upland","WUE_ET - WUE_T","Upland",-6.71362021634155,0.348473407719966,-7.39662809547268,-6.03061233721042,-6.44295070821016,0.321741605827171,-7.07356425563142,-5.81233716078891
"WUE_ET_minus_WUE_E","Upland",0.231021877099105,"7","US-A03",-1.84889438157912,"WUE_ET_minus_WUE_E__Upland","WUE_ET - WUE_E","Upland",-1.14050316596015,0.348468534900492,-1.82350149436512,-0.457504837555189,-1.37043241509995,0.321741605827171,-2.0010459625212,-0.739818867678692
"WUE_E_minus_WUE_T","Upland",0.231021877099105,"7","US-A03",-1.84889438157912,"WUE_E_minus_WUE_T__Upland","WUE_E - WUE_T","Upland",-5.98298956589289,0.352032440270984,-6.67297314882402,-5.29300598296176,-6.22560680295102,0.321741605827172,-6.85622035037228,-5.59499325552977
"WUE_ET_minus_WUE_T","Freshwater",0.231021877099105,"7","US-A03",-1.84889438157912,"WUE_ET_minus_WUE_T__Freshwater","WUE_ET - WUE_T","Freshwater wetland",-3.55876475334291,0.4010928152875,-4.34490667130641,-2.77262283537941,-4.06476713681913,0.375372671322595,-4.80049757261142,-3.32903670102685
"WUE_ET_minus_WUE_E","Freshwater",0.231021877099105,"7","US-A03",-1.84889438157912,"WUE_ET_minus_WUE_E__Freshwater","WUE_ET - WUE_E","Freshwater wetland",-1.10285966592063,0.454402447775012,-1.99348846355965,-0.212230868281606,1.34865136277962,0.375372671322595,0.612920926987329,2.0843817985719
"WUE_E_minus_WUE_T","Freshwater",0.231021877099105,"7","US-A03",-1.84889438157912,"WUE_E_minus_WUE_T__Freshwater","WUE_E - WUE_T","Freshwater wetland",-3.45704382896075,0.453227072849168,-4.34536889174512,-2.56871876617638,-5.27557771625704,0.375372671322596,-6.01130815204933,-4.53984728046475
"WUE_ET_minus_WUE_T","Saline",0.231021877099105,"7","US-A03",-1.84889438157912,"WUE_ET_minus_WUE_T__Saline","WUE_ET - WUE_T","Saline wetland",-4.76847723657584,0.451502593390077,-5.65342231962039,-3.88353215353129,-4.39114057418179,0.424830756316233,-5.22380885656161,-3.55847229180198
"WUE_ET_minus_WUE_E","Saline",0.231021877099105,"7","US-A03",-1.84889438157912,"WUE_ET_minus_WUE_E__Saline","WUE_ET - WUE_E","Saline wetland",-0.569431736380325,0.446884600610784,-1.44532555357746,0.306462080816811,1.39000129232732,0.424830756316232,0.557333009947509,2.22266957470714
"WUE_E_minus_WUE_T","Saline",0.231021877099105,"7","US-A03",-1.84889438157912,"WUE_E_minus_WUE_T__Saline","WUE_E - WUE_T","Saline wetland",-4.277699374735,0.421062728646076,-5.10298232288131,-3.45241642658869,-5.75131788843767,0.424830756316233,-6.58398617081748,-4.91864960605785
"WUE_ET_minus_WUE_T","Upland",0.236901334084827,"7","US-A03",-1.81537728862198,"WUE_ET_minus_WUE_T__Upland","WUE_ET - WUE_T","Upland",-6.51668009901865,0.349390565522894,-7.20148560744352,-5.83187459059378,-6.37443005962945,0.31988794645765,-7.00141043468644,-5.74744968457245
"WUE_ET_minus_WUE_E","Upland",0.236901334084827,"7","US-A03",-1.81537728862198,"WUE_ET_minus_WUE_E__Upland","WUE_ET - WUE_E","Upland",-1.1525274008798,0.34938770796784,-1.83732730849677,-0.467727493262833,-1.42855648827498,0.31988794645765,-2.05553686333198,-0.80157611321799
"WUE_E_minus_WUE_T","Upland",0.236901334084827,"7","US-A03",-1.81537728862198,"WUE_E_minus_WUE_T__Upland","WUE_E - WUE_T","Upland",-5.75605215495645,0.353287054751315,-6.44849478226902,-5.06360952764387,-6.08001201596305,0.319887946457651,-6.70699239102005,-5.45303164090606
"WUE_ET_minus_WUE_T","Freshwater",0.236901334084827,"7","US-A03",-1.81537728862198,"WUE_ET_minus_WUE_T__Freshwater","WUE_ET - WUE_T","Freshwater wetland",-3.52327441830437,0.396444360238142,-4.30030536437113,-2.74624347223762,-4.02441161828544,0.373133389786838,-4.75575306226765,-3.29307017430324
"WUE_ET_minus_WUE_E","Freshwater",0.236901334084827,"7","US-A03",-1.81537728862198,"WUE_ET_minus_WUE_E__Freshwater","WUE_ET - WUE_E","Freshwater wetland",-1.08151220046125,0.447231870626894,-1.95808666688996,-0.204937734032537,1.26236215955755,0.373133389786838,0.531020715575351,1.99370360353975
"WUE_E_minus_WUE_T","Freshwater",0.236901334084827,"7","US-A03",-1.81537728862198,"WUE_E_minus_WUE_T__Freshwater","WUE_E - WUE_T","Freshwater wetland",-3.41262948879777,0.445868806603612,-4.28653234974085,-2.53872662785469,-5.1581480593161,0.373133389786839,-5.8894895032983,-4.42680661533389
"WUE_ET_minus_WUE_T","Saline",0.236901334084827,"7","US-A03",-1.81537728862198,"WUE_ET_minus_WUE_T__Saline","WUE_ET - WUE_T","Saline wetland",-4.66041909567963,0.445677718959982,-5.53394742484119,-3.78689076651806,-4.34226843242123,0.421729881666659,-5.16885900048788,-3.51567786435458
"WUE_ET_minus_WUE_E","Saline",0.236901334084827,"7","US-A03",-1.81537728862198,"WUE_ET_minus_WUE_E__Saline","WUE_ET - WUE_E","Saline wetland",-0.584608225699792,0.440937158683063,-1.44884505671859,0.279628605319011,1.31222871233213,0.421729881666659,0.485638144265483,2.13881928039878
"WUE_E_minus_WUE_T","Saline",0.236901334084827,"7","US-A03",-1.81537728862198,"WUE_E_minus_WUE_T__Saline","WUE_E - WUE_T","Saline wetland",-4.18086347877656,0.417555456491425,-4.99927217349976,-3.36245478405337,-5.62537160826985,0.421729881666659,-6.45196217633651,-4.7987810402032
"WUE_ET_minus_WUE_T","Upland",0.242780791070549,"7","US-A03",-1.78186019566484,"WUE_ET_minus_WUE_T__Upland","WUE_ET - WUE_T","Upland",-6.32497729450091,0.350287997273166,-7.01154176915632,-5.63841281984551,-6.30590941104873,0.318057344354023,-6.92930180598261,-5.68251701611485
"WUE_ET_minus_WUE_E","Upland",0.242780791070549,"7","US-A03",-1.78186019566484,"WUE_ET_minus_WUE_E__Upland","WUE_ET - WUE_E","Upland",-1.16380767239023,0.35028730775511,-1.85037079559024,-0.477244549190212,-1.48668056145002,0.318057344354022,-2.1100729563839,-0.863288166516132
"WUE_E_minus_WUE_T","Upland",0.242780791070549,"7","US-A03",-1.78186019566484,"WUE_E_minus_WUE_T__Upland","WUE_E - WUE_T","Upland",-5.53591697120271,0.354470851899019,-6.23067984092478,-4.84115410148063,-5.93441722897508,0.318057344354023,-6.55780962390897,-5.3110248340412
"WUE_ET_minus_WUE_T","Freshwater",0.242780791070549,"7","US-A03",-1.78186019566484,"WUE_ET_minus_WUE_T__Freshwater","WUE_ET - WUE_T","Freshwater wetland",-3.48772969431864,0.391951817869302,-4.25595525734247,-2.71950413129481,-3.98405609975176,0.370922528114964,-4.71106425485709,-3.25704794464643
"WUE_ET_minus_WUE_E","Freshwater",0.242780791070549,"7","US-A03",-1.78186019566484,"WUE_ET_minus_WUE_E__Freshwater","WUE_ET - WUE_E","Freshwater wetland",-1.06183888091706,0.440909854123318,-1.92602219499876,-0.197655566835356,1.17607295633549,0.370922528114963,0.449064801230164,1.90308111144082
"WUE_E_minus_WUE_T","Freshwater",0.242780791070549,"7","US-A03",-1.78186019566484,"WUE_E_minus_WUE_T__Freshwater","WUE_E - WUE_T","Freshwater wetland",-3.36683649228406,0.439354277170981,-4.22797087553918,-2.50570210902893,-5.04071840237516,0.370922528114964,-5.76772655748049,-4.31371024726983
"WUE_ET_minus_WUE_T","Saline",0.242780791070549,"7","US-A03",-1.78186019566484,"WUE_ET_minus_WUE_T__Saline","WUE_ET - WUE_T","Saline wetland",-4.5537719002566,0.440556339676458,-5.41726232602245,-3.69028147449074,-4.29339629066067,0.418675215588435,-5.11399971321401,-3.47279286810734
"WUE_ET_minus_WUE_E","Saline",0.242780791070549,"7","US-A03",-1.78186019566484,"WUE_ET_minus_WUE_E__Saline","WUE_ET - WUE_E","Saline wetland",-0.600220156557288,0.435496616355511,-1.45379352461409,0.253353211499513,1.23445613233695,0.418675215588435,0.413852709783614,2.05505955489028
"WUE_E_minus_WUE_T","Saline",0.242780791070549,"7","US-A03",-1.78186019566484,"WUE_E_minus_WUE_T__Saline","WUE_E - WUE_T","Saline wetland",-4.08403548435914,0.414106850071207,-4.8956849104987,-3.27238605821957,-5.49942532810204,0.418675215588435,-6.32002875065537,-4.67882190554871
"WUE_ET_minus_WUE_T","Upland",0.248660248056272,"7","US-A03",-1.74834310270769,"WUE_ET_minus_WUE_T__Upland","WUE_ET - WUE_T","Upland",-6.13873525337965,0.351064980628415,-6.82682261541134,-5.45064789134796,-6.23738876246801,0.316250199914829,-6.85723915430108,-5.61753837063495
"WUE_ET_minus_WUE_E","Upland",0.248660248056272,"7","US-A03",-1.74834310270769,"WUE_ET_minus_WUE_E__Upland","WUE_ET - WUE_E","Upland",-1.17436822749506,0.351066508337025,-1.86245858383563,-0.486277871154489,-1.54480463462505,0.316250199914829,-2.16465502645812,-0.924954242791985
"WUE_E_minus_WUE_T","Upland",0.248660248056272,"7","US-A03",-1.74834310270769,"WUE_E_minus_WUE_T__Upland","WUE_E - WUE_T","Upland",-5.32281154520422,0.355475610077271,-6.01954374095567,-4.62607934945277,-5.78882244198711,0.31625019991483,-6.40867283382018,-5.16897205015405
"WUE_ET_minus_WUE_T","Freshwater",0.248660248056272,"7","US-A03",-1.74834310270769,"WUE_ET_minus_WUE_T__Freshwater","WUE_ET - WUE_T","Freshwater wetland",-3.45213050285784,0.387611880067047,-4.21184978778926,-2.69241121792643,-3.94370058121807,0.368740597499109,-4.66643215231632,-3.22096901011982
"WUE_ET_minus_WUE_E","Freshwater",0.248660248056272,"7","US-A03",-1.74834310270769,"WUE_ET_minus_WUE_E__Freshwater","WUE_ET - WUE_E","Freshwater wetland",-1.04391915093703,0.435291084471728,-1.89708967650162,-0.190748625372444,1.08978375311343,0.368740597499109,0.367052182015179,1.81251532421168
"WUE_E_minus_WUE_T","Freshwater",0.248660248056272,"7","US-A03",-1.74834310270769,"WUE_E_minus_WUE_T__Freshwater","WUE_E - WUE_T","Freshwater wetland",-3.31961964257821,0.433547819651748,-4.16937336909563,-2.46986591606078,-4.92328874543422,0.368740597499109,-5.64602031653247,-4.20055717433596
"WUE_ET_minus_WUE_T","Saline",0.248660248056272,"7","US-A03",-1.74834310270769,"WUE_ET_minus_WUE_T__Saline","WUE_ET - WUE_T","Saline wetland",-4.44861066484309,0.436053541518146,-5.30327560621866,-3.59394572346753,-4.24452414890011,0.415667776817698,-5.0592329914628,-3.42981530633742
"WUE_ET_minus_WUE_E","Saline",0.248660248056272,"7","US-A03",-1.74834310270769,"WUE_ET_minus_WUE_E__Saline","WUE_ET - WUE_E","Saline wetland",-0.616288096485683,0.430521638184696,-1.46011050732769,0.227534314356321,1.15668355234176,0.415667776817698,0.34197470977907,1.97139239490444
"WUE_E_minus_WUE_T","Saline",0.248660248056272,"7","US-A03",-1.74834310270769,"WUE_E_minus_WUE_T__Saline","WUE_E - WUE_T","Saline wetland",-3.98721589895408,0.410717654256924,-4.79222250129765,-3.18220929661051,-5.37347904793422,0.415667776817698,-6.18818789049691,-4.55877020537154
"WUE_ET_minus_WUE_T","Upland",0.254539705041994,"7","US-A03",-1.71482600975055,"WUE_ET_minus_WUE_T__Upland","WUE_ET - WUE_T","Upland",-5.95816285075351,0.351635164510153,-6.64736777319341,-5.26895792831361,-6.1688681138873,0.31446691755223,-6.78522327228967,-5.55251295548493
"WUE_ET_minus_WUE_E","Upland",0.254539705041994,"7","US-A03",-1.71482600975055,"WUE_ET_minus_WUE_E__Upland","WUE_ET - WUE_E","Upland",-1.18424159178481,0.351638866017946,-1.87345376917999,-0.495029414389636,-1.60292870780008,0.31446691755223,-2.21928386620245,-0.986573549397713
"WUE_E_minus_WUE_T","Upland",0.254539705041994,"7","US-A03",-1.71482600975055,"WUE_E_minus_WUE_T__Upland","WUE_E - WUE_T","Upland",-5.11693760724743,0.356209655949021,-5.81510853290751,-4.41876668158735,-5.64322765499914,0.31446691755223,-6.25958281340152,-5.02687249659677
"WUE_ET_minus_WUE_T","Freshwater",0.254539705041994,"7","US-A03",-1.71482600975055,"WUE_ET_minus_WUE_T__Freshwater","WUE_ET - WUE_T","Freshwater wetland",-3.41647716062553,0.383420964442986,-4.16798225093378,-2.66497207031727,-3.90334506268438,0.366588114532138,-4.62185776716737,-3.18483235820139
"WUE_ET_minus_WUE_E","Freshwater",0.254539705041994,"7","US-A03",-1.71482600975055,"WUE_ET_minus_WUE_E__Freshwater","WUE_ET - WUE_E","Freshwater wetland",-1.02782900859904,0.430231023005188,-1.87108181368921,-0.18457620350887,1.00349454989137,0.366588114532138,0.284981845408378,1.72200725437436
"WUE_E_minus_WUE_T","Freshwater",0.254539705041994,"7","US-A03",-1.71482600975055,"WUE_E_minus_WUE_T__Freshwater","WUE_E - WUE_T","Freshwater wetland",-3.27093865706092,0.428313682808373,-4.11043347536533,-2.43144383875651,-4.80585908849327,0.366588114532139,-5.52437179297627,-4.08734638401028
"WUE_ET_minus_WUE_T","Saline",0.254539705041994,"7","US-A03",-1.71482600975055,"WUE_ET_minus_WUE_T__Saline","WUE_ET - WUE_T","Saline wetland",-4.34500803178576,0.432083333214123,-5.19189136488544,-3.49812469868608,-4.19565200713955,0.412708597802626,-5.0045608588327,-3.3867431554464
"WUE_ET_minus_WUE_E","Saline",0.254539705041994,"7","US-A03",-1.71482600975055,"WUE_ET_minus_WUE_E__Saline","WUE_ET - WUE_E","Saline wetland",-0.6328316440393,0.425969587546509,-1.46773203563046,0.202068747551858,1.07891097234657,0.412708597802625,0.270002120653423,1.88781982403971
"WUE_E_minus_WUE_T","Saline",0.254539705041994,"7","US-A03",-1.71482600975055,"WUE_E_minus_WUE_T__Saline","WUE_E - WUE_T","Saline wetland",-3.89040522552599,0.407388610197569,-4.68888690151322,-3.09192354953875,-5.24753276776641,0.412708597802626,-6.05644161945956,-4.43862391607327
"WUE_ET_minus_WUE_T","Upland",0.260419162027716,"7","US-A03",-1.68130891679341,"WUE_ET_minus_WUE_T__Upland","WUE_ET - WUE_T","Upland",-5.78344111407375,0.351929719400797,-6.47322336409931,-5.09365886404818,-6.10034746530658,0.312707905501967,-6.71325496009044,-5.48743997052272
"WUE_ET_minus_WUE_E","Upland",0.260419162027716,"7","US-A03",-1.68130891679341,"WUE_ET_minus_WUE_E__Upland","WUE_ET - WUE_E","Upland",-1.19347539224632,0.351935470881664,-1.88326891517438,-0.503681869318256,-1.66105278097512,0.312707905501967,-2.27396027575897,-1.04814528619126
"WUE_E_minus_WUE_T","Upland",0.260419162027716,"7","US-A03",-1.68130891679341,"WUE_E_minus_WUE_T__Upland","WUE_E - WUE_T","Upland",-4.91844839422276,0.356601181337413,-5.61738670964409,-4.21951007880143,-5.49763286801117,0.312707905501968,-6.11054036279503,-4.88472537322732
"WUE_ET_minus_WUE_T","Freshwater",0.260419162027716,"7","US-A03",-1.68130891679341,"WUE_ET_minus_WUE_T__Freshwater","WUE_ET - WUE_T","Freshwater wetland",-3.38077071450179,0.379375388340574,-4.12434647564932,-2.63719495335427,-3.86298954415069,0.364465600955536,-4.57734212202354,-3.14863696627784
"WUE_ET_minus_WUE_E","Freshwater",0.260419162027716,"7","US-A03",-1.68130891679341,"WUE_ET_minus_WUE_E__Freshwater","WUE_ET - WUE_E","Freshwater wetland",-1.01363780618799,0.425592516041095,-1.84779913762854,-0.179476474747448,0.917205346669306,0.364465600955536,0.202852768796455,1.63155792454216
"WUE_E_minus_WUE_T","Freshwater",0.260419162027716,"7","US-A03",-1.68130891679341,"WUE_E_minus_WUE_T__Freshwater","WUE_E - WUE_T","Freshwater wetland",-3.22076240790476,0.423522210772689,-4.05086594101923,-2.39065887479029,-4.68842943155233,0.364465600955536,-5.40278200942518,-3.97407685367948
"WUE_ET_minus_WUE_T","Saline",0.260419162027716,"7","US-A03",-1.68130891679341,"WUE_ET_minus_WUE_T__Saline","WUE_ET - WUE_T","Saline wetland",-4.24303193116991,0.428562048537264,-5.08301354630295,-3.40305031603688,-4.14677986537899,0.409798724003562,-4.94998536442597,-3.34357436633201
"WUE_ET_minus_WUE_E","Saline",0.260419162027716,"7","US-A03",-1.68130891679341,"WUE_ET_minus_WUE_E__Saline","WUE_ET - WUE_E","Saline wetland",-0.649868547862479,0.421798121713804,-1.47659286642154,0.176855770696577,1.00113839235138,0.409798724003561,0.197932893304399,1.80434389139836
"WUE_E_minus_WUE_T","Saline",0.260419162027716,"7","US-A03",-1.68130891679341,"WUE_E_minus_WUE_T__Saline","WUE_E - WUE_T","Saline wetland",-3.79360395629691,0.404120465908085,-4.58568006947676,-3.00152784311707,-5.1215864875986,0.409798724003562,-5.92479198664558,-4.31838098855162
"WUE_ET_minus_WUE_T","Upland",0.266298619013439,"7","US-A03",-1.64779182383626,"WUE_ET_minus_WUE_T__Upland","WUE_ET - WUE_T","Upland",-5.61471951267803,0.35189836567134,-6.30444030939386,-4.92499871596221,-6.03182681672586,0.310973575617043,-6.64133502493527,-5.42231860851646
"WUE_ET_minus_WUE_E","Upland",0.266298619013439,"7","US-A03",-1.64779182383626,"WUE_ET_minus_WUE_E__Upland","WUE_ET - WUE_E","Upland",-1.20213374772999,0.351905975705466,-1.89186946011271,-0.512398035347281,-1.71917685415015,0.310973575617043,-2.32868506235956,-1.10966864594075
"WUE_E_minus_WUE_T","Upland",0.266298619013439,"7","US-A03",-1.64779182383626,"WUE_E_minus_WUE_T__Upland","WUE_E - WUE_T","Upland",-4.72744287984566,0.356599208701427,-5.42637732890046,-4.02850843079086,-5.3520380810232,0.310973575617043,-5.96154628923261,-4.7425298728138
"WUE_ET_minus_WUE_T","Freshwater",0.266298619013439,"7","US-A03",-1.64779182383626,"WUE_ET_minus_WUE_T__Freshwater","WUE_ET - WUE_T","Freshwater wetland",-3.34501301845306,0.375471483830373,-4.0809371267606,-2.60908891014553,-3.822634025617,0.362373583384546,-4.53288624905072,-3.11238180218329
"WUE_ET_minus_WUE_E","Freshwater",0.266298619013439,"7","US-A03",-1.64779182383626,"WUE_ET_minus_WUE_E__Freshwater","WUE_ET - WUE_E","Freshwater wetland",-1.00140730866811,0.421250785773594,-1.82705884878435,-0.175755768551861,0.830916143447242,0.362373583384546,0.120663920013531,1.54116836688095
"WUE_E_minus_WUE_T","Freshwater",0.266298619013439,"7","US-A03",-1.64779182383626,"WUE_E_minus_WUE_T__Freshwater","WUE_E - WUE_T","Freshwater wetland",-3.16906993825327,0.419054592233407,-3.99041693903075,-2.34772293747579,-4.57099977461139,0.362373583384546,-5.2812519980451,-3.86074755117768
"WUE_ET_minus_WUE_T","Saline",0.266298619013439,"7","US-A03",-1.64779182383626,"WUE_ET_minus_WUE_T__Saline","WUE_ET - WUE_T","Saline wetland",-4.14274480294182,0.425411052189279,-4.97655046523281,-3.30893914065084,-4.09790772361843,0.406939213112698,-4.89550858131932,-3.30030686591754
"WUE_ET_minus_WUE_E","Saline",0.266298619013439,"7","US-A03",-1.64779182383626,"WUE_ET_minus_WUE_E__Saline","WUE_ET - WUE_E","Saline wetland",-0.667414468467951,0.41796646074501,-1.48662873152817,0.151799794592268,0.923365812356188,0.406939213112697,0.125764954655301,1.72096667005707
"WUE_E_minus_WUE_T","Saline",0.266298619013439,"7","US-A03",-1.64779182383626,"WUE_E_minus_WUE_T__Saline","WUE_E - WUE_T","Saline wetland",-3.69681256953341,0.400913983265992,-4.48260397673475,-2.91102116233206,-4.99564020743078,0.406939213112698,-5.79324106513167,-4.19803934972989
"WUE_ET_minus_WUE_T","Upland",0.272178075999161,"7","US-A03",-1.61427473087912,"WUE_ET_minus_WUE_T__Upland","WUE_ET - WUE_T","Upland",-5.45212321628876,0.351507967522908,-6.14107883263366,-4.76316759994387,-5.96330616814515,0.309264343144607,-6.56946428070858,-5.35714805558172
"WUE_ET_minus_WUE_E","Upland",0.272178075999161,"7","US-A03",-1.61427473087912,"WUE_ET_minus_WUE_E__Upland","WUE_ET - WUE_E","Upland",-1.21029294719848,0.351517189393105,-1.89926663840897,-0.521319255987996,-1.77730092732518,0.309264343144607,-2.38345903988861,-1.17114281476175
"WUE_E_minus_WUE_T","Upland",0.272178075999161,"7","US-A03",-1.61427473087912,"WUE_E_minus_WUE_T__Upland","WUE_E - WUE_T","Upland",-4.54397884020108,0.356171875499887,-5.24207571618086,-3.8458819642213,-5.20644329403523,0.309264343144608,-5.81260140659866,-4.6002851814718
"WUE_ET_minus_WUE_T","Freshwater",0.272178075999161,"7","US-A03",-1.61427473087912,"WUE_ET_minus_WUE_T__Freshwater","WUE_ET - WUE_T","Freshwater wetland",-3.30920653162436,0.371705627306588,-4.03774956114527,-2.58066350210345,-3.78227850708332,0.360312593009816,-4.48849118938256,-3.07606582478408
"WUE_ET_minus_WUE_E","Freshwater",0.272178075999161,"7","US-A03",-1.61427473087912,"WUE_ET_minus_WUE_E__Freshwater","WUE_ET - WUE_E","Freshwater wetland",-0.991193388797499,0.417095730622447,-1.80870102081749,-0.173685756777503,0.74462694022518,0.360312593009816,0.0384142579259401,1.45083962252442
"WUE_E_minus_WUE_T","Freshwater",0.272178075999161,"7","US-A03",-1.61427473087912,"WUE_E_minus_WUE_T__Freshwater","WUE_E - WUE_T","Freshwater wetland",-3.11584795117832,0.41480514899203,-3.9288660432027,-2.30282985915394,-4.45357011767045,0.360312593009817,-5.15978279996969,-3.74735743537121
"WUE_ET_minus_WUE_T","Saline",0.272178075999161,"7","US-A03",-1.61427473087912,"WUE_ET_minus_WUE_T__Saline","WUE_ET - WUE_T","Saline wetland",-4.04420473755644,0.422558198453937,-4.87241880652615,-3.21599066858672,-4.04903558185787,0.404131134190021,-4.84113260487031,-3.25693855884543
"WUE_ET_minus_WUE_E","Saline",0.272178075999161,"7","US-A03",-1.61427473087912,"WUE_ET_minus_WUE_E__Saline","WUE_ET - WUE_E","Saline wetland",-0.685483471109724,0.414436061879646,-1.49777815239383,0.126811210174381,0.845593232361001,0.40413113419002,0.0534962093485616,1.63769025537344
"WUE_E_minus_WUE_T","Saline",0.272178075999161,"7","US-A03",-1.61427473087912,"WUE_E_minus_WUE_T__Saline","WUE_E - WUE_T","Saline wetland",-3.60003153130334,0.397769939710796,-4.3796606131365,-2.82040244947018,-4.86969392726297,0.404131134190021,-5.66179095027541,-4.07759690425053
"WUE_ET_minus_WUE_T","Upland",0.278057532984883,"7","US-A03",-1.58075763792198,"WUE_ET_minus_WUE_T__Upland","WUE_ET - WUE_T","Upland",-5.29574072506672,0.350744060121407,-5.98319908290468,-4.60828236722876,-5.89478551956443,0.307580626485605,-6.49764354747622,-5.29192749165264
"WUE_ET_minus_WUE_E","Upland",0.278057532984883,"7","US-A03",-1.58075763792198,"WUE_ET_minus_WUE_E__Upland","WUE_ET - WUE_E","Upland",-1.21804673022675,0.350754604509798,-1.90552575506595,-0.530567705387544,-1.83542500050022,0.307580626485605,-2.438283028412,-1.23256697258843
"WUE_E_minus_WUE_T","Upland",0.278057532984883,"7","US-A03",-1.58075763792198,"WUE_E_minus_WUE_T__Upland","WUE_E - WUE_T","Upland",-4.36805288916994,0.355308056076055,-5.06445667907901,-3.67164909926087,-5.06084850704726,0.307580626485605,-5.66370653495905,-4.45799047913548
"WUE_ET_minus_WUE_T","Freshwater",0.278057532984883,"7","US-A03",-1.58075763792198,"WUE_ET_minus_WUE_T__Freshwater","WUE_ET - WUE_T","Freshwater wetland",-3.27335459973605,0.368074383609806,-3.99478039161127,-2.55192880786083,-3.74192298854963,0.358283165274874,-4.44415799248838,-3.03968798461088
"WUE_ET_minus_WUE_E","Freshwater",0.278057532984883,"7","US-A03",-1.58075763792198,"WUE_ET_minus_WUE_E__Freshwater","WUE_ET - WUE_E","Freshwater wetland",-0.983042937060204,0.41303619049831,-1.79259387043689,-0.173492003683517,0.658337737003118,0.358283165274874,-0.0438972669356356,1.36057274094187
"WUE_E_minus_WUE_T","Freshwater",0.278057532984883,"7","US-A03",-1.58075763792198,"WUE_E_minus_WUE_T__Freshwater","WUE_E - WUE_T","Freshwater wetland",-3.06109441489964,0.410685448752598,-3.86603789445473,-2.25615093534455,-4.33614046072951,0.358283165274874,-5.03837546466826,-3.63390545679076
"WUE_ET_minus_WUE_T","Saline",0.278057532984883,"7","US-A03",-1.58075763792198,"WUE_ET_minus_WUE_T__Saline","WUE_ET - WUE_T","Saline wetland",-3.94746305832849,0.419940222456834,-4.77054589434388,-3.1243802223131,-4.00016344009731,0.401375566712449,-4.78685955085371,-3.2134673293409
"WUE_ET_minus_WUE_E","Saline",0.278057532984883,"7","US-A03",-1.58075763792198,"WUE_ET_minus_WUE_E__Saline","WUE_ET - WUE_E","Saline wetland",-0.704087243284825,0.411171883955386,-1.50998413583738,0.101809649267732,0.76782065236581,0.401375566712449,-0.0188754583905895,1.55451676312221
"WUE_E_minus_WUE_T","Saline",0.278057532984883,"7","US-A03",-1.58075763792198,"WUE_E_minus_WUE_T__Saline","WUE_E - WUE_T","Saline wetland",-3.50326128684132,0.394689136400939,-4.27685199418716,-2.72967057949548,-4.74374764709515,0.401375566712449,-5.53044375785155,-3.95705153633875
"WUE_ET_minus_WUE_T","Upland",0.283936989970606,"7","US-A03",-1.54724054496483,"WUE_ET_minus_WUE_T__Upland","WUE_ET - WUE_T","Upland",-5.14563311433748,0.349608409011827,-5.83086559600066,-4.46040063267429,-5.82626487098371,0.305922846936747,-6.42587365097974,-5.22665609098769
"WUE_ET_minus_WUE_E","Upland",0.283936989970606,"7","US-A03",-1.54724054496483,"WUE_ET_minus_WUE_E__Upland","WUE_ET - WUE_E","Upland",-1.22550152850192,0.349619955736192,-1.91075664174485,-0.540246415258982,-1.89354907367525,0.305922846936746,-2.49315785367128,-1.29394029367923
"WUE_E_minus_WUE_T","Upland",0.283936989970606,"7","US-A03",-1.54724054496483,"WUE_E_minus_WUE_T__Upland","WUE_E - WUE_T","Upland",-4.19961629076898,0.354014584530886,-4.89348487644952,-3.50574770508844,-4.91525372005929,0.305922846936747,-5.51486250005532,-4.31564494006327
"WUE_ET_minus_WUE_T","Freshwater",0.283936989970606,"7","US-A03",-1.54724054496483,"WUE_ET_minus_WUE_T__Freshwater","WUE_ET - WUE_T","Freshwater wetland",-3.23746122190201,0.364574498255506,-3.9520272384828,-2.52289520532122,-3.70156747001594,0.356285839528787,-4.39988771549236,-3.00324722453952
"WUE_ET_minus_WUE_E","Freshwater",0.283936989970606,"7","US-A03",-1.54724054496483,"WUE_ET_minus_WUE_E__Freshwater","WUE_ET - WUE_E","Freshwater wetland",-0.976996087966456,0.4090000370075,-1.77863616050116,-0.175356015431756,0.572048533781055,0.356285839528786,-0.126271711695366,1.27036877925748
"WUE_E_minus_WUE_T","Freshwater",0.283936989970606,"7","US-A03",-1.54724054496483,"WUE_E_minus_WUE_T__Freshwater","WUE_E - WUE_T","Freshwater wetland",-3.00481560956673,0.406624546562955,-3.80179972083012,-2.20783149830334,-4.21871080378857,0.356285839528786,-4.91703104926499,-3.52039055831215
"WUE_ET_minus_WUE_T","Saline",0.283936989970606,"7","US-A03",-1.54724054496483,"WUE_ET_minus_WUE_T__Saline","WUE_ET - WUE_T","Saline wetland",-3.85256595192866,0.417503082351315,-4.67087199333724,-3.03425991052009,-3.95129129833674,0.398673599533332,-4.73269155342208,-3.16989104325141
"WUE_ET_minus_WUE_E","Saline",0.283936989970606,"7","US-A03",-1.54724054496483,"WUE_ET_minus_WUE_E__Saline","WUE_ET - WUE_E","Saline wetland",-0.723235709904342,0.408142600954196,-1.52319520777457,0.0767237879658825,0.690048072370621,0.398673599533331,-0.0913521827147088,1.47144832745595
"WUE_E_minus_WUE_T","Saline",0.283936989970606,"7","US-A03",-1.54724054496483,"WUE_E_minus_WUE_T__Saline","WUE_E - WUE_T","Saline wetland",-3.40650226489934,0.391672396997972,-4.17418016301537,-2.63882436678332,-4.61780136692734,0.398673599533332,-5.39920162201267,-3.83640111184201
"WUE_ET_minus_WUE_T","Upland",0.289816446956328,"7","US-A03",-1.51372345200769,"WUE_ET_minus_WUE_T__Upland","WUE_ET - WUE_T","Upland",-5.0018397680814,0.348116936237725,-5.68414896310735,-4.31953057305546,-5.757744222403,0.304291428414418,-6.35415542209525,-5.16133302271074
"WUE_ET_minus_WUE_E","Upland",0.289816446956328,"7","US-A03",-1.51372345200769,"WUE_ET_minus_WUE_E__Upland","WUE_ET - WUE_E","Upland",-1.23277319890005,0.34812914502464,-1.91510632314834,-0.550440074651754,-1.95167314685029,0.304291428414418,-2.54808434654255,-1.35526194715803
"WUE_E_minus_WUE_T","Upland",0.289816446956328,"7","US-A03",-1.51372345200769,"WUE_E_minus_WUE_T__Upland","WUE_E - WUE_T","Upland",-4.03858510850533,0.352313926850675,-4.72912040513265,-3.348049811878,-4.76965893307132,0.304291428414418,-5.36607013276358,-4.17324773337906
"WUE_ET_minus_WUE_T","Freshwater",0.289816446956328,"7","US-A03",-1.51372345200769,"WUE_ET_minus_WUE_T__Freshwater","WUE_ET - WUE_T","Freshwater wetland",-3.20153089832829,0.361202889920796,-3.90948856257305,-2.49357323408353,-3.66121195148225,0.354321158653425,-4.35568142244297,-2.96674248052154
"WUE_ET_minus_WUE_E","Freshwater",0.289816446956328,"7","US-A03",-1.51372345200769,"WUE_ET_minus_WUE_E__Freshwater","WUE_ET - WUE_E","Freshwater wetland",-0.973087564134852,0.404933736876573,-1.76675768841294,-0.179417439856768,0.485759330558993,0.354321158653425,-0.20871014040172,1.18022880151971
"WUE_E_minus_WUE_T","Freshwater",0.289816446956328,"7","US-A03",-1.51372345200769,"WUE_E_minus_WUE_T__Freshwater","WUE_E - WUE_T","Freshwater wetland",-2.94702419894087,0.402568707718948,-3.73605886607,-2.15798953181173,-4.10128114684762,0.354321158653425,-4.79575061780834,-3.40681167588691
"WUE_ET_minus_WUE_T","Saline",0.289816446956328,"7","US-A03",-1.51372345200769,"WUE_ET_minus_WUE_T__Saline","WUE_ET - WUE_T","Saline wetland",-3.75955541761921,0.415202001774958,-4.57335134109813,-2.94575949414029,-3.90241915657618,0.396026329749783,-4.67863076288576,-3.12620755026661
"WUE_ET_minus_WUE_E","Saline",0.289816446956328,"7","US-A03",-1.51372345200769,"WUE_ET_minus_WUE_E__Saline","WUE_ET - WUE_E","Saline wetland",-0.742937432782226,0.40532070753871,-1.5373660195581,0.0514911539936445,0.612275492375433,0.396026329749782,-0.16393611393414,1.38848709868501
"WUE_E_minus_WUE_T","Saline",0.289816446956328,"7","US-A03",-1.51372345200769,"WUE_E_minus_WUE_T__Saline","WUE_E - WUE_T","Saline wetland",-3.30975487970447,0.388720566221018,-4.07164718949766,-2.54786256991127,-4.49185508675952,0.396026329749783,-5.2680666930691,-3.71564348044995
"WUE_ET_minus_WUE_T","Upland",0.29569590394205,"7","US-A03",-1.48020635905055,"WUE_ET_minus_WUE_T__Upland","WUE_ET - WUE_T","Upland",-4.86437793326689,0.346298547982536,-5.54312308731266,-4.18563277922112,-5.68922357382228,0.302686797160173,-6.28248969625622,-5.09595745138834
"WUE_ET_minus_WUE_E","Upland",0.29569590394205,"7","US-A03",-1.48020635905055,"WUE_ET_minus_WUE_E__Upland","WUE_ET - WUE_E","Upland",-1.23998671508982,0.346311068724353,-1.91875640978955,-0.561217020390089,-2.00979722002532,0.302686797160173,-2.60306334245926,-1.41653109759138
"WUE_E_minus_WUE_T","Upland",0.29569590394205,"7","US-A03",-1.48020635905055,"WUE_E_minus_WUE_T__Upland","WUE_E - WUE_T","Upland",-3.88484002587683,0.350242886170566,-4.57131608277114,-3.19836396898252,-4.62406414608335,0.302686797160174,-5.21733026851729,-4.03079802364941
"WUE_ET_minus_WUE_T","Freshwater",0.29569590394205,"7","US-A03",-1.48020635905055,"WUE_ET_minus_WUE_T__Freshwater","WUE_ET - WUE_T","Freshwater wetland",-3.16556862871984,0.357956670919645,-3.86716370372235,-2.46397355371734,-3.62085643294856,0.352389668664823,-4.31154018353162,-2.93017268236551
"WUE_ET_minus_WUE_E","Freshwater",0.29569590394205,"7","US-A03",-1.48020635905055,"WUE_ET_minus_WUE_E__Freshwater","WUE_ET - WUE_E","Freshwater wetland",-0.971346505301117,0.400802256765038,-1.75691892856059,-0.185774082041642,0.399470127336931,0.352389668664823,-0.291213623246122,1.09015387791998
"WUE_E_minus_WUE_T","Freshwater",0.29569590394205,"7","US-A03",-1.48020635905055,"WUE_E_minus_WUE_T__Freshwater","WUE_E - WUE_T","Freshwater wetland",-2.88773920922527,0.39848142031464,-3.66876279304196,-2.10671562540857,-3.98385148990668,0.352389668664823,-4.67453524048974,-3.29316773932363
"WUE_ET_minus_WUE_T","Saline",0.29569590394205,"7","US-A03",-1.48020635905055,"WUE_ET_minus_WUE_T__Saline","WUE_ET - WUE_T","Saline wetland",-3.66846908452717,0.413001611539031,-4.47795224314368,-2.85898592591067,-3.85354701481562,0.393434861475697,-4.62467934330799,-3.08241468632326
"WUE_ET_minus_WUE_E","Saline",0.29569590394205,"7","US-A03",-1.48020635905055,"WUE_ET_minus_WUE_E__Saline","WUE_ET - WUE_E","Saline wetland",-0.76319961281777,0.402682710126321,-1.55245772466536,0.0260584990298187,0.534502912380246,0.393434861475696,-0.236629416112118,1.30563524087261
"WUE_E_minus_WUE_T","Saline",0.29569590394205,"7","US-A03",-1.48020635905055,"WUE_E_minus_WUE_T__Saline","WUE_E - WUE_T","Saline wetland",-3.21301952950506,0.385834509847322,-3.96925516880581,-2.45678389020431,-4.36590880659171,0.393434861475697,-5.13704113508407,-3.59477647809934
"WUE_ET_minus_WUE_T","Upland",0.301575360927772,"7","US-A03",-1.44668926609341,"WUE_ET_minus_WUE_T__Upland","WUE_ET - WUE_T","Upland",-4.73324046003078,0.344194052734136,-5.40786080338969,-4.05862011667187,-5.62070292524156,0.301109381427541,-6.21087731283954,-5.03052853764358
"WUE_ET_minus_WUE_E","Upland",0.301575360927772,"7","US-A03",-1.44668926609341,"WUE_ET_minus_WUE_E__Upland","WUE_ET - WUE_E","Upland",-1.24727658414596,0.344206535466897,-1.92192139366107,-0.572631774630838,-2.06792129320035,0.30110938142754,-2.65809568079833,-1.47774690560238
"WUE_E_minus_WUE_T","Upland",0.301575360927772,"7","US-A03",-1.44668926609341,"WUE_E_minus_WUE_T__Upland","WUE_E - WUE_T","Upland",-3.73822328970817,0.347851418598979,-4.42001207016217,-3.05643450925417,-4.47846935909538,0.301109381427542,-5.06864374669337,-3.8882949714974
"WUE_ET_minus_WUE_T","Freshwater",0.301575360927772,"7","US-A03",-1.44668926609341,"WUE_ET_minus_WUE_T__Freshwater","WUE_ET - WUE_T","Freshwater wetland",-3.12957995158722,0.354833167713107,-3.82505296030491,-2.43410694286953,-3.58050091441488,0.350491918288177,-4.2674650742597,-2.89353675457005
"WUE_ET_minus_WUE_E","Freshwater",0.301575360927772,"7","US-A03",-1.44668926609341,"WUE_ET_minus_WUE_E__Freshwater","WUE_ET - WUE_E","Freshwater wetland",-0.971795835093834,0.396588762401618,-1.74910980940101,-0.194481860786662,0.313180924114869,0.350491918288177,-0.373783235729957,1.0001450839597
"WUE_E_minus_WUE_T","Freshwater",0.301575360927772,"7","US-A03",-1.44668926609341,"WUE_E_minus_WUE_T__Freshwater","WUE_E - WUE_T","Freshwater wetland",-2.82698652459143,0.394343193256028,-3.59989918337324,-2.05407386580961,-3.86642183296574,0.350491918288176,-4.55338599281057,-3.17945767312092
"WUE_ET_minus_WUE_T","Saline",0.301575360927772,"7","US-A03",-1.44668926609341,"WUE_ET_minus_WUE_T__Saline","WUE_ET - WUE_T","Saline wetland",-3.57933966924295,0.410875926313962,-4.38465648481832,-2.77402285366759,-3.80467487305506,0.390900304518702,-4.57083946991172,-3.03851027619841
"WUE_ET_minus_WUE_E","Saline",0.301575360927772,"7","US-A03",-1.44668926609341,"WUE_ET_minus_WUE_E__Saline","WUE_ET - WUE_E","Saline wetland",-0.784027984419984,0.400209245500698,-1.56843810560135,0.0003821367613841,0.456730332385053,0.390900304518701,-0.309434264471601,1.22289492924171
"WUE_E_minus_WUE_T","Saline",0.301575360927772,"7","US-A03",-1.44668926609341,"WUE_E_minus_WUE_T__Saline","WUE_E - WUE_T","Saline wetland",-3.11629659378887,0.383015114530677,-3.867006218269,-2.36558696930875,-4.2399625264239,0.390900304518702,-5.00612712328055,-3.47379792956724
"WUE_ET_minus_WUE_T","Upland",0.307454817913495,"7","US-A03",-1.41317217313626,"WUE_ET_minus_WUE_T__Upland","WUE_ET - WUE_T","Upland",-4.60840179541631,0.34185373869034,-5.27843512324938,-3.93836846758324,-5.55218227666085,0.299559611149875,-6.1393191145146,-4.96504543880709
"WUE_ET_minus_WUE_E","Upland",0.307454817913495,"7","US-A03",-1.41317217313626,"WUE_ET_minus_WUE_E__Upland","WUE_ET - WUE_E","Upland",-1.25478395998629,0.341865842776748,-1.92484101182872,-0.584726908143866,-2.12604536637539,0.299559611149874,-2.71318220422914,-1.53890852852163
"WUE_E_minus_WUE_T","Upland",0.307454817913495,"7","US-A03",-1.41317217313626,"WUE_E_minus_WUE_T__Upland","WUE_E - WUE_T","Upland",-3.59854873842257,0.345199958315241,-4.27514065672044,-2.9219568201247,-4.33287457210741,0.299559611149875,-4.92001140996117,-3.74573773425366
"WUE_ET_minus_WUE_T","Freshwater",0.307454817913495,"7","US-A03",-1.41317217313626,"WUE_ET_minus_WUE_T__Freshwater","WUE_ET - WUE_T","Freshwater wetland",-3.09357080023764,0.351829877891272,-3.78315736090453,-2.40398423957075,-3.54014539588119,0.348628458506147,-4.22345717455324,-2.85683361720914
"WUE_ET_minus_WUE_E","Freshwater",0.307454817913495,"7","US-A03",-1.41317217313626,"WUE_ET_minus_WUE_E__Freshwater","WUE_ET - WUE_E","Freshwater wetland",-0.974453717944841,0.392292630764472,-1.74334727424321,-0.205560161646476,0.226891720892807,0.348628458506147,-0.456420057779241,0.910203499564855
"WUE_E_minus_WUE_T","Freshwater",0.307454817913495,"7","US-A03",-1.41317217313626,"WUE_E_minus_WUE_T__Freshwater","WUE_E - WUE_T","Freshwater wetland",-2.76479704237768,0.390149757566109,-3.52949056720725,-2.0001035175481,-3.7489921760248,0.348628458506147,-4.43230395469685,-3.06568039735275
"WUE_ET_minus_WUE_T","Saline",0.307454817913495,"7","US-A03",-1.41317217313626,"WUE_ET_minus_WUE_T__Saline","WUE_ET - WUE_T","Saline wetland",-3.4921960848632,0.408807431913347,-4.29345865141337,-2.69093351831304,-3.7558027312945,0.388423772959796,-4.5171133262957,-2.9944921362933
"WUE_ET_minus_WUE_E","Saline",0.307454817913495,"7","US-A03",-1.41317217313626,"WUE_ET_minus_WUE_E__Saline","WUE_ET - WUE_E","Saline wetland",-0.805427214776238,0.397884721843208,-1.58528126958893,-0.0255731599635499,0.378957752389866,0.388423772959795,-0.382352842611333,1.14026834739106
"WUE_E_minus_WUE_T","Saline",0.307454817913495,"7","US-A03",-1.41317217313626,"WUE_E_minus_WUE_T__Saline","WUE_E - WUE_T","Saline wetland",-3.01958643672208,0.380263283552301,-3.76490247248459,-2.27427040095957,-4.11401624625608,0.388423772959796,-4.87532684125728,-3.35270565125488
"WUE_ET_minus_WUE_T","Upland",0.313334274899217,"7","US-A03",-1.37965508017912,"WUE_ET_minus_WUE_T__Upland","WUE_ET - WUE_T","Upland",-4.48979833020365,0.339338078075516,-5.15490096323166,-3.82469569717564,-5.48366162808013,0.2980379175891,-6.06781594655476,-4.8995073096055
"WUE_ET_minus_WUE_E","Upland",0.313334274899217,"7","US-A03",-1.37965508017912,"WUE_ET_minus_WUE_E__Upland","WUE_ET - WUE_E","Upland",-1.26266242165062,0.339349482277396,-1.92778740691432,-0.597537436386926,-2.18416943955042,0.2980379175891,-2.76832375802506,-1.60001512107579
"WUE_E_minus_WUE_T","Upland",0.313334274899217,"7","US-A03",-1.37965508017912,"WUE_E_minus_WUE_T__Upland","WUE_E - WUE_T","Upland",-3.4655728794948,0.34236018263363,-4.13659883745672,-2.79454692153289,-4.18727978511944,0.2980379175891,-4.77143410359408,-3.6031254666448
"WUE_ET_minus_WUE_T","Freshwater",0.313334274899217,"7","US-A03",-1.37965508017912,"WUE_ET_minus_WUE_T__Freshwater","WUE_ET - WUE_T","Freshwater wetland",-3.05754789719253,0.34894457359919,-3.74147926144695,-2.37361653293812,-3.4997898773475,0.346799842080187,-4.17951756782467,-2.82006218687033
"WUE_ET_minus_WUE_E","Freshwater",0.313334274899217,"7","US-A03",-1.37965508017912,"WUE_ET_minus_WUE_E__Freshwater","WUE_ET - WUE_E","Freshwater wetland",-0.979328301910032,0.387930781886557,-1.73967263440768,-0.21898396941238,0.140602517670743,0.346799842080188,-0.539125172806425,0.820330208147911
"WUE_E_minus_WUE_T","Freshwater",0.313334274899217,"7","US-A03",-1.37965508017912,"WUE_E_minus_WUE_T__Freshwater","WUE_E - WUE_T","Freshwater wetland",-2.70121164318705,0.385913356247213,-3.45760182143159,-1.94482146494251,-3.63156251908386,0.346799842080188,-4.31129020956103,-2.95183482860669
"WUE_ET_minus_WUE_T","Saline",0.313334274899217,"7","US-A03",-1.37965508017912,"WUE_ET_minus_WUE_T__Saline","WUE_ET - WUE_T","Saline wetland",-3.40705914755407,0.406787830522757,-4.20436329537868,-2.60975499972947,-3.70693058953394,0.386006383634946,-4.46350310145843,-2.95035807760944
"WUE_ET_minus_WUE_E","Saline",0.313334274899217,"7","US-A03",-1.37965508017912,"WUE_ET_minus_WUE_E__Saline","WUE_ET - WUE_E","Saline wetland",-0.827399863739131,0.395697878557051,-1.60296770571095,-0.0518320217673099,0.301185172394675,0.386006383634946,-0.455387339529819,1.05775768431917
"WUE_E_minus_WUE_T","Saline",0.313334274899217,"7","US-A03",-1.37965508017912,"WUE_E_minus_WUE_T__Saline","WUE_E - WUE_T","Saline wetland",-2.92288938801744,0.377579941757037,-3.66294607386123,-2.18283270217365,-3.98806996608826,0.386006383634946,-4.74464247801276,-3.23149745416377
"WUE_ET_minus_WUE_T","Upland",0.319213731884939,"7","US-A03",-1.34613798722198,"WUE_ET_minus_WUE_T__Upland","WUE_ET - WUE_T","Upland",-4.37732146543649,0.336715902358016,-5.0372846340582,-3.71735829681478,-5.41514097949941,0.296544732965239,-5.99636865611128,-4.83391330288755
"WUE_ET_minus_WUE_E","Upland",0.319213731884939,"7","US-A03",-1.34613798722198,"WUE_ET_minus_WUE_E__Upland","WUE_ET - WUE_E","Upland",-1.27107926108833,0.336726314938695,-1.93106283836818,-0.611095683808492,-2.24229351272546,0.296544732965239,-2.82352118933732,-1.66106583611359
"WUE_E_minus_WUE_T","Upland",0.319213731884939,"7","US-A03",-1.34613798722198,"WUE_E_minus_WUE_T__Upland","WUE_E - WUE_T","Upland",-3.33898548820109,0.339412934600954,-4.00423484001896,-2.67373613638322,-4.04168499813147,0.29654473296524,-4.62291267474334,-3.4604573215196
"WUE_ET_minus_WUE_T","Freshwater",0.319213731884939,"7","US-A03",-1.34613798722198,"WUE_ET_minus_WUE_T__Freshwater","WUE_ET - WUE_T","Freshwater wetland",-3.02151887864916,0.346175306899162,-3.70002248017152,-2.34301527712681,-3.45943435881381,0.345006623044744,-4.13564733998151,-2.78322137764612
"WUE_ET_minus_WUE_E","Freshwater",0.319213731884939,"7","US-A03",-1.34613798722198,"WUE_ET_minus_WUE_E__Freshwater","WUE_ET - WUE_E","Freshwater wetland",-0.986415761457293,0.383536443622203,-1.73814719095681,-0.234684331957775,0.0543133144486827,0.345006623044744,-0.621899666719015,0.730526295616381
"WUE_E_minus_WUE_T","Freshwater",0.319213731884939,"7","US-A03",-1.34613798722198,"WUE_E_minus_WUE_T__Freshwater","WUE_E - WUE_T","Freshwater wetland",-2.63628272913161,0.381661632541482,-3.38433952891292,-1.88822592935031,-3.51413286214292,0.345006623044743,-4.19034584331062,-2.83791988097522
"WUE_ET_minus_WUE_T","Saline",0.319213731884939,"7","US-A03",-1.34613798722198,"WUE_ET_minus_WUE_T__Saline","WUE_ET - WUE_T","Saline wetland",-3.32393993447907,0.404817435562179,-4.11738210818094,-2.5304977607772,-3.65805844777338,0.38364925451854,-4.41001098662972,-2.90610590891704
"WUE_ET_minus_WUE_E","Saline",0.319213731884939,"7","US-A03",-1.34613798722198,"WUE_ET_minus_WUE_E__Saline","WUE_ET - WUE_E","Saline wetland",-0.849946077447726,0.393641609118335,-1.62148363131966,-0.0784085235757889,0.223412592399486,0.38364925451854,-0.528539946456852,0.975365131255824
"WUE_E_minus_WUE_T","Saline",0.319213731884939,"7","US-A03",-1.34613798722198,"WUE_E_minus_WUE_T__Saline","WUE_E - WUE_T","Saline wetland",-2.82620573466052,0.374966033985307,-3.56113916127172,-2.09127230804932,-3.86212368592045,0.38364925451854,-4.61407622477679,-3.11017114706411
"WUE_ET_minus_WUE_T","Upland",0.325093188870662,"7","US-A03",-1.31262089426483,"WUE_ET_minus_WUE_T__Upland","WUE_ET - WUE_T","Upland",-4.27082532006962,0.33406030315904,-4.92558351426134,-3.6160671258779,-5.3466203309187,0.295080490066691,-5.92497809144941,-4.76826257038798
"WUE_ET_minus_WUE_E","Upland",0.325093188870662,"7","US-A03",-1.31262089426483,"WUE_ET_minus_WUE_E__Upland","WUE_ET - WUE_E","Upland",-1.2802117466022,0.334069470799252,-1.93498790936874,-0.625435583835668,-2.30041758590049,0.29508049006669,-2.8787753464312,-1.72205982536977
"WUE_E_minus_WUE_T","Upland",0.325093188870662,"7","US-A03",-1.31262089426483,"WUE_E_minus_WUE_T__Upland","WUE_E - WUE_T","Upland",-3.21842252210018,0.336443590744555,-3.87785195995951,-2.55899308424086,-3.8960902111435,0.295080490066691,-4.47444797167422,-3.31773245061279
"WUE_ET_minus_WUE_T","Freshwater",0.325093188870662,"7","US-A03",-1.31262089426483,"WUE_ET_minus_WUE_T__Freshwater","WUE_ET - WUE_T","Freshwater wetland",-2.98549211106072,0.343520307375587,-3.65879191351687,-2.31219230860457,-3.41907884028013,0.343249356174279,-4.09184757838171,-2.74631010217854
"WUE_ET_minus_WUE_E","Freshwater",0.325093188870662,"7","US-A03",-1.31262089426483,"WUE_ET_minus_WUE_E__Freshwater","WUE_ET - WUE_E","Freshwater wetland",-0.995702158681337,0.379155199496044,-1.73884634969358,-0.252557967669091,-0.0319758887733794,0.343249356174279,-0.704744626874966,0.640792849328207
"WUE_E_minus_WUE_T","Freshwater",0.325093188870662,"7","US-A03",-1.31262089426483,"WUE_E_minus_WUE_T__Freshwater","WUE_E - WUE_T","Freshwater wetland",-2.57007185284648,0.377433966863442,-3.30984242789883,-1.83030127779414,-3.39670320520198,0.343249356174279,-4.06947194330357,-2.72393446710039
"WUE_ET_minus_WUE_T","Saline",0.325093188870662,"7","US-A03",-1.31262089426483,"WUE_ET_minus_WUE_T__Saline","WUE_ET - WUE_T","Saline wetland",-3.24284121819893,0.402903186704669,-4.03253146414009,-2.45315097225778,-3.60918630601282,0.381353503009256,-4.35663917191096,-2.86173344011467
"WUE_ET_minus_WUE_E","Saline",0.325093188870662,"7","US-A03",-1.31262089426483,"WUE_ET_minus_WUE_E__Saline","WUE_ET - WUE_E","Saline wetland",-0.873064115055556,0.391712021541212,-1.64081967727633,-0.105308552834781,0.1456400124043,0.381353503009255,-0.60181285349384,0.89309287830244
"WUE_E_minus_WUE_T","Saline",0.325093188870662,"7","US-A03",-1.31262089426483,"WUE_E_minus_WUE_T__Saline","WUE_E - WUE_T","Saline wetland",-2.72953572542821,0.372422516478746,-3.45948385772655,-1.99958759312987,-3.73617740575264,0.381353503009256,-4.48363027165078,-2.98872453985449
"WUE_ET_minus_WUE_T","Upland",0.330972645856384,"7","US-A03",-1.27910380130769,"WUE_ET_minus_WUE_T__Upland","WUE_ET - WUE_T","Upland",-4.17013573191653,0.331444425236671,-4.8197668053804,-3.52050465845265,-5.27809968233798,0.293645621841305,-5.85364510114694,-4.70255426352902
"WUE_ET_minus_WUE_E","Upland",0.330972645856384,"7","US-A03",-1.27910380130769,"WUE_ET_minus_WUE_E__Upland","WUE_ET - WUE_E","Upland",-1.29024363586562,0.331452140445722,-1.93988983113923,-0.640597440592001,-2.35854165907552,0.293645621841305,-2.93408707788448,-1.78299624026656
"WUE_E_minus_WUE_T","Upland",0.330972645856384,"7","US-A03",-1.27910380130769,"WUE_E_minus_WUE_T__Upland","WUE_E - WUE_T","Upland",-3.10348026471198,0.333537278219803,-3.7572133300228,-2.44974719940117,-3.75049542415553,0.293645621841305,-4.32604084296449,-3.17495000534658
"WUE_ET_minus_WUE_T","Freshwater",0.330972645856384,"7","US-A03",-1.27910380130769,"WUE_ET_minus_WUE_T__Freshwater","WUE_ET - WUE_T","Freshwater wetland",-2.9494764943963,0.340977863686212,-3.61779310722127,-2.28115988157132,-3.37872332174644,0.341528596423199,-4.04811937073591,-2.70932727275697
"WUE_ET_minus_WUE_E","Freshwater",0.330972645856384,"7","US-A03",-1.27910380130769,"WUE_ET_minus_WUE_E__Freshwater","WUE_ET - WUE_E","Freshwater wetland",-1.00716573583583,0.374840609032107,-1.74185332953876,-0.272478142132901,-0.118265091995442,0.341528596423199,-0.787661140984912,0.551130956994029
"WUE_E_minus_WUE_T","Freshwater",0.330972645856384,"7","US-A03",-1.27910380130769,"WUE_E_minus_WUE_T__Freshwater","WUE_E - WUE_T","Freshwater wetland",-2.5026472003016,0.37327740425727,-3.23427091264585,-1.77102348795736,-3.27927354826104,0.3415285964232,-3.94866959725051,-2.60987749927156
"WUE_ET_minus_WUE_T","Saline",0.330972645856384,"7","US-A03",-1.27910380130769,"WUE_ET_minus_WUE_T__Saline","WUE_ET - WUE_T","Saline wetland",-3.16375929208439,0.401056459562154,-3.94982995282621,-2.37768863134257,-3.56031416425226,0.379120244119628,-4.30338984272673,-2.81723848577779
"WUE_ET_minus_WUE_E","Saline",0.330972645856384,"7","US-A03",-1.27910380130769,"WUE_ET_minus_WUE_E__Saline","WUE_ET - WUE_E","Saline wetland",-0.896750894768489,0.389907372799148,-1.66096934545482,-0.13253244408216,0.0678674324091091,0.379120244119627,-0.67520824606536,0.810943110883578
"WUE_E_minus_WUE_T","Saline",0.330972645856384,"7","US-A03",-1.27910380130769,"WUE_E_minus_WUE_T__Saline","WUE_E - WUE_T","Saline wetland",-2.63287957796307,0.369950347009943,-3.35798225810256,-1.90777689782358,-3.61023112558482,0.379120244119628,-4.35330680405929,-2.86715544711035
"WUE_ET_minus_WUE_T","Upland",0.336852102842106,"7","US-A03",-1.24558670835055,"WUE_ET_minus_WUE_T__Upland","WUE_ET - WUE_T","Upland",-4.07505820097346,0.328937581131664,-4.71977585999152,-3.4303405419554,-5.20957903375726,0.292240560968409,-5.78237053325535,-4.63678753425918
"WUE_ET_minus_WUE_E","Upland",0.336852102842106,"7","US-A03",-1.24558670835055,"WUE_ET_minus_WUE_E__Upland","WUE_ET - WUE_E","Upland",-1.30136224699003,0.328943687924062,-1.94609187532119,-0.65663261865887,-2.41666573225056,0.292240560968408,-2.98945723174864,-1.84387423275248
"WUE_E_minus_WUE_T","Upland",0.336852102842106,"7","US-A03",-1.24558670835055,"WUE_E_minus_WUE_T__Upland","WUE_E - WUE_T","Upland",-2.99372764810244,0.330774413783301,-3.64204549911771,-2.34540979708717,-3.60490063716756,0.292240560968409,-4.17769213666564,-3.03210913766948
"WUE_ET_minus_WUE_T","Freshwater",0.336852102842106,"7","US-A03",-1.24558670835055,"WUE_ET_minus_WUE_T__Freshwater","WUE_ET - WUE_T","Freshwater wetland",-2.91348129170436,0.338546211473777,-3.57703186619296,-2.24993071721575,-3.33836780321275,0.339844898338887,-4.00446380395697,-2.67227180246853
"WUE_ET_minus_WUE_E","Freshwater",0.336852102842106,"7","US-A03",-1.24558670835055,"WUE_ET_minus_WUE_E__Freshwater","WUE_ET - WUE_E","Freshwater wetland",-1.02077895903879,0.370649916119288,-1.7472527946326,-0.29430512344499,-0.204554295217505,0.339844898338887,-0.870650295961723,0.461541705526712
"WUE_E_minus_WUE_T","Freshwater",0.336852102842106,"7","US-A03",-1.24558670835055,"WUE_E_minus_WUE_T__Freshwater","WUE_E - WUE_T","Freshwater wetland",-2.43408141102173,0.369242664497293,-3.15779703343643,-1.71036578860704,-3.1618438913201,0.339844898338887,-3.82793989206431,-2.49574789057588
"WUE_ET_minus_WUE_T","Saline",0.336852102842106,"7","US-A03",-1.24558670835055,"WUE_ET_minus_WUE_T__Saline","WUE_ET - WUE_T","Saline wetland",-3.08668560768727,0.399290985435224,-3.86929593914031,-2.30407527623423,-3.51144202249169,0.376950588571391,-4.25026517609162,-2.77261886889177
"WUE_ET_minus_WUE_E","Saline",0.336852102842106,"7","US-A03",-1.24558670835055,"WUE_ET_minus_WUE_E__Saline","WUE_ET - WUE_E","Saline wetland",-0.921002465402831,0.388227054640533,-1.68192749249828,-0.160077438307387,-0.00990514758608185,0.37695058857139,-0.748728301186006,0.728918006013843
"WUE_E_minus_WUE_T","Saline",0.336852102842106,"7","US-A03",-1.24558670835055,"WUE_E_minus_WUE_T__Saline","WUE_E - WUE_T","Saline wetland",-2.53623748533099,0.367550475352244,-3.25663641702139,-1.81583855364059,-3.48428484541701,0.376950588571391,-4.22310799901693,-2.74546169181708
"WUE_ET_minus_WUE_T","Upland",0.342731559827829,"7","US-A03",-1.2120696153934,"WUE_ET_minus_WUE_T__Upland","WUE_ET - WUE_T","Upland",-3.98537462401288,0.326602592293654,-4.62551570490845,-3.34523354311732,-5.14105838517655,0.290865739411999,-5.71115523442407,-4.57096153592903
"WUE_ET_minus_WUE_E","Upland",0.342731559827829,"7","US-A03",-1.2120696153934,"WUE_ET_minus_WUE_E__Upland","WUE_ET - WUE_E","Upland",-1.31375767420913,0.326606990298097,-1.9539073751934,-0.673607973224858,-2.47478980542559,0.290865739411998,-3.04488665467311,-1.90469295617807
"WUE_E_minus_WUE_T","Upland",0.342731559827829,"7","US-A03",-1.2120696153934,"WUE_E_minus_WUE_T__Upland","WUE_E - WUE_T","Upland",-2.8887033064755,0.328227543793201,-3.53202929231018,-2.24537732064083,-3.45930585017959,0.290865739411999,-4.02940269942711,-2.88920900093207
"WUE_ET_minus_WUE_T","Freshwater",0.342731559827829,"7","US-A03",-1.2120696153934,"WUE_ET_minus_WUE_T__Freshwater","WUE_ET - WUE_T","Freshwater wetland",-2.87751616243419,0.336223489649872,-3.53651420214794,-2.21851812272044,-3.29801228467906,0.338198815448192,-3.96088196295752,-2.6351426064006
"WUE_ET_minus_WUE_E","Freshwater",0.342731559827829,"7","US-A03",-1.2120696153934,"WUE_ET_minus_WUE_E__Freshwater","WUE_ET - WUE_E","Freshwater wetland",-1.03650740478387,0.36664104051138,-1.75512384418617,-0.317890965381562,-0.290843498439568,0.338198815448192,-0.953713176718024,0.372026179838888
"WUE_E_minus_WUE_T","Freshwater",0.342731559827829,"7","US-A03",-1.2120696153934,"WUE_E_minus_WUE_T__Freshwater","WUE_E - WUE_T","Freshwater wetland",-2.36445190315015,0.365381373152806,-3.08059939452965,-1.64830441177066,-3.04441423437915,0.338198815448192,-3.70728391265761,-2.3815445561007
"WUE_ET_minus_WUE_T","Saline",0.342731559827829,"7","US-A03",-1.2120696153934,"WUE_ET_minus_WUE_T__Saline","WUE_ET - WUE_T","Saline wetland",-3.01160577474426,0.397621583784719,-3.79094407896231,-2.23226747052621,-3.46256988073113,0.374845640799524,-4.1972673366982,-2.72787242476407
"WUE_ET_minus_WUE_E","Saline",0.342731559827829,"7","US-A03",-1.2120696153934,"WUE_ET_minus_WUE_E__Saline","WUE_ET - WUE_E","Saline wetland",-0.945813984774568,0.386671044737738,-1.70368923246053,-0.187938737088601,-0.0876777275812692,0.374845640799524,-0.822375183548336,0.647019728385798
"WUE_E_minus_WUE_T","Saline",0.342731559827829,"7","US-A03",-1.2120696153934,"WUE_E_minus_WUE_T__Saline","WUE_E - WUE_T","Saline wetland",-2.43960960940395,0.365223838456573,-3.15544833277884,-1.72377088602907,-3.35833856524919,0.374845640799525,-4.09303602121626,-2.62364110928212
"WUE_ET_minus_WUE_T","Upland",0.348611016813551,"7","US-A03",-1.17855252243626,"WUE_ET_minus_WUE_T__Upland","WUE_ET - WUE_T","Upland",-3.90085014962329,0.324492388451072,-4.53685523098739,-3.26484506825919,-5.07253773659583,0.289521587955445,-5.6400000489885,-4.50507542420316
"WUE_ET_minus_WUE_E","Upland",0.348611016813551,"7","US-A03",-1.17855252243626,"WUE_ET_minus_WUE_E__Upland","WUE_ET - WUE_E","Upland",-1.327621016912,0.324495034803543,-1.96363128512694,-0.691610748697052,-2.53291387860062,0.289521587955445,-3.1003761909933,-1.96545156620795
"WUE_E_minus_WUE_T","Upland",0.348611016813551,"7","US-A03",-1.17855252243626,"WUE_E_minus_WUE_T__Upland","WUE_E - WUE_T","Upland",-2.78792540364084,0.325957385721082,-3.42680187965417,-2.14904892762752,-3.31371106319162,0.289521587955446,-3.8811733755843,-2.74624875079895
"WUE_ET_minus_WUE_T","Freshwater",0.348611016813551,"7","US-A03",-1.17855252243626,"WUE_ET_minus_WUE_T__Freshwater","WUE_ET - WUE_T","Freshwater wetland",-2.84159102968913,0.334007642377778,-3.49624600874958,-2.18693605062869,-3.25765676614537,0.336590899617884,-3.91737492939642,-2.59793860289432
"WUE_ET_minus_WUE_E","Freshwater",0.348611016813551,"7","US-A03",-1.17855252243626,"WUE_ET_minus_WUE_E__Freshwater","WUE_ET - WUE_E","Freshwater wetland",-1.05431163028888,0.362868471712115,-1.76553383484463,-0.343089425733133,-0.37713270166163,0.336590899617884,-1.03685086491268,0.282585461589422
"WUE_E_minus_WUE_T","Freshwater",0.348611016813551,"7","US-A03",-1.17855252243626,"WUE_E_minus_WUE_T__Freshwater","WUE_E - WUE_T","Freshwater wetland",-2.29383920546081,0.361742262516317,-3.00285403999279,-1.58482437092882,-2.92698457743821,0.336590899617885,-3.58670274068926,-2.26726641418716
"WUE_ET_minus_WUE_T","Saline",0.348611016813551,"7","US-A03",-1.17855252243626,"WUE_ET_minus_WUE_T__Saline","WUE_ET - WUE_T","Saline wetland",-2.93850109975959,0.396062291378495,-3.71478319086144,-2.16221900865774,-3.41369773897057,0.372806496868806,-4.14439847283343,-2.68299700510771
"WUE_ET_minus_WUE_E","Saline",0.348611016813551,"7","US-A03",-1.17855252243626,"WUE_ET_minus_WUE_E__Saline","WUE_ET - WUE_E","Saline wetland",-0.971180063501273,0.385238994302742,-1.72624849233465,-0.216111634667899,-0.16545030757646,0.372806496868805,-0.896151041439318,0.565250426286397
"WUE_E_minus_WUE_T","Saline",0.348611016813551,"7","US-A03",-1.17855252243626,"WUE_E_minus_WUE_T__Saline","WUE_E - WUE_T","Saline wetland",-2.34299608802018,0.362971351548849,-3.05441993705592,-1.63157223898443,-3.23239228508138,0.372806496868806,-3.96309301894424,-2.50169155121852
"WUE_ET_minus_WUE_T","Upland",0.354490473799273,"7","US-A03",-1.14503542947912,"WUE_ET_minus_WUE_T__Upland","WUE_ET - WUE_T","Upland",-3.82123375014713,0.322647645134198,-4.45362313461016,-3.1888443656841,-5.00401708801511,0.288208535718136,-5.56890581802266,-4.43912835800757
"WUE_ET_minus_WUE_E","Upland",0.354490473799273,"7","US-A03",-1.14503542947912,"WUE_ET_minus_WUE_E__Upland","WUE_ET - WUE_E","Upland",-1.34314251996039,0.322648554013428,-1.97553368582671,-0.710751354094075,-2.59103795177566,0.288208535718135,-3.1559266817832,-2.02614922176811
"WUE_E_minus_WUE_T","Upland",0.354490473799273,"7","US-A03",-1.14503542947912,"WUE_E_minus_WUE_T__Upland","WUE_E - WUE_T","Upland",-2.69089427801683,0.324010011945493,-3.32595390143,-2.05583465460366,-3.16811627620365,0.288208535718136,-3.7330050062112,-2.6032275461961
"WUE_ET_minus_WUE_T","Freshwater",0.354490473799273,"7","US-A03",-1.14503542947912,"WUE_ET_minus_WUE_T__Freshwater","WUE_ET - WUE_T","Freshwater wetland",-2.8057160380004,0.331896371457406,-3.45623292605692,-2.15519914994389,-3.21730124761168,0.335021700389717,-3.87394378037553,-2.56065871484784
"WUE_ET_minus_WUE_E","Freshwater",0.354490473799273,"7","US-A03",-1.14503542947912,"WUE_ET_minus_WUE_E__Freshwater","WUE_ET - WUE_E","Freshwater wetland",-1.07414710207553,0.359380089663672,-1.77853207781632,-0.36976212633473,-0.463421904883694,0.335021700389717,-1.12006443764754,0.193220627880151
"WUE_E_minus_WUE_T","Freshwater",0.354490473799273,"7","US-A03",-1.14503542947912,"WUE_E_minus_WUE_T__Freshwater","WUE_E - WUE_T","Freshwater wetland",-2.2223263150574,0.358368257126284,-2.92472809902491,-1.51992453108988,-2.80955492049727,0.335021700389717,-3.46619745326111,-2.15291238773342
"WUE_ET_minus_WUE_T","Saline",0.354490473799273,"7","US-A03",-1.14503542947912,"WUE_ET_minus_WUE_T__Saline","WUE_ET - WUE_T","Saline wetland",-2.86734843360101,0.394625138610213,-3.64081370527703,-2.09388316192499,-3.36482559721001,0.370834242307627,-4.09166071213296,-2.63799048228706
"WUE_ET_minus_WUE_E","Saline",0.354490473799273,"7","US-A03",-1.14503542947912,"WUE_ET_minus_WUE_E__Saline","WUE_ET - WUE_E","Saline wetland",-0.997094945888894,0.383929691563094,-1.74959714135256,-0.244592750425231,-0.243222887571649,0.370834242307627,-0.970058002494598,0.4836122273513
"WUE_E_minus_WUE_T","Saline",0.354490473799273,"7","US-A03",-1.14503542947912,"WUE_E_minus_WUE_T__Saline","WUE_E - WUE_T","Saline wetland",-2.24639703220145,0.360793903043002,-2.95355308216573,-1.53924098223716,-3.10644600491356,0.370834242307628,-3.83328111983651,-2.37961088999061
"WUE_ET_minus_WUE_T","Upland",0.360369930784996,"7","US-A03",-1.11151833652198,"WUE_ET_minus_WUE_T__Upland","WUE_ET - WUE_T","Upland",-3.74625384622964,0.321095317079374,-4.37560066770521,-3.11690702475406,-4.9354964394344,0.286927009654609,-5.49787337835743,-4.37311950051136
"WUE_ET_minus_WUE_E","Upland",0.360369930784996,"7","US-A03",-1.11151833652198,"WUE_ET_minus_WUE_E__Upland","WUE_ET - WUE_E","Upland",-1.36050928539988,0.321094556777993,-1.98985461668475,-0.731163954115014,-2.64916202495069,0.286927009654608,-3.21153896387372,-2.08678508602766
"WUE_E_minus_WUE_T","Upland",0.360369930784996,"7","US-A03",-1.11151833652198,"WUE_E_minus_WUE_T__Upland","WUE_E - WUE_T","Upland",-2.59708981550136,0.322415051962351,-3.22902331734757,-1.96515631365516,-3.02252148921568,0.286927009654609,-3.58489842813871,-2.46014455029265
"WUE_ET_minus_WUE_T","Freshwater",0.360369930784996,"7","US-A03",-1.11151833652198,"WUE_ET_minus_WUE_T__Freshwater","WUE_ET - WUE_T","Freshwater wetland",-2.769901575809,0.32988713238022,-3.41648035527423,-2.12332279634377,-3.176945729078,0.333491764290937,-3.83058958708823,-2.52330187106776
"WUE_ET_minus_WUE_E","Freshwater",0.360369930784996,"7","US-A03",-1.11151833652198,"WUE_ET_minus_WUE_E__Freshwater","WUE_ET - WUE_E","Freshwater wetland",-1.09596255194936,0.356214779903558,-1.79414352056033,-0.397781583338387,-0.549711108105754,0.333491764290937,-1.20335496611599,0.103932749904483
"WUE_E_minus_WUE_T","Freshwater",0.360369930784996,"7","US-A03",-1.11151833652198,"WUE_E_minus_WUE_T__Freshwater","WUE_E - WUE_T","Freshwater wetland",-2.14999875185409,0.35529431458818,-2.84637560844692,-1.45362189526126,-2.69212526355633,0.333491764290937,-3.34576912156656,-2.03848140554609
"WUE_ET_minus_WUE_T","Saline",0.360369930784996,"7","US-A03",-1.11151833652198,"WUE_ET_minus_WUE_T__Saline","WUE_ET - WUE_T","Saline wetland",-2.79811862773757,0.393319445999886,-3.56902474189735,-2.0272125135778,-3.31595345544945,0.368929949864808,-4.03905615718447,-2.59285075371443
"WUE_ET_minus_WUE_E","Saline",0.360369930784996,"7","US-A03",-1.11151833652198,"WUE_ET_minus_WUE_E__Saline","WUE_ET - WUE_E","Saline wetland",-1.0235525948095,0.382740831958325,-1.77372462544782,-0.273380564171188,-0.320995467566837,0.368929949864808,-1.04409816930186,0.402107234168187
"WUE_E_minus_WUE_T","Saline",0.360369930784996,"7","US-A03",-1.11151833652198,"WUE_E_minus_WUE_T__Saline","WUE_E - WUE_T","Saline wetland",-2.14981251481648,0.358692352772682,-2.85284952625093,-1.44677550338202,-2.98049972474575,0.368929949864808,-3.70360242648077,-2.25739702301072
"WUE_ET_minus_WUE_T","Upland",0.366249387770718,"7","US-A03",-1.07800124356483,"WUE_ET_minus_WUE_T__Upland","WUE_ET - WUE_T","Upland",-3.6756211683824,0.31984721479234,-4.30252170937539,-3.04872062738941,-4.86697579085368,0.285677434036844,-5.42690356156589,-4.30704802014147
"WUE_ET_minus_WUE_E","Upland",0.366249387770718,"7","US-A03",-1.07800124356483,"WUE_ET_minus_WUE_E__Upland","WUE_ET - WUE_E","Upland",-1.37990353183308,0.319844902350237,-2.00679954043954,-0.753007523226615,-2.70728609812573,0.285677434036844,-3.26721386883794,-2.14735832741351
"WUE_E_minus_WUE_T","Upland",0.366249387770718,"7","US-A03",-1.07800124356483,"WUE_E_minus_WUE_T__Upland","WUE_E - WUE_T","Upland",-2.50597662223791,0.321184057681219,-3.1354973752931,-1.87645586918272,-2.87692670222771,0.285677434036844,-3.43685447293992,-2.3169989315155
"WUE_ET_minus_WUE_T","Freshwater",0.366249387770718,"7","US-A03",-1.07800124356483,"WUE_ET_minus_WUE_T__Freshwater","WUE_ET - WUE_T","Freshwater wetland",-2.73415820183925,0.327977098009436,-3.37699331393774,-2.09132308974075,-3.13659021054431,0.332001634121236,-3.78731341342193,-2.48586700766669
"WUE_ET_minus_WUE_E","Freshwater",0.366249387770718,"7","US-A03",-1.07800124356483,"WUE_ET_minus_WUE_E__Freshwater","WUE_ET - WUE_E","Freshwater wetland",-1.11970063821331,0.353399809175892,-1.81236426419806,-0.42703701222856,-0.636000311327818,0.332001634121236,-1.28672351420544,0.0147228915498039
"WUE_E_minus_WUE_T","Freshwater",0.366249387770718,"7","US-A03",-1.07800124356483,"WUE_E_minus_WUE_T__Freshwater","WUE_E - WUE_T","Freshwater wetland",-2.07694354962755,0.352545017887789,-2.76793178468762,-1.38595531456748,-2.57469560661539,0.332001634121236,-3.22541880949301,-1.92397240373776
"WUE_ET_minus_WUE_T","Saline",0.366249387770718,"7","US-A03",-1.07800124356483,"WUE_ET_minus_WUE_T__Saline","WUE_ET - WUE_T","Saline wetland",-2.73077700955908,0.392150819997984,-3.49939261675513,-1.96216140236303,-3.26708131368889,0.367094677196121,-3.98658688099328,-2.54757574638449
"WUE_ET_minus_WUE_E","Saline",0.366249387770718,"7","US-A03",-1.07800124356483,"WUE_ET_minus_WUE_E__Saline","WUE_ET - WUE_E","Saline wetland",-1.05054692632515,0.381668575760425,-1.79861733481558,-0.302476517834712,-0.398768047562028,0.36709467719612,-1.11827361486642,0.320737519742368
"WUE_E_minus_WUE_T","Saline",0.366249387770718,"7","US-A03",-1.07800124356483,"WUE_E_minus_WUE_T__Saline","WUE_E - WUE_T","Saline wetland",-2.05324257154463,0.356667527396464,-2.7523109252417,-1.35417421784756,-2.85455344457793,0.36709467719612,-3.57405901188233,-2.13504787727354
"WUE_ET_minus_WUE_T","Upland",0.37212884475644,"7","US-A03",-1.04448415060769,"WUE_ET_minus_WUE_T__Upland","WUE_ET - WUE_T","Upland",-3.60903468395475,0.318899183806861,-4.23407708421619,-2.9839922836933,-4.79845514227296,0.284460229920476,-5.3559971929171,-4.24091309162883
"WUE_ET_minus_WUE_E","Upland",0.37212884475644,"7","US-A03",-1.04448415060769,"WUE_ET_minus_WUE_E__Upland","WUE_ET - WUE_E","Upland",-1.40150165266676,0.318895477558583,-2.02653678868159,-0.776466516651941,-2.76541017130076,0.284460229920475,-3.32295222194489,-2.20786812065663
"WUE_E_minus_WUE_T","Upland",0.37212884475644,"7","US-A03",-1.04448415060769,"WUE_E_minus_WUE_T__Upland","WUE_E - WUE_T","Upland",-2.41701189815551,0.320309651453486,-3.04481881500434,-1.78920498130668,-2.73133191523974,0.284460229920477,-3.28887396588388,-2.17378986459561
"WUE_ET_minus_WUE_T","Freshwater",0.37212884475644,"7","US-A03",-1.04448415060769,"WUE_ET_minus_WUE_T__Freshwater","WUE_ET - WUE_T","Freshwater wetland",-2.69849654094135,0.326163117117034,-3.33777625049074,-2.05921683139196,-3.09623469201062,0.330551848217317,-3.74411631451656,-2.44835306950468
"WUE_ET_minus_WUE_E","Freshwater",0.37212884475644,"7","US-A03",-1.04448415060769,"WUE_ET_minus_WUE_E__Freshwater","WUE_ET - WUE_E","Freshwater wetland",-1.14529966314062,0.350948634606456,-1.83315898696928,-0.457440339311967,-0.72228951454988,0.330551848217317,-1.37017113705582,-0.0744078920439389
"WUE_E_minus_WUE_T","Freshwater",0.37212884475644,"7","US-A03",-1.04448415060769,"WUE_E_minus_WUE_T__Freshwater","WUE_E - WUE_T","Freshwater wetland",-2.00324795736112,0.35013254499228,-2.68950774554599,-1.31698816917625,-2.45726594967445,0.330551848217318,-3.10514757218039,-1.8093843271685
"WUE_ET_minus_WUE_T","Saline",0.37212884475644,"7","US-A03",-1.04448415060769,"WUE_ET_minus_WUE_T__Saline","WUE_ET - WUE_T","Saline wetland",-2.66528480433941,0.391120222988667,-3.43188044139719,-1.89868916728162,-3.21820917192833,0.365329464488282,-3.93425492232536,-2.5021634215313
"WUE_ET_minus_WUE_E","Saline",0.37212884475644,"7","US-A03",-1.04448415060769,"WUE_ET_minus_WUE_E__Saline","WUE_ET - WUE_E","Saline wetland",-1.07807205724235,0.380707105387273,-1.8242579838014,-0.331886130683294,-0.476540627557216,0.365329464488281,-1.19258637795425,0.239505122839815
"WUE_E_minus_WUE_T","Saline",0.37212884475644,"7","US-A03",-1.04448415060769,"WUE_E_minus_WUE_T__Saline","WUE_E - WUE_T","Saline wetland",-1.95668720814596,0.354720215067874,-2.65193882967899,-1.26143558661292,-2.72860716441012,0.365329464488282,-3.44465291480715,-2.01256141401309
"WUE_ET_minus_WUE_T","Upland",0.378008301742163,"7","US-A03",-1.01096705765055,"WUE_ET_minus_WUE_T__Upland","WUE_ET - WUE_T","Upland",-3.5461828377405,0.318231687746054,-4.16991694572276,-2.92244872975823,-4.72993449369225,0.283275814595845,-5.2851550903001,-4.17471389708439
"WUE_ET_minus_WUE_E","Upland",0.378008301742163,"7","US-A03",-1.01096705765055,"WUE_ET_minus_WUE_E__Upland","WUE_ET - WUE_E","Upland",-1.42547152017858,0.318226778120176,-2.04919600529412,-0.801747035063031,-2.82353424447579,0.283275814595844,-3.37875484108365,-2.26831364786794
"WUE_E_minus_WUE_T","Upland",0.378008301742163,"7","US-A03",-1.01096705765055,"WUE_E_minus_WUE_T__Upland","WUE_E - WUE_T","Upland",-2.3296497578002,0.319766304118384,-2.95639171387223,-1.70290780172816,-2.58573712825177,0.283275814595845,-3.14095772485963,-2.03051653164392
"WUE_ET_minus_WUE_T","Freshwater",0.378008301742163,"7","US-A03",-1.01096705765055,"WUE_ET_minus_WUE_T__Freshwater","WUE_ET - WUE_T","Freshwater wetland",-2.6629272163753,0.324441729190826,-3.29883300558932,-2.02702142716129,-3.05587917347693,0.329142939696451,-3.70099933528198,-2.41075901167189
"WUE_ET_minus_WUE_E","Freshwater",0.378008301742163,"7","US-A03",-1.01096705765055,"WUE_ET_minus_WUE_E__Freshwater","WUE_ET - WUE_E","Freshwater wetland",-1.17269363649401,0.348860094640812,-1.85645942199,-0.488927850998017,-0.808578717771942,0.329142939696451,-1.45369887957699,-0.163458555966898
"WUE_E_minus_WUE_T","Freshwater",0.378008301742163,"7","US-A03",-1.01096705765055,"WUE_E_minus_WUE_T__Freshwater","WUE_E - WUE_T","Freshwater wetland",-1.92899838478968,0.348055915966775,-2.61118798008455,-1.2468087894948,-2.3398362927335,0.329142939696451,-2.98495645453855,-1.69471613092846
"WUE_ET_minus_WUE_T","Saline",0.378008301742163,"7","US-A03",-1.01096705765055,"WUE_ET_minus_WUE_T__Saline","WUE_ET - WUE_T","Saline wetland",-2.60159901360819,0.390223797966869,-3.36643765762325,-1.83676036959313,-3.16933703016777,0.363635332029166,-3.88206228094493,-2.4566117793906
"WUE_ET_minus_WUE_E","Saline",0.378008301742163,"7","US-A03",-1.01096705765055,"WUE_ET_minus_WUE_E__Saline","WUE_ET - WUE_E","Saline wetland",-1.10612258201237,0.379848614046403,-1.85062586554332,-0.361619298481423,-0.554313207552405,0.363635332029165,-1.26703845832957,0.158412043224759
"WUE_E_minus_WUE_T","Saline",0.378008301742163,"7","US-A03",-1.01096705765055,"WUE_E_minus_WUE_T__Saline","WUE_E - WUE_T","Saline wetland",-1.86014639689718,0.352851164722236,-2.55173467975276,-1.16855811404159,-2.6026608842423,0.363635332029165,-3.31538613501947,-1.88993563346514
"WUE_ET_minus_WUE_T","Upland",0.383887758727885,"7","US-A03",-0.977449964693403,"WUE_ET_minus_WUE_T__Upland","WUE_ET - WUE_T","Upland",-3.48674451063455,0.317811578889441,-4.10965520525786,-2.86383381601125,-4.66141384511153,0.28212460102491,-5.21437806312035,-4.10844962710271
"WUE_ET_minus_WUE_E","Upland",0.383887758727885,"7","US-A03",-0.977449964693403,"WUE_ET_minus_WUE_E__Upland","WUE_ET - WUE_E","Upland",-1.45196796966155,0.317805677948536,-2.07486709844068,-0.829068840882422,-2.88165831765083,0.282124601024909,-3.43462253565965,-2.328694099642
"WUE_E_minus_WUE_T","Upland",0.383887758727885,"7","US-A03",-0.977449964693403,"WUE_E_minus_WUE_T__Upland","WUE_E - WUE_T","Upland",-2.24334717560998,0.319512521111858,-2.86959171698922,-1.61710263423074,-2.4401423412638,0.28212460102491,-2.99310655927263,-1.88717812325498
"WUE_ET_minus_WUE_T","Freshwater",0.383887758727885,"7","US-A03",-0.977449964693403,"WUE_ET_minus_WUE_T__Freshwater","WUE_ET - WUE_T","Freshwater wetland",-2.62746075237629,0.322809215419464,-3.26016681459844,-1.99475469015414,-3.01552365494324,0.327775435680564,-3.65796350887715,-2.37308380100934
"WUE_ET_minus_WUE_E","Freshwater",0.383887758727885,"7","US-A03",-0.977449964693403,"WUE_ET_minus_WUE_E__Freshwater","WUE_ET - WUE_E","Freshwater wetland",-1.20181205243379,0.347118793075974,-1.8821648868627,-0.521459218004883,-0.894867920994004,0.327775435680564,-1.53730777492791,-0.252428067060099
"WUE_E_minus_WUE_T","Freshwater",0.383887758727885,"7","US-A03",-0.977449964693403,"WUE_E_minus_WUE_T__Freshwater","WUE_E - WUE_T","Freshwater wetland",-1.85427880469942,0.346301324818523,-2.53302940134373,-1.17552820805512,-2.22240663579256,0.327775435680565,-2.86484648972647,-1.57996678185866
"WUE_ET_minus_WUE_T","Saline",0.383887758727885,"7","US-A03",-0.977449964693403,"WUE_ET_minus_WUE_T__Saline","WUE_ET - WUE_T","Saline wetland",-2.53967190782433,0.389453222301508,-3.30300022353528,-1.77634359211337,-3.1204648884072,0.362013277734015,-3.83001091276587,-2.41091886404854
"WUE_ET_minus_WUE_E","Saline",0.383887758727885,"7","US-A03",-0.977449964693403,"WUE_ET_minus_WUE_E__Saline","WUE_ET - WUE_E","Saline wetland",-1.13469400591814,0.379083579680602,-1.87769782209212,-0.391690189744157,-0.632085787547594,0.362013277734015,-1.34163181190626,0.0774602368110743
"WUE_E_minus_WUE_T","Saline",0.383887758727885,"7","US-A03",-0.977449964693403,"WUE_E_minus_WUE_T__Saline","WUE_E - WUE_T","Saline wetland",-1.7636200688087,0.351061088395254,-2.4516998020634,-1.075540335554,-2.47671460407449,0.362013277734015,-3.18626062843316,-1.76716857971582
"WUE_ET_minus_WUE_T","Upland",0.389767215713607,"7","US-A03",-0.94393287173626,"WUE_ET_minus_WUE_T__Upland","WUE_ET - WUE_T","Upland",-3.43039198310937,0.317594295721067,-4.05287680272266,-2.80790716349608,-4.59289319653081,0.281006997265165,-5.14366691117054,-4.04211948189109
"WUE_ET_minus_WUE_E","Upland",0.389767215713607,"7","US-A03",-0.94393287173626,"WUE_ET_minus_WUE_E__Upland","WUE_ET - WUE_E","Upland",-1.4811308574364,0.317587626478367,-2.103602605334,-0.858659109538806,-2.93978239082586,0.281006997265164,-3.49055610546558,-2.38900867618614
"WUE_E_minus_WUE_T","Upland",0.389767215713607,"7","US-A03",-0.94393287173626,"WUE_E_minus_WUE_T__Upland","WUE_E - WUE_T","Upland",-2.15756950685993,0.319493585541267,-2.78377693452081,-1.53136207919905,-2.29454755427583,0.281006997265165,-2.84532126891556,-1.74377383963611
"WUE_ET_minus_WUE_T","Freshwater",0.389767215713607,"7","US-A03",-0.94393287173626,"WUE_ET_minus_WUE_T__Freshwater","WUE_ET - WUE_T","Freshwater wetland",-2.59210749405523,0.321261640971578,-3.22178031035952,-1.96243467775094,-2.97516813640956,0.326449856502602,-3.61500985515466,-2.33532641766446
"WUE_ET_minus_WUE_E","Freshwater",0.389767215713607,"7","US-A03",-0.94393287173626,"WUE_ET_minus_WUE_E__Freshwater","WUE_ET - WUE_E","Freshwater wetland",-1.23258061213279,0.345696133816686,-1.9101450344135,-0.555016189852089,-0.981157124216068,0.326449856502602,-1.62099884296117,-0.341315405470969
"WUE_E_minus_WUE_T","Freshwater",0.389767215713607,"7","US-A03",-0.94393287173626,"WUE_E_minus_WUE_T__Freshwater","WUE_E - WUE_T","Freshwater wetland",-1.77916959271398,0.344843036424486,-2.45506194410597,-1.10327724132198,-2.10497697885162,0.326449856502603,-2.74481869759672,-1.46513526010652
"WUE_ET_minus_WUE_T","Saline",0.389767215713607,"7","US-A03",-0.94393287173626,"WUE_ET_minus_WUE_T__Saline","WUE_ET - WUE_T","Saline wetland",-2.47945147810105,0.388796062415482,-3.24149176043539,-1.7174111957667,-3.07159274664664,0.360464274638396,-3.7781027249379,-2.36508276835539
"WUE_ET_minus_WUE_E","Saline",0.389767215713607,"7","US-A03",-0.94393287173626,"WUE_ET_minus_WUE_E__Saline","WUE_ET - WUE_E","Saline wetland",-1.16378300153413,0.378400976659181,-1.90544891578612,-0.422117087282135,-0.709858367542785,0.360464274638395,-1.41636834583404,-0.00334838925153058
"WUE_E_minus_WUE_T","Saline",0.389767215713607,"7","US-A03",-0.94393287173626,"WUE_E_minus_WUE_T__Saline","WUE_E - WUE_T","Saline wetland",-1.6671081140785,0.349350662110512,-2.3518354118151,-0.982380816341894,-2.35076832390667,0.360464274638396,-3.05727830219793,-1.64425834561542
"WUE_ET_minus_WUE_T","Upland",0.39564667269933,"7","US-A03",-0.910415778779117,"WUE_ET_minus_WUE_T__Upland","WUE_ET - WUE_T","Upland",-3.37679506824743,0.317526180475913,-3.99914638198022,-2.75444375451464,-4.5243725479501,0.279923405881858,-5.07302242347854,-3.97572267242166
"WUE_ET_minus_WUE_E","Upland",0.39564667269933,"7","US-A03",-0.910415778779117,"WUE_ET_minus_WUE_E__Upland","WUE_ET - WUE_E","Upland",-1.51308573234506,0.317518966891633,-2.13542290745266,-0.890748557237456,-2.99790646400089,0.279923405881858,-3.54655633952934,-2.44925658847245
"WUE_E_minus_WUE_T","Upland",0.39564667269933,"7","US-A03",-0.910415778779117,"WUE_E_minus_WUE_T__Upland","WUE_E - WUE_T","Upland",-2.0717945730246,0.319644462631316,-2.69829771978198,-1.44529142626723,-2.14895276728786,0.279923405881859,-2.6976026428163,-1.60030289175942
"WUE_ET_minus_WUE_T","Freshwater",0.39564667269933,"7","US-A03",-0.910415778779117,"WUE_ET_minus_WUE_T__Freshwater","WUE_ET - WUE_T","Freshwater wetland",-2.55687755768118,0.319794884513883,-3.18367553132839,-1.93007958403397,-2.93481261787587,0.325166714897112,-3.57213937907421,-2.29748585667753
"WUE_ET_minus_WUE_E","Freshwater",0.39564667269933,"7","US-A03",-0.910415778779117,"WUE_ET_minus_WUE_E__Freshwater","WUE_ET - WUE_E","Freshwater wetland",-1.26492263410272,0.344551778897082,-1.940244120741,-0.589601147464437,-1.06744632743813,0.325166714897113,-1.70477308863647,-0.43011956623979
"WUE_E_minus_WUE_T","Freshwater",0.39564667269933,"7","US-A03",-0.910415778779117,"WUE_E_minus_WUE_T__Freshwater","WUE_E - WUE_T","Freshwater wetland",-1.70374696498699,0.34364464804035,-2.37729047514607,-1.0302034548279,-1.98754732191068,0.325166714897113,-2.62487408310902,-1.35022056071234
"WUE_ET_minus_WUE_T","Saline",0.39564667269933,"7","US-A03",-0.910415778779117,"WUE_ET_minus_WUE_T__Saline","WUE_ET - WUE_T","Saline wetland",-2.42088263234502,0.388236082506748,-3.18182535405825,-1.65993991063179,-3.02272060488608,0.358989268369601,-3.7263395708905,-2.31910163888166
"WUE_ET_minus_WUE_E","Saline",0.39564667269933,"7","US-A03",-0.910415778779117,"WUE_ET_minus_WUE_E__Saline","WUE_ET - WUE_E","Saline wetland",-1.19338746166069,0.377788406295186,-1.93385273799926,-0.452922185322127,-0.787630947537974,0.358989268369601,-1.49124991354239,-0.0840119815335569
"WUE_E_minus_WUE_T","Saline",0.39564667269933,"7","US-A03",-0.910415778779117,"WUE_E_minus_WUE_T__Saline","WUE_E - WUE_T","Saline wetland",-1.57061038959063,0.347720525134487,-2.25214261885422,-0.889078160327032,-2.22482204373886,0.358989268369601,-2.92844100974328,-1.52120307773444
"WUE_ET_minus_WUE_T","Upland",0.401526129685052,"7","US-A03",-0.876898685821974,"WUE_ET_minus_WUE_T__Upland","WUE_ET - WUE_T","Upland",-3.32562425114022,0.317547813189677,-3.94801796499199,-2.70323053728846,-4.45585189936938,0.2788742233499,-5.00244537713519,-3.90925842160358
"WUE_ET_minus_WUE_E","Upland",0.401526129685052,"7","US-A03",-0.876898685821974,"WUE_ET_minus_WUE_E__Upland","WUE_ET - WUE_E","Upland",-1.54794073675703,0.317540271058114,-2.17031966803093,-0.925561805483126,-3.05603053717593,0.2788742233499,-3.60262401494173,-2.50943705941013
"WUE_E_minus_WUE_T","Upland",0.401526129685052,"7","US-A03",-0.876898685821974,"WUE_E_minus_WUE_T__Upland","WUE_E - WUE_T","Upland",-1.98551964077131,0.319893811182282,-2.61251151068859,-1.35852777085404,-2.00335798029989,0.2788742233499,-2.5499514580657,-1.45676450253409
"WUE_ET_minus_WUE_T","Freshwater",0.401526129685052,"7","US-A03",-0.876898685821974,"WUE_ET_minus_WUE_T__Freshwater","WUE_ET - WUE_T","Freshwater wetland",-2.52178072501162,0.318404716918994,-3.14585397017285,-1.89770747985039,-2.89445709934218,0.323926515177154,-3.5293530690894,-2.25956112959496
"WUE_ET_minus_WUE_E","Freshwater",0.401526129685052,"7","US-A03",-0.876898685821974,"WUE_ET_minus_WUE_E__Freshwater","WUE_ET - WUE_E","Freshwater wetland",-1.29875975159592,0.343636301222306,-1.97228690199164,-0.625232601200197,-1.15373553066019,0.323926515177153,-1.78863150040741,-0.518839560912971
"WUE_E_minus_WUE_T","Freshwater",0.401526129685052,"7","US-A03",-0.876898685821974,"WUE_E_minus_WUE_T__Freshwater","WUE_E - WUE_T","Freshwater wetland",-1.62808135056111,0.342661459226403,-2.29969781064486,-0.956464890477357,-1.87011766496974,0.323926515177153,-2.50501363471696,-1.23522169522252
"WUE_ET_minus_WUE_T","Saline",0.401526129685052,"7","US-A03",-0.876898685821974,"WUE_ET_minus_WUE_T__Saline","WUE_ET - WUE_T","Saline wetland",-2.36390747987884,0.387754230154749,-3.12390577098214,-1.60390918877553,-2.97384846312552,0.357589174609068,-3.67472324535929,-2.27297368089175
"WUE_ET_minus_WUE_E","Saline",0.401526129685052,"7","US-A03",-0.876898685821974,"WUE_ET_minus_WUE_E__Saline","WUE_ET - WUE_E","Saline wetland",-1.22350686374617,0.377232619389723,-1.96288279775002,-0.484130929742311,-0.865403527533162,0.357589174609067,-1.56627830976693,-0.164528745299391
"WUE_E_minus_WUE_T","Saline",0.401526129685052,"7","US-A03",-0.876898685821974,"WUE_E_minus_WUE_T__Saline","WUE_E - WUE_T","Saline wetland",-1.4741267169927,0.346171283856371,-2.15262243335118,-0.795631000634209,-2.09887576357105,0.357589174609067,-2.79975054580482,-1.39800098133727
"WUE_ET_minus_WUE_T","Upland",0.407405586670774,"7","US-A03",-0.843381592864831,"WUE_ET_minus_WUE_T__Upland","WUE_ET - WUE_T","Upland",-3.27655355594743,0.317597378855635,-3.89904441850448,-2.65406269339039,-4.38733125078867,0.277859839447005,-4.9319365361048,-3.84272596547253
"WUE_ET_minus_WUE_E","Upland",0.407405586670774,"7","US-A03",-0.843381592864831,"WUE_ET_minus_WUE_E__Upland","WUE_ET - WUE_E","Upland",-1.58578488522071,0.317589708167093,-2.20826071322821,-0.963309057213204,-3.11415461035096,0.277859839447005,-3.65875989566709,-2.56954932503483
"WUE_E_minus_WUE_T","Upland",0.407405586670774,"7","US-A03",-0.843381592864831,"WUE_E_minus_WUE_T__Upland","WUE_E - WUE_T","Upland",-1.89826661422734,0.320167993584842,-2.52579588165363,-1.27073734680105,-1.85776319331192,0.277859839447006,-2.40236847862805,-1.31315790799579
"WUE_ET_minus_WUE_T","Freshwater",0.407405586670774,"7","US-A03",-0.843381592864831,"WUE_ET_minus_WUE_T__Freshwater","WUE_ET - WUE_T","Freshwater wetland",-2.48682636662108,0.317086881405216,-3.1083166541753,-1.86533607906686,-2.85410158080849,0.322729752399858,-3.48665189551221,-2.22155126610477
"WUE_ET_minus_WUE_E","Freshwater",0.407405586670774,"7","US-A03",-0.843381592864831,"WUE_ET_minus_WUE_E__Freshwater","WUE_ET - WUE_E","Freshwater wetland",-1.33401269640104,0.342894232529269,-2.00608539215841,-0.661940000643673,-1.24002473388225,0.322729752399857,-1.87257504858597,-0.607474419178533
"WUE_E_minus_WUE_T","Freshwater",0.407405586670774,"7","US-A03",-0.843381592864831,"WUE_E_minus_WUE_T__Freshwater","WUE_E - WUE_T","Freshwater wetland",-1.5522362319757,0.341843205069942,-2.22224891391279,-0.882223550038615,-1.7526880080288,0.322729752399858,-2.38523832273252,-1.12013769332507
"WUE_ET_minus_WUE_T","Saline",0.407405586670774,"7","US-A03",-0.843381592864831,"WUE_ET_minus_WUE_T__Saline","WUE_ET - WUE_T","Saline wetland",-2.30846577169789,0.387329683464861,-3.06763195128902,-1.54929959210676,-2.92497632136496,0.356264876559202,-3.623255479421,-2.22669716330892
"WUE_ET_minus_WUE_E","Saline",0.407405586670774,"7","US-A03",-0.843381592864831,"WUE_ET_minus_WUE_E__Saline","WUE_ET - WUE_E","Saline wetland",-1.25414250211036,0.37672004202758,-1.99251378448442,-0.515771219736306,-0.943176107528349,0.356264876559201,-1.64145526558438,-0.244896949472314
"WUE_E_minus_WUE_T","Saline",0.407405586670774,"7","US-A03",-0.843381592864831,"WUE_E_minus_WUE_T__Saline","WUE_E - WUE_T","Saline wetland",-1.3776568831135,0.344703515435582,-2.05327577336724,-0.702037992859758,-1.97292948340323,0.356264876559202,-2.67120864145927,-1.2746503253472
"WUE_ET_minus_WUE_T","Upland",0.413285043656497,"7","US-A03",-0.809864499907688,"WUE_ET_minus_WUE_T__Upland","WUE_ET - WUE_T","Upland",-3.22926153833604,0.317612755806081,-3.85178253971596,-2.60674053695613,-4.31881060220795,0.276880636639719,-4.8614966500218,-3.7761245543941
"WUE_ET_minus_WUE_E","Upland",0.413285043656497,"7","US-A03",-0.809864499907688,"WUE_ET_minus_WUE_E__Upland","WUE_ET - WUE_E","Upland",-1.62669262347344,0.317605135186266,-2.24919868843852,-1.00418655850836,-3.172278683526,0.276880636639719,-3.71496473133984,-2.62959263571215
"WUE_E_minus_WUE_T","Upland",0.413285043656497,"7","US-A03",-0.809864499907688,"WUE_E_minus_WUE_T__Upland","WUE_E - WUE_T","Upland",-1.80957831215393,0.32039358748513,-2.43754974362478,-1.18160688068308,-1.71216840632395,0.27688063663972,-2.2548544541378,-1.1694823585101
"WUE_ET_minus_WUE_T","Freshwater",0.413285043656497,"7","US-A03",-0.809864499907688,"WUE_ET_minus_WUE_T__Freshwater","WUE_ET - WUE_T","Freshwater wetland",-2.45202351063746,0.315837123111836,-3.07106427193666,-1.83298274933826,-2.8137460622748,0.321576911523133,-3.44403680886014,-2.18345531568946
"WUE_ET_minus_WUE_E","Freshwater",0.413285043656497,"7","US-A03",-0.809864499907688,"WUE_ET_minus_WUE_E__Freshwater","WUE_ET - WUE_E","Freshwater wetland",-1.37060215739598,0.342266298146575,-2.04144410176327,-0.699760213028698,-1.32631393710431,0.321576911523132,-1.95660468368965,-0.696023190518975
"WUE_E_minus_WUE_T","Freshwater",0.413285043656497,"7","US-A03",-0.809864499907688,"WUE_E_minus_WUE_T__Freshwater","WUE_E - WUE_T","Freshwater wetland",-1.47626938920093,0.341136038709762,-2.14489602507206,-0.807642753329794,-1.63525835108786,0.321576911523133,-2.2655490976732,-1.00496760450251
"WUE_ET_minus_WUE_T","Saline",0.413285043656497,"7","US-A03",-0.809864499907688,"WUE_ET_minus_WUE_T__Saline","WUE_ET - WUE_T","Saline wetland",-2.25449592516173,0.386940270609648,-3.01289885555664,-1.49609299476682,-2.8761041796044,0.3550172224287,-3.57193793556465,-2.18027042364415
"WUE_ET_minus_WUE_E","Saline",0.413285043656497,"7","US-A03",-0.809864499907688,"WUE_ET_minus_WUE_E__Saline","WUE_ET - WUE_E","Saline wetland",-1.28529710362799,0.376236897639375,-2.02272142300116,-0.547872784254815,-1.02094868752354,0.3550172224287,-1.71678244348379,-0.325114931563288
"WUE_E_minus_WUE_T","Saline",0.413285043656497,"7","US-A03",-0.809864499907688,"WUE_E_minus_WUE_T__Saline","WUE_E - WUE_T","Saline wetland",-1.28120065071104,0.343317766233779,-1.95410347252925,-0.608297828892831,-1.84698320323542,0.3550172224287,-2.54281695919567,-1.15114944727517
"WUE_ET_minus_WUE_T","Upland",0.419164500642219,"7","US-A03",-0.776347406950545,"WUE_ET_minus_WUE_T__Upland","WUE_ET - WUE_T","Upland",-3.18343561566507,0.317535115935393,-3.80580444289844,-2.5610667884317,-4.25028995362723,0.275936989464102,-4.79112645297687,-3.70945345427759
"WUE_ET_minus_WUE_E","Upland",0.419164500642219,"7","US-A03",-0.776347406950545,"WUE_ET_minus_WUE_E__Upland","WUE_ET - WUE_E","Upland",-1.67071941222457,0.317527698534168,-2.29307370135154,-1.0483651230976,-3.23040275670103,0.275936989464102,-3.77123925605067,-2.68956625735139
"WUE_E_minus_WUE_T","Upland",0.419164500642219,"7","US-A03",-0.776347406950545,"WUE_E_minus_WUE_T__Upland","WUE_E - WUE_T","Upland",-1.71902828122564,0.32050153330524,-2.3472112865039,-1.09084527594737,-1.56657361933598,0.275936989464103,-2.10741011868562,-1.02573711998634
"WUE_ET_minus_WUE_T","Freshwater",0.419164500642219,"7","US-A03",-0.776347406950545,"WUE_ET_minus_WUE_T__Freshwater","WUE_ET - WUE_T","Freshwater wetland",-2.41738069041611,0.31465129692189,-3.03409723238301,-1.8006641484492,-2.77339054374112,0.320468466556172,-3.40150873819121,-2.14527234929102
"WUE_ET_minus_WUE_E","Freshwater",0.419164500642219,"7","US-A03",-0.776347406950545,"WUE_ET_minus_WUE_E__Freshwater","WUE_ET - WUE_E","Freshwater wetland",-1.4084498446464,0.34169306335365,-2.07816824881955,-0.738731440473243,-1.41260314032638,0.320468466556172,-2.04072133477647,-0.784484945876283
"WUE_E_minus_WUE_T","Freshwater",0.419164500642219,"7","US-A03",-0.776347406950545,"WUE_E_minus_WUE_T__Freshwater","WUE_E - WUE_T","Freshwater wetland",-1.40023045527936,0.3404858482004,-2.06758271775214,-0.732878192806575,-1.51782869414691,0.320468466556172,-2.14594688859701,-0.889710499696817
"WUE_ET_minus_WUE_T","Saline",0.419164500642219,"7","US-A03",-0.776347406950545,"WUE_ET_minus_WUE_T__Saline","WUE_ET - WUE_T","Saline wetland",-2.20193534988895,0.386563943629142,-2.95960067940207,-1.44427002037583,-2.82723203784384,0.353847022951065,-3.52077220282793,-2.13369187285975
"WUE_ET_minus_WUE_E","Saline",0.419164500642219,"7","US-A03",-0.776347406950545,"WUE_ET_minus_WUE_E__Saline","WUE_ET - WUE_E","Saline wetland",-1.31697533871963,0.375769972650195,-2.05348448511401,-0.580466192325243,-1.09872126751873,0.353847022951065,-1.79226143250282,-0.405181102534642
"WUE_E_minus_WUE_T","Saline",0.419164500642219,"7","US-A03",-0.776347406950545,"WUE_E_minus_WUE_T__Saline","WUE_E - WUE_T","Saline wetland",-1.18475775490414,0.34201455842997,-1.85510628942688,-0.5144092203814,-1.7210369230676,0.353847022951065,-2.41457708805169,-1.02749675808351
"WUE_ET_minus_WUE_T","Upland",0.425043957627941,"7","US-A03",-0.742830313993402,"WUE_ET_minus_WUE_T__Upland","WUE_ET - WUE_T","Upland",-3.13877855108438,0.317313469570183,-3.76071295144194,-2.51684415072682,-4.18176930504651,0.275029263902958,-4.72082666229631,-3.64271194779672
"WUE_ET_minus_WUE_E","Upland",0.425043957627941,"7","US-A03",-0.742830313993402,"WUE_ET_minus_WUE_E__Upland","WUE_ET - WUE_E","Upland",-1.71789280623343,0.317306380324614,-2.33981331166968,-1.09597230079719,-3.28852682987606,0.275029263902958,-3.82758418712586,-2.74946947262626
"WUE_E_minus_WUE_T","Upland",0.425043957627941,"7","US-A03",-0.742830313993402,"WUE_E_minus_WUE_T__Upland","WUE_E - WUE_T","Upland",-1.62623797211888,0.320432298355906,-2.25428527689646,-0.998190667341302,-1.42097883234801,0.275029263902959,-1.96003618959781,-0.881921475098212
"WUE_ET_minus_WUE_T","Freshwater",0.425043957627941,"7","US-A03",-0.742830313993402,"WUE_ET_minus_WUE_T__Freshwater","WUE_ET - WUE_T","Freshwater wetland",-2.38290567263222,0.313525524698829,-2.99741570104192,-1.76839564422252,-2.73303502520743,0.319404879706613,-3.35906858943239,-2.10700146098247
"WUE_ET_minus_WUE_E","Freshwater",0.425043957627941,"7","US-A03",-0.742830313993402,"WUE_ET_minus_WUE_E__Freshwater","WUE_ET - WUE_E","Freshwater wetland",-1.44747985277204,0.341119622991661,-2.1160743138357,-0.77888539170839,-1.49889234354844,0.319404879706612,-2.1249259077734,-0.872858779323481
"WUE_E_minus_WUE_T","Freshwater",0.425043957627941,"7","US-A03",-0.742830313993402,"WUE_E_minus_WUE_T__Freshwater","WUE_E - WUE_T","Freshwater wetland",-1.32415647671382,0.339842561181807,-1.99024789663016,-0.658065056797474,-1.40039903720597,0.319404879706613,-2.02643260143093,-0.774365472981011
"WUE_ET_minus_WUE_T","Saline",0.425043957627941,"7","US-A03",-0.742830313993402,"WUE_ET_minus_WUE_T__Saline","WUE_ET - WUE_T","Saline wetland",-2.15072053307936,0.386180898116971,-2.90763509338862,-1.39380597277009,-2.77835989608328,0.352755048951493,-3.4697597920282,-2.08696000013835
"WUE_ET_minus_WUE_E","Saline",0.425043957627941,"7","US-A03",-0.742830313993402,"WUE_ET_minus_WUE_E__Saline","WUE_ET - WUE_E","Saline wetland",-1.34918479304263,0.375307757307263,-2.08478799736487,-0.613581588720398,-1.17649384751392,0.352755048951492,-1.86789374345884,-0.485093951568994
"WUE_E_minus_WUE_T","Saline",0.425043957627941,"7","US-A03",-0.742830313993402,"WUE_E_minus_WUE_T__Saline","WUE_E - WUE_T","Saline wetland",-1.08832789290508,0.34079440142758,-1.75628491970314,-0.420370866107025,-1.59509064289979,0.352755048951493,-2.28649053884471,-0.90369074695486
"WUE_ET_minus_WUE_T","Upland",0.430923414613664,"7","US-A03",-0.709313221036259,"WUE_ET_minus_WUE_T__Upland","WUE_ET - WUE_T","Upland",-3.09500725707063,0.316905718022824,-3.71614246439536,-2.47387204974589,-4.1132486564658,0.274157816761604,-4.65059797731854,-3.57589933561305
"WUE_ET_minus_WUE_E","Upland",0.430923414613664,"7","US-A03",-0.709313221036259,"WUE_ET_minus_WUE_E__Upland","WUE_ET - WUE_E","Upland",-1.76821818132371,0.316899052963584,-2.38934032513234,-1.14709603751509,-3.3466509030511,0.274157816761603,-3.88400022390384,-2.80930158219835
"WUE_E_minus_WUE_T","Upland",0.430923414613664,"7","US-A03",-0.709313221036259,"WUE_E_minus_WUE_T__Upland","WUE_E - WUE_T","Upland",-1.53086922320172,0.320137053687914,-2.15833784843003,-0.903400597973406,-1.27538404536004,0.274157816761605,-1.81273336621279,-0.738034724507295
"WUE_ET_minus_WUE_T","Freshwater",0.430923414613664,"7","US-A03",-0.709313221036259,"WUE_ET_minus_WUE_T__Freshwater","WUE_ET - WUE_T","Freshwater wetland",-2.34860558017948,0.312456216739546,-2.96101976498899,-1.73619139536997,-2.69267950667374,0.318386600527333,-3.31671724370731,-2.06864176964017
"WUE_ET_minus_WUE_E","Freshwater",0.430923414613664,"7","US-A03",-0.709313221036259,"WUE_ET_minus_WUE_E__Freshwater","WUE_ET - WUE_E","Freshwater wetland",-1.48761895052459,0.340497374958682,-2.15499380544361,-0.82024409560557,-1.5851815467705,0.318386600527333,-2.20921928380407,-0.961143809736931
"WUE_E_minus_WUE_T","Freshwater",0.430923414613664,"7","US-A03",-0.709313221036259,"WUE_E_minus_WUE_T__Freshwater","WUE_E - WUE_T","Freshwater wetland",-1.24807393610487,0.339161757717999,-1.91283098123215,-0.583316890977592,-1.28296938026503,0.318386600527334,-1.9070071172986,-0.658931643231456
"WUE_ET_minus_WUE_T","Saline",0.430923414613664,"7","US-A03",-0.709313221036259,"WUE_ET_minus_WUE_T__Saline","WUE_ET - WUE_T","Saline wetland",-2.10078768609995,0.385773850139093,-2.85690443237257,-1.34467093982733,-2.72948775432272,0.351742028977638,-3.41890213111889,-2.04007337752655
"WUE_ET_minus_WUE_E","Saline",0.430923414613664,"7","US-A03",-0.709313221036259,"WUE_ET_minus_WUE_E__Saline","WUE_ET - WUE_E","Saline wetland",-1.38193541659093,0.37484047687608,-2.11662275126804,-0.647248081913809,-1.25426642750911,0.351742028977637,-1.94368080430528,-0.56485205071294
"WUE_E_minus_WUE_T","Saline",0.430923414613664,"7","US-A03",-0.709313221036259,"WUE_E_minus_WUE_T__Saline","WUE_E - WUE_T","Saline wetland",-0.991910733897979,0.339657789616571,-1.65764000154646,-0.326181466249499,-1.46914436273197,0.351742028977638,-2.15855873952814,-0.779729985935802
"WUE_ET_minus_WUE_T","Upland",0.436802871599386,"7","US-A03",-0.675796128079116,"WUE_ET_minus_WUE_T__Upland","WUE_ET - WUE_T","Upland",-3.05185573331108,0.316280526308786,-3.6717655648763,-2.43194590174586,-4.04472800788508,0.273322995044271,-4.58044107817185,-3.50901493759831
"WUE_ET_minus_WUE_E","Upland",0.436802871599386,"7","US-A03",-0.675796128079116,"WUE_ET_minus_WUE_E__Upland","WUE_ET - WUE_E","Upland",-1.82167786498042,0.316274353198087,-2.44157559724867,-1.20178013271217,-3.40477497622613,0.27332299504427,-3.9404880465129,-2.86906190593936
"WUE_E_minus_WUE_T","Upland",0.436802871599386,"7","US-A03",-0.675796128079116,"WUE_E_minus_WUE_T__Upland","WUE_E - WUE_T","Upland",-1.43262868100318,0.31957974999721,-2.05900499099771,-0.806252371008646,-1.12978925837207,0.273322995044272,-1.66550232865884,-0.594076188085299
"WUE_ET_minus_WUE_T","Freshwater",0.436802871599386,"7","US-A03",-0.675796128079116,"WUE_ET_minus_WUE_T__Freshwater","WUE_ET - WUE_T","Freshwater wetland",-2.31448682342593,0.311440136758014,-2.92490949147164,-1.70406415538022,-2.65232398814005,0.317414065066014,-3.27445555566944,-2.03019242061066
"WUE_ET_minus_WUE_E","Freshwater",0.436802871599386,"7","US-A03",-0.675796128079116,"WUE_ET_minus_WUE_E__Freshwater","WUE_ET - WUE_E","Freshwater wetland",-1.52879767657226,0.339786391067436,-2.19477900306443,-0.862816350080081,-1.67147074999257,0.317414065066014,-2.29360231752195,-1.04933918246318
"WUE_E_minus_WUE_T","Freshwater",0.436802871599386,"7","US-A03",-0.675796128079116,"WUE_E_minus_WUE_T__Freshwater","WUE_E - WUE_T","Freshwater wetland",-1.17199760175553,0.338406856792386,-1.83527504106861,-0.508720162442454,-1.16553972332409,0.317414065066014,-1.78767129085348,-0.543408155794702
"WUE_ET_minus_WUE_T","Saline",0.436802871599386,"7","US-A03",-0.675796128079116,"WUE_ET_minus_WUE_T__Saline","WUE_ET - WUE_T","Saline wetland",-2.05207327657348,0.385328913972586,-2.80731794795975,-1.29682860518721,-2.68061561256215,0.350808647009929,-3.36820056070162,-1.99303066442269
"WUE_ET_minus_WUE_E","Saline",0.436802871599386,"7","US-A03",-0.675796128079116,"WUE_ET_minus_WUE_E__Saline","WUE_ET - WUE_E","Saline wetland",-1.4152396719803,0.374360502183009,-2.148986256259,-0.681493087701605,-1.3320390075043,0.350808647009928,-2.01962395564376,-0.644454059364838
"WUE_E_minus_WUE_T","Saline",0.436802871599386,"7","US-A03",-0.675796128079116,"WUE_E_minus_WUE_T__Saline","WUE_E - WUE_T","Saline wetland",-0.89550592028217,0.338605205239791,-1.55917212255216,-0.23183971801218,-1.34319808256416,0.350808647009929,-2.03078303070362,-0.655613134424698
"WUE_ET_minus_WUE_T","Upland",0.442682328585108,"7","US-A03",-0.642279035121973,"WUE_ET_minus_WUE_T__Upland","WUE_ET - WUE_T","Upland",-3.00907303871977,0.315417356297386,-3.62729105706264,-2.39085502037689,-3.97620735930436,0.272525135333325,-4.51035662455768,-3.44205809405105
"WUE_ET_minus_WUE_E","Upland",0.442682328585108,"7","US-A03",-0.642279035121973,"WUE_ET_minus_WUE_E__Upland","WUE_ET - WUE_E","Upland",-1.87823564703298,0.315411716479877,-2.49644261133354,-1.26002868273242,-3.46289904940117,0.272525135333325,-3.99704831465448,-2.92874978414785
"WUE_E_minus_WUE_T","Upland",0.442682328585108,"7","US-A03",-0.642279035121973,"WUE_E_minus_WUE_T__Upland","WUE_E - WUE_T","Upland",-1.33126060665613,0.318737098645837,-1.95598532000197,-0.706535893310288,-0.984194471384101,0.272525135333326,-1.51834373663742,-0.450045206130783
"WUE_ET_minus_WUE_T","Freshwater",0.442682328585108,"7","US-A03",-0.642279035121973,"WUE_ET_minus_WUE_T__Freshwater","WUE_ET - WUE_T","Freshwater wetland",-2.28055521456634,0.310474401699192,-2.88908504189676,-1.67202538723593,-2.61196846960636,0.316487695020733,-3.232284351847,-1.99165258736573
"WUE_ET_minus_WUE_E","Freshwater",0.442682328585108,"7","US-A03",-0.642279035121973,"WUE_ET_minus_WUE_E__Freshwater","WUE_ET - WUE_E","Freshwater wetland",-1.57095017756865,0.338956068700908,-2.23530407222243,-0.90659628291487,-1.75775995321463,0.316487695020732,-2.37807583545526,-1.13744407097399
"WUE_E_minus_WUE_T","Freshwater",0.442682328585108,"7","US-A03",-0.642279035121973,"WUE_E_minus_WUE_T__Freshwater","WUE_E - WUE_T","Freshwater wetland",-1.0959323765158,0.337549721050365,-1.75752982977451,-0.434334923257083,-1.04811006638315,0.316487695020733,-1.66842594862378,-0.427794184142511
"WUE_ET_minus_WUE_T","Saline",0.442682328585108,"7","US-A03",-0.642279035121973,"WUE_ET_minus_WUE_T__Saline","WUE_ET - WUE_T","Saline wetland",-2.00451426718246,0.384835564216279,-2.75879197304636,-1.25023656131855,-2.63174347080159,0.349955540267139,-3.31765632972519,-1.945830611878
"WUE_ET_minus_WUE_E","Saline",0.442682328585108,"7","US-A03",-0.642279035121973,"WUE_ET_minus_WUE_E__Saline","WUE_ET - WUE_E","Saline wetland",-1.44911207173142,0.373862237257754,-2.18188205675661,-0.71634208670622,-1.40981158749949,0.349955540267138,-2.09572444642308,-0.723898728575895
"WUE_E_minus_WUE_T","Saline",0.442682328585108,"7","US-A03",-0.642279035121973,"WUE_E_minus_WUE_T__Saline","WUE_E - WUE_T","Saline wetland",-0.799113074050666,0.337637115121381,-1.46088181968857,-0.137344328412758,-1.21725180239634,0.349955540267139,-1.90316466131993,-0.531338943472751
"WUE_ET_minus_WUE_T","Upland",0.448561785570831,"7","US-A03",-0.60876194216483,"WUE_ET_minus_WUE_T__Upland","WUE_ET - WUE_T","Upland",-2.96642312552037,0.31430652049457,-3.58246390568972,-2.35038234535101,-3.90768671072365,0.271764563173566,-4.44034525454384,-3.37502816690346
"WUE_ET_minus_WUE_E","Upland",0.448561785570831,"7","US-A03",-0.60876194216483,"WUE_ET_minus_WUE_E__Upland","WUE_ET - WUE_E","Upland",-1.93783922820635,0.314301431507692,-2.55387003396143,-1.32180842245127,-3.5210231225762,0.271764563173565,-4.05368166639638,-2.98836457875601
"WUE_E_minus_WUE_T","Upland",0.448561785570831,"7","US-A03",-0.60876194216483,"WUE_E_minus_WUE_T__Upland","WUE_E - WUE_T","Upland",-1.22654410235874,0.317598578227874,-1.84903731568537,-0.604050889032105,-0.838599684396132,0.271764563173566,-1.37125822821632,-0.305941140575942
"WUE_ET_minus_WUE_T","Freshwater",0.448561785570831,"7","US-A03",-0.60876194216483,"WUE_ET_minus_WUE_T__Freshwater","WUE_ET - WUE_T","Freshwater wetland",-2.2468160103946,0.30955648679481,-2.85354672451242,-1.64008529627677,-2.57161295107268,0.315607896904949,-3.19020442900638,-1.95302147313898
"WUE_ET_minus_WUE_E","Freshwater",0.448561785570831,"7","US-A03",-0.60876194216483,"WUE_ET_minus_WUE_E__Freshwater","WUE_ET - WUE_E","Freshwater wetland",-1.61401456810512,0.337985641760946,-2.27646642595658,-0.95156271025367,-1.84404915643669,0.315607896904949,-2.46264063437039,-1.22545767850299
"WUE_E_minus_WUE_T","Freshwater",0.448561785570831,"7","US-A03",-0.60876194216483,"WUE_E_minus_WUE_T__Freshwater","WUE_E - WUE_T","Freshwater wetland",-1.01987393600726,0.336571138018342,-1.67955336652321,-0.360194505491311,-0.930680409442206,0.315607896904949,-1.54927188737591,-0.312088931508505
"WUE_ET_minus_WUE_T","Saline",0.448561785570831,"7","US-A03",-0.60876194216483,"WUE_ET_minus_WUE_T__Saline","WUE_ET - WUE_T","Saline wetland",-1.95804843573815,0.384286683204366,-2.71125033481871,-1.20484653665759,-2.58287132904103,0.349183297122714,-3.26727059140155,-1.89847206668051
"WUE_ET_minus_WUE_E","Saline",0.448561785570831,"7","US-A03",-0.60876194216483,"WUE_ET_minus_WUE_E__Saline","WUE_ET - WUE_E","Saline wetland",-1.48356894523636,0.373342076313233,-2.21531941481029,-0.751818475662422,-1.48758416749468,0.349183297122713,-2.17198342985519,-0.803184905134157
"WUE_E_minus_WUE_T","Saline",0.448561785570831,"7","US-A03",-0.60876194216483,"WUE_E_minus_WUE_T__Saline","WUE_E - WUE_T","Saline wetland",-0.70273180084614,0.336753968583898,-1.36276957927058,-0.0426940224217005,-1.09130552222853,0.349183297122714,-1.77570478458905,-0.40690625986801
"WUE_ET_minus_WUE_T","Upland",0.454441242556553,"7","US-A03",-0.575244849207687,"WUE_ET_minus_WUE_T__Upland","WUE_ET - WUE_T","Upland",-2.92368401548122,0.312948933609766,-3.53706392535636,-2.31030410560608,-3.83916606214293,0.271041592463935,-4.37040758337224,-3.30792454091362
"WUE_ET_minus_WUE_E","Upland",0.454441242556553,"7","US-A03",-0.575244849207687,"WUE_ET_minus_WUE_E__Upland","WUE_ET - WUE_E","Upland",-2.00042211584321,0.312944392275749,-2.61379312470368,-1.38705110698274,-3.57914719575123,0.271041592463934,-4.11038871698054,-3.04790567452192
"WUE_E_minus_WUE_T","Upland",0.454441242556553,"7","US-A03",-0.575244849207687,"WUE_E_minus_WUE_T__Upland","WUE_E - WUE_T","Upland",-1.11829013271348,0.316166108459296,-1.73797570529369,-0.498604560133256,-0.693004897408162,0.271041592463935,-1.22424641863748,-0.161763376178849
"WUE_ET_minus_WUE_T","Freshwater",0.454441242556553,"7","US-A03",-0.575244849207687,"WUE_ET_minus_WUE_T__Freshwater","WUE_ET - WUE_T","Freshwater wetland",-2.2132739585278,0.308684222392792,-2.81829503441767,-1.60825288263793,-2.53125743253899,0.314775061225342,-3.14821655254066,-1.91429831253732
"WUE_ET_minus_WUE_E","Freshwater",0.454441242556553,"7","US-A03",-0.575244849207687,"WUE_ET_minus_WUE_E__Freshwater","WUE_ET - WUE_E","Freshwater wetland",-1.65793290861337,0.336864301396344,-2.3181869393502,-0.997678877876534,-1.93033835965875,0.314775061225342,-2.54729747966042,-1.31337923965708
"WUE_E_minus_WUE_T","Freshwater",0.454441242556553,"7","US-A03",-0.575244849207687,"WUE_E_minus_WUE_T__Freshwater","WUE_E - WUE_T","Freshwater wetland",-0.943809452719262,0.335460942816834,-1.60131290064026,-0.286306004798267,-0.813250752501265,0.314775061225342,-1.43020987250294,-0.196291632499594
"WUE_ET_minus_WUE_T","Saline",0.454441242556553,"7","US-A03",-0.575244849207687,"WUE_ET_minus_WUE_T__Saline","WUE_ET - WUE_T","Saline wetland",-1.91261446892357,0.383678485349954,-2.66462430020948,-1.16060463763766,-2.53399918728047,0.348492455147038,-3.21704439936867,-1.85095397519228
"WUE_ET_minus_WUE_E","Saline",0.454441242556553,"7","US-A03",-0.575244849207687,"WUE_ET_minus_WUE_E__Saline","WUE_ET - WUE_E","Saline wetland",-1.51862824269633,0.372798305360234,-2.24931292120239,-0.787943564190276,-1.56535674748986,0.348492455147038,-2.24840195957806,-0.88231153540167
"WUE_E_minus_WUE_T","Saline",0.454441242556553,"7","US-A03",-0.575244849207687,"WUE_E_minus_WUE_T__Saline","WUE_E - WUE_T","Saline wetland",-0.606361692480759,0.335956194949438,-1.26483583458166,0.0521124496201385,-0.965359242060716,0.348492455147038,-1.64840445414891,-0.282314029972521
"WUE_ET_minus_WUE_T","Upland",0.460320699542275,"7","US-A03",-0.541727756250544,"WUE_ET_minus_WUE_T__Upland","WUE_ET - WUE_T","Upland",-2.88064919680527,0.311356009060305,-3.49090697456347,-2.27039141904707,-3.77064541356222,0.270356524859023,-4.3005442022859,-3.24074662483853
"WUE_ET_minus_WUE_E","Upland",0.460320699542275,"7","US-A03",-0.541727756250544,"WUE_ET_minus_WUE_E__Upland","WUE_ET - WUE_E","Upland",-2.06590423133145,0.311351994819084,-2.67615414117685,-1.45565432148604,-3.63727126892627,0.270356524859024,-4.16717005764995,-3.10737248020258
"WUE_E_minus_WUE_T","Upland",0.460320699542275,"7","US-A03",-0.541727756250544,"WUE_E_minus_WUE_T__Upland","WUE_E - WUE_T","Upland",-1.00634259480582,0.314453899055313,-1.62267223695424,-0.390012952657412,-0.547410110420191,0.270356524859024,-1.07730889914388,-0.0175113216965054
"WUE_ET_minus_WUE_T","Freshwater",0.460320699542275,"7","US-A03",-0.541727756250544,"WUE_ET_minus_WUE_T__Freshwater","WUE_ET - WUE_T","Freshwater wetland",-2.17993327603991,0.307855798967415,-2.78333064201605,-1.57653591006378,-2.4909019140053,0.313989561676014,-3.10632145489029,-1.87548237312031
"WUE_ET_minus_WUE_E","Freshwater",0.460320699542275,"7","US-A03",-0.541727756250544,"WUE_ET_minus_WUE_E__Freshwater","WUE_ET - WUE_E","Freshwater wetland",-1.70265204032056,0.335591352506957,-2.3604110912342,-1.04489298940692,-2.01662756288081,0.313989561676014,-2.6320471037658,-1.40120802199583
"WUE_E_minus_WUE_T","Freshwater",0.460320699542275,"7","US-A03",-0.541727756250544,"WUE_E_minus_WUE_T__Freshwater","WUE_E - WUE_T","Freshwater wetland",-0.867717118989389,0.334218174259726,-1.52278474053845,-0.212649497440327,-0.695821095560323,0.313989561676014,-1.31124063644531,-0.0804015546753363
"WUE_ET_minus_WUE_T","Saline",0.460320699542275,"7","US-A03",-0.541727756250544,"WUE_ET_minus_WUE_T__Saline","WUE_ET - WUE_T","Saline wetland",-1.86815231228028,0.383010564699926,-2.61885301909214,-1.11745160546843,-2.48512704551991,0.347883499290248,-3.1669787041288,-1.80327538691102
"WUE_ET_minus_WUE_E","Saline",0.460320699542275,"7","US-A03",-0.541727756250544,"WUE_ET_minus_WUE_E__Saline","WUE_ET - WUE_E","Saline wetland",-1.55430950089894,0.372231086202503,-2.28388242985585,-0.824736571942038,-1.64312932748505,0.347883499290247,-2.32498098609394,-0.961277668876169
"WUE_E_minus_WUE_T","Saline",0.460320699542275,"7","US-A03",-0.541727756250544,"WUE_E_minus_WUE_T__Saline","WUE_E - WUE_T","Saline wetland",-0.510002328535501,0.335244202364423,-1.16708096516977,0.147076308098769,-0.8394129618929,0.347883499290247,-1.52126462050178,-0.157561303284015
"WUE_ET_minus_WUE_T","Upland",0.466200156527998,"7","US-A03",-0.508210663293401,"WUE_ET_minus_WUE_T__Upland","WUE_ET - WUE_T","Upland",-2.83713793116117,0.30955136672386,-3.44385860993994,-2.23041725238241,-3.7021247649815,0.269709649182792,-4.23075567737977,-3.17349385258323
"WUE_ET_minus_WUE_E","Upland",0.466200156527998,"7","US-A03",-0.508210663293401,"WUE_ET_minus_WUE_E__Upland","WUE_ET - WUE_E","Upland",-2.13418441191133,0.309547844974969,-2.74089818806227,-1.52747063576039,-3.6953953421013,0.269709649182792,-4.22402625449957,-3.16676442970303
"WUE_E_minus_WUE_T","Upland",0.466200156527998,"7","US-A03",-0.508210663293401,"WUE_E_minus_WUE_T__Upland","WUE_E - WUE_T","Upland",-0.890598660220432,0.312490354100367,-1.50307975425715,-0.278117566183712,-0.401815323432221,0.269709649182793,-0.930446235830495,0.126815588966054
"WUE_ET_minus_WUE_T","Freshwater",0.466200156527998,"7","US-A03",-0.508210663293401,"WUE_ET_minus_WUE_T__Freshwater","WUE_ET - WUE_T","Freshwater wetland",-2.14679731708693,0.307069848797678,-2.74865422073038,-1.54494041344349,-2.45054639547161,0.313251754352624,-3.06451983400275,-1.83657295694047
"WUE_ET_minus_WUE_E","Freshwater",0.466200156527998,"7","US-A03",-0.508210663293401,"WUE_ET_minus_WUE_E__Freshwater","WUE_ET - WUE_E","Freshwater wetland",-1.74812714533078,0.33417799683429,-2.40311601912599,-1.09313827153557,-2.10291676610288,0.313251754352623,-2.71689020463402,-1.48894332757173
"WUE_E_minus_WUE_T","Freshwater",0.466200156527998,"7","US-A03",-0.508210663293401,"WUE_E_minus_WUE_T__Freshwater","WUE_E - WUE_T","Freshwater wetland",-0.791560404265754,0.332852740312768,-1.44395177527878,-0.139169033252729,-0.578391438619381,0.313251754352625,-1.19236487715052,0.0355819999117634
"WUE_ET_minus_WUE_T","Saline",0.466200156527998,"7","US-A03",-0.508210663293401,"WUE_ET_minus_WUE_T__Saline","WUE_ET - WUE_T","Saline wetland",-1.82460419669291,0.382287001533581,-2.57388671969873,-1.07532167368709,-2.43625490375935,0.347356860219489,-3.11707434978955,-1.75543545772915
"WUE_ET_minus_WUE_E","Saline",0.466200156527998,"7","US-A03",-0.508210663293401,"WUE_ET_minus_WUE_E__Saline","WUE_ET - WUE_E","Saline wetland",-1.59063474736985,0.37164306247181,-2.31905514981459,-0.862214344925098,-1.72090190748024,0.347356860219488,-2.40172135351044,-1.04008246145005
"WUE_E_minus_WUE_T","Saline",0.466200156527998,"7","US-A03",-0.508210663293401,"WUE_E_minus_WUE_T__Saline","WUE_E - WUE_T","Saline wetland",-0.413653270319216,0.334618384811068,-1.06950530454891,0.242198763910478,-0.713466681725085,0.34735686021949,-1.39428612775528,-0.0326472356948854
"WUE_ET_minus_WUE_T","Upland",0.47207961351372,"7","US-A03",-0.474693570336258,"WUE_ET_minus_WUE_T__Upland","WUE_ET - WUE_T","Upland",-2.79299218230585,0.30756888884291,-3.39582720443795,-2.19015716017375,-3.63360411640078,0.269101240856963,-4.16104254848043,-3.10616568432113
"WUE_ET_minus_WUE_E","Upland",0.47207961351372,"7","US-A03",-0.474693570336258,"WUE_ET_minus_WUE_E__Upland","WUE_ET - WUE_E","Upland",-2.20514454640377,0.307565814400188,-2.80797354262813,-1.6023155501794,-3.75351941527633,0.269101240856963,-4.28095784735598,-3.22608098319669
"WUE_E_minus_WUE_T","Upland",0.47207961351372,"7","US-A03",-0.474693570336258,"WUE_E_minus_WUE_T__Upland","WUE_E - WUE_T","Upland",-0.771000762759918,0.310315851587328,-1.37921983187108,-0.162781693648754,-0.256220536444251,0.269101240856964,-0.7836589685239,0.271217895635399
"WUE_ET_minus_WUE_T","Freshwater",0.47207961351372,"7","US-A03",-0.474693570336258,"WUE_ET_minus_WUE_T__Freshwater","WUE_ET - WUE_T","Freshwater wetland",-2.11386869644419,0.306325386480629,-2.71426645394623,-1.51347093894216,-2.41019087693792,0.31256197699004,-3.0228123518384,-1.79756940203744
"WUE_ET_minus_WUE_E","Freshwater",0.47207961351372,"7","US-A03",-0.474693570336258,"WUE_ET_minus_WUE_E__Freshwater","WUE_ET - WUE_E","Freshwater wetland",-1.79432117589599,0.332645685593726,-2.4463067196597,-1.14233563213229,-2.18920596932494,0.31256197699004,-2.80182744422542,-1.57658449442446
"WUE_E_minus_WUE_T","Freshwater",0.47207961351372,"7","US-A03",-0.474693570336258,"WUE_E_minus_WUE_T__Freshwater","WUE_E - WUE_T","Freshwater wetland",-0.715290019493183,0.331383900972513,-1.36480246539931,-0.0657775735870579,-0.46096178167844,0.312561976990041,-1.07358325657892,0.15165969322204
"WUE_ET_minus_WUE_T","Saline",0.47207961351372,"7","US-A03",-0.474693570336258,"WUE_ET_minus_WUE_T__Saline","WUE_ET - WUE_T","Saline wetland",-1.78191454846581,0.381515485457905,-2.5296848999633,-1.03414419696831,-2.38738276199879,0.346912912823596,-3.06733207113304,-1.70743345286454
"WUE_ET_minus_WUE_E","Saline",0.47207961351372,"7","US-A03",-0.474693570336258,"WUE_ET_minus_WUE_E__Saline","WUE_ET - WUE_E","Saline wetland",-1.62762804081561,0.371038828754948,-2.35486414517531,-0.900391936455912,-1.79867448747543,0.346912912823595,-2.47862379660968,-1.11872517834119
"WUE_E_minus_WUE_T","Saline",0.47207961351372,"7","US-A03",-0.474693570336258,"WUE_E_minus_WUE_T__Saline","WUE_E - WUE_T","Saline wetland",-0.317314065058719,0.334079115252602,-0.972109130953819,0.33748100083638,-0.58752040155727,0.346912912823597,-1.26746971069152,0.0924289075769796
"WUE_ET_minus_WUE_T","Upland",0.477959070499442,"7","US-A03",-0.441176477379115,"WUE_ET_minus_WUE_T__Upland","WUE_ET - WUE_T","Upland",-2.74807775738823,0.305451263371544,-3.34676223359646,-2.14939328118,-3.56508346782006,0.268531561346529,-4.09140532805926,-3.03876160758087
"WUE_ET_minus_WUE_E","Upland",0.477959070499442,"7","US-A03",-0.441176477379115,"WUE_ET_minus_WUE_E__Upland","WUE_ET - WUE_E","Upland",-2.27865065940827,0.305448583784458,-2.8773298836258,-1.67997143519073,-3.81164348845137,0.268531561346529,-4.33796534869056,-3.28532162821217
"WUE_E_minus_WUE_T","Upland",0.477959070499442,"7","US-A03",-0.441176477379115,"WUE_E_minus_WUE_T__Upland","WUE_E - WUE_T","Upland",-0.64753690011238,0.307981070297928,-1.25117979789632,-0.0438940023284417,-0.110625749456281,0.26853156134653,-0.63694760969548,0.415696110782918
"WUE_ET_minus_WUE_T","Freshwater",0.477959070499442,"7","US-A03",-0.441176477379115,"WUE_ET_minus_WUE_T__Freshwater","WUE_ET - WUE_T","Freshwater wetland",-2.08114927557855,0.30562177384509,-2.68016795231493,-1.48213059884217,-2.36983535840424,0.311920548227065,-2.98119963292928,-1.75847108387919
"WUE_ET_minus_WUE_E","Freshwater",0.477959070499442,"7","US-A03",-0.441176477379115,"WUE_ET_minus_WUE_E__Freshwater","WUE_ET - WUE_E","Freshwater wetland",-1.84120578287242,0.331024828946759,-2.49001444760807,-1.19239711813678,-2.275495172547,0.311920548227065,-2.88685944707205,-1.66413089802196
"WUE_E_minus_WUE_T","Freshwater",0.477959070499442,"7","US-A03",-0.441176477379115,"WUE_E_minus_WUE_T__Freshwater","WUE_E - WUE_T","Freshwater wetland",-0.638843483745264,0.32983908319341,-1.28532808680435,0.00764111931381961,-0.343532124737497,0.311920548227065,-0.954896399262545,0.26783214978755
"WUE_ET_minus_WUE_T","Saline",0.477959070499442,"7","US-A03",-0.441176477379115,"WUE_ET_minus_WUE_T__Saline","WUE_ET - WUE_T","Saline wetland",-1.74003030373995,0.380706783816999,-2.48621560002127,-0.993845007458632,-2.33851062023823,0.346551974897069,-3.01775249103648,-1.65926874943997
"WUE_ET_minus_WUE_E","Saline",0.477959070499442,"7","US-A03",-0.441176477379115,"WUE_ET_minus_WUE_E__Saline","WUE_ET - WUE_E","Saline wetland",-1.66531537588166,0.370424614782545,-2.39134762085544,-0.939283130907868,-1.87644706747062,0.346551974897068,-2.55568893826888,-1.19720519667237
"WUE_E_minus_WUE_T","Saline",0.477959070499442,"7","US-A03",-0.441176477379115,"WUE_E_minus_WUE_T__Saline","WUE_E - WUE_T","Saline wetland",-0.22098424739969,0.333626741874329,-0.874892661473376,0.432924166673995,-0.461574121389456,0.346551974897069,-1.14081599218771,0.2176677494088
"WUE_ET_minus_WUE_T","Upland",0.483838527485165,"7","US-A03",-0.407659384421972,"WUE_ET_minus_WUE_T__Upland","WUE_ET - WUE_T","Upland",-2.70228183128976,0.303247501175237,-3.29664693359322,-2.1079167289863,-3.49656281923935,0.268000857624836,-4.02184450018403,-2.97128113829467
"WUE_ET_minus_WUE_E","Upland",0.483838527485165,"7","US-A03",-0.407659384421972,"WUE_ET_minus_WUE_E__Upland","WUE_ET - WUE_E","Upland",-2.35455601390241,0.303245159819815,-2.94891652714925,-1.76019550065557,-3.8697675616264,0.268000857624836,-4.39504924257108,-3.34448588068172
"WUE_E_minus_WUE_T","Upland",0.483838527485165,"7","US-A03",-0.407659384421972,"WUE_E_minus_WUE_T__Upland","WUE_E - WUE_T","Upland",-0.520234428535159,0.305544148242371,-1.11910095909021,0.0786321020198893,0.0349690375316873,0.268000857624836,-0.490312643412991,0.560250718476365
"WUE_ET_minus_WUE_T","Freshwater",0.483838527485165,"7","US-A03",-0.407659384421972,"WUE_ET_minus_WUE_T__Freshwater","WUE_ET - WUE_T","Freshwater wetland",-2.04864025704926,0.304958647812779,-2.64635920676231,-1.45092130733622,-2.32947983987055,0.311327766901776,-2.93968226299803,-1.71927741674307
"WUE_ET_minus_WUE_E","Freshwater",0.483838527485165,"7","US-A03",-0.407659384421972,"WUE_ET_minus_WUE_E__Freshwater","WUE_ET - WUE_E","Freshwater wetland",-1.88876084470448,0.329352487529485,-2.53429172026227,-1.24322996914669,-2.36178437576906,0.311327766901776,-2.97198679889654,-1.75158195264158
"WUE_E_minus_WUE_T","Freshwater",0.483838527485165,"7","US-A03",-0.407659384421972,"WUE_E_minus_WUE_T__Freshwater","WUE_E - WUE_T","Freshwater wetland",-0.562146614580421,0.328251753609147,-1.20552005165435,0.0812268224935073,-0.226102467796557,0.311327766901776,-0.836304890924039,0.384099955330925
"WUE_ET_minus_WUE_T","Saline",0.483838527485165,"7","US-A03",-0.407659384421972,"WUE_ET_minus_WUE_T__Saline","WUE_ET - WUE_T","Saline wetland",-1.6989007895425,0.379873689653156,-2.44345322126269,-0.954348357822318,-2.28963847847767,0.346274306013978,-2.96833611826506,-1.61094083869027
"WUE_ET_minus_WUE_E","Saline",0.483838527485165,"7","US-A03",-0.407659384421972,"WUE_ET_minus_WUE_E__Saline","WUE_ET - WUE_E","Saline wetland",-1.70372433076025,0.369807682912428,-2.4285473892686,-0.978901272251888,-1.95421964746581,0.346274306013977,-2.63291728725321,-1.27552200767841
"WUE_E_minus_WUE_T","Saline",0.483838527485165,"7","US-A03",-0.407659384421972,"WUE_E_minus_WUE_T__Saline","WUE_E - WUE_T","Saline wetland",-0.124663342208057,0.333261580924593,-0.777856040820259,0.528529356404146,-0.335627841221642,0.346274306013978,-1.01432548100904,0.343069798565754
"WUE_ET_minus_WUE_T","Upland",0.489717984470887,"7","US-A03",-0.374142291464829,"WUE_ET_minus_WUE_T__Upland","WUE_ET - WUE_T","Upland",-2.65551077554548,0.301010301320228,-3.24549096613313,-2.06553058495784,-3.42804217065863,0.267509361660644,-3.9523605195135,-2.90372382180377
"WUE_ET_minus_WUE_E","Upland",0.489717984470887,"7","US-A03",-0.374142291464829,"WUE_ET_minus_WUE_E__Upland","WUE_ET - WUE_E","Upland",-2.43270410070174,0.301008240130353,-3.02268025135723,-1.84272795004625,-3.92789163480143,0.267509361660644,-4.4522099836563,-3.40357328594657
"WUE_E_minus_WUE_T","Upland",0.489717984470887,"7","US-A03",-0.374142291464829,"WUE_E_minus_WUE_T__Upland","WUE_E - WUE_T","Upland",-0.389154358380858,0.303067646702704,-0.983166945918159,0.204858229156443,0.180563824519657,0.267509361660645,-0.343754524335206,0.704882173374521
"WUE_ET_minus_WUE_T","Freshwater",0.489717984470887,"7","US-A03",-0.374142291464829,"WUE_ET_minus_WUE_T__Freshwater","WUE_ET - WUE_T","Freshwater wetland",-2.01634226890507,0.304335848454909,-2.61284053187669,-1.41984400593345,-2.28912432133686,0.310783911380955,-2.89826078764353,-1.67998785503019
"WUE_ET_minus_WUE_E","Freshwater",0.489717984470887,"7","US-A03",-0.374142291464829,"WUE_ET_minus_WUE_E__Freshwater","WUE_ET - WUE_E","Freshwater wetland",-1.93697416210469,0.327669889004328,-2.57920714455317,-1.2947411796562,-2.44807357899113,0.310783911380955,-3.0572100452978,-1.83893711268445
"WUE_E_minus_WUE_T","Freshwater",0.489717984470887,"7","US-A03",-0.374142291464829,"WUE_E_minus_WUE_T__Freshwater","WUE_E - WUE_T","Freshwater wetland",-0.485114821573358,0.326659135113909,-1.12536672639662,0.155137083249903,-0.108672810855616,0.310783911380955,-0.717809277162288,0.500463655451057
"WUE_ET_minus_WUE_T","Saline",0.489717984470887,"7","US-A03",-0.374142291464829,"WUE_ET_minus_WUE_T__Saline","WUE_ET - WUE_T","Saline wetland",-1.65847763343531,0.379029966880807,-2.40137636852169,-0.915578898348928,-2.2407663367171,0.346080106601003,-2.91908334565507,-1.56244932777914
"WUE_ET_minus_WUE_E","Saline",0.489717984470887,"7","US-A03",-0.374142291464829,"WUE_ET_minus_WUE_E__Saline","WUE_ET - WUE_E","Saline wetland",-1.74288372669116,0.369195736259621,-2.46650736976002,-1.01926008362231,-2.031992227461,0.346080106601002,-2.71030923639896,-1.35367521852304
"WUE_E_minus_WUE_T","Saline",0.489717984470887,"7","US-A03",-0.374142291464829,"WUE_E_minus_WUE_T__Saline","WUE_E - WUE_T","Saline wetland",-0.0283508671324284,0.332983909914818,-0.680999330565471,0.624297596300614,-0.209681561053828,0.346080106601003,-0.887998569991795,0.468635447884139
"WUE_ET_minus_WUE_T","Upland",0.495597441456609,"7","US-A03",-0.340625198507686,"WUE_ET_minus_WUE_T__Upland","WUE_ET - WUE_T","Upland",-2.60769422485006,0.298794235411598,-3.1933309262568,-2.02205752344333,-3.35952152207792,0.267057289929555,-3.88295381033984,-2.83608923381599
"WUE_ET_minus_WUE_E","Upland",0.495597441456609,"7","US-A03",-0.340625198507686,"WUE_ET_minus_WUE_E__Upland","WUE_ET - WUE_E","Upland",-2.51292830692472,0.298792397099413,-3.09856140523957,-1.92729520860987,-3.98601570797647,0.267057289929554,-4.50944799623839,-3.46258341971454
"WUE_E_minus_WUE_T","Upland",0.495597441456609,"7","US-A03",-0.340625198507686,"WUE_E_minus_WUE_T__Upland","WUE_E - WUE_T","Upland",-0.25439673907529,0.30061639436497,-0.843604872030631,0.334811393880052,0.326158611507628,0.267057289929555,-0.1972736767543,0.849590899769556
"WUE_ET_minus_WUE_T","Freshwater",0.495597441456609,"7","US-A03",-0.340625198507686,"WUE_ET_minus_WUE_T__Freshwater","WUE_ET - WUE_T","Freshwater wetland",-1.98425525978729,0.303753392872907,-2.57961190981819,-1.38889860975639,-2.24876880280317,0.310289238926954,-2.8569357111,-1.64060189450634
"WUE_ET_minus_WUE_E","Freshwater",0.495597441456609,"7","US-A03",-0.340625198507686,"WUE_ET_minus_WUE_E__Freshwater","WUE_ET - WUE_E","Freshwater wetland",-1.98584370256898,0.3260207265294,-2.6248443265666,-1.34684307857135,-2.53436278221319,0.310289238926954,-3.14252969051002,-1.92619587391636
"WUE_E_minus_WUE_T","Freshwater",0.495597441456609,"7","US-A03",-0.340625198507686,"WUE_E_minus_WUE_T__Freshwater","WUE_E - WUE_T","Freshwater wetland",-0.407650981869475,0.325100662393574,-1.04484828016088,0.229546316421931,0.00875684608532623,0.310289238926954,-0.599410062211503,0.616923754382155
"WUE_ET_minus_WUE_T","Saline",0.495597441456609,"7","US-A03",-0.340625198507686,"WUE_ET_minus_WUE_T__Saline","WUE_ET - WUE_T","Saline wetland",-1.61871539795418,0.378189913071586,-2.35996762757449,-0.877463168333876,-2.19189419495654,0.34596951721728,-2.86999444870241,-1.51379394121067
"WUE_ET_minus_WUE_E","Saline",0.495597441456609,"7","US-A03",-0.340625198507686,"WUE_ET_minus_WUE_E__Saline","WUE_ET - WUE_E","Saline wetland",-1.78282370376041,0.368596694325267,-2.50527322463794,-1.06037418288289,-2.10976480745619,0.34596951721728,-2.78786506120206,-1.43166455371032
"WUE_E_minus_WUE_T","Saline",0.495597441456609,"7","US-A03",-0.340625198507686,"WUE_E_minus_WUE_T__Saline","WUE_E - WUE_T","Saline wetland",0.067953667446655,0.332793965955636,-0.584322505826392,0.720229840719702,-0.0837352808860121,0.34596951721728,-0.761835534631881,0.594364972859857
"WUE_ET_minus_WUE_T","Upland",0.501476898442332,"7","US-A03",-0.307108105550543,"WUE_ET_minus_WUE_T__Upland","WUE_ET - WUE_T","Upland",-2.55878238805146,0.296652640550478,-3.1402215635304,-1.97734321257253,-3.2910008734972,0.266644842952093,-3.8136247656833,-2.7683769813111
"WUE_ET_minus_WUE_E","Upland",0.501476898442332,"7","US-A03",-0.307108105550543,"WUE_ET_minus_WUE_E__Upland","WUE_ET - WUE_E","Upland",-2.59505500714742,0.296650970324507,-3.17649090898346,-2.01361910531139,-4.0441397811515,0.266644842952093,-4.5667636733376,-3.5215158889654
"WUE_E_minus_WUE_T","Upland",0.501476898442332,"7","US-A03",-0.307108105550543,"WUE_E_minus_WUE_T__Upland","WUE_E - WUE_T","Upland",-0.116094226666079,0.298253844797449,-0.700671762469079,0.468483309136921,0.471753398495599,0.266644842952094,-0.0508704936905046,0.994377290681702
"WUE_ET_minus_WUE_T","Freshwater",0.501476898442332,"7","US-A03",-0.307108105550543,"WUE_ET_minus_WUE_T__Freshwater","WUE_ET - WUE_T","Freshwater wetland",-1.95237859453089,0.303211399989886,-2.54667293851106,-1.35808425055071,-2.20841328426948,0.309843985105271,-2.81570749507581,-1.60111907346315
"WUE_ET_minus_WUE_E","Freshwater",0.501476898442332,"7","US-A03",-0.307108105550543,"WUE_ET_minus_WUE_E__Freshwater","WUE_ET - WUE_E","Freshwater wetland",-2.03537707811707,0.324448253233508,-2.67129565445474,-1.39945850177939,-2.62065198543525,0.30984398510527,-3.22794619624158,-2.01335777462892
"WUE_E_minus_WUE_T","Freshwater",0.501476898442332,"7","US-A03",-0.307108105550543,"WUE_E_minus_WUE_T__Freshwater","WUE_E - WUE_T","Freshwater wetland",-0.329646944292977,0.323615328090499,-0.963932987350355,0.304639098764402,0.126186503026268,0.30984398510527,-0.481107707780062,0.733480713832598
"WUE_ET_minus_WUE_T","Saline",0.501476898442332,"7","US-A03",-0.307108105550543,"WUE_ET_minus_WUE_T__Saline","WUE_ET - WUE_T","Saline wetland",-1.57957139154911,0.377367232249206,-2.31921116675755,-0.839931616340663,-2.14302205319598,0.345942618047055,-2.82106958456821,-1.46497452182375
"WUE_ET_minus_WUE_E","Saline",0.501476898442332,"7","US-A03",-0.307108105550543,"WUE_ET_minus_WUE_E__Saline","WUE_ET - WUE_E","Saline wetland",-1.82357535643099,0.368018078783921,-2.54489079084747,-1.1022599220145,-2.18753738745138,0.345942618047054,-2.8655849188236,-1.50948985607915
"WUE_E_minus_WUE_T","Saline",0.501476898442332,"7","US-A03",-0.307108105550543,"WUE_E_minus_WUE_T__Saline","WUE_E - WUE_T","Saline wetland",0.164250756113411,0.332691939075874,-0.487825444475303,0.816326956702124,0.042210999281802,0.345942618047055,-0.635836532090425,0.720258530654029
"WUE_ET_minus_WUE_T","Upland",0.507356355428054,"7","US-A03",-0.2735910125934,"WUE_ET_minus_WUE_T__Upland","WUE_ET - WUE_T","Upland",-2.508755168366,0.294635968153582,-3.08624166594702,-1.93126867078498,-3.22248022491648,0.266272204860684,-3.74437374644342,-2.70058670338954
"WUE_ET_minus_WUE_E","Upland",0.507356355428054,"7","US-A03",-0.2735910125934,"WUE_ET_minus_WUE_E__Upland","WUE_ET - WUE_E","Upland",-2.67890343729154,0.294634414694993,-3.25638689009372,-2.10141998448935,-4.10226385432654,0.266272204860683,-4.62415737585347,-3.5803703327996
"WUE_E_minus_WUE_T","Upland",0.507356355428054,"7","US-A03",-0.2735910125934,"WUE_E_minus_WUE_T__Upland","WUE_E - WUE_T","Upland",0.0255764304243504,0.296039997779458,-0.554661965223387,0.605814826072087,0.61734818548357,0.266272204860684,0.0954546639566289,1.13924170701051
"WUE_ET_minus_WUE_T","Freshwater",0.507356355428054,"7","US-A03",-0.2735910125934,"WUE_ET_minus_WUE_T__Freshwater","WUE_ET - WUE_T","Freshwater wetland",-1.92071082030604,0.302710098847792,-2.51402261404772,-1.32739902656437,-2.1680577657358,0.309448363235915,-2.77457655767819,-1.5615389737934
"WUE_ET_minus_WUE_E","Freshwater",0.507356355428054,"7","US-A03",-0.2735910125934,"WUE_ET_minus_WUE_E__Freshwater","WUE_ET - WUE_E","Freshwater wetland",-2.08559685669519,0.322993797813155,-2.71866470040898,-1.45252901298141,-2.70694118865731,0.309448363235915,-3.31345998059971,-2.10042239671492
"WUE_E_minus_WUE_T","Freshwater",0.507356355428054,"7","US-A03",-0.2735910125934,"WUE_E_minus_WUE_T__Freshwater","WUE_E - WUE_T","Freshwater wetland",-0.250978697163534,0.32224037331217,-0.882569828855387,0.380612434528319,0.24361615996721,0.309448363235915,-0.362902631975183,0.850134951909603
"WUE_ET_minus_WUE_T","Saline",0.507356355428054,"7","US-A03",-0.2735910125934,"WUE_ET_minus_WUE_T__Saline","WUE_ET - WUE_T","Saline wetland",-1.54100710669895,0.376575019596215,-2.27909414510754,-0.802920068290373,-2.09414991143542,0.345999428609412,-2.77230879150987,-1.41599103136097
"WUE_ET_minus_WUE_E","Saline",0.507356355428054,"7","US-A03",-0.2735910125934,"WUE_ET_minus_WUE_E__Saline","WUE_ET - WUE_E","Saline wetland",-1.86517082274649,0.367467054058401,-2.58540624870096,-1.14493539679203,-2.26530996744657,0.345999428609411,-2.94346884752101,-1.58715108737212
"WUE_E_minus_WUE_T","Saline",0.507356355428054,"7","US-A03",-0.2735910125934,"WUE_E_minus_WUE_T__Saline","WUE_E - WUE_T","Saline wetland",0.260540898510997,0.332677974902853,-0.391507932298594,0.912589729320588,0.168157279449617,0.345999428609412,-0.51000160062483,0.846316159524064
"WUE_ET_minus_WUE_T","Upland",0.513235812413776,"7","US-A03",-0.240073919636257,"WUE_ET_minus_WUE_T__Upland","WUE_ET - WUE_T","Upland",-2.45762097888857,0.292788592534455,-3.0314866202561,-1.88375533752104,-3.15395957633577,0.26593954299763,-3.67520108061112,-2.63271807206041
"WUE_ET_minus_WUE_E","Upland",0.513235812413776,"7","US-A03",-0.240073919636257,"WUE_ET_minus_WUE_E__Upland","WUE_ET - WUE_E","Upland",-2.7642884426529,0.292787108396001,-3.33815117510906,-2.19042571019673,-4.16038792750157,0.26593954299763,-4.68162943177692,-3.63914642322621
"WUE_E_minus_WUE_T","Upland",0.513235812413776,"7","US-A03",-0.240073919636257,"WUE_E_minus_WUE_T__Upland","WUE_E - WUE_T","Upland",0.170398594160973,0.294027581952464,-0.405895466465857,0.746692654787803,0.76294297247154,0.265939542997631,0.241701468196183,1.2841844767469
"WUE_ET_minus_WUE_T","Freshwater",0.513235812413776,"7","US-A03",-0.240073919636257,"WUE_ET_minus_WUE_T__Freshwater","WUE_ET - WUE_T","Freshwater wetland",-1.88924971841614,0.302249765085409,-2.48165925798354,-1.29684017884874,-2.12770224720211,0.309102563891473,-2.73354327242939,-1.52186122197482
"WUE_ET_minus_WUE_E","Freshwater",0.513235812413776,"7","US-A03",-0.240073919636257,"WUE_ET_minus_WUE_E__Freshwater","WUE_ET - WUE_E","Freshwater wetland",-2.1365408402245,0.321693827921579,-2.76706074295079,-1.5060209374982,-2.79323039187938,0.309102563891473,-3.39907141710666,-2.18738936665209
"WUE_E_minus_WUE_T","Freshwater",0.513235812413776,"7","US-A03",-0.240073919636257,"WUE_E_minus_WUE_T__Freshwater","WUE_E - WUE_T","Freshwater wetland",-0.171507024367884,0.321008629702538,-0.800683938584859,0.457669889849091,0.361045816908152,0.309102563891474,-0.244795208319137,0.96688684213544
"WUE_ET_minus_WUE_T","Saline",0.513235812413776,"7","US-A03",-0.240073919636257,"WUE_ET_minus_WUE_T__Saline","WUE_ET - WUE_T","Saline wetland",-1.50298822497164,0.375824774639659,-2.23960478326537,-0.766371666677906,-2.04527776967486,0.34613990768752,-2.7237119887424,-1.36684355060732
"WUE_ET_minus_WUE_E","Saline",0.513235812413776,"7","US-A03",-0.240073919636257,"WUE_ET_minus_WUE_E__Saline","WUE_ET - WUE_E","Saline wetland",-1.90764296186049,0.366949908857847,-2.62686478322187,-1.18842114049912,-2.34308254744176,0.34613990768752,-3.0215167665093,-1.66464832837422
"WUE_E_minus_WUE_T","Saline",0.513235812413776,"7","US-A03",-0.240073919636257,"WUE_E_minus_WUE_T__Saline","WUE_E - WUE_T","Saline wetland",0.356824597538996,0.332752169655906,-0.29536965498658,1.00901885006457,0.294103559617432,0.34613990768752,-0.384330659450108,0.972537778684972
"WUE_ET_minus_WUE_T","Upland",0.519115269399499,"7","US-A03",-0.206556826679113,"WUE_ET_minus_WUE_T__Upland","WUE_ET - WUE_T","Upland",-2.40541887399445,0.291146218923203,-2.97606546308393,-1.83477228490497,-3.08543892775505,0.265647007546108,-3.60610706254542,-2.56477079296468
"WUE_ET_minus_WUE_E","Upland",0.519115269399499,"7","US-A03",-0.206556826679113,"WUE_ET_minus_WUE_E__Upland","WUE_ET - WUE_E","Upland",-2.85102481149888,0.291144760269211,-3.42166854162653,-2.28038108137122,-4.2185120006766,0.265647007546108,-4.73918013546698,-3.69784386588623
"WUE_E_minus_WUE_T","Upland",0.519115269399499,"7","US-A03",-0.206556826679113,"WUE_E_minus_WUE_T__Upland","WUE_E - WUE_T","Upland",0.31811736954854,0.292258882262152,-0.254710039685278,0.890944778782358,0.90853775945951,0.265647007546108,0.387869624669139,1.42920589424988
"WUE_ET_minus_WUE_T","Freshwater",0.519115269399499,"7","US-A03",-0.206556826679113,"WUE_ET_minus_WUE_T__Freshwater","WUE_ET - WUE_T","Freshwater wetland",-1.8579922811752,0.301830691084709,-2.44958043570123,-1.26640412664917,-2.08734672866842,0.308806754444591,-2.69260796737982,-1.48208548995702
"WUE_ET_minus_WUE_E","Freshwater",0.519115269399499,"7","US-A03",-0.206556826679113,"WUE_ET_minus_WUE_E__Freshwater","WUE_ET - WUE_E","Freshwater wetland",-2.1882648818687,0.320577603851881,-2.81659698541838,-1.55993277831901,-2.87951959510144,0.308806754444591,-3.48478083381284,-2.27425835639004
"WUE_E_minus_WUE_T","Freshwater",0.519115269399499,"7","US-A03",-0.206556826679113,"WUE_E_minus_WUE_T__Freshwater","WUE_E - WUE_T","Freshwater wetland",-0.0910763852241797,0.319946421501948,-0.718171371367999,0.536018600919639,0.478475473849093,0.308806754444591,-0.126785764862306,1.08373671256049
"WUE_ET_minus_WUE_T","Saline",0.519115269399499,"7","US-A03",-0.206556826679113,"WUE_ET_minus_WUE_T__Saline","WUE_ET - WUE_T","Saline wetland",-1.46548524073696,0.375125856544463,-2.20073191956411,-0.730238561909818,-1.9964056279143,0.346363953477995,-2.67527897673117,-1.31753227909743
"WUE_ET_minus_WUE_E","Saline",0.519115269399499,"7","US-A03",-0.206556826679113,"WUE_ET_minus_WUE_E__Saline","WUE_ET - WUE_E","Saline wetland",-1.95102486771846,0.366471798656757,-2.6693095930857,-1.23274014235122,-2.42085512743695,0.346363953477995,-3.09972847625382,-1.74198177862008
"WUE_E_minus_WUE_T","Saline",0.519115269399499,"7","US-A03",-0.206556826679113,"WUE_E_minus_WUE_T__Saline","WUE_E - WUE_T","Saline wetland",0.453102356760111,0.332914568920154,-0.199410198323391,1.10561491184361,0.420049839785247,0.346363953477995,-0.258823509031623,1.09892318860212
"WUE_ET_minus_WUE_T","Upland",0.524994726385221,"7","US-A03",-0.173039733721971,"WUE_ET_minus_WUE_T__Upland","WUE_ET - WUE_T","Upland",-2.35222029585453,0.289733625582798,-2.92009820199681,-1.78434238971224,-3.01691827917433,0.265394731196026,-3.53709195231854,-2.49674460603012
"WUE_ET_minus_WUE_E","Upland",0.524994726385221,"7","US-A03",-0.173039733721971,"WUE_ET_minus_WUE_E__Upland","WUE_ET - WUE_E","Upland",-2.93893052705393,0.28973215143779,-3.506805543872,-2.37105551023587,-4.27663607385164,0.265394731196026,-4.79680974699585,-3.75646240070743
"WUE_E_minus_WUE_T","Upland",0.524994726385221,"7","US-A03",-0.173039733721971,"WUE_E_minus_WUE_T__Upland","WUE_E - WUE_T","Upland",0.46844064114522,0.290762971740759,-0.101454783466668,1.03833606575711,1.05413254644748,0.265394731196026,0.533958873303267,1.57430621959169
"WUE_ET_minus_WUE_T","Freshwater",0.524994726385221,"7","US-A03",-0.173039733721971,"WUE_ET_minus_WUE_T__Freshwater","WUE_ET - WUE_T","Freshwater wetland",-1.82693468952041,0.301453159033998,-2.41778288122704,-1.23608649781377,-2.04699121013473,0.30856107866733,-2.6517709243227,-1.44221149594676
"WUE_ET_minus_WUE_E","Freshwater",0.524994726385221,"7","US-A03",-0.173039733721971,"WUE_ET_minus_WUE_E__Freshwater","WUE_ET - WUE_E","Freshwater wetland",-2.24084509668298,0.319665140617399,-2.86738877229309,-1.61430142107288,-2.9658087983235,0.30856107866733,-3.57058851251147,-2.36102908413553
"WUE_E_minus_WUE_T","Freshwater",0.524994726385221,"7","US-A03",-0.173039733721971,"WUE_E_minus_WUE_T__Freshwater","WUE_E - WUE_T","Freshwater wetland",-0.00951398435620995,0.319071747409405,-0.634894609278644,0.615866640566224,0.595905130790033,0.30856107866733,-0.00887458339793401,1.200684844978
"WUE_ET_minus_WUE_T","Saline",0.524994726385221,"7","US-A03",-0.173039733721971,"WUE_ET_minus_WUE_T__Saline","WUE_ET - WUE_T","Saline wetland",-1.42847394445539,0.374485014073707,-2.16246457203985,-0.694483316870921,-1.94753348615374,0.346671403959117,-2.62700943791361,-1.26805753439387
"WUE_ET_minus_WUE_E","Saline",0.524994726385221,"7","US-A03",-0.173039733721971,"WUE_ET_minus_WUE_E__Saline","WUE_ET - WUE_E","Saline wetland",-1.99534949965259,0.366036527292106,-2.71278109314512,-1.27791790616006,-2.49862770743214,0.346671403959116,-3.178103659192,-1.81915175567227
"WUE_E_minus_WUE_T","Saline",0.524994726385221,"7","US-A03",-0.173039733721971,"WUE_E_minus_WUE_T__Saline","WUE_E - WUE_T","Saline wetland",0.549374678555552,0.333165166619412,-0.103629048018495,1.2023784051296,0.54599611995306,0.346671403959117,-0.13347983180681,1.22547207171293
"WUE_ET_minus_WUE_T","Upland",0.530874183370943,"7","US-A03",-0.139522640764828,"WUE_ET_minus_WUE_T__Upland","WUE_ET - WUE_T","Upland",-2.29811728074696,0.288561811271054,-2.86369843083823,-1.7325361306557,-2.94839763059362,0.265182828846467,-3.46815597513269,-2.42863928605454
"WUE_ET_minus_WUE_E","Upland",0.530874183370943,"7","US-A03",-0.139522640764828,"WUE_ET_minus_WUE_E__Upland","WUE_ET - WUE_E","Upland",-3.02782945189824,0.288560282811224,-3.59340760620824,-2.46225129758824,-4.33476014702667,0.265182828846467,-4.85451849156575,-3.8150018024876
"WUE_E_minus_WUE_T","Upland",0.530874183370943,"7","US-A03",-0.139522640764828,"WUE_E_minus_WUE_T__Upland","WUE_E - WUE_T","Upland",0.621056424025089,0.289552403748502,0.0535337126780256,1.18857913537215,1.19972733343545,0.265182828846468,0.679968988896372,1.71948567797452
"WUE_ET_minus_WUE_T","Freshwater",0.530874183370943,"7","US-A03",-0.139522640764828,"WUE_ET_minus_WUE_T__Freshwater","WUE_ET - WUE_T","Freshwater wetland",-1.79607263367634,0.301117342479224,-2.38626262493562,-1.20588264241706,-2.00663569160104,0.308365656384615,-2.61103237811489,-1.4022390050872
"WUE_ET_minus_WUE_E","Freshwater",0.530874183370943,"7","US-A03",-0.139522640764828,"WUE_ET_minus_WUE_E__Freshwater","WUE_ET - WUE_E","Freshwater wetland",-2.29437188709158,0.318964582927964,-2.91954246963039,-1.66920130455277,-3.05209800154556,0.308365656384615,-3.65649468805941,-2.44770131503172
"WUE_E_minus_WUE_T","Freshwater",0.530874183370943,"7","US-A03",-0.139522640764828,"WUE_E_minus_WUE_T__Freshwater","WUE_E - WUE_T","Freshwater wetland",0.0733639514709208,0.318391876485471,-0.550684126440602,0.697412029382444,0.713334787730975,0.308365656384615,0.10893810121713,1.31773147424482
"WUE_ET_minus_WUE_T","Saline",0.530874183370943,"7","US-A03",-0.139522640764828,"WUE_ET_minus_WUE_T__Saline","WUE_ET - WUE_T","Saline wetland",-1.39193373280107,0.373905031698567,-2.12478759493026,-0.659079870671877,-1.89866134439318,0.347062037474801,-2.57890293784379,-1.21841975094257
"WUE_ET_minus_WUE_E","Saline",0.530874183370943,"7","US-A03",-0.139522640764828,"WUE_ET_minus_WUE_E__Saline","WUE_ET - WUE_E","Saline wetland",-2.04064927159264,0.365645795290637,-2.75731503036229,-1.32398351282299,-2.57640028742732,0.3470620374748,-3.25664188087793,-1.89615869397672
"WUE_E_minus_WUE_T","Saline",0.530874183370943,"7","US-A03",-0.139522640764828,"WUE_E_minus_WUE_T__Saline","WUE_E - WUE_T","Saline wetland",0.645642062429652,0.333503895257403,-0.00802557227485801,1.29930969713416,0.671942400120874,0.347062037474801,-0.0082991933297355,1.35218399357148
"WUE_ET_minus_WUE_T","Upland",0.536753640356666,"7","US-A03",-0.106005547807685,"WUE_ET_minus_WUE_T__Upland","WUE_ET - WUE_T","Upland",-2.24322396429912,0.287627661898899,-2.80697418162096,-1.67947374697728,-2.8798769820129,0.265011397346254,-3.39929932081156,-2.36045464321424
"WUE_ET_minus_WUE_E","Upland",0.536753640356666,"7","US-A03",-0.106005547807685,"WUE_ET_minus_WUE_E__Upland","WUE_ET - WUE_E","Upland",-3.11755698801892,0.287626041563281,-3.68130402948295,-2.55380994655488,-4.39288422020171,0.265011397346254,-4.91230655900036,-3.87346188140305
"WUE_E_minus_WUE_T","Upland",0.536753640356666,"7","US-A03",-0.106005547807685,"WUE_E_minus_WUE_T__Upland","WUE_E - WUE_T","Upland",0.775636569065902,0.288622745659482,0.209935987573318,1.34133715055849,1.34532212042342,0.265011397346254,0.82589978162476,1.86474445922208
"WUE_ET_minus_WUE_T","Freshwater",0.536753640356666,"7","US-A03",-0.106005547807685,"WUE_ET_minus_WUE_T__Freshwater","WUE_ET - WUE_T","Freshwater wetland",-1.76540130990506,0.300823328422225,-2.35501503361262,-1.1757875861975,-1.96628017306736,0.308220583183712,-2.57039251610743,-1.36216783002728
"WUE_ET_minus_WUE_E","Freshwater",0.536753640356666,"7","US-A03",-0.106005547807685,"WUE_ET_minus_WUE_E__Freshwater","WUE_ET - WUE_E","Freshwater wetland",-2.348952895961,0.318471983542962,-2.9731579837052,-1.72474780821679,-3.13838720476762,0.308220583183711,-3.7424995478077,-2.53427486172755
"WUE_E_minus_WUE_T","Freshwater",0.536753640356666,"7","US-A03",-0.106005547807685,"WUE_E_minus_WUE_T__Freshwater","WUE_E - WUE_T","Freshwater wetland",0.157752982641534,0.317903184050753,-0.465337258097942,0.78084322338101,0.830764444671916,0.308220583183712,0.226652101631842,1.43487678771199
"WUE_ET_minus_WUE_T","Saline",0.536753640356666,"7","US-A03",-0.106005547807685,"WUE_ET_minus_WUE_T__Saline","WUE_ET - WUE_T","Saline wetland",-1.35584818869828,0.373384971295103,-2.08768273243668,-0.624013644959875,-1.84978920263261,0.347535573529433,-2.5309589267503,-1.16861947851493
"WUE_ET_minus_WUE_E","Saline",0.536753640356666,"7","US-A03",-0.106005547807685,"WUE_ET_minus_WUE_E__Saline","WUE_ET - WUE_E","Saline wetland",-2.08695537802743,0.365299372128095,-2.8029421473985,-1.37096860865637,-2.65417286742251,0.347535573529432,-3.3353425915402,-1.97300314330483
"WUE_E_minus_WUE_T","Saline",0.536753640356666,"7","US-A03",-0.106005547807685,"WUE_E_minus_WUE_T__Saline","WUE_E - WUE_T","Saline wetland",0.741905001996705,0.333930629226649,0.0874009687124727,1.39640903528094,0.79788868028869,0.347535573529432,0.116718956171002,1.47905840440638
"WUE_ET_minus_WUE_T","Upland",0.542633097342388,"7","US-A03",-0.0724884548505416,"WUE_ET_minus_WUE_T__Upland","WUE_ET - WUE_T","Upland",-2.18767624261044,0.286914478429507,-2.75002862033228,-1.62532386488861,-2.81135633343218,0.264880515273979,-3.33052214336918,-2.29219052349518
"WUE_ET_minus_WUE_E","Upland",0.542633097342388,"7","US-A03",-0.0724884548505416,"WUE_ET_minus_WUE_E__Upland","WUE_ET - WUE_E","Upland",-3.20796525315414,0.286912729155656,-3.77031420229923,-2.64561630400906,-4.45100829337674,0.264880515273978,-4.97017410331374,-3.93184248343974
"WUE_E_minus_WUE_T","Upland",0.542633097342388,"7","US-A03",-0.0724884548505416,"WUE_E_minus_WUE_T__Upland","WUE_E - WUE_T","Upland",0.931842286886877,0.287953193156483,0.367454028300171,1.49623054547358,1.49091690741139,0.264880515273979,0.971751097474391,2.01008271734839
"WUE_ET_minus_WUE_T","Freshwater",0.542633097342388,"7","US-A03",-0.0724884548505416,"WUE_ET_minus_WUE_T__Freshwater","WUE_ET - WUE_T","Freshwater wetland",-1.73491545992348,0.300571146232865,-2.32403490653989,-1.14579601330706,-1.92592465453367,0.308125930181353,-2.52985147768912,-1.32199783137821
"WUE_ET_minus_WUE_E","Freshwater",0.542633097342388,"7","US-A03",-0.0724884548505416,"WUE_ET_minus_WUE_E__Freshwater","WUE_ET - WUE_E","Freshwater wetland",-2.40471469037141,0.318171854853128,-3.02833152588355,-1.78109785485928,-3.22467640798969,0.308125930181353,-3.82860323114514,-2.62074958483424
"WUE_E_minus_WUE_T","Freshwater",0.542633097342388,"7","US-A03",-0.0724884548505416,"WUE_E_minus_WUE_T__Freshwater","WUE_E - WUE_T","Freshwater wetland",0.243860272918372,0.317591675599641,-0.378619411256925,0.866339957093669,0.948194101612859,0.308125930181354,0.344267278457405,1.55212092476831
"WUE_ET_minus_WUE_T","Saline",0.542633097342388,"7","US-A03",-0.0724884548505416,"WUE_ET_minus_WUE_T__Saline","WUE_ET - WUE_T","Saline wetland",-1.32020533490624,0.372920565507125,-2.05112964330021,-0.589281026512278,-1.80091706087205,0.348091673786948,-2.48317674149447,-1.11865738024963
"WUE_ET_minus_WUE_E","Saline",0.542633097342388,"7","US-A03",-0.0724884548505416,"WUE_ET_minus_WUE_E__Saline","WUE_ET - WUE_E","Saline wetland",-2.13429715412035,0.36499533994538,-2.84968802041329,-1.4189062878274,-2.7319454474177,0.348091673786948,-3.41420512804012,-2.04968576679529
"WUE_E_minus_WUE_T","Saline",0.542633097342388,"7","US-A03",-0.0724884548505416,"WUE_E_minus_WUE_T__Saline","WUE_E - WUE_T","Saline wetland",0.838163982260584,0.334445188233623,0.182651413322683,1.49367655119848,0.923834960456505,0.348091673786948,0.241575279834086,1.60609464107892
"WUE_ET_minus_WUE_T","Upland",0.54851255432811,"7","US-A03",-0.0389713618933985,"WUE_ET_minus_WUE_T__Upland","WUE_ET - WUE_T","Upland",-2.13162692343952,0.286393056355558,-2.69295731389641,-1.57029653298263,-2.74283568485147,0.264790242758675,-3.26182456065847,-2.22384680904446
"WUE_ET_minus_WUE_E","Upland",0.54851255432811,"7","US-A03",-0.0389713618933985,"WUE_ET_minus_WUE_E__Upland","WUE_ET - WUE_E","Upland",-3.29892559866964,0.286391141357976,-3.86025223573127,-2.73759896160801,-4.50913236655177,0.264790242758674,-5.02812124235877,-3.99014349074477
"WUE_E_minus_WUE_T","Upland",0.54851255432811,"7","US-A03",-0.0389713618933985,"WUE_E_minus_WUE_T__Upland","WUE_E - WUE_T","Upland",1.0893326702499,0.287507936396355,0.525817114913046,1.65284822558676,1.63651169439936,0.264790242758675,1.11752281859236,2.15550057020636
"WUE_ET_minus_WUE_T","Freshwater",0.54851255432811,"7","US-A03",-0.0389713618933985,"WUE_ET_minus_WUE_T__Freshwater","WUE_ET - WUE_T","Freshwater wetland",-1.70460950786709,0.300360780336331,-2.2933166373263,-1.11590237840788,-1.88556913599998,0.308081743849851,-2.48940935394569,-1.28172891805427
"WUE_ET_minus_WUE_E","Freshwater",0.54851255432811,"7","US-A03",-0.0389713618933985,"WUE_ET_minus_WUE_E__Freshwater","WUE_ET - WUE_E","Freshwater wetland",-2.46180080420586,0.318038202293394,-3.08515568070092,-1.83844592771081,-3.31096561121175,0.308081743849851,-3.91480582915746,-2.70712539326604
"WUE_E_minus_WUE_T","Freshwater",0.54851255432811,"7","US-A03",-0.0389713618933985,"WUE_E_minus_WUE_T__Freshwater","WUE_E - WUE_T","Freshwater wetland",0.331901981149339,0.317433918220309,-0.290268498562467,0.954072460861145,1.0656237585538,0.308081743849852,0.461783540608091,1.66946397649951
"WUE_ET_minus_WUE_T","Saline",0.54851255432811,"7","US-A03",-0.0389713618933985,"WUE_ET_minus_WUE_T__Saline","WUE_ET - WUE_T","Saline wetland",-1.28499701095651,0.372504470440457,-2.0151057730198,-0.554888248893209,-1.75204491911149,0.348729943265937,-2.43555560791273,-1.06853423031026
"WUE_ET_minus_WUE_E","Saline",0.54851255432811,"7","US-A03",-0.0389713618933985,"WUE_ET_minus_WUE_E__Saline","WUE_ET - WUE_E","Saline wetland",-2.18270171199043,0.364730235831988,-2.89757297422113,-1.46783044975973,-2.80971802741289,0.348729943265936,-3.49322871621413,-2.12620733861166
"WUE_E_minus_WUE_T","Saline",0.54851255432811,"7","US-A03",-0.0389713618933985,"WUE_E_minus_WUE_T__Saline","WUE_E - WUE_T","Saline wetland",0.934419478284893,0.335047338163719,0.277726695484004,1.59111226108578,1.04978124062432,0.348729943265937,0.366270551823083,1.73329192942556
"WUE_ET_minus_WUE_T","Upland",0.554392011313833,"7","US-A03",-0.00545426893625535,"WUE_ET_minus_WUE_T__Upland","WUE_ET - WUE_T","Upland",-2.07524302441427,0.286024080286904,-2.6358502217766,-1.51463582705194,-2.67431503627075,0.264740621342065,-3.1932066541012,-2.1554234184403
"WUE_ET_minus_WUE_E","Upland",0.554392011313833,"7","US-A03",-0.00545426893625535,"WUE_ET_minus_WUE_E__Upland","WUE_ET - WUE_E","Upland",-3.39033332950356,0.286021963432449,-3.95093637783116,-2.82973028117595,-4.56725643972681,0.264740621342064,-5.08614805755725,-4.04836482189636
"WUE_E_minus_WUE_T","Upland",0.554392011313833,"7","US-A03",-0.00545426893625535,"WUE_E_minus_WUE_T__Upland","WUE_E - WUE_T","Upland",1.24777271168521,0.287239066087177,0.684784142154342,1.81076128121607,1.78210648138733,0.264740621342065,1.26321486355688,2.30099809921778
"WUE_ET_minus_WUE_T","Freshwater",0.554392011313833,"7","US-A03",-0.00545426893625535,"WUE_ET_minus_WUE_T__Freshwater","WUE_ET - WUE_T","Freshwater wetland",-1.67447765406841,0.300192225373773,-2.26285441580101,-1.08610089233582,-1.84521361746629,0.308088045903165,-2.44906618743649,-1.24136104749609
"WUE_ET_minus_WUE_E","Freshwater",0.554392011313833,"7","US-A03",-0.00545426893625535,"WUE_ET_minus_WUE_E__Freshwater","WUE_ET - WUE_E","Freshwater wetland",-2.52037182849162,0.318036778928326,-3.14372391519114,-1.8970197417921,-3.39725481443381,0.308088045903165,-4.00110738440402,-2.79340224446361
"WUE_E_minus_WUE_T","Freshwater",0.554392011313833,"7","US-A03",-0.00545426893625535,"WUE_E_minus_WUE_T__Freshwater","WUE_E - WUE_T","Freshwater wetland",0.422101766825215,0.317399090564495,-0.200000450681195,1.04420398433163,1.18305341549474,0.308088045903165,0.579200845524538,1.78690598546495
"WUE_ET_minus_WUE_T","Saline",0.554392011313833,"7","US-A03",-0.00545426893625535,"WUE_ET_minus_WUE_T__Saline","WUE_ET - WUE_T","Saline wetland",-1.25021871752032,0.372127103852279,-1.97958784107078,-0.520849593969849,-1.70317277735093,0.349449931721018,-2.38809464352413,-1.01825091117774
"WUE_ET_minus_WUE_E","Saline",0.554392011313833,"7","US-A03",-0.00545426893625535,"WUE_ET_minus_WUE_E__Saline","WUE_ET - WUE_E","Saline wetland",-2.23219331329327,0.364499524809252,-2.94661238191941,-1.51777424466714,-2.88749060740808,0.349449931721018,-3.57241247358128,-2.20256874123489
"WUE_E_minus_WUE_T","Saline",0.554392011313833,"7","US-A03",-0.00545426893625535,"WUE_E_minus_WUE_T__Saline","WUE_E - WUE_T","Saline wetland",1.03067195273155,0.335736796066284,0.372627832441635,1.68871607302147,1.17572752079213,0.349449931721018,0.490805654618939,1.86064938696533
"WUE_ET_minus_WUE_T","Upland",0.560271468299555,"7","US-A03",0.0280628240208871,"WUE_ET_minus_WUE_T__Upland","WUE_ET - WUE_T","Upland",-2.01870019875117,0.285760343567806,-2.57879047214407,-1.45860992535827,-2.60579438769003,0.264731673883127,-3.12466846850096,-2.0869203068791
"WUE_ET_minus_WUE_E","Upland",0.560271468299555,"7","US-A03",0.0280628240208871,"WUE_ET_minus_WUE_E__Upland","WUE_ET - WUE_E","Upland",-3.48210445324587,0.285757990762316,-4.04219011514001,-2.92201879135174,-4.62538051290184,0.264731673883127,-5.14425459371277,-4.10650643209091
"WUE_E_minus_WUE_T","Upland",0.560271468299555,"7","US-A03",0.0280628240208871,"WUE_E_minus_WUE_T__Upland","WUE_E - WUE_T","Upland",1.40683704676363,0.287089360378328,0.844141900422105,1.96953219310515,1.9277012683753,0.264731673883128,1.40882718756437,2.44657534918623
"WUE_ET_minus_WUE_T","Freshwater",0.560271468299555,"7","US-A03",0.0280628240208871,"WUE_ET_minus_WUE_T__Freshwater","WUE_ET - WUE_T","Freshwater wetland",-1.64451399572403,0.300065501817031,-2.23264237928541,-1.05638561216265,-1.8048580989326,0.308144833243591,-2.40882197209004,-1.20089422577516
"WUE_ET_minus_WUE_E","Freshwater",0.560271468299555,"7","US-A03",0.0280628240208871,"WUE_ET_minus_WUE_E__Freshwater","WUE_ET - WUE_E","Freshwater wetland",-2.58060090951704,0.31812716448555,-3.20413015190872,-1.95707166712536,-3.48354401765587,0.308144833243591,-4.08750789081331,-2.87958014449844
"WUE_E_minus_WUE_T","Freshwater",0.560271468299555,"7","US-A03",0.0280628240208871,"WUE_E_minus_WUE_T__Freshwater","WUE_E - WUE_T","Freshwater wetland",0.514687774017584,0.317450838508558,-0.10751586945919,1.13689141749436,1.30048307243568,0.308144833243592,0.696519199278242,1.90444694559312
"WUE_ET_minus_WUE_T","Saline",0.560271468299555,"7","US-A03",0.0280628240208871,"WUE_ET_minus_WUE_T__Saline","WUE_ET - WUE_T","Saline wetland",-1.21586853731041,0.371777033578416,-1.94455152312411,-0.487185551496717,-1.65430063559037,0.350251135199419,-2.34079286058123,-0.96780841059951
"WUE_ET_minus_WUE_E","Saline",0.560271468299555,"7","US-A03",0.0280628240208871,"WUE_ET_minus_WUE_E__Saline","WUE_ET - WUE_E","Saline wetland",-2.28279370353239,0.36429780013412,-2.99681739179526,-1.56877001526952,-2.96526318740327,0.350251135199418,-3.65175541239413,-2.27877096241241
"WUE_E_minus_WUE_T","Saline",0.560271468299555,"7","US-A03",0.0280628240208871,"WUE_E_minus_WUE_T__Saline","WUE_E - WUE_T","Saline wetland",1.12692185751599,0.336513230503769,0.467355925728601,1.78648778930338,1.30167380095995,0.350251135199419,0.615181575969086,1.98816602595081
"WUE_ET_minus_WUE_T","Upland",0.566150925285277,"7","US-A03",0.0615799169780303,"WUE_ET_minus_WUE_T__Upland","WUE_ET - WUE_T","Upland",-1.962179683112,0.285550404374723,-2.52185847568646,-1.40250089053755,-2.53727373910932,0.264763404505489,-3.05621001194008,-2.01833746627856
"WUE_ET_minus_WUE_E","Upland",0.566150925285277,"7","US-A03",0.0615799169780303,"WUE_ET_minus_WUE_E__Upland","WUE_ET - WUE_E","Upland",-3.57418041446324,0.285547785666536,-4.13385407436965,-3.01450675455683,-4.68350458607687,0.264763404505489,-5.20244085890763,-4.16456831324612
"WUE_E_minus_WUE_T","Upland",0.566150925285277,"7","US-A03",0.0615799169780303,"WUE_E_minus_WUE_T__Upland","WUE_E - WUE_T","Upland",1.56621842858493,0.286996663605694,1.00370496791777,2.12873188925209,2.07329605536327,0.26476340450549,1.55435978253251,2.59223232819403
"WUE_ET_minus_WUE_T","Freshwater",0.566150925285277,"7","US-A03",0.0615799169780303,"WUE_ET_minus_WUE_T__Freshwater","WUE_ET - WUE_T","Freshwater wetland",-1.6147126261942,0.299980741960095,-2.20267488043599,-1.02675037195241,-1.76450258039892,0.30825207796937,-2.36867665321888,-1.16032850757895
"WUE_ET_minus_WUE_E","Freshwater",0.566150925285277,"7","US-A03",0.0615799169780303,"WUE_ET_minus_WUE_E__Freshwater","WUE_ET - WUE_E","Freshwater wetland",-2.64267356721313,0.318266216515789,-3.26647535158408,-2.01887178284218,-3.56983322087794,0.30825207796937,-4.1740072936979,-2.96565914805797
"WUE_E_minus_WUE_T","Freshwater",0.566150925285277,"7","US-A03",0.0615799169780303,"WUE_E_minus_WUE_T__Freshwater","WUE_E - WUE_T","Freshwater wetland",0.609890848432761,0.31755041466495,-0.0125079643105408,1.23228966117606,1.41791272937662,0.30825207796937,0.813738656556657,2.02208680219659
"WUE_ET_minus_WUE_T","Saline",0.566150925285277,"7","US-A03",0.0615799169780303,"WUE_ET_minus_WUE_T__Saline","WUE_ET - WUE_T","Saline wetland",-1.18194692276488,0.371442252782031,-1.90997373821767,-0.453920107312103,-1.60542849382981,0.351132997760443,-2.29364916944028,-0.917207818219341
"WUE_ET_minus_WUE_E","Saline",0.566150925285277,"7","US-A03",0.0615799169780303,"WUE_ET_minus_WUE_E__Saline","WUE_ET - WUE_E","Saline wetland",-2.33452144949923,0.364119498981872,-3.0481956675037,-1.62084723149476,-3.04303576739846,0.351132997760442,-3.73125644300893,-2.35481509178799
"WUE_E_minus_WUE_T","Saline",0.566150925285277,"7","US-A03",0.0615799169780303,"WUE_E_minus_WUE_T__Saline","WUE_E - WUE_T","Saline wetland",1.22316963125872,0.337376268963478,0.561912144090307,1.88442711842714,1.42762008112776,0.351132997760443,0.739399405517294,2.11584075673823
"WUE_ET_minus_WUE_T","Upland",0.572030382271,"7","US-A03",0.0950970099351734,"WUE_ET_minus_WUE_T__Upland","WUE_ET - WUE_T","Upland",-1.905866542991,0.285343037461623,-2.46513889641578,-1.34659418956621,-2.4687530905286,0.264835798587932,-2.98783125576095,-1.94967492529625
"WUE_ET_minus_WUE_E","Upland",0.572030382271,"7","US-A03",0.0950970099351734,"WUE_ET_minus_WUE_E__Upland","WUE_ET - WUE_E","Upland",-3.6665354329414,0.285340129733898,-4.22580208721984,-3.10726877866296,-4.74162865925191,0.264835798587931,-5.26070682448425,-4.22255049401956
"WUE_E_minus_WUE_T","Upland",0.572030382271,"7","US-A03",0.0950970099351734,"WUE_E_minus_WUE_T__Upland","WUE_E - WUE_T","Upland",1.72563715651357,0.286899141876564,1.16331483843551,2.28795947459164,2.21889084235124,0.264835798587932,1.69981267711889,2.73796900758359
"WUE_ET_minus_WUE_T","Freshwater",0.572030382271,"7","US-A03",0.0950970099351734,"WUE_ET_minus_WUE_T__Freshwater","WUE_ET - WUE_T","Freshwater wetland",-1.58506771470461,0.299938306872588,-2.17294679617488,-0.997188633234337,-1.72414706186523,0.308409727443174,-2.32863012765385,-1.11966399607661
"WUE_ET_minus_WUE_E","Freshwater",0.572030382271,"7","US-A03",0.0950970099351734,"WUE_ET_minus_WUE_E__Freshwater","WUE_ET - WUE_E","Freshwater wetland",-2.70678918021982,0.318412250894922,-3.33087719197387,-2.08270116846578,-3.6561224241,0.308409727443173,-4.26060548988862,-3.05163935831138
"WUE_E_minus_WUE_T","Freshwater",0.572030382271,"7","US-A03",0.0950970099351734,"WUE_E_minus_WUE_T__Freshwater","WUE_E - WUE_T","Freshwater wetland",0.70794337869373,0.317660496412147,0.0853288057259222,1.33055795166154,1.53534238631757,0.308409727443174,0.930859320528945,2.13982545210619
"WUE_ET_minus_WUE_T","Saline",0.572030382271,"7","US-A03",0.0950970099351734,"WUE_ET_minus_WUE_T__Saline","WUE_ET - WUE_T","Saline wetland",-1.14845684370866,0.371111878391505,-1.87583612535601,-0.421077562061308,-1.55655635206925,0.35209491334452,-2.24666238222451,-0.866450321913988
"WUE_ET_minus_WUE_E","Saline",0.572030382271,"7","US-A03",0.0950970099351734,"WUE_ET_minus_WUE_E__Saline","WUE_ET - WUE_E","Saline wetland",-2.38739094955208,0.363959865400458,-3.10075228573698,-1.67402961336719,-3.12080834739365,0.35209491334452,-3.81091437754891,-2.43070231723839
"WUE_E_minus_WUE_T","Saline",0.572030382271,"7","US-A03",0.0950970099351734,"WUE_E_minus_WUE_T__Saline","WUE_E - WUE_T","Saline wetland",1.31941569531623,0.338325508289315,0.656297699069171,1.98253369156328,1.55356636129558,0.35209491334452,0.863460331140318,2.24367239145084
"WUE_ET_minus_WUE_T","Upland",0.577909839256722,"7","US-A03",0.128614102892317,"WUE_ET_minus_WUE_T__Upland","WUE_ET - WUE_T","Upland",-1.8499463500935,0.285090358595568,-2.40872345294081,-1.29116924724619,-2.40023244194788,0.264948822798051,-2.91953213463206,-1.8809327492637
"WUE_ET_minus_WUE_E","Upland",0.577909839256722,"7","US-A03",0.128614102892317,"WUE_ET_minus_WUE_E__Upland","WUE_ET - WUE_E","Upland",-3.75917311859242,0.285087149108803,-4.31794393084568,-3.20040230633917,-4.79975273242694,0.26494882279805,-5.31905242511112,-4.28045303974276
"WUE_E_minus_WUE_T","Upland",0.577909839256722,"7","US-A03",0.128614102892317,"WUE_E_minus_WUE_T__Upland","WUE_E - WUE_T","Upland",1.88484189195275,0.286739032603817,1.32283338804927,2.44685039585623,2.36448562933921,0.264948822798051,1.84518593665503,2.88378532202339
"WUE_ET_minus_WUE_T","Freshwater",0.577909839256722,"7","US-A03",0.128614102892317,"WUE_ET_minus_WUE_T__Freshwater","WUE_ET - WUE_T","Freshwater wetland",-1.55557356747098,0.299938834705446,-2.14345368349365,-0.9676934514483,-1.68379154333154,0.308617704421077,-2.28868224399685,-1.07890084266623
"WUE_ET_minus_WUE_E","Freshwater",0.577909839256722,"7","US-A03",0.128614102892317,"WUE_ET_minus_WUE_E__Freshwater","WUE_ET - WUE_E","Freshwater wetland",-2.77315769789325,0.318527981247088,-3.39747254113754,-2.14884285464896,-3.74241162732206,0.308617704421077,-4.34730232798737,-3.13752092665675
"WUE_E_minus_WUE_T","Freshwater",0.577909839256722,"7","US-A03",0.128614102892317,"WUE_E_minus_WUE_T__Freshwater","WUE_E - WUE_T","Freshwater wetland",0.809077389935998,0.317747840638454,0.186291622284629,1.43186315758737,1.65277204325851,0.308617704421077,1.0478813425932,2.25766274392382
"WUE_ET_minus_WUE_T","Saline",0.577909839256722,"7","US-A03",0.128614102892317,"WUE_ET_minus_WUE_T__Saline","WUE_ET - WUE_T","Saline wetland",-1.11540306378767,0.370776993302085,-1.84212597065976,-0.388680156915588,-1.50768421030869,0.353136227777655,-2.19983121675289,-0.815537203864483
"WUE_ET_minus_WUE_E","Saline",0.577909839256722,"7","US-A03",0.128614102892317,"WUE_ET_minus_WUE_E__Saline","WUE_ET - WUE_E","Saline wetland",-2.44141278689569,0.363815422029465,-3.15449101407344,-1.72833455971794,-3.19858092738884,0.353136227777654,-3.89072793383304,-2.50643392094464
"WUE_E_minus_WUE_T","Saline",0.577909839256722,"7","US-A03",0.128614102892317,"WUE_E_minus_WUE_T__Saline","WUE_E - WUE_T","Saline wetland",1.41566045535858,0.339360518168508,0.750513839748304,2.08080707096886,1.67951264146339,0.353136227777654,0.987365635019189,2.37165964790759
"WUE_ET_minus_WUE_T","Upland",0.583789296242444,"7","US-A03",0.16213119584946,"WUE_ET_minus_WUE_T__Upland","WUE_ET - WUE_T","Upland",-1.794602238371,0.284751296317144,-2.3527147791526,-1.2364896975894,-2.33171179336717,0.265102425168902,-2.85131254669821,-1.81211104003612
"WUE_ET_minus_WUE_E","Upland",0.583789296242444,"7","US-A03",0.16213119584946,"WUE_ET_minus_WUE_E__Upland","WUE_ET - WUE_E","Upland",-3.85212790349699,0.284747786758484,-4.41023356554362,-3.29402224145036,-4.85787680560198,0.265102425168902,-5.37747755893302,-4.33827605227093
"WUE_E_minus_WUE_T","Upland",0.583789296242444,"7","US-A03",0.16213119584946,"WUE_E_minus_WUE_T__Upland","WUE_E - WUE_T","Upland",2.04361476128642,0.286466728267926,1.48213997388129,2.60508954869156,2.51008041632718,0.265102425168903,1.99047966299613,3.02968116965823
"WUE_ET_minus_WUE_T","Freshwater",0.583789296242444,"7","US-A03",0.16213119584946,"WUE_ET_minus_WUE_T__Freshwater","WUE_ET - WUE_T","Freshwater wetland",-1.52622470273635,0.299983317328513,-2.11419200470024,-0.938257400772464,-1.64343602479785,0.308875907241277,-2.24883280299075,-1.03803924660495
"WUE_ET_minus_WUE_E","Freshwater",0.583789296242444,"7","US-A03",0.16213119584946,"WUE_ET_minus_WUE_E__Freshwater","WUE_ET - WUE_E","Freshwater wetland",-2.84199821449514,0.318583788322429,-3.46642243960711,-2.21757398938318,-3.82870083054412,0.308875907241277,-4.43409760873703,-3.22330405235122
"WUE_E_minus_WUE_T","Freshwater",0.583789296242444,"7","US-A03",0.16213119584946,"WUE_E_minus_WUE_T__Freshwater","WUE_E - WUE_T","Freshwater wetland",0.913522672964807,0.317786257982661,0.290661607318793,1.53638373861082,1.77020170019945,0.308875907241278,1.16480492200654,2.37559847839235
"WUE_ET_minus_WUE_T","Saline",0.583789296242444,"7","US-A03",0.16213119584946,"WUE_ET_minus_WUE_T__Saline","WUE_ET - WUE_T","Saline wetland",-1.0827917621425,0.370431820535308,-1.8088381303917,-0.356745393893294,-1.45881206854813,0.354256240896437,-2.15315430070514,-0.764469836391108
"WUE_ET_minus_WUE_E","Saline",0.583789296242444,"7","US-A03",0.16213119584946,"WUE_ET_minus_WUE_E__Saline","WUE_ET - WUE_E","Saline wetland",-2.49659344777147,0.363684645451561,-3.20941535285653,-1.78377154268641,-3.27635350738403,0.354256240896437,-3.97069573954104,-2.58201127522701
"WUE_E_minus_WUE_T","Saline",0.583789296242444,"7","US-A03",0.16213119584946,"WUE_E_minus_WUE_T__Saline","WUE_E - WUE_T","Saline wetland",1.51190430026838,0.340480847570673,0.844561839029862,2.1792467615069,1.80545892163121,0.354256240896437,1.11111668947419,2.49980115378822
"WUE_ET_minus_WUE_T","Upland",0.589668753228166,"7","US-A03",0.195648288806603,"WUE_ET_minus_WUE_T__Upland","WUE_ET - WUE_T","Upland",-1.74001184213737,0.284295074646197,-2.29723018844391,-1.18279349583082,-2.26319114478645,0.265296535218214,-2.78317235381415,-1.74320993575875
"WUE_ET_minus_WUE_E","Upland",0.589668753228166,"7","US-A03",0.195648288806603,"WUE_ET_minus_WUE_E__Upland","WUE_ET - WUE_E","Upland",-3.9454688122072,0.284291285356859,-4.50267973150664,-3.38825789290775,-4.91600087877701,0.265296535218213,-5.43598208780471,-4.39601966974931
"WUE_E_minus_WUE_T","Upland",0.589668753228166,"7","US-A03",0.195648288806603,"WUE_E_minus_WUE_T__Upland","WUE_E - WUE_T","Upland",2.20177892569891,0.286044833137417,1.64113105274958,2.76242679864825,2.65567520331515,0.265296535218215,2.13569399428745,3.17565641234285
"WUE_ET_minus_WUE_T","Freshwater",0.589668753228166,"7","US-A03",0.195648288806603,"WUE_ET_minus_WUE_T__Freshwater","WUE_ET - WUE_T","Freshwater wetland",-1.49701593837165,0.300073185369546,-2.08515938169596,-0.908872495047336,-1.60308050626416,0.309184210071493,-2.20908155800429,-0.997079454524037
"WUE_ET_minus_WUE_E","Freshwater",0.589668753228166,"7","US-A03",0.195648288806603,"WUE_ET_minus_WUE_E__Freshwater","WUE_ET - WUE_E","Freshwater wetland",-2.91353820039267,0.318560958475076,-3.53791767900382,-2.28915872178152,-3.91499003376619,0.309184210071493,-4.52099108550631,-3.30898898202606
"WUE_E_minus_WUE_T","Freshwater",0.589668753228166,"7","US-A03",0.195648288806603,"WUE_E_minus_WUE_T__Freshwater","WUE_E - WUE_T","Freshwater wetland",1.02150467299441,0.317759563935861,0.39869592768012,1.6443134183087,1.88763135714039,0.309184210071493,1.28163030540026,2.49363240888052
"WUE_ET_minus_WUE_T","Saline",0.589668753228166,"7","US-A03",0.195648288806603,"WUE_ET_minus_WUE_T__Saline","WUE_ET - WUE_T","Saline wetland",-1.05063028008709,0.370074990669812,-1.77597726179992,-0.32528329837426,-1.40993992678756,0.355454208778309,-2.10663017599305,-0.713249677582078
"WUE_ET_minus_WUE_E","Saline",0.589668753228166,"7","US-A03",0.195648288806603,"WUE_ET_minus_WUE_E__Saline","WUE_ET - WUE_E","Saline wetland",-2.5529347077499,0.363568708554732,-3.26552937651717,-1.84034003898262,-3.35412608737922,0.355454208778309,-4.0508163365847,-2.65743583817373
"WUE_E_minus_WUE_T","Saline",0.589668753228166,"7","US-A03",0.195648288806603,"WUE_E_minus_WUE_T__Saline","WUE_E - WUE_T","Saline wetland",1.60814759958446,0.341686032196327,0.938442976479659,2.27785222268926,1.93140520179902,0.355454208778309,1.23471495259353,2.62809545100451
"WUE_ET_minus_WUE_T","Upland",0.595548210213889,"7","US-A03",0.229165381763746,"WUE_ET_minus_WUE_T__Upland","WUE_ET - WUE_T","Upland",-1.68634201674986,0.283705372150599,-2.24240454616503,-1.13027948733469,-2.19467049620573,0.265531064109531,-2.71511138186041,-1.67422961055105
"WUE_ET_minus_WUE_E","Upland",0.595548210213889,"7","US-A03",0.229165381763746,"WUE_ET_minus_WUE_E__Upland","WUE_ET - WUE_E","Upland",-4.03931098069804,0.283701345850315,-4.59536561856466,-3.48325634283143,-4.97412495195204,0.26553106410953,-5.49456583760672,-4.45368406629736
"WUE_E_minus_WUE_T","Upland",0.595548210213889,"7","US-A03",0.229165381763746,"WUE_E_minus_WUE_T__Upland","WUE_E - WUE_T","Upland",2.35921659964332,0.285452965385369,1.79972878748799,2.91870441179864,2.80126999030312,0.265531064109531,2.28082910464844,3.3217108759578
"WUE_ET_minus_WUE_T","Freshwater",0.595548210213889,"7","US-A03",0.229165381763746,"WUE_ET_minus_WUE_T__Freshwater","WUE_ET - WUE_T","Freshwater wetland",-1.4679425660605,0.30021042605826,-2.05635500113468,-0.879530130986306,-1.56272498773047,0.309542463213641,-2.16942821562921,-0.956021759831738
"WUE_ET_minus_WUE_E","Freshwater",0.595548210213889,"7","US-A03",0.229165381763746,"WUE_ET_minus_WUE_E__Freshwater","WUE_ET - WUE_E","Freshwater wetland",-2.98801382505911,0.3184554156982,-3.61218643982758,-2.36384121029064,-4.00127923698825,0.30954246321364,-4.60798246488698,-3.39457600908951
"WUE_E_minus_WUE_T","Freshwater",0.595548210213889,"7","US-A03",0.229165381763746,"WUE_E_minus_WUE_T__Freshwater","WUE_E - WUE_T","Freshwater wetland",1.13324059406858,0.317664987153809,0.510617219247112,1.75586396889004,2.00506101408133,0.309542463213641,1.3983577861826,2.61176424198007
"WUE_ET_minus_WUE_T","Saline",0.595548210213889,"7","US-A03",0.229165381763746,"WUE_ET_minus_WUE_T__Saline","WUE_ET - WUE_T","Saline wetland",-1.01892698686533,0.369711205980898,-1.74356095058789,-0.294293023142773,-1.361067785027,0.356729346061478,-2.0602573033075,-0.661878266746505
"WUE_ET_minus_WUE_E","Saline",0.595548210213889,"7","US-A03",0.229165381763746,"WUE_ET_minus_WUE_E__Saline","WUE_ET - WUE_E","Saline wetland",-2.61043189176204,0.36347247026433,-3.32283793348013,-1.89802585004396,-3.43189866737441,0.356729346061477,-4.1310881856549,-2.73270914909391
"WUE_E_minus_WUE_T","Saline",0.595548210213889,"7","US-A03",0.229165381763746,"WUE_E_minus_WUE_T__Saline","WUE_E - WUE_T","Saline wetland",1.70439069616087,0.342975605127173,1.03215851011161,2.37662288221013,2.05735148196684,0.356729346061478,1.35816196368634,2.75654100024733
"WUE_ET_minus_WUE_T","Upland",0.601427667199611,"7","US-A03",0.262682474720888,"WUE_ET_minus_WUE_T__Upland","WUE_ET - WUE_T","Upland",-1.63374299180666,0.282983450279359,-2.1883905543542,-1.07909542925912,-2.12614984762502,0.265805904854437,-2.64712942113971,-1.60517027411032
"WUE_ET_minus_WUE_E","Upland",0.601427667199611,"7","US-A03",0.262682474720888,"WUE_ET_minus_WUE_E__Upland","WUE_ET - WUE_E","Upland",-4.13382551177801,0.282979254698302,-4.68846485098668,-3.57918617256934,-5.03224902512708,0.265805904854437,-5.55322859864177,-4.51126945161238
"WUE_E_minus_WUE_T","Upland",0.601427667199611,"7","US-A03",0.262682474720888,"WUE_E_minus_WUE_T__Upland","WUE_E - WUE_T","Upland",2.51588616886071,0.284691387387626,1.95789104958096,3.07388128814045,2.94686477729109,0.265805904854437,2.42588520377639,3.46784435080579
"WUE_ET_minus_WUE_T","Freshwater",0.601427667199611,"7","US-A03",0.262682474720888,"WUE_ET_minus_WUE_T__Freshwater","WUE_ET - WUE_T","Freshwater wetland",-1.4390005260467,0.300397660617049,-2.02777994085612,-0.850221111237288,-1.52236946919679,0.309950493464082,-2.12987243638639,-0.914866502007187
"WUE_ET_minus_WUE_E","Freshwater",0.601427667199611,"7","US-A03",0.262682474720888,"WUE_ET_minus_WUE_E__Freshwater","WUE_ET - WUE_E","Freshwater wetland",-3.06566914207313,0.318280269417603,-3.68949847013163,-2.44183981401463,-4.08756844021031,0.309950493464081,-4.69507140739991,-3.48006547302071
"WUE_E_minus_WUE_T","Freshwater",0.601427667199611,"7","US-A03",0.262682474720888,"WUE_E_minus_WUE_T__Freshwater","WUE_E - WUE_T","Freshwater wetland",1.24893492629432,0.317515470145279,0.626604604809573,1.87126524777907,2.12249067102227,0.309950493464082,1.51498770383267,2.72999363821187
"WUE_ET_minus_WUE_T","Saline",0.601427667199611,"7","US-A03",0.262682474720888,"WUE_ET_minus_WUE_T__Saline","WUE_ET - WUE_T","Saline wetland",-0.987690978271918,0.369352375976041,-1.71162163518496,-0.263760321358877,-1.31219564326644,0.358080828338774,-2.01403406681044,-0.610357219722446
"WUE_ET_minus_WUE_E","Saline",0.601427667199611,"7","US-A03",0.262682474720888,"WUE_ET_minus_WUE_E__Saline","WUE_ET - WUE_E","Saline wetland",-2.66907228144511,0.363405187852348,-3.38134644963571,-1.95679811325451,-3.5096712473696,0.358080828338773,-4.21150967091359,-2.8078328238256
"WUE_E_minus_WUE_T","Saline",0.601427667199611,"7","US-A03",0.262682474720888,"WUE_E_minus_WUE_T__Saline","WUE_E - WUE_T","Saline wetland",1.80063389918662,0.344349104297391,1.12570965476373,2.4755581436095,2.18329776213465,0.358080828338773,1.48145933859065,2.88513618567865
"WUE_ET_minus_WUE_T","Upland",0.607307124185333,"7","US-A03",0.296199567678031,"WUE_ET_minus_WUE_T__Upland","WUE_ET - WUE_T","Upland",-1.58234836382828,0.282147117119379,-2.13535671338227,-1.0293400142743,-2.0576291990443,0.266120932554783,-2.57922622685167,-1.53603217123693
"WUE_ET_minus_WUE_E","Upland",0.607307124185333,"7","US-A03",0.296199567678031,"WUE_ET_minus_WUE_E__Upland","WUE_ET - WUE_E","Upland",-4.229230602331,0.282142846696936,-4.78223058185699,-3.676230622805,-5.09037309830211,0.266120932554782,-5.61197012610948,-4.56877607049474
"WUE_E_minus_WUE_T","Upland",0.607307124185333,"7","US-A03",0.296199567678031,"WUE_E_minus_WUE_T__Upland","WUE_E - WUE_T","Upland",2.67181348559586,0.283779900606687,2.11560488040675,3.22802209078496,3.09245956427906,0.266120932554783,2.57086253647168,3.61405659208643
"WUE_ET_minus_WUE_T","Freshwater",0.607307124185333,"7","US-A03",0.296199567678031,"WUE_ET_minus_WUE_T__Freshwater","WUE_ET - WUE_T","Freshwater wetland",-1.41018635703722,0.300638063898826,-1.99943696227892,-0.820935751795525,-1.4820139506631,0.31040810452743,-2.09041383553686,-0.873614065789337
"WUE_ET_minus_WUE_E","Freshwater",0.607307124185333,"7","US-A03",0.296199567678031,"WUE_ET_minus_WUE_E__Freshwater","WUE_ET - WUE_E","Freshwater wetland",-3.14675274095388,0.318064366962668,-3.77015890020071,-2.52334658170705,-4.17385764343237,0.310408104527429,-4.78225752830613,-3.56545775855861
"WUE_E_minus_WUE_T","Freshwater",0.607307124185333,"7","US-A03",0.296199567678031,"WUE_E_minus_WUE_T__Freshwater","WUE_E - WUE_T","Freshwater wetland",1.36877929501792,0.317338263726763,0.746796298113461,1.99076229192237,2.23992032796321,0.310408104527429,1.63152044308945,2.84832021283697
"WUE_ET_minus_WUE_T","Saline",0.607307124185333,"7","US-A03",0.296199567678031,"WUE_ET_minus_WUE_T__Saline","WUE_ET - WUE_T","Saline wetland",-0.956931583931227,0.36901674605179,-1.68020440619274,-0.233658761669718,-1.26332350150588,0.359507794609812,-1.96795877894111,-0.558688224070649
"WUE_ET_minus_WUE_E","Saline",0.607307124185333,"7","US-A03",0.296199567678031,"WUE_ET_minus_WUE_E__Saline","WUE_ET - WUE_E","Saline wetland",-2.72883620337062,0.363380094302725,-3.44106118820397,-2.01661121853728,-3.58744382736478,0.359507794609812,-4.29207910480002,-2.88280854992955
"WUE_E_minus_WUE_T","Saline",0.607307124185333,"7","US-A03",0.296199567678031,"WUE_E_minus_WUE_T__Saline","WUE_E - WUE_T","Saline wetland",1.89687748830527,0.34580606695554,1.21909759707241,2.57465737953813,2.30924404230246,0.359507794609812,1.60460876486723,3.0138793197377
"WUE_ET_minus_WUE_T","Upland",0.613186581171056,"7","US-A03",0.329716660635175,"WUE_ET_minus_WUE_T__Upland","WUE_ET - WUE_T","Upland",-1.53228057222455,0.281226635273917,-2.08348477736142,-0.981076367087669,-1.98910855046358,0.266476004683655,-2.51140151964355,-1.46681558128362
"WUE_ET_minus_WUE_E","Upland",0.613186581171056,"7","US-A03",0.329716660635175,"WUE_ET_minus_WUE_E__Upland","WUE_ET - WUE_E","Upland",-4.32577062942621,0.281222412292479,-4.87696655751947,-3.77457470133295,-5.14849717147714,0.266476004683655,-5.67079014065711,-4.62620420229718
"WUE_E_minus_WUE_T","Upland",0.613186581171056,"7","US-A03",0.329716660635175,"WUE_E_minus_WUE_T__Upland","WUE_E - WUE_T","Upland",2.82706436098398,0.282753247688946,2.27286799551365,3.38126072645432,3.23805435126703,0.266476004683656,2.71576138208706,3.76034732044699
"WUE_ET_minus_WUE_T","Freshwater",0.613186581171056,"7","US-A03",0.329716660635175,"WUE_ET_minus_WUE_T__Freshwater","WUE_ET - WUE_T","Freshwater wetland",-1.38149696657667,0.300935184475974,-1.97132992814957,-0.791664005003757,-1.44165843212941,0.310915077481649,-2.05105198399344,-0.832264880265379
"WUE_ET_minus_WUE_E","Freshwater",0.613186581171056,"7","US-A03",0.329716660635175,"WUE_ET_minus_WUE_E__Freshwater","WUE_ET - WUE_E","Freshwater wetland",-3.23151411467516,0.317848072598667,-3.85449633696855,-2.60853189238178,-4.26014684665444,0.310915077481648,-4.86954039851847,-3.65075329479041
"WUE_E_minus_WUE_T","Freshwater",0.613186581171056,"7","US-A03",0.329716660635175,"WUE_E_minus_WUE_T__Freshwater","WUE_E - WUE_T","Freshwater wetland",1.49295646684778,0.317170966732712,0.87130137205166,2.11461156164389,2.35734998490416,0.310915077481649,1.74795643304012,2.96674353676819
"WUE_ET_minus_WUE_T","Saline",0.613186581171056,"7","US-A03",0.329716660635175,"WUE_ET_minus_WUE_T__Saline","WUE_ET - WUE_T","Saline wetland",-0.926658001961647,0.368726739802927,-1.64936241197538,-0.203953591947911,-1.21445135974532,0.361009349776064,-1.9220296853064,-0.506873034184235
"WUE_ET_minus_WUE_E","Saline",0.613186581171056,"7","US-A03",0.329716660635175,"WUE_ET_minus_WUE_E__Saline","WUE_ET - WUE_E","Saline wetland",-2.7896999562591,0.363413234325477,-3.50198989553703,-2.07741001698116,-3.66521640735997,0.361009349776063,-4.37279473292106,-2.95763808179889
"WUE_E_minus_WUE_T","Saline",0.613186581171056,"7","US-A03",0.329716660635175,"WUE_E_minus_WUE_T__Saline","WUE_E - WUE_T","Saline wetland",1.99312172559092,0.347346016302845,1.31232353363735,2.6739199175445,2.43519032247028,0.361009349776063,1.72761199690919,3.14276864803136
"WUE_ET_minus_WUE_T","Upland",0.619066038156778,"7","US-A03",0.363233753592318,"WUE_ET_minus_WUE_T__Upland","WUE_ET - WUE_T","Upland",-1.48364701824521,0.280263720778014,-2.03296391097011,-0.9343301255203,-1.92058790188287,0.266870961403625,-2.44365498623397,-1.39752081753176
"WUE_ET_minus_WUE_E","Upland",0.619066038156778,"7","US-A03",0.363233753592318,"WUE_ET_minus_WUE_E__Upland","WUE_ET - WUE_E","Upland",-4.4237188740967,0.280259694450074,-4.97302787521885,-3.87440987297456,-5.20662124465218,0.266870961403625,-5.72968832900328,-4.68355416030107
"WUE_E_minus_WUE_T","Upland",0.619066038156778,"7","US-A03",0.363233753592318,"WUE_E_minus_WUE_T__Upland","WUE_E - WUE_T","Upland",2.98175223734283,0.281660006601111,2.42969862440466,3.53380585028101,3.383649138255,0.266870961403625,2.86058205390389,3.9067162226061
"WUE_ET_minus_WUE_T","Freshwater",0.619066038156778,"7","US-A03",0.363233753592318,"WUE_ET_minus_WUE_T__Freshwater","WUE_ET - WUE_T","Freshwater wetland",-1.35292971840985,0.301292909386975,-1.94346382080832,-0.76239561601138,-1.40130291359572,0.311471171291906,-2.01178640932786,-0.790819417863586
"WUE_ET_minus_WUE_E","Freshwater",0.619066038156778,"7","US-A03",0.363233753592318,"WUE_ET_minus_WUE_E__Freshwater","WUE_ET - WUE_E","Freshwater wetland",-3.32020131782765,0.317681737671811,-3.9428575236644,-2.6975451119909,-4.3464360498765,0.311471171291906,-4.95691954560863,-3.73595255414436
"WUE_E_minus_WUE_T","Freshwater",0.619066038156778,"7","US-A03",0.363233753592318,"WUE_E_minus_WUE_T__Freshwater","WUE_E - WUE_T","Freshwater wetland",1.62163681412154,0.317060074589637,1.00019906792585,2.24307456031723,2.4747796418451,0.311471171291907,1.86429614611296,3.08526313757723
"WUE_ET_minus_WUE_T","Saline",0.619066038156778,"7","US-A03",0.363233753592318,"WUE_ET_minus_WUE_T__Saline","WUE_ET - WUE_T","Saline wetland",-0.896878928225214,0.368508511514383,-1.6191556107934,-0.174602245657023,-1.16557921798476,0.362584567163797,-1.8762449696258,-0.454913466343716
"WUE_ET_minus_WUE_E","Saline",0.619066038156778,"7","US-A03",0.363233753592318,"WUE_ET_minus_WUE_E__Saline","WUE_ET - WUE_E","Saline wetland",-2.85163512828801,0.363523298163187,-3.56414079268786,-2.13912946388816,-3.74298898735516,0.362584567163797,-4.4536547389962,-3.03232323571412
"WUE_E_minus_WUE_T","Saline",0.619066038156778,"7","US-A03",0.363233753592318,"WUE_E_minus_WUE_T__Saline","WUE_E - WUE_T","Saline wetland",2.08936685174155,0.348968460725496,1.40538866871958,2.77334503476353,2.56113660263809,0.362584567163797,1.85047085099705,3.27180235427914
"WUE_ET_minus_WUE_T","Upland",0.6249454951425,"7","US-A03",0.396750846549461,"WUE_ET_minus_WUE_T__Upland","WUE_ET - WUE_T","Upland",-1.43653760859423,0.279309329318555,-1.9839838940586,-0.889091323129861,-1.85206725330215,0.267305625920633,-2.37598628010659,-1.32814822649771
"WUE_ET_minus_WUE_E","Upland",0.6249454951425,"7","US-A03",0.396750846549461,"WUE_ET_minus_WUE_E__Upland","WUE_ET - WUE_E","Upland",-4.52337790412214,0.279305672457282,-5.07081702213841,-3.97593878610587,-5.26474531782721,0.267305625920633,-5.78866434463165,-4.74082629102277
"WUE_E_minus_WUE_T","Upland",0.6249454951425,"7","US-A03",0.396750846549461,"WUE_E_minus_WUE_T__Upland","WUE_E - WUE_T","Upland",3.13604175680172,0.280560074333542,2.58614401110798,3.68593950249546,3.52924392524297,0.267305625920635,3.00532489843853,4.05316295204741
"WUE_ET_minus_WUE_T","Freshwater",0.6249454951425,"7","US-A03",0.396750846549461,"WUE_ET_minus_WUE_T__Freshwater","WUE_ET - WUE_T","Freshwater wetland",-1.32448247687153,0.301715395233089,-1.91584465152839,-0.73312030221468,-1.36094739506203,0.312076123370418,-1.97261659686805,-0.749278193256015
"WUE_ET_minus_WUE_E","Freshwater",0.6249454951425,"7","US-A03",0.396750846549461,"WUE_ET_minus_WUE_E__Freshwater","WUE_ET - WUE_E","Freshwater wetland",-3.41305879952708,0.317622920752941,-4.03559972420284,-2.79051787485131,-4.43272525309856,0.312076123370418,-5.04439445490458,-3.82105605129254
"WUE_E_minus_WUE_T","Freshwater",0.6249454951425,"7","US-A03",0.396750846549461,"WUE_E_minus_WUE_T__Freshwater","WUE_E - WUE_T","Freshwater wetland",1.75497580568101,0.317058386948725,1.13354136726151,2.37641024410051,2.59220929878604,0.312076123370419,1.98054009698002,3.20387850059206
"WUE_ET_minus_WUE_T","Saline",0.6249454951425,"7","US-A03",0.396750846549461,"WUE_ET_minus_WUE_T__Saline","WUE_ET - WUE_T","Saline wetland",-0.86760226839828,0.368391074806734,-1.58964877501948,-0.145555761777082,-1.1167070762242,0.364232491060416,-1.83060275870261,-0.402811393745781
"WUE_ET_minus_WUE_E","Saline",0.6249454951425,"7","US-A03",0.396750846549461,"WUE_ET_minus_WUE_E__Saline","WUE_ET - WUE_E","Saline wetland",-2.91460828391028,0.363731214092721,-3.62752146353201,-2.20169510428854,-3.82076156735035,0.364232491060416,-4.53465724982877,-3.10686588487194
"WUE_E_minus_WUE_T","Saline",0.6249454951425,"7","US-A03",0.396750846549461,"WUE_E_minus_WUE_T__Saline","WUE_E - WUE_T","Saline wetland",2.18561308381499,0.350672890733859,1.49829421797663,2.87293194965336,2.68708288280591,0.364232491060417,1.97318720032749,3.40097856528433
"WUE_ET_minus_WUE_T","Upland",0.630824952128223,"7","US-A03",0.430267939506604,"WUE_ET_minus_WUE_T__Upland","WUE_ET - WUE_T","Upland",-1.39102393201388,0.278420095099317,-1.93672731840854,-0.845320545619217,-1.78354660472143,0.267779804871733,-2.30839502227003,-1.25869818717284
"WUE_ET_minus_WUE_E","Upland",0.630824952128223,"7","US-A03",0.430267939506604,"WUE_ET_minus_WUE_E__Upland","WUE_ET - WUE_E","Upland",-4.62507573370858,0.278416998294413,-5.17077305036563,-4.07937841705153,-5.32286939100225,0.267779804871732,-5.84771780855084,-4.79802097345365
"WUE_E_minus_WUE_T","Upland",0.630824952128223,"7","US-A03",0.430267939506604,"WUE_E_minus_WUE_T__Upland","WUE_E - WUE_T","Upland",3.29014612807233,0.279520564802693,2.74228582105905,3.83800643508561,3.67483871223094,0.267779804871734,3.14999029468234,4.19968712977954
"WUE_ET_minus_WUE_T","Freshwater",0.630824952128223,"7","US-A03",0.430267939506604,"WUE_ET_minus_WUE_T__Freshwater","WUE_ET - WUE_T","Freshwater wetland",-1.29615359180144,0.302206965314103,-1.88847924381708,-0.703827939785795,-1.32059187652835,0.312729650179335,-1.93354199087984,-0.707641762176849
"WUE_ET_minus_WUE_E","Freshwater",0.630824952128223,"7","US-A03",0.430267939506604,"WUE_ET_minus_WUE_E__Freshwater","WUE_ET - WUE_E","Freshwater wetland",-3.51032477245072,0.317732349001851,-4.13308017649435,-2.8875693684071,-4.51901445632062,0.312729650179335,-5.13196457067212,-3.90606434196913
"WUE_E_minus_WUE_T","Freshwater",0.630824952128223,"7","US-A03",0.430267939506604,"WUE_E_minus_WUE_T__Freshwater","WUE_E - WUE_T","Freshwater wetland",1.89311253210465,0.317221277597075,1.27135882801439,2.51486623619492,2.70963895572698,0.312729650179336,2.09668884137548,3.32258907007848
"WUE_ET_minus_WUE_T","Saline",0.630824952128223,"7","US-A03",0.430267939506604,"WUE_ET_minus_WUE_T__Saline","WUE_ET - WUE_T","Saline wetland",-0.838834869731149,0.368404994342396,-1.56090865864225,-0.116761080820053,-1.06783493446364,0.365952139250327,-1.78510112739428,-0.350568741532995
"WUE_ET_minus_WUE_E","Saline",0.630824952128223,"7","US-A03",0.430267939506604,"WUE_ET_minus_WUE_E__Saline","WUE_ET - WUE_E","Saline wetland",-2.97858124206255,0.364059480003521,-3.69213782286945,-2.26502466125565,-3.89853414734554,0.365952139250326,-4.61580034027618,-3.1812679544149
"WUE_E_minus_WUE_T","Saline",0.630824952128223,"7","US-A03",0.430267939506604,"WUE_E_minus_WUE_T__Saline","WUE_E - WUE_T","Saline wetland",2.28186061522224,0.352458773337226,1.59104141948128,2.9726798109632,2.81302916297372,0.365952139250327,2.09576297004308,3.53029535590437
"WUE_ET_minus_WUE_T","Upland",0.636704409113945,"7","US-A03",0.463785032463747,"WUE_ET_minus_WUE_T__Upland","WUE_ET - WUE_T","Upland",-1.34715606455241,0.277654689443622,-1.89135925586191,-0.802952873242911,-1.71502595614072,0.268293288744725,-2.24088080208038,-1.18917111020105
"WUE_ET_minus_WUE_E","Upland",0.636704409113945,"7","US-A03",0.463785032463747,"WUE_ET_minus_WUE_E__Upland","WUE_ET - WUE_E","Upland",-4.72916480332285,0.277652352283554,-5.27336341379861,-4.18496619284708,-5.38099346417728,0.268293288744724,-5.90684831011694,-4.85513861823762
"WUE_E_minus_WUE_T","Upland",0.636704409113945,"7","US-A03",0.463785032463747,"WUE_E_minus_WUE_T__Upland","WUE_E - WUE_T","Upland",3.44433034909869,0.278611538060436,2.89825173450024,3.99040896369714,3.82043349921891,0.268293288744726,3.29457865327925,4.34628834515857
"WUE_ET_minus_WUE_T","Freshwater",0.636704409113945,"7","US-A03",0.463785032463747,"WUE_ET_minus_WUE_T__Freshwater","WUE_ET - WUE_T","Freshwater wetland",-1.26794194011284,0.302772026118065,-1.86137511130424,-0.674508768921429,-1.28023635799466,0.313431447873525,-1.89456199582677,-0.665910720162548
"WUE_ET_minus_WUE_E","Freshwater",0.636704409113945,"7","US-A03",0.463785032463747,"WUE_ET_minus_WUE_E__Freshwater","WUE_ET - WUE_E","Freshwater wetland",-3.61222739318917,0.318069765049632,-4.23564413268645,-2.98881065369189,-4.60530365954269,0.313431447873524,-5.21962929737479,-3.99097802171058
"WUE_E_minus_WUE_T","Freshwater",0.636704409113945,"7","US-A03",0.463785032463747,"WUE_E_minus_WUE_T__Freshwater","WUE_E - WUE_T","Freshwater wetland",2.03616582160316,0.31760289289672,1.41366415152559,2.65866749168073,2.82706861266792,0.313431447873526,2.21274297483581,3.44139425050003
"WUE_ET_minus_WUE_T","Saline",0.636704409113945,"7","US-A03",0.463785032463747,"WUE_ET_minus_WUE_T__Saline","WUE_ET - WUE_T","Saline wetland",-0.810582114324115,0.368581274424913,-1.53300141219694,-0.088162816451286,-1.01896279270307,0.367742505537233,-1.73973810355605,-0.298187481850098
"WUE_ET_minus_WUE_E","Saline",0.636704409113945,"7","US-A03",0.463785032463747,"WUE_ET_minus_WUE_E__Saline","WUE_ET - WUE_E","Saline wetland",-3.04351074792427,0.364531599633194,-3.75799268320533,-2.32902881264321,-3.97630672734073,0.367742505537232,-4.69708203819371,-3.25553141648776
"WUE_E_minus_WUE_T","Saline",0.636704409113945,"7","US-A03",0.463785032463747,"WUE_E_minus_WUE_T__Saline","WUE_E - WUE_T","Saline wetland",2.37810961232913,0.354325548054832,1.68363153814166,3.0725876865166,2.93897544314154,0.367742505537233,2.21820013228856,3.65975075399452
"WUE_ET_minus_WUE_T","Upland",0.642583866099667,"7","US-A03",0.49730212542089,"WUE_ET_minus_WUE_T__Upland","WUE_ET - WUE_T","Upland",-1.30496240202591,0.277069030048081,-1.84801770092015,-0.761907103131675,-1.64650530756,0.268845852327635,-2.17344317812217,-1.11956743699784
"WUE_ET_minus_WUE_E","Upland",0.642583866099667,"7","US-A03",0.49730212542089,"WUE_ET_minus_WUE_E__Upland","WUE_ET - WUE_E","Upland",-4.83601719185578,0.277067649890374,-5.37906978564091,-4.29296459807064,-5.43911753735231,0.268845852327635,-5.96605540791448,-4.91217966679015
"WUE_E_minus_WUE_T","Upland",0.642583866099667,"7","US-A03",0.49730212542089,"WUE_E_minus_WUE_T__Upland","WUE_E - WUE_T","Upland",3.59890684596762,0.277900340602532,3.05422217838666,4.14359151354858,3.96602828620688,0.268845852327636,3.43909041564471,4.49296615676904
"WUE_ET_minus_WUE_T","Freshwater",0.642583866099667,"7","US-A03",0.49730212542089,"WUE_ET_minus_WUE_T__Freshwater","WUE_ET - WUE_T","Freshwater wetland",-1.23984688849941,0.303414952223361,-1.8345401948572,-0.645153582141626,-1.23988083946097,0.314181192979981,-1.85567597770173,-0.624085701220208
"WUE_ET_minus_WUE_E","Freshwater",0.642583866099667,"7","US-A03",0.49730212542089,"WUE_ET_minus_WUE_E__Freshwater","WUE_ET - WUE_E","Freshwater wetland",-3.71898206594061,0.318688851781271,-4.3436122154319,-3.09435191644931,-4.69159286276475,0.31418119297998,-5.30738800100551,-4.07579772452399
"WUE_E_minus_WUE_T","Freshwater",0.642583866099667,"7","US-A03",0.49730212542089,"WUE_E_minus_WUE_T__Freshwater","WUE_E - WUE_T","Freshwater wetland",2.18423296989751,0.318251531951344,1.56045996727287,2.80800597252214,2.94449826960886,0.31418119297998,2.3287031313681,3.56029340784962
"WUE_ET_minus_WUE_T","Saline",0.642583866099667,"7","US-A03",0.49730212542089,"WUE_ET_minus_WUE_T__Saline","WUE_ET - WUE_T","Saline wetland",-0.782847721053296,0.368949935571468,-1.50598959477337,-0.0597058473332188,-0.970090650942514,0.36960256224059,-1.69451167293407,-0.245669628950957
"WUE_ET_minus_WUE_E","Saline",0.642583866099667,"7","US-A03",0.49730212542089,"WUE_ET_minus_WUE_E__Saline","WUE_ET - WUE_E","Saline wetland",-3.10934885814732,0.365171302322519,-3.82508461069946,-2.39361310559519,-4.05407930733592,0.36960256224059,-4.77850032932747,-3.32965828534436
"WUE_E_minus_WUE_T","Saline",0.642583866099667,"7","US-A03",0.49730212542089,"WUE_E_minus_WUE_T__Saline","WUE_E - WUE_T","Saline wetland",2.47436021455949,0.356272620736933,1.7760658779151,3.17265455120388,3.06492172330935,0.36960256224059,2.34050070131779,3.78934274530091
"WUE_ET_minus_WUE_T","Upland",0.64846332308539,"7","US-A03",0.530819218378033,"WUE_ET_minus_WUE_T__Upland","WUE_ET - WUE_T","Upland",-1.26445007846224,0.276711351570319,-1.80680432754006,-0.722095829384413,-1.57798465897928,0.269437255185841,-2.10608167914353,-1.04988763881504
"WUE_ET_minus_WUE_E","Upland",0.64846332308539,"7","US-A03",0.530819218378033,"WUE_ET_minus_WUE_E__Upland","WUE_ET - WUE_E","Upland",-4.9460177782547,0.276711110561793,-5.48837155495581,-4.40366400155358,-5.49724161052735,0.26943725518584,-6.02533863069159,-4.9691445903631
"WUE_E_minus_WUE_T","Upland",0.64846332308539,"7","US-A03",0.530819218378033,"WUE_E_minus_WUE_T__Upland","WUE_E - WUE_T","Upland",3.75422840300463,0.27744570806081,3.21043481520544,4.29802199080382,4.11162307319485,0.269437255185841,3.5835260530306,4.6397200933591
"WUE_ET_minus_WUE_T","Freshwater",0.64846332308539,"7","US-A03",0.530819218378033,"WUE_ET_minus_WUE_T__Freshwater","WUE_ET - WUE_T","Freshwater wetland",-1.21186822771637,0.304139979638077,-1.807982587807,-0.615753867625744,-1.19952532092728,0.314978543110444,-1.81688326542375,-0.582167376430813
"WUE_ET_minus_WUE_E","Freshwater",0.64846332308539,"7","US-A03",0.530819218378033,"WUE_ET_minus_WUE_E__Freshwater","WUE_ET - WUE_E","Freshwater wetland",-3.83078813164849,0.31963228707858,-4.45726741432251,-3.20430884897447,-4.77788206598681,0.314978543110443,-5.39524001048328,-4.16052412149034
"WUE_E_minus_WUE_T","Freshwater",0.64846332308539,"7","US-A03",0.530819218378033,"WUE_E_minus_WUE_T__Freshwater","WUE_E - WUE_T","Freshwater wetland",2.33738849090427,0.319205180739912,1.71174633665404,2.9630306451545,3.0619279265498,0.314978543110444,2.44456998205333,3.67928587104627
"WUE_ET_minus_WUE_T","Saline",0.64846332308539,"7","US-A03",0.530819218378033,"WUE_ET_minus_WUE_T__Saline","WUE_ET - WUE_T","Saline wetland",-0.755633556068242,0.369538743818446,-1.4799294939524,-0.031337618184087,-0.921218509181953,0.371531262654858,-1.64941978398548,-0.19301723437843
"WUE_ET_minus_WUE_E","Saline",0.64846332308539,"7","US-A03",0.530819218378033,"WUE_ET_minus_WUE_E__Saline","WUE_ET - WUE_E","Saline wetland",-3.1760435440544,0.366001802612743,-3.89340707717538,-2.45868001093342,-4.13185188733111,0.371531262654858,-4.86005316213463,-3.40365061252759
"WUE_E_minus_WUE_T","Saline",0.64846332308539,"7","US-A03",0.530819218378033,"WUE_E_minus_WUE_T__Saline","WUE_E - WUE_T","Saline wetland",2.57061253487661,0.358299357851503,1.86834579348766,3.27287927626556,3.19086800347717,0.371531262654858,2.46266672867364,3.91906927828069
"WUE_ET_minus_WUE_T","Upland",0.654342780071112,"7","US-A03",0.564336311335176,"WUE_ET_minus_WUE_T__Upland","WUE_ET - WUE_T","Upland",-1.2256015114023,0.276618246560045,-1.76777327465999,-0.683429748144611,-1.50946401039857,0.270067242164581,-2.03879580504115,-0.980132215755988
"WUE_ET_minus_WUE_E","Upland",0.654342780071112,"7","US-A03",0.564336311335176,"WUE_ET_minus_WUE_E__Upland","WUE_ET - WUE_E","Upland",-5.05955923739332,0.276619297258632,-5.60173306002024,-4.5173854147664,-5.55536568370238,0.27006724216458,-6.08469747834496,-5.0260338890598
"WUE_E_minus_WUE_T","Upland",0.654342780071112,"7","US-A03",0.564336311335176,"WUE_E_minus_WUE_T__Upland","WUE_E - WUE_T","Upland",3.91068799516091,0.277292896263223,3.36719391848499,4.45418207183683,4.25721786018282,0.270067242164581,3.72788606554024,4.7865496548254
"WUE_ET_minus_WUE_T","Freshwater",0.654342780071112,"7","US-A03",0.564336311335176,"WUE_ET_minus_WUE_T__Freshwater","WUE_ET - WUE_T","Freshwater wetland",-1.18400617763316,0.304951152187041,-1.78171043591976,-0.586301919346554,-1.15916980239359,0.315823137703772,-1.77818315229299,-0.540156452494202
"WUE_ET_minus_WUE_E","Freshwater",0.654342780071112,"7","US-A03",0.564336311335176,"WUE_ET_minus_WUE_E__Freshwater","WUE_ET - WUE_E","Freshwater wetland",-3.94782221666459,0.320927887811689,-4.5768408767755,-3.31880355655368,-4.86417126920887,0.315823137703771,-5.48318461910826,-4.24515791930948
"WUE_E_minus_WUE_T","Freshwater",0.654342780071112,"7","US-A03",0.564336311335176,"WUE_E_minus_WUE_T__Freshwater","WUE_E - WUE_T","Freshwater wetland",2.49567839489196,0.320488082156669,1.86752175386489,3.12383503591903,3.17935758349075,0.315823137703772,2.56034423359135,3.79837093339014
"WUE_ET_minus_WUE_T","Saline",0.654342780071112,"7","US-A03",0.564336311335176,"WUE_ET_minus_WUE_T__Saline","WUE_ET - WUE_T","Saline wetland",-0.728939107234056,0.370372568274143,-1.45486934105138,-0.00300887341673528,-0.872346367421391,0.37352754346114,-1.60446035260523,-0.140232382237557
"WUE_ET_minus_WUE_E","Saline",0.654342780071112,"7","US-A03",0.564336311335176,"WUE_ET_minus_WUE_E__Saline","WUE_ET - WUE_E","Saline wetland",-3.24353855693477,0.367045377076044,-3.96294749600382,-2.52412961786572,-4.2096244673263,0.373527543461139,-4.94173845251013,-3.47751048214246
"WUE_E_minus_WUE_T","Saline",0.654342780071112,"7","US-A03",0.564336311335176,"WUE_E_minus_WUE_T__Saline","WUE_E - WUE_T","Saline wetland",2.66686665504591,0.360405084186622,1.96047269004014,3.37326062005169,3.31681428364498,0.37352754346114,2.58470029846115,4.04892826882882
"WUE_ET_minus_WUE_T","Upland",0.660222237056834,"7","US-A03",0.597853404292319,"WUE_ET_minus_WUE_T__Upland","WUE_ET - WUE_T","Upland",-1.18837820627864,0.276810484223289,-1.73092675535629,-0.645829657200997,-1.44094336181785,0.2707355439145,-1.97158502789027,-0.910301695745431
"WUE_ET_minus_WUE_E","Upland",0.660222237056834,"7","US-A03",0.597853404292319,"WUE_ET_minus_WUE_E__Upland","WUE_ET - WUE_E","Upland",-5.17703435855467,0.276812935921148,-5.71958771296012,-4.63448100414922,-5.61348975687741,0.270735543914499,-6.14413142294983,-5.082848090805
"WUE_E_minus_WUE_T","Upland",0.660222237056834,"7","US-A03",0.597853404292319,"WUE_E_minus_WUE_T__Upland","WUE_E - WUE_T","Upland",4.0687064666113,0.277468584140292,3.52486804169633,4.61254489152628,4.40281264717079,0.2707355439145,3.87217098109837,4.93345431324321
"WUE_ET_minus_WUE_T","Freshwater",0.660222237056834,"7","US-A03",0.597853404292319,"WUE_ET_minus_WUE_T__Freshwater","WUE_ET - WUE_T","Freshwater wetland",-1.15626126127672,0.305852227283358,-1.7557316267521,-0.55679089580134,-1.11881428385991,0.316714598794494,-1.73957489749712,-0.498053670222697
"WUE_ET_minus_WUE_E","Freshwater",0.660222237056834,"7","US-A03",0.597853404292319,"WUE_ET_minus_WUE_E__Freshwater","WUE_ET - WUE_E","Freshwater wetland",-4.07023792873182,0.322584965183782,-4.70250446049204,-3.43797139697161,-4.95046047243093,0.316714598794494,-5.57122108606814,-4.32969985879373
"WUE_E_minus_WUE_T","Freshwater",0.660222237056834,"7","US-A03",0.597853404292319,"WUE_E_minus_WUE_T__Freshwater","WUE_E - WUE_T","Freshwater wetland",2.65912258554826,0.322107492547625,2.02779190015491,3.2904532709416,3.29678724043169,0.316714598794494,2.67602662679448,3.9175478540689
"WUE_ET_minus_WUE_T","Saline",0.660222237056834,"7","US-A03",0.597853404292319,"WUE_ET_minus_WUE_T__Saline","WUE_ET - WUE_T","Saline wetland",-0.702761658681062,0.371472607434042,-1.43084796925179,0.0253246518896608,-0.82347422566083,0.375590327081796,-1.55963126674115,-0.0873171845805097
"WUE_ET_minus_WUE_E","Saline",0.660222237056834,"7","US-A03",0.597853404292319,"WUE_ET_minus_WUE_E__Saline","WUE_ET - WUE_E","Saline wetland",-3.31177453789876,0.368322770774436,-4.03368716861666,-2.58986190718087,-4.28739704732149,0.375590327081796,-5.02355408840181,-3.55124000624117
"WUE_E_minus_WUE_T","Saline",0.660222237056834,"7","US-A03",0.597853404292319,"WUE_E_minus_WUE_T__Saline","WUE_E - WUE_T","Saline wetland",2.76312262974295,0.362589078274153,2.05244803632561,3.47379722316029,3.4427605638128,0.375590327081797,2.70660352273247,4.17891760489312
"WUE_ET_minus_WUE_T","Upland",0.666101694042557,"7","US-A03",0.631370497249462,"WUE_ET_minus_WUE_T__Upland","WUE_ET - WUE_T","Upland",-1.15272446431564,0.277290409018407,-1.69621366599172,-0.609235262639561,-1.37242271323713,0.271441877437828,-1.90444879301528,-0.84039663345899
"WUE_ET_minus_WUE_E","Upland",0.666101694042557,"7","US-A03",0.631370497249462,"WUE_ET_minus_WUE_E__Upland","WUE_ET - WUE_E","Upland",-5.29882793541523,0.27729431621615,-5.84232479519888,-4.75533107563158,-5.67161383005245,0.271441877437827,-6.20363990983059,-5.13958775027431
"WUE_E_minus_WUE_T","Upland",0.666101694042557,"7","US-A03",0.631370497249462,"WUE_E_minus_WUE_T__Upland","WUE_E - WUE_T","Upland",4.22871994965403,0.277977623962432,3.68388380668766,4.7735560926204,4.54840743415876,0.271441877437828,4.01638135438062,5.0804335139369
"WUE_ET_minus_WUE_T","Freshwater",0.666101694042557,"7","US-A03",0.631370497249462,"WUE_ET_minus_WUE_T__Freshwater","WUE_ET - WUE_T","Freshwater wetland",-1.12863417497396,0.306846625022044,-1.73005356001717,-0.527214789930758,-1.07845876532622,0.317652531803989,-1.70105772766204,-0.4558598029904
"WUE_ET_minus_WUE_E","Freshwater",0.666101694042557,"7","US-A03",0.631370497249462,"WUE_ET_minus_WUE_E__Freshwater","WUE_ET - WUE_E","Freshwater wetland",-4.19816509562579,0.324592515434142,-4.83436642587671,-3.56196376537488,-5.036749675653,0.317652531803988,-5.65934863798881,-4.41415071331718
"WUE_E_minus_WUE_T","Freshwater",0.666101694042557,"7","US-A03",0.631370497249462,"WUE_E_minus_WUE_T__Freshwater","WUE_E - WUE_T","Freshwater wetland",2.82771686734097,0.324052122406147,2.19257470742492,3.46285902725701,3.41421689737263,0.317652531803989,2.79161793503681,4.03681585970845
"WUE_ET_minus_WUE_T","Saline",0.666101694042557,"7","US-A03",0.631370497249462,"WUE_ET_minus_WUE_T__Saline","WUE_ET - WUE_T","Saline wetland",-0.677096456525449,0.372856285550862,-1.40789477620514,0.0537018631542392,-0.774602083900269,0.377718523969641,-1.51493039088076,-0.0342737769197733
"WUE_ET_minus_WUE_E","Saline",0.666101694042557,"7","US-A03",0.631370497249462,"WUE_ET_minus_WUE_E__Saline","WUE_ET - WUE_E","Saline wetland",-3.38069012135604,0.369852914627734,-4.1056018340264,-2.65577840868568,-4.36516962731668,0.37771852396964,-5.10549793429717,-3.62484132033618
"WUE_E_minus_WUE_T","Saline",0.666101694042557,"7","US-A03",0.631370497249462,"WUE_E_minus_WUE_T__Saline","WUE_E - WUE_T","Saline wetland",2.85938049020028,0.364850570623424,2.14427337177837,3.57448760862219,3.56870684398061,0.377718523969641,2.82837853700012,4.30903515096111
"WUE_ET_minus_WUE_T","Upland",0.671981151028279,"7","US-A03",0.664887590206605,"WUE_ET_minus_WUE_T__Upland","WUE_ET - WUE_T","Upland",-1.11856826268249,0.278041500873847,-1.66352960439523,-0.573606920969751,-1.30390206465642,0.272185946652763,-1.83738652009583,-0.770417609217001
"WUE_ET_minus_WUE_E","Upland",0.671981151028279,"7","US-A03",0.664887590206605,"WUE_ET_minus_WUE_E__Upland","WUE_ET - WUE_E","Upland",-5.42530826305171,0.278046854842121,-5.97028009854226,-4.88033642756115,-5.72973790322748,0.272185946652763,-6.2632223586669,-5.19625344778807
"WUE_E_minus_WUE_T","Upland",0.671981151028279,"7","US-A03",0.664887590206605,"WUE_E_minus_WUE_T__Upland","WUE_E - WUE_T","Upland",4.39117068138443,0.27880231803872,3.84471813802854,4.93762322474032,4.69400222114673,0.272185946652764,4.16051776570731,5.22748667658615
"WUE_ET_minus_WUE_T","Freshwater",0.671981151028279,"7","US-A03",0.664887590206605,"WUE_ET_minus_WUE_T__Freshwater","WUE_ET - WUE_T","Freshwater wetland",-1.10112569468442,0.307937447265575,-1.70468309132495,-0.497568298043897,-1.03810324679253,0.318636526350691,-1.66263083843988,-0.413575655145175
"WUE_ET_minus_WUE_E","Freshwater",0.671981151028279,"7","US-A03",0.664887590206605,"WUE_ET_minus_WUE_E__Freshwater","WUE_ET - WUE_E","Freshwater wetland",-4.33170556482183,0.326919655554622,-4.97246808970889,-3.69094303993477,-5.12303887887506,0.318636526350691,-5.74756647052241,-4.49851128722771
"WUE_E_minus_WUE_T","Freshwater",0.671981151028279,"7","US-A03",0.664887590206605,"WUE_E_minus_WUE_T__Freshwater","WUE_E - WUE_T","Freshwater wetland",3.00143117754393,0.326292638179889,2.36189760671135,3.64096474837652,3.53164655431357,0.318636526350692,2.90711896266622,4.15617414596093
"WUE_ET_minus_WUE_T","Saline",0.671981151028279,"7","US-A03",0.664887590206605,"WUE_ET_minus_WUE_T__Saline","WUE_ET - WUE_T","Saline wetland",-0.651936577401096,0.374538026711319,-1.38603110975528,0.0821579549530899,-0.725729942139708,0.379911034824331,-1.4703555703954,0.0188956861159806
"WUE_ET_minus_WUE_E","Saline",0.671981151028279,"7","US-A03",0.664887590206605,"WUE_ET_minus_WUE_E__Saline","WUE_ET - WUE_E","Saline wetland",-3.45022262807951,0.371653085612007,-4.17866267587904,-2.72178258027998,-4.44294220731187,0.37991103482433,-5.18756783556755,-3.69831657905618
"WUE_E_minus_WUE_T","Saline",0.671981151028279,"7","US-A03",0.664887590206605,"WUE_E_minus_WUE_T__Saline","WUE_E - WUE_T","Saline wetland",2.95564024388742,0.367188746079397,2.2359503015718,3.67533018620304,3.69465312414843,0.379911034824331,2.95002749589274,4.43927875240411
"WUE_ET_minus_WUE_T","Upland",0.677860608014001,"7","US-A03",0.698404683163748,"WUE_ET_minus_WUE_T__Upland","WUE_ET - WUE_T","Upland",-1.08582475800244,0.279029295950261,-1.63272217806495,-0.538927337939932,-1.2353814160757,0.272967442973597,-1.77039760430395,-0.700365227847449
"WUE_ET_minus_WUE_E","Upland",0.677860608014001,"7","US-A03",0.698404683163748,"WUE_ET_minus_WUE_E__Upland","WUE_ET - WUE_E","Upland",-5.55682292402263,0.279036020421731,-6.10373352404922,-5.00991232399604,-5.78786197640252,0.272967442973597,-6.32287816463077,-5.25284578817427
"WUE_E_minus_WUE_T","Upland",0.677860608014001,"7","US-A03",0.698404683163748,"WUE_E_minus_WUE_T__Upland","WUE_E - WUE_T","Upland",4.55649839064185,0.27990339026637,4.00788774571976,5.10510903556393,4.8395970081347,0.272967442973598,4.30458081990645,5.37461319636295
"WUE_ET_minus_WUE_T","Freshwater",0.677860608014001,"7","US-A03",0.698404683163748,"WUE_ET_minus_WUE_T__Freshwater","WUE_ET - WUE_T","Freshwater wetland",-1.07373658474368,0.309127495745714,-1.67962647640528,-0.467846693082083,-0.997747728258842,0.3196661570758,-1.62429339612741,-0.371202060390274
"WUE_ET_minus_WUE_E","Freshwater",0.677860608014001,"7","US-A03",0.698404683163748,"WUE_ET_minus_WUE_E__Freshwater","WUE_ET - WUE_E","Freshwater wetland",-4.47093445524638,0.329517387637849,-5.11678853501656,-3.82508037547619,-5.20932808209712,0.319666157075799,-5.83587374996569,-4.58278241422856
"WUE_E_minus_WUE_T","Freshwater",0.677860608014001,"7","US-A03",0.698404683163748,"WUE_E_minus_WUE_T__Freshwater","WUE_E - WUE_T","Freshwater wetland",3.18021247186982,0.328783344621118,2.53579711641243,3.82462782732721,3.64907621125451,0.3196661570758,3.02253054338595,4.27562187912308
"WUE_ET_minus_WUE_T","Saline",0.677860608014001,"7","US-A03",0.698404683163748,"WUE_ET_minus_WUE_T__Saline","WUE_ET - WUE_T","Saline wetland",-0.627273195318281,0.376530328486148,-1.36527263915113,0.110726248514569,-0.676857800379146,0.382166752729591,-1.42590463572914,0.0721890349708518
"WUE_ET_minus_WUE_E","Saline",0.677860608014001,"7","US-A03",0.698404683163748,"WUE_ET_minus_WUE_E__Saline","WUE_ET - WUE_E","Saline wetland",-3.52030885277157,0.373739179864225,-4.25283764530545,-2.78778006023768,-4.52071478730706,0.38216675272959,-5.26976162265705,-3.77166795195706
"WUE_E_minus_WUE_T","Saline",0.677860608014001,"7","US-A03",0.698404683163748,"WUE_E_minus_WUE_T__Saline","WUE_E - WUE_T","Saline wetland",3.05190187816443,0.369602746926964,2.32748049418758,3.77632326214128,3.82059940431624,0.382166752729591,3.07155256896624,4.56964623966624
"WUE_ET_minus_WUE_T","Upland",0.683740064999724,"7","US-A03",0.731921776120891,"WUE_ET_minus_WUE_T__Upland","WUE_ET - WUE_T","Upland",-1.05440237620779,0.280203380014929,-1.60360100103706,-0.505203751378532,-1.16686076749498,0.273786045904137,-1.70348141746709,-0.630240117522875
"WUE_ET_minus_WUE_E","Upland",0.683740064999724,"7","US-A03",0.731921776120891,"WUE_ET_minus_WUE_E__Upland","WUE_ET - WUE_E","Upland",-5.6937003825989,0.280211331531108,-6.24291459239988,-5.14448617279793,-5.84598604957755,0.273786045904137,-6.38260669954966,-5.30936539960544
"WUE_E_minus_WUE_T","Upland",0.683740064999724,"7","US-A03",0.731921776120891,"WUE_E_minus_WUE_T__Upland","WUE_E - WUE_T","Upland",4.72513373271875,0.281222331969745,4.17393796205805,5.27632950337945,4.98519179512267,0.273786045904137,4.44857114515056,5.52181244509478
"WUE_ET_minus_WUE_T","Freshwater",0.683740064999724,"7","US-A03",0.731921776120891,"WUE_ET_minus_WUE_T__Freshwater","WUE_ET - WUE_T","Freshwater wetland",-1.04646752439402,0.310419278888917,-1.65488931101629,-0.43804573777174,-0.957392209725154,0.32074098448095,-1.58604453930782,-0.328739880142492
"WUE_ET_minus_WUE_E","Freshwater",0.683740064999724,"7","US-A03",0.731921776120891,"WUE_ET_minus_WUE_E__Freshwater","WUE_ET - WUE_E","Freshwater wetland",-4.61590776529656,0.332321294537583,-5.26725750259023,-3.9645580280029,-5.29561728531918,0.32074098448095,-5.92426961490184,-4.66696495573652
"WUE_E_minus_WUE_T","Freshwater",0.683740064999724,"7","US-A03",0.731921776120891,"WUE_E_minus_WUE_T__Freshwater","WUE_E - WUE_T","Freshwater wetland",3.36399275910156,0.331464677409077,2.71432199137977,4.01366352682335,3.76650586819545,0.320740984480949,3.13785353861279,4.39515819777811
"WUE_ET_minus_WUE_T","Saline",0.683740064999724,"7","US-A03",0.731921776120891,"WUE_ET_minus_WUE_T__Saline","WUE_ET - WUE_T","Saline wetland",-0.603096280520848,0.378845005313622,-1.34563249093555,0.139439929893851,-0.627985658618586,0.384484565205891,-1.38157540642213,0.12560408918496
"WUE_ET_minus_WUE_E","Saline",0.683740064999724,"7","US-A03",0.731921776120891,"WUE_ET_minus_WUE_E__Saline","WUE_ET - WUE_E","Saline wetland",-3.59088584545569,0.376126053064563,-4.32809290946224,-2.85367878144915,-4.59848736730224,0.38448456520589,-5.35207711510579,-3.8448976194987
"WUE_E_minus_WUE_T","Saline",0.683740064999724,"7","US-A03",0.731921776120891,"WUE_E_minus_WUE_T__Saline","WUE_E - WUE_T","Saline wetland",3.14816536817882,0.3720916764371,2.41886568236211,3.87746505399554,3.94654568448405,0.384484565205891,3.19295593668051,4.7001354322876
"WUE_ET_minus_WUE_T","Upland",0.689619521985446,"7","US-A03",0.765438869078034,"WUE_ET_minus_WUE_T__Upland","WUE_ET - WUE_T","Upland",-1.02420251837967,0.281502319856462,-1.57594706529834,-0.472457971461005,-1.09834011891427,0.274641423641984,-1.63663730925256,-0.560042928575978
"WUE_ET_minus_WUE_E","Upland",0.689619521985446,"7","US-A03",0.765438869078034,"WUE_ET_minus_WUE_E__Upland","WUE_ET - WUE_E","Upland",-5.83623521714836,0.281511292881972,-6.38799735119703,-5.2844730830997,-5.90411012275258,0.274641423641984,-6.44240731309087,-5.3658129324143
"WUE_E_minus_WUE_T","Upland",0.689619521985446,"7","US-A03",0.765438869078034,"WUE_E_minus_WUE_T__Upland","WUE_E - WUE_T","Upland",4.89748478986231,0.28268705464319,4.34341816276166,5.45155141696296,5.13078658211064,0.274641423641984,4.59248939177235,5.66908377244893
"WUE_ET_minus_WUE_T","Freshwater",0.689619521985446,"7","US-A03",0.765438869078034,"WUE_ET_minus_WUE_T__Freshwater","WUE_ET - WUE_T","Freshwater wetland",-1.01931897074245,0.311815178274512,-1.63047672016049,-0.408161221324407,-0.917036691191466,0.321860555774442,-1.54788338050937,-0.286190001873561
"WUE_ET_minus_WUE_E","Freshwater",0.689619521985446,"7","US-A03",0.765438869078034,"WUE_ET_minus_WUE_E__Freshwater","WUE_ET - WUE_E","Freshwater wetland",-4.76665291683077,0.335257292862875,-5.42375721084201,-4.10954862281953,-5.38190648854125,0.321860555774441,-6.01275317785915,-4.75105979922334
"WUE_E_minus_WUE_T","Freshwater",0.689619521985446,"7","US-A03",0.765438869078034,"WUE_E_minus_WUE_T__Freshwater","WUE_E - WUE_T","Freshwater wetland",3.5526835486152,0.334268573698464,2.89751714416621,4.20784995306419,3.88393552513639,0.321860555774441,3.25308883581849,4.5147822144543
"WUE_ET_minus_WUE_T","Saline",0.689619521985446,"7","US-A03",0.765438869078034,"WUE_ET_minus_WUE_T__Saline","WUE_ET - WUE_T","Saline wetland",-0.579394205818523,0.381495777377837,-1.32712592947908,0.168337517842038,-0.579113516858024,0.386863356174169,-1.3373656949594,0.179138661243347
"WUE_ET_minus_WUE_E","Saline",0.689619521985446,"7","US-A03",0.765438869078034,"WUE_ET_minus_WUE_E__Saline","WUE_ET - WUE_E","Saline wetland",-3.66189181845094,0.378828606388422,-4.40439588697225,-2.91938774992964,-4.67625994729743,0.386863356174168,-5.4345121253988,-3.91800776919606
"WUE_E_minus_WUE_T","Saline",0.689619521985446,"7","US-A03",0.765438869078034,"WUE_E_minus_WUE_T__Saline","WUE_E - WUE_T","Saline wetland",3.24443067344803,0.374654609322829,2.51010763917528,3.97875370772077,4.07249196465187,0.386863356174169,3.3142397865505,4.83074414275324
"WUE_ET_minus_WUE_T","Upland",0.695498978971168,"7","US-A03",0.798955962035177,"WUE_ET_minus_WUE_T__Upland","WUE_ET - WUE_T","Upland",-0.995120885648801,0.282859719711349,-1.54952593628304,-0.440715835014557,-1.02981947033355,0.275533233691263,-1.56986460836843,-0.489774332298674
"WUE_ET_minus_WUE_E","Upland",0.695498978971168,"7","US-A03",0.798955962035177,"WUE_ET_minus_WUE_E__Upland","WUE_ET - WUE_E","Upland",-5.98467589173437,0.282869456301076,-6.53910002608448,-5.43025175738426,-5.96223419592762,0.275533233691263,-6.50227933396249,-5.42218905789274
"WUE_E_minus_WUE_T","Upland",0.695498978971168,"7","US-A03",0.798955962035177,"WUE_E_minus_WUE_T__Upland","WUE_E - WUE_T","Upland",5.07392382138584,0.284218881257228,4.51685481412168,5.63099282865001,5.27638136909861,0.275533233691264,4.73633623106373,5.81642650713349
"WUE_ET_minus_WUE_T","Freshwater",0.695498978971168,"7","US-A03",0.798955962035177,"WUE_ET_minus_WUE_T__Freshwater","WUE_ET - WUE_T","Freshwater wetland",-0.992291023033876,0.313317622108267,-1.60639356236608,-0.378188483701673,-0.876681172657778,0.323024405722664,-1.5098090078742,-0.243553337441357
"WUE_ET_minus_WUE_E","Freshwater",0.695498978971168,"7","US-A03",0.798955962035177,"WUE_ET_minus_WUE_E__Freshwater","WUE_ET - WUE_E","Freshwater wetland",-4.92316261172422,0.338248271851566,-5.58612922455329,-4.26019599889515,-5.46819569176331,0.323024405722663,-6.10132352697973,-4.83506785654689
"WUE_E_minus_WUE_T","Freshwater",0.695498978971168,"7","US-A03",0.798955962035177,"WUE_E_minus_WUE_T__Freshwater","WUE_E - WUE_T","Freshwater wetland",3.74617315309977,0.337124648717837,3.0854088416128,4.40693746458673,4.00136518207734,0.323024405722664,3.36823734686091,4.63449301729376
"WUE_ET_minus_WUE_T","Saline",0.695498978971168,"7","US-A03",0.798955962035177,"WUE_ET_minus_WUE_T__Saline","WUE_ET - WUE_T","Saline wetland",-0.556153597213998,0.384500953219349,-1.30977546552392,0.197468271095925,-0.530241375097463,0.389302007827108,-1.29327331043859,0.232790560243668
"WUE_ET_minus_WUE_E","Saline",0.695498978971168,"7","US-A03",0.798955962035177,"WUE_ET_minus_WUE_E__Saline","WUE_ET - WUE_E","Saline wetland",-3.73326712561662,0.381862929272312,-4.48171846699036,-2.98481578424289,-4.75403252729262,0.389302007827107,-5.51706446263375,-3.99100059195149
"WUE_E_minus_WUE_T","Saline",0.695498978971168,"7","US-A03",0.798955962035177,"WUE_E_minus_WUE_T__Saline","WUE_E - WUE_T","Saline wetland",3.3406977368804,0.37729060283481,2.60120815532417,4.08018731843663,4.19843824481968,0.389302007827108,3.43540630947855,4.96147018016082
"WUE_ET_minus_WUE_T","Upland",0.701378435956891,"7","US-A03",0.83247305499232,"WUE_ET_minus_WUE_T__Upland","WUE_ET - WUE_T","Upland",-0.967050234202145,0.284209801183368,-1.52410144452155,-0.409999023882743,-0.961298821752834,0.276461123481455,-1.50316262377649,-0.419435019729182
"WUE_ET_minus_WUE_E","Upland",0.701378435956891,"7","US-A03",0.83247305499232,"WUE_ET_minus_WUE_E__Upland","WUE_ET - WUE_E","Upland",-6.13922509967256,0.284220004119601,-6.69629630774698,-5.58215389159815,-6.02035826910265,0.276461123481455,-6.5622220711263,-5.478494467079
"WUE_E_minus_WUE_T","Upland",0.701378435956891,"7","US-A03",0.83247305499232,"WUE_E_minus_WUE_T__Upland","WUE_E - WUE_T","Upland",5.25478394487212,0.285739051485874,4.69473540395981,5.81483248578443,5.42197615608658,0.276461123481455,4.88011235406293,5.96383995811023
"WUE_ET_minus_WUE_T","Freshwater",0.701378435956891,"7","US-A03",0.83247305499232,"WUE_ET_minus_WUE_T__Freshwater","WUE_ET - WUE_T","Freshwater wetland",-0.965383386878005,0.314929190535004,-1.58264460032661,-0.348122173429398,-0.83632565412409,0.324232057503499,-1.47182048683095,-0.200830821417232
"WUE_ET_minus_WUE_E","Freshwater",0.701378435956891,"7","US-A03",0.83247305499232,"WUE_ET_minus_WUE_E__Freshwater","WUE_ET - WUE_E","Freshwater wetland",-5.08539802251528,0.341219762545566,-5.75418875710459,-4.41660728792597,-5.55448489498537,0.324232057503499,-6.18997972769223,-4.91899006227851
"WUE_E_minus_WUE_T","Freshwater",0.701378435956891,"7","US-A03",0.83247305499232,"WUE_E_minus_WUE_T__Freshwater","WUE_E - WUE_T","Freshwater wetland",3.94433016860593,0.339965440259452,3.2779979056974,4.61066243151445,4.11879483901828,0.324232057503499,3.48330000631142,4.75428967172514
"WUE_ET_minus_WUE_T","Saline",0.701378435956891,"7","US-A03",0.83247305499232,"WUE_ET_minus_WUE_T__Saline","WUE_ET - WUE_T","Saline wetland",-0.533359649447096,0.387885431138852,-1.29361509447925,0.226895795585054,-0.481369233336902,0.39179940240535,-1.24929606205139,0.286557595377585
"WUE_ET_minus_WUE_E","Saline",0.701378435956891,"7","US-A03",0.83247305499232,"WUE_ET_minus_WUE_E__Saline","WUE_ET - WUE_E","Saline wetland",-3.80495464356214,0.385247115730405,-4.56003899039373,-3.04987029673055,-4.83180510728781,0.39179940240535,-5.5997319360023,-4.06387827857333
"WUE_E_minus_WUE_T","Saline",0.701378435956891,"7","US-A03",0.83247305499232,"WUE_E_minus_WUE_T__Saline","WUE_E - WUE_T","Saline wetland",3.4369664881522,0.379998705372737,2.69216902562163,4.18176395068276,4.3243845249875,0.391799402405351,3.55645769627301,5.09231135370199
"WUE_ET_minus_WUE_T","Upland",0.707257892942613,"7","US-A03",0.865990147949463,"WUE_ET_minus_WUE_T__Upland","WUE_ET - WUE_T","Upland",-0.939883141044535,0.285492155858729,-1.49944776652764,-0.380318515561427,-0.892778173172117,0.277424730990024,-1.43653064591256,-0.34902570043167
"WUE_ET_minus_WUE_E","Upland",0.707257892942613,"7","US-A03",0.865990147949463,"WUE_ET_minus_WUE_E__Upland","WUE_ET - WUE_E","Upland",-6.30004697947106,0.285502504267739,-6.85963188783583,-5.74046207110629,-6.07848234227768,0.277424730990024,-6.62223481501813,-5.53472986953724
"WUE_E_minus_WUE_T","Upland",0.707257892942613,"7","US-A03",0.865990147949463,"WUE_E_minus_WUE_T__Upland","WUE_E - WUE_T","Upland",5.44036226452788,0.287174279213854,4.87750067726873,6.00322385178704,5.56757094307455,0.277424730990025,5.0238184703341,6.111323415815
"WUE_ET_minus_WUE_T","Freshwater",0.707257892942613,"7","US-A03",0.865990147949463,"WUE_ET_minus_WUE_T__Freshwater","WUE_ET - WUE_T","Freshwater wetland",-0.938595404773325,0.316652672267639,-1.5592346424179,-0.317956167128753,-0.795970135590401,0.3254830235586,-1.43391686176526,-0.158023409415545
"WUE_ET_minus_WUE_E","Freshwater",0.707257892942613,"7","US-A03",0.865990147949463,"WUE_ET_minus_WUE_E__Freshwater","WUE_ET - WUE_E","Freshwater wetland",-5.25329626461993,0.344104448185811,-5.92774098306412,-4.57885154617574,-5.64077409820743,0.3254830235586,-6.27872082438229,-5.00282737203258
"WUE_E_minus_WUE_T","Freshwater",0.707257892942613,"7","US-A03",0.865990147949463,"WUE_E_minus_WUE_T__Freshwater","WUE_E - WUE_T","Freshwater wetland",4.14700940959064,0.3427305703678,3.47525749166975,4.81876132751153,4.23622449595922,0.3254830235586,3.59827776978436,4.87417122213408
"WUE_ET_minus_WUE_T","Saline",0.707257892942613,"7","US-A03",0.865990147949463,"WUE_ET_minus_WUE_T__Saline","WUE_ET - WUE_T","Saline wetland",-0.510996610584374,0.391682057158365,-1.27869344261477,0.25670022144602,-0.432497091576341,0.39435442387687,-1.20543176237501,0.340437579222325
"WUE_ET_minus_WUE_E","Saline",0.707257892942613,"7","US-A03",0.865990147949463,"WUE_ET_minus_WUE_E__Saline","WUE_ET - WUE_E","Saline wetland",-3.8768997190583,0.389001794360858,-4.63934323600558,-3.11445620211102,-4.909577687283,0.39435442387687,-5.68251235808167,-4.13664301648434
"WUE_E_minus_WUE_T","Saline",0.707257892942613,"7","US-A03",0.865990147949463,"WUE_E_minus_WUE_T__Saline","WUE_E - WUE_T","Saline wetland",3.5332368485489,0.38277796305583,2.78299204095948,4.28348165613833,4.45033080515531,0.39435442387687,3.67739613435665,5.22326547595398
"WUE_ET_minus_WUE_T","Upland",0.713137349928335,"7","US-A03",0.899507240906606,"WUE_ET_minus_WUE_T__Upland","WUE_ET - WUE_T","Upland",-0.913514268150144,0.286658536108036,-1.47536499892189,-0.351663537378395,-0.8242575245914,0.27842368536664,-1.36996794791001,-0.278547101272787
"WUE_ET_minus_WUE_E","Upland",0.713137349928335,"7","US-A03",0.899507240906606,"WUE_ET_minus_WUE_E__Upland","WUE_ET - WUE_E","Upland",-6.46725127060942,0.28666870410138,-7.02912193064812,-5.90538061057071,-6.13660641545272,0.278423685366639,-6.68231683877133,-5.59089599213411
"WUE_E_minus_WUE_T","Upland",0.713137349928335,"7","US-A03",0.899507240906606,"WUE_E_minus_WUE_T__Upland","WUE_E - WUE_T","Upland",5.63090197941609,0.288464516024154,5.06551152800875,6.19629243082343,5.71316573006252,0.27842368536664,5.16745530674391,6.25887615338114
"WUE_ET_minus_WUE_T","Freshwater",0.713137349928335,"7","US-A03",0.899507240906606,"WUE_ET_minus_WUE_T__Freshwater","WUE_ET - WUE_T","Freshwater wetland",-0.911925876222957,0.318491250190383,-1.53616872659611,-0.287683025849807,-0.755614617056713,0.326776806441597,-1.39609715768224,-0.115132076431183
"WUE_ET_minus_WUE_E","Freshwater",0.713137349928335,"7","US-A03",0.899507240906606,"WUE_ET_minus_WUE_E__Freshwater","WUE_ET - WUE_E","Freshwater wetland",-5.42676307418919,0.346849149956707,-6.10658740810434,-4.74693874027405,-5.7270633014295,0.326776806441597,-6.36754584205503,-5.08658076080397
"WUE_E_minus_WUE_T","Freshwater",0.713137349928335,"7","US-A03",0.899507240906606,"WUE_E_minus_WUE_T__Freshwater","WUE_E - WUE_T","Freshwater wetland",4.35404915044154,0.345373264421301,3.67711755217579,5.03098074870729,4.35365415290016,0.326776806441597,3.71317161227463,4.99413669352569
"WUE_ET_minus_WUE_T","Saline",0.713137349928335,"7","US-A03",0.899507240906606,"WUE_ET_minus_WUE_T__Saline","WUE_ET - WUE_T","Saline wetland",-0.489047657711613,0.395933621374876,-1.26507755560637,0.286982240183145,-0.383624949815779,0.396965959518475,-1.16167823047199,0.394428330840431
"WUE_ET_minus_WUE_E","Saline",0.713137349928335,"7","US-A03",0.899507240906606,"WUE_ET_minus_WUE_E__Saline","WUE_ET - WUE_E","Saline wetland",-3.9490515459379,0.393151074441597,-4.71962765184343,-3.17847544003237,-4.98735026727819,0.396965959518474,-5.7654035479344,-4.20929698662198
"WUE_E_minus_WUE_T","Saline",0.713137349928335,"7","US-A03",0.899507240906606,"WUE_E_minus_WUE_T__Saline","WUE_E - WUE_T","Saline wetland",3.62950873033,0.385627430717086,2.87367896612451,4.38533849453549,4.57627708532313,0.396965959518475,3.79822380466692,5.35433036597934
"WUE_ET_minus_WUE_T","Upland",0.719016806914058,"7","US-A03",0.933024333863749,"WUE_ET_minus_WUE_T__Upland","WUE_ET - WUE_T","Upland",-0.88784134292954,0.287676723743595,-1.45168772146699,-0.323994964392093,-0.755736876010685,0.279457607556836,-1.30347378682208,-0.207999965199286
"WUE_ET_minus_WUE_E","Upland",0.719016806914058,"7","US-A03",0.933024333863749,"WUE_ET_minus_WUE_E__Upland","WUE_ET - WUE_E","Upland",-6.64090213309954,0.287686400137621,-7.20476747736928,-6.0770367888298,-6.19473048862775,0.279457607556836,-6.74246739943915,-5.64699357781635
"WUE_E_minus_WUE_T","Upland",0.719016806914058,"7","US-A03",0.933024333863749,"WUE_E_minus_WUE_T__Upland","WUE_E - WUE_T","Upland",5.826599376677,0.289567430730573,5.25904721244508,6.39415154090893,5.85876051705049,0.279457607556837,5.31102360623909,6.40649742786189
"WUE_ET_minus_WUE_T","Freshwater",0.719016806914058,"7","US-A03",0.933024333863749,"WUE_ET_minus_WUE_T__Freshwater","WUE_ET - WUE_T","Freshwater wetland",-0.885373129979037,0.320448522826579,-1.51345223471913,-0.257294025238942,-0.715259098523026,0.328112899659422,-1.35836038185549,-0.0721578151905597
"WUE_ET_minus_WUE_E","Freshwater",0.719016806914058,"7","US-A03",0.933024333863749,"WUE_ET_minus_WUE_E__Freshwater","WUE_ET - WUE_E","Freshwater wetland",-5.60567937110447,0.349418116628827,-6.29053887969697,-4.92081986251197,-5.81335250465156,0.328112899659421,-6.45645378798402,-5.17025122131909
"WUE_E_minus_WUE_T","Freshwater",0.719016806914058,"7","US-A03",0.933024333863749,"WUE_E_minus_WUE_T__Freshwater","WUE_E - WUE_T","Freshwater wetland",4.56527548794552,0.347863387845229,3.88346324776887,5.24708772812217,4.4710838098411,0.328112899659422,3.82798252650863,5.11418509317357
"WUE_ET_minus_WUE_T","Saline",0.719016806914058,"7","US-A03",0.933024333863749,"WUE_ET_minus_WUE_T__Saline","WUE_ET - WUE_T","Saline wetland",-0.467495220962747,0.400693056568198,-1.25285361183642,0.317863169910922,-0.334752808055219,0.399632901399127,-1.11803329479751,0.448527678687071
"WUE_ET_minus_WUE_E","Saline",0.719016806914058,"7","US-A03",0.933024333863749,"WUE_ET_minus_WUE_E__Saline","WUE_ET - WUE_E","Saline wetland",-4.02136275830101,0.397722625767993,-4.80089910480627,-3.24182641179574,-5.06512284727338,0.399632901399127,-5.84840333401567,-4.28184236053109
"WUE_E_minus_WUE_T","Saline",0.719016806914058,"7","US-A03",0.933024333863749,"WUE_E_minus_WUE_T__Saline","WUE_E - WUE_T","Saline wetland",3.72578203980822,0.38854617610889,2.9642315346348,4.48733254498165,4.70222336549094,0.399632901399127,3.91894287874865,5.48550385223323
"WUE_ET_minus_WUE_T","Upland",0.72489626389978,"7","US-A03",0.966541426820892,"WUE_ET_minus_WUE_T__Upland","WUE_ET - WUE_T","Upland",-0.862767111222796,0.288534952486936,-1.42829561809719,-0.297238604348402,-0.687216227429968,0.280526110923092,-1.23704740483923,-0.137385050020707
"WUE_ET_minus_WUE_E","Upland",0.72489626389978,"7","US-A03",0.966541426820892,"WUE_ET_minus_WUE_E__Upland","WUE_ET - WUE_E","Upland",-6.82101415709251,0.288543861983472,-7.38656012658012,-6.25546818760491,-6.25285456180278,0.280526110923092,-6.80268573921204,-5.70302338439352
"WUE_E_minus_WUE_T","Upland",0.72489626389978,"7","US-A03",0.966541426820892,"WUE_E_minus_WUE_T__Upland","WUE_E - WUE_T","Upland",6.02759748981946,0.290463484345291,5.45828906050269,6.59690591913623,6.00435530403846,0.280526110923093,5.4545241266292,6.55418648144772
"WUE_ET_minus_WUE_T","Freshwater",0.72489626389978,"7","US-A03",0.966541426820892,"WUE_ET_minus_WUE_T__Freshwater","WUE_ET - WUE_T","Freshwater wetland",-0.858934964539438,0.322528570943209,-1.49109096358813,-0.226778965490747,-0.674903579989338,0.329490788504144,-1.32070552545746,-0.0291016345212152
"WUE_ET_minus_WUE_E","Freshwater",0.72489626389978,"7","US-A03",0.966541426820892,"WUE_ET_minus_WUE_E__Freshwater","WUE_ET - WUE_E","Freshwater wetland",-5.78990101057771,0.35179715903534,-6.47942344228697,-5.10037857886844,-5.89964170787362,0.329490788504144,-6.54544365334174,-5.2538397624055
"WUE_E_minus_WUE_T","Freshwater",0.72489626389978,"7","US-A03",0.966541426820892,"WUE_E_minus_WUE_T__Freshwater","WUE_E - WUE_T","Freshwater wetland",4.78050347880237,0.35019128174586,4.09412856658049,5.46687839102426,4.58851346678204,0.329490788504144,3.94271152131392,5.23431541225017
"WUE_ET_minus_WUE_T","Saline",0.72489626389978,"7","US-A03",0.966541426820892,"WUE_ET_minus_WUE_T__Saline","WUE_ET - WUE_T","Saline wetland",-0.446321111215148,0.406023478275507,-1.24212712863514,0.349484906204845,-0.285880666294658,0.402354147765426,-1.07449479591489,0.502733463325578
"WUE_ET_minus_WUE_E","Saline",0.72489626389978,"7","US-A03",0.966541426820892,"WUE_ET_minus_WUE_E__Saline","WUE_ET - WUE_E","Saline wetland",-4.09379002531437,0.402747775330197,-4.88317566496156,-3.30440438566719,-5.14289542726857,0.402354147765426,-5.9315095568888,-4.35428129764833
"WUE_E_minus_WUE_T","Saline",0.72489626389978,"7","US-A03",0.966541426820892,"WUE_E_minus_WUE_T__Saline","WUE_E - WUE_T","Saline wetland",3.822056678938,0.391533285138928,3.0546514400657,4.5894619178103,4.82816964565876,0.402354147765426,4.03955551603852,5.61678377527899
"WUE_ET_minus_WUE_T","Upland",0.730775720885502,"7","US-A03",1.00005851977804,"WUE_ET_minus_WUE_T__Upland","WUE_ET - WUE_T","Upland",-0.838200733202769,0.289245335805433,-1.40512159138142,-0.271279875024119,-0.618695578849251,0.281628801861377,-1.17068803049755,-0.0667031272009515
"WUE_ET_minus_WUE_E","Upland",0.730775720885502,"7","US-A03",1.00005851977804,"WUE_ET_minus_WUE_E__Upland","WUE_ET - WUE_E","Upland",-7.00755038810043,0.289253261019149,-7.57448677969796,-6.4406139965029,-6.31097863497782,0.281628801861377,-6.86297108662612,-5.75898618332952
"WUE_E_minus_WUE_T","Upland",0.730775720885502,"7","US-A03",1.00005851977804,"WUE_E_minus_WUE_T__Upland","WUE_E - WUE_T","Upland",6.23398238582146,0.291159901103665,5.66330897965828,6.80465579198464,6.14995009102643,0.281628801861377,5.59795763937813,6.70194254267473
"WUE_ET_minus_WUE_T","Freshwater",0.730775720885502,"7","US-A03",1.00005851977804,"WUE_ET_minus_WUE_T__Freshwater","WUE_ET - WUE_T","Freshwater wetland",-0.832608616566582,0.324735980645882,-1.46909113863251,-0.196126094500654,-0.634548061455649,0.330909950872856,-1.28313156516645,0.0140354422551483
"WUE_ET_minus_WUE_E","Freshwater",0.730775720885502,"7","US-A03",1.00005851977804,"WUE_ET_minus_WUE_E__Freshwater","WUE_ET - WUE_E","Freshwater wetland",-5.97925920390356,0.353996673053179,-6.67309268308779,-5.28542572471933,-5.98593091109568,0.330909950872856,-6.63451441480648,-5.33734740738488
"WUE_E_minus_WUE_T","Freshwater",0.730775720885502,"7","US-A03",1.00005851977804,"WUE_E_minus_WUE_T__Freshwater","WUE_E - WUE_T","Freshwater wetland",4.99953834076703,0.352370540177438,4.30889208201925,5.69018459951481,4.70594312372299,0.330909950872856,4.05735962001219,5.35452662743378
"WUE_ET_minus_WUE_T","Saline",0.730775720885502,"7","US-A03",1.00005851977804,"WUE_ET_minus_WUE_T__Saline","WUE_ET - WUE_T","Saline wetland",-0.42550663354864,0.411997266107601,-1.23302127511954,0.382008008022259,-0.237008524534096,0.405128604330152,-1.03106058902119,0.557043539953002
"WUE_ET_minus_WUE_E","Saline",0.730775720885502,"7","US-A03",1.00005851977804,"WUE_ET_minus_WUE_E__Saline","WUE_ET - WUE_E","Saline wetland",-4.16629444263577,0.408261212212817,-4.96648641857289,-3.36610246669865,-5.22066800726376,0.405128604330152,-6.01472007175085,-4.42661594277666
"WUE_E_minus_WUE_T","Saline",0.730775720885502,"7","US-A03",1.00005851977804,"WUE_E_minus_WUE_T__Saline","WUE_E - WUE_T","Saline wetland",3.91833254670233,0.394587864624632,3.14494033203805,4.69172476136661,4.95411592582657,0.405128604330152,4.16006386133947,5.74816799031367
"WUE_ET_minus_WUE_T","Upland",0.736655177871225,"7","US-A03",1.03357561273518,"WUE_ET_minus_WUE_T__Upland","WUE_ET - WUE_T","Upland",-0.814058989158113,0.289846133960287,-1.38215741172028,-0.24596056659595,-0.550174930268534,0.28276528041135,-1.10439487987478,0.00404501933771262
"WUE_ET_minus_WUE_E","Upland",0.736655177871225,"7","US-A03",1.03357561273518,"WUE_ET_minus_WUE_E__Upland","WUE_ET - WUE_E","Upland",-7.20042182155901,0.289852937662648,-7.7685335793778,-6.63231006374022,-6.36910270815285,0.28276528041135,-6.9233226577591,-5.81488275854661
"WUE_E_minus_WUE_T","Upland",0.736655177871225,"7","US-A03",1.03357561273518,"WUE_E_minus_WUE_T__Upland","WUE_E - WUE_T","Upland",6.44578108114328,0.291693375451401,5.87406206525853,7.01750009702803,6.2955448780144,0.28276528041135,5.74132492840815,6.84976482762065
"WUE_ET_minus_WUE_T","Freshwater",0.736655177871225,"7","US-A03",1.03357561273518,"WUE_ET_minus_WUE_T__Freshwater","WUE_ET - WUE_T","Freshwater wetland",-0.806390747797668,0.327075819538784,-1.44745935409368,-0.165322141501652,-0.594192542921961,0.332369858073342,-1.24563746474571,0.0572523789017889
"WUE_ET_minus_WUE_E","Freshwater",0.736655177871225,"7","US-A03",1.03357561273518,"WUE_ET_minus_WUE_E__Freshwater","WUE_ET - WUE_E","Freshwater wetland",-6.17356168382602,0.356053447603187,-6.87142644112827,-5.47569692652377,-6.07222011431774,0.332369858073342,-6.72366503614149,-5.420775192494
"WUE_E_minus_WUE_T","Freshwater",0.736655177871225,"7","US-A03",1.03357561273518,"WUE_E_minus_WUE_T__Freshwater","WUE_E - WUE_T","Freshwater wetland",5.22217699724804,0.354439622050543,4.52747533802898,5.91687865646711,4.82337278066393,0.332369858073342,4.17192785884018,5.47481770248768
"WUE_ET_minus_WUE_T","Saline",0.736655177871225,"7","US-A03",1.03357561273518,"WUE_ET_minus_WUE_T__Saline","WUE_ET - WUE_T","Saline wetland",-0.40503271528818,0.418694171460375,-1.22567329135052,0.415607860774155,-0.188136382773535,0.407955185465325,-0.987728546285572,0.611455780738502
"WUE_ET_minus_WUE_E","Saline",0.736655177871225,"7","US-A03",1.03357561273518,"WUE_ET_minus_WUE_E__Saline","WUE_ET - WUE_E","Saline wetland",-4.23884181745805,0.414300294843056,-5.05087039535044,-3.42681323956567,-5.29844058725895,0.407955185465324,-6.09803275077098,-4.49884842374691
"WUE_E_minus_WUE_T","Saline",0.736655177871225,"7","US-A03",1.03357561273518,"WUE_E_minus_WUE_T__Saline","WUE_E - WUE_T","Saline wetland",4.0146095406351,0.397709042390476,3.23509981754977,4.79411926372043,5.08006220599439,0.407955185465325,4.28047004248235,5.87965436950642
"WUE_ET_minus_WUE_T","Upland",0.742534634856947,"7","US-A03",1.06709270569232,"WUE_ET_minus_WUE_T__Upland","WUE_ET - WUE_T","Upland",-0.790266488141298,0.290402156786911,-1.35945471544364,-0.221078260838953,-0.481654281687817,0.283935140858506,-1.03816715777049,0.0748585943948539
"WUE_ET_minus_WUE_E","Upland",0.742534634856947,"7","US-A03",1.06709270569232,"WUE_ET_minus_WUE_E__Upland","WUE_ET - WUE_E","Upland",-7.39949274503401,0.290407803433,-7.96869203976269,-6.83029345030533,-6.42722678132789,0.283935140858505,-6.98373965741056,-5.87071390524522
"WUE_E_minus_WUE_T","Upland",0.742534634856947,"7","US-A03",1.06709270569232,"WUE_E_minus_WUE_T__Upland","WUE_E - WUE_T","Upland",6.66296627392351,0.292130735625846,6.09039003209686,7.23554251575017,6.44113966500237,0.283935140858506,5.8846267889197,6.99765254108504
"WUE_ET_minus_WUE_T","Freshwater",0.742534634856947,"7","US-A03",1.06709270569232,"WUE_ET_minus_WUE_T__Freshwater","WUE_ET - WUE_T","Freshwater wetland",-0.780277500799935,0.329553539543691,-1.42620243830557,-0.134352563294301,-0.553837024388273,0.333869975613464,-1.20822217659066,0.100548127814117
"WUE_ET_minus_WUE_E","Freshwater",0.742534634856947,"7","US-A03",1.06709270569232,"WUE_ET_minus_WUE_E__Freshwater","WUE_ET - WUE_E","Freshwater wetland",-6.37259640271884,0.358030467814347,-7.07433611963496,-5.67085668580272,-6.15850931753981,0.333869975613465,-6.8128944697422,-5.50412416533742
"WUE_E_minus_WUE_T","Freshwater",0.742534634856947,"7","US-A03",1.06709270569232,"WUE_E_minus_WUE_T__Freshwater","WUE_E - WUE_T","Freshwater wetland",5.44821045012707,0.356461554915903,4.7495458024919,6.14687509776224,4.94080243760487,0.333869975613465,4.28641728540248,5.59518758980726
"WUE_ET_minus_WUE_T","Saline",0.742534634856947,"7","US-A03",1.06709270569232,"WUE_ET_minus_WUE_T__Saline","WUE_ET - WUE_T","Saline wetland",-0.38488006167835,0.426198384736693,-1.22022889576227,0.450468772405568,-0.139264241012974,0.410832815301668,-0.944496559004244,0.665968076978297
"WUE_ET_minus_WUE_E","Saline",0.742534634856947,"7","US-A03",1.06709270569232,"WUE_ET_minus_WUE_E__Saline","WUE_ET - WUE_E","Saline wetland",-4.31140242341926,0.420903899674234,-5.13637406678076,-3.48643078005776,-5.37621316725414,0.410832815301668,-6.18144548524541,-4.57098084926287
"WUE_E_minus_WUE_T","Saline",0.742534634856947,"7","US-A03",1.06709270569232,"WUE_E_minus_WUE_T__Saline","WUE_E - WUE_T","Saline wetland",4.11088755839369,0.400895963699024,3.32513146954361,4.89664364724378,5.2060084861622,0.410832815301669,4.40077616817093,6.01124080415347
"WUE_ET_minus_WUE_T","Upland",0.748414091842669,"7","US-A03",1.10060979864946,"WUE_ET_minus_WUE_T__Upland","WUE_ET - WUE_T","Upland",-0.766756655470762,0.29100457964292,-1.33712563157088,-0.19638767937064,-0.413133633107102,0.28513797232667,-0.972004058867375,0.145736792653172
"WUE_ET_minus_WUE_E","Upland",0.748414091842669,"7","US-A03",1.10060979864946,"WUE_ET_minus_WUE_E__Upland","WUE_ET - WUE_E","Upland",-7.60458020985384,0.291009155426006,-8.17495815448882,-7.03420226521887,-6.48535085450292,0.28513797232667,-7.04422128026319,-5.92648042874265
"WUE_E_minus_WUE_T","Upland",0.748414091842669,"7","US-A03",1.10060979864946,"WUE_E_minus_WUE_T__Upland","WUE_E - WUE_T","Upland",6.88545451880542,0.292569008655938,6.31201926183978,7.45888977577106,6.58673445199034,0.285137972326671,6.02786402623006,7.14560487775061
"WUE_ET_minus_WUE_T","Freshwater",0.748414091842669,"7","US-A03",1.10060979864946,"WUE_ET_minus_WUE_T__Freshwater","WUE_ET - WUE_T","Freshwater wetland",-0.754264493189633,0.332174879984166,-1.4053272579586,-0.103201728420667,-0.513481505854586,0.335409763972371,-1.17088464324043,0.143921631531261
"WUE_ET_minus_WUE_E","Freshwater",0.748414091842669,"7","US-A03",1.10060979864946,"WUE_ET_minus_WUE_E__Freshwater","WUE_ET - WUE_E","Freshwater wetland",-6.57613253920971,0.360016391229095,-7.28176466601874,-5.87050041240069,-6.24479852076187,0.335409763972371,-6.90220165814771,-5.58739538337602
"WUE_E_minus_WUE_T","Freshwater",0.748414091842669,"7","US-A03",1.10060979864946,"WUE_E_minus_WUE_T__Freshwater","WUE_E - WUE_T","Freshwater wetland",5.67742518171813,0.35852329923016,4.97471951522702,6.38013084820924,5.05823209454581,0.335409763972372,4.40082895715996,5.71563523193166
"WUE_ET_minus_WUE_T","Saline",0.748414091842669,"7","US-A03",1.10060979864946,"WUE_ET_minus_WUE_T__Saline","WUE_ET - WUE_T","Saline wetland",-0.365029261257104,0.434595192425852,-1.21683583841177,0.486777315897566,-0.0903920992524131,0.413760428736774,-0.90136253957649,0.720578341071663
"WUE_ET_minus_WUE_E","Saline",0.748414091842669,"7","US-A03",1.10060979864946,"WUE_ET_minus_WUE_E__Saline","WUE_ET - WUE_E","Saline wetland",-4.38395129386165,0.428111144977676,-5.2230491380179,-3.54485344970541,-5.45398574724932,0.413760428736773,-6.2649561875734,-4.64301530692525
"WUE_E_minus_WUE_T","Saline",0.748414091842669,"7","US-A03",1.10060979864946,"WUE_E_minus_WUE_T__Saline","WUE_E - WUE_T","Saline wetland",4.2071664991186,0.404147787046488,3.41503683650748,4.99929616172971,5.33195476633001,0.413760428736774,4.52098432600594,6.14292520665409
"WUE_ET_minus_WUE_T","Upland",0.754293548828392,"7","US-A03",1.13412689160661,"WUE_ET_minus_WUE_T__Upland","WUE_ET - WUE_T","Upland",-0.743470239690481,0.291767922559404,-1.31533536790691,-0.171605111474049,-0.344612984526385,0.286373359359395,-0.905904768870799,0.216678799818029
"WUE_ET_minus_WUE_E","Upland",0.754293548828392,"7","US-A03",1.13412689160661,"WUE_ET_minus_WUE_E__Upland","WUE_ET - WUE_E","Upland",-7.81546555352673,0.291771652393834,-8.38733799221864,-7.24359311483482,-6.54347492767795,0.286373359359394,-7.10476671202237,-5.98218314333354
"WUE_E_minus_WUE_T","Upland",0.754293548828392,"7","US-A03",1.13412689160661,"WUE_E_minus_WUE_T__Upland","WUE_E - WUE_T","Upland",7.11311903187368,0.293132324859578,6.5385796751489,7.68765838859845,6.73232923897831,0.286373359359396,6.17103745463389,7.29362102332272
"WUE_ET_minus_WUE_T","Freshwater",0.754293548828392,"7","US-A03",1.13412689160661,"WUE_ET_minus_WUE_T__Freshwater","WUE_ET - WUE_T","Freshwater wetland",-0.728346948689216,0.334945669413868,-1.3848404607404,-0.0718534366380336,-0.473125987320898,0.336988679351832,-1.13362379885049,0.187371824208693
"WUE_ET_minus_WUE_E","Freshwater",0.754293548828392,"7","US-A03",1.13412689160661,"WUE_ET_minus_WUE_E__Freshwater","WUE_ET - WUE_E","Freshwater wetland",-6.78392603472825,0.362121965644065,-7.49368508739061,-6.07416698206588,-6.33108772398393,0.336988679351831,-6.99158553551352,-5.67058991245434
"WUE_E_minus_WUE_T","Freshwater",0.754293548828392,"7","US-A03",1.13412689160661,"WUE_E_minus_WUE_T__Freshwater","WUE_E - WUE_T","Freshwater wetland",5.90960541413795,0.360732230583196,5.20257024219488,6.61664058608101,5.17566175148675,0.336988679351832,4.51516393995716,5.83615956301634
"WUE_ET_minus_WUE_T","Saline",0.754293548828392,"7","US-A03",1.13412689160661,"WUE_ET_minus_WUE_T__Saline","WUE_ET - WUE_T","Saline wetland",-0.345460895423041,0.443966870080819,-1.21563596078145,0.524714169935364,-0.041519957491852,0.4167369723546,-0.858324423306869,0.775284508323165
"WUE_ET_minus_WUE_E","Saline",0.754293548828392,"7","US-A03",1.13412689160661,"WUE_ET_minus_WUE_E__Saline","WUE_ET - WUE_E","Saline wetland",-4.4564672634511,0.435959698282388,-5.31094827208458,-3.60198625481762,-5.53175832724451,0.416736972354599,-6.34856279305953,-4.7149538614295
"WUE_E_minus_WUE_T","Saline",0.754293548828392,"7","US-A03",1.13412689160661,"WUE_E_minus_WUE_T__Saline","WUE_E - WUE_T","Saline wetland",4.30344626412151,0.407463675244114,3.50481746064305,5.10207506759998,5.45790104649783,0.4167369723546,4.64109658068281,6.27470551231284
"WUE_ET_minus_WUE_T","Upland",0.760173005814114,"7","US-A03",1.16764398456375,"WUE_ET_minus_WUE_T__Upland","WUE_ET - WUE_T","Upland",-0.720354955698368,0.29282649990813,-1.2942948955183,-0.146415015878435,-0.276092335945668,0.287640882488913,-0.839868465623937,0.287683793732601
"WUE_ET_minus_WUE_E","Upland",0.760173005814114,"7","US-A03",1.16764398456375,"WUE_ET_minus_WUE_E__Upland","WUE_ET - WUE_E","Upland",-8.03189958779385,0.29282976013842,-8.60584591766515,-7.45795325792254,-6.60159900085299,0.287640882488912,-7.16537513053125,-6.03782287117472
"WUE_E_minus_WUE_T","Upland",0.760173005814114,"7","US-A03",1.16764398456375,"WUE_E_minus_WUE_T__Upland","WUE_E - WUE_T","Upland",7.34579502487563,0.293968236460133,6.76961728141377,7.92197276833749,6.87792402596628,0.287640882488913,6.31414789628801,7.44170015564455
"WUE_ET_minus_WUE_T","Freshwater",0.760173005814114,"7","US-A03",1.16764398456375,"WUE_ET_minus_WUE_T__Freshwater","WUE_ET - WUE_T","Freshwater wetland",-0.702519760663184,0.337871652491424,-1.36474819954638,-0.0402913217799921,-0.432770468787209,0.338606174406207,-1.09643857062337,0.230897633048956
"WUE_ET_minus_WUE_E","Freshwater",0.760173005814114,"7","US-A03",1.16764398456375,"WUE_ET_minus_WUE_E__Freshwater","WUE_ET - WUE_E","Freshwater wetland",-6.99572260248209,0.364476353040323,-7.71009625444113,-6.28134895052306,-6.41737692720599,0.338606174406207,-7.08104502904216,-5.75370882536983
"WUE_E_minus_WUE_T","Freshwater",0.760173005814114,"7","US-A03",1.16764398456375,"WUE_E_minus_WUE_T__Freshwater","WUE_E - WUE_T","Freshwater wetland",6.14453476419158,0.363212521767848,5.4326382215266,6.85643130685656,5.29309140842769,0.338606174406206,4.62942330659153,5.95675951026386
"WUE_ET_minus_WUE_T","Saline",0.760173005814114,"7","US-A03",1.16764398456375,"WUE_ET_minus_WUE_T__Saline","WUE_ET - WUE_T","Saline wetland",-0.326155629548793,0.454388903282568,-1.21675787998263,0.56444662088504,0.00735218426870954,0.419761405259244,-0.815380170039409,0.830084538576828
"WUE_ET_minus_WUE_E","Saline",0.760173005814114,"7","US-A03",1.16764398456375,"WUE_ET_minus_WUE_E__Saline","WUE_ET - WUE_E","Saline wetland",-4.52893265980768,0.444484245220817,-5.40012178044048,-3.65774353917488,-5.6095309072397,0.419761405259244,-6.43226326154782,-4.78679855293158
"WUE_E_minus_WUE_T","Saline",0.760173005814114,"7","US-A03",1.16764398456375,"WUE_E_minus_WUE_T__Saline","WUE_E - WUE_T","Saline wetland",4.39972675774763,0.410842787402166,3.59447489443938,5.20497862105587,5.58384732666564,0.419761405259244,4.76111497235753,6.40657968097376
"WUE_ET_minus_WUE_T","Upland",0.766052462799836,"7","US-A03",1.20116107752089,"WUE_ET_minus_WUE_T__Upland","WUE_ET - WUE_T","Upland",-0.697365264765103,0.294329646233234,-1.27425137138224,-0.120479158147965,-0.207571687364951,0.28894011879144,-0.773894320196173,0.35875094546627
"WUE_ET_minus_WUE_E","Upland",0.766052462799836,"7","US-A03",1.20116107752089,"WUE_ET_minus_WUE_E__Upland","WUE_ET - WUE_E","Upland",-8.2536063080346,0.294332971186097,-8.83049893155935,-7.67671368450986,-6.65972307402802,0.288940118791439,-7.22604570685924,-6.0934004411968
"WUE_E_minus_WUE_T","Upland",0.766052462799836,"7","US-A03",1.20116107752089,"WUE_E_minus_WUE_T__Upland","WUE_E - WUE_T","Upland",7.58328346787888,0.29524261013703,7.0046079520103,8.16195898374746,7.02351881295425,0.28894011879144,6.45719618012303,7.58984144578547
"WUE_ET_minus_WUE_T","Freshwater",0.766052462799836,"7","US-A03",1.20116107752089,"WUE_ET_minus_WUE_T__Freshwater","WUE_ET - WUE_T","Freshwater wetland",-0.676777540836342,0.340958318130897,-1.3450558443729,-0.00849923729978375,-0.392414950253521,0.340261698949713,-1.05932788019496,0.274497979687917
"WUE_ET_minus_WUE_E","Freshwater",0.766052462799836,"7","US-A03",1.20116107752089,"WUE_ET_minus_WUE_E__Freshwater","WUE_ET - WUE_E","Freshwater wetland",-7.2112599845292,0.367222583482888,-7.93101624815566,-6.49150372090274,-6.50366613042805,0.340261698949713,-7.17057906036949,-5.83675320048662
"WUE_E_minus_WUE_T","Freshwater",0.766052462799836,"7","US-A03",1.20116107752089,"WUE_E_minus_WUE_T__Freshwater","WUE_E - WUE_T","Freshwater wetland",6.38199756774278,0.366100715203565,5.66444016594379,7.09955496954176,5.41052106536863,0.340261698949714,4.7436081354272,6.07743399531007
"WUE_ET_minus_WUE_T","Saline",0.766052462799836,"7","US-A03",1.20116107752089,"WUE_ET_minus_WUE_T__Saline","WUE_ET - WUE_T","Saline wetland",-0.30709428608376,0.46592653954038,-1.2203103035829,0.606121731415384,0.0562243260292706,0.422832699826123,-0.772527765629931,0.884976417688472
"WUE_ET_minus_WUE_E","Saline",0.766052462799836,"7","US-A03",1.20116107752089,"WUE_ET_minus_WUE_E__Saline","WUE_ET - WUE_E","Saline wetland",-4.60133311967382,0.453715065929559,-5.49061464889575,-3.71205159045188,-5.68730348723489,0.422832699826123,-6.51605557889409,-4.85855139557569
"WUE_E_minus_WUE_T","Saline",0.766052462799836,"7","US-A03",1.20116107752089,"WUE_E_minus_WUE_T__Saline","WUE_E - WUE_T","Saline wetland",4.49600788808562,0.414284270826493,3.68401071726569,5.30800505890555,5.70979360683346,0.422832699826123,4.88104151517426,6.53854569849266
"WUE_ET_minus_WUE_T","Upland",0.771931919785559,"7","US-A03",1.23467817047804,"WUE_ET_minus_WUE_T__Upland","WUE_ET - WUE_T","Upland",-0.674463104529771,0.296435840800351,-1.25547735249846,-0.0934488565610824,-0.139051038784235,0.290270642427747,-0.707981497942619,0.429879420374149
"WUE_ET_minus_WUE_E","Upland",0.771931919785559,"7","US-A03",1.23467817047804,"WUE_ET_minus_WUE_E__Upland","WUE_ET - WUE_E","Upland",-8.48028351129108,0.296439920947475,-9.06130575634814,-7.89926126623403,-6.71784714720305,0.290270642427747,-7.28677760636144,-6.14891668804467
"WUE_E_minus_WUE_T","Upland",0.771931919785559,"7","US-A03",1.23467817047804,"WUE_E_minus_WUE_T__Upland","WUE_E - WUE_T","Upland",7.82535066645698,0.297133164583476,7.24296966387336,8.40773166904059,7.16911359994222,0.290270642427747,6.60018314078383,7.7380440591006
"WUE_ET_minus_WUE_T","Freshwater",0.771931919785559,"7","US-A03",1.23467817047804,"WUE_ET_minus_WUE_T__Freshwater","WUE_ET - WUE_T","Freshwater wetland",-0.651114641380712,0.344210750325557,-1.3257677120188,0.0235384292573805,-0.352059431719834,0.341954700639878,-1.02229064497399,0.318171781534327
"WUE_ET_minus_WUE_E","Freshwater",0.771931919785559,"7","US-A03",1.23467817047804,"WUE_ET_minus_WUE_E__Freshwater","WUE_ET - WUE_E","Freshwater wetland",-7.43026962398172,0.370512408945627,-8.15647394551515,-6.70406530244829,-6.58995533365012,0.341954700639877,-7.26018654690428,-5.91972412039596
"WUE_E_minus_WUE_T","Freshwater",0.771931919785559,"7","US-A03",1.23467817047804,"WUE_E_minus_WUE_T__Freshwater","WUE_E - WUE_T","Freshwater wetland",6.621780711695,0.369540756085267,5.89748082976788,7.34608059362213,5.52795072230958,0.341954700639878,4.85771950905541,6.19818193556374
"WUE_ET_minus_WUE_T","Saline",0.771931919785559,"7","US-A03",1.23467817047804,"WUE_ET_minus_WUE_T__Saline","WUE_ET - WUE_T","Saline wetland",-0.288257963776371,0.47863190860587,-1.22637650464388,0.649860577091133,0.105096467789832,0.425949842373933,-0.729765223263076,0.93995815884274
"WUE_ET_minus_WUE_E","Saline",0.771931919785559,"7","US-A03",1.23467817047804,"WUE_ET_minus_WUE_E__Saline","WUE_ET - WUE_E","Saline wetland",-4.6736578805894,0.463676830578416,-5.58246446852309,-3.7648512926557,-5.76507606723008,0.425949842373932,-6.59993775828299,-4.93021437617717
"WUE_E_minus_WUE_T","Saline",0.771931919785559,"7","US-A03",1.23467817047804,"WUE_E_minus_WUE_T__Saline","WUE_E - WUE_T","Saline wetland",4.59228956842813,0.417787254203744,3.7734265501888,5.41115258666747,5.83573988700127,0.425949842373933,5.00087819594837,6.67060157805418
"WUE_ET_minus_WUE_T","Upland",0.777811376771281,"7","US-A03",1.26819526343518,"WUE_ET_minus_WUE_T__Upland","WUE_ET - WUE_T","Upland",-0.651617124124289,0.299304973915014,-1.23825487299772,-0.0649793752508625,-0.0705303902035178,0.29163202516805,-0.642129159532895,0.501068379125859
"WUE_ET_minus_WUE_E","Upland",0.777811376771281,"7","US-A03",1.26819526343518,"WUE_ET_minus_WUE_E__Upland","WUE_ET - WUE_E","Upland",-8.71160771116425,0.299310643939189,-9.29825657328506,-8.12495884904344,-6.77597122037809,0.291632025168049,-7.34756998970747,-6.20437245104871
"WUE_E_minus_WUE_T","Upland",0.777811376771281,"7","US-A03",1.26819526343518,"WUE_E_minus_WUE_T__Upland","WUE_E - WUE_T","Upland",8.07173389127052,0.299820725035366,7.4840852702012,8.65938251233984,7.31470838693019,0.29163202516805,6.74310961760081,7.88630715625957
"WUE_ET_minus_WUE_T","Freshwater",0.777811376771281,"7","US-A03",1.26819526343518,"WUE_ET_minus_WUE_T__Freshwater","WUE_ET - WUE_T","Freshwater wetland",-0.625525216525404,0.347633450248026,-1.30688677901154,0.0558363459607278,-0.311703913186145,0.343684625636201,-0.9853257794331,0.36191795306081
"WUE_ET_minus_WUE_E","Freshwater",0.777811376771281,"7","US-A03",1.26819526343518,"WUE_ET_minus_WUE_E__Freshwater","WUE_ET - WUE_E","Freshwater wetland",-7.65247894236127,0.37449948500228,-8.38649793296574,-6.9184599517568,-6.67624453687218,0.343684625636201,-7.34986640311913,-6.00262267062523
"WUE_E_minus_WUE_T","Freshwater",0.777811376771281,"7","US-A03",1.26819526343518,"WUE_E_minus_WUE_T__Freshwater","WUE_E - WUE_T","Freshwater wetland",6.86367452166451,0.373677518042967,6.1312665863003,7.59608245702873,5.64538037925052,0.343684625636202,4.97175851300356,6.31900224549747
"WUE_ET_minus_WUE_T","Saline",0.777811376771281,"7","US-A03",1.26819526343518,"WUE_ET_minus_WUE_T__Saline","WUE_ET - WUE_T","Saline wetland",-0.269628077414947,0.492541665698849,-1.23500974218469,0.695753587354797,0.153968609550393,0.429111833760855,-0.687090584620883,0.99502780372167
"WUE_ET_minus_WUE_E","Saline",0.777811376771281,"7","US-A03",1.26819526343518,"WUE_ET_minus_WUE_E__Saline","WUE_ET - WUE_E","Saline wetland",-4.74589938339292,0.474387485513592,-5.67569885499956,-3.81609991178628,-5.84284864722527,0.429111833760855,-6.68390784139655,-5.001789453054
"WUE_E_minus_WUE_T","Saline",0.777811376771281,"7","US-A03",1.26819526343518,"WUE_E_minus_WUE_T__Saline","WUE_E - WUE_T","Saline wetland",4.68857171740913,0.421350839076344,3.8627240728195,5.51441936199877,5.96168616716909,0.429111833760856,5.12062697299781,6.80274536134036
"WUE_ET_minus_WUE_T","Upland",0.783690833757003,"7","US-A03",1.30171235639232,"WUE_ET_minus_WUE_T__Upland","WUE_ET - WUE_T","Upland",-0.628801308487297,0.30308974425694,-1.2228572072309,-0.0347454097436936,-0.00200974162280121,0.293023836900369,-0.576336461947525,0.572316978701923
"WUE_ET_minus_WUE_E","Upland",0.783690833757003,"7","US-A03",1.30171235639232,"WUE_ET_minus_WUE_E__Upland","WUE_ET - WUE_E","Upland",-8.94724224740212,0.303097960684183,-9.54131425034312,-8.35317024446112,-6.83409529355312,0.293023836900369,-7.40842201387785,-6.2597685732284
"WUE_E_minus_WUE_T","Upland",0.783690833757003,"7","US-A03",1.30171235639232,"WUE_E_minus_WUE_T__Upland","WUE_E - WUE_T","Upland",8.32215082301514,0.303479280642105,7.72733143295662,8.91697021307367,7.46030317391816,0.29302383690037,6.88597645359344,8.03462989424288
"WUE_ET_minus_WUE_T","Freshwater",0.783690833757003,"7","US-A03",1.30171235639232,"WUE_ET_minus_WUE_T__Freshwater","WUE_ET - WUE_T","Freshwater wetland",-0.600003324715997,0.351230164980969,-1.2884144480787,0.0884077986467017,-0.271348394652457,0.345450919233265,-0.948432196349656,0.405735407044742
"WUE_ET_minus_WUE_E","Freshwater",0.783690833757003,"7","US-A03",1.30171235639232,"WUE_ET_minus_WUE_E__Freshwater","WUE_ET - WUE_E","Freshwater wetland",-7.87761493343456,0.379331845607659,-8.62110535082558,-7.13412451604355,-6.76253374009424,0.345450919233265,-7.43961754179144,-6.08544993839704
"WUE_E_minus_WUE_T","Freshwater",0.783690833757003,"7","US-A03",1.30171235639232,"WUE_E_minus_WUE_T__Freshwater","WUE_E - WUE_T","Freshwater wetland",7.10747403057898,0.378649745860675,6.36532052869206,7.8496275324659,5.76281003619146,0.345450919233265,5.08572623449426,6.43989383788866
"WUE_ET_minus_WUE_T","Saline",0.783690833757003,"7","US-A03",1.30171235639232,"WUE_ET_minus_WUE_T__Saline","WUE_ET - WUE_T","Saline wetland",-0.251186413864798,0.507675627712855,-1.24623064418199,0.743857816452397,0.202840751310954,0.432317689908621,-0.644501920909943,1.05018342353185
"WUE_ET_minus_WUE_E","Saline",0.783690833757003,"7","US-A03",1.30171235639232,"WUE_ET_minus_WUE_E__Saline","WUE_ET - WUE_E","Saline wetland",-4.81805258731245,0.48585746930975,-5.77033322715956,-3.86577194746534,-5.92062122722046,0.432317689908621,-6.76796389944136,-5.07327855499956
"WUE_E_minus_WUE_T","Saline",0.783690833757003,"7","US-A03",1.30171235639232,"WUE_E_minus_WUE_T__Saline","WUE_E - WUE_T","Saline wetland",4.78485425900314,0.424974092043782,3.95190503859733,5.61780347940895,6.0876324473369,0.432317689908621,5.24028977511601,6.9349751195578
"WUE_ET_minus_WUE_T","Upland",0.789570290742725,"7","US-A03",1.33522944934946,"WUE_ET_minus_WUE_T__Upland","WUE_ET - WUE_T","Upland",-0.605996230992858,0.307927664725205,-1.20953445385426,-0.00245800813145658,0.0665109069579145,0.294445646121666,-0.510602559440551,0.64362437335638
"WUE_ET_minus_WUE_E","Upland",0.789570290742725,"7","US-A03",1.33522944934946,"WUE_ET_minus_WUE_E__Upland","WUE_ET - WUE_E","Upland",-9.18683742479615,0.307939473234556,-9.79039879233587,-8.58327605725642,-6.89221936672816,0.294445646121666,-7.46933283312662,-6.31510590032969
"WUE_E_minus_WUE_T","Upland",0.789570290742725,"7","US-A03",1.33522944934946,"WUE_E_minus_WUE_T__Upland","WUE_E - WUE_T","Upland",8.57629796795343,0.308266529223786,7.97209557067481,9.18050036523205,7.60589796090613,0.294445646121667,7.02878449450766,8.1830114273046
"WUE_ET_minus_WUE_T","Freshwater",0.789570290742725,"7","US-A03",1.33522944934946,"WUE_ET_minus_WUE_T__Freshwater","WUE_ET - WUE_T","Freshwater wetland",-0.574542960483474,0.355003800694464,-1.27035040984462,0.121264488877676,-0.230992876118769,0.347253026467652,-0.911608807995367,0.449623055757828
"WUE_ET_minus_WUE_E","Freshwater",0.789570290742725,"7","US-A03",1.33522944934946,"WUE_ET_minus_WUE_E__Freshwater","WUE_ET - WUE_E","Freshwater wetland",-8.10540645914407,0.385145422412848,-8.86029148707325,-7.35052143121488,-6.8488229433163,0.347253026467651,-7.5294388751929,-6.16820701143971
"WUE_E_minus_WUE_T","Freshwater",0.789570290742725,"7","US-A03",1.33522944934946,"WUE_E_minus_WUE_T__Freshwater","WUE_E - WUE_T","Freshwater wetland",7.35298179843356,0.38458404293297,6.59919707428494,8.10676652258218,5.8802396931324,0.347253026467652,5.1996237612558,6.560855625009
"WUE_ET_minus_WUE_T","Saline",0.789570290742725,"7","US-A03",1.33522944934946,"WUE_ET_minus_WUE_T__Saline","WUE_ET - WUE_T","Saline wetland",-0.232915327855868,0.524036444809417,-1.26002675968233,0.794196103970589,0.251712893071515,0.435566442258062,-0.601997333754286,1.10542311989732
"WUE_ET_minus_WUE_E","Saline",0.789570290742725,"7","US-A03",1.33522944934946,"WUE_ET_minus_WUE_E__Saline","WUE_ET - WUE_E","Saline wetland",-4.89011554491668,0.498089423305794,-5.86637081459604,-3.91386027523733,-5.99839380721565,0.435566442258061,-6.85210403404145,-5.14468358038985
"WUE_E_minus_WUE_T","Saline",0.789570290742725,"7","US-A03",1.33522944934946,"WUE_E_minus_WUE_T__Saline","WUE_E - WUE_T","Saline wetland",4.88113712468785,0.428656041910637,4.040971282543,5.7213029668327,6.21357872750472,0.435566442258062,5.35986850067891,7.06728895433052
"WUE_ET_minus_WUE_T","Upland",0.795449747728448,"7","US-A03",1.36874654230661,"WUE_ET_minus_WUE_T__Upland","WUE_ET - WUE_T","Upland",-0.583187027694565,0.313933071292079,-1.19849584742704,0.0321217920379098,0.135031555538631,0.295897020411142,-0.444926604467208,0.71498971554447
"WUE_ET_minus_WUE_E","Upland",0.795449747728448,"7","US-A03",1.36874654230661,"WUE_ET_minus_WUE_E__Upland","WUE_ET - WUE_E","Upland",-9.43003848034329,0.313949566900928,-10.0453796314691,-8.81469732921747,-6.95034343990319,0.295897020411141,-7.53030159990903,-6.37038527989735
"WUE_E_minus_WUE_T","Upland",0.795449747728448,"7","US-A03",1.36874654230661,"WUE_E_minus_WUE_T__Upland","WUE_E - WUE_T","Upland",8.8338608655482,0.314314306261857,8.21780482527496,9.44991690582144,7.7514927478941,0.295897020411143,7.17153458788826,8.33145090789994
"WUE_ET_minus_WUE_T","Freshwater",0.795449747728448,"7","US-A03",1.36874654230661,"WUE_ET_minus_WUE_T__Freshwater","WUE_ET - WUE_T","Freshwater wetland",-0.549138141832417,0.35895629171035,-1.2526924735847,0.154416189919867,-0.190637357585081,0.349090392698229,-0.87485452727361,0.493579812103447
"WUE_ET_minus_WUE_E","Freshwater",0.795449747728448,"7","US-A03",1.36874654230661,"WUE_ET_minus_WUE_E__Freshwater","WUE_ET - WUE_E","Freshwater wetland",-8.3355866068596,0.39205697039863,-9.10401826884092,-7.56715494487829,-6.93511214653837,0.349090392698228,-7.61932931622689,-6.25089497684984
"WUE_E_minus_WUE_T","Freshwater",0.795449747728448,"7","US-A03",1.36874654230661,"WUE_E_minus_WUE_T__Freshwater","WUE_E - WUE_T","Freshwater wetland",7.60000769477704,0.391588389982444,6.83249445041145,8.36752093914263,5.99766935007334,0.349090392698229,5.31345218038481,6.68188651976187
"WUE_ET_minus_WUE_T","Saline",0.795449747728448,"7","US-A03",1.36874654230661,"WUE_ET_minus_WUE_T__Saline","WUE_ET - WUE_T","Saline wetland",-0.214797706483426,0.541609966733464,-1.27635324128102,0.846757828314163,0.300585034832076,0.438857138159858,-0.559574955961246,1.1607450256254
"WUE_ET_minus_WUE_E","Saline",0.795449747728448,"7","US-A03",1.36874654230661,"WUE_ET_minus_WUE_E__Saline","WUE_ET - WUE_E","Saline wetland",-4.96208843684535,0.511078027217653,-5.96380137019195,-3.96037550349875,-6.07616638721084,0.438857138159858,-6.93632637800416,-5.21600639641752
"WUE_E_minus_WUE_T","Saline",0.795449747728448,"7","US-A03",1.36874654230661,"WUE_E_minus_WUE_T__Saline","WUE_E - WUE_T","Saline wetland",4.97742025217741,0.432395673477015,4.12992473216246,5.82491577219236,6.33952500767253,0.438857138159858,5.47936501687921,7.19968499846585
