"SPEI_timescale","water_class","SPEI_value","month_f","site_name","spei_ecosystem","predicted_WUE_T","predicted_se","predicted_lower","predicted_upper","predicted_near_normal_WUE_T","predicted_change","predicted_pct_change","predicted_lower_pct","predicted_upper_pct","impact_class_10pct"
"SPEI_1","Upland",-2.15924098386675,"7","US-A03","SPEI_1__Upland",5.84868197875005,0.595215213363701,4.6820601605572,7.01530379694291,5.48919319302184,0.359488785728218,6.54902775484784,-14.7040376259795,27.8020931356752,"No meaningful change"
"SPEI_3","Upland",-2.15924098386675,"7","US-A03","SPEI_3__Upland",6.65655772872215,0.626597835283995,5.42842597156552,7.88468948587878,5.38809641457018,1.26846131415197,23.5419193821749,0.748493603163496,46.3353451611864,"WUE increase"
"SPEI_6","Upland",-2.15924098386675,"7","US-A03","SPEI_6__Upland",6.19012189970898,0.605503499816776,5.0033350400681,7.37690875934986,5.44677574908028,0.7433461506287,13.647452821134,-8.14134323571257,35.4362488779806,"WUE increase"
"SPEI_12","Upland",-2.15924098386675,"7","US-A03","SPEI_12__Upland",5.93681950940017,0.59033427991713,4.7797643207626,7.09387469803775,5.4960425846593,0.440776924740877,8.01989646097696,-13.032618522571,29.0724114445249,"No meaningful change"
"SPEI_24","Upland",-2.15924098386675,"7","US-A03","SPEI_24__Upland",6.12656584012,0.590628959650031,4.96893307920594,7.28419860103406,5.49325156310849,0.633314277011517,11.5289509270743,-9.54477467268668,32.6026765268352,"WUE increase"
"SPEI_36","Upland",-2.15924098386675,"7","US-A03","SPEI_36__Upland",5.9920660019588,0.590512739122634,4.83466103327844,7.14947097063916,5.50528577568923,0.486780226269575,8.84205191343829,-12.1814701313454,29.8655739582219,"No meaningful change"
"SPEI_48","Upland",-2.15924098386675,"7","US-A03","SPEI_48__Upland",5.84182963621816,0.590504503337645,4.68444080967638,6.99921846275995,5.50702674358798,0.334802892630187,6.07955813942633,-14.9370245000056,27.0961407788583,"No meaningful change"
"SPEI_1","Freshwater",-2.15924098386675,"7","US-A03","SPEI_1__Freshwater",4.22018544621796,0.684663218247308,2.87824553845324,5.56212535398268,4.21954140936123,0.0006440368567322,0.0152631955525635,-31.7877167393658,31.818243130471,"No meaningful change"
"SPEI_3","Freshwater",-2.15924098386675,"7","US-A03","SPEI_3__Freshwater",4.21920595869237,0.684614783643665,2.87736098275079,5.56105093463396,4.21951351065009,-0.000307551957718033,-0.00728880134977099,-31.8082291835705,31.7936515808709,"No meaningful change"
"SPEI_6","Freshwater",-2.15924098386675,"7","US-A03","SPEI_6__Freshwater",4.22013585613595,0.684666048101725,2.87819040185657,5.56208131041533,4.21959154835205,0.000544307783903797,0.0128995372577323,-31.7898339477753,31.8156330222908,"No meaningful change"
"SPEI_12","Freshwater",-2.15924098386675,"7","US-A03","SPEI_12__Freshwater",4.2199552532239,0.684598027126752,2.87814312005547,5.56176738639233,4.21957016391976,0.000385089304139719,0.00912626853399661,-31.7906088002617,31.8088613373297,"No meaningful change"
"SPEI_24","Freshwater",-2.15924098386675,"7","US-A03","SPEI_24__Freshwater",4.22249130997256,0.685071956244675,2.879750275733,5.56523234421213,4.22053295499704,0.00195835497552288,0.0464006559456957,-31.7680893280688,31.8608906399602,"No meaningful change"
"SPEI_36","Freshwater",-2.15924098386675,"7","US-A03","SPEI_36__Freshwater",4.22046367640545,0.684680127097416,2.87849062729452,5.56243672551639,4.21970971318329,0.000753963222168252,0.0178676561520976,-31.7846292056183,31.8203645179225,"No meaningful change"
"SPEI_48","Freshwater",-2.15924098386675,"7","US-A03","SPEI_48__Freshwater",4.22010314068505,0.684695974023346,2.87809903159929,5.56210724977081,4.21964494790908,0.000458192775971256,0.0108585623109902,-31.7928625007787,31.8145796254007,"No meaningful change"
"SPEI_1","Saline",-2.15924098386675,"7","US-A03","SPEI_1__Saline",3.79735267041607,0.789931620019328,2.24908669517819,5.34561864565396,3.79571448215135,0.00163818826472184,0.0431588907022675,-40.7466840365863,40.8330018179909,"No meaningful change"
"SPEI_3","Saline",-2.15924098386675,"7","US-A03","SPEI_3__Saline",3.79671108092361,0.78983539808862,2.24863370066991,5.3447884611773,3.79581271083288,0.000898370090729461,0.0236673977134225,-40.7601514623593,40.8074862577861,"No meaningful change"
"SPEI_6","Saline",-2.15924098386675,"7","US-A03","SPEI_6__Saline",3.90715382000268,0.819837857007888,2.30027162026722,5.51403601973814,3.72785187663226,0.179301943370425,4.80979259112642,-38.2949833740367,47.9145685562895,"No meaningful change"
"SPEI_12","Saline",-2.15924098386675,"7","US-A03","SPEI_12__Saline",3.79555853742531,0.789809835094643,2.24753126063981,5.34358581421081,3.79590600007587,-0.000347462650566399,-0.00915361577866928,-40.7906502269845,40.7723429954271,"No meaningful change"
"SPEI_24","Saline",-2.15924098386675,"7","US-A03","SPEI_24__Saline",3.77672849093328,0.792342616375956,2.22373696283641,5.32972001903016,3.79486170186332,-0.0181332109300376,-0.477835883218985,-41.4013701278092,40.4456983613712,"No meaningful change"
"SPEI_36","Saline",-2.15924098386675,"7","US-A03","SPEI_36__Saline",3.74578266399191,0.798410082750105,2.18089890180171,5.31066642618212,3.78973207975865,-0.043949415766741,-1.1596971723009,-42.4524252400292,40.1330308954274,"No meaningful change"
"SPEI_48","Saline",-2.15924098386675,"7","US-A03","SPEI_48__Saline",3.79490280121565,0.789900723271674,2.24669738360317,5.34310821882813,3.79598202691605,-0.00107922570039598,-0.0284307378892616,-40.8138034460494,40.7569419702709,"No meaningful change"
"SPEI_1","Upland",-2.12500157194304,"7","US-A03","SPEI_1__Upland",5.84366362546023,0.594181795204731,4.67906730685896,7.0082599440615,5.48919319302184,0.354470432438396,6.45760533422323,-14.7585602779067,27.6737709463531,"No meaningful change"
"SPEI_3","Upland",-2.12500157194304,"7","US-A03","SPEI_3__Upland",6.63845366242682,0.623664610782778,5.41607102529258,7.86083629956107,5.38809641457018,1.25035724785665,23.2059182251361,0.519192838620233,45.892643611652,"WUE increase"
"SPEI_6","Upland",-2.12500157194304,"7","US-A03","SPEI_6__Upland",6.17849216364449,0.603695449908129,4.99524908182456,7.36173524546442,5.44677574908028,0.731716414564207,13.4339368513154,-8.28979726826404,35.1576709708948,"WUE increase"
"SPEI_12","Upland",-2.12500157194304,"7","US-A03","SPEI_12__Upland",5.92983059192089,0.589681696952482,4.77405446589403,7.08560671794775,5.4960425846593,0.433788007261596,7.89273373667803,-13.1365088178265,28.9219762911826,"No meaningful change"
"SPEI_24","Upland",-2.12500157194304,"7","US-A03","SPEI_24__Upland",6.11651466668748,0.589967964748374,4.96017745578067,7.2728518775943,5.49325156310849,0.623263103578998,11.3459778132991,-9.7041633940056,32.3961190206039,"WUE increase"
"SPEI_36","Upland",-2.12500157194304,"7","US-A03","SPEI_36__Upland",5.98434653046984,0.58986692555278,4.82820735638639,7.14048570455329,5.50528577568923,0.479060754780613,8.7018326441126,-12.2986970502557,29.7023623384809,"No meaningful change"
"SPEI_48","Upland",-2.12500157194304,"7","US-A03","SPEI_48__Upland",5.8365191252723,0.589869991029436,4.68037394285461,6.99266430769,5.50702674358798,0.329492381684324,5.98312659490829,-15.0108731848065,26.9771263746231,"No meaningful change"
"SPEI_1","Freshwater",-2.12500157194304,"7","US-A03","SPEI_1__Freshwater",4.22018181936043,0.684658256498429,2.87825163662351,5.56211200209735,4.21954140936123,0.000640409999205005,0.0151772417207289,-31.7875722172559,31.8179267006973,"No meaningful change"
"SPEI_3","Freshwater",-2.12500157194304,"7","US-A03","SPEI_3__Freshwater",4.21921234911791,0.684611321902115,2.87737415818977,5.56105054004606,4.21951351065009,-0.000301161532176408,-0.00713735200553983,-31.8079169333799,31.7936422293688,"No meaningful change"
"SPEI_6","Freshwater",-2.12500157194304,"7","US-A03","SPEI_6__Freshwater",4.2201319983681,0.684661326506616,2.87819579841514,5.56206819832107,4.21959154835205,0.000540450016056404,0.0128081121090376,-31.7897060548619,31.8153222790799,"No meaningful change"
"SPEI_12","Freshwater",-2.12500157194304,"7","US-A03","SPEI_12__Freshwater",4.21995196214952,0.684595240650392,2.87814529047475,5.56175863382428,4.21957016391976,0.000381798229755148,0.00904827304496052,-31.790557363286,31.8086539093759,"No meaningful change"
"SPEI_24","Freshwater",-2.12500157194304,"7","US-A03","SPEI_24__Freshwater",4.22250746891255,0.685059091168775,2.87979165022175,5.56522328760335,4.22053295499704,0.00197451391550985,0.0467835208625028,-31.7671090137532,31.8606760554782,"No meaningful change"
"SPEI_36","Freshwater",-2.12500157194304,"7","US-A03","SPEI_36__Freshwater",4.22046195315948,0.684675554350007,2.87849786663346,5.56242603968549,4.21970971318329,0.000752239976192115,0.017826818130213,-31.7844576455008,31.8201112817612,"No meaningful change"
"SPEI_48","Freshwater",-2.12500157194304,"7","US-A03","SPEI_48__Freshwater",4.22010194665284,0.684690727741883,2.87810812027875,5.56209577302693,4.21964494790908,0.000456998743764814,0.0108302653281591,-31.7926471111055,31.8143076417618,"No meaningful change"
"SPEI_1","Saline",-2.12500157194304,"7","US-A03","SPEI_1__Saline",3.79732544140116,0.789924640797385,2.24907314543829,5.34557773736404,3.79571448215135,0.00161095924980925,0.0424415286604008,-40.7470410112737,40.8319240685945,"No meaningful change"
"SPEI_3","Saline",-2.12500157194304,"7","US-A03","SPEI_3__Saline",3.79669577535979,0.789831049399458,2.24862691853686,5.34476463218273,3.79581271083288,0.000883064526917998,0.0232641754003779,-40.7603301364291,40.8068584872298,"No meaningful change"
"SPEI_6","Saline",-2.12500157194304,"7","US-A03","SPEI_6__Saline",3.89945221623982,0.818595935100167,2.2950041834435,5.50390024903615,3.72785187663226,0.171600339607568,4.60319629873791,-38.4362828944587,47.6426754919345,"No meaningful change"
"SPEI_12","Saline",-2.12500157194304,"7","US-A03","SPEI_12__Saline",3.79556164026592,0.789806066003059,2.24754175089992,5.34358152963192,3.79590600007587,-0.000344359809953065,-0.00907187401232228,-40.7903738697692,40.7722301217445,"No meaningful change"
"SPEI_24","Saline",-2.12500157194304,"7","US-A03","SPEI_24__Saline",3.77695651863874,0.792266410273112,2.22411435450345,5.32979868277404,3.79486170186332,-0.0179051832245767,-0.471827029053128,-41.3914253209444,40.4477712628381,"No meaningful change"
"SPEI_36","Saline",-2.12500157194304,"7","US-A03","SPEI_36__Saline",3.74546993762965,0.79817811169203,2.18104083871327,5.30989903654603,3.78973207975865,-0.0442621421290075,-1.16794911084654,-42.4486799380244,40.1127817163313,"No meaningful change"
"SPEI_48","Saline",-2.12500157194304,"7","US-A03","SPEI_48__Saline",3.79491695770691,0.789894049250358,2.24672462117621,5.34310929423761,3.79598202691605,-0.00106506920913452,-0.0280578043200011,-40.8130859091157,40.7569703004757,"No meaningful change"
"SPEI_1","Upland",-2.09076216001933,"7","US-A03","SPEI_1__Upland",5.83862614969166,0.593180290272114,4.67599278075831,7.001259518625,5.48919319302184,0.349432956669824,6.36583454767163,-14.8145708060942,27.5462399014374,"No meaningful change"
"SPEI_3","Upland",-2.09076216001933,"7","US-A03","SPEI_3__Upland",6.62023674066964,0.620858768738822,5.40335355394155,7.83711992739773,5.38809641457018,1.23214032609946,22.8678225350159,0.283163815148439,45.4524812548834,"WUE increase"
"SPEI_6","Upland",-2.09076216001933,"7","US-A03","SPEI_6__Upland",6.16682391640925,0.601959340537367,4.98698360895601,7.34666422386249,5.44677574908028,0.720048167328969,13.2197138362187,-8.4415470969575,34.8809747693948,"WUE increase"
"SPEI_12","Upland",-2.09076216001933,"7","US-A03","SPEI_12__Upland",5.92284149785413,0.589039074184569,4.76832491245237,7.07735808325588,5.4960425846593,0.426798913194834,7.76556779938582,-13.2407575268457,28.7718931256173,"No meaningful change"
"SPEI_24","Upland",-2.09076216001933,"7","US-A03","SPEI_24__Upland",6.10646346279668,0.589316946146737,4.95140224834907,7.26152467724428,5.49325156310849,0.613211899688193,11.1630041450567,-9.86390862560085,32.1899169157143,"WUE increase"
"SPEI_36","Upland",-2.09076216001933,"7","US-A03","SPEI_36__Upland",5.97662691197657,0.589230758182323,4.82173462593921,7.13151919801392,5.50528577568923,0.47134113628734,8.56161070454751,-12.4162700648258,29.5394914739208,"No meaningful change"
"SPEI_48","Upland",-2.09076216001933,"7","US-A03","SPEI_48__Upland",5.83120854326801,0.589244775986087,4.67628878233528,6.98612830420075,5.50702674358798,0.324181799680037,5.88669376006741,-15.0850540578898,26.8584415780246,"No meaningful change"
"SPEI_1","Freshwater",-2.09076216001933,"7","US-A03","SPEI_1__Freshwater",4.22017809629888,0.68465338035821,2.87825747079679,5.56209872180098,4.21954140936123,0.00063668693765706,0.0150890079249974,-31.7874339516787,31.8176119675287,"No meaningful change"
"SPEI_3","Freshwater",-2.09076216001933,"7","US-A03","SPEI_3__Freshwater",4.21921872673571,0.684607919616176,2.877387204288,5.56105024918341,4.21951351065009,-0.000294783914385199,-0.00698620619749557,-31.8076077484893,31.7936353360943,"No meaningful change"
"SPEI_6","Freshwater",-2.09076216001933,"7","US-A03","SPEI_6__Freshwater",4.22012805577612,0.684656682068208,2.87820095892243,5.5620551526298,4.21959154835205,0.000536507424067523,0.012714676715026,-31.789583756122,31.815013109552,"No meaningful change"
"SPEI_12","Freshwater",-2.09076216001933,"7","US-A03","SPEI_12__Freshwater",4.21994862394938,0.684592499075443,2.87814732576151,5.56174992213724,4.21957016391976,0.000378460029613059,0.00896916071805497,-31.7905091288289,31.8084474502651,"No meaningful change"
"SPEI_24","Freshwater",-2.09076216001933,"7","US-A03","SPEI_24__Freshwater",4.22252291214376,0.685046464029108,2.87983184264671,5.56521398164081,4.22053295499704,0.00198995714672456,0.0471494279974402,-31.7661567068907,31.8604555628856,"No meaningful change"
"SPEI_36","Freshwater",-2.09076216001933,"7","US-A03","SPEI_36__Freshwater",4.22046006611014,0.68467105867558,2.878504791106,5.56241534111428,4.21970971318329,0.000750352926852216,0.0177820982450037,-31.7842935471857,31.8198577436757,"No meaningful change"
"SPEI_48","Freshwater",-2.09076216001933,"7","US-A03","SPEI_48__Freshwater",4.22010068502921,0.684685568330197,2.87811697110203,5.5620843989564,4.21964494790908,0.000455737120134359,0.0108003665180452,-31.7924373583092,31.8140380913453,"No meaningful change"
"SPEI_1","Saline",-2.09076216001933,"7","US-A03","SPEI_1__Saline",3.79729810056571,0.789917800693345,2.24905921120675,5.34553698992467,3.79571448215135,0.0015836184143585,0.041721220650425,-40.7474081155856,40.8308505568865,"No meaningful change"
"SPEI_3","Saline",-2.09076216001933,"7","US-A03","SPEI_3__Saline",3.79668040698913,0.789826783307128,2.24861991170716,5.34474090227111,3.79581271083288,0.000867696156257924,0.0228592984522552,-40.7605147300913,40.8062333269958,"No meaningful change"
"SPEI_6","Saline",-2.09076216001933,"7","US-A03","SPEI_6__Saline",3.89179536968623,0.817402255195771,2.28968694950252,5.49390378986994,3.72785187663226,0.163943493053971,4.39780062297103,-38.5789182275391,47.3745194734812,"No meaningful change"
"SPEI_12","Saline",-2.09076216001933,"7","US-A03","SPEI_12__Saline",3.79556478599662,0.78980236353264,2.24755215347265,5.3435774185206,3.79590600007587,-0.000341214079249141,-0.00898900234205803,-40.7900998226056,40.7721218179215,"No meaningful change"
"SPEI_24","Saline",-2.09076216001933,"7","US-A03","SPEI_24__Saline",3.77718547988079,0.792191454234271,2.22449022958162,5.32988073017996,3.79486170186332,-0.0176762219825308,-0.465793574871295,-41.3815204783518,40.4499333286092,"No meaningful change"
"SPEI_36","Saline",-2.09076216001933,"7","US-A03","SPEI_36__Saline",3.74517514748155,0.797951722913912,2.18118977057028,5.30916052439282,3.78973207975865,-0.0445569322771062,-1.17572776490162,-42.4447500597671,40.0932945299638,"No meaningful change"
"SPEI_48","Saline",-2.09076216001933,"7","US-A03","SPEI_48__Saline",3.79493120736609,0.78988749645408,2.2467517143161,5.34311070041609,3.79598202691605,-0.00105081954995478,-0.0276824163682486,-40.8123721770776,40.7570073443411,"No meaningful change"
"SPEI_1","Upland",-2.05652274809562,"7","US-A03","SPEI_1__Upland",5.83356782699918,0.592210215028614,4.6728358055431,6.99429984845527,5.48919319302184,0.344374633977348,6.27368397991778,-14.8720833603841,27.4194513202196,"No meaningful change"
"SPEI_3","Upland",-2.05652274809562,"7","US-A03","SPEI_3__Upland",6.6018970052713,0.618177174575582,5.39026974310316,7.81352426743944,5.38809641457018,1.21380059070112,22.5274474936795,0.0403357394850254,45.0145592478739,"WUE increase"
"SPEI_6","Upland",-2.05652274809562,"7","US-A03","SPEI_6__Upland",6.15511405452156,0.600294087896045,4.97853764224531,7.33169046679781,5.44677574908028,0.70833830544128,13.0047267975166,-8.59661069971593,34.6060642947492,"WUE increase"
"SPEI_12","Upland",-2.05652274809562,"7","US-A03","SPEI_12__Upland",5.91585221189529,0.588406439080521,4.76257559129747,7.06912883249312,5.4960425846593,0.419809627235999,7.63839837063459,-13.3453659076277,28.6221626488969,"No meaningful change"
"SPEI_24","Upland",-2.05652274809562,"7","US-A03","SPEI_24__Upland",6.09641222571779,0.588675935411606,4.94260739231105,7.25021705912454,5.49325156310849,0.603160662609308,10.9800298726533,-10.0240115434627,31.9840712887694,"WUE increase"
"SPEI_36","Upland",-2.05652274809562,"7","US-A03","SPEI_36__Upland",5.96890713324442,0.588604264113857,4.81524277558126,7.12257149090758,5.50528577568923,0.463621357555197,8.42138585434567,-12.5341903803636,29.3769620890549,"No meaningful change"
"SPEI_48","Upland",-2.05652274809562,"7","US-A03","SPEI_48__Upland",5.82589788358571,0.588628883852619,4.67218527123458,6.97961049593685,5.50702674358798,0.318871139997735,5.79025951470106,-15.1595681521873,26.7400871815894,"No meaningful change"
"SPEI_1","Freshwater",-2.05652274809562,"7","US-A03","SPEI_1__Freshwater",4.22017426787319,0.684648586702893,2.87826303793552,5.56208549781086,4.21954140936123,0.00063285851196504,0.0149982770772439,-31.7873020146223,31.8172985687768,"No meaningful change"
"SPEI_3","Freshwater",-2.05652274809562,"7","US-A03","SPEI_3__Freshwater",4.21922509024987,0.684604574290034,2.8774001246414,5.56105005585834,4.21951351065009,-0.000288420400220701,-0.00683539463714776,-31.8073015436775,31.7936307544032,"No meaningful change"
"SPEI_6","Freshwater",-2.05652274809562,"7","US-A03","SPEI_6__Freshwater",4.22012402071665,0.6846521119073,2.87820588137834,5.56204216005496,4.21959154835205,0.000532472364599634,0.0126190499364231,-31.7894670989561,31.814705198829,"No meaningful change"
"SPEI_12","Freshwater",-2.05652274809562,"7","US-A03","SPEI_12__Freshwater",4.21994523425642,0.684589800488066,2.87814922529981,5.56174124321303,4.21957016391976,0.000375070336655625,0.00888882805795565,-31.7904641114877,31.8082417676036,"No meaningful change"
"SPEI_24","Freshwater",-2.05652274809562,"7","US-A03","SPEI_24__Freshwater",4.22253757270998,0.685034058980788,2.87987081710764,5.56520432831233,4.22053295499704,0.00200461771294069,0.047496790910429,-31.7652332580908,31.8602268399117,"No meaningful change"
"SPEI_36","Freshwater",-2.05652274809562,"7","US-A03","SPEI_36__Freshwater",4.22045799997585,0.68466663584034,2.87851139372878,5.56240460622291,4.21970971318329,0.000748286792561004,0.0177331343486305,-31.7841370761669,31.8196033448642,"No meaningful change"
"SPEI_48","Freshwater",-2.05652274809562,"7","US-A03","SPEI_48__Freshwater",4.2200993488483,0.684680491988663,2.87812558455052,5.56207311314608,4.21964494790908,0.000454400939223554,0.0107687007990736,-31.7922332309809,31.813770632579,"No meaningful change"
"SPEI_1","Saline",-2.05652274809562,"7","US-A03","SPEI_1__Saline",3.7972706390463,0.789911092265899,2.24904489820514,5.34549637988746,3.79571448215135,0.00155615689494404,0.0409977331609524,-40.7477851987853,40.8297806651072,"No meaningful change"
"SPEI_3","Saline",-2.05652274809562,"7","US-A03","SPEI_3__Saline",3.79666497097289,0.789822595729414,2.24861268334323,5.34471725860254,3.79581271083288,0.000852260140009165,0.0224526393933214,-40.760705160033,40.8056104388196,"No meaningful change"
"SPEI_6","Saline",-2.05652274809562,"7","US-A03","SPEI_6__Saline",3.88418787985551,0.816255404302723,2.28432728742218,5.48404847228885,3.72785187663226,0.156336003223258,4.19372894623946,-38.7226916997078,47.1101495921867,"No meaningful change"
"SPEI_12","Saline",-2.05652274809562,"7","US-A03","SPEI_12__Saline",3.79556797856454,0.789798725128676,2.24756247731234,5.34357347981675,3.79590600007587,-0.00033802151133111,-0.00890489678417626,-40.7898278495987,40.7720180560304,"No meaningful change"
"SPEI_24","Saline",-2.05652274809562,"7","US-A03","SPEI_24__Saline",3.77741546272468,0.792117726452437,2.22486471887791,5.32996620657146,3.79486170186332,-0.0174462391386361,-0.459733200028601,-41.3716521530818,40.4521857530246,"No meaningful change"
"SPEI_36","Saline",-2.05652274809562,"7","US-A03","SPEI_36__Saline",3.74489993614424,0.797730604347726,2.1813479516227,5.30845192066579,3.78973207975865,-0.0448321436144119,-1.18298979112178,-42.4405761221617,40.0745965399182,"No meaningful change"
"SPEI_48","Saline",-2.05652274809562,"7","US-A03","SPEI_48__Saline",3.79494555826126,0.789881061262075,2.24677867818759,5.34311243833492,3.79598202691605,-0.00103646865478968,-0.0273043614917148,-40.81166185044,40.7570531274566,"No meaningful change"
"SPEI_1","Upland",-2.02228333617191,"7","US-A03","SPEI_1__Upland",5.82848690074251,0.591271025539579,4.66959569068493,6.98737811080008,5.48919319302184,0.339293707720672,6.18112162916767,-14.9311105205556,27.2933537788909,"No meaningful change"
"SPEI_3","Upland",-2.02228333617191,"7","US-A03","SPEI_3__Upland",6.583424345296,0.615616287768732,5.37681642126929,7.79003226932272,5.38809641457018,1.19532793072583,22.1846054479183,-0.209350249753994,44.5785611455905,"WUE increase"
"SPEI_6","Upland",-2.02228333617191,"7","US-A03","SPEI_6__Upland",6.14335946591688,0.598698415752281,4.96991057104241,7.31680836079135,5.44677574908028,0.696583716836595,12.7889185993056,-8.75499928776024,34.3328364863714,"WUE increase"
"SPEI_12","Upland",-2.02228333617191,"7","US-A03","SPEI_12__Upland",5.90886271851628,0.587783818182981,4.75680643487764,7.06091900215493,5.4960425846593,0.412820133856989,7.51122516789197,-13.4503351892693,28.4727855250532,"No meaningful change"
"SPEI_24","Upland",-2.02228333617191,"7","US-A03","SPEI_24__Upland",6.08636095267234,0.588044963567479,4.93379282408008,7.2389290812646,5.49325156310849,0.593109389563857,10.797054945509,-10.1844733051297,31.7785831961477,"WUE increase"
"SPEI_36","Upland",-2.02228333617191,"7","US-A03","SPEI_36__Upland",5.9611871807971,0.587987469652164,4.80873174027886,7.11364262131534,5.50528577568923,0.455901405107872,8.28115784871852,-12.6524591781644,29.2147748756014,"No meaningful change"
"SPEI_48","Upland",-2.02228333617191,"7","US-A03","SPEI_48__Upland",5.82058713948087,0.588022339579948,4.66806335390417,6.97311092505757,5.50702674358798,0.313560395892894,5.69382373633801,-15.2344164781956,26.6220639508716,"No meaningful change"
"SPEI_1","Freshwater",-2.02228333617191,"7","US-A03","SPEI_1__Freshwater",4.22017032468034,0.684643872346835,2.87826833488054,5.56207231448013,4.21954140936123,0.000628915319111911,0.0149048263329431,-31.7871764809563,31.8169861336222,"No meaningful change"
"SPEI_3","Freshwater",-2.02228333617191,"7","US-A03","SPEI_3__Freshwater",4.21923143831656,0.684601283377899,2.87741292289587,5.56104995373724,4.21951351065009,-0.000282072333535055,-0.00668494917300541,-31.8069982325389,31.7936283341929,"No meaningful change"
"SPEI_6","Freshwater",-2.02228333617191,"7","US-A03","SPEI_6__Freshwater",4.22011988540176,0.684647613086526,2.87821056375217,5.56202920705135,4.21959154835205,0.000528337049709116,0.0125210472069378,-31.7893561314899,31.8143982259038,"No meaningful change"
"SPEI_12","Freshwater",-2.02228333617191,"7","US-A03","SPEI_12__Freshwater",4.21994178860564,0.684587142935143,2.87815098845276,5.56173258875851,4.21957016391976,0.000371624685873151,0.00880716924796745,-31.790422326356,31.808036664852,"No meaningful change"
"SPEI_24","Freshwater",-2.02228333617191,"7","US-A03","SPEI_24__Freshwater",4.22255138212364,0.685021859838651,2.87990853683988,5.5651942274074,4.22053295499704,0.0020184271265995,0.047823986878475,-31.7643395384434,31.8599875122003,"No meaningful change"
"SPEI_36","Freshwater",-2.02228333617191,"7","US-A03","SPEI_36__Freshwater",4.22045573912812,0.684662281523652,2.87851766734176,5.56239381091448,4.21970971318329,0.000746025944835083,0.0176795560724079,-31.7839884021251,31.8193475142699,"No meaningful change"
"SPEI_48","Freshwater",-2.02228333617191,"7","US-A03","SPEI_48__Freshwater",4.22009793092845,0.684675494839805,2.87813396104243,5.56206190081446,4.21964494790908,0.000452983019367359,0.0107350979752887,-31.7920347192101,31.8135049151607,"No meaningful change"
"SPEI_1","Saline",-2.02228333617191,"7","US-A03","SPEI_1__Saline",3.79724304796609,0.789904507921623,2.24903021243971,5.34545588349247,3.79571448215135,0.00152856581473682,0.0402708323274739,-40.7481721026342,40.8287137672892,"No meaningful change"
"SPEI_3","Saline",-2.02228333617191,"7","US-A03","SPEI_3__Saline",3.79664946248941,0.789818482500911,2.24860523678762,5.3446936881912,3.79581271083288,0.00083675165653263,0.0220440711983661,-40.760901338195,40.8049894805917,"No meaningful change"
"SPEI_6","Saline",-2.02228333617191,"7","US-A03","SPEI_6__Saline",3.8766344978701,0.815153873795893,2.27893290523015,5.47433609051005,3.72785187663226,0.148782621237843,3.99110871787785,-38.8673965423503,46.849613978106,"No meaningful change"
"SPEI_12","Saline",-2.02228333617191,"7","US-A03","SPEI_12__Saline",3.79557122199494,0.789795148184906,2.24757273155253,5.34356971243736,3.79590600007587,-0.000334778080930853,-0.00881945129632192,-40.7895577101329,40.7719188075403,"No meaningful change"
"SPEI_24","Saline",-2.02228333617191,"7","US-A03","SPEI_24__Saline",3.7776465573501,0.792045204566294,2.22523795640017,5.33005515830004,3.79486170186332,-0.0172151445132189,-0.453643528162465,-41.3618168138367,40.4545297575118,"No meaningful change"
"SPEI_36","Saline",-2.02228333617191,"7","US-A03","SPEI_36__Saline",3.74464598005772,0.797514435119024,2.18151768722443,5.307774272891,3.78973207975865,-0.045086099700939,-1.18969095313488,-42.4360972936283,40.0567153873585,"No meaningful change"
"SPEI_48","Saline",-2.02228333617191,"7","US-A03","SPEI_48__Saline",3.7949600185689,0.78987473997942,2.24680552820924,5.34311450892856,3.79598202691605,-0.00102200834714727,-0.0269234242918052,-40.8109545230223,40.7571076744387,"No meaningful change"
"SPEI_1","Upland",-1.9880439242482,"7","US-A03","SPEI_1__Upland",5.82338158816666,0.590362122440766,4.66627182818276,6.98049134815056,5.48919319302184,0.334188395144825,6.08811501788028,-14.9916633629368,27.1678933986974,"No meaningful change"
"SPEI_3","Upland",-1.9880439242482,"7","US-A03","SPEI_3__Upland",6.56480854380845,0.613172213627512,5.36299100509853,7.76662608251838,5.38809641457018,1.17671212923827,21.8391067772335,-0.465942097913515,44.1441556523806,"WUE increase"
"SPEI_6","Upland",-1.9880439242482,"7","US-A03","SPEI_6__Upland",6.13155705703063,0.597170868162787,4.96110215543157,7.30201195862969,5.44677574908028,0.684781307950347,12.572232445332,-8.91671726581956,34.0611821564836,"WUE increase"
"SPEI_12","Upland",-1.9880439242482,"7","US-A03","SPEI_12__Upland",5.90187300203706,0.587171237139904,4.75101737724285,7.05272862683128,5.4960425846593,0.40583041737777,7.38404790586111,-13.5556665717252,28.3237623834474,"No meaningful change"
"SPEI_24","Upland",-1.9880439242482,"7","US-A03","SPEI_24__Upland",6.07630964084336,0.587424061099556,4.92495848108823,7.22766080059849,5.49325156310849,0.583058077734878,10.6140793123434,-10.3452950495984,31.5734536742853,"WUE increase"
"SPEI_36","Upland",-1.9880439242482,"7","US-A03","SPEI_36__Upland",5.95346704096433,0.587380400325126,4.80220145632708,7.10473262560157,5.50528577568923,0.4481812652751,8.14092643935437,-12.7710776153873,29.052930494096,"No meaningful change"
"SPEI_48","Upland",-1.9880439242482,"7","US-A03","SPEI_48__Upland",5.81527630410862,0.587425167446328,4.66392297591381,6.96662963230342,5.50702674358798,0.308249560520639,5.59738630068475,-15.309600024293,26.5043726256625,"No meaningful change"
"SPEI_1","Freshwater",-1.9880439242482,"7","US-A03","SPEI_1__Freshwater",4.2201662570821,0.684639234068096,2.87827335830863,5.56205915585557,4.21954140936123,0.000624847720874122,0.0148084272733495,-31.7870574294385,31.8166742839852,"No meaningful change"
"SPEI_3","Freshwater",-1.9880439242482,"7","US-A03","SPEI_3__Freshwater",4.21923776954015,0.684598044303792,2.87742560270472,5.56104993637558,4.21951351065009,-0.000275741109940775,-0.00653490288026811,-31.8066977284924,31.7936279227319,"No meaningful change"
"SPEI_6","Freshwater",-1.9880439242482,"7","US-A03","SPEI_6__Freshwater",4.22011564192434,0.684643182632777,2.8782150039641,5.56201627988458,4.21959154835205,0.00052409357229255,0.0124204811363136,-31.7892509030127,31.8140918652853,"No meaningful change"
"SPEI_12","Freshwater",-1.9880439242482,"7","US-A03","SPEI_12__Freshwater",4.21993828244375,0.68458452443827,2.87815261454474,5.56172395034276,4.21957016391976,0.000368118523990546,0.00872407637958514,-31.7903837894453,31.8078319422045,"No meaningful change"
"SPEI_24","Freshwater",-1.9880439242482,"7","US-A03","SPEI_24__Freshwater",4.22256427050746,0.68500985019389,2.87994496412744,5.56518357688748,4.22053295499704,0.00203131551042013,0.048129360250939,-31.76347644158,31.8597351620819,"No meaningful change"
"SPEI_36","Freshwater",-1.9880439242482,"7","US-A03","SPEI_36__Freshwater",4.22045326762472,0.684657991349716,2.87852360457927,5.56238293067016,4.21970971318329,0.000743554441429595,0.0176209856120332,-31.7838476996145,31.8190896708385,"No meaningful change"
"SPEI_48","Freshwater",-1.9880439242482,"7","US-A03","SPEI_48__Freshwater",4.22009642387055,0.684670572957058,2.87814210087472,5.56205074686639,4.21964494790908,0.000451475961475545,0.0106993826980457,-31.791841815959,31.8132405813551,"No meaningful change"
"SPEI_1","Saline",-1.9880439242482,"7","US-A03","SPEI_1__Saline",3.79721531851555,0.789898039976452,2.2490151601617,5.34541547686939,3.79571448215135,0.00150083636419351,0.0395402860581564,-40.7485686624408,40.8276492345571,"No meaningful change"
"SPEI_3","Saline",-1.9880439242482,"7","US-A03","SPEI_3__Saline",3.7966338767864,0.789814439405941,2.24859757555075,5.34467017802204,3.79581271083288,0.000821165953521774,0.0216334686687319,-40.761103172096,40.8043701094335,"No meaningful change"
"SPEI_6","Saline",-1.9880439242482,"7","US-A03","SPEI_6__Saline",3.86914013162042,0.814096075382822,2.27351182387009,5.46476843937075,3.72785187663226,0.141288254988168,3.79007159253891,-39.0128175928496,46.5929607779275,"No meaningful change"
"SPEI_12","Saline",-1.9880439242482,"7","US-A03","SPEI_12__Saline",3.79557452037859,0.789791630064179,2.24758292545279,5.34356611530438,3.79590600007587,-0.000331479697287307,-0.00873255811078254,-40.7892891602724,40.7718240440508,"No meaningful change"
"SPEI_24","Saline",-1.9880439242482,"7","US-A03","SPEI_24__Saline",3.77787885589635,0.791973865832711,2.22561007886424,5.33014763292847,3.79486170186332,-0.0169828459669694,-0.447522131271099,-41.3520108579599,40.4569665954177,"No meaningful change"
"SPEI_36","Saline",-1.9880439242482,"7","US-A03","SPEI_36__Saline",3.74441498485247,0.797302888186308,2.18170132400731,5.30712864569764,3.78973207975865,-0.0453170949061819,-1.19578624431593,-42.4312516533821,40.0396791647502,"No meaningful change"
"SPEI_48","Saline",-1.9880439242482,"7","US-A03","SPEI_48__Saline",3.79497459653215,0.789868528866909,2.24683227995301,5.34311691311129,3.79598202691605,-0.00100743038389917,-0.0265393876144779,-40.8102497846021,40.7571710093731,"No meaningful change"
"SPEI_1","Upland",-1.95380451232449,"7","US-A03","SPEI_1__Upland",5.81825008553451,0.589482859827352,4.6628636802729,6.97363649079613,5.48919319302184,0.329056892512679,5.9946312862698,-15.0537516842987,27.0430142568383,"No meaningful change"
"SPEI_3","Upland",-1.95380451232449,"7","US-A03","SPEI_3__Upland",6.5460393397692,0.610840789625331,5.34879139210355,7.74328728743485,5.38809641457018,1.15794292519902,21.4907610425786,-0.729478825960569,43.7110009111177,"WUE increase"
"SPEI_6","Upland",-1.95380451232449,"7","US-A03","SPEI_6__Upland",6.11970380711722,0.59570983271187,4.95211253500195,7.28729507923248,5.44677574908028,0.672928058036932,12.354612876261,-9.08176207110894,33.7909878236309,"WUE increase"
"SPEI_12","Upland",-1.95380451232449,"7","US-A03","SPEI_12__Upland",5.89488304672154,0.586568720774154,4.74520835400419,7.04455773943888,5.4960425846593,0.39884046206224,7.2568662982251,-13.661361226546,28.1750938229962,"No meaningful change"
"SPEI_24","Upland",-1.95380451232449,"7","US-A03","SPEI_24__Upland",6.06625828738521,0.586813257967707,4.91610430176851,7.21641227300192,5.49325156310849,0.573006724276728,10.4311029213539,-10.506477897644,31.3686837403518,"WUE increase"
"SPEI_36","Upland",-1.95380451232449,"7","US-A03","SPEI_36__Upland",5.9457466999244,0.5867830809328,4.79565186129611,7.09584153855269,5.50528577568923,0.440460924235174,8.00069137519081,-12.8900468260301,28.8914295764117,"No meaningful change"
"SPEI_48","Upland",-1.95380451232449,"7","US-A03","SPEI_48__Upland",5.80996537054565,0.586837391103177,4.65976408398342,6.96016665710788,5.50702674358798,0.302938626957674,5.50094708202382,-15.3851197579719,26.3870139220196,"No meaningful change"
"SPEI_1","Freshwater",-1.95380451232449,"7","US-A03","SPEI_1__Freshwater",4.22016205516395,0.684634668641486,2.87827810462664,5.56204600570126,4.21954140936123,0.000620645802725583,0.0147088449315524,-31.7869449452241,31.8163626350872,"No meaningful change"
"SPEI_3","Freshwater",-1.95380451232449,"7","US-A03","SPEI_3__Freshwater",4.21924408245406,0.684594854486534,2.87743816766045,5.56104999724767,4.21951351065009,-0.000269428196031818,-0.00638529051635404,-31.8063999463973,31.7936293653646,"No meaningful change"
"SPEI_6","Freshwater",-1.95380451232449,"7","US-A03","SPEI_6__Freshwater",4.22011128227689,0.684638817565289,2.87821919984892,5.56200336470486,4.21959154835205,0.000519733924840615,0.0123171619547773,-31.7891514648378,31.8137857887473,"No meaningful change"
"SPEI_12","Freshwater",-1.95380451232449,"7","US-A03","SPEI_12__Freshwater",4.21993471112634,0.684581943010569,2.87815410282562,5.56171531942705,4.21957016391976,0.000364547206574528,0.00863943938393674,-31.7903485185333,31.8076273973012,"No meaningful change"
"SPEI_24","Freshwater",-1.95380451232449,"7","US-A03","SPEI_24__Freshwater",4.22257616652875,0.684998013553996,2.87998005996291,5.56517227309458,4.22053295499704,0.00204321153170728,0.0484112208930427,-31.7626448917295,31.8594673335155,"No meaningful change"
"SPEI_36","Freshwater",-1.95380451232449,"7","US-A03","SPEI_36__Freshwater",4.22045056919702,0.684653760926202,2.87852919778166,5.56237194061238,4.21970971318329,0.000740856013734081,0.0175570374288896,-31.7837151501556,31.8188292250134,"No meaningful change"
"SPEI_48","Freshwater",-1.95380451232449,"7","US-A03","SPEI_48__Freshwater",4.22009482000431,0.684665722400131,2.87815000410005,5.56203963590856,4.21964494790908,0.000449872095226844,0.0106613731908834,-31.7916545199797,31.8129772663614,"No meaningful change"
"SPEI_1","Saline",-1.95380451232449,"7","US-A03","SPEI_1__Saline",3.79718744211733,0.789891680733873,2.24899974787894,5.34537513635572,3.79571448215135,0.00147295996597929,0.0388058683788155,-40.7489747067529,40.8265864435105,"No meaningful change"
"SPEI_3","Saline",-1.95380451232449,"7","US-A03","SPEI_3__Saline",3.79661820929361,0.7898104622199,2.2485897033426,5.34464671524461,3.79581271083288,0.000805498460729748,0.0212207114020914,-40.7613105639973,40.8037519868015,"No meaningful change"
"SPEI_6","Saline",-1.95380451232449,"7","US-A03","SPEI_6__Saline",3.86170989214734,0.813080365613378,2.26807237554512,5.45534740874956,3.72785187663226,0.133858015515087,3.59075467440552,-39.1587313390225,46.3402406878336,"No meaningful change"
"SPEI_12","Saline",-1.95380451232449,"7","US-A03","SPEI_12__Saline",3.79557787786376,0.789788168124614,2.24759306833952,5.34356268738801,3.79590600007587,-0.000328122212109871,-0.00864410794427768,-40.7890219543215,40.7717337384329,"No meaningful change"
"SPEI_24","Saline",-1.95380451232449,"7","US-A03","SPEI_24__Saline",3.77811245263671,0.79190368734614,2.22598122543827,5.33024367983514,3.79486170186332,-0.0167492492266152,-0.441366525119774,-41.3422306181728,40.4594975679332,"No meaningful change"
"SPEI_36","Saline",-1.95380451232449,"7","US-A03","SPEI_36__Saline",3.74420868363258,0.797095633910917,2.18190124116718,5.30651612609798,3.78973207975865,-0.045523396126073,-1.20122993309258,-42.4259764213692,40.023516555184,"No meaningful change"
"SPEI_48","Saline",-1.95380451232449,"7","US-A03","SPEI_48__Saline",3.79498930039933,0.789862424179117,2.24685894900826,5.3431196517904,3.79598202691605,-0.000992726516720666,-0.026152034168802,-40.8095472244988,40.7572431561612,"No meaningful change"
"SPEI_1","Upland",-1.91956510040078,"7","US-A03","SPEI_1__Upland",5.81309058091338,0.58863255034151,4.65937078224402,6.96681037958274,5.48919319302184,0.323897387891546,5.9006374252468,-15.1173839505727,26.9186588010663,"No meaningful change"
"SPEI_3","Upland",-1.91956510040078,"7","US-A03","SPEI_3__Upland",6.52710651037403,0.608617640912771,5.334215934185,7.71999708656306,5.38809641457018,1.13901009580385,21.1393785145308,-0.999991021680268,43.2787480507419,"WUE increase"
"SPEI_6","Upland",-1.91956510040078,"7","US-A03","SPEI_6__Upland",6.10779680182224,0.594313554365435,4.94294223526598,7.27265136837849,5.44677574908028,0.661021052741956,12.1360063860454,-9.2501240554905,33.5221368275813,"WUE increase"
"SPEI_12","Upland",-1.91956510040078,"7","US-A03","SPEI_12__Upland",5.88789283689991,0.58597629310804,4.73937930240815,7.03640637139167,5.4960425846593,0.391850252240618,7.12968005987364,-13.7674202955261,28.0267804152734,"No meaningful change"
"SPEI_24","Upland",-1.91956510040078,"7","US-A03","SPEI_24__Upland",6.05620688944397,0.586212583607603,4.90723022557307,7.20518355331487,5.49325156310849,0.562955326335483,10.2481257205873,-10.6680229514886,31.1642743926631,"WUE increase"
"SPEI_36","Upland",-1.91956510040078,"7","US-A03","SPEI_36__Upland",5.93802614380206,0.586195535565321,4.78908289409403,7.08696939351009,5.50528577568923,0.432740368112836,7.86045240419258,-13.0093679197885,28.7302727281737,"No meaningful change"
"SPEI_48","Upland",-1.91956510040078,"7","US-A03","SPEI_48__Upland",5.80465433184095,0.586259033595751,4.65558662599327,6.95372203768862,5.50702674358798,0.297627588252969,5.4045059541341,-15.4609766256549,26.2699885339231,"No meaningful change"
"SPEI_1","Freshwater",-1.91956510040078,"7","US-A03","SPEI_1__Freshwater",4.22015770878575,0.684630172871796,2.87828256995703,5.56203284761447,4.21954140936123,0.000616299424521571,0.0146058389936472,-31.7868391202077,31.816050798195,"No meaningful change"
"SPEI_3","Freshwater",-1.91956510040078,"7","US-A03","SPEI_3__Freshwater",4.21925037552432,0.684591711365847,2.87745062124726,5.56105012980138,4.21951351065009,-0.00026313512577314,-0.00623614843533464,-31.8061048036806,31.79363250681,"No meaningful change"
"SPEI_6","Freshwater",-1.91956510040078,"7","US-A03","SPEI_6__Freshwater",4.22010679840609,0.684634514925476,2.87822314915216,5.56199044766003,4.21959154835205,0.000515250054045957,0.0122108988071887,-31.789057870394,31.8134796680084,"No meaningful change"
"SPEI_12","Freshwater",-1.91956510040078,"7","US-A03","SPEI_12__Freshwater",4.21993106994599,0.684579396675894,2.87815545246124,5.56170668743075,4.21957016391976,0.000360906026232399,0.008553146700069,-31.7903165333887,31.8074228267888,"No meaningful change"
"SPEI_24","Freshwater",-1.91956510040078,"7","US-A03","SPEI_24__Freshwater",4.22258699782827,0.684986333501884,2.88001378416457,5.56516021149196,4.22053295499704,0.0020540428312259,0.048667854347493,-31.7618458409456,31.8591815496406,"No meaningful change"
"SPEI_36","Freshwater",-1.91956510040078,"7","US-A03","SPEI_36__Freshwater",4.22044762734858,0.684649585887227,2.87853443900961,5.56236081568755,4.21970971318329,0.000737914165293674,0.0174873205848324,-31.783590941897,31.8185655830667,"No meaningful change"
"SPEI_48","Freshwater",-1.91956510040078,"7","US-A03","SPEI_48__Freshwater",4.22009311142348,0.684660939253791,2.87815767048605,5.56202855236091,4.21964494790908,0.00044816351440069,0.0106208820868392,-31.7914728367789,31.8127146009526,"No meaningful change"
"SPEI_1","Saline",-1.91956510040078,"7","US-A03","SPEI_1__Saline",3.79715941052462,0.789885422564484,2.24898398229823,5.34533483875101,3.79571448215135,0.00144492837326426,0.0380673620225856,-40.7493900588766,40.8255247829218,"No meaningful change"
"SPEI_3","Saline",-1.91956510040078,"7","US-A03","SPEI_3__Saline",3.79660245568195,0.789806546752369,2.24858162404731,5.3446232873166,3.79581271083288,0.00078974484907679,0.0208056853496205,-40.761523411572,40.8031347822712,"No meaningful change"
"SPEI_6","Saline",-1.91956510040078,"7","US-A03","SPEI_6__Saline",3.85434907390159,0.812105062692014,2.26262315102524,5.44607499677794,3.72785187663226,0.126497197269334,3.39329998764897,-39.3049073326031,46.091507307901,"No meaningful change"
"SPEI_12","Saline",-1.91956510040078,"7","US-A03","SPEI_12__Saline",3.79558129862793,0.789784759746624,2.24760316952455,5.34355942773132,3.79590600007587,-0.000324701447938835,-0.00855399074509077,-40.7887558469671,40.7716478654769,"No meaningful change"
"SPEI_24","Saline",-1.91956510040078,"7","US-A03","SPEI_24__Saline",3.77834744343276,0.791834646264725,2.2263515367539,5.33034335011162,3.79486170186332,-0.0165142584305604,-0.435174183619175,-41.3324723886318,40.4621240213935,"No meaningful change"
"SPEI_36","Saline",-1.91956510040078,"7","US-A03","SPEI_36__Saline",3.74402882568972,0.796892343324908,2.1821198327729,5.30593781860654,3.78973207975865,-0.0457032540689304,-1.20597586074847,-42.4202084250802,40.0082567035833,"No meaningful change"
"SPEI_48","Saline",-1.91956510040078,"7","US-A03","SPEI_48__Saline",3.7950041383559,0.789856422203095,2.24688555083783,5.34312272587396,3.79598202691605,-0.000977888560148354,-0.0257611483198411,-40.8088464353647,40.757324138725,"No meaningful change"
"SPEI_1","Upland",-1.88532568847707,"7","US-A03","SPEI_1__Upland",5.80790126979612,0.587810465500686,4.65579275741477,6.96000978217746,5.48919319302184,0.31870807677428,5.80610056099755,-15.1825670239941,26.7947681459892,"No meaningful change"
"SPEI_3","Upland",-1.88532568847707,"7","US-A03","SPEI_3__Upland",6.50799993193097,0.606498191815352,5.31926347597288,7.69673638788906,5.38809641457018,1.1199035173608,20.7847713031344,-1.27750012808161,42.8470427343504,"WUE increase"
"SPEI_6","Upland",-1.88532568847707,"7","US-A03","SPEI_6__Upland",6.09583321791776,0.592980138019677,4.93359214739919,7.25807428843632,5.44677574908028,0.649057468837475,11.9163611416731,-9.4217868574403,33.2545091407864,"WUE increase"
"SPEI_12","Upland",-1.88532568847707,"7","US-A03","SPEI_12__Upland",5.88090235705373,0.585393977336483,4.73353016147423,7.02827455263324,5.4960425846593,0.384859772394437,7.00248890844966,-13.8738448882004,27.8788227050997,"No meaningful change"
"SPEI_24","Upland",-1.88532568847707,"7","US-A03","SPEI_24__Upland",6.04615544418015,0.585622066917943,4.89833619302098,7.19397469533931,5.49325156310849,0.55290388107166,10.0651476583531,-10.8299312939323,30.9602266106385,"WUE increase"
"SPEI_36","Upland",-1.88532568847707,"7","US-A03","SPEI_36__Upland",5.9303053587835,0.585617787586775,4.78249449511342,7.07811622245358,5.50528577568923,0.425019583094276,7.72020927544068,-13.1290419793932,28.5694605302746,"No meaningful change"
"SPEI_48","Upland",-1.88532568847707,"7","US-A03","SPEI_48__Upland",5.79934318107538,0.585690117354241,4.65139055106106,6.94729581108969,5.50702674358798,0.292316437487401,5.30806279137385,-15.5371715512942,26.1532971340419,"No meaningful change"
"SPEI_1","Freshwater",-1.88532568847707,"7","US-A03","SPEI_1__Freshwater",4.22015320772821,0.684625743618484,2.87828675023598,5.56201966522044,4.21954140936123,0.000611798366984218,0.0144991672703322,-31.7867400506987,31.8157383852394,"No meaningful change"
"SPEI_3","Freshwater",-1.88532568847707,"7","US-A03","SPEI_3__Freshwater",4.21925664718249,0.684588612422937,2.87746296683353,5.56105032753144,4.21951351065009,-0.000256863467606117,-0.00608751380835233,-31.8058122205135,31.7936371928968,"No meaningful change"
"SPEI_6","Freshwater",-1.88532568847707,"7","US-A03","SPEI_6__Freshwater",4.22010218228387,0.684630271800936,2.87822684955404,5.56197751501371,4.21959154835205,0.000510633931823712,0.0121015014361553,-31.7889701746577,31.81317317753,"No meaningful change"
"SPEI_12","Freshwater",-1.88532568847707,"7","US-A03","SPEI_12__Freshwater",4.21992735418639,0.684576883485835,2.87815666255416,5.56169804581863,4.21957016391976,0.000357190266631058,0.00846508655514918,-31.7902878552801,31.8072180283904,"No meaningful change"
"SPEI_24","Freshwater",-1.88532568847707,"7","US-A03","SPEI_24__Freshwater",4.22259669187136,0.684974793837076,2.88004609595069,5.56514728779203,4.22053295499704,0.00206373687432126,0.0488975420006574,-31.7610802554979,31.8588753394992,"No meaningful change"
"SPEI_36","Freshwater",-1.88532568847707,"7","US-A03","SPEI_36__Freshwater",4.22044442554724,0.684645461930155,2.87853932016414,5.56234953093035,4.21970971318329,0.000734712363956724,0.0174114432957633,-31.7834752667711,31.8182981533626,"No meaningful change"
"SPEI_48","Freshwater",-1.88532568847707,"7","US-A03","SPEI_48__Freshwater",4.22009129012271,0.684656219660506,2.87816509958812,5.5620174806573,4.21964494790908,0.000446342213634487,0.0105777196694158,-31.7912967768932,31.8124522162321,"No meaningful change"
"SPEI_1","Saline",-1.88532568847707,"7","US-A03","SPEI_1__Saline",3.79713121576836,0.789879257967524,2.24896787015201,5.34529456138471,3.79571448215135,0.001416733617007,0.0373245570410771,-40.7498145414422,40.8244636555244,"No meaningful change"
"SPEI_3","Saline",-1.88532568847707,"7","US-A03","SPEI_3__Saline",3.7965866118131,0.789802688881544,2.24857334160527,5.34459988202092,3.79581271083288,0.000773900980220787,0.020388281487444,-40.7617416110109,40.8025181739858,"No meaningful change"
"SPEI_6","Saline",-1.88532568847707,"7","US-A03","SPEI_6__Saline",3.84706305586741,0.811168452066357,2.25717288981735,5.43695322191747,3.72785187663226,0.119211179235159,3.19785182406053,-39.4511111354433,45.8468147835644,"No meaningful change"
"SPEI_12","Saline",-1.88532568847707,"7","US-A03","SPEI_12__Saline",3.79558478683842,0.789781402354108,2.24761323822437,5.34355633545247,3.79590600007587,-0.000321213237453044,-0.00846209672859717,-40.7884905954088,40.7715664019516,"No meaningful change"
"SPEI_24","Saline",-1.88532568847707,"7","US-A03","SPEI_24__Saline",3.77858392452639,0.791766719989088,2.22672115334778,5.330446695705,3.79486170186332,-0.0162777773369305,-0.428942570659107,-41.3227324659966,40.4648473246783,"No meaningful change"
"SPEI_36","Saline",-1.88532568847707,"7","US-A03","SPEI_36__Saline",3.74387715884842,0.796692690264925,2.18235948592917,5.30539483176767,3.78973207975865,-0.0458549209102324,-1.20997790728131,-42.4138846757697,39.9939288612071,"No meaningful change"
"SPEI_48","Saline",-1.88532568847707,"7","US-A03","SPEI_48__Saline",3.79501911848836,0.789850519288245,2.2469121006834,5.34312613629331,3.79598202691605,-0.000962908427691644,-0.0253665170399644,-40.808147015679,40.757413981599,"No meaningful change"
"SPEI_1","Upland",-1.85108627655336,"7","US-A03","SPEI_1__Upland",5.80268038328287,0.587015851541978,4.6521293142606,6.95323145230515,5.48919319302184,0.313487190261039,5.71098846838842,-15.2493062154445,26.6712831522214,"No meaningful change"
"SPEI_3","Upland",-1.85108627655336,"7","US-A03","SPEI_3__Upland",6.48870980063937,0.604477811485608,5.30393329012758,7.67348631115116,5.38809641457018,1.10061338606919,20.4267574554341,-1.56201964417362,42.4155345550418,"WUE increase"
"SPEI_6","Upland",-1.85108627655336,"7","US-A03","SPEI_6__Upland",6.08381045073922,0.591707588480234,4.92406357731796,7.24355732416048,5.44677574908028,0.637034701658941,11.6956293228431,-9.59672650100532,32.9879851466915,"WUE increase"
"SPEI_12","Upland",-1.85108627655336,"7","US-A03","SPEI_12__Upland",5.87391159214298,0.584821795949926,4.72766087208113,7.02016231220484,5.4960425846593,0.377869007483687,6.8752925703015,-13.9806360802752,27.7312212208782,"No meaningful change"
"SPEI_24","Upland",-1.85108627655336,"7","US-A03","SPEI_24__Upland",6.0361039488153,0.585041736288715,4.88942214568942,7.18278575194119,5.49325156310849,0.542852385706818,9.88216868407229,-10.992203988513,30.7565413566576,"No meaningful change"
"SPEI_36","Upland",-1.85108627655336,"7","US-A03","SPEI_36__Upland",5.9225843313339,0.585049859723341,4.77588660627615,7.06928205639165,5.50528577568923,0.417298555644675,7.57996174308375,-13.2490700597965,28.408993545964,"No meaningful change"
"SPEI_48","Upland",-1.85108627655336,"7","US-A03","SPEI_48__Upland",5.79403191147462,0.585130664280407,4.64717580948502,6.94088801346422,5.50702674358798,0.287005167886645,5.21161747073073,-15.6137054374052,26.0369403788667,"No meaningful change"
"SPEI_1","Freshwater",-1.85108627655336,"7","US-A03","SPEI_1__Freshwater",4.22014854172244,0.684621377871737,2.87829064109383,5.56200644235104,4.21954140936123,0.000607132361208684,0.0143885863961836,-31.7866478402552,31.8154250130476,"No meaningful change"
"SPEI_3","Freshwater",-1.85108627655336,"7","US-A03","SPEI_3__Freshwater",4.21926289580589,0.684585555239247,2.87747520753697,5.56105058407482,4.21951351065009,-0.000250614844200747,-0.00593942509173612,-31.805522123008,31.7936432728245,"No meaningful change"
"SPEI_6","Freshwater",-1.85108627655336,"7","US-A03","SPEI_6__Freshwater",4.22009742602147,0.684626085392327,2.87823029865251,5.56196455339043,4.21959154835205,0.000505877669422894,0.0119887828863546,-31.7888884345549,31.8128660003276,"No meaningful change"
"SPEI_12","Freshwater",-1.85108627655336,"7","US-A03","SPEI_12__Freshwater",4.21992355916492,0.684574401561523,2.87815773210434,5.56168938622551,4.21957016391976,0.000353395245160648,0.00837514797555499,-31.7902625079073,31.8070128038584,"No meaningful change"
"SPEI_24","Freshwater",-1.85108627655336,"7","US-A03","SPEI_24__Freshwater",4.22260517656522,0.684963378921056,2.88007695387995,5.56513339925049,4.22053295499704,0.00207222156817721,0.0490985757076896,-31.7603491172842,31.8585462686996,"No meaningful change"
"SPEI_36","Freshwater",-1.85108627655336,"7","US-A03","SPEI_36__Freshwater",4.22044094737077,0.68464138491014,2.87854383294689,5.56233806179464,4.21970971318329,0.000731234187481888,0.0173290163822728,-31.7833683214345,31.8180263541991,"No meaningful change"
"SPEI_48","Freshwater",-1.85108627655336,"7","US-A03","SPEI_48__Freshwater",4.22008934798523,0.684651559906222,2.87817229056904,5.56200640540143,4.21964494790908,0.000444400076155205,0.0105316935818359,-31.7911263601637,31.8121897473274,"No meaningful change"
"SPEI_1","Saline",-1.85108627655336,"7","US-A03","SPEI_1__Saline",3.7971028505397,0.789873179749499,2.24895141823069,5.34525428284872,3.79571448215135,0.00138836838835132,0.0365772608788114,-40.7502479755533,40.8234024973109,"No meaningful change"
"SPEI_3","Saline",-1.85108627655336,"7","US-A03","SPEI_3__Saline",3.7965706739869,0.789798884650245,2.24856486007242,5.34457648790138,3.79581271083288,0.000757963154025099,0.0199684023361307,-40.7619650554613,40.8019018601336,"No meaningful change"
"SPEI_6","Saline",-1.85108627655336,"7","US-A03","SPEI_6__Saline",3.83985733087361,0.810268829983501,2.25173042410595,5.42798423764127,3.72785187663226,0.112005454241353,3.00455752932272,-39.5971058233097,45.6062208819551,"No meaningful change"
"SPEI_12","Saline",-1.85108627655336,"7","US-A03","SPEI_12__Saline",3.79558834659515,0.789778093475119,2.24762328338392,5.34355340980639,3.79590600007587,-0.000317653480718771,-0.00836831788543821,-40.7882259639992,40.7714893282283,"No meaningful change"
"SPEI_24","Saline",-1.85108627655336,"7","US-A03","SPEI_24__Saline",3.77882199186853,0.79169988667255,2.22709021399034,5.33055376974673,3.79486170186332,-0.0160397099947875,-0.422669157795971,-41.3130071934688,40.4676688778768,"No meaningful change"
"SPEI_36","Saline",-1.85108627655336,"7","US-A03","SPEI_36__Saline",3.74375540861703,0.796496359185252,2.18262254461393,5.30488827262012,3.78973207975865,-0.0459766711416276,-1.21319054154761,-42.4069433226812,39.980562239586,"No meaningful change"
"SPEI_48","Saline",-1.85108627655336,"7","US-A03","SPEI_48__Saline",3.79503424859042,0.789844711933295,2.24693861320116,5.34312988397968,3.79598202691605,-0.000947778325623094,-0.0249679350139888,-40.8074485793434,40.7575127093154,"No meaningful change"
"SPEI_1","Upland",-1.81684686462965,"7","US-A03","SPEI_1__Upland",5.79742619874577,0.586247935421603,4.64838024531943,6.94647215217211,5.48919319302184,0.308233005723937,5.61526976525038,-15.3176053043878,26.5481448348885,"No meaningful change"
"SPEI_3","Upland",-1.81684686462965,"7","US-A03","SPEI_3__Upland",6.46922669121004,0.602551868089714,5.2882250297542,7.65022835266588,5.38809641457018,1.08113027663986,20.0651620434321,-1.85355600812766,41.9838800949919,"WUE increase"
"SPEI_6","Upland",-1.81684686462965,"7","US-A03","SPEI_6__Upland",6.07172612657554,0.590493829373629,4.91435822100323,7.22909403214786,5.44677574908028,0.624950377495262,11.4737673494413,-9.77491184884843,32.7224465477311,"WUE increase"
"SPEI_12","Upland",-1.81684686462965,"7","US-A03","SPEI_12__Upland",5.86692052768803,0.584259770769653,4.72177137697951,7.01206967839655,5.4960425846593,0.370877943028738,6.74809078197361,-14.0877949133973,27.5839764773445,"No meaningful change"
"SPEI_24","Upland",-1.81684686462965,"7","US-A03","SPEI_24__Upland",6.02605240064814,0.584471619606784,4.88048802621884,7.17161677507743,5.49325156310849,0.532800837539649,9.69918874856973,-11.1548420794132,30.5532195765526,"No meaningful change"
"SPEI_36","Upland",-1.81684686462965,"7","US-A03","SPEI_36__Upland",5.91486304827623,0.584491774092426,4.76925917105507,7.06046692549738,5.50528577568923,0.409577272586999,7.43970956776939,-13.3694531877777,28.2488723233165,"No meaningful change"
"SPEI_48","Upland",-1.81684686462965,"7","US-A03","SPEI_48__Upland",5.78872051645003,0.584580695775814,4.64294235272944,6.93449868017063,5.50702674358798,0.281693772862058,5.11516987256406,-15.6905791653295,25.9209189104576,"No meaningful change"
"SPEI_1","Freshwater",-1.81684686462965,"7","US-A03","SPEI_1__Freshwater",4.2201437005145,0.684617072779927,2.87829423786584,5.56199316316316,4.21954140936123,0.00060229115327104,0.0142738533608138,-31.7865625994278,31.8151103061495,"No meaningful change"
"SPEI_3","Freshwater",-1.81684686462965,"7","US-A03","SPEI_3__Freshwater",4.21926911972815,0.684582537518274,2.87748734619233,5.56105089326397,4.21951351065009,-0.000244390921939619,-0.0057919217777778,-31.805234443982,31.7936506004264,"No meaningful change"
"SPEI_6","Freshwater",-1.81684686462965,"7","US-A03","SPEI_6__Freshwater",4.22009252191489,0.684621953038393,2.87823349395964,5.56195154987014,4.21959154835205,0.000500973562844287,0.0118725605808918,-31.7888127090469,31.8125578302087,"No meaningful change"
"SPEI_12","Freshwater",-1.81684686462965,"7","US-A03","SPEI_12__Freshwater",4.21991968026108,0.684571949110056,2.87815866000537,5.56168070051679,4.21957016391976,0.000349516341320744,0.00828322145960149,-31.7902405174912,31.8068069604104,"No meaningful change"
"SPEI_24","Freshwater",-1.81684686462965,"7","US-A03","SPEI_24__Freshwater",4.22261238069636,0.684952073814346,2.88010631602024,5.56511844537248,4.22053295499704,0.00207942569931774,0.0492692681585565,-31.7596534198307,31.8581919561478,"No meaningful change"
"SPEI_36","Freshwater",-1.81684686462965,"7","US-A03","SPEI_36__Freshwater",4.22043717660677,0.684637350876637,2.87854796888856,5.56232638432498,4.21970971318329,0.000727463423481289,0.0172396556381245,-31.7832703065959,31.8177496178722,"No meaningful change"
"SPEI_48","Freshwater",-1.81684686462965,"7","US-A03","SPEI_48__Freshwater",4.22008727683732,0.684646956453214,2.87817924218902,5.56199531148562,4.21964494790908,0.000442328928244251,0.0104826101177881,-31.7909616159715,31.8119268362071,"No meaningful change"
"SPEI_1","Saline",-1.81684686462965,"7","US-A03","SPEI_1__Saline",3.79707430822511,0.789867181091063,2.24893463328663,5.3452139831636,3.79571448215135,0.00135982607376173,0.0358252992988819,-40.7506901833151,40.8223407819129,"No meaningful change"
"SPEI_3","Saline",-1.81684686462965,"7","US-A03","SPEI_3__Saline",3.7965546389572,0.789795130302309,2.24855618356467,5.34455309434973,3.79581271083288,0.000741928124323721,0.0195459623760237,-40.7621936364901,40.8012855612422,"No meaningful change"
"SPEI_6","Saline",-1.81684686462965,"7","US-A03","SPEI_6__Saline",3.8327374695817,0.8094045185614,2.24630461320136,5.41917032596204,3.72785187663226,0.104885592949445,2.81356653698908,-39.7426537443148,45.369786818293,"No meaningful change"
"SPEI_12","Saline",-1.81684686462965,"7","US-A03","SPEI_12__Saline",3.79559198190629,0.789774830764539,2.24763331360779,5.34355065020478,3.79590600007587,-0.000314018169586205,-0.00827254862422644,-40.7879617260579,40.7714166288095,"No meaningful change"
"SPEI_24","Saline",-1.81684686462965,"7","US-A03","SPEI_24__Saline",3.77906174052488,0.791634125416658,2.22745885470823,5.33066462634153,3.79486170186332,-0.0157999613384407,-0.416351439913681,-41.3032929865528,40.4705901067254,"No meaningful change"
"SPEI_36","Saline",-1.81684686462965,"7","US-A03","SPEI_36__Saline",3.74366526792213,0.79630304788504,2.18291129406746,5.30441924177681,3.78973207975865,-0.0460668118365204,-1.21556909214158,-42.3993240649752,39.9681858806921,"No meaningful change"
"SPEI_48","Saline",-1.81684686462965,"7","US-A03","SPEI_48__Saline",3.79504953611988,0.789838996818821,2.24696510235499,5.34313396988477,3.79598202691605,-0.000932490796167418,-0.0245652057769356,-40.8067507584992,40.7576203469453,"No meaningful change"
"SPEI_1","Upland",-1.78260745270594,"7","US-A03","SPEI_1__Upland",5.79213708351133,0.585505940877353,4.64454543939172,6.93972872763094,5.48919319302184,0.302943890489495,5.51891470816902,-15.3874663166143,26.4252957329523,"No meaningful change"
"SPEI_3","Upland",-1.78260745270594,"7","US-A03","SPEI_3__Upland",6.44954186349105,0.600715870484761,5.27213875734091,7.62694496964118,5.38809641457018,1.06144544892087,19.6998228548875,-2.15210806019912,41.551753769974,"WUE increase"
"SPEI_6","Upland",-1.78260745270594,"7","US-A03","SPEI_6__Upland",6.05957824748223,0.589336743841558,4.90447822955278,7.21467826541168,5.44677574908028,0.612802498401946,11.2507385402349,-9.95630340792124,32.4577804883911,"WUE increase"
"SPEI_12","Upland",-1.78260745270594,"7","US-A03","SPEI_12__Upland",5.85992915021266,0.583707923064202,4.71586162100682,7.0039966794185,5.4960425846593,0.363886565553366,6.6208832982673,-14.1953223912444,27.437088987779,"No meaningful change"
"SPEI_24","Upland",-1.78260745270594,"7","US-A03","SPEI_24__Upland",6.0160007971241,0.583911744282243,4.8715337783309,7.16046781591729,5.49325156310849,0.522749234015611,9.51620780534217,-11.3178465911321,30.3502622018165,"No meaningful change"
"SPEI_36","Upland",-1.78260745270594,"7","US-A03","SPEI_36__Upland",5.90714149712143,0.583943552287795,4.76261213463735,7.0516708596055,5.50528577568923,0.4018557214322,7.29945252264202,-13.4901923589771,28.0890974042611,"No meaningful change"
"SPEI_48","Upland",-1.78260745270594,"7","US-A03","SPEI_48__Upland",5.78340898976987,0.584040232829194,4.63869013342465,6.92812784611509,5.50702674358798,0.27638224618189,5.01871988371386,-15.7677935952347,25.8052333626625,"No meaningful change"
"SPEI_1","Freshwater",-1.78260745270594,"7","US-A03","SPEI_1__Freshwater",4.2201386739886,0.684612825740173,2.87829753553786,5.56197981243934,4.21954140936123,0.000597264627375971,0.0141547284273811,-31.7864844470481,31.8147939039029,"No meaningful change"
"SPEI_3","Freshwater",-1.78260745270594,"7","US-A03","SPEI_3__Freshwater",4.21927531723462,0.684579557156421,2.87749938520803,5.5610512492612,4.21951351065009,-0.00023819341547604,-0.00564504450275696,-31.8049491263579,31.7936590373524,"No meaningful change"
"SPEI_6","Freshwater",-1.78260745270594,"7","US-A03","SPEI_6__Freshwater",4.22008746262357,0.68461787229714,2.87823643292118,5.56193849232597,4.21959154835205,0.000495914271524178,0.0117526605559217,-31.7887430586672,31.8122483797791,"No meaningful change"
"SPEI_12","Freshwater",-1.78260745270594,"7","US-A03","SPEI_12__Freshwater",4.21991571299998,0.684569524476484,2.87815944502607,5.56167198097389,4.21957016391976,0.000345549080220664,0.00818920095642317,-31.7902219132099,31.8066003151228,"No meaningful change"
"SPEI_24","Freshwater",-1.78260745270594,"7","US-A03","SPEI_24__Freshwater",4.22261823517448,0.684940864704583,2.8801341403535,5.56510232999547,4.22053295499704,0.00208528017744491,0.0494079823491481,-31.7589941587005,31.8578101233987,"No meaningful change"
"SPEI_36","Freshwater",-1.78260745270594,"7","US-A03","SPEI_36__Freshwater",4.22043309754187,0.684633356189918,2.87855171940963,5.56231447567411,4.21970971318329,0.000723384358585655,0.0171429886829809,-31.783181425575,31.817467402941,"No meaningful change"
"SPEI_48","Freshwater",-1.78260745270594,"7","US-A03","SPEI_48__Freshwater",4.22008506851491,0.684642406045307,2.87818595266611,5.56198418436371,4.21964494790908,0.000440120605832206,0.0104302757996332,-31.7908025865468,31.811663138146,"No meaningful change"
"SPEI_1","Saline",-1.78260745270594,"7","US-A03","SPEI_1__Saline",3.79704558333923,0.78986125575951,2.24891752205059,5.34517364462787,3.79571448215135,0.00133110118787805,0.0350685277867265,-40.7511409874027,40.8212780429762,"No meaningful change"
"SPEI_3","Saline",-1.78260745270594,"7","US-A03","SPEI_3__Saline",3.79653850420138,0.789791422397852,2.24854731630159,5.34452969210117,3.79581271083288,0.000725793368506533,0.0191208951494153,-40.7624272429338,40.8006690332326,"No meaningful change"
"SPEI_6","Saline",-1.78260745270594,"7","US-A03","SPEI_6__Saline",3.82570909805643,0.80857390969165,2.24090423506079,5.41051396105206,3.72785187663226,0.0978572214241731,2.62502976680976,-39.8875194288774,45.1375789624969,"No meaningful change"
"SPEI_12","Saline",-1.78260745270594,"7","US-A03","SPEI_12__Saline",3.79559569659609,0.789771612076801,2.24764333692556,5.34354805626662,3.79590600007587,-0.000310303479780671,-0.00817468819761261,-40.787697670052,40.7713482936568,"No meaningful change"
"SPEI_24","Saline",-1.78260745270594,"7","US-A03","SPEI_24__Saline",3.77930326314779,0.791569416884809,2.22782720605356,5.33077932024201,3.79486170186332,-0.0155584387155341,-0.409986975490957,-41.2935864050152,40.4736124540333,"No meaningful change"
"SPEI_36","Saline",-1.78260745270594,"7","US-A03","SPEI_36__Saline",3.74360836155197,0.796112476521118,2.18322790757057,5.30398881553336,3.78973207975865,-0.0461237182066889,-1.2170706856308,-42.3909695560956,39.956828184834,"No meaningful change"
"SPEI_48","Saline",-1.78260745270594,"7","US-A03","SPEI_48__Saline",3.7950649879431,0.789833370910711,2.24699158095811,5.3431383949281,3.79598202691605,-0.000917038972944706,-0.0241581484433353,-40.8060532155991,40.7577369187124,"No meaningful change"
"SPEI_1","Upland",-1.74836804078223,"7","US-A03","SPEI_1__Upland",5.78681150717418,0.584789095510922,4.64062487997277,6.93299813437558,5.48919319302184,0.297618314152341,5.4218954168108,-15.4588895528001,26.3026803864217,"No meaningful change"
"SPEI_3","Upland",-1.74836804078223,"7","US-A03","SPEI_3__Upland",6.42964733462317,0.598965522476586,5.25567491056906,7.60361975867728,5.38809641457018,1.04155092005299,19.3305917324807,-2.45766767727151,41.118851142233,"WUE increase"
"SPEI_6","Upland",-1.74836804078223,"7","US-A03","SPEI_6__Upland",6.04736521043515,0.58823419737757,4.89442618357511,7.20030423729519,5.44677574908028,0.600589461354866,11.0265134645258,-10.1408537995793,32.193880728631,"WUE increase"
"SPEI_12","Upland",-1.74836804078223,"7","US-A03","SPEI_12__Upland",5.85293744734188,0.58316627359806,4.70993155108968,6.99594334359408,5.4960425846593,0.356894862682585,6.49366989402082,-14.303219479482,27.2905592675236,"No meaningful change"
"SPEI_24","Upland",-1.74836804078223,"7","US-A03","SPEI_24__Upland",6.00594913585384,0.583362137258385,4.86255934682741,7.14933892488028,5.49325156310849,0.512697572745355,9.33322581089356,-11.4812185285064,30.1476701502935,"No meaningful change"
"SPEI_36","Upland",-1.74836804078223,"7","US-A03","SPEI_36__Upland",5.89941966615803,0.583405215419467,4.75594544393588,7.04289388838019,5.50528577568923,0.394133890468805,7.15919039497023,-13.6112885376879,27.9296693276284,"No meaningful change"
"SPEI_48","Upland",-1.74836804078223,"7","US-A03","SPEI_48__Upland",5.77809732560551,0.58350929605316,4.63441910534131,6.9217755458697,5.50702674358798,0.271070582017531,4.92226739834064,-15.8453495665818,25.6898843632631,"No meaningful change"
"SPEI_1","Freshwater",-1.74836804078223,"7","US-A03","SPEI_1__Freshwater",4.22013345223323,0.684608634424601,2.87830052876101,5.56196637570545,4.21954140936123,0.000592042872005649,0.0140309767002684,-31.7864135098808,31.8144754632814,"No meaningful change"
"SPEI_3","Freshwater",-1.74836804078223,"7","US-A03","SPEI_3__Freshwater",4.21928148657166,0.684576612263889,2.87751132653444,5.56105164660888,4.21951351065009,-0.000232024078430371,-0.00549883482644954,-31.8046661239128,31.7936684542599,"No meaningful change"
"SPEI_6","Freshwater",-1.74836804078223,"7","US-A03","SPEI_6__Freshwater",4.22008224122097,0.684613840969864,2.87823911292004,5.56192536952191,4.21959154835205,0.000490692868924114,0.0116289186595739,-31.7886795454378,31.8119373827569,"No meaningful change"
"SPEI_12","Freshwater",-1.74836804078223,"7","US-A03","SPEI_12__Freshwater",4.2199116530828,0.684567126159628,2.87816008580993,5.56166322035567,4.21957016391976,0.000341489163034225,0.00809298458772397,-31.7902067272117,31.8063926963871,"No meaningful change"
"SPEI_24","Freshwater",-1.74836804078223,"7","US-A03","SPEI_24__Freshwater",4.22262267349657,0.684929739038144,2.88016038498181,5.56508496201134,4.22053295499704,0.00208971849953254,0.0495131425773694,-31.7583723266099,31.8573986117646,"No meaningful change"
"SPEI_36","Freshwater",-1.74836804078223,"7","US-A03","SPEI_36__Freshwater",4.22042869506843,0.684629397556183,2.87855507585831,5.56230231427855,4.21970971318329,0.000718981885146519,0.0170386574910654,-31.7831018834048,31.8171791983869,"No meaningful change"
"SPEI_48","Freshwater",-1.74836804078223,"7","US-A03","SPEI_48__Freshwater",4.22008271491698,0.684637905739456,2.87819241966765,5.56197301016631,4.21964494790908,0.000437767007901435,0.0103744986439761,-31.7906493271703,31.8113983244582,"No meaningful change"
"SPEI_1","Saline",-1.74836804078223,"7","US-A03","SPEI_1__Saline",3.79701667158167,0.789855398172106,2.24890009116434,5.34513325199899,3.79571448215135,0.00130218943031357,0.0343068330465022,-40.7516002128354,40.8202138789284,"No meaningful change"
"SPEI_3","Saline",-1.74836804078223,"7","US-A03","SPEI_3__Saline",3.79652226794975,0.78978775784783,2.248538262568,5.3445062733315,3.79581271083288,0.000709557116873594,0.0186931540338802,-40.7626657619093,40.800052069977,"No meaningful change"
"SPEI_6","Saline",-1.74836804078223,"7","US-A03","SPEI_6__Saline",3.81877786407441,0.80777547930618,2.2355379246343,5.40201780351452,3.72785187663226,0.0909259874421569,2.43909872095829,-40.0314712435976,44.9096686855142,"No meaningful change"
"SPEI_12","Saline",-1.74836804078223,"7","US-A03","SPEI_12__Saline",3.79559949427788,0.78976843548748,2.24765336072242,5.34354562783334,3.79590600007587,-0.000306505797996071,-0.00807464141603992,-40.7874336014251,40.771284318593,"No meaningful change"
"SPEI_24","Saline",-1.74836804078223,"7","US-A03","SPEI_24__Saline",3.77954664934964,0.791505743492283,2.22819539210477,5.33089790659452,3.79486170186332,-0.0153150525136763,-0.40357340311391,-41.2838841792126,40.4767373729848,"No meaningful change"
"SPEI_36","Saline",-1.74836804078223,"7","US-A03","SPEI_36__Saline",3.7435862348881,0.795924390221774,2.18357443005342,5.30359803972278,3.78973207975865,-0.0461458448705567,-1.21765454389313,-42.3818258362876,39.9465167485014,"No meaningful change"
"SPEI_48","Saline",-1.74836804078223,"7","US-A03","SPEI_48__Saline",3.79508061028173,0.789827831491003,2.24701806055937,5.3431431600041,3.79598202691605,-0.000901416634313534,-0.0237465991124797,-40.8053556464043,40.7578624481793,"No meaningful change"
"SPEI_1","Upland",-1.71412862885852,"7","US-A03","SPEI_1__Upland",5.78144803957065,0.58409663400951,4.63661863691202,6.92627744222929,5.48919319302184,0.292254846548819,5.32418583700697,-15.5318737404553,26.1802454144693,"No meaningful change"
"SPEI_3","Upland",-1.71412862885852,"7","US-A03","SPEI_3__Upland",6.40953584531515,0.59729673840437,5.23883423804258,7.58023745258771,5.38809641457018,1.02143943074497,18.9573339479014,-2.77022096568219,40.684888861485,"WUE increase"
"SPEI_6","Upland",-1.71412862885852,"7","US-A03","SPEI_6__Upland",6.03508577065103,0.587184052402387,4.88420502794235,7.18596651335971,5.44677574908028,0.58831002157075,10.8010692687337,-10.3285089574859,31.9306474949533,"WUE increase"
"SPEI_12","Upland",-1.71412862885852,"7","US-A03","SPEI_12__Upland",5.84594540774348,0.582634842652236,4.7039811161451,6.98790969934186,5.4960425846593,0.349902823084183,6.36645036304561,-14.4114871075603,27.1443878336515,"No meaningful change"
"SPEI_24","Upland",-1.71412862885852,"7","US-A03","SPEI_24__Upland",5.99589741460827,0.582822825014885,4.8535646775791,7.13823015163744,5.49325156310849,0.502645851499785,9.15024272464505,-11.6449588769135,29.9454443262036,"No meaningful change"
"SPEI_36","Upland",-1.71412862885852,"7","US-A03","SPEI_36__Upland",5.89169754443157,0.582876784134683,4.74925904752759,7.03413604133555,5.50528577568923,0.386411768742341,7.01892298577297,-13.7327426579774,27.7705886295234,"No meaningful change"
"SPEI_48","Upland",-1.71412862885852,"7","US-A03","SPEI_48__Upland",5.7727855185204,0.582987905699561,4.63012922334926,6.91544181369153,5.50702674358798,0.265758774932419,4.82581231772391,-15.9232478988725,25.5748725343204,"No meaningful change"
"SPEI_1","Freshwater",-1.71412862885852,"7","US-A03","SPEI_1__Freshwater",4.22012802557865,0.68460449677903,2.87830321189175,5.56195283926555,4.21954140936123,0.00058661621742484,0.0139023690139267,-31.7863499216735,31.8141546597014,"No meaningful change"
"SPEI_3","Freshwater",-1.71412862885852,"7","US-A03","SPEI_3__Freshwater",4.21928762596148,0.684573701164103,2.87752317167984,5.56105208024312,4.21951351065009,-0.000225884688609845,-0.00535333488184622,-31.8043854009012,31.7936787311375,"No meaningful change"
"SPEI_6","Freshwater",-1.71412862885852,"7","US-A03","SPEI_6__Freshwater",4.2200768511863,0.684609857100574,2.87824153126917,5.56191217110342,4.21959154835205,0.000485302834246859,0.0115011803556293,-31.7886222330391,31.8116245937504,"No meaningful change"
"SPEI_12","Freshwater",-1.71412862885852,"7","US-A03","SPEI_12__Freshwater",4.21990749639231,0.684564752812284,2.87816058088024,5.56165441190439,4.21957016391976,0.000337332472549967,0.00799447477931266,-31.7901949944927,31.8061839440513,"No meaningful change"
"SPEI_24","Freshwater",-1.71412862885852,"7","US-A03","SPEI_24__Freshwater",4.22262563184287,0.68491868552397,2.88018500821589,5.56506625546986,4.22053295499704,0.00209267684583381,0.0495832367179153,-31.7577889113317,31.8569553847675,"No meaningful change"
"SPEI_36","Freshwater",-1.71412862885852,"7","US-A03","SPEI_36__Freshwater",4.22042395470535,0.684625472027552,2.87855802953135,5.56228987987935,4.21970971318329,0.00071424152206756,0.0169263188848303,-31.7830318863377,31.8168845241074,"No meaningful change"
"SPEI_48","Freshwater",-1.71412862885852,"7","US-A03","SPEI_48__Freshwater",4.2200802080499,0.684633452905584,2.87819864035496,5.56196177574484,4.21964494790908,0.00043526014082218,0.0103150892123723,-31.7905019051149,31.8111320835397,"No meaningful change"
"SPEI_1","Saline",-1.71412862885852,"7","US-A03","SPEI_1__Saline",3.7969875697271,0.78984960339568,2.24888234707157,5.34509279238263,3.79571448215135,0.00127308757574651,0.0335401301054906,-40.7520676898507,40.8191479500617,"No meaningful change"
"SPEI_3","Saline",-1.71412862885852,"7","US-A03","SPEI_3__Saline",3.79650592910866,0.789784133914055,2.24852902663711,5.34448283158021,3.79581271083288,0.00069321827578106,0.018262710217569,-40.7629090808398,40.799434501275,"No meaningful change"
"SPEI_6","Saline",-1.71412862885852,"7","US-A03","SPEI_6__Saline",3.811949400691,0.807007789084614,2.23021413408516,5.39368466729685,3.72785187663226,0.0840975240587474,2.2559245067087,-40.1742824583488,44.6861314717662,"No meaningful change"
"SPEI_12","Saline",-1.71412862885852,"7","US-A03","SPEI_12__Saline",3.79560337835687,0.789765299292974,2.24766339174264,5.3435433649711,3.79590600007587,-0.000302621719005192,-0.0079723185716175,-40.7871693425045,40.7712247053613,"No meaningful change"
"SPEI_24","Saline",-1.71412862885852,"7","US-A03","SPEI_24__Saline",3.77979198550614,0.791443089414287,2.22856353025414,5.33102044075815,3.79486170186332,-0.0150697163571762,-0.397108446660305,-41.2741832156916,40.479966322371,"No meaningful change"
"SPEI_36","Saline",-1.71412862885852,"7","US-A03","SPEI_36__Saline",3.74360035389424,0.795738558977974,2.18395277829741,5.30324792949107,3.78973207975865,-0.0461317258644134,-1.21728198441277,-42.3718423272683,39.9372783584428,"No meaningful change"
"SPEI_48","Saline",-1.71412862885852,"7","US-A03","SPEI_48__Saline",3.79509640875046,0.789822376157651,2.24704455148146,5.34314826601945,3.79598202691605,-0.000885618165588742,-0.0233304098731005,-40.8046577789775,40.7579969592313,"No meaningful change"
"SPEI_1","Upland",-1.67988921693481,"7","US-A03","SPEI_1__Upland",5.77604533751969,0.583427799956168,4.6325268496056,6.91956382543378,5.48919319302184,0.286852144497857,5.22576149920391,-15.6064163401149,26.0579393385227,"No meaningful change"
"SPEI_3","Upland",-1.67988921693481,"7","US-A03","SPEI_3__Upland",6.38920075441003,0.595705644514164,5.22161769116227,7.55678381765779,5.38809641457018,1.00110433983985,18.5799262450598,-3.08975026797453,40.2496027580942,"WUE increase"
"SPEI_6","Upland",-1.67988921693481,"7","US-A03","SPEI_6__Upland",6.02273897839814,0.586184179851943,4.87381798588833,7.17165997090795,5.44677574908028,0.575963229317858,10.5743885162724,-10.5192097047266,31.6679867372715,"WUE increase"
"SPEI_12","Upland",-1.67988921693481,"7","US-A03","SPEI_12__Upland",5.83895302096889,0.582113650038867,4.69801026689271,6.97989577504506,5.4960425846593,0.342910436309591,6.23922451523087,-14.5201261721311,26.9985752025929,"No meaningful change"
"SPEI_24","Upland",-1.67988921693481,"7","US-A03","SPEI_24__Upland",5.98584563129624,0.582293833569856,4.84454971749932,7.12714154509315,5.49325156310849,0.492594068187751,8.96725850852905,-11.8090686027509,29.743585619809,"No meaningful change"
"SPEI_36","Upland",-1.67988921693481,"7","US-A03","SPEI_36__Upland",5.88397512164065,0.582358278634516,4.742552895517,7.0253973477643,5.50528577568923,0.378689345951426,6.87865010793226,-13.8545556261652,27.6118558420297,"No meaningful change"
"SPEI_48","Upland",-1.67988921693481,"7","US-A03","SPEI_48__Upland",5.76747356341578,0.582476081667775,4.62582044334694,6.90912668348462,5.50702674358798,0.260446819827806,4.72935454927748,-16.0014893929297,25.4601984914847,"No meaningful change"
"SPEI_1","Freshwater",-1.67988921693481,"7","US-A03","SPEI_1__Freshwater",4.2201223845871,0.684600411005517,2.87830557901629,5.56193919015792,4.21954140936123,0.000580975225877189,0.0137686817005344,-31.7862938225786,31.8138311859797,"No meaningful change"
"SPEI_3","Freshwater",-1.67988921693481,"7","US-A03","SPEI_3__Freshwater",4.21929373361277,0.684570822380269,2.87753492174744,5.56105254547809,4.21951351065009,-0.000219777037323787,-0.00520858712192929,-31.8041069311778,31.793689756934,"No meaningful change"
"SPEI_6","Freshwater",-1.67988921693481,"7","US-A03","SPEI_6__Freshwater",4.22007128635001,0.68460591896051,2.87824368518741,5.56189888751261,4.21959154835205,0.000479737997961749,0.0113692994325271,-31.7885711873818,31.8113097862468,"No meaningful change"
"SPEI_12","Freshwater",-1.67988921693481,"7","US-A03","SPEI_12__Freshwater",4.21990323897354,0.68456240323153,2.87816092863974,5.56164554930734,4.21957016391976,0.000333075053779552,0.00789357780153946,-31.7901867529066,31.8059739085096,"No meaningful change"
"SPEI_24","Freshwater",-1.67988921693481,"7","US-A03","SPEI_24__Freshwater",4.22262704879589,0.684907694056528,2.8802079684451,5.56504612914669,4.22053295499704,0.00209409379885273,0.0496168095636679,-31.7572448987756,31.856478517903,"No meaningful change"
"SPEI_36","Freshwater",-1.67988921693481,"7","US-A03","SPEI_36__Freshwater",4.22041886253188,0.684621576980167,2.87856057165075,5.56227715341301,4.21970971318329,0.000709149348593563,0.0168056429658663,-31.7829716423974,31.8165829283292,"No meaningful change"
"SPEI_48","Freshwater",-1.67988921693481,"7","US-A03","SPEI_48__Freshwater",4.22007754003737,0.684629045206787,2.87820461143207,5.56195046864267,4.21964494790908,0.000432592128292164,0.0102518608468829,-31.7903603984909,31.8108641201847,"No meaningful change"
"SPEI_1","Saline",-1.67988921693481,"7","US-A03","SPEI_1__Saline",3.79695827543646,0.78984386710866,2.24886429590349,5.34505225496943,3.79571448215135,0.00124379328510482,0.0327683573396664,-40.752543256919,40.8180799715983,"No meaningful change"
"SPEI_3","Saline",-1.67988921693481,"7","US-A03","SPEI_3__Saline",3.79648948713748,0.789780548188506,2.24851961268801,5.34445936158695,3.79581271083288,0.000676776304604054,0.0178295494578171,-40.7631570896279,40.7988161885435,"No meaningful change"
"SPEI_6","Saline",-1.67988921693481,"7","US-A03","SPEI_6__Saline",3.80522930924733,0.80626948284413,2.22494112287284,5.38551749562183,3.72785187663226,0.0773774326150778,2.07565738059798,-40.3157315123032,44.4670462734992,"No meaningful change"
"SPEI_12","Saline",-1.67988921693481,"7","US-A03","SPEI_12__Saline",3.7956073520574,0.789762201997148,2.24767343614299,5.34354126797181,3.79590600007587,-0.000298648018476122,-0.00786763472199134,-40.7869047310955,40.7711694616515,"No meaningful change"
"SPEI_24","Saline",-1.67988921693481,"7","US-A03","SPEI_24__Saline",3.78003935505048,0.791381440484672,2.22893173170053,5.33114697840044,3.79486170186332,-0.014822346812839,-0.390589907546856,-41.2644805842043,40.4833007691106,"No meaningful change"
"SPEI_36","Saline",-1.67988921693481,"7","US-A03","SPEI_36__Saline",3.74365211488321,0.795554776024817,2.18436475387457,5.30293947589185,3.78973207975865,-0.0460799648754442,-1.21591616255835,-42.3609714907952,39.9291391656785,"No meaningful change"
"SPEI_48","Saline",-1.67988921693481,"7","US-A03","SPEI_48__Saline",3.79511238845127,0.789817002806013,2.24707106295149,5.34315371395105,3.79598202691605,-0.00086963846477639,-0.0229094463200846,-40.8039593702433,40.7581404776031,"No meaningful change"
"SPEI_1","Upland",-1.64564980501109,"7","US-A03","SPEI_1__Upland",5.77060215145649,0.582781852089239,4.62834972136158,6.9128545815514,5.48919319302184,0.281408958434651,5.12659963931299,-15.6825136479913,25.9357129266173,"No meaningful change"
"SPEI_3","Upland",-1.64564980501109,"7","US-A03","SPEI_3__Upland",6.36863607603188,0.59418861833645,5.20402638409243,7.53324576797132,5.38809641457018,0.980539661461697,18.1982575295085,-3.41623490589353,39.8127499649106,"WUE increase"
"SPEI_6","Upland",-1.64564980501109,"7","US-A03","SPEI_6__Upland",6.01032418386198,0.585232479283356,4.8632685244666,7.15737984325736,5.44677574908028,0.563548434781698,10.3464592768824,-10.7128923879822,31.405810941747,"WUE increase"
"SPEI_12","Upland",-1.64564980501109,"7","US-A03","SPEI_12__Upland",5.8319602774951,0.581602715149089,4.69201895580288,6.97190159918731,5.4960425846593,0.335917692835801,6.11199217730634,-14.6291375379919,26.8531218926046,"No meaningful change"
"SPEI_24","Upland",-1.64564980501109,"7","US-A03","SPEI_24__Upland",5.97579378397354,0.581775188490014,4.83551441453311,7.11607315341397,5.49325156310849,0.482542220865056,8.78427312715309,-11.9735486536352,29.5420949079414,"No meaningful change"
"SPEI_36","Upland",-1.64564980501109,"7","US-A03","SPEI_36__Upland",5.87625238818108,0.581849718713109,4.73582693950339,7.01667783685878,5.50528577568923,0.370966612491856,6.73837158699384,-13.9767283214195,27.4534714954072,"No meaningful change"
"SPEI_48","Upland",-1.64564980501109,"7","US-A03","SPEI_48__Upland",5.76216145555266,0.581973843538883,4.62149272221645,6.90283018888887,5.50702674358798,0.255134711964681,4.63289400694746,-16.0800748317155,25.3458628456104,"No meaningful change"
"SPEI_1","Freshwater",-1.64564980501109,"7","US-A03","SPEI_1__Freshwater",4.2201165200943,0.68459637557943,2.87830762395862,5.56192541622999,4.21954140936123,0.000575110733077366,0.0136296975733301,-31.786245358963,31.8135047541097,"No meaningful change"
"SPEI_3","Freshwater",-1.64564980501109,"7","US-A03","SPEI_3__Freshwater",4.21929980772774,0.684567974648948,2.8775465774158,5.56105303803968,4.21951351065009,-0.000213702922351899,-0.00506463415302525,-31.8038306986612,31.7937014303552,"No meaningful change"
"SPEI_6","Freshwater",-1.64564980501109,"7","US-A03","SPEI_6__Freshwater",4.22006554091853,0.684602025063694,2.87824557179369,5.56188551004337,4.21959154835205,0.000473992566485393,0.0112331385882719,-31.7885264767443,31.8109927539208,"No meaningful change"
"SPEI_12","Freshwater",-1.64564980501109,"7","US-A03","SPEI_12__Freshwater",4.21989887705073,0.684560076368945,2.87816112736759,5.56163662673386,4.21957016391976,0.000328713130962832,0.00779020417230069,-31.7901820432361,31.8057624515807,"No meaningful change"
"SPEI_24","Freshwater",-1.64564980501109,"7","US-A03","SPEI_24__Freshwater",4.22262686559485,0.684896755801657,2.8802292242236,5.56502450696609,4.22053295499704,0.00209391059780639,0.0496124688548454,-31.7567412709464,31.8559662086561,"No meaningful change"
"SPEI_36","Freshwater",-1.64564980501109,"7","US-A03","SPEI_36__Freshwater",4.22041340524676,0.68461771013689,2.87856269337846,5.56226411711506,4.21970971318329,0.00070369206347376,0.0166763145169743,-31.782921361031,31.8162739900649,"No meaningful change"
"SPEI_48","Freshwater",-1.64564980501109,"7","US-A03","SPEI_48__Freshwater",4.22007470315485,0.684624680619775,2.87821032914009,5.56193907716961,4.21964494790908,0.000429755245771268,0.0101846304861318,-31.7902248963789,31.8105941573512,"No meaningful change"
"SPEI_1","Saline",-1.64564980501109,"7","US-A03","SPEI_1__Saline",3.79692878727372,0.789838185642972,2.2488459434135,5.34501163113395,3.79571448215135,0.00121430512236964,0.0319914769163931,-40.7530267624638,40.8170097162966,"No meaningful change"
"SPEI_3","Saline",-1.64564980501109,"7","US-A03","SPEI_3__Saline",3.7964729420538,0.789776998616107,2.24851002476623,5.34443585934137,3.79581271083288,0.000660231220921403,0.0173936722177353,-40.7634096816947,40.7981970261302,"No meaningful change"
"SPEI_6","Saline",-1.64564980501109,"7","US-A03","SPEI_6__Saline",3.79862313711693,0.805559296793709,2.21972691540126,5.3775193588326,3.72785187663226,0.070771260484678,1.89844615147673,-40.455603150022,44.2524954529754,"No meaningful change"
"SPEI_12","Saline",-1.64564980501109,"7","US-A03","SPEI_12__Saline",3.79561141840935,0.789759142325494,2.24768349945139,5.34353933736732,3.79590600007587,-0.000294581666518745,-0.00776051004721553,-40.7866396215697,40.7711186014752,"No meaningful change"
"SPEI_24","Saline",-1.64564980501109,"7","US-A03","SPEI_24__Saline",3.78028883811083,0.791320784324093,2.22930010083561,5.33127757538605,3.79486170186332,-0.0145728637524911,-0.384015674282298,-41.2547735338815,40.4867421853169,"No meaningful change"
"SPEI_36","Saline",-1.64564980501109,"7","US-A03","SPEI_36__Saline",3.74374283859607,0.795372859600886,2.18481203377833,5.30267364341381,3.78973207975865,-0.045989241162586,-1.21352222781708,-42.3491690758923,39.9221246202581,"No meaningful change"
"SPEI_48","Saline",-1.64564980501109,"7","US-A03","SPEI_48__Saline",3.79512855395045,0.789811709649224,2.24709760303797,5.34315950486293,3.79598202691605,-0.000853472965594015,-0.0224835881609113,-40.8032602076471,40.7582930313253,"No meaningful change"
"SPEI_1","Upland",-1.61141039308738,"7","US-A03","SPEI_1__Upland",5.76511739628769,0.582158083294246,4.62408755303097,6.90614723954441,5.48919319302184,0.275924203265855,5.02668048952303,-15.7601601832968,25.8135211623429,"No meaningful change"
"SPEI_3","Upland",-1.61141039308738,"7","US-A03","SPEI_3__Upland",6.34783696645691,0.592742432996046,5.18606179778466,7.50961213512916,5.38809641457018,0.959740551886732,17.8122379044936,-3.74964739382146,39.3741232028087,"WUE increase"
"SPEI_6","Upland",-1.61141039308738,"7","US-A03","SPEI_6__Upland",5.99784124647307,0.584326924864179,4.85256047373928,7.14312201920686,5.44677574908028,0.551065497392787,10.1172789697802,-10.9094866892829,31.1440446288433,"WUE increase"
"SPEI_12","Upland",-1.61141039308738,"7","US-A03","SPEI_12__Upland",5.82496716939777,0.581102057093203,4.68600713749509,6.96392720130044,5.4960425846593,0.32892458473847,5.9847532050893,-14.7385220308373,26.7080284410159,"No meaningful change"
"SPEI_24","Upland",-1.61141039308738,"7","US-A03","SPEI_24__Upland",5.96574187095233,0.581266914923419,4.82645871770243,7.10502502420223,5.49325156310849,0.472490307843842,8.60128654979115,-12.1383999575788,29.3409730571612,"No meaningful change"
"SPEI_36","Upland",-1.61141039308738,"7","US-A03","SPEI_36__Upland",5.86852933566607,0.581351123860827,4.72908113289885,7.00797753843329,5.50528577568923,0.363243559976842,6.59808727061706,-14.0992615899799,27.295436131214,"No meaningful change"
"SPEI_48","Upland",-1.61141039308738,"7","US-A03","SPEI_48__Upland",5.75684919081883,0.58148121068368,4.61714601787881,6.89655236375884,5.50702674358798,0.249822447230851,4.53643061606206,-16.1590049793254,25.2318662114495,"No meaningful change"
"SPEI_1","Freshwater",-1.61141039308738,"7","US-A03","SPEI_1__Freshwater",4.22011042343929,0.684592389367017,2.87830934027993,5.56191150659864,4.21954140936123,0.000569014078060981,0.0134852113738853,-31.7862046834216,31.8131751061694,"No meaningful change"
"SPEI_3","Freshwater",-1.61141039308738,"7","US-A03","SPEI_3__Freshwater",4.21930584650502,0.684565157012656,2.87755813876022,5.56105355424983,4.21951351065009,-0.000207664145069231,-0.00492151866666819,-31.8035567015668,31.7937136642335,"No meaningful change"
"SPEI_6","Freshwater",-1.61141039308738,"7","US-A03","SPEI_6__Freshwater",4.22005960975534,0.684598174273565,2.87824718817915,5.56187203133153,4.21959154835205,0.000468061403290143,0.0110925760924169,-31.7884881700637,31.8106733222485,"No meaningful change"
"SPEI_12","Freshwater",-1.61141039308738,"7","US-A03","SPEI_12__Freshwater",4.21989440716706,0.684557771399805,2.87816117522344,5.56162763911068,4.21957016391976,0.000324243247295186,0.00768427196845048,-31.7901809090958,31.8055494530327,"No meaningful change"
"SPEI_24","Freshwater",-1.61141039308738,"7","US-A03","SPEI_24__Freshwater",4.22262502820559,0.684885863763619,2.88024873522889,5.56500132118228,4.22053295499704,0.00209207320854787,0.0495689343231142,-31.7562789832329,31.8554168518792,"No meaningful change"
"SPEI_36","Freshwater",-1.61141039308738,"7","US-A03","SPEI_36__Freshwater",4.22040757065125,0.684613869721565,2.87856438599698,5.56225075530551,4.21970971318329,0.000697857467961249,0.0165380444484366,-31.782881248828,31.8159573377249,"No meaningful change"
"SPEI_48","Freshwater",-1.61141039308738,"7","US-A03","SPEI_48__Freshwater",4.22007168996832,0.684620357573821,2.87821578912363,5.56192759081301,4.21964494790908,0.000426742059240759,0.0101132219537148,-31.7900955019961,31.8103219459035,"No meaningful change"
"SPEI_1","Saline",-1.61141039308738,"7","US-A03","SPEI_1__Saline",3.79689910533988,0.789832556257587,2.24882729507501,5.34497091560475,3.79571448215135,0.00118462318852952,0.0312094914962649,-40.7535180622856,40.8159370452781,"No meaningful change"
"SPEI_3","Saline",-1.61141039308738,"7","US-A03","SPEI_3__Saline",3.79645629481938,0.789773483644115,2.24850026687691,5.34441232276184,3.79581271083288,0.000643583986501994,0.0169551038349513,-40.7636667515256,40.7975769591955,"No meaningful change"
"SPEI_6","Saline",-1.61141039308738,"7","US-A03","SPEI_6__Saline",3.79213631841598,0.804876107767672,2.21457914719134,5.36969348964062,3.72785187663226,0.0642844417837245,1.7244365900557,-40.5936925478918,44.0425657280032,"No meaningful change"
"SPEI_12","Saline",-1.61141039308738,"7","US-A03","SPEI_12__Saline",3.79561558010197,0.789756119319511,2.24769358623572,5.34353757396821,3.79590600007587,-0.000290419973906886,-0.00765087370185355,-40.7863738935896,40.7710721461859,"No meaningful change"
"SPEI_24","Saline",-1.61141039308738,"7","US-A03","SPEI_24__Saline",3.78054050888289,0.791261111140267,2.22966873104797,5.33141228671781,3.79486170186332,-0.0143211929804319,-0.377383791704452,-41.2450596038013,40.4902920203924,"No meaningful change"
"SPEI_36","Saline",-1.61141039308738,"7","US-A03","SPEI_36__Saline",3.7438737126271,0.795192664426981,2.18529609035022,5.30245133490398,3.78973207975865,-0.0458583671315544,-1.21006884303217,-42.3363962317519,39.9162585456876,"No meaningful change"
"SPEI_48","Saline",-1.61141039308738,"7","US-A03","SPEI_48__Saline",3.79514490888971,0.789806495351441,2.24712417800088,5.34316563977853,3.79598202691605,-0.000837118026340011,-0.0220527394598891,-40.802560126279,40.7584546473592,"No meaningful change"
"SPEI_1","Upland",-1.57717098116367,"7","US-A03","SPEI_1__Upland",5.75959019610678,0.581555832499909,4.61974076440696,6.89943962780661,5.48919319302184,0.270397003084949,4.92598809290758,-15.8393482984015,25.6913244842166,"No meaningful change"
"SPEI_3","Upland",-1.57717098116367,"7","US-A03","SPEI_3__Upland",6.32680002618587,0.591364330017287,5.16772593935199,7.48587411301975,5.38809641457018,0.938703611615693,17.4218042772454,-4.08995048088366,38.9335590353745,"WUE increase"
"SPEI_6","Upland",-1.57717098116367,"7","US-A03","SPEI_6__Upland",5.98529065462987,0.583465596796228,4.84169808490926,7.12888322435048,5.44677574908028,0.538514905549589,9.8868565617103,-11.1089145587312,30.8826276821518,"No meaningful change"
"SPEI_12","Upland",-1.57717098116367,"7","US-A03","SPEI_12__Upland",5.81797369075431,0.580611694791712,4.67997476896256,6.95597261254607,5.4960425846593,0.321931106095017,5.85750749081893,-14.8482804331715,26.5632954148094,"No meaningful change"
"SPEI_24","Upland",-1.57717098116367,"7","US-A03","SPEI_24__Upland",5.95568989086841,0.580769037620432,4.81738257713236,7.09399720460446,5.49325156310849,0.462438327759924,8.41829875160937,-12.303623422512,29.1402209257307,"No meaningful change"
"SPEI_36","Upland",-1.57717098116367,"7","US-A03","SPEI_36__Upland",5.86080595724719,0.580862513333712,4.72231543111312,6.99929648338127,5.50528577568923,0.355520181557964,6.45779703440473,-14.2221562418,27.1377503106094,"No meaningful change"
"SPEI_48","Upland",-1.57717098116367,"7","US-A03","SPEI_48__Upland",5.75153676589207,0.580998202331689,4.61278028932196,6.89029324246218,5.50702674358798,0.244510022304093,4.43996431629435,-16.2382805804824,25.1182092130711,"No meaningful change"
"SPEI_1","Freshwater",-1.57717098116367,"7","US-A03","SPEI_1__Freshwater",4.22010408662416,0.684588451688364,2.87831072131497,5.56189745193335,4.21954140936123,0.000562677262933242,0.0133350335580288,-31.7861719539162,31.8128420210323,"No meaningful change"
"SPEI_3","Freshwater",-1.57717098116367,"7","US-A03","SPEI_3__Freshwater",4.21931184814651,0.684562368869775,2.87756960516175,5.56105409113127,4.21951351065009,-0.000201662503577893,-0.00477928327682551,-31.8032849545631,31.7937263880094,"No meaningful change"
"SPEI_6","Freshwater",-1.57717098116367,"7","US-A03","SPEI_6__Freshwater",4.22005348855425,0.684594365860718,2.87824853146724,5.56185844564126,4.21959154835205,0.000461940202201916,0.0109475098930446,-31.7884563355111,31.8103513552971,"No meaningful change"
"SPEI_12","Freshwater",-1.57717098116367,"7","US-A03","SPEI_12__Freshwater",4.21988982627499,0.684555487761016,2.8781610702634,5.56161858228658,4.21957016391976,0.000319662355227734,0.0075757089658342,-31.790183396554,31.8053348144856,"No meaningful change"
"SPEI_24","Freshwater",-1.57717098116367,"7","US-A03","SPEI_24__Freshwater",4.22262148865246,0.684875013095224,2.88026646298582,5.5649765143191,4.22053295499704,0.00208853365542261,0.0494850692481816,-31.7558589472536,31.85482908575,"No meaningful change"
"SPEI_36","Freshwater",-1.57717098116367,"7","US-A03","SPEI_36__Freshwater",4.22040134796071,0.684610054543195,2.87856564105605,5.56223705486537,4.21970971318329,0.000691634777426842,0.016390577182739,-31.7828515060458,31.8156326604113,"No meaningful change"
"SPEI_48","Freshwater",-1.57717098116367,"7","US-A03","SPEI_48__Freshwater",4.22006849343647,0.684616075026414,2.8782209863847,5.56191600048824,4.21964494790908,0.000423545527390878,0.0100374683799108,-31.789972333788,31.8100472705478,"No meaningful change"
"SPEI_1","Saline",-1.57717098116367,"7","US-A03","SPEI_1__Saline",3.79686923164006,0.789826977284138,2.24880835616315,5.34493010711697,3.79571448215135,0.0011547494887032,0.0304224539051395,-40.7540170174086,40.8148619252189,"No meaningful change"
"SPEI_3","Saline",-1.57717098116367,"7","US-A03","SPEI_3__Saline",3.79643954755893,0.789770002302135,2.24849034304675,5.34438875207111,3.79581271083288,0.000626836726054236,0.0165139002845242,-40.7639281930382,40.7969559936072,"No meaningful change"
"SPEI_6","Saline",-1.57717098116367,"7","US-A03","SPEI_6__Saline",3.78577412552769,0.804218956899261,2.20950497000514,5.36204328105024,3.72785187663226,0.0579222488954332,1.55377012854277,-40.7298078591791,43.8373481162646,"No meaningful change"
"SPEI_12","Saline",-1.57717098116367,"7","US-A03","SPEI_12__Saline",3.79561983939307,0.789753132387286,2.24770369991399,5.34353597887215,3.79590600007587,-0.000286160682803072,-0.00753866620504701,-40.7861074571113,40.7710301247012,"No meaningful change"
"SPEI_24","Saline",-1.57717098116367,"7","US-A03","SPEI_24__Saline",3.78079443389954,0.791202414165153,2.23003770213584,5.33155116566324,3.79486170186332,-0.0140672679637817,-0.370692506577367,-41.2353366911668,40.493951678012,"No meaningful change"
"SPEI_36","Saline",-1.57717098116367,"7","US-A03","SPEI_36__Saline",3.744045755126,0.795014087794616,2.18581814304856,5.30227336720345,3.78973207975865,-0.0456863246326527,-1.2055291421963,-42.3226207804179,39.9115624960253,"No meaningful change"
"SPEI_48","Saline",-1.57717098116367,"7","US-A03","SPEI_48__Saline",3.79516145575303,0.789801359098808,2.24715079191937,5.3431721195867,3.79598202691605,-0.000820571163013373,-0.0216168347793792,-40.801859018679,40.7586253491202,"No meaningful change"
"SPEI_1","Upland",-1.54293156923996,"7","US-A03","SPEI_1__Upland",5.75401988439798,0.580974486619266,4.61530989062422,6.89272987817174,5.48919319302184,0.264826691376145,4.82451030713962,-15.9200682444288,25.569088858708,"No meaningful change"
"SPEI_3","Upland",-1.54293156923996,"7","US-A03","SPEI_3__Upland",6.30552329522801,0.590052002375078,5.14902137057285,7.46202521988316,5.38809641457018,0.917426880657829,17.026920271452,-4.43709662193185,38.4909371648359,"WUE increase"
"SPEI_6","Upland",-1.54293156923996,"7","US-A03","SPEI_6__Upland",5.97267351061942,0.582646691517818,4.8306859952445,7.11466102599435,5.44677574908028,0.525897761539139,9.65521229009547,-11.3110908584738,30.6215154386647,"No meaningful change"
"SPEI_12","Upland",-1.54293156923996,"7","US-A03","SPEI_12__Upland",5.81097983761751,0.580131646997339,4.67392180950273,6.9480378657323,5.4960425846593,0.314937252958215,5.7302549626758,-14.9584134855741,26.4189234109257,"No meaningful change"
"SPEI_24","Upland",-1.54293156923996,"7","US-A03","SPEI_24__Upland",5.94563784267928,0.580281580937643,4.8082859440415,7.08298974131706,5.49325156310849,0.45238627957079,8.23530971362973,-12.4692199364594,28.9398393637189,"No meaningful change"
"SPEI_36","Upland",-1.54293156923996,"7","US-A03","SPEI_36__Upland",5.85308224760574,0.580383906174083,4.71552979150453,6.99063470370694,5.50528577568923,0.347796471916509,6.31750078174584,-14.3454130514382,26.9804146149299,"No meaningful change"
"SPEI_48","Upland",-1.54293156923996,"7","US-A03","SPEI_48__Upland",5.74622417823333,0.580524837583956,4.60839549656878,6.88405285989788,5.50702674358798,0.239197434645354,4.34349506153861,-16.3179023611154,25.0048924841926,"No meaningful change"
"SPEI_1","Freshwater",-1.54293156923996,"7","US-A03","SPEI_1__Freshwater",4.22009750233294,0.684584562303266,2.87831176021854,5.56188324444734,4.21954140936123,0.000556092971715216,0.0131789907424892,-31.7861473326725,31.8125053141575,"No meaningful change"
"SPEI_3","Freshwater",-1.54293156923996,"7","US-A03","SPEI_3__Freshwater",4.21931781086365,0.684559609963836,2.87758097533454,5.56105464639277,4.21951351065009,-0.000195699786437409,-0.00463797037131083,-31.8030154881245,31.7937395473819,"No meaningful change"
"SPEI_6","Freshwater",-1.54293156923996,"7","US-A03","SPEI_6__Freshwater",4.22004717383442,0.684590599490897,2.87824959883226,5.56184474883658,4.21959154835205,0.000455625482373101,0.0107978574976302,-31.7884310400528,31.810026755048,"No meaningful change"
"SPEI_12","Freshwater",-1.54293156923996,"7","US-A03","SPEI_12__Freshwater",4.21988513173904,0.684553225143926,2.87816081045694,5.56160945302113,4.21957016391976,0.000314967819275758,0.00746445270584549,-31.7901895537322,31.8051184591438,"No meaningful change"
"SPEI_24","Freshwater",-1.54293156923996,"7","US-A03","SPEI_24__Freshwater",4.2226162050505,0.684864201038006,2.88028237101601,5.564950039085,4.22053295499704,0.00208325005346399,0.0493598812206278,-31.7554820273158,31.8542017897571,"No meaningful change"
"SPEI_36","Freshwater",-1.54293156923996,"7","US-A03","SPEI_36__Freshwater",4.2203947278135,0.684606263979342,2.87856645041399,5.56222300521301,4.21970971318329,0.000685014630215086,0.0162336908644439,-31.7828323256283,31.8152997073572,"No meaningful change"
"SPEI_48","Freshwater",-1.54293156923996,"7","US-A03","SPEI_48__Freshwater",4.22006510692871,0.684611832448125,2.87822591533038,5.56190429852703,4.21964494790908,0.000420159019626887,0.00995721262840098,-31.7898555242995,31.8097699495563,"No meaningful change"
"SPEI_1","Saline",-1.54293156923996,"7","US-A03","SPEI_1__Saline",3.79683917004428,0.789821448092919,2.24878913178216,5.3448892083064,3.79571448215135,0.00112468789292786,0.0296304661010857,-40.7545234933587,40.8137844255609,"No meaningful change"
"SPEI_3","Saline",-1.54293156923996,"7","US-A03","SPEI_3__Saline",3.79642270353004,0.789766554184167,2.24848025732907,5.34436514973101,3.79581271083288,0.000609992697162998,0.0160701473869387,-40.7641938994479,40.7963341942218,"No meaningful change"
"SPEI_6","Saline",-1.54293156923996,"7","US-A03","SPEI_6__Saline",3.77954165564968,0.803587041709878,2.20451105389832,5.35457225740104,3.72785187663226,0.0516897790174227,1.38658349977465,-40.8637701589722,43.6369371585215,"No meaningful change"
"SPEI_12","Saline",-1.54293156923996,"7","US-A03","SPEI_12__Saline",3.79562419811102,0.789750181292194,2.24771384277832,5.34353455344372,3.79590600007587,-0.000281801964849837,-0.00742383939023265,-40.7858402517503,40.7709925729698,"No meaningful change"
"SPEI_24","Saline",-1.54293156923996,"7","US-A03","SPEI_24__Saline",3.78105067193804,0.791144689574468,2.23040708037209,5.331694263504,3.79486170186332,-0.0138110299252761,-0.363940270036578,-41.2256030495938,40.4977225095207,"No meaningful change"
"SPEI_36","Saline",-1.54293156923996,"7","US-A03","SPEI_36__Saline",3.74425981479419,0.7948370681433,2.18637916123332,5.30214046835506,3.78973207975865,-0.0454722649644634,-1.19988073054914,-42.3078171433016,39.9080556822033,"No meaningful change"
"SPEI_48","Saline",-1.54293156923996,"7","US-A03","SPEI_48__Saline",3.7951781958814,0.789796300582971,2.24717744673878,5.34317894502403,3.79598202691605,-0.000803831034642322,-0.0211758387932984,-40.8011568335995,40.7588051560129,"No meaningful change"
"SPEI_1","Upland",-1.50869215731625,"7","US-A03","SPEI_1__Upland",5.74840596535921,0.580413474472739,4.61079555539265,6.88601637532578,5.48919319302184,0.259212772337379,4.72223809988878,-16.0023086588728,25.4467848586504,"No meaningful change"
"SPEI_3","Upland",-1.50869215731625,"7","US-A03","SPEI_3__Upland",6.28400598319308,0.588803511860694,5.12995109994612,7.43806086644004,5.38809641457018,0.895909568622899,16.6275712179209,-4.79102998094094,38.0461724167827,"WUE increase"
"SPEI_6","Upland",-1.50869215731625,"7","US-A03","SPEI_6__Upland",5.95999140465513,0.581868513987661,4.81952911723931,7.10045369207094,5.44677574908028,0.513215655574847,9.42237535043564,-11.5159253976425,30.3606760985138,"No meaningful change"
"SPEI_12","Upland",-1.50869215731625,"7","US-A03","SPEI_12__Upland",5.80398560762607,0.579661932260328,4.66784822039583,6.94012299485631,5.4960425846593,0.307943022966776,5.60299557769648,-15.0689218925477,26.2749130479406,"No meaningful change"
"SPEI_24","Upland",-1.50869215731625,"7","US-A03","SPEI_24__Upland",5.93558572560252,0.579804568827402,4.79916877070081,7.07200268050423,5.49325156310849,0.442334162494034,8.05231942160917,-12.6351903682873,28.7398292115056,"No meaningful change"
"SPEI_36","Upland",-1.50869215731625,"7","US-A03","SPEI_36__Upland",5.84535820266036,0.579915321189969,4.70872417312802,6.9819922321927,5.50528577568923,0.340072426971137,6.17719843850544,-14.4690327626358,26.8234296396467,"No meaningful change"
"SPEI_48","Upland",-1.50869215731625,"7","US-A03","SPEI_48__Upland",5.7409114259346,0.580061135379504,4.60399160059077,6.87783125127843,5.50702674358798,0.233884682346624,4.24702281714801,-16.3978710299281,24.8919166642241,"No meaningful change"
"SPEI_1","Freshwater",-1.50869215731625,"7","US-A03","SPEI_1__Freshwater",4.22009066381921,0.684580721337055,2.87831244999858,5.56186887763984,4.21954140936123,0.000549254457979487,0.0130169230419434,-31.7861309853975,31.8121648314814,"No meaningful change"
"SPEI_3","Freshwater",-1.50869215731625,"7","US-A03","SPEI_3__Freshwater",4.2193237328804,0.684556880325366,2.87759224744268,5.56105521831812,4.21951351065009,-0.000189777769690203,-0.00449762204128987,-31.8027483457604,31.7937531016778,"No meaningful change"
"SPEI_6","Freshwater",-1.50869215731625,"7","US-A03","SPEI_6__Freshwater",4.22004066278191,0.684586875158284,2.87825038747168,5.56183093809215,4.21959154835205,0.000449114429863506,0.0106435522186717,-31.788412350106,31.8096994545434,"No meaningful change"
"SPEI_12","Freshwater",-1.50869215731625,"7","US-A03","SPEI_12__Freshwater",4.21988032126104,0.684550983451438,2.87816039369622,5.56160024882586,4.21957016391976,0.000310157341276707,0.00735044872410858,-31.7901994305847,31.8049003280329,"No meaningful change"
"SPEI_24","Freshwater",-1.50869215731625,"7","US-A03","SPEI_24__Freshwater",4.22260914048933,0.684853426570714,2.88029642441073,5.56492185656793,4.22053295499704,0.00207618549228883,0.0491924956972711,-31.7551490505362,31.8535340419308,"No meaningful change"
"SPEI_36","Freshwater",-1.50869215731625,"7","US-A03","SPEI_36__Freshwater",4.22038770201172,0.684602497880143,2.87856680616664,5.5622085978568,4.21970971318329,0.00067798882843384,0.0160671912173403,-31.7828238948908,31.8149582773255,"No meaningful change"
"SPEI_48","Freshwater",-1.50869215731625,"7","US-A03","SPEI_48__Freshwater",4.22006152416171,0.684607629736058,2.87823056987904,5.56189247844439,4.21964494790908,0.000416576252632694,0.00987230579291076,-31.7897452176572,31.809489829243,"No meaningful change"
"SPEI_1","Saline",-1.50869215731625,"7","US-A03","SPEI_1__Saline",3.79680892591149,0.789815968919635,2.24876962682901,5.34484822499398,3.79571448215135,0.00109444376014034,0.02883366926798,-40.7550373611231,40.8127046996591,"No meaningful change"
"SPEI_3","Saline",-1.50869215731625,"7","US-A03","SPEI_3__Saline",3.79640576688948,0.789763139354409,2.24847001375484,5.34434152002413,3.79581271083288,0.000593056056607644,0.0156239546517962,-40.7644637645601,40.7957116738637,"No meaningful change"
"SPEI_6","Saline",-1.50869215731625,"7","US-A03","SPEI_6__Saline",3.77344385393979,0.802979684965962,2.19960367140651,5.34728403647308,3.72785187663226,0.0455919773075371,1.22300935810585,-40.9954111858749,43.4414299020866,"No meaningful change"
"SPEI_12","Saline",-1.50869215731625,"7","US-A03","SPEI_12__Saline",3.7956286577366,0.789747266093405,2.24772401619353,5.34353329927967,3.79590600007587,-0.000277342339272124,-0.00730635424761784,-40.7855722415519,40.7709595330566,"No meaningful change"
"SPEI_24","Saline",-1.50869215731625,"7","US-A03","SPEI_24__Saline",3.78130927539657,0.791087936000948,2.23077692083472,5.33184162995843,3.79486170186332,-0.0135524264667475,-0.357125701315889,-41.2158572276987,40.501605825067,"No meaningful change"
"SPEI_36","Saline",-1.50869215731625,"7","US-A03","SPEI_36__Saline",3.74451660254227,0.794661577832081,2.18697990999139,5.30205329509315,3.78973207975865,-0.0452154772163853,-1.19310484922894,-42.2919651319872,39.9057554335293,"No meaningful change"
"SPEI_48","Saline",-1.50869215731625,"7","US-A03","SPEI_48__Saline",3.79519512969704,0.789791319916768,2.24720414266017,5.3431861167339,3.79598202691605,-0.000786897219008598,-0.0207297403788788,-40.8004535657441,40.7589940849864,"No meaningful change"
"SPEI_1","Upland",-1.47445274539254,"7","US-A03","SPEI_1__Upland",5.74274811441187,0.579872266921866,4.60619847124502,6.87929775757873,5.48919319302184,0.253554921390037,4.61916555810734,-16.0860565610868,25.3243876773015,"No meaningful change"
"SPEI_3","Upland",-1.47445274539254,"7","US-A03","SPEI_3__Upland",6.26224846963691,0.587617258603747,5.11051864277357,7.41397829650025,5.38809641457018,0.874152055066733,16.223764160992,-5.15168531591233,37.5992136378964,"WUE increase"
"SPEI_6","Upland",-1.47445274539254,"7","US-A03","SPEI_6__Upland",5.9472464029799,0.581129480932883,4.80823262035145,7.08626018560835,5.44677574908028,0.500470653899615,9.18838367788728,-11.7233232676535,30.100090623428,"No meaningful change"
"SPEI_12","Upland",-1.47445274539254,"7","US-A03","SPEI_12__Upland",5.79699099998107,0.579202568934581,4.66175396486929,6.93222803509285,5.4960425846593,0.300948415321774,5.47572932134459,-15.179806323166,26.1312649658551,"No meaningful change"
"SPEI_24","Upland",-1.47445274539254,"7","US-A03","SPEI_24__Upland",5.92553353911392,0.579338024836627,4.79003101043413,7.06103606779371,5.49325156310849,0.432281976005436,7.86932786600472,-12.8015355676961,28.5401912997055,"No meaningful change"
"SPEI_36","Upland",-1.47445274539254,"7","US-A03","SPEI_36__Upland",5.83763381955832,0.579456776962204,4.7018985367124,6.97336910240424,5.50528577568923,0.332348043869092,6.03688995286506,-14.5930160887288,26.6667959944589,"No meaningful change"
"SPEI_48","Upland",-1.47445274539254,"7","US-A03","SPEI_48__Upland",5.73559850771106,0.57960711449707,4.5995685632968,6.87162845212532,5.50702674358798,0.228571764123085,4.15054755979203,-16.4781872786029,24.7792823981869,"No meaningful change"
"SPEI_1","Freshwater",-1.47445274539254,"7","US-A03","SPEI_1__Freshwater",4.22008356492104,0.684576929265091,2.87831278356146,5.56185434628062,4.21954140936123,0.000542155559813295,0.0128486844236319,-31.7861230802047,31.811820449052,"No meaningful change"
"SPEI_3","Freshwater",-1.47445274539254,"7","US-A03","SPEI_3__Freshwater",4.21932961243794,0.684554180260057,2.87760341912823,5.56105580574766,4.21951351065009,-0.000183898212146261,-0.00435827996952966,-31.802483583353,31.793767023414,"No meaningful change"
"SPEI_6","Freshwater",-1.47445274539254,"7","US-A03","SPEI_6__Freshwater",4.22003395324374,0.684583193172209,2.87825089462621,5.56181701186126,4.21959154835205,0.000442404891686898,0.0104845430325994,-31.7884003310628,31.809369417128,"No meaningful change"
"SPEI_12","Freshwater",-1.47445274539254,"7","US-A03","SPEI_12__Freshwater",4.21987539288192,0.684548762789966,2.87815981781358,5.56159096795025,4.21957016391976,0.000305228962155013,0.00723365059230277,-31.7902130784828,31.8046803796674,"No meaningful change"
"SPEI_24","Freshwater",-1.47445274539254,"7","US-A03","SPEI_24__Freshwater",4.22260026304212,0.684842690341859,2.88030858997208,5.56489193611217,4.22053295499704,0.00206730804508304,0.048982156214072,-31.7548608034954,31.8528251159235,"No meaningful change"
"SPEI_36","Freshwater",-1.47445274539254,"7","US-A03","SPEI_36__Freshwater",4.22038026352565,0.684598756549807,2.87856670068803,5.56219382636327,4.21970971318329,0.000670550342360521,0.0158909116488648,-31.782826394556,31.8146082178537,"No meaningful change"
"SPEI_48","Freshwater",-1.47445274539254,"7","US-A03","SPEI_48__Freshwater",4.2200577392115,0.684603467196995,2.87823494350539,5.56188053491761,4.21964494790908,0.000412791302421667,0.00978260748279813,-31.7896415685018,31.8092067834673,"No meaningful change"
"SPEI_1","Saline",-1.47445274539254,"7","US-A03","SPEI_1__Saline",3.7967785060622,0.789810540827745,2.24874984603982,5.34480716608458,3.79571448215135,0.00106402391084393,0.0280322430953988,-40.7555584959262,40.811622982117,"No meaningful change"
"SPEI_3","Saline",-1.47445274539254,"7","US-A03","SPEI_3__Saline",3.79638874267068,0.789759758327335,2.24845961634911,5.34431786899226,3.79581271083288,0.000576031837807633,0.0151754546836227,-40.7647376823355,40.7950885917027,"No meaningful change"
"SPEI_6","Saline",-1.47445274539254,"7","US-A03","SPEI_6__Saline",3.76748550509111,0.802396324240827,2.19478870957909,5.34018230060313,3.72785187663226,0.0396336284588532,1.06317605340742,-41.1245730191978,43.2509251260127,"No meaningful change"
"SPEI_12","Saline",-1.47445274539254,"7","US-A03","SPEI_12__Saline",3.79563321940557,0.78974438713339,2.24773422062412,5.34353221818701,3.79590600007587,-0.000272780670307338,-0.00718618085647762,-40.7853034142786,40.7709310525657,"No meaningful change"
"SPEI_24","Saline",-1.47445274539254,"7","US-A03","SPEI_24__Saline",3.78157029023116,0.791032154440299,2.23114726752818,5.33199331293415,3.79486170186332,-0.0132914116321565,-0.350247589408338,-41.2060980659016,40.5056028870849,"No meaningful change"
"SPEI_36","Saline",-1.47445274539254,"7","US-A03","SPEI_36__Saline",3.7448166917475,0.794487621541325,2.1876209535265,5.3020124299685,3.78973207975865,-0.0449153880111552,-1.18518636847847,-42.27504985878,39.9046771218231,"No meaningful change"
"SPEI_48","Saline",-1.47445274539254,"7","US-A03","SPEI_48__Saline",3.79521225671522,0.789786417615954,2.24723087818795,5.34319363524249,3.79598202691605,-0.000769770200827136,-0.0202785523052783,-40.7997492545122,40.7591921499016,"No meaningful change"
"SPEI_1","Upland",-1.44021333346883,"7","US-A03","SPEI_1__Upland",5.73704616802685,0.579350374578824,4.60151943385236,6.87257290220135,5.48919319302184,0.247852975005017,4.5152897026853,-16.1712974558435,25.2018768612141,"No meaningful change"
"SPEI_3","Upland",-1.44021333346883,"7","US-A03","SPEI_3__Upland",6.24025223325944,0.586491931875056,5.09072804678433,7.38977641973455,5.38809641457018,0.852155818689266,15.8155265444938,-5.51898750329925,37.1500405922869,"WUE increase"
"SPEI_6","Upland",-1.44021333346883,"7","US-A03","SPEI_6__Upland",5.93444101150329,0.580428118090493,4.79680190004592,7.07208012296065,5.44677574908028,0.487665262423003,8.95328327966041,-11.9331854105452,29.839751969866,"No meaningful change"
"SPEI_12","Upland",-1.44021333346883,"7","US-A03","SPEI_12__Upland",5.78999601533473,0.578753575166757,4.65563900800788,6.92435302266157,5.4960425846593,0.293953430675434,5.34845620548729,-15.2910674127083,25.9879798236829,"No meaningful change"
"SPEI_24","Upland",-1.44021333346883,"7","US-A03","SPEI_24__Upland",5.91548128293027,0.57888197210104,4.78087261761223,7.05008994824831,5.49325156310849,0.422229719821783,7.68633504166073,-12.9682563653272,28.3409264486487,"No meaningful change"
"SPEI_36","Upland",-1.44021333346883,"7","US-A03","SPEI_36__Upland",5.82990909659374,0.579008291838323,4.69505284459063,6.96476534859685,5.50528577568923,0.324623320904514,5.89657529383883,-14.7173637139148,26.5105143015924,"No meaningful change"
"SPEI_48","Upland",-1.44021333346883,"7","US-A03","SPEI_48__Upland",5.73028542285716,0.57916279354268,4.5951263475135,6.86544449820081,5.50702674358798,0.22325867926918,4.05406927665873,-16.5588517821569,24.6669903354743,"No meaningful change"
"SPEI_1","Freshwater",-1.44021333346883,"7","US-A03","SPEI_1__Freshwater",4.22007620003367,0.68457318688083,2.87831275374724,5.56183964632009,4.21954140936123,0.000534790672439556,0.0126741420584972,-31.7861237867797,31.8114720708967,"No meaningful change"
"SPEI_3","Freshwater",-1.44021333346883,"7","US-A03","SPEI_3__Freshwater",4.21933544779633,0.684551510323887,2.87761448756151,5.56105640803115,4.21951351065009,-0.000178062853763983,-0.00421998539202566,-31.8022212679641,31.7937812971801,"No meaningful change"
"SPEI_6","Freshwater",-1.44021333346883,"7","US-A03","SPEI_6__Freshwater",4.22002704368289,0.684579554128829,2.87825111759039,5.56180296977539,4.21959154835205,0.00043549533084164,0.0103207935140481,-31.78839504704,31.8090366340681,"No meaningful change"
"SPEI_12","Freshwater",-1.44021333346883,"7","US-A03","SPEI_12__Freshwater",4.21987034496161,0.684546563451485,2.8781590805967,5.56158160932652,4.21957016391976,0.000300181041846592,0.00711401944239125,-31.7902305498568,31.8044585887416,"No meaningful change"
"SPEI_24","Freshwater",-1.44021333346883,"7","US-A03","SPEI_24__Freshwater",4.22258954545745,0.684831994521123,2.88031883619605,5.56486025471885,4.22053295499704,0.00205659046040907,0.0487282170839135,-31.7546180326397,31.8520744668075,"No meaningful change"
"SPEI_36","Freshwater",-1.44021333346883,"7","US-A03","SPEI_36__Freshwater",4.22037240642322,0.684595040706192,2.87856612663908,5.56217868620736,4.21970971318329,0.000662693239934953,0.0157047115792007,-31.7828399985473,31.8142494217057,"No meaningful change"
"SPEI_48","Freshwater",-1.44021333346883,"7","US-A03","SPEI_48__Freshwater",4.2200537464975,0.684599345510849,2.87823902929624,5.56186846369877,4.21964494790908,0.000408798588421355,0.00968798544588268,-31.7895447406668,31.8089207115586,"No meaningful change"
"SPEI_1","Saline",-1.44021333346883,"7","US-A03","SPEI_1__Saline",3.79674791867336,0.789805165632215,2.24872979403421,5.3447660433125,3.79571448215135,0.00103343652200216,0.0272264030095442,-40.7560867760615,40.8105395820806,"No meaningful change"
"SPEI_3","Saline",-1.44021333346883,"7","US-A03","SPEI_3__Saline",3.79637163671674,0.789756412026627,2.24844906914455,5.34429420428893,3.79581271083288,0.000558925883865857,0.0147248014179082,-40.7650155465337,40.7944651493695,"No meaningful change"
"SPEI_6","Saline",-1.44021333346883,"7","US-A03","SPEI_6__Saline",3.76167123905882,0.801836494881342,2.19007170909139,5.33327076902625,3.72785187663226,0.033819362426569,0.907207784691313,-41.25110702977,43.0655225991526,"No meaningful change"
"SPEI_12","Saline",-1.44021333346883,"7","US-A03","SPEI_12__Saline",3.79563788393185,0.78974154501211,2.24774445570811,5.34353131215558,3.79590600007587,-0.000268116144027442,-0.00706329777455191,-40.7850337794671,40.770907183918,"No meaningful change"
"SPEI_24","Saline",-1.44021333346883,"7","US-A03","SPEI_24__Saline",3.78183375632056,0.790977348043896,2.23151815415452,5.3321493584866,3.79486170186332,-0.0130279455427615,-0.343304883452398,-41.1963246761056,40.5097149092008,"No meaningful change"
"SPEI_36","Saline",-1.44021333346883,"7","US-A03","SPEI_36__Saline",3.74516052699068,0.794315233081691,2.18830267015056,5.30201838383079,3.78973207975865,-0.0445715527679775,-1.17611355710444,-42.2570613411299,39.904834226921,"No meaningful change"
"SPEI_48","Saline",-1.44021333346883,"7","US-A03","SPEI_48__Saline",3.79522957560734,0.789781594562145,2.24725765026554,5.34320150094914,3.79598202691605,-0.000752451308707158,-0.0198223095729057,-40.7990439804251,40.7593993612793,"No meaningful change"
"SPEI_1","Upland",-1.40597392154512,"7","US-A03","SPEI_1__Upland",5.73130008535506,0.57884734035859,4.59675929825223,6.8658408724579,5.48919319302184,0.242106892333229,4.41060978944973,-16.2580157663993,25.0792353452988,"No meaningful change"
"SPEI_3","Upland",-1.40597392154512,"7","US-A03","SPEI_3__Upland",6.21801958941935,0.585426423963734,5.07058379845043,7.36545538038827,5.38809641457018,0.829923174849171,15.4029013401642,-5.89285327673701,36.6986559570655,"WUE increase"
"SPEI_6","Upland",-1.40597392154512,"7","US-A03","SPEI_6__Upland",5.92157806215615,0.579763045833881,4.78524249232174,7.05791363199056,5.44677574908028,0.474802313075866,8.71712614854832,-12.1454101882246,29.5796624853212,"No meaningful change"
"SPEI_12","Upland",-1.40597392154512,"7","US-A03","SPEI_12__Upland",5.78300065542287,0.578314968848079,4.64950331648064,6.91649799436511,5.4960425846593,0.286958070763576,5.22117626170767,-15.4027057676289,25.8450582910443,"No meaningful change"
"SPEI_24","Upland",-1.40597392154512,"7","US-A03","SPEI_24__Upland",5.90542895694963,0.578436433329824,4.77169354762317,7.03916436627608,5.49325156310849,0.412177393841142,7.50334094672157,-13.1353535733033,28.1420354667465,"No meaningful change"
"SPEI_36","Upland",-1.40597392154512,"7","US-A03","SPEI_36__Upland",5.82218403292335,0.57856988389908,4.68818706048115,6.95618100536554,5.50528577568923,0.31689825723412,5.75625444610905,-14.8420762972251,26.3545851894432,"No meaningful change"
"SPEI_48","Upland",-1.40597392154512,"7","US-A03","SPEI_48__Upland",5.72497217109965,0.5787281909066,4.59066491692272,6.85927942527659,5.50702674358798,0.217945427511676,3.95758796278659,-16.6398652000775,24.5550411256507,"No meaningful change"
"SPEI_1","Freshwater",-1.40597392154512,"7","US-A03","SPEI_1__Freshwater",4.22006856398396,0.684569495225195,2.87831235334258,5.56182477462534,4.21954140936123,0.000527154622729675,0.0124931733472306,-31.7861332760731,31.8111196227675,"No meaningful change"
"SPEI_3","Freshwater",-1.40597392154512,"7","US-A03","SPEI_3__Freshwater",4.2193412372326,0.684548871267565,2.87762544954818,5.56105702491703,4.21951351065009,-0.000172273417487823,-0.00408277914155276,-31.8019614752975,31.7937959170144,"No meaningful change"
"SPEI_6","Freshwater",-1.40597392154512,"7","US-A03","SPEI_6__Freshwater",4.22001993302418,0.684575958847309,2.87825105368345,5.5617888123649,4.21959154835205,0.000428384672127358,0.0101522781818696,-31.788396561569,31.8087011179327,"No meaningful change"
"SPEI_12","Freshwater",-1.40597392154512,"7","US-A03","SPEI_12__Freshwater",4.21986517610263,0.684544385872267,2.87815817979299,5.56157217241228,4.21957016391976,0.000295012182871091,0.00699152215535242,-31.7902518980907,31.8042349424014,"No meaningful change"
"SPEI_24","Freshwater",-1.40597392154512,"7","US-A03","SPEI_24__Freshwater",4.22257696402099,0.684821342460699,2.88032713279802,5.56482679524396,4.22053295499704,0.00204400902395374,0.0484301164272078,-31.7544214555234,31.8512816883778,"No meaningful change"
"SPEI_36","Freshwater",-1.40597392154512,"7","US-A03","SPEI_36__Freshwater",4.22036412560521,0.684591351388645,2.87856507688347,5.56216317432696,4.21970971318329,0.000654412421927653,0.0155084701652137,-31.782864875984,31.8138818163144,"No meaningful change"
"SPEI_48","Freshwater",-1.40597392154512,"7","US-A03","SPEI_48__Freshwater",4.22004954070512,0.68459526564763,2.87824282003577,5.56185626137448,4.21964494790908,0.000404592796045655,0.0095883137335083,-31.7894549051574,31.8086315326244,"No meaningful change"
"SPEI_1","Saline",-1.40597392154512,"7","US-A03","SPEI_1__Saline",3.79671717293636,0.789799845734091,2.24870947529754,5.34472487057518,3.79571448215135,0.00100269078500537,0.0264163911621998,-40.7566220833606,40.809454865685,"No meaningful change"
"SPEI_3","Saline",-1.40597392154512,"7","US-A03","SPEI_3__Saline",3.79635445547168,0.789753101695042,2.2484383761494,5.34427053479396,3.79581271083288,0.000541744638805408,0.0142721646212765,-40.7652972515589,40.7938415808014,"No meaningful change"
"SPEI_6","Saline",-1.40597392154512,"7","US-A03","SPEI_6__Saline",3.75600556504797,0.801299799406527,2.18545795821118,5.32655317188476,3.72785187663226,0.0281536884157148,0.755225511834146,-41.3748713592794,42.8853223829476,"No meaningful change"
"SPEI_12","Saline",-1.40597392154512,"7","US-A03","SPEI_12__Saline",3.79564265188781,0.789738740530163,2.24775472044869,5.34353058332692,3.79590600007587,-0.00026334818806717,-0.00693768992335178,-40.7847633633773,40.7708879835306,"No meaningful change"
"SPEI_24","Saline",-1.40597392154512,"7","US-A03","SPEI_24__Saline",3.78209970890554,0.790923521648224,2.23188960647502,5.33230981133606,3.79486170186332,-0.0127619929577789,-0.336296654803326,-41.1865363794644,40.5139430698577,"No meaningful change"
"SPEI_36","Saline",-1.40597392154512,"7","US-A03","SPEI_36__Saline",3.74554845557054,0.794144468499099,2.1890252973123,5.30207161382877,3.78973207975865,-0.0441836241881193,-1.16587725090406,-42.2379933134559,39.9062388116478,"No meaningful change"
"SPEI_48","Saline",-1.40597392154512,"7","US-A03","SPEI_48__Saline",3.79524708441245,0.789776851922322,2.2472844546447,5.3432097141802,3.79598202691605,-0.00073494250359607,-0.0193610638402615,-40.7983378553968,40.7596157277163,"No meaningful change"
"SPEI_1","Upland",-1.37173450962141,"7","US-A03","SPEI_1__Upland",5.7255100029857,0.57836274604053,4.59191902074626,6.85910098522514,5.48919319302184,0.236316809963865,4.30512830672974,-16.3461940712205,24.95645068468,"No meaningful change"
"SPEI_3","Upland",-1.37173450962141,"7","US-A03","SPEI_3__Upland",6.19555406370552,0.584419849564623,5.05009115855886,7.34101696885218,5.38809641457018,0.807457649135341,14.9859539809247,-6.27318499901569,36.2450929608651,"WUE increase"
"SPEI_6","Upland",-1.37173450962141,"7","US-A03","SPEI_6__Upland",5.90866084695225,0.579132992114559,4.77356018240771,7.04376151149679,5.44677574908028,0.461885097871967,8.47997272422972,-12.3598913868676,29.3198368353271,"No meaningful change"
"SPEI_12","Upland",-1.37173450962141,"7","US-A03","SPEI_12__Upland",5.77600492351861,0.577886767660269,4.64334685890449,6.90866298813274,5.4960425846593,0.279962338859318,5.09388954955983,-15.5147219589396,25.7025010580593,"No meaningful change"
"SPEI_24","Upland",-1.37173450962141,"7","US-A03","SPEI_24__Upland",5.89537656132895,0.578001430813055,4.76249375693536,7.02825936572254,5.49325156310849,0.402124998220463,7.32034558404442,-13.3028279840803,27.9435191521692,"No meaningful change"
"SPEI_36","Upland",-1.37173450962141,"7","US-A03","SPEI_36__Upland",5.81445862893544,0.578141570992207,4.68130114979072,6.94761610808017,5.50528577568923,0.309172853246216,5.61592741672906,-14.9671544670241,26.1990093004822,"No meaningful change"
"SPEI_48","Upland",-1.37173450962141,"7","US-A03","SPEI_48__Upland",5.71965875277757,0.578303324802096,4.58618423616546,6.85313326938968,5.50702674358798,0.212632009189591,3.8611036243317,-16.7212281744353,24.4434354230987,"No meaningful change"
"SPEI_1","Freshwater",-1.37173450962141,"7","US-A03","SPEI_1__Freshwater",4.22006065223144,0.684565855640416,2.87831157517623,5.56180972928666,4.21954140936123,0.000519242870216985,0.0123056706841417,-31.786151718038,31.8107630594063,"No meaningful change"
"SPEI_3","Freshwater",-1.37173450962141,"7","US-A03","SPEI_3__Freshwater",4.21934697905159,0.684546264079742,2.87763630145529,5.56105765664788,4.21951351065009,-0.00016653159850577,-0.00394670139307394,-31.8017042914518,31.7938108886657,"No meaningful change"
"SPEI_6","Freshwater",-1.37173450962141,"7","US-A03","SPEI_6__Freshwater",4.22001262084939,0.684572408420243,2.87825070034572,5.56177454135307,4.21959154835205,0.000421072497345243,0.0099789871251802,-31.7884049353115,31.8083629095619,"No meaningful change"
"SPEI_12","Freshwater",-1.37173450962141,"7","US-A03","SPEI_12__Freshwater",4.21985988525724,0.684542230666806,2.8781571131503,5.56156265736418,4.21957016391976,0.000289721337477289,0.00686613390042916,-31.7902771765587,31.8040094443595,"No meaningful change"
"SPEI_24","Freshwater",-1.37173450962141,"7","US-A03","SPEI_24__Freshwater",4.22256250009013,0.684810738968785,2.88033345171131,5.56479154846894,4.22053295499704,0.00202954509308562,0.0480874125312224,-31.7542717371502,31.8504465622126,"No meaningful change"
"SPEI_36","Freshwater",-1.37173450962141,"7","US-A03","SPEI_36__Freshwater",4.2203554171702,0.68458769003244,2.87856354470662,5.56214728963378,4.21970971318329,0.000645703986914548,0.0153020949497362,-31.78290118599,31.8135053758895,"No meaningful change"
"SPEI_48","Freshwater",-1.37173450962141,"7","US-A03","SPEI_48__Freshwater",4.22004511690827,0.68459122893405,2.87824630819753,5.561843925619,4.21964494790908,0.000400168999187045,0.00948347560344709,-31.7893722403408,31.8083391915477,"No meaningful change"
"SPEI_1","Saline",-1.37173450962141,"7","US-A03","SPEI_1__Saline",3.79668627948698,0.789794584242084,2.2486888943725,5.34468366460147,3.79571448215135,0.000971797335630242,0.0256024877582321,-40.7571642981435,40.80836927366,"No meaningful change"
"SPEI_3","Saline",-1.37173450962141,"7","US-A03","SPEI_3__Saline",3.79633720622884,0.789749828962268,2.24842754146279,5.34424687099488,3.79581271083288,0.000524495395959779,0.0138177364352809,-40.7655826894199,40.7932181622904,"No meaningful change"
"SPEI_6","Saline",-1.37173450962141,"7","US-A03","SPEI_6__Saline",3.75049281544511,0.800785919127992,2.18095241395424,5.32003321693597,3.72785187663226,0.0226409388128515,0.607345451539381,-41.4957330352804,42.7104239383592,"No meaningful change"
"SPEI_12","Saline",-1.37173450962141,"7","US-A03","SPEI_12__Saline",3.7956475235018,0.78973597473188,2.24776501302731,5.34353003397628,3.79590600007587,-0.000258476574073629,-0.0068093512871094,-40.7844922139172,40.770873511343,"No meaningful change"
"SPEI_24","Saline",-1.37173450962141,"7","US-A03","SPEI_24__Saline",3.78236817652083,0.790870682147186,2.23226163951235,5.33247471352932,3.79486170186332,-0.0124935253424896,-0.329222151530717,-41.1767327801095,40.518288477048,"No meaningful change"
"SPEI_36","Saline",-1.37173450962141,"7","US-A03","SPEI_36__Saline",3.74598068539062,0.793975411072337,2.18978887968884,5.3021724910924,3.78973207975865,-0.0437513943680332,-1.15447196390779,-42.2178445968588,39.9089006690432,"No meaningful change"
"SPEI_48","Saline",-1.37173450962141,"7","US-A03","SPEI_48__Saline",3.79526478026905,0.789772191208066,2.24731128550125,5.34321827503686,3.79598202691605,-0.00071724664699202,-0.0188948904896352,-40.7976310328577,40.7598412518784,"No meaningful change"
"SPEI_1","Upland",-1.3374950976977,"7","US-A03","SPEI_1__Upland",5.71967631781755,0.577896220750916,4.58699972514575,6.85235291048934,5.48919319302184,0.230483124795712,4.19885248507403,-16.4358118971473,24.8335168672954,"No meaningful change"
"SPEI_3","Upland",-1.3374950976977,"7","US-A03","SPEI_3__Upland",6.1728609585599,0.583471569589018,5.02925668216542,7.31646523495438,5.38809641457018,0.784764543989721,14.5647828770771,-6.65986101203389,35.789426766188,"WUE increase"
"SPEI_6","Upland",-1.3374950976977,"7","US-A03","SPEI_6__Upland",5.89569331780603,0.578536808267836,4.76176117360107,7.02962546201099,5.44677574908028,0.448917568725749,8.24189556182024,-12.5765151171292,29.0603062407697,"No meaningful change"
"SPEI_12","Upland",-1.3374950976977,"7","US-A03","SPEI_12__Upland",5.76900882510857,0.577468989134401,4.63716960640514,6.90084804381199,5.4960425846593,0.272966240449271,4.96659616887215,-15.6271165120057,25.56030884975,"No meaningful change"
"SPEI_24","Upland",-1.3374950976977,"7","US-A03","SPEI_24__Upland",5.88532409660022,0.577576986432222,4.75327320319306,7.01737499000737,5.49325156310849,0.39207253349173,7.13734896331356,-13.4706803687085,27.7453782953356,"No meaningful change"
"SPEI_36","Upland",-1.3374950976977,"7","US-A03","SPEI_36__Upland",5.8067328868018,0.577723370775707,4.67439508008142,6.93907069352219,5.50528577568923,0.301447111112576,5.47559424514773,-15.0925988125256,26.043787302821,"No meaningful change"
"SPEI_48","Upland",-1.3374950976977,"7","US-A03","SPEI_48__Upland",5.71434516910887,0.57788821331706,4.58168427100743,6.84700606721031,5.50702674358798,0.207318425520895,3.7646162834107,-16.8029413268775,24.3321738936989,"No meaningful change"
"SPEI_1","Freshwater",-1.3374950976977,"7","US-A03","SPEI_1__Freshwater",4.22005246117348,0.684562269845781,2.87831041227575,5.56179451007121,4.21954140936123,0.00051105181225175,0.0121115486891054,-31.7861792779164,31.8104023752946,"No meaningful change"
"SPEI_3","Freshwater",-1.3374950976977,"7","US-A03","SPEI_3__Freshwater",4.21935267160256,0.684543690047982,2.87764703910852,5.56105830409661,4.21951351065009,-0.000160839047529393,-0.00381179126748697,-31.8014498153564,31.7938262328215,"No meaningful change"
"SPEI_6","Freshwater",-1.3374950976977,"7","US-A03","SPEI_6__Freshwater",4.22000510768811,0.684568904284931,2.87825005528964,5.56176016008657,4.21959154835205,0.000413559336058356,0.00980093289408237,-31.7884202224802,31.8080220882683,"No meaningful change"
"SPEI_12","Freshwater",-1.3374950976977,"7","US-A03","SPEI_12__Freshwater",4.2198544718885,0.684540098676061,2.87815587848343,5.56155306529358,4.21957016391976,0.000284307968742681,0.00673784195304323,-31.7903064370479,31.803782120954,"No meaningful change"
"SPEI_24","Freshwater",-1.3374950976977,"7","US-A03","SPEI_24__Freshwater",4.22254614238733,0.684800190697209,2.8803377686208,5.56475451615386,4.22053295499704,0.00201318739028622,0.0476998381899291,-31.7541694536344,31.8495691300143,"No meaningful change"
"SPEI_36","Freshwater",-1.3374950976977,"7","US-A03","SPEI_36__Freshwater",4.22034627896183,0.684584058574335,2.87856152415613,5.56213103376753,4.21970971318329,0.000636565778543208,0.0150855348308543,-31.7829490696272,31.8131201392889,"No meaningful change"
"SPEI_48","Freshwater",-1.3374950976977,"7","US-A03","SPEI_48__Freshwater",4.22004047075318,0.684587237147884,2.87824948594332,5.56183145556303,4.21964494790908,0.000395522844097052,0.009373367877623,-31.7892969319716,31.8080436677269,"No meaningful change"
"SPEI_1","Saline",-1.3374950976977,"7","US-A03","SPEI_1__Saline",3.79665525105193,0.789789385142568,2.24866805617249,5.34464244593136,3.79571448215135,0.00094076890057293,0.0247850280888281,-40.7577132909643,40.807283347142,"No meaningful change"
"SPEI_3","Saline",-1.3374950976977,"7","US-A03","SPEI_3__Saline",3.79631989750225,0.789746595940159,2.24841656945954,5.34422322554496,3.79581271083288,0.000507186669376214,0.0133617411609575,-40.7658717448629,40.7925952271848,"No meaningful change"
"SPEI_6","Saline",-1.3374950976977,"7","US-A03","SPEI_6__Saline",3.74513706242454,0.800294629775584,2.17655958806439,5.31371453678468,3.72785187663226,0.0172851857922813,0.463676840290575,-41.6135710297938,42.5409247103749,"No meaningful change"
"SPEI_12","Saline",-1.3374950976977,"7","US-A03","SPEI_12__Saline",3.79565249850558,0.789733248965871,2.24777533053247,5.34352966647868,3.79590600007587,-0.000253501570294912,-0.00667828893259856,-40.7842204077882,40.770863829923,"No meaningful change"
"SPEI_24","Saline",-1.3374950976977,"7","US-A03","SPEI_24__Saline",3.78263917788311,0.790818839016109,2.23263425341154,5.33264410235468,3.79486170186332,-0.0122225239802112,-0.322080880423383,-41.1669138742187,40.522752113372,"No meaningful change"
"SPEI_36","Saline",-1.3374950976977,"7","US-A03","SPEI_36__Saline",3.74645722189564,0.793808178317248,2.19059319239384,5.30232125139745,3.78973207975865,-0.0432748578630098,-1.1418975524456,-42.1966211254347,39.9128260205435,"No meaningful change"
"SPEI_48","Saline",-1.3374950976977,"7","US-A03","SPEI_48__Saline",3.79528265901361,0.789767614358358,2.24733813487123,5.34322718315599,3.79598202691605,-0.000699367902435633,-0.0184238992038594,-40.7969237226072,40.7600759241995,"No meaningful change"
"SPEI_1","Upland",-1.30325568577399,"7","US-A03","SPEI_1__Upland",5.71379971639786,0.577447439140413,4.58200273568265,6.84559669711306,5.48919319302184,0.22460652337602,4.09179483173506,-16.526845119834,24.7104347833041,"No meaningful change"
"SPEI_3","Upland",-1.30325568577399,"7","US-A03","SPEI_3__Upland",6.14994755582406,0.582581133485103,5.00808853419326,7.29180657745487,5.38809641457018,0.761851141253885,14.1395231754527,-7.05272977946946,35.3317761303748,"WUE increase"
"SPEI_6","Upland",-1.30325568577399,"7","US-A03","SPEI_6__Upland",5.88268014616755,0.57797346279711,4.74985215908522,7.01550813324989,5.44677574908028,0.43590439708727,8.00298042673916,-12.7951584956062,28.8011193490845,"No meaningful change"
"SPEI_12","Upland",-1.30325568577399,"7","US-A03","SPEI_12__Upland",5.76201236809957,0.577061650639208,4.63097153284672,6.89305320335241,5.4960425846593,0.265969783440272,4.83929626350884,-15.7398899023669,25.4184824293846,"No meaningful change"
"SPEI_24","Upland",-1.30325568577399,"7","US-A03","SPEI_24__Upland",5.8752715637077,0.577163121653013,4.7440318452678,7.00651128214761,5.49325156310849,0.382020000599216,6.95435110171872,-13.6389114758969,27.5476136793343,"No meaningful change"
"SPEI_36","Upland",-1.30325568577399,"7","US-A03","SPEI_36__Upland",5.79900681065411,0.57731530070944,4.6674688212636,6.93054480004461,5.50528577568923,0.29372103496488,5.33525500641442,-15.2184098802888,25.8889198931176,"No meaningful change"
"SPEI_48","Upland",-1.30325568577399,"7","US-A03","SPEI_48__Upland",5.70903142226915,0.577482874405913,4.57716498843356,6.84089785610474,5.50702674358798,0.202004678681175,3.66812597952926,-16.8850052569126,24.2212572159712,"No meaningful change"
"SPEI_1","Freshwater",-1.30325568577399,"7","US-A03","SPEI_1__Freshwater",4.22004398825941,0.684558739930752,2.87830885799514,5.56177911852368,4.21954140936123,0.000502578898184503,0.0119107469136222,-31.7862161132134,31.8100376070406,"No meaningful change"
"SPEI_3","Freshwater",-1.30325568577399,"7","US-A03","SPEI_3__Freshwater",4.21935831328771,0.684541150754354,2.87765765780917,5.56105896876624,4.21951351065009,-0.000155197362385451,-0.00367808663235065,-31.8011981583674,31.7938419851027,"No meaningful change"
"SPEI_6","Freshwater",-1.30325568577399,"7","US-A03","SPEI_6__Freshwater",4.21999739510734,0.684565448219332,2.87824911659745,5.56174567361723,4.21959154835205,0.000405846755292316,0.00961815262547909,-31.7884424685242,31.8076787737751,"No meaningful change"
"SPEI_12","Freshwater",-1.30325568577399,"7","US-A03","SPEI_12__Freshwater",4.21984893602511,0.684537990966415,2.87815447373094,5.56154339831928,4.21957016391976,0.000278772105348324,0.00660664699290979,-31.7903397284125,31.8035530223983,"No meaningful change"
"SPEI_24","Freshwater",-1.30325568577399,"7","US-A03","SPEI_24__Freshwater",4.22252788774377,0.6847897061259,2.88034006373701,5.56471571175054,4.22053295499704,0.00199493274673479,0.0472673183222707,-31.754115073862,31.8486497105065,"No meaningful change"
"SPEI_36","Freshwater",-1.30325568577399,"7","US-A03","SPEI_36__Freshwater",4.22033671075112,0.684580459448673,2.87855901023172,5.56211441127052,4.21970971318329,0.000626997567832355,0.0148587843820981,-31.7830086453938,31.812726214158,"No meaningful change"
"SPEI_48","Freshwater",-1.30325568577399,"7","US-A03","SPEI_48__Freshwater",4.22003559852347,0.684583292513868,2.87825234519629,5.56181885185065,4.21964494790908,0.000390650614390253,0.00925790248262069,-31.7892291714609,31.8077449764262,"No meaningful change"
"SPEI_1","Saline",-1.30325568577399,"7","US-A03","SPEI_1__Saline",3.79662410265846,0.789784253276826,2.24864696623588,5.34460123908103,3.79571448215135,0.00090962050710397,0.0239644080549602,-40.7582689159123,40.8061977320222,"No meaningful change"
"SPEI_3","Saline",-1.30325568577399,"7","US-A03","SPEI_3__Saline",3.79630253914015,0.789743405212369,2.24840546492391,5.34419961335639,3.79581271083288,0.000489828307273399,0.0129044382478481,-40.7661642918478,40.7919731683435,"No meaningful change"
"SPEI_6","Saline",-1.30325568577399,"7","US-A03","SPEI_6__Saline",3.7399420893632,0.799825786252681,2.17228354830795,5.30760063041846,3.72785187663226,0.0120902127309499,0.324321167553262,-41.7282762245802,42.3769185596868,"No meaningful change"
"SPEI_12","Saline",-1.30325568577399,"7","US-A03","SPEI_12__Saline",3.79565757608697,0.789730564878949,2.24778566892422,5.34352948324971,3.79590600007587,-0.000248423988907565,-0.00654452425593782,-40.7839480514192,40.7708590029073,"No meaningful change"
"SPEI_24","Saline",-1.30325568577399,"7","US-A03","SPEI_24__Saline",3.78291272081714,0.790768004275059,2.23300743243803,5.33281800919626,3.79486170186332,-0.0119489810461788,-0.31487263528765,-41.1570800764203,40.527334805845,"No meaningful change"
"SPEI_36","Saline",-1.30325568577399,"7","US-A03","SPEI_36__Saline",3.7469778474896,0.793642921023607,2.19143772228333,5.30251797269587,3.78973207975865,-0.0427542322690582,-1.12815975824288,-42.1743364395594,39.9180169230737,"No meaningful change"
"SPEI_48","Saline",-1.30325568577399,"7","US-A03","SPEI_48__Saline",3.79530071505298,0.789763123728596,2.24736499254493,5.34323643756102,3.79598202691605,-0.0006813118630693,-0.0179482373266877,-40.7962161936065,40.7603197189531,"No meaningful change"
"SPEI_1","Upland",-1.26901627385028,"7","US-A03","SPEI_1__Upland",5.70788108295181,0.577016101938739,4.57692952315188,6.83883264275174,5.48919319302184,0.218687889929972,3.98397145518545,-16.6192669449069,24.5872098552778,"No meaningful change"
"SPEI_3","Upland",-1.26901627385028,"7","US-A03","SPEI_3__Upland",6.12682249080773,0.581748104516611,4.98659620595517,7.26704877566029,5.38809641457018,0.738726076237549,13.7103351424805,-7.45161514796385,34.8722854329249,"WUE increase"
"SPEI_6","Upland",-1.26901627385028,"7","US-A03","SPEI_6__Upland",5.86962648281186,0.577441998772023,4.7378401652187,7.00141280040503,5.44677574908028,0.422850733731578,7.76332188456591,-13.0156925219713,28.5423362911031,"No meaningful change"
"SPEI_12","Upland",-1.26901627385028,"7","US-A03","SPEI_12__Upland",5.75501556201468,0.576664769247545,4.62475261428949,6.88527850973987,5.4960425846593,0.258972977355383,4.71199000674114,-15.8530425656048,25.2770225790871,"No meaningful change"
"SPEI_24","Upland",-1.26901627385028,"7","US-A03","SPEI_24__Upland",5.86521896387282,0.576759857487394,4.73476964319753,6.99566828454811,5.49325156310849,0.371967400764334,6.77135202149467,-13.8075220331208,27.3502260761102,"No meaningful change"
"SPEI_36","Upland",-1.26901627385028,"7","US-A03","SPEI_36__Upland",5.79128040594062,0.576917377956453,4.66052234514598,6.92203846673527,5.50528577568923,0.285994630251398,5.19490979949344,-15.3445881823908,25.7344077813776,"No meaningful change"
"SPEI_48","Upland",-1.26901627385028,"7","US-A03","SPEI_48__Upland",5.70371751506999,0.577087325775733,4.57262635654956,6.83480867359043,5.50702674358798,0.196690771482015,3.57163276374186,-16.9674205436968,24.1106860711805,"No meaningful change"
"SPEI_1","Freshwater",-1.26901627385028,"7","US-A03","SPEI_1__Freshwater",4.22003523166251,0.684555268199547,2.8783069059914,5.56176355733362,4.21954140936123,0.00049382230128181,0.0117032220654653,-31.7862623742534,31.8096688183843,"No meaningful change"
"SPEI_3","Freshwater",-1.26901627385028,"7","US-A03","SPEI_3__Freshwater",4.21936390254776,0.684538647952717,2.87766815256044,5.56105965253508,4.21951351065009,-0.000149608102331555,-0.00354562444115757,-31.8009494389063,31.793858190024,"No meaningful change"
"SPEI_6","Freshwater",-1.26901627385028,"7","US-A03","SPEI_6__Freshwater",4.21998948536745,0.684562042200963,2.87824788265356,5.56173108808134,4.21959154835205,0.000397937015400807,0.00943069988743863,-31.7884717117311,31.807333111506,"No meaningful change"
"SPEI_12","Freshwater",-1.26901627385028,"7","US-A03","SPEI_12__Freshwater",4.21984327807905,0.684535908737764,2.87815289695304,5.56153365920507,4.21957016391976,0.000273114159290877,0.00647255878397737,-31.790377096624,31.8033222141919,"No meaningful change"
"SPEI_24","Freshwater",-1.26901627385028,"7","US-A03","SPEI_24__Freshwater",4.22250773844507,0.68477929480905,2.88034032061933,5.56467515627081,4.22053295499704,0.00197478344803148,0.0467899070825491,-31.7541089873719,31.847688801537,"No meaningful change"
"SPEI_36","Freshwater",-1.26901627385028,"7","US-A03","SPEI_36__Freshwater",4.22032671361097,0.684576895382889,2.87855599866051,5.56209742856143,4.21970971318329,0.00061700042768642,0.0146218690294922,-31.7830800145498,31.8123237526088,"No meaningful change"
"SPEI_48","Freshwater",-1.26901627385028,"7","US-A03","SPEI_48__Freshwater",4.22003049693656,0.684579397519609,2.87825487779813,5.561806116075,4.21964494790908,0.000385549027483556,0.00913700162556576,-31.7891691521496,31.8074431554007,"No meaningful change"
"SPEI_1","Saline",-1.26901627385028,"7","US-A03","SPEI_1__Saline",3.79659285088444,0.789779193976178,2.24862563069113,5.34456007107775,3.79571448215135,0.000878368733089996,0.0231410644088317,-40.7588310115294,40.8051131403471,"No meaningful change"
"SPEI_3","Saline",-1.26901627385028,"7","US-A03","SPEI_3__Saline",3.79628514188257,0.789740259635018,2.24839423299793,5.3441760507672,3.79581271083288,0.000472431049690414,0.0124461106403417,-40.766460194908,40.7913524161887,"No meaningful change"
"SPEI_6","Saline",-1.26901627385028,"7","US-A03","SPEI_6__Saline",3.7349114844059,0.799379259208542,2.16812813635716,5.30169483245465,3.72785187663226,0.00705960777364867,0.189374685670889,-41.839745566397,42.2184949377388,"No meaningful change"
"SPEI_12","Saline",-1.26901627385028,"7","US-A03","SPEI_12__Saline",3.79566275507009,0.789727924290546,2.24779602346062,5.34352948667956,3.79590600007587,-0.000243245005784765,-0.00640808823453222,-40.783675269733,40.7708590932639,"No meaningful change"
"SPEI_24","Saline",-1.26901627385028,"7","US-A03","SPEI_24__Saline",3.78318880575108,0.790718191436386,2.23338115053576,5.33299646096639,3.79486170186332,-0.0116728961122456,-0.307597404841239,-41.1472320733285,40.532037263646,"No meaningful change"
"SPEI_36","Saline",-1.26901627385028,"7","US-A03","SPEI_36__Saline",3.74754219433692,0.793479808150381,2.19232177036217,5.30276261831167,3.78973207975865,-0.0421898854217337,-1.1132682874094,-42.1510089836802,39.9244724088614,"No meaningful change"
"SPEI_48","Saline",-1.26901627385028,"7","US-A03","SPEI_48__Saline",3.79531894183404,0.78975872191312,2.24739184688433,5.34324603678376,3.79598202691605,-0.000663085082004411,-0.0174680774909548,-40.7955087524435,40.7605725974616,"No meaningful change"
"SPEI_1","Upland",-1.23477686192657,"7","US-A03","SPEI_1__Upland",5.70192149651557,0.576601929213609,4.5717817152569,6.83206127777424,5.48919319302184,0.212728303493736,3.87540201288904,-16.7130477194936,24.4638517452717,"No meaningful change"
"SPEI_3","Upland",-1.23477686192657,"7","US-A03","SPEI_3__Upland",6.10349573664955,0.580971981622339,4.96479065266976,7.24220082062933,5.38809641457018,0.715399322079368,13.2774038739327,-7.85631379490049,34.4111215427658,"WUE increase"
"SPEI_6","Upland",-1.23477686192657,"7","US-A03","SPEI_6__Upland",5.8565379360848,0.576941515953021,4.72573256481689,6.98734330735273,5.44677574908028,0.409762187004523,7.5230229016444,-13.2379818351279,28.2840276384166,"No meaningful change"
"SPEI_12","Upland",-1.23477686192657,"7","US-A03","SPEI_12__Upland",5.74801841792346,0.576278361685804,4.61851282901928,6.87752400682764,5.4960425846593,0.251975833264164,4.58467759997868,-15.9665748968066,25.135930096764,"No meaningful change"
"SPEI_24","Upland",-1.23477686192657,"7","US-A03","SPEI_24__Upland",5.85516629858447,0.576367214475947,4.72548655821161,6.98484603895733,5.49325156310849,0.361914735475986,6.5883517497456,-13.9765127461669,27.1532162456581,"No meaningful change"
"SPEI_36","Upland",-1.23477686192657,"7","US-A03","SPEI_36__Upland",5.78355367937924,0.576529619344919,4.6535556254632,6.91355173329528,5.50528577568923,0.278267903690011,5.05455874641083,-15.4711341959246,25.5802516887463,"No meaningful change"
"SPEI_48","Upland",-1.23477686192657,"7","US-A03","SPEI_48__Upland",5.69840345092635,0.576701584846478,4.56806834462726,6.82873855722545,5.50702674358798,0.191376707338377,3.47513669805951,-17.0501877452108,24.0004611413298,"No meaningful change"
"SPEI_1","Freshwater",-1.23477686192657,"7","US-A03","SPEI_1__Freshwater",4.22002619027617,0.684551857129861,2.87830455030164,5.5617478302507,4.21954140936123,0.000484780914941751,0.0114889479189906,-31.7863182023524,31.8092960981904,"No meaningful change"
"SPEI_3","Freshwater",-1.23477686192657,"7","US-A03","SPEI_3__Freshwater",4.21936943786438,0.684536183536787,2.87767851813227,5.56106035759648,4.21951351065009,-0.000144072785714044,-0.00341444067782704,-31.800703780922,31.7938748995663,"No meaningful change"
"SPEI_6","Freshwater",-1.23477686192657,"7","US-A03","SPEI_6__Freshwater",4.21998138139241,0.684558688370771,2.8782463521857,5.56171641059913,4.21959154835205,0.000389833040364884,0.00923864397531871,-31.7885079822526,31.8069852702032,"No meaningful change"
"SPEI_12","Freshwater",-1.23477686192657,"7","US-A03","SPEI_12__Freshwater",4.21983749883622,0.684533853301013,2.87815114636623,5.56152385130621,4.21957016391976,0.00026733491645814,0.00633559595107667,-31.7904185839493,31.8030897758514,"No meaningful change"
"SPEI_24","Freshwater",-1.23477686192657,"7","US-A03","SPEI_24__Freshwater",4.22248570204144,0.684768967186067,2.88033852635675,5.56463287772613,4.22053295499704,0.00195274704439896,0.0462677833634006,-31.7541515000736,31.8466870668004,"No meaningful change"
"SPEI_36","Freshwater",-1.23477686192657,"7","US-A03","SPEI_36__Freshwater",4.22031628987829,0.684573369346381,2.87855248595938,5.56208009379719,4.21970971318329,0.000606576695000527,0.0143748441535078,-31.7831632596394,31.8119129479464,"No meaningful change"
"SPEI_48","Freshwater",-1.23477686192657,"7","US-A03","SPEI_48__Freshwater",4.22002516313437,0.684575554869195,2.87825707559075,5.56179325067799,4.21964494790908,0.000380215225288971,0.00901059757355594,-31.7891170673736,31.8071382625207,"No meaningful change"
"SPEI_1","Saline",-1.23477686192657,"7","US-A03","SPEI_1__Saline",3.79656151381246,0.789774212961197,2.24860405640851,5.3445189712164,3.79571448215135,0.000847031661103337,0.0223154735448714,-40.7593993968157,40.8040303439054,"No meaningful change"
"SPEI_3","Saline",-1.23477686192657,"7","US-A03","SPEI_3__Saline",3.79626771732531,0.789737162282938,2.24838287925076,5.34415255539987,3.79581271083288,0.000455006492438681,0.0119870638279949,-40.7667593073258,40.7907334349818,"No meaningful change"
"SPEI_6","Saline",-1.23477686192657,"7","US-A03","SPEI_6__Saline",3.73004864688999,0.798954911048644,2.16409702123464,5.29600027254533,3.72785187663226,0.00219677025773057,0.0589285822084524,-41.9478806333451,42.065737797762,"No meaningful change"
"SPEI_12","Saline",-1.23477686192657,"7","US-A03","SPEI_12__Saline",3.79566803393073,0.789725329159103,2.24780638877889,5.34352967908257,3.79590600007587,-0.000237966145145041,-0.00626902102265663,-40.7834022040072,40.7708641619619,"No meaningful change"
"SPEI_24","Saline",-1.23477686192657,"7","US-A03","SPEI_24__Saline",3.78346742588071,0.790669415229895,2.23375537203012,5.33317947973131,3.79486170186332,-0.0113942759826089,-0.300255368384418,-41.1373708050199,40.536860068251,"No meaningful change"
"SPEI_36","Saline",-1.23477686192657,"7","US-A03","SPEI_36__Saline",3.74814974923219,0.793319022657457,2.19324446482357,5.30305503364081,3.78973207975865,-0.0415823305264653,-1.09723668194279,-42.1266617622413,39.9321883983557,"No meaningful change"
"SPEI_48","Saline",-1.23477686192657,"7","US-A03","SPEI_48__Saline",3.79533733187784,0.78975441169619,2.24741868495331,5.34325597880237,3.79598202691605,-0.000644695038207743,-0.0169836167199008,-40.7948017399026,40.7608345064628,"No meaningful change"
"SPEI_1","Upland",-1.20053745000286,"7","US-A03","SPEI_1__Upland",5.6959222232628,0.576204652961212,4.56656110345883,6.82528334306678,5.48919319302184,0.206729030240967,3.76610957150811,-16.808154807448,24.3403739504642,"No meaningful change"
"SPEI_3","Upland",-1.20053745000286,"7","US-A03","SPEI_3__Upland",6.07997855571464,0.580252122064026,4.94268439646915,7.21727271496013,5.38809641457018,0.691882141144458,12.8409383928897,-8.26659331664102,33.9484701024205,"WUE increase"
"SPEI_6","Upland",-1.20053745000286,"7","US-A03","SPEI_6__Upland",5.84342054126904,0.576471151256934,4.71353708480545,6.97330399773263,5.44677574908028,0.396644792188754,7.2821942826585,-13.4618845726969,28.0262731380139,"No meaningful change"
"SPEI_12","Upland",-1.20053745000286,"7","US-A03","SPEI_12__Upland",5.74102094834026,0.575902444277783,4.61225215755581,6.86978973912472,5.4960425846593,0.244978363680969,4.45735927091904,-16.0804872504144,24.9952057922525,"No meaningful change"
"SPEI_24","Upland",-1.20053745000286,"7","US-A03","SPEI_24__Upland",5.84511356958348,0.575985212668671,4.71618255275288,6.97404458641407,5.49325156310849,0.351862006474993,6.40535031816171,-14.1458842987318,26.9565849350552,"No meaningful change"
"SPEI_36","Upland",-1.20053745000286,"7","US-A03","SPEI_36__Upland",5.77582663888238,0.576152041325518,4.64656863788437,6.9050846398804,5.50528577568923,0.270540863193155,4.91420199089092,-15.5980483628455,25.4264523446274,"No meaningful change"
"SPEI_48","Upland",-1.20053745000286,"7","US-A03","SPEI_48__Upland",5.6930892338117,0.576325668706479,4.563490923147,6.8226875444764,5.50702674358798,0.186062490223719,3.37863785463468,-17.1333073974913,23.8905831067606,"No meaningful change"
"SPEI_1","Freshwater",-1.20053745000286,"7","US-A03","SPEI_1__Freshwater",4.22001686369053,0.68454850932685,2.8783017854099,5.56173194197116,4.21954140936123,0.000475454329304625,0.0112679147608271,-31.7863837282347,31.8089195577564,"No meaningful change"
"SPEI_3","Freshwater",-1.20053745000286,"7","US-A03","SPEI_3__Freshwater",4.21937491776077,0.684533759504389,2.87768874913216,5.56106108638937,4.21951351065009,-0.000138592889324052,-0.00328457034144439,-31.800461312214,31.7938921715312,"No meaningful change"
"SPEI_6","Freshwater",-1.20053745000286,"7","US-A03","SPEI_6__Freshwater",4.21997308672597,0.684555388992574,2.87824452430052,5.56170164915141,4.21959154835205,0.000381538373919632,0.009042068872013,-31.7885513012601,31.8066354390041,"No meaningful change"
"SPEI_12","Freshwater",-1.20053745000286,"7","US-A03","SPEI_12__Freshwater",4.21983159943792,0.684531826052576,2.87814922037487,5.56151397850097,4.21957016391976,0.000261435518157604,0.00619578554216395,-31.7904642282043,31.8028557992886,"No meaningful change"
"SPEI_24","Freshwater",-1.20053745000286,"7","US-A03","SPEI_24__Freshwater",4.22246179103634,0.684758734368258,2.88033467167455,5.56458891039813,4.22053295499704,0.0019288360392995,0.0457012434179856,-31.754242831719,31.845645318555,"No meaningful change"
"SPEI_36","Freshwater",-1.20053745000286,"7","US-A03","SPEI_36__Freshwater",4.22030544308609,0.684569884492827,2.87854846948015,5.56206241669203,4.21970971318329,0.000595729902804543,0.0141177934809912,-31.7832584434199,31.8114940303819,"No meaningful change"
"SPEI_48","Freshwater",-1.20053745000286,"7","US-A03","SPEI_48__Freshwater",4.22001959466257,0.684571767430919,2.87825893049796,5.56178025882717,4.21964494790908,0.000374646753487085,0.00887863216246973,-31.7890731085278,31.8068303728527,"No meaningful change"
"SPEI_1","Saline",-1.20053745000286,"7","US-A03","SPEI_1__Saline",3.79653011095168,0.78976931622995,2.24858225114098,5.34447797076239,3.79571448215135,0.000815628800332036,0.0214881494424141,-40.7599738675149,40.8029501663998,"No meaningful change"
"SPEI_3","Saline",-1.20053745000286,"7","US-A03","SPEI_3__Saline",3.79625027786703,0.789734116389804,2.24837140974302,5.34412914599105,3.79581271083288,0.000437567034155428,0.0115276244506652,-40.7670614694348,40.7901167183362,"No meaningful change"
"SPEI_6","Saline",-1.20053745000286,"7","US-A03","SPEI_6__Saline",3.72535679900213,0.798552571466896,2.16019375892701,5.29051983907724,3.72785187663226,-0.00249507763012957,-0.0669307073537382,-42.0525860357271,41.9187246210196,"No meaningful change"
"SPEI_12","Saline",-1.20053745000286,"7","US-A03","SPEI_12__Saline",3.79567341081921,0.789722781544606,2.24781675899178,5.34353006264663,3.79590600007587,-0.000232589256667026,-0.00612737134856283,-40.7831290093367,40.7708742666396,"No meaningful change"
"SPEI_24","Saline",-1.20053745000286,"7","US-A03","SPEI_24__Saline",3.7837485675128,0.79062169129427,2.23413005257603,5.33336708244957,3.79486170186332,-0.01111313435052,-0.292846886753825,-41.1274974400504,40.5418036665427,"No meaningful change"
"SPEI_36","Saline",-1.20053745000286,"7","US-A03","SPEI_36__Saline",3.74879986179978,0.793160756916423,2.19420477824359,5.30339494535597,3.78973207975865,-0.0409322179588765,-1.08008210336292,-42.1013218859702,39.9411576792444,"No meaningful change"
"SPEI_48","Saline",-1.20053745000286,"7","US-A03","SPEI_48__Saline",3.79535587683359,0.789750195997624,2.24744549267825,5.34326626098894,3.79598202691605,-0.00062615008245448,-0.0164950750033761,-40.7940955267343,40.7611053767276,"No meaningful change"
"SPEI_1","Upland",-1.16629803807915,"7","US-A03","SPEI_1__Upland",5.68988471829994,0.575824010887305,4.56126965696082,6.81849977963905,5.48919319302184,0.2006915252781,3.6561206396093,-16.904552334588,24.2167936138066,"No meaningful change"
"SPEI_3","Upland",-1.16629803807915,"7","US-A03","SPEI_3__Upland",6.05628351783657,0.579587677768753,4.92029166940982,7.19227536626333,5.38809641457018,0.668187103266392,12.4011719883022,-8.68218957432448,33.4845335509289,"WUE increase"
"SPEI_6","Upland",-1.16629803807915,"7","US-A03","SPEI_6__Upland",5.83028074859551,0.576030061482641,4.70126182808953,6.95929966910149,5.44677574908028,0.383504999515228,7.04095445052947,-13.6872519695093,27.7691608705683,"No meaningful change"
"SPEI_12","Upland",-1.16629803807915,"7","US-A03","SPEI_12__Upland",5.73402316718477,0.575537032895411,4.60597058270976,6.86207575165977,5.4960425846593,0.237980582525473,4.33003527282941,-16.1947799391862,24.854850484845,"No meaningful change"
"SPEI_24","Upland",-1.16629803807915,"7","US-A03","SPEI_24__Upland",5.83506077885835,0.575613871607565,4.70685759050752,6.96326396720918,5.49325156310849,0.341809215749866,6.22234776294217,-14.3156373518777,26.760332877762,"No meaningful change"
"SPEI_36","Upland",-1.16629803807915,"7","US-A03","SPEI_36__Upland",5.76809929353531,0.575784659934095,4.63956136006448,6.89663722700613,5.50528577568923,0.262813517846081,4.77383969796152,-15.7253310890362,25.2730104849592,"No meaningful change"
"SPEI_48","Upland",-1.16629803807915,"7","US-A03","SPEI_48__Upland",5.68777486823531,0.575959594074434,4.55889406384942,6.8166556726212,5.50702674358798,0.180748124647331,3.28213631534988,-17.2167800136889,23.7810526443887,"No meaningful change"
"SPEI_1","Freshwater",-1.16629803807915,"7","US-A03","SPEI_1__Freshwater",4.22000725220483,0.68454522748738,2.87829860632956,5.5617158980801,4.21954140936123,0.00046584284360307,0.0110401296825664,-31.7864590700795,31.8085393294446,"No meaningful change"
"SPEI_3","Freshwater",-1.16629803807915,"7","US-A03","SPEI_3__Freshwater",4.21938034080477,0.684531377929919,2.87769884006213,5.56106184154741,4.21951351065009,-0.000133169845321746,-0.00315604737336718,-31.8002221630814,31.7939100683346,"No meaningful change"
"SPEI_6","Freshwater",-1.16629803807915,"7","US-A03","SPEI_6__Freshwater",4.21996460551398,0.684552146421976,2.87824239852691,5.56168681250105,4.21959154835205,0.000373057161931811,0.00884107283031951,-31.7886016799186,31.8062838255792,"No meaningful change"
"SPEI_12","Freshwater",-1.16629803807915,"7","US-A03","SPEI_12__Freshwater",4.21982558137913,0.684529828455205,2.87814711760693,5.56150404515133,4.21957016391976,0.000255417459365859,0.00605316298683345,-31.7905140619044,31.8026203878781,"No meaningful change"
"SPEI_24","Freshwater",-1.16629803807915,"7","US-A03","SPEI_24__Freshwater",4.22243602279227,0.684748607977003,2.88032875115735,5.5645432944272,4.22053295499704,0.00190306779523297,0.045090698627996,-31.7543831106191,31.8445645078751,"No meaningful change"
"SPEI_36","Freshwater",-1.16629803807915,"7","US-A03","SPEI_36__Freshwater",4.22029417795025,0.684566444116386,2.87854394748213,5.56204440841836,4.21970971318329,0.000584464766959947,0.0138508287699022,-31.7833656071427,31.8110672646825,"No meaningful change"
"SPEI_48","Freshwater",-1.16629803807915,"7","US-A03","SPEI_48__Freshwater",4.22001378946807,0.684568038197486,2.878260434601,5.56176714433515,4.21964494790908,0.000368841558995747,0.00874105673697774,-31.7890374632766,31.8065195767506,"No meaningful change"
"SPEI_1","Saline",-1.16629803807915,"7","US-A03","SPEI_1__Saline",3.79649866322862,0.78976450997018,2.24856022368707,5.34443710277018,3.79571448215135,0.000784181077270851,0.02065964342045,-40.7605541918258,40.8018734786667,"No meaningful change"
"SPEI_3","Saline",-1.16629803807915,"7","US-A03","SPEI_3__Saline",3.79623283669276,0.789731125301521,2.24835983110178,5.34410584228374,3.79581271083288,0.000420125859885712,0.0110681398659822,-40.767366506646,40.789502786378,"No meaningful change"
"SPEI_6","Saline",-1.16629803807915,"7","US-A03","SPEI_6__Saline",3.7208389905398,0.798172017920069,2.15642183541647,5.28525614566314,3.72785187663226,-0.00701288609245454,-0.188121371892866,-42.1537682617213,41.7775255179356,"No meaningful change"
"SPEI_12","Saline",-1.16629803807915,"7","US-A03","SPEI_12__Saline",3.79567888356947,0.789720283579472,2.2478271277537,5.34353063938523,3.79590600007587,-0.000227116506404723,-0.00598319627514969,-40.7828558528906,40.7708894603403,"No meaningful change"
"SPEI_24","Saline",-1.16629803807915,"7","US-A03","SPEI_24__Saline",3.78403221008264,0.790575035939683,2.23450513964086,5.33355928052442,3.79486170186332,-0.0108294917806817,-0.285372501858613,-41.1176133627296,40.5468683590124,"No meaningful change"
"SPEI_36","Saline",-1.16629803807915,"7","US-A03","SPEI_36__Saline",3.74949174650259,0.793005209153129,2.19520153656246,5.30378195644272,3.78973207975865,-0.0402403332560652,-1.06182527970758,-42.0750203348872,39.951369775472,"No meaningful change"
"SPEI_48","Saline",-1.16629803807915,"7","US-A03","SPEI_48__Saline",3.79537456749313,0.789746077830038,2.24747225494626,5.34327688004,3.79598202691605,-0.000607459422917955,-0.0160026949182231,-40.7933905110673,40.7613851212309,"No meaningful change"
"SPEI_1","Upland",-1.13205862615543,"7","US-A03","SPEI_1__Upland",5.68381061545522,0.575459739074635,4.55590952686894,6.8117117040415,5.48919319302184,0.194617422433384,3.54546498164416,-17.0022011128947,24.093131076183,"No meaningful change"
"SPEI_3","Upland",-1.13205862615543,"7","US-A03","SPEI_3__Upland",6.03242443488092,0.578977531322283,4.89762847348925,7.1672203962726,5.38809641457018,0.644328020310744,11.9583610005268,-9.10280557999364,33.0195275810473,"WUE increase"
"SPEI_6","Upland",-1.13205862615543,"7","US-A03","SPEI_6__Upland",5.81712538765451,0.575617403943058,4.68891527592612,6.94533549938291,5.44677574908028,0.370349638574232,6.79942879302067,-13.9139283140513,27.5127859000926,"No meaningful change"
"SPEI_12","Upland",-1.13205862615543,"7","US-A03","SPEI_12__Upland",5.72702508966151,0.575182142901517,4.59966808957454,6.85438208974848,5.4960425846593,0.230982505002215,4.20270588235506,-16.3094532343462,24.7148649990563,"No meaningful change"
"SPEI_24","Upland",-1.13205862615543,"7","US-A03","SPEI_24__Upland",5.82500792862631,0.575253210307184,4.69751163642423,6.95250422082839,5.49325156310849,0.331756365517823,6.0393441244495,-14.485772543684,26.5644607925829,"No meaningful change"
"SPEI_36","Upland",-1.13205862615543,"7","US-A03","SPEI_36__Upland",5.76037165350477,0.57542749074791,4.63253377163887,6.88820953537068,5.50528577568923,0.255085877815548,4.63347205229528,-15.8529827444079,25.1199268489985,"No meaningful change"
"SPEI_48","Upland",-1.13205862615543,"7","US-A03","SPEI_48__Upland",5.68246035918974,0.575603377253764,4.55427773977236,6.81064297860712,5.50702674358798,0.175433615601763,3.18563217086292,-17.3006060833994,23.6718704251252,"No meaningful change"
"SPEI_1","Freshwater",-1.13205862615543,"7","US-A03","SPEI_1__Freshwater",4.21999735679323,0.684542014353433,2.8782950086605,5.56169970492595,4.21954140936123,0.000455947431999171,0.010805615771127,-31.7865443321665,31.8081555637087,"No meaningful change"
"SPEI_3","Freshwater",-1.13205862615543,"7","US-A03","SPEI_3__Freshwater",4.21938570560851,0.684529040928054,2.87770878538952,5.56106262582749,4.21951351065009,-0.000127805041585383,-0.00302890466549761,-31.7999864646444,31.7939286553134,"No meaningful change"
"SPEI_6","Freshwater",-1.13205862615543,"7","US-A03","SPEI_6__Freshwater",4.21995594245202,0.684548963065116,2.87823997484439,5.56167191005965,4.21959154835205,0.0003643940999698,0.00863576713040184,-31.788659118713,31.8059306529738,"No meaningful change"
"SPEI_12","Freshwater",-1.13205862615543,"7","US-A03","SPEI_12__Freshwater",4.21981944648487,0.684527862011908,2.87814483694152,5.56149405602821,4.21957016391976,0.000249282565103037,0.00590777153641324,-31.7905681116136,31.8023836546864,"No meaningful change"
"SPEI_24","Freshwater",-1.13205862615543,"7","US-A03","SPEI_24__Freshwater",4.22240841914642,0.684738599926387,2.8803207632907,5.56449607500214,4.22053295499704,0.00187546414938033,0.0444366663968307,-31.7545723726561,31.8434457054498,"No meaningful change"
"SPEI_36","Freshwater",-1.13205862615543,"7","US-A03","SPEI_36__Freshwater",4.22028250028412,0.684563051592865,2.8785389191621,5.56202608140614,4.21970971318329,0.000572787100834304,0.0135740877872427,-31.7834847698427,31.8106329454172,"No meaningful change"
"SPEI_48","Freshwater",-1.13205862615543,"7","US-A03","SPEI_48__Freshwater",4.22000774587127,0.68456437023274,2.8782615802151,5.56175391152745,4.21964494790908,0.000362797962194961,0.00859783149230919,-31.7890103137388,31.8062059767234,"No meaningful change"
"SPEI_1","Saline",-1.13205862615543,"7","US-A03","SPEI_1__Saline",3.79646719289232,0.789759800446614,2.24853798401696,5.34439640176768,3.79571448215135,0.000752710740968165,0.0198305416413076,-40.7611401070789,40.8008011903615,"No meaningful change"
"SPEI_3","Saline",-1.13205862615543,"7","US-A03","SPEI_3__Saline",3.79621540771199,0.789728192415681,2.24834815057726,5.34408266484673,3.79581271083288,0.000402696879115094,0.0106089765168296,-40.7676742279541,40.7888921809877,"No meaningful change"
"SPEI_6","Saline",-1.13205862615543,"7","US-A03","SPEI_6__Saline",3.71649811420032,0.797812954331271,2.15278472371103,5.28021150468961,3.72785187663226,-0.0113537624319355,-0.304565814513868,-42.2513341475398,41.642202518512,"No meaningful change"
"SPEI_12","Saline",-1.13205862615543,"7","US-A03","SPEI_12__Saline",3.7956844497265,0.78971783743063,2.24783748836247,5.34353141109054,3.79590600007587,-0.000221550349368993,-0.00583656047764525,-40.7825829112328,40.7709097902775,"No meaningful change"
"SPEI_24","Saline",-1.13205862615543,"7","US-A03","SPEI_24__Saline",3.78431832659979,0.79052946583429,2.23488057356458,5.333756079635,3.79486170186332,-0.0105433752635311,-0.277832924935161,-41.107720145184,40.5520542953137,"No meaningful change"
"SPEI_36","Saline",-1.13205862615543,"7","US-A03","SPEI_36__Saline",3.75022449277611,0.792852578903201,2.19623343812583,5.30421554742638,3.78973207975865,-0.0395075869825452,-1.0424902381242,-42.047791455862,39.9628109796136,"No meaningful change"
"SPEI_48","Saline",-1.13205862615543,"7","US-A03","SPEI_48__Saline",3.79539339385608,0.789742060244008,2.24749895577782,5.34328783193433,3.79598202691605,-0.00058863305996848,-0.0155067399106392,-40.79268711386,40.7616736340387,"No meaningful change"
"SPEI_1","Upland",-1.09781921423172,"7","US-A03","SPEI_1__Upland",5.67770171315777,0.575111564873133,4.55048304600643,6.80492038030911,5.48919319302184,0.188508520135936,3.43417536069924,-17.1010586438959,23.9694093652944,"No meaningful change"
"SPEI_3","Upland",-1.09781921423172,"7","US-A03","SPEI_3__Upland",6.00841627084728,0.578420242869341,4.87471259482337,7.14211994687119,5.38809641457018,0.620319856277105,11.5127831528714,-9.52811123346906,32.5536775392119,"WUE increase"
"SPEI_6","Upland",-1.09781921423172,"7","US-A03","SPEI_6__Upland",5.80396161808162,0.575232318063519,4.67650627467712,6.93141696148611,5.44677574908028,0.357185869001333,6.55774875735698,-14.1417511916702,27.2572487063842,"No meaningful change"
"SPEI_12","Upland",-1.09781921423172,"7","US-A03","SPEI_12__Upland",5.72002673209188,0.574837789093419,4.59334466546878,6.84670879871498,5.4960425846593,0.223984147432585,4.07537139646217,-16.4245073666305,24.5752501595549,"No meaningful change"
"SPEI_24","Upland",-1.09781921423172,"7","US-A03","SPEI_24__Upland",5.81495502130679,0.574903247235693,4.68814465672484,6.94176538588875,5.49325156310849,0.321703458198308,5.8563394467277,-14.6562904890535,26.3689693825089,"No meaningful change"
"SPEI_36","Upland",-1.09781921423172,"7","US-A03","SPEI_36__Upland",5.75264372991152,0.575080548842947,4.62548585417934,6.8798016056437,5.50528577568923,0.247357954222293,4.49309925589332,-15.981003663697,24.9672021754836,"No meaningful change"
"SPEI_48","Upland",-1.09781921423172,"7","US-A03","SPEI_48__Upland",5.67714571207706,0.575257034087284,4.54964192526598,6.80464949888814,5.50702674358798,0.170118968489084,3.0891255192679,-17.3847860723885,23.5630371109243,"No meaningful change"
"SPEI_1","Freshwater",-1.09781921423172,"7","US-A03","SPEI_1__Freshwater",4.21998717905704,0.684538872663712,2.87829098863616,5.56168336947791,4.21954140936123,0.000445769695812004,0.0105644109765826,-31.7866396037599,31.807768425713,"No meaningful change"
"SPEI_3","Freshwater",-1.09781921423172,"7","US-A03","SPEI_3__Freshwater",4.21939101082773,0.684526750615964,2.87771857962044,5.56106344203502,4.21951351065009,-0.000122499822363231,-0.00290317407573268,-31.7997543471054,31.7939479989539,"No meaningful change"
"SPEI_6","Freshwater",-1.09781921423172,"7","US-A03","SPEI_6__Freshwater",4.21994710271189,0.684545841335522,2.87823725369426,5.56165695172951,4.21959154835205,0.000355554359839694,0.00842627433876994,-31.7887236071853,31.8055761558629,"No meaningful change"
"SPEI_12","Freshwater",-1.09781921423172,"7","US-A03","SPEI_12__Freshwater",4.21981319687718,0.68452592823851,2.8781423775297,5.56148401622465,4.21957016391976,0.000243032957413902,0.00575966148144666,-31.7906263974515,31.8021457204144,"No meaningful change"
"SPEI_24","Freshwater",-1.09781921423172,"7","US-A03","SPEI_24__Freshwater",4.22237900587067,0.684728722195527,2.88031071036743,5.5644473013739,4.22053295499704,0.00184605087362666,0.0437397573555483,-31.7548105635049,31.842290078216,"No meaningful change"
"SPEI_36","Freshwater",-1.09781921423172,"7","US-A03","SPEI_36__Freshwater",4.22027041687899,0.684559710317927,2.87853338465586,5.56200744910213,4.21970971318329,0.000560703695707154,0.0132877314748783,-31.783615928302,31.8101913912518,"No meaningful change"
"SPEI_48","Freshwater",-1.09781921423172,"7","US-A03","SPEI_48__Freshwater",4.22000146252654,0.684560766615822,2.87826235995953,5.56174056509355,4.21964494790908,0.000356514617457115,0.00844892453887088,-31.7889918348281,31.8058896839058,"No meaningful change"
"SPEI_1","Saline",-1.09781921423172,"7","US-A03","SPEI_1__Saline",3.79643572338404,0.789755193885196,2.24851554336905,5.34435590339902,3.79571448215135,0.000721241232684022,0.0190014616767285,-40.7617313171925,40.799734240546,"No meaningful change"
"SPEI_3","Saline",-1.09781921423172,"7","US-A03","SPEI_3__Saline",3.79619800547315,0.789725321119132,2.24833637607965,5.34405963486665,3.79581271083288,0.000385294640276257,0.0101505176790378,-40.7679844249659,40.7882854603239,"No meaningful change"
"SPEI_6","Saline",-1.09781921423172,"7","US-A03","SPEI_6__Saline",3.71233692765875,0.797474992400057,2.14928594255464,5.27538791276286,3.72785187663226,-0.0155149489735025,-0.41619006030676,-42.3451893025238,41.5128091819103,"No meaningful change"
"SPEI_12","Saline",-1.09781921423172,"7","US-A03","SPEI_12__Saline",3.79569010658479,0.789715445260325,2.24784783387455,5.34353237929502,3.79590600007587,-0.000215893491086305,-0.00568753523090377,-40.7823103672847,40.7709352968229,"No meaningful change"
"SPEI_24","Saline",-1.09781921423172,"7","US-A03","SPEI_24__Saline",3.78460688427266,0.790484997679342,2.23525628882115,5.33395747972417,3.79486170186332,-0.0102548175906594,-0.270229020088509,-41.0978195141179,40.5573614739408,"No meaningful change"
"SPEI_36","Saline",-1.09781921423172,"7","US-A03","SPEI_36__Saline",3.75099707920642,0.792703062394609,2.19729907691298,5.30469508149985,3.78973207975865,-0.0387350005522378,-1.02210393075345,-42.0196723496898,39.9754644881829,"No meaningful change"
"SPEI_48","Saline",-1.09781921423172,"7","US-A03","SPEI_48__Saline",3.79541234522048,0.789738146271678,2.24752557852799,5.34329911191297,3.79598202691605,-0.000569681695563595,-0.0150074919091864,-40.7919857736012,40.7619707897828,"No meaningful change"
"SPEI_1","Upland",-1.06357980230801,"7","US-A03","SPEI_1__Upland",5.67156004126201,0.574779208874153,4.54499279186867,6.79812729065535,5.48919319302184,0.182366848240171,3.32228875587775,-17.2010779717771,23.8456554835326,"No meaningful change"
"SPEI_3","Upland",-1.06357980230801,"7","US-A03","SPEI_3__Upland",5.9842756210195,0.577914060366954,4.85156406270027,7.11698717933873,5.38809641457018,0.596179206449326,11.0647464443504,-9.95773480257412,32.087227691275,"WUE increase"
"SPEI_6","Upland",-1.06357980230801,"7","US-A03","SPEI_6__Upland",5.79079703797249,0.574873925425974,4.66404414413758,6.9175499318074,5.44677574908028,0.344021288892208,6.31605384066523,-14.3705494957245,27.002657177055,"No meaningful change"
"SPEI_12","Upland",-1.06357980230801,"7","US-A03","SPEI_12__Upland",5.71302811227849,0.574503985706894,4.58700030029297,6.839055924264,5.4960425846593,0.216985527619192,3.94803213906763,-16.539942519799,24.4360067979342,"No meaningful change"
"SPEI_24","Upland",-1.06357980230801,"7","US-A03","SPEI_24__Upland",5.80490205959229,0.574564000312039,4.6787566189807,6.93104750020389,5.49325156310849,0.311650496483805,5.67333377879113,-14.8271917783224,26.1738593359047,"No meaningful change"
"SPEI_36","Upland",-1.06357980230801,"7","US-A03","SPEI_36__Upland",5.74491553516098,0.574743848799196,4.61841759151456,6.8714134788074,5.50528577568923,0.239629759471753,4.35272153409244,-16.1093941406455,24.8148372088304,"No meaningful change"
"SPEI_48","Upland",-1.06357980230801,"7","US-A03","SPEI_48__Upland",5.67183093282735,0.574920579967338,4.54498659609137,6.79867526956333,5.50702674358798,0.164804189239375,2.9926164682469,-17.4693204208014,23.4545533572952,"No meaningful change"
"SPEI_1","Freshwater",-1.06357980230801,"7","US-A03","SPEI_1__Freshwater",4.21997672148611,0.6845358051802,2.87828654333292,5.5616668996393,4.21954140936123,0.000435312124880127,0.0103165743062592,-31.7867449541479,31.8073781027604,"No meaningful change"
"SPEI_3","Freshwater",-1.06357980230801,"7","US-A03","SPEI_3__Freshwater",4.21939625518313,0.684524509135882,2.8777282172768,5.56106429308945,4.21951351065009,-0.000117255466964394,-0.00277888592294919,-31.7995259402918,31.7939681684459,"No meaningful change"
"SPEI_6","Freshwater",-1.06357980230801,"7","US-A03","SPEI_6__Freshwater",4.21993809209454,0.684542783680956,2.87823423607986,5.56164194810921,4.21959154835205,0.000346543742486993,0.00821273193189362,-31.7887951215575,31.8052205854213,"No meaningful change"
"SPEI_12","Freshwater",-1.06357980230801,"7","US-A03","SPEI_12__Freshwater",4.21980683508619,0.684524028683642,2.87813973886625,5.56147393130613,4.21957016391976,0.000236671166429225,0.00560889278374672,-31.7906889313908,31.8019067169583,"No meaningful change"
"SPEI_24","Freshwater",-1.06357980230801,"7","US-A03","SPEI_24__Freshwater",4.2223478140156,0.684718986983183,2.88029859952856,5.56439702850264,4.22053295499704,0.00181485901855893,0.0430007072071353,-31.7550975139683,31.8410989283826,"No meaningful change"
"SPEI_36","Freshwater",-1.06357980230801,"7","US-A03","SPEI_36__Freshwater",4.22025793585625,0.684556423748554,2.87852734530909,5.56198852640342,4.21970971318329,0.000548222672967391,0.0129919522960223,-31.7837590506298,31.8097429552219,"No meaningful change"
"SPEI_48","Freshwater",-1.06357980230801,"7","US-A03","SPEI_48__Freshwater",4.21999493854371,0.684557230477767,2.87826276680728,5.56172711028013,4.21964494790908,0.000349990634627595,0.00829431478117661,-31.7889821930748,31.8055708226371,"No meaningful change"
"SPEI_1","Saline",-1.06357980230801,"7","US-A03","SPEI_1__Saline",3.79640427978784,0.789750696529907,2.24849291458922,5.34431564498645,3.79571448215135,0.000689797636482581,0.0181730643789523,-40.7623274837362,40.7986736124941,"No meaningful change"
"SPEI_3","Saline",-1.06357980230801,"7","US-A03","SPEI_3__Saline",3.79618064538597,0.789722514821961,2.24832451633493,5.34403677443702,3.79581271083288,0.000367934553098692,0.00969316931914589,-40.7682968677976,40.7876832064359,"No meaningful change"
"SPEI_6","Saline",-1.06357980230801,"7","US-A03","SPEI_6__Saline",3.70835801233268,0.797157659430744,2.14592899984843,5.27078702481694,3.72785187663226,-0.0194938642995721,-0.522924862486298,-42.4352396268744,41.3893899019018,"No meaningful change"
"SPEI_12","Saline",-1.06357980230801,"7","US-A03","SPEI_12__Saline",3.79569585110758,0.789713109247774,2.24785815698194,5.34353354523322,3.79590600007587,-0.000210148968293744,-0.00553620053524886,-40.7820384135695,40.770966012499,"No meaningful change"
"SPEI_24","Saline",-1.06357980230801,"7","US-A03","SPEI_24__Saline",3.78489784231486,0.790441648410467,2.23563221143034,5.33416347319938,3.79486170186332,-0.0099638595484608,-0.262561862098121,-41.0879134190154,40.5627896948192,"No meaningful change"
"SPEI_36","Saline",-1.06357980230801,"7","US-A03","SPEI_36__Saline",3.75180833434374,0.792556855191232,2.19839689816892,5.30521977051855,3.78973207975865,-0.0379237454149157,-1.00069726874547,-41.9907040418296,39.9893095043386,"No meaningful change"
"SPEI_48","Saline",-1.06357980230801,"7","US-A03","SPEI_48__Saline",3.79543140993531,0.789734338954001,2.24755210558547,5.34331071428515,3.79598202691605,-0.00055061698073855,-0.0145052578445922,-40.7912869542369,40.7622764385477,"No meaningful change"
"SPEI_1","Upland",-1.0293403903843,"7","US-A03","SPEI_1__Upland",5.66538784598935,0.574462378289476,4.53944158454198,6.79133410743673,5.48919319302184,0.176194652967517,3.20984608797347,-17.3022077212956,23.7218998972425,"No meaningful change"
"SPEI_3","Upland",-1.0293403903843,"7","US-A03","SPEI_3__Upland",5.96002061728899,0.577456884238344,4.82820512418184,7.09183611039615,5.38809641457018,0.571924202718815,10.6145873925391,-10.3912633945138,31.6204381795919,"WUE increase"
"SPEI_6","Upland",-1.0293403903843,"7","US-A03","SPEI_6__Upland",5.77763963053337,0.574541313383469,4.65153865630177,6.90374060476497,5.44677574908028,0.330863881453087,6.07449061050394,-14.600143817428,26.7491250384359,"No meaningful change"
"SPEI_12","Upland",-1.0293403903843,"7","US-A03","SPEI_12__Upland",5.70602924932154,0.574180746363398,4.58063498644928,6.8314235121938,5.4960425846593,0.209986664662241,3.82068845769794,-16.6557588320936,24.2971357474895,"No meaningful change"
"SPEI_24","Upland",-1.0293403903843,"7","US-A03","SPEI_24__Upland",5.79484904641945,0.574235486888448,4.66934749211809,6.92035060072081,5.49325156310849,0.301597483310966,5.49032717409906,-14.9984769771615,25.9791313253597,"No meaningful change"
"SPEI_36","Upland",-1.0293403903843,"7","US-A03","SPEI_36__Upland",5.7371870828041,0.574417404660951,4.61132896966864,6.86304519593957,5.50528577568923,0.231901307114879,4.21233913303704,-16.2381544291162,24.6628326951903,"No meaningful change"
"SPEI_48","Upland",-1.0293403903843,"7","US-A03","SPEI_48__Upland",5.66651602781748,0.57459402979211,4.54031172942495,6.79272032621002,5.50702674358798,0.159489284229505,2.89610513359507,-17.5542095430826,23.3464198102727,"No meaningful change"
"SPEI_1","Freshwater",-1.0293403903843,"7","US-A03","SPEI_1__Freshwater",4.2199659874071,0.68453281463661,2.87828167071935,5.56165030409486,4.21954140936123,0.0004245780458767,0.010062184599842,-31.7868604314734,31.806984800673,"No meaningful change"
"SPEI_3","Freshwater",-1.0293403903843,"7","US-A03","SPEI_3__Freshwater",4.21940143745946,0.684522318614837,2.87773769297438,5.56106518194454,4.21951351065009,-0.000112073190632778,-0.00265606900771627,-31.7993013718065,31.793989233791,"No meaningful change"
"SPEI_6","Freshwater",-1.0293403903843,"7","US-A03","SPEI_6__Freshwater",4.2199289169493,0.68453979253742,2.87823092357596,5.56162691032265,4.21959154835205,0.000337368597254084,0.00799529038268746,-31.7888736245089,31.8048642052743,"No meaningful change"
"SPEI_12","Freshwater",-1.0293403903843,"7","US-A03","SPEI_12__Freshwater",4.2198003640141,0.684522164899479,2.87813692081112,5.56146380721708,4.21957016391976,0.000230200094337718,0.00545553422256342,-31.790755716751,31.8016667851961,"No meaningful change"
"SPEI_24","Freshwater",-1.0293403903843,"7","US-A03","SPEI_24__Freshwater",4.22231487931612,0.684709406465322,2.88028444264409,5.56434531598815,4.22053295499704,0.00178192431907753,0.0422203626432478,-31.7554329428022,31.8398736680887,"No meaningful change"
"SPEI_36","Freshwater",-1.0293403903843,"7","US-A03","SPEI_36__Freshwater",4.22024506653639,0.684553195337151,2.87852080367557,5.5619693293972,4.21970971318329,0.000535353353102508,0.0126869711305009,-31.783914076306,31.809288018567,"No meaningful change"
"SPEI_48","Freshwater",-1.0293403903843,"7","US-A03","SPEI_48__Freshwater",4.21998817344418,0.684553764941958,2.87826279415794,5.56171355273041,4.21964494790908,0.000343225535096359,0.00813399087680194,-31.7889815449005,31.8052495266541,"No meaningful change"
"SPEI_1","Saline",-1.0293403903843,"7","US-A03","SPEI_1__Saline",3.7963728886918,0.789746314519614,2.24847011223336,5.34427566515025,3.79571448215135,0.000658406540450684,0.0173460502244497,-40.7629282232271,40.797620323676,"No meaningful change"
"SPEI_3","Saline",-1.0293403903843,"7","US-A03","SPEI_3__Saline",3.79616334362972,0.789719776891042,2.24831258092328,5.34401410633616,3.79581271083288,0.000350632796842998,0.00923735767685077,-40.7686113040611,40.7870860194148,"No meaningful change"
"SPEI_6","Saline",-1.0293403903843,"7","US-A03","SPEI_6__Saline",3.70456379860632,0.796860383055689,2.14271744781717,5.26641014939547,3.72785187663226,-0.0232880780259355,-0.624705025752631,-42.5213898318057,41.2719797803004,"No meaningful change"
"SPEI_12","Saline",-1.0293403903843,"7","US-A03","SPEI_12__Saline",3.79570167996916,0.789710831547425,2.24786845013621,5.34353490980212,3.79590600007587,-0.000204320106708344,-0.00538264400394163,-40.7817672489445,40.7710019609366,"No meaningful change"
"SPEI_24","Saline",-1.0293403903843,"7","US-A03","SPEI_24__Saline",3.78519115262718,0.79039943485308,2.23600826031514,5.33437404493922,3.79486170186332,-0.00967054923613997,-0.254832718446409,-41.0780039963713,40.5683385594784,"No meaningful change"
"SPEI_36","Saline",-1.0293403903843,"7","US-A03","SPEI_36__Saline",3.75265695220605,0.792414147418052,2.19952522326667,5.30578868114543,3.78973207975865,-0.0370751275526033,-0.978304713164959,-41.9609308263622,40.0043214000322,"No meaningful change"
"SPEI_48","Saline",-1.0293403903843,"7","US-A03","SPEI_48__Saline",3.79545057549863,0.789730641280716,2.24757851858843,5.34332263240883,3.79598202691605,-0.000531451417415063,-0.0140003670630345,-40.7905911394839,40.7625904053578,"No meaningful change"
"SPEI_1","Upland",-0.995100978460592,"7","US-A03","SPEI_1__Upland",5.6591876228557,0.574160766351743,4.53383252080628,6.78454272490512,5.48919319302184,0.169994429833865,3.09689281933038,-17.4043914765117,23.5981771151724,"No meaningful change"
"SPEI_3","Upland",-0.995100978460592,"7","US-A03","SPEI_3__Upland",5.93567118492157,0.577046285101703,4.80466046612223,7.0666819037209,5.38809641457018,0.54757477035139,10.16267579902,-10.8282388353381,31.1535904333782,"WUE increase"
"SPEI_6","Upland",-0.995100978460592,"7","US-A03","SPEI_6__Upland",5.76449777414787,0.57423353215096,4.63900005113199,6.88999549716375,5.44677574908028,0.317722025067583,5.8332128896849,-14.830346156342,26.4967719357118,"No meaningful change"
"SPEI_12","Upland",-0.995100978460592,"7","US-A03","SPEI_12__Upland",5.69903016364452,0.573868084056855,4.57424871889309,6.82381160839596,5.4960425846593,0.202987578985229,3.69334072395679,-16.7719563953005,24.1586378432141,"No meaningful change"
"SPEI_24","Upland",-0.995100978460592,"7","US-A03","SPEI_24__Upland",5.7847959849844,0.57391772374451,4.65991724644516,6.90967472352364,5.49325156310849,0.291544421875915,5.30731969083421,-15.1701466260861,25.7847860077545,"No meaningful change"
"SPEI_36","Upland",-0.995100978460592,"7","US-A03","SPEI_36__Upland",5.72945838760215,0.574101229931149,4.60421997693709,6.8546967982672,5.50528577568923,0.224172611912919,4.07195232085575,-16.367284741714,24.5111893834255,"No meaningful change"
"SPEI_48","Upland",-0.995100978460592,"7","US-A03","SPEI_48__Upland",5.66120100384704,0.574277397958142,4.53561730384908,6.786784703845,5.50702674358798,0.154174260259062,2.79959163878353,-17.6394538281468,23.2386371057138,"No meaningful change"
"SPEI_1","Freshwater",-0.995100978460592,"7","US-A03","SPEI_1__Freshwater",4.2199549811223,0.68452990372696,2.87827636981745,5.56163359242714,4.21954140936123,0.00041357176106871,0.00980134381786569,-31.7869860589144,31.8065887465501,"No meaningful change"
"SPEI_3","Freshwater",-0.995100978460592,"7","US-A03","SPEI_3__Freshwater",4.21940655652164,0.684520181156873,2.87774700145417,5.56106611158911,4.21951351065009,-0.000106954128452408,-0.00253475023086085,-31.7990807662848,31.7940112658231,"No meaningful change"
"SPEI_6","Freshwater",-0.995100978460592,"7","US-A03","SPEI_6__Freshwater",4.21991958417884,0.684536870320493,2.87822731835068,5.56161185000701,4.21959154835205,0.000328035826793638,0.00777411327695335,-31.7889590646573,31.8045072912113,"No meaningful change"
"SPEI_12","Freshwater",-0.995100978460592,"7","US-A03","SPEI_12__Freshwater",4.21979378697295,0.684520338438037,2.8781339236344,5.5614536503115,4.21957016391976,0.000223623053188682,0.00529966429047236,-31.790826747131,31.801426075712,"No meaningful change"
"SPEI_24","Freshwater",-0.995100978460592,"7","US-A03","SPEI_24__Freshwater",4.22228024240777,0.684699992758679,2.88026825660076,5.56429222821478,4.22053295499704,0.00174728741073427,0.0413996864700584,-31.7558164498971,31.8386158228372,"No meaningful change"
"SPEI_36","Freshwater",-0.995100978460592,"7","US-A03","SPEI_36__Freshwater",4.2202318195334,0.68455002852065,2.87851376363293,5.56194987543388,4.21970971318329,0.000522106350115514,0.012373039512276,-31.7840809134376,31.8088269924621,"No meaningful change"
"SPEI_48","Freshwater",-0.995100978460592,"7","US-A03","SPEI_48__Freshwater",4.21998116719499,0.684550373113881,2.87826243589179,5.5616998984982,4.21964494790908,0.000336219285913764,0.00796795204488395,-31.788990035334,31.8049259394238,"No meaningful change"
"SPEI_1","Saline",-0.995100978460592,"7","US-A03","SPEI_1__Saline",3.79634157835515,0.789742053859846,2.24844715278985,5.34423600392044,3.79571448215135,0.000627096203792643,0.0165211637161185,-40.763533101271,40.7965754287033,"No meaningful change"
"SPEI_3","Saline",-0.995100978460592,"7","US-A03","SPEI_3__Saline",3.79614611720069,0.789717110636725,2.24830058035271,5.34399165404867,3.79581271083288,0.000333406367809985,0.00878353051662629,-40.7689274569244,40.7864945179576,"No meaningful change"
"SPEI_6","Saline",-0.995100978460592,"7","US-A03","SPEI_6__Saline",3.7009565703841,0.796582495823646,2.13965487856976,5.26225826219845,3.72785187663226,-0.026895306248151,-0.72146928414034,-42.6035435586372,41.1606049903565,"No meaningful change"
"SPEI_12","Saline",-0.995100978460592,"7","US-A03","SPEI_12__Saline",3.79570758955158,0.789708614280492,2.24787870556182,5.34353647354135,3.79590600007587,-0.000198410524289372,-0.00522696094912271,-40.7814970782499,40.7710431563516,"No meaningful change"
"SPEI_24","Saline",-0.995100978460592,"7","US-A03","SPEI_24__Saline",3.78548675900693,0.790358373669218,2.23638434661526,5.33458917139859,3.79486170186332,-0.0093749428563954,-0.247043070154367,-41.0680935877804,40.5740074474716,"No meaningful change"
"SPEI_36","Saline",-0.995100978460592,"7","US-A03","SPEI_36__Saline",3.75354148314853,0.792275123080372,2.200682241911,5.30640072438606,3.78973207975865,-0.0361905966101288,-0.954964515919911,-41.9304004717097,40.0204714398699,"No meaningful change"
"SPEI_48","Saline",-0.995100978460592,"7","US-A03","SPEI_48__Saline",3.79546982849971,0.789727056176002,2.24760479839474,5.34333485860467,3.79598202691605,-0.000512198416337206,-0.0134931728523838,-40.789898833616,40.7629124879112,"No meaningful change"
"SPEI_1","Upland",-0.960861566536881,"7","US-A03","SPEI_1__Upland",5.65296217063737,0.573874054363885,4.52816902408416,6.77775531719058,5.48919319302184,0.163768977615534,2.98347993697374,-17.5075668708361,23.4745267447835,"No meaningful change"
"SPEI_3","Upland",-0.960861566536881,"7","US-A03","SPEI_3__Upland",5.9112494517182,0.576679548406378,4.7809575368417,7.0415413665947,5.38809641457018,0.523153037148017,9.70942234317368,-11.26815169986,30.6869963862073,"No meaningful change"
"SPEI_6","Upland",-0.960861566536881,"7","US-A03","SPEI_6__Upland",5.75138028412977,0.573949598222574,4.62643907161353,6.87632149664602,5.44677574908028,0.304604535049492,5.59238252283337,-15.0609592767845,26.2457243224512,"No meaningful change"
"SPEI_12","Upland",-0.960861566536881,"7","US-A03","SPEI_12__Upland",5.69203087712507,0.573566011158819,4.56784149525378,6.81622025899635,5.4960425846593,0.195988292465773,3.56598933590546,-16.888535252553,24.020513924364,"No meaningful change"
"SPEI_24","Upland",-0.960861566536881,"7","US-A03","SPEI_24__Upland",5.7747428787791,0.573610727086675,4.65046585368922,6.89901990386899,5.49325156310849,0.281491315670619,5.12431139256493,-15.3422012397763,25.5908240249062,"No meaningful change"
"SPEI_36","Upland",-0.960861566536881,"7","US-A03","SPEI_36__Upland",5.72172946568943,0.573795337581023,4.59709060403063,6.84636832734824,5.50528577568923,0.216443690000204,3.9315613906184,-16.4967852471728,24.3599080284096,"No meaningful change"
"SPEI_48","Upland",-0.960861566536881,"7","US-A03","SPEI_48__Upland",5.65588586814668,0.573970698368475,4.53090329934447,6.78086843694889,5.50702674358798,0.148859124558702,2.703076115111,-17.7250536395169,23.1312058697389,"No meaningful change"
"SPEI_1","Freshwater",-0.960861566536881,"7","US-A03","SPEI_1__Freshwater",4.21994370813073,0.68452707510906,2.87827064091697,5.56161677534449,4.21954140936123,0.000402298769503595,0.00953418228367373,-31.7871218296042,31.8061901941716,"No meaningful change"
"SPEI_3","Freshwater",-0.960861566536881,"7","US-A03","SPEI_3__Freshwater",4.21941161133772,0.684518098847436,2.87775613759674,5.56106708507869,4.21951351065009,-0.00010189931237381,-0.00241495404900624,-31.7988642450543,31.7940343369563,"No meaningful change"
"SPEI_6","Freshwater",-0.960861566536881,"7","US-A03","SPEI_6__Freshwater",4.21991010128771,0.68453401943076,2.87822342320342,5.561596779372,4.21959154835205,0.000318552935664407,0.00754937846505112,-31.7890513756596,31.8041501325897,"No meaningful change"
"SPEI_12","Freshwater",-0.960861566536881,"7","US-A03","SPEI_12__Freshwater",4.21978710775625,0.684518550857291,2.87813074807596,5.56144346743654,4.21957016391976,0.000216943836489847,0.00514137289017887,-31.7909020049965,31.8011847507768,"No meaningful change"
"SPEI_24","Freshwater",-0.960861566536881,"7","US-A03","SPEI_24__Freshwater",4.22224394943708,0.684690757962761,2.88025006383007,5.56423783504409,4.22053295499704,0.0017109944400362,0.0405397720686059,-31.7562475037685,31.8373270479057,"No meaningful change"
"SPEI_36","Freshwater",-0.960861566536881,"7","US-A03","SPEI_36__Freshwater",4.22021820695483,0.6845469267306,2.87850623056285,5.56193018334681,4.21970971318329,0.000508493771544494,0.01205044436957,-31.7842594344872,31.8083603232263,"No meaningful change"
"SPEI_48","Freshwater",-0.960861566536881,"7","US-A03","SPEI_48__Freshwater",4.21997392027949,0.68454705808963,2.87826168642382,5.56168615413516,4.21964494790908,0.000328972370412295,0.00779620973976276,-31.7890077967329,31.8046002162124,"No meaningful change"
"SPEI_1","Saline",-0.960861566536881,"7","US-A03","SPEI_1__Saline",3.79631037901442,0.789737920429113,2.24842405497336,5.34419670305549,3.79571448215135,0.000595896863071044,0.015699201451351,-40.7641416248203,40.795540027723,"No meaningful change"
"SPEI_3","Saline",-0.960861566536881,"7","US-A03","SPEI_3__Saline",3.7961289840264,0.789714519319055,2.24828852616105,5.34396944189174,3.79581271083288,0.000316273193521788,0.00833216013580373,-40.7692450224255,40.7859093426971,"No meaningful change"
"SPEI_6","Saline",-0.960861566536881,"7","US-A03","SPEI_6__Saline",3.69753845848836,0.796323248402482,2.13674489161949,5.25833202535722,3.72785187663226,-0.0303134181439,-0.81316047812729,-42.681604250064,41.0552832938095,"No meaningful change"
"SPEI_12","Saline",-0.960861566536881,"7","US-A03","SPEI_12__Saline",3.79571357591823,0.789706459538762,2.24788891522225,5.3435382366142,3.79590600007587,-0.000192424157644755,-0.0050692550774679,-40.7812281132008,40.7710896030459,"No meaningful change"
"SPEI_24","Saline",-0.960861566536881,"7","US-A03","SPEI_24__Saline",3.78578459568699,0.790318481413861,2.23676037211582,5.33480881925816,3.79486170186332,-0.00907710617633262,-0.239194650278709,-41.0581847813441,40.5797954807866,"No meaningful change"
"SPEI_36","Saline",-0.960861566536881,"7","US-A03","SPEI_36__Saline",3.754460313053,0.792139960950226,2.20186598959056,5.30705463651544,3.78973207975865,-0.0352717667056526,-0.930719268890872,-41.8991648156093,40.0377262778275,"No meaningful change"
"SPEI_48","Saline",-0.960861566536881,"7","US-A03","SPEI_48__Saline",3.79548915448692,0.789723586500767,2.24763092494542,5.34334738402843,3.79598202691605,-0.000492872429122215,-0.0129840559209032,-40.7892105650602,40.7632424532184,"No meaningful change"
"SPEI_1","Upland",-0.92662215461317,"7","US-A03","SPEI_1__Upland",5.64671450194731,0.573601900859875,4.52245477626195,6.77097422763266,5.48919319302184,0.157521308925475,2.86966232352187,-17.6116668290861,23.3509914761299,"No meaningful change"
"SPEI_3","Upland",-0.92662215461317,"7","US-A03","SPEI_3__Upland",5.88677912335181,0.576353640885902,4.75712598721544,7.01643225948818,5.38809641457018,0.498682708781631,9.25526698878517,-11.7104516847268,30.2209856622971,"No meaningful change"
"SPEI_6","Upland",-0.92662215461317,"7","US-A03","SPEI_6__Upland",5.73829623236631,0.573688472454453,4.61386682635558,6.86272563837704,5.44677574908028,0.291520483286027,5.35216606513041,-15.2917792304069,25.9961113606677,"No meaningful change"
"SPEI_12","Upland",-0.92662215461317,"7","US-A03","SPEI_12__Upland",5.68503141248249,0.573274539339955,4.56141331537618,6.8086495095888,5.4960425846593,0.188988827823196,3.43863470691997,-17.0054954066746,23.8827648205146,"No meaningful change"
"SPEI_24","Upland",-0.92662215461317,"7","US-A03","SPEI_24__Upland",5.76468973148081,0.573314512524235,4.64099328693331,6.88838617602831,5.49325156310849,0.271438168372322,4.9413023462323,-15.5146413082329,25.3972460006975,"No meaningful change"
"SPEI_36","Upland",-0.92662215461317,"7","US-A03","SPEI_36__Upland",5.7140003340516,0.573499739987379,4.58994084367633,6.83805982442686,5.50528577568923,0.208714558362368,3.79116665085817,-16.6266560776002,24.2089893793166,"No meaningful change"
"SPEI_48","Upland",-0.92662215461317,"7","US-A03","SPEI_48__Upland",5.65057062815344,0.573673944358598,4.52616969721059,6.77497155909629,5.50702674358798,0.143543884565463,2.60655869762383,-17.8110093167686,23.0241267120162,"No meaningful change"
"SPEI_1","Freshwater",-0.92662215461317,"7","US-A03","SPEI_1__Freshwater",4.21993217478685,0.684524331302277,2.87826448543439,5.56159986413931,4.21954140936123,0.000390765425623663,0.00926085059283299,-31.7872677099734,31.8057894111591,"No meaningful change"
"SPEI_3","Freshwater",-0.92662215461317,"7","US-A03","SPEI_3__Freshwater",4.21941660095495,0.684516073671646,2.87776509655852,5.56106810535138,4.21951351065009,-9.69096951406456e-05,-0.00229670304161948,-31.7986519229049,31.7940585168217,"No meaningful change"
"SPEI_6","Freshwater",-0.92662215461317,"7","US-A03","SPEI_6__Freshwater",4.21990047612091,0.68453124215952,2.87821924148825,5.56158171075357,4.21959154835205,0.000308927768865708,0.00732127186543349,-31.7891504780282,31.8037930217591,"No meaningful change"
"SPEI_12","Freshwater",-0.92662215461317,"7","US-A03","SPEI_12__Freshwater",4.21978033047677,0.684516803658174,2.87812739530675,5.56143326564679,4.21957016391976,0.000210166557005564,0.0049807574904817,-31.7909814625972,31.8009429775782,"No meaningful change"
"SPEI_24","Freshwater",-0.92662215461317,"7","US-A03","SPEI_24__Freshwater",4.2222060499055,0.684681713650001,2.8802298911515,5.5641822086595,4.22053295499704,0.0016730949084609,0.0396417923115607,-31.7567254689635,31.8360090535866,"No meaningful change"
"SPEI_36","Freshwater",-0.92662215461317,"7","US-A03","SPEI_36__Freshwater",4.22020424186707,0.684543893255102,2.87849821108707,5.56191027264707,4.21970971318329,0.000494528683783635,0.0117194953538776,-31.7844494825315,31.8078884732392,"No meaningful change"
"SPEI_48","Freshwater",-0.92662215461317,"7","US-A03","SPEI_48__Freshwater",4.21996643351491,0.684543822831965,2.87826054076426,5.56167232626557,4.21964494790908,0.000321485605835115,0.0076187833290196,-31.7890349473479,31.8042725140059,"No meaningful change"
"SPEI_1","Saline",-0.92662215461317,"7","US-A03","SPEI_1__Saline",3.79627932223518,0.789733919740646,2.24840083954351,5.34415780492684,3.79571448215135,0.000564840083825402,0.0148809950401027,-40.7647532469525,40.7945152370327,"No meaningful change"
"SPEI_3","Saline",-0.92662215461317,"7","US-A03","SPEI_3__Saline",3.79611196261729,0.789712006015818,2.24827643082629,5.3439474944083,3.79581271083288,0.000299251784417809,0.00788373418856451,-40.7695636718342,40.7853311402113,"No meaningful change"
"SPEI_6","Saline",-0.92662215461317,"7","US-A03","SPEI_6__Saline",3.69431151536737,0.796081785977681,2.13399121485111,5.25463181588362,3.72785187663226,-0.0335403612648864,-0.899723550582346,-42.7554719052044,40.9560248040397,"No meaningful change"
"SPEI_12","Saline",-0.92662215461317,"7","US-A03","SPEI_12__Saline",3.79571963495114,0.789704369301477,2.24789907112025,5.34354019878204,3.79590600007587,-0.000186365124728471,-0.00490963487306446,-40.7809605644787,40.7711412947326,"No meaningful change"
"SPEI_24","Saline",-0.92662215461317,"7","US-A03","SPEI_24__Saline",3.78608459050197,0.790279773826629,2.23713623380177,5.33503294720216,3.79486170186332,-0.00877711136135373,-0.231289360480359,-41.0482802916556,40.5857015706948,"No meaningful change"
"SPEI_36","Saline",-0.92662215461317,"7","US-A03","SPEI_36__Saline",3.75541172395684,0.79200882513318,2.20307442669581,5.30774902121787,3.78973207975865,-0.0343203558018139,-0.905614304111957,-41.8672776774207,40.0560490691968,"No meaningful change"
"SPEI_48","Saline",-0.92662215461317,"7","US-A03","SPEI_48__Saline",3.79550853835092,0.789720234937002,2.24765687787439,5.34336019882744,3.79598202691605,-0.000473488565128743,-0.0124734143041614,-40.7885268703327,40.7635800417244,"No meaningful change"
"SPEI_1","Upland",-0.89238274268946,"7","US-A03","SPEI_1__Upland",5.64044778775133,0.573343936178716,4.51669367284104,6.76420190266161,5.48919319302184,0.151254594729492,2.75549774640425,-17.7166203845237,23.2276158773322,"No meaningful change"
"SPEI_3","Upland",-0.89238274268946,"7","US-A03","SPEI_3__Upland",5.86228509533477,0.576065216690613,4.73319727062117,6.99137292004837,5.38809641457018,0.474188680764594,8.80067178238163,-12.1545550331666,29.7558985979298,"No meaningful change"
"SPEI_6","Upland",-0.89238274268946,"7","US-A03","SPEI_6__Upland",5.72525483638621,0.57344904993922,4.60129469850533,6.84921497426708,5.44677574908028,0.278479087305923,5.11273274566051,-15.5225970284845,25.7480625198055,"No meaningful change"
"SPEI_12","Upland",-0.89238274268946,"7","US-A03","SPEI_12__Upland",5.6780317929011,0.572993679528131,4.55496418102596,6.80109940477624,5.4960425846593,0.181989208241807,3.31127725883675,-17.1228368255387,23.7453913432122,"No meaningful change"
"SPEI_24","Upland",-0.89238274268946,"7","US-A03","SPEI_24__Upland",5.75463654688388,0.573029095055109,4.63149952057587,6.8777735731919,5.49325156310849,0.261384983775399,4.75829262090971,-15.6874672975102,25.2040525393297,"No meaningful change"
"SPEI_36","Upland",-0.89238274268946,"7","US-A03","SPEI_36__Upland",5.70627101020415,0.573214448898455,4.58277069036317,6.82977133004512,5.50528577568923,0.20098523451492,3.65076841973308,-16.7568973331009,24.0584341725671,"No meaningful change"
"SPEI_48","Upland",-0.89238274268946,"7","US-A03","SPEI_48__Upland",5.6452552913736,0.573387148654628,4.52141648001053,6.76909410273667,5.50702674358798,0.138228547785619,2.51003952262559,-17.897321176532,22.9174002217832,"No meaningful change"
"SPEI_1","Freshwater",-0.89238274268946,"7","US-A03","SPEI_1__Freshwater",4.2199203880884,0.68452167462735,2.87825790581879,5.561582870358,4.21954140936123,0.000378978727171742,0.00898151458665535,-31.7874236419802,31.8053866711535,"No meaningful change"
"SPEI_3","Freshwater",-0.89238274268946,"7","US-A03","SPEI_3__Freshwater",4.21942152448478,0.684514107466084,2.87777387385126,5.5610691751183,4.21951351065009,-9.19861653114751e-05,-0.00218001826701825,-31.7984439062056,31.7940838696715,"No meaningful change"
"SPEI_6","Freshwater",-0.89238274268946,"7","US-A03","SPEI_6__Freshwater",4.21989071670328,0.684528540633121,2.87821477706237,5.5615666563442,4.21959154835205,0.000299168351233448,0.00708998365849621,-31.7892562803515,31.8034362476685,"No meaningful change"
"SPEI_12","Freshwater",-0.89238274268946,"7","US-A03","SPEI_12__Freshwater",4.21977345946628,0.684515098247243,2.87812386690168,5.56142305203087,4.21957016391976,0.000203295546513438,0.00481792075059576,-31.791065082609,31.8007009241102,"No meaningful change"
"SPEI_24","Freshwater",-0.89238274268946,"7","US-A03","SPEI_24__Freshwater",4.22216659534289,0.684672870564784,2.88020776903592,5.56412542164987,4.22053295499704,0.00163364034585278,0.0387069681310883,-31.757249623515,31.8346635597772,"No meaningful change"
"SPEI_36","Freshwater",-0.89238274268946,"7","US-A03","SPEI_36__Freshwater",4.22018993796558,0.684540931157176,2.87848971289752,5.56189016303365,4.21970971318329,0.00048022478229548,0.0113805170245516,-31.7846508752843,31.8074119093334,"No meaningful change"
"SPEI_48","Freshwater",-0.89238274268946,"7","US-A03","SPEI_48__Freshwater",4.2199587079403,0.684540670097054,2.87825899455007,5.56165842133053,4.21964494790908,0.000313760031219523,0.00743569743646317,-31.7890715905776,31.8039429854505,"No meaningful change"
"SPEI_1","Saline",-0.89238274268946,"7","US-A03","SPEI_1__Saline",3.79624844051066,0.789730056802594,2.24837752917757,5.34411935184374,3.79571448215135,0.000533958359306919,0.0140674005333583,-40.7653673702236,40.7935021712903,"No meaningful change"
"SPEI_3","Saline",-0.89238274268946,"7","US-A03","SPEI_3__Saline",3.79609507185195,0.789709573544906,2.24826430770394,5.34392583599997,3.79581271083288,0.000282361019075861,0.00743875002762992,-40.7698830533021,40.7847605533574,"No meaningful change"
"SPEI_6","Saline",-0.89238274268946,"7","US-A03","SPEI_6__Saline",3.69127776070096,0.795857140895452,2.13139776454588,5.25115775685605,3.72785187663226,-0.0365741159312902,-0.981104323392037,-42.8250414694216,40.8628328226376,"No meaningful change"
"SPEI_12","Saline",-0.89238274268946,"7","US-A03","SPEI_12__Saline",3.7957257624353,0.789702345386399,2.24790916547795,5.34354235939264,3.79590600007587,-0.000180237640575953,-0.00474821137753018,-40.7806946369846,40.7711982142296,"No meaningful change"
"SPEI_24","Saline",-0.89238274268946,"7","US-A03","SPEI_24__Saline",3.78638666684491,0.790242265414819,2.23751182663187,5.33526150705796,3.79486170186332,-0.00847503501840619,-0.223329219461274,-41.0383828867011,40.5917244477786,"No meaningful change"
"SPEI_36","Saline",-0.89238274268946,"7","US-A03","SPEI_36__Saline",3.75639393142937,0.791881859726409,2.20430548636561,5.30848237649314,3.78973207975865,-0.0333381483292814,-0.879696707515126,-41.8347935955939,40.0754001805637,"No meaningful change"
"SPEI_48","Saline",-0.89238274268946,"7","US-A03","SPEI_48__Saline",3.79552796456088,0.789717003919923,2.24768263687783,5.34337329224392,3.79598202691605,-0.000454062355169871,-0.0119616571403728,-40.7878482843107,40.7639249700299,"No meaningful change"
"SPEI_1","Upland",-0.858143330765749,"7","US-A03","SPEI_1__Upland",5.63416533115306,0.57309976247396,4.5108897967041,6.75744086560202,5.48919319302184,0.144972138131227,2.64104638028633,-17.8223531567701,23.1044459173427,"No meaningful change"
"SPEI_3","Upland",-0.858143330765749,"7","US-A03","SPEI_3__Upland",5.83779328719834,0.575810674332232,4.70920436550717,6.96638220888952,5.38809641457018,0.449696872628166,8.34611777569758,-12.5998496839661,29.2920852353613,"No meaningful change"
"SPEI_6","Upland",-0.858143330765749,"7","US-A03","SPEI_6__Upland",5.71226537038067,0.573230163177147,4.58873425055346,6.83579649020788,5.44677574908028,0.265489621300386,4.874252833802,-15.753200389638,25.501706057242,"No meaningful change"
"SPEI_12","Upland",-0.858143330765749,"7","US-A03","SPEI_12__Upland",5.67103204172163,0.57272344190382,4.54849409559014,6.79356998785311,5.4960425846593,0.17498945706233,3.18391741633818,-17.2405594475192,23.6083942801956,"No meaningful change"
"SPEI_24","Upland",-0.858143330765749,"7","US-A03","SPEI_24__Upland",5.74458332885116,0.572754489062984,4.62198453028771,6.86718212741461,5.49325156310849,0.251331765742671,4.57528228691658,-15.860679650501,25.0112442243342,"No meaningful change"
"SPEI_36","Upland",-0.858143330765749,"7","US-A03","SPEI_36__Upland",5.69854151195814,0.572939475432256,4.57558014011092,6.82150288380536,5.50528577568923,0.19325573626891,3.51036702076953,-16.8875090859733,23.9082431275123,"No meaningful change"
"SPEI_48","Upland",-0.858143330765749,"7","US-A03","SPEI_48__Upland",5.6399398652499,0.573110323363831,4.51664363145679,6.76323609904301,5.50702674358798,0.13291312166192,2.41351872526632,-17.9839895145657,22.8110269650983,"No meaningful change"
"SPEI_1","Freshwater",-0.858143330765749,"7","US-A03","SPEI_1__Freshwater",4.21990835558439,0.684519107175803,2.87825090551982,5.56156580564897,4.21954140936123,0.000366946223166131,0.00869635317127226,-31.7875895438708,31.8049822502134,"No meaningful change"
"SPEI_3","Freshwater",-0.858143330765749,"7","US-A03","SPEI_3__Freshwater",4.21942638110024,0.684512201894389,2.87778246538724,5.56107029681325,4.21951351065009,-8.71295498487967e-05,-0.00206491932372964,-31.7982402918325,31.794110453185,"No meaningful change"
"SPEI_6","Freshwater",-0.858143330765749,"7","US-A03","SPEI_6__Freshwater",4.21988083110424,0.684525916784289,2.87821003420703,5.56155162800145,4.21959154835205,0.000289282752192754,0.00685570508135398,-31.7893686811674,31.8030800913301,"No meaningful change"
"SPEI_12","Freshwater",-0.858143330765749,"7","US-A03","SPEI_12__Freshwater",4.21976649921397,0.684513435917606,2.87812016481546,5.56141283361248,4.21957016391976,0.000196335294205596,0.004652969060318,-31.7911528187071,31.8004587568278,"No meaningful change"
"SPEI_24","Freshwater",-0.858143330765749,"7","US-A03","SPEI_24__Freshwater",4.22212563830834,0.68466423847111,2.88018373090496,5.56406754571171,4.22053295499704,0.0015926833112978,0.0377365448458848,-31.757819175541,31.8332922652328,"No meaningful change"
"SPEI_36","Freshwater",-0.858143330765749,"7","US-A03","SPEI_36__Freshwater",4.22017530935298,0.684538043232477,2.87848074461732,5.56186987408863,4.21970971318329,0.000465596169689775,0.0110338435896467,-31.7848634083922,31.8069310955715,"No meaningful change"
"SPEI_48","Freshwater",-0.858143330765749,"7","US-A03","SPEI_48__Freshwater",4.21995074474361,0.684537602396644,2.87825704404619,5.56164444544103,4.21964494790908,0.000305796834530803,0.00724698021529824,-31.7891178149379,31.8036117753685,"No meaningful change"
"SPEI_1","Saline",-0.858143330765749,"7","US-A03","SPEI_1__Saline",3.79621776702516,0.789726336050853,2.24835414836549,5.34408138568483,3.79571448215135,0.000503284873807797,0.0132592921879241,-40.7659833494337,40.7925019338096,"No meaningful change"
"SPEI_3","Saline",-0.858143330765749,"7","US-A03","SPEI_3__Saline",3.79607833082305,0.789707224426874,2.24825217094638,5.34390449069972,3.79581271083288,0.000265619990171384,0.00699771064608458,-40.7702027939871,40.7841982152792,"No meaningful change"
"SPEI_6","Saline",-0.858143330765749,"7","US-A03","SPEI_6__Saline",3.6884392232411,0.795648243437662,2.12896866610328,5.24790978037892,3.72785187663226,-0.0394126533911558,-1.05724837508193,-42.8902022784609,40.775705528297,"No meaningful change"
"SPEI_12","Saline",-0.858143330765749,"7","US-A03","SPEI_12__Saline",3.79573195412876,0.78970038942583,2.24791919085413,5.34354471740338,3.79590600007587,-0.000174045947115342,-0.00458509634094899,-40.7804305267518,40.7712603340699,"No meaningful change"
"SPEI_24","Saline",-0.858143330765749,"7","US-A03","SPEI_24__Saline",3.78669074483252,0.790205969254154,2.23788704509438,5.33549444457067,3.79486170186332,-0.00817095703079795,-0.21531633226017,-41.0284953468646,40.5978626823443,"No meaningful change"
"SPEI_36","Saline",-0.858143330765749,"7","US-A03","SPEI_36__Saline",3.75740511077677,0.791759186609711,2.20555710502174,5.3092531165318,3.78973207975865,-0.0323269689818853,-0.853014627459996,-41.8017670219528,40.0957377670328,"No meaningful change"
"SPEI_48","Saline",-0.858143330765749,"7","US-A03","SPEI_48__Saline",3.79554741733022,0.789713895604924,2.24770818194457,5.34338665271587,3.79598202691605,-0.000434609585823864,-0.0114492003055386,-40.7871753341607,40.7642769335496,"No meaningful change"
"SPEI_1","Upland",-0.823903918842039,"7","US-A03","SPEI_1__Upland",5.62787054881123,0.572868956041704,4.50504739496949,6.75069370265297,5.48919319302184,0.138677355789394,2.52637046853604,-17.9287877734645,22.9815287105366,"No meaningful change"
"SPEI_3","Upland",-0.823903918842039,"7","US-A03","SPEI_3__Upland",5.81333052618787,0.57558623095244,4.68518151352109,6.94147953885466,5.38809641457018,0.425234111617696,7.89210286712396,-13.0457001316514,28.8299058658993,"No meaningful change"
"SPEI_6","Upland",-0.823903918842039,"7","US-A03","SPEI_6__Upland",5.69933709913981,0.573030590873874,4.57619714102702,6.8224770572526,5.44677574908028,0.252561350059527,4.63689642633394,-15.9833752693099,25.2571681219778,"No meaningful change"
"SPEI_12","Upland",-0.823903918842039,"7","US-A03","SPEI_12__Upland",5.66403218221191,0.572463835913017,4.5420030638224,6.78606130060143,5.4960425846593,0.167989597552617,3.0565556027807,-17.358663186123,23.4717743916844,"No meaningful change"
"SPEI_24","Upland",-0.823903918842039,"7","US-A03","SPEI_24__Upland",5.73453008127814,0.572490708319216,4.61244829297248,6.85661186958381,5.49325156310849,0.241278518169656,4.3922714151675,-16.0342787876546,24.8188216179896,"No meaningful change"
"SPEI_36","Upland",-0.823903918842039,"7","US-A03","SPEI_36__Upland",5.69081185724786,0.572674830087832,4.56836919027571,6.81325452422001,5.50528577568923,0.185526081558632,3.36996277973246,-17.018491384241,23.758416943706,"No meaningful change"
"SPEI_48","Upland",-0.823903918842039,"7","US-A03","SPEI_48__Upland",5.63462435706287,0.572843479978831,4.51185113630436,6.75739757782138,5.50702674358798,0.127597613474896,2.31699643775042,-18.0710146076979,22.7050074831987,"No meaningful change"
"SPEI_1","Freshwater",-0.823903918842039,"7","US-A03","SPEI_1__Freshwater",4.2198960853107,0.684516630794393,2.87824348895369,5.56154868166771,4.21954140936123,0.000354675949468586,0.00840555679064371,-31.7877653109842,31.8045764245655,"No meaningful change"
"SPEI_3","Freshwater",-0.823903918842039,"7","US-A03","SPEI_3__Freshwater",4.21943117003449,0.6845103584347,2.87779086750248,5.5610714725665,4.21951351065009,-8.23406156005291e-05,-0.00195142438560039,-31.7980411666201,31.7941383178489,"No meaningful change"
"SPEI_6","Freshwater",-0.823903918842039,"7","US-A03","SPEI_6__Freshwater",4.21987082733741,0.684523372337103,2.87820501755669,5.56153663711813,4.21959154835205,0.000279278985360953,0.00661862604853366,-31.789487570645,31.8027248227421,"No meaningful change"
"SPEI_12","Freshwater",-0.823903918842039,"7","US-A03","SPEI_12__Freshwater",4.21975945432176,0.684511817838686,2.87811629135794,5.56140261728559,4.21957016391976,0.000189290401999997,0.00448601148094564,-31.7912446161503,31.8002166391121,"No meaningful change"
"SPEI_24","Freshwater",-0.823903918842039,"7","US-A03","SPEI_24__Freshwater",4.22208323165605,0.684655826073037,2.8801578125529,5.5640086507592,4.22053295499704,0.00155027665901031,0.0367317747673266,-31.7584332769434,31.8318968264781,"No meaningful change"
"SPEI_36","Freshwater",-0.823903918842039,"7","US-A03","SPEI_36__Freshwater",4.22016037037716,0.684535231986756,2.87847131568312,5.5618494250712,4.21970971318329,0.000450657193875159,0.0106798150703876,-31.7850868582227,31.8064464883634,"No meaningful change"
"SPEI_48","Freshwater",-0.823903918842039,"7","US-A03","SPEI_48__Freshwater",4.2199425452096,0.684534621978013,2.8782546861327,5.56163040428651,4.21964494790908,0.000297597300526142,0.00705266211256963,-31.7891736943665,31.8032790185916,"No meaningful change"
"SPEI_1","Saline",-0.823903918842039,"7","US-A03","SPEI_1__Saline",3.79618733548175,0.789722761317095,2.24833072330025,5.34404394766326,3.79571448215135,0.000472853330400813,0.0124575579281402,-40.7666004945154,40.7915156103717,"No meaningful change"
"SPEI_3","Saline",-0.823903918842039,"7","US-A03","SPEI_3__Saline",3.79606175872363,0.78970496086667,2.24824003542496,5.3438834820223,3.79581271083288,0.000249047890755083,0.0065611216813813,-40.770522502106,40.7836447454688,"No meaningful change"
"SPEI_6","Saline",-0.823903918842039,"7","US-A03","SPEI_6__Saline",3.68579797149247,0.795453938841215,2.12670825136369,5.24488769162125,3.72785187663226,-0.042053905139789,-1.12810021780642,-42.9508381302705,40.6946376946576,"No meaningful change"
"SPEI_12","Saline",-0.823903918842039,"7","US-A03","SPEI_12__Saline",3.79573820581459,0.789698502854726,2.24792914021933,5.34354727140986,3.79590600007587,-0.000167794261278331,-0.00442040085489412,-40.7801684189651,40.7713276172553,"No meaningful change"
"SPEI_24","Saline",-0.823903918842039,"7","US-A03","SPEI_24__Saline",3.78699674214598,0.79017089689137,2.2382617842389,5.33573170005307,3.79486170186332,-0.00786495971733814,-0.207252868094675,-41.0186204377386,40.6041147015493,"No meaningful change"
"SPEI_36","Saline",-0.823903918842039,"7","US-A03","SPEI_36__Saline",3.7584434162422,0.791640904703402,2.20682724302353,5.31005958946087,3.78973207975865,-0.0312886635164555,-0.825616768097446,-41.7682517766778,40.1170182404829,"No meaningful change"
"SPEI_48","Saline",-0.823903918842039,"7","US-A03","SPEI_48__Saline",3.79556688073838,0.789710911851708,2.24773349350904,5.34340026796773,3.79598202691605,-0.000415146177663139,-0.0109364632055546,-40.7865085353117,40.7646356089006,"No meaningful change"
"SPEI_1","Upland",-0.789664506918328,"7","US-A03","SPEI_1__Upland",5.62156693444861,0.57265106899238,4.49917083922354,6.74396302967367,5.48919319302184,0.132373741426771,2.41153365844459,-18.0358445947369,22.8589119116261,"No meaningful change"
"SPEI_3","Upland",-0.789664506918328,"7","US-A03","SPEI_3__Upland",5.78892429033935,0.575387986605396,4.66116383659278,6.91668474408593,5.38809641457018,0.400827875769176,7.43913703335524,-13.4914545332127,28.3697285999232,"No meaningful change"
"SPEI_6","Upland",-0.789664506918328,"7","US-A03","SPEI_6__Upland",5.68647920752233,0.572849065545429,4.56369503905329,6.80926337599137,5.44677574908028,0.239703458442048,4.40083215253581,-16.2129074283278,25.0145717333994,"No meaningful change"
"SPEI_12","Upland",-0.789664506918328,"7","US-A03","SPEI_12__Upland",5.65703223732821,0.572214870277847,4.53549109158363,6.7785733830728,5.4960425846593,0.160989652668919,2.92919223585126,-17.4771479347118,23.3355324064143,"No meaningful change"
"SPEI_24","Upland",-0.789664506918328,"7","US-A03","SPEI_24__Upland",5.7244768080496,0.572237765983489,4.60289078672196,6.84606282937724,5.49325156310849,0.231225244941116,4.20926007638127,-16.2082651077915,24.626785260554,"No meaningful change"
"SPEI_36","Upland",-0.789664506918328,"7","US-A03","SPEI_36__Upland",5.68308206392652,0.572420522751835,4.56113783933293,6.80502628852012,5.50528577568923,0.177796288237295,3.22955602091403,-17.1498442555982,23.6089562974262,"No meaningful change"
"SPEI_48","Upland",-0.789664506918328,"7","US-A03","SPEI_48__Upland",5.62930877384802,0.57258662937739,4.50703898026834,6.7515785674277,5.50702674358798,0.122282030260044,2.22047278783278,-18.158396715323,22.5993422909886,"No meaningful change"
"SPEI_1","Freshwater",-0.789664506918328,"7","US-A03","SPEI_1__Freshwater",4.21988358565041,0.684514247066907,2.87823566139927,5.56153150990154,4.21954140936123,0.000342176289178653,0.00810932411800772,-31.7879508182149,31.8041694664509,"No meaningful change"
"SPEI_3","Freshwater",-0.789664506918328,"7","US-A03","SPEI_3__Freshwater",4.21943589057057,0.684508578364476,2.87779907697619,5.56107270416494,4.21951351065009,-7.76200795238324e-05,-0.00183955044409548,-31.7978466068991,31.7941675060109,"No meaningful change"
"SPEI_6","Freshwater",-0.789664506918328,"7","US-A03","SPEI_6__Freshwater",4.21986071325988,0.684520908789024,2.8781997320334,5.56152169448637,4.21959154835205,0.00026916490783524,0.00637893276519528,-31.7896128321361,31.8023706976665,"No meaningful change"
"SPEI_12","Freshwater",-0.789664506918328,"7","US-A03","SPEI_12__Freshwater",4.21975232943978,0.684510245043231,2.87811224915504,5.56139240972451,4.21957016391976,0.000182165520015154,0.00431715821608549,-31.7913404127062,31.7999747291384,"No meaningful change"
"SPEI_24","Freshwater",-0.789664506918328,"7","US-A03","SPEI_24__Freshwater",4.22203942770084,0.684647640915337,2.88013005150678,5.5639488038949,4.22053295499704,0.00150647270380322,0.0356938974263803,-31.7590910385676,31.8304788334204,"No meaningful change"
"SPEI_36","Freshwater",-0.789664506918328,"7","US-A03","SPEI_36__Freshwater",4.2201451354213,0.684532499608523,2.87846143618859,5.561828834654,4.21970971318329,0.000435422238010297,0.0103187723233649,-31.7853209855727,31.8059585302194,"No meaningful change"
"SPEI_48","Freshwater",-0.789664506918328,"7","US-A03","SPEI_48__Freshwater",4.21993411065077,0.684531730799718,2.87825191828332,5.56161630301821,4.21964494790908,0.000289162741688109,0.00685277423237695,-31.7892392887332,31.802944837198,"No meaningful change"
"SPEI_1","Saline",-0.789664506918328,"7","US-A03","SPEI_1__Saline",3.79615717983964,0.789719335789999,2.24830728169125,5.34400707798804,3.79571448215135,0.000442697688291194,0.0116630924262849,-40.7672180754507,40.7905442603033,"No meaningful change"
"SPEI_3","Saline",-0.789664506918328,"7","US-A03","SPEI_3__Saline",3.7960453747087,0.789702784730812,2.24822791663631,5.34386283278109,3.79581271083288,0.000232663875822769,0.0061294877684236,-40.7708417694033,40.7831007449401,"No meaningful change"
"SPEI_6","Saline",-0.789664506918328,"7","US-A03","SPEI_6__Saline",3.68335614051682,0.795273000814589,2.12462105892023,5.24209122211341,3.72785187663226,-0.0444957361154361,-1.19360257832008,-43.006827276635,40.6196221199948,"No meaningful change"
"SPEI_12","Saline",-0.789664506918328,"7","US-A03","SPEI_12__Saline",3.7957445133533,0.789696686896092,2.24793900703696,5.34355001966964,3.79590600007587,-0.000161486722577209,-0.00425423397138867,-40.7799084858259,40.7714000178832,"No meaningful change"
"SPEI_24","Saline",-0.789664506918328,"7","US-A03","SPEI_24__Saline",3.78730457528814,0.790137058216511,2.23863594118378,5.3359732093925,3.79486170186332,-0.00755712657517904,-0.199141027233441,-41.0087608704005,40.6104788159336,"No meaningful change"
"SPEI_36","Saline",-0.789664506918328,"7","US-A03","SPEI_36__Saline",3.75950700480687,0.791527088843447,2.20811391067372,5.31090009894003,3.78973207975865,-0.0302250749517827,-0.79755176132946,-41.7343003620895,40.1391968394306,"No meaningful change"
"SPEI_48","Saline",-0.789664506918328,"7","US-A03","SPEI_48__Saline",3.79558633888232,0.789708054205456,2.24775855263962,5.34341412512501,3.79598202691605,-0.000395688033727915,-0.0104238647844543,-40.7858483864909,40.765000656922,"No meaningful change"
"SPEI_1","Upland",-0.755425094994617,"7","US-A03","SPEI_1__Upland",5.61525804768806,0.572445637370519,4.49326459844185,6.73725149693428,5.48919319302184,0.126064854666227,2.29660079784562,-18.1434422065171,22.7366438022084,"No meaningful change"
"SPEI_3","Upland",-0.755425094994617,"7","US-A03","SPEI_3__Upland",5.76460266990584,0.575212060766384,4.63718703080373,6.89201830900796,5.38809641457018,0.376506255335664,6.98774161348593,-13.9364503897125,27.9119336166843,"No meaningful change"
"SPEI_6","Upland",-0.755425094994617,"7","US-A03","SPEI_6__Upland",5.67370069312046,0.572684298491322,4.55123946807746,6.79616191816345,5.44677574908028,0.226924944040173,4.16622520357096,-16.4415853021677,24.7740357093096,"No meaningful change"
"SPEI_12","Upland",-0.755425094994617,"7","US-A03","SPEI_12__Upland",5.65003222933712,0.571976553052503,4.52895818535421,6.77110627332002,5.4960425846593,0.153989644677821,2.80182772068835,-17.5960135753758,23.1996690167525,"No meaningful change"
"SPEI_24","Upland",-0.755425094994617,"7","US-A03","SPEI_24__Upland",5.71442351298807,0.57199567461965,4.59331199073356,6.83553503524258,5.49325156310849,0.221171949879584,4.02624834014389,-16.3826389896056,24.4351356698934,"No meaningful change"
"SPEI_36","Upland",-0.755425094994617,"7","US-A03","SPEI_36__Upland",5.67535214951298,0.572176562747982,4.55388608652694,6.79681821249903,5.50528577568923,0.170066373823754,3.08914706253307,-17.2815677137702,23.4598618388363,"No meaningful change"
"SPEI_48","Upland",-0.755425094994617,"7","US-A03","SPEI_48__Upland",5.62399312221509,0.572339781860466,4.50220714976858,6.74577909466161,5.50702674358798,0.116966378627116,2.12394789553735,-18.2461360840374,22.4940318751121,"No meaningful change"
"SPEI_1","Freshwater",-0.755425094994617,"7","US-A03","SPEI_1__Freshwater",4.21987086531123,0.684511957316572,2.87822742897075,5.56151430165172,4.21954140936123,0.000329455950007329,0.00780786151965276,-31.7881459206613,31.8037616437006,"No meaningful change"
"SPEI_3","Freshwater",-0.755425094994617,"7","US-A03","SPEI_3__Freshwater",4.21944054204891,0.684506862762127,2.87780709103514,5.56107399306268,4.21951351065009,-7.29686011800013e-05,-0.00172931313043145,-31.7976566783936,31.7941980521327,"No meaningful change"
"SPEI_6","Freshwater",-0.755425094994617,"7","US-A03","SPEI_6__Freshwater",4.21985049640393,0.684518527411211,2.87819418267795,5.5615068101299,4.21959154835205,0.000258948051877539,0.00613680373823553,-31.7897443461791,31.8020179536556,"No meaningful change"
"SPEI_12","Freshwater",-0.755425094994617,"7","US-A03","SPEI_12__Freshwater",4.21974512921396,0.684508718427064,2.87810804109691,5.561382217331,4.21957016391976,0.000174965294196028,0.00414651937043498,-31.7914401398814,31.7997331786223,"No meaningful change"
"SPEI_24","Freshwater",-0.755425094994617,"7","US-A03","SPEI_24__Freshwater",4.22199427711072,0.684639689388404,2.88010048590945,5.56388806831199,4.22053295499704,0.00146132211367966,0.034624113335011,-31.7597915566692,31.8290397833392,"No meaningful change"
"SPEI_36","Freshwater",-0.755425094994617,"7","US-A03","SPEI_36__Freshwater",4.22012961868848,0.684529847967993,2.87845111667122,5.56180812070575,4.21970971318329,0.000419905505197882,0.0099510519381465,-31.7855655407216,31.8054676445979,"No meaningful change"
"SPEI_48","Freshwater",-0.755425094994617,"7","US-A03","SPEI_48__Freshwater",4.21992544234424,0.684528930531194,2.8782487385031,5.56160214618538,4.21964494790908,0.000280494435165757,0.00664734684146228,-31.7893146453154,31.8026093389984,"No meaningful change"
"SPEI_1","Saline",-0.755425094994617,"7","US-A03","SPEI_1__Saline",3.79612733412058,0.789716062033046,2.24828385253581,5.34397081570535,3.79571448215135,0.000412851969225692,0.010876792002324,-40.7678353282907,40.7895889122953,"No meaningful change"
"SPEI_3","Saline",-0.755425094994617,"7","US-A03","SPEI_3__Saline",3.79602919772852,0.789700697555837,2.24821583051908,5.34384256493796,3.79581271083288,0.000216486895642465,0.00570330814859839,-40.7711601759778,40.782566792275,"No meaningful change"
"SPEI_6","Saline",-0.755425094994617,"7","US-A03","SPEI_6__Saline",3.6811159848921,0.795104168516288,2.12271181460017,5.23952015518402,3.72785187663226,-0.0467358917401595,-1.25369497734391,-43.0580429467645,40.5506529920767,"No meaningful change"
"SPEI_12","Saline",-0.755425094994617,"7","US-A03","SPEI_12__Saline",3.79575087276855,0.78969494256522,2.24794878534072,5.34355296019638,3.79590600007587,-0.000155127307325031,-0.00408670044310715,-40.7796508845112,40.771477483625,"No meaningful change"
"SPEI_24","Saline",-0.755425094994617,"7","US-A03","SPEI_24__Saline",3.78761416051066,0.790104461505869,2.23900941595916,5.33621890506217,3.79486170186332,-0.00724754135265648,-0.190983016564157,-40.9989192791985,40.6169532460702,"No meaningful change"
"SPEI_36","Saline",-0.755425094994617,"7","US-A03","SPEI_36__Saline",3.7605940631569,0.791417791241546,2.20941519232346,5.31177293399033,3.78973207975865,-0.0291380166017596,-0.768867455232225,-41.6999633265851,40.1622284161207,"No meaningful change"
"SPEI_48","Saline",-0.755425094994617,"7","US-A03","SPEI_48__Saline",3.79560577604909,0.789705323904505,2.24778334119626,5.34342821090192,3.79598202691605,-0.000376250866958028,-0.00991181897833441,-40.785195365574,40.7653717276174,"No meaningful change"
"SPEI_1","Upland",-0.721185683070906,"7","US-A03","SPEI_1__Upland",5.60894748571485,0.57225218551234,4.48733320211067,6.73056176931904,5.48919319302184,0.119754292693019,2.18163741886981,-18.2514980923752,22.6147729301148,"No meaningful change"
"SPEI_3","Upland",-0.721185683070906,"7","US-A03","SPEI_3__Upland",5.74039415768496,0.57505466516326,4.61328701396497,6.86750130140495,5.38809641457018,0.35229774311478,6.53844541760827,-14.3800210870395,27.456911922256,"No meaningful change"
"SPEI_6","Upland",-0.721185683070906,"7","US-A03","SPEI_6__Upland",5.66101033123338,0.572534993436132,4.53884174409856,6.7831789183682,5.44677574908028,0.2142345821531,3.93323668941713,-16.6692011349105,24.5356745137447,"No meaningful change"
"SPEI_12","Upland",-0.721185683070906,"7","US-A03","SPEI_12__Upland",5.64303217970152,0.57174889165564,4.52240435205647,6.76366000734658,5.4960425846593,0.146989595042229,2.67446244780764,-17.7152599821637,23.064184877779,"No meaningful change"
"SPEI_24","Upland",-0.721185683070906,"7","US-A03","SPEI_24__Upland",5.70437019982931,0.571764446202026,4.58371188527333,6.82502851438528,5.49325156310849,0.21111863672082,3.84323627446171,-16.5574007923363,24.2438733412597,"No meaningful change"
"SPEI_36","Upland",-0.721185683070906,"7","US-A03","SPEI_36__Upland",5.6676221310793,0.571942958858744,4.54661393171616,6.78863033044244,5.50528577568923,0.162336355390074,2.94873621469269,-17.4136617613287,23.3111341907141,"No meaningful change"
"SPEI_48","Upland",-0.721185683070906,"7","US-A03","SPEI_48__Upland",5.61867740832303,0.572102947168895,4.49735563187199,6.73999918477406,5.50702674358798,0.111650664735052,2.02742187270201,-18.3342329486883,22.3890766940923,"No meaningful change"
"SPEI_1","Freshwater",-0.721185683070906,"7","US-A03","SPEI_1__Freshwater",4.2198579332133,0.684509762609129,2.87821879849941,5.5614970679272,4.21954140936123,0.000316523852076145,0.00750138039583931,-31.7883504564273,31.8033532172189,"No meaningful change"
"SPEI_3","Freshwater",-0.721185683070906,"7","US-A03","SPEI_3__Freshwater",4.21944512385704,0.684505212508513,2.87781490734036,5.56107534037373,4.21951351065009,-6.83867930497684e-05,-0.00162072696004313,-31.7974714365359,31.7942299826158,"No meaningful change"
"SPEI_6","Freshwater",-0.721185683070906,"7","US-A03","SPEI_6__Freshwater",4.21984018393193,0.684516229249822,2.87818837460228,5.56149199326158,4.21959154835205,0.000248635579884748,0.00589240870912855,-31.7898819916266,31.8016668090449,"No meaningful change"
"SPEI_12","Freshwater",-0.721185683070906,"7","US-A03","SPEI_12__Freshwater",4.21973785824417,0.684507238748441,2.87810367029722,5.56137204619111,4.21957016391976,0.000167694324404444,0.00397420395656283,-31.7915437238846,31.7994921317977,"No meaningful change"
"SPEI_24","Freshwater",-0.721185683070906,"7","US-A03","SPEI_24__Freshwater",4.22194782847348,0.684631976730778,2.88006915408116,5.56382650286581,4.22053295499704,0.00141487347644187,0.0335235737175487,-31.7605339232998,31.8275810707349,"No meaningful change"
"SPEI_36","Freshwater",-0.721185683070906,"7","US-A03","SPEI_36__Freshwater",4.22011383407691,0.684527278617605,2.8784403679864,5.56178730016741,4.21970971318329,0.000404120893623627,0.00957698327828254,-31.7858202664147,31.8049742329712,"No meaningful change"
"SPEI_48","Freshwater",-0.721185683070906,"7","US-A03","SPEI_48__Freshwater",4.21991654149196,0.684526222553585,2.87824514528693,5.56158793769698,4.21964494790908,0.000271593582876761,0.00643640842368364,-31.7893997997827,31.8022726166301,"No meaningful change"
"SPEI_1","Saline",-0.721185683070906,"7","US-A03","SPEI_1__Saline",3.7960978322285,0.789712941995143,2.24826046591802,5.34393519853898,3.79571448215135,0.000383350077143518,0.0100995498725247,-40.768451460455,40.7886505602001,"No meaningful change"
"SPEI_3","Saline",-0.721185683070906,"7","US-A03","SPEI_3__Saline",3.79601324644884,0.78969870055227,2.2482037933664,5.34382269953129,3.79581271083288,0.000200535615967556,0.00528307456780593,-40.7714772925903,40.7820434417259,"No meaningful change"
"SPEI_6","Saline",-0.721185683070906,"7","US-A03","SPEI_6__Saline",3.67907988675528,0.794946165202584,2.12098540295822,5.23717437055235,3.72785187663226,-0.0487719898769732,-1.30831351381466,-43.1043541119902,40.4877270843609,"No meaningful change"
"SPEI_12","Saline",-0.721185683070906,"7","US-A03","SPEI_12__Saline",3.79575728027059,0.789693270672045,2.24795846975338,5.3435560907878,3.79590600007587,-0.000148719805280084,-0.00391790010809308,-40.7793957566796,40.7715599564635,"No meaningful change"
"SPEI_24","Saline",-0.721185683070906,"7","US-A03","SPEI_24__Saline",3.78792541464625,0.790073113435025,2.2393821123136,5.3364687169789,3.79486170186332,-0.0069362872170684,-0.182781027663343,-40.9890982004946,40.6235361451679,"No meaningful change"
"SPEI_36","Saline",-0.721185683070906,"7","US-A03","SPEI_36__Saline",3.7617028213216,0.791313042315495,2.21072925838323,5.31267638425997,3.78973207975865,-0.0280292584370536,-0.739610554180353,-41.6652889477079,40.1860678393472,"No meaningful change"
"SPEI_48","Saline",-0.721185683070906,"7","US-A03","SPEI_48__Saline",3.79562517680397,0.789702721885697,2.247807841908,5.34344251169994,3.79598202691605,-0.000356850112075868,-0.00940073239403039,-40.7845499275406,40.7657484627525,"No meaningful change"
"SPEI_1","Upland",-0.686946271147196,"7","US-A03","SPEI_1__Upland",5.60263885805026,0.57207023154365,4.4813812042247,6.72389651187581,5.48919319302184,0.113445665028421,2.06670927838065,-18.3599292893957,22.493347846157,"No meaningful change"
"SPEI_3","Upland",-0.686946271147196,"7","US-A03","SPEI_3__Upland",5.71632746658694,0.574912182860768,4.58949958817984,6.84315534499405,5.38809641457018,0.328231052016763,6.09178134097934,-14.8215021585512,27.0050648405099,"No meaningful change"
"SPEI_6","Upland",-0.686946271147196,"7","US-A03","SPEI_6__Upland",5.64841663351353,0.572399863061129,4.52651290191372,6.77032036511334,5.44677574908028,0.201640884433248,3.70202287963289,-16.895552333359,24.2995980926248,"No meaningful change"
"SPEI_12","Upland",-0.686946271147196,"7","US-A03","SPEI_12__Upland",5.63603210894369,0.571531892911484,4.51582959883718,6.7562346190502,5.4960425846593,0.139989524284394,2.5470967906096,-17.8348870250408,22.92908060626,"No meaningful change"
"SPEI_24","Upland",-0.686946271147196,"7","US-A03","SPEI_24__Upland",5.69431687219616,0.571544092124599,4.57409045163194,6.81454329276037,5.49325156310849,0.20106530908767,3.66022394528556,-16.7325508565716,24.0529987471428,"No meaningful change"
"SPEI_36","Upland",-0.686946271147196,"7","US-A03","SPEI_36__Upland",5.65989202512929,0.57171971935493,4.53932137519363,6.78046267506495,5.50528577568923,0.154606249440064,2.80832377717409,-17.5461263929512,23.1627739472994,"No meaningful change"
"SPEI_48","Upland",-0.686946271147196,"7","US-A03","SPEI_48__Upland",5.61336163784104,0.571876134507491,4.49248441420635,6.73423886147572,5.50702674358798,0.106334894253061,1.93089482227176,-18.4226875339381,22.2844771784817,"No meaningful change"
"SPEI_1","Freshwater",-0.686946271147196,"7","US-A03","SPEI_1__Freshwater",4.21984479839211,0.68450766376136,2.87820977741985,5.56147981936438,4.21954140936123,0.000303389030885448,0.0071900948812202,-31.7885642493182,31.8029444390806,"No meaningful change"
"SPEI_3","Freshwater",-0.686946271147196,"7","US-A03","SPEI_3__Freshwater",4.21944963542171,0.684503628292772,2.87782252396788,5.56107674687554,4.21951351065009,-6.38752283812494e-05,-0.00151380551857525,-31.7972909269226,31.7942633158855,"No meaningful change"
"SPEI_6","Freshwater",-0.686946271147196,"7","US-A03","SPEI_6__Freshwater",4.21982978258089,0.684514015132079,2.87818231292201,5.56147725223976,4.21959154835205,0.000238234228839396,0.00564590733746345,-31.7900256472435,31.8013174619184,"No meaningful change"
"SPEI_12","Freshwater",-0.686946271147196,"7","US-A03","SPEI_12__Freshwater",4.21973052104337,0.68450580663056,2.87809914004747,5.56136190203927,4.21957016391976,0.000160357123607291,0.00380031892770631,-31.7916510867101,31.7992517245655,"No meaningful change"
"SPEI_24","Freshwater",-0.686946271147196,"7","US-A03","SPEI_24__Freshwater",4.22190012781988,0.684624507057774,2.88003609398664,5.56376416165312,4.22053295499704,0.00136717282284149,0.0323933692123593,-31.7613172389347,31.8261039773594,"No meaningful change"
"SPEI_36","Freshwater",-0.686946271147196,"7","US-A03","SPEI_36__Freshwater",4.22009779505267,0.684524792799316,2.87842920116601,5.56176638893933,4.21970971318329,0.00038808186938244,0.0091968854675,-31.7860849012155,31.8044786721505,"No meaningful change"
"SPEI_48","Freshwater",-0.686946271147196,"7","US-A03","SPEI_48__Freshwater",4.21990740918226,0.684523607966738,2.87824113756745,5.56157368079707,4.21964494790908,0.000262461273181636,0.00621998477174461,-31.7894947774295,31.801934746973,"No meaningful change"
"SPEI_1","Saline",-0.686946271147196,"7","US-A03","SPEI_1__Saline",3.79606870777423,0.789709977035614,2.24823715278443,5.34390026276404,3.79571448215135,0.00035422562288101,0.00933225153121213,-40.7690656566412,40.7877301597036,"No meaningful change"
"SPEI_3","Saline",-0.686946271147196,"7","US-A03","SPEI_3__Saline",3.79599753916464,0.789696794616392,2.24819182171651,5.34380325661276,3.79581271083288,0.000184828331758702,0.00486926900347902,-40.7717926835434,40.7815312215504,"No meaningful change"
"SPEI_6","Saline",-0.686946271147196,"7","US-A03","SPEI_6__Saline",3.67725036694737,0.794797720073558,2.1194468356032,5.23505389829155,3.72785187663226,-0.0506015096848804,-1.35739056592007,-43.1456263354028,40.4308452035627,"No meaningful change"
"SPEI_12","Saline",-0.686946271147196,"7","US-A03","SPEI_12__Saline",3.7957637322846,0.789691671828256,2.24796805550122,5.34355940906798,3.79590600007587,-0.000142267791271244,-0.00374792714225275,-40.7791432280913,40.7716473738068,"No meaningful change"
"SPEI_24","Saline",-0.686946271147196,"7","US-A03","SPEI_24__Saline",3.78823825590351,0.790043019132823,2.23975393840318,5.33672257340384,3.79486170186332,-0.00662344595981068,-0.174537215850541,-40.9793000545071,40.630225622806,"No meaningful change"
"SPEI_36","Saline",-0.686946271147196,"7","US-A03","SPEI_36__Saline",3.76283156697845,0.791212852095475,2.21205437687132,5.31360875708558,3.78973207975865,-0.0269005127802067,-0.709826241382209,-41.6303229274142,40.2106704446498,"No meaningful change"
"SPEI_48","Saline",-0.686946271147196,"7","US-A03","SPEI_48__Saline",3.79564452608361,0.789700248796581,2.24783203844231,5.34345701372491,3.79598202691605,-0.00033750083243822,-0.00889100185525416,-40.7839125026494,40.7661304989389,"No meaningful change"
"SPEI_1","Upland",-0.652706859223485,"7","US-A03","SPEI_1__Upland",5.59633576477682,0.571899293209443,4.47541315008631,6.71725837946732,5.48919319302184,0.10714257175498,1.95188196129051,-18.4686529930173,22.3724169155983,"No meaningful change"
"SPEI_3","Upland",-0.652706859223485,"7","US-A03","SPEI_3__Upland",5.69243136816818,0.574781240904479,4.5658601359954,6.81900260034096,5.38809641457018,0.304334953598006,5.64828336729537,-15.2602369243306,26.5568036589214,"No meaningful change"
"SPEI_6","Upland",-0.652706859223485,"7","US-A03","SPEI_6__Upland",5.63592781890973,0.572277645835576,4.514263633072,6.75759200474745,5.44677574908028,0.189152069829444,3.47273466988948,-17.1204426061738,24.0659119459528,"No meaningful change"
"SPEI_12","Upland",-0.652706859223485,"7","US-A03","SPEI_12__Upland",5.6290320365518,0.571325563094061,4.50923393288744,6.74883014021616,5.4960425846593,0.132989451892505,2.41973110368011,-17.9548945731655,22.7943567805257,"No meaningful change"
"SPEI_24","Upland",-0.652706859223485,"7","US-A03","SPEI_24__Upland",5.68426353357931,0.571334623210947,4.56444767208586,6.80407939507277,5.49325156310849,0.191011970470827,3.47721141616056,-16.9080895049533,23.8625123372744,"No meaningful change"
"SPEI_36","Upland",-0.652706859223485,"7","US-A03","SPEI_36__Upland",5.65216184751056,0.571506852027313,4.53200841753703,6.77231527748409,5.50528577568923,0.146876071821334,2.66791003783898,-17.6789615981443,23.0147816738223,"No meaningful change"
"SPEI_48","Upland",-0.652706859223485,"7","US-A03","SPEI_48__Upland",5.60804581593001,0.571659352572128,4.48759348488864,6.72849814697138,5.50702674358798,0.101019072342032,1.83436683796119,-18.5115000555663,22.1802337314887,"No meaningful change"
"SPEI_1","Freshwater",-0.652706859223485,"7","US-A03","SPEI_1__Freshwater",4.21983146991408,0.684505661355279,2.87820037365773,5.56146256617042,4.21954140936123,0.000290060552849525,0.00687421984308564,-31.7887871115016,31.8025355511878,"No meaningful change"
"SPEI_3","Freshwater",-0.652706859223485,"7","US-A03","SPEI_3__Freshwater",4.21945407620138,0.684502110622648,2.87782993938099,5.56107821302177,4.21951351065009,-5.94344487101495e-05,-0.001408561640107,-31.7971151859729,31.7942980626927,"No meaningful change"
"SPEI_6","Freshwater",-0.652706859223485,"7","US-A03","SPEI_6__Freshwater",4.21981929862649,0.684511885677591,2.87817600269841,5.56146259455456,4.21959154835205,0.000227750274437888,0.00539744835082048,-31.790175193083,31.8009700897846,"No meaningful change"
"SPEI_12","Freshwater",-0.652706859223485,"7","US-A03","SPEI_12__Freshwater",4.2197231220056,0.684504422567497,2.8780944537733,5.56135179023789,4.21957016391976,0.000152958085835486,0.00362496841842763,-31.7917621471732,31.7990120840101,"No meaningful change"
"SPEI_24","Freshwater",-0.652706859223485,"7","US-A03","SPEI_24__Freshwater",4.22185121829467,0.684617283418079,2.88000134279523,5.5637010937941,4.22053295499704,0.00131826329762497,0.0312345220776955,-31.7621406228956,31.824609667051,"No meaningful change"
"SPEI_36","Freshwater",-0.652706859223485,"7","US-A03","SPEI_36__Freshwater",4.22008151455482,0.684522391459593,2.87841762729402,5.56174540181563,4.21970971318329,0.000371801371538361,0.00881106513978373,-31.7863591824522,31.8039813127318,"No meaningful change"
"SPEI_48","Freshwater",-0.652706859223485,"7","US-A03","SPEI_48__Freshwater",4.21989804636363,0.684521087603085,2.87823671466158,5.56155937806567,4.21964494790908,0.000253098454547462,0.00599809836305962,-31.7895995944444,31.8015957911705,"No meaningful change"
"SPEI_1","Saline",-0.652706859223485,"7","US-A03","SPEI_1__Saline",3.79603999393081,0.789707167962097,2.2482139447251,5.34386604313653,3.79571448215135,0.000325511779461607,0.00857577093831125,-40.7696770845933,40.7868286264699,"No meaningful change"
"SPEI_3","Saline",-0.652706859223485,"7","US-A03","SPEI_3__Saline",3.7959820937344,0.789694980349105,2.24817993225015,5.34378425521864,3.79581271083288,0.000169382901523019,0.00446236193476081,-40.7721059093862,40.7810306332557,"No meaningful change"
"SPEI_6","Saline",-0.652706859223485,"7","US-A03","SPEI_6__Saline",3.67563008897617,0.79465758965917,2.11810121324419,5.23315896470814,3.72785187663226,-0.0522217876560895,-1.40085468479683,-43.1817227899707,40.3800134203771,"No meaningful change"
"SPEI_12","Saline",-0.652706859223485,"7","US-A03","SPEI_12__Saline",3.79577022546862,0.789690146458911,2.24797753840916,5.34356291252809,3.79590600007587,-0.000135774607247896,-0.00357686958647506,-40.7788934087349,40.771739669562,"No meaningful change"
"SPEI_24","Saline",-0.652706859223485,"7","US-A03","SPEI_24__Saline",3.78855260449383,0.790014182272859,2.24012480723903,5.33698040174864,3.79486170186332,-0.00630909736948659,-0.166253683668861,-40.9695271335157,40.637019766178,"No meaningful change"
"SPEI_36","Saline",-0.652706859223485,"7","US-A03","SPEI_36__Saline",3.7639786559905,0.791117212098643,2.21338892027716,5.31456839170384,3.78973207975865,-0.0257534237681556,-0.679557900826479,-41.595108210971,40.2359924093181,"No meaningful change"
"SPEI_48","Saline",-0.652706859223485,"7","US-A03","SPEI_48__Saline",3.79566380926616,0.789697905013935,2.24785591543885,5.34347170309347,3.79598202691605,-0.000318217649888375,-0.00838301255464329,-40.7832834955475,40.7665174704382,"No meaningful change"
"SPEI_1","Upland",-0.618467447299774,"7","US-A03","SPEI_1__Upland",5.59004176694723,0.571738901638875,4.46943351973504,6.71065001415943,5.48919319302184,0.100848573925397,1.83722034148117,-18.5775875876107,22.2520282705731,"No meaningful change"
"SPEI_3","Upland",-0.618467447299774,"7","US-A03","SPEI_3__Upland",5.66873454935312,0.574658895655497,4.54240311386835,6.7950659848379,5.38809641457018,0.280638134782945,5.20848390953174,-15.6955858921706,26.1125537112341,"No meaningful change"
"SPEI_6","Upland",-0.618467447299774,"7","US-A03","SPEI_6__Upland",5.62355160627053,0.572167147130332,4.50210399789508,6.74499921464598,5.44677574908028,0.176775857190247,3.24551377427456,-17.3436872510258,23.834714799575,"No meaningful change"
"SPEI_12","Upland",-0.618467447299774,"7","US-A03","SPEI_12__Upland",5.62203198025882,0.571129908029583,4.50261736052084,6.7414465999968,5.4960425846593,0.125989395599525,2.29236570966881,-18.0752825116627,22.6600139310004,"No meaningful change"
"SPEI_24","Upland",-0.618467447299774,"7","US-A03","SPEI_24__Upland",5.67421018723735,0.571136049745236,4.55478352973669,6.79363684473801,5.49325156310849,0.180958624128865,3.29419874640632,-17.0840170451022,23.6724145379149,"No meaningful change"
"SPEI_36","Upland",-0.618467447299774,"7","US-A03","SPEI_36__Upland",5.64443161292671,0.571304364276443,4.52467505894488,6.76418816690854,5.50528577568923,0.139145837237486,2.52749526376885,-17.8121673733018,22.8671579008395,"No meaningful change"
"SPEI_48","Upland",-0.618467447299774,"7","US-A03","SPEI_48__Upland",5.60272994692047,0.571452609621949,4.48268283206145,6.72277706177949,5.50702674358798,0.0957032033324925,1.73783799840673,-18.6006707288866,22.0763467257001,"No meaningful change"
"SPEI_1","Freshwater",-0.618467447299774,"7","US-A03","SPEI_1__Freshwater",4.2198179568031,0.684503755754285,2.8781905955247,5.5614453180815,4.21954140936123,0.000276547441869113,0.00655396914118631,-31.789018845998,31.8021267842804,"No meaningful change"
"SPEI_3","Freshwater",-0.618467447299774,"7","US-A03","SPEI_3__Freshwater",4.21945844569715,0.684500659836368,2.87783715241787,5.56107973897643,4.21951351065009,-5.5064952941386e-05,-0.00130500714839286,-31.7969442412216,31.7943342269248,"No meaningful change"
"SPEI_6","Freshwater",-0.618467447299774,"7","US-A03","SPEI_6__Freshwater",4.2198087375687,0.684509841308965,2.87816944860313,5.56144802653427,4.21959154835205,0.000217189216652258,0.00514716209290638,-31.7903305184316,31.8006248426174,"No meaningful change"
"SPEI_12","Freshwater",-0.618467447299774,"7","US-A03","SPEI_12__Freshwater",4.21971566530009,0.684503086929605,2.87808961491806,5.56134171568211,4.21957016391976,0.000145501380322877,0.00344825123580155,-31.79187682367,31.7987733261417,"No meaningful change"
"SPEI_24","Freshwater",-0.618467447299774,"7","US-A03","SPEI_24__Freshwater",4.22180113808267,0.684610307852973,2.87996493469084,5.56363734147449,4.22053295499704,0.00126818308562626,0.0300479370531808,-31.763003265239,31.8230991393454,"No meaningful change"
"SPEI_36","Freshwater",-0.618467447299774,"7","US-A03","SPEI_36__Freshwater",4.22006500457848,0.684520075261407,2.87840565706612,5.56172435209084,4.21970971318329,0.000355291395195856,0.00841980655886941,-31.7866428566552,31.803482469773,"No meaningful change"
"SPEI_48","Freshwater",-0.618467447299774,"7","US-A03","SPEI_48__Freshwater",4.2198884537355,0.684518662039609,2.87823187613787,5.56154503133314,4.21964494790908,0.000243505826426293,0.00577076577371647,-31.7897142610519,31.8012557925993,"No meaningful change"
"SPEI_1","Saline",-0.618467447299774,"7","US-A03","SPEI_1__Saline",3.79601172300966,0.789704515093024,2.24819087342733,5.34383257259199,3.79571448215135,0.000297240858305958,0.00783095935438976,-40.7702849094937,40.7859468282025,"No meaningful change"
"SPEI_3","Saline",-0.618467447299774,"7","US-A03","SPEI_3__Saline",3.79596692724553,0.789693258086923,2.24816814139516,5.3437657130959,3.79581271083288,0.000154216412650676,0.00406280352585779,-40.7724165373305,40.7805421443823,"No meaningful change"
"SPEI_6","Saline",-0.618467447299774,"7","US-A03","SPEI_6__Saline",3.67422194658021,0.794524612226416,2.11695370661643,5.23149018654398,3.72785187663226,-0.0536299300520482,-1.43862824561843,-43.2125047702032,40.3352482789664,"No meaningful change"
"SPEI_12","Saline",-0.618467447299774,"7","US-A03","SPEI_12__Saline",3.79577675687173,0.789688694819893,2.24798691502474,5.34356659871872,3.79590600007587,-0.000129243204140206,-0.00340480518057145,-40.7786463895626,40.7718367792015,"No meaningful change"
"SPEI_24","Saline",-0.618467447299774,"7","US-A03","SPEI_24__Saline",3.7888683845028,0.789986605223253,2.24049463826523,5.33724213074038,3.79486170186332,-0.00599331736051978,-0.157932431571274,-40.9597815602841,40.6439166971415,"No meaningful change"
"SPEI_36","Saline",-0.618467447299774,"7","US-A03","SPEI_36__Saline",3.76514256455781,0.79102609854743,2.21473141140485,5.31555371771077,3.78973207975865,-0.0245895152008431,-0.648845741158806,-41.5596837772793,40.2619922949617,"No meaningful change"
"SPEI_48","Saline",-0.618467447299774,"7","US-A03","SPEI_48__Saline",3.79568301251256,0.789695690672553,2.24787945879436,5.34348656623076,3.79598202691605,-0.000299014403486453,-0.00787712906347398,-40.7826632777661,40.7669090196391,"No meaningful change"
"SPEI_1","Upland",-0.584228035376064,"7","US-A03","SPEI_1__Upland",5.58376037954207,0.571588605533984,4.46344671269546,6.70407404638868,5.48919319302184,0.0945671865202362,1.72278845350998,-18.6866529243379,22.1322298313579,"No meaningful change"
"SPEI_3","Upland",-0.584228035376064,"7","US-A03","SPEI_3__Upland",5.64526552679153,0.574542650013492,4.51916193276508,6.77136912081797,5.38809641457018,0.257169112221351,4.77291222046303,-16.126928973568,25.672753414494,"No meaningful change"
"SPEI_6","Upland",-0.584228035376064,"7","US-A03","SPEI_6__Upland",5.61129527503624,0.572067248510039,4.49004346795656,6.73254708211591,5.44677574908028,0.164519525955956,3.0204938395662,-17.5651123746974,23.6061000538298,"No meaningful change"
"SPEI_12","Upland",-0.584228035376064,"7","US-A03","SPEI_12__Upland",5.61503195626262,0.570944933130603,4.49597988732664,6.7340840251986,5.4960425846593,0.118989371603327,2.16500090329455,-18.1960507388363,22.5260525454254,"No meaningful change"
"SPEI_24","Upland",-0.584228035376064,"7","US-A03","SPEI_24__Upland",5.664156836222,0.570948381477243,4.54509800852661,6.7832156639174,5.49325156310849,0.170905273113518,3.11118599157704,-17.2603337693376,23.4827057524917,"No meaningful change"
"SPEI_36","Upland",-0.584228035376064,"7","US-A03","SPEI_36__Upland",5.63670133506641,0.571112263130941,4.51732129932977,6.75608137080306,5.50528577568923,0.131415559377186,2.38707970360964,-17.9457437200119,22.7199031272312,"No meaningful change"
"SPEI_48","Upland",-0.584228035376064,"7","US-A03","SPEI_48__Upland",5.59741403443571,0.571255913500273,4.47775244397518,6.71707562489625,5.50702674358798,0.0903872908477377,1.6413083694024,-18.6901997672559,21.9728165060606,"No meaningful change"
"SPEI_1","Freshwater",-0.584228035376064,"7","US-A03","SPEI_1__Freshwater",4.21980426799749,0.684501947133757,2.87818045161533,5.56142808437966,4.21954140936123,0.000262858636264518,0.00622955460708017,-31.7892592491221,31.8017183583362,"No meaningful change"
"SPEI_3","Freshwater",-0.584228035376064,"7","US-A03","SPEI_3__Freshwater",4.21946274344173,0.684499276125987,2.87784416223479,5.56108132464866,4.21951351065009,-5.07672083660538e-05,-0.00120315311795819,-31.7967781126643,31.7943718064284,"No meaningful change"
"SPEI_6","Freshwater",-0.584228035376064,"7","US-A03","SPEI_6__Freshwater",4.21979810423367,0.684507882278979,2.87816265496687,5.56143355350047,4.21959154835205,0.000206555881624659,0.00489516293834955,-31.790491520656,31.8002818465327,"No meaningful change"
"SPEI_12","Freshwater",-0.584228035376064,"7","US-A03","SPEI_12__Freshwater",4.21970815488807,0.68450179997993,2.87808462692741,5.56133168284873,4.21957016391976,0.000137990968307022,0.0032702612575788,-31.7919950345413,31.7985355570564,"No meaningful change"
"SPEI_24","Freshwater",-0.584228035376064,"7","US-A03","SPEI_24__Freshwater",4.22174992101139,0.684603581535246,2.87992690120231,5.56357294082048,4.22053295499704,0.00121696601435417,0.0288344156373262,-31.7639044189306,31.8215732502053,"No meaningful change"
"SPEI_36","Freshwater",-0.584228035376064,"7","US-A03","SPEI_36__Freshwater",4.2200482762699,0.684517844622965,2.87839330080889,5.56170325173091,4.21970971318329,0.000338563086612176,0.00802337387224603,-31.7869356791022,31.8029824268467,"No meaningful change"
"SPEI_48","Freshwater",-0.584228035376064,"7","US-A03","SPEI_48__Freshwater",4.21987863177662,0.684516331632816,2.8782266217763,5.56153064177694,4.21964494790908,0.000233683867536527,0.00553799834870757,-31.7898387824664,31.8009147791638,"No meaningful change"
"SPEI_1","Saline",-0.584228035376064,"7","US-A03","SPEI_1__Saline",3.79598392650473,0.789702018326844,2.24816797058411,5.34379988242534,3.79571448215135,0.000269444353373949,0.00709864650360192,-40.7708882963746,40.7850855893818,"No meaningful change"
"SPEI_3","Saline",-0.584228035376064,"7","US-A03","SPEI_3__Saline",3.79595205609405,0.789691627938565,2.24815646533446,5.34374764685363,3.79581271083288,0.000139345261169321,0.00367102572715571,-40.7727241410399,40.7800661924942,"No meaningful change"
"SPEI_6","Saline",-0.584228035376064,"7","US-A03","SPEI_6__Saline",3.67302902680196,0.794397716934907,2.11600950160955,5.23004855199438,3.72785187663226,-0.0548228498302903,-1.47062843816148,-43.2378331640915,40.2965762877685,"No meaningful change"
"SPEI_12","Saline",-0.584228035376064,"7","US-A03","SPEI_12__Saline",3.79578332388197,0.789687317021333,2.24799618252016,5.34357046524378,3.79590600007587,-0.000122676193901494,-0.00323180273428905,-40.7784022450707,40.7719386396022,"No meaningful change"
"SPEI_24","Saline",-0.584228035376064,"7","US-A03","SPEI_24__Saline",3.78918552363658,0.789960289232875,2.24086335674014,5.33750769053301,3.79486170186332,-0.00567617822674427,-0.149575364603068,-40.95006530436,40.6509145751539,"No meaningful change"
"SPEI_36","Saline",-0.584228035376064,"7","US-A03","SPEI_36__Saline",3.76632187631866,0.790939475216013,2.21608050489528,5.31656324774205,3.78973207975865,-0.0234102034399943,-0.617727136042957,-41.5240851264503,40.2886308543644,"No meaningful change"
"SPEI_48","Saline",-0.584228035376064,"7","US-A03","SPEI_48__Saline",3.7957021226857,0.789693605699608,2.24790265551447,5.34350158985693,3.79598202691605,-0.000279904230344297,-0.00737369746114678,-40.7820521916242,40.7673047967019,"No meaningful change"
"SPEI_1","Upland",-0.549988623452353,"7","US-A03","SPEI_1__Upland",5.57749505974792,0.571447975288288,4.45745702818288,6.69753309131297,5.48919319302184,0.0883018667260886,1.60864927906605,-18.7957706817562,22.0130692398883,"No meaningful change"
"SPEI_3","Upland",-0.549988623452353,"7","US-A03","SPEI_3__Upland",5.62205253921977,0.574430471687311,4.49616881471264,6.7479362637269,5.38809641457018,0.233956124649593,4.3420923949494,-16.5536681460569,25.2378529359557,"No meaningful change"
"SPEI_6","Upland",-0.549988623452353,"7","US-A03","SPEI_6__Upland",5.59916568866264,0.571976917318923,4.47809093071755,6.72024044660773,5.44677574908028,0.15238993958236,2.79780087528097,-17.784554807976,23.3801565585379,"No meaningful change"
"SPEI_12","Upland",-0.549988623452353,"7","US-A03","SPEI_12__Upland",5.60803197931825,0.570770643429737,4.48932151819597,6.72674244044054,5.4960425846593,0.111989394658958,2.03763695302409,-18.3171991656927,22.3924730717409,"No meaningful change"
"SPEI_24","Upland",-0.549988623452353,"7","US-A03","SPEI_24__Upland",5.65410348338623,0.570771627628177,4.53539109323501,6.77281587353746,5.49325156310849,0.160851920277747,2.92817320360849,-17.4370399547377,23.2933863619547,"No meaningful change"
"SPEI_36","Upland",-0.549988623452353,"7","US-A03","SPEI_36__Upland",5.62897102664865,0.570930555267896,4.50994713832357,6.74799491497372,5.50528577568923,0.123685250959419,2.24666358839354,-18.0796906449611,22.5730178217482,"No meaningful change"
"SPEI_48","Upland",-0.549988623452353,"7","US-A03","SPEI_48__Upland",5.5920980814603,0.571069271655658,4.47280230901521,6.7113938539054,5.50702674358798,0.0850713378723276,1.54477800514368,-18.7800873815793,21.8696433918667,"No meaningful change"
"SPEI_1","Freshwater",-0.549988623452353,"7","US-A03","SPEI_1__Freshwater",4.21979041229771,0.684500235506039,2.87816995070588,5.56141087388955,4.21954140936123,0.000249002936484999,0.00590118480488367,-31.7895081128831,31.8013104824929,"No meaningful change"
"SPEI_3","Freshwater",-0.549988623452353,"7","US-A03","SPEI_3__Freshwater",4.21946696899091,0.684497959556341,2.87785096826048,5.56108296972134,4.21951351065009,-4.65416591781675e-05,-0.00110301007594112,-31.7966168138398,31.7944107936879,"No meaningful change"
"SPEI_6","Freshwater",-0.549988623452353,"7","US-A03","SPEI_6__Freshwater",4.21978740282094,0.684506008692361,2.87815562578391,5.56141917985797,4.21959154835205,0.00019585446889181,0.00464155041187103,-31.7906581050962,31.79994120592,"No meaningful change"
"SPEI_12","Freshwater",-0.549988623452353,"7","US-A03","SPEI_12__Freshwater",4.21970059452214,0.684500561887125,2.87807949322337,5.5613216958209,4.21957016391976,0.000130430602374609,0.00309108741667294,-31.792116698688,31.7982988735213,"No meaningful change"
"SPEI_24","Freshwater",-0.549988623452353,"7","US-A03","SPEI_24__Freshwater",4.2216975968069,0.684597104880687,2.87988727124075,5.56350792237305,4.22053295499704,0.00116464180985876,0.0275946621499505,-31.7648433989595,31.8200327232594,"No meaningful change"
"SPEI_36","Freshwater",-0.549988623452353,"7","US-A03","SPEI_36__Freshwater",4.22003133995266,0.684515699748408,2.87838056844578,5.56168211145954,4.21970971318329,0.000321626769371086,0.00762201173142917,-31.7872374146237,31.8024814380866,"No meaningful change"
"SPEI_48","Freshwater",-0.549988623452353,"7","US-A03","SPEI_48__Freshwater",4.21986858075904,0.684514096546567,2.87822095152777,5.56151620999031,4.21964494790908,0.0002236328499583,0.005299802535972,-31.7899731598512,31.8005727649231,"No meaningful change"
"SPEI_1","Saline",-0.549988623452353,"7","US-A03","SPEI_1__Saline",3.79595663506045,0.789699677201222,2.24814526774605,5.34376800237484,3.79571448215135,0.000242152909094351,0.00637963972877913,-40.7714864140193,40.7842456934768,"No meaningful change"
"SPEI_3","Saline",-0.549988623452353,"7","US-A03","SPEI_3__Saline",3.79593749600372,0.789690089815876,2.2481449199646,5.34373007204283,3.79581271083288,0.000124785170840358,0.00328744277830762,-40.7730283017227,40.7796031872793,"No meaningful change"
"SPEI_6","Saline",-0.549988623452353,"7","US-A03","SPEI_6__Saline",3.67205458589823,0.794275933817302,2.11527375561632,5.22883541618014,3.72785187663226,-0.0557972907340241,-1.49676791301138,-43.2575696240576,40.2640337980348,"No meaningful change"
"SPEI_12","Saline",-0.549988623452353,"7","US-A03","SPEI_12__Saline",3.79578992420125,0.789686013047194,2.24800533862875,5.34357450977375,3.79590600007587,-0.00011607587462592,-0.00305792278901533,-40.7781610349726,40.7720451893946,"No meaningful change"
"SPEI_24","Saline",-0.549988623452353,"7","US-A03","SPEI_24__Saline",3.78950395326611,0.789935234586279,2.24123089347701,5.33777701305522,3.79486170186332,-0.00535774859720606,-0.141184291237157,-40.9403801889134,40.6580116064391,"No meaningful change"
"SPEI_36","Saline",-0.549988623452353,"7","US-A03","SPEI_36__Saline",3.76751527827991,0.790857295853583,2.21743497840689,5.31759557815293,3.78973207975865,-0.0222168014787458,-0.586236731546487,-41.4883445125202,40.3158710494272,"No meaningful change"
"SPEI_48","Saline",-0.549988623452353,"7","US-A03","SPEI_48__Saline",3.79572112732938,0.789691649843894,2.24792549363535,5.34351676102342,3.79598202691605,-0.000260899586661978,-0.00687304588936475,-40.7814505522929,40.7677044605142,"No meaningful change"
"SPEI_1","Upland",-0.515749211528642,"7","US-A03","SPEI_1__Upland",5.57124917736064,0.57131661234945,4.45146861715572,6.69102973756556,5.48919319302184,0.0820559843388029,1.49486420778771,-18.9048652393094,21.8945936548848,"No meaningful change"
"SPEI_3","Upland",-0.515749211528642,"7","US-A03","SPEI_3__Upland",5.59912336814577,0.574320889204687,4.47345442530459,6.72479231098696,5.38809641457018,0.211026953575595,3.91654004195151,-16.9752342736902,24.8083143575933,"No meaningful change"
"SPEI_6","Upland",-0.515749211528642,"7","US-A03","SPEI_6__Upland",5.58716915671297,0.571895232791774,4.46625450044109,6.70808381298485,5.44677574908028,0.140393407632687,2.57755072175302,-18.0018655771675,23.1569670206735,"No meaningful change"
"SPEI_12","Upland",-0.515749211528642,"7","US-A03","SPEI_12__Upland",5.60103206226912,0.570607043652612,4.48264225671,6.71942186782824,5.4960425846593,0.104989477609824,1.91027409254204,-18.4387277270727,22.2592759121567,"No meaningful change"
"SPEI_24","Upland",-0.515749211528642,"7","US-A03","SPEI_24__Upland",5.64405013131666,0.570605796911069,4.52566276937096,6.76243749326235,5.49325156310849,0.150798568208171,2.74516042958787,-17.6141358650976,23.1044567242733,"No meaningful change"
"SPEI_36","Upland",-0.515749211528642,"7","US-A03","SPEI_36__Upland",5.62124069909759,0.570759247073297,4.50255257483393,6.73992882336125,5.50528577568923,0.115954923408366,2.10624712563353,-18.2140081679912,22.4265024192583,"No meaningful change"
"SPEI_48","Upland",-0.515749211528642,"7","US-A03","SPEI_48__Upland",5.58678209015488,0.570892691192605,4.46783241541737,6.70573176489239,5.50702674358798,0.0797553465669028,1.44824694486484,-18.8703337854782,21.7668276752079,"No meaningful change"
"SPEI_1","Freshwater",-0.515749211528642,"7","US-A03","SPEI_1__Freshwater",4.21977639827997,0.684498620741792,2.87815910162606,5.56139369493388,4.21954140936123,0.000234988918742296,0.00556906298445047,-31.7897652280236,31.8009033539925,"No meaningful change"
"SPEI_3","Freshwater",-0.515749211528642,"7","US-A03","SPEI_3__Freshwater",4.21947112192643,0.684496710080921,2.87785757016782,5.56108467368503,4.21951351065009,-4.23887236635778e-05,-0.00100458793547143,-31.7964603525007,31.7944511766298,"No meaningful change"
"SPEI_6","Freshwater",-0.515749211528642,"7","US-A03","SPEI_6__Freshwater",4.21977663670601,0.684504220522009,2.87814836448287,5.56140490892915,4.21959154835205,0.000185088353963359,0.00438640450959393,-31.7908301904973,31.7996029995165,"No meaningful change"
"SPEI_12","Freshwater",-0.515749211528642,"7","US-A03","SPEI_12__Freshwater",4.2196929876693,0.684499372734288,2.8780742171101,5.5613117582285,4.21957016391976,0.000122823749538981,0.00291081187816732,-31.792241737805,31.7980633615613,"No meaningful change"
"SPEI_24","Freshwater",-0.515749211528642,"7","US-A03","SPEI_24__Freshwater",4.22164418977394,0.684590877633578,2.87984606961213,5.56344230993576,4.22053295499704,0.00111123477690267,0.0263292524605687,-31.7658196175807,31.8184781225019,"No meaningful change"
"SPEI_36","Freshwater",-0.515749211528642,"7","US-A03","SPEI_36__Freshwater",4.22001420484514,0.684513640648592,2.8783674691739,5.56166094051638,4.21970971318329,0.000304491661853312,0.0072159385964872,-31.787547845264,31.8019797224569,"No meaningful change"
"SPEI_48","Freshwater",-0.515749211528642,"7","US-A03","SPEI_48__Freshwater",4.21985830068597,0.684511956771643,2.87821486541355,5.56150173595839,4.21964494790908,0.000213352776888165,0.00505617841126386,-31.7901173927024,31.8002297495249,"No meaningful change"
"SPEI_1","Saline",-0.515749211528642,"7","US-A03","SPEI_1__Saline",3.7959298781315,0.789697490960487,2.24812279584895,5.34373696041406,3.79571448215135,0.000215395980149413,0.00567471502828448,-40.7720784474088,40.7834278774653,"No meaningful change"
"SPEI_3","Saline",-0.515749211528642,"7","US-A03","SPEI_3__Saline",3.795923261789,0.789688643467765,2.24813352059218,5.34371300298582,3.79581271083288,0.000110550956124111,0.00291244496359396,-40.7733286161293,40.7791535060565,"No meaningful change"
"SPEI_6","Saline",-0.515749211528642,"7","US-A03","SPEI_6__Saline",3.67130209236542,0.794158426520206,2.11475157638582,5.22785260834503,3.72785187663226,-0.0565497842668319,-1.51695362740429,-43.2715771342211,40.2376698794126,"No meaningful change"
"SPEI_12","Saline",-0.515749211528642,"7","US-A03","SPEI_12__Saline",3.79579655594267,0.789684782775289,2.2480143817031,5.34357873018224,3.79590600007587,-0.000109444133203684,-0.00288321505330998,-40.7779228026677,40.7721563725611,"No meaningful change"
"SPEI_24","Saline",-0.515749211528642,"7","US-A03","SPEI_24__Saline",3.78982360979353,0.789911440765363,2.24159718589342,5.33805003369365,3.79486170186332,-0.00503809206978589,-0.132760887368099,-40.9307278630793,40.6652060883431,"No meaningful change"
"SPEI_36","Saline",-0.515749211528642,"7","US-A03","SPEI_36__Saline",3.76872159591534,0.790779507114123,2.21879376197166,5.31864942985902,3.78973207975865,-0.0210104838433192,-0.554405519998057,-41.4524901688312,40.3436791288351,"No meaningful change"
"SPEI_48","Saline",-0.515749211528642,"7","US-A03","SPEI_48__Saline",3.79574001490544,0.789689822707812,2.24794796239813,5.34353206741275,3.79598202691605,-0.000242012010603698,-0.00637547830542061,-40.7808586432001,40.7681076865893,"No meaningful change"
"SPEI_1","Upland",-0.481509799604932,"7","US-A03","SPEI_1__Upland",5.56502600377663,0.571194153540695,4.44548546283687,6.68456654471639,5.48919319302184,0.0758328107547932,1.38149283671043,-19.0138640321821,21.776849705603,"No meaningful change"
"SPEI_3","Upland",-0.481509799604932,"7","US-A03","SPEI_3__Upland",5.57650524697781,0.574213000350898,4.45104776629005,6.70196272766557,5.38809641457018,0.188408832407628,3.49676059801276,-17.3910891005257,24.3846102965513,"No meaningful change"
"SPEI_6","Upland",-0.481509799604932,"7","US-A03","SPEI_6__Upland",5.57531142907661,0.571821395233966,4.45454149441803,6.69608136373518,5.44677574908028,0.128535679996324,2.35984894399274,-18.2169103405771,22.9366082285625,"No meaningful change"
"SPEI_12","Upland",-0.481509799604932,"7","US-A03","SPEI_12__Upland",5.59403221603885,0.570454138253824,4.47594210506136,6.71212232701635,5.4960425846593,0.0979896313795594,1.78291252060293,-18.5606363830817,22.1264614242875,"No meaningful change"
"SPEI_24","Upland",-0.481509799604932,"7","US-A03","SPEI_24__Upland",5.63399678232989,0.57045089753776,4.51591302315588,6.7520805415039,5.49325156310849,0.140745219221404,2.56214771168717,-17.7916217512448,22.9159171746192,"No meaningful change"
"SPEI_36","Upland",-0.481509799604932,"7","US-A03","SPEI_36__Upland",5.61351036252959,0.570598344665984,4.49513760698426,6.73188311807491,5.50528577568923,0.108224586840359,1.96583049908631,-18.3486963231896,22.2803573213622,"No meaningful change"
"SPEI_48","Upland",-0.481509799604932,"7","US-A03","SPEI_48__Upland",5.58146606187853,0.57072617889591,4.46284275124255,6.70008937251451,5.50702674358798,0.0744393182905547,1.3517152132451,-18.9609391957504,21.6643696222406,"No meaningful change"
"SPEI_1","Freshwater",-0.481509799604932,"7","US-A03","SPEI_1__Freshwater",4.21976223425624,0.684497102597781,2.87814791316459,5.56137655534789,4.21954140936123,0.000220824895013294,0.00523338613346429,-31.7900303862571,31.8004971585241,"No meaningful change"
"SPEI_3","Freshwater",-0.481509799604932,"7","US-A03","SPEI_3__Freshwater",4.21947520185176,0.684495527563097,2.87786396782809,5.56108643587543,4.21951351065009,-3.83087983300001e-05,-0.000907896093549845,-31.7963087316977,31.7944929395106,"No meaningful change"
"SPEI_6","Freshwater",-0.481509799604932,"7","US-A03","SPEI_6__Freshwater",4.21976580844449,0.684502517632987,2.87814087388384,5.56139074300515,4.21959154835205,0.000174260092444811,0.00412978579675249,-31.7910077100261,31.7992672816196,"No meaningful change"
"SPEI_12","Freshwater",-0.481509799604932,"7","US-A03","SPEI_12__Freshwater",4.21968533750175,0.68449823253337,2.87806880173634,5.56130187326715,4.21957016391976,0.000115173581984429,0.00272950981996324,-31.7923700772696,31.7978290969095,"No meaningful change"
"SPEI_24","Freshwater",-0.481509799604932,"7","US-A03","SPEI_24__Freshwater",4.22158971880918,0.684584898991115,2.87980331678659,5.56337612083176,4.22053295499704,0.00105676381213815,0.0250386343006032,-31.766832589781,31.8169098583822,"No meaningful change"
"SPEI_36","Freshwater",-0.481509799604932,"7","US-A03","SPEI_36__Freshwater",4.21999687904541,0.684511667174729,2.87835401138295,5.56163974670788,4.21970971318329,0.000287165862128624,0.00680534637800928,-31.7878667722013,31.8014774649573,"No meaningful change"
"SPEI_48","Freshwater",-0.481509799604932,"7","US-A03","SPEI_48__Freshwater",4.21984779130124,0.68450991215633,2.87820836347483,5.56148721912764,4.21964494790908,0.000202843392158591,0.00480711990375173,-31.7902714800438,31.7998857198513,"No meaningful change"
"SPEI_1","Saline",-0.481509799604932,"7","US-A03","SPEI_1__Saline",3.79590368390977,0.789695458624992,2.24810058500478,5.34370678281475,3.79571448215135,0.000189201758415969,0.00498461513123959,-40.7726636032277,40.7826328334902,"No meaningful change"
"SPEI_3","Saline",-0.481509799604932,"7","US-A03","SPEI_3__Saline",3.79590936733034,0.789687288516547,2.24812228183791,5.34369645282277,3.79581271083288,9.66564974658191e-05,0.00254639796083645,-40.7736246990799,40.7787174950015,"No meaningful change"
"SPEI_6","Saline",-0.481509799604932,"7","US-A03","SPEI_6__Saline",3.6707752124715,0.794044502008392,2.11444798853505,5.22710243640795,3.72785187663226,-0.0570766641607521,-1.5310872333349,-43.2797209087275,40.2175464420577,"No meaningful change"
"SPEI_12","Saline",-0.481509799604932,"7","US-A03","SPEI_12__Saline",3.79580321762629,0.789683625999949,2.24802331066639,5.34358312458619,3.79590600007587,-0.000102782449581618,-0.00270771851514667,-40.7776875765244,40.7722721394941,"No meaningful change"
"SPEI_24","Saline",-0.481509799604932,"7","US-A03","SPEI_24__Saline",3.79014443481906,0.789888906629489,2.24196217782526,5.33832669181286,3.79486170186332,-0.00471726704426079,-0.12430669191303,-40.9211098068625,40.6724964230364,"No meaningful change"
"SPEI_36","Saline",-0.481509799604932,"7","US-A03","SPEI_36__Saline",3.76993979487132,0.790706051244456,2.22015593443219,5.31972365531046,3.78973207975865,-0.0197922848873331,-0.522260794979299,-41.416546402046,40.3720248120874,"No meaningful change"
"SPEI_48","Saline",-0.481509799604932,"7","US-A03","SPEI_48__Saline",3.79575877481342,0.789688123781269,2.24797005220213,5.34354749742471,3.79598202691605,-0.000223252102626414,-0.00588127396398107,-40.7802767172625,40.7685141693345,"No meaningful change"
"SPEI_1","Upland",-0.447270387681221,"7","US-A03","SPEI_1__Upland",5.55882868177899,0.57108027774096,4.43951133740671,6.67814602615127,5.48919319302184,0.0696354887571591,1.26859241984202,-19.1226983402503,21.6598831799344,"No meaningful change"
"SPEI_3","Upland",-0.447270387681221,"7","US-A03","SPEI_3__Upland",5.55422466311777,0.574106514662611,4.42897589437905,6.67947343185649,5.38809641457018,0.166128248547592,3.08324565422322,-17.8007304694387,23.9672217778851,"No meaningful change"
"SPEI_6","Upland",-0.447270387681221,"7","US-A03","SPEI_6__Upland",5.5635975779591,0.571754742700371,4.44295828226637,6.68423687365183,5.44677574908028,0.116821828878818,2.144788665084,-18.4295721552959,22.7191494854639,"No meaningful change"
"SPEI_12","Upland",-0.447270387681221,"7","US-A03","SPEI_12__Upland",5.58703244924004,0.570311931471344,4.4692210635562,6.70484383492387,5.4960425846593,0.0909898645807408,1.65555239391183,-18.6829251281492,21.9940299159729,"No meaningful change"
"SPEI_24","Upland",-0.447270387681221,"7","US-A03","SPEI_24__Upland",5.62394343841543,0.570306937232964,4.50614184143882,6.74174503539204,5.49325156310849,0.130691875306947,2.37913508612359,-17.9694978525812,22.7277680248284,"No meaningful change"
"SPEI_36","Upland",-0.447270387681221,"7","US-A03","SPEI_36__Upland",5.6057800254814,0.570447853940993,4.48770223175705,6.72385781920574,5.50528577568923,0.100494249792169,1.82541386381687,-18.4837551653671,22.1345828930009,"No meaningful change"
"SPEI_48","Upland",-0.447270387681221,"7","US-A03","SPEI_48__Upland",5.57614999705361,0.570569741268539,4.45783330416728,6.69446668993995,5.50702674358798,0.0691232534656372,1.2551828179538,-19.0519038361728,21.5622694720804,"No meaningful change"
"SPEI_1","Freshwater",-0.447270387681221,"7","US-A03","SPEI_1__Freshwater",4.21974792818478,0.684495680740506,2.87813639393339,5.56135946243618,4.21954140936123,0.000206518823555157,0.00489434285671393,-31.790303383488,31.8000920692014,"No meaningful change"
"SPEI_3","Freshwater",-0.447270387681221,"7","US-A03","SPEI_3__Freshwater",4.21947920839291,0.6844944117938,2.87787016127706,5.56108825550876,4.21951351065009,-3.43022571813734e-05,-0.000812943413850771,-31.7961619505829,31.7945360637552,"No meaningful change"
"SPEI_6","Freshwater",-0.447270387681221,"7","US-A03","SPEI_6__Freshwater",4.21975491961365,0.68450089980119,2.87813315600332,5.56137668322399,4.21959154835205,0.00016337126160515,0.00387173165300689,-31.7911906158934,31.7989340791994,"No meaningful change"
"SPEI_12","Freshwater",-0.447270387681221,"7","US-A03","SPEI_12__Freshwater",4.2196776468299,0.684497141235546,2.87806325000823,5.56129204365157,4.21957016391976,0.000107482910140178,0.00254724784669374,-31.7925016482091,31.7975961439025,"No meaningful change"
"SPEI_24","Freshwater",-0.447270387681221,"7","US-A03","SPEI_24__Freshwater",4.22153419635463,0.684579167700952,2.87975902766076,5.56330936504849,4.22053295499704,0.00100124135758684,0.0237231024674593,-31.7678819626044,31.8153281675393,"No meaningful change"
"SPEI_36","Freshwater",-0.447270387681221,"7","US-A03","SPEI_36__Freshwater",4.21997936929704,0.684509779043013,2.87834020237273,5.56161853622134,4.21970971318329,0.000269656113753847,0.00639039488691326,-31.7881940224424,31.8009748122162,"No meaningful change"
"SPEI_48","Freshwater",-0.447270387681221,"7","US-A03","SPEI_48__Freshwater",4.21983705205184,0.684507962429309,2.8782014456904,5.56147265841329,4.21964494790908,0.000192104142763938,0.00455261390793388,-31.7904354223783,31.7995406501941,"No meaningful change"
"SPEI_1","Saline",-0.447270387681221,"7","US-A03","SPEI_1__Saline",3.79587807899758,0.78969357906183,2.2480786640364,5.34367749395877,3.79571448215135,0.000163596846230796,0.00431004088953686,-40.7732411221241,40.7818612039032,"No meaningful change"
"SPEI_3","Saline",-0.447270387681221,"7","US-A03","SPEI_3__Saline",3.79589582536159,0.789686024493722,2.24811121735389,5.34368043336928,3.79581271083288,8.31145287087942e-05,0.00218963724083629,-40.7739161909121,40.7782954653938,"No meaningful change"
"SPEI_6","Saline",-0.447270387681221,"7","US-A03","SPEI_6__Saline",3.67047783264423,0.793933630952612,2.11436791597711,5.22658774931135,3.72785187663226,-0.0573740439880268,-1.53906447698932,-43.2818688631151,40.2037399091364,"No meaningful change"
"SPEI_12","Saline",-0.447270387681221,"7","US-A03","SPEI_12__Saline",3.795809908255,0.789682542453436,2.24803212504626,5.34358769146373,3.79590600007587,-9.60918208745554e-05,-0.00253145944268996,-40.7774553689863,40.7723924501009,"No meaningful change"
"SPEI_24","Saline",-0.447270387681221,"7","US-A03","SPEI_24__Saline",3.79046637631512,0.789867630582994,2.24232582037246,5.33860693225779,3.79486170186332,-0.00439532554819655,-0.115823075872262,-40.911527308849,40.6798811571045,"No meaningful change"
"SPEI_36","Saline",-0.447270387681221,"7","US-A03","SPEI_36__Saline",3.77116901027212,0.790636868812029,2.22152074740054,5.3208172731437,3.78973207975865,-0.0185630694865337,-0.489825378044031,-41.3805329599442,40.4008822038562,"No meaningful change"
"SPEI_48","Saline",-0.447270387681221,"7","US-A03","SPEI_48__Saline",3.79577739759688,0.789686552475541,2.24799175474482,5.34356304044894,3.79598202691605,-0.000204629319164429,-0.00539068198198702,-40.7797049931991,40.7689236292352,"No meaningful change"
"SPEI_1","Upland",-0.41303097575751,"7","US-A03","SPEI_1__Upland",5.55266023760781,0.570974704608392,4.43354981657536,6.67177065864026,5.48919319302184,0.0634670445859777,1.15621808805455,-19.2313030226093,21.5437391987184,"No meaningful change"
"SPEI_3","Upland",-0.41303097575751,"7","US-A03","SPEI_3__Upland",5.53230740598307,0.574001671899002,4.40726412906103,6.65735068290511,5.38809641457018,0.144210991412892,2.6764738474784,-18.2036884651292,23.556636160086,"No meaningful change"
"SPEI_6","Upland",-0.41303097575751,"7","US-A03","SPEI_6__Upland",5.55203209812748,0.571694741808526,4.43151040418277,6.67255379207219,5.44677574908028,0.105256349047197,1.93245240663654,-18.6397493061642,22.5046541194373,"No meaningful change"
"SPEI_12","Upland",-0.41303097575751,"7","US-A03","SPEI_12__Upland",5.58003276852876,0.57018042732007,4.46247913098143,6.6975864060761,5.4960425846593,0.083990183869469,1.5281938335759,-18.8055939843476,21.8619816514994,"No meaningful change"
"SPEI_24","Upland",-0.41303097575751,"7","US-A03","SPEI_24__Upland",5.61389010128467,0.570173923227192,4.49634921175938,6.73143099080997,5.49325156310849,0.120638538176187,2.19612258405149,-18.147764395938,22.540009564041,"No meaningful change"
"SPEI_36","Upland",-0.41303097575751,"7","US-A03","SPEI_36__Upland",5.59804969515098,0.570307780555657,4.4802464452619,6.71585294504007,5.50528577568923,0.092763919461758,1.68499735057159,-18.6191847651905,21.9891794663337,"No meaningful change"
"SPEI_48","Upland",-0.41303097575751,"7","US-A03","SPEI_48__Upland",5.57083389533452,0.570423384527184,4.45280406166124,6.6888637290078,5.50702674358798,0.0638071517465457,1.15864975271527,-19.1432279342787,21.4605274397093,"No meaningful change"
"SPEI_1","Freshwater",-0.41303097575751,"7","US-A03","SPEI_1__Freshwater",4.2197334876994,0.68449435477442,2.87812455234154,5.56134242305727,4.21954140936123,0.000192078338177915,0.00455211406983187,-31.7905840204269,31.7996882485665,"No meaningful change"
"SPEI_3","Freshwater",-0.41303097575751,"7","US-A03","SPEI_3__Freshwater",4.21948314119251,0.684493362513596,2.87787615066587,5.56109013171916,4.21951351065009,-3.03694575780611e-05,-0.000719738365605615,-31.7960200055746,31.7945805288434,"No meaningful change"
"SPEI_6","Freshwater",-0.41303097575751,"7","US-A03","SPEI_6__Freshwater",4.21974397097063,0.684499366739574,2.87812521216106,5.56136272978019,4.21959154835205,0.000152422618580061,0.00361226002169783,-31.7913788768226,31.798603396866,"No meaningful change"
"SPEI_12","Freshwater",-0.41303097575751,"7","US-A03","SPEI_12__Freshwater",4.21966991815374,0.684496098748004,2.87805756460765,5.56128227169982,4.21957016391976,9.97542339735702e-05,0.00236408520532584,-31.7926363870655,31.7973645574761,"No meaningful change"
"SPEI_24","Freshwater",-0.41303097575751,"7","US-A03","SPEI_24__Freshwater",4.22147762945343,0.684573682196778,2.87971321234775,5.56324204655912,4.22053295499704,0.000944674456392569,0.0223828238392047,-31.768967496434,31.8137331441124,"No meaningful change"
"SPEI_36","Freshwater",-0.41303097575751,"7","US-A03","SPEI_36__Freshwater",4.21996168119697,0.684507975873068,2.87832604848576,5.56159731390818,4.21970971318329,0.000251968013683879,0.00597121676158614,-31.788529445681,31.8004718792042,"No meaningful change"
"SPEI_48","Freshwater",-0.41303097575751,"7","US-A03","SPEI_48__Freshwater",4.21982608215083,0.684506107234061,2.87819411197207,5.56145805232959,4.21964494790908,0.000181134241747927,0.00429264177398818,-31.7906092217955,31.7991945053435,"No meaningful change"
"SPEI_1","Saline",-0.41303097575751,"7","US-A03","SPEI_1__Saline",3.79585308859438,0.789691851044254,2.24805706054764,5.34364911664112,3.79571448215135,0.000138606443029765,0.00365165619494133,-40.7738102768604,40.7811135892503,"No meaningful change"
"SPEI_3","Saline",-0.41303097575751,"7","US-A03","SPEI_3__Saline",3.79588264762653,0.789684850872572,2.24810033991629,5.34366495533677,3.79581271083288,6.9936793651415e-05,0.00184247219183977,-40.7742027550403,40.777887699424,"No meaningful change"
"SPEI_6","Saline",-0.41303097575751,"7","US-A03","SPEI_6__Saline",3.67041400858164,0.793825433992648,2.11451615795605,5.22631185920723,3.72785187663226,-0.0574378680506165,-1.54077656386138,-43.277892257181,40.1963391294582,"No meaningful change"
"SPEI_12","Saline",-0.41303097575751,"7","US-A03","SPEI_12__Saline",3.79581662723368,0.789681531827129,2.24804082485251,5.34359242961486,3.79590600007587,-8.93728421886841e-05,-0.00235445351351951,-40.7772261797954,40.7725172727683,"No meaningful change"
"SPEI_24","Saline",-0.41303097575751,"7","US-A03","SPEI_24__Saline",3.79078938770818,0.789847610742378,2.24268807065312,5.33889070476325,3.79486170186332,-0.00407231415513598,-0.107311266524849,-40.9019814990376,40.6873589659879,"No meaningful change"
"SPEI_36","Saline",-0.41303097575751,"7","US-A03","SPEI_36__Saline",3.77240852090631,0.790571900663114,2.22288759560661,5.32192944620602,3.78973207975865,-0.0173235588523424,-0.457118299862655,-41.3444658138427,40.4302292141174,"No meaningful change"
"SPEI_48","Saline",-0.41303097575751,"7","US-A03","SPEI_48__Saline",3.79579587477953,0.789685108152928,2.24801306279979,5.34357868675927,3.79598202691605,-0.000186152136516071,-0.00490392565602598,-40.7791436613799,40.7693358100678,"No meaningful change"
"SPEI_1","Upland",-0.3787915638338,"7","US-A03","SPEI_1__Upland",5.54652358199507,0.570877193742006,4.42760428226074,6.6654428817294,5.48919319302184,0.0573303889732388,1.04442286793841,-19.3396164687853,21.4284622046621,"No meaningful change"
"SPEI_3","Upland",-0.3787915638338,"7","US-A03","SPEI_3__Upland",5.51077855232213,0.57389917443057,4.38593617043822,6.63562093420605,5.38809641457018,0.122682137751954,2.27691058794353,-18.599523227201,23.153344403088,"No meaningful change"
"SPEI_6","Upland",-0.3787915638338,"7","US-A03","SPEI_6__Upland",5.54061894392859,0.571640980688119,4.42020262177988,6.66103526607731,5.44677574908028,0.0938431948483096,1.7229127684237,-18.8473543724238,22.2931799092712,"No meaningful change"
"SPEI_12","Upland",-0.3787915638338,"7","US-A03","SPEI_12__Upland",5.57303317874452,0.570059629588752,4.45571630475057,6.69035005273848,5.4960425846593,0.0769905940852285,1.40083692764912,-18.9286429987372,21.7303168540354,"No meaningful change"
"SPEI_24","Upland",-0.3787915638338,"7","US-A03","SPEI_24__Upland",5.60383677238999,0.570051862251868,4.48653512237633,6.72113842240365,5.49325156310849,0.110585209281501,2.01311023191015,-18.3264215950541,22.3526420588744,"No meaningful change"
"SPEI_36","Upland",-0.3787915638338,"7","US-A03","SPEI_36__Upland",5.59031937749377,0.570178129921488,4.47277024284766,6.70786851213989,5.50528577568923,0.085033601804545,1.54458106752686,-18.754985207145,21.8441473421987,"No meaningful change"
"SPEI_48","Upland",-0.3787915638338,"7","US-A03","SPEI_48__Upland",5.5655177556899,0.570287114600177,4.44775501107355,6.68328050030624,5.50702674358798,0.0584910121019204,1.06211599880141,-19.234911719791,21.3591437173938,"No meaningful change"
"SPEI_1","Freshwater",-0.3787915638338,"7","US-A03","SPEI_1__Freshwater",4.21971892011062,0.684493124262324,2.87811239655646,5.56132544366477,4.21954140936123,0.000177510749391985,0.00420687302648979,-31.7908721035122,31.7992858495652,"No meaningful change"
"SPEI_3","Freshwater",-0.3787915638338,"7","US-A03","SPEI_3__Freshwater",4.21948699990675,0.684492379428542,2.87788193622681,5.56109206358669,4.21951351065009,-2.65107433428113e-05,-0.000628289097212225,-31.7958828911673,31.7946263129729,"No meaningful change"
"SPEI_6","Freshwater",-0.3787915638338,"7","US-A03","SPEI_6__Freshwater",4.21973296252017,0.684497918116669,2.8781170430115,5.56134888202884,4.21959154835205,0.000141414168123966,0.00335137101550017,-31.7915724773043,31.7982752193353,"No meaningful change"
"SPEI_12","Freshwater",-0.3787915638338,"7","US-A03","SPEI_12__Freshwater",4.21966215368179,0.68449510494553,2.87805174798855,5.56127255937503,4.21957016391976,9.1989762026401e-05,0.00218007423630437,-31.7927742356821,31.7971343841547,"No meaningful change"
"SPEI_24","Freshwater",-0.3787915638338,"7","US-A03","SPEI_24__Freshwater",4.22142002021965,0.684568440694219,2.87966587645898,5.56317416398032,4.22053295499704,0.000887065222609174,0.0210178485055757,-31.7700890583142,31.8121247553254,"No meaningful change"
"SPEI_36","Freshwater",-0.3787915638338,"7","US-A03","SPEI_36__Freshwater",4.21994381928179,0.684506257214704,2.87831155514097,5.56157608342261,4.21970971318329,0.00023410609850405,0.00554791951144535,-31.7888729134968,31.7999687525197,"No meaningful change"
"SPEI_48","Freshwater",-0.3787915638338,"7","US-A03","SPEI_48__Freshwater",4.2198148806158,0.684504346152903,2.87818636215611,5.56144339907549,4.21964494790908,0.0001699327067195,0.00402718022054688,-31.7907928821758,31.7988472426169,"No meaningful change"
"SPEI_1","Saline",-0.3787915638338,"7","US-A03","SPEI_1__Saline",3.79582873653794,0.789690273298215,2.24803580087344,5.34362167220244,3.79571448215135,0.000114254386585522,0.00301008906551802,-40.7743703736303,40.7803905517613,"No meaningful change"
"SPEI_3","Saline",-0.3787915638338,"7","US-A03","SPEI_3__Saline",3.79586984492885,0.789683767093168,2.24808966142624,5.34365002843146,3.79581271083288,5.71340959720779e-05,0.00150518743480211,-40.7744840779311,40.7774944528007,"No meaningful change"
"SPEI_6","Saline",-0.3787915638338,"7","US-A03","SPEI_6__Saline",3.6705879335548,0.793719671793897,2.11489737683877,5.22627849027084,3.72785187663226,-0.0572639430774498,-1.53611100903457,-43.2676660224663,40.1954440043972,"No meaningful change"
"SPEI_12","Saline",-0.3787915638338,"7","US-A03","SPEI_12__Saline",3.79582337433278,0.789680593787488,2.2480494105093,5.34359733815625,3.79590600007587,-8.26257430945887e-05,-0.00217670677548225,-40.7769999977774,40.7726465842264,"No meaningful change"
"SPEI_24","Saline",-0.3787915638338,"7","US-A03","SPEI_24__Saline",3.7911134275206,0.78982884505965,2.24304889120369,5.33917796383752,3.79486170186332,-0.00374827434271774,-0.0987723568655293,-40.8924733646466,40.6949286509155,"No meaningful change"
"SPEI_36","Saline",-0.3787915638338,"7","US-A03","SPEI_36__Saline",3.77365773879965,0.790511089370588,2.2242560036333,5.323059473966,3.78973207975865,-0.0160743409590065,-0.42415507536433,-41.3083575086146,40.4600473578859,"No meaningful change"
"SPEI_48","Saline",-0.3787915638338,"7","US-A03","SPEI_48__Saline",3.79581419880639,0.789683790149776,2.24803397011283,5.34359442749995,3.79598202691605,-0.000167828109657542,-0.00442120401170312,-40.7785928865636,40.7697504785401,"No meaningful change"
"SPEI_1","Upland",-0.344552151910089,"7","US-A03","SPEI_1__Upland",5.54042148712153,0.570787546126763,4.42167789671307,6.65916507752998,5.48919319302184,0.0512282940996922,0.933257262011044,-19.4475810701261,21.3140955941481,"No meaningful change"
"SPEI_3","Upland",-0.344552151910089,"7","US-A03","SPEI_3__Upland",5.48966230081974,0.573800153801802,4.36501399936821,6.61431060227127,5.38809641457018,0.101565886249563,1.88500498942287,-18.987826803459,22.7578367823047,"No meaningful change"
"SPEI_6","Upland",-0.344552151910089,"7","US-A03","SPEI_6__Upland",5.52936145322206,0.571593169260135,4.4090388414722,6.64968406497192,5.44677574908028,0.0825857041417768,1.51623103183056,-19.0523156343148,22.0847776979759,"No meaningful change"
"SPEI_12","Upland",-0.344552151910089,"7","US-A03","SPEI_12__Upland",5.5660336826735,0.569949541855184,4.44893258063734,6.68313478470966,5.4960425846593,0.0699910980142082,1.27348172682594,-19.052072248215,21.5990357018669,"No meaningful change"
"SPEI_24","Upland",-0.344552151910089,"7","US-A03","SPEI_24__Upland",5.5937834528906,0.56994076054131,4.47669956222963,6.71086734355157,5.49325156310849,0.100531889782114,1.83009805080228,-18.5054696512682,22.1656657528727,"No meaningful change"
"SPEI_36","Upland",-0.344552151910089,"7","US-A03","SPEI_36__Upland",5.58258907706413,0.57005890721454,4.46527361892363,6.69990453520463,5.50528577568923,0.0773033013749025,1.40416509740995,-18.8911565927818,21.6994867876017,"No meaningful change"
"SPEI_48","Upland",-0.344552151910089,"7","US-A03","SPEI_48__Upland",5.56020157634773,0.570160937138117,4.44268613955702,6.67771701313844,5.50702674358798,0.053174832759753,0.965581524035021,-19.3269554259965,21.2581184740666,"No meaningful change"
"SPEI_1","Freshwater",-0.344552151910089,"7","US-A03","SPEI_1__Freshwater",4.21970423234177,0.684491988741617,2.8780999344082,5.56130853027534,4.21954140936123,0.000162822980539268,0.00385878380475277,-31.7911674471777,31.7988850147872,"No meaningful change"
"SPEI_3","Freshwater",-0.344552151910089,"7","US-A03","SPEI_3__Freshwater",4.21949078420552,0.684491462222414,2.87788751824958,5.56109405016145,4.21951351065009,-2.27264445742392e-05,-0.000538603431814532,-31.7957506004953,31.7946733936317,"No meaningful change"
"SPEI_6","Freshwater",-0.344552151910089,"7","US-A03","SPEI_6__Freshwater",4.21972189342853,0.684496553569853,2.87810864843162,5.56133513842544,4.21959154835205,0.000130345076479799,0.00308904487522506,-31.7917714202538,31.7979495100043,"No meaningful change"
"SPEI_12","Freshwater",-0.344552151910089,"7","US-A03","SPEI_12__Freshwater",4.21965435529095,0.684494159677918,2.87804580232223,5.56126290825967,4.21957016391976,8.41913711893127e-05,0.00199525942024159,-31.7929151426012,31.7969056614417,"No meaningful change"
"SPEI_24","Freshwater",-0.344552151910089,"7","US-A03","SPEI_24__Freshwater",4.22136136531665,0.684563441260555,2.87961702044596,5.56310571018734,4.22053295499704,0.000828410319613226,0.0196280974096507,-31.7712466375474,31.8105028323667,"No meaningful change"
"SPEI_36","Freshwater",-0.344552151910089,"7","US-A03","SPEI_36__Freshwater",4.21992578689979,0.684504622565862,2.8782967266707,5.56155484712888,4.21970971318329,0.000216073716504894,0.00512058248532673,-31.7892243232211,31.7994654881918,"No meaningful change"
"SPEI_48","Freshwater",-0.344552151910089,"7","US-A03","SPEI_48__Freshwater",4.21980344627433,0.68450267872348,2.87817819597631,5.56142869657235,4.21964494790908,0.000158498365254722,0.00375620146271457,-31.7909864098279,31.7984988127534,"No meaningful change"
"SPEI_1","Saline",-0.344552151910089,"7","US-A03","SPEI_1__Saline",3.79580504505609,0.78968884454999,2.24801490973811,5.34359518037407,3.79571448215135,9.05629047389667e-05,0.00238592510487346,-40.7749207610586,40.7796926112684,"No meaningful change"
"SPEI_3","Saline",-0.344552151910089,"7","US-A03","SPEI_3__Saline",3.79585742698348,0.789682772586479,2.24807919271398,5.34363566125298,3.79581271083288,4.47161506063054e-05,0.00117803890794427,-40.7747598742639,40.7771159520798,"No meaningful change"
"SPEI_6","Saline",-0.344552151910089,"7","US-A03","SPEI_6__Saline",3.67100393042085,0.793616245642467,2.11551608896161,5.22649177188008,3.72785187663226,-0.0568479462114055,-1.52495185143359,-43.2510690077961,40.201165304929,"No meaningful change"
"SPEI_12","Saline",-0.344552151910089,"7","US-A03","SPEI_12__Saline",3.79583014972566,0.789679727990598,2.24805788286409,5.34360241658723,3.79590600007587,-7.58503502096275e-05,-0.00199821466095608,-40.7767768006068,40.7727803712849,"No meaningful change"
"SPEI_24","Saline",-0.344552151910089,"7","US-A03","SPEI_24__Saline",3.79143846003599,0.789811331430181,2.24340825043283,5.33946866963914,3.79486170186332,-0.003423241827333,-0.0902072880719777,-40.8830037381522,40.7025891620082,"No meaningful change"
"SPEI_36","Saline",-0.344552151910089,"7","US-A03","SPEI_36__Saline",3.77491622595171,0.79045438071042,2.22562563975928,5.32420681214413,3.78973207975865,-0.0148158538069461,-0.390947262105388,-41.2722167974201,40.4903222732093,"No meaningful change"
"SPEI_48","Saline",-0.344552151910089,"7","US-A03","SPEI_48__Saline",3.79583236317642,0.789682597799494,2.24805447148941,5.34361025486343,3.79598202691605,-0.000149663739625883,-0.00394268831002536,-40.7780528055927,40.7701674289727,"No meaningful change"
"SPEI_1","Upland",-0.310312739986378,"7","US-A03","SPEI_1__Upland",5.53435658202005,0.570705602220364,4.41577360166814,6.65293956237197,5.48919319302184,0.0451633889982181,0.822769164977329,-19.555143235226,21.2006815651806,"No meaningful change"
"SPEI_3","Upland",-0.310312739986378,"7","US-A03","SPEI_3__Upland",5.46898192397381,0.573706088478451,4.34451799055605,6.59344585739157,5.38809641457018,0.0808855094036325,1.50118897622,-19.3682210509847,22.3705990034247,"No meaningful change"
"SPEI_6","Upland",-0.310312739986378,"7","US-A03","SPEI_6__Upland",5.51826235004956,0.571551128751082,4.39802213769744,6.63850256240168,5.44677574908028,0.0714866009692745,1.31245720886059,-19.2545766467425,21.8794910644637,"No meaningful change"
"SPEI_12","Upland",-0.310312739986378,"7","US-A03","SPEI_12__Upland",5.5590342810753,0.569850167475219,4.44212795282387,6.67594060932673,5.4960425846593,0.0629916964160069,1.1461282449272,-19.1758818386367,21.4681383284911,"No meaningful change"
"SPEI_24","Upland",-0.310312739986378,"7","US-A03","SPEI_24__Upland",5.58373014365646,0.569840623826018,4.46684252095746,6.70061776635545,5.49325156310849,0.0904785805479698,1.64708605656447,-18.6849087532086,21.9790808663375,"No meaningful change"
"SPEI_36","Upland",-0.310312739986378,"7","US-A03","SPEI_36__Upland",5.57485879703857,0.569950117362271,4.45775656700852,6.69196102706862,5.50528577568923,0.0695730213493473,1.26374949792025,-19.0276990398298,21.5551980356703,"No meaningful change"
"SPEI_48","Upland",-0.310312739986378,"7","US-A03","SPEI_48__Upland",5.55488535483625,0.570044857506667,4.43759743412318,6.67217327554931,5.50702674358798,0.0478586112482713,0.869046283532121,-19.4193592887481,21.1574518558124,"No meaningful change"
"SPEI_1","Freshwater",-0.310312739986378,"7","US-A03","SPEI_1__Freshwater",4.21968943091864,0.684490947740329,2.87808717334759,5.56129168848968,4.21954140936123,0.000148021557412115,0.0035080010610566,-31.7914698748438,31.7984858769659,"No meaningful change"
"SPEI_3","Freshwater",-0.310312739986378,"7","US-A03","SPEI_3__Freshwater",4.21949449377145,0.684490610569138,2.87789289705594,5.56109609048696,4.21951351065009,-1.90168786433631e-05,-0.000450688890919873,-31.7956231259336,31.7947217481518,"No meaningful change"
"SPEI_6","Freshwater",-0.310312739986378,"7","US-A03","SPEI_6__Freshwater",4.21971076204542,0.684495272719685,2.87810002751484,5.561321496576,4.21959154835205,0.000119213693372089,0.00282524249103323,-31.791975727156,31.7976262121381,"No meaningful change"
"SPEI_12","Freshwater",-0.310312739986378,"7","US-A03","SPEI_12__Freshwater",4.21964652452991,0.68449326277879,2.87803972948348,5.56125331957634,4.21957016391976,7.6360610144377e-05,0.00180967745950317,-31.7930590633922,31.7966784183112,"No meaningful change"
"SPEI_24","Freshwater",-0.310312739986378,"7","US-A03","SPEI_24__Freshwater",4.2213016561481,0.684558681889271,2.87956663964513,5.56303667265107,4.22053295499704,0.000768701151061535,0.0182133668723379,-31.7724403446306,31.8088670783753,"No meaningful change"
"SPEI_36","Freshwater",-0.310312739986378,"7","US-A03","SPEI_36__Freshwater",4.21990758623917,0.684503071393139,2.87828156630862,5.56153360616972,4.21970971318329,0.000197873055884479,0.0046892575398322,-31.7895835982214,31.798962113301,"No meaningful change"
"SPEI_48","Freshwater",-0.310312739986378,"7","US-A03","SPEI_48__Freshwater",4.21979177779687,0.684501104457243,2.87816961306068,5.56141394253307,4.21964494790908,0.00014682988779402,0.00347967399168921,-31.7911898135679,31.7981491615512,"No meaningful change"
"SPEI_1","Saline",-0.310312739986378,"7","US-A03","SPEI_1__Saline",3.79578203472591,0.789687563565312,2.2479944101379,5.34356965931392,3.79571448215135,6.75525745550409e-05,0.00177970642609433,-40.7754608332983,40.7790202461505,"No meaningful change"
"SPEI_3","Saline",-0.310312739986378,"7","US-A03","SPEI_3__Saline",3.79584540240713,0.789681866795119,2.2480689434887,5.34362186132557,3.79581271083288,3.26915742583367e-05,0.000861253616782465,-40.775029888252,40.7767523954856,"No meaningful change"
"SPEI_6","Saline",-0.310312739986378,"7","US-A03","SPEI_6__Saline",3.67166642557525,0.793515184392068,2.1163766641668,5.2269561869837,3.72785187663226,-0.0561854510570048,-1.50718035255636,-43.2279839917155,40.2136232866028,"No meaningful change"
"SPEI_12","Saline",-0.310312739986378,"7","US-A03","SPEI_12__Saline",3.79583695397387,0.789678934095218,2.24806624314724,5.34360766480049,3.79590600007587,-6.90461020060873e-05,-0.00181896237695842,-40.7765565558708,40.772918631117,"No meaningful change"
"SPEI_24","Saline",-0.310312739986378,"7","US-A03","SPEI_24__Saline",3.79176445519808,0.789795067789466,2.24376612233073,5.33976278806543,3.79486170186332,-0.00309724666524103,-0.081616852169349,-40.8735733049504,40.7103396006117,"No meaningful change"
"SPEI_36","Saline",-0.310312739986378,"7","US-A03","SPEI_36__Saline",3.77618369151889,0.790401724665647,2.22699631117422,5.32537107186356,3.78973207975865,-0.0135483882397636,-0.357502534602034,-41.2360487679634,40.5210436987593,"No meaningful change"
"SPEI_48","Saline",-0.310312739986378,"7","US-A03","SPEI_48__Saline",3.79585036243911,0.789681530451807,2.24807456275357,5.34362616212466,3.79598202691605,-0.000131664476932691,-0.00346852213733106,-40.7775235284777,40.770586484203,"No meaningful change"
"SPEI_1","Upland",-0.276073328062668,"7","US-A03","SPEI_1__Upland",5.52833137122416,0.570631236217108,4.40989414823863,6.6467685942097,5.48919319302184,0.0391381782023297,0.713004203460798,-19.6622528453775,21.0882612522991,"No meaningful change"
"SPEI_3","Upland",-0.276073328062668,"7","US-A03","SPEI_3__Upland",5.4487598694146,0.573618673975691,4.32446726842224,6.57305247040695,5.38809641457018,0.060663454844418,1.12587916356462,-19.740351031428,21.9921093585572,"No meaningful change"
"SPEI_6","Upland",-0.276073328062668,"7","US-A03","SPEI_6__Upland",5.50732384555878,0.571514769724202,4.38715489689934,6.62749279421822,5.44677574908028,0.060548096478497,1.11163189504765,-19.454093595828,21.6773573859233,"No meaningful change"
"SPEI_12","Upland",-0.276073328062668,"7","US-A03","SPEI_12__Upland",5.55203497303629,0.569761509541487,4.43530241433497,6.6687675317376,5.4960425846593,0.0559923883769917,1.01877646532942,-19.3000718969153,21.3376248275741,"No meaningful change"
"SPEI_24","Upland",-0.276073328062668,"7","US-A03","SPEI_24__Upland",5.57367684531908,0.569751457316195,4.45696398897934,6.69038970165882,5.49325156310849,0.0804252822105935,1.46407426069311,-18.8647390752798,21.7928875966661,"No meaningful change"
"SPEI_36","Upland",-0.276073328062668,"7","US-A03","SPEI_36__Upland",5.56712853946304,0.56985176500367,4.45021908005584,6.68403799887023,5.50528577568923,0.061842763773809,1.12333430622077,-19.1646126762838,21.4112812887253,"No meaningful change"
"SPEI_48","Upland",-0.276073328062668,"7","US-A03","SPEI_48__Upland",5.54956908814018,0.569938880758361,4.43248888185379,6.66664929442657,5.50702674358798,0.0425423445522037,0.772510222539545,-19.5121235426232,21.0571439877023,"No meaningful change"
"SPEI_1","Freshwater",-0.276073328062668,"7","US-A03","SPEI_1__Freshwater",4.21967452202559,0.684490000789419,2.87807412047833,5.56127492357285,4.21954140936123,0.00013311266435867,0.0031546713598628,-31.7917792181587,31.7980885608784,"No meaningful change"
"SPEI_3","Freshwater",-0.276073328062668,"7","US-A03","SPEI_3__Freshwater",4.21949812829734,0.684489824142757,2.87789807297754,5.56109818361715,4.21951351065009,-1.53823527480057e-05,-0.000364552754936807,-31.7955004596218,31.7947713541119,"No meaningful change"
"SPEI_6","Freshwater",-0.276073328062668,"7","US-A03","SPEI_6__Freshwater",4.21969956605884,0.684494075182457,2.87809117870122,5.56130795341645,4.21959154835205,0.000108017706787145,0.00255990907056705,-31.7921854349801,31.7973052531212,"No meaningful change"
"SPEI_12","Freshwater",-0.276073328062668,"7","US-A03","SPEI_12__Freshwater",4.21963866267645,0.684492414074234,2.87803353109095,5.56124379426195,4.21957016391976,6.84987566863526e-05,0.00162335863667025,-31.7932059596941,31.7964526769675,"No meaningful change"
"SPEI_24","Freshwater",-0.276073328062668,"7","US-A03","SPEI_24__Freshwater",4.22124087991603,0.684554160564574,2.87951472520946,5.56296703462259,4.22053295499704,0.000707924918987857,0.016773353662591,-31.7736703891823,31.8072170965075,"No meaningful change"
"SPEI_36","Freshwater",-0.276073328062668,"7","US-A03","SPEI_36__Freshwater",4.21988921854728,0.684501603151132,2.87826607637106,5.5615123607235,4.21970971318329,0.000179505363992583,0.00425397423504676,-31.7899506836043,31.7984586320744,"No meaningful change"
"SPEI_48","Freshwater",-0.276073328062668,"7","US-A03","SPEI_48__Freshwater",4.21977987375958,0.684499622856457,2.87816061296093,5.56139913455824,4.21964494790908,0.000134925850504786,0.00319756406452264,-31.7914031040191,31.7977982321481,"No meaningful change"
"SPEI_1","Saline",-0.276073328062668,"7","US-A03","SPEI_1__Saline",3.79575972469563,0.789686429169226,2.24797432352395,5.34354512586732,3.79571448215135,4.52425442802884e-05,0.00119193749933071,-40.7759900252078,40.7783739002064,"No meaningful change"
"SPEI_3","Saline",-0.276073328062668,"7","US-A03","SPEI_3__Saline",3.79583377888377,0.789681049185283,2.24805892248061,5.34360863528692,3.79581271083288,2.10680508896388e-05,0.00055503399389313,-40.7752938898995,40.7764039578873,"No meaningful change"
"SPEI_6","Saline",-0.276073328062668,"7","US-A03","SPEI_6__Saline",3.67257990336945,0.793416616719012,2.11748333460018,5.22767647213871,3.72785187663226,-0.0552719732628071,-1.48267621922628,-43.1982974464876,40.232945008035,"No meaningful change"
"SPEI_12","Saline",-0.276073328062668,"7","US-A03","SPEI_12__Saline",3.7958437879486,0.78967821177107,2.24807449287731,5.3436130830199,3.79590600007587,-6.2212127268424e-05,-0.00163892697203725,-40.7763392235642,40.7730613696201,"No meaningful change"
"SPEI_24","Saline",-0.276073328062668,"7","US-A03","SPEI_24__Saline",3.79209138757163,0.789780052174388,2.24412248530983,5.34006028983343,3.79486170186332,-0.00277031429169439,-0.073001719412703,-40.8641826339037,40.7181791950783,"No meaningful change"
"SPEI_36","Saline",-0.276073328062668,"7","US-A03","SPEI_36__Saline",3.77745996494749,0.790353075615127,2.22836793674184,5.32655199315314,3.78973207975865,-0.0122721148111626,-0.323825393270127,-41.1998555611943,40.5522047746541,"No meaningful change"
"SPEI_48","Saline",-0.276073328062668,"7","US-A03","SPEI_48__Saline",3.7958681920217,0.789680587483077,2.24809424055487,5.34364214348853,3.79598202691605,-0.000113834894344134,-0.00299882595694522,-40.7770051434811,40.7710074915672,"No meaningful change"
"SPEI_1","Upland",-0.241833916138957,"7","US-A03","SPEI_1__Upland",5.52234820169264,0.570564355952744,4.40404206402526,6.64065433936002,5.48919319302184,0.0331550086708043,0.604005133449353,-19.7688638537277,20.9768741206264,"No meaningful change"
"SPEI_3","Upland",-0.241833916138957,"7","US-A03","SPEI_3__Upland",5.42901751311261,0.573539769287707,4.3048795653087,6.55315546091651,5.38809641457018,0.0409210985424302,0.759472277292101,-20.1038876426246,21.6228321972088,"No meaningful change"
"SPEI_6","Upland",-0.241833916138957,"7","US-A03","SPEI_6__Upland",5.4965475283538,0.571484087475823,4.37643871690119,6.61665633980642,5.44677574908028,0.0497717792735202,0.91378425634513,-19.6508371463581,21.4784056590484,"No meaningful change"
"SPEI_12","Upland",-0.241833916138957,"7","US-A03","SPEI_12__Upland",5.54503575564348,0.569683570887812,4.42845595670337,6.66161555458359,5.4960425846593,0.0489931709841871,0.891426335031286,-19.4246425771118,21.2074952471743,"No meaningful change"
"SPEI_24","Upland",-0.241833916138957,"7","US-A03","SPEI_24__Upland",5.56362355822617,0.569673265700985,4.44706395745224,6.6801831590001,5.49325156310849,0.0703719951176831,1.28106266951775,-19.0449607784617,21.6070861174972,"No meaningful change"
"SPEI_36","Upland",-0.241833916138957,"7","US-A03","SPEI_36__Upland",5.55939830504526,0.569763854491521,4.44266115024188,6.67613545984865,5.50528577568923,0.054112529356038,0.982919535167337,-19.3018976442564,21.2677367145911,"No meaningful change"
"SPEI_48","Upland",-0.241833916138957,"7","US-A03","SPEI_48__Upland",5.54425277264734,0.569843011635497,4.42736046984176,6.66114507545291,5.50702674358798,0.0372260290593589,0.675973275464886,-19.6052484219967,20.9571949729264,"No meaningful change"
"SPEI_1","Freshwater",-0.241833916138957,"7","US-A03","SPEI_1__Freshwater",4.2196595114233,0.68448914743397,2.87806078245272,5.56125824039388,4.21954140936123,0.000118102062075742,0.00279893122541061,-31.7920953194671,31.7976931819179,"No meaningful change"
"SPEI_3","Freshwater",-0.241833916138957,"7","US-A03","SPEI_3__Freshwater",4.21950168748831,0.684489102625786,2.87790304634177,5.56110032863485,4.21951351065009,-1.18231617847186e-05,-0.000280202012740968,-31.7953825938011,31.7948221897756,"No meaningful change"
"SPEI_6","Freshwater",-0.241833916138957,"7","US-A03","SPEI_6__Freshwater",4.21968830238544,0.684492960579215,2.87808209965017,5.5612945051207,4.21959154835205,9.67540333878247e-05,0.00229297154189276,-31.7924005991954,31.7969865422792,"No meaningful change"
"SPEI_12","Freshwater",-0.241833916138957,"7","US-A03","SPEI_12__Freshwater",4.2196307706861,0.68449161338735,2.8780272084469,5.56123433292531,4.21957016391976,6.06067663415644e-05,0.0014363255968533,-31.7933558006449,31.7962284518386,"No meaningful change"
"SPEI_24","Freshwater",-0.241833916138957,"7","US-A03","SPEI_24__Freshwater",4.22117901902998,0.684549875311366,2.87946126341971,5.56289677464026,4.22053295499704,0.000646064032944871,0.015307640997802,-31.7749370962624,31.805552378258,"No meaningful change"
"SPEI_36","Freshwater",-0.241833916138957,"7","US-A03","SPEI_36__Freshwater",4.21987068397699,0.684500217294525,2.87825025807972,5.56149110987426,4.21970971318329,0.000160970793707804,0.00381473619393525,-31.7903255504177,31.7979550228055,"No meaningful change"
"SPEI_48","Freshwater",-0.241833916138957,"7","US-A03","SPEI_48__Freshwater",4.21976773268296,0.68449823342525,2.87815119516947,5.56138427019645,4.21964494790908,0.000122784773881612,0.00290983661889503,-31.7916262932109,31.7974459664487,"No meaningful change"
"SPEI_1","Saline",-0.241833916138957,"7","US-A03","SPEI_1__Saline",3.79573813230739,0.789685440284125,2.24795466935051,5.34352159526428,3.79571448215135,2.36501560411106e-05,0.000623075211592472,-40.7765078242554,40.7777539746786,"No meaningful change"
"SPEI_3","Saline",-0.241833916138957,"7","US-A03","SPEI_3__Saline",3.79582256294274,0.789680319265289,2.24804913718278,5.34359598870271,3.79581271083288,9.85210986570451e-06,0.000259552054230377,-40.7755516818028,40.7760707859113,"No meaningful change"
"SPEI_6","Saline",-0.241833916138957,"7","US-A03","SPEI_6__Saline",3.67374887414462,0.793320767168309,2.11884017049473,5.2286575777945,3.72785187663226,-0.0541030024876394,-1.45131846108961,-43.1619001877056,40.2592632655264,"No meaningful change"
"SPEI_12","Saline",-0.241833916138957,"7","US-A03","SPEI_12__Saline",3.79585065287428,0.789677560709771,2.24808263388312,5.34361867186543,3.79590600007587,-5.53472015960565e-05,-0.00145807619037327,-40.7761247555079,40.7732086031272,"No meaningful change"
"SPEI_24","Saline",-0.241833916138957,"7","US-A03","SPEI_24__Saline",3.79241923713364,0.78976628279773,2.24447732285009,5.34036115141719,3.79486170186332,-0.00244246472967902,-0.0643624174361806,-40.8548321603386,40.7261073254663,"No meaningful change"
"SPEI_36","Saline",-0.241833916138957,"7","US-A03","SPEI_36__Saline",3.77874501724239,0.790308393272614,2.22974056642807,5.32774946805672,3.78973207975865,-0.0109870625162602,-0.289916603206418,-41.1636358586576,40.5838026522448,"No meaningful change"
"SPEI_48","Saline",-0.241833916138957,"7","US-A03","SPEI_48__Saline",3.7958858484151,0.789679768314697,2.24811350251829,5.3436581943119,3.79598202691605,-9.61785009514493e-05,-0.00253369221111901,-40.7764977131698,40.7714303287475,"No meaningful change"
"SPEI_1","Upland",-0.207594504215246,"7","US-A03","SPEI_1__Upland",5.5164092472499,0.570504900068407,4.39821964311582,6.63459885138398,5.48919319302184,0.0272160542280648,0.495811556836137,-19.8749344674718,20.8665575811441,"No meaningful change"
"SPEI_3","Upland",-0.207594504215246,"7","US-A03","SPEI_3__Upland",5.40977502934503,0.573471305620404,4.28577127032903,6.53377878836102,5.38809641457018,0.0216786147748476,0.402342740494129,-20.4585267119627,21.263212192951,"No meaningful change"
"SPEI_6","Upland",-0.207594504215246,"7","US-A03","SPEI_6__Upland",5.48593432370201,0.571459148726975,4.36587439219714,6.60599425520688,5.44677574908028,0.0391585746217276,0.718931280186075,-19.8447927118288,21.282655272201,"No meaningful change"
"SPEI_12","Upland",-0.207594504215246,"7","US-A03","SPEI_12__Upland",5.53803662388363,0.569616354071811,4.42158856990288,6.65448467786438,5.4960425846593,0.0419940392243339,0.764077762816991,-19.5495940616519,21.0777495872859,"No meaningful change"
"SPEI_24","Upland",-0.207594504215246,"7","US-A03","SPEI_24__Upland",5.55357028242859,0.569606053140507,4.43714241827319,6.66999814658398,5.49325156310849,0.0603187193201018,1.0980512839643,-19.2255740102619,21.4216765781905,"No meaningful change"
"SPEI_36","Upland",-0.207594504215246,"7","US-A03","SPEI_36__Upland",5.55166809310064,0.569686389875136,4.43508276894537,6.6682534172559,5.50528577568923,0.0463823174114104,0.842505172324204,-19.4395541003477,21.1245644449961,"No meaningful change"
"SPEI_48","Upland",-0.207594504215246,"7","US-A03","SPEI_48__Upland",5.53893640416746,0.56975725455832,4.42221218523315,6.65566062310177,5.50702674358798,0.0319096605794842,0.579435366218944,-19.6987341602782,20.8576048927161,"No meaningful change"
"SPEI_1","Freshwater",-0.207594504215246,"7","US-A03","SPEI_1__Freshwater",4.21964440441629,0.684488387244183,2.87804716541769,5.56124164341488,4.21954140936123,0.000102995055057953,0.00244090637028598,-31.7924180330919,31.7972998458325,"No meaningful change"
"SPEI_3","Freshwater",-0.207594504215246,"7","US-A03","SPEI_3__Freshwater",4.2195051710631,0.684488445717689,2.87790781745643,5.56110252466977,4.21951351065009,-8.33958699342219e-06,-0.000197643329553822,-31.7952695211768,31.7948742345176,"No meaningful change"
"SPEI_6","Freshwater",-0.207594504215246,"7","US-A03","SPEI_6__Freshwater",4.21967696715004,0.684491928545532,2.8780727872008,5.56128114709929,4.21959154835205,8.54187979948406e-05,0.00202433806722835,-31.7926212947122,31.7966699708466,"No meaningful change"
"SPEI_12","Freshwater",-0.207594504215246,"7","US-A03","SPEI_12__Freshwater",4.21962284917815,0.684490860543948,2.87802076251201,5.56122493584429,4.21957016391976,5.26852583888626e-05,0.00124859301640148,-31.793508563477,31.7960057495098,"No meaningful change"
"SPEI_24","Freshwater",-0.207594504215246,"7","US-A03","SPEI_24__Freshwater",4.22111605108725,0.684545824248159,2.87940623556086,5.56282586661364,4.22053295499704,0.000583096090213786,0.0138156980748938,-31.7762409092981,31.8038723054479,"No meaningful change"
"SPEI_36","Freshwater",-0.207594504215246,"7","US-A03","SPEI_36__Freshwater",4.21985198156209,0.684498913292091,2.87823411150959,5.56146985161459,4.21970971318329,0.000142268378803934,0.00337152051856687,-31.7907081968846,31.7974512379217,"No meaningful change"
"SPEI_48","Freshwater",-0.207594504215246,"7","US-A03","SPEI_48__Freshwater",4.21975535308425,0.684496935682153,2.87814135914723,5.56136934702127,4.21964494790908,0.000110405175173689,0.00261645651557478,-31.7918593939186,31.7970923069498,"No meaningful change"
"SPEI_1","Saline",-0.207594504215246,"7","US-A03","SPEI_1__Saline",3.79571727291503,0.789684595960344,2.24793546483275,5.3434990809973,3.79571448215135,2.79076367393216e-06,7.3524067393773e-05,-40.7770137768988,40.7771608250336,"No meaningful change"
"SPEI_3","Saline",-0.207594504215246,"7","US-A03","SPEI_3__Saline",3.79581175986283,0.789679676601232,2.24803959372441,5.34358392600124,3.79581271083288,-9.5097005115008e-07,-2.50531341663962e-05,-40.775803102489,40.7757529962207,"No meaningful change"
"SPEI_6","Saline",-0.207594504215246,"7","US-A03","SPEI_6__Saline",3.67517783425591,0.793227941211796,2.12045106948079,5.22990459903103,3.72785187663226,-0.052674042376347,-1.41298646296893,-43.118687661045,40.2927147351071,"No meaningful change"
"SPEI_12","Saline",-0.207594504215246,"7","US-A03","SPEI_12__Saline",3.79585755033029,0.789676980634461,2.24809066828675,5.34362443237384,3.79590600007587,-4.84497455808253e-05,-0.00127636842376647,-40.7759130957981,40.7733603589506,"No meaningful change"
"SPEI_24","Saline",-0.207594504215246,"7","US-A03","SPEI_24__Saline",3.79274798942238,0.789753758113577,2.24483062351977,5.340665355325,3.79486170186332,-0.00211371244093606,-0.0556993273272172,-40.8455221854979,40.7341235308435,"No meaningful change"
"SPEI_36","Saline",-0.207594504215246,"7","US-A03","SPEI_36__Saline",3.78003896583855,0.790267643237303,2.23111438509343,5.32896354658366,3.78973207975865,-0.00969311392010619,-0.255773065644352,-41.1273847824218,40.6158386511331,"No meaningful change"
"SPEI_48","Saline",-0.207594504215246,"7","US-A03","SPEI_48__Saline",3.79590332924073,0.789679072428131,2.24813234728159,5.34367431119987,3.79598202691605,-7.86976753173185e-05,-0.00207318355986144,-40.7760012734298,40.7718549063101,"No meaningful change"
"SPEI_1","Upland",-0.173355092291536,"7","US-A03","SPEI_1__Upland",5.51051652415779,0.57045283113932,4.39242897512473,6.62860407319086,5.48919319302184,0.0213233311359584,0.388460205100192,-19.9804266188222,20.7573470290225,"No meaningful change"
"SPEI_3","Upland",-0.173355092291536,"7","US-A03","SPEI_3__Upland",5.39105147062398,0.573415149177302,4.26715777823647,6.51494516301149,5.38809641457018,0.00295505605379898,0.0548441569421083,-20.8039825215921,20.9136708354763,"No meaningful change"
"SPEI_6","Upland",-0.173355092291536,"7","US-A03","SPEI_6__Upland",5.47548457507093,0.57144006652473,4.35546204468246,6.5955071054594,5.44677574908028,0.0287088259906456,0.527079272457532,-20.0359580543058,21.0901165992208,"No meaningful change"
"SPEI_12","Upland",-0.173355092291536,"7","US-A03","SPEI_12__Upland",5.53103757093835,0.569559861324695,4.41470024274195,6.64737489913476,5.4960425846593,0.0349949862790595,0.636730624626863,-19.6749265541649,20.9483878034186,"No meaningful change"
"SPEI_24","Upland",-0.173355092291536,"7","US-A03","SPEI_24__Upland",5.54351701772394,0.569549823247335,4.42719936415916,6.65983467128871,5.49325156310849,0.0502654546154497,0.91504010034825,-19.4065789032621,21.2366591039586,"No meaningful change"
"SPEI_36","Upland",-0.173355092291536,"7","US-A03","SPEI_36__Upland",5.54393790176524,0.569619374854132,4.42748392705115,6.66039187647934,5.50528577568923,0.0386521260760171,0.70209118383465,-19.5775822101287,20.981764577798,"No meaningful change"
"SPEI_48","Upland",-0.173355092291536,"7","US-A03","SPEI_48__Upland",5.53361997807301,0.569681613590634,4.41704401543537,6.65019594071065,5.50702674358798,0.0265932344850315,0.482896410771836,-19.7925809861322,20.7583738076759,"No meaningful change"
"SPEI_1","Freshwater",-0.173355092291536,"7","US-A03","SPEI_1__Freshwater",4.21962920590621,0.684487719822046,2.878033275055,5.56122513675742,4.21954140936123,8.77965449852525e-05,0.00208071296066611,-31.7927472243792,31.7969086503006,"No meaningful change"
"SPEI_3","Freshwater",-0.173355092291536,"7","US-A03","SPEI_3__Freshwater",4.21950857875356,0.684487853140542,2.8779123865981,5.56110477090902,4.21951351065009,-4.93189653294479e-06,-0.000116883060582615,-31.7951612351941,31.794927469073,"No meaningful change"
"SPEI_6","Freshwater",-0.173355092291536,"7","US-A03","SPEI_6__Freshwater",4.21966555581956,0.684490978739123,2.87806323749088,5.56126787414824,4.21959154835205,7.40074675116276e-05,0.00175390121682586,-31.792847613061,31.7963554154947,"No meaningful change"
"SPEI_12","Freshwater",-0.173355092291536,"7","US-A03","SPEI_12__Freshwater",4.21961489848646,0.684490155378088,2.87801419394541,5.56121560302751,4.21957016391976,4.47345666998444e-05,0.00106016880776994,-31.79366423257,31.7957845701855,"No meaningful change"
"SPEI_24","Freshwater",-0.173355092291536,"7","US-A03","SPEI_24__Freshwater",4.22105194982697,0.684542005626868,2.87934961879831,5.56275428085563,4.22053295499704,0.00051899482992912,0.0122969026770574,-31.777582369326,31.8021761746801,"No meaningful change"
"SPEI_36","Freshwater",-0.173355092291536,"7","US-A03","SPEI_36__Freshwater",4.21983310941406,0.684497690639039,2.87821763576155,5.56144858306658,4.21970971318329,0.000123396230779171,0.00292428245463556,-31.7910986443126,31.7969472092218,"No meaningful change"
"SPEI_48","Freshwater",-0.173355092291536,"7","US-A03","SPEI_48__Freshwater",4.21974273354672,0.684495729170751,2.87813110437204,5.56135436272139,4.21964494790908,9.7785637636072e-05,0.00231739017958198,-31.7921024185171,31.7967371988762,"No meaningful change"
"SPEI_1","Saline",-0.173355092291536,"7","US-A03","SPEI_1__Saline",3.79569716005372,0.789683895383929,2.24791672510122,5.34347759500622,3.79571448215135,-1.73220976318333e-05,-0.000456359341918032,-40.7775074845162,40.7765947658323,"No meaningful change"
"SPEI_3","Saline",-0.173355092291536,"7","US-A03","SPEI_3__Saline",3.79580137380169,0.789679120822338,2.2480302969899,5.34357245061347,3.79581271083288,-1.13370311884964e-05,-0.000298672038168311,-40.7760480232798,40.7754506792034,"No meaningful change"
"SPEI_6","Saline",-0.173355092291536,"7","US-A03","SPEI_6__Saline",3.67687121706232,0.793138494892841,2.12231976707235,5.23142266705229,3.72785187663226,-0.0509806595699365,-1.36756129956517,-43.0685596609687,40.3334370618384,"No meaningful change"
"SPEI_12","Saline",-0.173355092291536,"7","US-A03","SPEI_12__Saline",3.79586448218149,0.789676471303853,2.24809859842594,5.34363036593704,3.79590600007587,-4.15178943824479e-05,-0.00109375454454399,-40.7757041828485,40.7735166737594,"No meaningful change"
"SPEI_24","Saline",-0.173355092291536,"7","US-A03","SPEI_24__Saline",3.79307763458679,0.789742476842853,2.2451823799748,5.34097288919878,3.79486170186332,-0.00178406727653257,-0.0470127086754328,-40.8362529029085,40.7422274855576,"No meaningful change"
"SPEI_36","Saline",-0.173355092291536,"7","US-A03","SPEI_36__Saline",3.78134205105764,0.790230796644322,2.23248968963477,5.33019441248051,3.78973207975865,-0.00839002870101568,-0.221388439194097,-41.0910944982437,40.6483176198555,"No meaningful change"
"SPEI_48","Saline",-0.173355092291536,"7","US-A03","SPEI_48__Saline",3.79592063310715,0.789678499369291,2.24815077434334,5.34369049187096,3.79598202691605,-6.13938088984689e-05,-0.0016173366592135,-40.7755158374711,40.7722811641527,"No meaningful change"
"SPEI_1","Upland",-0.139115680367825,"7","US-A03","SPEI_1__Upland",5.5046719084062,0.570408128800942,4.38667197595635,6.62267184085604,5.48919319302184,0.0154787153843623,0.281985254300025,-20.0853054045733,20.6492759131733,"No meaningful change"
"SPEI_3","Upland",-0.139115680367825,"7","US-A03","SPEI_3__Upland",5.37286486271653,0.5733729732905,4.24905383506715,6.49667589036591,5.38809641457018,-0.0152315518536508,-0.282688925396036,-21.1399813934825,20.5746035426904,"No meaningful change"
"SPEI_6","Upland",-0.139115680367825,"7","US-A03","SPEI_6__Upland",5.46519812777785,0.571426975909306,4.34520125499561,6.58519500056009,5.44677574908028,0.0184223786975695,0.338225393264633,-20.2243408730509,20.9007916595802,"No meaningful change"
"SPEI_12","Upland",-0.139115680367825,"7","US-A03","SPEI_12__Upland",5.52403858848286,0.569514094500451,4.40779096326197,6.64028621370374,5.4960425846593,0.02799600382356,0.509384768991843,-19.8006402722366,20.8194098102203,"No meaningful change"
"SPEI_24","Upland",-0.139115680367825,"7","US-A03","SPEI_24__Upland",5.5334637637006,0.569504579068253,4.41723478872683,6.64969273867438,5.49325156310849,0.0402122005921184,0.732029111176612,-19.5879755736649,21.0520337960182,"No meaningful change"
"SPEI_36","Upland",-0.139115680367825,"7","US-A03","SPEI_36__Upland",5.53620772821029,0.569562812732341,4.4198646152549,6.65255084116568,5.50528577568923,0.0309219525210649,0.561677518315453,-19.7159821426061,20.839337179237,"No meaningful change"
"SPEI_48","Upland",-0.139115680367825,"7","US-A03","SPEI_48__Upland",5.5283034894339,0.569616092404784,4.41185594832053,6.64475103054728,5.50702674358798,0.0212767458459275,0.386356319600242,-19.886789119784,20.6595017589845,"No meaningful change"
"SPEI_1","Freshwater",-0.139115680367825,"7","US-A03","SPEI_1__Freshwater",4.21961392044991,0.684487144804318,2.87801911663344,5.56120872426637,4.21954140936123,7.25110886801161e-05,0.00171845898986196,-31.7930827684629,31.7965196864427,"No meaningful change"
"SPEI_3","Freshwater",-0.139115680367825,"7","US-A03","SPEI_3__Freshwater",4.21951191030434,0.684487324641841,2.87791675400633,5.56110706660235,4.21951351065009,-1.60034574925305e-06,-3.79272573772726e-05,-31.7950577301756,31.7949818756609,"No meaningful change"
"SPEI_6","Freshwater",-0.139115680367825,"7","US-A03","SPEI_6__Freshwater",4.21965406333589,0.684490110844204,2.87805344608125,5.56125468059053,4.21959154835205,6.25149838420214e-05,0.00148154111898429,-31.7930796594455,31.7960427416835,"No meaningful change"
"SPEI_12","Freshwater",-0.139115680367825,"7","US-A03","SPEI_12__Freshwater",4.21960691871119,0.684489497735634,2.87800750314934,5.56120633427303,4.21957016391976,3.67547914255084e-05,0.000871055344446865,-31.7938227983908,31.7955649090797,"No meaningful change"
"SPEI_24","Freshwater",-0.139115680367825,"7","US-A03","SPEI_24__Freshwater",4.22098668606738,0.684538417855524,2.87929138707055,5.5626819850642,4.22053295499704,0.000453731070336971,0.0107505633808584,-31.778962093839,31.8004632206007,"No meaningful change"
"SPEI_36","Freshwater",-0.139115680367825,"7","US-A03","SPEI_36__Freshwater",4.2198140649184,0.684496548864737,2.87820082914352,5.56142730069329,4.21970971318329,0.000104351735115138,0.00247296004246739,-31.791496932801,31.7964428528859,"No meaningful change"
"SPEI_48","Freshwater",-0.139115680367825,"7","US-A03","SPEI_48__Freshwater",4.2197298727824,0.684494613466155,2.87812043038873,5.56133931517606,4.21964494790908,8.49248733185703e-05,0.00201260708820187,-31.7923553777931,31.7963805919695,"No meaningful change"
"SPEI_1","Saline",-0.139115680367825,"7","US-A03","SPEI_1__Saline",3.79567780562613,0.789683337875056,2.24789846339102,5.34345714786124,3.79571448215135,-3.66765252213241e-05,-0.000966261434936393,-40.777988598422,40.7760560755521,"No meaningful change"
"SPEI_3","Saline",-0.139115680367825,"7","US-A03","SPEI_3__Saline",3.79579140793236,0.789678651621415,2.24802125075438,5.34356156511033,3.79581271083288,-2.13029005209364e-05,-0.000561221064994593,-40.7762863447201,40.7751639025901,"No meaningful change"
"SPEI_6","Saline",-0.139115680367825,"7","US-A03","SPEI_6__Saline",3.67883334904956,0.793052805497927,2.12444985027362,5.23321684782549,3.72785187663226,-0.0490185275826991,-1.31492691246581,-43.0114199657297,40.3815661407981,"No meaningful change"
"SPEI_12","Saline",-0.139115680367825,"7","US-A03","SPEI_12__Saline",3.79587145051008,0.789676032513237,2.24810642678413,5.34363647423602,3.79590600007587,-3.45495657962935e-05,-0.000910179698749204,-40.775497951235,40.7736775918375,"No meaningful change"
"SPEI_24","Saline",-0.139115680367825,"7","US-A03","SPEI_24__Saline",3.7934081664298,0.789732437975592,2.24553258799764,5.34128374486196,3.79486170186332,-0.00145353543351989,-0.0383027247819384,-40.827024423708,40.7504189741442,"No meaningful change"
"SPEI_36","Saline",-0.139115680367825,"7","US-A03","SPEI_36__Saline",3.78265461248305,0.790197829529938,2.23386686660437,5.33144235836173,3.78973207975865,-0.00707746727560732,-0.186753763238536,-41.0547548061331,40.6812472796561,"No meaningful change"
"SPEI_48","Saline",-0.139115680367825,"7","US-A03","SPEI_48__Saline",3.7959377594625,0.78967804874833,2.24816878391577,5.34370673500923,3.79598202691605,-4.42674535445775e-05,-0.00116616604690675,-40.7750413997022,40.7727090676084,"No meaningful change"
"SPEI_1","Upland",-0.104876268444114,"7","US-A03","SPEI_1__Upland",5.49887712382676,0.570370786712229,4.3809503818708,6.61680386578273,5.48919319302184,0.00968393080492902,0.176418108534416,-20.1895391942098,20.5423754112786,"No meaningful change"
"SPEI_3","Upland",-0.104876268444114,"7","US-A03","SPEI_3__Upland",5.35523207968166,0.573346179434622,4.2314735679898,6.47899059137352,5.38809641457018,-0.0328643348885196,-0.609943333598296,-21.4662611354301,20.2463744682335,"No meaningful change"
"SPEI_6","Upland",-0.104876268444114,"7","US-A03","SPEI_6__Upland",5.45507431140586,0.571420021003791,4.33509107023843,6.5750575525733,5.44677574908028,0.00829856232558157,0.152357334097752,-20.4099586627844,20.7146733309799,"No meaningful change"
"SPEI_12","Upland",-0.104876268444114,"7","US-A03","SPEI_12__Upland",5.51703966668858,0.569479055056713,4.40086071877743,6.63321861459974,5.4960425846593,0.0209970820292895,0.382040017082421,-19.9267354466789,20.6908154808437,"No meaningful change"
"SPEI_24","Upland",-0.104876268444114,"7","US-A03","SPEI_24__Upland",5.52341051974146,0.56947032307635,4.40724868651181,6.6395723529711,5.49325156310849,0.030158956632973,0.549018305214968,-19.769764120945,20.8678007313749,"No meaningful change"
"SPEI_36","Upland",-0.104876268444114,"7","US-A03","SPEI_36__Upland",5.52847756867237,0.569516706398801,4.41222482413072,6.64473031321401,5.50528577568923,0.0231917929831393,0.421264107406593,-19.8547540689959,20.6972822838091,"No meaningful change"
"SPEI_48","Upland",-0.104876268444114,"7","US-A03","SPEI_48__Upland",5.52298693310702,0.569560694267906,4.40664797234193,6.63932589387212,5.50702674358798,0.0159601895190438,0.289814999312047,-19.9813587709059,20.56098876953,"No meaningful change"
"SPEI_1","Freshwater",-0.104876268444114,"7","US-A03","SPEI_1__Freshwater",4.21959855225028,0.684486661869349,2.87800469498636,5.56119240951421,4.21954140936123,5.71428890552284e-05,0.0013542440637851,-31.7934245507963,31.7961330389239,"No meaningful change"
"SPEI_3","Freshwater",-0.104876268444114,"7","US-A03","SPEI_3__Freshwater",4.21951516547615,0.684486860000056,2.87792091987604,5.56110941107626,4.21951351065009,1.65482605485323e-06,3.92184087259452e-05,-31.7949590015025,31.79503743832,"No meaningful change"
"SPEI_6","Freshwater",-0.104876268444114,"7","US-A03","SPEI_6__Freshwater",4.21964248415154,0.684489324578694,2.8780434079773,5.56124156032578,4.21959154835205,5.0935799490226e-05,0.00120712630373238,-31.793317552233,31.7957318048404,"No meaningful change"
"SPEI_12","Freshwater",-0.104876268444114,"7","US-A03","SPEI_12__Freshwater",4.21959890972632,0.684488887478714,2.87800069026805,5.5611971291846,4.21957016391976,2.87458065626467e-05,0.000681249640270073,-31.7939842575213,31.7953467568019,"No meaningful change"
"SPEI_24","Freshwater",-0.104876268444114,"7","US-A03","SPEI_24__Freshwater",4.22092022814566,0.684535059541554,2.87923151144421,5.5626089448471,4.22053295499704,0.000387273148618306,0.0091759299772741,-31.7803807683754,31.79873262833,"No meaningful change"
"SPEI_36","Freshwater",-0.104876268444114,"7","US-A03","SPEI_36__Freshwater",4.21979484480044,0.684495487544104,2.87818368921399,5.56140600038688,4.21970971318329,8.51316171495142e-05,0.00201747567809095,-31.7919031202094,31.7959380715656,"No meaningful change"
"SPEI_48","Freshwater",-0.104876268444114,"7","US-A03","SPEI_48__Freshwater",4.21971676973877,0.684493588184812,2.87810933689653,5.561324202581,4.21964494790908,7.18218296880124e-05,0.00170208229779147,-31.7926182788744,31.79602244347,"No meaningful change"
"SPEI_1","Saline",-0.104876268444114,"7","US-A03","SPEI_1__Saline",3.79565921974143,0.789682922905553,2.24788069084654,5.34343774863631,3.79571448215135,-5.52624099272592e-05,-0.00145591588058376,-40.7784568250118,40.7755449932507,"No meaningful change"
"SPEI_3","Saline",-0.104876268444114,"7","US-A03","SPEI_3__Saline",3.79578186437415,0.789678268763887,2.24801245759693,5.34355127115136,3.79581271083288,-3.08464587304158e-05,-0.00081264438159404,-40.7765179988644,40.7748927101012,"No meaningful change"
"SPEI_6","Saline",-0.104876268444114,"7","US-A03","SPEI_6__Saline",3.68106837156669,0.792971257401515,2.12684470705972,5.23529203607366,3.72785187663226,-0.0467835050655645,-1.25497220956721,-42.9471776925559,40.4372332734215,"No meaningful change"
"SPEI_12","Saline",-0.104876268444114,"7","US-A03","SPEI_12__Saline",3.79587845758528,0.78967566410024,2.24811415594881,5.34364275922175,3.79590600007587,-2.75424905908928e-05,-0.000725584105358305,-40.7752943327924,40.7738431645816,"No meaningful change"
"SPEI_24","Saline",-0.104876268444114,"7","US-A03","SPEI_24__Saline",3.79373958210815,0.789723640809176,2.24588124612216,5.34159791809414,3.79486170186332,-0.00112211975517074,-0.0295694505710119,-40.8178367865314,40.7586978853893,"No meaningful change"
"SPEI_36","Saline",-0.104876268444114,"7","US-A03","SPEI_36__Saline",3.78397708389496,0.790168723066883,2.23524638668387,5.33270778110605,3.78973207975865,-0.00575499586369821,-0.15185759158111,-41.0183532861717,40.7146381030095,"No meaningful change"
"SPEI_48","Saline",-0.104876268444114,"7","US-A03","SPEI_48__Saline",3.79595470861535,0.789677720248595,2.2481863769281,5.34372304030259,3.79598202691605,-2.73183006997968e-05,-0.000719663594455711,-40.7745779356447,40.7731386084557,"No meaningful change"
"SPEI_1","Upland",-0.0706368565204034,"7","US-A03","SPEI_1__Upland",5.49313372094211,0.570340811086553,4.37526573121246,6.61100171067175,5.48919319302184,0.00394052792027022,0.0717870146250206,-20.2930999627679,20.436673992018,"No meaningful change"
"SPEI_3","Upland",-0.0706368565204034,"7","US-A03","SPEI_3__Upland",5.33816864185456,0.57333583859698,4.21443039820448,6.46190688550464,5.38809641457018,-0.0499277727156215,-0.92663101908514,-21.7825726576076,19.9293106194374,"No meaningful change"
"SPEI_6","Upland",-0.0706368565204034,"7","US-A03","SPEI_6__Upland",5.44511189355479,0.571419346679017,4.32512997406392,6.56509381304567,5.44677574908028,-0.0016638555254902,-0.030547531276116,-20.5928392628567,20.5317442003045,"No meaningful change"
"SPEI_12","Upland",-0.0706368565204034,"7","US-A03","SPEI_12__Upland",5.51004079415368,0.569454744048656,4.39390949581831,6.62617209248904,5.4960425846593,0.0139982094943809,0.254696161442655,-20.0532123225771,20.5626046454625,"No meaningful change"
"SPEI_24","Upland",-0.0706368565204034,"7","US-A03","SPEI_24__Upland",5.51335728501839,0.569447057167226,4.39724105297063,6.62947351706615,5.49325156310849,0.0201057219099035,0.366007667388277,-19.9519446278127,20.6839599625892,"No meaningful change"
"SPEI_36","Upland",-0.0706368565204034,"7","US-A03","SPEI_36__Upland",5.52074741844476,0.569481058319182,4.40456454413917,6.63693029275036,5.50528577568923,0.0154616427555361,0.280850865613791,-19.9938981625755,20.5555998938031,"No meaningful change"
"SPEI_48","Upland",-0.0706368565204034,"7","US-A03","SPEI_48__Upland",5.51767030383157,0.569515422036919,4.40142007663921,6.63392053102393,5.50702674358798,0.0106435602435928,0.193272354378621,-20.076290136707,20.4628348454642,"No meaningful change"
"SPEI_1","Freshwater",-0.0706368565204034,"7","US-A03","SPEI_1__Freshwater",4.21958310513075,0.68448627074686,2.8779900144669,5.56117619579459,4.21954140936123,4.16957695215103e-05,0.000988158794436915,-31.7937724682127,31.7957487858016,"No meaningful change"
"SPEI_3","Freshwater",-0.0706368565204034,"7","US-A03","SPEI_3__Freshwater",4.21951834405082,0.68448645903249,2.87792488434714,5.5611118037545,4.21951351065009,4.8334007294315e-06,0.00011454876770111,-31.7948650458582,31.7950941433936,"No meaningful change"
"SPEI_6","Freshwater",-0.0706368565204034,"7","US-A03","SPEI_6__Freshwater",4.21963081224836,0.684488619704135,2.87803311762826,5.56122850686847,4.21959154835205,3.92638963129244e-05,0.000930514147234435,-31.7935614229708,31.7954224512653,"No meaningful change"
"SPEI_12","Freshwater",-0.0706368565204034,"7","US-A03","SPEI_12__Freshwater",4.21959087117832,0.684488324491648,2.87799375517469,5.56118798718195,4.21957016391976,2.07072585585166e-05,0.000490743316359045,-31.7941486129672,31.7951300995999,"No meaningful change"
"SPEI_24","Freshwater",-0.0706368565204034,"7","US-A03","SPEI_24__Freshwater",4.22085254232518,0.684531929552344,2.87916996040258,5.56253512424777,4.22053295499704,0.000319587328137416,0.00757220312091226,-31.7818391396827,31.7969835459245,"No meaningful change"
"SPEI_36","Freshwater",-0.0706368565204034,"7","US-A03","SPEI_36__Freshwater",4.21977544517324,0.684494506313014,2.87816621279973,5.56138467754675,4.21970971318329,6.5731989951523e-05,0.00155773724780551,-31.7923172817382,31.7954327562338,"No meaningful change"
"SPEI_48","Freshwater",-0.0706368565204034,"7","US-A03","SPEI_48__Freshwater",4.21970342373752,0.684492652997846,2.87809782386175,5.5613090236133,4.21964494790908,5.84758284452036e-05,0.00138579973355767,-31.7928911225599,31.795662722027,"No meaningful change"
"SPEI_1","Saline",-0.0706368565204034,"7","US-A03","SPEI_1__Saline",3.79564141043755,0.789682650126285,2.24786341619003,5.34341940468507,3.79571448215135,-7.30717138051062e-05,-0.00192511091518376,-40.7789119344937,40.7750617126633,"No meaningful change"
"SPEI_3","Saline",-0.0706368565204034,"7","US-A03","SPEI_3__Saline",3.79577274405904,0.789677972101642,2.24800391873982,5.34354156937826,3.79581271083288,-3.99667738335552e-05,-0.00105291743503292,-40.7767429535118,40.7746371186418,"No meaningful change"
"SPEI_6","Saline",-0.0706368565204034,"7","US-A03","SPEI_6__Saline",3.68358013836798,0.792894233891072,2.12950743994148,5.23765283679448,3.72785187663226,-0.0442717382642783,-1.18759381352548,-42.8757496162837,40.5005619892328,"No meaningful change"
"SPEI_12","Saline",-0.0706368565204034,"7","US-A03","SPEI_12__Saline",3.79588550583637,0.789675365953438,2.24812178856764,5.34364922310511,3.79590600007587,-2.04942394979035e-05,-0.000539903767308618,-40.7750932577704,40.7740134502357,"No meaningful change"
"SPEI_24","Saline",-0.0706368565204034,"7","US-A03","SPEI_24__Saline",3.79407188192552,0.789716085009813,2.24622835530629,5.34191540854476,3.79486170186332,-0.000789819937796477,-0.0208128780400262,-40.8086899661359,40.7670642100558,"No meaningful change"
"SPEI_36","Saline",-0.0706368565204034,"7","US-A03","SPEI_36__Saline",3.7853099916826,0.790143464269034,2.2366288017153,5.33399118164991,3.78973207975865,-0.00442208807605216,-0.116686034341873,-40.9818753768542,40.7485033081705,"No meaningful change"
"SPEI_48","Saline",-0.0706368565204034,"7","US-A03","SPEI_48__Saline",3.79597148180079,0.789677513640411,2.24820355506558,5.34373940853599,3.79598202691605,-1.05451152592195e-05,-0.000277796764696135,-40.7741254009024,40.773569807373,"No meaningful change"
"SPEI_1","Upland",-0.0363974445966928,"7","US-A03","SPEI_1__Upland",5.48744310429352,0.570318214379034,4.36961940411062,6.60526680447643,5.48919319302184,-0.00175008872831306,-0.0318824400375973,-20.3959625675861,20.3321976875109,"No meaningful change"
"SPEI_3","Upland",-0.0363974445966928,"7","US-A03","SPEI_3__Upland",5.32168888890368,0.573342592642532,4.19793740732432,6.44544037048304,5.38809641457018,-0.0664075256664978,-1.2324858457789,-22.0886731727276,19.6237014811698,"No meaningful change"
"SPEI_6","Upland",-0.0363974445966928,"7","US-A03","SPEI_6__Upland",5.4353091917502,0.57142507759612,4.31531603966181,6.5553023438386,5.44677574908028,-0.0114665573300794,-0.210520092221817,-20.773018048513,20.3519778640693,"No meaningful change"
"SPEI_12","Upland",-0.0363974445966928,"7","US-A03","SPEI_12__Upland",5.50304195828242,0.569441162080794,4.38693728060406,6.61914663596077,5.4960425846593,0.00699937362312042,0.127352972894665,-20.1800711506676,20.4347770964569,"No meaningful change"
"SPEI_24","Upland",-0.0363974445966928,"7","US-A03","SPEI_24__Upland",5.5033040585475,0.569434782642308,4.38721188456857,6.61939623252642,5.49325156310849,0.0100524954390115,0.182997179785502,-20.1345171586141,20.5005115181851,"No meaningful change"
"SPEI_36","Upland",-0.0363974445966928,"7","US-A03","SPEI_36__Upland",5.51301727214126,0.569455870492061,4.39688376597682,6.6291507783057,5.50528577568923,0.00773149645203564,0.14043769509981,-20.1334145923358,20.4142899825355,"No meaningful change"
"SPEI_48","Upland",-0.0363974445966928,"7","US-A03","SPEI_48__Upland",5.51235359636633,0.569480278125106,4.39617225124112,6.62853494149154,5.50702674358798,0.0053268527783521,0.0967282896266,-20.1715833982514,20.3650399775046,"No meaningful change"
"SPEI_1","Freshwater",-0.0363974445966928,"7","US-A03","SPEI_1__Freshwater",4.21956758261873,0.684485971216724,2.87797507903395,5.56116008620351,4.21954140936123,2.6173257499984e-05,0.000620286779077877,-31.7941264268899,31.7953670004481,"No meaningful change"
"SPEI_3","Freshwater",-0.0363974445966928,"7","US-A03","SPEI_3__Freshwater",4.21952144583119,0.684486121594921,2.87792864750514,5.56111424415723,4.21951351065009,7.93518109709623e-06,0.000188059146559616,-31.7947758612166,31.7951519795097,"No meaningful change"
"SPEI_6","Freshwater",-0.0363974445966928,"7","US-A03","SPEI_6__Freshwater",4.21961904129424,0.684487996026482,2.87802256908234,5.56121551350615,4.21959154835205,2.74929421930636e-05,0.000651554584798639,-31.7938114127103,31.7951145218799,"No meaningful change"
"SPEI_12","Freshwater",-0.0363974445966928,"7","US-A03","SPEI_12__Freshwater",4.21958280255078,0.684487808682625,2.87798669753283,5.56117890756872,4.21957016391976,1.26386310155269e-05,0.000299524134557493,-31.7943158727018,31.7949149209709,"No meaningful change"
"SPEI_24","Freshwater",-0.0363974445966928,"7","US-A03","SPEI_24__Freshwater",4.22078359384155,0.684529027018521,2.87910670088525,5.56246048679786,4.22053295499704,0.000250638844514484,0.00593855911533001,-31.7833379910838,31.7952151093145,"No meaningful change"
"SPEI_36","Freshwater",-0.0363974445966928,"7","US-A03","SPEI_36__Freshwater",4.21975586176781,0.684493604871066,2.87814839622052,5.5613633273151,4.21970971318329,4.61485845262288e-05,0.00109364358363445,-31.7927395046023,31.7949267917696,"No meaningful change"
"SPEI_48","Freshwater",-0.0363974445966928,"7","US-A03","SPEI_48__Freshwater",4.21968983451781,0.684491807633071,2.87808589155699,5.56129377747863,4.21964494790908,4.48866087294775e-05,0.00106375321344796,-31.7931739023886,31.7953014088155,"No meaningful change"
"SPEI_1","Saline",-0.0363974445966928,"7","US-A03","SPEI_1__Saline",3.79562438397817,0.789682519352637,2.24784664604701,5.34340212190934,3.79571448215135,-9.00981731781769e-05,-0.0023736815190354,-40.7793537523149,40.7746063892768,"No meaningful change"
"SPEI_3","Saline",-0.0363974445966928,"7","US-A03","SPEI_3__Saline",3.79576404692924,0.789677761567087,2.24799563425775,5.34353245960073,3.79581271083288,-4.86639036356706e-05,-0.00128204174818185,-40.7769612066951,40.7743971231988,"No meaningful change"
"SPEI_6","Saline",-0.0363974445966928,"7","US-A03","SPEI_6__Saline",3.686372186973,0.792822091460655,2.13244088771012,5.24030348623589,3.72785187663226,-0.04147968965925,-1.11269683002327,-42.7970595860539,40.5716659260073,"No meaningful change"
"SPEI_12","Saline",-0.0363974445966928,"7","US-A03","SPEI_12__Saline",3.79589259777704,0.7896751380095,2.24812932727842,5.34365586827566,3.79590600007587,-1.34022988320659e-05,-0.000353072463643673,-40.7748946566779,40.7741885117506,"No meaningful change"
"SPEI_24","Saline",-0.0363974445966928,"7","US-A03","SPEI_24__Saline",3.79440506818911,0.789709770589003,2.24657391783466,5.34223621854355,3.79486170186332,-0.000456633674214224,-0.0120329463914327,-40.7995839023181,40.7755180095352,"No meaningful change"
"SPEI_36","Saline",-0.0363974445966928,"7","US-A03","SPEI_36__Saline",3.78665392624415,0.790122045096055,2.23801471785588,5.33529313463242,3.78973207975865,-0.00307815351450813,-0.0812235126316412,-40.9453050834558,40.7828580581926,"No meaningful change"
"SPEI_48","Saline",-0.0363974445966928,"7","US-A03","SPEI_48__Saline",3.79598808098434,0.789677428774545,2.24822032058623,5.34375584138245,3.79598202691605,6.05406829690125e-06,0.000159486221324913,-40.7736837359911,40.7740027084337,"No meaningful change"
"SPEI_1","Upland",-0.0021580326729822,"7","US-A03","SPEI_1__Upland",5.48180655880421,0.57030301048229,4.36401265825892,6.5996004593495,5.48919319302184,-0.00738663421762542,-0.134566847219291,-20.4981040964873,20.2289704020488,"No meaningful change"
"SPEI_3","Upland",-0.0021580326729822,"7","US-A03","SPEI_3__Upland",5.30580614467716,0.573366585284081,4.18200763752036,6.42960465183396,5.38809641457018,-0.0822902698930177,-1.52726053064851,-22.3843206255252,19.3297995642282,"No meaningful change"
"SPEI_6","Upland",-0.0021580326729822,"7","US-A03","SPEI_6__Upland",5.42566418147237,0.571437302712998,4.30564706815489,6.54568129478985,5.44677574908028,-0.0211115676079121,-0.387597517879764,-20.9505353900071,20.1753403542476,"No meaningful change"
"SPEI_12","Upland",-0.0021580326729822,"7","US-A03","SPEI_12__Upland",5.49604314565552,0.569438309270073,4.37994405948618,6.61214223182486,5.4960425846593,5.60996224585608e-07,1.02072757978891e-05,-20.3073121792834,20.307332593835,"No meaningful change"
"SPEI_24","Upland",-0.0021580326729822,"7","US-A03","SPEI_24__Upland",5.49325083924312,0.569433500196104,4.37716117885876,6.60934049962749,5.49325156310849,-7.2386536231761e-07,-1.31773568714555e-05,-20.3174817578928,20.317455403179,"No meaningful change"
"SPEI_36","Upland",-0.0021580326729822,"7","US-A03","SPEI_36__Upland",5.50528712395477,0.569441144414903,4.38918248090156,6.62139176700798,5.50528577568923,1.34826554809564e-06,2.44903825710455e-05,-20.2733035170719,20.273352497837,"No meaningful change"
"SPEI_48","Upland",-0.0021580326729822,"7","US-A03","SPEI_48__Upland",5.50703680562606,0.569455264476181,4.39090448725274,6.62316912399937,5.50702674358798,1.00620380791838e-05,0.000182712715003598,-20.2672387170586,20.2676041424887,"No meaningful change"
"SPEI_1","Freshwater",-0.0021580326729822,"7","US-A03","SPEI_1__Freshwater",4.21955198802839,0.684485763107072,2.87795989233853,5.56114408371825,4.21954140936123,1.05786671600328e-05,0.000250706561062857,-31.794486340301,31.7949877534232,"No meaningful change"
"SPEI_3","Freshwater",-0.0021580326729822,"7","US-A03","SPEI_3__Freshwater",4.21952447064145,0.684485847580723,2.87793220938324,5.56111673189967,4.21951351065009,1.0959991361581e-05,0.000259745379032864,-31.794691446791,31.7952109375491,"No meaningful change"
"SPEI_6","Freshwater",-0.0021580326729822,"7","US-A03","SPEI_6__Freshwater",4.21960716479737,0.684487453396317,2.87801175614059,5.56120257345415,4.21959154835205,1.56164453235519e-05,0.000370093767242729,-31.7940676683602,31.7948078558947,"No meaningful change"
"SPEI_12","Freshwater",-0.0021580326729822,"7","US-A03","SPEI_12__Freshwater",4.21957470322823,0.684487339984995,2.87797951685764,5.56116988959882,4.21957016391976,4.53930847132966e-06,0.00010757750896392,-31.7944860482152,31.7947012032331,"No meaningful change"
"SPEI_24","Freshwater",-0.0021580326729822,"7","US-A03","SPEI_24__Freshwater",4.22071334794258,0.684526351335252,2.87904169932549,5.56238499655968,4.22053295499704,0.00018039294554395,0.00427417455253768,-31.7848781178985,31.7934264670036,"No meaningful change"
"SPEI_36","Freshwater",-0.0021580326729822,"7","US-A03","SPEI_36__Freshwater",4.21973609016107,0.684492782983587,2.87813023551324,5.5613419448089,4.21970971318329,2.6376977781517e-05,0.000625089865758056,-31.7931698827212,31.7944200624527,"No meaningful change"
"SPEI_48","Freshwater",-0.0021580326729822,"7","US-A03","SPEI_48__Freshwater",4.21967600228259,0.684491051876293,2.87807354060506,5.56127846396013,4.21964494790908,3.10543735126956e-05,0.000735947547626813,-31.7934666036013,31.7949384986965,"No meaningful change"
"SPEI_1","Saline",-0.0021580326729822,"7","US-A03","SPEI_1__Saline",3.79560814513579,0.789682530548695,2.24783038526035,5.34338590501124,3.79571448215135,-0.000106337015558289,-0.00280150195854612,-40.7797821508873,40.7741791469702,"No meaningful change"
"SPEI_3","Saline",-0.0021580326729822,"7","US-A03","SPEI_3__Saline",3.7957557721264,0.789677637166434,2.24798760328019,5.34352394097261,3.79581271083288,-5.69387064728311e-05,-0.00150003993374946,-40.7771727813478,40.7741727014803,"No meaningful change"
"SPEI_6","Saline",-0.0021580326729822,"7","US-A03","SPEI_6__Saline",3.68944770735796,0.792755140457681,2.13564763206091,5.24324778265502,3.72785187663226,-0.0384041692742918,-1.03019568762979,-42.7110383476327,40.6506469723731,"No meaningful change"
"SPEI_12","Saline",-0.0021580326729822,"7","US-A03","SPEI_12__Saline",3.79589973593057,0.789674980249808,2.24813677464095,5.3436626972202,3.79590600007587,-6.26414529802943e-06,-0.000165023720237125,-40.7746984620796,40.7743684146391,"No meaningful change"
"SPEI_24","Saline",-0.0021580326729822,"7","US-A03","SPEI_24__Saline",3.79473914407545,0.789704697878906,2.24691793623279,5.3425603519181,3.79486170186332,-0.000122557787874733,-0.00322957191864346,-40.790518528527,40.7840593846897,"No meaningful change"
"SPEI_36","Saline",-0.0021580326729822,"7","US-A03","SPEI_36__Saline",3.78800951382519,0.790104461698793,2.23940476889556,5.33661425875483,3.78973207975865,-0.0017225659334601,-0.0454535016514887,-40.9086256821043,40.8177186788013,"No meaningful change"
"SPEI_48","Saline",-0.0021580326729822,"7","US-A03","SPEI_48__Saline",3.79600450867152,0.789677465575027,2.24823667614447,5.34377234119857,3.79598202691605,2.248175547237e-05,0.000592251367708259,-40.7732528709839,40.7744373737193,"No meaningful change"
"SPEI_1","Upland",0.0320813792507284,"7","US-A03","SPEI_1__Upland",5.47622523424977,0.570295216912638,4.358446609101,6.59400385939854,5.48919319302184,-0.0129679587720615,-0.236245260752474,-20.5995042287508,20.1270137072458,"No meaningful change"
"SPEI_3","Upland",0.0320813792507284,"7","US-A03","SPEI_3__Upland",5.29053251991822,0.573407473282927,4.16665387228369,6.41441116755276,5.38809641457018,-0.0975638946519544,-1.81073030519884,-22.6692777616885,19.0478171512908,"No meaningful change"
"SPEI_6","Upland",0.0320813792507284,"7","US-A03","SPEI_6__Upland",5.41617448682509,0.571456079784962,4.29612057044656,6.53622840320361,5.44677574908028,-0.030601262255197,-0.56182342848178,-21.1254369858722,20.0017901289086,"No meaningful change"
"SPEI_12","Upland",0.0320813792507284,"7","US-A03","SPEI_12__Upland",5.4890443421301,0.569446185268188,4.37292981900445,6.60515886525575,5.4960425846593,-0.00699824252919612,-0.127332392742549,-20.4349356533319,20.1802708678468,"No meaningful change"
"SPEI_24","Upland",0.0320813792507284,"7","US-A03","SPEI_24__Upland",5.48319762593926,0.56944320992179,4.36708893449255,6.59930631738596,5.49325156310849,-0.0100539371692303,-0.183023425265109,-20.5008384501997,20.1347915996695,"No meaningful change"
"SPEI_36","Upland",0.0320813792507284,"7","US-A03","SPEI_36__Upland",5.49755696778454,0.56943688109757,4.3814606808333,6.61365325473578,5.50528577568923,-0.00772880790468378,-0.140388859354284,-20.4135650835533,20.1327873648447,"No meaningful change"
"SPEI_48","Upland",0.0320813792507284,"7","US-A03","SPEI_48__Upland",5.50171992688825,0.569440382577812,4.38561677703574,6.61782307674076,5.50702674358798,-0.00530681669972388,-0.0963644621102085,-20.3632562318302,20.1705273076098,"No meaningful change"
"SPEI_1","Freshwater",0.0320813792507284,"7","US-A03","SPEI_1__Freshwater",4.21953632447348,0.684485646306479,2.87794445771278,5.56112819123418,4.21954140936123,-5.08488774286775e-06,-0.000120508065914147,-31.7948521294768,31.794611113345,"No meaningful change"
"SPEI_3","Freshwater",0.0320813792507284,"7","US-A03","SPEI_3__Freshwater",4.21952741833612,0.684485636931044,2.87793556995128,5.56111926672097,4.21951351065009,1.3907686031267e-05,0.000329604017054665,-31.7946118032958,31.7952710113299,"No meaningful change"
"SPEI_6","Freshwater",0.0320813792507284,"7","US-A03","SPEI_6__Freshwater",4.21959517621631,0.684486991722507,2.8780006724402,5.56118967999243,4.21959154835205,3.62786426233441e-06,8.59766690866386e-05,-31.7943303407129,31.7945022940511,"No meaningful change"
"SPEI_12","Freshwater",0.0320813792507284,"7","US-A03","SPEI_12__Freshwater",4.21956657252958,0.684486918366096,2.87797221253203,5.56116093252713,4.21957016391976,-3.5913901834661e-06,-8.51127020987817e-05,-31.7946591541319,31.7944889287277,"No meaningful change"
"SPEI_24","Freshwater",0.0320813792507284,"7","US-A03","SPEI_24__Freshwater",4.22064177103656,0.684523902249465,2.8789749226276,5.56230861944551,4.22053295499704,0.000108816039515069,0.00257825352095008,-31.7864603042859,31.7916168113278,"No meaningful change"
"SPEI_36","Freshwater",0.0320813792507284,"7","US-A03","SPEI_36__Freshwater",4.21971612596938,0.684492040503948,2.87811172658164,5.56132052535712,4.21970971318329,6.4127860950336e-06,0.000151972209723306,-31.7936085131686,31.7939124575881,"No meaningful change"
"SPEI_48","Freshwater",0.0320813792507284,"7","US-A03","SPEI_48__Freshwater",4.21966192792223,0.684490385590375,2.8780607721651,5.56126308367937,4.21964494790908,1.69800131537556e-05,0.000402403836421583,-31.7937691987276,31.7945740064004,"No meaningful change"
"SPEI_1","Saline",0.0320813792507284,"7","US-A03","SPEI_1__Saline",3.79559269694618,0.789682683856321,2.2478146365878,5.34337075730457,3.79571448215135,-0.000121785205168035,-0.00320849225463894,-40.7801970575572,40.7737800730479,"No meaningful change"
"SPEI_3","Saline",0.0320813792507284,"7","US-A03","SPEI_3__Saline",3.79574791790029,0.789677598994955,2.24797982387018,5.3435160119304,3.79581271083288,-6.4792932588098e-05,-0.00170695810157296,-40.777377728499,40.7739638122958,"No meaningful change"
"SPEI_6","Saline",0.0320813792507284,"7","US-A03","SPEI_6__Saline",3.69280937777701,0.792693651415157,2.13912982100331,5.24648893455072,3.72785187663226,-0.0350424988552422,-0.940018541908904,-42.6176282804509,40.7375911966331,"No meaningful change"
"SPEI_12","Saline",0.0320813792507284,"7","US-A03","SPEI_12__Saline",3.79590692275151,0.78967489271034,2.24814413303925,5.34366971246378,3.79590600007587,9.22675642112125e-07,2.43071256794473e-05,-40.7745046111703,40.7745532254216,"No meaningful change"
"SPEI_24","Saline",0.0320813792507284,"7","US-A03","SPEI_24__Saline",3.79507411270374,0.789700867616003,2.24726041217637,5.3428878132311,3.79486170186332,0.000212410840418009,0.00559732757359018,-40.7814938006057,40.7926884557528,"No meaningful change"
"SPEI_36","Saline",0.0320813792507284,"7","US-A03","SPEI_36__Saline",3.78937739890072,0.790090715805384,2.24079959592216,5.33795520187927,3.78973207975865,-0.000354680857938217,-0.00935899558263243,-40.8718202563579,40.8531022651926,"No meaningful change"
"SPEI_48","Saline",0.0320813792507284,"7","US-A03","SPEI_48__Saline",3.7960207679001,0.789677624054152,2.24825262475396,5.34378891104624,3.79598202691605,3.87409840518771e-05,0.00102057870077302,-40.7728327264895,40.7748738838911,"No meaningful change"
"SPEI_1","Upland",0.066320791174439,"7","US-A03","SPEI_1__Upland",5.47070014762049,0.57029485595071,4.3529222299571,6.58847806528389,5.48919319302184,-0.0184930454013417,-0.336899153501302,-20.7001452328044,20.0263469258018,"No meaningful change"
"SPEI_3","Upland",0.066320791174439,"7","US-A03","SPEI_3__Upland",5.27587887001361,0.573464440570248,4.15188856649592,6.3998691735313,5.38809641457018,-0.11221754455657,-2.08269369963607,-22.9433134257096,18.7779260264375,"No meaningful change"
"SPEI_6","Upland",0.066320791174439,"7","US-A03","SPEI_6__Upland",5.40683742006369,0.571481438251771,4.28673380109022,6.52694103903716,5.44677574908028,-0.0399383290165956,-0.733247169636814,-21.2977732410949,19.8312789018213,"No meaningful change"
"SPEI_12","Upland",0.066320791174439,"7","US-A03","SPEI_12__Upland",5.48204553305196,0.569464789273262,4.36589454607637,6.59819652002755,5.4960425846593,-0.0139970516073369,-0.254675093792138,-20.5629418108482,20.053591623264,"No meaningful change"
"SPEI_24","Upland",0.066320791174439,"7","US-A03","SPEI_24__Upland",5.47314441742429,0.569463911313919,4.35699515124901,6.58929368359957,5.49325156310849,-0.0201071456841992,-0.366033585995489,-20.6845872395566,19.9525200675656,"No meaningful change"
"SPEI_36","Upland",0.066320791174439,"7","US-A03","SPEI_36__Upland",5.48982679741637,0.569443081067524,4.37371835852402,6.60593523630871,5.50528577568923,-0.0154589782728589,-0.280802466987711,-20.5541994234358,19.9925944894603,"No meaningful change"
"SPEI_48","Upland",0.066320791174439,"7","US-A03","SPEI_48__Upland",5.49640295596549,0.569435633468065,4.38030911436808,6.61249679756289,5.50702674358798,-0.0106237876224897,-0.192913310887029,-20.4596360555498,20.0738094337758,"No meaningful change"
"SPEI_1","Freshwater",0.066320791174439,"7","US-A03","SPEI_1__Freshwater",4.21952059491079,0.684485620770344,2.87792877820091,5.56111241162066,4.21954140936123,-2.08144504387775e-05,-0.000493287028599833,-31.795223722272,31.7942371482148,"No meaningful change"
"SPEI_3","Freshwater",0.066320791174439,"7","US-A03","SPEI_3__Freshwater",4.21953028880579,0.684485489640396,2.87793872911062,5.56112184850097,4.21951351065009,1.67781557030011e-05,0.000397632467834334,-31.7945369330689,31.7953321980045,"No meaningful change"
"SPEI_6","Freshwater",0.066320791174439,"7","US-A03","SPEI_6__Freshwater",4.219583069087,0.684486610980256,2.8779893115657,5.5611768266083,4.21959154835205,-8.47926504921048e-06,-0.000200949901241556,-31.7945995818081,31.7941976820056,"No meaningful change"
"SPEI_12","Freshwater",0.066320791174439,"7","US-A03","SPEI_12__Freshwater",4.21955840975398,0.684486543832948,2.8779647838414,5.56115203566656,4.21957016391976,-1.17541657829179e-05,-0.000278563107764485,-31.7948352073871,31.7942780811715,"No meaningful change"
"SPEI_24","Freshwater",0.066320791174439,"7","US-A03","SPEI_24__Freshwater",4.22056883177773,0.684521679911812,2.87890633915058,5.56223132440488,4.22053295499704,3.58767806911686e-05,0.000850053324395705,-31.7880852999382,31.789785406587,"No meaningful change"
"SPEI_36","Freshwater",0.066320791174439,"7","US-A03","SPEI_36__Freshwater",4.21969596505395,0.68449137738738,2.87809286537469,5.56129906473322,4.21970971318329,-1.37481293318586e-05,-0.000325807467013821,-31.7940554919476,31.7934038770136,"No meaningful change"
"SPEI_48","Freshwater",0.066320791174439,"7","US-A03","SPEI_48__Freshwater",4.21964761315935,0.684489808726898,2.87804758805463,5.56124763826407,4.21964494790908,2.66525027026177e-06,6.31629035893755e-05,-31.7940816446948,31.7942079705019,"No meaningful change"
"SPEI_1","Saline",0.066320791174439,"7","US-A03","SPEI_1__Saline",3.7955780406879,0.789682979605741,2.24779940066065,5.34335668071516,3.79571448215135,-0.000136441463450154,-0.00359461872308218,-40.7805984556923,40.7734092182461,"No meaningful change"
"SPEI_3","Saline",0.066320791174439,"7","US-A03","SPEI_3__Saline",3.79574048163565,0.789677647243177,2.24797229303902,5.34350867023227,3.79581271083288,-7.22291972290456e-05,-0.00190286514987714,-40.7775761268851,40.7737703965853,"No meaningful change"
"SPEI_6","Saline",0.066320791174439,"7","US-A03","SPEI_6__Saline",3.69645925880696,0.792637858260168,2.14288905661703,5.25002946099689,3.72785187663226,-0.0313926178252957,-0.842110117681387,-42.5167864085598,40.8325661731971,"No meaningful change"
"SPEI_12","Saline",0.066320791174439,"7","US-A03","SPEI_12__Saline",3.79591416055033,0.789674875486051,2.24815140459767,5.34367691650299,3.79590600007587,8.16047445706403e-06,0.000214980941490672,-40.7743130479856,40.7747430098685,"No meaningful change"
"SPEI_24","Saline",0.066320791174439,"7","US-A03","SPEI_24__Saline",3.79540997613306,0.789698280983797,2.24760134540481,5.3432186068613,3.79486170186332,0.00054827426973425,0.0144478063446961,-40.7725097254212,40.8014053381106,"No meaningful change"
"SPEI_36","Saline",0.066320791174439,"7","US-A03","SPEI_36__Saline",3.79075822237549,0.790080815458859,2.24219982407613,5.33931662067485,3.78973207975865,0.00102614261683431,0.0270769171867068,-40.8348723105798,40.8890261449533,"No meaningful change"
"SPEI_48","Saline",0.066320791174439,"7","US-A03","SPEI_48__Saline",3.79603686215612,0.789677904318317,2.24826816969222,5.34380555462002,3.79598202691605,5.48352400739915e-05,0.00144456005547901,-40.7724232161666,40.7753123362775,"No meaningful change"
"SPEI_1","Upland",0.10056020309815,"7","US-A03","SPEI_1__Upland",5.46523222738312,0.57030195074755,4.34744040391792,6.58302405084832,5.48919319302184,-0.0239609656387136,-0.436511611017337,-20.8000110208431,19.9269877988084,"No meaningful change"
"SPEI_3","Upland",0.10056020309815,"7","US-A03","SPEI_3__Upland",5.26185515215785,0.573536177653297,4.13772424395738,6.38598606035831,5.38809641457018,-0.126241262412331,-2.342965914102,-23.2061951829891,18.5202633547851,"No meaningful change"
"SPEI_6","Upland",0.10056020309815,"7","US-A03","SPEI_6__Upland",5.39765011741415,0.571513370027644,4.27748391215997,6.51781632266833,5.44677574908028,-0.0491256316661328,-0.901921318762351,-21.4675964421292,19.6637538046045,"No meaningful change"
"SPEI_12","Upland",0.10056020309815,"7","US-A03","SPEI_12__Upland",5.47504670361856,0.569494119995021,4.35883822842832,6.5912551788088,5.4960425846593,-0.0209958810407365,-0.382018165203828,-20.6913308751496,19.9272945447419,"No meaningful change"
"SPEI_24","Upland",0.10056020309815,"7","US-A03","SPEI_24__Upland",5.46309121248824,0.569495603257719,4.34687983010311,6.57930259487337,5.49325156310849,-0.0301603506202435,-0.54904368157457,-20.8687281082148,19.7706407450657,"No meaningful change"
"SPEI_36","Upland",0.10056020309815,"7","US-A03","SPEI_36__Upland",5.4820966067285,0.569459744339969,4.36595550782216,6.59823770563484,5.50528577568923,-0.0231891689607275,-0.421216443715393,-20.6952066484583,19.8527737610275,"No meaningful change"
"SPEI_48","Upland",0.10056020309815,"7","US-A03","SPEI_48__Upland",5.49108588919741,0.569441017711361,4.37498149448314,6.60719028391168,5.50702674358798,-0.015940854390565,-0.2894639000823,-20.5563782747725,19.9774504746079,"No meaningful change"
"SPEI_1","Freshwater",0.10056020309815,"7","US-A03","SPEI_1__Freshwater",4.21950480223143,0.684485686509453,2.8779128566729,5.56109674778995,4.21954140936123,-3.6607129800359e-05,-0.000867561809421861,-31.7956010506703,31.7938659270515,"No meaningful change"
"SPEI_3","Freshwater",0.10056020309815,"7","US-A03","SPEI_3__Freshwater",4.21953308197152,0.684485405747923,2.87794168670559,5.56112447723745,4.21951351065009,1.95713214328208e-05,0.000463828860446177,-31.7944668397994,31.7953944975202,"No meaningful change"
"SPEI_6","Freshwater",0.10056020309815,"7","US-A03","SPEI_6__Freshwater",4.2195708371183,0.684486311200898,2.87797766716454,5.56116400707206,4.21959154835205,-2.07112337466953e-05,-0.000490835037215485,-31.7948755421949,31.7938938721204,"No meaningful change"
"SPEI_12","Freshwater",0.10056020309815,"7","US-A03","SPEI_12__Freshwater",4.21955021423056,0.684486216427064,2.87795723003352,5.56114319842761,4.21957016391976,-1.9949689197496e-05,-0.000472789607057126,-31.7950142258081,31.794068646594,"No meaningful change"
"SPEI_24","Freshwater",0.10056020309815,"7","US-A03","SPEI_24__Freshwater",4.22049450137921,0.6845196848123,2.87883591914711,5.56215308361132,4.22053295499704,-3.84536178259509e-05,-0.00091110810497102,-31.7897538096791,31.7879315934692,"No meaningful change"
"SPEI_36","Freshwater",0.10056020309815,"7","US-A03","SPEI_36__Freshwater",4.21967560363711,0.684490793676176,2.87807364803181,5.56127755924242,4.21970971318329,-3.41095461733332e-05,-0.00080833868895691,-31.7945109105472,31.7928942331693,"No meaningful change"
"SPEI_48","Freshwater",0.10056020309815,"7","US-A03","SPEI_48__Freshwater",4.21963306042104,0.684489321313104,2.87803399064735,5.56123213019472,4.21964494790908,-1.18874880437048e-05,-0.000281717731952667,-31.7944038852492,31.7938404497853,"No meaningful change"
"SPEI_1","Saline",0.10056020309815,"7","US-A03","SPEI_1__Saline",3.79556417641905,0.789683418274992,2.24778467660007,5.34334367623803,3.79571448215135,-0.00015030573230268,-0.00395987983315039,-40.7809863684463,40.77306660878,"No meaningful change"
"SPEI_3","Saline",0.10056020309815,"7","US-A03","SPEI_3__Saline",3.79573346015111,0.789677782177495,2.24796500708322,5.343501913219,3.79581271083288,-7.92506817628436e-05,-0.00208784489120525,-40.777768074074,40.7735923842916,"No meaningful change"
"SPEI_6","Saline",0.10056020309815,"7","US-A03","SPEI_6__Saline",3.70039888903416,0.792587944671819,2.14692651747739,5.25387126059092,3.72785187663226,-0.0274529875980982,-0.736429142214183,-42.4084811165586,40.9356228321302,"No meaningful change"
"SPEI_12","Saline",0.10056020309815,"7","US-A03","SPEI_12__Saline",3.79592145146821,0.789674928719419,2.24815859117815,5.34368431175827,3.79590600007587,1.5451392340271e-05,0.000407054135164627,-40.7741237234743,40.7749378317446,"No meaningful change"
"SPEI_24","Saline",0.10056020309815,"7","US-A03","SPEI_24__Saline",3.79574673475169,0.789696939527555,2.24794073327768,5.3435527362257,3.79486170186332,0.000885032888367832,0.0233218746267689,-40.7635663725528,40.8102101218063,"No meaningful change"
"SPEI_36","Saline",0.10056020309815,"7","US-A03","SPEI_36__Saline",3.79215260213224,0.790074773529346,2.24360604601472,5.34069915824976,3.78973207975865,0.00242052237358337,0.0638705407833874,-40.7977662062696,40.9255072878364,"No meaningful change"
"SPEI_48","Saline",0.10056020309815,"7","US-A03","SPEI_48__Saline",3.79605279515274,0.789678306548156,2.24828331431835,5.34382227598712,3.79598202691605,7.07682366916096e-05,0.00186429324980507,-40.7720242515238,40.7757528380234,"No meaningful change"
"SPEI_1","Upland",0.13479961502186,"7","US-A03","SPEI_1__Upland",5.45982232911348,0.570316527476284,4.34200193525997,6.577642722967,5.48919319302184,-0.0293708639083503,-0.535067046750844,-20.8990869408685,19.8289528473668,"No meaningful change"
"SPEI_3","Upland",0.13479961502186,"7","US-A03","SPEI_3__Upland",5.24847050770476,0.573620931368676,4.12417348222215,6.37276753318736,5.38809641457018,-0.139625906865422,-2.59137729027738,-23.4576896012885,18.2749350207337,"No meaningful change"
"SPEI_6","Upland",0.13479961502186,"7","US-A03","SPEI_6__Upland",5.38860960961444,0.571551837702268,4.26836800771799,6.50885121151088,5.44677574908028,-0.058166139465845,-1.06790038998148,-21.6349597569033,19.4991589769404,"No meaningful change"
"SPEI_12","Upland",0.13479961502186,"7","US-A03","SPEI_12__Upland",5.46804783914516,0.569534175671298,4.35176085482942,6.58433482346091,5.4960425846593,-0.0279947455141309,-0.50936187416507,-20.8201030505809,19.8013793022508,"No meaningful change"
"SPEI_24","Upland",0.13479961502186,"7","US-A03","SPEI_24__Upland",5.45303800996219,0.56953828403418,4.3367429732552,6.56933304666918,5.49325156310849,-0.0402135531462946,-0.732053733281765,-21.0532610161194,19.5891535495558,"No meaningful change"
"SPEI_36","Upland",0.13479961502186,"7","US-A03","SPEI_36__Upland",5.4743663898835,0.569486870428452,4.35817212384373,6.59056065592326,5.50528577568923,-0.0309193858057286,-0.561630895570679,-20.8365868473355,19.7133250561942,"No meaningful change"
"SPEI_48","Upland",0.13479961502186,"7","US-A03","SPEI_48__Upland",5.48576872356713,0.569456535408492,4.36963391416649,6.60190353296777,5.50702674358798,-0.0212580200208468,-0.386016284478702,-20.6534829478683,19.8814503789109,"No meaningful change"
"SPEI_1","Freshwater",0.13479961502186,"7","US-A03","SPEI_1__Freshwater",4.21948894932136,0.684485843591882,2.87789669588127,5.56108120276145,4.21954140936123,-5.24600398685848e-05,-0.00124326401329301,-31.7959840494387,31.7934975214121,"No meaningful change"
"SPEI_3","Freshwater",0.13479961502186,"7","US-A03","SPEI_3__Freshwater",4.21953579778773,0.684485385339363,2.87794444252258,5.56112715305288,4.21951351065009,2.22871376402978e-05,0.000528192114660726,-31.7944015285501,31.7954579127794,"No meaningful change"
"SPEI_6","Freshwater",0.13479961502186,"7","US-A03","SPEI_6__Freshwater",4.21955847431206,0.684486092475208,2.87796573306065,5.56115121556346,4.21959154835205,-3.30740399929752e-05,-0.000783820889154359,-31.7951583682399,31.7935907264616,"No meaningful change"
"SPEI_12","Freshwater",0.13479961502186,"7","US-A03","SPEI_12__Freshwater",4.21954198536665,0.684485936227371,2.877949550361,5.5611344203723,4.21957016391976,-2.81785531113243e-05,-0.00066780624605488,-31.7951962271072,31.7938606146151,"No meaningful change"
"SPEI_24","Freshwater",0.13479961502186,"7","US-A03","SPEI_24__Freshwater",4.22041875447455,0.684517917802028,2.87876363558258,5.56207387336653,4.22053295499704,-0.000114200522487451,-0.00270583179198351,-31.7914664740582,31.7860548104742,"No meaningful change"
"SPEI_36","Freshwater",0.13479961502186,"7","US-A03","SPEI_36__Freshwater",4.2196550384835,0.684490289505987,2.87805407105176,5.56125600591523,4.21970971318329,-5.46746997880376e-05,-0.00129569812864667,-31.7949748519407,31.7923834556834,"No meaningful change"
"SPEI_48","Freshwater",0.13479961502186,"7","US-A03","SPEI_48__Freshwater",4.21961827289804,0.684488923457116,2.87801998292209,5.56121656287399,4.21964494790908,-2.6675011040922e-05,-0.000632162453718765,-31.7947358497968,31.7934715248894,"No meaningful change"
"SPEI_1","Saline",0.13479961502186,"7","US-A03","SPEI_1__Saline",3.79555110313264,0.789684000487184,2.24777046217776,5.34333174408752,3.79571448215135,-0.000163379018713439,-0.00430430211444244,-40.7813608545246,40.7727522502958,"No meaningful change"
"SPEI_3","Saline",0.13479961502186,"7","US-A03","SPEI_3__Saline",3.79572684981233,0.789678004139758,2.2479579616984,5.34349573792625,3.79581271083288,-8.586102054986e-05,-0.00226199307212448,-40.7779536834641,40.7734296973199,"No meaningful change"
"SPEI_6","Saline",0.13479961502186,"7","US-A03","SPEI_6__Saline",3.70462924117431,0.792544052275209,2.1512428987149,5.25801558363372,3.72785187663226,-0.0232226354579494,-0.622949522311192,-42.2926937575017,41.0467947128793,"No meaningful change"
"SPEI_12","Saline",0.13479961502186,"7","US-A03","SPEI_12__Saline",3.79592879741659,0.789675052600737,2.24816569431914,5.34369190051403,3.79590600007587,2.27973407138649e-05,0.000600577061534432,-40.7739365971074,40.7751377512304,"No meaningful change"
"SPEI_24","Saline",0.13479961502186,"7","US-A03","SPEI_24__Saline",3.79608438637984,0.789696845168946,2.24827856984871,5.34389020291098,3.79486170186332,0.00122268451652063,0.0322194749790297,-40.7546638986929,40.8191028486509,"No meaningful change"
"SPEI_36","Saline",0.13479961502186,"7","US-A03","SPEI_36__Saline",3.7935611115174,0.790072608157735,2.24501879952824,5.34210342350656,3.78973207975865,0.00382903175874372,0.101037004151163,-40.7604877527065,40.9625617610088,"No meaningful change"
"SPEI_48","Saline",0.13479961502186,"7","US-A03","SPEI_48__Saline",3.79606857070109,0.789678830997625,2.24829806194575,5.34383907945644,3.79598202691605,8.65437850436912e-05,0.00227987868304007,-40.7716357452746,40.7761955026407,"No meaningful change"
"SPEI_1","Upland",0.169039026945571,"7","US-A03","SPEI_1__Upland",5.45447123830717,0.570338621624099,4.33660753992394,6.57233493669041,5.48919319302184,-0.0347219547146622,-0.632551150846771,-20.9973599501494,19.7322576484559,"No meaningful change"
"SPEI_3","Upland",0.169039026945571,"7","US-A03","SPEI_3__Upland",5.23573320085973,0.57371660918306,4.11124864686094,6.36021775485853,5.38809641457018,-0.152363213710444,-2.82777444921796,-23.6975671826596,18.0420182842237,"No meaningful change"
"SPEI_6","Upland",0.169039026945571,"7","US-A03","SPEI_6__Upland",5.37971287397659,0.571596795247842,4.25938315529082,6.50004259266236,5.44677574908028,-0.0670628751036926,-1.23123987828977,-21.7999170241213,19.3374372675418,"No meaningful change"
"SPEI_12","Upland",0.169039026945571,"7","US-A03","SPEI_12__Upland",5.46104892535341,0.569584954119543,4.3446624152791,6.57743543542771,5.4960425846593,-0.034993659305889,-0.636706480469498,-20.9492585191017,19.6758455581627,"No meaningful change"
"SPEI_24","Upland",0.169039026945571,"7","US-A03","SPEI_24__Upland",5.44298480876482,0.56959195133598,4.3265845841463,6.55938503338334,5.49325156310849,-0.050266754343669,-0.915063760801524,-21.238185900629,19.408058379026,"No meaningful change"
"SPEI_36","Upland",0.169039026945571,"7","US-A03","SPEI_36__Upland",5.4666361415696,0.569524458382579,4.35036820313974,6.58290407999945,5.50528577568923,-0.0386496341196301,-0.702045919038442,-20.9783400827162,19.5742482446393,"No meaningful change"
"SPEI_48","Upland",0.169039026945571,"7","US-A03","SPEI_48__Upland",5.48045145692792,0.56948218622959,4.36426637191792,6.59663654193791,5.50702674358798,-0.0265752866600586,-0.482570503057773,-20.7509501020784,19.7858090959629,"No meaningful change"
"SPEI_1","Freshwater",0.169039026945571,"7","US-A03","SPEI_1__Freshwater",4.21947303912133,0.684486092152465,2.87788029850249,5.56106577974016,4.21954140936123,-6.83702399015829e-05,-0.00162032394681329,-31.7963726551469,31.7931320072533,"No meaningful change"
"SPEI_3","Freshwater",0.169039026945571,"7","US-A03","SPEI_3__Freshwater",4.21953843625136,0.684485428555249,2.87794699628307,5.56112987621964,4.21951351065009,2.49256012647692e-05,0.000590722157942064,-31.7943410059216,31.7955224502375,"No meaningful change"
"SPEI_6","Freshwater",0.169039026945571,"7","US-A03","SPEI_6__Freshwater",4.21954597513467,0.684485954964953,2.87795350340336,5.56113844686597,4.21959154835205,-4.55732173829659e-05,-0.0010800385975928,-31.7954481985979,31.7932881214027,"No meaningful change"
"SPEI_12","Freshwater",0.169039026945571,"7","US-A03","SPEI_12__Freshwater",4.21953372270965,0.684485703358322,2.87794174412734,5.56112570129196,4.21957016391976,-3.6441210111704e-05,-0.000863623750667816,-31.7953812277912,31.7936539802899,"No meaningful change"
"SPEI_24","Freshwater",0.169039026945571,"7","US-A03","SPEI_24__Freshwater",4.22034157057439,0.6845163801687,2.87868946544374,5.56199367570504,4.22053295499704,-0.000191384422651986,-0.00453460320515658,-31.7932238383445,31.7841546319342,"No meaningful change"
"SPEI_36","Freshwater",0.169039026945571,"7","US-A03","SPEI_36__Freshwater",4.21963426717549,0.684489865125449,2.87803413152961,5.56123440282137,4.21970971318329,-7.54460077940777e-05,-0.0017879430795528,-31.7954473849703,31.7918714988112,"No meaningful change"
"SPEI_48","Freshwater",0.169039026945571,"7","US-A03","SPEI_48__Freshwater",4.21960325473491,0.684488615364608,2.87800556862028,5.56120094084955,4.21964494790908,-4.16931741655802e-05,-0.000988073041222105,-31.7950774496704,31.793101303588,"No meaningful change"
"SPEI_1","Saline",0.169039026945571,"7","US-A03","SPEI_1__Saline",3.79553881872615,0.789684727027111,2.24775675375301,5.34332088369928,3.79571448215135,-0.000175663425207251,-0.00462794095902829,-40.7817220098438,40.7724661279257,"No meaningful change"
"SPEI_3","Saline",0.169039026945571,"7","US-A03","SPEI_3__Saline",3.79572064656592,0.789678313556802,2.24795115199458,5.34349014113725,3.79581271083288,-9.20642669597349e-05,-0.0024254164779256,-40.7781330838808,40.7732822509249,"No meaningful change"
"SPEI_6","Saline",0.169039026945571,"7","US-A03","SPEI_6__Saline",3.70915057993102,0.792506303973825,2.15583822414232,5.26246293571972,3.72785187663226,-0.0187012967012339,-0.501664157271416,-42.169423692609,41.1660953780661,"No meaningful change"
"SPEI_12","Saline",0.169039026945571,"7","US-A03","SPEI_12__Saline",3.79593619997692,0.789675247374707,2.24817271512249,5.34369968483135,3.79590600007587,3.01999010470233e-05,0.000795591383095885,-40.7737516398573,40.7753428226235,"No meaningful change"
"SPEI_24","Saline",0.169039026945571,"7","US-A03","SPEI_24__Saline",3.79642292492819,0.789698000278242,2.24861484438284,5.34423100547354,3.79486170186332,0.00156122306486894,0.0411404469391431,-40.7458025867256,40.8280834806039,"No meaningful change"
"SPEI_36","Saline",0.169039026945571,"7","US-A03","SPEI_36__Saline",3.79498425005832,0.790074344390714,2.24643853505252,5.34352996506412,3.78973207975865,0.00525217029966152,0.138589488362882,-40.7230250641998,41.0002040409256,"No meaningful change"
"SPEI_48","Saline",0.169039026945571,"7","US-A03","SPEI_48__Saline",3.79608419259821,0.789679478002956,2.24831241571241,5.343855969484,3.79598202691605,0.000102165682160482,0.0026914163827979,-40.7712576147522,40.7766404475178,"No meaningful change"
"SPEI_1","Upland",0.203278438869282,"7","US-A03","SPEI_1__Upland",5.4491796735721,0.570368286289746,4.3312578324442,6.5671015147,5.48919319302184,-0.0400135194497357,-0.72895083198389,-21.0948188533366,19.6369171893688,"No meaningful change"
"SPEI_3","Upland",0.203278438869282,"7","US-A03","SPEI_3__Upland",5.22365053548517,0.573820919475254,4.09896153331367,6.34833953765666,5.38809641457018,-0.164445879085013,-3.05202183539863,-23.9256090104569,17.8215653396597,"No meaningful change"
"SPEI_6","Upland",0.203278438869282,"7","US-A03","SPEI_6__Upland",5.37095690079679,0.571648215752977,4.25052639792095,6.49138740367262,5.44677574908028,-0.075818848283495,-1.39199504030063,-21.9625225320011,19.1785324513999,"No meaningful change"
"SPEI_12","Upland",0.203278438869282,"7","US-A03","SPEI_12__Upland",5.45404994874414,0.569646452804846,4.33754290124664,6.57055699624164,5.4960425846593,-0.0419926359151521,-0.764052229732774,-21.0787974359276,19.550692976462,"No meaningful change"
"SPEI_24","Upland",0.203278438869282,"7","US-A03","SPEI_24__Upland",5.43293160796227,0.56965660228879,4.31640466747624,6.54945854844829,5.49325156310849,-0.0603199551462188,-1.09807378113383,-21.4235026761873,19.2273551139196,"No meaningful change"
"SPEI_36","Upland",0.203278438869282,"7","US-A03","SPEI_36__Upland",5.45890585731087,0.569572506838499,4.34254374390742,6.57526797071433,5.50528577568923,-0.046379918378352,-0.842461595420912,-21.1204663873465,19.4355431965047,"No meaningful change"
"SPEI_48","Upland",0.203278438869282,"7","US-A03","SPEI_48__Upland",5.47513408829372,0.569517969457555,4.35887886815691,6.59138930843053,5.50702674358798,-0.0318926552942571,-0.579126573724939,-20.848779729786,19.6905265823361,"No meaningful change"
"SPEI_1","Freshwater",0.203278438869282,"7","US-A03","SPEI_1__Freshwater",4.21945707470387,0.684486432402607,2.87786366719476,5.56105048221298,4.21954140936123,-8.43346573606851e-05,-0.00199866879309645,-31.7967668047979,31.7927694672117,"No meaningful change"
"SPEI_3","Freshwater",0.203278438869282,"7","US-A03","SPEI_3__Freshwater",4.21954099741416,0.684485535599627,2.87794934763889,5.56113264718943,4.21951351065009,2.74867640692733e-05,0.000651420217043895,-31.7942852801651,31.7955881205992,"No meaningful change"
"SPEI_6","Freshwater",0.203278438869282,"7","US-A03","SPEI_6__Freshwater",4.21953333473862,0.684485898915674,2.8779409728639,5.56112569661334,4.21959154835205,-5.82136134257283e-05,-0.00137960304353305,-31.7957451595552,31.7929859534681,"No meaningful change"
"SPEI_12","Freshwater",0.203278438869282,"7","US-A03","SPEI_12__Freshwater",4.2195254260267,0.684485517999069,2.87793381074853,5.56111704130488,4.21957016391976,-4.47378930577003e-05,-0.00106024763944537,-31.7955692417003,31.7934487464214,"No meaningful change"
"SPEI_24","Freshwater",0.203278438869282,"7","US-A03","SPEI_24__Freshwater",4.2202629359424,0.684515073723203,2.87861339144492,5.56191248043988,4.22053295499704,-0.000270019054640969,-0.00639774780863328,-31.795026312099,31.7822308164817,"No meaningful change"
"SPEI_36","Freshwater",0.203278438869282,"7","US-A03","SPEI_36__Freshwater",4.21961328846744,0.684489520918529,2.87801382746712,5.56121274946776,4.21970971318329,-9.64247158448117e-05,-0.002285103061558,-31.7959285569909,31.7913583508678,"No meaningful change"
"SPEI_48","Freshwater",0.203278438869282,"7","US-A03","SPEI_48__Freshwater",4.21958801127331,0.684488397357608,2.8779907524524,5.56118527009422,4.21964494790908,-5.69366357705547e-05,-0.00134932290449622,-31.7954285732381,31.7927299274291,"No meaningful change"
"SPEI_1","Saline",0.203278438869282,"7","US-A03","SPEI_1__Saline",3.79552731995909,0.789685598856722,2.24774354619992,5.34331109371827,3.79571448215135,-0.000187162192258228,-0.00493088173882212,-40.782069969448,40.7722082059703,"No meaningful change"
"SPEI_3","Saline",0.203278438869282,"7","US-A03","SPEI_3__Saline",3.79571484598162,0.78967871094955,2.2479445725205,5.34348511944274,3.79581271083288,-9.78648512544034e-05,-0.00257823182305878,-40.7783064189365,40.7731499552904,"No meaningful change"
"SPEI_6","Saline",0.203278438869282,"7","US-A03","SPEI_6__Saline",3.71396227859462,0.792474835178272,2.16071160164521,5.26721295554403,3.72785187663226,-0.013889598037637,-0.372589858644944,-42.0386948529405,41.2935151356506,"No meaningful change"
"SPEI_12","Saline",0.203278438869282,"7","US-A03","SPEI_12__Saline",3.79594366027201,0.789675513346952,2.24817965411198,5.34370766643203,3.79590600007587,3.76601961349365e-05,0.00099212667895843,-40.7735688379258,40.7755530912837,"No meaningful change"
"SPEI_24","Saline",0.203278438869282,"7","US-A03","SPEI_24__Saline",3.79676233867633,0.789700407752324,2.24894953948177,5.34457513787088,3.79486170186332,0.00190063681300501,0.050084481657705,-40.7369828951208,40.8371518584362,"No meaningful change"
"SPEI_36","Saline",0.203278438869282,"7","US-A03","SPEI_36__Saline",3.796422405789,0.790080016117542,2.24786557419862,5.34497923737938,3.78973207975865,0.00669032603034836,0.17653823250678,-40.6853696543695,41.038446119383,"No meaningful change"
"SPEI_48","Saline",0.203278438869282,"7","US-A03","SPEI_48__Saline",3.79609966448351,0.789680247991319,2.24832637842052,5.34387295054649,3.79598202691605,0.000117637567461859,0.00309900222466097,-40.7708897861373,40.7770877905867,"No meaningful change"
"SPEI_1","Upland",0.237517850792992,"7","US-A03","SPEI_1__Upland",5.4439483002756,0.570405597977968,4.32595332823879,6.56194327231242,5.48919319302184,-0.045244892746231,-0.824253968757172,-21.1914542607431,19.5429463232288,"No meaningful change"
"SPEI_3","Upland",0.237517850792992,"7","US-A03","SPEI_3__Upland",5.21222891748186,0.573931494298936,4.08732318865595,6.33713464630777,5.38809641457018,-0.175867497088318,-3.26400055894968,-24.1416100572506,17.6136089393512,"No meaningful change"
"SPEI_6","Upland",0.237517850792992,"7","US-A03","SPEI_6__Upland",5.36233876054988,0.571706113330947,4.24179477842123,6.48288274267854,5.44677574908028,-0.084436988530399,-1.55021966058832,-22.1228305729775,19.0223912518009,"No meaningful change"
"SPEI_12","Upland",0.237517850792992,"7","US-A03","SPEI_12__Upland",5.44705089686576,0.569718668884549,4.33040230585205,6.56369948787948,5.4960425846593,-0.0489916877935324,-0.89139934851086,-21.2087199262396,19.4259212292178,"No meaningful change"
"SPEI_24","Upland",0.237517850792992,"7","US-A03","SPEI_24__Upland",5.42287840680724,0.569732233466162,4.30620322921356,6.53955358440092,5.49325156310849,-0.0703731563012466,-1.28108380788271,-21.6092112341421,19.0470436183767,"No meaningful change"
"SPEI_36","Upland",0.237517850792992,"7","US-A03","SPEI_36__Upland",5.45117553365845,0.56963101405295,4.33469874611467,6.56765232120223,5.50528577568923,-0.0541102420307755,-0.982877987364812,-21.2629657618093,19.2972097870797,"No meaningful change"
"SPEI_48","Upland",0.237517850792992,"7","US-A03","SPEI_48__Upland",5.46981661795652,0.569563884016212,4.35347140528474,6.58616183062829,5.50702674358798,-0.0372101256314608,-0.675684491178217,-20.9469717873871,19.5956028050307,"No meaningful change"
"SPEI_1","Freshwater",0.237517850792992,"7","US-A03","SPEI_1__Freshwater",4.21944105933268,0.684486864628864,2.8778468046601,5.56103531400525,4.21954140936123,-0.000100350028551688,-0.00237822120501193,-31.7971664343552,31.7924099919452,"No meaningful change"
"SPEI_3","Freshwater",0.237517850792992,"7","US-A03","SPEI_3__Freshwater",4.21954348138736,0.684485706739439,2.87795149617806,5.56113546659666,4.21951351065009,2.99707372644065e-05,0.000710288927592246,-31.7942343610447,31.7956549388999,"No meaningful change"
"SPEI_6","Freshwater",0.237517850792992,"7","US-A03","SPEI_6__Freshwater",4.21952054908576,0.684485924657134,2.87792813675778,5.56111296141374,4.21959154835205,-7.09992662866199e-05,-0.00168260992736011,-31.7960493621297,31.792684142275,"No meaningful change"
"SPEI_12","Freshwater",0.237517850792992,"7","US-A03","SPEI_12__Freshwater",4.21951709535294,0.684485380384583,2.87792574979916,5.56110844090673,4.21957016391976,-5.30685668174158e-05,-0.00125767707979331,-31.7957602789162,31.7932449247566,"No meaningful change"
"SPEI_24","Freshwater",0.237517850792992,"7","US-A03","SPEI_24__Freshwater",4.22018284448214,0.684514000808557,2.87853540289737,5.56183028606692,4.22053295499704,-0.000350110514895974,-0.00829541004961112,-31.796874148578,31.7802833284787,"No meaningful change"
"SPEI_36","Freshwater",0.237517850792992,"7","US-A03","SPEI_36__Freshwater",4.21959210246914,0.68448925740689,2.87799315795164,5.56119104698665,4.21970971318329,-0.000117610714141847,-0.00278717547262566,-31.7964183896308,31.7908440386855,"No meaningful change"
"SPEI_48","Freshwater",0.237517850792992,"7","US-A03","SPEI_48__Freshwater",4.2195725491135,0.684488269876147,2.87797554015626,5.56116955807075,4.21964494790908,-7.23987955755234e-05,-0.00171575562563382,-31.7957890845212,31.7923575732699,"No meaningful change"
"SPEI_1","Saline",0.237517850792992,"7","US-A03","SPEI_1__Saline",3.79551660258827,0.789686617104294,2.24773083306386,5.34330237211269,3.79571448215135,-0.000197879563079262,-0.0052132362433938,-40.7824049033878,40.7719784309011,"No meaningful change"
"SPEI_3","Saline",0.237517850792992,"7","US-A03","SPEI_3__Saline",3.79570944335566,0.789679196928181,2.24793821737643,5.3434806693349,3.79581271083288,-0.000103267477214342,-0.00272056302777074,-40.778473844059,40.7730327180034,"No meaningful change"
"SPEI_6","Saline",0.237517850792992,"7","US-A03","SPEI_6__Saline",3.71906276921976,0.792449817386088,2.16586112714303,5.27226441129649,3.72785187663226,-0.00878910741249239,-0.235768686722405,-41.9005583156466,41.4290209422018,"No meaningful change"
"SPEI_12","Saline",0.237517850792992,"7","US-A03","SPEI_12__Saline",3.79595117890467,0.789675850881515,2.2481865111769,5.34371584663243,3.79590600007587,4.51788287931798e-05,0.00119019882979918,-40.7733881942293,40.7757685918889,"No meaningful change"
"SPEI_24","Saline",0.237517850792992,"7","US-A03","SPEI_24__Saline",3.79710260937493,0.789704071014822,2.24928263018588,5.34492258856398,3.79486170186332,0.0022409075116121,0.0590510982392794,-40.7282054816001,40.8463076780786,"No meaningful change"
"SPEI_36","Saline",0.237517850792992,"7","US-A03","SPEI_36__Saline",3.79787583359825,0.790089666717974,2.24930008683102,5.34645158036548,3.78973207975865,0.00814375383959343,0.214889962356179,-40.6475170409866,41.077296965699,"No meaningful change"
"SPEI_48","Saline",0.237517850792992,"7","US-A03","SPEI_48__Saline",3.79611498971404,0.789681141475986,2.24833995242111,5.34389002700697,3.79598202691605,0.000132962797991354,0.00350272464538975,-40.7705321974953,40.777537646786,"No meaningful change"
"SPEI_1","Upland",0.271757262716703,"7","US-A03","SPEI_1__Upland",5.4387777501835,0.570450659101444,4.32069445834467,6.55686104202233,5.48919319302184,-0.0504154428383341,-0.918449051901197,-21.2872583199044,19.450360216102,"No meaningful change"
"SPEI_3","Upland",0.271757262716703,"7","US-A03","SPEI_3__Upland",5.20147404419279,0.574045975582894,4.07634393205031,6.32660415633526,5.38809641457018,-0.186622370377393,-3.46360488043123,-24.3453788052623,17.4181690443998,"No meaningful change"
"SPEI_6","Upland",0.271757262716703,"7","US-A03","SPEI_6__Upland",5.35385564909865,0.571770556020623,4.23318535929822,6.47452593889907,5.44677574908028,-0.0929200999816366,-1.70596522166947,-22.280895077918,18.868964634579,"No meaningful change"
"SPEI_12","Upland",0.271757262716703,"7","US-A03","SPEI_12__Upland",5.44005175838487,0.569801599222889,4.32324062390801,6.55686289286173,5.4960425846593,-0.0559908262744271,-1.0187480430139,-21.3390260844202,19.3015299983924,"No meaningful change"
"SPEI_24","Upland",0.271757262716703,"7","US-A03","SPEI_24__Upland",5.41282520474362,0.569818840895852,4.29598027658775,6.52967013289949,5.49325156310849,-0.0804263583648677,-1.46409385117176,-21.7953114428867,18.8671237405432,"No meaningful change"
"SPEI_36","Upland",0.271757262716703,"7","US-A03","SPEI_36__Upland",5.44344516819533,0.569699977916141,4.32683321147969,6.56005712491096,5.50528577568923,-0.0618406074938971,-1.12329513877334,-21.4058381748947,19.159247897348,"No meaningful change"
"SPEI_48","Upland",0.271757262716703,"7","US-A03","SPEI_48__Upland",5.4644990473872,0.569619928479384,4.3480439875676,6.58095410720679,5.50702674358798,-0.0425276962007795,-0.772244228708276,-21.0455261974135,19.5010377399969,"No meaningful change"
"SPEI_1","Freshwater",0.271757262716703,"7","US-A03","SPEI_1__Freshwater",4.21942499648364,0.684487389181892,2.87782971368714,5.56102027928015,4.21954140936123,-0.000116412877583016,-0.00275889880650892,-31.7975714777309,31.7920536801179,"No meaningful change"
"SPEI_3","Freshwater",0.271757262716703,"7","US-A03","SPEI_3__Freshwater",4.21954588833679,0.68448594229563,2.87795344143736,5.56113833523623,4.21951351065009,3.2377686699725e-05,0.000767332220124509,-31.7941882595381,31.7957229239784,"No meaningful change"
"SPEI_6","Freshwater",0.271757262716703,"7","US-A03","SPEI_6__Freshwater",4.21950761492844,0.684486032592184,2.87791499104775,5.56110023880912,4.21959154835205,-8.39334236131251e-05,-0.00198913621499467,-31.7963609019997,31.7923826295697,"No meaningful change"
"SPEI_12","Freshwater",0.271757262716703,"7","US-A03","SPEI_12__Freshwater",4.21950873099133,0.684485290798923,2.87791756102544,5.56109990095722,4.21957016391976,-6.14329284358561e-05,-0.00145590489195203,-31.795954345454,31.7930425356701,"No meaningful change"
"SPEI_24","Freshwater",0.271757262716703,"7","US-A03","SPEI_24__Freshwater",4.22010129731329,0.684513164233124,2.87845549541637,5.56174709921021,4.22053295499704,-0.000431657683750863,-0.0102275633990676,-31.7987674516716,31.7783123248735,"No meaningful change"
"SPEI_36","Freshwater",0.271757262716703,"7","US-A03","SPEI_36__Freshwater",4.21957071059269,0.684489075232707,2.87797212313658,5.56116929804879,4.21970971318329,-0.000139002590600512,-0.00329412684873175,-31.7969168792542,31.7903286255568,"No meaningful change"
"SPEI_48","Freshwater",0.271757262716703,"7","US-A03","SPEI_48__Freshwater",4.21955687596948,0.684488233463358,2.8779599383813,5.56115381355766,4.21964494790908,-8.80719395999208e-05,-0.002087188393506,-31.7961588259366,31.7919844491496,"No meaningful change"
"SPEI_1","Saline",0.271757262716703,"7","US-A03","SPEI_1__Saline",3.7955066616382,0.789687783033852,2.24771860689185,5.34329471638454,3.79571448215135,-0.000207820513156598,-0.00547513555442159,-40.7827270080158,40.7717767369069,"No meaningful change"
"SPEI_3","Saline",0.271757262716703,"7","US-A03","SPEI_3__Saline",3.79570443384153,0.789679772176526,2.24793208037554,5.34347678730752,3.79581271083288,-0.000108276991345413,-0.00285253777238274,-40.7786355222384,40.7729304466936,"No meaningful change"
"SPEI_6","Saline",0.271757262716703,"7","US-A03","SPEI_6__Saline",3.72444964605512,0.792431470842187,2.17128396320444,5.27761532890581,3.72785187663226,-0.00340223057713018,-0.0912651760242084,-41.7550901951078,41.5725598430594,"No meaningful change"
"SPEI_12","Saline",0.271757262716703,"7","US-A03","SPEI_12__Saline",3.79595875598602,0.789676260391114,2.24819328561944,5.3437242263526,3.79590600007587,5.27559101475283e-05,0.00138981076313465,-40.7732097271508,40.775989348677,"No meaningful change"
"SPEI_24","Saline",0.271757262716703,"7","US-A03","SPEI_24__Saline",3.79744371249449,0.789708993947702,2.249614084357,5.34527334063199,3.79486170186332,0.00258201063117225,0.0680396502962006,-40.7194711930501,40.8555504936424,"No meaningful change"
"SPEI_36","Saline",0.271757262716703,"7","US-A03","SPEI_36__Saline",3.79934465728578,0.79010334844207,2.25074209433933,5.34794722023224,3.78973207975865,0.0096125775271303,0.253647944625744,-40.6094666596414,41.1167625488929,"No meaningful change"
"SPEI_48","Saline",0.271757262716703,"7","US-A03","SPEI_48__Saline",3.7961301713012,0.789682159040998,2.24835313958084,5.34390720302155,3.79598202691605,0.000148144385148541,0.00390266297622324,-40.770184799651,40.7779901256034,"No meaningful change"
"SPEI_1","Upland",0.305996674640414,"7","US-A03","SPEI_1__Upland",5.43366863509822,0.570503602173058,4.31548157483903,6.55185569535741,5.48919319302184,-0.0555245579236159,-1.01152493583578,-21.3822246168143,19.3591747451427,"No meaningful change"
"SPEI_3","Upland",0.305996674640414,"7","US-A03","SPEI_3__Upland",5.19139101082186,0.574162121741504,4.06603325220851,6.31674876943521,5.38809641457018,-0.196705403748316,-3.65074023576113,-24.5367391494075,17.2352586778853,"No meaningful change"
"SPEI_6","Upland",0.305996674640414,"7","US-A03","SPEI_6__Upland",5.34550493332993,0.571841683674713,4.2246952333275,6.46631463333237,5.44677574908028,-0.101270815750351,-1.8592800661465,-22.4367694219675,18.7182092896745,"No meaningful change"
"SPEI_12","Upland",0.305996674640414,"7","US-A03","SPEI_12__Upland",5.43305252322127,0.569895240420716,4.31605785199667,6.55004719444588,5.4960425846593,-0.0629900614380228,-1.14609849664998,-21.469715972657,19.177518979357,"No meaningful change"
"SPEI_24","Upland",0.305996674640414,"7","US-A03","SPEI_24__Upland",5.40277200142272,0.569916420070809,4.28573581808393,6.5198081847615,5.49325156310849,-0.0904795616857665,-1.64710391734848,-21.9818031479565,18.6875953132595,"No meaningful change"
"SPEI_36","Upland",0.305996674640414,"7","US-A03","SPEI_36__Upland",5.43571475960722,0.569779395975969,4.31894714349432,6.55248237572012,5.50528577568923,-0.0695710160820076,-1.26371307351974,-21.5490835631759,19.0216574161364,"No meaningful change"
"SPEI_48","Upland",0.305996674640414,"7","US-A03","SPEI_48__Upland",5.45918137922749,0.569686101089606,4.34259662109186,6.57576613736312,5.50702674358798,-0.0478453643604846,-0.868805738344972,-21.1444428493451,19.4068313726552,"No meaningful change"
"SPEI_1","Freshwater",0.305996674640414,"7","US-A03","SPEI_1__Freshwater",4.21940888987547,0.684488006469225,2.87781239719579,5.56100538255515,4.21954140936123,-0.000132519485754656,-0.0031406134671568,-31.7979818657249,31.7917006387906,"No meaningful change"
"SPEI_3","Freshwater",0.305996674640414,"7","US-A03","SPEI_3__Freshwater",4.21954821848308,0.684486242637553,2.87795518291348,5.56114125405268,4.21951351065009,3.47078329889783e-05,0.000822555323057395,-31.7941469875735,31.7957920982197,"No meaningful change"
"SPEI_6","Freshwater",0.305996674640414,"7","US-A03","SPEI_6__Freshwater",4.21949452984635,0.684486223190307,2.87790153239335,5.56108752729935,4.21959154835205,-9.70185056976547e-05,-0.00229923926488916,-31.7966798583312,31.7920813798014,"No meaningful change"
"SPEI_12","Freshwater",0.305996674640414,"7","US-A03","SPEI_12__Freshwater",4.21950033352976,0.68448524957162,2.87790924436939,5.56109142269014,4.21957016391976,-6.98303900019681e-05,-0.00165491714296082,-31.7961514426873,31.7928416084014,"No meaningful change"
"SPEI_24","Freshwater",0.305996674640414,"7","US-A03","SPEI_24__Freshwater",4.22001830288701,0.684512567235394,2.87837367110564,5.56166293466838,4.22053295499704,-0.00051465211002899,-0.012194007617442,-31.8007061715347,31.7763181562999,"No meaningful change"
"SPEI_36","Freshwater",0.305996674640414,"7","US-A03","SPEI_36__Freshwater",4.21954911559203,0.684488975149473,2.87795072429906,5.56114750688499,4.21970971318329,-0.000160597591260192,-0.00380589192565665,-31.7974239955958,31.7898122117445,"No meaningful change"
"SPEI_48","Freshwater",0.305996674640414,"7","US-A03","SPEI_48__Freshwater",4.21954100061723,0.684488288757297,2.87794395465293,5.56113804658153,4.21964494790908,-0.00010394729184604,-0.00246341322858333,-31.7965376191423,31.7916107926851,"No meaningful change"
"SPEI_1","Saline",0.305996674640414,"7","US-A03","SPEI_1__Saline",3.79549749157654,0.789689098023026,2.24770685945141,5.34328812370167,3.79571448215135,-0.000216990574811948,-0.00571672542369313,-40.7830365002205,40.7716030493731,"No meaningful change"
"SPEI_3","Saline",0.305996674640414,"7","US-A03","SPEI_3__Saline",3.79569981254886,0.789680437440903,2.24792615516469,5.34347346993303,3.79581271083288,-0.000112898284015728,-0.00297428489275899,-40.7787916208476,40.7728430510621,"No meaningful change"
"SPEI_6","Saline",0.305996674640414,"7","US-A03","SPEI_6__Saline",3.73011969741785,0.792420083279962,2.17697633418912,5.28326306064657,3.72785187663226,0.00226782078559218,0.0608345197352887,-41.6023917732535,41.7240608127241,"No meaningful change"
"SPEI_12","Saline",0.305996674640414,"7","US-A03","SPEI_12__Saline",3.79596639112748,0.789676742330355,2.24819997615999,5.34373280609498,3.79590600007587,6.03910516110417e-05,0.0015909522419637,-40.7730334704007,40.7762153748846,"No meaningful change"
"SPEI_24","Saline",0.305996674640414,"7","US-A03","SPEI_24__Saline",3.79778561703496,0.789715180850663,2.24994386256766,5.34562737150226,3.79486170186332,0.00292391517164292,0.0770493209332832,-40.7107810684401,40.8648797103066,"No meaningful change"
"SPEI_36","Saline",0.305996674640414,"7","US-A03","SPEI_36__Saline",3.80082886277161,0.790121122344517,2.25219146297635,5.34946626256686,3.78973207975865,0.0110967830129511,0.292811807785046,-40.5712220395332,41.1568456551033,"No meaningful change"
"SPEI_48","Saline",0.305996674640414,"7","US-A03","SPEI_48__Saline",3.79614521183588,0.789683301330349,2.2483659412284,5.34392448244337,3.79598202691605,0.0001631849198378,0.00429888547102462,-40.7698475576021,40.7784453285441,"No meaningful change"
"SPEI_1","Upland",0.340236086564124,"7","US-A03","SPEI_1__Upland",5.42862155248267,0.570564601592866,4.31031493336065,6.54692817160469,5.48919319302184,-0.0605716405391634,-1.10347073621248,-21.4763484943441,19.2694070219191,"No meaningful change"
"SPEI_3","Upland",0.340236086564124,"7","US-A03","SPEI_3__Upland",5.18198415849831,0.574278024625921,4.0563992302315,6.30756908676512,5.38809641457018,-0.206112256071869,-3.82532605605408,-24.7155411090562,17.064888996948,"No meaningful change"
"SPEI_6","Upland",0.340236086564124,"7","US-A03","SPEI_6__Upland",5.33728427592673,0.57191974961991,4.2163215666717,6.45824698518175,5.44677574908028,-0.109491473153557,-2.01020710595704,-22.5905056329214,18.5700914210074,"No meaningful change"
"SPEI_12","Upland",0.340236086564124,"7","US-A03","SPEI_12__Upland",5.42605318324788,0.569999588913747,4.30885398897694,6.54325237751883,5.4960425846593,-0.0699894014114104,-1.27345085729078,-21.600789611712,19.0538878971305,"No meaningful change"
"SPEI_24","Upland",0.340236086564124,"7","US-A03","SPEI_24__Upland",5.3927187968115,0.570024965981145,4.27546986348846,6.50996773013455,5.49325156310849,-0.100532766296983,-1.83011400701434,-22.1686861711994,18.5084581571707,"No meaningful change"
"SPEI_36","Upland",0.340236086564124,"7","US-A03","SPEI_36__Upland",5.42798430824057,0.569869265511944,4.31104054783716,6.54492806864398,5.50528577568923,-0.0773014674486561,-1.40413178531097,-21.6927018235044,18.8844382528825,"No meaningful change"
"SPEI_48","Upland",0.340236086564124,"7","US-A03","SPEI_48__Upland",5.45386361778767,0.569762399819183,4.33712931414208,6.57059792143327,5.50702674358798,-0.0531631258003031,-0.9653689418197,-21.2437215927461,19.3129837091067,"No meaningful change"
"SPEI_1","Freshwater",0.340236086564124,"7","US-A03","SPEI_1__Freshwater",4.21939274360813,0.684488716958531,2.87779485836941,5.56099062884685,4.21954140936123,-0.000148665753095578,-0.00352326802068483,-31.7983975228942,31.7913509868529,"No meaningful change"
"SPEI_3","Freshwater",0.340236086564124,"7","US-A03","SPEI_3__Freshwater",4.21955047212633,0.684486608187408,2.87795672007901,5.56114422417365,4.21951351065009,3.69614762361081e-05,0.000875965348678634,-31.7941105576504,31.7958624883477,"No meaningful change"
"SPEI_6","Freshwater",0.340236086564124,"7","US-A03","SPEI_6__Freshwater",4.21948129264908,0.684486496997668,2.87788775853365,5.56107482676451,4.21959154835205,-0.000110255702965745,-0.0026129472889101,-31.7970062847053,31.7917803901275,"No meaningful change"
"SPEI_12","Freshwater",0.340236086564124,"7","US-A03","SPEI_12__Freshwater",4.21949190398385,0.684485257086153,2.87790080009499,5.56108300787271,4.21957016391976,-7.82599359085978e-05,-0.00185468976384785,-31.79635156436,31.7926421848323,"No meaningful change"
"SPEI_24","Freshwater",0.340236086564124,"7","US-A03","SPEI_24__Freshwater",4.21993388030369,0.684512213569535,2.87828994170741,5.56157781889998,4.22053295499704,-0.000599074693345969,-0.0141942901461455,-31.8026900299509,31.7743014496586,"No meaningful change"
"SPEI_36","Freshwater",0.340236086564124,"7","US-A03","SPEI_36__Freshwater",4.21952732218963,0.684488958043656,2.87792896442406,5.56112567995519,4.21970971318329,-0.000182390993659354,-0.00432235878903055,-31.7979396679163,31.7892949503382,"No meaningful change"
"SPEI_48","Freshwater",0.340236086564124,"7","US-A03","SPEI_48__Freshwater",4.21952493329501,0.684488436508107,2.87792759773912,5.5611222688509,4.21964494790908,-0.000120014614066299,-0.00284418749794978,-31.796925256349,31.7912368813531,"No meaningful change"
"SPEI_1","Saline",0.340236086564124,"7","US-A03","SPEI_1__Saline",3.79548908626286,0.789690563554053,2.24769558169692,5.3432825908288,3.79571448215135,-0.00022539588849213,-0.0059381676243567,-40.7833336183137,40.771457283065,"No meaningful change"
"SPEI_3","Saline",0.340236086564124,"7","US-A03","SPEI_3__Saline",3.79569557463272,0.789681193527028,2.24792043531974,5.34347071394569,3.79581271083288,-0.000117136200157741,-0.0030859320277696,-40.7789423091292,40.7727704450737,"No meaningful change"
"SPEI_6","Saline",0.340236086564124,"7","US-A03","SPEI_6__Saline",3.73606859049507,0.792416056250548,2.18293312024399,5.28920406074614,3.72785187663226,0.00821671386281331,0.220414172417073,-41.4426003906556,41.8834287354897,"No meaningful change"
"SPEI_12","Saline",0.340236086564124,"7","US-A03","SPEI_12__Saline",3.7959740832149,0.789677297195285,2.24820658071214,5.34374158571766,3.79590600007587,6.80831390300618e-05,0.0017935939148309,-40.7728594789437,40.7764466667734,"No meaningful change"
"SPEI_24","Saline",0.340236086564124,"7","US-A03","SPEI_24__Saline",3.7981282825149,0.789722636480526,2.25027191501307,5.34598465001674,3.79486170186332,0.0032665806515837,0.0860790434070303,-40.7021364201978,40.8742945070118,"No meaningful change"
"SPEI_36","Saline",0.340236086564124,"7","US-A03","SPEI_36__Saline",3.80232823059711,0.790143060180487,2.25364783264336,5.35100862855087,3.78973207975865,0.012596150838458,0.332375760960394,-40.5327926826194,41.1975442045402,"No meaningful change"
"SPEI_48","Saline",0.340236086564124,"7","US-A03","SPEI_48__Saline",3.79616011322307,0.789684569045702,2.24837835789349,5.34394186855264,3.79598202691605,0.000178086307021097,0.00469144231343421,-40.7695204573944,40.7789033420213,"No meaningful change"
"SPEI_1","Upland",0.374475498487835,"7","US-A03","SPEI_1__Upland",5.42363709355277,0.570633878792914,4.30519469111866,6.54207949598688,5.48919319302184,-0.0655560994690632,-1.19427568248831,-21.5696270885189,19.1810757235423,"No meaningful change"
"SPEI_3","Upland",0.374475498487835,"7","US-A03","SPEI_3__Upland",5.17325708284935,0.574392246028551,4.04744828063339,6.29906588506531,5.38809641457018,-0.214839331720826,-3.98729560851714,-24.8816656344806,16.9070744174463,"No meaningful change"
"SPEI_6","Upland",0.374475498487835,"7","US-A03","SPEI_6__Upland",5.32919169439798,0.572005143410685,4.20806161331304,6.45032177548292,5.44677574908028,-0.117584054682302,-2.15878273861664,-22.7421541262536,18.4245886490204,"No meaningful change"
"SPEI_12","Upland",0.374475498487835,"7","US-A03","SPEI_12__Upland",5.41905373256168,0.570114641012917,4.30162903617636,6.536478428947,5.4960425846593,-0.0769888520976156,-1.40080523234134,-21.7322469774309,18.9306365127482,"No meaningful change"
"SPEI_24","Upland",0.374475498487835,"7","US-A03","SPEI_24__Upland",5.38266559123063,0.570144473129279,4.26518242389725,6.50014875856402,5.49325156310849,-0.110585971877851,-2.01312411433191,-22.3559603106235,18.3297120819597,"No meaningful change"
"SPEI_36","Upland",0.374475498487835,"7","US-A03","SPEI_36__Upland",5.42025381629148,0.56996958356741,4.30311343249935,6.5373942000836,5.50528577568923,-0.0850319593977513,-1.54455123425642,-21.8366928107265,18.7475903422136,"No meaningful change"
"SPEI_48","Upland",0.374475498487835,"7","US-A03","SPEI_48__Upland",5.44854576917091,0.569848822393596,4.33164207727946,6.56544946106236,5.50702674358798,-0.0584809744170673,-1.06193372830736,-21.3433622358391,19.2194947792244,"No meaningful change"
"SPEI_1","Freshwater",0.374475498487835,"7","US-A03","SPEI_1__Freshwater",4.21937656221546,0.684489521161625,2.87777710073867,5.56097602369224,4.21954140936123,-0.000164847145771141,-0.00390675501857668,-31.7988183655645,31.7910048555274,"No meaningful change"
"SPEI_3","Freshwater",0.374475498487835,"7","US-A03","SPEI_3__Freshwater",4.2195526496539,0.684487039408358,2.87795805241351,5.56114724689428,4.21951351065009,3.91390038050332e-05,0.000927571477286327,-31.7940789821025,31.7959341250571,"No meaningful change"
"SPEI_6","Freshwater",0.374475498487835,"7","US-A03","SPEI_6__Freshwater",4.21946790350698,0.684486854624968,2.87787366844204,5.56106213857192,4.21959154835205,-0.000123644845067439,-0.00293025624993793,-31.7973402054521,31.7914796929522,"No meaningful change"
"SPEI_12","Freshwater",0.374475498487835,"7","US-A03","SPEI_12__Freshwater",4.21948344384443,0.684485313773221,2.87789222884892,5.56107465883994,4.21957016391976,-8.6720075329616e-05,-0.002055187423381,-31.7965546951468,31.7924443203,"No meaningful change"
"SPEI_24","Freshwater",0.374475498487835,"7","US-A03","SPEI_24__Freshwater",4.21984806026401,0.684512107450321,2.87820432966138,5.56149179086664,4.22053295499704,-0.000684894733032237,-0.0162276835730268,-31.8047184952404,31.7722631280944,"No meaningful change"
"SPEI_36","Freshwater",0.374475498487835,"7","US-A03","SPEI_36__Freshwater",4.21950533726468,0.684489024919527,2.87790684842241,5.56110382610696,4.21970971318329,-0.000204375918602118,-0.00484336441351885,-31.7984637798376,31.7887770510106,"No meaningful change"
"SPEI_48","Freshwater",0.374475498487835,"7","US-A03","SPEI_48__Freshwater",4.21950868577409,0.684488677563693,2.87791087774926,5.56110649379893,4.21964494790908,-0.0001362621349843,-0.00322923223793557,-31.7973214979777,31.7908630335018,"No meaningful change"
"SPEI_1","Saline",0.374475498487835,"7","US-A03","SPEI_1__Saline",3.79548143902987,0.789692181166847,2.24768476394285,5.34327811411689,3.79571448215135,-0.000233043121484311,-0.00613963780943359,-40.7836186174653,40.7713393418464,"No meaningful change"
"SPEI_3","Saline",0.374475498487835,"7","US-A03","SPEI_3__Saline",3.79569171537211,0.789682041275813,2.24791491447151,5.3434685162727,3.79581271083288,-0.000120995460769269,-0.00318760355124897,-40.7790877548783,40.7727125477758,"No meaningful change"
"SPEI_6","Saline",0.374475498487835,"7","US-A03","SPEI_6__Saline",3.74229080557115,0.792419929345486,2.189147744054,5.2954338670883,3.72785187663226,0.0144389289388962,0.387325715096286,-41.2758924844493,42.0505439146419,"No meaningful change"
"SPEI_12","Saline",0.374475498487835,"7","US-A03","SPEI_12__Saline",3.79598183034433,0.789677925508811,2.24821309634706,5.3437505643416,3.79590600007587,7.58302684586987e-05,0.00199768562385852,-40.7726878299377,40.7766832011854,"No meaningful change"
"SPEI_24","Saline",0.374475498487835,"7","US-A03","SPEI_24__Saline",3.798471658082,0.789731365955453,2.25059818080931,5.34634513535469,3.79486170186332,0.00360995621867977,0.0951274776866634,-40.6935388527007,40.883793808074,"No meaningful change"
"SPEI_36","Saline",0.374475498487835,"7","US-A03","SPEI_36__Saline",3.80384231406729,0.790169243831582,2.25511059615739,5.35257403197719,3.78973207975865,0.014110234308633,0.372328017170322,-40.4941946106913,41.2388506450319,"No meaningful change"
"SPEI_48","Saline",0.374475498487835,"7","US-A03","SPEI_48__Saline",3.79617487656891,0.789685962924148,2.24839038923758,5.34395936390024,3.79598202691605,0.000192849652861593,0.00508036264382076,-40.7692035079463,40.779364233234,"No meaningful change"
"SPEI_1","Upland",0.408714910411546,"7","US-A03","SPEI_1__Upland",5.41871585073801,0.570711696491968,4.30012092561375,6.53731077586226,5.48919319302184,-0.0704773422838283,-1.28392898201184,-21.662058987461,19.0942010234374,"No meaningful change"
"SPEI_3","Upland",0.408714910411546,"7","US-A03","SPEI_3__Upland",5.16521288402168,0.574503791554229,4.03918545257539,6.29124031546797,5.38809641457018,-0.222883530548498,-4.1365913561938,-25.0350190161249,16.7618363037373,"No meaningful change"
"SPEI_6","Upland",0.408714910411546,"7","US-A03","SPEI_6__Upland",5.32122548575025,0.572098379377067,4.1999126621712,6.4425383093293,5.44677574908028,-0.125550263330036,-2.30503823020868,-22.8917646760035,18.2816882155862,"No meaningful change"
"SPEI_12","Upland",0.408714910411546,"7","US-A03","SPEI_12__Upland",5.41205416694283,0.570240392849169,4.29438299695846,6.5297253369272,5.4960425846593,-0.0839884177164647,-1.528161698581,-21.8640880086144,18.8077646114524,"No meaningful change"
"SPEI_24","Upland",0.408714910411546,"7","US-A03","SPEI_24__Upland",5.37261238526415,0.570274935516133,4.25487351165253,6.49035125887577,5.49325156310849,-0.120639177844335,-2.19613422866927,-22.5436253415489,18.1513568842104,"No meaningful change"
"SPEI_36","Upland",0.408714910411546,"7","US-A03","SPEI_36__Upland",5.41252328732578,0.570080346912207,4.29516580737785,6.5298807672737,5.50528577568923,-0.092762488363447,-1.68497135558478,-21.98105634507,18.6111136339004,"No meaningful change"
"SPEI_48","Upland",0.408714910411546,"7","US-A03","SPEI_48__Upland",5.4432278407631,0.569945366255022,4.32613492290325,6.56032075862294,5.50702674358798,-0.0637989028248782,-1.15849996369023,-21.4433645534712,19.1263646260907,"No meaningful change"
"SPEI_1","Freshwater",0.408714910411546,"7","US-A03","SPEI_1__Freshwater",4.21936035055777,0.6844904196027,2.87775912813648,5.56096157297906,4.21954140936123,-0.000181058803457645,-0.00429095927476761,-31.7992443028987,31.7906623843491,"No meaningful change"
"SPEI_3","Freshwater",0.408714910411546,"7","US-A03","SPEI_3__Freshwater",4.21955475151744,0.684487536777962,2.87795917943263,5.56115032360225,4.21951351065009,4.12408673478026e-05,0.000977384412769631,-31.7940522724092,31.7960070412347,"No meaningful change"
"SPEI_6","Freshwater",0.408714910411546,"7","US-A03","SPEI_6__Freshwater",4.21945436359354,0.684487296712339,2.87785926203736,5.56104946514973,4.21959154835205,-0.000137184758504105,-0.00325113833725642,-31.7976816224949,31.7911793458204,"No meaningful change"
"SPEI_12","Freshwater",0.408714910411546,"7","US-A03","SPEI_12__Freshwater",4.21947495495337,0.684485420087095,2.87788353158266,5.56106637832407,4.21957016391976,-9.52089663943667e-05,-0.00225636647089007,-31.7967608124981,31.7922480795563,"No meaningful change"
"SPEI_24","Freshwater",0.408714910411546,"7","US-A03","SPEI_24__Freshwater",4.219760881888,0.684512253336718,2.87811686534804,5.56140489842797,4.22053295499704,-0.000772073109034821,-0.018293260999673,-31.8067908475778,31.7702043255784,"No meaningful change"
"SPEI_36","Freshwater",0.408714910411546,"7","US-A03","SPEI_36__Freshwater",4.21948316926934,0.684489176842118,2.87788438265879,5.56108195587989,4.21970971318329,-0.000226543913943722,-0.00536870849755256,-31.7989961805273,31.7882587635322,"No meaningful change"
"SPEI_48","Freshwater",0.408714910411546,"7","US-A03","SPEI_48__Freshwater",4.21949227089468,0.684489012820642,2.87789380576622,5.56109073602314,4.21964494790908,-0.000152677014399138,-0.00361824315277505,-31.7977260813785,31.790489595073,"No meaningful change"
"SPEI_1","Saline",0.408714910411546,"7","US-A03","SPEI_1__Saline",3.7954745429172,0.789693952392203,2.24767439622848,5.34327468960591,3.79571448215135,-0.000239939234158104,-0.006321319353349,-40.7838917600955,40.7712491213888,"No meaningful change"
"SPEI_3","Saline",0.408714910411546,"7","US-A03","SPEI_3__Saline",3.79568823018558,0.789682981526722,2.24790958639321,5.34346687397796,3.79581271083288,-0.00012448064729309,-0.00327942016047933,-40.7792281221385,40.7726692818176,"No meaningful change"
"SPEI_6","Saline",0.408714910411546,"7","US-A03","SPEI_6__Saline",3.74877998482878,0.79243236538768,2.19561254866893,5.30194742098863,3.72785187663226,0.0209281081965269,0.561398598686635,-41.1024734530909,42.2252706504642,"No meaningful change"
"SPEI_12","Saline",0.408714910411546,"7","US-A03","SPEI_12__Saline",3.79598963003928,0.789678627796537,2.24821951955807,5.34375974052049,3.79590600007587,8.36299634090487e-05,0.00220316212802364,-40.7725186157631,40.7769249400191,"No meaningful change"
"SPEI_24","Saline",0.408714910411546,"7","US-A03","SPEI_24__Saline",3.79881568533939,0.789741374540449,2.25092259124011,5.34670877943867,3.79486170186332,0.00395398347606957,0.104193084931873,-40.6849901767202,40.893376346584,"No meaningful change"
"SPEI_36","Saline",0.408714910411546,"7","US-A03","SPEI_36__Saline",3.80537049919515,0.790199761924077,2.25657896582396,5.35416203256634,3.78973207975865,0.0156384194364945,0.412652375085322,-40.4554486087136,41.2807533588843,"No meaningful change"
"SPEI_48","Saline",0.408714910411546,"7","US-A03","SPEI_48__Saline",3.7961895023652,0.789687483703627,2.24840203430609,5.34397697042431,3.79598202691605,0.000207475449153005,0.00546565941782299,-40.7688967344044,40.7798280532401,"No meaningful change"
"SPEI_1","Upland",0.442954322335257,"7","US-A03","SPEI_1__Upland",5.41385842021704,0.570798352432434,4.29509364944947,6.53262319098461,5.48919319302184,-0.0753347728047995,-1.37241977383068,-21.7536439615639,19.0088044139025,"No meaningful change"
"SPEI_3","Upland",0.442954322335257,"7","US-A03","SPEI_3__Upland",5.15785437471224,0.574612059167282,4.03161473874437,6.28409401068011,5.38809641457018,-0.23024203985794,-4.27316109703109,-25.1755271519955,16.6292049579333,"No meaningful change"
"SPEI_6","Upland",0.442954322335257,"7","US-A03","SPEI_6__Upland",5.31338413573563,0.572200081812193,4.19187197538373,6.43489629608752,5.44677574908028,-0.133391613344656,-2.44900138154539,-23.0393875479168,18.141384784826,"No meaningful change"
"SPEI_12","Upland",0.442954322335257,"7","US-A03","SPEI_12__Upland",5.40505448327252,0.570376840314767,4.28711587625557,6.52299309028946,5.4960425846593,-0.0909881013867775,-1.65552031275642,-21.9963126155192,18.6852719900064,"No meaningful change"
"SPEI_24","Upland",0.442954322335257,"7","US-A03","SPEI_24__Upland",5.36255917966507,0.570416346625789,4.24454314027853,6.48057521905162,5.49325156310849,-0.130692383443411,-2.37914433631828,-22.7316810177786,17.973392345142,"No meaningful change"
"SPEI_36","Upland",0.442954322335257,"7","US-A03","SPEI_36__Upland",5.40479272578355,0.570201552001999,4.28719768385964,6.52238776770747,5.50528577568923,-0.100493049905672,-1.82539206864499,-22.125792219698,18.4750080824081,"No meaningful change"
"SPEI_48","Upland",0.442954322335257,"7","US-A03","SPEI_48__Upland",5.437909840739,0.570052028524464,4.32060786483105,6.55521181664695,5.50702674358798,-0.0691169028489727,-1.25506749952591,-21.5437282947338,19.033593295682,"No meaningful change"
"SPEI_1","Freshwater",0.442954322335257,"7","US-A03","SPEI_1__Freshwater",4.2193441137059,0.684491412794272,2.87774094462912,5.56094728278267,4.21954140936123,-0.000197295655331331,-0.00467576061449764,-31.7996752385286,31.7903237172996,"No meaningful change"
"SPEI_3","Freshwater",0.442954322335257,"7","US-A03","SPEI_3__Freshwater",4.21955677820999,0.684488100767645,2.8779601007054,5.56115345571457,4.21951351065009,4.32675598984744e-05,0.00102541583974709,-31.7940304387838,31.7960812704633,"No meaningful change"
"SPEI_6","Freshwater",0.442954322335257,"7","US-A03","SPEI_6__Freshwater",4.21944067472118,0.684487823901213,2.8778445398748,5.56103680956756,4.21959154835205,-0.000150873630869519,-0.00357555059869343,-31.7980305226761,31.7908794214787,"No meaningful change"
"SPEI_12","Freshwater",0.442954322335257,"7","US-A03","SPEI_12__Freshwater",4.21946643937586,0.684485576486211,2.87787470946288,5.56105816928883,4.21957016391976,-0.000103724543905948,-0.00245817796307463,-31.796969888765,31.7920535328389,"No meaningful change"
"SPEI_24","Freshwater",0.442954322335257,"7","US-A03","SPEI_24__Freshwater",4.21967238956374,0.684512655753438,2.878027584287,5.56131719484048,4.22053295499704,-0.000860565433301375,-0.0203899707093266,-31.8089062453721,31.7681263039534,"No meaningful change"
"SPEI_36","Freshwater",0.442954322335257,"7","US-A03","SPEI_36__Freshwater",4.21946082764389,0.684489414890233,2.87786157445904,5.56106008082875,4.21970971318329,-0.000248885539391175,-0.00589816732211703,-31.7995366963757,31.7877403617314,"No meaningful change"
"SPEI_48","Freshwater",0.442954322335257,"7","US-A03","SPEI_48__Freshwater",4.21947570213446,0.684489443184138,2.87787639349355,5.56107501077537,4.21964494790908,-0.000169245774621629,-0.00401090083907401,-31.7981387291935,31.7901169275153,"No meaningful change"
"SPEI_1","Saline",0.442954322335257,"7","US-A03","SPEI_1__Saline",3.79546839083511,0.789695878705598,2.24766446857214,5.34327231309809,3.79571448215135,-0.000246091316238761,-0.0064833990384672,-40.7841533091762,40.7711865110993,"No meaningful change"
"SPEI_3","Saline",0.442954322335257,"7","US-A03","SPEI_3__Saline",3.79568511460972,0.789684015091869,2.24790444502965,5.34346578418978,3.79581271083288,-0.000127596223160609,-0.00336149944375447,-40.7793635704324,40.7726405715449,"No meaningful change"
"SPEI_6","Saline",0.442954322335257,"7","US-A03","SPEI_6__Saline",3.75552926098191,0.792454132250681,2.20231916177057,5.30873936019324,3.72785187663226,0.0276773843496541,0.742448607551914,-40.9225678848551,42.407465099959,"No meaningful change"
"SPEI_12","Saline",0.442954322335257,"7","US-A03","SPEI_12__Saline",3.79599747946576,0.789679404569279,2.24822584650998,5.34376911242155,3.79590600007587,9.14793898889599e-05,0.00240994876814999,-40.7723519374548,40.7771718349911,"No meaningful change"
"SPEI_24","Saline",0.442954322335257,"7","US-A03","SPEI_24__Saline",3.79916030117126,0.789752667482357,2.25124507290584,5.34707552943668,3.79486170186332,0.00429859930793697,0.113274201951189,-40.676492326441,40.9030407303434,"No meaningful change"
"SPEI_36","Saline",0.442954322335257,"7","US-A03","SPEI_36__Saline",3.80691206583145,0.790234707000696,2.25805204011009,5.35577209155281,3.78973207975865,0.0171799860727955,0.453329832062681,-40.4165784655181,41.3232381296435,"No meaningful change"
"SPEI_48","Saline",0.442954322335257,"7","US-A03","SPEI_48__Saline",3.79620399069766,0.789689132098404,2.24841329178479,5.34399468961053,3.79598202691605,0.000221963781612544,0.00584733489354462,-40.7686001713908,40.7802948411779,"No meaningful change"
"SPEI_1","Upland",0.477193734258967,"7","US-A03","SPEI_1__Upland",5.4090654053942,0.570894182788311,4.29011280712911,6.52801800365929,5.48919319302184,-0.0801277876276325,-1.45973706535772,-21.8443830218448,18.9249088911294,"No meaningful change"
"SPEI_3","Upland",0.477193734258967,"7","US-A03","SPEI_3__Upland",5.15118401980868,0.574716935025452,4.0247388271588,6.27762921245857,5.38809641457018,-0.236912394761497,-4.39695908411831,-25.3031401540007,16.5092219857641,"No meaningful change"
"SPEI_6","Upland",0.477193734258967,"7","US-A03","SPEI_6__Upland",5.30566638508137,0.572311000870131,4.18393682337591,6.42739594678682,5.44677574908028,-0.141109363998917,-2.59069531222659,-23.1850728555809,18.0036822311277,"No meaningful change"
"SPEI_12","Upland",0.477193734258967,"7","US-A03","SPEI_12__Upland",5.39805467988799,0.570523979092234,4.27982768086721,6.51628167890877,5.4960425846593,-0.0979879047713066,-1.78288110512122,-22.1289206744289,18.5631584641864,"No meaningful change"
"SPEI_24","Upland",0.477193734258967,"7","US-A03","SPEI_24__Upland",5.35250597540545,0.570568699436945,4.23419132450903,6.47082062630186,5.49325156310849,-0.14074558770304,-2.56215441958379,-22.9201270710963,17.7958182319288,"No meaningful change"
"SPEI_36","Upland",0.477193734258967,"7","US-A03","SPEI_36__Upland",5.39706213723279,0.570333195000548,4.27920907503171,6.51491519943386,5.50528577568923,-0.108223638456438,-1.96581327229809,-22.2709001968933,18.3392736522972,"No meaningful change"
"SPEI_48","Upland",0.477193734258967,"7","US-A03","SPEI_48__Upland",5.43259177825558,0.570168806017784,4.31506091846073,6.55012263805044,5.50702674358798,-0.0744349653323937,-1.35163616953669,-21.6444531800231,18.9411808409497,"No meaningful change"
"SPEI_1","Freshwater",0.477193734258967,"7","US-A03","SPEI_1__Freshwater",4.21932785700304,0.684492501226243,2.87772255459961,5.56093315940648,4.21954140936123,-0.000213552358182767,-0.00506103240766857,-31.8001110685805,31.7899890037652,"No meaningful change"
"SPEI_3","Freshwater",0.477193734258967,"7","US-A03","SPEI_3__Freshwater",4.21955873027912,0.68448873183495,2.87796081588262,5.56115664467562,4.21951351065009,4.52196290305906e-05,0.00107167873539108,-31.7940134895025,31.7961568469733,"No meaningful change"
"SPEI_6","Freshwater",0.477193734258967,"7","US-A03","SPEI_6__Freshwater",4.21942683952722,0.684488436827493,2.87782950334533,5.5610241757091,4.21959154835205,-0.000164708824832438,-0.00390343053219842,-31.7983868730314,31.790580011967,"No meaningful change"
"SPEI_12","Freshwater",0.477193734258967,"7","US-A03","SPEI_12__Freshwater",4.21945789946421,0.684485783429972,2.87786576394147,5.56105003498696,4.21957016391976,-0.000112264455551347,-0.0026605661522419,-31.7971818895392,31.7918607572348,"No meaningful change"
"SPEI_24","Freshwater",0.477193734258967,"7","US-A03","SPEI_24__Freshwater",4.21958263436009,0.684513319266986,2.8779365285968,5.56122874012338,4.22053295499704,-0.000950320636949442,-0.0225166026917117,-31.8110636906799,31.7660304852965,"No meaningful change"
"SPEI_36","Freshwater",0.477193734258967,"7","US-A03","SPEI_36__Freshwater",4.21943832308504,0.684489740149803,2.87783843239143,5.56103821377866,4.21970971318329,-0.000271390098241397,-0.00643148739339856,-31.8000851243288,31.787222149542,"No meaningful change"
"SPEI_48","Freshwater",0.477193734258967,"7","US-A03","SPEI_48__Freshwater",4.21945899373915,0.684489969561031,2.87785865339953,5.56105933407877,4.21964494790908,-0.000185954169926283,-0.0044068676919945,-31.7985591459402,31.7897454105562,"No meaningful change"
"SPEI_1","Saline",0.477193734258967,"7","US-A03","SPEI_1__Saline",3.79546297558737,0.789697961490887,2.24765497106523,5.3432709801095,3.79571448215135,-0.000251506563987647,-0.00662606645389979,-40.7844035257549,40.7711513928471,"No meaningful change"
"SPEI_3","Saline",0.477193734258967,"7","US-A03","SPEI_3__Saline",3.79568236436441,0.78968514273761,2.24789948459869,5.34346524413013,3.79581271083288,-0.000130346468467213,-0.00343395415941405,-40.7794942520897,40.7726263437709,"No meaningful change"
"SPEI_6","Saline",0.477193734258967,"7","US-A03","SPEI_6__Saline",3.76253113771056,0.792486119022407,2.20925834442665,5.31580393099448,3.72785187663226,0.0346792610783089,0.930274652158072,-40.7364236150259,42.5969729193421,"No meaningful change"
"SPEI_12","Saline",0.477193734258967,"7","US-A03","SPEI_12__Saline",3.79600537533764,0.789680256312247,2.24823207296563,5.34377867770964,3.79590600007587,9.93752617644006e-05,0.00261795897375789,-40.7721879066369,40.7774238245844,"No meaningful change"
"SPEI_24","Saline",0.477193734258967,"7","US-A03","SPEI_24__Saline",3.79950543649689,0.789765249940992,2.25156554661254,5.34744532638123,3.79486170186332,0.0046437346335666,0.122369008369566,-40.6680473887363,40.9127854054754,"No meaningful change"
"SPEI_36","Saline",0.477193734258967,"7","US-A03","SPEI_36__Saline",3.80846615752791,0.79027417510536,2.2595287743214,5.35740354073441,3.78973207975865,0.0187340777692535,0.49433778892482,-40.3776117475487,41.3662873253983,"No meaningful change"
"SPEI_48","Saline",0.477193734258967,"7","US-A03","SPEI_48__Saline",3.79621834111289,0.789690908782395,2.2484241598994,5.34401252232639,3.79598202691605,0.000236314196845111,0.00622537712690644,-40.7683138656461,40.7807646198999,"No meaningful change"
"SPEI_1","Upland",0.511433146182678,"7","US-A03","SPEI_1__Upland",5.4043374198149,0.570999565495217,4.28517827144427,6.52349656818552,5.48919319302184,-0.0848557732069395,-1.5458696792602,-21.9342784857377,18.8425391272173,"No meaningful change"
"SPEI_3","Upland",0.511433146182678,"7","US-A03","SPEI_3__Upland",5.14520384088896,0.574818898807333,4.01855879922658,6.27184888255133,5.38809641457018,-0.242892573681222,-4.50794779812043,-25.417837951826,16.4019423555851,"No meaningful change"
"SPEI_6","Upland",0.511433146182678,"7","US-A03","SPEI_6__Upland",5.29807131437212,0.572432029330004,4.17610453688531,6.42003809185893,5.44677574908028,-0.148704434708161,-2.7301369022448,-23.3288696052803,17.8685958007907,"No meaningful change"
"SPEI_12","Upland",0.511433146182678,"7","US-A03","SPEI_12__Upland",5.3910547570505,0.570681804684713,4.27251841986846,6.50959109423254,5.4960425846593,-0.104987827608793,-1.91024407092184,-22.2619120202228,18.4414238783791,"No meaningful change"
"SPEI_24","Upland",0.511433146182678,"7","US-A03","SPEI_24__Upland",5.34245277374195,0.570731986435345,4.22381808032867,6.46108746715523,5.49325156310849,-0.150798789366535,-2.74516445558888,-23.1089632105156,17.6186342993378,"No meaningful change"
"SPEI_36","Upland",0.511433146182678,"7","US-A03","SPEI_36__Upland",5.38933152870315,0.570475271802954,4.27119999596936,6.50746306143694,5.50528577568923,-0.115954246986072,-2.10623483885458,-22.4163800028231,18.2039103251139,"No meaningful change"
"SPEI_48","Upland",0.511433146182678,"7","US-A03","SPEI_48__Upland",5.42727366371003,0.57029569526129,4.30949410099791,6.54505322642216,5.50702674358798,-0.0797530798779418,-1.4482057849238,-21.7455388969084,18.8491273270608,"No meaningful change"
"SPEI_1","Freshwater",0.511433146182678,"7","US-A03","SPEI_1__Freshwater",4.21931158614398,0.684493685348789,2.87770396286035,5.5609192094276,4.21954140936123,-0.000229823217251734,-0.0054466396926894,-31.8005516790037,31.7896583996183,"No meaningful change"
"SPEI_3","Freshwater",0.511433146182678,"7","US-A03","SPEI_3__Freshwater",4.21956060834497,0.68448943041126,2.8779613247389,5.56115989195104,4.21951351065009,4.7097694880982e-05,0.00111618779658145,-31.7940014299065,31.7962338054997,"No meaningful change"
"SPEI_6","Freshwater",0.511433146182678,"7","US-A03","SPEI_6__Freshwater",4.21941286172125,0.684489136110262,2.87781415494514,5.56101156849736,4.21959154835205,-0.000178686630798452,-0.00423469022418149,-31.7987506144034,31.7902812339551,"No meaningful change"
"SPEI_12","Freshwater",0.511433146182678,"7","US-A03","SPEI_12__Freshwater",4.21944933794164,0.684486041373097,2.87785669685037,5.56104197903291,4.21957016391976,-0.000120825978125794,-0.00286346650089953,-31.7973967714051,31.7916698384033,"No meaningful change"
"SPEI_24","Freshwater",0.511433146182678,"7","US-A03","SPEI_24__Freshwater",4.21949167590964,0.684514248442155,2.87784374896302,5.56113960285627,4.22053295499704,-0.00104127908739837,-0.0246717440309408,-31.8132619825726,31.7639184945107,"No meaningful change"
"SPEI_36","Freshwater",0.511433146182678,"7","US-A03","SPEI_36__Freshwater",4.21941566790111,0.684490153701927,2.87781496664533,5.56101636915689,4.21970971318329,-0.000294045282173805,-0.00696837702496795,-31.8006412229159,31.786704468866,"No meaningful change"
"SPEI_48","Freshwater",0.511433146182678,"7","US-A03","SPEI_48__Freshwater",4.21944216089858,0.684490592847791,2.87784059891691,5.56104372288025,4.21964494790908,-0.000202787010501915,-0.00480578373311716,-31.7989870132809,31.7893754458147,"No meaningful change"
"SPEI_1","Saline",0.511433146182678,"7","US-A03","SPEI_1__Saline",3.79545828988472,0.789700201985812,2.24764589399253,5.34327068577691,3.79571448215135,-0.000256192266631761,-0.00674951363798456,-40.7846426657835,40.7711436385075,"No meaningful change"
"SPEI_3","Saline",0.511433146182678,"7","US-A03","SPEI_3__Saline",3.79567997543152,0.789686365156726,2.24789469972434,5.34346525113871,3.79581271083288,-0.000132735401352502,-0.00349689016461976,-40.7796203087399,40.7726265284107,"No meaningful change"
"SPEI_6","Saline",0.511433146182678,"7","US-A03","SPEI_6__Saline",3.76977732694287,0.792529352588927,2.21641979586857,5.32313485801716,3.72785187663226,0.0419254503106123,1.12465440414676,-40.5443169627521,42.7936257710456,"No meaningful change"
"SPEI_12","Saline",0.511433146182678,"7","US-A03","SPEI_12__Saline",3.79601331379077,0.789681183468569,2.24823819419238,5.34378843338917,3.79590600007587,0.000107313714900581,0.0028270909474164,-40.7720266479876,40.7776808298824,"No meaningful change"
"SPEI_24","Saline",0.511433146182678,"7","US-A03","SPEI_24__Saline",3.79985101462942,0.789779126878824,2.25188392594693,5.34781810331192,3.79486170186332,0.00498931276610337,0.13147548337937,-40.6596576407191,40.9226086074778,"No meaningful change"
"SPEI_36","Saline",0.511433146182678,"7","US-A03","SPEI_36__Saline",3.81003174175125,0.790318264873628,2.26100794259894,5.35905554090357,3.78973207975865,0.020299661992599,0.535649000123824,-40.3385808016557,41.4098788019034,"No meaningful change"
"SPEI_48","Saline",0.511433146182678,"7","US-A03","SPEI_48__Saline",3.7962325524467,0.78969281436399,2.24843463629328,5.34403046860012,3.79598202691605,0.000250525530653078,0.00659975544870037,-40.7680378792529,40.7812373901503,"No meaningful change"
"SPEI_1","Upland",0.545672558106388,"7","US-A03","SPEI_1__Upland",5.39967508543023,0.571114915965948,4.28028985013697,6.51906032072349,5.48919319302184,-0.0895181075916023,-1.63080628507305,-22.0233338557237,18.7617212855776,"No meaningful change"
"SPEI_3","Upland",0.545672558106388,"7","US-A03","SPEI_3__Upland",5.13991546070092,0.574919006169243,4.0130742086092,6.26675671279263,5.38809641457018,-0.248180953869261,-4.60609712176167,-25.51962882926,16.3074345857367,"No meaningful change"
"SPEI_6","Upland",0.545672558106388,"7","US-A03","SPEI_6__Upland",5.29059831254097,0.572564194594661,4.16837249113544,6.41282413394651,5.44677574908028,-0.15617743653931,-2.86733737047429,-23.4708259865612,17.7361512456126,"No meaningful change"
"SPEI_12","Upland",0.545672558106388,"7","US-A03","SPEI_12__Upland",5.38405471676232,0.57085031238041,4.26518810449671,6.50292132902792,5.4960425846593,-0.111987867896977,-2.03760917372731,-22.3952864484379,18.3200681009833,"No meaningful change"
"SPEI_24","Upland",0.545672558106388,"7","US-A03","SPEI_24__Upland",5.33239957618428,0.570906199606022,4.21342342495648,6.45137572741209,5.49325156310849,-0.160851986924202,-2.92817441685085,-23.2981891225783,17.4418402888766,"No meaningful change"
"SPEI_36","Upland",0.545672558106388,"7","US-A03","SPEI_36__Upland",5.38160090852035,0.570627778010656,4.26317046361947,6.50003135342124,5.50528577568923,-0.123684867168873,-2.24665661708339,-22.562231329658,18.0689180954912,"No meaningful change"
"SPEI_48","Upland",0.545672558106388,"7","US-A03","SPEI_48__Upland",5.42195550857185,0.570432692466295,4.30390743133791,6.54000358580579,5.50702674358798,-0.0850712350161285,-1.54477613741716,-21.8469851022768,18.7574328274425,"No meaningful change"
"SPEI_1","Freshwater",0.545672558106388,"7","US-A03","SPEI_1__Freshwater",4.21929530713199,0.684494965546826,2.87768517466021,5.56090543960377,4.21954140936123,-0.00024610222923549,-0.00583244019574027,-31.8009969454039,31.7893320650124,"No meaningful change"
"SPEI_3","Freshwater",0.545672558106388,"7","US-A03","SPEI_3__Freshwater",4.21956241309436,0.684490196881356,2.87796162720691,5.56116319898182,4.21951351065009,4.89024442718033e-05,0.0011589593006012,-31.7939942615919,31.7963121801931,"No meaningful change"
"SPEI_6","Freshwater",0.545672558106388,"7","US-A03","SPEI_6__Freshwater",4.21939874596864,0.684489922327077,2.87779849820757,5.56099899372971,4.21959154835205,-0.00019280238340702,-0.00456921911037382,-31.7991216630556,31.7899832248348,"No meaningful change"
"SPEI_12","Freshwater",0.545672558106388,"7","US-A03","SPEI_12__Freshwater",4.219440757859,0.684486350749604,2.87784751038978,5.56103400532823,4.21957016391976,-0.000129406060760395,-0.0030668067062116,-31.79761448222,31.7914808688076,"No meaningful change"
"SPEI_24","Freshwater",0.545672558106388,"7","US-A03","SPEI_24__Freshwater",4.21939958136934,0.684515447702335,2.87774930387277,5.56104985886592,4.22053295499704,-0.00113337362769528,-0.0268538035309826,-31.8154997352749,31.7617921282129,"No meaningful change"
"SPEI_36","Freshwater",0.545672558106388,"7","US-A03","SPEI_36__Freshwater",4.21939287581571,0.684490656585612,2.87779118890791,5.56099456272351,4.21970971318329,-0.000316837367575928,-0.00750851099036647,-31.8012047151711,31.7861876931904,"No meaningful change"
"SPEI_48","Freshwater",0.545672558106388,"7","US-A03","SPEI_48__Freshwater",4.21942521959538,0.684491313897551,2.87782224435618,5.56102819483458,4.21964494790908,-0.000219728313702205,-0.00520727019487944,-31.7994219920755,31.7890074516857,"No meaningful change"
"SPEI_1","Saline",0.545672558106388,"7","US-A03","SPEI_1__Saline",3.79545432638452,0.789702601222618,2.24763722798818,5.34327142478085,3.79571448215135,-0.000260155766835801,-0.00685393403690229,-40.7848709760103,40.7711631079365,"No meaningful change"
"SPEI_3","Saline",0.545672558106388,"7","US-A03","SPEI_3__Saline",3.7956779440421,0.789687682936344,2.24789008548686,5.34346580259733,3.79581271083288,-0.000134766790778507,-0.00355040675199531,-40.7797418699925,40.7726410564885,"No meaningful change"
"SPEI_6","Saline",0.545672558106388,"7","US-A03","SPEI_6__Saline",3.77725885612888,0.792584986456306,2.22379228267452,5.33072542958324,3.72785187663226,0.0494069794966232,1.32534717396705,-40.3465492656995,42.9972436136336,"No meaningful change"
"SPEI_12","Saline",0.545672558106388,"7","US-A03","SPEI_12__Saline",3.79602129045486,0.789682186418858,2.24824420507389,5.34379837583582,3.79590600007587,0.000115290378982724,0.00303722955680198,-40.7718682962919,40.7779427554055,"No meaningful change"
"SPEI_24","Saline",0.545672558106388,"7","US-A03","SPEI_24__Saline",3.80019695225177,0.789794302887808,2.25220011859166,5.34819378591187,3.79486170186332,0.00533525038844651,0.140591431456562,-40.6513255150825,40.9325083779956,"No meaningful change"
"SPEI_36","Saline",0.545672558106388,"7","US-A03","SPEI_36__Saline",3.81160763024511,0.790367074911336,2.26248816341889,5.36072709707133,3.78973207975865,0.0218755504864543,0.577232111032171,-40.2995220822319,41.4539863042962,"No meaningful change"
"SPEI_48","Saline",0.545672558106388,"7","US-A03","SPEI_48__Saline",3.79624662289596,0.789694849356613,2.24844471815699,5.34404852763492,3.79598202691605,0.000264595979908577,0.00697042235796732,-40.7677722862221,40.781713130938,"No meaningful change"
"SPEI_1","Upland",0.579911970030099,"7","US-A03","SPEI_1__Upland",5.39507903033914,0.571240684093935,4.27544728951503,6.51471077116325,5.48919319302184,-0.0941141626826987,-1.71453544033287,-22.1115537534695,18.6824828728037,"No meaningful change"
"SPEI_3","Upland",0.579911970030099,"7","US-A03","SPEI_3__Upland",5.13532007703519,0.575018892945743,4.00828304686153,6.26235710720884,5.38809641457018,-0.252776337534992,-4.69138482473047,-25.6085500619001,16.2257804124392,"No meaningful change"
"SPEI_6","Upland",0.579911970030099,"7","US-A03","SPEI_6__Upland",5.28324708703766,0.572708655001802,4.16073812323412,6.40575605084119,5.44677574908028,-0.163528662042627,-3.00230208798737,-23.6109890528046,17.6063848768298,"No meaningful change"
"SPEI_12","Upland",0.579911970030099,"7","US-A03","SPEI_12__Upland",5.37705456283021,0.571029497230501,4.25783674825843,6.49627237740199,5.4960425846593,-0.118988021829088,-2.16497634427379,-22.5290437133254,18.1990910247778,"No meaningful change"
"SPEI_24","Upland",0.579911970030099,"7","US-A03","SPEI_24__Upland",5.32234638449799,0.571091330429835,4.20300737685551,6.44168539214046,5.49325156310849,-0.170905178610497,-3.11118427122945,-23.4878044711802,17.2654359287213,"No meaningful change"
"SPEI_36","Upland",0.579911970030099,"7","US-A03","SPEI_36__Upland",5.37387028631735,0.570790708915788,4.2551204968424,6.49262007579229,5.50528577568923,-0.13141548937188,-2.38707843200796,-22.7084538348114,17.9342969707954,"No meaningful change"
"SPEI_48","Upland",0.579911970030099,"7","US-A03","SPEI_48__Upland",5.41663732535831,0.570579793511414,4.29830093007594,6.53497372064068,5.50702674358798,-0.0903894182296625,-1.64134699972006,-21.948791422148,18.6660974227079,"No meaningful change"
"SPEI_1","Freshwater",0.579911970030099,"7","US-A03","SPEI_1__Freshwater",4.21927902627514,0.684496342115425,2.87766619572891,5.56089185682138,4.21954140936123,-0.000262383086082174,-0.00621828442067345,-31.801446731991,31.7890101631497,"No meaningful change"
"SPEI_3","Freshwater",0.579911970030099,"7","US-A03","SPEI_3__Freshwater",4.21956414528519,0.684491031564237,2.87796172341929,5.56116656715109,4.21951351065009,5.06346350990228e-05,0.00120001120914107,-31.7939919814148,31.7963920038331,"No meaningful change"
"SPEI_6","Freshwater",0.579911970030099,"7","US-A03","SPEI_6__Freshwater",4.21938449790807,0.684490795992057,2.87778253776364,5.5609864580525,4.21959154835205,-0.000207050443980172,-0.00490688355987999,-31.7994999092377,31.7896861421179,"No meaningful change"
"SPEI_12","Freshwater",0.579911970030099,"7","US-A03","SPEI_12__Freshwater",4.2194321625959,0.684486711959245,2.87783820715578,5.56102611803603,4.21957016391976,-0.000138001323857218,-0.00327050667476095,-31.7978349604591,31.7912939471095,"No meaningful change"
"SPEI_24","Freshwater",0.579911970030099,"7","US-A03","SPEI_24__Freshwater",4.2193064254143,0.684516921212446,2.87765325983791,5.5609595909907,4.22053295499704,-0.0012265295827385,-0.0290610118631181,-31.8177753728753,31.759653349149,"No meaningful change"
"SPEI_36","Freshwater",0.579911970030099,"7","US-A03","SPEI_36__Freshwater",4.21936996196345,0.684491249766621,2.87776711242087,5.56097281150603,4.21970971318329,-0.000339751219834206,-0.00805153062479036,-31.8017752872879,31.7856722260384,"No meaningful change"
"SPEI_48","Freshwater",0.579911970030099,"7","US-A03","SPEI_48__Freshwater",4.2194081865557,0.684492133492039,2.8778036049113,5.5610127682001,4.21964494790908,-0.000236761353378689,-0.00561093068970197,-31.7998637222472,31.7886418608678,"No meaningful change"
"SPEI_1","Saline",0.579911970030099,"7","US-A03","SPEI_1__Saline",3.79545107771452,0.789705159964899,2.24762896418332,5.34327319124572,3.79571448215135,-0.000263404436833703,-0.00693952187585009,-40.7850886900904,40.7712096463387,"No meaningful change"
"SPEI_3","Saline",0.579911970030099,"7","US-A03","SPEI_3__Saline",3.79567626669481,0.789689096524453,2.24788563750689,5.34346689588274,3.79581271083288,-0.00013644413806313,-0.00359459616312817,-40.7798590512213,40.7726698588951,"No meaningful change"
"SPEI_6","Saline",0.579911970030099,"7","US-A03","SPEI_6__Saline",3.78496608120374,0.792654293596155,2.23136366575528,5.3385684966522,3.72785187663226,0.0571142045714859,1.53209425861316,-40.1434461561522,43.2076346733785,"No meaningful change"
"SPEI_12","Saline",0.579911970030099,"7","US-A03","SPEI_12__Saline",3.79602930045633,0.789683265460352,2.24825010015404,5.34380850075862,3.79590600007587,0.000123300380461266,0.00324824641228739,-40.7717129952874,40.778209488112,"No meaningful change"
"SPEI_24","Saline",0.579911970030099,"7","US-A03","SPEI_24__Saline",3.80054315951247,0.78981078202096,2.25251402675139,5.34857229227355,3.79486170186332,0.00568145764915018,0.149714484887829,-40.6430535888731,40.9424825586488,"No meaningful change"
"SPEI_36","Saline",0.579911970030099,"7","US-A03","SPEI_36__Saline",3.81319247810898,0.79042070140214,2.26396790336078,5.36241705285718,3.78973207975865,0.0234603983503252,0.619051633640003,-40.2604760517803,41.4985793190603,"No meaningful change"
"SPEI_48","Saline",0.579911970030099,"7","US-A03","SPEI_48__Saline",3.7962605500043,0.789697014148179,2.24845440227387,5.34406669773473,3.79598202691605,0.00027852308825338,0.00733731314528006,-40.7675171712925,40.7821917975831,"No meaningful change"
"SPEI_1","Upland",0.61415138195381,"7","US-A03","SPEI_1__Upland",5.39054988517097,0.571377352120221,4.27065027501533,6.5104494953266,5.48919319302184,-0.0986433078508693,-1.79704565647771,-22.1989439095636,18.6048525966082,"No meaningful change"
"SPEI_3","Upland",0.61415138195381,"7","US-A03","SPEI_3__Upland",5.13141835911375,0.575120800273146,4.00418159057839,6.25865512764912,5.38809641457018,-0.256678055456424,-4.76379848664791,-25.6846707540252,16.1570737807294,"No meaningful change"
"SPEI_6","Upland",0.61415138195381,"7","US-A03","SPEI_6__Upland",5.2760177152828,0.572866699676423,4.15319898391701,6.39883644664859,5.44677574908028,-0.170758033797483,-3.13502963338112,-23.7494037712439,17.4793445044817,"No meaningful change"
"SPEI_12","Upland",0.61415138195381,"7","US-A03","SPEI_12__Upland",5.37005430117792,0.571219354037512,4.25046436726439,6.48964423509144,5.4960425846593,-0.125988283481378,-2.29234547477926,-22.6631835217506,18.0784925721921,"No meaningful change"
"SPEI_24","Upland",0.61415138195381,"7","US-A03","SPEI_24__Upland",5.31229320074122,0.571287369883631,4.1925699557693,6.43201644571314,5.49325156310849,-0.180958362367264,-3.29419398125769,-23.6778088969069,17.0894209343916,"No meaningful change"
"SPEI_36","Upland",0.61415138195381,"7","US-A03","SPEI_36__Upland",5.36613967321924,0.57096405949287,4.24705011661321,6.48522922982526,5.50528577568923,-0.139146102469989,-2.52750008154788,-22.8550471372849,17.8000469741892,"No meaningful change"
"SPEI_48","Upland",0.61415138195381,"7","US-A03","SPEI_48__Upland",5.41131912774737,0.570736993930102,4.29267461964437,6.52996363585036,5.50702674358798,-0.0957076158406114,-1.73791812346012,-22.0509574491811,18.5751212022609,"No meaningful change"
"SPEI_1","Freshwater",0.61415138195381,"7","US-A03","SPEI_1__Freshwater",4.21926275021922,0.68449781523226,2.87764703236399,5.56087846807445,4.21954140936123,-0.000278659142009197,-0.0066040148673735,-31.8019008895182,31.7886928597835,"No meaningful change"
"SPEI_3","Freshwater",0.61415138195381,"7","US-A03","SPEI_3__Freshwater",4.21956580576166,0.684491934692128,2.87796161376509,5.56116999775823,4.21951351065009,5.22951115691228e-05,0.00123936352940047,-31.7939945801551,31.7964733072139,"No meaningful change"
"SPEI_6","Freshwater",0.61415138195381,"7","US-A03","SPEI_6__Freshwater",4.21937012430269,0.684491757533239,2.87776627953755,5.56097396906784,4.21959154835205,-0.000221424049354546,-0.00524752329265193,-31.7998852125521,31.7893901659668,"No meaningful change"
"SPEI_12","Freshwater",0.61415138195381,"7","US-A03","SPEI_12__Freshwater",4.21942355590494,0.684487125354171,2.87782879021077,5.56101832159912,4.21957016391976,-0.000146608014819805,-0.00347447747340249,-31.7980581335466,31.7911091785998,"No meaningful change"
"SPEI_24","Freshwater",0.61415138195381,"7","US-A03","SPEI_24__Freshwater",4.21921229124293,0.68451867276559,2.87755569262237,5.56086888986348,4.22053295499704,-0.00132066375411366,-0.0312913977498983,-31.8200871002466,31.7575043047468,"No meaningful change"
"SPEI_36","Freshwater",0.61415138195381,"7","US-A03","SPEI_36__Freshwater",4.21934694307253,0.684491934107373,2.87774275222208,5.56095113392298,4.21970971318329,-0.000362770110756472,-0.00859703949831192,-31.8023525828948,31.7851585038982,"No meaningful change"
"SPEI_48","Freshwater",0.61415138195381,"7","US-A03","SPEI_48__Freshwater",4.21939107929339,0.684493052313866,2.87778469675821,5.56099746182857,4.21964494790908,-0.000253868615685882,-0.0060163501626287,-31.8003118204479,31.7882791201227,"No meaningful change"
"SPEI_1","Saline",0.61415138195381,"7","US-A03","SPEI_1__Saline",3.79544853647974,0.789707878630785,2.2476210943634,5.34327597859608,3.79571448215135,-0.000265945671613643,-0.00700647197949698,-40.7852960244395,40.7712830804805,"No meaningful change"
"SPEI_3","Saline",0.61415138195381,"7","US-A03","SPEI_3__Saline",3.79567494020519,0.789690606189728,2.24788135207333,5.34346852833706,3.79581271083288,-0.000137770627684386,-0.00362954229251623,-40.7799719501941,40.7727128656091,"No meaningful change"
"SPEI_6","Saline",0.61415138195381,"7","US-A03","SPEI_6__Saline",3.79288860795279,0.792738662205444,2.23912083003012,5.34665638587546,3.72785187663226,0.0650367313205362,1.74461683223558,-39.9353594474643,43.4245931119355,"No meaningful change"
"SPEI_12","Saline",0.61415138195381,"7","US-A03","SPEI_12__Saline",3.79603733835435,0.789684420782308,2.24825587362102,5.34381880308767,3.79590600007587,0.000131338278475113,0.00345999817889293,-40.7715608980811,40.7784808944389,"No meaningful change"
"SPEI_24","Saline",0.61415138195381,"7","US-A03","SPEI_24__Saline",3.80088953927895,0.789828567602048,2.25282554677893,5.34895353177896,3.79486170186332,0.00602783741562796,0.15884208409145,-40.6348445933413,40.9525287615242,"No meaningful change"
"SPEI_36","Saline",0.61415138195381,"7","US-A03","SPEI_36__Saline",3.81478476200701,0.790479235572283,2.26544546028534,5.36412406372869,3.78973207975865,0.0250526822483579,0.66106737154763,-40.221487624803,41.5436223678983,"No meaningful change"
"SPEI_48","Saline",0.61415138195381,"7","US-A03","SPEI_48__Saline",3.79627433056306,0.789699308964681,2.24846368499229,5.34408497613384,3.79598202691605,0.000292303647014158,0.00770034328249002,-40.7672726306611,40.7826733172261,"No meaningful change"
"SPEI_1","Upland",0.648390793877521,"7","US-A03","SPEI_1__Upland",5.38608827698496,0.571525428933977,4.26589843627436,6.50627811769555,5.48919319302184,-0.103104916036878,-1.8783255099848,-22.285511071146,18.5288600511764,"No meaningful change"
"SPEI_3","Upland",0.648390793877521,"7","US-A03","SPEI_3__Upland",5.12821037820556,0.575227542219863,4.00076439545463,6.25565636095649,5.38809641457018,-0.259886036364616,-4.82333678480302,-25.7480919488375,16.1014183792315,"No meaningful change"
"SPEI_6","Upland",0.648390793877521,"7","US-A03","SPEI_6__Upland",5.26891065670483,0.573039736873637,4.14575277243251,6.39206854097716,5.44677574908028,-0.177865092375448,-3.26551157178597,-23.8861123824946,17.3550892389226,"No meaningful change"
"SPEI_12","Upland",0.648390793877521,"7","US-A03","SPEI_12__Upland",5.36305393994768,0.571419877314819,4.24307098041064,6.48303689948473,5.4960425846593,-0.132988644711613,-2.41971641709645,-22.7977055299023,17.9582726957094,"No meaningful change"
"SPEI_24","Upland",0.648390793877521,"7","US-A03","SPEI_24__Upland",5.30224002727065,0.571494308431668,4.18211118274458,6.42236887179672,5.49325156310849,-0.191011535837835,-3.47720350403444,-23.8682020166206,16.9137950085517,"No meaningful change"
"SPEI_36","Upland",0.648390793877521,"7","US-A03","SPEI_36__Upland",5.35840908187106,0.571147824368908,4.238959346108,6.47785881763412,5.50528577568923,-0.146876693818167,-2.66792133601419,-23.0020108160996,17.6661681440712,"No meaningful change"
"SPEI_48","Upland",0.648390793877521,"7","US-A03","SPEI_48__Upland",5.40600093056429,0.570904288879603,4.28702852436027,6.52497333676831,5.50702674358798,-0.101025813023687,-1.83448923943061,-22.1534827418116,18.4845042629503,"No meaningful change"
"SPEI_1","Freshwater",0.648390793877521,"7","US-A03","SPEI_1__Freshwater",4.21924648594121,0.684499384925082,2.87762769148804,5.56086528039437,4.21954140936123,-0.000294923420020687,-0.00698946618621606,-31.8023592539249,31.7883803215524,"No meaningful change"
"SPEI_3","Freshwater",0.648390793877521,"7","US-A03","SPEI_3__Freshwater",4.21956739546198,0.684492906385153,2.87796129894708,5.56117349197688,4.21951351065009,5.38848118933899e-05,0.00127703849643766,-31.7940020411575,31.7965561181504,"No meaningful change"
"SPEI_6","Freshwater",0.648390793877521,"7","US-A03","SPEI_6__Freshwater",4.2193556330777,0.684492807263819,2.87774973084061,5.56096153531479,4.21959154835205,-0.000235915274348741,-0.00559095049000365,-31.8002773997281,31.7890954987481,"No meaningful change"
"SPEI_12","Freshwater",0.648390793877521,"7","US-A03","SPEI_12__Freshwater",4.21941494191613,0.68448759122115,2.87781926312268,5.56101062070959,4.21957016391976,-0.000155222003631827,-0.00367862122448117,-31.7982839169256,31.7909266744766,"No meaningful change"
"SPEI_24","Freshwater",0.648390793877521,"7","US-A03","SPEI_24__Freshwater",4.21911727069218,0.68452070562997,2.87745668765744,5.56077785372692,4.22053295499704,-0.0014156843048605,-0.0335427852348446,-31.8224328932066,31.7553473227369,"No meaningful change"
"SPEI_36","Freshwater",0.648390793877521,"7","US-A03","SPEI_36__Freshwater",4.21932383747787,0.68449271032633,2.87771812523827,5.56092954971748,4.21970971318329,-0.00038587570541182,-0.00914460310400644,-31.8029362008564,31.7846469946483,"No meaningful change"
"SPEI_48","Freshwater",0.648390793877521,"7","US-A03","SPEI_48__Freshwater",4.21937391606263,0.684494070909842,2.87776553707934,5.56098229504592,4.21964494790908,-0.000271031846447833,-0.00642309601385148,-31.8007658794768,31.7879196874491,"No meaningful change"
"SPEI_1","Saline",0.648390793877521,"7","US-A03","SPEI_1__Saline",3.79544669526082,0.789710757209,2.24761361113118,5.34327977939046,3.79571448215135,-0.000267786890535415,-0.00705497981459443,-40.7854931739422,40.771383214313,"No meaningful change"
"SPEI_3","Saline",0.648390793877521,"7","US-A03","SPEI_3__Saline",3.79567396171795,0.789692211977005,2.24787722624302,5.34347069719288,3.79581271083288,-0.000138749114924952,-0.0036553203620657,-40.780080644448,40.7727700037239,"No meaningful change"
"SPEI_6","Saline",0.648390793877521,"7","US-A03","SPEI_6__Saline",3.80101529132004,0.792839578000806,2.24704971843846,5.35498086420162,3.72785187663226,0.0731634146877873,1.96261592759107,-39.7226662216942,43.6478980768763,"No meaningful change"
"SPEI_12","Saline",0.648390793877521,"7","US-A03","SPEI_12__Saline",3.79604539813669,0.789685652438291,2.24826151935764,5.34382927691574,3.79590600007587,0.000139398060816198,0.00367232646997612,-40.7714121658255,40.7787568187655,"No meaningful change"
"SPEI_24","Saline",0.648390793877521,"7","US-A03","SPEI_24__Saline",3.80123598719136,0.789847661998754,2.2531345696738,5.34933740470892,3.79486170186332,0.00637428532804174,0.167971479037349,-40.626701400805,40.9626443588797,"No meaningful change"
"SPEI_36","Saline",0.648390793877521,"7","US-A03","SPEI_36__Saline",3.81638277713218,0.790542760276166,2.26691896699089,5.36584658727346,3.78973207975865,0.026650697373523,0.703234339859197,-40.1826060713173,41.5890747510357,"No meaningful change"
"SPEI_48","Saline",0.648390793877521,"7","US-A03","SPEI_48__Saline",3.79628796059267,0.789701733829746,2.24847256228637,5.34410335889897,3.79598202691605,0.000305933676620906,0.00805940793322077,-40.7670387703842,40.7831575862507,"No meaningful change"
"SPEI_1","Upland",0.682630205801231,"7","US-A03","SPEI_1__Upland",5.38169482193603,0.571685439028116,4.26119136144093,6.50219828243114,5.48919319302184,-0.107498371085802,-1.95836377598186,-22.3712627411622,18.4545351891985,"No meaningful change"
"SPEI_3","Upland",0.682630205801231,"7","US-A03","SPEI_3__Upland",5.12569566169804,0.57534237081521,3.99802461490022,6.25336670849585,5.38809641457018,-0.262400752872141,-4.87000849061595,-25.7989407151476,16.0589237339157,"No meaningful change"
"SPEI_6","Upland",0.682630205801231,"7","US-A03","SPEI_6__Upland",5.26192667185594,0.573229263503884,4.13839731538833,6.38545602832355,5.44677574908028,-0.184849077224341,-3.39373393985521,-24.0211547889204,17.23368690921,"No meaningful change"
"SPEI_12","Upland",0.682630205801231,"7","US-A03","SPEI_12__Upland",5.35605348907678,0.571631061199957,4.23565660912487,6.4764503690287,5.4960425846593,-0.139989095582512,-2.54708899041747,-22.9326093479052,17.8384313670703,"No meaningful change"
"SPEI_24","Upland",0.682630205801231,"7","US-A03","SPEI_24__Upland",5.29218686667555,0.571712136002338,4.17163108011097,6.41274265324014,5.49325156310849,-0.201064696432933,-3.66021279242409,-24.0589834238293,16.7385578389811,"No meaningful change"
"SPEI_36","Upland",0.682630205801231,"7","US-A03","SPEI_36__Upland",5.35067852610047,0.571341997759017,4.2308482104928,6.47050884170815,5.50528577568923,-0.154607249588753,-2.80834194423625,-23.1493444141303,17.5326605256578,"No meaningful change"
"SPEI_48","Upland",0.682630205801231,"7","US-A03","SPEI_48__Upland",5.40068274949193,0.571081673082195,4.28136267025082,6.52000282873303,5.50702674358798,-0.106343994096051,-1.9310600628528,-22.2563668274217,18.394246701716,"No meaningful change"
"SPEI_1","Freshwater",0.682630205801231,"7","US-A03","SPEI_1__Freshwater",4.21923024065968,0.684501051040053,2.87760818062118,5.56085230069819,4.21954140936123,-0.000311168701545128,-0.00737446730241318,-31.8028216469902,31.7880727123854,"No meaningful change"
"SPEI_3","Freshwater",0.682630205801231,"7","US-A03","SPEI_3__Freshwater",4.21956891540474,0.684493946625689,2.87796078001839,5.56117705079109,4.21951351065009,5.54047546525993e-05,0.0013130602500207,-31.7940143394637,31.7966404599637,"No meaningful change"
"SPEI_6","Freshwater",0.682630205801231,"7","US-A03","SPEI_6__Freshwater",4.21934103308275,0.684493945350417,2.87773290019594,5.56094916596957,4.21959154835205,-0.000250515269296869,-0.00593695542391318,-31.8006762687771,31.7888023579292,"No meaningful change"
"SPEI_12","Freshwater",0.682630205801231,"7","US-A03","SPEI_12__Freshwater",4.21940632505023,0.684488109760454,2.87780962991974,5.56100302018071,4.21957016391976,-0.000163838869537081,-0.00388283316006962,-31.7985122151305,31.7907465488103,"No meaningful change"
"SPEI_24","Freshwater",0.682630205801231,"7","US-A03","SPEI_24__Freshwater",4.21902146229207,0.684523022364211,2.87735633845821,5.56068658612592,4.22053295499704,-0.00151149270497442,-0.03581283977856,-31.8248105360374,31.7531848564803,"No meaningful change"
"SPEI_36","Freshwater",0.682630205801231,"7","US-A03","SPEI_36__Freshwater",4.2193006647482,0.684493578948943,2.87769325000827,5.56090807948813,4.21970971318329,-0.000409048435085602,-0.00969375769635636,-31.8035257018336,31.7841381864409,"No meaningful change"
"SPEI_48","Freshwater",0.682630205801231,"7","US-A03","SPEI_48__Freshwater",4.219356715629,0.684495189647841,2.87774614391923,5.56096728733877,4.21964494790908,-0.000288232280079015,-0.00683072352383202,-31.801225471702,31.7875640246543,"No meaningful change"
"SPEI_1","Saline",0.682630205801231,"7","US-A03","SPEI_1__Saline",3.79544554660477,0.78971379519028,2.24760650803182,5.34328458517772,3.79571448215135,-0.000268935546582139,-0.00708524173371728,-40.785680308654,40.7715098251865,"No meaningful change"
"SPEI_3","Saline",0.682630205801231,"7","US-A03","SPEI_3__Saline",3.79567332863519,0.789693913669679,2.24787325784261,5.34347339942776,3.79581271083288,-0.000139382197691162,-0.00367199881314954,-40.7801851912397,40.7728411936134,"No meaningful change"
"SPEI_6","Saline",0.682630205801231,"7","US-A03","SPEI_6__Saline",3.8093344122516,0.792958585578843,2.25513558451707,5.36353323998614,3.72785187663226,0.0814825356193492,2.18577717988518,-39.505762054195,43.8773164139654,"No meaningful change"
"SPEI_12","Saline",0.682630205801231,"7","US-A03","SPEI_12__Saline",3.79605347335263,0.789686960321907,2.24826703112169,5.34383991558357,3.79590600007587,0.000147473276759236,0.00388506134652144,-40.771266962966,40.779037085659,"No meaningful change"
"SPEI_24","Saline",0.682630205801231,"7","US-A03","SPEI_24__Saline",3.80158239347388,0.789868066400085,2.25344098332972,5.34972380361805,3.79486170186332,0.00672069161056221,0.177099776976386,-40.618626965424,40.9728265193768,"No meaningful change"
"SPEI_36","Saline",0.682630205801231,"7","US-A03","SPEI_36__Saline",3.81798467768982,0.790611345953377,2.26838643962121,5.36758291575844,3.78973207975865,0.0282525979311687,0.745503833425818,-40.1438837395158,41.6348914063674,"No meaningful change"
"SPEI_48","Saline",0.682630205801231,"7","US-A03","SPEI_48__Saline",3.7963014355114,0.789704288530218,2.24848102999217,5.34412184103063,3.79598202691605,0.000319408595353732,0.00841438639827353,-40.766815700155,40.7836444729515,"No meaningful change"
"SPEI_1","Upland",0.716869617724942,"7","US-A03","SPEI_1__Upland",5.3773701162383,0.571857914008386,4.25652860478186,6.49821162769474,5.48919319302184,-0.111823076783536,-2.0371495928708,-22.4562070398069,18.3819078540653,"No meaningful change"
"SPEI_3","Upland",0.716869617724942,"7","US-A03","SPEI_3__Upland",5.12387315206142,0.575468879476115,3.99595414828823,6.2517921558346,5.38809641457018,-0.26422326250876,-4.9038332312366,-25.8373673959767,16.0297009335035,"No meaningful change"
"SPEI_6","Upland",0.716869617724942,"7","US-A03","SPEI_6__Upland",5.25506679361623,0.573436842781884,4.13113058176374,6.37900300546872,5.44677574908028,-0.191708955464054,-3.5196777744416,-24.1545682790172,17.115212730134,"No meaningful change"
"SPEI_12","Upland",0.716869617724942,"7","US-A03","SPEI_12__Upland",5.34905296018572,0.571852899392033,4.22822127737733,6.4698846429941,5.4960425846593,-0.146989624473578,-2.67446298330838,-23.0678945396228,17.718968573006,"No meaningful change"
"SPEI_24","Upland",0.716869617724942,"7","US-A03","SPEI_24__Upland",5.2821337217535,0.571940841972428,4.16112967148754,6.40313777201946,5.49325156310849,-0.211117841354984,-3.84322179549916,-24.2501526885677,16.5637090975694,"No meaningful change"
"SPEI_36","Upland",0.716869617724942,"7","US-A03","SPEI_36__Upland",5.34294802079281,0.571546573419596,4.2227167368904,6.46317930469522,5.50528577568923,-0.162337754896419,-2.94876163583162,-23.2970474387092,17.3995241670459,"No meaningful change"
"SPEI_48","Upland",0.716869617724942,"7","US-A03","SPEI_48__Upland",5.39536460094297,0.571269140781329,4.27567708501157,6.51505211687438,5.50702674358798,-0.111662142645004,-2.02763029569479,-22.3596092030988,18.3043486117092,"No meaningful change"
"SPEI_1","Freshwater",0.716869617724942,"7","US-A03","SPEI_1__Freshwater",4.21921402178951,0.68450281321435,2.87758850788938,5.56083953568964,4.21954140936123,-0.000327387571717352,-0.00775884248916315,-31.8032878761342,31.7877701911559,"No meaningful change"
"SPEI_3","Freshwater",0.716869617724942,"7","US-A03","SPEI_3__Freshwater",4.21957036668892,0.684495055236577,2.87796005842523,5.56118067495261,4.21951351065009,5.68560388289896e-05,0.00134745483538527,-31.7940314407993,31.79672635047,"No meaningful change"
"SPEI_6","Freshwater",0.716869617724942,"7","US-A03","SPEI_6__Freshwater",4.2193263340188,0.68449517178718,2.87771579731592,5.56093687072167,4.21959154835205,-0.000265214333251329,-0.0062853081918535,-31.8010815895247,31.788510973141,"No meaningful change"
"SPEI_12","Freshwater",0.716869617724942,"7","US-A03","SPEI_12__Freshwater",4.21939770998459,0.684488681069207,2.87779989508895,5.56099552488024,4.21957016391976,-0.000172453935167738,-0.00408700243077691,-31.7987429218235,31.790568916962,"No meaningful change"
"SPEI_24","Freshwater",0.716869617724942,"7","US-A03","SPEI_24__Freshwater",4.21892497054124,0.684525624671961,2.8772547461842,5.56059519489828,4.22053295499704,-0.00160798445580035,-0.038099085422293,-31.8272176318971,31.7510194610525,"No meaningful change"
"SPEI_36","Freshwater",0.716869617724942,"7","US-A03","SPEI_36__Freshwater",4.21927744553853,0.68449454026931,2.87766814661069,5.56088674446638,4.21970971318329,-0.000432267644750794,-0.0102440137860739,-31.8041206099977,31.7836325824255,"No meaningful change"
"SPEI_48","Freshwater",0.716869617724942,"7","US-A03","SPEI_48__Freshwater",4.21933949714554,0.684496408682715,2.87772653612742,5.56095245816366,4.21964494790908,-0.000305450763538495,-0.00723877879085188,-31.8016901504144,31.7872125928327,"No meaningful change"
"SPEI_1","Saline",0.716869617724942,"7","US-A03","SPEI_1__Saline",3.79544508300181,0.789716991501631,2.24759977965862,5.34329038634501,3.79571448215135,-0.000269399149540384,-0.00709745558595578,-40.7858575710176,40.7716626598457,"No meaningful change"
"SPEI_3","Saline",0.716869617724942,"7","US-A03","SPEI_3__Saline",3.79567303858606,0.789695710754311,2.24786944550761,5.34347663166451,3.79581271083288,-0.000139672246817657,-0.00367964010497794,-40.7802856265165,40.7729263463066,"No meaningful change"
"SPEI_6","Saline",0.716869617724942,"7","US-A03","SPEI_6__Saline",3.81783374647832,0.793097257557328,2.26336312166596,5.37230437129068,3.72785187663226,0.0899818698460648,2.41377267187329,-39.2850575460449,44.1126028897915,"No meaningful change"
"SPEI_12","Saline",0.716869617724942,"7","US-A03","SPEI_12__Saline",3.79606155716519,0.789688344144399,2.24827240264217,5.34385071168821,3.79590600007587,0.000155557089319469,0.0040980226938275,-40.7711254547075,40.7793215000952,"No meaningful change"
"SPEI_24","Saline",0.716869617724942,"7","US-A03","SPEI_24__Saline",3.8019286437396,0.789889780619869,2.25374467372465,5.35011261375454,3.79486170186332,0.00706694187627432,0.186223963650754,-40.6106242918408,40.9830722191423,"No meaningful change"
"SPEI_36","Saline",0.716869617724942,"7","US-A03","SPEI_36__Saline",3.81958849195611,0.790685047200754,2.26984579944263,5.36933118446959,3.78973207975865,0.0298564121974527,0.78782382419377,-40.1053754811295,41.681023129517,"No meaningful change"
"SPEI_48","Saline",0.716869617724942,"7","US-A03","SPEI_48__Saline",3.79631475019847,0.789706972584024,2.24848908393378,5.34414041646316,3.79598202691605,0.000332723282424396,0.00876514377742482,-40.7666035299826,40.7841338175375,"No meaningful change"
"SPEI_1","Upland",0.751109029648652,"7","US-A03","SPEI_1__Upland",5.3731147244021,0.572043384223451,4.25190969132414,6.49431975748006,5.48919319302184,-0.116078468619734,-2.1146726766203,-22.5403526199552,18.3110072667146,"No meaningful change"
"SPEI_3","Upland",0.751109029648652,"7","US-A03","SPEI_3__Upland",5.12274114301902,0.575610899420298,3.99454378015524,6.25093850588281,5.38809641457018,-0.265355271551156,-4.9248426741882,-25.8635430250761,16.0138576766997,"No meaningful change"
"SPEI_6","Upland",0.751109029648652,"7","US-A03","SPEI_6__Upland",5.24833229503213,0.573664081490123,4.12395069531149,6.37271389475277,5.44677574908028,-0.198443454048155,-3.64331970306769,-24.2863872997188,16.9997478935834,"No meaningful change"
"SPEI_12","Upland",0.751109029648652,"7","US-A03","SPEI_12__Upland",5.34205236646528,0.572085385090995,4.22076501168693,6.46333972124363,5.4960425846593,-0.153990218194019,-2.80183815576394,-23.2035606225461,17.5998843110182,"No meaningful change"
"SPEI_24","Upland",0.751109029648652,"7","US-A03","SPEI_24__Upland",5.27208059548412,0.572180415151853,4.15060698178649,6.39355420918175,5.49325156310849,-0.221170967624366,-4.02623045901818,-24.4417093573306,16.3892484392943,"No meaningful change"
"SPEI_36","Upland",0.751109029648652,"7","US-A03","SPEI_36__Upland",5.33521758175669,0.571761544602967,4.21456495433488,6.45587020917851,5.50528577568923,-0.170068193932533,-3.08918012364656,-23.4451193624505,17.2667591151574,"No meaningful change"
"SPEI_48","Upland",0.751109029648652,"7","US-A03","SPEI_48__Upland",5.39004650192224,0.571466685699571,4.26997179795108,6.5101212058934,5.50702674358798,-0.116980241665734,-2.12419962917263,-22.4632093366396,18.2148100782943,"No meaningful change"
"SPEI_1","Freshwater",0.751109029648652,"7","US-A03","SPEI_1__Freshwater",4.21919783688964,0.684504670853023,2.87756868201771,5.56082699176156,4.21954140936123,-0.000343572471588338,-0.00814241260498376,-31.8037577345797,31.7874729093697,"No meaningful change"
"SPEI_3","Freshwater",0.751109029648652,"7","US-A03","SPEI_3__Freshwater",4.21957175049508,0.684496231862549,2.87795913604448,5.56118436494567,4.21951351065009,5.82398449866517e-05,0.00138025023120921,-31.794053300683,31.7968138011454,"No meaningful change"
"SPEI_6","Freshwater",0.751109029648652,"7","US-A03","SPEI_6__Freshwater",4.21931154636325,0.684496486373362,2.87769843307146,5.56092465965504,4.21959154835205,-0.00028000198880207,-0.00663576048993235,-31.8014931043424,31.7882215833625,"No meaningful change"
"SPEI_12","Freshwater",0.751109029648652,"7","US-A03","SPEI_12__Freshwater",4.2193891016161,0.684489305126846,2.87779006356748,5.56098813966472,4.21957016391976,-0.000181062303662216,-0.00429101298540841,-31.7989759199984,31.7903938940276,"No meaningful change"
"SPEI_24","Freshwater",0.751109029648652,"7","US-A03","SPEI_24__Freshwater",4.21882790514298,0.68452851327362,2.87715201912668,5.56050379115927,4.22053295499704,-0.0017050498540625,-0.040398922890621,-31.8296516149653,31.748853769184,"No meaningful change"
"SPEI_36","Freshwater",0.751109029648652,"7","US-A03","SPEI_36__Freshwater",4.21925420143164,0.684495594316562,2.87764283657118,5.5608655662921,4.21970971318329,-0.000455511751645155,-0.0107948598981119,-31.8047204152266,31.7831306954304,"No meaningful change"
"SPEI_48","Freshwater",0.751109029648652,"7","US-A03","SPEI_48__Freshwater",4.21932228001643,0.684497727926581,2.87770673328033,5.56093782675253,4.21964494790908,-0.00032266789265023,-0.00764680196162283,-31.8021594516787,31.7868658477554,"No meaningful change"
"SPEI_1","Saline",0.751109029648652,"7","US-A03","SPEI_1__Saline",3.79544529684688,0.789720344451208,2.24759342172251,5.34329717197125,3.79571448215135,-0.00026918530447384,-0.00709182173052358,-40.7860250740301,40.7718414305691,"No meaningful change"
"SPEI_3","Saline",0.751109029648652,"7","US-A03","SPEI_3__Saline",3.79567308938907,0.789697602390829,2.24786578870305,5.34348039007509,3.79581271083288,-0.000139621443807414,-0.00367830170885271,-40.780381964372,40.7730253609543,"No meaningful change"
"SPEI_6","Saline",0.751109029648652,"7","US-A03","SPEI_6__Saline",3.82650063548575,0.793257162512019,2.27171659696219,5.3812846740093,3.72785187663226,0.0986487588534919,2.64626283763751,-39.0609747344774,44.3535004097524,"No meaningful change"
"SPEI_12","Saline",0.751109029648652,"7","US-A03","SPEI_12__Saline",3.79606964240685,0.78968980341569,2.24827762771209,5.3438616571016,3.79590600007587,0.000163642330974767,0.00431102168945954,-40.7709878045674,40.7796098479464,"No meaningful change"
"SPEI_24","Saline",0.751109029648652,"7","US-A03","SPEI_24__Saline",3.80227461987562,0.789912802926391,2.25404552613989,5.35050371361134,3.79486170186332,0.00741291801229638,0.195340926618131,-40.6026964030566,40.9933782562928,"No meaningful change"
"SPEI_36","Saline",0.751109029648652,"7","US-A03","SPEI_36__Saline",3.82119213839622,0.790763899644922,2.27129489509218,5.37108938170027,3.78973207975865,0.0314600586375673,0.83013938651755,-40.0671380643663,41.7274168374014,"No meaningful change"
"SPEI_48","Saline",0.751109029648652,"7","US-A03","SPEI_48__Saline",3.79632789906406,0.789709785213241,2.24849672004611,5.34415907808201,3.79598202691605,0.000345872148013182,0.0091115328144527,-40.7664023669563,40.7846254325852,"No meaningful change"
"SPEI_1","Upland",0.785348441572363,"7","US-A03","SPEI_1__Upland",5.36892916733893,0.572242370449239,4.24733412125842,6.49052421341944,5.48919319302184,-0.120264025682904,-2.19092353746612,-22.6237085869401,18.2418615120078,"No meaningful change"
"SPEI_3","Upland",0.785348441572363,"7","US-A03","SPEI_3__Upland",5.12229721702684,0.575772388374769,3.99378333581229,6.25081109824139,5.38809641457018,-0.265799197543339,-4.93308168771035,-25.8776564388764,16.0114930634557,"No meaningful change"
"SPEI_6","Upland",0.785348441572363,"7","US-A03","SPEI_6__Upland",5.24172465427,0.573912606732025,4.11685594507523,6.36659336346477,5.44677574908028,-0.20505109481028,-3.76463258735966,-24.4166432633033,16.887378088584,"No meaningful change"
"SPEI_12","Upland",0.785348441572363,"7","US-A03","SPEI_12__Upland",5.3350517225491,0.572328510938025,4.21328784111057,6.45681560398763,5.4960425846593,-0.160990862110196,-2.9292142415264,-23.3396070679871,17.4811785849344,"No meaningful change"
"SPEI_24","Upland",0.785348441572363,"7","US-A03","SPEI_24__Upland",5.26202749100138,0.572430843768669,4.14006303721479,6.38399194478797,5.49325156310849,-0.231224072107109,-4.20923872592984,-24.633652953042,16.2151755011823,"No meaningful change"
"SPEI_36","Upland",0.785348441572363,"7","US-A03","SPEI_36__Upland",5.32748722558294,0.571986904012898,4.20639289371766,6.44858155744822,5.50528577568923,-0.177798550106282,-3.22959710631957,-23.5935596242313,17.1343654115921,"No meaningful change"
"SPEI_48","Upland",0.785348441572363,"7","US-A03","SPEI_48__Upland",5.3847284698881,0.571674300997864,4.26424683993228,6.50521009984391,5.50702674358798,-0.122298273699879,-2.22076774626662,-22.5671666676161,18.1256311750829,"No meaningful change"
"SPEI_1","Freshwater",0.785348441572363,"7","US-A03","SPEI_1__Freshwater",4.21918169360939,0.684506623109264,2.87754871231523,5.56081467490355,4.21954140936123,-0.000359715751836909,-0.00852499636663986,-31.8042310017086,31.7871810089753,"No meaningful change"
"SPEI_3","Freshwater",0.785348441572363,"7","US-A03","SPEI_3__Freshwater",4.21957306808587,0.684497475954286,2.87795801521547,5.56118812095627,4.21951351065009,5.95574357786788e-05,0.00141147636163163,-31.7940798636744,31.7969028163977,"No meaningful change"
"SPEI_6","Freshwater",0.785348441572363,"7","US-A03","SPEI_6__Freshwater",4.21929668128966,0.684497888693861,2.87768081944969,5.56091254312962,4.21959154835205,-0.000294867062391901,-0.00698804751628297,-31.8019105291468,31.7879344341143,"No meaningful change"
"SPEI_12","Freshwater",0.785348441572363,"7","US-A03","SPEI_12__Freshwater",4.2193805050224,0.684489981782384,2.87778014072892,5.56098086931587,4.21957016391976,-0.000189658897365774,-0.00449474448813504,-31.7992110823057,31.7902215933294,"No meaningful change"
"SPEI_24","Freshwater",0.785348441572363,"7","US-A03","SPEI_24__Freshwater",4.21873038021489,0.684531687793497,2.87704827213964,5.56041248829015,4.22053295499704,-0.00180257478214685,-0.0427096483161595,-31.8321097639277,31.7466904672954,"No meaningful change"
"SPEI_36","Freshwater",0.785348441572363,"7","US-A03","SPEI_36__Freshwater",4.21923095477434,0.684496740825405,2.87761734275655,5.56084456679214,4.21970971318329,-0.000478758408941182,-0.0113457664503659,-31.8053245756159,31.7826330427152,"No meaningful change"
"SPEI_48","Freshwater",0.785348441572363,"7","US-A03","SPEI_48__Freshwater",4.21930508376389,0.684499147022886,2.87768675559903,5.56092341192874,4.21964494790908,-0.000339864145193935,-0.00805433038536442,-31.8026328962824,31.7865242355116,"No meaningful change"
"SPEI_1","Saline",0.785348441572363,"7","US-A03","SPEI_1__Saline",3.79544618039527,0.789723851682103,2.24758743109835,5.34330492969219,3.79571448215135,-0.000268301756082501,-0.00706854420542273,-40.7861829000254,40.7720458116146,"No meaningful change"
"SPEI_3","Saline",0.785348441572363,"7","US-A03","SPEI_3__Saline",3.79567347900969,0.78969958738743,2.24786228773033,5.34348467028905,3.79581271083288,-0.000139231823186314,-0.00366803722399054,-40.7804741968657,40.7731381224177,"No meaningful change"
"SPEI_6","Saline",0.785348441572363,"7","US-A03","SPEI_6__Saline",3.83532205779308,0.793439831679772,2.28017998770073,5.39046412788544,3.72785187663226,0.107470181160829,2.88289837465103,-38.8339434301599,44.5997401794619,"No meaningful change"
"SPEI_12","Saline",0.785348441572363,"7","US-A03","SPEI_12__Saline",3.79607772163676,0.789691337428329,2.24828270027723,5.34387274299628,3.79590600007587,0.000171721560884297,0.00452386231062794,-40.7708541720398,40.779901896661,"No meaningful change"
"SPEI_24","Saline",0.785348441572363,"7","US-A03","SPEI_24__Saline",3.80262020094539,0.789937129894672,2.25434342635184,5.35089697553895,3.79486170186332,0.00775849908207027,0.204447479028307,-40.5948463090255,41.0037412670821,"No meaningful change"
"SPEI_36","Saline",0.785348441572363,"7","US-A03","SPEI_36__Saline",3.82279344252374,0.790847917062584,2.27273152508107,5.3728553599664,3.78973207975865,0.0330613627650833,0.87239314202889,-40.0292295801077,41.7740158641655,"No meaningful change"
"SPEI_48","Saline",0.785348441572363,"7","US-A03","SPEI_48__Saline",3.79634087612437,0.789712725321457,2.24850393449431,5.34417781775442,3.79598202691605,0.000358849208321743,0.00945339587430243,-40.7662123120995,40.7851191038481,"No meaningful change"
"SPEI_1","Upland",0.819587853496074,"7","US-A03","SPEI_1__Upland",5.3648139154086,0.572455374595549,4.24280138120132,6.48682644961587,5.48919319302184,-0.124379277613238,-2.26589360657512,-22.7062842933821,18.1744970802318,"No meaningful change"
"SPEI_3","Upland",0.819587853496074,"7","US-A03","SPEI_3__Upland",5.12253826629883,0.575957290292517,3.9936619773255,6.25141455527216,5.38809641457018,-0.26555814827135,-4.92860795054156,-25.8799087832566,16.0226928821735,"No meaningful change"
"SPEI_6","Upland",0.819587853496074,"7","US-A03","SPEI_6__Upland",5.23524549351546,0.574184038539704,4.10984477797764,6.36064620905328,5.44677574908028,-0.211530255564819,-3.88358664482445,-24.5453646834714,16.7781913938225,"No meaningful change"
"SPEI_12","Upland",0.819587853496074,"7","US-A03","SPEI_12__Upland",5.3280510442074,0.572582268947156,4.20578979707097,6.45031229134383,5.4960425846593,-0.167991540451896,-3.05659095365816,-23.4760333042126,17.3628513968963,"No meaningful change"
"SPEI_24","Upland",0.819587853496074,"7","US-A03","SPEI_24__Upland",5.25197441154683,0.572692115451083,4.1294978652627,6.37445095783095,5.49325156310849,-0.241277151561659,-4.39224653722443,-24.8259829752648,16.041489900816,"No meaningful change"
"SPEI_36","Upland",0.819587853496074,"7","US-A03","SPEI_36__Upland",5.31975696940709,0.572222643753449,4.19820058765033,6.44131335116385,5.50528577568923,-0.185528806282139,-3.37001227259474,-23.7423676316832,17.0023430864937,"No meaningful change"
"SPEI_48","Upland",0.819587853496074,"7","US-A03","SPEI_48__Upland",5.37941052256011,0.571891979230411,4.25850224326851,6.50031880185172,5.50702674358798,-0.127616221027864,-2.31733432521373,-22.6714806092629,18.0368119588354,"No meaningful change"
"SPEI_1","Freshwater",0.819587853496074,"7","US-A03","SPEI_1__Freshwater",4.21916559962296,0.684508668868042,2.8775286086416,5.56080259060432,4.21954140936123,-0.000375809738264898,-0.00890641190133006,-31.8047074438544,31.7868946200517,"No meaningful change"
"SPEI_3","Freshwater",0.819587853496074,"7","US-A03","SPEI_3__Freshwater",4.21957432079646,0.684498786755005,2.87795669875665,5.56119194283627,4.21951351065009,6.08101463734911e-05,0.00144116486936245,-31.7941110629776,31.7969933927164,"No meaningful change"
"SPEI_6","Freshwater",0.819587853496074,"7","US-A03","SPEI_6__Freshwater",4.21928175050214,0.684499378102207,2.87766296942181,5.56090053158246,4.21959154835205,-0.000309797849910254,-0.00734189189546663,-31.802333556534,31.787649772743,"No meaningful change"
"SPEI_12","Freshwater",0.819587853496074,"7","US-A03","SPEI_12__Freshwater",4.21937192540095,0.684490710742829,2.877770132345,5.56097371845689,4.21957016391976,-0.00019823851881462,-0.00469807376376143,-31.7994482719609,31.7900521244334,"No meaningful change"
"SPEI_24","Freshwater",0.819587853496074,"7","US-A03","SPEI_24__Freshwater",4.21863251296353,0.684535146657357,2.87694362551511,5.56032140041195,4.22053295499704,-0.00190044203351114,-0.0450284846434157,-31.834589228622,31.7445322593352,"No meaningful change"
"SPEI_36","Freshwater",0.819587853496074,"7","US-A03","SPEI_36__Freshwater",4.21920772842078,0.684497979209228,2.87759168917069,5.56082376767087,4.21970971318329,-0.000501984762505181,-0.0118961918384308,-31.8059325223137,31.7821401386368,"No meaningful change"
"SPEI_48","Freshwater",0.819587853496074,"7","US-A03","SPEI_48__Freshwater",4.21928792788333,0.6845006653229,2.87766662385044,5.56090923191621,4.21964494790908,-0.000357020025752774,-0.0084609020465024,-31.8031099920768,31.7861881879838,"No meaningful change"
"SPEI_1","Saline",0.819587853496074,"7","US-A03","SPEI_1__Saline",3.79544772573019,0.789727510139047,2.24758180585765,5.34331364560272,3.79571448215135,-0.000266756421167358,-0.00702783158274235,-40.7863310998103,40.7722754366448,"No meaningful change"
"SPEI_3","Saline",0.819587853496074,"7","US-A03","SPEI_3__Saline",3.79567420549748,0.789701664182071,2.24785894370062,5.34348946729433,3.79581271083288,-0.000138505335401273,-0.003648898034563,-40.7805622947242,40.7732644986551,"No meaningful change"
"SPEI_6","Saline",0.819587853496074,"7","US-A03","SPEI_6__Saline",3.84428474291,0.793646720850324,2.28873717004337,5.39983231577664,3.72785187663226,0.116432866277749,3.12332330068153,-38.6043961566677,44.8510427580307,"No meaningful change"
"SPEI_12","Saline",0.819587853496074,"7","US-A03","SPEI_12__Saline",3.79608578723104,0.78969294524539,2.24828761455008,5.34388395991201,3.79590600007587,0.000179787155171862,0.00473634371262799,-40.7707247095913,40.7801973970165,"No meaningful change"
"SPEI_24","Saline",0.819587853496074,"7","US-A03","SPEI_24__Saline",3.80296526443475,0.789962756285462,2.25463826211524,5.35129226675425,3.79486170186332,0.00810356257142564,0.213540392458747,-40.5870769675694,41.0141577524869,"No meaningful change"
"SPEI_36","Saline",0.819587853496074,"7","US-A03","SPEI_36__Saline",3.82439016516485,0.790937088663364,2.27415347138466,5.37462685894505,3.78973207975865,0.0346580854061997,0.91452600544804,-39.9917085555692,41.8207605664653,"No meaningful change"
"SPEI_48","Saline",0.819587853496074,"7","US-A03","SPEI_48__Saline",3.79635367512637,0.789715791476909,2.24851072383163,5.34419662642111,3.79598202691605,0.000371648210326203,0.00979056822953769,-40.7660334562127,40.7856145926717,"No meaningful change"
"SPEI_1","Upland",0.853827265419785,"7","US-A03","SPEI_1__Upland",5.36076939553394,0.572682869493674,4.23831097132634,6.48322781974154,5.48919319302184,-0.128423797487894,-2.33957510643192,-22.7880888449269,18.108938632063,"No meaningful change"
"SPEI_3","Upland",0.853827265419785,"7","US-A03","SPEI_3__Upland",5.12346066807423,0.576169370894466,3.99416870112108,6.25275263502739,5.38809641457018,-0.264635746495945,-4.91148869905766,-25.8705042782776,16.0475268801623,"No meaningful change"
"SPEI_6","Upland",0.853827265419785,"7","US-A03","SPEI_6__Upland",5.22889650369654,0.57447995926369,4.10291578353971,6.35487722385337,5.44677574908028,-0.217879245383743,-4.00015083089354,-24.672577455892,16.6722757941049,"No meaningful change"
"SPEI_12","Upland",0.853827265419785,"7","US-A03","SPEI_12__Upland",5.32105034787294,0.572846650428719,4.19827091303265,6.44382978271323,5.4960425846593,-0.174992236786351,-3.18396799316647,-23.6128387223384,17.2449027360055,"No meaningful change"
"SPEI_24","Upland",0.853827265419785,"7","US-A03","SPEI_24__Upland",5.24192136041296,0.572964217206727,4.11891149468778,6.36493122613814,5.49325156310849,-0.251330202695526,-4.57525383296492,-25.0186989004925,15.8681912345627,"No meaningful change"
"SPEI_36","Upland",0.853827265419785,"7","US-A03","SPEI_36__Upland",5.31202683062242,0.572468755271036,4.18998807029119,6.43406559095365,5.50528577568923,-0.193258945066811,-3.51042530653399,-23.8915427643422,16.8706921512742,"No meaningful change"
"SPEI_48","Upland",0.853827265419785,"7","US-A03","SPEI_48__Upland",5.37409267773094,0.572119712295047,4.25273804163265,6.49544731382923,5.50702674358798,-0.132934065857035,-2.41389904292393,-22.7761505501265,17.9483524642786,"No meaningful change"
"SPEI_1","Freshwater",0.853827265419785,"7","US-A03","SPEI_1__Freshwater",4.21914956257961,0.684510806729103,2.87750838139056,5.56079074376865,4.21954140936123,-0.000391846781621297,-0.00928647792748208,-31.8051868146929,31.7866138588379,"No meaningful change"
"SPEI_3","Freshwater",0.853827265419785,"7","US-A03","SPEI_3__Freshwater",4.219575510011,0.684500163286791,2.87795518996889,5.56119583005311,4.21951351065009,6.19993609056735e-05,0.00146934855758102,-31.7941468203644,31.7970855174796,"No meaningful change"
"SPEI_6","Freshwater",0.853827265419785,"7","US-A03","SPEI_6__Freshwater",4.21926676599976,0.684500953703613,2.87764489674068,5.56088863525884,4.21959154835205,-0.000324782352288722,-0.00769700926184584,-31.8027618605754,31.7873678420517,"No meaningful change"
"SPEI_12","Freshwater",0.853827265419785,"7","US-A03","SPEI_12__Freshwater",4.21936336800008,0.684491491561549,2.87776004453944,5.56096669146071,4.21957016391976,-0.000206795919684311,-0.00490087643174081,-31.7996873438371,31.7898855909736,"No meaningful change"
"SPEI_24","Freshwater",0.853827265419785,"7","US-A03","SPEI_24__Freshwater",4.21853442207703,0.684538886992383,2.87683820357196,5.5602306405821,4.22053295499704,-0.00199853292000718,-0.0473526197121847,-31.8370870634754,31.742381824051,"No meaningful change"
"SPEI_36","Freshwater",0.853827265419785,"7","US-A03","SPEI_36__Freshwater",4.21918454544221,0.684499308533242,2.87756590071706,5.56080319016737,4.21970971318329,-0.000525167741072252,-0.012445589312258,-31.8065436651502,31.7816524865257,"No meaningful change"
"SPEI_48","Freshwater",0.853827265419785,"7","US-A03","SPEI_48__Freshwater",4.2192708317556,0.684502281861921,2.87764635930623,5.56089530420496,4.21964494790908,-0.000374116153479598,-0.0088660576446125,-31.8035902349517,31.7858581196625,"No meaningful change"
"SPEI_1","Saline",0.853827265419785,"7","US-A03","SPEI_1__Saline",3.7954499247785,0.789731316037672,2.24757654534467,5.34332330421234,3.79571448215135,-0.000264557372847918,-0.00696989655286113,-40.7864696906608,40.7725298975551,"No meaningful change"
"SPEI_3","Saline",0.853827265419785,"7","US-A03","SPEI_3__Saline",3.79567526692272,0.789703830825294,2.24785575850515,5.3434947753403,3.79581271083288,-0.000137443910151802,-0.00362093497815503,-40.7806462081233,40.773404338167,"No meaningful change"
"SPEI_6","Saline",0.853827265419785,"7","US-A03","SPEI_6__Saline",3.85337530471504,0.79387916850225,2.29737213445063,5.40937847497944,3.72785187663226,0.12552342808278,3.3671785316797,-38.3727623715008,45.1071194348602,"No meaningful change"
"SPEI_12","Saline",0.853827265419785,"7","US-A03","SPEI_12__Saline",3.79609383148574,0.789694625689255,2.2482923651348,5.34389529783668,3.79590600007587,0.00018783140987022,0.00494826294082272,-40.7705995593709,40.7804960852526,"No meaningful change"
"SPEI_24","Saline",0.853827265419785,"7","US-A03","SPEI_24__Saline",3.8033096874505,0.789989674930778,2.25492992458618,5.35168945031483,3.79486170186332,0.00844798558718018,0.222616428499413,-40.5793912468805,41.0246241038793,"No meaningful change"
"SPEI_36","Saline",0.853827265419785,"7","US-A03","SPEI_36__Saline",3.82598003654816,0.79103137630113,2.27555853899794,5.37640153409837,3.78973207975865,0.0362479567895031,0.956478084113311,-39.9546329105444,41.8675890787711,"No meaningful change"
"SPEI_48","Saline",0.853827265419785,"7","US-A03","SPEI_48__Saline",3.79636628969534,0.789718981896341,2.24851708517851,5.34421549421217,3.79598202691605,0.000384262779292932,0.0101228819464437,-40.7658658751537,40.7861116390466,"No meaningful change"
"SPEI_1","Upland",0.888066677343495,"7","US-A03","SPEI_1__Upland",5.35679596319261,0.572925297418379,4.23386238025259,6.47972954613263,5.48919319302184,-0.132397229829227,-2.41196156108219,-22.8691315577141,18.0452084355497,"No meaningful change"
"SPEI_3","Upland",0.888066677343495,"7","US-A03","SPEI_3__Upland",5.12506006749615,0.57641216909979,3.99529221606057,6.25482791893174,5.38809641457018,-0.263036347074023,-4.88180475692186,-25.8496524810371,16.0860429671934,"No meaningful change"
"SPEI_6","Upland",0.888066677343495,"7","US-A03","SPEI_6__Upland",5.22267940727717,0.574801907930597,4.0960676677332,6.34929114682114,5.44677574908028,-0.224096341803108,-4.11429352201525,-24.7983053382573,16.5697182942268,"No meaningful change"
"SPEI_12","Upland",0.888066677343495,"7","US-A03","SPEI_12__Upland",5.31404965060318,0.573121645985079,4.19073122447242,6.43736807673393,5.4960425846593,-0.18199293405612,-3.31134504969273,-23.7500226768674,17.127332577482,"No meaningful change"
"SPEI_24","Upland",0.888066677343495,"7","US-A03","SPEI_24__Upland",5.23186834091498,0.573247135423886,4.10830395548416,6.3554327263458,5.49325156310849,-0.261383222193508,-4.75826055280087,-25.2118001827067,15.695279077105,"No meaningful change"
"SPEI_36","Upland",0.888066677343495,"7","US-A03","SPEI_36__Upland",5.30429682673709,0.572725229353203,4.18175537720482,6.42683827626937,5.50528577568923,-0.200988948952133,-3.65083589011273,-24.0410843762005,16.739412595975,"No meaningful change"
"SPEI_48","Upland",0.888066677343495,"7","US-A03","SPEI_48__Upland",5.36877495309388,0.572357491432902,4.24695426988539,6.49059563630237,5.50702674358798,-0.138251790494096,-2.51046157811141,-22.8811758571852,17.8602527009624,"No meaningful change"
"SPEI_1","Freshwater",0.888066677343495,"7","US-A03","SPEI_1__Freshwater",4.21913359001949,0.684513035020913,2.8774880413785,5.56077913866048,4.21954140936123,-0.000407819341735838,-0.00966501574865633,-31.805668857884,31.7863388263867,"No meaningful change"
"SPEI_3","Freshwater",0.888066677343495,"7","US-A03","SPEI_3__Freshwater",4.21957663717423,0.684501604360313,2.87795349262801,5.56119978172044,4.21951351065009,6.31265241359813e-05,0.00149606166627146,-31.7941870463495,31.797179169682,"No meaningful change"
"SPEI_6","Freshwater",0.888066677343495,"7","US-A03","SPEI_6__Freshwater",4.21925174002976,0.684502614363713,2.87762661587688,5.56087686418264,4.21959154835205,-0.000339808322292079,-0.00805310936848355,-31.803195098333,31.787088879596,"No meaningful change"
"SPEI_12","Freshwater",0.888066677343495,"7","US-A03","SPEI_12__Freshwater",4.21935483807528,0.684492323642906,2.87774988373519,5.56095979241538,4.21957016391976,-0.000215325844481029,-0.00510302794161864,-31.7999281457165,31.7897220898333,"No meaningful change"
"SPEI_24","Freshwater",0.888066677343495,"7","US-A03","SPEI_24__Freshwater",4.21843622696414,0.684542904658491,2.8767321338335,5.56014032009478,4.22053295499704,-0.00209672803289784,-0.0496792242888508,-31.8396002469902,31.7402417984125,"No meaningful change"
"SPEI_36","Freshwater",0.888066677343495,"7","US-A03","SPEI_36__Freshwater",4.2191614289468,0.684500727524308,2.87754000299916,5.56078285489445,4.21970971318329,-0.000548284236482566,-0.0129934112474516,-31.8071573973655,31.7811705748706,"No meaningful change"
"SPEI_48","Freshwater",0.888066677343495,"7","US-A03","SPEI_48__Freshwater",4.21925381444306,0.684503995369503,2.87762598351884,5.56088164536729,4.21964494790908,-0.000391133466016491,-0.00926934542704371,-31.804073114143,31.7855344232889,"No meaningful change"
"SPEI_1","Saline",0.888066677343495,"7","US-A03","SPEI_1__Saline",3.79545276919439,0.789735264900263,2.24757164998988,5.34333388839891,3.79571448215135,-0.000261712956960203,-0.00689495899101104,-40.7865986612358,40.7728087432538,"No meaningful change"
"SPEI_3","Saline",0.888066677343495,"7","US-A03","SPEI_3__Saline",3.79567666131243,0.789706084998472,2.24785273471542,5.34350058790943,3.79581271083288,-0.000136049520447212,-0.00358420003334043,-40.7807258693172,40.7735574692505,"No meaningful change"
"SPEI_6","Saline",0.888066677343495,"7","US-A03","SPEI_6__Saline",3.86258030960013,0.794138380840648,2.30606908315246,5.4190915360478,3.72785187663226,0.134728432967878,3.61410370976413,-38.1394658514231,45.3676732709513,"No meaningful change"
"SPEI_12","Saline",0.888066677343495,"7","US-A03","SPEI_12__Saline",3.79610184667792,0.789696377352334,2.24829694706735,5.3439067462885,3.79590600007587,0.000195846602052185,0.00515941654109113,-40.7704788521525,40.7807976852347,"No meaningful change"
"SPEI_24","Saline",0.888066677343495,"7","US-A03","SPEI_24__Saline",3.80365334790098,0.790017876804235,2.25521830936468,5.35208838643728,3.79486170186332,0.00879164603766336,0.23167236986124,-40.5717918980461,41.0351366377686,"No meaningful change"
"SPEI_36","Saline",0.888066677343495,"7","US-A03","SPEI_36__Saline",3.82756077326438,0.791130714897583,2.27694457206511,5.37817697446364,3.78973207975865,0.0378286935057219,0.998189125499632,-39.9180595317936,41.9144377827929,"No meaningful change"
"SPEI_48","Saline",0.888066677343495,"7","US-A03","SPEI_48__Saline",3.7963787134184,0.789722294462509,2.24852301627188,5.34423441056491,3.79598202691605,0.000396686502349031,0.0104501680865783,-40.7657096285402,40.7866099647133,"No meaningful change"
"SPEI_1","Upland",0.922306089267206,"7","US-A03","SPEI_1__Upland",5.35289385845458,0.573183072271452,4.22945503680253,6.47633268010662,5.48919319302184,-0.136299334567257,-2.48304859702384,-22.949422837235,17.9833256431873,"No meaningful change"
"SPEI_3","Upland",0.922306089267206,"7","US-A03","SPEI_3__Upland",5.12733101336542,0.576688986771055,3.99702059929415,6.25764142743668,5.38809641457018,-0.260765401204763,-4.83965729528552,-25.8175746728355,16.1382600822645,"No meaningful change"
"SPEI_6","Upland",0.922306089267206,"7","US-A03","SPEI_6__Upland",5.21659591605384,0.575151383565056,4.08929920426633,6.34389262784135,5.44677574908028,-0.230179833026445,-4.22598329048726,-24.9225708446538,16.4706042636793,"No meaningful change"
"SPEI_12","Upland",0.922306089267206,"7","US-A03","SPEI_12__Upland",5.30704897011327,0.573407245534857,4.18317076886495,6.43092717136159,5.4960425846593,-0.188993614546023,-3.43872180091084,-23.8875844859512,17.0101408841295,"No meaningful change"
"SPEI_24","Upland",0.922306089267206,"7","US-A03","SPEI_24__Upland",5.22181535635897,0.573540855881148,4.09767527883192,6.34595543388602,5.49325156310849,-0.271436206749519,-4.94126663654778,-25.4052862543009,15.5227529812053,"No meaningful change"
"SPEI_36","Upland",0.922306089267206,"7","US-A03","SPEI_36__Upland",5.29656697521325,0.572992056150537,4.1735025451582,6.41963140526831,5.50528577568923,-0.208718800475972,-3.79124370614242,-24.1909917994092,16.6085043871244,"No meaningful change"
"SPEI_48","Upland",0.922306089267206,"7","US-A03","SPEI_48__Upland",5.36345736601968,0.572605307249171,4.24115096381131,6.48576376822806,5.50702674358798,-0.143569377568292,-2.60702161534725,-22.9865558806405,17.772512649946,"No meaningful change"
"SPEI_1","Freshwater",0.922306089267206,"7","US-A03","SPEI_1__Freshwater",4.21911768925558,0.684515351834412,2.87746759966014,5.56076777885103,4.21954140936123,-0.000423720105644954,-0.0100418520530433,-31.8061533114391,31.786069607333,"No meaningful change"
"SPEI_3","Freshwater",0.922306089267206,"7","US-A03","SPEI_3__Freshwater",4.21957770381366,0.684503108599392,2.87795161095886,5.56120379666847,4.21951351065009,6.41931635723125e-05,0.00152134039647671,-31.7942316408069,31.7972743215999,"No meaningful change"
"SPEI_6","Freshwater",0.922306089267206,"7","US-A03","SPEI_6__Freshwater",4.2192366850623,0.684504358733213,2.8776081419452,5.56086522817939,4.21959154835205,-0.000354863289752316,-0.00840989668516393,-31.8036329116016,31.7868131182312,"No meaningful change"
"SPEI_12","Freshwater",0.922306089267206,"7","US-A03","SPEI_12__Freshwater",4.21934634083637,0.684493206256583,2.87773965657347,5.56095302509928,4.21957016391976,-0.000223823083387309,-0.00530440482542869,-31.8001705202076,31.7895617105568,"No meaningful change"
"SPEI_24","Freshwater",0.922306089267206,"7","US-A03","SPEI_24__Freshwater",4.21833804691723,0.68454719435839,2.87662554597478,5.56005054785967,4.22053295499704,-0.0021949080798116,-0.0520054718969286,-31.8421257066857,31.7381147628919,"No meaningful change"
"SPEI_36","Freshwater",0.922306089267206,"7","US-A03","SPEI_36__Freshwater",4.21913840186338,0.684502234602473,2.87751402204254,5.56076278168423,4.21970971318329,-0.000571311319901291,-0.0135391142693155,-31.807773102198,31.7806948736593,"No meaningful change"
"SPEI_48","Freshwater",0.922306089267206,"7","US-A03","SPEI_48__Freshwater",4.21923689439985,0.684505804299998,2.87760551797185,5.56086827082784,4.21964494790908,-0.000408053509231898,-0.00967032805530468,-31.8045581205176,31.785217464407,"No meaningful change"
"SPEI_1","Saline",0.922306089267206,"7","US-A03","SPEI_1__Saline",3.79545625017728,0.789739351639262,2.24756712096432,5.34334537939023,3.79571448215135,-0.000258231974076484,-0.00680325075267837,-40.7867179806834,40.773111479178,"No meaningful change"
"SPEI_3","Saline",0.922306089267206,"7","US-A03","SPEI_3__Saline",3.79567838656426,0.789708424057157,2.24784987541223,5.34350689771629,3.79581271083288,-0.00013432426861737,-0.00353874858561966,-40.7808011971431,40.7737236999719,"No meaningful change"
"SPEI_6","Saline",0.922306089267206,"7","US-A03","SPEI_6__Saline",3.8718863527148,0.794425427502597,2.31481251480971,5.42896019061989,3.72785187663226,0.144034476082542,3.8637392484774,-37.9049224214104,45.6324009183652,"No meaningful change"
"SPEI_12","Saline",0.922306089267206,"7","US-A03","SPEI_12__Saline",3.79610982513797,0.789698198623172,2.24830135583655,5.34391829443938,3.79590600007587,0.000203825062094598,0.00536960246356269,-40.7703627067791,40.7811019117062,"No meaningful change"
"SPEI_24","Saline",0.922306089267206,"7","US-A03","SPEI_24__Saline",3.80399612604856,0.790047351214382,2.25550331766837,5.35248893442875,3.79486170186332,0.0091344241852358,0.240705061287232,-40.5642815241227,41.0456916466972,"No meaningful change"
"SPEI_36","Saline",0.922306089267206,"7","US-A03","SPEI_36__Saline",3.82913009733746,0.791235014741149,2.27830946844481,5.37995072623011,3.78973207975865,0.0393980175788058,1.03959902044882,-39.8820438887094,41.9612419296071,"No meaningful change"
"SPEI_48","Saline",0.922306089267206,"7","US-A03","SPEI_48__Saline",3.7963909399432,0.78972572676516,2.24852851548349,5.34425336440292,3.79598202691605,0.000408913027155844,0.0107722593061921,-40.765564759266,40.7871092778784,"No meaningful change"
"SPEI_1","Upland",0.956545501190917,"7","US-A03","SPEI_1__Upland",5.34906318926991,0.573456578504681,4.22508829540074,6.47303808313908,5.48919319302184,-0.140130003751925,-2.55283424766441,-23.0289744443336,17.9233059490048,"No meaningful change"
"SPEI_3","Upland",0.956545501190917,"7","US-A03","SPEI_3__Upland",5.13026688754162,0.577002825116033,3.9993413503142,6.26119242476904,5.38809641457018,-0.25782952702856,-4.78516914306418,-25.7745028559733,16.2041645698449,"No meaningful change"
"SPEI_6","Upland",0.956545501190917,"7","US-A03","SPEI_6__Upland",5.21064766637183,0.575529838340937,4.0826091832236,6.33868614952007,5.44677574908028,-0.236128082708449,-4.33519009385177,-25.0453961885072,16.3750160008036,"No meaningful change"
"SPEI_12","Upland",0.956545501190917,"7","US-A03","SPEI_12__Upland",5.30004832451068,0.573703438308378,4.17558958542626,6.4245070635951,5.4960425846593,-0.195994260148614,-3.56609791735746,-24.0255234360578,16.8933276013429,"No meaningful change"
"SPEI_24","Upland",0.956545501190917,"7","US-A03","SPEI_24__Upland",5.21176240999376,0.573845363748083,4.08702549704752,6.33649932294,5.49325156310849,-0.281489153114724,-5.12427202506336,-25.5991565269809,15.3506124768542,"No meaningful change"
"SPEI_36","Upland",0.956545501190917,"7","US-A03","SPEI_36__Upland",5.28883729322391,0.573269225175962,4.16522961187902,6.41244497456879,5.50528577568923,-0.21644848246532,-3.93164844268637,-24.3412643486693,16.4779674632966,"No meaningful change"
"SPEI_48","Upland",0.956545501190917,"7","US-A03","SPEI_48__Upland",5.35813993334628,0.572863149715617,4.23532815990367,6.48095170678889,5.50702674358798,-0.148886810241699,-2.70357884887799,-23.0922899578251,17.6851322600691,"No meaningful change"
"SPEI_1","Freshwater",0.956545501190917,"7","US-A03","SPEI_1__Freshwater",4.21910186728856,0.684517755047999,2.87744706739448,5.56075666718264,4.21954140936123,-0.00043954207266772,-0.0104168209297005,-31.8066399108977,31.7858062690383,"No meaningful change"
"SPEI_3","Freshwater",0.956545501190917,"7","US-A03","SPEI_3__Freshwater",4.21957871153584,0.684504674459316,2.87794954959558,5.5612078734761,4.21951351065009,6.52008857509045e-05,0.00154522282216509,-31.7942804939097,31.7973709395541,"No meaningful change"
"SPEI_6","Freshwater",0.956545501190917,"7","US-A03","SPEI_6__Freshwater",4.21922161364082,0.684506185266184,2.8775894905191,5.56085373676254,4.21959154835205,-0.000369934711227593,-0.00876707394515638,-31.8040749313062,31.7865407834158,"No meaningful change"
"SPEI_12","Freshwater",0.956545501190917,"7","US-A03","SPEI_12__Freshwater",4.21933788138243,0.684494138547814,2.87772936982871,5.56094639293614,4.21957016391976,-0.000232282537334427,-0.00550488623984981,-31.8004143067632,31.7894045342835,"No meaningful change"
"SPEI_24","Freshwater",0.956545501190917,"7","US-A03","SPEI_24__Freshwater",4.21823999979229,0.684551749718519,2.87651857034399,5.55996142924058,4.22053295499704,-0.00229295520475503,-0.0543285700930308,-31.8446603541328,31.7360032139467,"No meaningful change"
"SPEI_36","Freshwater",0.956545501190917,"7","US-A03","SPEI_36__Freshwater",4.21911548667231,0.684503827903572,2.8774879839813,5.56074298936331,4.21970971318329,-0.000594226510980178,-0.0140821656315288,-31.8083901603134,31.7802258290504,"No meaningful change"
"SPEI_48","Freshwater",0.956545501190917,"7","US-A03","SPEI_48__Freshwater",4.21922008929071,0.684507706854302,2.87758498385628,5.56085519472514,4.21964494790908,-0.000424858618365498,-0.0100685868979575,-31.8050447518769,31.784907578081,"No meaningful change"
"SPEI_1","Saline",0.956545501190917,"7","US-A03","SPEI_1__Saline",3.79546035838976,0.789743570626291,2.24756295996223,5.34335775681729,3.79571448215135,-0.000254123761595615,-0.00669501783631474,-40.7868276043686,40.773437568696,"No meaningful change"
"SPEI_3","Saline",0.956545501190917,"7","US-A03","SPEI_3__Saline",3.79568044036633,0.789710845066771,2.24784718403546,5.3435136966972,3.79581271083288,-0.000132270466543183,-0.00348464154107751,-40.7808721009778,40.7739028178957,"No meaningful change"
"SPEI_6","Saline",0.956545501190917,"7","US-A03","SPEI_6__Saline",3.8812801687688,0.794741227210333,2.32358736343655,5.43897297410106,3.72785187663226,0.15342829213655,4.11572930508057,-37.6695362280412,45.9009948382024,"No meaningful change"
"SPEI_12","Saline",0.956545501190917,"7","US-A03","SPEI_12__Saline",3.79611775934253,0.789700087707929,2.24830558743499,5.34392993125008,3.79590600007587,0.000211759266661726,0.00557862251218796,-40.7702512288225,40.7814084738468,"No meaningful change"
"SPEI_24","Saline",0.956545501190917,"7","US-A03","SPEI_24__Saline",3.80433790592623,0.790078085958784,2.25578485744701,5.35289095440544,3.79486170186332,0.00947620406290595,0.24971144688232,-40.5568625507645,41.0562854445292,"No meaningful change"
"SPEI_36","Saline",0.956545501190917,"7","US-A03","SPEI_36__Saline",3.83068576503183,0.791344162909858,2.2796512057285,5.38172032433515,3.78973207975865,0.0409536852731729,1.08064856330902,-39.8466393467666,42.0079364733847,"No meaningful change"
"SPEI_48","Saline",0.956545501190917,"7","US-A03","SPEI_48__Saline",3.79640296311192,0.789729276134017,2.24853358188925,5.3442723443346,3.79598202691605,0.000420936195874244,0.0110889933853618,-40.7654312916752,40.7876092784459,"No meaningful change"
"SPEI_1","Upland",0.990784913114627,"7","US-A03","SPEI_1__Upland",5.34530390825506,0.573746172976335,4.22076140922145,6.46984640728868,5.48919319302184,-0.143889284766773,-2.62131937621896,-23.1077999843928,17.8651612319549,"No meaningful change"
"SPEI_3","Upland",0.990784913114627,"7","US-A03","SPEI_3__Upland",5.13385979015633,0.577356348669014,4.00224134676506,6.2654782335476,5.38809641457018,-0.254236624413847,-4.71848691731563,-25.7206805738955,16.2837067392643,"No meaningful change"
"SPEI_6","Upland",0.990784913114627,"7","US-A03","SPEI_6__Upland",5.20483614100557,0.575938677637439,4.07599633283619,6.33367594917495,5.44677574908028,-0.241939608074714,-4.44188670913368,-25.1668047188386,16.2830313005713,"No meaningful change"
"SPEI_12","Upland",0.990784913114627,"7","US-A03","SPEI_12__Upland",5.29304773199362,0.57401021286416,4.16798771477987,6.41810774920737,5.4960425846593,-0.202994852665675,-3.69347306791763,-24.163838788046,16.7768926522107,"No meaningful change"
"SPEI_24","Upland",0.990784913114627,"7","US-A03","SPEI_24__Upland",5.20170950495304,0.574160643591867,4.07635464351298,6.32706436639309,5.49325156310849,-0.291542058155451,-5.30727666130176,-25.7934103930555,15.178857070452,"No meaningful change"
"SPEI_36","Upland",0.990784913114627,"7","US-A03","SPEI_36__Upland",5.28110779736056,0.573556725320794,4.15693661573181,6.40527897898932,5.50528577568923,-0.224177978328663,-4.07204979837033,-24.4919013271135,16.3478017303728,"No meaningful change"
"SPEI_48","Upland",0.990784913114627,"7","US-A03","SPEI_48__Upland",5.35282267111974,0.573131008189415,4.22948589506849,6.476159447171,5.50702674358798,-0.154204072468235,-2.80013298732896,-23.1983774185766,17.5981114439187,"No meaningful change"
"SPEI_1","Freshwater",0.990784913114627,"7","US-A03","SPEI_1__Freshwater",4.21908613069844,0.684520242369582,2.87742645565406,5.56074580574282,4.21954140936123,-0.00045527866278583,-0.0107897664370771,-31.8071283938494,31.7855488609752,"No meaningful change"
"SPEI_3","Freshwater",0.990784913114627,"7","US-A03","SPEI_3__Freshwater",4.21957966202392,0.684506300258061,2.87794731351812,5.56121201052972,4.21951351065009,6.61513738320352e-05,0.00156774883324982,-31.7943334876365,31.797468985303,"No meaningful change"
"SPEI_6","Freshwater",0.990784913114627,"7","US-A03","SPEI_6__Freshwater",4.21920653820874,0.684508092252289,2.87757067739426,5.56084239902323,4.21959154835205,-0.000385010143304498,-0.00912434625230167,-31.8045207831055,31.7862720906009,"No meaningful change"
"SPEI_12","Freshwater",0.990784913114627,"7","US-A03","SPEI_12__Freshwater",4.21932946462259,0.68449511955602,2.87771903029279,5.56093989895239,4.21957016391976,-0.000240699297176405,-0.00570435584255834,-31.8006593444216,31.7892506327365,"No meaningful change"
"SPEI_24","Freshwater",0.990784913114627,"7","US-A03","SPEI_24__Freshwater",4.21814220042839,0.684556563439746,2.87641133608649,5.5598730647703,4.22053295499704,-0.00239075456864768,-0.0566457979155705,-31.8472011294008,31.7339095335697,"No meaningful change"
"SPEI_36","Freshwater",0.990784913114627,"7","US-A03","SPEI_36__Freshwater",4.21909270507872,0.68450550532072,2.87746191465011,5.56072349550733,4.21970971318329,-0.000617008104568662,-0.0146220509586476,-31.8090079594743,31.779763857557,"No meaningful change"
"SPEI_48","Freshwater",0.990784913114627,"7","US-A03","SPEI_48__Freshwater",4.21920341575967,0.684509701019116,2.8775644017622,5.56084242975714,4.21964494790908,-0.000441532149407564,-0.0104637275140022,-31.8055325202634,31.7846050652354,"No meaningful change"
"SPEI_1","Saline",0.990784913114627,"7","US-A03","SPEI_1__Saline",3.79546508384527,0.78974791580476,2.24755916886794,5.3433709988226,3.79571448215135,-0.000249398306081172,-0.00657052334294167,-40.7869274826472,40.7737864359613,"No meaningful change"
"SPEI_3","Saline",0.990784913114627,"7","US-A03","SPEI_3__Saline",3.79568282009687,0.789713344861188,2.24784466416894,5.3435209760248,3.79581271083288,-0.000129890736003002,-0.0034219479699909,-40.7809384864059,40.7740945904659,"No meaningful change"
"SPEI_6","Saline",0.990784913114627,"7","US-A03","SPEI_6__Saline",3.89074876463525,0.795086542729856,2.33237914088473,5.44911838838577,3.72785187663226,0.162896888002994,4.36972533764285,-37.4336959173441,46.1731465926298,"No meaningful change"
"SPEI_12","Saline",0.990784913114627,"7","US-A03","SPEI_12__Saline",3.79612564202701,0.789702042665904,2.24830963840184,5.34394164565218,3.79590600007587,0.000219641951135774,0.00578628530662729,-40.7701445094558,40.781717080069,"No meaningful change"
"SPEI_24","Saline",0.990784913114627,"7","US-A03","SPEI_24__Saline",3.80467857709454,0.790110067589967,2.2560628446182,5.35329430957087,3.79486170186332,0.00981687523121799,0.258688616409863,-40.5495371936624,41.0669144264821,"No meaningful change"
"SPEI_36","Saline",0.990784913114627,"7","US-A03","SPEI_36__Saline",3.83222560148706,0.791458026369014,2.28096786980379,5.38348333317032,3.78973207975865,0.0424935217284017,1.12128036584338,-39.8118964138211,42.0544571455079,"No meaningful change"
"SPEI_48","Saline",0.990784913114627,"7","US-A03","SPEI_48__Saline",3.79641477712372,0.789732939692856,2.24853821532572,5.34429133892172,3.79598202691605,0.000432750207675081,0.0114002175091081,-40.7653092300731,40.7881096650913,"No meaningful change"
"SPEI_1","Upland",1.02502432503834,"7","US-A03","SPEI_1__Upland",5.34161578249204,0.574052190035078,4.21647349002329,6.46675807496079,5.48919319302184,-0.147577410529797,-2.68850822589749,-23.1859156390506,17.8088991872556,"No meaningful change"
"SPEI_3","Upland",1.02502432503834,"7","US-A03","SPEI_3__Upland",5.13810036790963,0.577751883915578,4.0057066754351,6.27049406038417,5.38809641457018,-0.249996046660543,-4.63978420995806,-25.6563660478847,16.3767976279686,"No meaningful change"
"SPEI_6","Upland",1.02502432503834,"7","US-A03","SPEI_6__Upland",5.19916258364361,0.57637926778537,4.06945921878428,6.32886594850293,5.44677574908028,-0.247613165436677,-4.54605030285096,-25.286822769022,16.1947221633201,"No meaningful change"
"SPEI_12","Upland",1.02502432503834,"7","US-A03","SPEI_12__Upland",5.28604721055018,0.574327557128337,4.16036519857864,6.41172922252172,5.4960425846593,-0.209995374109116,-3.82084692529969,-24.3025297840456,16.6608359334463,"No meaningful change"
"SPEI_24","Upland",1.02502432503834,"7","US-A03","SPEI_24__Upland",5.19165664419188,0.574486679390449,4.0656627525866,6.31765053579715,5.49325156310849,-0.30159491891661,-5.49028049146807,-25.9880472270608,15.0074862441247,"No meaningful change"
"SPEI_36","Upland",1.02502432503834,"7","US-A03","SPEI_36__Upland",5.27337850331323,0.573854544889081,4.14862359533064,6.39813341129583,5.50528577568923,-0.231907272375993,-4.21244748819527,-24.6429020333417,16.2180070569511,"No meaningful change"
"SPEI_48","Upland",1.02502432503834,"7","US-A03","SPEI_48__Upland",5.34750559429981,0.573408871449527,4.22362420625874,6.47138698234088,5.50702674358798,-0.159521149288168,-2.89668375905209,-23.3048175918802,17.5114500737761,"No meaningful change"
"SPEI_1","Freshwater",1.02502432503834,"7","US-A03","SPEI_1__Freshwater",4.21907048551669,0.684522811396494,2.87740577517957,5.56073519585382,4.21954140936123,-0.000470923844533289,-0.0111605456339053,-31.8076185057475,31.7852974144797,"No meaningful change"
"SPEI_3","Freshwater",1.02502432503834,"7","US-A03","SPEI_3__Freshwater",4.21958055703843,0.684507984221079,2.87794490796512,5.56121620611174,4.21951351065009,6.70463883389871e-05,0.00158896015310204,-31.7943904978345,31.7975684181407,"No meaningful change"
"SPEI_6","Freshwater",1.02502432503834,"7","US-A03","SPEI_6__Freshwater",4.21919147093031,0.684510077863784,2.87755171831729,5.56083122354332,4.21959154835205,-0.000400077421740086,-0.00948142532649482,-31.8049700938207,31.7860072431677,"No meaningful change"
"SPEI_12","Freshwater",1.02502432503834,"7","US-A03","SPEI_12__Freshwater",4.21932109518792,0.684496148242433,2.87770864463275,5.56093354574309,4.21957016391976,-0.000249068731840829,-0.00590270388132276,-31.8009054751797,31.7891000674171,"No meaningful change"
"SPEI_24","Freshwater",1.02502432503834,"7","US-A03","SPEI_24__Freshwater",4.2180447589249,0.684561627522927,2.87630396897996,5.55978554886983,4.22053295499704,-0.00248819607214301,-0.058954546704748,-31.8497450523526,31.7318359589431,"No meaningful change"
"SPEI_36","Freshwater",1.02502432503834,"7","US-A03","SPEI_36__Freshwater",4.21907007764973,0.684507264566105,2.87743583910016,5.56070431619929,4.21970971318329,-0.000639635533558724,-0.0151582828449162,-31.8096259060089,31.7793093403191,"No meaningful change"
"SPEI_48","Freshwater",1.02502432503834,"7","US-A03","SPEI_48__Freshwater",4.21918688915358,0.684511784624971,2.87754379128864,5.56082998701852,4.21964494790908,-0.000458058755500979,-0.0108553862032386,-31.8060209612063,31.7843101887998,"No meaningful change"
"SPEI_1","Saline",1.02502432503834,"7","US-A03","SPEI_1__Saline",3.79547041576576,0.789752380847155,2.24755574930533,5.34338508222618,3.79571448215135,-0.000244066385596042,-0.0064300512260266,-40.7870175727376,40.7741574702856,"No meaningful change"
"SPEI_3","Saline",1.02502432503834,"7","US-A03","SPEI_3__Saline",3.79568552270923,0.78971592012485,2.24784231926453,5.34352872615394,3.79581271083288,-0.000127188123643762,-0.00335074813572281,-40.7810002624891,40.7742987662177,"No meaningful change"
"SPEI_6","Saline",1.02502432503834,"7","US-A03","SPEI_6__Saline",3.90027956439681,0.795461986800561,2.34117407026771,5.45938505852591,3.72785187663226,0.172427687764555,4.62538999592243,-37.1977710556802,46.4485510475251,"No meaningful change"
"SPEI_12","Saline",1.02502432503834,"7","US-A03","SPEI_12__Saline",3.79613346630985,0.789704061459554,2.24831350584912,5.34395342677057,3.79590600007587,0.00022746623397385,0.00599240955833214,-40.7700426247599,40.7820274438766,"No meaningful change"
"SPEI_24","Saline",1.02502432503834,"7","US-A03","SPEI_24__Saline",3.80501803665159,0.790143281797835,2.25633720432783,5.35369886897534,3.79486170186332,0.0101563347882663,0.267633858258376,-40.5423074253287,41.0775751418455,"No meaningful change"
"SPEI_36","Saline",1.02502432503834,"7","US-A03","SPEI_36__Saline",3.83374753862817,0.791576456855407,2.28225768319157,5.38523739406476,3.78973207975865,0.0440154588695107,1.16143985757204,-39.7778619923731,42.1007417075172,"No meaningful change"
"SPEI_48","Saline",1.02502432503834,"7","US-A03","SPEI_48__Saline",3.79642637671436,0.789736714435296,2.24854241642118,5.34431033700754,3.79598202691605,0.000444349798315979,0.0117057929981028,-40.765198557909,40.7886101439052,"No meaningful change"
"SPEI_1","Upland",1.05926373696205,"7","US-A03","SPEI_1__Upland",5.33799840681359,0.574374942347137,4.21222351981321,6.46377329381398,5.48919319302184,-0.151194786208241,-2.75440817788028,-23.2633399537109,17.7545235979504,"No meaningful change"
"SPEI_3","Upland",1.05926373696205,"7","US-A03","SPEI_3__Upland",5.14297797795775,0.578191390084854,4.00972285339143,6.27623310252406,5.38809641457018,-0.245118436612432,-4.54925854610911,-25.5818280729244,16.4833109807062,"No meaningful change"
"SPEI_6","Upland",1.05926373696205,"7","US-A03","SPEI_6__Upland",5.19362797323428,0.57685293522778,4.06299622018783,6.32425972628072,5.44677574908028,-0.253147775846007,-4.64766290201598,-25.4054800975809,16.110154293549,"No meaningful change"
"SPEI_12","Upland",1.05926373696205,"7","US-A03","SPEI_12__Upland",5.27904677772773,0.574655458402215,4.15272207925939,6.40537147619607,5.4960425846593,-0.216995806931563,-3.94821917023074,-24.4415956519227,16.5451573114612,"No meaningful change"
"SPEI_24","Upland",1.05926373696205,"7","US-A03","SPEI_24__Upland",5.18160383046799,0.574823454537066,4.05494985957534,6.30825780136064,5.49325156310849,-0.311647732640494,-5.67328346536055,-26.1830663862633,14.8364994555422,"No meaningful change"
"SPEI_36","Upland",1.05926373696205,"7","US-A03","SPEI_36__Upland",5.26564942577569,0.574162671605197,4.14029058942951,6.39100826212188,5.50528577568923,-0.239636349913533,-4.35284124525819,-24.7942657634123,16.0885832728959,"No meaningful change"
"SPEI_48","Upland",1.05926373696205,"7","US-A03","SPEI_48__Upland",5.3421887167301,0.573696727707566,4.21774313042327,6.46663430303693,5.50702674358798,-0.164838026857877,-2.99323091266633,-23.4116098067957,17.4251479814631,"No meaningful change"
"SPEI_1","Freshwater",1.05926373696205,"7","US-A03","SPEI_1__Freshwater",4.21905493722972,0.684525459639689,2.87738503633593,5.56072483812351,4.21954140936123,-0.000486472131507654,-0.0115290284965185,-31.808110000951,31.785051943958,"No meaningful change"
"SPEI_3","Freshwater",1.05926373696205,"7","US-A03","SPEI_3__Freshwater",4.21958139840064,0.684509724500138,2.87794233838037,5.56122045842091,4.21951351065009,6.78877505473352e-05,0.00160889994488668,-31.7944513954887,31.7976691953785,"No meaningful change"
"SPEI_6","Freshwater",1.05926373696205,"7","US-A03","SPEI_6__Freshwater",4.21917642358754,0.684512140176664,2.87753262884128,5.5608202183338,4.21959154835205,-0.000415124764510999,-0.00983803194584379,-31.80542249486,31.7857464309683,"No meaningful change"
"SPEI_12","Freshwater",1.05926373696205,"7","US-A03","SPEI_12__Freshwater",4.21931277741188,0.684497223502936,2.87769821934612,5.56092733547763,4.21957016391976,-0.000257386507886537,-0.00609982765750334,-31.8011525450524,31.7889528897374,"No meaningful change"
"SPEI_24","Freshwater",1.05926373696205,"7","US-A03","SPEI_24__Freshwater",4.21794778010652,0.684566933378531,2.8761965906846,5.55969896952844,4.22053295499704,-0.00258517489051613,-0.0612523327760141,-31.8522892404089,31.7297845748569,"No meaningful change"
"SPEI_36","Freshwater",1.05926373696205,"7","US-A03","SPEI_36__Freshwater",4.21904762373263,0.684509103200165,2.87740978146031,5.56068546600496,4.21970971318329,-0.000662089450654157,-0.0156904027920605,-31.8102434281046,31.7788626225205,"No meaningful change"
"SPEI_48","Freshwater",1.05926373696205,"7","US-A03","SPEI_48__Freshwater",4.21917052355559,0.684513955372574,2.87752317102535,5.56081787608584,4.21964494790908,-0.000474424353485325,-0.011243229213406,-31.8065096341525,31.7840231757257,"No meaningful change"
"SPEI_1","Saline",1.05926373696205,"7","US-A03","SPEI_1__Saline",3.79547634262588,0.789756959221031,2.24755270255266,5.3433999826991,3.79571448215135,-0.000238139525470249,-0.00627390512616416,-40.7870978409634,40.7745500307111,"No meaningful change"
"SPEI_3","Saline",1.05926373696205,"7","US-A03","SPEI_3__Saline",3.7956885447203,0.789718567427743,2.24784015256192,5.34353693687867,3.79581271083288,-0.000124166112578816,-0.00327113380026518,-40.7810573438777,40.7745150762772,"No meaningful change"
"SPEI_6","Saline",1.05926373696205,"7","US-A03","SPEI_6__Saline",3.90986045028005,0.795868018145904,2.34995913471407,5.46976176584602,3.72785187663226,0.18200857364779,4.88239821943293,-36.9621108219292,46.726907260795,"No meaningful change"
"SPEI_12","Saline",1.05926373696205,"7","US-A03","SPEI_12__Saline",3.79614122572203,0.789706141976203,2.24831718744867,5.34396526399539,3.79590600007587,0.0002352256461573,0.00619682484636338,-40.7699456360686,40.7823392857614,"No meaningful change"
"SPEI_24","Saline",1.05926373696205,"7","US-A03","SPEI_24__Saline",3.805356189413,0.790177713579931,2.25660787079634,5.35410450802966,3.79486170186332,0.0104944875496784,0.276544664184349,-40.5351749791484,41.0882643075171,"No meaningful change"
"SPEI_36","Saline",1.05926373696205,"7","US-A03","SPEI_36__Saline",3.83524962639809,0.791699292752897,2.28351901260241,5.38698024019377,3.78973207975865,0.0455175466394317,1.20107558216439,-39.744579180177,42.1467303445058,"No meaningful change"
"SPEI_48","Saline",1.05926373696205,"7","US-A03","SPEI_48__Saline",3.79643775720257,0.789740597256194,2.24854618658043,5.34432932782472,3.79598202691605,0.000455730286527789,0.0120055965306568,-40.765099238175,40.7891104312363,"No meaningful change"
"SPEI_1","Upland",1.09350314888576,"7","US-A03","SPEI_1__Upland",5.33445122288122,0.574714722195565,4.20801036737791,6.46089207838453,5.48919319302184,-0.154741970140616,-2.81902940376252,-23.3400935363804,17.7020347288554,"No meaningful change"
"SPEI_3","Upland",1.09350314888576,"7","US-A03","SPEI_3__Upland",5.14848088036111,0.578676447090577,4.01427504406358,6.28268671665864,5.38809641457018,-0.239615534209069,-4.447127812359,-25.4973420073106,16.6030863825926,"No meaningful change"
"SPEI_6","Upland",1.09350314888576,"7","US-A03","SPEI_6__Upland",5.18823301812059,0.577360968260062,4.05660552033087,6.31986051591031,5.44677574908028,-0.258542730959694,-4.74671150181555,-25.5228100584856,16.0293870548545,"No meaningful change"
"SPEI_12","Upland",1.09350314888576,"7","US-A03","SPEI_12__Upland",5.27204645047866,0.574993903374102,4.14505839986542,6.3990345010919,5.4960425846593,-0.223996134180632,-4.07558949426368,-24.5810356085081,16.4298566199808,"No meaningful change"
"SPEI_24","Upland",1.09350314888576,"7","US-A03","SPEI_24__Upland",5.17155106633747,0.575170951846424,4.04421600071848,6.29888613195646,5.49325156310849,-0.321700496771016,-5.85628553644782,-26.3784672109579,14.6658961380623,"No meaningful change"
"SPEI_36","Upland",1.09350314888576,"7","US-A03","SPEI_36__Upland",5.25792057842415,0.574481092624228,4.13193763688066,6.38390351996763,5.50528577568923,-0.247365197265079,-4.49323082113954,-24.9459918115991,15.95953016932,"No meaningful change"
"SPEI_48","Upland",1.09350314888576,"7","US-A03","SPEI_48__Upland",5.336872051173,0.573994564620415,4.21184270451698,6.46190139782901,5.50702674358798,-0.170154692414979,-3.08977421642442,-23.5187533922733,17.3392049594244,"No meaningful change"
"SPEI_1","Freshwater",1.09350314888576,"7","US-A03","SPEI_1__Freshwater",4.21903949080932,0.684528184542404,2.8773642491062,5.56071473251243,4.21954140936123,-0.000501918551911729,-0.011895097197013,-31.8086026428689,31.7848124484749,"No meaningful change"
"SPEI_3","Freshwater",1.09350314888576,"7","US-A03","SPEI_3__Freshwater",4.21958218797658,0.684511519188206,2.8779396103677,5.56122476558547,4.21951351065009,6.86773264915175e-05,0.00162761243252748,-31.7945160477919,31.797771272657,"No meaningful change"
"SPEI_6","Freshwater",1.09350314888576,"7","US-A03","SPEI_6__Freshwater",4.2191614075208,0.684514277188069,2.87751342423219,5.56080939080942,4.21959154835205,-0.000430140831245929,-0.010193897355158,-31.8058776244352,31.7854898297249,"No meaningful change"
"SPEI_12","Freshwater",1.09350314888576,"7","US-A03","SPEI_12__Freshwater",4.21930451533052,0.684498344178921,2.87768776073983,5.5609212699212,4.21957016391976,-0.00026564858924516,-0.00629563151992681,-31.8014004045709,31.788809141531,"No meaningful change"
"SPEI_24","Freshwater",1.09350314888576,"7","US-A03","SPEI_24__Freshwater",4.21785136338383,0.684572471921037,2.8760893184186,5.55961340834907,4.22053295499704,-0.00268159161320636,-0.063536800726349,-31.8548309162387,31.727757314786,"No meaningful change"
"SPEI_36","Freshwater",1.09350314888576,"7","US-A03","SPEI_36__Freshwater",4.21902536145482,0.684511018656462,2.87738376488815,5.56066695802148,4.21970971318329,-0.000684351728466481,-0.016217981211561,-31.8108599769651,31.778424014542,"No meaningful change"
"SPEI_48","Freshwater",1.09350314888576,"7","US-A03","SPEI_48__Freshwater",4.21915433187595,0.68451621085488,2.87750255860038,5.56080610515151,4.21964494790908,-0.000490616033133939,-0.0116269505892208,-31.806998121341,31.7837442201625,"No meaningful change"
"SPEI_1","Saline",1.09350314888576,"7","US-A03","SPEI_1__Saline",3.79548285222602,0.789761644239245,2.2475500295171,5.34341567493494,3.79571448215135,-0.000231629925330434,-0.00610240644863125,-40.7871682634247,40.7749634505274,"No meaningful change"
"SPEI_3","Saline",1.09350314888576,"7","US-A03","SPEI_3__Saline",3.79569188222446,0.789721283252301,2.24783816704995,5.34354559739897,3.79581271083288,-0.000120828608414669,-0.00318320785611567,-40.7811096518318,40.7747432361196,"No meaningful change"
"SPEI_6","Saline",1.09350314888576,"7","US-A03","SPEI_6__Saline",3.91947977064123,0.796304940607263,2.358722087051,5.48023745423146,3.72785187663226,0.191627894008975,5.1404374516643,-36.7270437477289,47.0079186510575,"No meaningful change"
"SPEI_12","Saline",1.09350314888576,"7","US-A03","SPEI_12__Saline",3.79614891420837,0.789708282044969,2.24832068140023,5.34397714701651,3.79590600007587,0.000242914132495997,0.0063993716517517,-40.7698535908083,40.7826523341118,"No meaningful change"
"SPEI_24","Saline",1.09350314888576,"7","US-A03","SPEI_24__Saline",3.80569294765374,0.790213347378894,2.2568747867911,5.35451110851637,3.79486170186332,0.0108312457904161,0.285418722508327,-40.528141363282,41.0989788082987,"No meaningful change"
"SPEI_36","Saline",1.09350314888576,"7","US-A03","SPEI_36__Saline",3.83673003530906,0.791826360650077,2.28475036843491,5.38870970218321,3.78973207975865,0.0469979555504048,1.24013926476295,-39.7120872834786,42.1923658130045,"No meaningful change"
"SPEI_48","Saline",1.09350314888576,"7","US-A03","SPEI_48__Saline",3.79644891449549,0.789744584975534,2.24854952794344,5.34434830104754,3.79598202691605,0.00046688757944402,0.0122995202857515,-40.7650112144966,40.7896102550681,"No meaningful change"
"SPEI_1","Upland",1.12774256080947,"7","US-A03","SPEI_1__Upland",5.33097355805193,0.57507180038519,4.20383282929696,6.4581142868069,5.48919319302184,-0.158219634969907,-2.88238415749412,-23.4161983105076,17.6514299955194,"No meaningful change"
"SPEI_3","Upland",1.12774256080947,"7","US-A03","SPEI_3__Upland",5.15459654449403,0.579208240829242,4.01934839246872,6.28984469651935,5.38809641457018,-0.233499870076146,-4.33362456998226,-25.4031835510621,16.7359344110976,"No meaningful change"
"SPEI_6","Upland",1.12774256080947,"7","US-A03","SPEI_6__Upland",5.18297820511285,0.577904615746573,4.05028515824956,6.31567125197613,5.44677574908028,-0.263797543967436,-4.84318716466305,-25.638848654023,15.9524743246969,"No meaningful change"
"SPEI_12","Upland",1.12774256080947,"7","US-A03","SPEI_12__Upland",5.26504624519746,0.575342878116436,4.13737420408925,6.39271828630568,5.4960425846593,-0.230996339461832,-4.20295759910223,-24.7208488588207,16.3149336606162,"No meaningful change"
"SPEI_24","Upland",1.12774256080947,"7","US-A03","SPEI_24__Upland",5.16149835419125,0.575529153557616,4.03346121321832,6.28953549516418,5.49325156310849,-0.331753208917233,-6.03928666120476,-26.5742490239079,14.4956757014984,"No meaningful change"
"SPEI_36","Upland",1.12774256080947,"7","US-A03","SPEI_36__Upland",5.25019197410139,0.574809794529616,4.12356477682334,6.37681917137944,5.50528577568923,-0.255093801587835,-4.63361598255812,-25.0980794669628,15.8308475018466,"No meaningful change"
"SPEI_48","Upland",1.12774256080947,"7","US-A03","SPEI_48__Upland",5.331555609534,0.574302369288562,4.20592296572841,6.45718825333958,5.50702674358798,-0.175471134053981,-3.18631345413908,-23.6262476730204,17.2536207647422,"No meaningful change"
"SPEI_1","Freshwater",1.12774256080947,"7","US-A03","SPEI_1__Freshwater",4.21902415082616,0.684530983470006,2.87734342322495,5.56070487842737,4.21954140936123,-0.000517258535066567,-0.0122586434136896,-31.8090962007994,31.784578913972,"No meaningful change"
"SPEI_3","Freshwater",1.12774256080947,"7","US-A03","SPEI_3__Freshwater",4.2195829276604,0.684513366313046,2.87793672968683,5.56122912563397,4.21951351065009,6.94170103079372e-05,0.00164514250594833,-31.7945843182421,31.797874603254,"No meaningful change"
"SPEI_6","Freshwater",1.12774256080947,"7","US-A03","SPEI_6__Freshwater",4.21914643368366,0.684516486811909,2.87749411953232,5.560798747835,4.21959154835205,-0.000445114668390367,-0.0105487619664089,-31.8063351260594,31.7852376021266,"No meaningful change"
"SPEI_12","Freshwater",1.12774256080947,"7","US-A03","SPEI_12__Freshwater",4.21929631273953,0.684499509055634,2.87767727499049,5.56091535048858,4.21957016391976,-0.000273851180230267,-0.00649002551425459,-31.8016489073552,31.7886688563267,"No meaningful change"
"SPEI_24","Freshwater",1.12774256080947,"7","US-A03","SPEI_24__Freshwater",4.21775560371873,0.684578233561876,2.87598226593745,5.55952894150001,4.22053295499704,-0.00277735127830958,-0.0658057005578228,-31.8573673845542,31.7257559834385,"No meaningful change"
"SPEI_36","Freshwater",1.12774256080947,"7","US-A03","SPEI_36__Freshwater",4.21900330795702,0.68451300823869,2.87735781180918,5.56064880410485,4.21970971318329,-0.000706405226270412,-0.0167406118971514,-31.8114750211443,31.77799379735,"No meaningful change"
"SPEI_48","Freshwater",1.12774256080947,"7","US-A03","SPEI_48__Freshwater",4.21913832612141,0.684518548552644,2.87748197095823,5.56079468128459,4.21964494790908,-0.000506621787668138,-0.0120062657859207,-31.8074860212094,31.7834734896376,"No meaningful change"
"SPEI_1","Saline",1.12774256080947,"7","US-A03","SPEI_1__Saline",3.79548993185849,0.789766429033235,2.24754773095335,5.34343213276363,3.79571448215135,-0.000224550292864834,-0.00591588998384204,-40.7872288202386,40.7753970402709,"No meaningful change"
"SPEI_3","Saline",1.12774256080947,"7","US-A03","SPEI_3__Saline",3.79569553098194,0.789724063980436,2.24783636558028,5.34355469638359,3.79581271083288,-0.000117179850938065,-0.00308708199968996,-40.7811571112247,40.7749829472253,"No meaningful change"
"SPEI_6","Saline",1.12774256080947,"7","US-A03","SPEI_6__Saline",3.92912625501588,0.796772896700941,2.36745137748204,5.49080113254973,3.72785187663226,0.201274378383626,5.39920536127787,-36.4928796575256,47.2912903800813,"No meaningful change"
"SPEI_12","Saline",1.12774256080947,"7","US-A03","SPEI_12__Saline",3.79615652604898,0.789710479429575,2.24832398636701,5.34398906573095,3.79590600007587,0.000250525973105375,0.00659989928887512,-40.7697665241955,40.7829663227733,"No meaningful change"
"SPEI_24","Saline",1.12774256080947,"7","US-A03","SPEI_24__Saline",3.80602822955289,0.790250167038504,2.25713790215742,5.35491855694836,3.79486170186332,0.0111665276895683,0.294253877133003,-40.5212078993777,41.1097156536437,"No meaningful change"
"SPEI_36","Saline",1.12774256080947,"7","US-A03","SPEI_36__Saline",3.83818703464831,0.791957474454722,2.28595038471706,5.39042368457957,3.78973207975865,0.0484549548896571,1.27858523689471,-39.6804223463038,42.2375928200933,"No meaningful change"
"SPEI_48","Saline",1.12774256080947,"7","US-A03","SPEI_48__Saline",3.79645984497853,0.789748674325351,2.24855244330084,5.34436724665622,3.79598202691605,0.000477818062483149,0.0125874690421372,-40.7649344133585,40.7901093514428,"No meaningful change"
"SPEI_1","Upland",1.16198197273318,"7","US-A03","SPEI_1__Upland",5.32756463950986,0.575446429399455,4.19968963788693,6.45543964113279,5.48919319302184,-0.161628553511972,-2.94448651793569,-23.4916773702589,17.6027043343875,"No meaningful change"
"SPEI_3","Upland",1.16198197273318,"7","US-A03","SPEI_3__Upland",5.1613117744848,0.579787588483904,4.02492810105635,6.29769544791326,5.38809641457018,-0.226784640085373,-4.20899372684044,-25.2996273382864,16.8816398846055,"No meaningful change"
"SPEI_6","Upland",1.16198197273318,"7","US-A03","SPEI_6__Upland",5.17786380786621,0.578485095710141,4.04403302027433,6.31169459545809,5.44677574908028,-0.268911941214073,-4.93708486639055,-25.753634690079,15.8794649572979,"No meaningful change"
"SPEI_12","Upland",1.16198197273318,"7","US-A03","SPEI_12__Upland",5.25804617767826,0.575702368113736,4.12966953617534,6.38642281918118,5.4960425846593,-0.237996406981033,-4.3303231973736,-24.8610345978361,16.200388203089,"No meaningful change"
"SPEI_24","Upland",1.16198197273318,"7","US-A03","SPEI_24__Upland",5.15144569626114,0.575898041345755,4.02268553522347,6.28020585729882,5.49325156310849,-0.341805866847341,-6.22228679900329,-26.7704111306504,14.3258375326438,"No meaningful change"
"SPEI_36","Upland",1.16198197273318,"7","US-A03","SPEI_36__Upland",5.24246362484703,0.575148763355857,4.11517204866955,6.36975520102451,5.50528577568923,-0.262822150842195,-4.7739965108222,-25.2505280136096,15.7025349919652,"No meaningful change"
"SPEI_48","Upland",1.16198197273318,"7","US-A03","SPEI_48__Upland",5.32623940291815,0.574620128278322,4.19998395149264,6.45249485434366,5.50702674358798,-0.180787340669825,-3.28284842415778,-23.7340919692676,17.1683951209521,"No meaningful change"
"SPEI_1","Freshwater",1.16198197273318,"7","US-A03","SPEI_1__Freshwater",4.21900892148231,0.684533853726555,2.87732256817826,5.56069527478635,4.21954140936123,-0.000532487878919241,-0.0126195675610125,-31.809590449929,31.7843513148069,"No meaningful change"
"SPEI_3","Freshwater",1.16198197273318,"7","US-A03","SPEI_3__Freshwater",4.21958361936558,0.684515263850457,2.87793370221869,5.56123353651248,4.21951351065009,7.01087154917346e-05,0.00166153551386385,-31.7946560674648,31.7979791384925,"No meaningful change"
"SPEI_6","Freshwater",1.16198197273318,"7","US-A03","SPEI_6__Freshwater",4.2191315126344,0.684518766894524,2.87747472952113,5.56078829574767,4.21959154835205,-0.000460035717648744,-0.0109023755588005,-31.8067946494744,31.7849898983568,"No meaningful change"
"SPEI_12","Freshwater",1.16198197273318,"7","US-A03","SPEI_12__Freshwater",4.21928817320572,0.684500716872124,2.87766676813635,5.56090957827508,4.21957016391976,-0.000281990714046998,-0.00668292511067154,-31.801897910304,31.7885320600827,"No meaningful change"
"SPEI_24","Freshwater",1.16198197273318,"7","US-A03","SPEI_24__Freshwater",4.21766059177104,0.684584208295679,2.87587554351151,5.55944564003057,4.22053295499704,-0.0028723632259986,-0.0680568842045829,-31.8598960326439,31.7237822642347,"No meaningful change"
"SPEI_36","Freshwater",1.16198197273318,"7","US-A03","SPEI_36__Freshwater",4.21898147943984,0.684515069143476,2.87733194391863,5.56063101496106,4.21970971318329,-0.000728233743442885,-0.0172579109214012,-31.8120880465018,31.777572224659,"No meaningful change"
"SPEI_48","Freshwater",1.16198197273318,"7","US-A03","SPEI_48__Freshwater",4.21912251747858,0.684520965854627,2.87746142440351,5.56078361055365,4.21964494790908,-0.000522430430502041,-0.0123809096962273,-31.8079729473602,31.7832111279677,"No meaningful change"
"SPEI_1","Saline",1.16198197273318,"7","US-A03","SPEI_1__Saline",3.79549756836647,0.78977130659526,2.24754580743975,5.34344932929318,3.79571448215135,-0.000216913784887751,-0.00571470235466203,-40.787279496168,40.7758500914587,"No meaningful change"
"SPEI_3","Saline",1.16198197273318,"7","US-A03","SPEI_3__Saline",3.79569948644209,0.789726905916292,2.24783475084616,5.34356422203802,3.79581271083288,-0.00011322439078576,-0.00298287611669113,-40.7811996511035,40.7752338988701,"No meaningful change"
"SPEI_6","Saline",1.16198197273318,"7","US-A03","SPEI_6__Saline",3.93878900020898,0.797271874158548,2.37613612685823,5.50144187355973,3.72785187663226,0.210937123576725,5.65840946897509,-36.2599103855803,47.5767293235305,"No meaningful change"
"SPEI_12","Saline",1.16198197273318,"7","US-A03","SPEI_12__Saline",3.79616405584394,0.789712731842742,2.24832710143217,5.34400101025572,3.79590600007587,0.000258055768069809,0.00679826550142841,-40.7696844603837,40.7832809913865,"No meaningful change"
"SPEI_24","Saline",1.16198197273318,"7","US-A03","SPEI_24__Saline",3.80636195879864,0.790288155925629,2.25739717318441,5.35532674441287,3.79486170186332,0.0115002569353218,0.303048117133623,-40.5143757392792,41.1204719735464,"No meaningful change"
"SPEI_36","Saline",1.16198197273318,"7","US-A03","SPEI_36__Saline",3.83961898893785,0.792092436994981,2.28711781242769,5.39212016544801,3.78973207975865,0.0498869091791967,1.31637034305532,-39.649617326686,42.2823580127967,"No meaningful change"
"SPEI_48","Saline",1.16198197273318,"7","US-A03","SPEI_48__Saline",3.79647054549456,0.78975286197005,2.24855493603326,5.34438615495585,3.79598202691605,0.000488518578509733,0.012869359629361,-40.7648687457026,40.7906074649613,"No meaningful change"
"SPEI_1","Upland",1.19622138465689,"7","US-A03","SPEI_1__Upland",5.32422357327163,0.575838853639146,4.19557942013891,6.45286772640436,5.48919319302184,-0.164969619750201,-3.00535277133111,-23.5665557285803,17.555850185918,"No meaningful change"
"SPEI_3","Upland",1.19622138465689,"7","US-A03","SPEI_3__Upland",5.16861260222331,0.580415023522577,4.03099915611906,6.30622604832756,5.38809641457018,-0.21948381234687,-4.07349452310012,-25.1869520148403,17.0399629686401,"No meaningful change"
"SPEI_6","Upland",1.19622138465689,"7","US-A03","SPEI_6__Upland",5.17288982070047,0.579103618724422,4.03784672800061,6.30793291340034,5.44677574908028,-0.273885928379809,-5.02840471128367,-25.8672118329377,15.8104024103704,"No meaningful change"
"SPEI_12","Upland",1.19622138465689,"7","US-A03","SPEI_12__Upland",5.25104626286095,0.576072358338644,4.12194444051721,6.38014808520469,5.4960425846593,-0.244996321798348,-4.4576860172479,-25.0015920178186,16.0862199833228,"No meaningful change"
"SPEI_24","Upland",1.19622138465689,"7","US-A03","SPEI_24__Upland",5.14139309456972,0.576277596346553,4.01188900573047,6.27089718340896,5.49325156310849,-0.351858468538767,-6.40528591302415,-26.9669528212858,14.1563809952375,"No meaningful change"
"SPEI_36","Upland",1.19622138465689,"7","US-A03","SPEI_36__Upland",5.23473554164453,0.575497984650485,4.10675949172958,6.36271159155948,5.50528577568923,-0.270550234044695,-4.91437220642417,-25.4033367374931,15.5745923246448,"No meaningful change"
"SPEI_48","Upland",1.19622138465689,"7","US-A03","SPEI_48__Upland",5.32092344140389,0.574947827683317,4.19402569914459,6.44782118366319,5.50702674358798,-0.186103302184088,-3.37937894347025,-23.8422856030645,17.083527716124,"No meaningful change"
"SPEI_1","Freshwater",1.19622138465689,"7","US-A03","SPEI_1__Freshwater",4.21899380651346,0.684536792623064,2.87730169297226,5.56068592005467,4.21954140936123,-0.000547602847763784,-0.0129777811055226,-31.8100851768193,31.7841296146083,"No meaningful change"
"SPEI_3","Freshwater",1.19622138465689,"7","US-A03","SPEI_3__Freshwater",4.2195842650228,0.684517209775874,2.87793053386209,5.56123799618351,4.21951351065009,7.07543727065385e-05,0.00167683721187179,-31.7947311556614,31.7980848300851,"No meaningful change"
"SPEI_6","Freshwater",1.19622138465689,"7","US-A03","SPEI_6__Freshwater",4.21911665438792,0.684521115270136,2.87745526845845,5.56077804031739,4.21959154835205,-0.000474893964127254,-0.0112545007896019,-31.8072558567372,31.784746855158,"No meaningful change"
"SPEI_12","Freshwater",1.19622138465689,"7","US-A03","SPEI_12__Freshwater",4.21928009999765,0.684501966354439,2.87765624594295,5.56090395405235,4.21957016391976,-0.000290063922111727,-0.00687425284669927,-31.8021472767796,31.7883987710862,"No meaningful change"
"SPEI_24","Freshwater",1.19622138465689,"7","US-A03","SPEI_24__Freshwater",4.21756641252333,0.684590385976008,2.87576925601035,5.5593635690363,4.22053295499704,-0.00296654247371109,-0.0702883381161318,-31.8624143757605,31.7218376995282,"No meaningful change"
"SPEI_36","Freshwater",1.19622138465689,"7","US-A03","SPEI_36__Freshwater",4.21895989087819,0.684517198535056,2.87730618174948,5.5606136000069,4.21970971318329,-0.00074982230509768,-0.0177695234047753,-31.8126985664404,31.7771595196309,"No meaningful change"
"SPEI_48","Freshwater",1.19622138465689,"7","US-A03","SPEI_48__Freshwater",4.21910691610681,0.684523460126888,2.87744093425811,5.56077289795551,4.21964494790908,-0.000538031802267191,-0.0127506415565555,-31.8084585366846,31.7829572535715,"No meaningful change"
"SPEI_1","Saline",1.19622138465689,"7","US-A03","SPEI_1__Saline",3.79550574804756,0.78977626995538,2.24754425893501,5.3434672371601,3.79571448215135,-0.000208734103793518,-0.0054992045575359,-40.7873202923013,40.7763218831862,"No meaningful change"
"SPEI_3","Saline",1.19622138465689,"7","US-A03","SPEI_3__Saline",3.79570374365874,0.789729805379118,2.24783332511567,5.34357416220181,3.79581271083288,-0.000108967174133223,-0.0028707205132182,-40.7812372117155,40.775495770689,"No meaningful change"
"SPEI_6","Saline",1.19622138465689,"7","US-A03","SPEI_6__Saline",3.94845758697456,0.797801735054249,2.38476618626824,5.51214898768089,3.72785187663226,0.220605710342309,5.91777027743937,-36.0284081774559,47.8639487323346,"No meaningful change"
"SPEI_12","Saline",1.19622138465689,"7","US-A03","SPEI_12__Saline",3.796171498611,0.789715037003117,2.24833002608489,5.34401297113711,3.79590600007587,0.00026549853512936,0.00699433903589956,-40.7696074128297,40.7835960909015,"No meaningful change"
"SPEI_24","Saline",1.19622138465689,"7","US-A03","SPEI_24__Saline",3.80669406613931,0.790327297379951,2.2576525632746,5.35573556900401,3.79486170186332,0.0118323642759877,0.31179961762975,-40.5076458473817,41.1312450826412,"No meaningful change"
"SPEI_36","Saline",1.19622138465689,"7","US-A03","SPEI_36__Saline",3.84102438801476,0.792231046417929,2.28825153703562,5.3937972389939,3.78973207975865,0.0512923082561074,1.35345473444059,-39.6197016338594,42.3266111027406,"No meaningful change"
"SPEI_48","Saline",1.19622138465689,"7","US-A03","SPEI_48__Saline",3.79648101348367,0.789757144591742,2.24855701008385,5.34440501688348,3.79598202691605,0.000498986567620818,0.0131451246102503,-40.7648141076517,40.7911043568722,"No meaningful change"
"SPEI_1","Upland",1.2304607965806,"7","US-A03","SPEI_1__Upland",5.32094927196887,0.576249331007949,4.1915005831933,6.45039796074445,5.48919319302184,-0.16824392105296,-3.06500272693702,-23.6408624035721,17.5108569496981,"No meaningful change"
"SPEI_3","Upland",1.2304607965806,"7","US-A03","SPEI_3__Upland",5.17648386040371,0.581090973624996,4.03754555209872,6.3154221687087,5.38809641457018,-0.21161255416647,-3.92740845531716,-25.0654546347645,17.2106377241302,"No meaningful change"
"SPEI_6","Upland",1.2304607965806,"7","US-A03","SPEI_6__Upland",5.16805577068717,0.579761433419075,4.03172336118578,6.30438818018856,5.44677574908028,-0.278719978393111,-5.1171553820657,-25.9796336967505,15.7453229326191,"No meaningful change"
"SPEI_12","Upland",1.2304607965806,"7","US-A03","SPEI_12__Upland",5.24404651419273,0.576452833401329,4.11419896072612,6.37389406765933,5.4960425846593,-0.251996070466566,-4.58504581405436,-25.1425203252648,15.9724286971561,"No meaningful change"
"SPEI_24","Upland",1.2304607965806,"7","US-A03","SPEI_24__Upland",5.13134055078858,0.576667799200072,4.00107166435644,6.26160943722072,5.49325156310849,-0.361911012319905,-6.5882839728372,-27.1638733746186,13.9873054289442,"No meaningful change"
"SPEI_36","Upland",1.2304607965806,"7","US-A03","SPEI_36__Upland",5.22700773370534,0.575857443596083,4.09832714425702,6.35568832315367,5.50528577568923,-0.278278041983883,-5.05474290204389,-25.5565049437613,15.4470191396735,"No meaningful change"
"SPEI_48","Upland",1.2304607965806,"7","US-A03","SPEI_48__Upland",5.31560773337052,0.575285453247743,4.18804824500494,6.44316722173609,5.50702674358798,-0.191419010217459,-3.47590485991982,-23.9508279148774,16.9990181950378,"No meaningful change"
"SPEI_1","Freshwater",1.2304607965806,"7","US-A03","SPEI_1__Freshwater",4.21897880888962,0.684539797635231,2.87728080552456,5.56067681225467,4.21954140936123,-0.000562600471610608,-0.0133332136606707,-31.8105801938287,31.7839137665074,"No meaningful change"
"SPEI_3","Freshwater",1.2304607965806,"7","US-A03","SPEI_3__Freshwater",4.21958486658367,0.684519202182666,2.87792723030565,5.5612425028617,4.21951351065009,7.13559335832059e-05,0.00169109385248093,-31.7948094480149,31.7981916357199,"No meaningful change"
"SPEI_6","Freshwater",1.2304607965806,"7","US-A03","SPEI_6__Freshwater",4.21910186802527,0.684523529886123,2.87743574944847,5.56076798660207,4.21959154835205,-0.000489680326777986,-0.0116049224472741,-31.8077184372918,31.7845085923972,"No meaningful change"
"SPEI_12","Freshwater",1.2304607965806,"7","US-A03","SPEI_12__Freshwater",4.21927209588603,0.684503256289821,2.87764571355798,5.56089847821408,4.21957016391976,-0.000298068033730559,-0.0070639430593961,-31.802396884786,31.7882689986672,"No meaningful change"
"SPEI_24","Freshwater",1.2304607965806,"7","US-A03","SPEI_24__Freshwater",4.21747314140954,0.684596756927136,2.87566349783236,5.55928278498673,4.22053295499704,-0.00305981358749641,-0.0724982749838178,-31.8649201772582,31.7199236272906,"No meaningful change"
"SPEI_36","Freshwater",1.2304607965806,"7","US-A03","SPEI_36__Freshwater",4.21893855519937,0.684519393711658,2.87728054352452,5.56059656687422,4.21970971318329,-0.000771157983919579,-0.0182751429917161,-31.8133061491109,31.7767558631275,"No meaningful change"
"SPEI_48","Freshwater",1.2304607965806,"7","US-A03","SPEI_48__Freshwater",4.21909153048824,0.68452602886835,2.87742051390627,5.5607625470702,4.21964494790908,-0.000553417420843694,-0.0131152603518911,-31.8089424719942,31.7827119512905,"No meaningful change"
"SPEI_1","Saline",1.2304607965806,"7","US-A03","SPEI_1__Saline",3.79551445632824,0.789781312592022,2.24754308364788,5.3434858290086,3.79571448215135,-0.000200025823112959,-0.00526978053943582,-40.7873512558299,40.776811694751,"No meaningful change"
"SPEI_3","Saline",1.2304607965806,"7","US-A03","SPEI_3__Saline",3.79570829703573,0.789732758917867,2.24783208955671,5.34358450451475,3.79581271083288,-0.000104413797143099,-0.00275076261916486,-40.781269762293,40.7757682370547,"No meaningful change"
"SPEI_6","Saline",1.2304607965806,"7","US-A03","SPEI_6__Saline",3.95812240999751,0.798362282996483,2.3933323353244,5.52291248467062,3.72785187663226,0.230270533365255,6.17703012313036,-35.7986203709751,48.1526806172358,"No meaningful change"
"SPEI_12","Saline",1.2304607965806,"7","US-A03","SPEI_12__Saline",3.79617885006599,0.78971739276627,2.2483327602441,5.34402493988788,3.79590600007587,0.000272849990115454,0.00718800702941537,-40.7695353836697,40.7839113977285,"No meaningful change"
"SPEI_24","Saline",1.2304607965806,"7","US-A03","SPEI_24__Saline",3.80702449400238,0.790367575735267,2.25790404556126,5.35614494244351,3.79486170186332,0.0121627921390624,0.320506861504077,-40.5010189316622,41.1420326546703,"No meaningful change"
"SPEI_36","Saline",1.2304607965806,"7","US-A03","SPEI_36__Saline",3.84240193208751,0.792373110906754,2.28935063471027,5.39545322946474,3.78973207975865,0.0526698523288514,1.38980411333472,-39.5906996450244,42.3703078716939,"No meaningful change"
"SPEI_48","Saline",1.2304607965806,"7","US-A03","SPEI_48__Saline",3.79649124738344,0.789761519088186,2.24855866997059,5.34442382479628,3.79598202691605,0.000509220467390215,0.0134147228248053,-40.7647703801859,40.7915998258355,"No meaningful change"
"SPEI_1","Upland",1.26470020850431,"7","US-A03","SPEI_1__Upland",5.31774047399026,0.576678138998693,4.18745132155282,6.4480296264277,5.48919319302184,-0.171452719031572,-3.12345936830082,-23.7146302870858,17.4677115504842,"No meaningful change"
"SPEI_3","Upland",1.26470020850431,"7","US-A03","SPEI_3__Upland",5.18490933336648,0.581815842796146,4.04455028148604,6.32526838524693,5.38809641457018,-0.203187081203697,-3.7710364768947,-24.9354508477429,17.3933778939535,"No meaningful change"
"SPEI_6","Upland",1.26470020850431,"7","US-A03","SPEI_6__Upland",5.16336074411369,0.580459841390955,4.02565945498742,6.30106203323996,5.44677574908028,-0.283415004966597,-5.20335365403014,-26.090963894242,15.6842565861817,"No meaningful change"
"SPEI_12","Upland",1.26470020850431,"7","US-A03","SPEI_12__Upland",5.23704694365416,0.576843777592524,4.10643313957281,6.36766074773551,5.4960425846593,-0.258995641005136,-4.7124023698079,-25.2838187419653,15.8590140023496,"No meaningful change"
"SPEI_24","Upland",1.26470020850431,"7","US-A03","SPEI_24__Upland",5.12128806625682,0.577068630066693,3.9902335513261,6.25234258118754,5.49325156310849,-0.371963496851663,-6.77128095406537,-27.3611720583913,13.8186101502605,"No meaningful change"
"SPEI_36","Upland",1.26470020850431,"7","US-A03","SPEI_36__Upland",5.21928020856164,0.576227125044546,4.08987504347433,6.34868537364895,5.50528577568923,-0.286005567127588,-5.19510846086426,-25.710031956292,15.3198150345635,"No meaningful change"
"SPEI_48","Upland",1.26470020850431,"7","US-A03","SPEI_48__Upland",5.31029228560706,0.575632990400436,4.18205162442221,6.43853294679192,5.50702674358798,-0.196734457980914,-3.57242605022717,-24.0597182628264,16.914866162372,"No meaningful change"
"SPEI_1","Freshwater",1.26470020850431,"7","US-A03","SPEI_1__Freshwater",4.21896393086971,0.684542866433563,2.87725991265993,5.56066794907949,4.21954140936123,-0.000577478491516459,-0.0136858116911781,-31.8110753392156,31.7837037158333,"No meaningful change"
"SPEI_3","Freshwater",1.26470020850431,"7","US-A03","SPEI_3__Freshwater",4.21958542601247,0.684521239306117,2.87792379697249,5.56124705505246,4.21951351065009,7.1915362383379e-05,0.00170435198754226,-31.794890816001,31.798299519976,"No meaningful change"
"SPEI_6","Freshwater",1.26470020850431,"7","US-A03","SPEI_6__Freshwater",4.21908716172252,0.684526008831287,2.8774161844132,5.56075813903184,4.21959154835205,-0.000504386629532227,-0.0119534467673587,-31.8081821085986,31.7842752150639,"No meaningful change"
"SPEI_12","Freshwater",1.26470020850431,"7","US-A03","SPEI_12__Freshwater",4.21926416317177,0.684504585544782,2.877635175504,5.56089315083954,4.21957016391976,-0.000306000747993806,-0.00725194121928163,-31.8026466271431,31.7881427447046,"No meaningful change"
"SPEI_24","Freshwater",1.26470020850431,"7","US-A03","SPEI_24__Freshwater",4.21738084478755,0.684603312100186,2.87555835307119,5.55920333650392,4.22053295499704,-0.00315211020948603,-0.0746851225448668,-31.8674114446476,31.7180411995579,"No meaningful change"
"SPEI_36","Freshwater",1.26470020850431,"7","US-A03","SPEI_36__Freshwater",4.21891748339724,0.684521652146845,2.87725504518942,5.56057992160506,4.21970971318329,-0.000792229786047649,-0.0187745091462702,-31.8139104166276,31.7763613983351,"No meaningful change"
"SPEI_48","Freshwater",1.26470020850431,"7","US-A03","SPEI_48__Freshwater",4.21907636755476,0.684528669747581,2.8774001748495,5.56075256026002,4.21964494790908,-0.000568580354317838,-0.0134746018050543,-31.8094244807181,31.782475277108,"No meaningful change"
"SPEI_1","Saline",1.26470020850431,"7","US-A03","SPEI_1__Saline",3.79552367785245,0.789786428506381,2.24754227797994,5.34350507772496,3.79571448215135,-0.000190804298902947,-0.0050268348633747,-40.7873724815553,40.7773188118285,"No meaningful change"
"SPEI_3","Saline",1.26470020850431,"7","US-A03","SPEI_3__Saline",3.79571314037505,0.789735763351334,2.24783104420644,5.34359523654366,3.79581271083288,-9.95704578268253e-05,-0.00262316572002251,-40.7812973018572,40.7760509704172,"No meaningful change"
"SPEI_6","Saline",1.26470020850431,"7","US-A03","SPEI_6__Saline",3.96777463850264,0.798953287622569,2.4018261947624,5.53372308224287,3.72785187663226,0.239922761870382,6.43595211961931,-35.5707717407427,48.4426759799813,"No meaningful change"
"SPEI_12","Saline",1.26470020850431,"7","US-A03","SPEI_12__Saline",3.79618610658425,0.789719797150055,2.24833530417014,5.34403690899835,3.79590600007587,0.000280106508372402,0.00737917399342352,-40.7694683660449,40.7842267140318,"No meaningful change"
"SPEI_24","Saline",1.26470020850431,"7","US-A03","SPEI_24__Saline",3.80735319574104,0.790408976534801,2.25815160173283,5.35655478974925,3.79486170186332,0.0124914938777145,0.329168619546295,-40.494495474656,41.1528327137486,"No meaningful change"
"SPEI_36","Saline",1.26470020850431,"7","US-A03","SPEI_36__Saline",3.84375052088492,0.792518451998034,2.29041435496877,5.39708668680106,3.78973207975865,0.054018441126261,1.42538944678382,-39.5626311632396,42.4134100568072,"No meaningful change"
"SPEI_48","Saline",1.26470020850431,"7","US-A03","SPEI_48__Saline",3.79650124657181,0.789765982608779,2.2485599206586,5.34444257248502,3.79598202691605,0.000519219655765735,0.0136781378859046,-40.7647374325059,40.7920937082777,"No meaningful change"
"SPEI_1","Upland",1.29893962042802,"7","US-A03","SPEI_1__Upland",5.31459578032532,0.57712557577356,4.18342965180915,6.4457619088415,5.48919319302184,-0.174597412696513,-3.18074818205471,-23.7878955120882,17.4263991479787,"No meaningful change"
"SPEI_3","Upland",1.29893962042802,"7","US-A03","SPEI_3__Upland",5.19387200414786,0.582590059620016,4.05199548729263,6.33574852100309,5.38809641457018,-0.194224410422318,-3.60469441298614,-24.7972720693071,17.5878832433348,"No meaningful change"
"SPEI_6","Upland",1.29893962042802,"7","US-A03","SPEI_6__Upland",5.1588034646911,0.581200201915384,4.01965106893694,6.29795586044525,5.44677574908028,-0.287972284389186,-5.28702295918483,-26.2012747703872,15.6272288520175,"No meaningful change"
"SPEI_12","Upland",1.29893962042802,"7","US-A03","SPEI_12__Upland",5.2300475619753,0.577245174892746,4.09864701918552,6.36144810476509,5.4960425846593,-0.265995022683993,-4.83975548927596,-25.4254865014006,15.7459755228486,"No meaningful change"
"SPEI_24","Upland",1.29893962042802,"7","US-A03","SPEI_24__Upland",5.1112356420386,0.577480068634315,3.97937470751535,6.24309657656186,5.49325156310849,-0.382015921069881,-6.95427683733654,-27.558848128493,13.65029445382,"No meaningful change"
"SPEI_36","Upland",1.29893962042802,"7","US-A03","SPEI_36__Upland",5.21155297235656,0.576607013523755,4.08140322585,6.34170271886312,5.50528577568923,-0.293732803332663,-5.33546877129897,-25.8639171126582,15.1929795700602,"No meaningful change"
"SPEI_48","Upland",1.29893962042802,"7","US-A03","SPEI_48__Upland",5.30497710360097,0.57599042426064,4.17603587205012,6.43391833515183,5.50702674358798,-0.202049639987003,-3.66894241474778,-24.1689560176474,16.8310711881518,"No meaningful change"
"SPEI_1","Freshwater",1.29893962042802,"7","US-A03","SPEI_1__Freshwater",4.21894917413495,0.684545996874536,2.87723902026086,5.56065932800904,4.21954140936123,-0.00059223522628038,-0.0140355353538297,-31.811570473569,31.7834994028613,"No meaningful change"
"SPEI_3","Freshwater",1.29893962042802,"7","US-A03","SPEI_3__Freshwater",4.21958594527847,0.684523319518223,2.87792023902275,5.56125165153419,4.21951351065009,7.24346283780264e-05,0.00171665828762488,-31.7949751373267,31.798408453902,"No meaningful change"
"SPEI_6","Freshwater",1.29893962042802,"7","US-A03","SPEI_6__Freshwater",4.21907254289239,0.68452855033335,2.87739658423902,5.56074850154576,4.21959154835205,-0.000519005459659105,-0.0122998980757226,-31.8086466126613,31.7840468165098,"No meaningful change"
"SPEI_12","Freshwater",1.29893962042802,"7","US-A03","SPEI_12__Freshwater",4.21925630376858,0.684505953065048,2.87762463576109,5.56088797177607,4.21957016391976,-0.00031386015118251,-0.00743820197294575,-31.8028964095262,31.7880200055803,"No meaningful change"
"SPEI_24","Freshwater",1.29893962042802,"7","US-A03","SPEI_24__Freshwater",4.21728958148349,0.684610043079833,2.87545389704701,5.55912526591996,4.22053295499704,-0.00324337351355464,-0.0768474869912942,-31.8698863933162,31.7161914193336,"No meaningful change"
"SPEI_36","Freshwater",1.29893962042802,"7","US-A03","SPEI_36__Freshwater",4.21889668487079,0.684523971490226,2.87722970074995,5.56056366899163,4.21970971318329,-0.000813028312498076,-0.0192673991283808,-31.8145110370778,31.775976238821,"No meaningful change"
"SPEI_48","Freshwater",1.29893962042802,"7","US-A03","SPEI_48__Freshwater",4.21906143298331,0.684531380601499,2.87737992700438,5.56074293896225,4.21964494790908,-0.000583514925764028,-0.0138285313804227,-31.8099043278469,31.782247265086,"No meaningful change"
"SPEI_1","Saline",1.29893962042802,"7","US-A03","SPEI_1__Saline",3.79553339665092,0.789791612194573,2.24754183674956,5.34352495655228,3.79571448215135,-0.000181085500432498,-0.00477078824774676,-40.7873841059909,40.7778425294954,"No meaningful change"
"SPEI_3","Saline",1.29893962042802,"7","US-A03","SPEI_3__Saline",3.79571826699261,0.789738815754898,2.24783018811301,5.34360634587221,3.79581271083288,-9.44438402692427e-05,-0.00248810590679854,-40.7813198554839,40.7763436436703,"No meaningful change"
"SPEI_6","Saline",1.29893962042802,"7","US-A03","SPEI_6__Saline",3.97740608578011,0.799574494442204,2.41024007667339,5.54457209488683,3.72785187663226,0.249554209147856,6.69431665759488,-35.3450685156835,48.7337018308733,"No meaningful change"
"SPEI_12","Saline",1.29893962042802,"7","US-A03","SPEI_12__Saline",3.79619326508537,0.789722248327435,2.2483376583636,5.34404887180714,3.79590600007587,0.000287265009498938,0.00756775877730366,-40.7694063467678,40.7845418643224,"No meaningful change"
"SPEI_24","Saline",1.29893962042802,"7","US-A03","SPEI_24__Saline",3.80768013364595,0.790451486493971,2.25839522011777,5.35696504717413,3.79486170186332,0.0128184317826299,0.337783898062369,-40.4880757839246,41.1636435800494,"No meaningful change"
"SPEI_36","Saline",1.29893962042802,"7","US-A03","SPEI_36__Saline",3.84506921932075,0.792666904310604,2.29144208687197,5.39869635176953,3.78973207975865,0.0553371395620958,1.46018606058347,-39.5355123094112,42.4558844305781,"No meaningful change"
"SPEI_48","Saline",1.29893962042802,"7","US-A03","SPEI_48__Saline",3.79651101120037,0.789770532541352,2.24856076741932,5.34446125498142,3.79598202691605,0.000528984284321687,0.0139353737865679,-40.7647151257429,40.792585873316,"No meaningful change"
"SPEI_1","Upland",1.33317903235173,"7","US-A03","SPEI_1__Upland",5.31151366836961,0.577591964970402,4.17943341702763,6.4435939197116,5.48919319302184,-0.177679524652222,-3.23689690641782,-23.8606973727805,17.3869035599449,"No meaningful change"
"SPEI_3","Upland",1.33317903235173,"7","US-A03","SPEI_3__Upland",5.20335416649991,0.583414151118038,4.05986243030856,6.34684590269126,5.38809641457018,-0.184742248070267,-3.42871088146636,-24.6512660885185,17.7938443255858,"No meaningful change"
"SPEI_6","Upland",1.33317903235173,"7","US-A03","SPEI_6__Upland",5.15438231244705,0.581983943311745,4.01369378355603,6.29507084133807,5.44677574908028,-0.292393436633229,-5.3681930393885,-26.3106474645341,15.5742613857571,"No meaningful change"
"SPEI_12","Upland",1.33317903235173,"7","US-A03","SPEI_12__Upland",5.22304837864846,0.577657009005069,4.09084064099852,6.35525611629839,5.4960425846593,-0.272994206010837,-4.96710499974701,-25.5675228496775,15.6333128501835,"No meaningful change"
"SPEI_24","Upland",1.33317903235173,"7","US-A03","SPEI_24__Upland",5.10118327893518,0.577902094131571,3.9684951744373,6.23387138343306,5.49325156310849,-0.392068284173305,-7.13727160806456,-27.7569008292124,13.4823576130833,"No meaningful change"
"SPEI_36","Upland",1.33317903235173,"7","US-A03","SPEI_36__Upland",5.20382602990409,0.576997093263718,4.0729117271072,6.33474033270098,5.50528577568923,-0.301459745785136,-5.47582374590528,-26.0181597639715,15.066512272161,"No meaningful change"
"SPEI_48","Upland",1.33317903235173,"7","US-A03","SPEI_48__Upland",5.29966219160858,0.5763577396643,4.17000102186655,6.42932336135061,5.50702674358798,-0.207364551979397,-3.76545387619261,-24.2785405623492,16.747632809964,"No meaningful change"
"SPEI_1","Freshwater",1.33317903235173,"7","US-A03","SPEI_1__Freshwater",4.21893453982512,0.684549187024192,2.87721813325771,5.56065094639254,4.21954140936123,-0.00060686953610567,-0.0143823576362897,-31.812065480043,31.7833007647704,"No meaningful change"
"SPEI_3","Freshwater",1.33317903235173,"7","US-A03","SPEI_3__Freshwater",4.21958642634926,0.684525441346383,2.87791656131035,5.56125629138817,4.21951351065009,7.29156991665647e-05,0.00172805938368309,-31.7950622969577,31.7985184157251,"No meaningful change"
"SPEI_6","Freshwater",1.33317903235173,"7","US-A03","SPEI_6__Freshwater",4.21905801820002,0.684531152780832,2.87737695874959,5.56073907765045,4.21959154835205,-0.000533530152025286,-0.012644118415529,-31.8091117166697,31.7838234798386,"No meaningful change"
"SPEI_12","Freshwater",1.33317903235173,"7","US-A03","SPEI_12__Freshwater",4.21924851922109,0.684507357889467,2.87761409775774,5.56088294068445,4.21957016391976,-0.000321644698670909,-0.00762268871415371,-31.8031461506832,31.7879007732549,"No meaningful change"
"SPEI_24","Freshwater",1.33317903235173,"7","US-A03","SPEI_24__Freshwater",4.21719940308002,0.684616942204173,2.87535019635984,5.5590486098002,4.22053295499704,-0.00333355191701745,-0.0789841461389511,-31.8723434452638,31.7143751529859,"No meaningful change"
"SPEI_36","Freshwater",1.33317903235173,"7","US-A03","SPEI_36__Freshwater",4.21887616749645,0.684526349599209,2.877204522282,5.5605478127109,4.21970971318329,-0.000833545686832693,-0.0197536262797537,-31.8151077242827,31.7756004717232,"No meaningful change"
"SPEI_48","Freshwater",1.33317903235173,"7","US-A03","SPEI_48__Freshwater",4.21904673127823,0.684534159463717,2.87735977872935,5.56073368382712,4.21964494790908,-0.000598216630845805,-0.0141769423311844,-31.8103818152961,31.7820279306338,"No meaningful change"
"SPEI_1","Saline",1.33317903235173,"7","US-A03","SPEI_1__Saline",3.79554359621102,0.789796858706123,2.24754175314701,5.34354543927502,3.79571448215135,-0.000170885940337318,-0.00450207572621379,-40.7873863085418,40.7783821570894,"No meaningful change"
"SPEI_3","Saline",1.33317903235173,"7","US-A03","SPEI_3__Saline",3.79572366975511,0.789741913491995,2.2478295193108,5.34361782019942,3.79581271083288,-8.90410777705242e-05,-0.00234577110499708,-40.7813374749573,40.7766459327473,"No meaningful change"
"SPEI_6","Saline",1.33317903235173,"7","US-A03","SPEI_6__Saline",3.98700918723555,0.800225646921014,2.41856691927036,5.55545145520074,3.72785187663226,0.259157310603295,6.95192081605501,-35.1217001289413,49.0255417610513,"No meaningful change"
"SPEI_12","Saline",1.33317903235173,"7","US-A03","SPEI_12__Saline",3.79620032300877,0.789724744646326,2.24833982350197,5.34406082251557,3.79590600007587,0.00029432293289755,0.00775369392423489,-40.7693493079904,40.7848566958389,"No meaningful change"
"SPEI_24","Saline",1.33317903235173,"7","US-A03","SPEI_24__Saline",3.80800527845488,0.790495093667941,2.25863489486571,5.35737566204404,3.79486170186332,0.0131435765915584,0.346351925950418,-40.4817600136337,41.1744638655346,"No meaningful change"
"SPEI_36","Saline",1.33317903235173,"7","US-A03","SPEI_36__Saline",3.8463572506163,0.792818318223374,2.29243334689849,5.40028115433411,3.78973207975865,0.0566251708576457,1.49417345780422,-39.5093558422611,42.4977027578695,"No meaningful change"
"SPEI_48","Saline",1.33317903235173,"7","US-A03","SPEI_48__Saline",3.79652054215509,0.789775166540414,2.24856121573588,5.3444798685743,3.79598202691605,0.000538515239045356,0.0141864538669289,-40.7647033154509,40.7930762231848,"No meaningful change"
"SPEI_1","Upland",1.36741844427544,"7","US-A03","SPEI_1__Upland",5.30849245089771,0.578077673000293,4.17546021181713,6.44152468997828,5.48919319302184,-0.180700742124126,-3.2919362786109,-23.9330796896489,17.3492071324271,"No meaningful change"
"SPEI_3","Upland",1.36741844427544,"7","US-A03","SPEI_3__Upland",5.21333723121944,0.584288912256734,4.06813096319624,6.35854349924264,5.38809641457018,-0.17475918335074,-3.24343088735692,-24.4978068284852,18.0109450537713,"No meaningful change"
"SPEI_6","Upland",1.36741844427544,"7","US-A03","SPEI_6__Upland",5.15009519119174,0.58281259717803,4.00778250072281,6.29240788166068,5.44677574908028,-0.296680557888538,-5.4469023796075,-26.4191755755771,15.5253708163621,"No meaningful change"
"SPEI_12","Upland",1.36741844427544,"7","US-A03","SPEI_12__Upland",5.21604940139525,0.578079263465636,4.0830140450026,6.3490847577879,5.4960425846593,-0.279993183264045,-5.09445076072681,-25.7099270591676,15.5210255377139,"No meaningful change"
"SPEI_24","Upland",1.36741844427544,"7","US-A03","SPEI_24__Upland",5.09113097738043,0.578334685360716,3.95759499407343,6.22466696068743,5.49325156310849,-0.402120585728057,-7.32026525835106,-27.9553293963125,13.3147988796104,"No meaningful change"
"SPEI_36","Upland",1.36741844427544,"7","US-A03","SPEI_36__Upland",5.19609938415968,0.577397348286328,4.06440058151848,6.32779818680088,5.50528577568923,-0.309186391529546,-5.61617333099912,-26.1727592876931,14.9404126256949,"No meaningful change"
"SPEI_48","Upland",1.36741844427544,"7","US-A03","SPEI_48__Upland",5.29434755217783,0.576734921257843,4.16394710651246,6.4247479978432,5.50702674358798,-0.212679191410146,-3.86196038829439,-24.3884713042172,16.6645505276284,"No meaningful change"
"SPEI_1","Freshwater",1.36741844427544,"7","US-A03","SPEI_1__Freshwater",4.21892002833406,0.684552435286484,2.87719725517255,5.56064280149557,4.21954140936123,-0.000621381027165135,-0.0147262692051458,-31.8125602751671,31.7831077367568,"No meaningful change"
"SPEI_3","Freshwater",1.36741844427544,"7","US-A03","SPEI_3__Freshwater",4.21958687118331,0.68452760357014,2.87791276818583,5.56126097418078,4.21951351065009,7.33605332170484e-05,0.00173860169026324,-31.7951521917881,31.7986293951687,"No meaningful change"
"SPEI_6","Freshwater",1.36741844427544,"7","US-A03","SPEI_6__Freshwater",4.21904359324764,0.68453381482643,2.87735731618783,5.56072987030744,4.21959154835205,-0.000547955104410747,-0.0129859750198985,-31.8095772252748,31.783605275235,"No meaningful change"
"SPEI_12","Freshwater",1.36741844427544,"7","US-A03","SPEI_12__Freshwater",4.21924081055907,0.684508799211584,2.87760356410437,5.56087805701378,4.21957016391976,-0.000329353360689844,-0.00780537703830694,-31.8033957887496,31.787785034673,"No meaningful change"
"SPEI_24","Freshwater",1.36741844427544,"7","US-A03","SPEI_24__Freshwater",4.21711035098629,0.684624003075477,2.87524730495836,5.55897339701423,4.22053295499704,-0.0034226040107459,-0.0810941188527765,-31.8747813222471,31.7125930845415,"No meaningful change"
"SPEI_36","Freshwater",1.36741844427544,"7","US-A03","SPEI_36__Freshwater",4.21885593702403,0.684528784677324,2.87717951905647,5.56053235499158,4.21970971318329,-0.000853776159260633,-0.0202330543400474,-31.8157002585382,31.7752341498581,"No meaningful change"
"SPEI_48","Freshwater",1.36741844427544,"7","US-A03","SPEI_48__Freshwater",4.21903226532995,0.684537004693209,2.87733973613126,5.56072479452864,4.21964494790908,-0.000612682579129498,-0.0145197661578872,-31.8108567983418,31.781817266026,"No meaningful change"
"SPEI_1","Saline",1.36741844427544,"7","US-A03","SPEI_1__Saline",3.79555425930908,0.789802163978192,2.24754201791182,5.34356650070634,3.79571448215135,-0.000160222842272351,-0.00422115106459585,-40.7873793331802,40.778937031051,"No meaningful change"
"SPEI_3","Saline",1.36741844427544,"7","US-A03","SPEI_3__Saline",3.79572934091988,0.789745054389198,2.24782903431706,5.34362964752271,3.79581271083288,-8.33699129922927e-05,-0.00219636529363957,-40.7813502520298,40.7769575214425,"No meaningful change"
"SPEI_6","Saline",1.36741844427544,"7","US-A03","SPEI_6__Saline",3.99657725604982,0.800906551757306,2.4268004146055,5.56635409749414,3.72785187663226,0.268725379417567,7.20858522040671,-34.9008357918481,49.3180062326616,"No meaningful change"
"SPEI_12","Saline",1.36741844427544,"7","US-A03","SPEI_12__Saline",3.79620727852012,0.789727284736778,2.24834180043604,5.34407275660421,3.79590600007587,0.000301278444250208,0.00793693111062777,-40.7692972272997,40.7851710895209,"No meaningful change"
"SPEI_24","Saline",1.36741844427544,"7","US-A03","SPEI_24__Saline",3.80832861261906,0.790539788291004,2.25887062756869,5.35778659766942,3.79486170186332,0.0134669107557346,0.354872240775525,-40.4755481218313,41.1852926033823,"No meaningful change"
"SPEI_36","Saline",1.36741844427544,"7","US-A03","SPEI_36__Saline",3.8476140596581,0.792972572288678,2.29338781797229,5.40184030134391,3.78973207975865,0.0578819798994408,1.52733699061721,-39.4841701285032,42.5388441097376,"No meaningful change"
"SPEI_48","Saline",1.36741844427544,"7","US-A03","SPEI_48__Saline",3.79652984134175,0.789779882688025,2.24856127127322,5.34449841141027,3.79598202691605,0.000547814425698512,0.0144314283316976,-40.7647018523951,40.7935647090585,"No meaningful change"
"SPEI_1","Upland",1.40165785619916,"7","US-A03","SPEI_1__Upland",5.3055303063144,0.578583108355982,4.17150741393667,6.43955319869212,5.48919319302184,-0.18366288670744,-3.3458994837515,-24.0050902336664,17.3132912661634,"No meaningful change"
"SPEI_3","Upland",1.40165785619916,"7","US-A03","SPEI_3__Upland",5.22380191456419,0.585215447226226,4.07677963800079,6.37082419112759,5.38809641457018,-0.164294500005989,-3.04921232592856,-24.3372923510315,18.2388676991744,"No meaningful change"
"SPEI_6","Upland",1.40165785619916,"7","US-A03","SPEI_6__Upland",5.14593960305571,0.583687796400025,4.00191152211166,6.28996768399975,5.44677574908028,-0.300836146024577,-5.52319683943982,-26.5269637218422,15.4805700429626,"No meaningful change"
"SPEI_12","Upland",1.40165785619916,"7","US-A03","SPEI_12__Upland",5.20905063640377,0.578511921634844,4.07516726999948,6.34293400280807,5.4960425846593,-0.286991948255522,-5.22179265962352,-25.8526984238769,15.4091131046298,"No meaningful change"
"SPEI_24","Upland",1.40165785619916,"7","US-A03","SPEI_24__Upland",5.0810787374957,0.578777820699486,3.94667420892471,6.21548326606669,5.49325156310849,-0.412172825612787,-7.50325778598694,-28.1541330560986,13.1476174841247,"No meaningful change"
"SPEI_36","Upland",1.40165785619916,"7","US-A03","SPEI_36__Upland",5.18837303649673,0.577807762397662,4.05586982219731,6.32087625079615,5.50528577568923,-0.316912739192498,-5.75651750163364,-26.3277150823375,14.8146800790702,"No meaningful change"
"SPEI_48","Upland",1.40165785619916,"7","US-A03","SPEI_48__Upland",5.28903318641023,0.577121953491477,4.15787415756693,6.42019221525353,5.50702674358798,-0.217993557177746,-3.95846193105134,-24.4987476698185,16.5818238077158,"No meaningful change"
"SPEI_1","Freshwater",1.40165785619916,"7","US-A03","SPEI_1__Freshwater",4.21890563942783,0.684555740391645,2.8771763882602,5.56063489059545,4.21954140936123,-0.00063576993340142,-0.015067275604665,-31.8130548055041,31.7829202542947,"No meaningful change"
"SPEI_3","Freshwater",1.40165785619916,"7","US-A03","SPEI_3__Freshwater",4.21958728172648,0.68452980521362,2.87790886350779,5.56126569994518,4.21951351065009,7.37710763916155e-05,0.00174833132315886,-31.7952447303719,31.7987413930182,"No meaningful change"
"SPEI_6","Freshwater",1.40165785619916,"7","US-A03","SPEI_6__Freshwater",4.21902927272042,0.68453653538149,2.8773376633727,5.56072088206814,4.21959154835205,-0.000562275631623699,-0.0133253568545821,-31.8100429768743,31.7833922631652,"No meaningful change"
"SPEI_12","Freshwater",1.40165785619916,"7","US-A03","SPEI_12__Freshwater",4.21923317837473,0.684510276377602,2.87759303667463,5.56087332007483,4.21957016391976,-0.000336985545033031,-0.00798625291065165,-31.8036452793217,31.7876727735004,"No meaningful change"
"SPEI_24","Freshwater",1.40165785619916,"7","US-A03","SPEI_24__Freshwater",4.21702245791375,0.684631220548852,2.875145265638,5.5588996501895,4.22053295499704,-0.00351049708328777,-0.0831766300777582,-31.8771990102843,31.7108457501288,"No meaningful change"
"SPEI_36","Freshwater",1.40165785619916,"7","US-A03","SPEI_36__Freshwater",4.21883599739346,0.684531275270306,2.87715469786366,5.56051729692326,4.21970971318329,-0.000873715789823315,-0.0207055899388917,-31.8162884789252,31.7748772990474,"No meaningful change"
"SPEI_48","Freshwater",1.40165785619916,"7","US-A03","SPEI_48__Freshwater",4.2190180366705,0.684539914969059,2.87731980333114,5.56071627000985,4.21964494790908,-0.000626911238583716,-0.014856966553415,-31.8113291793209,31.781615246214,"No meaningful change"
"SPEI_1","Saline",1.40165785619916,"7","US-A03","SPEI_1__Saline",3.79556536815302,0.789807524800351,2.24754261954434,5.34358811676171,3.79571448215135,-0.000149113998330286,-0.00392848300449011,-40.7873634828702,40.7795065168612,"No meaningful change"
"SPEI_3","Saline",1.40165785619916,"7","US-A03","SPEI_3__Saline",3.7957352722403,0.789748236718907,2.24782872827124,5.34364181620936,3.79581271083288,-7.7438592575696e-05,-0.00204010572899695,-40.7813583147514,40.7772781032934,"No meaningful change"
"SPEI_6","Saline",1.40165785619916,"7","US-A03","SPEI_6__Saline",4.00610435948282,0.801617088731826,2.43493486556844,5.5772738533972,3.72785187663226,0.278252482850561,7.46415072430225,-34.6826283299604,49.6109297785649,"No meaningful change"
"SPEI_12","Saline",1.40165785619916,"7","US-A03","SPEI_12__Saline",3.79621413040333,0.789729867501158,2.24834359010106,5.3440846707056,3.79590600007587,0.000308130327453693,0.00811743829925014,-40.7692500800568,40.7854849566554,"No meaningful change"
"SPEI_24","Saline",1.40165785619916,"7","US-A03","SPEI_24__Saline",3.80865012850047,0.790585562713047,2.25910242558289,5.35819783141804,3.79486170186332,0.0137884266371446,0.363344641265171,-40.4694399146707,41.1961291972011,"No meaningful change"
"SPEI_36","Saline",1.40165785619916,"7","US-A03","SPEI_36__Saline",3.84883928028989,0.793129572698706,2.29430531780043,5.40337324277936,3.78973207975865,0.0591072005312383,1.55966699722484,-39.4599599783175,42.5792939727672,"No meaningful change"
"SPEI_48","Saline",1.40165785619916,"7","US-A03","SPEI_48__Saline",3.79653891152848,0.789784679477054,2.24856093975346,5.34451688330351,3.79598202691605,0.000556884612435748,0.0146703701041539,-40.7647105858337,40.794051326042,"No meaningful change"
"SPEI_1","Upland",1.43589726812287,"7","US-A03","SPEI_1__Upland",5.30262529341969,0.579108723879036,4.16757219461678,6.4376783922226,5.48919319302184,-0.186567899602141,-3.39882188587053,-24.0767805382614,17.2791367665204,"No meaningful change"
"SPEI_3","Upland",1.43589726812287,"7","US-A03","SPEI_3__Upland",5.23472835762081,0.586195227946009,4.08578571084663,6.38367100439499,5.38809641457018,-0.153368056949367,-2.84642376730005,-24.1701447695315,18.4772972349314,"No meaningful change"
"SPEI_6","Upland",1.43589726812287,"7","US-A03","SPEI_6__Upland",5.14191267246112,0.584611277719939,3.99607456813004,6.2877507767922,5.44677574908028,-0.304863076619162,-5.5971292130145,-26.6341271934171,15.4398687673881,"No meaningful change"
"SPEI_12","Upland",1.43589726812287,"7","US-A03","SPEI_12__Upland",5.20205208835607,0.578954966705899,4.06730035361251,6.33680382309963,5.4960425846593,-0.293990496303224,-5.34913061124778,-25.9958362592519,15.2975750367563,"No meaningful change"
"SPEI_24","Upland",1.43589726812287,"7","US-A03","SPEI_24__Upland",5.07102655910356,0.579231478107165,3.93573286201351,6.2063202561936,5.49325156310849,-0.422225004004931,-7.68624919420229,-28.353311025385,12.9808126369805,"No meaningful change"
"SPEI_36","Upland",1.43589726812287,"7","US-A03","SPEI_36__Upland",5.18064698677414,0.578228319194705,4.04731948115252,6.31397449239576,5.50528577568923,-0.324638788915085,-5.89685626037173,-26.4830265664852,14.6893140457417,"No meaningful change"
"SPEI_48","Upland",1.43589726812287,"7","US-A03","SPEI_48__Upland",5.28371909403277,0.577518820628632,4.15178220560065,6.41565598246489,5.50702674358798,-0.223307649555205,-4.0549585094209,-24.6093691040321,16.4994520851903,"No meaningful change"
"SPEI_1","Freshwater",1.43589726812287,"7","US-A03","SPEI_1__Freshwater",4.21889137228196,0.684559101412841,2.87715553351279,5.56062721105113,4.21954140936123,-0.00065003707926703,-0.0154053963737598,-31.813549047541,31.7827382547935,"No meaningful change"
"SPEI_3","Freshwater",1.43589726812287,"7","US-A03","SPEI_3__Freshwater",4.21958765990492,0.684532045558855,2.87790485060956,5.56127046920028,4.21951351065009,7.41492548295142e-05,0.00175729393074251,-31.7953398337106,31.798854421572,"No meaningful change"
"SPEI_6","Freshwater",1.43589726812287,"7","US-A03","SPEI_6__Freshwater",4.21901506040681,0.684539313631832,2.87731800568841,5.5607121151252,4.21959154835205,-0.000576487945243009,-0.0136621741378773,-31.810508843868,31.7831844955922,"No meaningful change"
"SPEI_12","Freshwater",1.43589726812287,"7","US-A03","SPEI_12__Freshwater",4.21922562284224,0.684511788896565,2.87758251660497,5.56086872907951,4.21957016391976,-0.000344541077522464,-0.0081653122033265,-31.8038945954664,31.7875639710598,"No meaningful change"
"SPEI_24","Freshwater",1.43589726812287,"7","US-A03","SPEI_24__Freshwater",4.21693574818064,0.68463859082014,2.87504411017317,5.55882738618812,4.22053295499704,-0.00359720681639786,-0.0852311036249302,-31.8795957565226,31.7091335492727,"No meaningful change"
"SPEI_36","Freshwater",1.43589726812287,"7","US-A03","SPEI_36__Freshwater",4.2188163508113,0.684533820289333,2.87713006304421,5.56050263857839,4.21970971318329,-0.000893362371987116,-0.021171180785163,-31.8168722825783,31.774529921008,"No meaningful change"
"SPEI_48","Freshwater",1.43589726812287,"7","US-A03","SPEI_48__Freshwater",4.21900404555155,0.684542889311061,2.87729998250187,5.56070810860123,4.21964494790908,-0.000640902357528894,-0.0151885375532952,-31.811798906739,31.7814218316324,"No meaningful change"
"SPEI_1","Saline",1.43589726812287,"7","US-A03","SPEI_1__Saline",3.79557690446818,0.789812938855327,2.24754354431174,5.34361026462462,3.79571448215135,-0.000137577683173351,-0.0036245530010301,-40.7873391194096,40.7800900134076,"No meaningful change"
"SPEI_3","Saline",1.43589726812287,"7","US-A03","SPEI_3__Saline",3.79574145501275,0.789751459221422,2.24782859493876,5.34365431508673,3.79581271083288,-7.12558201283464e-05,-0.00187722170603911,-40.7813618273715,40.7776073839594,"No meaningful change"
"SPEI_6","Saline",1.43589726812287,"7","US-A03","SPEI_6__Saline",4.01558529945946,0.802357230988365,2.44296512672227,5.58820547219665,3.72785187663226,0.287733422827205,7.71847788885709,-34.4672157701383,49.9041715478525,"No meaningful change"
"SPEI_12","Saline",1.43589726812287,"7","US-A03","SPEI_12__Saline",3.79622087803459,0.789732492128169,2.24834519346338,5.3440965626058,3.79590600007587,0.000314877958715432,0.00829519905680324,-40.7692078408043,40.785798238918,"No meaningful change"
"SPEI_24","Saline",1.43589726812287,"7","US-A03","SPEI_24__Saline",3.80896982786688,0.790632411516771,2.25933030129401,5.35860935443975,3.79486170186332,0.014108126003558,0.371769174002594,-40.463435065772,41.2069734137772,"No meaningful change"
"SPEI_36","Saline",1.43589726812287,"7","US-A03","SPEI_36__Saline",3.85003272772315,0.793289255344079,2.29518578724876,5.40487966819754,3.78973207975865,0.0603006479644956,1.59115860159528,-39.4367269520825,42.6190441552731,"No meaningful change"
"SPEI_48","Saline",1.43589726812287,"7","US-A03","SPEI_48__Saline",3.79654775629901,0.789789555830802,2.24856022687064,5.34453528572739,3.79598202691605,0.000565729382966396,0.0149033735922614,-40.764729365765,40.7945361129495,"No meaningful change"
"SPEI_1","Upland",1.47013668004658,"7","US-A03","SPEI_1__Upland",5.29977534632566,0.579655022897279,4.163651501447,6.43589919120433,5.48919319302184,-0.189417846696172,-3.45074112051605,-24.1482062110683,17.2467239700362,"No meaningful change"
"SPEI_3","Upland",1.47013668004658,"7","US-A03","SPEI_3__Upland",5.24609613890255,0.587230180706617,4.09512498471758,6.39706729308752,5.38809641457018,-0.14200027566763,-2.63544422263196,-23.9968131668212,18.7259247215573,"No meaningful change"
"SPEI_6","Upland",1.47013668004658,"7","US-A03","SPEI_6__Upland",5.13801111366962,0.585584889953922,3.99026472935993,6.28575749797931,5.44677574908028,-0.308764635410662,-5.66875982479724,-26.7407928436615,15.403273194067,"No meaningful change"
"SPEI_12","Upland",1.47013668004658,"7","US-A03","SPEI_12__Upland",5.19505376024608,0.579408381734963,4.05941333204555,6.3306941884466,5.4960425846593,-0.300988824413216,-5.47646456112521,-26.1393399065666,15.1864107843162,"No meaningful change"
"SPEI_24","Upland",1.47013668004658,"7","US-A03","SPEI_24__Upland",5.06097444169751,0.579695635135705,3.92477099683153,6.1971778865635,5.49325156310849,-0.432277121410973,-7.86923949221722,-28.5528625124423,12.8143835280079,"No meaningful change"
"SPEI_36","Upland",1.47013668004658,"7","US-A03","SPEI_36__Upland",5.17292123318121,0.578659002089839,4.03874958908512,6.30709287727729,5.50528577568923,-0.332364542508019,-6.03718964010382,-26.6386931824716,14.5643139022639,"No meaningful change"
"SPEI_48","Upland",1.47013668004658,"7","US-A03","SPEI_48__Upland",5.2784052732635,0.577925506775578,4.14567127998336,6.41113926654363,5.50702674358798,-0.228621470324479,-4.15145015576093,-24.7203350735438,16.4174347620219,"No meaningful change"
"SPEI_1","Freshwater",1.47013668004658,"7","US-A03","SPEI_1__Freshwater",4.21887722542862,0.684562517820747,2.87713469049995,5.56061976035728,4.21954140936123,-0.00066418393261003,-0.0157406662993403,-31.8140430114772,31.7825616788786,"No meaningful change"
"SPEI_3","Freshwater",1.47013668004658,"7","US-A03","SPEI_3__Freshwater",4.21958800761688,0.684534324187315,2.87790073220974,5.56127528302402,4.21951351065009,7.44969667865192e-05,0.00176553450056477,-31.7954374373754,31.7989685063765,"No meaningful change"
"SPEI_6","Freshwater",1.47013668004658,"7","US-A03","SPEI_6__Freshwater",4.21900095909176,0.684542149082959,2.87729834688916,5.56070357129436,4.21959154835205,-0.000590589260286656,-0.0139963608685611,-31.810974737285,31.7829820155479,"No meaningful change"
"SPEI_12","Freshwater",1.47013668004658,"7","US-A03","SPEI_12__Freshwater",4.21921814367541,0.684513336467657,2.8775720041988,5.56086428315202,4.21957016391976,-0.000352020244353213,-0.00834256169889599,-31.8041437299934,31.7874586065956,"No meaningful change"
"SPEI_24","Freshwater",1.47013668004658,"7","US-A03","SPEI_24__Freshwater",4.21685023679214,0.684646111653952,2.87494385795039,5.55875661563388,4.22053295499704,-0.00368271820490218,-0.0872571839663496,-31.8819711016234,31.7074567336907,"No meaningful change"
"SPEI_36","Freshwater",1.47013668004658,"7","US-A03","SPEI_36__Freshwater",4.21879699757102,0.684536419072512,2.87710561618889,5.56048837895314,4.21970971318329,-0.000912715612269466,-0.0216298199238195,-31.8174516317985,31.7741919919508,"No meaningful change"
"SPEI_48","Freshwater",1.47013668004658,"7","US-A03","SPEI_48__Freshwater",4.21899029082589,0.684545927136377,2.87728027363859,5.56070030801319,4.21964494790908,-0.000654657083186905,-0.0155145063451678,-31.8122659807114,31.781236968021,"No meaningful change"
"SPEI_1","Saline",1.47013668004658,"7","US-A03","SPEI_1__Saline",3.79558884949999,0.789818404859844,2.2475447759747,5.34363292302529,3.79571448215135,-0.000125632651361229,-0.00330985515248825,-40.7873066706318,40.7806869603268,"No meaningful change"
"SPEI_3","Saline",1.47013668004658,"7","US-A03","SPEI_3__Saline",3.79574788005204,0.789754721179114,2.24782862654097,5.3436671335631,3.79581271083288,-6.48307808392978e-05,-0.001707955206912,-40.781360994817,40.7779450844031,"No meaningful change"
"SPEI_6","Saline",1.47013668004658,"7","US-A03","SPEI_6__Saline",4.0250156996406,0.803127080467984,2.45088662192335,5.59914477735785,3.72785187663226,0.297163823008343,7.97144931833506,-34.2547208678934,50.1976195045636,"No meaningful change"
"SPEI_12","Saline",1.47013668004658,"7","US-A03","SPEI_12__Saline",3.79622752144394,0.78973515813854,2.2483466114924,5.34410843139548,3.79590600007587,0.000321521368064293,0.00847021417437276,-40.7691704840041,40.7861109123529,"No meaningful change"
"SPEI_24","Saline",1.47013668004658,"7","US-A03","SPEI_24__Saline",3.80928772280093,0.790680331876705,2.25955427232259,5.35902117327927,3.79486170186332,0.0144260209376075,0.38014615738234,-40.4575331108082,41.2178254255729,"No meaningful change"
"SPEI_36","Saline",1.47013668004658,"7","US-A03","SPEI_36__Saline",3.85119441755351,0.793451591385423,2.29602929843809,5.40635953666894,3.78973207975865,0.0614623377948602,1.62181221525228,-39.4144691467396,42.6580935772442,"No meaningful change"
"SPEI_48","Saline",1.47013668004658,"7","US-A03","SPEI_48__Saline",3.79655638012732,0.789794511170706,2.24855913823274,5.3445536220219,3.79598202691605,0.000574353211272971,0.0151305566570238,-40.7647580444546,40.7950191577686,"No meaningful change"
"SPEI_1","Upland",1.50437609197029,"7","US-A03","SPEI_1__Upland",5.29697830207442,0.580222554136809,4.15974209596627,6.43421450818256,5.48919319302184,-0.192214890947416,-3.50169659161879,-24.2194262491186,17.216033065881,"No meaningful change"
"SPEI_3","Upland",1.50437609197029,"7","US-A03","SPEI_3__Upland",5.25788444031611,0.588322682492941,4.10477198262994,6.41099689800227,5.38809641457018,-0.13021197425407,-2.41666006387632,-23.8177703812044,18.9844502534518,"No meaningful change"
"SPEI_6","Upland",1.50437609197029,"7","US-A03","SPEI_6__Upland",5.13423130411883,0.586610579062444,3.98447456915644,6.28398803908122,5.44677574908028,-0.31254444496145,-5.73815518316914,-26.8470972055488,15.3707868392105,"No meaningful change"
"SPEI_12","Upland",1.50437609197029,"7","US-A03","SPEI_12__Upland",5.1880556536245,0.579872149597907,4.0515062404126,6.3246050668364,5.4960425846593,-0.307986931034794,-5.60379448104087,-26.2832087269251,15.0756197648434,"No meaningful change"
"SPEI_24","Upland",1.50437609197029,"7","US-A03","SPEI_24__Upland",5.05092238449548,0.580170268921694,3.91378865740896,6.188056111582,5.49325156310849,-0.442329178613004,-8.05222869426905,-28.7527867157379,12.6483293271999,"No meaningful change"
"SPEI_36","Upland",1.50437609197029,"7","US-A03","SPEI_36__Upland",5.16519577250665,0.579099794275799,4.03016017572608,6.30023136928721,5.50528577568923,-0.34009000318258,-6.17751769916074,-26.7947143902529,14.4396789919314,"No meaningful change"
"SPEI_48","Upland",1.50437609197029,"7","US-A03","SPEI_48__Upland",5.27309172105995,0.578341995849638,4.13954140919466,6.40664203292524,5.50702674358798,-0.233935022528025,-4.24793692531824,-24.8316450612034,16.3357712105669,"No meaningful change"
"SPEI_1","Freshwater",1.50437609197029,"7","US-A03","SPEI_1__Freshwater",4.21886319686758,0.684565989455341,2.87711385753511,5.56061253620005,4.21954140936123,-0.000678212493647301,-0.0160731327850619,-31.8145367372834,31.7823904717133,"No meaningful change"
"SPEI_3","Freshwater",1.50437609197029,"7","US-A03","SPEI_3__Freshwater",4.2195883267307,0.684536640959449,2.87789651045018,5.56128014301122,4.21951351065009,7.48160806063325e-05,0.00177309731127762,-31.7955374906055,31.799083685228,"No meaningful change"
"SPEI_6","Freshwater",1.50437609197029,"7","US-A03","SPEI_6__Freshwater",4.21898697070312,0.684545041539843,2.87727868928502,5.56069525212121,4.21959154835205,-0.000604577648931404,-0.0143278713591964,-31.8114406023792,31.7827848596608,"No meaningful change"
"SPEI_12","Freshwater",1.50437609197029,"7","US-A03","SPEI_12__Freshwater",4.21921074020217,0.684514918969001,2.87756149902293,5.56085998138142,4.21957016391976,-0.000359423717587681,-0.00851801732463184,-31.8043926931689,31.7873566585196,"No meaningful change"
"SPEI_24","Freshwater",1.50437609197029,"7","US-A03","SPEI_24__Freshwater",4.21676593087215,0.684653782294,2.87484451757591,5.55868734416839,4.22053295499704,-0.00376702412489216,-0.0892547023103342,-31.8843248416733,31.7058154370527,"No meaningful change"
"SPEI_36","Freshwater",1.50437609197029,"7","US-A03","SPEI_36__Freshwater",4.21877793635799,0.684539071360098,2.8770813564922,5.56047451622378,4.21970971318329,-0.000931776825294328,-0.022081538509231,-31.818026545675,31.7738634686566,"No meaningful change"
"SPEI_48","Freshwater",1.50437609197029,"7","US-A03","SPEI_48__Freshwater",4.21897677018327,0.684549028235426,2.87726067484184,5.56069286552471,4.21964494790908,-0.000668177725805741,-0.0158349276788521,-31.8127304462528,31.7810605908951,"No meaningful change"
"SPEI_1","Saline",1.50437609197029,"7","US-A03","SPEI_1__Saline",3.79560118414872,0.789823922487849,2.24754629607254,5.34365607222491,3.79571448215135,-0.000113298002628603,-0.00298489265094533,-40.7872666228924,40.7812968375905,"No meaningful change"
"SPEI_3","Saline",1.50437609197029,"7","US-A03","SPEI_3__Saline",3.79575453779395,0.789758022376982,2.24782881393506,5.34368026165283,3.79581271083288,-5.8173038929521e-05,-0.00153255819928894,-40.7813560579536,40.778290941555,"No meaningful change"
"SPEI_6","Saline",1.50437609197029,"7","US-A03","SPEI_6__Saline",4.0343918868014,0.803926866359144,2.45869522873748,5.61008854486532,3.72785187663226,0.306540010169148,8.22296647811224,-34.0452542079362,50.4911871641607,"No meaningful change"
"SPEI_12","Saline",1.50437609197029,"7","US-A03","SPEI_12__Saline",3.79623406121111,0.789737865361402,2.24834784510276,5.34412027731946,3.79590600007587,0.000328061135236091,0.00864249892461861,-40.7691379855608,40.78642298341,"No meaningful change"
"SPEI_24","Saline",1.50437609197029,"7","US-A03","SPEI_24__Saline",3.80960383398969,0.790729323378784,2.25977436016727,5.35943330781211,3.79486170186332,0.014742132126369,0.388476136538268,-40.4517334832598,41.2286857563364,"No meaningful change"
"SPEI_36","Saline",1.50437609197029,"7","US-A03","SPEI_36__Saline",3.85232453397852,0.793616584986081,2.2968360274058,5.40781304055124,3.78973207975865,0.0625924542198661,1.65163269863268,-39.3931819171746,42.69644731444,"No meaningful change"
"SPEI_48","Saline",1.50437609197029,"7","US-A03","SPEI_48__Saline",3.79656478822421,0.789799545379467,2.24855767928045,5.34457189716796,3.79598202691605,0.000582761308158819,0.0153520565699904,-40.7647964785746,40.7955005917146,"No meaningful change"
"SPEI_1","Upland",1.538615503894,"7","US-A03","SPEI_1__Upland",5.29423191014949,0.58081191205827,4.15584056251528,6.4326232577837,5.48919319302184,-0.194961282872347,-3.55172929821804,-24.2905028775739,17.1870442811378,"No meaningful change"
"SPEI_3","Upland",1.538615503894,"7","US-A03","SPEI_3__Upland",5.27007214874772,0.589475594200515,4.11469998411471,6.42544431338072,5.38809641457018,-0.118024265822462,-2.19046313839722,-23.6335123293641,19.2525860525697,"No meaningful change"
"SPEI_6","Upland",1.538615503894,"7","US-A03","SPEI_6__Upland",5.13056929201883,0.587690382646794,3.97869614203112,6.28244244200655,5.44677574908028,-0.316206457061449,-5.80538784095972,-26.9531861541584,15.342410472239,"No meaningful change"
"SPEI_12","Upland",1.538615503894,"7","US-A03","SPEI_12__Upland",5.18105776854849,0.580346252980377,4.04357911270695,6.31853642439003,5.4960425846593,-0.314984816110806,-5.73112036995492,-26.4274421018225,14.9652013619127,"No meaningful change"
"SPEI_24","Upland",1.538615503894,"7","US-A03","SPEI_24__Upland",5.04087038643749,0.580655356186682,3.90278588831159,6.17895488456338,5.49325156310849,-0.452381176671,-8.23521681965371,-28.9530828239895,12.4826491846821,"No meaningful change"
"SPEI_36","Upland",1.538615503894,"7","US-A03","SPEI_36__Upland",5.15747060012384,0.579550678717907,4.02155126983674,6.29338993041094,5.50528577568923,-0.347815175565384,-6.317840521582,-26.9510896673975,14.3154086242335,"No meaningful change"
"SPEI_48","Upland",1.538615503894,"7","US-A03","SPEI_48__Upland",5.2677784331113,0.578768271577006,4.13339262082036,6.40216424540223,5.50702674358798,-0.239248310476682,-4.34441889637174,-24.9432985660907,16.2544607733472,"No meaningful change"
"SPEI_1","Freshwater",1.538615503894,"7","US-A03","SPEI_1__Freshwater",4.21884928407009,0.684569516543885,2.87709303164408,5.56060553649611,4.21954140936123,-0.000692125291132939,-0.0164028557605201,-31.8150302954456,31.7822245839246,"No meaningful change"
"SPEI_3","Freshwater",1.538615503894,"7","US-A03","SPEI_3__Freshwater",4.21958861907527,0.684538996028595,2.87789218685923,5.56128505129132,4.21951351065009,7.51084251833234e-05,0.00178002570660691,-31.7956399571799,31.7992000085931,"No meaningful change"
"SPEI_6","Freshwater",1.538615503894,"7","US-A03","SPEI_6__Freshwater",4.21897309628116,0.684547991122526,2.87725903368101,5.56068715888131,4.21959154835205,-0.000618452070888509,-0.0146566809560049,-31.8119064200724,31.7825930581604,"No meaningful change"
"SPEI_12","Freshwater",1.538615503894,"7","US-A03","SPEI_12__Freshwater",4.21920341136073,0.68451653646726,2.8775509998849,5.56085582283656,4.21957016391976,-0.000366752559034289,-0.0086917042444341,-31.804641513253,31.7872581047642,"No meaningful change"
"SPEI_24","Freshwater",1.538615503894,"7","US-A03","SPEI_24__Freshwater",4.21668282947551,0.684661603543738,2.87474608652978,5.55861957242124,4.22053295499704,-0.00385012552152997,-0.0912236810512635,-31.886657036379,31.7042096742764,"No meaningful change"
"SPEI_36","Freshwater",1.538615503894,"7","US-A03","SPEI_36__Freshwater",4.21875916422626,0.684541777316116,2.87705728068667,5.56046104776584,4.21970971318329,-0.000950548957027841,-0.022526406355824,-31.8185971016413,31.7735442889297,"No meaningful change"
"SPEI_48","Freshwater",1.538615503894,"7","US-A03","SPEI_48__Freshwater",4.21896348014881,0.684552192791513,2.87724118227744,5.56068577802017,4.21964494790908,-0.000681467760273335,-0.0161498839045929,-31.8131923942281,31.7808926264189,"No meaningful change"
"SPEI_1","Saline",1.538615503894,"7","US-A03","SPEI_1__Saline",3.79561388905003,0.789829492416432,2.24754808391382,5.34367969418623,3.79571448215135,-0.000100593101327373,-0.00265017565995529,-40.7872195213181,40.7819191699982,"No meaningful change"
"SPEI_3","Saline",1.538615503894,"7","US-A03","SPEI_3__Saline",3.79576141832853,0.789761363127091,2.24782914659943,5.34369369005763,3.79581271083288,-5.12925043452128e-05,-0.00135129175891184,-40.7813472939708,40.778644710453,"No meaningful change"
"SPEI_6","Saline",1.538615503894,"7","US-A03","SPEI_6__Saline",4.04371091954275,0.804756962781899,2.46638727249023,5.62103456659527,3.72785187663226,0.315859042910494,8.4729504648624,-33.8389143637766,50.7848152935014,"No meaningful change"
"SPEI_12","Saline",1.538615503894,"7","US-A03","SPEI_12__Saline",3.79624049847361,0.789740613949537,2.24834889513252,5.3441321018147,3.79590600007587,0.000334498397737359,0.00881208327420841,-40.7691103233964,40.7867344899448,"No meaningful change"
"SPEI_24","Saline",1.538615503894,"7","US-A03","SPEI_24__Saline",3.80991819076043,0.790779388139119,2.25999059000776,5.35984579151311,3.79486170186332,0.0150564888971139,0.396759884285663,-40.4460355196059,41.2395552881772,"No meaningful change"
"SPEI_36","Saline",1.538615503894,"7","US-A03","SPEI_36__Saline",3.85342343235328,0.793784275384014,2.29760625260062,5.40924061210595,3.78973207975865,0.0636913525946281,1.68062942852372,-39.3728579159365,42.7341167729839,"No meaningful change"
"SPEI_48","Saline",1.538615503894,"7","US-A03","SPEI_48__Saline",3.79657298653,0.789804658822945,2.24855585523703,5.34459011782298,3.79598202691605,0.000590959613957942,0.0155680298212068,-40.7648445305254,40.7959805901679,"No meaningful change"
"SPEI_1","Upland",1.57285491581771,"7","US-A03","SPEI_1__Upland",5.29153381428142,0.581423749302906,4.15194326564773,6.43112436291512,5.48919319302184,-0.197659378740411,-3.60088216591988,-24.3615023255893,17.1597379937496,"No meaningful change"
"SPEI_3","Upland",1.57285491581771,"7","US-A03","SPEI_3__Upland",5.28263788861686,0.59069239053832,4.12488080316175,6.44039497407196,5.38809641457018,-0.105458525953322,-1.95725016479192,-23.4445621275914,19.5300617980076,"No meaningful change"
"SPEI_6","Upland",1.57285491581771,"7","US-A03","SPEI_6__Upland",5.12702069113274,0.588826446113498,3.97292085675029,6.2811205255152,5.44677574908028,-0.319755057947542,-5.87053832722109,-27.0592174201199,15.3181407656777,"No meaningful change"
"SPEI_12","Upland",1.57285491581771,"7","US-A03","SPEI_12__Upland",5.17406010298854,0.580830674441098,4.03563198108399,6.31248822489309,5.4960425846593,-0.321982481670754,-5.85844226479395,-26.5720394461943,14.8551549166064,"No meaningful change"
"SPEI_24","Upland",1.57285491581771,"7","US-A03","SPEI_24__Upland",5.03081844608436,0.581150873255977,3.89176273450264,6.16987415766608,5.49325156310849,-0.462433117024125,-8.41820389456999,-29.1537500186793,12.3173422295393,"No meaningful change"
"SPEI_36","Upland",1.57285491581771,"7","US-A03","SPEI_36__Upland",5.14974570947024,0.580011638205684,4.0129228985871,6.28656852035338,5.50528577568923,-0.355540066218988,-6.45815822657229,-27.10781852038,14.1915020672354,"No meaningful change"
"SPEI_48","Upland",1.57285491581771,"7","US-A03","SPEI_48__Upland",5.26246540337689,0.579204317554972,4.12722494096914,6.39770586578463,5.50702674358798,-0.24456134021109,-4.44089617861111,-25.0552951141083,16.1735027568861,"No meaningful change"
"SPEI_1","Freshwater",1.57285491581771,"7","US-A03","SPEI_1__Freshwater",4.21883548379601,0.684573099816465,2.87707220815574,5.56059875943628,4.21954140936123,-0.000705925565217314,-0.0167299120148741,-31.8155237966658,31.782063972636,"No meaningful change"
"SPEI_3","Freshwater",1.57285491581771,"7","US-A03","SPEI_3__Freshwater",4.21958888641316,0.684541389927986,2.8778877621543,5.56129001067201,4.21951351065009,7.5375763064045e-05,0.00178636145787413,-31.7957448200962,31.799317543012,"No meaningful change"
"SPEI_6","Freshwater",1.57285491581771,"7","US-A03","SPEI_6__Freshwater",4.218959335624,0.684550998358884,2.87723937884059,5.56067929240741,4.21959154835205,-0.000632212728048032,-0.0149827944435745,-31.8123722196693,31.7824066307822,"No meaningful change"
"SPEI_12","Freshwater",1.57285491581771,"7","US-A03","SPEI_12__Freshwater",4.21919615555613,0.684518189272579,2.87754050458188,5.56085180653039,4.21957016391976,-0.000374008363627887,-0.00886366025681754,-31.8048902424508,31.7871629219372,"No meaningful change"
"SPEI_24","Freshwater",1.57285491581771,"7","US-A03","SPEI_24__Freshwater",4.21660092047174,0.6846695782208,2.87464854715897,5.5585532937845,4.22053295499704,-0.00393203452530244,-0.0931644076051338,-31.888968104006,31.7026392887958,"No meaningful change"
"SPEI_36","Freshwater",1.57285491581771,"7","US-A03","SPEI_36__Freshwater",4.21874067598832,0.684544537651486,2.87703338219141,5.56044796978523,4.21970971318329,-0.000969037194963995,-0.0229645463984528,-31.8191634556535,31.7732343628566,"No meaningful change"
"SPEI_48","Freshwater",1.57285491581771,"7","US-A03","SPEI_48__Freshwater",4.21895041566463,0.684555421495431,2.87722178953358,5.56067904179567,4.21964494790908,-0.000694532244451374,-0.0164594948870172,-31.8136519765885,31.7807329868145,"No meaningful change"
"SPEI_1","Saline",1.57285491581771,"7","US-A03","SPEI_1__Saline",3.79562694459365,0.789835116628812,2.24755011600118,5.34370377318612,3.79571448215135,-8.75375577069626e-05,-0.00230622082136556,-40.7871659849584,40.7825535433157,"No meaningful change"
"SPEI_3","Saline",1.57285491581771,"7","US-A03","SPEI_3__Saline",3.79576851132505,0.789764744427325,2.2478296122475,5.34370741040261,3.79581271083288,-4.41995078230839e-05,-0.00116442804717269,-40.7813350265567,40.7790061704624,"No meaningful change"
"SPEI_6","Saline",1.57285491581771,"7","US-A03","SPEI_6__Saline",4.05297088791014,0.805617952535359,2.47395970094084,5.63198207487945,3.72785187663226,0.325119011277889,8.72135004386498,-33.6357832120782,51.0784832998082,"No meaningful change"
"SPEI_12","Saline",1.57285491581771,"7","US-A03","SPEI_12__Saline",3.79624683513544,0.789743404476692,2.24834976236113,5.34414390790976,3.79590600007587,0.00034083505957172,0.00897901738254076,-40.7690874769768,40.7870455117419,"No meaningful change"
"SPEI_24","Saline",1.57285491581771,"7","US-A03","SPEI_24__Saline",3.81023083419911,0.790830531560473,2.26020299234058,5.36025867605763,3.79486170186332,0.0153691323357847,0.404998483297516,-40.4404384162197,41.2504353828147,"No meaningful change"
"SPEI_36","Saline",1.57285491581771,"7","US-A03","SPEI_36__Saline",3.85449170325913,0.793954748364162,2.29834039646537,5.41064301005289,3.78973207975865,0.0647596235004726,1.70881798864781,-39.353485995988,42.7711219732836,"No meaningful change"
"SPEI_48","Saline",1.57285491581771,"7","US-A03","SPEI_48__Saline",3.79658098196181,0.789809852495277,2.24855367107107,5.34460829285255,3.79598202691605,0.00059895504576124,0.0157786586320549,-40.7649020694166,40.7964593866807,"No meaningful change"
"SPEI_1","Upland",1.60709432774142,"7","US-A03","SPEI_1__Upland",5.28888156718432,0.582058775669705,4.1480463668717,6.42971676749694,5.48919319302184,-0.200311625837516,-3.64919977843307,-24.4324945213274,17.1340949644613,"No meaningful change"
"SPEI_3","Upland",1.60709432774142,"7","US-A03","SPEI_3__Upland",5.29556017710348,0.591977179655811,4.13528490497809,6.45583544922887,5.38809641457018,-0.0925362374666996,-1.71741985196235,-23.2514679248187,19.816628220894,"No meaningful change"
"SPEI_6","Upland",1.60709432774142,"7","US-A03","SPEI_6__Upland",5.12358069586944,0.590021010367311,3.96713951554951,6.28002187618937,5.44677574908028,-0.323195053210843,-5.93369487013333,-27.1653598696553,15.2979701293886,"No meaningful change"
"SPEI_12","Upland",1.60709432774142,"7","US-A03","SPEI_12__Upland",5.16706265276547,0.581325396386663,4.02766487584761,6.30646042968333,5.4960425846593,-0.328979931893822,-5.98576024159783,-26.7170002086639,14.7454797254683,"No meaningful change"
"SPEI_24","Upland",1.60709432774142,"7","US-A03","SPEI_24__Upland",5.02076656161572,0.581656796054112,3.88071924134966,6.16081388188177,5.49325156310849,-0.47248500149277,-8.60118995215656,-29.3547874739299,12.1524075696168,"No meaningful change"
"SPEI_36","Upland",1.60709432774142,"7","US-A03","SPEI_36__Upland",5.14202109203159,0.580482655332666,4.00427508757956,6.27976709648361,5.50528577568923,-0.363264683657641,-6.59847096878749,-27.2649004841488,14.0679585465738,"No meaningful change"
"SPEI_48","Upland",1.60709432774142,"7","US-A03","SPEI_48__Upland",5.25715262407622,0.57965011724039,4.12103839428505,6.39326685386738,5.50702674358798,-0.249874119511759,-4.53736891331962,-25.167634257754,16.0928964311148,"No meaningful change"
"SPEI_1","Freshwater",1.60709432774142,"7","US-A03","SPEI_1__Freshwater",4.2188217921,0.684576740525947,2.87705138066914,5.56059220353086,4.21954140936123,-0.000719617261226269,-0.0170543950494186,-31.8160173926416,31.7819086025428,"No meaningful change"
"SPEI_3","Freshwater",1.60709432774142,"7","US-A03","SPEI_3__Freshwater",4.21958913042609,0.684543823586178,2.87788323619718,5.561295024655,4.21951351065009,7.56197759956834e-05,0.00179214442150306,-31.7958520826305,31.7994363714735,"No meaningful change"
"SPEI_6","Freshwater",1.60709432774142,"7","US-A03","SPEI_6__Freshwater",4.21894568724628,0.684554064201939,2.87721972141048,5.56067165308208,4.21959154835205,-0.000645861105768475,-0.0153062470233811,-31.8128380806391,31.7822255865923,"No meaningful change"
"SPEI_12","Freshwater",1.60709432774142,"7","US-A03","SPEI_12__Freshwater",4.21918897065573,0.684519877949211,2.87753000987528,5.56084793143619,4.21957016391976,-0.000381193264028745,-0.00903393590390345,-31.805138957514,31.7870710857062,"No meaningful change"
"SPEI_24","Freshwater",1.60709432774142,"7","US-A03","SPEI_24__Freshwater",4.21652018028155,0.684677711245702,2.87455186623998,5.55848849432313,4.22053295499704,-0.00401277471548767,-0.0950774406520534,-31.8912588317417,31.7011039504376,"No meaningful change"
"SPEI_36","Freshwater",1.60709432774142,"7","US-A03","SPEI_36__Freshwater",4.21872246418416,0.684547353647881,2.87700965103431,5.56043527733401,4.21970971318329,-0.0009872489991265,-0.0233961354270916,-31.8197258440335,31.7729335731793,"No meaningful change"
"SPEI_48","Freshwater",1.60709432774142,"7","US-A03","SPEI_48__Freshwater",4.21893757008462,0.684558715567102,2.8772024875731,5.56067265259614,4.21964494790908,-0.000707377824459066,-0.0167639181303533,-31.8141094075033,31.7805815712426,"No meaningful change"
"SPEI_1","Saline",1.60709432774142,"7","US-A03","SPEI_1__Saline",3.7956403310542,0.789840798465304,2.2475523660622,5.34372829604619,3.79571448215135,-7.4151097157138e-05,-0.0019535478104536,-40.7871067059733,40.7831996103524,"No meaningful change"
"SPEI_3","Saline",1.60709432774142,"7","US-A03","SPEI_3__Saline",3.79577580608879,0.789768167988558,2.24783019683122,5.34372141534637,3.79581271083288,-3.69047440837988e-05,-0.000972248814554952,-40.7813196258042,40.7793751281751,"No meaningful change"
"SPEI_6","Saline",1.60709432774142,"7","US-A03","SPEI_6__Saline",4.06217095747939,0.806510646637878,2.48141009006915,5.64293182488963,3.72785187663226,0.334319080847139,8.96814283160743,-33.4359257774249,51.3722114406398,"No meaningful change"
"SPEI_12","Saline",1.60709432774142,"7","US-A03","SPEI_12__Saline",3.79625307387777,0.789746237954591,2.24835044748677,5.34415570026877,3.79590600007587,0.000347073801894915,0.00914337188244328,-40.7690694279092,40.7873561716741,"No meaningful change"
"SPEI_24","Saline",1.60709432774142,"7","US-A03","SPEI_24__Saline",3.81054181719121,0.790882762462503,2.2604116027647,5.36067203161771,3.79486170186332,0.0156801153278878,0.413193327182087,-40.4349412350175,41.2613278893816,"No meaningful change"
"SPEI_36","Saline",1.60709432774142,"7","US-A03","SPEI_36__Saline",3.85553017571643,0.79412813861421,2.29903902403258,5.41202132740028,3.78973207975865,0.0657980959577746,1.73622025443986,-39.3350512477655,42.8074917566452,"No meaningful change"
"SPEI_48","Saline",1.60709432774142,"7","US-A03","SPEI_48__Saline",3.79658878239691,0.789815128043055,2.24855113143252,5.34462643336129,3.79598202691605,0.000606755480858645,0.0159841505190579,-40.7649689727509,40.7969372737891,"No meaningful change"
"SPEI_1","Upland",1.64133373966513,"7","US-A03","SPEI_1__Upland",5.28627266739264,0.582717741925301,4.14414589321905,6.42839944156623,5.48919319302184,-0.202920525629197,-3.69672770648992,-24.503551842786,17.1100964298062,"No meaningful change"
"SPEI_3","Upland",1.64133373966513,"7","US-A03","SPEI_3__Upland",5.30881759705982,0.593334588808312,4.14588180299553,6.47175339112412,5.38809641457018,-0.0792788175103549,-1.47136968997017,-23.0547955343843,20.112056154444,"No meaningful change"
"SPEI_6","Upland",1.64133373966513,"7","US-A03","SPEI_6__Upland",5.12024420211958,0.591276368452459,3.96134251995276,6.2791458842864,5.44677574908028,-0.326531546960701,-5.99495117851763,-27.2717897258455,15.2818873688102,"No meaningful change"
"SPEI_12","Upland",1.64133373966513,"7","US-A03","SPEI_12__Upland",5.16006541203669,0.581830400949565,4.01967782617554,6.30045299789783,5.4960425846593,-0.335977172622608,-6.11307440667211,-26.8623238583453,14.6361750450011,"No meaningful change"
"SPEI_24","Upland",1.64133373966513,"7","US-A03","SPEI_24__Upland",5.0107147309245,0.582173100074901,3.86965545477769,6.15177400707131,5.49325156310849,-0.482536832183986,-8.78417503077051,-29.5561943537143,11.9878442921733,"No meaningful change"
"SPEI_36","Upland",1.64133373966513,"7","US-A03","SPEI_36__Upland",5.13429673782079,0.580963712398113,3.99560786152049,6.2729856141211,5.50528577568923,-0.370989037868434,-6.73877892963673,-27.4223351099287,13.9447772506552,"No meaningful change"
"SPEI_48","Upland",1.64133373966513,"7","US-A03","SPEI_48__Upland",5.25184008611839,0.58010565385687,4.11483300455892,6.38884716767785,5.50702674358798,-0.255186657469589,-4.63383726557551,-25.2803155650194,16.0126410338684,"No meaningful change"
"SPEI_1","Freshwater",1.64133373966513,"7","US-A03","SPEI_1__Freshwater",4.21880820451515,0.684580440362153,2.87703054140533,5.56058586762497,4.21954140936123,-0.000733204846074642,-0.0173764107267201,-31.8165112677288,31.7817584462753,"No meaningful change"
"SPEI_3","Freshwater",1.64133373966513,"7","US-A03","SPEI_3__Freshwater",4.21958935272182,0.684546298262962,2.87787860812641,5.56130009731722,4.21951351065009,7.58420717241748e-05,0.00179741270013116,-31.7959617651984,31.7995565905986,"No meaningful change"
"SPEI_6","Freshwater",1.64133373966513,"7","US-A03","SPEI_6__Freshwater",4.21893214866519,0.684557189962535,2.87720005633862,5.56066424099176,4.21959154835205,-0.000659399686855799,-0.0156270975353841,-31.8133041227105,31.7820499276397,"No meaningful change"
"SPEI_12","Freshwater",1.64133373966513,"7","US-A03","SPEI_12__Freshwater",4.21918185412065,0.684521603276119,2.87751951169946,5.56084419654184,4.21957016391976,-0.000388309799110864,-0.00920259135471146,-31.8053877547946,31.7869825720852,"No meaningful change"
"SPEI_24","Freshwater",1.64133373966513,"7","US-A03","SPEI_24__Freshwater",4.21644057652035,0.684686009316718,2.87445599825958,5.55842515478111,4.22053295499704,-0.00409237847669353,-0.0969635475028863,-31.8935302979622,31.6996032029564,"No meaningful change"
"SPEI_36","Freshwater",1.64133373966513,"7","US-A03","SPEI_36__Freshwater",4.21870451962589,0.68455022706948,2.87698607456971,5.56042296468207,4.21970971318329,-0.00100519355739159,-0.0238213911789039,-31.8202845664623,31.7726417841045,"No meaningful change"
"SPEI_48","Freshwater",1.64133373966513,"7","US-A03","SPEI_48__Freshwater",4.21892493556885,0.684562076672725,2.87718326529031,5.56066660584739,4.21964494790908,-0.000720012340228671,-0.0170633394306185,-31.8145649501622,31.7804382713009,"No meaningful change"
"SPEI_1","Saline",1.64133373966513,"7","US-A03","SPEI_1__Saline",3.79565402874523,0.789846542396694,2.24755480564771,5.34375325184275,3.79571448215135,-6.04534061259265e-05,-0.00159267527655722,-40.7870424338707,40.7838570833176,"No meaningful change"
"SPEI_3","Saline",1.64133373966513,"7","US-A03","SPEI_3__Saline",3.79578329170783,0.789771636116519,2.24783088491945,5.3437356984962,3.79581271083288,-2.94191250498343e-05,-0.000775041533684606,-40.7813014982441,40.7797514151767,"No meaningful change"
"SPEI_6","Saline",1.64133373966513,"7","US-A03","SPEI_6__Saline",4.07131113987361,0.807436048904066,2.48873648402164,5.65388579572558,3.72785187663226,0.343459263241351,9.21332913988074,-33.2393945257835,51.666052805545,"No meaningful change"
"SPEI_12","Saline",1.64133373966513,"7","US-A03","SPEI_12__Saline",3.79625921797262,0.789749115760954,2.24835095108115,5.34416748486409,3.79590600007587,0.000353217896751357,0.00930523297321631,-40.7690561611322,40.7876666270786,"No meaningful change"
"SPEI_24","Saline",1.64133373966513,"7","US-A03","SPEI_24__Saline",3.81085120148358,0.790936092512941,2.26061646015821,5.36108594280894,3.79486170186332,0.0159894996202548,0.42134604305616,-40.4295429515067,41.272235037619,"No meaningful change"
"SPEI_36","Saline",1.64133373966513,"7","US-A03","SPEI_36__Saline",3.856539859936,0.794304621705145,2.29970280139392,5.41337691847808,3.78973207975865,0.0668077801773457,1.76286288242308,-39.3175360950484,42.8432618598946,"No meaningful change"
"SPEI_48","Saline",1.64133373966513,"7","US-A03","SPEI_48__Saline",3.79659639641378,0.789820487656393,2.24854824060725,5.3446445522203,3.79598202691605,0.000614369497728973,0.0161847314706098,-40.7650451276234,40.7974145905646,"No meaningful change"
"SPEI_1","Upland",1.67557315158884,"7","US-A03","SPEI_1__Upland",5.28370459594494,0.583401413780441,4.14023782493527,6.4271713669546,5.48919319302184,-0.205488597076896,-3.7435118395564,-24.5747475202991,17.0877238411863,"No meaningful change"
"SPEI_3","Upland",1.67557315158884,"7","US-A03","SPEI_3__Upland",5.32238886644096,0.594769555421617,4.15664053781459,6.48813719506733,5.38809641457018,-0.0657075481292164,-1.21949466144544,-22.855119545106,20.4161302222151,"No meaningful change"
"SPEI_6","Upland",1.67557315158884,"7","US-A03","SPEI_6__Upland",5.1170059668549,0.592594802498713,3.95552015395742,6.27849177975237,5.44677574908028,-0.329769782225387,-6.05440351167515,-27.378685369499,15.2698783461487,"No meaningful change"
"SPEI_12","Upland",1.67557315158884,"7","US-A03","SPEI_12__Upland",5.15306837408647,0.582345669804684,4.01167086126929,6.29446588690365,5.4960425846593,-0.342974210572821,-6.24038488220852,-27.0080098639196,14.5272400995025,"No meaningful change"
"SPEI_24","Upland",1.67557315158884,"7","US-A03","SPEI_24__Upland",5.00066295175865,0.582699760335238,3.85857142150158,6.14275448201571,5.49325156310849,-0.49258861134984,-8.9671591714088,-29.7579698076285,11.8236514648109,"No meaningful change"
"SPEI_36","Upland",1.67557315158884,"7","US-A03","SPEI_36__Upland",5.12657263610201,0.581454791259424,3.98692124523354,6.26622402697048,5.50528577568923,-0.378713139587214,-6.87908230412983,-27.5801219468139,13.8219573385542,"No meaningful change"
"SPEI_48","Upland",1.67557315158884,"7","US-A03","SPEI_48__Upland",5.24652777974746,0.580570910250292,4.10860879565689,6.38444676383804,5.50702674358798,-0.260498963840513,-4.73030141253302,-25.3933386025284,15.9327357774623,"No meaningful change"
"SPEI_1","Freshwater",1.67557315158884,"7","US-A03","SPEI_1__Freshwater",4.21879471631629,0.684584201301541,2.87700968176527,5.56057975086731,4.21954140936123,-0.000746693044932911,-0.0176960710298124,-31.8170056257178,31.7816134836582,"No meaningful change"
"SPEI_3","Freshwater",1.67557315158884,"7","US-A03","SPEI_3__Freshwater",4.21958955486137,0.684548815436489,2.87787387660585,5.56130523311689,4.21951351065009,7.60442112808235e-05,0.00180220328928648,-31.7960738994656,31.7996783060442,"No meaningful change"
"SPEI_6","Freshwater",1.67557315158884,"7","US-A03","SPEI_6__Freshwater",4.2189187168709,0.684560377189487,2.87718037757951,5.5606570561623,4.21959154835205,-0.000672831481145053,-0.0159454173095931,-31.8137704891559,31.7818796545367,"No meaningful change"
"SPEI_12","Freshwater",1.67557315158884,"7","US-A03","SPEI_12__Freshwater",4.2191748032051,0.684523366176254,2.87750900549964,5.56084060091056,4.21957016391976,-0.000395360714661841,-0.00936969168192647,-31.8056367422367,31.7868973588728,"No meaningful change"
"SPEI_24","Freshwater",1.67557315158884,"7","US-A03","SPEI_24__Freshwater",4.21636207220919,0.684694480324637,2.8743608907729,5.55836325364548,4.22053295499704,-0.00417088278785283,-0.0988236043250076,-31.8957837452802,31.6981365366302,"No meaningful change"
"SPEI_36","Freshwater",1.67557315158884,"7","US-A03","SPEI_36__Freshwater",4.21868683223766,0.684553160004455,2.87696263862893,5.56041102584639,4.21970971318329,-0.00102288094562564,-0.0242405524349207,-31.8208399587139,31.772358853844,"No meaningful change"
"SPEI_48","Freshwater",1.67557315158884,"7","US-A03","SPEI_48__Freshwater",4.21891250367231,0.684565506776815,2.87716411038975,5.56066089695486,4.21964494790908,-0.00073244423677199,-0.0173579589234144,-31.8150188959513,31.7803029781045,"No meaningful change"
"SPEI_1","Saline",1.67557315158884,"7","US-A03","SPEI_1__Saline",3.79566801808876,0.78985235362954,2.24755740497486,5.34377863120266,3.79571448215135,-4.64640625894575e-05,-0.00122411901126774,-40.7869739532942,40.7845257152717,"No meaningful change"
"SPEI_3","Saline",1.67557315158884,"7","US-A03","SPEI_3__Saline",3.79579095720058,0.789775151505315,2.24783166025016,5.343750254151,3.79581271083288,-2.17536322977274e-05,-0.00057309551221125,-40.7812810722966,40.7801348812721,"No meaningful change"
"SPEI_6","Saline",1.67557315158884,"7","US-A03","SPEI_6__Saline",4.08039190142668,0.808395281127344,2.49593715041709,5.66484665243627,3.72785187663226,0.352540024794426,9.45692147813854,-33.0462359284533,51.9600788847303,"No meaningful change"
"SPEI_12","Saline",1.67557315158884,"7","US-A03","SPEI_12__Saline",3.79626527099569,0.789752039513148,2.24835127354992,5.34417926844146,3.79590600007587,0.000359270919819465,0.00946469485314664,-40.7690476659595,40.7879770556658,"No meaningful change"
"SPEI_24","Saline",1.67557315158884,"7","US-A03","SPEI_24__Saline",3.81115905330302,0.790990535226284,2.2608176042595,5.36150050234653,3.79486170186332,0.0162973514396954,0.429458376090311,-40.4242425185242,41.2831592707048,"No meaningful change"
"SPEI_36","Saline",1.67557315158884,"7","US-A03","SPEI_36__Saline",3.85752185913845,0.79448439946776,2.30033243618164,5.41471128209526,3.78973207975865,0.0677897793797988,1.78877498337866,-39.3009218654808,42.8784718322382,"No meaningful change"
"SPEI_48","Saline",1.67557315158884,"7","US-A03","SPEI_48__Saline",3.79660383293073,0.789825933879522,2.24854500252686,5.34466266333459,3.79598202691605,0.000621806014679649,0.0163806364274285,-40.765130430461,40.7978917033159,"No meaningful change"
"SPEI_1","Upland",1.70981256351255,"7","US-A03","SPEI_1__Upland",5.28117483457611,0.584110558105045,4.13631814069022,6.426031528462,5.48919319302184,-0.208018358445722,-3.78959805441292,-24.6461548129051,17.0669587040793,"No meaningful change"
"SPEI_3","Upland",1.70981256351255,"7","US-A03","SPEI_3__Upland",5.33625291615818,0.596287210483796,4.16752998360994,6.50497584870642,5.38809641457018,-0.0518434984120013,-0.962185796672256,-22.6530176345704,20.7286460412259,"No meaningful change"
"SPEI_6","Upland",1.70981256351255,"7","US-A03","SPEI_6__Upland",5.11386067151029,0.593978546218792,3.94966272092145,6.27805862209912,5.44677574908028,-0.332915077569997,-6.11214951572427,-27.4862248259739,15.2619257945254,"No meaningful change"
"SPEI_12","Upland",1.70981256351255,"7","US-A03","SPEI_12__Upland",5.14607153159128,0.582871184067463,4.00364401081905,6.28849905236351,5.4960425846593,-0.349971053068015,-6.36769180145845,-27.1540576851764,14.4186740822595,"No meaningful change"
"SPEI_24","Upland",1.70981256351255,"7","US-A03","SPEI_24__Upland",4.99061122177144,0.58323675135072,3.84746718912403,6.13375525441885,5.49325156310849,-0.502640341337048,-9.15014241679143,-29.9601129691056,11.6598281355227,"No meaningful change"
"SPEI_36","Upland",1.70981256351255,"7","US-A03","SPEI_36__Upland",5.11884877564599,0.581955873250895,3.97821526407424,6.25948228721775,5.50528577568923,-0.386437000043236,-7.019381296239,-27.7382605342374,13.6994979417594,"No meaningful change"
"SPEI_48","Upland",1.70981256351255,"7","US-A03","SPEI_48__Upland",5.2412156947701,0.581045868812655,4.1023657918973,6.3800655976429,5.50702674358798,-0.265811048817877,-4.82676153928924,-25.5067029286933,15.8531798501149,"No meaningful change"
"SPEI_1","Freshwater",1.70981256351255,"7","US-A03","SPEI_1__Freshwater",4.21878132261609,0.684588025541514,2.87698879255472,5.56057385267745,4.21954140936123,-0.000760086745140498,-0.0180134917850128,-31.8175006845056,31.7814737009356,"No meaningful change"
"SPEI_3","Freshwater",1.70981256351255,"7","US-A03","SPEI_3__Freshwater",4.21958973836385,0.684551376753673,2.87786903992665,5.56131043680105,4.21951351065009,7.62277137615897e-05,0.00180655219065397,-31.7961885259311,31.7998016303124,"No meaningful change"
"SPEI_6","Freshwater",1.70981256351255,"7","US-A03","SPEI_6__Freshwater",4.21890538848206,0.684563627616334,2.87716067835405,5.56065009861008,4.21959154835205,-0.00068615986998477,-0.0162612864805066,-31.8142373406327,31.7817147676717,"No meaningful change"
"SPEI_12","Freshwater",1.70981256351255,"7","US-A03","SPEI_12__Freshwater",4.21916781502636,0.684525167684787,2.87749848636417,5.56083714368854,4.21957016391976,-0.000402348893404181,-0.00953530520346697,-31.805886036242,31.786815425835,"No meaningful change"
"SPEI_24","Freshwater",1.70981256351255,"7","US-A03","SPEI_24__Freshwater",4.21628462719528,0.684703133087862,2.87426648634307,5.55830276804749,4.22053295499704,-0.0042483278017631,-0.10065856248636,-31.8980205345871,31.6967034096144,"No meaningful change"
"SPEI_36","Freshwater",1.70981256351255,"7","US-A03","SPEI_36__Freshwater",4.21866939134619,0.684556154793473,2.87693932795098,5.5603994547414,4.21970971318329,-0.00104032183709624,-0.0246538721335746,-31.8213923824475,31.7720846381804,"No meaningful change"
"SPEI_48","Freshwater",1.70981256351255,"7","US-A03","SPEI_48__Freshwater",4.2189002655522,0.68456900807581,2.87714500972361,5.56065552138079,4.21964494790908,-0.000744682356877746,-0.0176479861711292,-31.8154715564565,31.7801755841142,"No meaningful change"
"SPEI_1","Saline",1.70981256351255,"7","US-A03","SPEI_1__Saline",3.7956822796876,0.78985823793544,2.24756013333414,5.34380442604107,3.79571448215135,-3.22024637480212e-05,-0.000848390043546408,-40.7869020733019,40.7852052932148,"No meaningful change"
"SPEI_3","Saline",1.70981256351255,"7","US-A03","SPEI_3__Saline",3.79579879159007,0.789778717147927,2.24783250598013,5.3437650772,3.79581271083288,-1.39192428112445e-05,-0.000366699936788775,-40.7812587916934,40.7805253918198,"No meaningful change"
"SPEI_6","Saline",1.70981256351255,"7","US-A03","SPEI_6__Saline",4.08941403873258,0.809389548739158,2.50301052320382,5.67581755426133,3.72785187663226,0.36156216210032,9.69894121509344,-32.8564919949275,52.2543744251143,"No meaningful change"
"SPEI_12","Saline",1.70981256351255,"7","US-A03","SPEI_12__Saline",3.79627123672683,0.789755011013314,2.24835141514074,5.34419105831293,3.79590600007587,0.00036523665096011,0.00962185709953855,-40.7690439358667,40.7882876500658,"No meaningful change"
"SPEI_24","Saline",1.70981256351255,"7","US-A03","SPEI_24__Saline",3.81146544180267,0.791046105521655,2.26101507498023,5.36191580862512,3.79486170186332,0.016603739939351,0.437532148568113,-40.4190388843408,41.294103181477,"No meaningful change"
"SPEI_36","Saline",1.70981256351255,"7","US-A03","SPEI_36__Saline",3.85847733895144,0.79466769355731,2.30092865957911,5.41602601832376,3.78973207975865,0.0687452591927817,1.8139873148278,-39.2851892652622,42.9131638949178,"No meaningful change"
"SPEI_48","Saline",1.70981256351255,"7","US-A03","SPEI_48__Saline",3.79661110106937,0.789831469528544,2.24854142079343,5.34468078134532,3.79598202691605,0.000629074153326581,0.0165721056861182,-40.7652247863723,40.7983689977446,"No meaningful change"
"SPEI_1","Upland",1.74405197543626,"7","US-A03","SPEI_1__Upland",5.27868088446958,0.584845938324742,4.13238284535309,6.42497892358608,5.48919319302184,-0.210512308552253,-3.83503187353412,-24.717846502353,17.0477827552848,"No meaningful change"
"SPEI_3","Upland",1.74405197543626,"7","US-A03","SPEI_3__Upland",5.35038908312065,0.597892833978757,4.17851912852229,6.52225903771901,5.38809641457018,-0.0377073314495284,-0.699826590845005,-22.4490653652192,21.0494121835292,"No meaningful change"
"SPEI_6","Upland",1.74405197543626,"7","US-A03","SPEI_6__Upland",5.1108029460129,0.595429767594661,3.94376060152737,6.27784529049844,5.44677574908028,-0.33597280306738,-6.16828778243919,-27.5945847009895,15.2580091361111,"No meaningful change"
"SPEI_12","Upland",1.74405197543626,"7","US-A03","SPEI_12__Upland",5.13907487656296,0.583406924256369,3.99559730502048,6.28255244810544,5.4960425846593,-0.356967708096336,-6.49499530976551,-27.3004667727085,14.3104761531775,"No meaningful change"
"SPEI_24","Upland",1.74405197543626,"7","US-A03","SPEI_24__Upland",4.98055953852166,0.583784047129159,3.83634280614851,6.12477627089481,5.49325156310849,-0.512692024586825,-9.33312481135866,-30.1626229551806,11.4963733324633,"No meaningful change"
"SPEI_36","Upland",1.74405197543626,"7","US-A03","SPEI_36__Upland",5.11112514472358,0.582466939154421,3.96948994398092,6.25276034546625,5.50528577568923,-0.394160630965644,-7.15967611901669,-27.896750401046,13.5773981630126,"No meaningful change"
"SPEI_48","Upland",1.74405197543626,"7","US-A03","SPEI_48__Upland",5.23590382055042,0.581530511458084,4.09610401809257,6.37570362300827,5.50702674358798,-0.271122923037557,-4.92321783897699,-25.6204080929548,15.7739724150009,"No meaningful change"
"SPEI_1","Freshwater",1.74405197543626,"7","US-A03","SPEI_1__Freshwater",4.21876801837461,0.684591915488815,2.87696786401653,5.56056817273269,4.21954140936123,-0.000773390986617883,-0.0183287924346964,-31.8179966753293,31.7813390904599,"No meaningful change"
"SPEI_3","Freshwater",1.74405197543626,"7","US-A03","SPEI_3__Freshwater",4.21958990468867,0.684553984021232,2.87786409600705,5.56131571337028,4.21951351065009,7.63940385759554e-05,0.00181049399138399,-31.7963056939314,31.7999266819141,"No meaningful change"
"SPEI_6","Freshwater",1.74405197543626,"7","US-A03","SPEI_6__Freshwater",4.21889215970384,0.684566943151315,2.87714095112726,5.56064336828041,4.21959154835205,-0.000699388648210508,-0.0165747949818426,-31.8147048557124,31.7815552657487,"No meaningful change"
"SPEI_12","Freshwater",1.74405197543626,"7","US-A03","SPEI_12__Freshwater",4.2191608865619,0.684527008942737,2.87748794903413,5.56083382408966,4.21957016391976,-0.000409277357864113,-0.00969950355047338,-31.8061357614422,31.7867367543413,"No meaningful change"
"SPEI_24","Freshwater",1.74405197543626,"7","US-A03","SPEI_24__Freshwater",4.21620819788201,0.684711977297135,2.87417272237963,5.5582436733844,4.22053295499704,-0.00432475711502711,-0.102469454951339,-31.9002421488818,31.6953032389791,"No meaningful change"
"SPEI_36","Freshwater",1.74405197543626,"7","US-A03","SPEI_36__Freshwater",4.2186521856534,0.684559214015004,2.876916126184,5.56038824512281,4.21970971318329,-0.00105752752988231,-0.0250616180202719,-31.8219422251752,31.7718189891346,"No meaningful change"
"SPEI_48","Freshwater",1.74405197543626,"7","US-A03","SPEI_48__Freshwater",4.21888821196266,0.68457258298465,2.87712594931274,5.56065047461257,4.21964494790908,-0.000756735946423781,-0.0179336402888295,-31.8159232629652,31.7800559823875,"No meaningful change"
"SPEI_1","Saline",1.74405197543626,"7","US-A03","SPEI_1__Saline",3.79569679449701,0.789864201622666,2.24756295931659,5.34383062967743,3.79571448215135,-1.76876543429572e-05,-0.000465990116646816,-40.7868276213784,40.7858956411451,"No meaningful change"
"SPEI_3","Saline",1.74405197543626,"7","US-A03","SPEI_3__Saline",3.79580678398248,0.7897823363213,2.24783340479273,5.34378016317223,3.79581271083288,-5.92685039357832e-06,-0.000156141802693891,-40.7812351126377,40.7809228290323,"No meaningful change"
"SPEI_6","Saline",1.74405197543626,"7","US-A03","SPEI_6__Saline",4.09837873081167,0.81042013743129,2.50995526144634,5.686802200177,3.72785187663226,0.370526854179414,9.9394199780853,-32.6701986959354,52.549038652106,"No meaningful change"
"SPEI_12","Saline",1.74405197543626,"7","US-A03","SPEI_12__Saline",3.79627711915924,0.789758032239308,2.2483513759702,5.34420286234829,3.79590600007587,0.000371119083371951,0.00977682490990381,-40.7690449677821,40.7885986176019,"No meaningful change"
"SPEI_24","Saline",1.74405197543626,"7","US-A03","SPEI_24__Saline",3.81177043906675,0.791102819645533,2.26120891256151,5.362331965572,3.79486170186332,0.0169087372034329,0.445569260010991,-40.4139309885462,41.3050695085682,"No meaningful change"
"SPEI_36","Saline",1.74405197543626,"7","US-A03","SPEI_36__Saline",3.85940752998034,0.794854744506189,2.30149223074821,5.41732282921247,3.78973207975865,0.0696754502216868,1.83853234886525,-39.2703182623195,42.94738296005,"No meaningful change"
"SPEI_48","Saline",1.74405197543626,"7","US-A03","SPEI_48__Saline",3.79661821012523,0.78983709767713,2.24853749867805,5.3446989215724,3.79598202691605,0.000636183209179464,0.0167593841242793,-40.7653281091844,40.798846877433,"No meaningful change"
"SPEI_1","Upland",1.77829138735997,"7","US-A03","SPEI_1__Upland",5.27622028748223,0.585608310217186,4.12842799945654,6.42401257550791,5.48919319302184,-0.212972905539609,-3.87985807842129,-24.7898943563359,17.0301781994933,"No meaningful change"
"SPEI_3","Upland",1.77829138735997,"7","US-A03","SPEI_3__Upland",5.36477731889552,0.599591810047311,4.18957737120279,6.53997726658825,5.38809641457018,-0.0233190956746556,-0.432789131456473,-22.2438306806541,21.3782524177412,"No meaningful change"
"SPEI_6","Upland",1.77829138735997,"7","US-A03","SPEI_6__Upland",5.10782739998588,0.596950553344686,3.93780431543029,6.27785048454146,5.44677574908028,-0.338948349094406,-6.22291727636555,-27.7039390487994,15.2581044960683,"No meaningful change"
"SPEI_12","Upland",1.77829138735997,"7","US-A03","SPEI_12__Upland",5.13207840031454,0.583952870261623,3.98753077460176,6.27662602602733,5.4960425846593,-0.36396418434475,-6.62229556518825,-27.4472365674191,14.2026454370426,"No meaningful change"
"SPEI_24","Upland",1.77829138735997,"7","US-A03","SPEI_24__Upland",4.9705078994784,0.584341621166287,3.82519832199248,6.11581747696432,5.49325156310849,-0.522743663630086,-9.51610640118363,-30.3654988662507,11.3332860638835,"No meaningful change"
"SPEI_36","Upland",1.77829138735997,"7","US-A03","SPEI_36__Upland",5.10340173112234,0.582987969175154,3.96074531153904,6.24605815070564,5.50528577568923,-0.401884044566889,-7.29996699429423,-28.0555910643317,13.4556570757432,"No meaningful change"
"SPEI_48","Upland",1.77829138735997,"7","US-A03","SPEI_48__Upland",5.23059214602513,0.582024819602647,4.08982349960394,6.37136079244632,5.50702674358798,-0.276434597562846,-5.01967051249041,-25.7344536347882,15.6951126098074,"No meaningful change"
"SPEI_1","Freshwater",1.77829138735997,"7","US-A03","SPEI_1__Freshwater",4.21875479841777,0.684595873745419,2.87694688587675,5.56056271095879,4.21954140936123,-0.000786610943458221,-0.0186420956010312,-31.8184938416739,31.7812096504718,"No meaningful change"
"SPEI_3","Freshwater",1.77829138735997,"7","US-A03","SPEI_3__Freshwater",4.21959005521734,0.684556639194877,2.87785904239538,5.5613210680393,4.21951351065009,7.65445672499254e-05,0.00181406143283405,-31.7964254615695,31.8000535844351,"No meaningful change"
"SPEI_6","Freshwater",1.77829138735997,"7","US-A03","SPEI_6__Freshwater",4.21887902629837,0.684570325865505,2.87712118760198,5.56063686499475,4.21959154835205,-0.000712522053682996,-0.0168860432465619,-31.8151732310292,31.7814011445361,"No meaningful change"
"SPEI_12","Freshwater",1.77829138735997,"7","US-A03","SPEI_12__Freshwater",4.21915401465271,0.684528891189568,2.87747738792115,5.56083064138426,4.21957016391976,-0.000416149267054244,-0.00986236158868995,-31.8063860502766,31.7866613270992,"No meaningful change"
"SPEI_24","Freshwater",1.77829138735997,"7","US-A03","SPEI_24__Freshwater",4.21613273707492,0.684721023451987,2.87407953110903,5.55818594304082,4.22053295499704,-0.00440021792211809,-0.10425739993117,-31.9024501939698,31.6939353941074,"No meaningful change"
"SPEI_36","Freshwater",1.77829138735997,"7","US-A03","SPEI_36__Freshwater",4.2186352032339,0.684562340468321,2.87689301591599,5.56037739055181,4.21970971318329,-0.00107450994938851,-0.0254640727069806,-31.8224898995314,31.7715617541175,"No meaningful change"
"SPEI_48","Freshwater",1.77829138735997,"7","US-A03","SPEI_48__Freshwater",4.21887633326711,0.684576234121137,2.87710691438968,5.56064575214454,4.21964494790908,-0.000768614641969201,-0.0182151496502109,-31.8163743654464,31.779944066146,"No meaningful change"
"SPEI_1","Saline",1.77829138735997,"7","US-A03","SPEI_1__Saline",3.79571154401159,0.789870251500918,2.24756585106979,5.34385723695339,3.79571448215135,-2.93813975993373e-06,-7.74067642271249e-05,-40.7867514366911,40.7865966231627,"No meaningful change"
"SPEI_3","Saline",1.77829138735997,"7","US-A03","SPEI_3__Saline",3.79581492365675,0.789786012567889,2.24783433902369,5.34379550828982,3.79581271083288,2.2128238770236e-06,5.82964452041697e-05,-40.781210500492,40.7813270933824,"No meaningful change"
"SPEI_6","Saline",1.77829138735997,"7","US-A03","SPEI_6__Saline",4.10728758271189,0.81148840966743,2.51677029976373,5.69780486566005,3.72785187663226,0.379435706079635,10.1784008226855,-32.4873846104266,52.8441862557977,"WUE increase"
"SPEI_12","Saline",1.77829138735997,"7","US-A03","SPEI_12__Saline",3.79628292250003,0.789761105333521,2.24835115604632,5.34421468895373,3.79590600007587,0.00037692242415277,0.00992970911674937,-40.7690507614945,40.788910179728,"No meaningful change"
"SPEI_24","Saline",1.77829138735997,"7","US-A03","SPEI_24__Saline",3.81207411997717,0.791160695080399,2.26139915761959,5.36274908233476,3.79486170186332,0.0172124181138522,0.453571683663748,-40.4089177608444,41.3160611281719,"No meaningful change"
"SPEI_36","Saline",1.77829138735997,"7","US-A03","SPEI_36__Saline",3.86031372771337,0.795045810605299,2.30202393892699,5.41860351649976,3.78973207975865,0.070581647954719,1.86244426965438,-39.2562880309578,42.9811765702666,"No meaningful change"
"SPEI_48","Saline",1.77829138735997,"7","US-A03","SPEI_48__Saline",3.79662516952419,0.789842821638939,2.24853323911187,5.34471709993651,3.79598202691605,0.000643142608145464,0.0169427200546566,-40.7654403216804,40.7993257617897,"No meaningful change"
"SPEI_1","Upland",1.81253079928368,"7","US-A03","SPEI_1__Upland",5.27379063951517,0.58639841031939,4.12444975528916,6.42313152374117,5.48919319302184,-0.215402553506667,-3.92412046601856,-24.8623684709733,17.0141275389362,"No meaningful change"
"SPEI_3","Upland",1.81253079928368,"7","US-A03","SPEI_3__Upland",5.37939823615405,0.601389516641304,4.2006747835371,6.55812168877101,5.38809641457018,-0.00869817841612353,-0.161433236283642,-22.0378690296284,21.7150025570611,"No meaningful change"
"SPEI_6","Upland",1.81253079928368,"7","US-A03","SPEI_6__Upland",5.10492867449017,0.598542878288368,3.93178463304497,6.27807271593537,5.44677574908028,-0.341847074590112,-6.2761363848665,-27.8144573198397,15.2621845501067,"No meaningful change"
"SPEI_12","Upland",1.81253079928368,"7","US-A03","SPEI_12__Upland",5.1250820936904,0.58450900126586,3.97944445120931,6.27071973617148,5.4960425846593,-0.370960490968897,-6.74959273431272,-27.5943664935048,14.0951810248794,"No meaningful change"
"SPEI_24","Upland",1.81253079928368,"7","US-A03","SPEI_24__Upland",4.96045630206328,0.584909446428422,3.81403378706357,6.10687881706299,5.49325156310849,-0.532795261045203,-9.69908723320344,-30.5687397846875,11.1705653182806,"No meaningful change"
"SPEI_36","Upland",1.81253079928368,"7","US-A03","SPEI_36__Upland",5.09567852236124,0.583518942878403,3.95198139431958,6.23937565040291,5.50528577568923,-0.409607253327982,-7.44025414878126,-28.2147820232854,13.3342737257229,"No meaningful change"
"SPEI_48","Upland",1.81253079928368,"7","US-A03","SPEI_48__Upland",5.22528065989379,0.582528774104055,4.08352426264984,6.36703705713774,5.50702674358798,-0.281746083694188,-5.11611976502991,-25.8488390781027,15.6165995480429,"No meaningful change"
"SPEI_1","Freshwater",1.81253079928368,"7","US-A03","SPEI_1__Freshwater",4.21874165751567,0.684599903049631,2.8769258475384,5.56055746749295,4.21954140936123,-0.000799751845553587,-0.0189535252285783,-31.8189924346798,31.7810853842226,"No meaningful change"
"SPEI_3","Freshwater",1.81253079928368,"7","US-A03","SPEI_3__Freshwater",4.21959019125902,0.684559344334758,2.8778538763629,5.56132650615515,4.21951351065009,7.66806089300687e-05,0.00181728554101145,-31.7965478935151,31.8001824645971,"No meaningful change"
"SPEI_6","Freshwater",1.81253079928368,"7","US-A03","SPEI_6__Freshwater",4.2188659837194,0.684573777944816,2.87710137894756,5.56063058849124,4.21959154835205,-0.000725564632648279,-0.0171951390160416,-31.8156426758603,31.7812523978282,"No meaningful change"
"SPEI_12","Freshwater",1.81253079928368,"7","US-A03","SPEI_12__Freshwater",4.21914719606193,0.684530815734456,2.87746679722239,5.56082759490146,4.21957016391976,-0.000422967857836909,-0.0100239560288291,-31.8066370402673,31.7865891282096,"No meaningful change"
"SPEI_24","Freshwater",1.81253079928368,"7","US-A03","SPEI_24__Freshwater",4.21605819519211,0.684730282621138,2.87398684125468,5.55812954912954,4.22053295499704,-0.00447475980493284,-0.106023572203951,-31.9046463586566,31.6925992142487,"No meaningful change"
"SPEI_36","Freshwater",1.81253079928368,"7","US-A03","SPEI_36__Freshwater",4.21861843177976,0.684565537108841,2.87686997904643,5.56036688451309,4.21970971318329,-0.00109128140352688,-0.0258615278704476,-31.8230358344683,31.7713127787274,"No meaningful change"
"SPEI_48","Freshwater",1.81253079928368,"7","US-A03","SPEI_48__Freshwater",4.2188646196097,0.684579964246005,2.87708788968753,5.56064134953187,4.21964494790908,-0.000780328299380351,-0.0184927478262601,-31.8168252257057,31.7798397300531,"No meaningful change"
"SPEI_1","Saline",1.81253079928368,"7","US-A03","SPEI_1__Saline",3.79572651031227,0.789876394728499,2.24756877664441,5.34388424398013,3.79571448215135,1.20281609192752e-05,0.000316887926524384,-40.7866743609618,40.7873081368148,"No meaningful change"
"SPEI_3","Saline",1.81253079928368,"7","US-A03","SPEI_3__Saline",3.79582320012121,0.789789749615435,2.24783529087495,5.34381110936746,3.79581271083288,1.04892883290297e-05,0.000276338405714653,-40.7811854241424,40.7817381009539,"No meaningful change"
"SPEI_6","Saline",1.81253079928368,"7","US-A03","SPEI_6__Saline",4.11614251767704,0.812595772741873,2.52345480310297,5.70883023225111,3.72785187663226,0.388290641044784,10.4159353401017,-32.308072138782,53.1399428189854,"WUE increase"
"SPEI_12","Saline",1.81253079928368,"7","US-A03","SPEI_12__Saline",3.79628865108621,0.789764232553636,2.24835075528109,5.34422654689134,3.79590600007587,0.000382651010339519,0.010080623975722,-40.7690613193228,40.7892225672743,"No meaningful change"
"SPEI_24","Saline",1.81253079928368,"7","US-A03","SPEI_24__Saline",3.8123765609222,0.791219750149084,2.26158585062999,5.3631672712144,3.79486170186332,0.0175148590588767,0.461541432465819,-40.403998134648,41.3270809995797,"No meaningful change"
"SPEI_36","Saline",1.81253079928368,"7","US-A03","SPEI_36__Saline",3.86119726668211,0.795241162123712,2.30252458891964,5.41986994444459,3.78973207975865,0.0714651869234562,1.88575829159953,-39.2430773347368,43.0145939179359,"No meaningful change"
"SPEI_48","Saline",1.81253079928368,"7","US-A03","SPEI_48__Saline",3.79663198871012,0.78984864489401,2.24852864471786,5.34473533270238,3.79598202691605,0.000649961794074283,0.0171223622626667,-40.7655613547616,40.799806079287,"No meaningful change"
"SPEI_1","Upland",1.84677021120739,"7","US-A03","SPEI_1__Upland",5.27138959709894,0.587216945546725,4.12044438382736,6.42233481037052,5.48919319302184,-0.217803595922898,-3.96786172874698,-24.9353367801758,16.9996133226818,"No meaningful change"
"SPEI_3","Upland",1.84677021120739,"7","US-A03","SPEI_3__Upland",5.39423310938558,0.603291222973876,4.21178231235679,6.57668390641438,5.38809641457018,0.00613669481540491,0.113893559863005,-21.8317196223971,22.0595067421231,"No meaningful change"
"SPEI_6","Upland",1.84677021120739,"7","US-A03","SPEI_6__Upland",5.10210147608513,0.600208577793483,3.9256926636099,6.27851028856036,5.44677574908028,-0.344674272995151,-6.32804229278856,-27.9263027439164,15.2702181583392,"No meaningful change"
"SPEI_12","Upland",1.84677021120739,"7","US-A03","SPEI_12__Upland",5.11808594724576,0.585075295673627,3.97133836772545,6.26483352676606,5.4960425846593,-0.37795663741354,-6.87688698898554,-27.7418559526748,13.9880819747037,"No meaningful change"
"SPEI_24","Upland",1.84677021120739,"7","US-A03","SPEI_24__Upland",4.95040474368157,0.585487495337518,3.80284925282003,6.0979602345431,5.49325156310849,-0.542846819426919,-9.88206735465318,-30.7723447737372,11.0082100644309,"No meaningful change"
"SPEI_36","Upland",1.84677021120739,"7","US-A03","SPEI_36__Upland",5.08795550585002,0.584059839133738,3.94319822114789,6.23271279055215,5.50528577568923,-0.417330269839207,-7.5805378111722,-28.3743227543128,13.2132471319684,"No meaningful change"
"SPEI_48","Upland",1.84677021120739,"7","US-A03","SPEI_48__Upland",5.21996935075979,0.583042355208475,4.07720633455118,6.36273236696841,5.50702674358798,-0.287057392828182,-5.21256580354205,-25.9635639267883,15.5384323197042,"No meaningful change"
"SPEI_1","Freshwater",1.84677021120739,"7","US-A03","SPEI_1__Freshwater",4.2187285904385,0.684604006226212,2.87690473823512,5.56055244264187,4.21954140936123,-0.00081281892273033,-0.0192632052603408,-31.8194927095018,31.7809662989811,"No meaningful change"
"SPEI_3","Freshwater",1.84677021120739,"7","US-A03","SPEI_3__Freshwater",4.21959031405754,0.684562101567633,2.87784859498498,5.5613320331301,4.21951351065009,7.68034074525303e-05,0.00182019579410465,-31.7966730590798,31.800313450668,"No meaningful change"
"SPEI_6","Freshwater",1.84677021120739,"7","US-A03","SPEI_6__Freshwater",4.21885302721878,0.684577301648997,2.87708151598675,5.56062453845081,4.21959154835205,-0.000738521133268222,-0.0175021948168573,-31.8161134076974,31.7811090180637,"No meaningful change"
"SPEI_12","Freshwater",1.84677021120739,"7","US-A03","SPEI_12__Freshwater",4.21914042751847,0.684532783931645,2.87745617101244,5.56082468402449,4.21957016391976,-0.000429736401294178,-0.0101843643925801,-31.806888871841,31.7865201430559,"No meaningful change"
"SPEI_24","Freshwater",1.84677021120739,"7","US-A03","SPEI_24__Freshwater",4.21598452120184,0.684739766236651,2.873894579378,5.55807446302567,4.22053295499704,-0.00454843379520486,-0.107769180899763,-31.906832382973,31.6912940211734,"No meaningful change"
"SPEI_36","Freshwater",1.84677021120739,"7","US-A03","SPEI_36__Freshwater",4.21860185878548,0.684568806992645,2.87684699707989,5.56035672049106,4.21970971318329,-0.00110785439780781,-0.0262542798701681,-31.8235804682961,31.7710719085558,"No meaningful change"
"SPEI_48","Freshwater",1.84677021120739,"7","US-A03","SPEI_48__Freshwater",4.21885306104213,0.684583776211648,2.8770688596673,5.56063726241696,4.21964494790908,-0.000791886866952751,-0.0187666705784132,-31.8172762119964,31.7797428708395,"No meaningful change"
"SPEI_1","Saline",1.84677021120739,"7","US-A03","SPEI_1__Saline",3.79574167607142,0.789882638683442,2.24757170425187,5.34391164789096,3.79571448215135,2.71939200637838e-05,0.000716437450489447,-40.7865972316764,40.7880301065774,"No meaningful change"
"SPEI_3","Saline",1.84677021120739,"7","US-A03","SPEI_3__Saline",3.79583160314194,0.789793551309182,2.24783624257595,5.34382696370794,3.79581271083288,1.88923090682636e-05,0.000497714468744645,-40.7811603517517,40.7821557806892,"No meaningful change"
"SPEI_6","Saline",1.84677021120739,"7","US-A03","SPEI_6__Saline",4.1249456888455,0.81374364945109,2.53000813592137,5.71988324176964,3.72785187663226,0.397093812213249,10.6520812884868,-32.1322783294979,53.4364409064716,"WUE increase"
"SPEI_12","Saline",1.84677021120739,"7","US-A03","SPEI_12__Saline",3.79629430932137,0.789767416230915,2.24835017350878,5.34423844513397,3.79590600007587,0.000388309245501262,0.0102296854952019,-40.7690766456324,40.7895360166228,"No meaningful change"
"SPEI_24","Saline",1.84677021120739,"7","US-A03","SPEI_24__Saline",3.81267783884593,0.791280003676871,2.26176903163926,5.3635866460526,3.79486170186332,0.01781613698261,0.469480534003704,-40.3991710546735,41.3381321226809,"No meaningful change"
"SPEI_36","Saline",1.84677021120739,"7","US-A03","SPEI_36__Saline",3.8620595009934,0.795441076317388,2.30299499141132,5.42112401057548,3.78973207975865,0.0723274212347418,1.90851014563932,-39.2306647820344,43.047685073313,"No meaningful change"
"SPEI_48","Saline",1.84677021120739,"7","US-A03","SPEI_48__Saline",3.79663867706698,0.789854571026727,2.24852371785459,5.34475363627936,3.79598202691605,0.00065665015093197,0.0172985579561727,-40.7656911462947,40.8002882622071,"No meaningful change"
"SPEI_1","Upland",1.8810096231311,"7","US-A03","SPEI_1__Upland",5.26901487099865,0.588064581938868,4.11640829039847,6.42162145159883,5.48919319302184,-0.220178322023187,-4.01112357100292,-25.0088647703005,16.9866176282946,"No meaningful change"
"SPEI_3","Upland",1.8810096231311,"7","US-A03","SPEI_3__Upland",5.40926375724304,0.605301980026716,4.22287187639068,6.59565563809541,5.38809641457018,0.0211673426728662,0.392853821539398,-21.625903631356,22.4116112744348,"No meaningful change"
"SPEI_6","Upland",1.8810096231311,"7","US-A03","SPEI_6__Upland",5.09934058824277,0.601949317898466,3.91951992516177,6.27916125132376,5.44677574908028,-0.347435160837516,-6.37873077290142,-28.0396310455116,15.2821694997087,"No meaningful change"
"SPEI_12","Upland",1.8810096231311,"7","US-A03","SPEI_12__Upland",5.11108995141959,0.585651731032136,3.9632125585966,6.25896734424257,5.4960425846593,-0.384952633239707,-7.00417850316876,-27.8897043181792,13.8813473118417,"No meaningful change"
"SPEI_24","Upland",1.8810096231311,"7","US-A03","SPEI_24__Upland",4.94035322174602,0.586075739753268,3.79164477182962,6.08906167166243,5.49325156310849,-0.552898341362465,-10.0650468126312,-30.9763128764483,10.8462192511858,"WUE decrease"
"SPEI_36","Upland",1.8810096231311,"7","US-A03","SPEI_36__Upland",5.08023266901599,0.584610636052133,3.93439582235381,6.22606951567817,5.50528577568923,-0.425053106673239,-7.72081820984171,-28.5342127064922,13.0925762868087,"No meaningful change"
"SPEI_48","Upland",1.8810096231311,"7","US-A03","SPEI_48__Upland",5.21465820724255,0.583565542491347,4.07086974395951,6.35844667052559,5.50702674358798,-0.292368536345426,-5.30900883468272,-26.0786276605726,15.4606099912072,"No meaningful change"
"SPEI_1","Freshwater",1.8810096231311,"7","US-A03","SPEI_1__Freshwater",4.21871559199388,0.684608186139202,2.87688354716104,5.56054763682672,4.21954140936123,-0.000825817367347881,-0.019571258751384,-31.8199949222312,31.7808524047284,"No meaningful change"
"SPEI_3","Freshwater",1.8810096231311,"7","US-A03","SPEI_3__Freshwater",4.21959042480779,0.684564913050967,2.8778431952279,5.56133765438769,4.21951351065009,7.69141577032784e-05,0.00182282051021158,-31.7968010301615,31.8004466711819,"No meaningful change"
"SPEI_6","Freshwater",1.8810096231311,"7","US-A03","SPEI_6__Freshwater",4.21884015195424,0.684580899272415,2.8770615893803,5.56061871452817,4.21959154835205,-0.00075139639781252,-0.0178073254058435,-31.8165856478708,31.7809709970591,"No meaningful change"
"SPEI_12","Freshwater",1.8810096231311,"7","US-A03","SPEI_12__Freshwater",4.2191337057525,0.684534797156832,2.87744550332511,5.56082190817989,4.21957016391976,-0.00043645816726201,-0.0103436641721005,-31.8071416863913,31.7864543580471,"No meaningful change"
"SPEI_24","Freshwater",1.8810096231311,"7","US-A03","SPEI_24__Freshwater",4.21591166351246,0.684749485896486,2.87380267115534,5.55802065586957,4.22053295499704,-0.00462129148458246,-0.109495448415133,-31.9090100279205,31.6900191310903,"No meaningful change"
"SPEI_36","Freshwater",1.8810096231311,"7","US-A03","SPEI_36__Freshwater",4.21858547170763,0.684572153223335,2.8768240513899,5.56034689202537,4.21970971318329,-0.0011242414756536,-0.0266426259640853,-31.8241242424313,31.7708389905031,"No meaningful change"
"SPEI_48","Freshwater",1.8810096231311,"7","US-A03","SPEI_48__Freshwater",4.21884164762537,0.684587672913178,2.87704980871554,5.5606334865352,4.21964494790908,-0.000803300283707564,-0.019037153448316,-31.8177276943365,31.7796533874398,"No meaningful change"
"SPEI_1","Saline",1.8810096231311,"7","US-A03","SPEI_1__Saline",3.79575702445115,0.789888990842037,2.24757460240075,5.34393944650154,3.79571448215135,4.25422997936131e-05,0.00112079820528284,-40.7865208784918,40.7887624749024,"No meaningful change"
"SPEI_3","Saline",1.8810096231311,"7","US-A03","SPEI_3__Saline",3.79584012271627,0.789797421547788,2.24783717648261,5.34384306894994,3.79581271083288,2.7411883397388e-05,0.00072216111504019,-40.7811357481495,40.7825800703795,"No meaningful change"
"SPEI_6","Saline",1.8810096231311,"7","US-A03","SPEI_6__Saline",4.13369937889417,0.814933445415506,2.53642982587977,5.73096893190856,3.72785187663226,0.405847502261912,10.8868999008768,-31.9600158531195,53.7338156548731,"WUE increase"
"SPEI_12","Saline",1.8810096231311,"7","US-A03","SPEI_12__Saline",3.79629990162101,0.789770658730559,2.24834941050911,5.3442503927329,3.79590600007587,0.000393901545136632,0.010377009997844,-40.7690967462268,40.7898507662224,"No meaningful change"
"SPEI_24","Saline",1.8810096231311,"7","US-A03","SPEI_24__Saline",3.81297803051005,0.791341474664101,2.26194874016841,5.36400732085169,3.79486170186332,0.0181163286467316,0.477391011056775,-40.3944354794861,41.3492175015996,"No meaningful change"
"SPEI_36","Saline",1.8810096231311,"7","US-A03","SPEI_36__Saline",3.86290178772347,0.795645832459255,2.30343595610333,5.42236761934361,3.78973207975865,0.0731697079648153,1.93073564106608,-39.2190290071898,43.080500289322,"No meaningful change"
"SPEI_48","Saline",1.8810096231311,"7","US-A03","SPEI_48__Saline",3.79664524387696,0.789860603667543,2.24851846068858,5.34477202706535,3.79598202691605,0.000663216960917978,0.0174715516621345,-40.7658296392058,40.80077274253,"No meaningful change"
"SPEI_1","Upland",1.91524903505482,"7","US-A03","SPEI_1__Upland",5.26666427282029,0.588941942592209,4.11233806533956,6.42099048030102,5.48919319302184,-0.222528920201545,-4.05394586010264,-25.0830145572688,16.9751228370635,"No meaningful change"
"SPEI_3","Upland",1.91524903505482,"7","US-A03","SPEI_3__Upland",5.42447293999234,0.607426578798712,4.23391684554686,6.61502903443782,5.38809641457018,0.0363765254221615,0.675127589101677,-21.4209152958408,22.7711704740442,"No meaningful change"
"SPEI_6","Upland",1.91524903505482,"7","US-A03","SPEI_6__Upland",5.09664096464195,0.603766594393266,3.91325843963114,6.28002348965275,5.44677574908028,-0.350134784438337,-6.42829447306435,-28.1545886978747,15.297999751746,"No meaningful change"
"SPEI_12","Upland",1.91524903505482,"7","US-A03","SPEI_12__Upland",5.10409409664432,0.58623828403988,3.95506705992615,6.25312113336248,5.4960425846593,-0.391948488014978,-7.13146745094362,-28.0379109331204,13.7749760312332,"No meaningful change"
"SPEI_24","Upland",1.91524903505482,"7","US-A03","SPEI_24__Upland",4.93030173371598,0.586674150983504,3.78042039778831,6.08018306964365,5.49325156310849,-0.562949829392504,-10.2480256533882,-31.1806431153305,10.6845918085542,"WUE decrease"
"SPEI_36","Upland",1.91524903505482,"7","US-A03","SPEI_36__Upland",5.07250999948886,0.585171310993821,3.92557422994097,6.21944576903675,5.50528577568923,-0.432775776200362,-7.86109556948806,-28.6944512984974,12.9722601595213,"No meaningful change"
"SPEI_48","Upland",1.91524903505482,"7","US-A03","SPEI_48__Upland",5.20934721814134,0.584098314859542,4.06451452101664,6.35417991526604,5.50702674358798,-0.297679525446638,-5.40544906184152,-26.1940297321219,15.3831316084389,"No meaningful change"
"SPEI_1","Freshwater",1.91524903505482,"7","US-A03","SPEI_1__Freshwater",4.21870265711372,0.684612445647185,2.87686226364524,5.56054305058221,4.21954140936123,-0.000838752247502406,-0.0198778058118259,-31.8204993257607,31.7807437141371,"No meaningful change"
"SPEI_3","Freshwater",1.91524903505482,"7","US-A03","SPEI_3__Freshwater",4.21959052462744,0.684567780939166,2.87783767398667,5.5613433752682,4.21951351065009,7.70139773438316e-05,0.00182518617725592,-31.7969318803464,31.8005822527009,"No meaningful change"
"SPEI_6","Freshwater",1.91524903505482,"7","US-A03","SPEI_6__Freshwater",4.21882735303571,0.68458457310814,2.87704158974376,5.56061311632767,4.21959154835205,-0.00076419531633487,-0.0181106466722668,-31.8170596187828,31.7808383254382,"No meaningful change"
"SPEI_12","Freshwater",1.91524903505482,"7","US-A03","SPEI_12__Freshwater",4.21912702754325,0.684536856785492,2.87743478824369,5.56081926684282,4.21957016391976,-0.000443136376508058,-0.0105019316966733,-31.8073956241386,31.7863917607453,"No meaningful change"
"SPEI_24","Freshwater",1.91524903505482,"7","US-A03","SPEI_24__Freshwater",4.21583957057358,0.684759453183468,2.87371104233398,5.55796809881317,4.22053295499704,-0.00469338442346245,-0.111203596169189,-31.9111810528205,31.6887738604821,"No meaningful change"
"SPEI_36","Freshwater",1.91524903505482,"7","US-A03","SPEI_36__Freshwater",4.21856925813618,0.684575578903036,2.87680112348623,5.56033739278613,4.21970971318329,-0.00114045504710436,-0.0270268602492094,-31.8246675950603,31.7706138745619,"No meaningful change"
"SPEI_48","Freshwater",1.91524903505482,"7","US-A03","SPEI_48__Freshwater",4.21883036957253,0.684591657242792,2.87703072137666,5.5606300177684,4.21964494790908,-0.000814578336547633,-0.0193044283726116,-31.8181800390034,31.7795711822581,"No meaningful change"
"SPEI_1","Saline",1.91524903505482,"7","US-A03","SPEI_1__Saline",3.79577253946715,0.789895458662628,2.2475774404884,5.3439676384459,3.79571448215135,5.80573157944464e-05,0.00152954907613442,-40.7864461076508,40.789505205803,"No meaningful change"
"SPEI_3","Saline",1.91524903505482,"7","US-A03","SPEI_3__Saline",3.79584874927282,0.789801364222709,2.24783807539631,5.34385942314933,3.79581271083288,3.60384399438196e-05,0.000949426188520035,-40.7811120664304,40.7830109188074,"No meaningful change"
"SPEI_6","Saline",1.91524903505482,"7","US-A03","SPEI_6__Saline",4.14240599976112,0.816166537648484,2.54271958597009,5.74209241355215,3.72785187663226,0.414554123128863,11.1204558777526,-31.7912924086677,54.0322041641729,"WUE increase"
"SPEI_12","Saline",1.91524903505482,"7","US-A03","SPEI_12__Saline",3.79630543235284,0.789773962415012,2.24834846601942,5.34426239868627,3.79590600007587,0.000399432276972256,0.0105227125477889,-40.7691216280255,40.7901670531211,"No meaningful change"
"SPEI_24","Saline",1.91524903505482,"7","US-A03","SPEI_24__Saline",3.81327721134001,0.791404182013341,2.26212501459386,5.36442940808616,3.79486170186332,0.0184155094766876,0.485274851192742,-40.3897903978126,41.3603401001981,"No meaningful change"
"SPEI_36","Saline",1.91524903505482,"7","US-A03","SPEI_36__Saline",3.863725468104,0.795855708125979,2.30384828017708,5.42360265603092,3.78973207975865,0.0739933883453419,1.95247016907998,-39.208148974906,43.113089313066,"No meaningful change"
"SPEI_48","Saline",1.91524903505482,"7","US-A03","SPEI_48__Saline",3.79665169816197,0.789866746436287,2.24851287514685,5.34479052117709,3.79598202691605,0.000669671245921322,0.0176415810499867,-40.76597678273,40.80125994483,"No meaningful change"
