"SPEI_timescale","coast_region","SPEI_value","water_class","month_f","site_name","spei_coast","predicted_WUE_T","predicted_se","predicted_lower","predicted_upper"
"SPEI_1","Atlantic Coast",-2.15924098386675,"Upland","7","US-A03","SPEI_1__Atlantic Coast",4.41360946715132,0.657190350454861,3.12551638025979,5.70170255404285
"SPEI_3","Atlantic Coast",-2.15924098386675,"Upland","7","US-A03","SPEI_3__Atlantic Coast",4.5453050398657,0.669232350636569,3.23360963261802,5.85700044711337
"SPEI_6","Atlantic Coast",-2.15924098386675,"Upland","7","US-A03","SPEI_6__Atlantic Coast",4.54685969256268,0.665621933549951,3.24224070280478,5.85147868232059
"SPEI_12","Atlantic Coast",-2.15924098386675,"Upland","7","US-A03","SPEI_12__Atlantic Coast",4.43615430829597,0.663024090529898,3.13662709085737,5.73568152573457
"SPEI_24","Atlantic Coast",-2.15924098386675,"Upland","7","US-A03","SPEI_24__Atlantic Coast",4.57234465488201,0.666109757340848,3.26676953049395,5.87791977927007
"SPEI_36","Atlantic Coast",-2.15924098386675,"Upland","7","US-A03","SPEI_36__Atlantic Coast",4.65188879201027,0.667952451432191,3.34270198720318,5.96107559681737
"SPEI_48","Atlantic Coast",-2.15924098386675,"Upland","7","US-A03","SPEI_48__Atlantic Coast",4.60021240713382,0.672715377422319,3.28169026738608,5.91873454688156
"SPEI_1","Pacific Coast",-2.15924098386675,"Upland","7","US-A03","SPEI_1__Pacific Coast",5.77607830555481,0.865552517103064,4.07959537203281,7.47256123907682
"SPEI_3","Pacific Coast",-2.15924098386675,"Upland","7","US-A03","SPEI_3__Pacific Coast",5.39706331794565,0.847795280714347,3.73538456774553,7.05874206814577
"SPEI_6","Pacific Coast",-2.15924098386675,"Upland","7","US-A03","SPEI_6__Pacific Coast",5.50763686716327,0.853514219051105,3.8347489978231,7.18052473650343
"SPEI_12","Pacific Coast",-2.15924098386675,"Upland","7","US-A03","SPEI_12__Pacific Coast",5.22744724823668,0.837352951947639,3.5862354624193,6.86865903405405
"SPEI_24","Pacific Coast",-2.15924098386675,"Upland","7","US-A03","SPEI_24__Pacific Coast",5.25717525638745,0.840048886366718,3.61067943910869,6.90367107366622
"SPEI_36","Pacific Coast",-2.15924098386675,"Upland","7","US-A03","SPEI_36__Pacific Coast",5.22680596672898,0.837333669136887,3.58563197522068,6.86797995823728
"SPEI_48","Pacific Coast",-2.15924098386675,"Upland","7","US-A03","SPEI_48__Pacific Coast",5.22664889990444,0.83738392538832,3.58537640614333,6.86792139366554
"SPEI_1","Gulf Coast",-2.15924098386675,"Upland","7","US-A03","SPEI_1__Gulf Coast",9.16900354877163,1.34218889791268,6.53831330886278,11.7996937886805
"SPEI_3","Gulf Coast",-2.15924098386675,"Upland","7","US-A03","SPEI_3__Gulf Coast",5.92406485953164,1.97934337350432,2.04455184746318,9.80357787160009
"SPEI_6","Gulf Coast",-2.15924098386675,"Upland","7","US-A03","SPEI_6__Gulf Coast",10.4504276200793,1.56762724831514,7.3778782133816,13.522977026777
"SPEI_12","Gulf Coast",-2.15924098386675,"Upland","7","US-A03","SPEI_12__Gulf Coast",11.0082082051631,1.6605184804034,7.7535919835724,14.2628244267537
"SPEI_24","Gulf Coast",-2.15924098386675,"Upland","7","US-A03","SPEI_24__Gulf Coast",10.3178598041797,1.53542789422112,7.30842113150628,13.3272984768531
"SPEI_36","Gulf Coast",-2.15924098386675,"Upland","7","US-A03","SPEI_36__Gulf Coast",9.09651751904704,1.35041755176481,6.44969911758802,11.7433359205061
"SPEI_48","Gulf Coast",-2.15924098386675,"Upland","7","US-A03","SPEI_48__Gulf Coast",7.86511171156761,1.26595962926839,5.38383083820156,10.3463925849337
"SPEI_1","AK Coast",-2.15924098386675,"Upland","7","US-A03","SPEI_1__AK Coast",6.86953605704519,0.972228948519677,4.96396731794662,8.77510479614375
"SPEI_3","AK Coast",-2.15924098386675,"Upland","7","US-A03","SPEI_3__AK Coast",6.54693291181182,1.07136925382119,4.44704917432228,8.64681664930135
"SPEI_6","AK Coast",-2.15924098386675,"Upland","7","US-A03","SPEI_6__AK Coast",6.43155207409206,1.06800848686814,4.33825543983051,8.52484870835362
"SPEI_12","AK Coast",-2.15924098386675,"Upland","7","US-A03","SPEI_12__AK Coast",6.07868427451446,1.06222319058762,3.99672682096273,8.1606417280662
"SPEI_24","AK Coast",-2.15924098386675,"Upland","7","US-A03","SPEI_24__AK Coast",5.91385321921828,1.16930467160368,3.62201606287506,8.20569037556149
"SPEI_36","AK Coast",-2.15924098386675,"Upland","7","US-A03","SPEI_36__AK Coast",5.93692545296955,1.07489769171902,3.83012597720027,8.04372492873882
"SPEI_48","AK Coast",-2.15924098386675,"Upland","7","US-A03","SPEI_48__AK Coast",6.21280586091234,1.04806101954152,4.15860626261097,8.26700545921371
"SPEI_1","Atlantic Coast",-2.12500157194304,"Upland","7","US-A03","SPEI_1__Atlantic Coast",4.41360036056479,0.657186363021175,3.12551508904329,5.7016856320863
"SPEI_3","Atlantic Coast",-2.12500157194304,"Upland","7","US-A03","SPEI_3__Atlantic Coast",4.54566059410223,0.668815353469022,3.23478250130295,5.85653868690151
"SPEI_6","Atlantic Coast",-2.12500157194304,"Upland","7","US-A03","SPEI_6__Atlantic Coast",4.54470311084349,0.665345169329048,3.24062657895856,5.84877964272842
"SPEI_12","Atlantic Coast",-2.12500157194304,"Upland","7","US-A03","SPEI_12__Atlantic Coast",4.43674359682678,0.662838480170967,3.13758017569169,5.73590701796187
"SPEI_24","Atlantic Coast",-2.12500157194304,"Upland","7","US-A03","SPEI_24__Atlantic Coast",4.56977616256521,0.665816247552469,3.26477631736237,5.87477600776804
"SPEI_36","Atlantic Coast",-2.12500157194304,"Upland","7","US-A03","SPEI_36__Atlantic Coast",4.64811491864963,0.667601369399602,3.33961623462641,5.95661360267285
"SPEI_48","Atlantic Coast",-2.12500157194304,"Upland","7","US-A03","SPEI_48__Atlantic Coast",4.59945519797404,0.671970452300688,3.28239311146469,5.91651728448339
"SPEI_1","Pacific Coast",-2.12500157194304,"Upland","7","US-A03","SPEI_1__Pacific Coast",5.76663642950842,0.864366769468364,4.07247756135043,7.46079529766642
"SPEI_3","Pacific Coast",-2.12500157194304,"Upland","7","US-A03","SPEI_3__Pacific Coast",5.39514451755119,0.847453816260603,3.7341350376804,7.05615399742197
"SPEI_6","Pacific Coast",-2.12500157194304,"Upland","7","US-A03","SPEI_6__Pacific Coast",5.50259127743492,0.852847204613265,3.83101075639292,7.17417179847692
"SPEI_12","Pacific Coast",-2.12500157194304,"Upland","7","US-A03","SPEI_12__Pacific Coast",5.22743755540143,0.8373501436341,3.58623127387859,6.86864383692426
"SPEI_24","Pacific Coast",-2.12500157194304,"Upland","7","US-A03","SPEI_24__Pacific Coast",5.25722155756384,0.839984635753709,3.61085167148657,6.9035914436411
"SPEI_36","Pacific Coast",-2.12500157194304,"Upland","7","US-A03","SPEI_36__Pacific Coast",5.22680634656237,0.837331503399387,3.58563659989957,6.86797609322517
"SPEI_48","Pacific Coast",-2.12500157194304,"Upland","7","US-A03","SPEI_48__Pacific Coast",5.22664881056997,0.837380260362731,3.58538350025902,6.86791412088093
"SPEI_1","Gulf Coast",-2.12500157194304,"Upland","7","US-A03","SPEI_1__Gulf Coast",9.14873013269487,1.33986128656236,6.52260201103264,11.7748582543571
"SPEI_3","Gulf Coast",-2.12500157194304,"Upland","7","US-A03","SPEI_3__Gulf Coast",6.29351667202414,1.90320106585221,2.56324258295381,10.0237907610945
"SPEI_6","Gulf Coast",-2.12500157194304,"Upland","7","US-A03","SPEI_6__Gulf Coast",10.4349069010028,1.5533469612803,7.39034685689342,13.4794669451122
"SPEI_12","Gulf Coast",-2.12500157194304,"Upland","7","US-A03","SPEI_12__Gulf Coast",10.9844677649211,1.63790329323115,7.77417731018808,14.1947582196542
"SPEI_24","Gulf Coast",-2.12500157194304,"Upland","7","US-A03","SPEI_24__Gulf Coast",10.2840093698703,1.52045672351975,7.3039141917716,13.264104547969
"SPEI_36","Gulf Coast",-2.12500157194304,"Upland","7","US-A03","SPEI_36__Gulf Coast",9.07789369920781,1.34787903697752,6.43605078673188,11.7197366116837
"SPEI_48","Gulf Coast",-2.12500157194304,"Upland","7","US-A03","SPEI_48__Gulf Coast",7.86513641032328,1.26593089508275,5.3839118559611,10.3463609646855
"SPEI_1","AK Coast",-2.12500157194304,"Upland","7","US-A03","SPEI_1__AK Coast",6.86957519043666,0.9722103961334,4.9640428140152,8.77510756685813
"SPEI_3","AK Coast",-2.12500157194304,"Upland","7","US-A03","SPEI_3__AK Coast",6.54269248704596,1.06792464674237,4.44956017943091,8.63582479466101
"SPEI_6","AK Coast",-2.12500157194304,"Upland","7","US-A03","SPEI_6__AK Coast",6.4290479145239,1.06429327318173,4.34303309908772,8.51506272996008
"SPEI_12","AK Coast",-2.12500157194304,"Upland","7","US-A03","SPEI_12__AK Coast",6.08887481273676,1.05998017914305,4.01131366161638,8.16643596385714
"SPEI_24","AK Coast",-2.12500157194304,"Upland","7","US-A03","SPEI_24__AK Coast",5.9215840589697,1.16477058033726,3.63863372150866,8.20453439643074
"SPEI_36","AK Coast",-2.12500157194304,"Upland","7","US-A03","SPEI_36__AK Coast",5.94824838879008,1.0724547179079,3.8462371416906,8.05025963588956
"SPEI_48","AK Coast",-2.12500157194304,"Upland","7","US-A03","SPEI_48__AK Coast",6.22088520631335,1.04625879512399,4.17021796787034,8.27155244475637
"SPEI_1","Atlantic Coast",-2.09076216001933,"Upland","7","US-A03","SPEI_1__Atlantic Coast",4.41359113863647,0.657182446506398,3.12551354348393,5.70166873378901
"SPEI_3","Atlantic Coast",-2.09076216001933,"Upland","7","US-A03","SPEI_3__Atlantic Coast",4.54596870427928,0.668410649573663,3.2358838311149,5.85605357744366
"SPEI_6","Atlantic Coast",-2.09076216001933,"Upland","7","US-A03","SPEI_6__Atlantic Coast",4.54254628303621,0.66507293679237,3.23900332692317,5.84608923914926
"SPEI_12","Atlantic Coast",-2.09076216001933,"Upland","7","US-A03","SPEI_12__Atlantic Coast",4.43731877603855,0.662657579010118,3.13850992117872,5.73612763089838
"SPEI_24","Atlantic Coast",-2.09076216001933,"Upland","7","US-A03","SPEI_24__Atlantic Coast",4.5672075162383,0.665527537152906,3.2627735434186,5.87164148905799
"SPEI_36","Atlantic Coast",-2.09076216001933,"Upland","7","US-A03","SPEI_36__Atlantic Coast",4.64434058924978,0.667256115383596,3.33651860309793,5.95216257540163
"SPEI_48","Atlantic Coast",-2.09076216001933,"Upland","7","US-A03","SPEI_48__Atlantic Coast",4.59868131317201,0.671257775353777,3.28301607347861,5.91434655286542
"SPEI_1","Pacific Coast",-2.09076216001933,"Upland","7","US-A03","SPEI_1__Pacific Coast",5.75715342226288,0.863226805534988,4.06522888341431,7.44907796111146
"SPEI_3","Pacific Coast",-2.09076216001933,"Upland","7","US-A03","SPEI_3__Pacific Coast",5.39319693636757,0.847123061560506,3.73283573570898,7.05355813702616
"SPEI_6","Pacific Coast",-2.09076216001933,"Upland","7","US-A03","SPEI_6__Pacific Coast",5.49752099948621,0.85220406621893,3.82720102969711,7.16784096927531
"SPEI_12","Pacific Coast",-2.09076216001933,"Upland","7","US-A03","SPEI_12__Pacific Coast",5.22742778743909,0.837347384942256,3.58622691295227,6.86862866192592
"SPEI_24","Pacific Coast",-2.09076216001933,"Upland","7","US-A03","SPEI_24__Pacific Coast",5.25726013630269,0.839922064865966,3.6110128891654,6.90350738343998
"SPEI_36","Pacific Coast",-2.09076216001933,"Upland","7","US-A03","SPEI_36__Pacific Coast",5.2268066816907,0.837329375887041,3.5856411049521,6.8679722584293
"SPEI_48","Pacific Coast",-2.09076216001933,"Upland","7","US-A03","SPEI_48__Pacific Coast",5.22664870743289,0.837376654845102,3.58539046393649,6.86790695092929
"SPEI_1","Gulf Coast",-2.09076216001933,"Upland","7","US-A03","SPEI_1__Gulf Coast",9.12845658595778,1.33756749826112,6.50682428936599,11.7500888825496
"SPEI_3","Gulf Coast",-2.09076216001933,"Upland","7","US-A03","SPEI_3__Gulf Coast",6.65691502202729,1.83179317420909,3.06660040057748,10.2472296434771
"SPEI_6","Gulf Coast",-2.09076216001933,"Upland","7","US-A03","SPEI_6__Gulf Coast",10.4189382400504,1.53960811894728,7.40130632691369,13.436570153187
"SPEI_12","Gulf Coast",-2.09076216001933,"Upland","7","US-A03","SPEI_12__Gulf Coast",10.9605437105909,1.61623777082165,7.79271767978047,14.1283697414013
"SPEI_24","Gulf Coast",-2.09076216001933,"Upland","7","US-A03","SPEI_24__Gulf Coast",10.2495529678793,1.50610332608403,7.29759044875463,13.201515487004
"SPEI_36","Gulf Coast",-2.09076216001933,"Upland","7","US-A03","SPEI_36__Gulf Coast",9.05926685185033,1.34537801759268,6.42232593736867,11.696207766332
"SPEI_48","Gulf Coast",-2.09076216001933,"Upland","7","US-A03","SPEI_48__Gulf Coast",7.86516127718083,1.2659026533315,5.38399207665109,10.3463304777106
"SPEI_1","AK Coast",-2.09076216001933,"Upland","7","US-A03","SPEI_1__AK Coast",6.86961478659506,0.972192159555134,4.964118153867,8.77511141932312
"SPEI_3","AK Coast",-2.09076216001933,"Upland","7","US-A03","SPEI_3__AK Coast",6.53844074792912,1.06457895838706,4.45186598949049,8.62501550636775
"SPEI_6","AK Coast",-2.09076216001933,"Upland","7","US-A03","SPEI_6__AK Coast",6.42662959448083,1.06068767000765,4.34768176126584,8.50557742769582
"SPEI_12","AK Coast",-2.09076216001933,"Upland","7","US-A03","SPEI_12__AK Coast",6.09906627368145,1.0577628916945,4.02585100596023,8.17228154140267
"SPEI_24","AK Coast",-2.09076216001933,"Upland","7","US-A03","SPEI_24__AK Coast",5.92940847023779,1.16027960063237,3.65526045299834,8.20355648747723
"SPEI_36","AK Coast",-2.09076216001933,"Upland","7","US-A03","SPEI_36__AK Coast",5.9595732683068,1.07003938958868,3.86229606471299,8.05685047190061
"SPEI_48","AK Coast",-2.09076216001933,"Upland","7","US-A03","SPEI_48__AK Coast",6.22896515350496,1.04447624294806,4.18179171732676,8.27613858968316
"SPEI_1","Atlantic Coast",-2.05652274809562,"Upland","7","US-A03","SPEI_1__Atlantic Coast",4.41358179075053,0.657178598633041,3.12551173742977,5.70165184407129
"SPEI_3","Atlantic Coast",-2.05652274809562,"Upland","7","US-A03","SPEI_3__Atlantic Coast",4.54622509532493,0.668017765859051,3.23691027424119,5.85553991640866
"SPEI_6","Atlantic Coast",-2.05652274809562,"Upland","7","US-A03","SPEI_6__Atlantic Coast",4.54038918668468,0.664805237110387,3.23737092194832,5.84340745142104
"SPEI_12","Atlantic Coast",-2.05652274809562,"Upland","7","US-A03","SPEI_12__Atlantic Coast",4.43787854101434,0.662481187640463,3.13941541323903,5.73634166878964
"SPEI_24","Atlantic Coast",-2.05652274809562,"Upland","7","US-A03","SPEI_24__Atlantic Coast",4.56463870149101,0.665243629051479,3.26076118855011,5.86851621443191
"SPEI_36","Atlantic Coast",-2.05652274809562,"Upland","7","US-A03","SPEI_36__Atlantic Coast",4.64056576098768,0.666916688767707,3.33340905100298,5.94772247097239
"SPEI_48","Atlantic Coast",-2.05652274809562,"Upland","7","US-A03","SPEI_48__Atlantic Coast",4.59788904226005,0.670576618509145,3.28355886998213,5.91221921453797
"SPEI_1","Pacific Coast",-2.05652274809562,"Upland","7","US-A03","SPEI_1__Pacific Coast",5.7476255709253,0.862130991440027,4.05784882770285,7.43740231414776
"SPEI_3","Pacific Coast",-2.05652274809562,"Upland","7","US-A03","SPEI_3__Pacific Coast",5.39121801348179,0.846802562527541,3.73148499092781,7.05095103603577
"SPEI_6","Pacific Coast",-2.05652274809562,"Upland","7","US-A03","SPEI_6__Pacific Coast",5.49242418056067,0.85158426478277,3.82331902158644,7.1615293395349
"SPEI_12","Pacific Coast",-2.05652274809562,"Upland","7","US-A03","SPEI_12__Pacific Coast",5.22741793749998,0.837344674024528,3.5862223764119,6.86861349858806
"SPEI_24","Pacific Coast",-2.05652274809562,"Upland","7","US-A03","SPEI_24__Pacific Coast",5.25729026869755,0.839861062113927,3.61116258695425,6.90341795044085
"SPEI_36","Pacific Coast",-2.05652274809562,"Upland","7","US-A03","SPEI_36__Pacific Coast",5.22680696784058,0.837327284706472,3.5856454898159,6.86796844586527
"SPEI_48","Pacific Coast",-2.05652274809562,"Upland","7","US-A03","SPEI_48__Pacific Coast",5.22664858912458,0.837373106995993,3.58539729941243,6.86789987883673
"SPEI_1","Gulf Coast",-2.05652274809562,"Upland","7","US-A03","SPEI_1__Gulf Coast",9.10818288973614,1.3353076631527,6.49097986995685,11.7253859095154
"SPEI_3","Gulf Coast",-2.05652274809562,"Upland","7","US-A03","SPEI_3__Gulf Coast",7.01370977013088,1.76537854733573,3.55356781735285,10.4738517229089
"SPEI_6","Gulf Coast",-2.05652274809562,"Upland","7","US-A03","SPEI_6__Gulf Coast",10.4024790371907,1.52640321009574,7.41072874540307,13.3942293289784
"SPEI_12","Gulf Coast",-2.05652274809562,"Upland","7","US-A03","SPEI_12__Gulf Coast",10.9364102157297,1.59552446475938,7.80918226480131,14.0636381666581
"SPEI_24","Gulf Coast",-2.05652274809562,"Upland","7","US-A03","SPEI_24__Gulf Coast",10.2144438488646,1.49236441967189,7.28940958630767,13.1394781114215
"SPEI_36","Gulf Coast",-2.05652274809562,"Upland","7","US-A03","SPEI_36__Gulf Coast",9.04063671808221,1.34291460362452,6.40852409497816,11.6727493411863
"SPEI_48","Gulf Coast",-2.05652274809562,"Upland","7","US-A03","SPEI_48__Gulf Coast",7.86518632461297,1.26587488828424,5.38407154357586,10.3463011056501
"SPEI_1","AK Coast",-2.05652274809562,"Upland","7","US-A03","SPEI_1__AK Coast",6.86965488756359,0.972174215609463,4.96419342496904,8.77511635015813
"SPEI_3","AK Coast",-2.05652274809562,"Upland","7","US-A03","SPEI_3__AK Coast",6.53417855198496,1.0613289427849,4.45397382412656,8.61438327984336
"SPEI_6","AK Coast",-2.05652274809562,"Upland","7","US-A03","SPEI_6__AK Coast",6.42430552975558,1.05719006787214,4.35221299672618,8.49639806278499
"SPEI_12","AK Coast",-2.05652274809562,"Upland","7","US-A03","SPEI_12__AK Coast",6.10925874633298,1.05557144426635,4.04033871557094,8.17817877709501
"SPEI_24","AK Coast",-2.05652274809562,"Upland","7","US-A03","SPEI_24__AK Coast",5.93733559035051,1.15582747159802,3.6719137460184,8.20275743468262
"SPEI_36","AK Coast",-2.05652274809562,"Upland","7","US-A03","SPEI_36__AK Coast",5.97090026874942,1.06765179497164,3.87830275060501,8.06349778689384
"SPEI_48","AK Coast",-2.05652274809562,"Upland","7","US-A03","SPEI_48__AK Coast",6.23704575435256,1.0427134426463,4.19332740676582,8.28076410193931
"SPEI_1","Atlantic Coast",-2.02228333617191,"Upland","7","US-A03","SPEI_1__Atlantic Coast",4.41357230606459,0.657174817077957,3.12550966459179,5.70163494753739
"SPEI_3","Atlantic Coast",-2.02228333617191,"Upland","7","US-A03","SPEI_3__Atlantic Coast",4.54642541049941,0.667636210844944,3.23785843724332,5.8549923837555
"SPEI_6","Atlantic Coast",-2.02228333617191,"Upland","7","US-A03","SPEI_6__Atlantic Coast",4.53823179885719,0.664542071074854,3.23572933955048,5.8407342581639
"SPEI_12","Atlantic Coast",-2.02228333617191,"Upland","7","US-A03","SPEI_12__Atlantic Coast",4.43842155787314,0.662309100445132,3.14029572100068,5.7365473947456
"SPEI_24","Atlantic Coast",-2.02228333617191,"Upland","7","US-A03","SPEI_24__Atlantic Coast",4.56206970360224,0.664964525819925,3.25873923299519,5.86540017420929
"SPEI_36","Atlantic Coast",-2.02228333617191,"Upland","7","US-A03","SPEI_36__Atlantic Coast",4.63679039002065,0.666583087925247,3.33028753768717,5.94329324235414
"SPEI_48","Atlantic Coast",-2.02228333617191,"Upland","7","US-A03","SPEI_48__Atlantic Coast",4.59707662240563,0.669926177856059,3.28402131380775,5.9101319310035
"SPEI_1","Pacific Coast",-2.02228333617191,"Upland","7","US-A03","SPEI_1__Pacific Coast",5.73804909138309,0.861077600869342,4.05033699367918,7.425761189087
"SPEI_3","Pacific Coast",-2.02228333617191,"Upland","7","US-A03","SPEI_3__Pacific Coast",5.38920514633404,0.846491848986184,3.73008112232112,7.04832917034696
"SPEI_6","Pacific Coast",-2.02228333617191,"Upland","7","US-A03","SPEI_6__Pacific Coast",5.48729898194312,0.850987218466527,3.81936403374872,7.15523393013751
"SPEI_12","Pacific Coast",-2.02228333617191,"Upland","7","US-A03","SPEI_12__Pacific Coast",5.22740799860229,0.837342008995102,3.58621766097189,6.86859833623269
"SPEI_24","Pacific Coast",-2.02228333617191,"Upland","7","US-A03","SPEI_24__Pacific Coast",5.25731121367914,0.839801513033224,3.61130024813402,6.90332217922426
"SPEI_36","Pacific Coast",-2.02228333617191,"Upland","7","US-A03","SPEI_36__Pacific Coast",5.22680720062959,0.837325227925786,3.58564975389505,6.86796464736413
"SPEI_48","Pacific Coast",-2.02228333617191,"Upland","7","US-A03","SPEI_48__Pacific Coast",5.22664845423624,0.837369614939163,3.58540400895549,6.867892899517
"SPEI_1","Gulf Coast",-2.02228333617191,"Upland","7","US-A03","SPEI_1__Gulf Coast",9.08790902400428,1.33308190520378,6.47506848980487,11.7007495582037
"SPEI_3","Gulf Coast",-2.02228333617191,"Upland","7","US-A03","SPEI_3__Gulf Coast",7.36333698057162,1.70417955219671,4.02314505826607,10.7035289028772
"SPEI_6","Gulf Coast",-2.02228333617191,"Upland","7","US-A03","SPEI_6__Gulf Coast",10.3854853886091,1.51372244332895,7.41858939968436,13.3523813775338
"SPEI_12","Gulf Coast",-2.02228333617191,"Upland","7","US-A03","SPEI_12__Gulf Coast",10.9120395757289,1.57576129697221,7.82354743366335,14.0005317177944
"SPEI_24","Gulf Coast",-2.02228333617191,"Upland","7","US-A03","SPEI_24__Gulf Coast",10.1786355200751,1.47923407858387,7.27933672605073,13.0779343140995
"SPEI_36","Gulf Coast",-2.02228333617191,"Upland","7","US-A03","SPEI_36__Gulf Coast",9.02200303609449,1.34048889243198,6.39464480692781,11.6493612652612
"SPEI_48","Gulf Coast",-2.02228333617191,"Upland","7","US-A03","SPEI_48__Gulf Coast",7.8652115649988,1.26584758389186,5.38415030057075,10.3462728294269
"SPEI_1","AK Coast",-2.02228333617191,"Upland","7","US-A03","SPEI_1__AK Coast",6.86969553600309,0.972156540656459,4.96426871631643,8.77512235568975
"SPEI_3","AK Coast",-2.02228333617191,"Upland","7","US-A03","SPEI_3__AK Coast",6.52990704882974,1.05817110595607,4.45589168115584,8.60392241650364
"SPEI_6","AK Coast",-2.02228333617191,"Upland","7","US-A03","SPEI_6__AK Coast",6.42208440459079,1.05379861569749,4.35663911782371,8.48752969135786
"SPEI_12","AK Coast",-2.02228333617191,"Upland","7","US-A03","SPEI_12__AK Coast",6.11945232191201,1.05340594820864,4.05477666342307,8.18412798040095
"SPEI_24","AK Coast",-2.02228333617191,"Upland","7","US-A03","SPEI_24__AK Coast",5.94537480176147,1.15140989906476,3.68861139959455,8.20213820392839
"SPEI_36","AK Coast",-2.02228333617191,"Upland","7","US-A03","SPEI_36__AK Coast",5.98222957080806,1.0652920128798,3.89425722556365,8.07020191605246
"SPEI_48","AK Coast",-2.02228333617191,"Upland","7","US-A03","SPEI_48__AK Coast",6.24512706155713,1.04097047169401,4.20482493703686,8.2854291860774
"SPEI_1","Atlantic Coast",-1.9880439242482,"Upland","7","US-A03","SPEI_1__Atlantic Coast",4.41356267353725,0.657171099491439,3.12550731853403,5.70161802854047
"SPEI_3","Atlantic Coast",-1.9880439242482,"Upland","7","US-A03","SPEI_3__Atlantic Coast",4.54656522541081,0.667265479513391,3.23872488556457,5.85440556525706
"SPEI_6","Atlantic Coast",-1.9880439242482,"Upland","7","US-A03","SPEI_6__Atlantic Coast",4.53607409620417,0.664283439132094,3.23407855550526,5.83806963690307
"SPEI_12","Atlantic Coast",-1.9880439242482,"Upland","7","US-A03","SPEI_12__Atlantic Coast",4.43894646673625,0.66214110742682,3.14114989617968,5.73674303729282
"SPEI_24","Atlantic Coast",-1.9880439242482,"Upland","7","US-A03","SPEI_24__Atlantic Coast",4.55950050757821,0.664690229716257,3.25670765733434,5.86229335782207
"SPEI_36","Atlantic Coast",-1.9880439242482,"Upland","7","US-A03","SPEI_36__Atlantic Coast",4.63301443156299,0.666255310286411,3.32715402340162,5.93887483972436
"SPEI_48","Atlantic Coast",-1.9880439242482,"Upland","7","US-A03","SPEI_48__Atlantic Coast",4.59624223805228,0.66930558000381,3.28440330124481,5.90808117485974
"SPEI_1","Pacific Coast",-1.9880439242482,"Upland","7","US-A03","SPEI_1__Pacific Coast",5.728420141081,0.860064834828378,4.04269306481738,7.41414721734462
"SPEI_3","Pacific Coast",-1.9880439242482,"Upland","7","US-A03","SPEI_3__Pacific Coast",5.38715570183441,0.846190438874328,3.72862244164073,7.04568896202809
"SPEI_6","Pacific Coast",-1.9880439242482,"Upland","7","US-A03","SPEI_6__Pacific Coast",5.48214360124619,0.850412307521887,3.81533547850329,7.14895172398909
"SPEI_12","Pacific Coast",-1.9880439242482,"Upland","7","US-A03","SPEI_12__Pacific Coast",5.22739796365505,0.837339387943938,3.58621276328493,6.86858316402517
"SPEI_24","Pacific Coast",-1.9880439242482,"Upland","7","US-A03","SPEI_24__Pacific Coast",5.25732221433992,0.839743301137409,3.6114253441106,6.90321908456924
"SPEI_36","Pacific Coast",-1.9880439242482,"Upland","7","US-A03","SPEI_36__Pacific Coast",5.22680737557166,0.837323203589194,3.58565389653684,6.86796085460647
"SPEI_48","Pacific Coast",-1.9880439242482,"Upland","7","US-A03","SPEI_48__Pacific Coast",5.22664830131895,0.837366176776067,3.58541059483786,6.86788600780004
"SPEI_1","Gulf Coast",-1.9880439242482,"Upland","7","US-A03","SPEI_1__Gulf Coast",9.06763496733546,1.33089034242947,6.4590898961737,11.6761800384972
"SPEI_3","Gulf Coast",-1.9880439242482,"Upland","7","US-A03","SPEI_3__Gulf Coast",7.70521945593787,1.64837009603108,4.47441406771695,10.9360248441588
"SPEI_6","Gulf Coast",-1.9880439242482,"Upland","7","US-A03","SPEI_6__Gulf Coast",10.3679120547063,1.50155390427186,7.42486640233348,13.3109577070792
"SPEI_12","Gulf Coast",-1.9880439242482,"Upland","7","US-A03","SPEI_12__Gulf Coast",10.8874018348245,1.5569415831241,7.83579633190124,13.9390073377477
"SPEI_24","Gulf Coast",-1.9880439242482,"Upland","7","US-A03","SPEI_24__Gulf Coast",10.1420822811087,1.46670382432599,7.26734278542975,13.0168217767876
"SPEI_36","Gulf Coast",-1.9880439242482,"Upland","7","US-A03","SPEI_36__Gulf Coast",9.00336554268686,1.33810096931124,6.38068764283683,11.6260434425369
"SPEI_48","Gulf Coast",-1.9880439242482,"Upland","7","US-A03","SPEI_48__Gulf Coast",7.86523701047636,1.26582072391856,5.38422839159598,10.3462456293567
"SPEI_1","AK Coast",-1.9880439242482,"Upland","7","US-A03","SPEI_1__AK Coast",6.86973677497453,0.972139110770086,4.96434411786517,8.7751294320839
"SPEI_3","AK Coast",-1.9880439242482,"Upland","7","US-A03","SPEI_3__AK Coast",6.52562776948414,1.05510174939715,4.45762834066573,8.59362719830254
"SPEI_6","AK Coast",-1.9880439242482,"Upland","7","US-A03","SPEI_6__AK Coast",6.41997518072544,1.05051124348414,4.36097314349652,8.47897721795435
"SPEI_12","AK Coast",-1.9880439242482,"Upland","7","US-A03","SPEI_12__AK Coast",6.12964709373889,1.05126651050713,4.06916473314491,8.19012945433287
"SPEI_24","AK Coast",-1.9880439242482,"Upland","7","US-A03","SPEI_24__AK Coast",5.95353572260935,1.14702261454258,3.7053713981059,8.20170004711279
"SPEI_36","AK Coast",-1.9880439242482,"Upland","7","US-A03","SPEI_36__AK Coast",5.99356135805266,1.06296011344552,3.91015953569944,8.07696318040588
"SPEI_48","AK Coast",-1.9880439242482,"Upland","7","US-A03","SPEI_48__AK Coast",6.2532091284462,1.03924740554172,4.21628421358444,8.29013404330797
"SPEI_1","Atlantic Coast",-1.95380451232449,"Upland","7","US-A03","SPEI_1__Atlantic Coast",4.41355288193221,0.65716744352198,3.12550469262913,5.70160107123529
"SPEI_3","Atlantic Coast",-1.95380451232449,"Upland","7","US-A03","SPEI_3__Atlantic Coast",4.54664005793773,0.666905060605542,3.23950613915087,5.85377397672459
"SPEI_6","Atlantic Coast",-1.95380451232449,"Upland","7","US-A03","SPEI_6__Atlantic Coast",4.53391605496619,0.664029341437362,3.23241854574896,5.83541356418342
"SPEI_12","Atlantic Coast",-1.95380451232449,"Upland","7","US-A03","SPEI_12__Atlantic Coast",4.43945188107454,0.661976996830609,3.14197696728654,5.73692679486253
"SPEI_24","Atlantic Coast",-1.95380451232449,"Upland","7","US-A03","SPEI_24__Atlantic Coast",4.55693109815889,0.664420742724131,3.2546664424196,5.85919575389819
"SPEI_36","Atlantic Coast",-1.95380451232449,"Upland","7","US-A03","SPEI_36__Atlantic Coast",4.62923783980586,0.665933352459484,3.32400846898527,5.93446721062645
"SPEI_48","Atlantic Coast",-1.95380451232449,"Upland","7","US-A03","SPEI_48__Atlantic Coast",4.59538400785709,0.668713892259501,3.28470477902847,5.90606323668571
"SPEI_1","Pacific Coast",-1.95380451232449,"Upland","7","US-A03","SPEI_1__Pacific Coast",5.71873482919393,0.859090851675181,4.03491675991058,7.40255289847729
"SPEI_3","Pacific Coast",-1.95380451232449,"Upland","7","US-A03","SPEI_3__Pacific Coast",5.38506702974684,0.845897844180129,3.72710725515378,7.04302680433989
"SPEI_6","Pacific Coast",-1.95380451232449,"Upland","7","US-A03","SPEI_6__Pacific Coast",5.47695632199807,0.849858882012968,3.81123291325266,7.14267973074349
"SPEI_12","Pacific Coast",-1.95380451232449,"Upland","7","US-A03","SPEI_12__Pacific Coast",5.22738782547476,0.837336808953754,3.5862076799254,6.86856797102411
"SPEI_24","Pacific Coast",-1.95380451232449,"Upland","7","US-A03","SPEI_24__Pacific Coast",5.25732249666328,0.839686308979484,3.61153733106349,6.90310766226307
"SPEI_36","Pacific Coast",-1.95380451232449,"Upland","7","US-A03","SPEI_36__Pacific Coast",5.22680748806267,0.837321209735079,3.58565791698192,6.86795705914343
"SPEI_48","Pacific Coast",-1.95380451232449,"Upland","7","US-A03","SPEI_48__Pacific Coast",5.22664812887448,0.837362790604184,3.58541705929028,6.86787919845868
"SPEI_1","Gulf Coast",-1.95380451232449,"Upland","7","US-A03","SPEI_1__Gulf Coast",9.04736069620944,1.32873308739775,6.44304384490984,11.651677547509
"SPEI_3","Gulf Coast",-1.95380451232449,"Upland","7","US-A03","SPEI_3__Gulf Coast",8.03876459620723,1.59806357118768,4.90655999667938,11.1709691957351
"SPEI_6","Gulf Coast",-1.95380451232449,"Upland","7","US-A03","SPEI_6__Gulf Coast",10.3497120881545,1.48988387691079,7.42953968940937,13.2698844868997
"SPEI_12","Gulf Coast",-1.95380451232449,"Upland","7","US-A03","SPEI_12__Gulf Coast",10.862463573622,1.53905432759957,7.84591709152685,13.8790100557172
"SPEI_24","Gulf Coast",-1.95380451232449,"Upland","7","US-A03","SPEI_24__Gulf Coast",10.1047403961817,1.45476285908321,7.25340519237857,12.9560755999848
"SPEI_36","Gulf Coast",-1.95380451232449,"Upland","7","US-A03","SPEI_36__Gulf Coast",8.98472397574995,1.33575090881491,6.36665219447273,11.6027957570272
"SPEI_48","Gulf Coast",-1.95380451232449,"Upland","7","US-A03","SPEI_48__Gulf Coast",7.86526267261479,1.2657942921128,5.38430586007371,10.3462194851559
"SPEI_1","AK Coast",-1.95380451232449,"Upland","7","US-A03","SPEI_1__AK Coast",6.86977864763004,0.972121901961933,4.96441971978466,8.77513757547543
"SPEI_3","AK Coast",-1.95380451232449,"Upland","7","US-A03","SPEI_3__AK Coast",6.52134288050215,1.05211703883136,4.45919348439268,8.58349227661162
"SPEI_6","AK Coast",-1.95380451232449,"Upland","7","US-A03","SPEI_6__AK Coast",6.4179871793736,1.04732570358068,4.36522880035546,8.47074555839175
"SPEI_12","AK Coast",-1.95380451232449,"Upland","7","US-A03","SPEI_12__AK Coast",6.13984315747261,1.04915323447426,4.08350281790307,8.19618349704215
"SPEI_24","AK Coast",-1.95380451232449,"Upland","7","US-A03","SPEI_24__AK Coast",5.96182824407788,1.14266146590777,3.72221177089864,8.20144471725711
"SPEI_36","AK Coast",-1.95380451232449,"Upland","7","US-A03","SPEI_36__AK Coast",6.00489581653428,1.06065615961902,3.92600974368101,8.08378188938756
"SPEI_48","AK Coast",-1.95380451232449,"Upland","7","US-A03","SPEI_48__AK Coast",6.26129200873703,1.03754431788871,4.22770514567515,8.29487887179891
"SPEI_1","Atlantic Coast",-1.91956510040078,"Upland","7","US-A03","SPEI_1__Atlantic Coast",4.41354291988966,0.657163846840815,3.12550178008166,5.70158405969766
"SPEI_3","Atlantic Coast",-1.91956510040078,"Upland","7","US-A03","SPEI_3__Atlantic Coast",4.54664539874336,0.666554441963877,3.24019869249416,5.85309210499256
"SPEI_6","Atlantic Coast",-1.91956510040078,"Upland","7","US-A03","SPEI_6__Atlantic Coast",4.53175765112331,0.663779777891092,3.23074928645677,5.83276601578985
"SPEI_12","Atlantic Coast",-1.91956510040078,"Upland","7","US-A03","SPEI_12__Atlantic Coast",4.43993639614955,0.661816557282665,3.14277594387552,5.73709684842357
"SPEI_24","Atlantic Coast",-1.91956510040078,"Upland","7","US-A03","SPEI_24__Atlantic Coast",4.55436145991647,0.664156066578778,3.25261556942206,5.85610735041087
"SPEI_36","Atlantic Coast",-1.91956510040078,"Upland","7","US-A03","SPEI_36__Atlantic Coast",4.62546056818252,0.66561721029715,3.32085083600011,5.93007030036493
"SPEI_48","Atlantic Coast",-1.91956510040078,"Upland","7","US-A03","SPEI_48__Atlantic Coast",4.59449999318572,0.66815012963342,3.28492573910421,5.90407424726722
"SPEI_1","Pacific Coast",-1.91956510040078,"Upland","7","US-A03","SPEI_1__Pacific Coast",5.70898924445335,0.858153788045935,4.02700781988332,7.39097066902339
"SPEI_3","Pacific Coast",-1.91956510040078,"Upland","7","US-A03","SPEI_3__Pacific Coast",5.38293648305306,0.845613575767566,3.72553387454863,7.04033909155749
"SPEI_6","Pacific Coast",-1.91956510040078,"Upland","7","US-A03","SPEI_6__Pacific Coast",5.47173553755638,0.849326266971887,3.80705605429148,7.13641502082128
"SPEI_12","Pacific Coast",-1.91956510040078,"Upland","7","US-A03","SPEI_12__Pacific Coast",5.22737757683525,0.837334270118903,3.5862024074022,6.8685527462683
"SPEI_24","Pacific Coast",-1.91956510040078,"Upland","7","US-A03","SPEI_24__Pacific Coast",5.25731127403767,0.839630419265997,3.61163565227632,6.90298689579902
"SPEI_36","Pacific Coast",-1.91956510040078,"Upland","7","US-A03","SPEI_36__Pacific Coast",5.22680753340555,0.837319244415546,3.58566181435108,6.86795325246002
"SPEI_48","Pacific Coast",-1.91956510040078,"Upland","7","US-A03","SPEI_48__Pacific Coast",5.22664793536243,0.837359454536192,3.5854234044715,6.86787246625337
"SPEI_1","Gulf Coast",-1.91956510040078,"Upland","7","US-A03","SPEI_1__Gulf Coast",9.0270861849892,1.32661024743694,6.4269301000128,11.6272422699656
"SPEI_3","Gulf Coast",-1.91956510040078,"Upland","7","US-A03","SPEI_3__Gulf Coast",8.36336737853986,1.55330159333173,5.31889625560968,11.40783850147
"SPEI_6","Gulf Coast",-1.91956510040078,"Upland","7","US-A03","SPEI_6__Gulf Coast",10.330837020686,1.4786970449413,7.43259081260103,13.2290832287709
"SPEI_12","Gulf Coast",-1.91956510040078,"Upland","7","US-A03","SPEI_12__Gulf Coast",10.8371877954501,1.5220843410118,7.85390248706702,13.8204731038333
"SPEI_24","Gulf Coast",-1.91956510040078,"Upland","7","US-A03","SPEI_24__Gulf Coast",10.0665686814787,1.44339821140256,7.23750818712965,12.8956291758277
"SPEI_36","Gulf Coast",-1.91956510040078,"Upland","7","US-A03","SPEI_36__Gulf Coast",8.96607807656406,1.33343877526297,6.35253807704864,11.5796180760795
"SPEI_48","Gulf Coast",-1.91956510040078,"Upland","7","US-A03","SPEI_48__Gulf Coast",7.86528856225684,1.26576827237706,5.3843827483978,10.3461943761159
"SPEI_1","AK Coast",-1.91956510040078,"Upland","7","US-A03","SPEI_1__AK Coast",6.86982119684756,0.972104890419945,4.96449561162447,8.77514678207065
"SPEI_3","AK Coast",-1.91956510040078,"Upland","7","US-A03","SPEI_3__AK Coast",6.51705523943802,1.04921305352643,4.46059765452622,8.57351282434982
"SPEI_6","AK Coast",-1.91956510040078,"Upland","7","US-A03","SPEI_6__AK Coast",6.4161300461513,1.04423959462444,4.3694204406874,8.4628396516152
"SPEI_12","AK Coast",-1.91956510040078,"Upland","7","US-A03","SPEI_12__AK Coast",6.15004061056326,1.04706622003028,4.0977908193039,8.20229040182261
"SPEI_24","AK Coast",-1.91956510040078,"Upland","7","US-A03","SPEI_24__AK Coast",5.97026247642148,1.138322484983,3.73915040585479,8.20137454698817
"SPEI_36","AK Coast",-1.91956510040078,"Upland","7","US-A03","SPEI_36__AK Coast",6.01623313349908,1.05838020781257,3.94180792618645,8.09065834081172
"SPEI_48","AK Coast",-1.91956510040078,"Upland","7","US-A03","SPEI_48__AK Coast",6.269375756148,1.03586128081615,4.23908764574834,8.29966386654766
"SPEI_1","Atlantic Coast",-1.88532568847707,"Upland","7","US-A03","SPEI_1__Atlantic Coast",4.41353277604736,0.657160307159918,3.12549857401392,5.7015669780808
"SPEI_3","Atlantic Coast",-1.88532568847707,"Upland","7","US-A03","SPEI_3__Atlantic Coast",4.546576751742,0.666213112443299,3.24079905135313,5.85235445213086
"SPEI_6","Atlantic Coast",-1.88532568847707,"Upland","7","US-A03","SPEI_6__Atlantic Coast",4.52959886064901,0.66353474814986,3.22907075427528,5.83012696702273
"SPEI_12","Atlantic Coast",-1.88532568847707,"Upland","7","US-A03","SPEI_12__Atlantic Coast",4.44039860488589,0.661659578867902,3.1435458303048,5.73725137946698
"SPEI_24","Atlantic Coast",-1.88532568847707,"Upland","7","US-A03","SPEI_24__Atlantic Coast",4.55179157742096,0.66389620277522,3.25055501998153,5.85302813486039
"SPEI_36","Atlantic Coast",-1.88532568847707,"Upland","7","US-A03","SPEI_36__Atlantic Coast",4.62168256994922,0.665306878899192,3.3176810873068,5.92568405259163
"SPEI_48","Atlantic Coast",-1.88532568847707,"Upland","7","US-A03","SPEI_48__Atlantic Coast",4.59358823115103,0.66761325807044,3.28506624533296,5.90211021696909
"SPEI_1","Pacific Coast",-1.88532568847707,"Upland","7","US-A03","SPEI_1__Pacific Coast",5.69917949055173,0.857251765823219,4.01896602953823,7.37939295156524
"SPEI_3","Pacific Coast",-1.88532568847707,"Upland","7","US-A03","SPEI_3__Pacific Coast",5.38076143564444,0.845337145954282,3.72390062957404,7.03762224171483
"SPEI_6","Pacific Coast",-1.88532568847707,"Upland","7","US-A03","SPEI_6__Pacific Coast",5.46647972522043,0.848813764121334,3.80280474754262,7.13015470289825
"SPEI_12","Pacific Coast",-1.88532568847707,"Upland","7","US-A03","SPEI_12__Pacific Coast",5.22736721053312,0.837331769561737,3.58619694219211,6.86853747887412
"SPEI_24","Pacific Coast",-1.88532568847707,"Upland","7","US-A03","SPEI_24__Pacific Coast",5.25728775701622,0.839575515778271,3.61171974609081,6.90285576794163
"SPEI_36","Pacific Coast",-1.88532568847707,"Upland","7","US-A03","SPEI_36__Pacific Coast",5.22680750687441,0.837317305712687,3.58566558767755,6.86794942607128
"SPEI_48","Pacific Coast",-1.88532568847707,"Upland","7","US-A03","SPEI_48__Pacific Coast",5.22664771922539,0.837356166715049,3.5854296324639,6.86786580598689
"SPEI_1","Gulf Coast",-1.88532568847707,"Upland","7","US-A03","SPEI_1__Gulf Coast",9.00681140683371,1.32452192451735,6.4107484347797,11.6028743788877
"SPEI_3","Gulf Coast",-1.88532568847707,"Upland","7","US-A03","SPEI_3__Gulf Coast",8.67841860079183,1.51404488761083,5.71089062107461,11.645946580509
"SPEI_6","Gulf Coast",-1.88532568847707,"Upland","7","US-A03","SPEI_6__Gulf Coast",10.3112377076552,1.46797651050478,7.43400374706587,13.1884716682446
"SPEI_12","Gulf Coast",-1.88532568847707,"Upland","7","US-A03","SPEI_12__Gulf Coast",10.8115353961035,1.50601211231653,7.8597516559631,13.7633191362439
"SPEI_24","Gulf Coast",-1.88532568847707,"Upland","7","US-A03","SPEI_24__Gulf Coast",10.0275279317576,1.43259475585004,7.21964221029152,12.8354136532237
"SPEI_36","Gulf Coast",-1.88532568847707,"Upland","7","US-A03","SPEI_36__Gulf Coast",8.9474275904572,1.33116462234647,6.33834493065813,11.5565102502563
"SPEI_48","Gulf Coast",-1.88532568847707,"Upland","7","US-A03","SPEI_48__Gulf Coast",7.86531468969105,1.26574264889308,5.3844590978606,10.3461702815215
"SPEI_1","AK Coast",-1.88532568847707,"Upland","7","US-A03","SPEI_1__AK Coast",6.86986446500857,0.972088052699973,4.96457188171663,8.77515704830052
"SPEI_3","AK Coast",-1.88532568847707,"Upland","7","US-A03","SPEI_3__AK Coast",6.51276814306538,1.04638580285646,4.46185196946673,8.56368431666404
"SPEI_6","AK Coast",-1.88532568847707,"Upland","7","US-A03","SPEI_6__AK Coast",6.41441357587326,1.04125036165146,4.3735628670364,8.45526428471011
"SPEI_12","AK Coast",-1.88532568847707,"Upland","7","US-A03","SPEI_12__AK Coast",6.16023955095181,1.04500556344687,4.11202864659594,8.20845045530768
"SPEI_24","AK Coast",-1.88532568847707,"Upland","7","US-A03","SPEI_24__AK Coast",5.97884860172544,1.1340019039369,3.75620487000912,8.20149233344176
"SPEI_36","AK Coast",-1.88532568847707,"Upland","7","US-A03","SPEI_36__AK Coast",6.02757349565585,1.05613230740298,3.957554173146,8.09759281816569
"SPEI_48","AK Coast",-1.88532568847707,"Upland","7","US-A03","SPEI_48__AK Coast",6.2774604240353,1.03419836472989,4.25043162916471,8.30448921890589
"SPEI_1","Atlantic Coast",-1.85108627655336,"Upland","7","US-A03","SPEI_1__Atlantic Coast",4.41352243916403,0.657156822288122,3.12549506747931,5.70154981084875
"SPEI_3","Atlantic Coast",-1.85108627655336,"Upland","7","US-A03","SPEI_3__Atlantic Coast",4.54642969745041,0.665880575932287,3.24130376862313,5.85155562627769
"SPEI_6","Atlantic Coast",-1.85108627655336,"Upland","7","US-A03","SPEI_6__Atlantic Coast",4.52743965976665,0.663294251730585,3.2273829263747,5.8274963931586
"SPEI_12","Atlantic Coast",-1.85108627655336,"Upland","7","US-A03","SPEI_12__Atlantic Coast",4.44083711084951,0.661505858544104,3.14428562810307,5.73738859359596
"SPEI_24","Atlantic Coast",-1.85108627655336,"Upland","7","US-A03","SPEI_24__Atlantic Coast",4.54922143541084,0.66364115264311,3.24848477623035,5.84995809459134
"SPEI_36","Atlantic Coast",-1.85108627655336,"Upland","7","US-A03","SPEI_36__Atlantic Coast",4.6179037985169,0.66500235282841,3.31449918697321,5.92130841006058
"SPEI_48","Atlantic Coast",-1.85108627655336,"Upland","7","US-A03","SPEI_48__Atlantic Coast",4.5926467310666,0.667102211985153,3.2851263955757,5.9001670665575
"SPEI_1","Pacific Coast",-1.85108627655336,"Upland","7","US-A03","SPEI_1__Pacific Coast",5.68930174740824,0.856382944048642,4.0107911770729,7.36781231774358
"SPEI_3","Pacific Coast",-1.85108627655336,"Upland","7","US-A03","SPEI_3__Pacific Coast",5.37853933389108,0.845068080428935,3.72220589625036,7.03487277153179
"SPEI_6","Pacific Coast",-1.85108627655336,"Upland","7","US-A03","SPEI_6__Pacific Coast",5.46118755109879,0.848320665924912,3.79847904588596,7.12389605631162
"SPEI_12","Pacific Coast",-1.85108627655336,"Upland","7","US-A03","SPEI_12__Pacific Coast",5.22735671949227,0.837329305473703,3.58619128076381,6.86852215822073
"SPEI_24","Pacific Coast",-1.85108627655336,"Upland","7","US-A03","SPEI_24__Pacific Coast",5.25725115911922,0.839521485853514,3.61178904684633,6.9027132713921
"SPEI_36","Pacific Coast",-1.85108627655336,"Upland","7","US-A03","SPEI_36__Pacific Coast",5.22680740373681,0.837315391781794,3.58566923584449,6.86794557162912
"SPEI_48","Pacific Coast",-1.85108627655336,"Upland","7","US-A03","SPEI_48__Pacific Coast",5.22664747888869,0.837352925357277,3.58543574518843,6.86785921258895
"SPEI_1","Gulf Coast",-1.85108627655336,"Upland","7","US-A03","SPEI_1__Gulf Coast",8.98653633276844,1.32246821616926,6.39449862907669,11.5785740364602
"SPEI_3","Gulf Coast",-1.85108627655336,"Upland","7","US-A03","SPEI_3__Gulf Coast",8.98330697484696,1.48016735176212,6.0821789653932,11.8844349843007
"SPEI_6","Gulf Coast",-1.85108627655336,"Upland","7","US-A03","SPEI_6__Gulf Coast",10.2908641540739,1.45770441363144,7.43376350335623,13.1479648047915
"SPEI_12","Gulf Coast",-1.85108627655336,"Upland","7","US-A03","SPEI_12__Gulf Coast",10.7854633985597,1.49081458366321,7.8634668145798,13.7074599825396
"SPEI_24","Gulf Coast",-1.85108627655336,"Upland","7","US-A03","SPEI_24__Gulf Coast",9.9875834286881,1.42233569535863,7.19980546578518,12.775361391591
"SPEI_36","Gulf Coast",-1.85108627655336,"Upland","7","US-A03","SPEI_36__Gulf Coast",8.928772273862,1.32892849544358,6.32407242279257,11.5334721249314
"SPEI_48","Gulf Coast",-1.85108627655336,"Upland","7","US-A03","SPEI_48__Gulf Coast",7.86534106396107,1.26571740650978,5.3845349472019,10.3461471807202
"SPEI_1","AK Coast",-1.85108627655336,"Upland","7","US-A03","SPEI_1__AK Coast",6.86990849298265,0.972071366263475,4.96464861510624,8.77516837085906
"SPEI_3","AK Coast",-1.85108627655336,"Upland","7","US-A03","SPEI_3__AK Coast",6.50848575366971,1.04363135223777,4.46296830328368,8.55400320405573
"SPEI_6","AK Coast",-1.85108627655336,"Upland","7","US-A03","SPEI_6__AK Coast",6.4128477632654,1.03835537177519,4.37767123458604,8.44802429194477
"SPEI_12","AK Coast",-1.85108627655336,"Upland","7","US-A03","SPEI_12__AK Coast",6.17044007647469,1.04297135865828,4.12621621350445,8.21466393944492
"SPEI_24","AK Coast",-1.85108627655336,"Upland","7","US-A03","SPEI_24__AK Coast",5.98759683154592,1.12969634016752,3.77339200481758,8.20180165827425
"SPEI_36","AK Coast",-1.85108627655336,"Upland","7","US-A03","SPEI_36__AK Coast",6.0389170865039,1.05391250358554,3.97324857947624,8.10458559353155
"SPEI_48","AK Coast",-1.85108627655336,"Upland","7","US-A03","SPEI_48__AK Coast",6.28554606444112,1.03255563890453,4.26173701218825,8.309355116694
"SPEI_1","Atlantic Coast",-1.81684686462965,"Upland","7","US-A03","SPEI_1__Atlantic Coast",4.4135118981871,0.657153390151457,3.12549125349024,5.70153254288395
"SPEI_3","Atlantic Coast",-1.81684686462965,"Upland","7","US-A03","SPEI_3__Atlantic Coast",4.54619991879405,0.6655563556146,3.24170946178944,5.85069037579867
"SPEI_6","Atlantic Coast",-1.81684686462965,"Upland","7","US-A03","SPEI_6__Atlantic Coast",4.52528002509098,0.663058288049247,3.22568578051446,5.82487426966751
"SPEI_12","Atlantic Coast",-1.81684686462965,"Upland","7","US-A03","SPEI_12__Atlantic Coast",4.44125053661708,0.66135520187465,3.14499434094277,5.7375067322914
"SPEI_24","Atlantic Coast",-1.81684686462965,"Upland","7","US-A03","SPEI_24__Atlantic Coast",4.54665101888559,0.66339091737641,3.24640482082782,5.84689721694335
"SPEI_36","Atlantic Coast",-1.81684686462965,"Upland","7","US-A03","SPEI_36__Atlantic Coast",4.61412420773815,0.664703626195515,3.31130510039494,5.91694331508136
"SPEI_48","Atlantic Coast",-1.81684686462965,"Upland","7","US-A03","SPEI_48__Atlantic Coast",4.59167348730892,0.666615903287964,3.28510631686451,5.89824065775333
"SPEI_1","Pacific Coast",-1.81684686462965,"Upland","7","US-A03","SPEI_1__Pacific Coast",5.67935229556683,0.855545536957965,4.00248304312922,7.35622154800445
"SPEI_3","Pacific Coast",-1.81684686462965,"Upland","7","US-A03","SPEI_3__Pacific Coast",5.37626771153849,0.844805922256721,3.72044810391531,7.03208731916166
"SPEI_6","Pacific Coast",-1.81684686462965,"Upland","7","US-A03","SPEI_6__Pacific Coast",5.45585787467545,0.847846261060225,3.79407920299741,7.11763654635349
"SPEI_12","Pacific Coast",-1.81684686462965,"Upland","7","US-A03","SPEI_12__Pacific Coast",5.22734609680623,0.837326876131521,3.58618541958845,6.86850677402401
"SPEI_24","Pacific Coast",-1.81684686462965,"Upland","7","US-A03","SPEI_24__Pacific Coast",5.25720070170458,0.839468221351068,3.61184298785649,6.90255841555267
"SPEI_36","Pacific Coast",-1.81684686462965,"Upland","7","US-A03","SPEI_36__Pacific Coast",5.22680721928325,0.837313500867916,3.58567275758214,6.86794168098436
"SPEI_48","Pacific Coast",-1.81684686462965,"Upland","7","US-A03","SPEI_48__Pacific Coast",5.22664721277078,0.837349728768952,3.58544174438363,6.86785268115793
"SPEI_1","Gulf Coast",-1.81684686462965,"Upland","7","US-A03","SPEI_1__Gulf Coast",8.96626093193641,1.32044921581436,6.37818046894026,11.5543413949326
"SPEI_3","Gulf Coast",-1.81684686462965,"Upland","7","US-A03","SPEI_3__Gulf Coast",9.27742284263701,1.45145556396239,6.43256993727073,12.1222757480033
"SPEI_6","Gulf Coast",-1.81684686462965,"Upland","7","US-A03","SPEI_6__Gulf Coast",10.2696658424387,1.44786217996049,7.43185596971618,13.1074757151613
"SPEI_12","Gulf Coast",-1.81684686462965,"Upland","7","US-A03","SPEI_12__Gulf Coast",10.7589253132155,1.47646546920132,7.86505299358092,13.6527976328501
"SPEI_24","Gulf Coast",-1.81684686462965,"Upland","7","US-A03","SPEI_24__Gulf Coast",9.94670506470773,1.41260280699446,7.1780035629986,12.7154065664169
"SPEI_36","Gulf Coast",-1.81684686462965,"Upland","7","US-A03","SPEI_36__Gulf Coast",8.91011189560427,1.32673043237355,6.30972024815212,11.5105035430564
"SPEI_48","Gulf Coast",-1.81684686462965,"Upland","7","US-A03","SPEI_48__Gulf Coast",7.86536769283694,1.26569253088433,5.38461033230365,10.3461250533702
"SPEI_1","AK Coast",-1.81684686462965,"Upland","7","US-A03","SPEI_1__AK Coast",6.86995331988778,0.972054809676662,4.96472589292153,8.77518074685404
"SPEI_3","AK Coast",-1.81684686462965,"Upland","7","US-A03","SPEI_3__AK Coast",6.50421305689654,1.0409458691078,4.46395915344525,8.54446696034783
"SPEI_6","AK Coast",-1.81684686462965,"Upland","7","US-A03","SPEI_6__AK Coast",6.41144273831601,1.03555193935174,4.3817609371866,8.44112453944542
"SPEI_12","AK Coast",-1.81684686462965,"Upland","7","US-A03","SPEI_12__AK Coast",6.18064228424043,1.04096369754471,4.1403534370528,8.22093113142806
"SPEI_24","AK Coast",-1.81684686462965,"Upland","7","US-A03","SPEI_24__AK Coast",5.99651733908036,1.12540283798718,3.79072777662548,8.20230690153523
"SPEI_36","AK Coast",-1.81684686462965,"Upland","7","US-A03","SPEI_36__AK Coast",6.05026408522198,1.05172083802633,3.98889124269038,8.11163692775358
"SPEI_48","AK Coast",-1.81684686462965,"Upland","7","US-A03","SPEI_48__AK Coast",6.29363272780582,1.03093317162199,4.27300371142673,8.31426174418491
"SPEI_1","Atlantic Coast",-1.78260745270594,"Upland","7","US-A03","SPEI_1__Atlantic Coast",4.4135011424736,0.657150008859466,3.12548712510905,5.70151515983815
"SPEI_3","Atlantic Coast",-1.78260745270594,"Upland","7","US-A03","SPEI_3__Atlantic Coast",4.54588330140448,0.665240008742351,3.24201288426947,5.84975371853949
"SPEI_6","Atlantic Coast",-1.78260745270594,"Upland","7","US-A03","SPEI_6__Atlantic Coast",4.52311993408792,0.662826856532064,3.22397929528508,5.82226057289077
"SPEI_12","Atlantic Coast",-1.78260745270594,"Upland","7","US-A03","SPEI_12__Atlantic Coast",4.44163754873574,0.661207429015169,3.14567098786601,5.73760410960547
"SPEI_24","Atlantic Coast",-1.78260745270594,"Upland","7","US-A03","SPEI_24__Atlantic Coast",4.54408031340855,0.663145498113265,3.24431513710655,5.84384548971055
"SPEI_36","Atlantic Coast",-1.78260745270594,"Upland","7","US-A03","SPEI_36__Atlantic Coast",4.61034375265231,0.664410692878388,3.30809879461067,5.91258871069395
"SPEI_48","Atlantic Coast",-1.78260745270594,"Upland","7","US-A03","SPEI_48__Atlantic Coast",4.59066649408421,0.666153239763935,3.2850061441469,5.89632684402152
"SPEI_1","Pacific Coast",-1.78260745270594,"Upland","7","US-A03","SPEI_1__Pacific Coast",5.66932761387511,0.854737865763082,3.99404139697947,7.34461383077075
"SPEI_3","Pacific Coast",-1.78260745270594,"Upland","7","US-A03","SPEI_3__Pacific Coast",5.37394426272808,0.844550244879465,3.71862578276433,7.02926274269183
"SPEI_6","Pacific Coast",-1.78260745270594,"Upland","7","US-A03","SPEI_6__Pacific Coast",5.45048985959338,0.847389849003744,3.78960575554605,7.11137396364072
"SPEI_12","Pacific Coast",-1.78260745270594,"Upland","7","US-A03","SPEI_12__Pacific Coast",5.22733533590334,0.837324479947651,3.58617935520595,6.86849131660074
"SPEI_24","Pacific Coast",-1.78260745270594,"Upland","7","US-A03","SPEI_24__Pacific Coast",5.25713562681353,0.839415621639127,3.61188100840084,6.90239024522622
"SPEI_36","Pacific Coast",-1.78260745270594,"Upland","7","US-A03","SPEI_36__Pacific Coast",5.22680694889193,0.837311631358524,3.58567615142923,6.86793774635464
"SPEI_48","Pacific Coast",-1.78260745270594,"Upland","7","US-A03","SPEI_48__Pacific Coast",5.22664691929815,0.837346575397988,3.58544763151809,6.8678462070782
"SPEI_1","Gulf Coast",-1.78260745270594,"Upland","7","US-A03","SPEI_1__Gulf Coast",8.94598517105419,1.3184650136736,6.36179374425393,11.5301765978544
"SPEI_3","Gulf Coast",-1.78260745270594,"Upland","7","US-A03","SPEI_3__Gulf Coast",9.56016568773144,1.42761294793395,6.7620443097809,12.358287065682
"SPEI_6","Gulf Coast",-1.78260745270594,"Upland","7","US-A03","SPEI_6__Gulf Coast",10.2475920447878,1.43843116810919,7.42826695529381,13.0669171342818
"SPEI_12","Gulf Coast",-1.78260745270594,"Upland","7","US-A03","SPEI_12__Gulf Coast",10.7318699255249,1.46293611973442,7.86451513084546,13.5992247202044
"SPEI_24","Gulf Coast",-1.78260745270594,"Upland","7","US-A03","SPEI_24__Gulf Coast",9.90487000719119,1.4033769684935,7.15425114894394,12.6554888654384
"SPEI_36","Gulf Coast",-1.78260745270594,"Upland","7","US-A03","SPEI_36__Gulf Coast",8.89144624577131,1.32457046561849,6.29528813315907,11.4876043583835
"SPEI_48","Gulf Coast",-1.78260745270594,"Upland","7","US-A03","SPEI_48__Gulf Coast",7.86539458208828,1.26566800894126,5.38468528456341,10.3461038796131
"SPEI_1","AK Coast",-1.78260745270594,"Upland","7","US-A03","SPEI_1__AK Coast",6.8699989817338,0.972038363265482,4.96480378973346,8.77519417373415
"SPEI_3","AK Coast",-1.78260745270594,"Upland","7","US-A03","SPEI_3__AK Coast",6.49995622328349,1.03832575479894,4.46483774387756,8.53507470268942
"SPEI_6","AK Coast",-1.78260745270594,"Upland","7","US-A03","SPEI_6__AK Coast",6.41020872292849,1.03283740274943,4.3858474135396,8.43457003231737
"SPEI_12","AK Coast",-1.78260745270594,"Upland","7","US-A03","SPEI_12__AK Coast",6.19084626913243,1.03898267122829,4.15444023352498,8.22725230473988
"SPEI_24","AK Coast",-1.78260745270594,"Upland","7","US-A03","SPEI_24__AK Coast",6.00562011712385,1.12111906720097,3.80822674540995,8.20301348883774
"SPEI_36","AK Coast",-1.78260745270594,"Upland","7","US-A03","SPEI_36__AK Coast",6.06161466238741,1.04955735170571,4.00448225304422,8.1187470717306
"SPEI_48","AK Coast",-1.78260745270594,"Upland","7","US-A03","SPEI_48__AK Coast",6.30172046160379,1.02933103073356,4.28423164136601,8.31920928184156
"SPEI_1","Atlantic Coast",-1.74836804078223,"Upland","7","US-A03","SPEI_1__Atlantic Coast",4.41349016186413,0.657146676724548,3.12548267548402,5.70149764824424
"SPEI_3","Atlantic Coast",-1.74836804078223,"Upland","7","US-A03","SPEI_3__Atlantic Coast",4.54547596256598,0.664931130613078,3.24221094656434,5.84874097856761
"SPEI_6","Atlantic Coast",-1.74836804078223,"Upland","7","US-A03","SPEI_6__Atlantic Coast",4.52095936522875,0.662599956659166,3.22226345017678,5.81965528028071
"SPEI_12","Atlantic Coast",-1.74836804078223,"Upland","7","US-A03","SPEI_12__Atlantic Coast",4.44199686666857,0.661062376358913,3.1463146090051,5.73767912433204
"SPEI_24","Atlantic Coast",-1.74836804078223,"Upland","7","US-A03","SPEI_24__Atlantic Coast",4.54150930520718,0.662904895970134,3.24221570910572,5.84080290130864
"SPEI_36","Atlantic Coast",-1.74836804078223,"Upland","7","US-A03","SPEI_36__Atlantic Coast",4.60656238978824,0.66412354662532,3.30488023840261,5.90824454117386
"SPEI_48","Atlantic Coast",-1.74836804078223,"Upland","7","US-A03","SPEI_48__Atlantic Coast",4.58962375767551,0.665713135405854,3.28482601228003,5.89442150307098
"SPEI_1","Pacific Coast",-1.74836804078223,"Upland","7","US-A03","SPEI_1__Pacific Coast",5.65922440845415,0.853958375263491,3.98546599293771,7.33298282397059
"SPEI_3","Pacific Coast",-1.74836804078223,"Upland","7","US-A03","SPEI_3__Pacific Coast",5.37156685969284,0.844300655811636,3.71673757430203,7.02639614508364
"SPEI_6","Pacific Coast",-1.74836804078223,"Upland","7","US-A03","SPEI_6__Pacific Coast",5.44508298357929,0.846950745930188,3.78505952155613,7.10510644560246
"SPEI_12","Pacific Coast",-1.74836804078223,"Upland","7","US-A03","SPEI_12__Pacific Coast",5.22732443059446,0.837322115485742,3.58617308424241,6.86847577694652
"SPEI_24","Pacific Coast",-1.74836804078223,"Upland","7","US-A03","SPEI_24__Pacific Coast",5.25705520234663,0.839363594514204,3.61190255709879,6.90220784759447
"SPEI_36","Pacific Coast",-1.74836804078223,"Upland","7","US-A03","SPEI_36__Pacific Coast",5.22680658805916,0.837309781799342,3.58567941573245,6.86793376038588
"SPEI_48","Pacific Coast",-1.74836804078223,"Upland","7","US-A03","SPEI_48__Pacific Coast",5.22664659691573,0.837343463849494,3.58545340777072,6.86783978606074
"SPEI_1","Gulf Coast",-1.74836804078223,"Upland","7","US-A03","SPEI_1__Gulf Coast",8.92570901463023,1.31651569721183,6.34533824809504,11.5060797811654
"SPEI_3","Gulf Coast",-1.74836804078223,"Upland","7","US-A03","SPEI_3__Gulf Coast",9.83094800800295,1.40827001324636,7.07073878204009,12.5911572339658
"SPEI_6","Gulf Coast",-1.74836804078223,"Upland","7","US-A03","SPEI_6__Gulf Coast",10.2245921515698,1.42939296345656,7.42298194319497,13.0262023599447
"SPEI_12","Gulf Coast",-1.74836804078223,"Upland","7","US-A03","SPEI_12__Gulf Coast",10.7042415850397,1.45019599811507,7.8618574287342,13.5466257413453
"SPEI_24","Gulf Coast",-1.74836804078223,"Upland","7","US-A03","SPEI_24__Gulf Coast",9.86206294287919,1.39463847456407,7.12857153273361,12.5955543530248
"SPEI_36","Gulf Coast",-1.74836804078223,"Upland","7","US-A03","SPEI_36__Gulf Coast",8.87277513734811,1.32244862334109,6.28077583559958,11.4647744390966
"SPEI_48","Gulf Coast",-1.74836804078223,"Upland","7","US-A03","SPEI_48__Gulf Coast",7.86542173542101,1.26564382900676,5.38475983056777,10.3460836402743
"SPEI_1","AK Coast",-1.74836804078223,"Upland","7","US-A03","SPEI_1__AK Coast",6.87004551113185,0.972022009307681,4.9648823728888,8.7752086493749
"SPEI_3","AK Coast",-1.74836804078223,"Upland","7","US-A03","SPEI_3__AK Coast",6.4957225871046,1.03576769200879,4.46561791076739,8.52582726344183
"SPEI_6","AK Coast",-1.74836804078223,"Upland","7","US-A03","SPEI_6__AK Coast",6.40915596895,1.03020915315077,4.38994602877449,8.42836590912552
"SPEI_12","AK Coast",-1.74836804078223,"Upland","7","US-A03","SPEI_12__AK Coast",6.20105212315536,1.03702837045801,4.16847651705767,8.23362772925305
"SPEI_24","AK Coast",-1.74836804078223,"Upland","7","US-A03","SPEI_24__AK Coast",6.01491490665509,1.11684335934488,3.82590192233912,8.20392789097106
"SPEI_36","AK Coast",-1.74836804078223,"Upland","7","US-A03","SPEI_36__AK Coast",6.07296897871531,1.04742208579465,4.0200216905578,8.12591626687282
"SPEI_48","AK Coast",-1.74836804078223,"Upland","7","US-A03","SPEI_48__AK Coast",6.30980931000543,1.02774928383797,4.295420713683,8.32419790632786
"SPEI_1","Atlantic Coast",-1.71412862885852,"Upland","7","US-A03","SPEI_1__Atlantic Coast",4.41347894668847,0.657143392261218,3.12547789785648,5.70147999552046
"SPEI_3","Atlantic Coast",-1.71412862885852,"Upland","7","US-A03","SPEI_3__Atlantic Coast",4.54497424736067,0.6646293539844,3.24230071355124,5.84764778117009
"SPEI_6","Atlantic Coast",-1.71412862885852,"Upland","7","US-A03","SPEI_6__Atlantic Coast",4.51879829800217,0.662377587979566,3.22053822556222,5.81705837044212
"SPEI_12","Atlantic Coast",-1.71412862885852,"Upland","7","US-A03","SPEI_12__Atlantic Coast",4.44232726422006,0.660919896351918,3.1469242673703,5.73773026106982
"SPEI_24","Atlantic Coast",-1.71412862885852,"Upland","7","US-A03","SPEI_24__Atlantic Coast",4.53893798117873,0.66266911205636,3.24010652154826,5.8377694408092
"SPEI_36","Atlantic Coast",-1.71412862885852,"Upland","7","US-A03","SPEI_36__Atlantic Coast",4.60278007725638,0.663842181109077,3.30164940228259,5.90391075223017
"SPEI_48","Atlantic Coast",-1.71412862885852,"Upland","7","US-A03","SPEI_48__Atlantic Coast",4.5885433067633,0.665294517010911,3.28456605342192,5.89252056010469
"SPEI_1","Pacific Coast",-1.71412862885852,"Upland","7","US-A03","SPEI_1__Pacific Coast",5.64903961037715,0.853205635201371,3.97675656538246,7.32132265537184
"SPEI_3","Pacific Coast",-1.71412862885852,"Upland","7","US-A03","SPEI_3__Pacific Coast",5.36913354534291,0.844056796426298,3.71478222434737,7.02348486633845
"SPEI_6","Pacific Coast",-1.71412862885852,"Upland","7","US-A03","SPEI_6__Pacific Coast",5.43963700382565,0.846528286899274,3.78044156150308,7.09883244614823
"SPEI_12","Pacific Coast",-1.71412862885852,"Upland","7","US-A03","SPEI_12__Pacific Coast",5.22731337506646,0.837319781461004,3.58616660340289,6.86846014673003
"SPEI_24","Pacific Coast",-1.71412862885852,"Upland","7","US-A03","SPEI_24__Pacific Coast",5.25695872359829,0.839312056238354,3.61190709337112,6.90201035382547
"SPEI_36","Pacific Coast",-1.71412862885852,"Upland","7","US-A03","SPEI_36__Pacific Coast",5.22680613241302,0.837307950894334,3.58568254866013,6.86792971616592
"SPEI_48","Pacific Coast",-1.71412862885852,"Upland","7","US-A03","SPEI_48__Pacific Coast",5.22664624409481,0.837340392885249,3.58545907403972,6.8678334141499
"SPEI_1","Gulf Coast",-1.71412862885852,"Upland","7","US-A03","SPEI_1__Gulf Coast",8.90543242550598,1.31460135138746,6.32881377678657,11.4820510742254
"SPEI_3","Gulf Coast",-1.71412862885852,"Upland","7","US-A03","SPEI_3__Gulf Coast",10.0891973956906,1.39299849024263,7.35892035481509,12.8194744365662
"SPEI_6","Gulf Coast",-1.71412862885852,"Upland","7","US-A03","SPEI_6__Gulf Coast",10.200615991596,1.42072951049463,7.41598615102648,12.9852458321654
"SPEI_12","Gulf Coast",-1.71412862885852,"Upland","7","US-A03","SPEI_12__Gulf Coast",10.6759811370707,1.43821298602058,7.85708368447036,13.494878589671
"SPEI_24","Gulf Coast",-1.71412862885852,"Upland","7","US-A03","SPEI_24__Gulf Coast",9.8182752512773,1.38636725002038,7.10099544123736,12.5355550613172
"SPEI_36","Gulf Coast",-1.71412862885852,"Upland","7","US-A03","SPEI_36__Gulf Coast",8.85409840460301,1.32036492990361,6.26618314199193,11.4420136672141
"SPEI_48","Gulf Coast",-1.71412862885852,"Upland","7","US-A03","SPEI_48__Gulf Coast",7.86544915470721,1.26561998080423,5.38483399233091,10.3460643170835
"SPEI_1","AK Coast",-1.71412862885852,"Upland","7","US-A03","SPEI_1__AK Coast",6.87009293748619,0.972005732025343,4.96496170271652,8.77522417225586
"SPEI_3","AK Coast",-1.71412862885852,"Upland","7","US-A03","SPEI_3__AK Coast",6.49152045936362,1.03326865453733,4.46631389647045,8.51672702225679
"SPEI_6","AK Coast",-1.71412862885852,"Upland","7","US-A03","SPEI_6__AK Coast",6.40829469164595,1.02766464275031,4.39407199185534,8.42251739143656
"SPEI_12","AK Coast",-1.71412862885852,"Upland","7","US-A03","SPEI_12__AK Coast",6.21125993518777,1.03510088561472,4.18246219938293,8.24005767099262
"SPEI_24","AK Coast",-1.71412862885852,"Upland","7","US-A03","SPEI_24__AK Coast",6.02441116006164,1.11257467455571,3.84376479793245,8.20505752219083
"SPEI_36","AK Coast",-1.71412862885852,"Upland","7","US-A03","SPEI_36__AK Coast",6.08432718518478,1.04531508170923,4.03550962503469,8.13314474533487
"SPEI_48","AK Coast",-1.71412862885852,"Upland","7","US-A03","SPEI_48__AK Coast",6.31789931400528,1.02618799829787,4.30657083734146,8.32922779066909
"SPEI_1","Atlantic Coast",-1.67988921693481,"Upland","7","US-A03","SPEI_1__Atlantic Coast",4.41346748770852,0.657140154173733,3.125472785528,5.70146218988903
"SPEI_3","Atlantic Coast",-1.67988921693481,"Upland","7","US-A03","SPEI_3__Atlantic Coast",4.5443746986518,0.664334346383046,3.24227937974103,5.84647001756257
"SPEI_6","Atlantic Coast",-1.67988921693481,"Upland","7","US-A03","SPEI_6__Atlantic Coast",4.51663671279575,0.662159750113236,3.21880360257381,5.81446982301769
"SPEI_12","Atlantic Coast",-1.67988921693481,"Upland","7","US-A03","SPEI_12__Atlantic Coast",4.44262756358106,0.660779856380591,3.14749904507511,5.73775608208702
"SPEI_24","Atlantic Coast",-1.67988921693481,"Upland","7","US-A03","SPEI_24__Atlantic Coast",4.53636632881046,0.662438147479965,3.23798755974973,5.83474509787119
"SPEI_36","Atlantic Coast",-1.67988921693481,"Upland","7","US-A03","SPEI_36__Atlantic Coast",4.59899677460285,0.663566589963419,3.29840625827455,5.89958729093115
"SPEI_48","Atlantic Coast",-1.67988921693481,"Upland","7","US-A03","SPEI_48__Atlantic Coast",4.58742319488611,0.664896329059345,3.28422638992979,5.89061999984243
"SPEI_1","Pacific Coast",-1.67988921693481,"Upland","7","US-A03","SPEI_1__Pacific Coast",5.63877034758854,0.852478335144818,3.96791281070469,7.30962788447238
"SPEI_3","Pacific Coast",-1.67988921693481,"Upland","7","US-A03","SPEI_3__Pacific Coast",5.36664250849267,0.843818339768215,3.71275856254697,7.02052645443837
"SPEI_6","Pacific Coast",-1.67988921693481,"Upland","7","US-A03","SPEI_6__Pacific Coast",5.43415190442906,0.84612182642883,3.77575312462856,7.09255068422957
"SPEI_12","Pacific Coast",-1.67988921693481,"Upland","7","US-A03","SPEI_12__Pacific Coast",5.22730216383271,0.837317476731186,3.58615990943959,6.86844441822584
"SPEI_24","Pacific Coast",-1.67988921693481,"Upland","7","US-A03","SPEI_24__Pacific Coast",5.25684551071222,0.839260931041135,3.6118940858716,6.90179693555285
"SPEI_36","Pacific Coast",-1.67988921693481,"Upland","7","US-A03","SPEI_36__Pacific Coast",5.22680557770427,0.837306137495978,3.58568554821216,6.86792560719639
"SPEI_48","Pacific Coast",-1.67988921693481,"Upland","7","US-A03","SPEI_48__Pacific Coast",5.22664585933395,0.837337361413646,3.58546463096321,6.8678270877047
"SPEI_1","Gulf Coast",-1.67988921693481,"Upland","7","US-A03","SPEI_1__Gulf Coast",8.88515536535345,1.3127220588508,6.31222013000588,11.458090600701
"SPEI_3","Gulf Coast",-1.67988921693481,"Upland","7","US-A03","SPEI_3__Gulf Coast",10.3343558206562,1.38132765475687,7.62695361733278,13.0417580239797
"SPEI_6","Gulf Coast",-1.67988921693481,"Upland","7","US-A03","SPEI_6__Gulf Coast",10.175613953105,1.41242318346033,7.40726451352274,12.9439633926872
"SPEI_12","Gulf Coast",-1.67988921693481,"Upland","7","US-A03","SPEI_12__Gulf Coast",10.647026854904,1.42695365021065,7.85019770049115,13.4438560093169
"SPEI_24","Gulf Coast",-1.67988921693481,"Upland","7","US-A03","SPEI_24__Gulf Coast",9.77350374295602,1.37854302341109,7.07155941707028,12.4754480688418
"SPEI_36","Gulf Coast",-1.67988921693481,"Upland","7","US-A03","SPEI_36__Gulf Coast",8.83541589961765,1.31831940628137,6.25150986330617,11.4193219359291
"SPEI_48","Gulf Coast",-1.67988921693481,"Upland","7","US-A03","SPEI_48__Gulf Coast",7.86547684033173,1.26559645536916,5.38490778780817,10.3460458928553
"SPEI_1","AK Coast",-1.67988921693481,"Upland","7","US-A03","SPEI_1__AK Coast",6.87014128749006,0.9719895174561,4.9650418332761,8.77524074170401
"SPEI_3","AK Coast",-1.67988921693481,"Upland","7","US-A03","SPEI_3__AK Coast",6.48735890870879,1.03082589977762,4.46694014514465,8.50777767227293
"SPEI_6","AK Coast",-1.67988921693481,"Upland","7","US-A03","SPEI_6__AK Coast",6.40763503900786,1.02520138526083,4.39824032389662,8.4170297541191
"SPEI_12","AK Coast",-1.67988921693481,"Upland","7","US-A03","SPEI_12__AK Coast",6.22146979123563,1.03320030659826,4.19639719030305,8.24654239216821
"SPEI_24","AK Coast",-1.67988921693481,"Upland","7","US-A03","SPEI_24__AK Coast",6.03411805645193,1.10831253595146,3.86182548598707,8.20641062691679
"SPEI_36","AK Coast",-1.67988921693481,"Upland","7","US-A03","SPEI_36__AK Coast",6.09568942429341,1.04323638090189,4.05094611772569,8.14043273086112
"SPEI_48","AK Coast",-1.67988921693481,"Upland","7","US-A03","SPEI_48__AK Coast",6.32599051187772,1.02464724119531,4.31768191913491,8.33429910462053
"SPEI_1","Atlantic Coast",-1.64564980501109,"Upland","7","US-A03","SPEI_1__Atlantic Coast",4.41345577615859,0.657136961368797,3.12546733187575,5.70144422044143
"SPEI_3","Atlantic Coast",-1.64564980501109,"Upland","7","US-A03","SPEI_3__Atlantic Coast",4.5436740718262,0.664045812737166,3.24214427886136,5.84520386479105
"SPEI_6","Atlantic Coast",-1.64564980501109,"Upland","7","US-A03","SPEI_6__Atlantic Coast",4.51447459097996,0.661946442788095,3.21705956311529,5.81188961884462
"SPEI_12","Atlantic Coast",-1.64564980501109,"Upland","7","US-A03","SPEI_12__Atlantic Coast",4.44289664019416,0.660642139890855,3.14803804600808,5.73775523438024
"SPEI_24","Atlantic Coast",-1.64564980501109,"Upland","7","US-A03","SPEI_24__Atlantic Coast",4.53379433623195,0.662212003377208,3.23585880961263,5.83172986285128
"SPEI_36","Atlantic Coast",-1.64564980501109,"Upland","7","US-A03","SPEI_36__Atlantic Coast",4.59521244298409,0.663296766878525,3.29515077990218,5.895274106066
"SPEI_48","Atlantic Coast",-1.64564980501109,"Upland","7","US-A03","SPEI_48__Atlantic Coast",4.58626150778012,0.664517542483854,3.28380712451177,5.88871589104848
"SPEI_1","Pacific Coast",-1.64564980501109,"Upland","7","US-A03","SPEI_1__Pacific Coast",5.62841396257649,0.851775295316304,3.95893438375654,7.29789354139645
"SPEI_3","Pacific Coast",-1.64564980501109,"Upland","7","US-A03","SPEI_3__Pacific Coast",5.36409209241948,0.843584993067601,3.71066550600698,7.01751867883198
"SPEI_6","Pacific Coast",-1.64564980501109,"Upland","7","US-A03","SPEI_6__Pacific Coast",5.42862789622123,0.845730743352736,3.77099563924987,7.08626015319259
"SPEI_12","Pacific Coast",-1.64564980501109,"Upland","7","US-A03","SPEI_12__Pacific Coast",5.22729079175759,0.837315200306679,3.5861529991565,6.86842858435868
"SPEI_24","Pacific Coast",-1.64564980501109,"Upland","7","US-A03","SPEI_24__Pacific Coast",5.25671491171092,0.839210151738571,3.61186301430332,6.90156680911852
"SPEI_36","Pacific Coast",-1.64564980501109,"Upland","7","US-A03","SPEI_36__Pacific Coast",5.22680491982434,0.837304340615578,3.58568841221781,6.86792142743088
"SPEI_48","Pacific Coast",-1.64564980501109,"Upland","7","US-A03","SPEI_48__Pacific Coast",5.22664544116592,0.837334368499633,3.58547007890664,6.8678208034252
"SPEI_1","Gulf Coast",-1.64564980501109,"Upland","7","US-A03","SPEI_1__Gulf Coast",8.86487779490263,1.31087790037871,6.29555711016035,11.4341984796449
"SPEI_3","Gulf Coast",-1.64564980501109,"Upland","7","US-A03","SPEI_3__Gulf Coast",10.5658821600035,1.37276153704206,7.87526954740107,13.2564947726059
"SPEI_6","Gulf Coast",-1.64564980501109,"Upland","7","US-A03","SPEI_6__Gulf Coast",10.149537230816,1.40445702703212,7.39680145783309,12.902273003799
"SPEI_12","Gulf Coast",-1.64564980501109,"Upland","7","US-A03","SPEI_12__Gulf Coast",10.6173147777904,1.41638373055709,7.84120266589846,13.3934268896823
"SPEI_24","Gulf Coast",-1.64564980501109,"Upland","7","US-A03","SPEI_24__Gulf Coast",9.72775064481467,1.37114560636885,7.04030525633172,12.4151960332976
"SPEI_36","Gulf Coast",-1.64564980501109,"Upland","7","US-A03","SPEI_36__Gulf Coast",8.8167274928834,1.316312071075,6.2367558335764,11.3966991521904
"SPEI_48","Gulf Coast",-1.64564980501109,"Upland","7","US-A03","SPEI_48__Gulf Coast",7.86550479119579,1.26557324513766,5.38498123072598,10.3460283516656
"SPEI_1","AK Coast",-1.64564980501109,"Upland","7","US-A03","SPEI_1__AK Coast",6.87019058500526,0.971973353576468,4.96512281199538,8.77525835801514
"SPEI_3","AK Coast",-1.64564980501109,"Upland","7","US-A03","SPEI_3__AK Coast",6.48324771869599,1.0284370016057,4.46751119554882,8.49898424184316
"SPEI_6","AK Coast",-1.64564980501109,"Upland","7","US-A03","SPEI_6__AK Coast",6.40718704788546,1.0228169799365,4.40246576720992,8.41190832856101
"SPEI_12","AK Coast",-1.64564980501109,"Upland","7","US-A03","SPEI_12__AK Coast",6.23168177404607,1.03132672317776,4.21028139661766,8.25308215147447
"SPEI_24","AK Coast",-1.64564980501109,"Upland","7","US-A03","SPEI_24__AK Coast",6.04404445536644,1.10405704530191,3.8800926465747,8.20799626415818
"SPEI_36","AK Coast",-1.64564980501109,"Upland","7","US-A03","SPEI_36__AK Coast",6.10705582938108,1.04118602566175,4.06633121908406,8.14778043967811
"SPEI_48","AK Coast",-1.64564980501109,"Upland","7","US-A03","SPEI_48__AK Coast",6.33408293901134,1.02312707948714,4.32875386321656,8.33941201480613
"SPEI_1","Atlantic Coast",-1.61141039308738,"Upland","7","US-A03","SPEI_1__Atlantic Coast",4.41344380410915,0.657133813040965,3.12546153054886,5.70142607766944
"SPEI_3","Atlantic Coast",-1.61141039308738,"Upland","7","US-A03","SPEI_3__Atlantic Coast",4.54286949480002,0.663763512830697,3.24189300965186,5.84384597994819
"SPEI_6","Atlantic Coast",-1.61141039308738,"Upland","7","US-A03","SPEI_6__Atlantic Coast",4.51231191566499,0.661737665977336,3.21530609034941,5.80931774098057
"SPEI_12","Atlantic Coast",-1.61141039308738,"Upland","7","US-A03","SPEI_12__Atlantic Coast",4.44313346401859,0.660506653808669,3.1485404225536,5.73772650548358
"SPEI_24","Atlantic Coast",-1.61141039308738,"Upland","7","US-A03","SPEI_24__Atlantic Coast",4.53122199270579,0.661990681011133,3.23372025792397,5.82872372748761
"SPEI_36","Atlantic Coast",-1.61141039308738,"Upland","7","US-A03","SPEI_36__Atlantic Coast",4.59142704644505,0.663032705865812,3.29188294294806,5.89097114994204
"SPEI_48","Atlantic Coast",-1.61141039308738,"Upland","7","US-A03","SPEI_48__Atlantic Coast",4.58505639253006,0.664157175470529,3.28330832860783,5.8868044564523
"SPEI_1","Pacific Coast",-1.61141039308738,"Upland","7","US-A03","SPEI_1__Pacific Coast",5.6179681782775,0.851095521479771,3.94982095617715,7.28611540037785
"SPEI_3","Pacific Coast",-1.61141039308738,"Upland","7","US-A03","SPEI_3__Pacific Coast",5.36148090906899,0.843356513416416,3.70850214277282,7.01445967536517
"SPEI_6","Pacific Coast",-1.61141039308738,"Upland","7","US-A03","SPEI_6__Pacific Coast",5.42306557079724,0.84535445786225,3.76617083338723,7.07996030820726
"SPEI_12","Pacific Coast",-1.61141039308738,"Upland","7","US-A03","SPEI_12__Pacific Coast",5.22727925432089,0.837312951416861,3.58614586954384,6.86841263909794
"SPEI_24","Pacific Coast",-1.61141039308738,"Upland","7","US-A03","SPEI_24__Pacific Coast",5.25656632465733,0.839159663606485,3.61181338398862,6.90131926532604
"SPEI_36","Pacific Coast",-1.61141039308738,"Upland","7","US-A03","SPEI_36__Pacific Coast",5.22680415491968,0.837302559492357,3.58569113831466,6.8679171715247
"SPEI_48","Pacific Coast",-1.61141039308738,"Upland","7","US-A03","SPEI_48__Pacific Coast",5.22664498818824,0.83733141343322,3.58547541785913,6.86781455851735
"SPEI_1","Gulf Coast",-1.61141039308738,"Upland","7","US-A03","SPEI_1__Gulf Coast",8.84459967355363,1.30906895598351,6.27882451982595,11.4103748272813
"SPEI_3","Gulf Coast",-1.61141039308738,"Upland","7","US-A03","SPEI_3__Gulf Coast",10.7832664412549,1.36679718897512,8.10434395086369,13.4621889316462
"SPEI_6","Gulf Coast",-1.61141039308738,"Upland","7","US-A03","SPEI_6__Gulf Coast",10.1223386464709,1.39681549171511,7.38458028270932,12.8600970102326
"SPEI_12","Gulf Coast",-1.61141039308738,"Upland","7","US-A03","SPEI_12__Gulf Coast",10.5867775675757,1.40646924180625,7.8300978536354,13.3434572815159
"SPEI_24","Gulf Coast",-1.61141039308738,"Upland","7","US-A03","SPEI_24__Gulf Coast",9.68102726002436,1.3641555015722,7.00728247694284,12.3547720431059
"SPEI_36","Gulf Coast",-1.61141039308738,"Upland","7","US-A03","SPEI_36__Gulf Coast",8.79803308643736,1.31434294318636,6.22192091779209,11.3741452550826
"SPEI_48","Gulf Coast",-1.61141039308738,"Upland","7","US-A03","SPEI_48__Gulf Coast",7.86553300371224,1.26555034453869,5.38505432841641,10.3460116790081
"SPEI_1","AK Coast",-1.61141039308738,"Upland","7","US-A03","SPEI_1__AK Coast",6.87024084901278,0.971957231166839,4.96520467592578,8.77527702209979
"SPEI_3","AK Coast",-1.61141039308738,"Upland","7","US-A03","SPEI_3__AK Coast",6.47919782789932,1.02610000050726,4.46804182690509,8.49035382889356
"SPEI_6","AK Coast",-1.61141039308738,"Upland","7","US-A03","SPEI_6__AK Coast",6.40696052200705,1.02050920188138,4.40676248631954,8.40715855769456
"SPEI_12","AK Coast",-1.61141039308738,"Upland","7","US-A03","SPEI_12__AK Coast",6.24189596048627,1.02948022663471,4.22411471628223,8.2596772046903
"SPEI_24","AK Coast",-1.61141039308738,"Upland","7","US-A03","SPEI_24__AK Coast",6.05419862951443,1.09980912707975,3.89857274043812,8.20982451859073
"SPEI_36","AK Coast",-1.61141039308738,"Upland","7","US-A03","SPEI_36__AK Coast",6.11842651767816,1.0391640627439,4.08166495470012,8.1551880806562
"SPEI_48","AK Coast",-1.61141039308738,"Upland","7","US-A03","SPEI_48__AK Coast",6.34217662576834,1.02162758072867,4.33978656754015,8.34456668399654
"SPEI_1","Atlantic Coast",-1.57717098116367,"Upland","7","US-A03","SPEI_1__Atlantic Coast",4.41343156469904,0.657130708718079,3.12545537561161,5.70140775378648
"SPEI_3","Atlantic Coast",-1.57717098116367,"Upland","7","US-A03","SPEI_3__Atlantic Coast",4.54195856775509,0.663487269927796,3.24152351869661,5.84239361681357
"SPEI_6","Atlantic Coast",-1.57717098116367,"Upland","7","US-A03","SPEI_6__Atlantic Coast",4.51014867218422,0.661533419981959,3.21354316901958,5.80675417534886
"SPEI_12","Atlantic Coast",-1.57717098116367,"Upland","7","US-A03","SPEI_12__Atlantic Coast",4.44333712596494,0.66037333236283,3.1490053945338,5.73766885739609
"SPEI_24","Atlantic Coast",-1.57717098116367,"Upland","7","US-A03","SPEI_24__Atlantic Coast",4.52864928893671,0.661774181832733,3.23157189254455,5.82572668532886
"SPEI_36","Atlantic Coast",-1.57717098116367,"Upland","7","US-A03","SPEI_36__Atlantic Coast",4.58764055275972,0.662774401431343,3.28860272595429,5.88667837956515
"SPEI_48","Atlantic Coast",-1.57717098116367,"Upland","7","US-A03","SPEI_48__Atlantic Coast",4.58380607843374,0.66381430733736,3.28273003605252,5.88488212081497
"SPEI_1","Pacific Coast",-1.57717098116367,"Upland","7","US-A03","SPEI_1__Pacific Coast",5.60743120635665,0.850438230727833,3.9405722741301,7.27429013858321
"SPEI_3","Pacific Coast",-1.57717098116367,"Upland","7","US-A03","SPEI_3__Pacific Coast",5.35880790906428,0.843132715636357,3.70626778641703,7.01134803171154
"SPEI_6","Pacific Coast",-1.57717098116367,"Upland","7","US-A03","SPEI_6__Pacific Coast",5.41746598531101,0.84499244138394,3.76128080019849,7.07365117042354
"SPEI_12","Pacific Coast",-1.57717098116367,"Upland","7","US-A03","SPEI_12__Pacific Coast",5.22726754778298,0.837310729546105,3.58613851787262,6.86839657769335
"SPEI_24","Pacific Coast",-1.57717098116367,"Upland","7","US-A03","SPEI_24__Pacific Coast",5.25639921228652,0.839109426465737,3.61174473641368,6.90105368815937
"SPEI_36","Pacific Coast",-1.57717098116367,"Upland","7","US-A03","SPEI_36__Pacific Coast",5.22680327946847,0.837300793630854,3.585693723952,6.86791283498495
"SPEI_48","Pacific Coast",-1.57717098116367,"Upland","7","US-A03","SPEI_48__Pacific Coast",5.22664449908554,0.837328495766505,3.58548064738319,6.86780835078789
"SPEI_1","Gulf Coast",-1.57717098116367,"Upland","7","US-A03","SPEI_1__Gulf Coast",8.82432095936967,1.30729530566963,6.2620221602572,11.3866197584821
"SPEI_3","Gulf Coast",-1.57717098116367,"Upland","7","US-A03","SPEI_3__Gulf Coast",10.9860398639381,1.36294257436069,8.3146724181911,13.657407309685
"SPEI_6","Gulf Coast",-1.57717098116367,"Upland","7","US-A03","SPEI_6__Gulf Coast",10.0939733212188,1.38948487963267,7.37058295713878,12.8173636852988
"SPEI_12","Gulf Coast",-1.57717098116367,"Upland","7","US-A03","SPEI_12__Gulf Coast",10.5553441869497,1.39717724793632,7.81687678099457,13.2938115929049
"SPEI_24","Gulf Coast",-1.57717098116367,"Upland","7","US-A03","SPEI_24__Gulf Coast",9.63335595710358,1.35755432731513,6.97254947556593,12.2941624386412
"SPEI_36","Gulf Coast",-1.57717098116367,"Upland","7","US-A03","SPEI_36__Gulf Coast",8.77933262154936,1.31241204361098,6.20700501607184,11.3516602270269
"SPEI_48","Gulf Coast",-1.57717098116367,"Upland","7","US-A03","SPEI_48__Gulf Coast",7.86556147125531,1.26552775030983,5.38512708064804,10.3459958618626
"SPEI_1","AK Coast",-1.57717098116367,"Upland","7","US-A03","SPEI_1__AK Coast",6.87029209239482,0.971941144281687,4.96528744960271,8.77529673518693
"SPEI_3","AK Coast",-1.57717098116367,"Upland","7","US-A03","SPEI_3__AK Coast",6.47522153651297,1.02381348430668,4.46854710727187,8.48189596575406
"SPEI_6","AK Coast",-1.57717098116367,"Upland","7","US-A03","SPEI_6__AK Coast",6.40696492966338,1.01827605450689,4.41114386282987,8.40278599649689
"SPEI_12","AK Coast",-1.57717098116367,"Upland","7","US-A03","SPEI_12__AK Coast",6.25211241979778,1.02766091073928,4.2378970347488,8.26632780484676
"SPEI_24","AK Coast",-1.57717098116367,"Upland","7","US-A03","SPEI_24__AK Coast",6.06458807848748,1.09557064310152,3.91726961800851,8.21190653896645
"SPEI_36","AK Coast",-1.57717098116367,"Upland","7","US-A03","SPEI_36__AK Coast",6.12980158591522,1.03717054555669,4.09694731662412,8.16265585520633
"SPEI_48","AK Coast",-1.57717098116367,"Upland","7","US-A03","SPEI_48__AK Coast",6.35027159616601,1.02014881350608,4.35077992169409,8.34976327063793
"SPEI_1","Atlantic Coast",-1.54293156923996,"Upland","7","US-A03","SPEI_1__Atlantic Coast",4.41341905213932,0.657127648250643,3.12544886156806,5.70138924271058
"SPEI_3","Atlantic Coast",-1.54293156923996,"Upland","7","US-A03","SPEI_3__Atlantic Coast",4.54093936178391,0.66321696770417,3.24103410508374,5.84084461848409
"SPEI_6","Atlantic Coast",-1.54293156923996,"Upland","7","US-A03","SPEI_6__Atlantic Coast",4.50798484810249,0.661333705435785,3.21177078544835,5.80419891075663
"SPEI_12","Atlantic Coast",-1.54293156923996,"Upland","7","US-A03","SPEI_12__Atlantic Coast",4.44350683840515,0.660242136014396,3.14943225181694,5.73758142499337
"SPEI_24","Atlantic Coast",-1.54293156923996,"Upland","7","US-A03","SPEI_24__Atlantic Coast",4.5260762170709,0.661562507488448,3.22941370239354,5.82273873174825
"SPEI_36","Atlantic Coast",-1.54293156923996,"Upland","7","US-A03","SPEI_36__Atlantic Coast",4.58385293347488,0.662521848617524,3.28531011018453,5.88239575676523
"SPEI_48","Atlantic Coast",-1.54293156923996,"Upland","7","US-A03","SPEI_48__Atlantic Coast",4.58250887986447,0.663488082254438,3.28207223864577,5.88294552108317
"SPEI_1","Pacific Coast",-1.54293156923996,"Upland","7","US-A03","SPEI_1__Pacific Coast",5.59680175264911,0.849802840249181,3.93118818576071,7.2624153195375
"SPEI_3","Pacific Coast",-1.54293156923996,"Upland","7","US-A03","SPEI_3__Pacific Coast",5.35607237935331,0.842913469676798,3.70396197878679,7.00818277991984
"SPEI_6","Pacific Coast",-1.54293156923996,"Upland","7","US-A03","SPEI_6__Pacific Coast",5.41183064716656,0.844644216638554,3.75632798255499,7.06733331177812
"SPEI_12","Pacific Coast",-1.54293156923996,"Upland","7","US-A03","SPEI_12__Pacific Coast",5.22725566918291,0.837308534426414,3.58613094170714,6.86838039665868
"SPEI_24","Pacific Coast",-1.54293156923996,"Upland","7","US-A03","SPEI_24__Pacific Coast",5.25621310285029,0.839059414236077,3.61165665094758,6.900769554753
"SPEI_36","Pacific Coast",-1.54293156923996,"Upland","7","US-A03","SPEI_36__Pacific Coast",5.22680229028633,0.837299042793099,3.58569616641185,6.8679084141608
"SPEI_48","Pacific Coast",-1.54293156923996,"Upland","7","US-A03","SPEI_48__Pacific Coast",5.2266439726335,0.837325615305844,3.58548576663404,6.86780217863295
"SPEI_1","Gulf Coast",-1.54293156923996,"Upland","7","US-A03","SPEI_1__Gulf Coast",8.80404160938085,1.30555702967265,6.24514983122245,11.3629333875392
"SPEI_3","Gulf Coast",-1.54293156923996,"Upland","7","US-A03","SPEI_3__Gulf Coast",11.1737761606895,1.36073156754026,8.50674228831064,13.8408100330685
"SPEI_6","Gulf Coast",-1.54293156923996,"Upland","7","US-A03","SPEI_6__Gulf Coast",10.0643988768607,1.38245339286066,7.3547902268538,12.7740075268676
"SPEI_12","Gulf Coast",-1.54293156923996,"Upland","7","US-A03","SPEI_12__Gulf Coast",10.5229404090279,1.38847616281344,7.80152712991361,13.2443536881423
"SPEI_24","Gulf Coast",-1.54293156923996,"Upland","7","US-A03","SPEI_24__Gulf Coast",9.58476976930898,1.35132497004105,6.93617282802853,12.2333667105894
"SPEI_36","Gulf Coast",-1.54293156923996,"Upland","7","US-A03","SPEI_36__Gulf Coast",8.76062607797903,1.31051939597767,6.1920080618628,11.3292440940952
"SPEI_48","Gulf Coast",-1.54293156923996,"Upland","7","US-A03","SPEI_48__Gulf Coast",7.86559018426442,1.26550546142463,5.38519947987215,10.3459808886567
"SPEI_1","AK Coast",-1.54293156923996,"Upland","7","US-A03","SPEI_1__AK Coast",6.87034432202825,0.971925090154209,4.965371145326,8.7753174987305
"SPEI_3","AK Coast",-1.54293156923996,"Upland","7","US-A03","SPEI_3__AK Coast",6.47133241731229,1.02157657478106,4.46904233074141,8.47362250388318
"SPEI_6","AK Coast",-1.54293156923996,"Upland","7","US-A03","SPEI_6__AK Coast",6.40720937168704,1.01611577036628,4.41562246176913,8.39879628160495
"SPEI_12","AK Coast",-1.54293156923996,"Upland","7","US-A03","SPEI_12__AK Coast",6.26233121347983,1.02586887179365,4.25162822476428,8.27303420219538
"SPEI_24","AK Coast",-1.54293156923996,"Upland","7","US-A03","SPEI_24__AK Coast",6.07521950576033,1.09134433410117,3.93618461092204,8.21425440059863
"SPEI_36","AK Coast",-1.54293156923996,"Upland","7","US-A03","SPEI_36__AK Coast",6.14118111030374,1.03520553431268,4.11217826305089,8.17018395755658
"SPEI_48","AK Coast",-1.54293156923996,"Upland","7","US-A03","SPEI_48__AK Coast",6.35836786791212,1.01869084745226,4.3617338069057,8.35500192891855
"SPEI_1","Atlantic Coast",-1.50869215731625,"Upland","7","US-A03","SPEI_1__Atlantic Coast",4.41340626151624,0.657124631757713,3.12544198327112,5.70137053976135
"SPEI_3","Atlantic Coast",-1.50869215731625,"Upland","7","US-A03","SPEI_3__Atlantic Coast",4.5398103299664,0.662952538434028,3.24042335463571,5.8391973052971
"SPEI_6","Atlantic Coast",-1.50869215731625,"Upland","7","US-A03","SPEI_6__Atlantic Coast",4.50582043280639,0.66113852324857,3.20998892723919,5.80165193837358
"SPEI_12","Atlantic Coast",-1.50869215731625,"Upland","7","US-A03","SPEI_12__Atlantic Coast",4.44364191283937,0.660113046664285,3.14982034137737,5.73746348430137
"SPEI_24","Atlantic Coast",-1.50869215731625,"Upland","7","US-A03","SPEI_24__Atlantic Coast",4.52350277042527,0.661355659784205,3.22724567724823,5.81975986360232
"SPEI_36","Atlantic Coast",-1.50869215731625,"Upland","7","US-A03","SPEI_36__Atlantic Coast",4.58006416323945,0.662275042936262,3.28200507908438,5.87812324739453
"SPEI_48","Atlantic Coast",-1.50869215731625,"Upland","7","US-A03","SPEI_48__Atlantic Coast",4.58116318209918,0.663177704444999,3.28133488138698,5.88099148281138
"SPEI_1","Pacific Coast",-1.50869215731625,"Upland","7","US-A03","SPEI_1__Pacific Coast",5.58607893070608,0.849188929079796,3.92166862970968,7.25048923170248
"SPEI_3","Pacific Coast",-1.50869215731625,"Upland","7","US-A03","SPEI_3__Pacific Coast",5.35327387880423,0.842698690137934,3.70158444613388,7.00496331147458
"SPEI_6","Pacific Coast",-1.50869215731625,"Upland","7","US-A03","SPEI_6__Pacific Coast",5.40616141815882,0.844309350027843,3.75131509210425,7.06100774421339
"SPEI_12","Pacific Coast",-1.50869215731625,"Upland","7","US-A03","SPEI_12__Pacific Coast",5.2272436161917,0.837306365996007,3.58612313883952,6.86836409354387
"SPEI_24","Pacific Coast",-1.50869215731625,"Upland","7","US-A03","SPEI_24__Pacific Coast",5.25600757856728,0.83900961251631,3.61154873803531,6.90046641909925
"SPEI_36","Pacific Coast",-1.50869215731625,"Upland","7","US-A03","SPEI_36__Pacific Coast",5.22680118446754,0.837297306955357,3.58569846283504,6.86790390610004
"SPEI_48","Pacific Coast",-1.50869215731625,"Upland","7","US-A03","SPEI_48__Pacific Coast",5.22664340768494,0.837322772068913,3.58549077442987,6.86779604094001
"SPEI_1","Gulf Coast",-1.50869215731625,"Upland","7","US-A03","SPEI_1__Gulf Coast",8.78376158002678,1.30385420825974,6.22820733183768,11.3393158282159
"SPEI_3","Gulf Coast",-1.50869215731625,"Upland","7","US-A03","SPEI_3__Gulf Coast",11.3460848204107,1.35973453056852,8.68100514049641,14.011164500325
"SPEI_6","Gulf Coast",-1.50869215731625,"Upland","7","US-A03","SPEI_6__Gulf Coast",10.0335751393948,1.37571086652844,7.33718184099909,12.7299684377906
"SPEI_12","Gulf Coast",-1.50869215731625,"Upland","7","US-A03","SPEI_12__Gulf Coast",10.4894898302365,1.38033565724107,7.78403194204403,13.194947718429
"SPEI_24","Gulf Coast",-1.50869215731625,"Upland","7","US-A03","SPEI_24__Gulf Coast",9.53531008537489,1.34545150453736,6.89822513648167,12.1723950342681
"SPEI_36","Gulf Coast",-1.50869215731625,"Upland","7","US-A03","SPEI_36__Gulf Coast",8.741913466207,1.30866502605025,6.17693001514851,11.3068969172655
"SPEI_48","Gulf Coast",-1.50869215731625,"Upland","7","US-A03","SPEI_48__Gulf Coast",7.86561913087246,1.26548347871825,5.38527151258469,10.3459667491602
"SPEI_1","AK Coast",-1.50869215731625,"Upland","7","US-A03","SPEI_1__AK Coast",6.87039753998139,0.97190906865616,4.96545576541532,8.77533931454746
"SPEI_3","AK Coast",-1.50869215731625,"Upland","7","US-A03","SPEI_3__AK Coast",6.4675450078531,1.0193888415267,4.46954287846078,8.46554713724543
"SPEI_6","AK Coast",-1.50869215731625,"Upland","7","US-A03","SPEI_6__AK Coast",6.40770262479469,1.01402677160398,4.42021015245089,8.39519509713849
"SPEI_12","AK Coast",-1.50869215731625,"Upland","7","US-A03","SPEI_12__AK Coast",6.27255239664513,1.02410420792941,4.26530814910348,8.27979664418678
"SPEI_24","AK Coast",-1.50869215731625,"Upland","7","US-A03","SPEI_24__AK Coast",6.08609894809545,1.08713363134024,3.95531703066857,8.21688086552232
"SPEI_36","AK Coast",-1.50869215731625,"Upland","7","US-A03","SPEI_36__AK Coast",6.15256515033563,1.0332690945423,4.12735772503273,8.17777257563853
"SPEI_48","AK Coast",-1.50869215731625,"Upland","7","US-A03","SPEI_48__AK Coast",6.36646545360465,1.0172537529265,4.3726480978687,8.3602828093406
"SPEI_1","Atlantic Coast",-1.47445274539254,"Upland","7","US-A03","SPEI_1__Atlantic Coast",4.41339318879343,0.657121659615211,3.12543473594762,5.70135164163924
"SPEI_3","Atlantic Coast",-1.47445274539254,"Upland","7","US-A03","SPEI_3__Atlantic Coast",4.53857030584003,0.662693959509737,3.23969014520095,5.83745046647912
"SPEI_6","Atlantic Coast",-1.47445274539254,"Upland","7","US-A03","SPEI_6__Atlantic Coast",4.50365541750928,0.660947874602125,3.20819758328911,5.79911325172944
"SPEI_12","Atlantic Coast",-1.47445274539254,"Upland","7","US-A03","SPEI_12__Atlantic Coast",4.44374176003438,0.65998606646675,3.15016906975955,5.73731445030921
"SPEI_24","Atlantic Coast",-1.47445274539254,"Upland","7","US-A03","SPEI_24__Atlantic Coast",4.52092894348254,0.66115364068528,3.2250678077394,5.81679007922569
"SPEI_36","Atlantic Coast",-1.47445274539254,"Upland","7","US-A03","SPEI_36__Atlantic Coast",4.57627421983434,0.662033980383535,3.27868761828261,5.87386082138606
"SPEI_48","Atlantic Coast",-1.47445274539254,"Upland","7","US-A03","SPEI_48__Atlantic Coast",4.57976744229828,0.662882438943745,3.28051786196855,5.87901702262802
"SPEI_1","Pacific Coast",-1.47445274539254,"Upland","7","US-A03","SPEI_1__Pacific Coast",5.5752622692067,0.848596223652814,3.91201367084719,7.23851086756622
"SPEI_3","Pacific Coast",-1.47445274539254,"Upland","7","US-A03","SPEI_3__Pacific Coast",5.35041223642512,0.842488333355404,3.69913510304853,7.00168936980172
"SPEI_6","Pacific Coast",-1.47445274539254,"Upland","7","US-A03","SPEI_6__Pacific Coast",5.40046050196463,0.84398745039994,3.74624509918074,7.05467590474851
"SPEI_12","Pacific Coast",-1.47445274539254,"Upland","7","US-A03","SPEI_12__Pacific Coast",5.22723138711021,0.837304224391066,3.58611510730373,6.8683476669167
"SPEI_24","Pacific Coast",-1.47445274539254,"Upland","7","US-A03","SPEI_24__Pacific Coast",5.25578227627723,0.838960018078184,3.61142064084399,6.90014391171047
"SPEI_36","Pacific Coast",-1.47445274539254,"Upland","7","US-A03","SPEI_36__Pacific Coast",5.22679995938873,0.837295586299423,3.58570061024186,6.8678993085356
"SPEI_48","Pacific Coast",-1.47445274539254,"Upland","7","US-A03","SPEI_48__Pacific Coast",5.22664280317293,0.837319966276081,3.58549566927181,6.86778993707405
"SPEI_1","Gulf Coast",-1.47445274539254,"Upland","7","US-A03","SPEI_1__Gulf Coast",8.76348082743148,1.30218692182513,6.21119446065422,11.3157671942087
"SPEI_3","Gulf Coast",-1.47445274539254,"Upland","7","US-A03","SPEI_3__Gulf Coast",11.50261237214,1.35956599848056,8.83786301511813,14.1673617291619
"SPEI_6","Gulf Coast",-1.47445274539254,"Upland","7","US-A03","SPEI_6__Gulf Coast",10.0014643292049,1.3692487319683,7.31773681454705,12.6851918438628
"SPEI_12","Gulf Coast",-1.47445274539254,"Upland","7","US-A03","SPEI_12__Gulf Coast",10.4549143300952,1.37272681333293,7.76436977596271,13.1454588842278
"SPEI_24","Gulf Coast",-1.47445274539254,"Upland","7","US-A03","SPEI_24__Gulf Coast",9.4850263014891,1.33991924346231,6.85878458430297,12.1112680186752
"SPEI_36","Gulf Coast",-1.47445274539254,"Upland","7","US-A03","SPEI_36__Gulf Coast",8.72319482678408,1.30684896195114,6.16177086135985,11.2846187922083
"SPEI_48","Gulf Coast",-1.47445274539254,"Upland","7","US-A03","SPEI_48__Gulf Coast",7.86564829699149,1.26546180480753,5.38534315956873,10.3459534344142
"SPEI_1","AK Coast",-1.47445274539254,"Upland","7","US-A03","SPEI_1__AK Coast",6.87045174360266,0.971893082192782,4.96554130250481,8.77536218470051
"SPEI_3","AK Coast",-1.47445274539254,"Upland","7","US-A03","SPEI_3__AK Coast",6.46387473559779,1.01725027730652,4.47006419207702,8.45768527911857
"SPEI_6","AK Coast",-1.47445274539254,"Upland","7","US-A03","SPEI_6__AK Coast",6.40845311560895,1.01200766387734,4.42491809440935,8.39198813680854
"SPEI_12","AK Coast",-1.47445274539254,"Upland","7","US-A03","SPEI_12__AK Coast",6.2827760179388,1.02236701905561,4.27893666058981,8.2866153752878
"SPEI_24","AK Coast",-1.47445274539254,"Upland","7","US-A03","SPEI_24__AK Coast",6.09723175503912,1.08294259782654,3.9746642632991,8.21979924677914
"SPEI_36","AK Coast",-1.47445274539254,"Upland","7","US-A03","SPEI_36__AK Coast",6.16395374875474,1.03136129704259,4.14248560655126,8.18542189095822
"SPEI_48","AK Coast",-1.47445274539254,"Upland","7","US-A03","SPEI_48__AK Coast",6.374564360754,1.01583760098881,4.38352266281593,8.36560605869207
"SPEI_1","Atlantic Coast",-1.44021333346883,"Upland","7","US-A03","SPEI_1__Atlantic Coast",4.41337983075867,0.657118732432285,3.12542711519139,5.70133254632595
"SPEI_3","Atlantic Coast",-1.44021333346883,"Upland","7","US-A03","SPEI_3__Atlantic Coast",4.53721847884096,0.662441247606716,3.2388336335318,5.83560332415013
"SPEI_6","Atlantic Coast",-1.44021333346883,"Upland","7","US-A03","SPEI_6__Atlantic Coast",4.50148979514079,0.660761760928297,3.20639674372133,5.79658284656025
"SPEI_12","Atlantic Coast",-1.44021333346883,"Upland","7","US-A03","SPEI_12__Atlantic Coast",4.4438058838822,0.65986121563505,3.15047790123751,5.7371338665269
"SPEI_24","Atlantic Coast",-1.44021333346883,"Upland","7","US-A03","SPEI_24__Atlantic Coast",4.51835473181482,0.660956452303007,3.22288008530093,5.81382937832871
"SPEI_36","Atlantic Coast",-1.44021333346883,"Upland","7","US-A03","SPEI_36__Atlantic Coast",4.57248308399465,0.661798657419976,3.2753577154515,5.8696084525378
"SPEI_48","Atlantic Coast",-1.44021333346883,"Upland","7","US-A03","SPEI_48__Atlantic Coast",4.57832018521182,0.662601609450132,3.27962103068956,5.87701933973408
"SPEI_1","Pacific Coast",-1.44021333346883,"Upland","7","US-A03","SPEI_1__Pacific Coast",5.56435169163254,0.84802457576972,3.90222352312389,7.22647986014119
"SPEI_3","Pacific Coast",-1.44021333346883,"Upland","7","US-A03","SPEI_3__Pacific Coast",5.3474875336502,0.84228239230972,3.69661404472315,6.99836102257725
"SPEI_6","Pacific Coast",-1.44021333346883,"Upland","7","US-A03","SPEI_6__Pacific Coast",5.39473041557638,0.843678165517746,3.7411212111616,7.04833961999116
"SPEI_12","Pacific Coast",-1.44021333346883,"Upland","7","US-A03","SPEI_12__Pacific Coast",5.22721898082885,0.837302109928,3.58610684536997,6.86833111628773
"SPEI_24","Pacific Coast",-1.44021333346883,"Upland","7","US-A03","SPEI_24__Pacific Coast",5.25553688444191,0.838910637808029,3.61127203433817,6.89980173454564
"SPEI_36","Pacific Coast",-1.44021333346883,"Upland","7","US-A03","SPEI_36__Pacific Coast",5.2267986126933,0.837293881194129,3.5857026055528,6.86789461983379
"SPEI_48","Pacific Coast",-1.44021333346883,"Upland","7","US-A03","SPEI_48__Pacific Coast",5.22664215810773,0.83731719833215,3.58550044937671,6.86778386683874
"SPEI_1","Gulf Coast",-1.44021333346883,"Upland","7","US-A03","SPEI_1__Gulf Coast",8.74319930759457,1.30055525084347,6.19411101594137,11.2922875992478
"SPEI_3","Gulf Coast",-1.44021333346883,"Upland","7","US-A03","SPEI_3__Gulf Coast",11.6430409144817,1.3598891977751,8.97765808684251,14.3084237421209
"SPEI_6","Gulf Coast",-1.44021333346883,"Upland","7","US-A03","SPEI_6__Gulf Coast",9.96803103431301,1.36305988536624,7.29643365899518,12.6396284096308
"SPEI_12","Gulf Coast",-1.44021333346883,"Upland","7","US-A03","SPEI_12__Gulf Coast",10.4191344643146,1.36562215308253,7.74251504427284,13.0957538843563
"SPEI_24","Gulf Coast",-1.44021333346883,"Upland","7","US-A03","SPEI_24__Gulf Coast",9.433975112939,1.33471470814969,6.8179342849656,12.0500159409124
"SPEI_36","Gulf Coast",-1.44021333346883,"Upland","7","US-A03","SPEI_36__Gulf Coast",8.70447022807183,1.305071234066,6.14653060930247,11.2624098468412
"SPEI_48","Gulf Coast",-1.44021333346883,"Upland","7","US-A03","SPEI_48__Gulf Coast",7.86567766650116,1.26544044392773,5.38541439640281,10.3459409365995
"SPEI_1","AK Coast",-1.44021333346883,"Upland","7","US-A03","SPEI_1__AK Coast",6.87050692586902,0.971877135475947,4.96562774033617,8.77538611140188
"SPEI_3","AK Coast",-1.44021333346883,"Upland","7","US-A03","SPEI_3__AK Coast",6.46033781772713,1.0151612523464,4.47062176312818,8.45005387232609
"SPEI_6","AK Coast",-1.44021333346883,"Upland","7","US-A03","SPEI_6__AK Coast",6.40946892690537,1.0100572186781,4.42975677829629,8.38918107551444
"SPEI_12","AK Coast",-1.44021333346883,"Upland","7","US-A03","SPEI_12__AK Coast",6.29300211989458,1.02065740660533,4.29251360294814,8.29349063684103
"SPEI_24","AK Coast",-1.44021333346883,"Upland","7","US-A03","SPEI_24__AK Coast",6.10862261869713,1.07877583647367,3.99422197920874,8.22302325818552
"SPEI_36","AK Coast",-1.44021333346883,"Upland","7","US-A03","SPEI_36__AK Coast",6.17534693257128,1.02948221738013,4.15756178650622,8.19313207863635
"SPEI_48","AK Coast",-1.44021333346883,"Upland","7","US-A03","SPEI_48__AK Coast",6.38266459210849,1.01444246328047,4.39435736407877,8.3709718201382
"SPEI_1","Atlantic Coast",-1.40597392154512,"Upland","7","US-A03","SPEI_1__Atlantic Coast",4.41336618482517,0.657115850999803,3.12541911686556,5.70131325278479
"SPEI_3","Atlantic Coast",-1.40597392154512,"Upland","7","US-A03","SPEI_3__Atlantic Coast",4.5357543069278,0.66219444750984,3.23785318980851,5.83365542404708
"SPEI_6","Atlantic Coast",-1.40597392154512,"Upland","7","US-A03","SPEI_6__Atlantic Coast",4.49932355993366,0.66058018384682,3.20458639959389,5.79406072027343
"SPEI_12","Atlantic Coast",-1.40597392154512,"Upland","7","US-A03","SPEI_12__Atlantic Coast",4.44383385875495,0.659738527913358,3.15074634404477,5.73692137346514
"SPEI_24","Atlantic Coast",-1.40597392154512,"Upland","7","US-A03","SPEI_24__Atlantic Coast",4.51578013181363,0.660764096853106,3.22068250198154,5.81087776164571
"SPEI_36","Atlantic Coast",-1.40597392154512,"Upland","7","US-A03","SPEI_36__Atlantic Coast",4.56869073870982,0.661569070880101,3.27201535978482,5.86536611763482
"SPEI_48","Atlantic Coast",-1.40597392154512,"Upland","7","US-A03","SPEI_48__Atlantic Coast",4.57681998641792,0.662334590695872,3.27864418865401,5.87499578418183
"SPEI_1","Pacific Coast",-1.40597392154512,"Upland","7","US-A03","SPEI_1__Pacific Coast",5.55334742775678,0.847473925076221,3.89229853460739,7.21439632090617
"SPEI_3","Pacific Coast",-1.40597392154512,"Upland","7","US-A03","SPEI_3__Pacific Coast",5.34450004224654,0.84208088669497,3.6940215043244,6.99497858016868
"SPEI_6","Pacific Coast",-1.40597392154512,"Upland","7","US-A03","SPEI_6__Pacific Coast",5.38897390550951,0.843381173731616,3.73594680499554,7.04200100602347
"SPEI_12","Pacific Coast",-1.40597392154512,"Upland","7","US-A03","SPEI_12__Pacific Coast",5.2272063966831,0.837300023063638,3.58609835147837,6.86831444188783
"SPEI_24","Pacific Coast",-1.40597392154512,"Upland","7","US-A03","SPEI_24__Pacific Coast",5.25527113105079,0.838861486379504,3.61110261774696,6.89943964435461
"SPEI_36","Pacific Coast",-1.40597392154512,"Upland","7","US-A03","SPEI_36__Pacific Coast",5.22679714222846,0.837292192153875,3.58570444560686,6.86788983885005
"SPEI_48","Pacific Coast",-1.40597392154512,"Upland","7","US-A03","SPEI_48__Pacific Coast",5.22664147155999,0.837314468785334,3.58550511274073,6.86777783037924
"SPEI_1","Gulf Coast",-1.40597392154512,"Upland","7","US-A03","SPEI_1__Gulf Coast",8.72291697661734,1.29895927553036,6.17695679657783,11.2688771566569
"SPEI_3","Gulf Coast",-1.40597392154512,"Upland","7","US-A03","SPEI_3__Gulf Coast",11.767080470923,1.36041714210286,9.1006628724014,14.4334980694446
"SPEI_6","Gulf Coast",-1.40597392154512,"Upland","7","US-A03","SPEI_6__Gulf Coast",9.9332417794192,1.35713836070315,7.27325059244103,12.5932329663974
"SPEI_12","Gulf Coast",-1.40597392154512,"Upland","7","US-A03","SPEI_12__Gulf Coast",10.382070112528,1.35899541423605,7.71843910062538,13.0457011244307
"SPEI_24","Gulf Coast",-1.40597392154512,"Upland","7","US-A03","SPEI_24__Gulf Coast",9.38221850997375,1.32982545040937,6.77576062717138,11.9886763927761
"SPEI_36","Gulf Coast",-1.40597392154512,"Upland","7","US-A03","SPEI_36__Gulf Coast",8.68573975906581,1.30333187426386,6.13120928550865,11.240270232623
"SPEI_48","Gulf Coast",-1.40597392154512,"Upland","7","US-A03","SPEI_48__Gulf Coast",7.86570722179578,1.2654194015758,5.38548519470722,10.3459292488843
"SPEI_1","AK Coast",-1.40597392154512,"Upland","7","US-A03","SPEI_1__AK Coast",6.87056307650987,0.971861235007624,4.96571505589493,8.77541109712481
"SPEI_3","AK Coast",-1.40597392154512,"Upland","7","US-A03","SPEI_3__AK Coast",6.4569510205138,1.01312242361636,4.47123107022574,8.44267097080186
"SPEI_6","AK Coast",-1.40597392154512,"Upland","7","US-A03","SPEI_6__AK Coast",6.41075786423151,1.00817433023202,4.43473617697676,8.38677955148626
"SPEI_12","AK Coast",-1.40597392154512,"Upland","7","US-A03","SPEI_12__AK Coast",6.30323074037233,1.01897547278967,4.30603881370457,8.30042266704009
"SPEI_24","AK Coast",-1.40597392154512,"Upland","7","US-A03","SPEI_24__AK Coast",6.12027571838091,1.07463831695634,4.01398461714649,8.22656681961533
"SPEI_36","AK Coast",-1.40597392154512,"Upland","7","US-A03","SPEI_36__AK Coast",6.18674471683983,1.02763193430609,4.1725861255999,8.20090330807976
"SPEI_48","AK Coast",-1.40597392154512,"Upland","7","US-A03","SPEI_48__AK Coast",6.39076614681491,1.0130684116813,4.40515205991955,8.37638023371027
"SPEI_1","Atlantic Coast",-1.37173450962141,"Upland","7","US-A03","SPEI_1__Atlantic Coast",4.41335224930651,0.657113016328476,3.1254107373027,5.70129376131032
"SPEI_3","Atlantic Coast",-1.37173450962141,"Upland","7","US-A03","SPEI_3__Atlantic Coast",4.53417763260408,0.661953637973982,3.23674850217507,5.83160676303308
"SPEI_6","Atlantic Coast",-1.37173450962141,"Upland","7","US-A03","SPEI_6__Atlantic Coast",4.49715670799732,0.660403145220031,3.20276654336606,5.79154687262858
"SPEI_12","Atlantic Coast",-1.37173450962141,"Upland","7","US-A03","SPEI_12__Atlantic Coast",4.44382536015153,0.659618053528312,3.15097397523604,5.73667674506702
"SPEI_24","Atlantic Coast",-1.37173450962141,"Upland","7","US-A03","SPEI_24__Atlantic Coast",4.51320514103908,0.660576576694906,3.21847505071707,5.8079352313611
"SPEI_36","Atlantic Coast",-1.37173450962141,"Upland","7","US-A03","SPEI_36__Atlantic Coast",4.56489717022867,0.661345218071415,3.2686605428087,5.86113379764865
"SPEI_48","Atlantic Coast",-1.37173450962141,"Upland","7","US-A03","SPEI_48__Atlantic Coast",4.57526549342059,0.662080814593158,3.277587096818,5.87294389002318
"SPEI_1","Pacific Coast",-1.37173450962141,"Upland","7","US-A03","SPEI_1__Pacific Coast",5.54225015839957,0.84694430958791,3.88223931160727,7.20226100519187
"SPEI_3","Pacific Coast",-1.37173450962141,"Upland","7","US-A03","SPEI_3__Pacific Coast",5.34145030660935,0.841883868616591,3.69135792412084,6.99154268909787
"SPEI_6","Pacific Coast",-1.37173450962141,"Upland","7","US-A03","SPEI_6__Pacific Coast",5.38319403840366,0.843096189572382,3.7307255068418,7.03566256996553
"SPEI_12","Pacific Coast",-1.37173450962141,"Upland","7","US-A03","SPEI_12__Pacific Coast",5.22719363464641,0.837297964426553,3.58608962437037,6.86829764492245
"SPEI_24","Pacific Coast",-1.37173450962141,"Upland","7","US-A03","SPEI_24__Pacific Coast",5.25498480144978,0.838812588014918,3.61091212894054,6.89905747395902
"SPEI_36","Pacific Coast",-1.37173450962141,"Upland","7","US-A03","SPEI_36__Pacific Coast",5.22679554613624,0.837290519871118,3.58570612718884,6.86788496508363
"SPEI_48","Pacific Coast",-1.37173450962141,"Upland","7","US-A03","SPEI_48__Pacific Coast",5.22664074268979,0.837311778359483,3.58550965710521,6.86777182827438
"SPEI_1","Gulf Coast",-1.37173450962141,"Upland","7","US-A03","SPEI_1__Gulf Coast",8.70263379100852,1.29739907622479,6.15973160160794,11.2455359804091
"SPEI_3","Gulf Coast",-1.37173450962141,"Upland","7","US-A03","SPEI_3__Gulf Coast",11.8744825538079,1.36091431047369,9.20709050527942,14.5418746023363
"SPEI_6","Gulf Coast",-1.37173450962141,"Upland","7","US-A03","SPEI_6__Gulf Coast",9.89706606876389,1.35147951033364,7.24816622850995,12.5459659090178
"SPEI_12","Gulf Coast",-1.37173450962141,"Upland","7","US-A03","SPEI_12__Gulf Coast",10.3436406183289,1.35282190911746,7.69210967645863,12.9951715601991
"SPEI_24","Gulf Coast",-1.37173450962141,"Upland","7","US-A03","SPEI_24__Gulf Coast",9.3298257891697,1.32524020419,6.7323549889573,11.9272965893821
"SPEI_36","Gulf Coast",-1.37173450962141,"Upland","7","US-A03","SPEI_36__Gulf Coast",8.66700353786074,1.30163091680435,6.11580694092422,11.2182001347973
"SPEI_48","Gulf Coast",-1.37173450962141,"Upland","7","US-A03","SPEI_48__Gulf Coast",7.86573694320296,1.26539868477698,5.38555552104007,10.3459183653658
"SPEI_1","AK Coast",-1.37173450962141,"Upland","7","US-A03","SPEI_1__AK Coast",6.87062018067242,0.971845389496064,4.96580321726014,8.7754371440847
"SPEI_3","AK Coast",-1.37173450962141,"Upland","7","US-A03","SPEI_3__AK Coast",6.4537318363708,1.01113477517086,4.47190767703591,8.43555599570568
"SPEI_6","AK Coast",-1.37173450962141,"Upland","7","US-A03","SPEI_6__AK Coast",6.41232731329403,1.00635804465829,4.43986554576378,8.38478908082428
"SPEI_12","AK Coast",-1.37173450962141,"Upland","7","US-A03","SPEI_12__AK Coast",6.31346191046245,1.01732132126668,4.31951212077976,8.30741170014513
"SPEI_24","AK Coast",-1.37173450962141,"Upland","7","US-A03","SPEI_24__AK Coast",6.13219447651768,1.07053546524017,4.03394496464695,8.2304439883884
"SPEI_36","AK Coast",-1.37173450962141,"Upland","7","US-A03","SPEI_36__AK Coast",6.19814709937069,1.02581053131868,4.18755845798608,8.2087357407553
"SPEI_48","AK Coast",-1.37173450962141,"Upland","7","US-A03","SPEI_48__AK Coast",6.39886901884512,1.0117155186184,4.41590660235304,8.38183143533719
"SPEI_1","Atlantic Coast",-1.3374950976977,"Upland","7","US-A03","SPEI_1__Atlantic Coast",4.41333802382976,0.657110229702241,3.12540197361337,5.70127407404615
"SPEI_3","Atlantic Coast",-1.3374950976977,"Upland","7","US-A03","SPEI_3__Atlantic Coast",4.53248885681288,0.661718939871346,3.23551973466505,5.82945797896072
"SPEI_6","Atlantic Coast",-1.3374950976977,"Upland","7","US-A03","SPEI_6__Atlantic Coast",4.49498923818055,0.660230647225992,3.20093716961761,5.7890413067435
"SPEI_12","Atlantic Coast",-1.3374950976977,"Upland","7","US-A03","SPEI_12__Atlantic Coast",4.4437802105669,0.659499863285264,3.15116047852779,5.73639994260602
"SPEI_24","Atlantic Coast",-1.3374950976977,"Upland","7","US-A03","SPEI_24__Atlantic Coast",4.51062975873988,0.660393894383476,3.21625772574827,5.8050017917315
"SPEI_36","Atlantic Coast",-1.3374950976977,"Upland","7","US-A03","SPEI_36__Atlantic Coast",4.5611023695721,0.661127096901868,3.26529325964444,5.85691147949977
"SPEI_48","Atlantic Coast",-1.3374950976977,"Upland","7","US-A03","SPEI_48__Atlantic Coast",4.57365545616606,0.661839778032567,3.27644949122223,5.8708614211099
"SPEI_1","Pacific Coast",-1.3374950976977,"Upland","7","US-A03","SPEI_1__Pacific Coast",5.53106123784417,0.846435880163147,3.8720469127244,7.19007556296394
"SPEI_3","Pacific Coast",-1.3374950976977,"Upland","7","US-A03","SPEI_3__Pacific Coast",5.33833926740337,0.841691430496215,3.68862406363078,6.98805447117595
"SPEI_6","Pacific Coast",-1.3374950976977,"Upland","7","US-A03","SPEI_6__Pacific Coast",5.37739433487589,0.842822971134594,3.72546131145209,7.0293273582997
"SPEI_12","Pacific Coast",-1.3374950976977,"Upland","7","US-A03","SPEI_12__Pacific Coast",5.2271806956193,0.837295934861321,3.58608066329111,6.86828072794749
"SPEI_24","Pacific Coast",-1.3374950976977,"Upland","7","US-A03","SPEI_24__Pacific Coast",5.25467776526965,0.838763978960698,3.61070036650669,6.89865516403262
"SPEI_36","Pacific Coast",-1.3374950976977,"Upland","7","US-A03","SPEI_36__Pacific Coast",5.22679382299014,0.837288865262246,3.58570764707614,6.86787999890414
"SPEI_48","Pacific Coast",-1.3374950976977,"Upland","7","US-A03","SPEI_48__Pacific Coast",5.22663997079078,0.837309127999624,3.58551407991152,6.86776586167005
"SPEI_1","Gulf Coast",-1.3374950976977,"Upland","7","US-A03","SPEI_1__Gulf Coast",8.68234970822691,1.29587473387634,6.14243522982928,11.2222641866245
"SPEI_3","Gulf Coast",-1.3374950976977,"Upland","7","US-A03","SPEI_3__Gulf Coast",11.9650610299293,1.36119798066202,9.29711298783178,14.6330090720269
"SPEI_6","Gulf Coast",-1.3374950976977,"Upland","7","US-A03","SPEI_6__Gulf Coast",9.85947802159901,1.34608023178773,7.22116076729507,12.497795275903
"SPEI_12","Gulf Coast",-1.3374950976977,"Upland","7","US-A03","SPEI_12__Gulf Coast",10.3037651379824,1.3470789301546,7.66349043487938,12.9440398410854
"SPEI_24","Gulf Coast",-1.3374950976977,"Upland","7","US-A03","SPEI_24__Gulf Coast",9.27687648904828,1.32094906294535,6.6878163256754,11.8659366524212
"SPEI_36","Gulf Coast",-1.3374950976977,"Upland","7","US-A03","SPEI_36__Gulf Coast",8.64826172421511,1.29996839946516,6.10032366126339,11.1961997871668
"SPEI_48","Gulf Coast",-1.3374950976977,"Upland","7","US-A03","SPEI_48__Gulf Coast",7.8657668081266,1.26537830245891,5.38562533530715,10.3459082809461
"SPEI_1","AK Coast",-1.3374950976977,"Upland","7","US-A03","SPEI_1__AK Coast",6.87067821694452,0.971829610446157,4.96589218047006,8.77546425341899
"SPEI_3","AK Coast",-1.3374950976977,"Upland","7","US-A03","SPEI_3__AK Coast",6.45069873294899,1.00919967404567,4.47266737181948,8.4287300940785
"SPEI_6","AK Coast",-1.3374950976977,"Upland","7","US-A03","SPEI_6__AK Coast",6.414184020165,1.00460759858443,4.44515312693952,8.38321491339047
"SPEI_12","AK Coast",-1.3374950976977,"Upland","7","US-A03","SPEI_12__AK Coast",6.32369565133121,1.01569505806111,4.33293333753143,8.31445796513099
"SPEI_24","AK Coast",-1.3374950976977,"Upland","7","US-A03","SPEI_24__AK Coast",6.14438118549028,1.06647329385075,4.05409352954281,8.23466884143776
"SPEI_36","AK Coast",-1.3374950976977,"Upland","7","US-A03","SPEI_36__AK Coast",6.20955405275169,1.02401809881067,4.20247857908278,8.2166295264206
"SPEI_48","AK Coast",-1.3374950976977,"Upland","7","US-A03","SPEI_48__AK Coast",6.40697319462437,1.01038385749601,4.42662083393219,8.38732555531654
"SPEI_1","Atlantic Coast",-1.30325568577399,"Upland","7","US-A03","SPEI_1__Atlantic Coast",4.41332350947515,0.657107492671667,3.12539282383868,5.70125419511162
"SPEI_3","Atlantic Coast",-1.30325568577399,"Upland","7","US-A03","SPEI_3__Atlantic Coast",4.53068899579393,0.661490512571913,3.23416759115298,5.82721040043488
"SPEI_6","Atlantic Coast",-1.30325568577399,"Upland","7","US-A03","SPEI_6__Atlantic Coast",4.4928211523642,0.660062692349257,3.19909827535965,5.78654402936874
"SPEI_12","Atlantic Coast",-1.30325568577399,"Upland","7","US-A03","SPEI_12__Atlantic Coast",4.44369839450664,0.659384047586751,3.15130566123661,5.73609112777667
"SPEI_24","Atlantic Coast",-1.30325568577399,"Upland","7","US-A03","SPEI_24__Atlantic Coast",4.50805398601519,0.66021605266398,3.21403052279379,5.80207744923659
"SPEI_36","Atlantic Coast",-1.30325568577399,"Upland","7","US-A03","SPEI_36__Atlantic Coast",4.5573063330554,0.660914705866587,3.26191350955689,5.85269915655391
"SPEI_48","Atlantic Coast",-1.30325568577399,"Upland","7","US-A03","SPEI_48__Atlantic Coast",4.57198873483379,0.661611039787036,3.2752310968512,5.86874637281638
"SPEI_1","Pacific Coast",-1.30325568577399,"Upland","7","US-A03","SPEI_1__Pacific Coast",5.51978278214173,0.845948879594489,3.86172297813654,7.17784258614693
"SPEI_3","Pacific Coast",-1.30325568577399,"Upland","7","US-A03","SPEI_3__Pacific Coast",5.33516830247159,0.841503702186938,3.68582104618519,6.98451555875798
"SPEI_6","Pacific Coast",-1.30325568577399,"Upland","7","US-A03","SPEI_6__Pacific Coast",5.37157880529599,0.842561317305479,3.72015862337725,7.02299898721472
"SPEI_12","Pacific Coast",-1.30325568577399,"Upland","7","US-A03","SPEI_12__Pacific Coast",5.2271675815245,0.837293935425639,3.58607146809025,6.86826369495875
"SPEI_24","Pacific Coast",-1.30325568577399,"Upland","7","US-A03","SPEI_24__Pacific Coast",5.25434998598543,0.8387157072298,3.61046719981502,6.89823277215584
"SPEI_36","Pacific Coast",-1.30325568577399,"Upland","7","US-A03","SPEI_36__Pacific Coast",5.22679197184194,0.837287229464499,3.58570900209152,6.86787494159236
"SPEI_48","Pacific Coast",-1.30325568577399,"Upland","7","US-A03","SPEI_48__Pacific Coast",5.22663915530736,0.837306518869153,3.58551837832382,6.8677599322909
"SPEI_1","Gulf Coast",-1.30325568577399,"Upland","7","US-A03","SPEI_1__Gulf Coast",8.66206468714056,1.29438632997791,6.12506748038386,11.1990618938973
"SPEI_3","Gulf Coast",-1.30325568577399,"Upland","7","US-A03","SPEI_3__Gulf Coast",12.0387006386346,1.36113680989167,9.37087249124692,14.7065287860223
"SPEI_6","Gulf Coast",-1.30325568577399,"Upland","7","US-A03","SPEI_6__Gulf Coast",9.8204571381678,1.34093880605071,7.19221707830842,12.4486971980272
"SPEI_12","Gulf Coast",-1.30325568577399,"Upland","7","US-A03","SPEI_12__Gulf Coast",10.262363219494,1.3417456824087,7.63254168197291,12.892184757015
"SPEI_24","Gulf Coast",-1.30325568577399,"Upland","7","US-A03","SPEI_24__Gulf Coast",9.22346106723852,1.31694338321067,6.64225203614561,11.8046700983314
"SPEI_36","Gulf Coast",-1.30325568577399,"Upland","7","US-A03","SPEI_36__Gulf Coast",8.62951452320771,1.29834436338219,6.08475957097863,11.1742694754368
"SPEI_48","Gulf Coast",-1.30325568577399,"Upland","7","US-A03","SPEI_48__Gulf Coast",7.86579679082403,1.26535826540869,5.385694590623,10.3458989910251
"SPEI_1","AK Coast",-1.30325568577399,"Upland","7","US-A03","SPEI_1__AK Coast",6.87073715678379,0.971813912138283,4.96598188899276,8.77549242457482
"SPEI_3","AK Coast",-1.30325568577399,"Upland","7","US-A03","SPEI_3__AK Coast",6.44787117445843,1.00731883099616,4.47352626570596,8.42221608321091
"SPEI_6","AK Coast",-1.30325568577399,"Upland","7","US-A03","SPEI_6__AK Coast",6.41633399679949,1.002922405661,4.45060608170393,8.38206191189506
"SPEI_12","AK Coast",-1.30325568577399,"Upland","7","US-A03","SPEI_12__AK Coast",6.33393197312367,1.01409679152414,4.34630226173635,8.321561684511
"SPEI_24","AK Coast",-1.30325568577399,"Upland","7","US-A03","SPEI_24__AK Coast",6.15683686127639,1.06245835740907,4.07441848075462,8.23925524179817
"SPEI_36","AK Coast",-1.30325568577399,"Upland","7","US-A03","SPEI_36__AK Coast",6.22096552158924,1.0222547340939,4.21734624276519,8.22458480041329
"SPEI_48","AK Coast",-1.30325568577399,"Upland","7","US-A03","SPEI_48__AK Coast",6.41507865222553,1.0090735026851,4.43729458696274,8.39286271748833
"SPEI_1","Atlantic Coast",-1.26901627385028,"Upland","7","US-A03","SPEI_1__Atlantic Coast",4.41330870830682,0.657104806940663,3.12538328670312,5.70123412991052
"SPEI_3","Atlantic Coast",-1.26901627385028,"Upland","7","US-A03","SPEI_3__Atlantic Coast",4.52877948045308,0.661268530693777,3.23269316029328,5.82486580061289
"SPEI_6","Atlantic Coast",-1.26901627385028,"Upland","7","US-A03","SPEI_6__Atlantic Coast",4.49065245448358,0.659899283226901,3.19724985935885,5.7840550496083
"SPEI_12","Atlantic Coast",-1.26901627385028,"Upland","7","US-A03","SPEI_12__Atlantic Coast",4.44358000562505,0.659270706686231,3.15140942052003,5.73575059073006
"SPEI_24","Atlantic Coast",-1.26901627385028,"Upland","7","US-A03","SPEI_24__Atlantic Coast",4.50547782520197,0.660043054363928,3.21179343864867,5.79916221175527
"SPEI_36","Atlantic Coast",-1.26901627385028,"Upland","7","US-A03","SPEI_36__Atlantic Coast",4.5535090605897,0.660708043788391,3.25852129476445,5.84849682641494
"SPEI_48","Atlantic Coast",-1.26901627385028,"Upland","7","US-A03","SPEI_48__Atlantic Coast",4.57026426122746,0.661394199153541,3.27393163088652,5.8665968915684
"SPEI_1","Pacific Coast",-1.26901627385028,"Upland","7","US-A03","SPEI_1__Pacific Coast",5.50841743784605,0.84548356777142,3.85126964501407,7.16556523067804
"SPEI_3","Pacific Coast",-1.26901627385028,"Upland","7","US-A03","SPEI_3__Pacific Coast",5.33193908491106,0.8413208298733,3.68295025835939,6.98092791146273
"SPEI_6","Pacific Coast",-1.26901627385028,"Upland","7","US-A03","SPEI_6__Pacific Coast",5.36575178196573,0.842311048019641,3.71482212784723,7.01668143608422
"SPEI_12","Pacific Coast",-1.26901627385028,"Upland","7","US-A03","SPEI_12__Pacific Coast",5.22715429497423,0.837291967301844,3.58606203906261,6.86824655088584
"SPEI_24","Pacific Coast",-1.26901627385028,"Upland","7","US-A03","SPEI_24__Pacific Coast",5.25400149110201,0.838667827443772,3.61021254931222,6.8977904328918
"SPEI_36","Pacific Coast",-1.26901627385028,"Upland","7","US-A03","SPEI_36__Pacific Coast",5.22678999206772,0.837285613744134,3.58571018912922,6.86786979500622
"SPEI_48","Pacific Coast",-1.26901627385028,"Upland","7","US-A03","SPEI_48__Pacific Coast",5.22663829578845,0.837303952259245,3.58552254936033,6.86775404221657
"SPEI_1","Gulf Coast",-1.26901627385028,"Upland","7","US-A03","SPEI_1__Gulf Coast",8.64177868786595,1.29293394552559,6.1076281546358,11.1759292210961
"SPEI_3","Gulf Coast",-1.26901627385028,"Upland","7","US-A03","SPEI_3__Gulf Coast",12.0953357029278,1.36064454987472,9.4284723851734,14.7621990206823
"SPEI_6","Gulf Coast",-1.26901627385028,"Upland","7","US-A03","SPEI_6__Gulf Coast",9.77998679281195,1.3360541172783,7.16132072294647,12.3986528626774
"SPEI_12","Gulf Coast",-1.26901627385028,"Upland","7","US-A03","SPEI_12__Gulf Coast",10.2193551677045,1.33680245874615,7.59922234856206,12.839487986847
"SPEI_24","Gulf Coast",-1.26901627385028,"Upland","7","US-A03","SPEI_24__Gulf Coast",9.16967704459566,1.31321525166451,6.59577515133322,11.7435789378581
"SPEI_36","Gulf Coast",-1.26901627385028,"Upland","7","US-A03","SPEI_36__Gulf Coast",8.6107621699904,1.29675885068319,6.06911482265134,11.1524095173295
"SPEI_48","Gulf Coast",-1.26901627385028,"Upland","7","US-A03","SPEI_48__Gulf Coast",7.86582686349056,1.26533858548563,5.38576323593872,10.3458904910424
"SPEI_1","AK Coast",-1.26901627385028,"Upland","7","US-A03","SPEI_1__AK Coast",6.87079696692318,0.971798310486312,4.96607227837001,8.77552165547635
"SPEI_3","AK Coast",-1.26901627385028,"Upland","7","US-A03","SPEI_3__AK Coast",6.44526923428566,1.00549410506283,4.47450078836252,8.4160376802088
"SPEI_6","AK Coast",-1.26901627385028,"Upland","7","US-A03","SPEI_6__AK Coast",6.41878273697552,1.00130195542817,4.4562309043363,8.38133456961473
"SPEI_12","AK Coast",-1.26901627385028,"Upland","7","US-A03","SPEI_12__AK Coast",6.34417087849235,1.01252663054157,4.35961868263087,8.32872307435383
"SPEI_24","AK Coast",-1.26901627385028,"Upland","7","US-A03","SPEI_24__AK Coast",6.16956163381683,1.05849740532366,4.09490671938246,8.2442165482512
"SPEI_36","AK Coast",-1.26901627385028,"Upland","7","US-A03","SPEI_36__AK Coast",6.23238143146789,1.02052053749534,4.23216117797703,8.23260168495875
"SPEI_48","AK Coast",-1.26901627385028,"Upland","7","US-A03","SPEI_48__AK Coast",6.42318536405708,1.00778452869903,4.44792768780698,8.39844304030718
"SPEI_1","Atlantic Coast",-1.23477686192657,"Upland","7","US-A03","SPEI_1__Atlantic Coast",4.41329362334777,0.657102174335437,3.12537336165031,5.70121388504523
"SPEI_3","Atlantic Coast",-1.23477686192657,"Upland","7","US-A03","SPEI_3__Atlantic Coast",4.52676214331445,0.661053176465626,3.23109791744182,5.82242636918708
"SPEI_6","Atlantic Coast",-1.23477686192657,"Upland","7","US-A03","SPEI_6__Atlantic Coast",4.48848315047804,0.6597404226011,3.19539192217988,5.7815743787762
"SPEI_12","Atlantic Coast",-1.23477686192657,"Upland","7","US-A03","SPEI_12__Atlantic Coast",4.4434252431742,0.659159947785595,3.15147174551443,5.73537874083397
"SPEI_24","Atlantic Coast",-1.23477686192657,"Upland","7","US-A03","SPEI_24__Atlantic Coast",4.50290127982276,0.65987490235974,3.20954647119767,5.79625608844785
"SPEI_36","Atlantic Coast",-1.23477686192657,"Upland","7","US-A03","SPEI_36__Atlantic Coast",4.54971055560286,0.660507109731477,3.25511662052916,5.84430449067655
"SPEI_48","Atlantic Coast",-1.23477686192657,"Upland","7","US-A03","SPEI_48__Atlantic Coast",4.56848103258709,0.66118888749527,3.27255081309636,5.86441125207782
"SPEI_1","Pacific Coast",-1.23477686192657,"Upland","7","US-A03","SPEI_1__Pacific Coast",5.49696838842377,0.845040191620553,3.84068961284749,7.15324716400006
"SPEI_3","Pacific Coast",-1.23477686192657,"Upland","7","US-A03","SPEI_3__Pacific Coast",5.32865357475373,0.841142969458594,3.68001335461489,6.97729379489258
"SPEI_6","Pacific Coast",-1.23477686192657,"Upland","7","US-A03","SPEI_6__Pacific Coast",5.35991789887368,0.842071997378353,3.70945678401211,7.01037901373526
"SPEI_12","Pacific Coast",-1.23477686192657,"Upland","7","US-A03","SPEI_12__Pacific Coast",5.22714083924923,0.837290031774106,3.58605237697198,6.86822930152648
"SPEI_24","Pacific Coast",-1.23477686192657,"Upland","7","US-A03","SPEI_24__Pacific Coast",5.25363237114198,0.83862039945586,3.60993638820849,6.89732835407546
"SPEI_36","Pacific Coast",-1.23477686192657,"Upland","7","US-A03","SPEI_36__Pacific Coast",5.22678788335984,0.837284019472666,3.58571120519342,6.86786456152627
"SPEI_48","Pacific Coast",-1.23477686192657,"Upland","7","US-A03","SPEI_48__Pacific Coast",5.22663739188781,0.837301429565537,3.58552658993936,6.86774819383626
"SPEI_1","Gulf Coast",-1.23477686192657,"Upland","7","US-A03","SPEI_1__Gulf Coast",8.62149167211719,1.29151766063137,6.09011705727971,11.1528662869547
"SPEI_3","Gulf Coast",-1.23477686192657,"Upland","7","US-A03","SPEI_3__Gulf Coast",12.1349509691114,1.35967533362774,9.46998731520103,14.7999146230218
"SPEI_6","Gulf Coast",-1.23477686192657,"Upland","7","US-A03","SPEI_6__Gulf Coast",9.73805443784839,1.33142532318878,7.12846080439838,12.3476480712984
"SPEI_12","Gulf Coast",-1.23477686192657,"Upland","7","US-A03","SPEI_12__Gulf Coast",10.1746626616447,1.33223032459585,7.56349122543679,12.7858340978525
"SPEI_24","Gulf Coast",-1.23477686192657,"Upland","7","US-A03","SPEI_24__Gulf Coast",9.11562840403241,1.3097572468027,6.54850420029913,11.6827526077657
"SPEI_36","Gulf Coast",-1.23477686192657,"Upland","7","US-A03","SPEI_36__Gulf Coast",8.59200492824311,1.29521190360146,6.05338959718425,11.130620259302
"SPEI_48","Gulf Coast",-1.23477686192657,"Upland","7","US-A03","SPEI_48__Gulf Coast",7.86585699639773,1.26531927540782,5.38583121659841,10.345882776197
"SPEI_1","AK Coast",-1.23477686192657,"Upland","7","US-A03","SPEI_1__AK Coast",6.87085760962526,0.971782822752448,4.96616327703046,8.77555194222006
"SPEI_3","AK Coast",-1.23477686192657,"Upland","7","US-A03","SPEI_3__AK Coast",6.44291349632541,1.00372742768962,4.47560773805375,8.41021925459708
"SPEI_6","AK Coast",-1.23477686192657,"Upland","7","US-A03","SPEI_6__AK Coast",6.42153520283157,0.999745777525615,4.46203347888136,8.38103692678177
"SPEI_12","AK Coast",-1.23477686192657,"Upland","7","US-A03","SPEI_12__AK Coast",6.35441236275438,1.01098468399927,4.37288238211581,8.33594234339296
"SPEI_24","AK Coast",-1.23477686192657,"Upland","7","US-A03","SPEI_24__AK Coast",6.18255474125319,1.05459727151193,4.11554408908981,8.24956539341657
"SPEI_36","AK Coast",-1.23477686192657,"Upland","7","US-A03","SPEI_36__AK Coast",6.24380168932847,1.0188156112757,4.24692309122809,8.24068028742884
"SPEI_48","AK Coast",-1.23477686192657,"Upland","7","US-A03","SPEI_48__AK Coast",6.43129329699076,1.00651700995757,4.45851995747392,8.4040666365076
"SPEI_1","Atlantic Coast",-1.20053745000286,"Upland","7","US-A03","SPEI_1__Atlantic Coast",4.41327825853184,0.657099596770066,3.12536304886251,5.70119346820118
"SPEI_3","Atlantic Coast",-1.20053745000286,"Upland","7","US-A03","SPEI_3__Atlantic Coast",4.52463919633012,0.66084463170058,3.22938371819698,5.81989467446325
"SPEI_6","Atlantic Coast",-1.20053745000286,"Upland","7","US-A03","SPEI_6__Atlantic Coast",4.48631324819254,0.659586113266148,3.19352446619089,5.77910203019419
"SPEI_12","Atlantic Coast",-1.20053745000286,"Upland","7","US-A03","SPEI_12__Atlantic Coast",4.44323440600126,0.659051881898075,3.15149271748103,5.73497609452148
"SPEI_24","Atlantic Coast",-1.20053745000286,"Upland","7","US-A03","SPEI_24__Atlantic Coast",4.50032435450758,0.659711599539063,3.20728961941101,5.79335908960414
"SPEI_36","Atlantic Coast",-1.20053745000286,"Upland","7","US-A03","SPEI_36__Atlantic Coast",4.54591082487339,0.660311902903881,3.25169949518178,5.840122154565
"SPEI_48","Atlantic Coast",-1.20053745000286,"Upland","7","US-A03","SPEI_48__Atlantic Coast",4.56663810406478,0.66099475897715,3.27108837646956,5.86218783165999
"SPEI_1","Pacific Coast",-1.20053745000286,"Upland","7","US-A03","SPEI_1__Pacific Coast",5.48543934579483,0.844618954828238,3.82998619433148,7.14089249725817
"SPEI_3","Pacific Coast",-1.20053745000286,"Upland","7","US-A03","SPEI_3__Pacific Coast",5.32531400411637,0.840970279539929,3.67701225621811,6.97361575201463
"SPEI_6","Pacific Coast",-1.20053745000286,"Upland","7","US-A03","SPEI_6__Pacific Coast",5.35408206649267,0.841844006254456,3.70406781423394,7.0040963187514
"SPEI_12","Pacific Coast",-1.20053745000286,"Upland","7","US-A03","SPEI_12__Pacific Coast",5.22712721826258,0.83728813020279,3.58604248306511,6.86821195346005
"SPEI_24","Pacific Coast",-1.20053745000286,"Upland","7","US-A03","SPEI_24__Pacific Coast",5.25324277703359,0.838573486820744,3.60963874286493,6.89684681120225
"SPEI_36","Pacific Coast",-1.20053745000286,"Upland","7","US-A03","SPEI_36__Pacific Coast",5.22678564571112,0.837282448100226,3.58571204743467,6.86785924398756
"SPEI_48","Pacific Coast",-1.20053745000286,"Upland","7","US-A03","SPEI_48__Pacific Coast",5.2266364433614,0.837298952261978,3.58553049692792,6.86774238979488
"SPEI_1","Gulf Coast",-1.20053745000286,"Upland","7","US-A03","SPEI_1__Gulf Coast",8.60120360346162,1.29013755408574,6.07253399745357,11.1298732094697
"SPEI_3","Gulf Coast",-1.20053745000286,"Upland","7","US-A03","SPEI_3__Gulf Coast",12.1575809729986,1.3582183880019,9.49547293251488,14.8196890134823
"SPEI_6","Gulf Coast",-1.20053745000286,"Upland","7","US-A03","SPEI_6__Gulf Coast",9.69465166980963,1.32705150914269,7.09363071188995,12.2956726277293
"SPEI_12","Gulf Coast",-1.20053745000286,"Upland","7","US-A03","SPEI_12__Gulf Coast",10.1282092461033,1.32801077505063,7.52530812700404,12.7311103652025
"SPEI_24","Gulf Coast",-1.20053745000286,"Upland","7","US-A03","SPEI_24__Gulf Coast",9.06142490315068,1.30656218514522,6.50056302026606,11.6222867860353
"SPEI_36","Gulf Coast",-1.20053745000286,"Upland","7","US-A03","SPEI_36__Gulf Coast",8.57324308807892,1.29370356348517,6.03758410364798,11.1089020725099
"SPEI_48","Gulf Coast",-1.20053745000286,"Upland","7","US-A03","SPEI_48__Gulf Coast",7.86588715806192,1.2653003485147,5.38589847497311,10.3458758411507
"SPEI_1","AK Coast",-1.20053745000286,"Upland","7","US-A03","SPEI_1__AK Coast",6.8709190430232,0.971767467225792,4.96625480726065,8.77558327878576
"SPEI_3","AK Coast",-1.20053745000286,"Upland","7","US-A03","SPEI_3__AK Coast",6.44082495799551,1.0020207225954,4.47686434170853,8.40478557428249
"SPEI_6","AK Coast",-1.20053745000286,"Upland","7","US-A03","SPEI_6__AK Coast",6.42459582855809,0.998253403308776,4.46801915807289,8.3811724990433
"SPEI_12","AK Coast",-1.20053745000286,"Upland","7","US-A03","SPEI_12__AK Coast",6.36465641423283,1.00947106018113,4.38609313627782,8.34321969218785
"SPEI_24","AK Coast",-1.20053745000286,"Upland","7","US-A03","SPEI_24__AK Coast",6.19581454938146,1.05076475686677,4.13631562592259,8.25531347284033
"SPEI_36","AK Coast",-1.20053745000286,"Upland","7","US-A03","SPEI_36__AK Coast",6.25522618429676,1.01714005839138,4.26163166984965,8.24882069874387
"SPEI_48","AK Coast",-1.20053745000286,"Upland","7","US-A03","SPEI_48__AK Coast",6.43940241261882,1.00527102051873,4.46907121240212,8.40973361283552
"SPEI_1","Atlantic Coast",-1.16629803807915,"Upland","7","US-A03","SPEI_1__Atlantic Coast",4.41326261869859,0.657097076219473,3.12535234930842,5.70117288808876
"SPEI_3","Atlantic Coast",-1.16629803807915,"Upland","7","US-A03","SPEI_3__Atlantic Coast",4.52241322603925,0.660643071409513,3.22755280607661,5.8172736460019
"SPEI_6","Atlantic Coast",-1.16629803807915,"Upland","7","US-A03","SPEI_6__Atlantic Coast",4.48414275736927,0.659436358024908,3.19164749564045,5.77663801909809
"SPEI_12","Atlantic Coast",-1.16629803807915,"Upland","7","US-A03","SPEI_12__Atlantic Coast",4.44300789099669,0.658946621366737,3.15147251311788,5.7345432688755
"SPEI_24","Atlantic Coast",-1.16629803807915,"Upland","7","US-A03","SPEI_24__Atlantic Coast",4.4977470549622,0.659553148769779,3.20502288337343,5.79047122655097
"SPEI_36","Atlantic Coast",-1.16629803807915,"Upland","7","US-A03","SPEI_36__Atlantic Coast",4.54210987852307,0.660122422575203,3.24826993027567,5.83594982677046
"SPEI_48","Atlantic Coast",-1.16629803807915,"Upland","7","US-A03","SPEI_48__Atlantic Coast",4.56473458245089,0.66081148259188,3.2695440765708,5.85992508833097
"SPEI_1","Pacific Coast",-1.16629803807915,"Upland","7","US-A03","SPEI_1__Pacific Coast",5.47383457221626,0.844219993386112,3.81916338517948,7.12850575925304
"SPEI_3","Pacific Coast",-1.16629803807915,"Upland","7","US-A03","SPEI_3__Pacific Coast",5.32192287518479,0.84080291590986,3.67394916000146,6.96989659036811
"SPEI_6","Pacific Coast",-1.16629803807915,"Upland","7","US-A03","SPEI_6__Pacific Coast",5.34824945739674,0.841626916226407,3.69866070159299,6.9978382132005
"SPEI_12","Pacific Coast",-1.16629803807915,"Upland","7","US-A03","SPEI_12__Pacific Coast",5.22711343655252,0.837286264004817,3.58603235910308,6.86819451400196
"SPEI_24","Pacific Coast",-1.16629803807915,"Upland","7","US-A03","SPEI_24__Pacific Coast",5.25283292046991,0.838527155619056,3.60931969545656,6.89634614548326
"SPEI_36","Pacific Coast",-1.16629803807915,"Upland","7","US-A03","SPEI_36__Pacific Coast",5.22678327941273,0.837280901135082,3.58571271318797,6.8678538456375
"SPEI_48","Pacific Coast",-1.16629803807915,"Upland","7","US-A03","SPEI_48__Pacific Coast",5.22663545007012,0.837296521880752,3.58553426718385,6.8677366329564
"SPEI_1","Gulf Coast",-1.16629803807915,"Upland","7","US-A03","SPEI_1__Gulf Coast",8.58091444774922,1.28879370297682,6.05487878991465,11.1069501055838
"SPEI_3","Gulf Coast",-1.16629803807915,"Upland","7","US-A03","SPEI_3__Gulf Coast",12.1633122636103,1.35629270309893,9.50497856553636,14.8216459616842
"SPEI_6","Gulf Coast",-1.16629803807915,"Upland","7","US-A03","SPEI_6__Gulf Coast",9.64977456341822,1.32293138878208,7.05682904140535,12.2427200854311
"SPEI_12","Gulf Coast",-1.16629803807915,"Upland","7","US-A03","SPEI_12__Gulf Coast",10.0799210551967,1.32412544402072,7.48463518491604,12.6752069254773
"SPEI_24","Gulf Coast",-1.16629803807915,"Upland","7","US-A03","SPEI_24__Gulf Coast",9.00718157017831,1.30362289791222,6.45208069027037,11.5622824500863
"SPEI_36","Gulf Coast",-1.16629803807915,"Upland","7","US-A03","SPEI_36__Gulf Coast",8.55447696503404,1.29223386992598,6.02169857997913,11.087255350089
"SPEI_48","Gulf Coast",-1.16629803807915,"Upland","7","US-A03","SPEI_48__Gulf Coast",7.86591731534637,1.26528181858206,5.38596495092553,10.3458696797672
"SPEI_1","AK Coast",-1.16629803807915,"Upland","7","US-A03","SPEI_1__AK Coast",6.87098122129771,0.971752262978388,4.96634678586007,8.77561565673535
"SPEI_3","AK Coast",-1.16629803807915,"Upland","7","US-A03","SPEI_3__AK Coast",6.43902493584152,1.00037583759227,4.47828829416067,8.39976157752237
"SPEI_6","AK Coast",-1.16629803807915,"Upland","7","US-A03","SPEI_6__AK Coast",6.42796849392546,0.996824333981823,4.47419279932109,8.38174418852983
"SPEI_12","AK Coast",-1.16629803807915,"Upland","7","US-A03","SPEI_12__AK Coast",6.37490301426642,1.00798586627356,4.39925071637023,8.3505553121626
"SPEI_24","AK Coast",-1.16629803807915,"Upland","7","US-A03","SPEI_24__AK Coast",6.20933852345186,1.04700653431253,4.15720571619929,8.26147133070442
"SPEI_36","AK Coast",-1.16629803807915,"Upland","7","US-A03","SPEI_36__AK Coast",6.26665478763985,1.01549398150222,4.27628658389551,8.2570229913842
"SPEI_48","AK Coast",-1.16629803807915,"Upland","7","US-A03","SPEI_48__AK Coast",6.44751266725368,1.00404663386215,4.47958126488387,8.41544406962348
"SPEI_1","Atlantic Coast",-1.13205862615543,"Upland","7","US-A03","SPEI_1__Atlantic Coast",4.41324670953234,0.657094614684679,3.12534126475037,5.70115215431431
"SPEI_3","Atlantic Coast",-1.13205862615543,"Upland","7","US-A03","SPEI_3__Atlantic Coast",4.5200871661542,0.660448656356708,3.22560779969505,5.81456653261334
"SPEI_6","Atlantic Coast",-1.13205862615543,"Upland","7","US-A03","SPEI_6__Atlantic Coast",4.48197168952222,0.659291159634931,3.18976101663776,5.77418236240668
"SPEI_12","Atlantic Coast",-1.13205862615543,"Upland","7","US-A03","SPEI_12__Atlantic Coast",4.44274618564365,0.65884427681883,3.15141140307874,5.73408096820856
"SPEI_24","Atlantic Coast",-1.13205862615543,"Upland","7","US-A03","SPEI_24__Atlantic Coast",4.4951693878741,0.659399552861449,3.20274626426566,5.78759251148254
"SPEI_36","Atlantic Coast",-1.13205862615543,"Upland","7","US-A03","SPEI_36__Atlantic Coast",4.53830772980115,0.659938667976483,3.24482794056724,5.83178751903506
"SPEI_48","Atlantic Coast",-1.13205862615543,"Upland","7","US-A03","SPEI_48__Atlantic Coast",4.56276961746568,0.660638733009387,3.26791770076728,5.85762153416408
"SPEI_1","Pacific Coast",-1.13205862615543,"Upland","7","US-A03","SPEI_1__Pacific Coast",5.46215886470105,0.843843349613927,3.80822589945775,7.11609182994434
"SPEI_3","Pacific Coast",-1.13205862615543,"Upland","7","US-A03","SPEI_3__Pacific Coast",5.31848294176851,0.840641024977579,3.67082653281246,6.96613935072457
"SPEI_6","Pacific Coast",-1.13205862615543,"Upland","7","US-A03","SPEI_6__Pacific Coast",5.34242547812367,0.841420562512862,3.69324117559846,6.99160978064888
"SPEI_12","Pacific Coast",-1.13205862615543,"Upland","7","US-A03","SPEI_12__Pacific Coast",5.2270994992375,0.837284434627607,3.58602200736738,6.8681769911076
"SPEI_24","Pacific Coast",-1.13205862615543,"Upland","7","US-A03","SPEI_24__Pacific Coast",5.2524030704093,0.838481472927408,3.60897938347158,6.89582675734702
"SPEI_36","Pacific Coast",-1.13205862615543,"Upland","7","US-A03","SPEI_36__Pacific Coast",5.22678078503378,0.837279380116573,3.5857132000053,6.86784837006227
"SPEI_48","Pacific Coast",-1.13205862615543,"Upland","7","US-A03","SPEI_48__Pacific Coast",5.22663441197551,0.837294139985701,3.58553789760354,6.86773092634748
"SPEI_1","Gulf Coast",-1.13205862615543,"Upland","7","US-A03","SPEI_1__Gulf Coast",8.56062417332955,1.28748618223903,6.03715125614104,11.0840970905181
"SPEI_3","Gulf Coast",-1.13205862615543,"Upland","7","US-A03","SPEI_3__Gulf Coast",12.1522820328682,1.35394127342858,9.49855713694819,14.8060069287882
"SPEI_6","Gulf Coast",-1.13205862615543,"Upland","7","US-A03","SPEI_6__Gulf Coast",9.60342367332238,1.31906298119596,7.0180602301783,12.1887871164665
"SPEI_12","Gulf Coast",-1.13205862615543,"Upland","7","US-A03","SPEI_12__Gulf Coast",10.0297272560099,1.3205557821138,7.44143792306683,12.6180165889529
"SPEI_24","Gulf Coast",-1.13205862615543,"Upland","7","US-A03","SPEI_24__Gulf Coast",8.95301795657723,1.30093199238953,6.40319125149375,11.5028446616607
"SPEI_36","Gulf Coast",-1.13205862615543,"Upland","7","US-A03","SPEI_36__Gulf Coast",8.53570689764383,1.29080285974652,6.00573329254064,11.065680502747
"SPEI_48","Gulf Coast",-1.13205862615543,"Upland","7","US-A03","SPEI_48__Gulf Coast",7.86594743364816,1.26526369958218,5.38603058246707,10.3458642848292
"SPEI_1","AK Coast",-1.13205862615543,"Upland","7","US-A03","SPEI_1__AK Coast",6.87104409507165,0.971737229537577,4.966439125178,8.7756490649653
"SPEI_3","AK Coast",-1.13205862615543,"Upland","7","US-A03","SPEI_3__AK Coast",6.43753496760912,0.998794468113348,4.47989781010696,8.39517212511128
"SPEI_6","AK Coast",-1.13205862615543,"Upland","7","US-A03","SPEI_6__AK Coast",6.43165653712079,0.99545800386214,4.48055884955099,8.38275422469058
"SPEI_12","AK Coast",-1.13205862615543,"Upland","7","US-A03","SPEI_12__AK Coast",6.38515213765631,1.00652920774368,4.41235489047868,8.35794938483393
"SPEI_24","AK Coast",-1.13205862615543,"Upland","7","US-A03","SPEI_24__AK Coast",6.22312326070171,1.04332903537106,4.17819835137443,8.26804817002898
"SPEI_36","AK Coast",-1.13205862615543,"Upland","7","US-A03","SPEI_36__AK Coast",6.27808735383965,1.01387748168091,4.29088748974506,8.26528721793424
"SPEI_48","AK Coast",-1.13205862615543,"Upland","7","US-A03","SPEI_48__AK Coast",6.45562401225479,1.00284392261071,4.4900499239378,8.42119810057177
"SPEI_1","Atlantic Coast",-1.09781921423172,"Upland","7","US-A03","SPEI_1__Atlantic Coast",4.41323053747715,0.657092214156983,3.12532979772946,5.70113127722484
"SPEI_3","Atlantic Coast",-1.09781921423172,"Upland","7","US-A03","SPEI_3__Atlantic Coast",4.51766425929259,0.660261525952858,3.22355166842498,5.81177685016019
"SPEI_6","Atlantic Coast",-1.09781921423172,"Upland","7","US-A03","SPEI_6__Atlantic Coast",4.47980005776198,0.659150520754267,3.18786503708362,5.77173507844035
"SPEI_12","Atlantic Coast",-1.09781921423172,"Upland","7","US-A03","SPEI_12__Atlantic Coast",4.44244985756637,0.658744954130814,3.15130974746997,5.73358996766277
"SPEI_24","Atlantic Coast",-1.09781921423172,"Upland","7","US-A03","SPEI_24__Atlantic Coast",4.49259136078024,0.659250814526764,3.20045976430778,5.78472295725269
"SPEI_36","Atlantic Coast",-1.09781921423172,"Upland","7","US-A03","SPEI_36__Atlantic Coast",4.53450439478207,0.659760638201415,3.2413735439073,5.82763524565684
"SPEI_48","Atlantic Coast",-1.09781921423172,"Upland","7","US-A03","SPEI_48__Atlantic Coast",4.5607423892484,0.660476181930588,3.26620907266445,5.85527570583235
"SPEI_1","Pacific Coast",-1.09781921423172,"Upland","7","US-A03","SPEI_1__Pacific Coast",5.4504175341028,0.843488949635951,3.79717919281633,7.10365587538926
"SPEI_3","Pacific Coast",-1.09781921423172,"Upland","7","US-A03","SPEI_3__Pacific Coast",5.3149971836819,0.84048473746565,3.66764709824923,6.96234726911458
"SPEI_6","Pacific Coast",-1.09781921423172,"Upland","7","US-A03","SPEI_6__Pacific Coast",5.33661573011743,0.84122476727748,3.68781518625357,6.98541627398129
"SPEI_12","Pacific Coast",-1.09781921423172,"Upland","7","US-A03","SPEI_12__Pacific Coast",5.22708541195348,0.837282643521956,3.58601143065044,6.86815939325651
"SPEI_24","Pacific Coast",-1.09781921423172,"Upland","7","US-A03","SPEI_24__Pacific Coast",5.25195354818825,0.838436505251593,3.60861799789512,6.89528909848137
"SPEI_36","Pacific Coast",-1.09781921423172,"Upland","7","US-A03","SPEI_36__Pacific Coast",5.22677816339239,0.837277886586886,3.58571350568209,6.86784282110268
"SPEI_48","Pacific Coast",-1.09781921423172,"Upland","7","US-A03","SPEI_48__Pacific Coast",5.22663332913368,0.837291808144554,3.58554138517036,6.86772527309701
"SPEI_1","Gulf Coast",-1.09781921423172,"Upland","7","US-A03","SPEI_1__Gulf Coast",8.54033275135884,1.28621506421178,6.01935122550376,11.0613142772139
"SPEI_3","Gulf Coast",-1.09781921423172,"Upland","7","US-A03","SPEI_3__Gulf Coast",12.1246762433785,1.35122523343283,9.47627478585018,14.7730777009069
"SPEI_6","Gulf Coast",-1.09781921423172,"Upland","7","US-A03","SPEI_6__Gulf Coast",9.55560404197617,1.31544331195066,6.97733515055288,12.1338729333995
"SPEI_12","Gulf Coast",-1.09781921423172,"Upland","7","US-A03","SPEI_12__Gulf Coast",9.97756067425976,1.31728276685097,7.39568645123186,12.5594348972877
"SPEI_24","Gulf Coast",-1.09781921423172,"Upland","7","US-A03","SPEI_24__Gulf Coast",8.89905709394966,1.29848163386877,6.35403309156688,11.4440810963324
"SPEI_36","Gulf Coast",-1.09781921423172,"Upland","7","US-A03","SPEI_36__Gulf Coast",8.51693324406193,1.28941056600686,5.98968853468849,11.0441779534354
"SPEI_48","Gulf Coast",-1.09781921423172,"Upland","7","US-A03","SPEI_48__Gulf Coast",7.86597747715801,1.26524600543701,5.38609530650147,10.3458596478145
"SPEI_1","AK Coast",-1.09781921423172,"Upland","7","US-A03","SPEI_1__AK Coast",6.87110761196192,0.97172238654156,4.96653173434046,8.77568348958338
"SPEI_3","AK Coast",-1.09781921423172,"Upland","7","US-A03","SPEI_3__AK Coast",6.43637667600932,0.997278084149636,4.48171163107604,8.39104172094261
"SPEI_6","AK Coast",-1.09781921423172,"Upland","7","US-A03","SPEI_6__AK Coast",6.4356627729143,0.994153745257738,4.48712143220913,8.38420411361946
"SPEI_12","AK Coast",-1.09781921423172,"Upland","7","US-A03","SPEI_12__AK Coast",6.39540375329262,1.00510118769829,4.42540542540397,8.36540208118127
"SPEI_24","AK Coast",-1.09781921423172,"Upland","7","US-A03","SPEI_24__AK Coast",6.23716453532513,1.03973833669896,4.19927739539517,8.27505167525509
"SPEI_36","AK Coast",-1.09781921423172,"Upland","7","US-A03","SPEI_36__AK Coast",6.28952372208386,1.01229065707793,4.30543403421112,8.2736134099566
"SPEI_48","AK Coast",-1.09781921423172,"Upland","7","US-A03","SPEI_48__AK Coast",6.46373639448174,1.0016629582428,4.50047699632585,8.42699579263763
"SPEI_1","Atlantic Coast",-1.06357980230801,"Upland","7","US-A03","SPEI_1__Atlantic Coast",4.41321411002026,0.657089876635755,3.12531795181418,5.70111026822634
"SPEI_3","Atlantic Coast",-1.06357980230801,"Upland","7","US-A03","SPEI_3__Atlantic Coast",4.51514816777215,0.660081801160698,3.22138783749718,5.80890849804712
"SPEI_6","Atlantic Coast",-1.06357980230801,"Upland","7","US-A03","SPEI_6__Atlantic Coast",4.47762787739591,0.65901444396085,3.18595956723264,5.76929618755917
"SPEI_12","Atlantic Coast",-1.06357980230801,"Upland","7","US-A03","SPEI_12__Atlantic Coast",4.44211958258851,0.65864875579575,3.15116802122884,5.73307114394818
"SPEI_24","Atlantic Coast",-1.06357980230801,"Upland","7","US-A03","SPEI_24__Atlantic Coast",4.49001298233817,0.659106936396362,3.1981633870013,5.78186257767504
"SPEI_36","Atlantic Coast",-1.06357980230801,"Upland","7","US-A03","SPEI_36__Atlantic Coast",4.53069989343608,0.659588332236363,3.23790676225281,5.82349302461935
"SPEI_48","Atlantic Coast",-1.06357980230801,"Upland","7","US-A03","SPEI_48__Atlantic Coast",4.55865210827132,0.660323499362225,3.26441804952136,5.85288616702129
"SPEI_1","Pacific Coast",-1.06357980230801,"Upland","7","US-A03","SPEI_1__Pacific Coast",5.43861664242059,0.843156610282458,3.78602968626697,7.0912035985742
"SPEI_3","Pacific Coast",-1.06357980230801,"Upland","7","US-A03","SPEI_3__Pacific Coast",5.31146889083708,0.840334171676414,3.66441391435131,6.95852386732285
"SPEI_6","Pacific Coast",-1.06357980230801,"Upland","7","US-A03","SPEI_6__Pacific Coast",5.33082606161027,0.841039341872538,3.68238895154009,6.97926317168044
"SPEI_12","Pacific Coast",-1.06357980230801,"Upland","7","US-A03","SPEI_12__Pacific Coast",5.22707118104132,0.837280892159056,3.58600063240957,6.86814172967307
"SPEI_24","Pacific Coast",-1.06357980230801,"Upland","7","US-A03","SPEI_24__Pacific Coast",5.25148474826392,0.838392319499544,3.60823580204481,6.89473369448303
"SPEI_36","Pacific Coast",-1.06357980230801,"Upland","7","US-A03","SPEI_36__Pacific Coast",5.22677541564727,0.837276422108275,3.58571362831505,6.86783720297949
"SPEI_48","Pacific Coast",-1.06357980230801,"Upland","7","US-A03","SPEI_48__Pacific Coast",5.22663220173622,0.837289527945912,3.58554472696223,6.86771967651021
"SPEI_1","Gulf Coast",-1.06357980230801,"Upland","7","US-A03","SPEI_1__Gulf Coast",8.5200401576113,1.28498041871909,6.00147853692188,11.0386017783007
"SPEI_3","Gulf Coast",-1.06357980230801,"Upland","7","US-A03","SPEI_3__Gulf Coast",12.0807522498483,1.34821991115006,9.43824122399419,14.7232632757024
"SPEI_6","Gulf Coast",-1.06357980230801,"Upland","7","US-A03","SPEI_6__Gulf Coast",9.50632750309947,1.31206842141359,6.93467339712884,12.0779816090701
"SPEI_12","Gulf Coast",-1.06357980230801,"Upland","7","US-A03","SPEI_12__Gulf Coast",9.92336043081535,1.31428701288568,7.34735788555942,12.4993629760713
"SPEI_24","Gulf Coast",-1.06357980230801,"Upland","7","US-A03","SPEI_24__Gulf Coast",8.84542599464747,1.29626354548299,6.30474944550081,11.3861025437941
"SPEI_36","Gulf Coast",-1.06357980230801,"Upland","7","US-A03","SPEI_36__Gulf Coast",8.49815638793803,1.28805701809782,5.9735646324663,11.0227481434098
"SPEI_48","Gulf Coast",-1.06357980230801,"Upland","7","US-A03","SPEI_48__Gulf Coast",7.8660074085614,1.26522875015112,5.3861590582652,10.3458557588576
"SPEI_1","AK Coast",-1.06357980230801,"Upland","7","US-A03","SPEI_1__AK Coast",6.87117171572118,0.97170775397049,4.96662451793902,8.77571891350334
"SPEI_3","AK Coast",-1.06357980230801,"Upland","7","US-A03","SPEI_3__AK Coast",6.43557164601385,0.995827934697921,4.48374889400592,8.38739439802177
"SPEI_6","AK Coast",-1.06357980230801,"Upland","7","US-A03","SPEI_6__AK Coast",6.4399892481317,0.992910798301536,4.49388408346069,8.38609441280271
"SPEI_12","AK Coast",-1.06357980230801,"Upland","7","US-A03","SPEI_12__AK Coast",6.40565782190726,1.0037019071325,4.43840208392757,8.37291355988696
"SPEI_24","AK Coast",-1.06357980230801,"Upland","7","US-A03","SPEI_24__AK Coast",6.25145693316636,1.03624019744423,4.22042614617566,8.28248772015706
"SPEI_36","AK Coast",-1.06357980230801,"Upland","7","US-A03","SPEI_36__AK Coast",6.3009637102796,1.01073360365601,4.31992584711381,8.28200157344538
"SPEI_48","AK Coast",-1.06357980230801,"Upland","7","US-A03","SPEI_48__AK Coast",6.47184975455001,1.00050381123282,4.51086228453369,8.43283722456633
"SPEI_1","Atlantic Coast",-1.0293403903843,"Upland","7","US-A03","SPEI_1__Atlantic Coast",4.41319743559955,0.657087604090312,3.12530573158253,5.70108913961656
"SPEI_3","Atlantic Coast",-1.0293403903843,"Upland","7","US-A03","SPEI_3__Atlantic Coast",4.5125429319033,0.659909577778852,3.21912015945674,5.80596570434984
"SPEI_6","Atlantic Coast",-1.0293403903843,"Upland","7","US-A03","SPEI_6__Atlantic Coast",4.47545516573746,0.658882931697865,3.18404461960965,5.76686571186528
"SPEI_12","Atlantic Coast",-1.0293403903843,"Upland","7","US-A03","SPEI_12__Atlantic Coast",4.44175613325661,0.658555777850678,3.15098680866928,5.73252545784394
"SPEI_24","Atlantic Coast",-1.0293403903843,"Upland","7","US-A03","SPEI_24__Atlantic Coast",4.48743426218041,0.658967920980195,3.19585713705923,5.7790113873016
"SPEI_36","Atlantic Coast",-1.0293403903843,"Upland","7","US-A03","SPEI_36__Atlantic Coast",4.52689424929924,0.659421748864745,3.23442762152434,5.81936087707414
"SPEI_48","Atlantic Coast",-1.0293403903843,"Upland","7","US-A03","SPEI_48__Atlantic Coast",4.55649800103354,0.660180345672445,3.26254452351555,5.85045147855154
"SPEI_1","Pacific Coast",-1.0293403903843,"Upland","7","US-A03","SPEI_1__Pacific Coast",5.42676298212824,0.842846021125848,3.77478478072157,7.0787411835349
"SPEI_3","Pacific Coast",-1.0293403903843,"Upland","7","US-A03","SPEI_3__Pacific Coast",5.30790163558235,0.840189427402249,3.66113035787394,6.95467291329076
"SPEI_6","Pacific Coast",-1.0293403903843,"Upland","7","US-A03","SPEI_6__Pacific Coast",5.3250625250914,0.840864080602956,3.67696892710961,6.9731561230732
"SPEI_12","Pacific Coast",-1.0293403903843,"Upland","7","US-A03","SPEI_12__Pacific Coast",5.22705681347855,0.837279182001587,3.58598961675544,6.86812401020166
"SPEI_24","Pacific Coast",-1.0293403903843,"Upland","7","US-A03","SPEI_24__Pacific Coast",5.25099713291849,0.838348981340757,3.60783312949061,6.89416113634637
"SPEI_36","Pacific Coast",-1.0293403903843,"Upland","7","US-A03","SPEI_36__Pacific Coast",5.22677254326601,0.837274988232979,3.58571356632937,6.86783152020264
"SPEI_48","Pacific Coast",-1.0293403903843,"Upland","7","US-A03","SPEI_48__Pacific Coast",5.22663103010364,0.837287300969651,3.58554792020312,6.86771414000415
"SPEI_1","Gulf Coast",-1.0293403903843,"Upland","7","US-A03","SPEI_1__Gulf Coast",8.49974637283398,1.28378231266086,5.98353304001869,11.0159597056493
"SPEI_3","Gulf Coast",-1.0293403903843,"Upland","7","US-A03","SPEI_3__Gulf Coast",12.0208368894939,1.34500898102032,9.38461928669405,14.6570544922937
"SPEI_6","Gulf Coast",-1.0293403903843,"Upland","7","US-A03","SPEI_6__Gulf Coast",9.45561270879871,1.308933121139,6.89010379136626,12.0211216262312
"SPEI_12","Gulf Coast",-1.0293403903843,"Upland","7","US-A03","SPEI_12__Gulf Coast",9.86707265402829,1.31154856816381,7.29643746042722,12.4377078476294
"SPEI_24","Gulf Coast",-1.0293403903843,"Upland","7","US-A03","SPEI_24__Gulf Coast",8.79225450357634,1.29426883844041,6.25548758023314,11.3290214269195
"SPEI_36","Gulf Coast",-1.0293403903843,"Upland","7","US-A03","SPEI_36__Gulf Coast",8.47937673471949,1.28674224083581,5.95736194268131,11.0013915267577
"SPEI_48","Gulf Coast",-1.0293403903843,"Upland","7","US-A03","SPEI_48__Gulf Coast",7.86603718932218,1.26521194754924,5.38622177212568,10.3458526065187
"SPEI_1","AK Coast",-1.0293403903843,"Upland","7","US-A03","SPEI_1__AK Coast",6.8712363468432,0.971693351779361,4.96671737735565,8.77575531633074
"SPEI_3","AK Coast",-1.0293403903843,"Upland","7","US-A03","SPEI_3__AK Coast",6.43514127470761,0.994444979414872,4.48602911505446,8.38425343436075
"SPEI_6","AK Coast",-1.0293403903843,"Upland","7","US-A03","SPEI_6__AK Coast",6.44463726098602,0.991728279178256,4.50084983379664,8.3884246881754
"SPEI_12","AK Coast",-1.0293403903843,"Upland","7","US-A03","SPEI_12__AK Coast",6.41591429675774,1.00233146429424,4.45134462674103,8.38048396677445
"SPEI_24","AK Coast",-1.0293403903843,"Upland","7","US-A03","SPEI_24__AK Coast",6.26599389879538,1.03283994780501,4.24162760109756,8.2903601964932
"SPEI_36","AK Coast",-1.0293403903843,"Upland","7","US-A03","SPEI_36__AK Coast",6.31240711665759,1.00920641385592,4.33436254549999,8.29045168781519
"SPEI_48","AK Coast",-1.0293403903843,"Upland","7","US-A03","SPEI_48__AK Coast",6.47996402731859,0.999366550761734,4.52120558782559,8.43872246681159
"SPEI_1","Atlantic Coast",-0.995100978460592,"Upland","7","US-A03","SPEI_1__Atlantic Coast",4.41318052369917,0.657085398450927,3.12529314273536,5.70106790466299
"SPEI_3","Atlantic Coast",-0.995100978460592,"Upland","7","US-A03","SPEI_3__Atlantic Coast",4.50985299908246,0.659744925921242,3.21675294427683,5.8029530538881
"SPEI_6","Atlantic Coast",-0.995100978460592,"Upland","7","US-A03","SPEI_6__Atlantic Coast",4.47328194231679,0.65875598626346,3.18212020924041,5.76444367539317
"SPEI_12","Atlantic Coast",-0.995100978460592,"Upland","7","US-A03","SPEI_12__Atlantic Coast",4.44136038477299,0.658466109329533,3.15076681048711,5.73195395905887
"SPEI_24","Atlantic Coast",-0.995100978460592,"Upland","7","US-A03","SPEI_24__Atlantic Coast",4.48485521091944,0.658833770662443,3.19354102042105,5.77616940141783
"SPEI_36","Atlantic Coast",-0.995100978460592,"Upland","7","US-A03","SPEI_36__Atlantic Coast",4.52308748986351,0.65926088665685,3.23093615201609,5.81523882771094
"SPEI_48","Atlantic Coast",-0.995100978460592,"Upland","7","US-A03","SPEI_48__Atlantic Coast",4.55427928810355,0.660046371009506,3.26058840092492,5.84797017528219
"SPEI_1","Pacific Coast",-0.995100978460592,"Upland","7","US-A03","SPEI_1__Pacific Coast",5.41486424291895,0.84255674895095,3.76345301497509,7.06627547086281
"SPEI_3","Pacific Coast",-0.995100978460592,"Upland","7","US-A03","SPEI_3__Pacific Coast",5.30429930099538,0.840050585861529,3.65780015270678,6.95079844928398
"SPEI_6","Pacific Coast",-0.995100978460592,"Upland","7","US-A03","SPEI_6__Pacific Coast",5.31933135657021,0.840698760537037,3.67156178591762,6.9671009272228
"SPEI_12","Pacific Coast",-0.995100978460592,"Upland","7","US-A03","SPEI_12__Pacific Coast",5.22704231693226,0.837277514498855,3.5859783885145,6.86810624535001
"SPEI_24","Pacific Coast",-0.995100978460592,"Upland","7","US-A03","SPEI_24__Pacific Coast",5.25049124149141,0.838306554989943,3.60741039371113,6.8935720892717
"SPEI_36","Pacific Coast",-0.995100978460592,"Upland","7","US-A03","SPEI_36__Pacific Coast",5.22676954805299,0.837273586497625,3.58571331851764,6.86782577758833
"SPEI_48","Pacific Coast",-0.995100978460592,"Upland","7","US-A03","SPEI_48__Pacific Coast",5.22662981470951,0.837285128781195,3.58555096229837,6.86770866712065
"SPEI_1","Gulf Coast",-0.995100978460592,"Upland","7","US-A03","SPEI_1__Gulf Coast",8.47945138479008,1.28262080997442,5.96551459724021,10.9933881723399
"SPEI_3","Gulf Coast",-0.995100978460592,"Upland","7","US-A03","SPEI_3__Gulf Coast",11.9453423874397,1.34167980856592,9.31564996265045,14.5750348122289
"SPEI_6","Gulf Coast",-0.995100978460592,"Upland","7","US-A03","SPEI_6__Gulf Coast",9.4034870853871,1.30603097132929,6.8436663815817,11.9633077891925
"SPEI_12","Gulf Coast",-0.995100978460592,"Upland","7","US-A03","SPEI_12__Gulf Coast",9.80865374521848,1.30904702805666,7.24292157022742,12.3743859202095
"SPEI_24","Gulf Coast",-0.995100978460592,"Upland","7","US-A03","SPEI_24__Gulf Coast",8.73967398602549,1.29248800628864,6.20639749369976,11.2729504783512
"SPEI_36","Gulf Coast",-0.995100978460592,"Upland","7","US-A03","SPEI_36__Gulf Coast",8.46059471096336,1.28546625428772,5.94108085255943,10.9801085693673
"SPEI_48","Gulf Coast",-0.995100978460592,"Upland","7","US-A03","SPEI_48__Gulf Coast",7.86606677986056,1.2651956112242,5.38628338186112,10.34585017786
"SPEI_1","AK Coast",-0.995100978460592,"Upland","7","US-A03","SPEI_1__AK Coast",6.87130144276092,0.97167919983609,4.96681021108219,8.77579267443966
"SPEI_3","AK Coast",-0.995100978460592,"Upland","7","US-A03","SPEI_3__AK Coast",6.43510644432073,0.993129870463438,4.4885718982124,8.38164099042907
"SPEI_6","AK Coast",-0.995100978460592,"Upland","7","US-A03","SPEI_6__AK Coast",6.44960718788555,0.990605177934895,4.50802103913315,8.39119333663794
"SPEI_12","AK Coast",-0.995100978460592,"Upland","7","US-A03","SPEI_12__AK Coast",6.42617312279358,1.0009899545568,4.46423281186226,8.3881134337249
"SPEI_24","AK Coast",-0.995100978460592,"Upland","7","US-A03","SPEI_24__AK Coast",6.2807675025662,1.0295424620386,4.26286427697055,8.29867072816185
"SPEI_36","AK Coast",-0.995100978460592,"Upland","7","US-A03","SPEI_36__AK Coast",6.3238537172106,1.00770917647823,4.34874373131326,8.29896370310794
"SPEI_48","AK Coast",-0.995100978460592,"Upland","7","US-A03","SPEI_48__AK Coast",6.48807914117543,0.998251244677018,4.53150670160848,8.44465158074239
"SPEI_1","Atlantic Coast",-0.960861566536881,"Upland","7","US-A03","SPEI_1__Atlantic Coast",4.41316338503169,0.657083261610481,3.12528019227515,5.70104657778823
"SPEI_3","Atlantic Coast",-0.960861566536881,"Upland","7","US-A03","SPEI_3__Atlantic Coast",4.50708328612143,0.659587892030003,3.21429101774263,5.79987555450024
"SPEI_6","Atlantic Coast",-0.960861566536881,"Upland","7","US-A03","SPEI_6__Atlantic Coast",4.47110822927423,0.658633609818146,3.18018635403067,5.7620301045178
"SPEI_12","Atlantic Coast",-0.960861566536881,"Upland","7","US-A03","SPEI_12__Atlantic Coast",4.44093332923542,0.658379832694235,3.15050885715472,5.73135780131612
"SPEI_24","Atlantic Coast",-0.960861566536881,"Upland","7","US-A03","SPEI_24__Atlantic Coast",4.48227584023002,0.658704487709753,3.19121504431891,5.77333663614114
"SPEI_36","Atlantic Coast",-0.960861566536881,"Upland","7","US-A03","SPEI_36__Atlantic Coast",4.51927964729404,0.659105743995433,3.22743238906299,5.81112690552509
"SPEI_48","Atlantic Coast",-0.960861566536881,"Upland","7","US-A03","SPEI_48__Atlantic Coast",4.55199516072651,0.659921217790565,3.258549573857,5.84544074759602
"SPEI_1","Pacific Coast",-0.960861566536881,"Upland","7","US-A03","SPEI_1__Pacific Coast",5.40292925627056,0.842288252001997,3.75204428234665,7.05381423019447
"SPEI_3","Pacific Coast",-0.960861566536881,"Upland","7","US-A03","SPEI_3__Pacific Coast",5.30066613487864,0.839917711990215,3.65442741937782,6.94690485037946
"SPEI_6","Pacific Coast",-0.960861566536881,"Upland","7","US-A03","SPEI_6__Pacific Coast",5.31363896852111,0.84054314379566,3.66617440668161,6.9611035303606
"SPEI_12","Pacific Coast",-0.960861566536881,"Upland","7","US-A03","SPEI_12__Pacific Coast",5.22702769986848,0.837275891090948,3.58596695333023,6.86808844640674
"SPEI_24","Pacific Coast",-0.960861566536881,"Upland","7","US-A03","SPEI_24__Pacific Coast",5.24996770605921,0.838265103528734,3.6069681031429,6.89296730897553
"SPEI_36","Pacific Coast",-0.960861566536881,"Upland","7","US-A03","SPEI_36__Pacific Coast",5.22676643220495,0.837272218426809,3.5857128840884,6.86781998032149
"SPEI_48","Pacific Coast",-0.960861566536881,"Upland","7","US-A03","SPEI_48__Pacific Coast",5.22662855621761,0.837283012934799,3.5855538508654,6.86770326156981
"SPEI_1","Gulf Coast",-0.960861566536881,"Upland","7","US-A03","SPEI_1__Gulf Coast",8.45915519094119,1.28149597176565,5.94742308628051,10.9708872956019
"SPEI_3","Gulf Coast",-0.960861566536881,"Upland","7","US-A03","SPEI_3__Gulf Coast",11.8547896264943,1.3383194298573,9.23168354397402,14.4778957090146
"SPEI_6","Gulf Coast",-0.960861566536881,"Upland","7","US-A03","SPEI_6__Gulf Coast",9.34998956050609,1.30335437601143,6.79541498352369,11.9045641374885
"SPEI_12","Gulf Coast",-0.960861566536881,"Upland","7","US-A03","SPEI_12__Gulf Coast",9.74807458806774,1.30676182361726,7.18682141377792,12.3093277623576
"SPEI_24","Gulf Coast",-0.960861566536881,"Upland","7","US-A03","SPEI_24__Gulf Coast",8.68781608235085,1.29091100589629,6.15763051079412,11.2180016539076
"SPEI_36","Gulf Coast",-0.960861566536881,"Upland","7","US-A03","SPEI_36__Gulf Coast",8.44181076528445,1.28422907395882,5.92472178032517,10.9588997502437
"SPEI_48","Gulf Coast",-0.960861566536881,"Upland","7","US-A03","SPEI_48__Gulf Coast",7.86609613965588,1.26517975456226,5.38634382071386,10.3458484585979
"SPEI_1","AK Coast",-0.960861566536881,"Upland","7","US-A03","SPEI_1__AK Coast",6.87136693780988,0.971665317976274,4.96690291457638,8.77583096104338
"SPEI_3","AK Coast",-0.960861566536881,"Upland","7","US-A03","SPEI_3__AK Coast",6.43548714174784,0.9918829557504,4.49139654847706,8.37957773501863
"SPEI_6","AK Coast",-0.960861566536881,"Upland","7","US-A03","SPEI_6__AK Coast",6.45489823084297,0.989540369721858,4.51539910618813,8.39439735549781
"SPEI_12","AK Coast",-0.960861566536881,"Upland","7","US-A03","SPEI_12__AK Coast",6.4364342351334,0.99967747051533,4.47706639292335,8.39580207734345
"SPEI_24","AK Coast",-0.960861566536881,"Upland","7","US-A03","SPEI_24__AK Coast",6.2957680895232,1.02635216787871,4.28411784048093,8.30741833856547
"SPEI_36","AK Coast",-0.960861566536881,"Upland","7","US-A03","SPEI_36__AK Coast",6.33530326127104,1.00624197708511,4.36306898618423,8.30753753635785
"SPEI_48","AK Coast",-0.960861566536881,"Upland","7","US-A03","SPEI_48__AK Coast",6.49619501678452,0.997157959557705,4.54176541605142,8.45062461751763
"SPEI_1","Atlantic Coast",-0.92662215461317,"Upland","7","US-A03","SPEI_1__Atlantic Coast",4.4131460311233,0.657081195350596,3.12526688823613,5.70102517401046
"SPEI_3","Atlantic Coast",-0.92662215461317,"Upland","7","US-A03","SPEI_3__Atlantic Coast",4.50423901038658,0.659438487426768,3.21173957503011,5.79673844574304
"SPEI_6","Atlantic Coast",-0.92662215461317,"Upland","7","US-A03","SPEI_6__Atlantic Coast",4.46893405048849,0.658515804286638,3.17824307408668,5.7596250268903
"SPEI_12","Atlantic Coast",-0.92662215461317,"Upland","7","US-A03","SPEI_12__Atlantic Coast",4.44047603174613,0.658297018215673,3.15021387604341,5.73073818744884
"SPEI_24","Atlantic Coast",-0.92662215461317,"Upland","7","US-A03","SPEI_24__Atlantic Coast",4.47969616238339,0.658580074200216,3.18887921695097,5.77051310781581
"SPEI_36","Atlantic Coast",-0.92662215461317,"Upland","7","US-A03","SPEI_36__Atlantic Coast",4.51547075688698,0.65895631890946,3.22391637182444,5.80702514194952
"SPEI_48","Atlantic Coast",-0.92662215461317,"Upland","7","US-A03","SPEI_48__Atlantic Coast",4.54964476348804,0.659804508295831,3.25642792722822,5.84286159974787
"SPEI_1","Pacific Coast",-0.92662215461317,"Upland","7","US-A03","SPEI_1__Pacific Coast",5.39096771806679,0.84203985479761,3.74056960266348,7.04136583347011
"SPEI_3","Pacific Coast",-0.92662215461317,"Upland","7","US-A03","SPEI_3__Pacific Coast",5.29700662660875,0.839790843186096,3.651016573964,6.9429966792535
"SPEI_6","Pacific Coast",-0.92662215461317,"Upland","7","US-A03","SPEI_6__Pacific Coast",5.3079918427859,0.840396967082512,3.66081378730418,6.95516989826763
"SPEI_12","Pacific Coast",-0.92662215461317,"Upland","7","US-A03","SPEI_12__Pacific Coast",5.22701297126979,0.837274313149154,3.58595531749745,6.86807062504213
"SPEI_24","Pacific Coast",-0.92662215461317,"Upland","7","US-A03","SPEI_24__Pacific Coast",5.24942722290291,0.838224685569194,3.60650683918729,6.89234760661853
"SPEI_36","Pacific Coast",-0.92662215461317,"Upland","7","US-A03","SPEI_36__Pacific Coast",5.22676319817481,0.837270885471695,3.58571226265029,6.86781413369934
"SPEI_48","Pacific Coast",-0.92662215461317,"Upland","7","US-A03","SPEI_48__Pacific Coast",5.22662725543053,0.837280954913138,3.58555658380078,6.86769792706028
"SPEI_1","Gulf Coast",-0.92662215461317,"Upland","7","US-A03","SPEI_1__Gulf Coast",8.43885779695845,1.28040785564857,5.92925839988724,10.9484571940297
"SPEI_3","Gulf Coast",-0.92662215461317,"Upland","7","US-A03","SPEI_3__Gulf Coast",11.7497816925416,1.3350083130079,9.13316539904615,14.3663979860371
"SPEI_6","Gulf Coast",-0.92662215461317,"Upland","7","US-A03","SPEI_6__Gulf Coast",9.29516814280712,1.30089429905936,6.74541531665078,11.8449209689635
"SPEI_12","Gulf Coast",-0.92662215461317,"Upland","7","US-A03","SPEI_12__Gulf Coast",9.68531861303776,1.304671934301,7.1281616218078,12.2424756042677
"SPEI_24","Gulf Coast",-0.92662215461317,"Upland","7","US-A03","SPEI_24__Gulf Coast",8.63681077464585,1.28952706992743,6.10933771758809,11.1642838317036
"SPEI_36","Gulf Coast",-0.92662215461317,"Upland","7","US-A03","SPEI_36__Gulf Coast",8.42302535758695,1.28303070949398,5.90828516697875,10.9377655481952
"SPEI_48","Gulf Coast",-0.92662215461317,"Upland","7","US-A03","SPEI_48__Gulf Coast",7.86612522791151,1.26516439022291,5.38640302307461,10.3458474327484
"SPEI_1","AK Coast",-0.92662215461317,"Upland","7","US-A03","SPEI_1__AK Coast",6.87143276487564,0.971651725234753,4.96699538341552,8.77587014633576
"SPEI_3","AK Coast",-0.92662215461317,"Upland","7","US-A03","SPEI_3__AK Coast",6.43630240643167,0.990704182433338,4.49452220886233,8.37808260400102
"SPEI_6","AK Coast",-0.92662215461317,"Upland","7","US-A03","SPEI_6__AK Coast",6.46050870181678,0.988532564756504,4.52298487489404,8.39803252873953
"SPEI_12","AK Coast",-0.92662215461317,"Upland","7","US-A03","SPEI_12__AK Coast",6.44669756228653,0.998394100816788,4.48984512468563,8.40354999988743
"SPEI_24","AK Coast",-0.92662215461317,"Upland","7","US-A03","SPEI_24__AK Coast",6.31098472481022,1.02327285707745,4.30536992493842,8.31659952468203
"SPEI_36","AK Coast",-0.92662215461317,"Upland","7","US-A03","SPEI_36__AK Coast",6.34675547983253,1.00480489531884,4.37733788500761,8.31617307465745
"SPEI_48","AK Coast",-0.92662215461317,"Upland","7","US-A03","SPEI_48__AK Coast",6.50431156954046,0.996086760144743,4.55198151965677,8.45664161942416
"SPEI_1","Atlantic Coast",-0.89238274268946,"Upland","7","US-A03","SPEI_1__Atlantic Coast",4.41312847405766,0.657079201298247,3.12525323951309,5.70100370860222
"SPEI_3","Atlantic Coast",-0.89238274268946,"Upland","7","US-A03","SPEI_3__Atlantic Coast",4.50132558559244,0.659296682835733,3.2091040872344,5.79354708395048
"SPEI_6","Atlantic Coast",-0.89238274268946,"Upland","7","US-A03","SPEI_6__Atlantic Coast",4.46675943103743,0.658402571302564,3.1762903912844,5.75722847079046
"SPEI_12","Atlantic Coast",-0.89238274268946,"Upland","7","US-A03","SPEI_12__Atlantic Coast",4.4399896033628,0.658217720916532,3.14988287036639,5.7300963363592
"SPEI_24","Atlantic Coast",-0.89238274268946,"Upland","7","US-A03","SPEI_24__Atlantic Coast",4.47711618996155,0.658460531983282,3.18653354727432,5.76769883264878
"SPEI_36","Atlantic Coast",-0.89238274268946,"Upland","7","US-A03","SPEI_36__Atlantic Coast",4.51166085611605,0.658812608983887,3.22038814250763,5.80293356972447
"SPEI_48","Atlantic Coast",-0.89238274268946,"Upland","7","US-A03","SPEI_48__Atlantic Coast",4.54722718417395,0.659695838417647,3.25422334087536,5.84023102747254
"SPEI_1","Pacific Coast",-0.89238274268946,"Upland","7","US-A03","SPEI_1__Pacific Coast",5.37899001532057,0.841810741379841,3.72904096221608,7.02893906842506
"SPEI_3","Pacific Coast",-0.89238274268946,"Upland","7","US-A03","SPEI_3__Pacific Coast",5.29332543104752,0.839669983655712,3.64757226308232,6.93907859901271
"SPEI_6","Pacific Coast",-0.89238274268946,"Upland","7","US-A03","SPEI_6__Pacific Coast",5.30239646514877,0.840259936611166,3.65548698939088,6.94930594090665
"SPEI_12","Pacific Coast",-0.89238274268946,"Upland","7","US-A03","SPEI_12__Pacific Coast",5.22699814046096,0.837272781940788,3.58594348785701,6.8680527930649
"SPEI_24","Pacific Coast",-0.89238274268946,"Upland","7","US-A03","SPEI_24__Pacific Coast",5.24887053483073,0.838185353335282,3.60602724229358,6.89171382736788
"SPEI_36","Pacific Coast",-0.89238274268946,"Upland","7","US-A03","SPEI_36__Pacific Coast",5.22675984858768,0.837269588973782,3.58571145419906,6.86780824297629
"SPEI_48","Pacific Coast",-0.89238274268946,"Upland","7","US-A03","SPEI_48__Pacific Coast",5.22662591325783,0.83727895609165,3.58555915931819,6.86769266719746
"SPEI_1","Gulf Coast",-0.89238274268946,"Upland","7","US-A03","SPEI_1__Gulf Coast",8.41855921577383,1.27935651539173,5.91102044560604,10.9260979859416
"SPEI_3","Gulf Coast",-0.89238274268946,"Upland","7","US-A03","SPEI_3__Gulf Coast",11.6309873146881,1.3318157756282,9.02062839445678,14.2413462349193
"SPEI_6","Gulf Coast",-0.89238274268946,"Upland","7","US-A03","SPEI_6__Gulf Coast",9.23907839879998,1.29864017073334,6.69374366416263,11.7844131334373
"SPEI_12","Gulf Coast",-0.89238274268946,"Upland","7","US-A03","SPEI_12__Gulf Coast",9.62038054970706,1.30275581622113,7.06697914991364,12.1737819495005
"SPEI_24","Gulf Coast",-0.89238274268946,"Upland","7","US-A03","SPEI_24__Gulf Coast",8.58678522356057,1.28832465575331,6.06166889828409,11.1119015488371
"SPEI_36","Gulf Coast",-0.89238274268946,"Upland","7","US-A03","SPEI_36__Gulf Coast",8.40423895246534,1.28187116403983,5.89177147094728,10.9167064339834
"SPEI_48","Gulf Coast",-0.89238274268946,"Upland","7","US-A03","SPEI_48__Gulf Coast",7.8661540039604,1.26514952983313,5.38646092548746,10.3458470824333
"SPEI_1","AK Coast",-0.89238274268946,"Upland","7","US-A03","SPEI_1__AK Coast",6.87149885639902,0.971638439391343,4.96708751519199,8.77591019760605
"SPEI_3","AK Coast",-0.89238274268946,"Upland","7","US-A03","SPEI_3__AK Coast",6.43757030434402,0.989593050368299,4.49796792562215,8.37717268306589
"SPEI_6","AK Coast",-0.89238274268946,"Upland","7","US-A03","SPEI_6__AK Coast",6.46643620054797,0.987580285187077,4.5307788415813,8.40209355951465
"SPEI_12","AK Coast",-0.89238274268946,"Upland","7","US-A03","SPEI_12__AK Coast",6.45696302814257,0.997139929481465,4.5025687663589,8.41135728992624
"SPEI_24","AK Coast",-0.89238274268946,"Upland","7","US-A03","SPEI_24__AK Coast",6.32640547096401,1.0203075835891,4.32660260712938,8.32620833479864
"SPEI_36","AK Coast",-0.89238274268946,"Upland","7","US-A03","SPEI_36__AK Coast",6.3582100907026,1.00339800334123,4.39155000415379,8.3248701772514
"SPEI_48","AK Coast",-0.89238274268946,"Upland","7","US-A03","SPEI_48__AK Coast",6.51242871109062,0.995037709004049,4.56215480144268,8.46270262073855
"SPEI_1","Atlantic Coast",-0.858143330765749,"Upland","7","US-A03","SPEI_1__Atlantic Coast",4.41311072631787,0.657077280904414,3.12523925574522,5.70098219689052
"SPEI_3","Atlantic Coast",-0.858143330765749,"Upland","7","US-A03","SPEI_3__Atlantic Coast",4.49834855100253,0.659162408070165,3.20639023118501,5.79030687082006
"SPEI_6","Atlantic Coast",-0.858143330765749,"Upland","7","US-A03","SPEI_6__Atlantic Coast",4.46458439687068,0.658293912190676,3.17432832897695,5.7548404647644
"SPEI_12","Atlantic Coast",-0.858143330765749,"Upland","7","US-A03","SPEI_12__Atlantic Coast",4.43947518167626,0.658141979523084,3.14951690181101,5.7294334615415
"SPEI_24","Atlantic Coast",-0.858143330765749,"Upland","7","US-A03","SPEI_24__Atlantic Coast",4.47453593561572,0.65834586266857,3.18417804478532,5.76489382644612
"SPEI_36","Atlantic Coast",-0.858143330765749,"Upland","7","US-A03","SPEI_36__Atlantic Coast",4.50784998406722,0.658674611347068,3.21684774582697,5.79885222230748
"SPEI_48","Atlantic Coast",-0.858143330765749,"Upland","7","US-A03","SPEI_48__Atlantic Coast",4.54474143095939,0.659594778461517,3.25193566517482,5.83754719674396
"SPEI_1","Pacific Coast",-0.858143330765749,"Upland","7","US-A03","SPEI_1__Pacific Coast",5.3670071861337,0.84159996921965,3.71747124646319,7.01654312580422
"SPEI_3","Pacific Coast",-0.858143330765749,"Upland","7","US-A03","SPEI_3__Pacific Coast",5.28962732160436,0.839555103765528,3.64409931822392,6.9351553249848
"SPEI_6","Pacific Coast",-0.858143330765749,"Upland","7","US-A03","SPEI_6__Pacific Coast",5.29685925531431,0.840131728452777,3.65020106754686,6.94351744308175
"SPEI_12","Pacific Coast",-0.858143330765749,"Upland","7","US-A03","SPEI_12__Pacific Coast",5.22698321699378,0.83727129861169,3.58593147171487,6.8680349622727
"SPEI_24","Pacific Coast",-0.858143330765749,"Upland","7","US-A03","SPEI_24__Pacific Coast",5.24829842200334,0.838147151821176,3.60553000443383,6.89106683957284
"SPEI_36","Pacific Coast",-0.858143330765749,"Upland","7","US-A03","SPEI_36__Pacific Coast",5.22675638618686,0.837268330146579,3.58571045909956,6.86780231327415
"SPEI_48","Pacific Coast",-0.858143330765749,"Upland","7","US-A03","SPEI_48__Pacific Coast",5.22662453070435,0.837277017720198,3.58556157597276,6.86768748543593
"SPEI_1","Gulf Coast",-0.858143330765749,"Upland","7","US-A03","SPEI_1__Gulf Coast",8.39825946810625,1.27834200091625,5.89270914631041,10.9038097899021
"SPEI_3","Gulf Coast",-0.858143330765749,"Upland","7","US-A03","SPEI_3__Gulf Coast",11.4991368979372,1.32879704989593,8.89469468014117,14.1035791157332
"SPEI_6","Gulf Coast",-0.858143330765749,"Upland","7","US-A03","SPEI_6__Gulf Coast",9.18178341355182,1.29658000319883,6.64048660728211,11.7230802198215
"SPEI_12","Gulf Coast",-0.858143330765749,"Upland","7","US-A03","SPEI_12__Gulf Coast",9.55326748587196,1.30099163389151,7.0033238834446,12.1032110882993
"SPEI_24","Gulf Coast",-0.858143330765749,"Upland","7","US-A03","SPEI_24__Gulf Coast",8.53786190911788,1.28729155221046,6.01477046678537,11.0609533514504
"SPEI_36","Gulf Coast",-0.858143330765749,"Upland","7","US-A03","SPEI_36__Gulf Coast",8.38545201306938,1.28075043431199,5.87518116181788,10.8957228643209
"SPEI_48","Gulf Coast",-0.858143330765749,"Upland","7","US-A03","SPEI_48__Gulf Coast",7.86618242773255,1.26513518384153,5.38651746740315,10.345847388062
"SPEI_1","AK Coast",-0.858143330765749,"Upland","7","US-A03","SPEI_1__AK Coast",6.87156514536287,0.971625476733979,4.96717921096427,8.77595107976147
"SPEI_3","AK Coast",-0.858143330765749,"Upland","7","US-A03","SPEI_3__AK Coast",6.43930769227255,0.988548610971155,4.50175241476909,8.37686296977601
"SPEI_6","AK Coast",-0.858143330765749,"Upland","7","US-A03","SPEI_6__AK Coast",6.47267765512317,0.986681868200303,4.53878119345057,8.40657411679576
"SPEI_12","AK Coast",-0.858143330765749,"Upland","7","US-A03","SPEI_12__AK Coast",6.46723055313034,0.995915035629038,4.51523708329742,8.41922402296325
"SPEI_24","AK Coast",-0.858143330765749,"Upland","7","US-A03","SPEI_24__AK Coast",6.34201747327535,1.01745862719255,4.34779856397795,8.33623638257275
"SPEI_36","AK Coast",-0.858143330765749,"Upland","7","US-A03","SPEI_36__AK Coast",6.3696668012577,1.00202136523438,4.40570492539832,8.33362867711707
"SPEI_48","AK Coast",-0.858143330765749,"Upland","7","US-A03","SPEI_48__AK Coast",6.52054635018617,0.994010866385326,4.57228505207093,8.46880764830141
"SPEI_1","Atlantic Coast",-0.823903918842039,"Upland","7","US-A03","SPEI_1__Atlantic Coast",4.41309280067186,0.657075435433676,3.12522494722186,5.70096065412186
"SPEI_3","Atlantic Coast",-0.823903918842039,"Upland","7","US-A03","SPEI_3__Atlantic Coast",4.49531351958145,0.659035554010817,3.20360383372025,5.78702320544266
"SPEI_6","Atlantic Coast",-0.823903918842039,"Upland","7","US-A03","SPEI_6__Atlantic Coast",4.46240897457195,0.658189827966049,3.1723569117585,5.75246103738541
"SPEI_12","Atlantic Coast",-0.823903918842039,"Upland","7","US-A03","SPEI_12__Atlantic Coast",4.4389339165596,0.658069816375804,3.14911707646302,5.72875075665617
"SPEI_24","Atlantic Coast",-0.823903918842039,"Upland","7","US-A03","SPEI_24__Atlantic Coast",4.47195541188777,0.658236067626733,3.18181271933937,5.76209810443617
"SPEI_36","Atlantic Coast",-0.823903918842039,"Upland","7","US-A03","SPEI_36__Atlantic Coast",4.50403818103054,0.658542322689935,3.21329522855827,5.79478113350282
"SPEI_48","Atlantic Coast",-0.823903918842039,"Upland","7","US-A03","SPEI_48__Atlantic Coast",4.54218641512458,0.659500876487988,3.24956469720813,5.83480813304104
"SPEI_1","Pacific Coast",-0.823903918842039,"Upland","7","US-A03","SPEI_1__Pacific Coast",5.35503089444476,0.84140649024077,3.70587417357285,7.00418761531667
"SPEI_3","Pacific Coast",-0.823903918842039,"Upland","7","US-A03","SPEI_3__Pacific Coast",5.28591715613854,0.839446141418562,3.64060271895816,6.93123159331892
"SPEI_6","Pacific Coast",-0.823903918842039,"Upland","7","US-A03","SPEI_6__Pacific Coast",5.29138651406798,0.840011991011541,3.64496301168536,6.9378100164506
"SPEI_12","Pacific Coast",-0.823903918842039,"Upland","7","US-A03","SPEI_12__Pacific Coast",5.22696821056306,0.837269864177257,3.58591927677563,6.86801714435048
"SPEI_24","Pacific Coast",-0.823903918842039,"Upland","7","US-A03","SPEI_24__Pacific Coast",5.24771169538628,0.838110118447889,3.60501586322841,6.89040752754414
"SPEI_36","Pacific Coast",-0.823903918842039,"Upland","7","US-A03","SPEI_36__Pacific Coast",5.22675281379483,0.83726711006615,3.58570927806517,6.86779634952448
"SPEI_48","Pacific Coast",-0.823903918842039,"Upland","7","US-A03","SPEI_48__Pacific Coast",5.22662310886239,0.837275140913484,3.58556383267196,6.86768238505281
"SPEI_1","Gulf Coast",-0.823903918842039,"Upland","7","US-A03","SPEI_1__Gulf Coast",8.37795858291378,1.27736435843384,5.87432444038345,10.8815927254441
"SPEI_3","Gulf Coast",-0.823903918842039,"Upland","7","US-A03","SPEI_3__Gulf Coast",11.3550199587982,1.32599157569403,8.75607647043792,13.9539634471585
"SPEI_6","Gulf Coast",-0.823903918842039,"Upland","7","US-A03","SPEI_6__Gulf Coast",9.12335381220057,1.29470060101291,6.58574063421528,11.6609669901859
"SPEI_12","Gulf Coast",-0.823903918842039,"Upland","7","US-A03","SPEI_12__Gulf Coast",9.48399974596398,1.29935759836172,6.93725885317502,12.0307406387529
"SPEI_24","Gulf Coast",-0.823903918842039,"Upland","7","US-A03","SPEI_24__Gulf Coast",8.49015721028151,1.28641505290246,5.9687837065927,11.0115307139703
"SPEI_36","Gulf Coast",-0.823903918842039,"Upland","7","US-A03","SPEI_36__Gulf Coast",8.36666499651945,1.27966851099996,5.85851471495953,10.8748152780794
"SPEI_48","Gulf Coast",-0.823903918842039,"Upland","7","US-A03","SPEI_48__Gulf Coast",7.86621046010949,1.26512136144816,5.3865725916711,10.3458483285479
"SPEI_1","AK Coast",-0.823903918842039,"Upland","7","US-A03","SPEI_1__AK Coast",6.8716315660267,0.971612851932065,4.96727037623986,8.77599275581355
"SPEI_3","AK Coast",-0.823903918842039,"Upland","7","US-A03","SPEI_3__AK Coast",6.44153003309257,0.987569487568622,4.50589383745807,8.37716622872707
"SPEI_6","AK Coast",-0.823903918842039,"Upland","7","US-A03","SPEI_6__AK Coast",6.47922934734715,0.985835480693311,4.54699180518826,8.41146688950604
"SPEI_12","AK Coast",-0.823903918842039,"Upland","7","US-A03","SPEI_12__AK Coast",6.47750005504917,0.994719493407755,4.52784984796997,8.42715026212837
"SPEI_24","AK Coast",-0.823903918842039,"Upland","7","US-A03","SPEI_24__AK Coast",6.35780701612367,1.01472749248843,4.36894113084635,8.34667290140099
"SPEI_36","AK Coast",-0.823903918842039,"Upland","7","US-A03","SPEI_36__AK Coast",6.38112531041743,1.00067503683666,4.41980223821758,8.34244838261728
"SPEI_48","AK Coast",-0.823903918842039,"Upland","7","US-A03","SPEI_48__AK Coast",6.5286643932998,0.993006290170299,4.58237206456602,8.47495672203359
"SPEI_1","Atlantic Coast",-0.789664506918328,"Upland","7","US-A03","SPEI_1__Atlantic Coast",4.4130747100074,0.657073665951928,3.12521032474162,5.70093909527317
"SPEI_3","Atlantic Coast",-0.789664506918328,"Upland","7","US-A03","SPEI_3__Atlantic Coast",4.49222611118393,0.658915974053312,3.20075080203944,5.78370142032843
"SPEI_6","Atlantic Coast",-0.789664506918328,"Upland","7","US-A03","SPEI_6__Atlantic Coast",4.46023319101015,0.658090319329342,3.17037616512464,5.75009021689566
"SPEI_12","Atlantic Coast",-0.789664506918328,"Upland","7","US-A03","SPEI_12__Atlantic Coast",4.4383669529919,0.658001237167529,3.14868452814355,5.72804937784026
"SPEI_24","Atlantic Coast",-0.789664506918328,"Upland","7","US-A03","SPEI_24__Atlantic Coast",4.46937463103365,0.658131147986185,3.17943758098072,5.75931168108657
"SPEI_36","Atlantic Coast",-0.789664506918328,"Upland","7","US-A03","SPEI_36__Atlantic Coast",4.50022548788627,0.658415739274358,3.20973063890852,5.79072033686401
"SPEI_48","Atlantic Coast",-0.789664506918328,"Upland","7","US-A03","SPEI_48__Atlantic Coast",4.53956094661977,0.659413660507833,3.24711017202442,5.83201172121513
"SPEI_1","Pacific Coast",-0.789664506918328,"Upland","7","US-A03","SPEI_1__Pacific Coast",5.34307331245439,0.841229168137809,3.69426414290429,6.9918824820045
"SPEI_3","Pacific Coast",-0.789664506918328,"Upland","7","US-A03","SPEI_3__Pacific Coast",5.28219982785639,0.839343002661513,3.63708754263983,6.92731211307296
"SPEI_6","Pacific Coast",-0.789664506918328,"Upland","7","US-A03","SPEI_6__Pacific Coast",5.28598438282627,0.839900346721776,3.63977970325159,6.93218906240095
"SPEI_12","Pacific Coast",-0.789664506918328,"Upland","7","US-A03","SPEI_12__Pacific Coast",5.22695313089514,0.83726847951118,3.58590691105323,6.86799935073706
"SPEI_24","Pacific Coast",-0.789664506918328,"Upland","7","US-A03","SPEI_24__Pacific Coast",5.2471111852457,0.838074282573809,3.60448559140104,6.88973677909037
"SPEI_36","Pacific Coast",-0.789664506918328,"Upland","7","US-A03","SPEI_36__Pacific Coast",5.22674913425972,0.83726592965961,3.58570791212688,6.86779035639255
"SPEI_48","Pacific Coast",-0.789664506918328,"Upland","7","US-A03","SPEI_48__Pacific Coast",5.22662164889072,0.837273326639623,3.58556592867706,6.86767736910438
"SPEI_1","Gulf Coast",-0.789664506918328,"Upland","7","US-A03","SPEI_1__Gulf Coast",8.35765659670385,1.27642363052982,5.8558662808654,10.8594469125423
"SPEI_3","Gulf Coast",-0.789664506918328,"Upland","7","US-A03","SPEI_3__Gulf Coast",11.1994737817842,1.32342199512171,8.6055666713457,13.7933808922228
"SPEI_6","Gulf Coast",-0.789664506918328,"Upland","7","US-A03","SPEI_6__Gulf Coast",9.06386669485746,1.29298775330707,6.5296106983756,11.5981226913393
"SPEI_12","Gulf Coast",-0.789664506918328,"Upland","7","US-A03","SPEI_12__Gulf Coast",9.41260994033802,1.29783222717201,6.86885877508089,11.9563611055952
"SPEI_24","Gulf Coast",-0.789664506918328,"Upland","7","US-A03","SPEI_24__Gulf Coast",8.44378074006919,1.28568211227205,5.92384380001597,10.9637176801224
"SPEI_36","Gulf Coast",-0.789664506918328,"Upland","7","US-A03","SPEI_36__Gulf Coast",8.34787834979828,1.27862537913032,5.84177260670285,10.8539840928937
"SPEI_48","Gulf Coast",-0.789664506918328,"Upland","7","US-A03","SPEI_48__Gulf Coast",7.8662380631739,1.26510807051557,5.38662624496339,10.3458498813844
"SPEI_1","AK Coast",-0.789664506918328,"Upland","7","US-A03","SPEI_1__AK Coast",6.8716980545344,0.971600577884094,4.96736092188158,8.77603518718723
"SPEI_3","AK Coast",-0.789664506918328,"Upland","7","US-A03","SPEI_3__AK Coast",6.44425139531552,0.986653894697273,4.51040976170886,8.37809302892217
"SPEI_6","AK Coast",-0.789664506918328,"Upland","7","US-A03","SPEI_6__AK Coast",6.4860870331006,0.985039131119848,4.55541033610569,8.4167637300955
"SPEI_12","AK Coast",-0.789664506918328,"Upland","7","US-A03","SPEI_12__AK Coast",6.48777145033941,0.993553371883116,4.5404068414485,8.43513605923031
"SPEI_24","AK Coast",-0.789664506918328,"Upland","7","US-A03","SPEI_24__AK Coast",6.37375970709945,1.01211490583201,4.39001449166871,8.35750492253019
"SPEI_36","AK Coast",-0.789664506918328,"Upland","7","US-A03","SPEI_36__AK Coast",6.39258531199766,0.999359065421213,4.43384154377208,8.35132908022323
"SPEI_48","AK Coast",-0.789664506918328,"Upland","7","US-A03","SPEI_48__AK Coast",6.53678274562837,0.992024035790081,4.59241563547981,8.48114985577693
"SPEI_1","Atlantic Coast",-0.755425094994617,"Upland","7","US-A03","SPEI_1__Atlantic Coast",4.41305646719687,0.657071973330502,3.12519539946908,5.70091753492465
"SPEI_3","Atlantic Coast",-0.755425094994617,"Upland","7","US-A03","SPEI_3__Atlantic Coast",4.48909188210416,0.658803490722898,3.19783704028728,5.78034672392104
"SPEI_6","Atlantic Coast",-0.755425094994617,"Upland","7","US-A03","SPEI_6__Atlantic Coast",4.45805707306442,0.657995386700408,3.16838611513163,5.74772803099722
"SPEI_12","Atlantic Coast",-0.755425094994617,"Upland","7","US-A03","SPEI_12__Atlantic Coast",4.43777541052452,0.657936232438785,3.1482203949445,5.72733042610454
"SPEI_24","Atlantic Coast",-0.755425094994617,"Upland","7","US-A03","SPEI_24__Atlantic Coast",4.46679360472552,0.658031104661495,3.17705263958899,5.75653456986205
"SPEI_36","Atlantic Coast",-0.755425094994617,"Upland","7","US-A03","SPEI_36__Atlantic Coast",4.49641194565694,0.658294857035025,3.20615402586829,5.78666986544559
"SPEI_48","Atlantic Coast",-0.755425094994617,"Upland","7","US-A03","SPEI_48__Atlantic Coast",4.5368636919895,0.65933264989036,3.2445716982044,5.82915568577461
"SPEI_1","Pacific Coast",-0.755425094994617,"Upland","7","US-A03","SPEI_1__Pacific Coast",5.33114718138718,0.841066822181859,3.68265620991074,6.97963815286363
"SPEI_3","Pacific Coast",-0.755425094994617,"Upland","7","US-A03","SPEI_3__Pacific Coast",5.27848022483135,0.839245567497784,3.6335589125357,6.92340153712701
"SPEI_6","Pacific Coast",-0.755425094994617,"Upland","7","US-A03","SPEI_6__Pacific Coast",5.28065873954572,0.839796400131916,3.63465779528717,6.92665968380428
"SPEI_12","Pacific Coast",-0.755425094994617,"Upland","7","US-A03","SPEI_12__Pacific Coast",5.2269379876383,0.837267145347217,3.58589438275776,6.86798159251885
"SPEI_24","Pacific Coast",-0.755425094994617,"Upland","7","US-A03","SPEI_24__Pacific Coast",5.24649773581246,0.838039665878181,3.60393999069122,6.8890554809337
"SPEI_36","Pacific Coast",-0.755425094994617,"Upland","7","US-A03","SPEI_36__Pacific Coast",5.22674535040693,0.837264789706308,3.58570636258257,6.8677843382313
"SPEI_48","Pacific Coast",-0.755425094994617,"Upland","7","US-A03","SPEI_48__Pacific Coast",5.22662015201665,0.837271575720476,3.58556786360452,6.86767244042878
"SPEI_1","Gulf Coast",-0.755425094994617,"Upland","7","US-A03","SPEI_1__Gulf Coast",8.33735355560286,1.27551985671652,5.83733463643848,10.8373724747672
"SPEI_3","Gulf Coast",-0.755425094994617,"Upland","7","US-A03","SPEI_3__Gulf Coast",11.0333887500202,1.32109512027255,8.44404231428602,13.6227351857544
"SPEI_6","Gulf Coast",-0.755425094994617,"Upland","7","US-A03","SPEI_6__Gulf Coast",9.00340688198915,1.29142669500082,6.47221055978755,11.5346032041908
"SPEI_12","Gulf Coast",-0.755425094994617,"Upland","7","US-A03","SPEI_12__Gulf Coast",9.33914651055827,1.2963950658807,6.79821218143211,11.8800808396844
"SPEI_24","Gulf Coast",-0.755425094994617,"Upland","7","US-A03","SPEI_24__Gulf Coast",8.39883209080036,1.28507970373189,5.88007587148585,10.9175883101149
"SPEI_36","Gulf Coast",-0.755425094994617,"Upland","7","US-A03","SPEI_36__Gulf Coast",8.32909250147044,1.27762101934059,5.82495530356288,10.833229699378
"SPEI_48","Gulf Coast",-0.755425094994617,"Upland","7","US-A03","SPEI_48__Gulf Coast",7.86626520093424,1.26509531760694,5.38667837842464,10.3458520234438
"SPEI_1","AK Coast",-0.755425094994617,"Upland","7","US-A03","SPEI_1__AK Coast",6.87176455027383,0.971588665707323,4.96745076548748,8.77607833506018
"SPEI_3","AK Coast",-0.755425094994617,"Upland","7","US-A03","SPEI_3__AK Coast",6.4474839313108,0.985799705439786,4.51531650864882,8.37965135397278
"SPEI_6","AK Coast",-0.755425094994617,"Upland","7","US-A03","SPEI_6__AK Coast",6.49324587747287,0.984290711555868,4.56403608282337,8.42245567212237
"SPEI_12","AK Coast",-0.755425094994617,"Upland","7","US-A03","SPEI_12__AK Coast",6.4980446549505,0.992416735299821,4.55290785376285,8.44318145613815
"SPEI_24","AK Coast",-0.755425094994617,"Upland","7","US-A03","SPEI_24__AK Coast",6.38986042464976,1.00962086425262,4.41100353071462,8.3687173185849
"SPEI_36","AK Coast",-0.755425094994617,"Upland","7","US-A03","SPEI_36__AK Coast",6.40404649646692,0.998073490302309,4.44782245547439,8.36027053745944
"SPEI_48","AK Coast",-0.755425094994617,"Upland","7","US-A03","SPEI_48__AK Coast",6.54490131172108,0.991064156326642,4.60241556532086,8.4873870581213
"SPEI_1","Atlantic Coast",-0.721185683070906,"Upland","7","US-A03","SPEI_1__Atlantic Coast",4.41303808499031,0.657070358249327,3.12518018282163,5.70089598715899
"SPEI_3","Atlantic Coast",-0.721185683070906,"Upland","7","US-A03","SPEI_3__Atlantic Coast",4.48591628520788,0.658697899788457,3.1948684016225,5.77696416879326
"SPEI_6","Atlantic Coast",-0.721185683070906,"Upland","7","US-A03","SPEI_6__Atlantic Coast",4.45588064739392,0.657905030235764,3.16638678813183,5.74537450665602
"SPEI_12","Atlantic Coast",-0.721185683070906,"Upland","7","US-A03","SPEI_12__Atlantic Coast",4.43716037372406,0.657874778570394,3.14772580772609,5.72659493972203
"SPEI_24","Atlantic Coast",-0.721185683070906,"Upland","7","US-A03","SPEI_24__Atlantic Coast",4.46421234397625,0.657935938365353,3.17465790478016,5.75376678317234
"SPEI_36","Atlantic Coast",-0.721185683070906,"Upland","7","US-A03","SPEI_36__Atlantic Coast",4.49259759509868,0.658179671626358,3.20256543871102,5.78262975148634
"SPEI_48","Atlantic Coast",-0.721185683070906,"Upland","7","US-A03","SPEI_48__Atlantic Coast",4.53409318164116,0.659257360170174,3.24194875570762,5.8262376075747
"SPEI_1","Pacific Coast",-0.721185683070906,"Upland","7","US-A03","SPEI_1__Pacific Coast",5.31926569671386,0.840918249843175,3.67106592702124,6.96746546640648
"SPEI_3","Pacific Coast",-0.721185683070906,"Upland","7","US-A03","SPEI_3__Pacific Coast",5.27476319800229,0.839153692821569,3.63002196007201,6.91950443593256
"SPEI_6","Pacific Coast",-0.721185683070906,"Upland","7","US-A03","SPEI_6__Pacific Coast",5.27541518843816,0.839699741922497,3.62960369427006,6.92122668260625
"SPEI_12","Pacific Coast",-0.721185683070906,"Upland","7","US-A03","SPEI_12__Pacific Coast",5.22692279029491,0.837265862279858,3.58588170022639,6.86796388036344
"SPEI_24","Pacific Coast",-0.721185683070906,"Upland","7","US-A03","SPEI_24__Pacific Coast",5.24587219686564,0.83800628254299,3.60337988308138,6.8883645106499
"SPEI_36","Pacific Coast",-0.721185683070906,"Upland","7","US-A03","SPEI_36__Pacific Coast",5.22674146500621,0.837263690838806,3.58570463096214,6.86777829905027
"SPEI_48","Pacific Coast",-0.721185683070906,"Upland","7","US-A03","SPEI_48__Pacific Coast",5.22661861951811,0.83726988883259,3.58556963740624,6.86766760162999
"SPEI_1","Gulf Coast",-0.721185683070906,"Upland","7","US-A03","SPEI_1__Gulf Coast",8.31704951429116,1.27465307368043,5.81872948987752,10.8153695387048
"SPEI_3","Gulf Coast",-0.721185683070906,"Upland","7","US-A03","SPEI_3__Gulf Coast",10.8576973027744,1.31900304100191,8.27245134241065,13.4429432631382
"SPEI_6","Gulf Coast",-0.721185683070906,"Upland","7","US-A03","SPEI_6__Gulf Coast",8.94206570464537,1.29000238980467,6.41366102062821,11.4704703886625
"SPEI_12","Gulf Coast",-0.721185683070906,"Upland","7","US-A03","SPEI_12__Gulf Coast",9.26367208164976,1.2950270153278,6.72541913160727,11.8019250316923
"SPEI_24","Gulf Coast",-0.721185683070906,"Upland","7","US-A03","SPEI_24__Gulf Coast",8.35540103775157,1.28459502341664,5.83759479185495,10.8732072836482
"SPEI_36","Gulf Coast",-0.721185683070906,"Upland","7","US-A03","SPEI_36__Gulf Coast",8.31030786015511,1.27665540866122,5.80806325917911,10.8125524611311
"SPEI_48","Gulf Coast",-0.721185683070906,"Upland","7","US-A03","SPEI_48__Gulf Coast",7.86629183937036,1.26508310800242,5.38672894768562,10.3458547310551
"SPEI_1","AK Coast",-0.721185683070906,"Upland","7","US-A03","SPEI_1__AK Coast",6.87183099605557,0.97157712474111,4.96753983156299,8.77612216054814
"SPEI_3","AK Coast",-0.721185683070906,"Upland","7","US-A03","SPEI_3__AK Coast",6.45123799905138,0.985004496656299,4.52062918560503,8.38184681249773
"SPEI_6","AK Coast",-0.721185683070906,"Upland","7","US-A03","SPEI_6__AK Coast",6.50070057179516,0.983588022578829,4.57286804754066,8.42853309604967
"SPEI_12","AK Coast",-0.721185683070906,"Upland","7","US-A03","SPEI_12__AK Coast",6.50831958518792,0.991309643243743,4.56535268443018,8.45128648594565
"SPEI_24","AK Coast",-0.721185683070906,"Upland","7","US-A03","SPEI_24__AK Coast",6.40609348471863,1.00724468034869,4.43189391123519,8.38029305820207
"SPEI_36","AK Coast",-0.721185683070906,"Upland","7","US-A03","SPEI_36__AK Coast",6.41550855336381,0.996818343085493,4.46174460091625,8.36927250581138
"SPEI_48","AK Coast",-0.721185683070906,"Upland","7","US-A03","SPEI_48__AK Coast",6.55301999619418,0.990126702548157,4.61237165919979,8.49366833318857
"SPEI_1","Atlantic Coast",-0.686946271147196,"Upland","7","US-A03","SPEI_1__Atlantic Coast",4.41301957591098,0.657068821204345,3.12516468635047,5.7008744654715
"SPEI_3","Atlantic Coast",-0.686946271147196,"Upland","7","US-A03","SPEI_3__Atlantic Coast",4.4827046287925,0.658598975293797,3.19185063721665,5.77355862036834
"SPEI_6","Atlantic Coast",-0.686946271147196,"Upland","7","US-A03","SPEI_6__Atlantic Coast",4.45370394021396,0.657819249854222,3.16437821049968,5.74302966992823
"SPEI_12","Atlantic Coast",-0.686946271147196,"Upland","7","US-A03","SPEI_12__Atlantic Coast",4.43652288199811,0.657816839153404,3.14720187725744,5.72584388673878
"SPEI_24","Atlantic Coast",-0.686946271147196,"Upland","7","US-A03","SPEI_24__Atlantic Coast",4.46163085904604,0.65784564962703,3.17225338577706,5.75100833231502
"SPEI_36","Atlantic Coast",-0.686946271147196,"Upland","7","US-A03","SPEI_36__Atlantic Coast",4.48878247631089,0.658070178487539,3.19896492647531,5.77860002614646
"SPEI_48","Atlantic Coast",-0.686946271147196,"Upland","7","US-A03","SPEI_48__Atlantic Coast",4.53124781219626,0.659187309470325,3.23924068563442,5.82325493875809
"SPEI_1","Pacific Coast",-0.686946271147196,"Upland","7","US-A03","SPEI_1__Pacific Coast",5.3074424167947,0.840782252812738,3.65950920128173,6.95537563230767
"SPEI_3","Pacific Coast",-0.686946271147196,"Upland","7","US-A03","SPEI_3__Pacific Coast",5.271053529808,0.839067216291717,3.62648178587623,6.91562527373976
"SPEI_6","Pacific Coast",-0.686946271147196,"Upland","7","US-A03","SPEI_6__Pacific Coast",5.2702590399453,0.839609954047428,3.62462353001234,6.91589454987826
"SPEI_12","Pacific Coast",-0.686946271147196,"Upland","7","US-A03","SPEI_12__Pacific Coast",5.22690754815286,0.837264630768229,3.58586887184713,6.86794622445859
"SPEI_24","Pacific Coast",-0.686946271147196,"Upland","7","US-A03","SPEI_24__Pacific Coast",5.24523541607929,0.837974139635,3.60280610239469,6.88766472976389
"SPEI_36","Pacific Coast",-0.686946271147196,"Upland","7","US-A03","SPEI_36__Pacific Coast",5.22673748073904,0.837262633547109,3.5857027189867,6.86777224249137
"SPEI_48","Pacific Coast",-0.686946271147196,"Upland","7","US-A03","SPEI_48__Pacific Coast",5.22661705270887,0.837268266511216,3.58557125034688,6.86766285507085
"SPEI_1","Gulf Coast",-0.686946271147196,"Upland","7","US-A03","SPEI_1__Gulf Coast",8.29674453532289,1.27382331561428,5.8000508367189,10.7934382339269
"SPEI_3","Gulf Coast",-0.686946271147196,"Upland","7","US-A03","SPEI_3__Gulf Coast",10.6733650455646,1.31712499720501,8.09180005104272,13.2549300400864
"SPEI_6","Gulf Coast",-0.686946271147196,"Upland","7","US-A03","SPEI_6__Gulf Coast",8.87994010314108,1.28869984524173,6.35408840646729,11.4057917998149
"SPEI_12","Gulf Coast",-0.686946271147196,"Upland","7","US-A03","SPEI_12__Gulf Coast",9.18626243644823,1.29371070083161,6.65058946281828,11.7219354100782
"SPEI_24","Gulf Coast",-0.686946271147196,"Upland","7","US-A03","SPEI_24__Gulf Coast",8.31356736782192,1.28421571261696,5.79650457109268,10.8306301645512
"SPEI_36","Gulf Coast",-0.686946271147196,"Upland","7","US-A03","SPEI_36__Gulf Coast",8.29152481235838,1.27572852146277,5.79109691029136,10.7919527144254
"SPEI_48","Gulf Coast",-0.686946271147196,"Upland","7","US-A03","SPEI_48__Gulf Coast",7.86631794655141,1.26507144574683,5.38677791288762,10.3458579802152
"SPEI_1","AK Coast",-0.686946271147196,"Upland","7","US-A03","SPEI_1__AK Coast",6.87189733839935,0.971565962587194,4.96762805172845,8.77616662507025
"SPEI_3","AK Coast",-0.686946271147196,"Upland","7","US-A03","SPEI_3__AK Coast",6.45552220962287,0.984265603746889,4.52636162627896,8.38468279296677
"SPEI_6","AK Coast",-0.686946271147196,"Upland","7","US-A03","SPEI_6__AK Coast",6.508445425774,0.982928803136023,4.58190497162739,8.4349858799206
"SPEI_12","AK Coast",-0.686946271147196,"Upland","7","US-A03","SPEI_12__AK Coast",6.51859615850848,0.990232150882504,4.57774114277877,8.45945117423819
"SPEI_24","AK Coast",-0.686946271147196,"Upland","7","US-A03","SPEI_24__AK Coast",6.42244277551088,1.00498503882835,4.45267209940731,8.39221345161445
"SPEI_36","AK Coast",-0.686946271147196,"Upland","7","US-A03","SPEI_36__AK Coast",6.42697117352591,0.995593648107075,4.47560762323604,8.37833472381577
"SPEI_48","AK Coast",-0.686946271147196,"Upland","7","US-A03","SPEI_48__AK Coast",6.56113870441029,0.989211722982695,4.62228372736421,8.49999368145637
"SPEI_1","Atlantic Coast",-0.652706859223485,"Upland","7","US-A03","SPEI_1__Atlantic Coast",4.41300095217333,0.657067362518983,3.12514892163613,5.70085298271054
"SPEI_3","Atlantic Coast",-0.652706859223485,"Upland","7","US-A03","SPEI_3__Atlantic Coast",4.4794620454283,0.658506474964982,3.18878935449694,5.77013473635967
"SPEI_6","Atlantic Coast",-0.652706859223485,"Upland","7","US-A03","SPEI_6__Atlantic Coast",4.45152697711782,0.657738045267173,3.16236040839416,5.74069354584148
"SPEI_12","Atlantic Coast",-0.652706859223485,"Upland","7","US-A03","SPEI_12__Atlantic Coast",4.43586392224087,0.657762366623141,3.14664968365951,5.72507816082223
"SPEI_24","Atlantic Coast",-0.652706859223485,"Upland","7","US-A03","SPEI_24__Atlantic Coast",4.45904915938559,0.657760238813971,3.16983909131021,5.74825922746098
"SPEI_36","Atlantic Coast",-0.652706859223485,"Upland","7","US-A03","SPEI_36__Atlantic Coast",4.48496662842688,0.657966372914099,3.19535253751525,5.77458071933851
"SPEI_48","Atlantic Coast",-0.652706859223485,"Upland","7","US-A03","SPEI_48__Atlantic Coast",4.52832585284372,0.659122025167346,3.23644668351572,5.82020502217172
"SPEI_1","Pacific Coast",-0.652706859223485,"Upland","7","US-A03","SPEI_1__Pacific Coast",5.29569117543959,0.840657662147616,3.64800215763027,6.94338019324892
"SPEI_3","Pacific Coast",-0.652706859223485,"Upland","7","US-A03","SPEI_3__Pacific Coast",5.2673559093182,0.838985960580466,3.62294342658049,6.91176839205592
"SPEI_6","Pacific Coast",-0.652706859223485,"Upland","7","US-A03","SPEI_6__Pacific Coast",5.26519530057378,0.839526615155744,3.61972313486852,6.91066746627904
"SPEI_12","Pacific Coast",-0.652706859223485,"Upland","7","US-A03","SPEI_12__Pacific Coast",5.22689227023336,0.837263451143239,3.58585590599261,6.8679286344741
"SPEI_24","Pacific Coast",-0.652706859223485,"Upland","7","US-A03","SPEI_24__Pacific Coast",5.244588232648,0.837943237658612,3.60221948683712,6.88695697845888
"SPEI_36","Pacific Coast",-0.652706859223485,"Upland","7","US-A03","SPEI_36__Pacific Coast",5.2267334001742,0.837261618186268,3.58570062852912,6.86776617181929
"SPEI_48","Pacific Coast",-0.652706859223485,"Upland","7","US-A03","SPEI_48__Pacific Coast",5.22661545292535,0.837266709157674,3.58557270297631,6.8676582028744
"SPEI_1","Gulf Coast",-0.652706859223485,"Upland","7","US-A03","SPEI_1__Gulf Coast",8.27643868835765,1.27303061457005,5.78129868380036,10.7715786929149
"SPEI_3","Gulf Coast",-0.652706859223485,"Upland","7","US-A03","SPEI_3__Gulf Coast",10.4813822294819,1.31542975833814,7.90313990313913,13.0596245558246
"SPEI_6","Gulf Coast",-0.652706859223485,"Upland","7","US-A03","SPEI_6__Gulf Coast",8.81713170998975,1.28750441977774,6.29362304722538,11.3406403727541
"SPEI_12","Gulf Coast",-0.652706859223485,"Upland","7","US-A03","SPEI_12__Gulf Coast",9.10700531049877,1.292430811064,6.57384092081332,11.6401697001842
"SPEI_24","Gulf Coast",-0.652706859223485,"Upland","7","US-A03","SPEI_24__Gulf Coast",8.27340098329001,1.28393006646243,5.75689805302365,10.7899039135564
"SPEI_36","Gulf Coast",-0.652706859223485,"Upland","7","US-A03","SPEI_36__Gulf Coast",8.2727437211881,1.27484033045061,5.77405667350492,10.7714307688713
"SPEI_48","Gulf Coast",-0.652706859223485,"Upland","7","US-A03","SPEI_48__Gulf Coast",7.86634349268802,1.265060333725,5.38682523858701,10.345861746789
"SPEI_1","AK Coast",-0.652706859223485,"Upland","7","US-A03","SPEI_1__AK Coast",6.87196352767108,0.971555185192847,4.9677153646931,8.77621169064906
"SPEI_3","AK Coast",-0.652706859223485,"Upland","7","US-A03","SPEI_3__AK Coast",6.46034351023681,0.983580179015993,4.53252635936546,8.38816066110815
"SPEI_6","AK Coast",-0.652706859223485,"Upland","7","US-A03","SPEI_6__AK Coast",6.51647445485408,0.982310761639581,4.5911453620405,8.44180354766766
"SPEI_12","AK Coast",-0.652706859223485,"Upland","7","US-A03","SPEI_12__AK Coast",6.52887429414436,0.989184309264914,4.59007304798513,8.46767554030359
"SPEI_24","AK Coast",-0.652706859223485,"Upland","7","US-A03","SPEI_24__AK Coast",6.43889188113071,1.0028400628778,4.47332535789022,8.4044584043712
"SPEI_36","AK Coast",-0.652706859223485,"Upland","7","US-A03","SPEI_36__AK Coast",6.43843405094114,0.99439942300416,4.48941118185298,8.38745692002929
"SPEI_48","AK Coast",-0.652706859223485,"Upland","7","US-A03","SPEI_48__AK Coast",6.56925734304756,0.988319264019529,4.63215158556928,8.50636310052583
"SPEI_1","Atlantic Coast",-0.618467447299774,"Upland","7","US-A03","SPEI_1__Atlantic Coast",4.41298222540923,0.657065982360817,3.12513289998203,5.70083155083643
"SPEI_3","Atlantic Coast",-0.618467447299774,"Upland","7","US-A03","SPEI_3__Atlantic Coast",4.47619335288844,0.65842015083028,3.18568985726109,5.76669684851579
"SPEI_6","Atlantic Coast",-0.618467447299774,"Upland","7","US-A03","SPEI_6__Atlantic Coast",4.44934978251019,0.65766141604655,3.16033340705895,5.73836615796143
"SPEI_12","Atlantic Coast",-0.618467447299774,"Upland","7","US-A03","SPEI_12__Atlantic Coast",4.43518438953197,0.657711305189461,3.14607023136063,5.72429854770331
"SPEI_24","Atlantic Coast",-0.618467447299774,"Upland","7","US-A03","SPEI_24__Atlantic Coast",4.45646725309333,0.657679706187241,3.16741502896634,5.74551947722032
"SPEI_36","Atlantic Coast",-0.618467447299774,"Upland","7","US-A03","SPEI_36__Atlantic Coast",4.48115008870263,0.657868250244739,3.19172831822294,5.77057185918232
"SPEI_48","Atlantic Coast",-0.618467447299774,"Upland","7","US-A03","SPEI_48__Atlantic Coast",4.52532537716548,0.659061063088638,3.23356569351175,5.81708506081921
"SPEI_1","Pacific Coast",-0.618467447299774,"Upland","7","US-A03","SPEI_1__Pacific Coast",5.28402614975605,0.840543400457025,3.63656108486028,6.93149121465182
"SPEI_3","Pacific Coast",-0.618467447299774,"Upland","7","US-A03","SPEI_3__Pacific Coast",5.26367484917594,0.838909743038336,3.6194117528208,6.90793794553108
"SPEI_6","Pacific Coast",-0.618467447299774,"Upland","7","US-A03","SPEI_6__Pacific Coast",5.26022847955435,0.839449313956691,3.61490782419924,6.90554913490947
"SPEI_12","Pacific Coast",-0.618467447299774,"Upland","7","US-A03","SPEI_12__Pacific Coast",5.226876965075,0.837262323617165,3.58584281078535,6.86791111936464
"SPEI_24","Pacific Coast",-0.618467447299774,"Upland","7","US-A03","SPEI_24__Pacific Coast",5.24393146529468,0.83791357151048,3.60162086513414,6.88624206545522
"SPEI_36","Pacific Coast",-0.618467447299774,"Upland","7","US-A03","SPEI_36__Pacific Coast",5.22672922567429,0.837260644985254,3.58569836150319,6.86776008984538
"SPEI_48","Pacific Coast",-0.618467447299774,"Upland","7","US-A03","SPEI_48__Pacific Coast",5.22661382152613,0.83726521704645,3.58557399611509,6.86765364693717
"SPEI_1","Gulf Coast",-0.618467447299774,"Upland","7","US-A03","SPEI_1__Gulf Coast",8.2561320535702,1.27227500145553,5.76247305071737,10.749791056423
"SPEI_3","Gulf Coast",-0.618467447299774,"Upland","7","US-A03","SPEI_3__Gulf Coast",10.2827689891803,1.31388029474939,7.70756361147147,12.8579743668891
"SPEI_6","Gulf Coast",-0.618467447299774,"Upland","7","US-A03","SPEI_6__Gulf Coast",8.75374863653392,1.28640250687242,6.23239972306398,11.2750975500038
"SPEI_12","Gulf Coast",-0.618467447299774,"Upland","7","US-A03","SPEI_12__Gulf Coast",9.02600620854093,1.29117514362342,6.49530292703902,11.5567094900428
"SPEI_24","Gulf Coast",-0.618467447299774,"Upland","7","US-A03","SPEI_24__Gulf Coast",8.23495610683746,1.28372751707662,5.71885017336729,10.7510620403076
"SPEI_36","Gulf Coast",-0.618467447299774,"Upland","7","US-A03","SPEI_36__Gulf Coast",8.25396491095996,1.27399080893041,5.75694292545636,10.7509868964636
"SPEI_48","Gulf Coast",-0.618467447299774,"Upland","7","US-A03","SPEI_48__Gulf Coast",7.86636845147397,1.26504977379256,5.38687089484055,10.3458660081074
"SPEI_1","AK Coast",-0.618467447299774,"Upland","7","US-A03","SPEI_1__AK Coast",6.87202952051886,0.971544796907842,4.96780171857948,8.77625732245822
"SPEI_3","AK Coast",-0.618467447299774,"Upland","7","US-A03","SPEI_3__AK Coast",6.46570627974712,0.982945303992149,4.53913348392251,8.39227907557173
"SPEI_6","AK Coast",-0.618467447299774,"Upland","7","US-A03","SPEI_6__AK Coast",6.52478129976527,0.981731643231495,4.60058727903154,8.448975320499
"SPEI_12","AK Coast",-0.618467447299774,"Upland","7","US-A03","SPEI_12__AK Coast",6.53915391482664,0.988166165867017,4.60234822972729,8.47595959992599
"SPEI_24","AK Coast",-0.618467447299774,"Upland","7","US-A03","SPEI_24__AK Coast",6.45542403405266,1.00080740416622,4.49384152188686,8.41700654621846
"SPEI_36","AK Coast",-0.618467447299774,"Upland","7","US-A03","SPEI_36__AK Coast",6.44989688665442,0.993235679920373,4.50315495401049,8.39663881929835
"SPEI_48","AK Coast",-0.618467447299774,"Upland","7","US-A03","SPEI_48__AK Coast",6.57737582152152,0.98744937013033,4.64197505606607,8.51277658697697
"SPEI_1","Atlantic Coast",-0.584228035376064,"Upland","7","US-A03","SPEI_1__Atlantic Coast",4.41296340671182,0.657064680763622,3.12511663241512,5.70081018100852
"SPEI_3","Atlantic Coast",-0.584228035376064,"Upland","7","US-A03","SPEI_3__Atlantic Coast",4.4729030853252,0.658339754032449,3.1825571674216,5.7632490032288
"SPEI_6","Atlantic Coast",-0.584228035376064,"Upland","7","US-A03","SPEI_6__Atlantic Coast",4.44717237968855,0.657589361656675,3.15829723084147,5.73604752853563
"SPEI_12","Atlantic Coast",-0.584228035376064,"Upland","7","US-A03","SPEI_12__Atlantic Coast",4.43448509743418,0.657663592865996,3.14546445541683,5.72350573945154
"SPEI_24","Atlantic Coast",-0.584228035376064,"Upland","7","US-A03","SPEI_24__Atlantic Coast",4.45388514709977,0.657604051921118,3.16498120533438,5.74278908886516
"SPEI_36","Atlantic Coast",-0.584228035376064,"Upland","7","US-A03","SPEI_36__Atlantic Coast",4.47733289263488,0.65777580591354,3.18809231304435,5.76657347222542
"SPEI_48","Atlantic Coast",-0.584228035376064,"Upland","7","US-A03","SPEI_48__Atlantic Coast",4.52224429932932,0.659004010324692,3.23059643909292,5.81389215956572
"SPEI_1","Pacific Coast",-0.584228035376064,"Upland","7","US-A03","SPEI_1__Pacific Coast",5.27246175198037,0.840438491432253,3.62520230877316,6.91972119518759
"SPEI_3","Pacific Coast",-0.584228035376064,"Upland","7","US-A03","SPEI_3__Pacific Coast",5.26001469853216,0.838838379276593,3.61589147515004,6.90413792191428
"SPEI_6","Pacific Coast",-0.584228035376064,"Upland","7","US-A03","SPEI_6__Pacific Coast",5.2553626605361,0.839377652675351,3.61018246129241,6.90054285977978
"SPEI_12","Pacific Coast",-0.584228035376064,"Upland","7","US-A03","SPEI_12__Pacific Coast",5.2268616407795,0.837261248299773,3.58582959411195,6.86789368744706
"SPEI_24","Pacific Coast",-0.584228035376064,"Upland","7","US-A03","SPEI_24__Pacific Coast",5.24326591176305,0.837885131408349,3.60101105420269,6.88552076932342
"SPEI_36","Pacific Coast",-0.584228035376064,"Upland","7","US-A03","SPEI_36__Pacific Coast",5.22672495941475,0.837259714064293,3.58569591984874,6.86775399898077
"SPEI_48","Pacific Coast",-0.584228035376064,"Upland","7","US-A03","SPEI_48__Pacific Coast",5.2266121598809,0.837263790342669,3.58557513080926,6.86764918895253
"SPEI_1","Gulf Coast",-0.584228035376064,"Upland","7","US-A03","SPEI_1__Gulf Coast",8.23582471953393,1.27155650624462,5.74357396729449,10.7280754717734
"SPEI_3","Gulf Coast",-0.584228035376064,"Upland","7","US-A03","SPEI_3__Gulf Coast",10.0785652826723,1.31243647650283,7.5061897887267,12.6509407766178
"SPEI_6","Gulf Coast",-0.584228035376064,"Upland","7","US-A03","SPEI_6__Gulf Coast",8.68990387995746,1.28538170582751,6.17055573653554,11.2092520233794
"SPEI_12","Gulf Coast",-0.584228035376064,"Upland","7","US-A03","SPEI_12__Gulf Coast",8.94338486284658,1.28993464501588,6.41511295861545,11.4716567670777
"SPEI_24","Gulf Coast",-0.584228035376064,"Upland","7","US-A03","SPEI_24__Gulf Coast",8.19827382038451,1.28359869354608,5.68242038103419,10.7141272597348
"SPEI_36","Gulf Coast",-0.584228035376064,"Upland","7","US-A03","SPEI_36__Gulf Coast",8.23518867255421,1.27317993156188,5.73975600669291,10.7306213384155
"SPEI_48","Gulf Coast",-0.584228035376064,"Upland","7","US-A03","SPEI_48__Gulf Coast",7.86639279957357,1.26503976691854,5.38691485641324,10.3458707427339
"SPEI_1","AK Coast",-0.584228035376064,"Upland","7","US-A03","SPEI_1__AK Coast",6.87209527894424,0.971534800703198,4.96788706956597,8.7763034883225
"SPEI_3","AK Coast",-0.584228035376064,"Upland","7","US-A03","SPEI_3__AK Coast",6.47161278294462,0.982358038658424,4.54619102717411,8.39703453871513
"SPEI_6","AK Coast",-0.584228035376064,"Upland","7","US-A03","SPEI_6__AK Coast",6.53335933774939,0.981189252789784,4.61022840228141,8.45649027321737
"SPEI_12","AK Coast",-0.584228035376064,"Upland","7","US-A03","SPEI_12__AK Coast",6.5494349465769,0.987177764988999,4.61456652719846,8.48430336595533
"SPEI_24","AK Coast",-0.584228035376064,"Upland","7","US-A03","SPEI_24__AK Coast",6.47202224319324,0.998884332591693,4.51420895131352,8.42983553507296
"SPEI_36","AK Coast",-0.584228035376064,"Upland","7","US-A03","SPEI_36__AK Coast",6.46135938875768,0.992102426253785,4.51683863330026,8.4058801442151
"SPEI_48","AK Coast",-0.584228035376064,"Upland","7","US-A03","SPEI_48__AK Coast",6.5854940519115,0.986602084011252,4.65175396724945,8.51923413657355
"SPEI_1","Atlantic Coast",-0.549988623452353,"Upland","7","US-A03","SPEI_1__Atlantic Coast",4.41294450663403,0.657063457645913,3.12510012964804,5.70078888362002
"SPEI_3","Atlantic Coast",-0.549988623452353,"Upland","7","US-A03","SPEI_3__Atlantic Coast",4.46959550061169,0.65826503921307,3.17939602375407,5.75979497746931
"SPEI_6","Atlantic Coast",-0.549988623452353,"Upland","7","US-A03","SPEI_6__Atlantic Coast",4.44499479082951,0.65752188148413,3.15625190312061,5.7337376785384
"SPEI_12","Atlantic Coast",-0.549988623452353,"Upland","7","US-A03","SPEI_12__Atlantic Coast",4.43376678166272,0.657619163254584,3.14483322168373,5.7227003416417
"SPEI_24","Atlantic Coast",-0.549988623452353,"Upland","7","US-A03","SPEI_24__Atlantic Coast",4.45130284726058,0.657533276122391,3.1625376260607,5.74006806846047
"SPEI_36","Atlantic Coast",-0.549988623452353,"Upland","7","US-A03","SPEI_36__Atlantic Coast",4.47351507393313,0.657689035504301,3.1844445643447,5.76258558352156
"SPEI_48","Atlantic Coast",-0.549988623452353,"Upland","7","US-A03","SPEI_48__Atlantic Coast",4.51908039914942,0.658950488624682,3.22753744144504,5.8106233568538
"SPEI_1","Pacific Coast",-0.549988623452353,"Upland","7","US-A03","SPEI_1__Pacific Coast",5.26101253538676,0.840342070027331,3.61394207813319,6.90808299264033
"SPEI_3","Pacific Coast",-0.549988623452353,"Upland","7","US-A03","SPEI_3__Pacific Coast",5.25637964187176,0.838771686559466,3.6123871362152,6.90037214752831
"SPEI_6","Pacific Coast",-0.549988623452353,"Upland","7","US-A03","SPEI_6__Pacific Coast",5.25060153796553,0.839311250615043,3.60555148676004,6.89565158917101
"SPEI_12","Pacific Coast",-0.549988623452353,"Upland","7","US-A03","SPEI_12__Pacific Coast",5.22684630502122,0.837260225211502,3.58581626360667,6.86787634643576
"SPEI_24","Pacific Coast",-0.549988623452353,"Upland","7","US-A03","SPEI_24__Pacific Coast",5.24259234646078,0.837857903681755,3.60039085524454,6.88479383767702
"SPEI_36","Pacific Coast",-0.549988623452353,"Upland","7","US-A03","SPEI_36__Pacific Coast",5.22672060338814,0.837258825448975,3.58569330550815,6.86774790126813
"SPEI_48","Pacific Coast",-0.549988623452353,"Upland","7","US-A03","SPEI_48__Pacific Coast",5.22661046936025,0.837262429116141,3.58557610829261,6.86764483042788
"SPEI_1","Gulf Coast",-0.549988623452353,"Upland","7","US-A03","SPEI_1__Gulf Coast",8.21551678175459,1.27087515820943,5.7246014716641,10.7064320918451
"SPEI_3","Gulf Coast",-0.549988623452353,"Upland","7","US-A03","SPEI_3__Gulf Coast",9.86982188156937,1.31105767107802,7.30014884625645,12.4394949168823
"SPEI_6","Gulf Coast",-0.549988623452353,"Upland","7","US-A03","SPEI_6__Gulf Coast",8.62571406914978,1.28443097670148,6.10822935481487,11.1431987834847
"SPEI_12","Gulf Coast",-0.549988623452353,"Upland","7","US-A03","SPEI_12__Gulf Coast",8.85927277697609,1.28870345714933,6.3334140009634,11.3851315529888
"SPEI_24","Gulf Coast",-0.549988623452353,"Upland","7","US-A03","SPEI_24__Gulf Coast",8.1633835519305,1.28353547040544,5.64765402993583,10.6791130739252
"SPEI_36","Gulf Coast",-0.549988623452353,"Upland","7","US-A03","SPEI_36__Gulf Coast",8.21641526603723,1.27240767511075,5.72249622282015,10.7103343092543
"SPEI_48","Gulf Coast",-0.549988623452353,"Upland","7","US-A03","SPEI_48__Gulf Coast",7.86641651635571,1.26503031330653,5.38695710227491,10.3458759304365
"SPEI_1","AK Coast",-0.549988623452353,"Upland","7","US-A03","SPEI_1__AK Coast",6.87216076979138,0.971525198343258,4.96797138103859,8.77635015854416
"SPEI_3","AK Coast",-0.549988623452353,"Upland","7","US-A03","SPEI_3__AK Coast",6.47806345696744,0.981815467795602,4.55370514008806,8.40242177384682
"SPEI_6","AK Coast",-0.549988623452353,"Upland","7","US-A03","SPEI_6__AK Coast",6.54220177555282,0.980681476569983,4.62006608147565,8.46433746962998
"SPEI_12","AK Coast",-0.549988623452353,"Upland","7","US-A03","SPEI_12__AK Coast",6.55971731875832,0.986219148091416,4.62672778849915,8.4927068490175
"SPEI_24","AK Coast",-0.549988623452353,"Upland","7","US-A03","SPEI_24__AK Coast",6.4886694072261,0.997067812117017,4.53441649547674,8.44292231897545
"SPEI_36","AK Coast",-0.549988623452353,"Upland","7","US-A03","SPEI_36__AK Coast",6.47282127301167,0.990999665297292,4.53046192902897,8.41518061699436
"SPEI_48","AK Coast",-0.549988623452353,"Upland","7","US-A03","SPEI_48__AK Coast",6.59361194913907,0.985777446703095,4.661488153601,8.52573574467714
"SPEI_1","Atlantic Coast",-0.515749211528642,"Upland","7","US-A03","SPEI_1__Atlantic Coast",4.41292553498917,0.657062312830066,3.12508340184224,5.7007676681361
"SPEI_3","Atlantic Coast",-0.515749211528642,"Upland","7","US-A03","SPEI_3__Atlantic Coast",4.46627448370231,0.658195772093233,3.17621077039957,5.75633819700504
"SPEI_6","Atlantic Coast",-0.515749211528642,"Upland","7","US-A03","SPEI_6__Atlantic Coast",4.44281703656647,0.657458974891143,3.15419744577983,5.73143662735311
"SPEI_12","Atlantic Coast",-0.515749211528642,"Upland","7","US-A03","SPEI_12__Atlantic Coast",4.4330300741173,0.65757794802988,3.14417729597874,5.72188285225586
"SPEI_24","Atlantic Coast",-0.515749211528642,"Upland","7","US-A03","SPEI_24__Atlantic Coast",4.44872035802924,0.657467378871376,3.16008429544134,5.73735642061713
"SPEI_36","Atlantic Coast",-0.515749211528642,"Upland","7","US-A03","SPEI_36__Atlantic Coast",4.46969666384747,0.657607934882386,3.18078511147799,5.75860821621695
"SPEI_48","Atlantic Coast",-0.515749211528642,"Upland","7","US-A03","SPEI_48__Atlantic Coast",4.51583129128299,0.6589001663599,3.22438696521759,5.8072756173484
"SPEI_1","Pacific Coast",-0.515749211528642,"Upland","7","US-A03","SPEI_1__Pacific Coast",5.24969317951869,0.840253417657781,3.60279648090944,6.89658987812794
"SPEI_3","Pacific Coast",-0.515749211528642,"Upland","7","US-A03","SPEI_3__Pacific Coast",5.25277363745138,0.838709490623277,3.60890303582976,6.896644239073
"SPEI_6","Pacific Coast",-0.515749211528642,"Upland","7","US-A03","SPEI_6__Pacific Coast",5.24594829817552,0.839249753046661,3.60101878220406,6.89087781414697
"SPEI_12","Pacific Coast",-0.515749211528642,"Upland","7","US-A03","SPEI_12__Pacific Coast",5.2268309648968,0.837259254295396,3.58580282647783,6.86785910331578
"SPEI_24","Pacific Coast",-0.515749211528642,"Upland","7","US-A03","SPEI_24__Pacific Coast",5.24191151028952,0.837831871694429,3.59976104176844,6.8840619788106
"SPEI_36","Pacific Coast",-0.515749211528642,"Upland","7","US-A03","SPEI_36__Pacific Coast",5.22671615934058,0.837257979082137,3.58569052033959,6.86774179834156
"SPEI_48","Pacific Coast",-0.515749211528642,"Upland","7","US-A03","SPEI_48__Pacific Coast",5.22660875132927,0.83726113335195,3.58557692995945,6.8676405726991
"SPEI_1","Gulf Coast",-0.515749211528642,"Upland","7","US-A03","SPEI_1__Gulf Coast",8.19520834421141,1.27023098659718,5.70555561048094,10.6848610779419
"SPEI_3","Gulf Coast",-0.515749211528642,"Upland","7","US-A03","SPEI_3__Gulf Coast",9.65759789901477,1.30970670306444,7.09057276100848,12.2246230370211
"SPEI_6","Gulf Coast",-0.515749211528642,"Upland","7","US-A03","SPEI_6__Gulf Coast",8.56129991510065,1.28354104509901,6.0455594667066,11.0770403634947
"SPEI_12","Gulf Coast",-0.515749211528642,"Upland","7","US-A03","SPEI_12__Gulf Coast",8.77381584844667,1.28747944458844,6.25035613705332,11.29727555984
"SPEI_24","Gulf Coast",-0.515749211528642,"Upland","7","US-A03","SPEI_24__Gulf Coast",8.13029981140849,1.28353118902407,5.61457868092132,10.6460209418957
"SPEI_36","Gulf Coast",-0.515749211528642,"Upland","7","US-A03","SPEI_36__Gulf Coast",8.19764491112116,1.271674020088,5.70516383174868,10.6901259904936
"SPEI_48","Gulf Coast",-0.515749211528642,"Upland","7","US-A03","SPEI_48__Gulf Coast",7.86643958471184,1.26502141253351,5.38699761614616,10.3458815532775
"SPEI_1","AK Coast",-0.515749211528642,"Upland","7","US-A03","SPEI_1__AK Coast",6.87222596616162,0.971515990494307,4.96805462479278,8.77639730753046
"SPEI_3","AK Coast",-0.515749211528642,"Upland","7","US-A03","SPEI_3__AK Coast",6.48505643528511,0.981314781333008,4.56167946387242,8.40843340669781
"SPEI_6","AK Coast",-0.515749211528642,"Upland","7","US-A03","SPEI_6__AK Coast",6.5513016507913,0.98020632710931,4.63009724965705,8.47250605192554
"SPEI_12","AK Coast",-0.515749211528642,"Upland","7","US-A03","SPEI_12__AK Coast",6.57000096531715,0.985290354236795,4.63883187101303,8.50117005962127
"SPEI_24","AK Coast",-0.515749211528642,"Upland","7","US-A03","SPEI_24__AK Coast",6.50534835132727,0.995354581418294,4.55445337174741,8.45624333090712
"SPEI_36","AK Coast",-0.515749211528642,"Upland","7","US-A03","SPEI_36__AK Coast",6.48428226610164,0.98992739715715,4.54402456767362,8.42453996452965
"SPEI_48","AK Coast",-0.515749211528642,"Upland","7","US-A03","SPEI_48__AK Coast",6.60172943215524,0.984975497762496,4.67117745654074,8.53228140776973
"SPEI_1","Atlantic Coast",-0.481509799604932,"Upland","7","US-A03","SPEI_1__Atlantic Coast",4.41290650082655,0.657061246063549,3.125066458542,5.70074654311111
"SPEI_3","Atlantic Coast",-0.481509799604932,"Upland","7","US-A03","SPEI_3__Atlantic Coast",4.46294353880428,0.658131733885585,3.17300534038853,5.75288173722003
"SPEI_6","Atlantic Coast",-0.481509799604932,"Upland","7","US-A03","SPEI_6__Atlantic Coast",4.44063913592859,0.657400641249768,3.15213387907905,5.72914439277814
"SPEI_12","Atlantic Coast",-0.481509799604932,"Upland","7","US-A03","SPEI_12__Atlantic Coast",4.43227550211353,0.657539878886427,3.14349733949614,5.72105366473093
"SPEI_24","Atlantic Coast",-0.481509799604932,"Upland","7","US-A03","SPEI_24__Atlantic Coast",4.44613768247909,0.65740636024477,3.15762121639934,5.73465414855884
"SPEI_36","Atlantic Coast",-0.481509799604932,"Upland","7","US-A03","SPEI_36__Atlantic Coast",4.46587769107988,0.657532500257691,3.1771139905748,5.75464139158495
"SPEI_48","Atlantic Coast",-0.481509799604932,"Upland","7","US-A03","SPEI_48__Atlantic Coast",4.51249443892432,0.658852762196532,3.22114302501912,5.80384585282952
"SPEI_1","Pacific Coast",-0.481509799604932,"Upland","7","US-A03","SPEI_1__Pacific Coast",5.23851842992411,0.84017197030587,3.5917813681246,6.88525549172361
"SPEI_3","Pacific Coast",-0.481509799604932,"Upland","7","US-A03","SPEI_3__Pacific Coast",5.24920040861746,0.838651629384403,3.60544321502403,6.89295760221089
"SPEI_6","Pacific Coast",-0.481509799604932,"Upland","7","US-A03","SPEI_6__Pacific Coast",5.24140562392679,0.839192834995094,3.5965876673364,6.88622358051717
"SPEI_12","Pacific Coast",-0.481509799604932,"Upland","7","US-A03","SPEI_12__Pacific Coast",5.22681562691308,0.837258335432217,3.58578928946594,6.86784196436023
"SPEI_24","Pacific Coast",-0.481509799604932,"Upland","7","US-A03","SPEI_24__Pacific Coast",5.24122410811407,0.837807016745932,3.59912235529204,6.88332586093609
"SPEI_36","Pacific Coast",-0.481509799604932,"Upland","7","US-A03","SPEI_36__Pacific Coast",5.22671162876848,0.837257174839736,3.5856875660826,6.86773569145437
"SPEI_48","Pacific Coast",-0.481509799604932,"Upland","7","US-A03","SPEI_48__Pacific Coast",5.22660700714147,0.837259902965922,3.58557759732826,6.86763641695467
"SPEI_1","Gulf Coast",-0.481509799604932,"Upland","7","US-A03","SPEI_1__Gulf Coast",8.17489951870314,1.26962402090668,5.68643643772604,10.6633625996802
"SPEI_3","Gulf Coast",-0.481509799604932,"Upland","7","US-A03","SPEI_3__Gulf Coast",9.44295474301773,1.30835236483145,6.87858410794809,12.0073253780874
"SPEI_6","Gulf Coast",-0.481509799604932,"Upland","7","US-A03","SPEI_6__Gulf Coast",8.49678549429306,1.28270452685983,5.9826846216478,11.0108863669383
"SPEI_12","Gulf Coast",-0.481509799604932,"Upland","7","US-A03","SPEI_12__Gulf Coast",8.68717323971378,1.28626420493711,6.16609539803704,11.2082510813905
"SPEI_24","Gulf Coast",-0.481509799604932,"Upland","7","US-A03","SPEI_24__Gulf Coast",8.09902264314483,1.28358064752077,5.58320457400412,10.6148407122856
"SPEI_36","Gulf Coast",-0.481509799604932,"Upland","7","US-A03","SPEI_36__Gulf Coast",8.17887778747552,1.27097895156833,5.68775904240159,10.6699965325495
"SPEI_48","Gulf Coast",-0.481509799604932,"Upland","7","US-A03","SPEI_48__Gulf Coast",7.86646199101731,1.26501306369337,5.38703638617832,10.3458875958563
"SPEI_1","AK Coast",-0.481509799604932,"Upland","7","US-A03","SPEI_1__AK Coast",6.87229084726031,0.971507176910791,4.96813678051516,8.77644491400546
"SPEI_3","AK Coast",-0.481509799604932,"Upland","7","US-A03","SPEI_3__AK Coast",6.49258765204682,0.980853319175793,4.57011514646226,8.41506015763137
"SPEI_6","AK Coast",-0.481509799604932,"Upland","7","US-A03","SPEI_6__AK Coast",6.5606518858211,0.979761964296224,4.6403184358005,8.4809853358417
"SPEI_12","AK Coast",-0.481509799604932,"Upland","7","US-A03","SPEI_12__AK Coast",6.5802858249143,0.98439142043879,4.65087864085427,8.50969300897433
"SPEI_24","AK Coast",-0.481509799604932,"Upland","7","US-A03","SPEI_24__AK Coast",6.52204189548377,0.993741229331786,4.57430908599347,8.46977470497407
"SPEI_36","AK Coast",-0.481509799604932,"Upland","7","US-A03","SPEI_36__AK Coast",6.49574210641252,0.988885619440567,4.55752629230901,8.43395792051603
"SPEI_48","AK Coast",-0.481509799604932,"Upland","7","US-A03","SPEI_48__AK Coast",6.6098464242314,0.984196275392517,4.68082172446206,8.53887112400073
"SPEI_1","Atlantic Coast",-0.447270387681221,"Upland","7","US-A03","SPEI_1__Atlantic Coast",4.41288741225724,0.657060257039299,3.12504930846022,5.70072551605427
"SPEI_3","Atlantic Coast",-0.447270387681221,"Upland","7","US-A03","SPEI_3__Atlantic Coast",4.45960570627454,0.658072726990928,3.16978316137232,5.74942825117676
"SPEI_6","Atlantic Coast",-0.447270387681221,"Upland","7","US-A03","SPEI_6__Atlantic Coast",4.43846110596401,0.657346879986654,3.15006122119016,5.72686099073785
"SPEI_12","Atlantic Coast",-0.447270387681221,"Upland","7","US-A03","SPEI_12__Atlantic Coast",4.43150346705576,0.657504889749067,3.14279388314759,5.72021305096393
"SPEI_24","Atlantic Coast",-0.447270387681221,"Upland","7","US-A03","SPEI_24__Atlantic Coast",4.44355482205474,0.657350220348415,3.15514839017185,5.73196125393764
"SPEI_36","Atlantic Coast",-0.447270387681221,"Upland","7","US-A03","SPEI_36__Atlantic Coast",4.4620581812006,0.65746272828469,3.17343123376261,5.75068512863859
"SPEI_48","Atlantic Coast",-0.447270387681221,"Upland","7","US-A03","SPEI_48__Atlantic Coast",4.50906713825413,0.658808052765803,3.21780335483315,5.8003309216751
"SPEI_1","Pacific Coast",-0.447270387681221,"Upland","7","US-A03","SPEI_1__Pacific Coast",5.22750305245391,0.840097337462953,3.58091227102652,6.8740938338813
"SPEI_3","Pacific Coast",-0.447270387681221,"Upland","7","US-A03","SPEI_3__Pacific Coast",5.24566338873277,0.838597958156687,3.60201139074566,6.88931538671988
"SPEI_6","Pacific Coast",-0.447270387681221,"Upland","7","US-A03","SPEI_6__Pacific Coast",5.23697559751142,0.839140207504087,3.59226079080341,6.88169040421943
"SPEI_12","Pacific Coast",-0.447270387681221,"Upland","7","US-A03","SPEI_12__Pacific Coast",5.22680029685883,0.837257468453556,3.58577565868986,6.8678249350278
"SPEI_24","Pacific Coast",-0.447270387681221,"Upland","7","US-A03","SPEI_24__Pacific Coast",5.24053079927697,0.837783318974129,3.59847549408768,6.88258610446627
"SPEI_36","Pacific Coast",-0.447270387681221,"Upland","7","US-A03","SPEI_36__Pacific Coast",5.22670701286696,0.837256412544163,3.5856844442804,6.86772958145352
"SPEI_48","Pacific Coast",-0.447270387681221,"Upland","7","US-A03","SPEI_48__Pacific Coast",5.2266052381311,0.837258737816738,3.58557811201029,6.86763236425191
"SPEI_1","Gulf Coast",-0.447270387681221,"Upland","7","US-A03","SPEI_1__Gulf Coast",8.15459042579118,1.26905429138283,5.66724401468084,10.6419368369015
"SPEI_3","Gulf Coast",-0.447270387681221,"Upland","7","US-A03","SPEI_3__Gulf Coast",9.22695060475003,1.30697239064202,6.66528471909166,11.7886164904084
"SPEI_6","Gulf Coast",-0.447270387681221,"Upland","7","US-A03","SPEI_6__Gulf Coast",8.43229821935776,1.28191615522659,5.91974255511365,10.9448538836019
"SPEI_12","Gulf Coast",-0.447270387681221,"Upland","7","US-A03","SPEI_12__Gulf Coast",8.59951893843753,1.28506328047558,6.08079490870539,11.1182429681697
"SPEI_24","Gulf Coast",-0.447270387681221,"Upland","7","US-A03","SPEI_24__Gulf Coast",8.06953517163924,1.28368014647738,5.55352208454358,10.5855482587349
"SPEI_36","Gulf Coast",-0.447270387681221,"Upland","7","US-A03","SPEI_36__Gulf Coast",8.16011402704374,1.27032246045611,5.67028200454976,10.6499460495377
"SPEI_48","Gulf Coast",-0.447270387681221,"Upland","7","US-A03","SPEI_48__Gulf Coast",7.86648372579594,1.26500526554142,5.38707340533476,10.3458940462571
"SPEI_1","AK Coast",-0.447270387681221,"Upland","7","US-A03","SPEI_1__AK Coast",6.87235539944841,0.971498756565496,4.96821783658004,8.77649296231678
"SPEI_3","AK Coast",-0.447270387681221,"Upland","7","US-A03","SPEI_3__AK Coast",6.50065050117,0.980428629687218,4.57901038698305,8.42229061535695
"SPEI_6","AK Coast",-0.447270387681221,"Upland","7","US-A03","SPEI_6__AK Coast",6.57024531522395,0.979346726094722,4.6507257320783,8.4897648983696
"SPEI_12","AK Coast",-0.447270387681221,"Upland","7","US-A03","SPEI_12__AK Coast",6.59057184195679,0.983522382016734,4.66286797320399,8.51827571070958
"SPEI_24","AK Coast",-0.447270387681221,"Upland","7","US-A03","SPEI_24__AK Coast",6.53873291652508,0.99222426460469,4.59397335789989,8.48349247515027
"SPEI_36","AK Coast",-0.447270387681221,"Upland","7","US-A03","SPEI_36__AK Coast",6.50720054708956,0.987874327959188,4.57096686428955,8.44343422988957
"SPEI_48","AK Coast",-0.447270387681221,"Upland","7","US-A03","SPEI_48__AK Coast",6.61796285411425,0.983439816575863,4.69042081362556,8.54550489460294
"SPEI_1","Atlantic Coast",-0.41303097575751,"Upland","7","US-A03","SPEI_1__Atlantic Coast",4.41286827658615,0.657059345415067,3.12503195957262,5.70070459359968
"SPEI_3","Atlantic Coast",-0.41303097575751,"Upland","7","US-A03","SPEI_3__Atlantic Coast",4.45626363014982,0.658018575506741,3.16654722215661,5.74598003814304
"SPEI_6","Atlantic Coast",-0.41303097575751,"Upland","7","US-A03","SPEI_6__Atlantic Coast",4.43628296200889,0.657297690593438,3.14797948844576,5.72458643557203
"SPEI_12","Atlantic Coast",-0.41303097575751,"Upland","7","US-A03","SPEI_12__Atlantic Coast",4.43071426408136,0.657472917846992,3.14206734510126,5.71936118306147
"SPEI_24","Atlantic Coast",-0.41303097575751,"Upland","7","US-A03","SPEI_24__Atlantic Coast",4.44097177685291,0.65729895931988,3.15266581658595,5.72927773711988
"SPEI_36","Atlantic Coast",-0.41303097575751,"Upland","7","US-A03","SPEI_36__Atlantic Coast",4.45823815709177,0.657398616051372,3.16973686963108,5.74673944455246
"SPEI_48","Atlantic Coast",-0.41303097575751,"Upland","7","US-A03","SPEI_48__Atlantic Coast",4.50554655735361,0.658765867888269,3.2143654562926,5.79672765841462
"SPEI_1","Pacific Coast",-0.41303097575751,"Upland","7","US-A03","SPEI_1__Pacific Coast",5.21666178432962,0.840029282252501,3.57020439111472,6.86311917754452
"SPEI_3","Pacific Coast",-0.41303097575751,"Upland","7","US-A03","SPEI_3__Pacific Coast",5.24216576043212,0.83854834983538,3.59861099475478,6.88572052610947
"SPEI_6","Pacific Coast",-0.41303097575751,"Upland","7","US-A03","SPEI_6__Pacific Coast",5.23265979646139,0.839091615922889,3.58804022925253,6.87727936367025
"SPEI_12","Pacific Coast",-0.41303097575751,"Upland","7","US-A03","SPEI_12__Pacific Coast",5.22678497991045,0.837256653157182,3.58576193972237,6.86780802009853
"SPEI_24","Pacific Coast",-0.41303097575751,"Upland","7","US-A03","SPEI_24__Pacific Coast",5.23983220312489,0.837760758073403,3.59782111730102,6.88184328894876
"SPEI_36","Pacific Coast",-0.41303097575751,"Upland","7","US-A03","SPEI_36__Pacific Coast",5.22670231257717,0.837255691980726,3.58568115629495,6.8677234688594
"SPEI_48","Pacific Coast",-0.41303097575751,"Upland","7","US-A03","SPEI_48__Pacific Coast",5.22660344561275,0.837257637722736,3.58557847567619,6.86762841554931
"SPEI_1","Gulf Coast",-0.41303097575751,"Upland","7","US-A03","SPEI_1__Gulf Coast",8.13428119297414,1.26852182888046,5.64797840836843,10.6205839775798
"SPEI_3","Gulf Coast",-0.41303097575751,"Upland","7","US-A03","SPEI_3__Gulf Coast",9.01063625839056,1.30555384297917,6.45175072615139,11.5695217906297
"SPEI_6","Gulf Coast",-0.41303097575751,"Upland","7","US-A03","SPEI_6__Gulf Coast",8.36796777234063,1.28117259346609,5.85686948914709,10.8790660555342
"SPEI_12","Gulf Coast",-0.41303097575751,"Upland","7","US-A03","SPEI_12__Gulf Coast",8.51103861393415,1.2838856414772,5.99462275663883,11.0274544712295
"SPEI_24","Gulf Coast",-0.41303097575751,"Upland","7","US-A03","SPEI_24__Gulf Coast",8.04180657120023,1.28382721804156,5.52550522383879,10.5581079185617
"SPEI_36","Gulf Coast",-0.41303097575751,"Upland","7","US-A03","SPEI_36__Gulf Coast",8.14135372174329,1.26970454337824,5.65273281672194,10.6299746267646
"SPEI_48","Gulf Coast",-0.41303097575751,"Upland","7","US-A03","SPEI_48__Gulf Coast",7.86650478305536,1.26499801661995,5.38710867048025,10.3459008956305
"SPEI_1","AK Coast",-0.41303097575751,"Upland","7","US-A03","SPEI_1__AK Coast",6.8724196149768,0.971490727867319,4.96829778835686,8.77654144159675
"SPEI_3","AK Coast",-0.41303097575751,"Upland","7","US-A03","SPEI_3__AK Coast",6.5092363050638,0.980038471046981,4.58836090181172,8.43011170831588
"SPEI_6","AK Coast",-0.41303097575751,"Upland","7","US-A03","SPEI_6__AK Coast",6.58007473637398,0.978959122260163,4.66131485674406,8.4988346160039
"SPEI_12","AK Coast",-0.41303097575751,"Upland","7","US-A03","SPEI_12__AK Coast",6.60085896572897,0.982683272775547,4.67479975108889,8.52691818036904
"SPEI_24","AK Coast",-0.41303097575751,"Upland","7","US-A03","SPEI_24__AK Coast",6.55540438428272,0.990800170257098,4.61343605057881,8.49737271798663
"SPEI_36","AK Coast",-0.41303097575751,"Upland","7","US-A03","SPEI_36__AK Coast",6.5186573542617,0.986893517069265,4.58434606080594,8.45296864771746
"SPEI_48","AK Coast",-0.41303097575751,"Upland","7","US-A03","SPEI_48__AK Coast",6.62607865540671,0.982706157138775,4.69997458741471,8.55218272339871
"SPEI_1","Atlantic Coast",-0.3787915638338,"Upland","7","US-A03","SPEI_1__Atlantic Coast",4.4128491003603,0.657058510828093,3.12501441913724,5.70068378158337
"SPEI_3","Atlantic Coast",-0.3787915638338,"Upland","7","US-A03","SPEI_3__Atlantic Coast",4.45291958349011,0.657969125610912,3.16330009729273,5.7425390696875
"SPEI_6","Atlantic Coast",-0.3787915638338,"Upland","7","US-A03","SPEI_6__Atlantic Coast",4.43410471777907,0.657253072636386,3.14588869541176,5.72232074014639
"SPEI_12","Atlantic Coast",-0.3787915638338,"Upland","7","US-A03","SPEI_12__Atlantic Coast",4.42990809027713,0.657443904561878,3.14131803733585,5.71849814321841
"SPEI_24","Atlantic Coast",-0.3787915638338,"Upland","7","US-A03","SPEI_24__Atlantic Coast",4.43838854575418,0.657252577331969,3.15017349418352,5.72660359732484
"SPEI_36","Atlantic Coast",-0.3787915638338,"Upland","7","US-A03","SPEI_36__Atlantic Coast",4.45441763911517,0.657340161076612,3.16603092340501,5.74280435482533
"SPEI_48","Atlantic Coast",-0.3787915638338,"Upland","7","US-A03","SPEI_48__Atlantic Coast",4.50192975960296,0.65872608719756,3.21082662869574,5.79303289051018
"SPEI_1","Pacific Coast",-0.3787915638338,"Upland","7","US-A03","SPEI_1__Pacific Coast",5.20600929146373,0.839967705491775,3.55967258869985,6.85234599422761
"SPEI_3","Pacific Coast",-0.3787915638338,"Upland","7","US-A03","SPEI_3__Pacific Coast",5.23871046873238,0.838502695184624,3.59524518617052,6.88217575129424
"SPEI_6","Pacific Coast",-0.3787915638338,"Upland","7","US-A03","SPEI_6__Pacific Coast",5.22845933234302,0.839046838833645,3.58392752822908,6.87299113645696
"SPEI_12","Pacific Coast",-0.3787915638338,"Upland","7","US-A03","SPEI_12__Pacific Coast",5.22676968067272,0.837255889318242,3.58574813760896,6.86779122373647
"SPEI_24","Pacific Coast",-0.3787915638338,"Upland","7","US-A03","SPEI_24__Pacific Coast",5.23912890062413,0.837739313837284,3.59715984550306,6.88109795574521
"SPEI_36","Pacific Coast",-0.3787915638338,"Upland","7","US-A03","SPEI_36__Pacific Coast",5.22669752860711,0.837255012909561,3.58567770330437,6.86771735390985
"SPEI_48","Pacific Coast",-0.3787915638338,"Upland","7","US-A03","SPEI_48__Pacific Coast",5.22660163087998,0.837256602473762,3.58557869003141,6.86762457172856
"SPEI_1","Gulf Coast",-0.3787915638338,"Upland","7","US-A03","SPEI_1__Gulf Coast",8.11397195374274,1.2680266647922,5.62863969075003,10.5993042167355
"SPEI_3","Gulf Coast",-0.3787915638338,"Upland","7","US-A03","SPEI_3__Gulf Coast",8.79505095920255,1.30409327738778,6.23902813552251,11.3510737828826
"SPEI_6","Gulf Coast",-0.3787915638338,"Upland","7","US-A03","SPEI_6__Gulf Coast",8.3039254004947,1.28047226831717,5.79419975459306,10.8136510463964
"SPEI_12","Gulf Coast",-0.3787915638338,"Upland","7","US-A03","SPEI_12__Gulf Coast",8.42192794924978,1.28274324337847,5.90775119222797,10.9361047062716
"SPEI_24","Gulf Coast",-0.3787915638338,"Upland","7","US-A03","SPEI_24__Gulf Coast",8.01579341950975,1.2840203747792,5.49911348494252,10.532473354077
"SPEI_36","Gulf Coast",-0.3787915638338,"Upland","7","US-A03","SPEI_36__Gulf Coast",8.12259692670209,1.26912520267754,5.63511152945412,10.6100823239501
"SPEI_48","Gulf Coast",-0.3787915638338,"Upland","7","US-A03","SPEI_48__Gulf Coast",7.86652516001707,1.26499131535526,5.38714218192076,10.3459081381134
"SPEI_1","AK Coast",-0.3787915638338,"Upland","7","US-A03","SPEI_1__AK Coast",6.87248349138512,0.971483088810645,4.96837663731626,8.77659034545399
"SPEI_3","AK Coast",-0.3787915638338,"Upland","7","US-A03","SPEI_3__AK Coast",6.51833453598557,0.979680812248505,4.5981601439785,8.43850892799264
"SPEI_6","AK Coast",-0.3787915638338,"Upland","7","US-A03","SPEI_6__AK Coast",6.59013294611878,0.978597829046511,4.67208120118762,8.50818469104994
"SPEI_12","AK Coast",-0.3787915638338,"Upland","7","US-A03","SPEI_12__AK Coast",6.61114715001922,0.981874125115095,4.68667386479363,8.5356204352448
"SPEI_24","AK Coast",-0.3787915638338,"Upland","7","US-A03","SPEI_24__AK Coast",6.57203939520378,0.989465440978487,4.63268713088595,8.51139165952161
"SPEI_36","AK Coast",-0.3787915638338,"Upland","7","US-A03","SPEI_36__AK Coast",6.53011230655815,0.985943179870565,4.59766367401185,8.46256093910446
"SPEI_48","AK Coast",-0.3787915638338,"Upland","7","US-A03","SPEI_48__AK Coast",6.63419376644371,0.981995331786366,4.70948291614243,8.55890461674499
"SPEI_1","Atlantic Coast",-0.344552151910089,"Upland","7","US-A03","SPEI_1__Atlantic Coast",4.41282988926234,0.657057752908883,3.12499669356093,5.70066308496375
"SPEI_3","Atlantic Coast",-0.344552151910089,"Upland","7","US-A03","SPEI_3__Atlantic Coast",4.44957541740598,0.657924247233163,3.16004389282898,5.73910694198297
"SPEI_6","Atlantic Coast",-0.344552151910089,"Upland","7","US-A03","SPEI_6__Atlantic Coast",4.43192638512854,0.65721302577617,3.14378885460725,5.72006391564984
"SPEI_12","Atlantic Coast",-0.344552151910089,"Upland","7","US-A03","SPEI_12__Atlantic Coast",4.42908503299857,0.657417796541198,3.14054615177782,5.71762391421932
"SPEI_24","Atlantic Coast",-0.344552151910089,"Upland","7","US-A03","SPEI_24__Atlantic Coast",4.43580512631109,0.657211074605424,3.14767142008446,5.72393883253773
"SPEI_36","Atlantic Coast",-0.344552151910089,"Upland","7","US-A03","SPEI_36__Atlantic Coast",4.4505966447716,0.657287361343152,3.16231341653903,5.73887987300418
"SPEI_48","Atlantic Coast",-0.344552151910089,"Upland","7","US-A03","SPEI_48__Atlantic Coast",4.49821370776279,0.658688640622521,3.20718397214265,5.78924344338293
"SPEI_1","Pacific Coast",-0.344552151910089,"Upland","7","US-A03","SPEI_1__Pacific Coast",5.19556010871155,0.839912640433075,3.54933133346272,6.84178888396038
"SPEI_3","Pacific Coast",-0.344552151910089,"Upland","7","US-A03","SPEI_3__Pacific Coast",5.23530018502075,0.838460904596564,3.59191681201149,6.87868355803002
"SPEI_6","Pacific Coast",-0.344552151910089,"Upland","7","US-A03","SPEI_6__Pacific Coast",5.22437479204494,0.839005689455829,3.57992364071151,6.86882594337836
"SPEI_12","Pacific Coast",-0.344552151910089,"Upland","7","US-A03","SPEI_12__Pacific Coast",5.2267544031029,0.837255176698341,3.58573425677415,6.86777454943165
"SPEI_24","Pacific Coast",-0.344552151910089,"Upland","7","US-A03","SPEI_24__Pacific Coast",5.23842142819333,0.837718966707558,3.59649225344651,6.88035060294014
"SPEI_36","Pacific Coast",-0.344552151910089,"Upland","7","US-A03","SPEI_36__Pacific Coast",5.22669266140619,0.837254375075004,3.58567408625918,6.8677112365532
"SPEI_48","Pacific Coast",-0.344552151910089,"Upland","7","US-A03","SPEI_48__Pacific Coast",5.22659979520031,0.837255631839692,3.58557875679452,6.86762083360611
"SPEI_1","Gulf Coast",-0.344552151910089,"Upland","7","US-A03","SPEI_1__Gulf Coast",8.09366284788104,1.26756883118197,5.60922793876438,10.5780977569977
"SPEI_3","Gulf Coast",-0.344552151910089,"Upland","7","US-A03","SPEI_3__Gulf Coast",8.58121565770083,1.30259724124802,6.02812506485472,11.1343062505469
"SPEI_6","Gulf Coast",-0.344552151910089,"Upland","7","US-A03","SPEI_6__Gulf Coast",8.24030350901794,1.27981530155847,5.73186551796334,10.7487415000725
"SPEI_12","Gulf Coast",-0.344552151910089,"Upland","7","US-A03","SPEI_12__Gulf Coast",8.33239302765435,1.281650766641,5.82035752503798,10.8444285302707
"SPEI_24","Gulf Coast",-0.344552151910089,"Upland","7","US-A03","SPEI_24__Gulf Coast",7.99143844632647,1.28425892329548,5.47429095666733,10.5085859359856
"SPEI_36","Gulf Coast",-0.344552151910089,"Upland","7","US-A03","SPEI_36__Gulf Coast",8.10384365589454,1.26858444685345,5.61741814006178,10.5902691717273
"SPEI_48","Gulf Coast",-0.344552151910089,"Upland","7","US-A03","SPEI_48__Gulf Coast",7.86654485752019,1.2649851601532,5.38717394361992,10.3459157714205
"SPEI_1","AK Coast",-0.344552151910089,"Upland","7","US-A03","SPEI_1__AK Coast",6.87254703196669,0.971475837069275,4.96845439131091,8.77663967262246
"SPEI_3","AK Coast",-0.344552151910089,"Upland","7","US-A03","SPEI_3__AK Coast",6.52793265240657,0.979353847265008,4.60839911176715,8.44746619304598
"SPEI_6","AK Coast",-0.344552151910089,"Upland","7","US-A03","SPEI_6__AK Coast",6.60041277612515,0.978261693152331,4.68301985754658,8.51780569470372
"SPEI_12","AK Coast",-0.344552151910089,"Upland","7","US-A03","SPEI_12__AK Coast",6.62143635363034,0.981094970138261,4.69849021215935,8.54438249510134
"SPEI_24","AK Coast",-0.344552151910089,"Upland","7","US-A03","SPEI_24__AK Coast",6.58862122961832,0.988216613104493,4.65171666793352,8.52552579130313
"SPEI_36","AK Coast",-0.344552151910089,"Upland","7","US-A03","SPEI_36__AK Coast",6.54156519719766,0.985023308384154,4.61091951276472,8.4722108816306
"SPEI_48","AK Coast",-0.344552151910089,"Upland","7","US-A03","SPEI_48__AK Coast",6.64230813116976,0.981307374135791,4.7189456778636,8.56567058447591
"SPEI_1","Atlantic Coast",-0.310312739986378,"Upland","7","US-A03","SPEI_1__Atlantic Coast",4.41281064811773,0.657057071293217,3.12497878838302,5.70064250785243
"SPEI_3","Atlantic Coast",-0.310312739986378,"Upland","7","US-A03","SPEI_3__Atlantic Coast",4.44623256495808,0.65788383343514,3.15678025142521,5.73568487849096
"SPEI_6","Atlantic Coast",-0.310312739986378,"Upland","7","US-A03","SPEI_6__Atlantic Coast",4.42974797405215,0.657177549772294,3.14167997649845,5.71781597160584
"SPEI_12","Atlantic Coast",-0.310312739986378,"Upland","7","US-A03","SPEI_12__Atlantic Coast",4.42824507251358,0.657394546250363,3.13975176186287,5.71673838316429
"SPEI_24","Atlantic Coast",-0.310312739986378,"Upland","7","US-A03","SPEI_24__Atlantic Coast",4.43322151480899,0.657174451408758,3.14515959004782,5.72128343957015
"SPEI_36","Atlantic Coast",-0.310312739986378,"Upland","7","US-A03","SPEI_36__Atlantic Coast",4.4467751887401,0.657240215283961,3.15858436678354,5.73496601069666
"SPEI_48","Atlantic Coast",-0.310312739986378,"Upland","7","US-A03","SPEI_48__Atlantic Coast",4.49439528118895,0.65865350382316,3.20343441369555,5.78535614868234
"SPEI_1","Pacific Coast",-0.310312739986378,"Upland","7","US-A03","SPEI_1__Pacific Coast",5.18532860000299,0.839864231941628,3.5391947053974,6.83146249460858
"SPEI_3","Pacific Coast",-0.310312739986378,"Upland","7","US-A03","SPEI_3__Pacific Coast",5.23193730674416,0.838422907708695,3.58862840763512,6.8752462058532
"SPEI_6","Pacific Coast",-0.310312739986378,"Upland","7","US-A03","SPEI_6__Pacific Coast",5.22040624539655,0.838968013713082,3.57602893851891,6.86478355227419
"SPEI_12","Pacific Coast",-0.310312739986378,"Upland","7","US-A03","SPEI_12__Pacific Coast",5.22673915051939,0.837254515054483,3.58572030101261,6.86775800002618
"SPEI_24","Pacific Coast",-0.310312739986378,"Upland","7","US-A03","SPEI_24__Pacific Coast",5.23771027750953,0.837699698188376,3.59581886906031,6.87960168595875
"SPEI_36","Pacific Coast",-0.310312739986378,"Upland","7","US-A03","SPEI_36__Pacific Coast",5.22668771117419,0.837253778215035,3.58567030587272,6.86770511647566
"SPEI_48","Pacific Coast",-0.310312739986378,"Upland","7","US-A03","SPEI_48__Pacific Coast",5.22659793981427,0.837254725579592,3.58557867767827,6.86761720195027
"SPEI_1","Gulf Coast",-0.310312739986378,"Upland","7","US-A03","SPEI_1__Gulf Coast",8.07335402101103,1.26714836066056,5.58974323411634,10.5569648079057
"SPEI_3","Gulf Coast",-0.310312739986378,"Upland","7","US-A03","SPEI_3__Gulf Coast",8.37012884342318,1.30108148772264,5.82000912748681,10.9202485593596
"SPEI_6","Gulf Coast",-0.310312739986378,"Upland","7","US-A03","SPEI_6__Gulf Coast",8.17723514318313,1.27920327028386,5.66999673342678,10.6844735529395
"SPEI_12","Gulf Coast",-0.310312739986378,"Upland","7","US-A03","SPEI_12__Gulf Coast",8.24264945850647,1.28062506610251,5.73262432894555,10.7526745880674
"SPEI_24","Gulf Coast",-0.310312739986378,"Upland","7","US-A03","SPEI_24__Gulf Coast",7.96867102480345,1.28454264887433,5.45096743300977,10.4863746165971
"SPEI_36","Gulf Coast",-0.310312739986378,"Upland","7","US-A03","SPEI_36__Gulf Coast",8.085093883035,1.26808229041588,5.59965259381988,10.5705351722501
"SPEI_48","Gulf Coast",-0.310312739986378,"Upland","7","US-A03","SPEI_48__Gulf Coast",7.866563879969,1.26497954947975,5.38720396298869,10.3459237969493
"SPEI_1","AK Coast",-0.310312739986378,"Upland","7","US-A03","SPEI_1__AK Coast",6.87261024549299,0.9714689701089,4.96853106407955,8.77668942690643
"SPEI_3","AK Coast",-0.310312739986378,"Upland","7","US-A03","SPEI_3__AK Coast",6.53801618470639,0.979055983734147,4.61906645658746,8.45696591282532
"SPEI_6","AK Coast",-0.310312739986378,"Upland","7","US-A03","SPEI_6__AK Coast",6.61090711917775,0.977949719783011,4.69412566840305,8.52768856995245
"SPEI_12","AK Coast",-0.310312739986378,"Upland","7","US-A03","SPEI_12__AK Coast",6.63172654021321,0.980345837665445,4.71024869838894,8.55320438203748
"SPEI_24","AK Coast",-0.310312739986378,"Upland","7","US-A03","SPEI_24__AK Coast",6.60513337927787,0.987050283470794,4.67051482367511,8.53975193488063
"SPEI_36","AK Coast",-0.310312739986378,"Upland","7","US-A03","SPEI_36__AK Coast",6.55301583414602,0.984133893550037,4.62411340278795,8.48191826550409
"SPEI_48","AK Coast",-0.310312739986378,"Upland","7","US-A03","SPEI_48__AK Coast",6.6504216992881,0.98064231671273,4.72836275853115,8.57248064004505
"SPEI_1","Atlantic Coast",-0.276073328062668,"Upland","7","US-A03","SPEI_1__Atlantic Coast",4.41279138104223,0.657056465629342,3.12496070840872,5.70062205367574
"SPEI_3","Atlantic Coast",-0.276073328062668,"Upland","7","US-A03","SPEI_3__Atlantic Coast",4.44289211298726,0.657847797046013,3.15351043077707,5.73227379519744
"SPEI_6","Atlantic Coast",-0.276073328062668,"Upland","7","US-A03","SPEI_6__Atlantic Coast",4.42756949299129,0.657146644467425,3.13956206983513,5.71557691614744
"SPEI_12","Atlantic Coast",-0.276073328062668,"Upland","7","US-A03","SPEI_12__Atlantic Coast",4.42738810220385,0.657374111702766,3.13893484326643,5.71584136114127
"SPEI_24","Atlantic Coast",-0.276073328062668,"Upland","7","US-A03","SPEI_24__Atlantic Coast",4.43063770653591,0.65714270804201,3.14263799877358,5.71863741429825
"SPEI_36","Atlantic Coast",-0.276073328062668,"Upland","7","US-A03","SPEI_36__Atlantic Coast",4.44295328338338,0.657198721713527,3.15484378882487,5.73106277794189
"SPEI_48","Atlantic Coast",-0.276073328062668,"Upland","7","US-A03","SPEI_48__Atlantic Coast",4.49047130771277,0.658620688197297,3.19957475884607,5.78136785657947
"SPEI_1","Pacific Coast",-0.276073328062668,"Upland","7","US-A03","SPEI_1__Pacific Coast",5.17532894601556,0.839822699992777,3.52927645402972,6.82138143800141
"SPEI_3","Pacific Coast",-0.276073328062668,"Upland","7","US-A03","SPEI_3__Pacific Coast",5.22862400151692,0.838388650390773,3.585382246751,6.87186575628283
"SPEI_6","Pacific Coast",-0.276073328062668,"Upland","7","US-A03","SPEI_6__Pacific Coast",5.21655333529829,0.838933684516435,3.57224331364608,6.8608633569505
"SPEI_12","Pacific Coast",-0.276073328062668,"Upland","7","US-A03","SPEI_12__Pacific Coast",5.22672392571475,0.837253904145858,3.58570627358886,6.86774157784063
"SPEI_24","Pacific Coast",-0.276073328062668,"Upland","7","US-A03","SPEI_24__Pacific Coast",5.23699590270319,0.83768149100158,3.59514018034009,6.87885162506628
"SPEI_36","Pacific Coast",-0.276073328062668,"Upland","7","US-A03","SPEI_36__Pacific Coast",5.226682677912,0.837253222068751,3.58566636265725,6.86769899316675
"SPEI_48","Pacific Coast",-0.276073328062668,"Upland","7","US-A03","SPEI_48__Pacific Coast",5.22659606593939,0.837253883449684,3.585578454378,6.86761367750077
"SPEI_1","Gulf Coast",-0.276073328062668,"Upland","7","US-A03","SPEI_1__Gulf Coast",8.05304562321675,1.26676528596394,5.57018566272743,10.5359055837061
"SPEI_3","Gulf Coast",-0.276073328062668,"Upland","7","US-A03","SPEI_3__Gulf Coast",8.16276597803392,1.29956881671255,5.61561109727732,10.7099208587905
"SPEI_6","Gulf Coast",-0.276073328062668,"Upland","7","US-A03","SPEI_6__Gulf Coast",8.1148533685963,1.27863879047,5.6087213392751,10.6209853979175
"SPEI_12","Gulf Coast",-0.276073328062668,"Upland","7","US-A03","SPEI_12__Gulf Coast",8.15291998523117,1.27968434006178,5.64473867871008,10.6611012917523
"SPEI_24","Gulf Coast",-0.276073328062668,"Upland","7","US-A03","SPEI_24__Gulf Coast",7.94740980537901,1.28487139069241,5.42906187962189,10.4657577311361
"SPEI_36","Gulf Coast",-0.276073328062668,"Upland","7","US-A03","SPEI_36__Gulf Coast",8.06634754896299,1.2676187530452,5.58181479299441,10.5508803049316
"SPEI_48","Gulf Coast",-0.276073328062668,"Upland","7","US-A03","SPEI_48__Gulf Coast",7.86658223471243,1.26497448190466,5.3872322501793,10.3459322192456
"SPEI_1","AK Coast",-0.276073328062668,"Upland","7","US-A03","SPEI_1__AK Coast",6.87267314504074,0.971462485298524,4.96860667385563,8.77673961622585
"SPEI_3","AK Coast",-0.276073328062668,"Upland","7","US-A03","SPEI_3__AK Coast",6.54856912741417,0.978785802810223,4.63014895390614,8.46698930092221
"SPEI_6","AK Coast",-0.276073328062668,"Upland","7","US-A03","SPEI_6__AK Coast",6.62160894325676,0.977661043060332,4.70539329885851,8.53782458765501
"SPEI_12","AK Coast",-0.276073328062668,"Upland","7","US-A03","SPEI_12__AK Coast",6.6420176772832,0.979626756125874,4.72194923527648,8.56208611928991
"SPEI_24","AK Coast",-0.276073328062668,"Upland","7","US-A03","SPEI_24__AK Coast",6.62155953739176,0.985963111447322,4.689071838955,8.55404723582851
"SPEI_36","AK Coast",-0.276073328062668,"Upland","7","US-A03","SPEI_36__AK Coast",6.56446403786667,0.983274924995386,4.63724518487572,8.49168289085763
"SPEI_48","AK Coast",-0.276073328062668,"Upland","7","US-A03","SPEI_48__AK Coast",6.65853442548819,0.980000190899945,4.7377340513243,8.57933479965208
"SPEI_1","Atlantic Coast",-0.241833916138957,"Upland","7","US-A03","SPEI_1__Atlantic Coast",4.41277209130362,0.657055935588389,3.12494245755038,5.70060172505687
"SPEI_3","Atlantic Coast",-0.241833916138957,"Upland","7","US-A03","SPEI_3__Atlantic Coast",4.43955473385827,0.657816071001375,3.15023523469557,5.72887423302096
"SPEI_6","Atlantic Coast",-0.241833916138957,"Upland","7","US-A03","SPEI_6__Atlantic Coast",4.42539094850921,0.65712030979957,3.13743514130206,5.71334675571637
"SPEI_12","Atlantic Coast",-0.241833916138957,"Upland","7","US-A03","SPEI_12__Atlantic Coast",4.42651391422343,0.657356457179696,3.13809525815122,5.71493257029563
"SPEI_24","Atlantic Coast",-0.241833916138957,"Upland","7","US-A03","SPEI_24__Atlantic Coast",4.42805369566485,0.657115844843625,3.14010663977134,5.71600075155835
"SPEI_36","Atlantic Coast",-0.241833916138957,"Upland","7","US-A03","SPEI_36__Atlantic Coast",4.43913093833112,0.65716287984414,3.15109169383661,5.72717018282564
"SPEI_48","Atlantic Coast",-0.241833916138957,"Upland","7","US-A03","SPEI_48__Atlantic Coast",4.48643858006353,0.658590239642899,3.19560171036345,5.77727544976361
"SPEI_1","Pacific Coast",-0.241833916138957,"Upland","7","US-A03","SPEI_1__Pacific Coast",5.16557504809662,0.839788327650807,3.51958992590104,6.8115601702922
"SPEI_3","Pacific Coast",-0.241833916138957,"Upland","7","US-A03","SPEI_3__Pacific Coast",5.2253621574321,0.838358095562732,3.58218029012914,6.86854402473505
"SPEI_6","Pacific Coast",-0.241833916138957,"Upland","7","US-A03","SPEI_6__Pacific Coast",5.21281519334031,0.838902602061914,3.56856609329896,6.85706429338166
"SPEI_12","Pacific Coast",-0.241833916138957,"Upland","7","US-A03","SPEI_12__Pacific Coast",5.22670873085732,0.837253343740413,3.58569217712611,6.86772528458853
"SPEI_24","Pacific Coast",-0.241833916138957,"Upland","7","US-A03","SPEI_24__Pacific Coast",5.23627871241162,0.837664329508817,3.59445662657434,6.8781007982489
"SPEI_36","Pacific Coast",-0.241833916138957,"Upland","7","US-A03","SPEI_36__Pacific Coast",5.22667756139511,0.837252706383158,3.58566225688413,6.8676928659061
"SPEI_48","Pacific Coast",-0.241833916138957,"Upland","7","US-A03","SPEI_48__Pacific Coast",5.22659417476555,0.83725310520899,3.58557808855593,6.86761026097517
"SPEI_1","Gulf Coast",-0.241833916138957,"Upland","7","US-A03","SPEI_1__Gulf Coast",8.03273780942879,1.26641963999609,5.55055531503646,10.5149203038211
"SPEI_3","Gulf Coast",-0.241833916138957,"Upland","7","US-A03","SPEI_3__Gulf Coast",7.96006855479516,1.29808813469149,5.41581581079984,10.5043212987905
"SPEI_6","Gulf Coast",-0.241833916138957,"Upland","7","US-A03","SPEI_6__Gulf Coast",8.05329054994947,1.27812533896229,5.54816488558339,10.5584162143156
"SPEI_12","Gulf Coast",-0.241833916138957,"Upland","7","US-A03","SPEI_12__Gulf Coast",8.06343485335619,1.27884769075029,5.55689337948562,10.5699763272268
"SPEI_24","Gulf Coast",-0.241833916138957,"Upland","7","US-A03","SPEI_24__Gulf Coast",7.92756104816798,1.28524479415662,5.408481251621,10.446640844715
"SPEI_36","Gulf Coast",-0.241833916138957,"Upland","7","US-A03","SPEI_36__Gulf Coast",8.04760455576155,1.26719385983371,5.56390459048747,10.5313045210356
"SPEI_48","Gulf Coast",-0.241833916138957,"Upland","7","US-A03","SPEI_48__Gulf Coast",7.86659993262857,1.2649699561732,5.3872588185291,10.345941046728
"SPEI_1","AK Coast",-0.241833916138957,"Upland","7","US-A03","SPEI_1__AK Coast",6.87273574850025,0.971456379967755,4.96868124376345,8.77679025323705
"SPEI_3","AK Coast",-0.241833916138957,"Upland","7","US-A03","SPEI_3__AK Coast",6.55957371425943,0.978542056066381,4.64163128436933,8.47751614414954
"SPEI_6","AK Coast",-0.241833916138957,"Upland","7","US-A03","SPEI_6__AK Coast",6.63251133831471,0.977394920476146,4.71681729418147,8.54820538244796
"SPEI_12","AK Coast",-0.241833916138957,"Upland","7","US-A03","SPEI_12__AK Coast",6.65230973672788,0.978937752546679,4.73359174173638,8.57102773171937
"SPEI_24","AK Coast",-0.241833916138957,"Upland","7","US-A03","SPEI_24__AK Coast",6.63788367185501,0.984951822697695,4.70737809936753,8.56838924434249
"SPEI_36","AK Coast",-0.241833916138957,"Upland","7","US-A03","SPEI_36__AK Coast",6.57590964417808,0.982446390936505,4.65031471794253,8.50150457041363
"SPEI_48","AK Coast",-0.241833916138957,"Upland","7","US-A03","SPEI_48__AK Coast",6.66664627075746,0.979381026921791,4.74705945799075,8.58623308352417
"SPEI_1","Atlantic Coast",-0.207594504215246,"Upland","7","US-A03","SPEI_1__Atlantic Coast",4.41275278128127,0.657055480873262,3.12492403876968,5.70058152379286
"SPEI_3","Atlantic Coast",-0.207594504215246,"Upland","7","US-A03","SPEI_3__Atlantic Coast",4.43622066443898,0.657788606836595,3.14695499503926,5.72548633383871
"SPEI_6","Atlantic Coast",-0.207594504215246,"Upland","7","US-A03","SPEI_6__Atlantic Coast",4.42321234518055,0.65709854580138,3.13529919540984,5.71112549495125
"SPEI_12","Atlantic Coast",-0.207594504215246,"Upland","7","US-A03","SPEI_12__Atlantic Coast",4.42562219700106,0.657341553484316,3.1372327521718,5.71401164183032
"SPEI_24","Atlantic Coast",-0.207594504215246,"Upland","7","US-A03","SPEI_24__Atlantic Coast",4.42546947527011,0.657093862186655,3.13756550538427,5.71337344515596
"SPEI_36","Atlantic Coast",-0.207594504215246,"Upland","7","US-A03","SPEI_36__Atlantic Coast",4.43530816038504,0.657132689263167,3.14732808942923,5.72328823134084
"SPEI_48","Atlantic Coast",-0.207594504215246,"Upland","7","US-A03","SPEI_48__Atlantic Coast",4.48229387876576,0.658562233216106,3.19151190166219,5.77307585586933
"SPEI_1","Pacific Coast",-0.207594504215246,"Upland","7","US-A03","SPEI_1__Pacific Coast",5.15608046082306,0.839761436809691,3.51014804467607,6.80201287697006
"SPEI_3","Pacific Coast",-0.207594504215246,"Upland","7","US-A03","SPEI_3__Pacific Coast",5.22215336488351,0.838331222264395,3.57902416924529,6.86528256052172
"SPEI_6","Pacific Coast",-0.207594504215246,"Upland","7","US-A03","SPEI_6__Pacific Coast",5.20919041200148,0.838874691372587,3.56499601691121,6.85338480709175
"SPEI_12","Pacific Coast",-0.207594504215246,"Upland","7","US-A03","SPEI_12__Pacific Coast",5.22669356746485,0.837252833621242,3.58567801356721,6.86770912136248
"SPEI_24","Pacific Coast",-0.207594504215246,"Upland","7","US-A03","SPEI_24__Pacific Coast",5.2355590671195,0.837648200012709,3.59376859509459,6.87734953914441
"SPEI_36","Pacific Coast",-0.207594504215246,"Upland","7","US-A03","SPEI_36__Pacific Coast",5.22667236117468,0.837252230919921,3.58565798857164,6.86768673377773
"SPEI_48","Pacific Coast",-0.207594504215246,"Upland","7","US-A03","SPEI_48__Pacific Coast",5.22659226745401,0.837252390625448,3.58557758182813,6.86760695307989
"SPEI_1","Gulf Coast",-0.207594504215246,"Upland","7","US-A03","SPEI_1__Gulf Coast",8.01243073926276,1.26611145565664,5.53085228617574,10.4940091923498
"SPEI_3","Gulf Coast",-0.207594504215246,"Upland","7","US-A03","SPEI_3__Gulf Coast",7.7629366708418,1.29667249099804,5.22145858848565,10.304414753198
"SPEI_6","Gulf Coast",-0.207594504215246,"Upland","7","US-A03","SPEI_6__Gulf Coast",7.99267767815892,1.2776669424647,5.48845047092811,10.4969048853897
"SPEI_12","Gulf Coast",-0.207594504215246,"Upland","7","US-A03","SPEI_12__Gulf Coast",7.97443130753665,1.27813445255312,5.46928778053254,10.4795748345408
"SPEI_24","Gulf Coast",-0.207594504215246,"Upland","7","US-A03","SPEI_24__Gulf Coast",7.9090183573761,1.28566197159584,5.38912089304825,10.428915821704
"SPEI_36","Gulf Coast",-0.207594504215246,"Upland","7","US-A03","SPEI_36__Gulf Coast",8.02886476526422,1.26680764102959,5.54592178884622,10.5118077416822
"SPEI_48","Gulf Coast",-0.207594504215246,"Upland","7","US-A03","SPEI_48__Gulf Coast",7.8666169883196,1.26496597126554,5.38728368463913,10.3459502920001
"SPEI_1","AK Coast",-0.207594504215246,"Upland","7","US-A03","SPEI_1__AK Coast",6.87279807851243,0.971450651478843,4.9687548016139,8.77684135541096
"SPEI_3","AK Coast",-0.207594504215246,"Upland","7","US-A03","SPEI_3__AK Coast",6.57101038994955,0.978323641820675,4.65349605198103,8.48852472791808
"SPEI_6","AK Coast",-0.207594504215246,"Upland","7","US-A03","SPEI_6__AK Coast",6.64360754802145,0.97715071455312,4.72839214749733,8.55882294854556
"SPEI_12","AK Coast",-0.207594504215246,"Upland","7","US-A03","SPEI_12__AK Coast",6.66260269477321,0.978278852472523,4.74517614392707,8.58002924561936
"SPEI_24","AK Coast",-0.207594504215246,"Upland","7","US-A03","SPEI_24__AK Coast",6.65409006549389,0.984013205063546,4.72542418356934,8.58275594741844
"SPEI_36","AK Coast",-0.207594504215246,"Upland","7","US-A03","SPEI_36__AK Coast",6.5873525053703,0.981648277958788,4.66332188057107,8.51138313016952
"SPEI_48","AK Coast",-0.207594504215246,"Upland","7","US-A03","SPEI_48__AK Coast",6.67475720300572,0.978784853801332,4.75633888955511,8.59317551645633
"SPEI_1","Atlantic Coast",-0.173355092291536,"Upland","7","US-A03","SPEI_1__Atlantic Coast",4.41273345259564,0.657055101221878,3.12490545420076,5.70056145099053
"SPEI_3","Atlantic Coast",-0.173355092291536,"Upland","7","US-A03","SPEI_3__Atlantic Coast",4.43288976769821,0.657765370298799,3.14366964191257,5.72210989348386
"SPEI_6","Atlantic Coast",-0.173355092291536,"Upland","7","US-A03","SPEI_6__Atlantic Coast",4.42103368585563,0.65708135257721,3.1331542348043,5.70891313690696
"SPEI_12","Atlantic Coast",-0.173355092291536,"Upland","7","US-A03","SPEI_12__Atlantic Coast",4.42471255315436,0.657329377283817,3.13634697367807,5.71307813263064
"SPEI_24","Atlantic Coast",-0.173355092291536,"Upland","7","US-A03","SPEI_24__Atlantic Coast",4.42288503757112,0.657076760457372,3.13501458707467,5.71075548806757
"SPEI_36","Atlantic Coast",-0.173355092291536,"Upland","7","US-A03","SPEI_36__Atlantic Coast",4.43148495397725,0.657108149849822,3.1435529802716,5.7194169276829
"SPEI_48","Atlantic Coast",-0.173355092291536,"Upland","7","US-A03","SPEI_48__Atlantic Coast",4.47803400383587,0.658536762069306,3.18730195018003,5.76876605749171
"SPEI_1","Pacific Coast",-0.173355092291536,"Upland","7","US-A03","SPEI_1__Pacific Coast",5.14685837823112,0.839742348371083,3.5009633754238,6.79275338103844
"SPEI_3","Pacific Coast",-0.173355092291536,"Upland","7","US-A03","SPEI_3__Pacific Coast",5.21899895384531,0.838308021873717,3.57591523097283,6.8620826767178
"SPEI_6","Pacific Coast",-0.173355092291536,"Upland","7","US-A03","SPEI_6__Pacific Coast",5.20567711725466,0.838849895730874,3.56153132162215,6.84982291288718
"SPEI_12","Pacific Coast",-0.173355092291536,"Upland","7","US-A03","SPEI_12__Pacific Coast",5.22667843650298,0.837252373590448,3.5856637842657,6.86769308874025
"SPEI_24","Pacific Coast",-0.173355092291536,"Upland","7","US-A03","SPEI_24__Pacific Coast",5.23483728566553,0.837633090749434,3.59307642779664,6.87659814353442
"SPEI_36","Pacific Coast",-0.173355092291536,"Upland","7","US-A03","SPEI_36__Pacific Coast",5.22666707662497,0.837251795459741,3.58565355752387,6.86768059572606
"SPEI_48","Pacific Coast",-0.173355092291536,"Upland","7","US-A03","SPEI_48__Pacific Coast",5.22659034514251,0.837251739480672,3.58557693576039,6.86760375452462
"SPEI_1","Gulf Coast",-0.173355092291536,"Upland","7","US-A03","SPEI_1__Gulf Coast",7.99212457590417,1.26584076534593,5.51107667582615,10.4731724759822
"SPEI_3","Gulf Coast",-0.173355092291536,"Upland","7","US-A03","SPEI_3__Gulf Coast",7.5722281531643,1.29535588889043,5.03333061093907,10.1111256953895
"SPEI_6","Gulf Coast",-0.173355092291536,"Upland","7","US-A03","SPEI_6__Gulf Coast",7.93314382027204,1.27726769829338,5.42969913161703,10.4365885089271
"SPEI_12","Gulf Coast",-0.173355092291536,"Upland","7","US-A03","SPEI_12__Gulf Coast",7.88615159440519,1.2775632561857,5.38212761228123,10.3901755765292
"SPEI_24","Gulf Coast",-0.173355092291536,"Upland","7","US-A03","SPEI_24__Gulf Coast",7.89166486959775,1.28612107307391,5.37086756637289,10.4124621728226
"SPEI_36","Gulf Coast",-0.173355092291536,"Upland","7","US-A03","SPEI_36__Gulf Coast",8.01012800525278,1.26646013101015,5.52786614847287,10.4923898620327
"SPEI_48","Gulf Coast",-0.173355092291536,"Upland","7","US-A03","SPEI_48__Gulf Coast",7.8666334196143,1.26496252641392,5.38730686784303,10.3459599713856
"SPEI_1","AK Coast",-0.173355092291536,"Upland","7","US-A03","SPEI_1__AK Coast",6.87286016143161,0.971445297297459,4.96882737872859,8.77689294413463
"SPEI_3","AK Coast",-0.173355092291536,"Upland","7","US-A03","SPEI_3__AK Coast",6.58285812815292,0.978129551997518,4.66572420623779,8.49999205006806
"SPEI_6","AK Coast",-0.173355092291536,"Upland","7","US-A03","SPEI_6__AK Coast",6.65489097564113,0.976927856507132,4.74011237688715,8.56966957439511
"SPEI_12","AK Coast",-0.173355092291536,"Upland","7","US-A03","SPEI_12__AK Coast",6.67289653104427,0.977650079768553,4.75670237469791,8.58909068739064
"SPEI_24","AK Coast",-0.173355092291536,"Upland","7","US-A03","SPEI_24__AK Coast",6.67016329967599,0.983144089901869,4.74320088346833,8.59712571588365
"SPEI_36","AK Coast",-0.173355092291536,"Upland","7","US-A03","SPEI_36__AK Coast",6.59879248826432,0.980880570602903,4.67626656988263,8.52131840664601
"SPEI_48","AK Coast",-0.173355092291536,"Upland","7","US-A03","SPEI_48__AK Coast",6.68286719645607,0.978211699272497,4.76557226588198,8.60016212703017
"SPEI_1","Atlantic Coast",-0.139115680367825,"Upland","7","US-A03","SPEI_1__Atlantic Coast",4.41271410624054,0.657054796407571,3.1248867052817,5.70054150719938
"SPEI_3","Atlantic Coast",-0.139115680367825,"Upland","7","US-A03","SPEI_3__Atlantic Coast",4.42956159544359,0.657746336804273,3.14037877530722,5.71874441557997
"SPEI_6","Atlantic Coast",-0.139115680367825,"Upland","7","US-A03","SPEI_6__Atlantic Coast",4.41885497193349,0.65706873027757,3.13100026058945,5.70670968327752
"SPEI_12","Atlantic Coast",-0.139115680367825,"Upland","7","US-A03","SPEI_12__Atlantic Coast",4.423784517342,0.65731991026617,3.13543749322031,5.71213154146369
"SPEI_24","Atlantic Coast",-0.139115680367825,"Upland","7","US-A03","SPEI_24__Atlantic Coast",4.42030037416852,0.65706454003254,3.13245387570474,5.7081468726323
"SPEI_36","Atlantic Coast",-0.139115680367825,"Upland","7","US-A03","SPEI_36__Atlantic Coast",4.42766132163434,0.657089261689957,3.13976636872202,5.71555627454666
"SPEI_48","Atlantic Coast",-0.139115680367825,"Upland","7","US-A03","SPEI_48__Atlantic Coast",4.4736558030512,0.658513926760304,3.182968506601,5.76434309950139
"SPEI_1","Pacific Coast",-0.139115680367825,"Upland","7","US-A03","SPEI_1__Pacific Coast",5.13792162985606,0.839731344582422,3.49204819447451,6.7837950652376
"SPEI_3","Pacific Coast",-0.139115680367825,"Upland","7","US-A03","SPEI_3__Pacific Coast",5.21590003249425,0.838288494152214,3.57285458395592,6.85894548103259
"SPEI_6","Pacific Coast",-0.139115680367825,"Upland","7","US-A03","SPEI_6__Pacific Coast",5.20227304171847,0.83882817013907,3.55816982824589,6.84637625519105
"SPEI_12","Pacific Coast",-0.139115680367825,"Upland","7","US-A03","SPEI_12__Pacific Coast",5.22666333848491,0.837251963470946,3.58564949008185,6.86767718688796
"SPEI_24","Pacific Coast",-0.139115680367825,"Upland","7","US-A03","SPEI_24__Pacific Coast",5.23411365202253,0.837618991772195,3.59238042814903,6.87584687589604
"SPEI_36","Pacific Coast",-0.139115680367825,"Upland","7","US-A03","SPEI_36__Pacific Coast",5.22666170699006,0.837251399804547,3.58564896337315,6.86767445060697
"SPEI_48","Pacific Coast",-0.139115680367825,"Upland","7","US-A03","SPEI_48__Pacific Coast",5.2265884089507,0.837251151572604,3.5855761518684,6.86760066603301
"SPEI_1","Gulf Coast",-0.139115680367825,"Upland","7","US-A03","SPEI_1__Gulf Coast",7.9718194850711,1.26560760046724,5.49122858815531,10.4524103819869
"SPEI_3","Gulf Coast",-0.139115680367825,"Upland","7","US-A03","SPEI_3__Gulf Coast",7.3887587598706,1.29417009674179,4.8521853702567,9.9253321494845
"SPEI_6","Gulf Coast",-0.139115680367825,"Upland","7","US-A03","SPEI_6__Gulf Coast",7.87481568636916,1.27693131266559,5.3720303135446,10.3776010591937
"SPEI_12","Gulf Coast",-0.139115680367825,"Upland","7","US-A03","SPEI_12__Gulf Coast",7.79884112380043,1.27715113852418,5.29562489229303,10.3020573553078
"SPEI_24","Gulf Coast",-0.139115680367825,"Upland","7","US-A03","SPEI_24__Gulf Coast",7.87537538987679,1.28661890522182,5.35360233564203,10.3971484441115
"SPEI_36","Gulf Coast",-0.139115680367825,"Upland","7","US-A03","SPEI_36__Gulf Coast",7.99139407563742,1.2661513672257,5.50973739587504,10.4730507553998
"SPEI_48","Gulf Coast",-0.139115680367825,"Upland","7","US-A03","SPEI_48__Gulf Coast",7.86664924706677,1.26495962110059,5.38732838970961,10.3459701044239
"SPEI_1","AK Coast",-0.139115680367825,"Upland","7","US-A03","SPEI_1__AK Coast",6.87292202632623,0.971440315038197,4.96889900885137,8.7769450438011
"SPEI_3","AK Coast",-0.139115680367825,"Upland","7","US-A03","SPEI_3__AK Coast",6.59509473803468,0.977958818007935,4.67829545473913,8.51189402133024
"SPEI_6","AK Coast",-0.139115680367825,"Upland","7","US-A03","SPEI_6__AK Coast",6.66635518308489,0.976725809977556,4.75197259552888,8.5807377706409
"SPEI_12","AK Coast",-0.139115680367825,"Upland","7","US-A03","SPEI_12__AK Coast",6.68319122763877,0.977051456404306,4.76817037308633,8.59821208219121
"SPEI_24","AK Coast",-0.139115680367825,"Upland","7","US-A03","SPEI_24__AK Coast",6.68608823048548,0.982341327217546,4.76069922913909,8.61147723183186
"SPEI_36","AK Coast",-0.139115680367825,"Upland","7","US-A03","SPEI_36__AK Coast",6.61022947216553,0.980143250924221,4.68914870035406,8.53131024397701
"SPEI_48","AK Coast",-0.139115680367825,"Upland","7","US-A03","SPEI_48__AK Coast",6.69097623097425,0.977661589684813,4.77475951519202,8.60719294675649
"SPEI_1","Atlantic Coast",-0.104876268444114,"Upland","7","US-A03","SPEI_1__Atlantic Coast",4.41269474259529,0.657054566244144,3.12486779275677,5.70052169243381
"SPEI_3","Atlantic Coast",-0.104876268444114,"Upland","7","US-A03","SPEI_3__Atlantic Coast",4.4262353905934,0.657731489639904,3.13708167089918,5.71538911028761
"SPEI_6","Atlantic Coast",-0.104876268444114,"Upland","7","US-A03","SPEI_6__Atlantic Coast",4.4166762033506,0.657060679093536,3.12883727232727,5.70451513437393
"SPEI_12","Atlantic Coast",-0.104876268444114,"Upland","7","US-A03","SPEI_12__Atlantic Coast",4.42283756176656,0.657313139101207,3.13450380912819,5.71117131440492
"SPEI_24","Atlantic Coast",-0.104876268444114,"Upland","7","US-A03","SPEI_24__Atlantic Coast",4.41771547618142,0.657057201272459,3.1298833616874,5.70554759067544
"SPEI_36","Atlantic Coast",-0.104876268444114,"Upland","7","US-A03","SPEI_36__Atlantic Coast",4.42383726409174,0.657076025047603,3.13596825499844,5.71170627318504
"SPEI_48","Atlantic Coast",-0.104876268444114,"Upland","7","US-A03","SPEI_48__Atlantic Coast",4.46915621689081,0.658493830310514,3.1785083094822,5.75980412429942
"SPEI_1","Pacific Coast",-0.104876268444114,"Upland","7","US-A03","SPEI_1__Pacific Coast",5.12928259245525,0.839728647378722,3.48341444359296,6.77515074131755
"SPEI_3","Pacific Coast",-0.104876268444114,"Upland","7","US-A03","SPEI_3__Pacific Coast",5.21285748151301,0.838272645990587,3.56984309537146,6.85587186765456
"SPEI_6","Pacific Coast",-0.104876268444114,"Upland","7","US-A03","SPEI_6__Pacific Coast",5.1989755187883,0.838809478956776,3.55490894003302,6.84304209754358
"SPEI_12","Pacific Coast",-0.104876268444114,"Upland","7","US-A03","SPEI_12__Pacific Coast",5.22664827348483,0.837251603110851,3.58563513138756,6.8676614155821
"SPEI_24","Pacific Coast",-0.104876268444114,"Upland","7","US-A03","SPEI_24__Pacific Coast",5.23338841536941,0.837605895170796,3.59168086083465,6.87509596990417
"SPEI_36","Pacific Coast",-0.104876268444114,"Upland","7","US-A03","SPEI_36__Pacific Coast",5.22665625140984,0.837251043782323,3.58564420559648,6.86766829722319
"SPEI_48","Pacific Coast",-0.104876268444114,"Upland","7","US-A03","SPEI_48__Pacific Coast",5.22658645998299,0.837250626719816,3.58557523161215,6.86759768835383
"SPEI_1","Gulf Coast",-0.104876268444114,"Upland","7","US-A03","SPEI_1__Gulf Coast",7.95151563440508,1.26541199121961,5.47130813161464,10.4317231371955
"SPEI_3","Gulf Coast",-0.104876268444114,"Upland","7","US-A03","SPEI_3__Gulf Coast",7.21329280210744,1.29314233574391,4.67873382404938,9.7478517801655
"SPEI_6","Gulf Coast",-0.104876268444114,"Upland","7","US-A03","SPEI_6__Gulf Coast",7.8178165906231,1.27666079280572,5.31556143672389,10.3200717445223
"SPEI_12","Gulf Coast",-0.104876268444114,"Upland","7","US-A03","SPEI_12__Gulf Coast",7.71274707406868,1.2769128826335,5.20999782410702,10.2154963240303
"SPEI_24","Gulf Coast",-0.104876268444114,"Upland","7","US-A03","SPEI_24__Gulf Coast",7.86001695562235,1.28715070347699,5.33720157680745,10.3828323344373
"SPEI_36","Gulf Coast",-0.104876268444114,"Upland","7","US-A03","SPEI_36__Gulf Coast",7.97266274926082,1.26588138985977,5.49153522513567,10.453790273386
"SPEI_48","Gulf Coast",-0.104876268444114,"Upland","7","US-A03","SPEI_48__Gulf Coast",7.86666449400358,1.26495725508795,5.3873482740312,10.345980713976
"SPEI_1","AK Coast",-0.104876268444114,"Upland","7","US-A03","SPEI_1__AK Coast",6.87298370442845,0.971435702521094,4.9689697274871,8.77699768136979
"SPEI_3","AK Coast",-0.104876268444114,"Upland","7","US-A03","SPEI_3__AK Coast",6.6076969491932,0.977810483089466,4.69118840233784,8.52420549604855
"SPEI_6","AK Coast",-0.104876268444114,"Upland","7","US-A03","SPEI_6__AK Coast",6.6779939233086,0.976544051416277,4.76396758253269,8.5920202640845
"SPEI_12","AK Coast",-0.104876268444114,"Upland","7","US-A03","SPEI_12__AK Coast",6.69348676858472,0.976483002369467,4.77958008394056,8.60739345322887
"SPEI_24","AK Coast",-0.104876268444114,"Upland","7","US-A03","SPEI_24__AK Coast",6.70185002110541,0.981601770188923,4.77791055153512,8.6257894906757
"SPEI_36","AK Coast",-0.104876268444114,"Upland","7","US-A03","SPEI_36__AK Coast",6.62166334931825,0.979436298272803,4.70196820470356,8.54135849393294
"SPEI_48","AK Coast",-0.104876268444114,"Upland","7","US-A03","SPEI_48__AK Coast",6.69908429258422,0.977134549962075,4.78390057465855,8.61426801050988
"SPEI_1","Atlantic Coast",-0.0706368565204034,"Upland","7","US-A03","SPEI_1__Atlantic Coast",4.41267536141094,0.65705441059357,3.12484871664754,5.70050200617434
"SPEI_3","Atlantic Coast",-0.0706368565204034,"Upland","7","US-A03","SPEI_3__Atlantic Coast",4.42291007529128,0.657720819364218,3.13377726933741,5.71204288124515
"SPEI_6","Atlantic Coast",-0.0706368565204034,"Upland","7","US-A03","SPEI_6__Atlantic Coast",4.41449737849985,0.657057199259497,3.12666526795124,5.70232948904846
"SPEI_12","Atlantic Coast",-0.0706368565204034,"Upland","7","US-A03","SPEI_12__Atlantic Coast",4.4218710998067,0.657309055766258,3.13354535050483,5.71019684910856
"SPEI_24","Atlantic Coast",-0.0706368565204034,"Upland","7","US-A03","SPEI_24__Atlantic Coast",4.41513033438725,0.65705474452043,3.1273030351272,5.70295763364729
"SPEI_36","Atlantic Coast",-0.0706368565204034,"Upland","7","US-A03","SPEI_36__Atlantic Coast",4.42001278034927,0.657068440358982,3.13215863724566,5.70786692345287
"SPEI_48","Atlantic Coast",-0.0706368565204034,"Upland","7","US-A03","SPEI_48__Atlantic Coast",4.46453233630816,0.658476575595297,3.17391824814138,5.75514642447495
"SPEI_1","Pacific Coast",-0.0706368565204034,"Upland","7","US-A03","SPEI_1__Pacific Coast",5.12095306492747,0.839734403295862,3.47507363446758,6.76683249538736
"SPEI_3","Pacific Coast",-0.0706368565204034,"Upland","7","US-A03","SPEI_3__Pacific Coast",5.20987193651743,0.838260491291766,3.56688137358557,6.85286249944929
"SPEI_6","Pacific Coast",-0.0706368565204034,"Upland","7","US-A03","SPEI_6__Pacific Coast",5.19578145566028,0.838793795281519,3.55174561690851,6.83981729441206
"SPEI_12","Pacific Coast",-0.0706368565204034,"Upland","7","US-A03","SPEI_12__Pacific Coast",5.22663324113314,0.837251292389755,3.58562070804922,6.86764577421706
"SPEI_24","Pacific Coast",-0.0706368565204034,"Upland","7","US-A03","SPEI_24__Pacific Coast",5.2326617886254,0.837593795473274,3.59097794949778,6.87434562775301
"SPEI_36","Pacific Coast",-0.0706368565204034,"Upland","7","US-A03","SPEI_36__Pacific Coast",5.22665070894632,0.837250727253927,3.58563928352862,6.86766213436402
"SPEI_48","Pacific Coast",-0.0706368565204034,"Upland","7","US-A03","SPEI_48__Pacific Coast",5.22658449933142,0.837250164767414,3.58557417638729,6.86759482227555
"SPEI_1","Gulf Coast",-0.0706368565204034,"Upland","7","US-A03","SPEI_1__Gulf Coast",7.93121319286832,1.26525396649806,5.45131541853212,10.4111109672045
"SPEI_3","Gulf Coast",-0.0706368565204034,"Upland","7","US-A03","SPEI_3__Gulf Coast",7.04652975499023,1.29229337147484,4.51363474689954,9.57942476308092
"SPEI_6","Gulf Coast",-0.0706368565204034,"Upland","7","US-A03","SPEI_6__Gulf Coast",7.76226508078643,1.27645820315491,5.26040700260281,10.26412315897
"SPEI_12","Gulf Coast",-0.0706368565204034,"Upland","7","US-A03","SPEI_12__Gulf Coast",7.62811687007933,1.27686043802493,5.12547041155046,10.1307633286082
"SPEI_24","Gulf Coast",-0.0706368565204034,"Upland","7","US-A03","SPEI_24__Gulf Coast",7.84544910499875,1.28770998972272,5.32153752514222,10.3693606848553
"SPEI_36","Gulf Coast",-0.0706368565204034,"Upland","7","US-A03","SPEI_36__Gulf Coast",7.95393377151749,1.26565024176445,5.47325929765916,10.4346082453758
"SPEI_48","Gulf Coast",-0.0706368565204034,"Upland","7","US-A03","SPEI_48__Gulf Coast",7.86667918671877,1.26495542846595,5.38736654692552,10.345991826512
"SPEI_1","AK Coast",-0.0706368565204034,"Upland","7","US-A03","SPEI_1__AK Coast",6.87304522859163,0.971431457846739,4.96903957121203,8.77705088597124
"SPEI_3","AK Coast",-0.0706368565204034,"Upland","7","US-A03","SPEI_3__AK Coast",6.6206404538193,0.977683585936945,4.70438062538289,8.53690028225571
"SPEI_6","AK Coast",-0.0706368565204034,"Upland","7","US-A03","SPEI_6__AK Coast",6.68980118480652,0.976382057410694,4.77609235228156,8.60351001733148
"SPEI_12","AK Coast",-0.0706368565204034,"Upland","7","US-A03","SPEI_12__AK Coast",6.70378313927779,0.975944735673011,4.79093145735869,8.61663482119689
"SPEI_24","AK Coast",-0.0706368565204034,"Upland","7","US-A03","SPEI_24__AK Coast",6.71743419231487,0.980922267062254,4.79482654887285,8.64004183575689
"SPEI_36","AK Coast",-0.0706368565204034,"Upland","7","US-A03","SPEI_36__AK Coast",6.63309402604585,0.97875968923173,4.71472503515166,8.55146301694004
"SPEI_48","AK Coast",-0.0706368565204034,"Upland","7","US-A03","SPEI_48__AK Coast",6.70719137436992,0.976630603595341,4.79299539132305,8.62138735741679
"SPEI_1","Atlantic Coast",-0.0363974445966928,"Upland","7","US-A03","SPEI_1__Atlantic Coast",4.4126559619777,0.657054329362746,3.12482947642671,5.70048244752868
"SPEI_3","Atlantic Coast",-0.0363974445966928,"Upland","7","US-A03","SPEI_3__Atlantic Coast",4.41958433101243,0.657714319523549,3.13046426474627,5.70870439727858
"SPEI_6","Atlantic Coast",-0.0363974445966928,"Upland","7","US-A03","SPEI_6__Atlantic Coast",4.41231849459107,0.657058291025189,3.1244842441817,5.70015274500044
"SPEI_12","Atlantic Coast",-0.0363974445966928,"Upland","7","US-A03","SPEI_12__Atlantic Coast",4.42088450706763,0.657307656508048,3.13256150031186,5.7092075138234
"SPEI_24","Atlantic Coast",-0.0363974445966928,"Upland","7","US-A03","SPEI_24__Atlantic Coast",4.41254493947262,0.657057170079295,3.1247128861172,5.70037699282804
"SPEI_36","Atlantic Coast",-0.0363974445966928,"Upland","7","US-A03","SPEI_36__Atlantic Coast",4.41618786823781,0.657066508148033,3.12833751226767,5.70403822420795
"SPEI_48","Atlantic Coast",-0.0363974445966928,"Upland","7","US-A03","SPEI_48__Atlantic Coast",4.45978142197086,0.658462256092512,3.16919540002954,5.75036744391219
"SPEI_1","Pacific Coast",-0.0363974445966928,"Upland","7","US-A03","SPEI_1__Pacific Coast",5.11294430045525,0.839748653036717,3.46703694050328,6.75885166040721
"SPEI_3","Pacific Coast",-0.0363974445966928,"Upland","7","US-A03","SPEI_3__Pacific Coast",5.20694383992983,0.83825204704606,3.56396982771955,6.84991785214011
"SPEI_6","Pacific Coast",-0.0363974445966928,"Upland","7","US-A03","SPEI_6__Pacific Coast",5.19268742676765,0.838781094905248,3.54867648075336,6.83669837278193
"SPEI_12","Pacific Coast",-0.0363974445966928,"Upland","7","US-A03","SPEI_12__Pacific Coast",5.2266182407399,0.837251031218121,3.58560621955238,6.86763026192742
"SPEI_24","Pacific Coast",-0.0363974445966928,"Upland","7","US-A03","SPEI_24__Pacific Coast",5.23193395743246,0.837582689394326,3.59027188621959,6.87359602864534
"SPEI_36","Pacific Coast",-0.0363974445966928,"Upland","7","US-A03","SPEI_36__Pacific Coast",5.22664507863524,0.837250450112733,3.58563419641428,6.86765596085619
"SPEI_48","Pacific Coast",-0.0363974445966928,"Upland","7","US-A03","SPEI_48__Pacific Coast",5.22658252808268,0.837249765587488,3.5855729875312,6.86759206863415
"SPEI_1","Gulf Coast",-0.0363974445966928,"Upland","7","US-A03","SPEI_1__Gulf Coast",7.91091232972374,1.26513355340773,5.43125056504458,10.3905740944029
"SPEI_3","Gulf Coast",-0.0363974445966928,"Upland","7","US-A03","SPEI_3__Gulf Coast",6.88910862631498,1.29163497658386,4.35750407221061,9.42071318041935
"SPEI_6","Gulf Coast",-0.0363974445966928,"Upland","7","US-A03","SPEI_6__Gulf Coast",7.70827484597361,1.27632428719081,5.20667924307963,10.2098704488676
"SPEI_12","Gulf Coast",-0.0363974445966928,"Upland","7","US-A03","SPEI_12__Gulf Coast",7.54519649041378,1.2770021790694,5.04227221943775,10.0481207613898
"SPEI_24","Gulf Coast",-0.0363974445966928,"Upland","7","US-A03","SPEI_24__Gulf Coast",7.83152631968244,1.28828835706855,5.30648113982809,10.3565714995368
"SPEI_36","Gulf Coast",-0.0363974445966928,"Upland","7","US-A03","SPEI_36__Gulf Coast",7.93520686785975,1.26545796738385,5.4549092517874,10.4155044839321
"SPEI_48","Gulf Coast",-0.0363974445966928,"Upland","7","US-A03","SPEI_48__Gulf Coast",7.86669335383067,1.26495414162554,5.3873832362446,10.3460034714167
"SPEI_1","AK Coast",-0.0363974445966928,"Upland","7","US-A03","SPEI_1__AK Coast",6.87310663223743,0.971427579417243,4.96910857657964,8.77710468789523
"SPEI_3","AK Coast",-0.0363974445966928,"Upland","7","US-A03","SPEI_3__AK Coast",6.63390024792206,0.97757711086277,4.71784911063103,8.54995138521308
"SPEI_6","AK Coast",-0.0363974445966928,"Upland","7","US-A03","SPEI_6__AK Coast",6.70177116950453,0.976239272028887,4.78834219632791,8.61520014268115
"SPEI_12","AK Coast",-0.0363974445966928,"Upland","7","US-A03","SPEI_12__AK Coast",6.71408032546695,0.975436672170581,4.80222444801261,8.62593620292129
"SPEI_24","AK Coast",-0.0363974445966928,"Upland","7","US-A03","SPEI_24__AK Coast",6.73282657225603,0.980299636824298,4.81143928408041,8.65421386043166
"SPEI_36","AK Coast",-0.0363974445966928,"Upland","7","US-A03","SPEI_36__AK Coast",6.64452141990308,0.978113397317666,4.72741916116046,8.56162367864571
"SPEI_48","AK Coast",-0.0363974445966928,"Upland","7","US-A03","SPEI_48__AK Coast",6.71529747540737,0.976149772565469,4.80204392117905,8.62855102963569
"SPEI_1","Atlantic Coast",-0.0021580326729822,"Upland","7","US-A03","SPEI_1__Atlantic Coast",4.41263654328956,0.657054322499779,3.12481007118999,5.70046301538912
"SPEI_3","Atlantic Coast",-0.0021580326729822,"Upland","7","US-A03","SPEI_3__Atlantic Coast",4.41625667700864,0.657711983365331,3.12714118961259,5.70537216440469
"SPEI_6","Atlantic Coast",-0.0021580326729822,"Upland","7","US-A03","SPEI_6__Atlantic Coast",4.41013954800443,0.657063954632687,3.12229419692437,5.6979848990845
"SPEI_12","Atlantic Coast",-0.0021580326729822,"Upland","7","US-A03","SPEI_12__Atlantic Coast",4.41987714220607,0.657308940952405,3.13155161793936,5.70820266647278
"SPEI_24","Atlantic Coast",-0.0021580326729822,"Upland","7","US-A03","SPEI_24__Atlantic Coast",4.40995928228306,0.657064478192522,3.12211290502572,5.6978056595404
"SPEI_36","Atlantic Coast",-0.0021580326729822,"Upland","7","US-A03","SPEI_36__Atlantic Coast",4.41236252498039,0.657070228959827,3.12450487621913,5.70022017374165
"SPEI_48","Atlantic Coast",-0.0021580326729822,"Upland","7","US-A03","SPEI_48__Atlantic Coast",4.45490092464611,0.658450949096138,3.16433706441768,5.74546478487454
"SPEI_1","Pacific Coast",-0.0021580326729822,"Upland","7","US-A03","SPEI_1__Pacific Coast",5.10526703536509,0.839771309752655,3.45931526824989,6.7512188024803
"SPEI_3","Pacific Coast",-0.0021580326729822,"Upland","7","US-A03","SPEI_3__Pacific Coast",5.20407349139175,0.838247330221614,3.56110872415738,6.84703825862611
"SPEI_6","Pacific Coast",-0.0021580326729822,"Upland","7","US-A03","SPEI_6__Pacific Coast",5.18968976412987,0.838771351755103,3.54569791468987,6.83368161356987
"SPEI_12","Pacific Coast",-0.0021580326729822,"Upland","7","US-A03","SPEI_12__Pacific Coast",5.22660327141591,0.837250819536355,3.58559166512466,6.86761487770717
"SPEI_24","Pacific Coast",-0.0021580326729822,"Upland","7","US-A03","SPEI_24__Pacific Coast",5.23120508900106,0.837572575615227,3.58956284079522,6.87284733720691
"SPEI_36","Pacific Coast",-0.0021580326729822,"Upland","7","US-A03","SPEI_36__Pacific Coast",5.22663935953764,0.837250212283912,3.58562894346118,6.86764977561411
"SPEI_48","Pacific Coast",-0.0021580326729822,"Upland","7","US-A03","SPEI_48__Pacific Coast",5.22658054732526,0.837249429079159,3.58557166633011,6.86758942832042
"SPEI_1","Gulf Coast",-0.0021580326729822,"Upland","7","US-A03","SPEI_1__Gulf Coast",7.8906132135332,1.26505077687764,5.41111369085302,10.3701127362134
"SPEI_3","Gulf Coast",-0.0021580326729822,"Upland","7","US-A03","SPEI_3__Gulf Coast",6.74161205454765,1.29116817547032,4.21092243062583,9.27230167846947
"SPEI_6","Gulf Coast",-0.0021580326729822,"Upland","7","US-A03","SPEI_6__Gulf Coast",7.6559546076929,1.27625818680218,5.15448856156063,10.1574206538252
"SPEI_12","Gulf Coast",-0.0021580326729822,"Upland","7","US-A03","SPEI_12__Gulf Coast",7.4642287975979,1.27734234363352,4.9606378040762,9.96781979111961
"SPEI_24","Gulf Coast",-0.0021580326729822,"Upland","7","US-A03","SPEI_24__Gulf Coast",7.81810040899981,1.28887537580481,5.29190467242239,10.3442961455772
"SPEI_36","Gulf Coast",-0.0021580326729822,"Upland","7","US-A03","SPEI_36__Gulf Coast",7.91648175112584,1.26530461189282,5.4364847118159,10.3964787904358
"SPEI_48","Gulf Coast",-0.0021580326729822,"Upland","7","US-A03","SPEI_48__Gulf Coast",7.8667070256597,1.26495339522887,5.38739837101112,10.3460156803083
"SPEI_1","AK Coast",-0.0021580326729822,"Upland","7","US-A03","SPEI_1__AK Coast",6.87316794831606,0.971424065952513,4.96917677904914,8.77715911758299
"SPEI_3","AK Coast",-0.0021580326729822,"Upland","7","US-A03","SPEI_3__AK Coast",6.64745096228626,0.977489949337904,4.73157066158396,8.56333126298855
"SPEI_6","AK Coast",-0.0021580326729822,"Upland","7","US-A03","SPEI_6__AK Coast",6.71389826987158,0.976115081768555,4.80071270960521,8.62708383013795
"SPEI_12","AK Coast",-0.0021580326729822,"Upland","7","US-A03","SPEI_12__AK Coast",6.7243783122398,0.974958825454728,4.81345901434853,8.63529761013107
"SPEI_24","AK Coast",-0.0021580326729822,"Upland","7","US-A03","SPEI_24__AK Coast",6.74801324728261,0.979730650062194,4.82774117316071,8.66828532140451
"SPEI_36","AK Coast",-0.0021580326729822,"Upland","7","US-A03","SPEI_36__AK Coast",6.65594545690461,0.977497392820643,4.74005056697615,8.57184034683307
"SPEI_48","AK Coast",-0.0021580326729822,"Upland","7","US-A03","SPEI_48__AK Coast",6.72340259973542,0.975692077292778,4.81104612824158,8.63575907122927
"SPEI_1","Atlantic Coast",0.0320813792507284,"Upland","7","US-A03","SPEI_1__Atlantic Coast",4.41261710411522,0.657054390002446,3.12479049971043,5.70044370852002
"SPEI_3","Atlantic Coast",0.0320813792507284,"Upland","7","US-A03","SPEI_3__Atlantic Coast",4.4129254961957,0.657713805858255,3.12380643671352,5.70204455567788
"SPEI_6","Atlantic Coast",0.0320813792507284,"Upland","7","US-A03","SPEI_6__Atlantic Coast",4.40796053437146,0.657074190331585,3.12009512132156,5.69582594742137
"SPEI_12","Atlantic Coast",0.0320813792507284,"Upland","7","US-A03","SPEI_12__Atlantic Coast",4.41884836355853,0.657312912869181,3.13051505433493,5.70718167278212
"SPEI_24","Atlantic Coast",0.0320813792507284,"Upland","7","US-A03","SPEI_24__Atlantic Coast",4.40737335415562,0.657076669054461,3.11950308280888,5.69524362550236
"SPEI_36","Atlantic Coast",0.0320813792507284,"Upland","7","US-A03","SPEI_36__Atlantic Coast",4.40853674758497,0.65707960339702,3.12066072492681,5.69641277024313
"SPEI_48","Atlantic Coast",0.0320813792507284,"Upland","7","US-A03","SPEI_48__Atlantic Coast",4.44988857827987,0.658442719031228,3.15934084897866,5.74043630758108
"SPEI_1","Pacific Coast",0.0320813792507284,"Upland","7","US-A03","SPEI_1__Pacific Coast",5.09793132878284,0.839802164844359,3.45191908568789,6.74394357187778
"SPEI_3","Pacific Coast",0.0320813792507284,"Upland","7","US-A03","SPEI_3__Pacific Coast",5.20126104986774,0.838246359692665,3.55829818487012,6.84422391486537
"SPEI_6","Pacific Coast",0.0320813792507284,"Upland","7","US-A03","SPEI_6__Pacific Coast",5.18678456570528,0.83876454107893,3.54280606519058,6.83076306621999
"SPEI_12","Pacific Coast",0.0320813792507284,"Upland","7","US-A03","SPEI_12__Pacific Coast",5.22658833213138,0.837250657322916,3.58557704377846,6.86759962048429
"SPEI_24","Pacific Coast",0.0320813792507284,"Upland","7","US-A03","SPEI_24__Pacific Coast",5.23047533501972,0.837563455420572,3.5888509623954,6.87209970764405
"SPEI_36","Pacific Coast",0.0320813792507284,"Upland","7","US-A03","SPEI_36__Pacific Coast",5.22663355080634,0.837250013733364,3.58562352388895,6.86764357772374
"SPEI_48","Pacific Coast",0.0320813792507284,"Upland","7","US-A03","SPEI_48__Pacific Coast",5.22657855815813,0.837249155176636,3.58557021401193,6.86758690230434
"SPEI_1","Gulf Coast",0.0320813792507284,"Upland","7","US-A03","SPEI_1__Gulf Coast",7.87031601080741,1.26500565977036,5.3909049176575,10.3497271039573
"SPEI_3","Gulf Coast",0.0320813792507284,"Upland","7","US-A03","SPEI_3__Gulf Coast",6.60455000949333,1.29088323682878,4.07441886530893,9.13468115367774
"SPEI_6","Gulf Coast",0.0320813792507284,"Upland","7","US-A03","SPEI_6__Gulf Coast",7.60540616902363,1.27625743027865,5.10394160567747,10.1068707323698
"SPEI_12","Gulf Coast",0.0320813792507284,"Upland","7","US-A03","SPEI_12__Gulf Coast",7.38545057430959,1.27788084942082,4.88080410944479,9.89009703917439
"SPEI_24","Gulf Coast",0.0320813792507284,"Upland","7","US-A03","SPEI_24__Gulf Coast",7.80502211314473,1.28945879538643,5.27768287418733,10.3323613521021
"SPEI_36","Gulf Coast",0.0320813792507284,"Upland","7","US-A03","SPEI_36__Gulf Coast",7.89775812486262,1.26519022162188,5.41798529048373,10.3775309592415
"SPEI_48","Gulf Coast",0.0320813792507284,"Upland","7","US-A03","SPEI_48__Gulf Coast",7.86672023418212,1.26495319025731,5.3874119812778,10.3460284870864
"SPEI_1","AK Coast",0.0320813792507284,"Upland","7","US-A03","SPEI_1__AK Coast",6.87322920799997,0.971420916602043,4.96924421145996,8.77721420453997
"SPEI_3","AK Coast",0.0320813792507284,"Upland","7","US-A03","SPEI_3__AK Coast",6.66126708485991,0.977420913383779,4.74552209462771,8.57701207509212
"SPEI_6","AK Coast",0.0320813792507284,"Upland","7","US-A03","SPEI_6__AK Coast",6.7261771122268,0.976008821924619,4.81319982125455,8.63915440319905
"SPEI_12","AK Coast",0.0320813792507284,"Upland","7","US-A03","SPEI_12__AK Coast",6.73467708266147,0.974511207098068,4.82463511674926,8.64471904857369
"SPEI_24","AK Coast",0.0320813792507284,"Upland","7","US-A03","SPEI_24__AK Coast",6.76298060351522,0.97921204459659,4.8437249961059,8.68223621092453
"SPEI_36","AK Coast",0.0320813792507284,"Upland","7","US-A03","SPEI_36__AK Coast",6.66736607162969,0.976911643282076,4.75261925079683,8.58211289246256
"SPEI_48","AK Coast",0.0320813792507284,"Upland","7","US-A03","SPEI_48__AK Coast",6.73150675706644,0.975257536736345,4.8200019850632,8.64301152906967
"SPEI_1","Atlantic Coast",0.066320791174439,"Upland","7","US-A03","SPEI_1__Atlantic Coast",4.41259764310766,0.657054531921641,3.12477076054124,5.70042452567407
"SPEI_3","Atlantic Coast",0.066320791174439,"Upland","7","US-A03","SPEI_3__Atlantic Coast",4.40958908288235,0.657719784803713,3.12045830466707,5.69871986109762
"SPEI_6","Atlantic Coast",0.066320791174439,"Upland","7","US-A03","SPEI_6__Atlantic Coast",4.40578144877125,0.657088998384614,3.1178870119374,5.69367588560509
"SPEI_12","Atlantic Coast",0.066320791174439,"Upland","7","US-A03","SPEI_12__Atlantic Coast",4.41779754733869,0.657319580462312,3.12945116963255,5.70614392504482
"SPEI_24","Atlantic Coast",0.066320791174439,"Upland","7","US-A03","SPEI_24__Atlantic Coast",4.40478714721023,0.657093742814133,3.11688341129453,5.69269088312593
"SPEI_36","Atlantic Coast",0.066320791174439,"Upland","7","US-A03","SPEI_36__Atlantic Coast",4.40471053330431,0.657094632134814,3.11680505432007,5.69261601228855
"SPEI_48","Atlantic Coast",0.066320791174439,"Upland","7","US-A03","SPEI_48__Atlantic Coast",4.4447424608453,0.658437619574587,3.15420472647911,5.73528019521149
"SPEI_1","Pacific Coast",0.066320791174439,"Upland","7","US-A03","SPEI_1__Pacific Coast",5.09094648469123,0.839840893025363,3.44485833436152,6.73703463502094
"SPEI_3","Pacific Coast",0.066320791174439,"Upland","7","US-A03","SPEI_3__Pacific Coast",5.19850655588101,0.838249157088317,3.5555382079879,6.84147490377411
"SPEI_6","Pacific Coast",0.066320791174439,"Upland","7","US-A03","SPEI_6__Pacific Coast",5.18396773750144,0.838760641228729,3.53999688069313,6.82793859430975
"SPEI_12","Pacific Coast",0.066320791174439,"Upland","7","US-A03","SPEI_12__Pacific Coast",5.22657342179958,0.837250544598702,3.58556235438612,6.86758448921303
"SPEI_24","Pacific Coast",0.066320791174439,"Upland","7","US-A03","SPEI_24__Pacific Coast",5.22974483706525,0.837555333030608,3.58813638432526,6.87135328980524
"SPEI_36","Pacific Coast",0.066320791174439,"Upland","7","US-A03","SPEI_36__Pacific Coast",5.22662765174522,0.837249854472623,3.58561793697888,6.86763736651156
"SPEI_48","Pacific Coast",0.066320791174439,"Upland","7","US-A03","SPEI_48__Pacific Coast",5.22657656169872,0.837248943853939,3.585568631745,6.86758449165244
"SPEI_1","Gulf Coast",0.066320791174439,"Upland","7","US-A03","SPEI_1__Gulf Coast",7.85002088483211,1.26499822289854,5.37062436795097,10.3294174017133
"SPEI_3","Gulf Coast",0.066320791174439,"Upland","7","US-A03","SPEI_3__Gulf Coast",6.47835255411681,1.29076011031485,3.9484627378997,9.00824237033392
"SPEI_6","Gulf Coast",0.066320791174439,"Upland","7","US-A03","SPEI_6__Gulf Coast",7.55672328983479,1.27631794101922,5.05514012543713,10.0583064542325
"SPEI_12","Gulf Coast",0.066320791174439,"Upland","7","US-A03","SPEI_12__Gulf Coast",7.30909018140296,1.27861317191728,4.80300836444509,9.81517199836084
"SPEI_24","Gulf Coast",0.066320791174439,"Upland","7","US-A03","SPEI_24__Gulf Coast",7.79214298869217,1.29002478033637,5.26369441923288,10.3205915581515
"SPEI_36","Gulf Coast",0.066320791174439,"Upland","7","US-A03","SPEI_36__Gulf Coast",7.87903568825056,1.26511484419283,5.39941059363262,10.3586607828685
"SPEI_48","Gulf Coast",0.066320791174439,"Upland","7","US-A03","SPEI_48__Gulf Coast",7.86673301274496,1.26495352802762,5.38742409781083,10.3460419276791
"SPEI_1","AK Coast",0.066320791174439,"Upland","7","US-A03","SPEI_1__AK Coast",6.8732904395247,0.971418131016954,4.96931090273147,8.77726997631793
"SPEI_3","AK Coast",0.066320791174439,"Upland","7","US-A03","SPEI_3__AK Coast",6.67532321993745,0.977368743555252,4.75968048256916,8.59096595730575
"SPEI_6","AK Coast",0.066320791174439,"Upland","7","US-A03","SPEI_6__AK Coast",6.73860256878253,0.975919779953909,4.82579980007287,8.65140533749219
"SPEI_12","AK Coast",0.066320791174439,"Upland","7","US-A03","SPEI_12__AK Coast",6.74497661658417,0.97409382686,4.83575271593857,8.65420051722976
"SPEI_24","AK Coast",0.066320791174439,"Upland","7","US-A03","SPEI_24__AK Coast",6.77771532946323,0.978740540707755,4.85938386967603,8.69604678925043
"SPEI_36","AK Coast",0.066320791174439,"Upland","7","US-A03","SPEI_36__AK Coast",6.67878320611808,0.976356113965145,4.7651252227464,8.59244118948977
"SPEI_48","AK Coast",0.066320791174439,"Upland","7","US-A03","SPEI_48__AK Coast",6.73960996274482,0.974846168475804,4.82891147253224,8.6503084529574
"SPEI_1","Atlantic Coast",0.10056020309815,"Upland","7","US-A03","SPEI_1__Atlantic Coast",4.41257815894426,0.657054748350628,3.12475085217702,5.70040546571149
"SPEI_3","Atlantic Coast",0.10056020309815,"Upland","7","US-A03","SPEI_3__Atlantic Coast",4.40624571598898,0.657729917837483,3.11709507702752,5.69539635495045
"SPEI_6","Atlantic Coast",0.10056020309815,"Upland","7","US-A03","SPEI_6__Atlantic Coast",4.40360228609175,0.657108379040328,3.1156698631727,5.69153470901079
"SPEI_12","Atlantic Coast",0.10056020309815,"Upland","7","US-A03","SPEI_12__Atlantic Coast",4.41672409918696,0.65732895511945,3.12835934715284,5.70508885122108
"SPEI_24","Atlantic Coast",0.10056020309815,"Upland","7","US-A03","SPEI_24__Atlantic Coast",4.40220065437571,0.657115699555317,3.11425388324729,5.69014742550413
"SPEI_36","Atlantic Coast",0.10056020309815,"Upland","7","US-A03","SPEI_36__Atlantic Coast",4.40088387999318,0.657115315853292,3.11293786092073,5.68882989906564
"SPEI_48","Atlantic Coast",0.10056020309815,"Upland","7","US-A03","SPEI_48__Atlantic Coast",4.43946094262289,0.658435688903778,3.14892699237148,5.72999489287429
"SPEI_1","Pacific Coast",0.10056020309815,"Upland","7","US-A03","SPEI_1__Pacific Coast",5.08432121746585,0.839887042492825,3.43814261417992,6.73049982075179
"SPEI_3","Pacific Coast",0.10056020309815,"Upland","7","US-A03","SPEI_3__Pacific Coast",5.19580998989386,0.838255743523881,3.55282873258706,6.83879124720067
"SPEI_6","Pacific Coast",0.10056020309815,"Upland","7","US-A03","SPEI_6__Pacific Coast",5.18123509394379,0.838759629265905,3.53726622058262,6.82520396730496
"SPEI_12","Pacific Coast",0.10056020309815,"Upland","7","US-A03","SPEI_12__Pacific Coast",5.2265585393737,0.837250481419792,3.5855475957909,6.86756948295649
"SPEI_24","Pacific Coast",0.10056020309815,"Upland","7","US-A03","SPEI_24__Pacific Coast",5.22901373492429,0.837548214949559,3.58741923362316,6.87060823622543
"SPEI_36","Pacific Coast",0.10056020309815,"Upland","7","US-A03","SPEI_36__Pacific Coast",5.22662166181739,0.837249734551168,3.5856121820971,6.86763114153768
"SPEI_48","Pacific Coast",0.10056020309815,"Upland","7","US-A03","SPEI_48__Pacific Coast",5.22657455908457,0.837248795118832,3.58556692065166,6.86758219751748
"SPEI_1","Gulf Coast",0.10056020309815,"Upland","7","US-A03","SPEI_1__Gulf Coast",7.82972799558006,1.26502848468207,5.3502721656032,10.3091838255569
"SPEI_3","Gulf Coast",0.10056020309815,"Upland","7","US-A03","SPEI_3__Gulf Coast",6.36338846199661,1.29076863495674,3.8334819374814,8.89329498651183
"SPEI_6","Gulf Coast",0.10056020309815,"Upland","7","US-A03","SPEI_6__Gulf Coast",7.50999318340378,1.27643394514084,5.00818265092774,10.0118037158798
"SPEI_12","Gulf Coast",0.10056020309815,"Upland","7","US-A03","SPEI_12__Gulf Coast",7.23536802643159,1.27953016167632,4.72748890954601,9.74324714331717
"SPEI_24","Gulf Coast",0.10056020309815,"Upland","7","US-A03","SPEI_24__Gulf Coast",7.77931692172637,1.29055800455369,5.24982323280113,10.3088106106516
"SPEI_36","Gulf Coast",0.10056020309815,"Upland","7","US-A03","SPEI_36__Gulf Coast",7.86031414212546,1.26507852760933,5.38076022801117,10.3398680562398
"SPEI_48","Gulf Coast",0.10056020309815,"Upland","7","US-A03","SPEI_48__Gulf Coast",7.86674539536287,1.26495441012098,5.38743475152576,10.3460560392
"SPEI_1","AK Coast",0.10056020309815,"Upland","7","US-A03","SPEI_1__AK Coast",6.87335166803513,0.971415709283843,4.9693768778388,8.77732645823146
"SPEI_3","AK Coast",0.10056020309815,"Upland","7","US-A03","SPEI_3__AK Coast",6.68959429363036,0.977332080341504,4.77402341616101,8.60516517109971
"SPEI_6","AK Coast",0.10056020309815,"Upland","7","US-A03","SPEI_6__AK Coast",6.75116968970215,0.975847177972438,4.83850922087617,8.66383015852813
"SPEI_12","AK Coast",0.10056020309815,"Upland","7","US-A03","SPEI_12__AK Coast",6.75527689054737,0.9737066925836,4.84681177308352,8.66374200801123
"SPEI_24","AK Coast",0.10056020309815,"Upland","7","US-A03","SPEI_24__AK Coast",6.79220432337313,0.97831282839041,4.87471117972793,8.70969746701834
"SPEI_36","AK Coast",0.10056020309815,"Upland","7","US-A03","SPEI_36__AK Coast",6.69019680647075,0.975830767814241,4.77756850155484,8.60282511138666
"SPEI_48","AK Coast",0.10056020309815,"Upland","7","US-A03","SPEI_48__AK Coast",6.7477122359166,0.974457988658367,4.8377745781462,8.657649893687
"SPEI_1","Atlantic Coast",0.13479961502186,"Upland","7","US-A03","SPEI_1__Atlantic Coast",4.41255865044847,0.657055039424863,3.12473077317574,5.7003865277212
"SPEI_3","Atlantic Coast",0.13479961502186,"Upland","7","US-A03","SPEI_3__Atlantic Coast",4.40289371606803,0.657744204062992,3.11371507610457,5.6920723560315
"SPEI_6","Atlantic Coast",0.13479961502186,"Upland","7","US-A03","SPEI_6__Atlantic Coast",4.40142304128461,0.657132332538174,3.11344366950979,5.68940241305943
"SPEI_12","Atlantic Coast",0.13479961502186,"Upland","7","US-A03","SPEI_12__Atlantic Coast",4.41562747069923,0.657341051573177,3.1272390096158,5.70401593178265
"SPEI_24","Atlantic Coast",0.13479961502186,"Upland","7","US-A03","SPEI_24__Atlantic Coast",4.39961386960093,0.657142539301357,3.11161449257027,5.68761324663159
"SPEI_36","Atlantic Coast",0.13479961502186,"Upland","7","US-A03","SPEI_36__Atlantic Coast",4.39705678654579,0.657141655257431,3.10905914224122,5.68505443085035
"SPEI_48","Atlantic Coast",0.13479961502186,"Upland","7","US-A03","SPEI_48__Atlantic Coast",4.43404271217573,0.658436953659353,3.14350628300339,5.72457914134806
"SPEI_1","Pacific Coast",0.13479961502186,"Upland","7","US-A03","SPEI_1__Pacific Coast",5.07806364925934,0.839940049406641,3.43178115242233,6.72434614609636
"SPEI_3","Pacific Coast",0.13479961502186,"Upland","7","US-A03","SPEI_3__Pacific Coast",5.19317130623547,0.838266140631794,3.55016967059715,6.83617294187378
"SPEI_6","Pacific Coast",0.13479961502186,"Upland","7","US-A03","SPEI_6__Pacific Coast",5.17858241918641,0.838761483271989,3.53460991197331,6.82255492639951
"SPEI_12","Pacific Coast",0.13479961502186,"Upland","7","US-A03","SPEI_12__Pacific Coast",5.22654368393581,0.837250467878823,3.58553276689332,6.8675546009783
"SPEI_24","Pacific Coast",0.13479961502186,"Upland","7","US-A03","SPEI_24__Pacific Coast",5.22828217304875,0.83754211009533,3.5866996372619,6.8698647088356
"SPEI_36","Pacific Coast",0.13479961502186,"Upland","7","US-A03","SPEI_36__Pacific Coast",5.2266155806895,0.837249654058015,3.58560625873579,6.86762490264321
"SPEI_48","Pacific Coast",0.13479961502186,"Upland","7","US-A03","SPEI_48__Pacific Coast",5.22657255147943,0.837248709014795,3.58556508181043,6.86758002114843
"SPEI_1","Gulf Coast",0.13479961502186,"Upland","7","US-A03","SPEI_1__Gulf Coast",7.80943749884936,1.26509646122152,5.32984843485518,10.2890265628435
"SPEI_3","Gulf Coast",0.13479961502186,"Upland","7","US-A03","SPEI_3__Gulf Coast",6.25996629745939,1.29087026751242,3.72986057313505,8.79007202178373
"SPEI_6","Gulf Coast",0.13479961502186,"Upland","7","US-A03","SPEI_6__Gulf Coast",7.4652962186725,1.2765981201981,4.96316390308423,9.96742853426078
"SPEI_12","Gulf Coast",0.13479961502186,"Upland","7","US-A03","SPEI_12__Gulf Coast",7.16449508066085,1.28061822132894,4.65448336685612,9.67450679446558
"SPEI_24","Gulf Coast",0.13479961502186,"Upland","7","US-A03","SPEI_24__Gulf Coast",7.76640192351709,1.29104202383645,5.23595955679764,10.2968442902365
"SPEI_36","Gulf Coast",0.13479961502186,"Upland","7","US-A03","SPEI_36__Gulf Coast",7.84159319434259,1.26508132043367,5.36203380629259,10.3211525823926
"SPEI_48","Gulf Coast",0.13479961502186,"Upland","7","US-A03","SPEI_48__Gulf Coast",7.86675741629325,1.26495583837722,5.38744397307389,10.3460708595126
"SPEI_1","AK Coast",0.13479961502186,"Upland","7","US-A03","SPEI_1__AK Coast",6.87341291474076,0.971413651961538,4.96944215689615,8.77738367258538
"SPEI_3","AK Coast",0.13479961502186,"Upland","7","US-A03","SPEI_3__AK Coast",6.70405579789552,0.977309481325524,4.7885292144975,8.61958238129355
"SPEI_6","AK Coast",0.13479961502186,"Upland","7","US-A03","SPEI_6__AK Coast",6.76387368756469,0.975790183132543,4.8513249286249,8.67642244650447
"SPEI_12","AK Coast",0.13479961502186,"Upland","7","US-A03","SPEI_12__AK Coast",6.76557787692389,0.973349810428039,4.85781224848493,8.67334350536285
"SPEI_24","AK Coast",0.13479961502186,"Upland","7","US-A03","SPEI_24__AK Coast",6.80643466744143,0.977925588925915,4.88970051314664,8.72316882173623
"SPEI_36","AK Coast",0.13479961502186,"Upland","7","US-A03","SPEI_36__AK Coast",6.70160682100865,0.97533556603599,4.78994911157811,8.61326453043919
"SPEI_48","AK Coast",0.13479961502186,"Upland","7","US-A03","SPEI_48__AK Coast",6.75581359890418,0.974093012091577,4.84659129520469,8.66503590260367
"SPEI_1","Atlantic Coast",0.169039026945571,"Upland","7","US-A03","SPEI_1__Atlantic Coast",4.41253911673681,0.6570554053273,3.1247105222953,5.70036771117831
"SPEI_3","Atlantic Coast",0.169039026945571,"Upland","7","US-A03","SPEI_3__Atlantic Coast",4.39953150977064,0.657762648812046,3.11031671809903,5.68874630144225
"SPEI_6","Atlantic Coast",0.169039026945571,"Upland","7","US-A03","SPEI_6__Atlantic Coast",4.39924370963263,0.657160859133574,3.11120842573083,5.68727899353444
"SPEI_12","Atlantic Coast",0.169039026945571,"Upland","7","US-A03","SPEI_12__Atlantic Coast",4.41450718401584,0.65735588889852,3.12608964177474,5.70292472625693
"SPEI_24","Atlantic Coast",0.169039026945571,"Upland","7","US-A03","SPEI_24__Atlantic Coast",4.39702678824212,0.657174262035639,3.10896523465226,5.68508834183197
"SPEI_36","Atlantic Coast",0.169039026945571,"Upland","7","US-A03","SPEI_36__Atlantic Coast",4.39322925351394,0.657173651154478,3.10516889725116,5.68128960977671
"SPEI_48","Atlantic Coast",0.169039026945571,"Upland","7","US-A03","SPEI_48__Atlantic Coast",4.42848685746973,0.65844143907254,3.13794163688755,5.71903207805191
"SPEI_1","Pacific Coast",0.169039026945571,"Upland","7","US-A03","SPEI_1__Pacific Coast",5.07218120350156,0.839999270754744,3.42578263282226,6.71857977418086
"SPEI_3","Pacific Coast",0.169039026945571,"Upland","7","US-A03","SPEI_3__Pacific Coast",5.19059046226966,0.838280374362437,3.54756092851928,6.83361999602004
"SPEI_6","Pacific Coast",0.169039026945571,"Upland","7","US-A03","SPEI_6__Pacific Coast",5.17600552328241,0.838766189250425,3.53202379235158,6.81998725421325
"SPEI_12","Pacific Coast",0.169039026945571,"Upland","7","US-A03","SPEI_12__Pacific Coast",5.22652885480793,0.837250504111398,3.58551786674959,6.86753984286627
"SPEI_24","Pacific Coast",0.169039026945571,"Upland","7","US-A03","SPEI_24__Pacific Coast",5.22755030780955,0.83753703040674,3.58597772821234,6.86912288740676
"SPEI_36","Pacific Coast",0.169039026945571,"Upland","7","US-A03","SPEI_36__Pacific Coast",5.22660940831124,0.837249613128798,3.58560016657879,6.86761865004368
"SPEI_48","Pacific Coast",0.169039026945571,"Upland","7","US-A03","SPEI_48__Pacific Coast",5.22657054008364,0.837248685627854,3.58556311625305,6.86757796391424
"SPEI_1","Gulf Coast",0.169039026945571,"Upland","7","US-A03","SPEI_1__Gulf Coast",7.78914954465887,1.26520216664066,5.30935329804317,10.2689457912746
"SPEI_3","Gulf Coast",0.169039026945571,"Upland","7","US-A03","SPEI_3__Gulf Coast",6.16832518345322,1.2910210585636,3.63792390866857,8.69872645823787
"SPEI_6","Gulf Coast",0.169039026945571,"Upland","7","US-A03","SPEI_6__Gulf Coast",7.42270443916525,1.27680193840318,4.92017263989501,9.92523623843548
"SPEI_12","Gulf Coast",0.169039026945571,"Upland","7","US-A03","SPEI_12__Gulf Coast",7.09666975136127,1.28185978293395,4.58422457681073,9.60911492591182
"SPEI_24","Gulf Coast",0.169039026945571,"Upland","7","US-A03","SPEI_24__Gulf Coast",7.75326264467815,1.29145988247238,5.22200127503229,10.284524014324
"SPEI_36","Gulf Coast",0.169039026945571,"Upland","7","US-A03","SPEI_36__Gulf Coast",7.82287256636945,1.26512327265776,5.34323095196023,10.3025141807787
"SPEI_48","Gulf Coast",0.169039026945571,"Upland","7","US-A03","SPEI_48__Gulf Coast",7.86676910965053,1.26495781492098,5.3874517924054,10.3460864268957
"SPEI_1","AK Coast",0.169039026945571,"Upland","7","US-A03","SPEI_1__AK Coast",6.87347419539993,0.971411960183827,4.96950675343963,8.77744163736023
"SPEI_3","AK Coast",0.169039026945571,"Upland","7","US-A03","SPEI_3__AK Coast",6.71868413207422,0.97729947213828,4.80317716668319,8.63419109746525
"SPEI_6","AK Coast",0.169039026945571,"Upland","7","US-A03","SPEI_6__AK Coast",6.7767099487301,0.975747938405429,4.86424398945547,8.68917590800474
"SPEI_12","AK Coast",0.169039026945571,"Upland","7","US-A03","SPEI_12__AK Coast",6.77587954235485,0.973023185362334,4.86875409904467,8.68300498566502
"SPEI_24","AK Coast",0.169039026945571,"Upland","7","US-A03","SPEI_24__AK Coast",6.82039363632252,0.977575545901503,4.90434556635558,8.73644170628947
"SPEI_36","AK Coast",0.169039026945571,"Upland","7","US-A03","SPEI_36__AK Coast",6.71301319883422,0.97487046920162,4.80226707919905,8.6237593184694
"SPEI_48","AK Coast",0.169039026945571,"Upland","7","US-A03","SPEI_48__AK Coast",6.76391407712192,0.973751252449085,4.85536162232171,8.67246653192212
"SPEI_1","Atlantic Coast",0.203278438869282,"Upland","7","US-A03","SPEI_1__Atlantic Coast",4.41251955740755,0.657055846293437,3.12469009867241,5.70034901614268
"SPEI_3","Atlantic Coast",0.203278438869282,"Upland","7","US-A03","SPEI_3__Atlantic Coast",4.39615771283583,0.657785269801029,3.10689858402582,5.68541684164585
"SPEI_6","Atlantic Coast",0.203278438869282,"Upland","7","US-A03","SPEI_6__Atlantic Coast",4.39706428709441,0.657193959129547,3.1089641272005,5.68516444698832
"SPEI_12","Atlantic Coast",0.203278438869282,"Upland","7","US-A03","SPEI_12__Atlantic Coast",4.41336286353809,0.657373491710667,3.12491081978518,5.701814907291
"SPEI_24","Atlantic Coast",0.203278438869282,"Upland","7","US-A03","SPEI_24__Atlantic Coast",4.39443940756048,0.657210867727929,3.10630610681374,5.68257270830722
"SPEI_36","Atlantic Coast",0.203278438869282,"Upland","7","US-A03","SPEI_36__Atlantic Coast",4.38940128390143,0.657211304555721,3.10126712697222,5.67753544083065
"SPEI_48","Atlantic Coast",0.203278438869282,"Upland","7","US-A03","SPEI_48__Atlantic Coast",4.4227929704357,0.658449182389897,3.1322325729515,5.71335336791989
"SPEI_1","Pacific Coast",0.203278438869282,"Upland","7","US-A03","SPEI_1__Pacific Coast",5.06668046548205,0.840064028668774,3.42015496929126,6.71320596167285
"SPEI_3","Pacific Coast",0.203278438869282,"Upland","7","US-A03","SPEI_3__Pacific Coast",5.18806745543666,0.838298479870129,3.54500243489121,6.83113247598211
"SPEI_6","Pacific Coast",0.203278438869282,"Upland","7","US-A03","SPEI_6__Pacific Coast",5.17350031441661,0.838773750221142,3.52950376398317,6.81749686485005
"SPEI_12","Pacific Coast",0.203278438869282,"Upland","7","US-A03","SPEI_12__Pacific Coast",5.22651405169404,0.837250590303029,3.58550289470011,6.86752520868798
"SPEI_24","Pacific Coast",0.203278438869282,"Upland","7","US-A03","SPEI_24__Pacific Coast",5.22681831677422,0.837532991564361,3.58525365330807,6.86838298024037
"SPEI_36","Pacific Coast",0.203278438869282,"Upland","7","US-A03","SPEI_36__Pacific Coast",5.22660314501776,0.837249611953502,3.58559390558889,6.86761238444662
"SPEI_48","Pacific Coast",0.203278438869282,"Upland","7","US-A03","SPEI_48__Pacific Coast",5.22656852614726,0.837248725094037,3.58556102496295,6.86757602733158
"SPEI_1","Gulf Coast",0.203278438869282,"Upland","7","US-A03","SPEI_1__Gulf Coast",7.76886427515451,1.26534561354577,5.2887868726048,10.2489416777042
"SPEI_3","Gulf Coast",0.203278438869282,"Upland","7","US-A03","SPEI_3__Gulf Coast",6.0886229799368,1.29117548766978,3.55791902410403,8.61932693576957
"SPEI_6","Gulf Coast",0.203278438869282,"Upland","7","US-A03","SPEI_6__Gulf Coast",7.38227965140044,1.27703614606336,4.87928880511626,9.88527049768462
"SPEI_12","Gulf Coast",0.203278438869282,"Upland","7","US-A03","SPEI_12__Gulf Coast",7.03207383528783,1.28323401778934,4.51693516042073,9.54721251015493
"SPEI_24","Gulf Coast",0.203278438869282,"Upland","7","US-A03","SPEI_24__Gulf Coast",7.73977361501391,1.29179488212139,5.20785564605599,10.2716915839718
"SPEI_36","Gulf Coast",0.203278438869282,"Upland","7","US-A03","SPEI_36__Gulf Coast",7.80415200177236,1.265204436852,5.32435130554243,10.2839526980023
"SPEI_48","Gulf Coast",0.203278438869282,"Upland","7","US-A03","SPEI_48__Gulf Coast",7.86678050890771,1.26496034218247,5.38745823823006,10.3461027795854
"SPEI_1","AK Coast",0.203278438869282,"Upland","7","US-A03","SPEI_1__AK Coast",6.87353551838175,0.971410635775425,4.96957067226192,8.77750036450158
"SPEI_3","AK Coast",0.203278438869282,"Upland","7","US-A03","SPEI_3__AK Coast",6.73345704216791,0.977300616408096,4.81794783400804,8.64896625032778
"SPEI_6","AK Coast",0.203278438869282,"Upland","7","US-A03","SPEI_6__AK Coast",6.78967404709776,0.975719604930276,4.87726362143442,8.7020844727611
"SPEI_12","AK Coast",0.203278438869282,"Upland","7","US-A03","SPEI_12__AK Coast",6.78618184575181,0.972726821800475,4.87963727502288,8.69272641648074
"SPEI_24","AK Coast",0.203278438869282,"Upland","7","US-A03","SPEI_24__AK Coast",6.83406871185153,0.977259535057764,4.91864002313831,8.74949740056475
"SPEI_36","AK Coast",0.203278438869282,"Upland","7","US-A03","SPEI_36__AK Coast",6.72441588801695,0.974435438666866,4.81452242822989,8.63430934780401
"SPEI_48","AK Coast",0.203278438869282,"Upland","7","US-A03","SPEI_48__AK Coast",6.77201369896226,0.973432722537401,4.86408556278895,8.67994183513556
"SPEI_1","Atlantic Coast",0.237517850792992,"Upland","7","US-A03","SPEI_1__Atlantic Coast",4.41249997266097,0.657056362608585,3.12466950194815,5.7003304433738
"SPEI_3","Atlantic Coast",0.237517850792992,"Upland","7","US-A03","SPEI_3__Atlantic Coast",4.39277118692805,0.657812101159209,3.103459468656,5.6820829052001
"SPEI_6","Atlantic Coast",0.237517850792992,"Upland","7","US-A03","SPEI_6__Atlantic Coast",4.39488477055829,0.657231632892237,3.10671077008951,5.68305877102708
"SPEI_12","Atlantic Coast",0.237517850792992,"Upland","7","US-A03","SPEI_12__Atlantic Coast",4.41219425288779,0.657393890585489,3.12370222734023,5.70068627843535
"SPEI_24","Atlantic Coast",0.237517850792992,"Upland","7","US-A03","SPEI_24__Atlantic Coast",4.39185172693814,0.657252356349298,3.10363710849352,5.68006634538277
"SPEI_36","Atlantic Coast",0.237517850792992,"Upland","7","US-A03","SPEI_36__Atlantic Coast",4.38557288360296,0.657254616738617,3.09735383479527,5.67379193241065
"SPEI_48","Atlantic Coast",0.237517850792992,"Upland","7","US-A03","SPEI_48__Atlantic Coast",4.41696117599384,0.658460242964872,3.12637909978269,5.70754325220499
"SPEI_1","Pacific Coast",0.237517850792992,"Upland","7","US-A03","SPEI_1__Pacific Coast",5.06156716799302,0.840133647282007,3.41490521932029,6.70822911666576
"SPEI_3","Pacific Coast",0.237517850792992,"Upland","7","US-A03","SPEI_3__Pacific Coast",5.18560235522318,0.83832050438229,3.54249416663389,6.82871054381247
"SPEI_6","Pacific Coast",0.237517850792992,"Upland","7","US-A03","SPEI_6__Pacific Coast",5.17106285910672,0.838784192238302,3.52704584231965,6.81507987589379
"SPEI_12","Pacific Coast",0.237517850792992,"Upland","7","US-A03","SPEI_12__Pacific Coast",5.22649927476714,0.837250726688724,3.58548785045725,6.86751069907704
"SPEI_24","Pacific Coast",0.237517850792992,"Upland","7","US-A03","SPEI_24__Pacific Coast",5.22608640497822,0.837530013140811,3.58452757922223,6.86764523073421
"SPEI_36","Pacific Coast",0.237517850792992,"Upland","7","US-A03","SPEI_36__Pacific Coast",5.22659679157517,0.837249650776162,3.5855874760539,6.86760610709645
"SPEI_48","Pacific Coast",0.237517850792992,"Upland","7","US-A03","SPEI_48__Pacific Coast",5.2265665109756,0.837248827599472,3.58555880888064,6.86757421307057
"SPEI_1","Gulf Coast",0.237517850792992,"Upland","7","US-A03","SPEI_1__Gulf Coast",7.74858182364129,1.26552681332421,5.26814926952584,10.2290143777568
"SPEI_3","Gulf Coast",0.237517850792992,"Upland","7","US-A03","SPEI_3__Gulf Coast",6.02093697000487,1.29129002903684,3.49000851309267,8.55186542691707
"SPEI_6","Gulf Coast",0.237517850792992,"Upland","7","US-A03","SPEI_6__Gulf Coast",7.34407305358018,1.27729120189205,4.84058229787176,9.8475638092886
"SPEI_12","Gulf Coast",0.237517850792992,"Upland","7","US-A03","SPEI_12__Gulf Coast",6.97087090888672,1.28471752192821,4.45282456590743,9.48891725186602
"SPEI_24","Gulf Coast",0.237517850792992,"Upland","7","US-A03","SPEI_24__Gulf Coast",7.72582106815497,1.29203123950366,5.1934398387278,10.2582022975821
"SPEI_36","Gulf Coast",0.237517850792992,"Upland","7","US-A03","SPEI_36__Gulf Coast",7.78543127159026,1.26532486882355,5.30539452869611,10.2654680144844
"SPEI_48","Gulf Coast",0.237517850792992,"Upland","7","US-A03","SPEI_48__Gulf Coast",7.8667916464724,1.26496342287319,5.38746333764095,10.3461199553038
"SPEI_1","AK Coast",0.237517850792992,"Upland","7","US-A03","SPEI_1__AK Coast",6.87359688383012,0.971409681266454,4.96963390854787,8.77755985911237
"SPEI_3","AK Coast",0.237517850792992,"Upland","7","US-A03","SPEI_3__AK Coast",6.74835386652335,0.97731156765552,4.83282319391853,8.66388453912817
"SPEI_6","AK Coast",0.237517850792992,"Upland","7","US-A03","SPEI_6__AK Coast",6.80276172782623,0.975704394144753,4.89038111530252,8.71514234034995
"SPEI_12","AK Coast",0.237517850792992,"Upland","7","US-A03","SPEI_12__AK Coast",6.79648473745787,0.972460724031627,4.89046171835588,8.70250775655986
"SPEI_24","AK Coast",0.237517850792992,"Upland","7","US-A03","SPEI_24__AK Coast",6.84744756944447,0.976974557561636,4.93257743662367,8.76231770226528
"SPEI_36","AK Coast",0.237517850792992,"Upland","7","US-A03","SPEI_36__AK Coast",6.73581483389269,0.974030437622993,4.82671517615162,8.64491449163375
"SPEI_48","AK Coast",0.237517850792992,"Upland","7","US-A03","SPEI_48__AK Coast",6.78011249519181,0.973137434470612,4.87276312362941,8.68746186675421
"SPEI_1","Atlantic Coast",0.271757262716703,"Upland","7","US-A03","SPEI_1__Atlantic Coast",4.41248036330885,0.657056954599199,3.12464873229442,5.70031199432328
"SPEI_3","Atlantic Coast",0.271757262716703,"Upland","7","US-A03","SPEI_3__Atlantic Coast",4.3893710504757,0.657843194846871,3.09999838857583,5.67874371237557
"SPEI_6","Atlantic Coast",0.271757262716703,"Upland","7","US-A03","SPEI_6__Atlantic Coast",4.39270515791735,0.6572738808496,3.10444835145213,5.68096196438256
"SPEI_12","Atlantic Coast",0.271757262716703,"Upland","7","US-A03","SPEI_12__Atlantic Coast",4.41100121104679,0.657417121746285,3.12246365242408,5.69953876966951
"SPEI_24","Atlantic Coast",0.271757262716703,"Upland","7","US-A03","SPEI_24__Atlantic Coast",4.38926374773313,0.65729872787435,3.10095824109941,5.67756925436686
"SPEI_36","Atlantic Coast",0.271757262716703,"Upland","7","US-A03","SPEI_36__Atlantic Coast",4.38174406133067,0.657303589261383,3.09342902637836,5.67005909628298
"SPEI_48","Atlantic Coast",0.271757262716703,"Upland","7","US-A03","SPEI_48__Atlantic Coast",4.41099207415624,0.658474707537762,3.12038164738223,5.70160250093026
"SPEI_1","Pacific Coast",0.271757262716703,"Upland","7","US-A03","SPEI_1__Pacific Coast",5.05684630921956,0.840207476350802,3.41003965557199,6.70365296286713
"SPEI_3","Pacific Coast",0.271757262716703,"Upland","7","US-A03","SPEI_3__Pacific Coast",5.1831953190711,0.838346507780526,3.54003616382127,6.82635447432093
"SPEI_6","Pacific Coast",0.271757262716703,"Upland","7","US-A03","SPEI_6__Pacific Coast",5.16868940976159,0.838797566452586,3.52464617951452,6.81273264000866
"SPEI_12","Pacific Coast",0.271757262716703,"Upland","7","US-A03","SPEI_12__Pacific Coast",5.22648452467047,0.837250913545968,3.58547273412037,6.86749631522057
"SPEI_24","Pacific Coast",0.271757262716703,"Upland","7","US-A03","SPEI_24__Pacific Coast",5.22535480598672,0.837528118191149,3.58379969433207,6.86690991764138
"SPEI_36","Pacific Coast",0.271757262716703,"Upland","7","US-A03","SPEI_36__Pacific Coast",5.22659034915258,0.837249729887245,3.58558087857358,6.86759981973158
"SPEI_48","Pacific Coast",0.271757262716703,"Upland","7","US-A03","SPEI_48__Pacific Coast",5.22656449592497,0.837248993373717,3.58555646891248,6.86757252293745
"SPEI_1","Gulf Coast",0.271757262716703,"Upland","7","US-A03","SPEI_1__Gulf Coast",7.72830231508882,1.26574577624695,5.2474405936448,10.2091640365328
"SPEI_3","Gulf Coast",0.271757262716703,"Upland","7","US-A03","SPEI_3__Gulf Coast",5.96527706108935,1.29132589127631,3.43427831418778,8.49627580799092
"SPEI_6","Gulf Coast",0.271757262716703,"Upland","7","US-A03","SPEI_6__Gulf Coast",7.30812655957883,1.27755760518126,4.80411365342356,9.8121394657341
"SPEI_12","Gulf Coast",0.271757262716703,"Upland","7","US-A03","SPEI_12__Gulf Coast",6.91320774621582,1.28628485668032,4.39208942712239,9.43432606530926
"SPEI_24","Gulf Coast",0.271757262716703,"Upland","7","US-A03","SPEI_24__Gulf Coast",7.7113027053251,1.29215453544112,5.1786798158605,10.2439255947897
"SPEI_36","Gulf Coast",0.271757262716703,"Upland","7","US-A03","SPEI_36__Gulf Coast",7.76671017471137,1.26548462770671,5.28636030440621,10.2470600450165
"SPEI_48","Gulf Coast",0.271757262716703,"Upland","7","US-A03","SPEI_48__Gulf Coast",7.86680255348231,1.26496705993085,5.38746711601784,10.3461379909468
"SPEI_1","AK Coast",0.271757262716703,"Upland","7","US-A03","SPEI_1__AK Coast",6.87365828423601,0.971409099807699,4.96969644861292,8.7776201198591
"SPEI_3","AK Coast",0.271757262716703,"Upland","7","US-A03","SPEI_3__AK Coast",6.76335550114613,0.977331094042888,4.84778655682207,8.67892444547019
"SPEI_6","AK Coast",0.271757262716703,"Upland","7","US-A03","SPEI_6__AK Coast",6.81596886615123,0.975701584415913,4.90359376069604,8.72834397160642
"SPEI_12","AK Coast",0.271757262716703,"Upland","7","US-A03","SPEI_12__AK Coast",6.80678815987803,0.97222489636912,4.90122736299455,8.7123489567615
"SPEI_24","AK Coast",0.271757262716703,"Upland","7","US-A03","SPEI_24__AK Coast",6.86051804063052,0.976717806529732,4.94615113983224,8.77488494142879
"SPEI_36","AK Coast",0.271757262716703,"Upland","7","US-A03","SPEI_36__AK Coast",6.7472099780598,0.973655431588851,4.83884533214565,8.65557462397394
"SPEI_48","AK Coast",0.271757262716703,"Upland","7","US-A03","SPEI_48__AK Coast",6.78821049805262,0.972865399720754,4.88139431459994,8.6950266815053
"SPEI_1","Atlantic Coast",0.305996674640414,"Upland","7","US-A03","SPEI_1__Atlantic Coast",4.41246073082131,0.65705762262665,3.12462779047307,5.70029367116954
"SPEI_3","Atlantic Coast",0.305996674640414,"Upland","7","US-A03","SPEI_3__Atlantic Coast",4.38595670454029,0.65787862337107,3.09651460273299,5.67539880634758
"SPEI_6","Atlantic Coast",0.305996674640414,"Upland","7","US-A03","SPEI_6__Atlantic Coast",4.39052544819799,0.657320703498395,3.10217686934114,5.67887402705485
"SPEI_12","Atlantic Coast",0.305996674640414,"Upland","7","US-A03","SPEI_12__Atlantic Coast",4.40978371671915,0.657443227101114,3.12119499160096,5.69837244183733
"SPEI_24","Atlantic Coast",0.305996674640414,"Upland","7","US-A03","SPEI_24__Atlantic Coast",4.38667547328534,0.65734998228987,3.09826950799719,5.67508143857348
"SPEI_36","Atlantic Coast",0.305996674640414,"Upland","7","US-A03","SPEI_36__Atlantic Coast",4.37791482873288,0.65735822400202,3.08949270968892,5.66633694777684
"SPEI_48","Atlantic Coast",0.305996674640414,"Upland","7","US-A03","SPEI_48__Atlantic Coast",4.40488672257718,0.65849269805406,3.11424103439123,5.69553241076314
"SPEI_1","Pacific Coast",0.305996674640414,"Upland","7","US-A03","SPEI_1__Pacific Coast",5.05252220008233,0.840284922341154,3.40556375229367,6.69948064787099
"SPEI_3","Pacific Coast",0.305996674640414,"Upland","7","US-A03","SPEI_3__Pacific Coast",5.18084661077282,0.838376564356812,3.53762854463347,6.82406467691217
"SPEI_6","Pacific Coast",0.305996674640414,"Upland","7","US-A03","SPEI_6__Pacific Coast",5.16637644026031,0.838813953209486,3.52230109196971,6.8104517885509
"SPEI_12","Pacific Coast",0.305996674640414,"Upland","7","US-A03","SPEI_12__Pacific Coast",5.226469802548,0.837251151190423,3.58545754621477,6.86748205888123
"SPEI_24","Pacific Coast",0.305996674640414,"Upland","7","US-A03","SPEI_24__Pacific Coast",5.22462378453008,0.837527333094457,3.58307021166494,6.86617735739521
"SPEI_36","Pacific Coast",0.305996674640414,"Upland","7","US-A03","SPEI_36__Pacific Coast",5.22658381932458,0.837249849619037,3.58557411407126,6.86759352457789
"SPEI_48","Pacific Coast",0.305996674640414,"Upland","7","US-A03","SPEI_48__Pacific Coast",5.22656248240197,0.837249222685781,3.58555400593784,6.8675709588661
"SPEI_1","Gulf Coast",0.305996674640414,"Upland","7","US-A03","SPEI_1__Gulf Coast",7.70802586596073,1.26600251167785,5.22666094307214,10.1893907888493
"SPEI_3","Gulf Coast",0.305996674640414,"Upland","7","US-A03","SPEI_3__Gulf Coast",5.92159251037775,1.29125188001085,3.39073882555648,8.45244619519901
"SPEI_6","Gulf Coast",0.305996674640414,"Upland","7","US-A03","SPEI_6__Gulf Coast",7.27447329003339,1.27782630010859,4.76993374182055,9.77901283824622
"SPEI_12","Gulf Coast",0.305996674640414,"Upland","7","US-A03","SPEI_12__Gulf Coast",6.85921436669328,1.28790921743062,4.33491230052926,9.38351643285731
"SPEI_24","Gulf Coast",0.305996674640414,"Upland","7","US-A03","SPEI_24__Gulf Coast",7.6961282621849,1.29215225804295,5.16350983642071,10.2287466879491
"SPEI_36","Gulf Coast",0.305996674640414,"Upland","7","US-A03","SPEI_36__Gulf Coast",7.7479885400268,1.26568377634316,5.2672483383942,10.2287287416594
"SPEI_48","Gulf Coast",0.305996674640414,"Upland","7","US-A03","SPEI_48__Gulf Coast",7.8668132595448,1.26497125647624,5.38746959685136,10.3461569222382
"SPEI_1","AK Coast",0.305996674640414,"Upland","7","US-A03","SPEI_1__AK Coast",6.87371970443511,0.97140889512513,4.96975826998986,8.77768113888036
"SPEI_3","AK Coast",0.305996674640414,"Upland","7","US-A03","SPEI_3__AK Coast",6.77844447433059,0.97735811715822,4.86282256470048,8.6940663839607
"SPEI_6","AK Coast",0.305996674640414,"Upland","7","US-A03","SPEI_6__AK Coast",6.82929144103586,0.975710546400126,4.91689877009161,8.74168411198011
"SPEI_12","AK Coast",0.305996674640414,"Upland","7","US-A03","SPEI_12__AK Coast",6.81709204751822,0.972019343413306,4.91193413442814,8.7222499606083
"SPEI_24","AK Coast",0.305996674640414,"Upland","7","US-A03","SPEI_24__AK Coast",6.87326809809436,0.976486706505069,4.95935415334443,8.7871820428443
"SPEI_36","AK Coast",0.305996674640414,"Upland","7","US-A03","SPEI_36__AK Coast",6.75860125734978,0.973310389119701,4.85091289467517,8.6662896200244
"SPEI_48","AK Coast",0.305996674640414,"Upland","7","US-A03","SPEI_48__AK Coast",6.79630774059612,0.9726166292208,4.88997914732335,8.70263633386889
"SPEI_1","Atlantic Coast",0.340236086564124,"Upland","7","US-A03","SPEI_1__Atlantic Coast",4.41244107766405,0.657058367085153,3.12460667817715,5.70027547715095
"SPEI_3","Atlantic Coast",0.340236086564124,"Upland","7","US-A03","SPEI_3__Atlantic Coast",4.38252798466809,0.657918488057326,3.09300774807573,5.67204822126045
"SPEI_6","Atlantic Coast",0.340236086564124,"Upland","7","US-A03","SPEI_6__Atlantic Coast",4.38834564219689,0.65737210144111,3.09989632337231,5.67679496102146
"SPEI_12","Atlantic Coast",0.340236086564124,"Upland","7","US-A03","SPEI_12__Atlantic Coast",4.40854192537502,0.657472255349549,3.11989630488991,5.69718754586014
"SPEI_24","Atlantic Coast",0.340236086564124,"Upland","7","US-A03","SPEI_24__Atlantic Coast",4.38408690978321,0.657406119628118,3.0955709153121,5.67260290425432
"SPEI_36","Atlantic Coast",0.340236086564124,"Upland","7","US-A03","SPEI_36__Atlantic Coast",4.37408520179847,0.657418523300446,3.0855448961296,5.66262550746734
"SPEI_48","Atlantic Coast",0.340236086564124,"Upland","7","US-A03","SPEI_48__Atlantic Coast",4.39864681628754,0.658514391609637,3.10795860873265,5.68933502384243
"SPEI_1","Pacific Coast",0.340236086564124,"Upland","7","US-A03","SPEI_1__Pacific Coast",5.04859821296729,0.840365517713462,3.40148179824891,6.69571462768568
"SPEI_3","Pacific Coast",0.340236086564124,"Upland","7","US-A03","SPEI_3__Pacific Coast",5.17855666630301,0.838410769190496,3.53527155868964,6.82184177391639
"SPEI_6","Pacific Coast",0.340236086564124,"Upland","7","US-A03","SPEI_6__Pacific Coast",5.16412078258014,0.838833475399881,3.52000717079637,6.80823439436391
"SPEI_12","Pacific Coast",0.340236086564124,"Upland","7","US-A03","SPEI_12__Pacific Coast",5.22645511029459,0.837251439980264,3.58544228793328,6.86746793265591
"SPEI_24","Pacific Coast",0.340236086564124,"Upland","7","US-A03","SPEI_24__Pacific Coast",5.22389365282914,0.83752768832007,3.58233938372181,6.86544792193648
"SPEI_36","Pacific Coast",0.340236086564124,"Upland","7","US-A03","SPEI_36__Pacific Coast",5.22657720425007,0.83725001035097,3.58556718396217,6.86758722453797
"SPEI_48","Pacific Coast",0.340236086564124,"Upland","7","US-A03","SPEI_48__Pacific Coast",5.22656047188381,0.837249515849307,3.58555142081917,6.86756952294845
"SPEI_1","Gulf Coast",0.340236086564124,"Upland","7","US-A03","SPEI_1__Gulf Coast",7.68775258025033,1.2662970287157,5.20581040396756,10.1696947565331
"SPEI_3","Gulf Coast",0.340236086564124,"Upland","7","US-A03","SPEI_3__Gulf Coast",5.88975310641795,1.29104897486965,3.35929711567344,8.42020909716247
"SPEI_6","Gulf Coast",0.340236086564124,"Upland","7","US-A03","SPEI_6__Gulf Coast",7.24313427457925,1.27808946187829,4.7380789292978,9.74818961986071
"SPEI_12","Gulf Coast",0.340236086564124,"Upland","7","US-A03","SPEI_12__Gulf Coast",6.80899673248102,1.28956374673458,4.28145178888125,9.33654167608079
"SPEI_24","Gulf Coast",0.340236086564124,"Upland","7","US-A03","SPEI_24__Gulf Coast",7.68022540288073,1.29201491598581,5.14787616754854,10.2125746382129
"SPEI_36","Gulf Coast",0.340236086564124,"Upland","7","US-A03","SPEI_36__Gulf Coast",7.72926624191922,1.2659223828395,5.24805837155381,10.2104741122846
"SPEI_48","Gulf Coast",0.340236086564124,"Upland","7","US-A03","SPEI_48__Gulf Coast",7.86682379177113,1.26497601577241,5.38747080085722,10.346176782685
"SPEI_1","AK Coast",0.340236086564124,"Upland","7","US-A03","SPEI_1__AK Coast",6.8737811182989,0.971409071626693,4.96981933791059,8.77774289868722
"SPEI_3","AK Coast",0.340236086564124,"Upland","7","US-A03","SPEI_3__AK Coast",6.79360574358942,0.977391820427769,4.87791777555099,8.70929371162785
"SPEI_6","AK Coast",0.340236086564124,"Upland","7","US-A03","SPEI_6__AK Coast",6.84272555071391,0.975730809870417,4.9302931633679,8.75515793805993
"SPEI_12","AK Coast",0.340236086564124,"Upland","7","US-A03","SPEI_12__AK Coast",6.82739632363383,0.971844070934561,4.92258194460209,8.73221070266557
"SPEI_24","AK Coast",0.340236086564124,"Upland","7","US-A03","SPEI_24__AK Coast",6.8856859094576,0.976279021929564,4.97217902647565,8.79919279243954
"SPEI_36","AK Coast",0.340236086564124,"Upland","7","US-A03","SPEI_36__AK Coast",6.76998860068536,0.972995283811719,4.86291784441439,8.67705935695633
"SPEI_48","AK Coast",0.340236086564124,"Upland","7","US-A03","SPEI_48__AK Coast",6.80440425627977,0.972391133747239,4.89851763413518,8.71029087842436
"SPEI_1","Atlantic Coast",0.374475498487835,"Upland","7","US-A03","SPEI_1__Atlantic Coast",4.41242140741344,0.65705918838793,3.1245853981731,5.70025741665379
"SPEI_3","Atlantic Coast",0.374475498487835,"Upland","7","US-A03","SPEI_3__Atlantic Coast",4.37908521645414,0.657962922041818,3.08947788925218,5.6686925436561
"SPEI_6","Atlantic Coast",0.374475498487835,"Upland","7","US-A03","SPEI_6__Atlantic Coast",4.3861657427257,0.657428075389757,3.09760671496177,5.67472477048962
"SPEI_12","Atlantic Coast",0.374475498487835,"Upland","7","US-A03","SPEI_12__Atlantic Coast",4.40727618713133,0.657504261627331,3.11856783434176,5.6959845399209
"SPEI_24","Atlantic Coast",0.374475498487835,"Upland","7","US-A03","SPEI_24__Atlantic Coast",4.3814980664954,0.657467139974834,3.09286247214473,5.67013366084608
"SPEI_36","Atlantic Coast",0.374475498487835,"Upland","7","US-A03","SPEI_36__Atlantic Coast",4.37025520129224,0.65748449000914,3.08158560087433,5.65892480171015
"SPEI_48","Atlantic Coast",0.374475498487835,"Upland","7","US-A03","SPEI_48__Atlantic Coast",4.39227472568364,0.658540030849307,3.101536265219,5.68301318614829
"SPEI_1","Pacific Coast",0.374475498487835,"Upland","7","US-A03","SPEI_1__Pacific Coast",5.04507673471741,0.840448962106798,3.39779676898809,6.69235670044674
"SPEI_3","Pacific Coast",0.374475498487835,"Upland","7","US-A03","SPEI_3__Pacific Coast",5.1763261206726,0.838449240011318,3.53296561025041,6.81968663109478
"SPEI_6","Pacific Coast",0.374475498487835,"Upland","7","US-A03","SPEI_6__Pacific Coast",5.16191968479567,0.838856304313174,3.51776132834185,6.80607804124949
"SPEI_12","Pacific Coast",0.374475498487835,"Upland","7","US-A03","SPEI_12__Pacific Coast",5.22644045063789,0.837251780307795,3.58542696123461,6.86745394004116
"SPEI_24","Pacific Coast",0.374475498487835,"Upland","7","US-A03","SPEI_24__Pacific Coast",5.22316477622411,0.837529218169654,3.58160750861159,6.86472204383663
"SPEI_36","Pacific Coast",0.374475498487835,"Upland","7","US-A03","SPEI_36__Pacific Coast",5.22657050672072,0.83725021250103,3.5855600902187,6.86758092322274
"SPEI_48","Pacific Coast",0.374475498487835,"Upland","7","US-A03","SPEI_48__Pacific Coast",5.22655846592217,0.837249873214518,3.58554871442171,6.86756821742262
"SPEI_1","Gulf Coast",0.374475498487835,"Upland","7","US-A03","SPEI_1__Gulf Coast",7.66748254821586,1.26662933644219,5.18488904878917,10.1500760476425
"SPEI_3","Gulf Coast",0.374475498487835,"Upland","7","US-A03","SPEI_3__Gulf Coast",5.86954812978012,1.2907128719873,3.339750900685,8.39934535887524
"SPEI_6","Gulf Coast",0.374475498487835,"Upland","7","US-A03","SPEI_6__Gulf Coast",7.21411782619513,1.2783410221388,4.70856942280308,9.71966622958718
"SPEI_12","Gulf Coast",0.374475498487835,"Upland","7","US-A03","SPEI_12__Gulf Coast",6.76263472824327,1.29122245127527,4.23183872374373,9.29343073274281
"SPEI_24","Gulf Coast",0.374475498487835,"Upland","7","US-A03","SPEI_24__Gulf Coast",7.66354166112152,1.29173671733216,5.13173769515048,10.1953456270926
"SPEI_36","Gulf Coast",0.374475498487835,"Upland","7","US-A03","SPEI_36__Gulf Coast",7.71054320569596,1.26620052104804,5.2287901844418,10.1922962269501
"SPEI_48","Gulf Coast",0.374475498487835,"Upland","7","US-A03","SPEI_48__Gulf Coast",7.86683417435392,1.2649813411208,5.38747074575716,10.3461976029507
"SPEI_1","AK Coast",0.374475498487835,"Upland","7","US-A03","SPEI_1__AK Coast",6.87384248788441,0.971409634317859,4.96987960462141,8.77780537114741
"SPEI_3","AK Coast",0.374475498487835,"Upland","7","US-A03","SPEI_3__AK Coast",6.80882695714819,0.977431704081922,4.89306081714762,8.72459309714876
"SPEI_6","AK Coast",0.374475498487835,"Upland","7","US-A03","SPEI_6__AK Coast",6.85626740147121,0.975762098862964,4.9437736876998,8.76876111524262
"SPEI_12","AK Coast",0.374475498487835,"Upland","7","US-A03","SPEI_12__AK Coast",6.83770089941837,0.971699086215288,4.93317069043641,8.74223110840034
"SPEI_24","AK Coast",0.374475498487835,"Upland","7","US-A03","SPEI_24__AK Coast",6.89775985617124,0.97609291236319,4.98461774793939,8.8109019644031
"SPEI_36","AK Coast",0.374475498487835,"Upland","7","US-A03","SPEI_36__AK Coast",6.78137192776158,0.972710095209412,4.87486014115114,8.68788371437203
"SPEI_48","AK Coast",0.374475498487835,"Upland","7","US-A03","SPEI_48__AK Coast",6.81250007845526,0.972188924061936,4.90700978729386,8.71799036961665
"SPEI_1","Atlantic Coast",0.408714910411546,"Upland","7","US-A03","SPEI_1__Atlantic Coast",4.41240172446879,0.657060086946691,3.12456395405327,5.7002394948843
"SPEI_3","Atlantic Coast",0.408714910411546,"Upland","7","US-A03","SPEI_3__Atlantic Coast",4.37562909264994,0.658012085231062,3.08592540559706,5.66533277970282
"SPEI_6","Atlantic Coast",0.408714910411546,"Upland","7","US-A03","SPEI_6__Atlantic Coast",4.38398575411788,0.657488626126857,3.09530804690924,5.67266346132652
"SPEI_12","Atlantic Coast",0.408714910411546,"Upland","7","US-A03","SPEI_12__Atlantic Coast",4.40598699487774,0.657539305583157,3.11720995593475,5.69476403382072
"SPEI_24","Atlantic Coast",0.408714910411546,"Upland","7","US-A03","SPEI_24__Atlantic Coast",4.37890895490937,0.657533043441831,3.09014418976338,5.66767372005536
"SPEI_36","Atlantic Coast",0.408714910411546,"Upland","7","US-A03","SPEI_36__Atlantic Coast",4.36642485147392,0.657556127400491,3.07761484176895,5.65523486117888
"SPEI_48","Atlantic Coast",0.408714910411546,"Upland","7","US-A03","SPEI_48__Atlantic Coast",4.38577329852385,0.658569917299621,3.0949762606166,5.67657033643111
"SPEI_1","Pacific Coast",0.408714910411546,"Upland","7","US-A03","SPEI_1__Pacific Coast",5.04195945828048,0.840535108610528,3.39451064540384,6.68940827115711
"SPEI_3","Pacific Coast",0.408714910411546,"Upland","7","US-A03","SPEI_3__Pacific Coast",5.17415576052509,0.838492112535906,3.53071121995471,6.81760030109546
"SPEI_6","Pacific Coast",0.408714910411546,"Upland","7","US-A03","SPEI_6__Pacific Coast",5.15977071525596,0.838882652854394,3.51556071566135,6.80398071485057
"SPEI_12","Pacific Coast",0.408714910411546,"Upland","7","US-A03","SPEI_12__Pacific Coast",5.22642582691887,0.83725217257893,3.58541156866417,6.86744008517357
"SPEI_24","Pacific Coast",0.408714910411546,"Upland","7","US-A03","SPEI_24__Pacific Coast",5.22243755942944,0.837531959297038,3.58087491920725,6.86400019965163
"SPEI_36","Pacific Coast",0.408714910411546,"Upland","7","US-A03","SPEI_36__Pacific Coast",5.22656372998462,0.837250456503429,3.5855528352379,6.86757462473134
"SPEI_48","Pacific Coast",0.408714910411546,"Upland","7","US-A03","SPEI_48__Pacific Coast",5.22655646612053,0.837250295147069,3.58554588763227,6.86756704460879
"SPEI_1","Gulf Coast",0.408714910411546,"Upland","7","US-A03","SPEI_1__Gulf Coast",7.64721584998912,1.26699944355422,5.16389694062284,10.1305347593554
"SPEI_3","Gulf Coast",0.408714910411546,"Upland","7","US-A03","SPEI_3__Gulf Coast",5.86071258924563,1.29025299188852,3.33181672514413,8.38960845334712
"SPEI_6","Gulf Coast",0.408714910411546,"Upland","7","US-A03","SPEI_6__Gulf Coast",7.18742332144215,1.27857664390572,4.68141309938694,9.69343354349737
"SPEI_12","Gulf Coast",0.408714910411546,"Upland","7","US-A03","SPEI_12__Gulf Coast",6.72018934713469,1.29286019379305,4.18618336730032,9.25419532696906
"SPEI_24","Gulf Coast",0.408714910411546,"Upland","7","US-A03","SPEI_24__Gulf Coast",7.64603924574609,1.2913154129004,5.11506103646131,10.1770174550309
"SPEI_36","Gulf Coast",0.408714910411546,"Upland","7","US-A03","SPEI_36__Gulf Coast",7.69181939459041,1.26651826942397,5.20944358651943,10.1741952026614
"SPEI_48","Gulf Coast",0.408714910411546,"Upland","7","US-A03","SPEI_48__Gulf Coast",7.86684442922386,1.26498723574412,5.3874694471654,10.3462194112823
"SPEI_1","AK Coast",0.408714910411546,"Upland","7","US-A03","SPEI_1__AK Coast",6.87390376677729,0.971410588504874,4.96993901330774,8.77786852024684
"SPEI_3","AK Coast",0.408714910411546,"Upland","7","US-A03","SPEI_3__AK Coast",6.82409774975793,0.977477542243594,4.90824176696049,8.73995373255537
"SPEI_6","AK Coast",0.408714910411546,"Upland","7","US-A03","SPEI_6__AK Coast",6.86991326320708,0.975804308712117,4.95733681813133,8.78248970828283
"SPEI_12","AK Coast",0.408714910411546,"Upland","7","US-A03","SPEI_12__AK Coast",6.84800567747221,0.97158439749876,4.94370025837464,8.75231109656978
"SPEI_24","AK Coast",0.408714910411546,"Upland","7","US-A03","SPEI_24__AK Coast",6.9094784824524,0.975926890357328,4.99666177735204,8.82229518755277
"SPEI_36","AK Coast",0.408714910411546,"Upland","7","US-A03","SPEI_36__AK Coast",6.79275115121487,0.972454807804481,4.88673972791809,8.69876257451165
"SPEI_48","AK Coast",0.408714910411546,"Upland","7","US-A03","SPEI_48__AK Coast",6.82059524001499,0.972010010656477,4.91545561912829,8.72573486090168
"SPEI_1","Atlantic Coast",0.442954322335257,"Upland","7","US-A03","SPEI_1__Atlantic Coast",4.41238203375401,0.657061063157211,3.12454234996587,5.70022171754214
"SPEI_3","Atlantic Coast",0.442954322335257,"Upland","7","US-A03","SPEI_3__Atlantic Coast",4.37216054318284,0.658066159185321,3.08235087117961,5.66197021518607
"SPEI_6","Atlantic Coast",0.442954322335257,"Upland","7","US-A03","SPEI_6__Atlantic Coast",4.38180568169739,0.657553754470289,3.09300032293562,5.67061104045916
"SPEI_12","Atlantic Coast",0.442954322335257,"Upland","7","US-A03","SPEI_12__Atlantic Coast",4.40467493187961,0.657577449795361,3.1158231302807,5.69352673347851
"SPEI_24","Atlantic Coast",0.442954322335257,"Upland","7","US-A03","SPEI_24__Atlantic Coast",4.37631958788866,0.657603830140932,3.08741608081244,5.66522309496489
"SPEI_36","Atlantic Coast",0.442954322335257,"Upland","7","US-A03","SPEI_36__Atlantic Coast",4.36259417880404,0.657633439072452,3.07363263822203,5.65155571938605
"SPEI_48","Atlantic Coast",0.442954322335257,"Upland","7","US-A03","SPEI_48__Atlantic Coast",4.37914567312641,0.658604403268475,3.0882810427202,5.67001030353262
"SPEI_1","Pacific Coast",0.442954322335257,"Upland","7","US-A03","SPEI_1__Pacific Coast",5.03924765212782,0.840623942851859,3.39162472413818,6.68687058011747
"SPEI_3","Pacific Coast",0.442954322335257,"Upland","7","US-A03","SPEI_3__Pacific Coast",5.17204647128693,0.838539535973464,3.52850898077894,6.81558396179492
"SPEI_6","Pacific Coast",0.442954322335257,"Upland","7","US-A03","SPEI_6__Pacific Coast",5.15767165507465,0.838912768243707,3.51340262931698,6.80194068083232
"SPEI_12","Pacific Coast",0.442954322335257,"Upland","7","US-A03","SPEI_12__Pacific Coast",5.2264112428668,0.837252617197136,3.58539611316042,6.86742637257319
"SPEI_24","Pacific Coast",0.442954322335257,"Upland","7","US-A03","SPEI_24__Pacific Coast",5.22171243218481,0.837535949467984,3.58014197122756,6.86328289314206
"SPEI_36","Pacific Coast",0.442954322335257,"Upland","7","US-A03","SPEI_36__Pacific Coast",5.22655687757319,0.837250742791016,3.58554542170279,6.86756833344358
"SPEI_48","Pacific Coast",0.442954322335257,"Upland","7","US-A03","SPEI_48__Pacific Coast",5.22655447411279,0.837250782011289,3.58554294137066,6.86756600685491
"SPEI_1","Gulf Coast",0.442954322335257,"Upland","7","US-A03","SPEI_1__Gulf Coast",7.62695255920383,1.26740735797941,5.14283413756418,10.1110709808435
"SPEI_3","Gulf Coast",0.442954322335257,"Upland","7","US-A03","SPEI_3__Gulf Coast",5.86295023637287,1.28969075106583,3.33515636428384,8.39074410846189
"SPEI_6","Gulf Coast",0.442954322335257,"Upland","7","US-A03","SPEI_6__Gulf Coast",7.16304471512665,1.27879360698334,4.6566092454393,9.66948018481401
"SPEI_12","Gulf Coast",0.442954322335257,"Upland","7","US-A03","SPEI_12__Gulf Coast",6.68170972605418,1.29445251141729,4.1445828036763,9.21883664843206
"SPEI_24","Gulf Coast",0.442954322335257,"Upland","7","US-A03","SPEI_24__Gulf Coast",7.62768973648544,1.29075204017965,5.09781573773333,10.1575637352376
"SPEI_36","Gulf Coast",0.442954322335257,"Upland","7","US-A03","SPEI_36__Gulf Coast",7.67309479622303,1.26687570989284,5.19001840483307,10.156171187613
"SPEI_48","Gulf Coast",0.442954322335257,"Upland","7","US-A03","SPEI_48__Gulf Coast",7.86685457679574,1.26499370271103,5.38746691948212,10.3462422341094
"SPEI_1","AK Coast",0.442954322335257,"Upland","7","US-A03","SPEI_1__AK Coast",6.87396490334575,0.9714119395513,4.9699975018252,8.7779323048663
"SPEI_3","AK Coast",0.442954322335257,"Upland","7","US-A03","SPEI_3__AK Coast",6.83940902456247,0.977529330989569,4.92345153582292,8.75536651330203
"SPEI_6","AK Coast",0.442954322335257,"Upland","7","US-A03","SPEI_6__AK Coast",6.88365943630856,0.975857477815891,4.97097877978941,8.7963400928277
"SPEI_12","AK Coast",0.442954322335257,"Upland","7","US-A03","SPEI_12__AK Coast",6.85831055515466,0.971500013405855,4.95417052887919,8.76245058143014
"SPEI_24","AK Coast",0.442954322335257,"Upland","7","US-A03","SPEI_24__AK Coast",6.9208304464452,0.975779771176895,5.00830209493849,8.83335879795192
"SPEI_36","AK Coast",0.442954322335257,"Upland","7","US-A03","SPEI_36__AK Coast",6.8041261790944,0.972229409901965,4.89855653568655,8.70969582250226
"SPEI_48","AK Coast",0.442954322335257,"Upland","7","US-A03","SPEI_48__AK Coast",6.82868977330838,0.971854403485175,4.92385514247744,8.73352440413933
"SPEI_1","Atlantic Coast",0.477193734258967,"Upland","7","US-A03","SPEI_1__Atlantic Coast",4.41236234086805,0.657062117388755,3.12452059078609,5.70020409095001
"SPEI_3","Atlantic Coast",0.477193734258967,"Upland","7","US-A03","SPEI_3__Atlantic Coast",4.36868080740931,0.65812534901765,3.07875512333472,5.6586064914839
"SPEI_6","Atlantic Coast",0.477193734258967,"Upland","7","US-A03","SPEI_6__Atlantic Coast",4.3796255320886,0.657623461274133,3.0906835479913,5.6685675161859
"SPEI_12","Atlantic Coast",0.477193734258967,"Upland","7","US-A03","SPEI_12__Atlantic Coast",4.403340697321,0.657618759417048,3.11440792886358,5.69227346577841
"SPEI_24","Atlantic Coast",0.477193734258967,"Upland","7","US-A03","SPEI_24__Atlantic Coast",4.3737299800261,0.657679500188362,3.08467815965692,5.66278180039529
"SPEI_36","Atlantic Coast",0.477193734258967,"Upland","7","US-A03","SPEI_36__Atlantic Coast",4.3587632125443,0.657716428982763,3.06963901173809,5.64788741335052
"SPEI_48","Atlantic Coast",0.477193734258967,"Upland","7","US-A03","SPEI_48__Atlantic Coast",4.37239534711394,0.658643899214993,3.08145330465255,5.66333738957533
"SPEI_1","Pacific Coast",0.477193734258967,"Upland","7","US-A03","SPEI_1__Pacific Coast",5.03694205197734,0.840715612678873,3.38913945112675,6.68474465282793
"SPEI_3","Pacific Coast",0.477193734258967,"Upland","7","US-A03","SPEI_3__Pacific Coast",5.16999926719161,0.838591674222449,3.5263595857156,6.81363894866761
"SPEI_6","Pacific Coast",0.477193734258967,"Upland","7","US-A03","SPEI_6__Pacific Coast",5.15562057028476,0.838946936385322,3.51128457496953,6.79995656559999
"SPEI_12","Pacific Coast",0.477193734258967,"Upland","7","US-A03","SPEI_12__Pacific Coast",5.22639670270673,0.837253114558257,3.58538059817255,6.86741280724092
"SPEI_24","Pacific Coast",0.477193734258967,"Upland","7","US-A03","SPEI_24__Pacific Coast",5.22098985622195,0.837541227448808,3.57940905042228,6.86257066202161
"SPEI_36","Pacific Coast",0.477193734258967,"Upland","7","US-A03","SPEI_36__Pacific Coast",5.22654995337418,0.837251071790111,3.58553785266556,6.8675620540828
"SPEI_48","Pacific Coast",0.477193734258967,"Upland","7","US-A03","SPEI_48__Pacific Coast",5.22655249156812,0.837251334165378,3.58553987660398,6.86756510653226
"SPEI_1","Gulf Coast",0.477193734258967,"Upland","7","US-A03","SPEI_1__Gulf Coast",7.60669274098324,1.26785308701697,5.12170069042998,10.0916847915365
"SPEI_3","Gulf Coast",0.477193734258967,"Upland","7","US-A03","SPEI_3__Gulf Coast",5.87592831524222,1.28906015535996,3.3493704107367,8.40248621974773
"SPEI_6","Gulf Coast",0.477193734258967,"Upland","7","US-A03","SPEI_6__Gulf Coast",7.14096925498156,1.27899119873626,4.63414650545849,9.64779200450463
"SPEI_12","Gulf Coast",0.477193734258967,"Upland","7","US-A03","SPEI_12__Gulf Coast",6.64722984336033,1.29597636427254,4.10711616938615,9.18734351733451
"SPEI_24","Gulf Coast",0.477193734258967,"Upland","7","US-A03","SPEI_24__Gulf Coast",7.60847684964067,1.29005144415652,5.0799760190939,10.1369776801874
"SPEI_36","Gulf Coast",0.477193734258967,"Upland","7","US-A03","SPEI_36__Gulf Coast",7.65436942994742,1.26727292811187,5.17051449084816,10.1382243690467
"SPEI_48","Gulf Coast",0.477193734258967,"Upland","7","US-A03","SPEI_48__Gulf Coast",7.86686463543473,1.26500074484972,5.38746317552928,10.3462660953402
"SPEI_1","AK Coast",0.477193734258967,"Upland","7","US-A03","SPEI_1__AK Coast",6.87402583945888,0.97141369283707,4.97005500149822,8.77799667741954
"SPEI_3","AK Coast",0.477193734258967,"Upland","7","US-A03","SPEI_3__AK Coast",6.85475332790858,0.977587326388748,4.93868216818663,8.77082448763052
"SPEI_6","AK Coast",0.477193734258967,"Upland","7","US-A03","SPEI_6__AK Coast",6.89750224949465,0.9759218134846,4.98469549506483,8.81030900392446
"SPEI_12","AK Coast",0.477193734258967,"Upland","7","US-A03","SPEI_12__AK Coast",6.86861542337821,0.971445943184384,4.96458137473682,8.7726494720196
"SPEI_24","AK Coast",0.477193734258967,"Upland","7","US-A03","SPEI_24__AK Coast",6.93180457455729,0.9756507133454,5.01952917640031,8.84407997271428
"SPEI_36","AK Coast",0.477193734258967,"Upland","7","US-A03","SPEI_36__AK Coast",6.81549691351993,0.972033894273287,4.91031048074429,8.72068334629558
"SPEI_48","AK Coast",0.477193734258967,"Upland","7","US-A03","SPEI_48__AK Coast",6.83678370968958,0.971722112078021,4.93220837001666,8.74135904936251
"SPEI_1","Atlantic Coast",0.511433146182678,"Upland","7","US-A03","SPEI_1__Atlantic Coast",4.41234265228152,0.657063249968082,3.12449868234408,5.70018662221896
"SPEI_3","Atlantic Coast",0.511433146182678,"Upland","7","US-A03","SPEI_3__Atlantic Coast",4.36519152886015,0.658189884921788,3.07513935441344,5.65524370330685
"SPEI_6","Atlantic Coast",0.511433146182678,"Upland","7","US-A03","SPEI_6__Atlantic Coast",4.37744531362102,0.657697747424569,3.08835772866886,5.66653289857317
"SPEI_12","Atlantic Coast",0.511433146182678,"Upland","7","US-A03","SPEI_12__Atlantic Coast",4.40198514023087,0.657663301444446,3.11296506939975,5.69100521106198
"SPEI_24","Atlantic Coast",0.511433146182678,"Upland","7","US-A03","SPEI_24__Atlantic Coast",4.3711401481152,0.657760053706545,3.08193044285037,5.66034985338003
"SPEI_36","Atlantic Coast",0.511433146182678,"Upland","7","US-A03","SPEI_36__Atlantic Coast",4.35493198554779,0.657805101481748,3.06563398664356,5.64422998445202
"SPEI_48","Atlantic Coast",0.511433146182678,"Upland","7","US-A03","SPEI_48__Atlantic Coast",4.36552627099504,0.658688881651842,3.07449606295743,5.65655647903265
"SPEI_1","Pacific Coast",0.511433146182678,"Upland","7","US-A03","SPEI_1__Pacific Coast",5.03504270822991,0.840810460998816,3.38705420467223,6.68303121178759
"SPEI_3","Pacific Coast",0.511433146182678,"Upland","7","US-A03","SPEI_3__Pacific Coast",5.16801532938725,0.838648706679909,3.52426386429463,6.81176679447988
"SPEI_6","Pacific Coast",0.511433146182678,"Upland","7","US-A03","SPEI_6__Pacific Coast",5.15361590626354,0.838985486546553,3.50920435263229,6.79802745989478
"SPEI_12","Pacific Coast",0.511433146182678,"Upland","7","US-A03","SPEI_12__Pacific Coast",5.22638221129993,0.837253665042246,3.58536502781713,6.86739939478274
"SPEI_24","Pacific Coast",0.511433146182678,"Upland","7","US-A03","SPEI_24__Pacific Coast",5.22027033425179,0.837547832758061,3.57867658204599,6.86186408645759
"SPEI_36","Pacific Coast",0.511433146182678,"Upland","7","US-A03","SPEI_36__Pacific Coast",5.22654296172879,0.837251443912203,3.58553013166087,6.86755579179671
"SPEI_48","Pacific Coast",0.511433146182678,"Upland","7","US-A03","SPEI_48__Pacific Coast",5.22655052019712,0.837251951953571,3.58553669436812,6.86756434602612
"SPEI_1","Gulf Coast",0.511433146182678,"Upland","7","US-A03","SPEI_1__Gulf Coast",7.58643644920213,1.26833663745712,5.10049663978617,10.0723762586181
"SPEI_3","Gulf Coast",0.511433146182678,"Upland","7","US-A03","SPEI_3__Gulf Coast",5.89926999556101,1.28840797999059,3.37399035477946,8.42454963634257
"SPEI_6","Gulf Coast",0.511433146182678,"Upland","7","US-A03","SPEI_6__Gulf Coast",7.12117570176082,1.27917114131133,4.61400026479062,9.62835113873102
"SPEI_12","Gulf Coast",0.511433146182678,"Upland","7","US-A03","SPEI_12__Gulf Coast",6.61676403545412,1.29741101812333,4.0738384399324,9.15968963097585
"SPEI_24","Gulf Coast",0.511433146182678,"Upland","7","US-A03","SPEI_24__Gulf Coast",7.58840012226466,1.28922283608055,5.06152336354678,10.1152768809825
"SPEI_36","Gulf Coast",0.511433146182678,"Upland","7","US-A03","SPEI_36__Gulf Coast",7.63564335655287,1.26771001366073,5.15093172977784,10.1203549833279
"SPEI_48","Gulf Coast",0.511433146182678,"Upland","7","US-A03","SPEI_48__Gulf Coast",7.86687462075442,1.2650083646191,5.38745822610099,10.3462910154079
"SPEI_1","AK Coast",0.511433146182678,"Upland","7","US-A03","SPEI_1__AK Coast",6.87408650878413,0.971415853686232,4.97011143555912,8.77806158200915
"SPEI_3","AK Coast",0.511433146182678,"Upland","7","US-A03","SPEI_3__AK Coast",6.87012534939626,0.977652087237588,4.95392725841058,8.78632344038193
"SPEI_6","AK Coast",0.511433146182678,"Upland","7","US-A03","SPEI_6__AK Coast",6.91143805949623,0.975997720693288,4.99848252693739,8.82439359205508
"SPEI_12","AK Coast",0.511433146182678,"Upland","7","US-A03","SPEI_12__AK Coast",6.8789201650197,0.971422196974024,4.97493265895061,8.78290767108878
"SPEI_24","AK Coast",0.511433146182678,"Upland","7","US-A03","SPEI_24__AK Coast",6.94238994208118,0.975539263359841,5.0303329858959,8.85444689826647
"SPEI_36","AK Coast",0.511433146182678,"Upland","7","US-A03","SPEI_36__AK Coast",6.82686324902283,0.971868258878427,4.92200146162111,8.73172503642454
"SPEI_48","AK Coast",0.511433146182678,"Upland","7","US-A03","SPEI_48__AK Coast",6.84487707895684,0.971613145665419,4.94051531345262,8.74923884446106
"SPEI_1","Atlantic Coast",0.545672558106388,"Upland","7","US-A03","SPEI_1__Atlantic Coast",4.41232297523402,0.657064461161217,3.12447663135804,5.70016931911001
"SPEI_3","Atlantic Coast",0.545672558106388,"Upland","7","US-A03","SPEI_3__Atlantic Coast",4.36169471213079,0.658260018133738,3.07150507658866,5.65188434767292
"SPEI_6","Atlantic Coast",0.545672558106388,"Upland","7","US-A03","SPEI_6__Atlantic Coast",4.37526503615215,0.657776613808514,3.08602287308747,5.66450719921684
"SPEI_12","Atlantic Coast",0.545672558106388,"Upland","7","US-A03","SPEI_12__Atlantic Coast",4.40060924239877,0.657711143048651,3.11149540202341,5.68972308277412
"SPEI_24","Atlantic Coast",0.545672558106388,"Upland","7","US-A03","SPEI_24__Atlantic Coast",4.36855011086847,0.657845490802411,3.07917294889574,5.65792727284119
"SPEI_36","Atlantic Coast",0.545672558106388,"Upland","7","US-A03","SPEI_36__Atlantic Coast",4.35110053381622,0.657899461248321,3.06161758976951,5.64058347786293
"SPEI_48","Atlantic Coast",0.545672558106388,"Upland","7","US-A03","SPEI_48__Atlantic Coast",4.35854278745633,0.658739888934479,3.06741260514476,5.64967296976791
"SPEI_1","Pacific Coast",0.545672558106388,"Upland","7","US-A03","SPEI_1__Pacific Coast",5.03354906040365,0.840909017386716,3.38536738632568,6.68173073448161
"SPEI_3","Pacific Coast",0.545672558106388,"Upland","7","US-A03","SPEI_3__Pacific Coast",5.1660959859141,0.838710824648884,3.52222276960229,6.80996920222591
"SPEI_6","Pacific Coast",0.545672558106388,"Upland","7","US-A03","SPEI_6__Pacific Coast",5.15165645375753,0.839028787298122,3.50716003065321,6.79615287686185
"SPEI_12","Pacific Coast",0.545672558106388,"Upland","7","US-A03","SPEI_12__Pacific Coast",5.22636777406516,0.837254268998048,3.58534940682898,6.86738614130133
"SPEI_24","Pacific Coast",0.545672558106388,"Upland","7","US-A03","SPEI_24__Pacific Coast",5.21955440473072,0.837555804688843,3.57794502754058,6.86116378192085
"SPEI_36","Pacific Coast",0.545672558106388,"Upland","7","US-A03","SPEI_36__Pacific Coast",5.22653590737345,0.837251859537924,3.58552226267912,6.86754955206778
"SPEI_48","Pacific Coast",0.545672558106388,"Upland","7","US-A03","SPEI_48__Pacific Coast",5.22654856174269,0.837252635690686,3.58553339578895,6.86756372769644
"SPEI_1","Gulf Coast",0.545672558106388,"Upland","7","US-A03","SPEI_1__Gulf Coast",7.56618372748584,1.26885801528787,5.07922201752161,10.0531454374501
"SPEI_3","Gulf Coast",0.545672558106388,"Upland","7","US-A03","SPEI_3__Gulf Coast",5.93256185182896,1.28779142136142,3.40849066596058,8.45663303769734
"SPEI_6","Gulf Coast",0.545672558106388,"Upland","7","US-A03","SPEI_6__Gulf Coast",7.10363541106563,1.2793375966613,4.59613372160949,9.61113710052177
"SPEI_12","Gulf Coast",0.545672558106388,"Upland","7","US-A03","SPEI_12__Gulf Coast",6.59030911498984,1.29873818018471,4.04478228182781,9.13583594815186
"SPEI_24","Gulf Coast",0.545672558106388,"Upland","7","US-A03","SPEI_24__Gulf Coast",7.56747324163754,1.28827972682111,5.04244497706817,10.0925015062069
"SPEI_36","Gulf Coast",0.545672558106388,"Upland","7","US-A03","SPEI_36__Gulf Coast",7.61691667388852,1.26818705919089,5.13127003787439,10.1025633099027
"SPEI_48","Gulf Coast",0.545672558106388,"Upland","7","US-A03","SPEI_48__Gulf Coast",7.8668845458401,1.26501656398913,5.3874520804214,10.3463170112588
"SPEI_1","AK Coast",0.545672558106388,"Upland","7","US-A03","SPEI_1__AK Coast",6.87414683790895,0.971418427165727,4.97016672066413,8.77812695515378
"SPEI_3","AK Coast",0.545672558106388,"Upland","7","US-A03","SPEI_3__AK Coast",6.88552169739749,0.977724448072552,4.96918177917528,8.80186161561969
"SPEI_6","AK Coast",0.545672558106388,"Upland","7","US-A03","SPEI_6__AK Coast",6.92546324185306,0.976085788666208,5.0123350960673,8.83859138763883
"SPEI_12","AK Coast",0.545672558106388,"Upland","7","US-A03","SPEI_12__AK Coast",6.88922465612579,0.971428785451697,4.98522423664046,8.79322507561112
"SPEI_24","AK Coast",0.545672558106388,"Upland","7","US-A03","SPEI_24__AK Coast",6.95257588086228,0.975445330343236,5.04070303338954,8.86444872833503
"SPEI_36","AK Coast",0.545672558106388,"Upland","7","US-A03","SPEI_36__AK Coast",6.8382250735795,0.9717325062248,4.93362936137889,8.74282078578011
"SPEI_48","AK Coast",0.545672558106388,"Upland","7","US-A03","SPEI_48__AK Coast",6.85296990930896,0.971527513024495,4.94877598378095,8.75716383483697
"SPEI_1","Atlantic Coast",0.579911970030099,"Upland","7","US-A03","SPEI_1__Atlantic Coast",4.41230331773433,0.657065751154386,3.12445444547174,5.70015218999693
"SPEI_3","Atlantic Coast",0.579911970030099,"Upland","7","US-A03","SPEI_3__Atlantic Coast",4.35819272937785,0.658336017702698,3.06785413468057,5.64853132407514
"SPEI_6","Atlantic Coast",0.579911970030099,"Upland","7","US-A03","SPEI_6__Atlantic Coast",4.37308471109981,0.657860061285869,3.08367899097951,5.66249043122012
"SPEI_12","Atlantic Coast",0.579911970030099,"Upland","7","US-A03","SPEI_12__Atlantic Coast",4.39921411967771,0.657762349959556,3.10999991375698,5.68842832559844
"SPEI_24","Atlantic Coast",0.579911970030099,"Upland","7","US-A03","SPEI_24__Atlantic Coast",4.36595988889645,0.657935811549363,3.0764056982597,5.6555140795332
"SPEI_36","Atlantic Coast",0.579911970030099,"Upland","7","US-A03","SPEI_36__Atlantic Coast",4.34726889647877,0.657999513244114,3.0575898505203,5.63694794243723
"SPEI_48","Atlantic Coast",0.579911970030099,"Upland","7","US-A03","SPEI_48__Atlantic Coast",4.35144962490214,0.658797519277723,3.06020648711781,5.64269276268648
"SPEI_1","Pacific Coast",0.579911970030099,"Upland","7","US-A03","SPEI_1__Pacific Coast",5.03245991808779,0.841011997496231,3.38407640299518,6.6808434331804
"SPEI_3","Pacific Coast",0.579911970030099,"Upland","7","US-A03","SPEI_3__Pacific Coast",5.16424271019479,0.838778228409718,3.52023738251174,6.80824803787783
"SPEI_6","Pacific Coast",0.579911970030099,"Upland","7","US-A03","SPEI_6__Pacific Coast",5.14974136371577,0.839077244212701,3.50514996505888,6.79433276237267
"SPEI_12","Pacific Coast",0.579911970030099,"Upland","7","US-A03","SPEI_12__Pacific Coast",5.22635339697343,0.837254926729744,3.58533374058313,6.86737305336372
"SPEI_24","Pacific Coast",0.579911970030099,"Upland","7","US-A03","SPEI_24__Pacific Coast",5.21884264119969,0.837565181478266,3.57721488550229,6.86047039689709
"SPEI_36","Pacific Coast",0.579911970030099,"Upland","7","US-A03","SPEI_36__Pacific Coast",5.22652879543501,0.837252319002487,3.58551425019013,6.86754334067988
"SPEI_48","Pacific Coast",0.579911970030099,"Upland","7","US-A03","SPEI_48__Pacific Coast",5.22654661797398,0.837253385648163,3.58552998210358,6.86756325384438
"SPEI_1","Gulf Coast",0.579911970030099,"Upland","7","US-A03","SPEI_1__Gulf Coast",7.54593460866211,1.26941722545706,5.05787684676628,10.0339923705579
"SPEI_3","Gulf Coast",0.579911970030099,"Upland","7","US-A03","SPEI_3__Gulf Coast",5.97535630367308,1.28727573804204,3.45229585711067,8.49841675023548
"SPEI_6","Gulf Coast",0.579911970030099,"Upland","7","US-A03","SPEI_6__Gulf Coast",7.08831234909784,1.27949724381754,4.58049775121547,9.59612694698021
"SPEI_12","Gulf Coast",0.579911970030099,"Upland","7","US-A03","SPEI_12__Gulf Coast",6.56784394222119,1.29994234025992,4.01995695531174,9.11573092913064
"SPEI_24","Gulf Coast",0.579911970030099,"Upland","7","US-A03","SPEI_24__Gulf Coast",7.54572437785537,1.28723997326236,5.02273403026114,10.0687147254496
"SPEI_36","Gulf Coast",0.579911970030099,"Upland","7","US-A03","SPEI_36__Gulf Coast",7.59818951765678,1.26870415970859,5.11152936462794,10.0848496706856
"SPEI_48","Gulf Coast",0.579911970030099,"Upland","7","US-A03","SPEI_48__Gulf Coast",7.86689442110638,1.26502534430512,5.38744474626834,10.3463440959444
"SPEI_1","AK Coast",0.579911970030099,"Upland","7","US-A03","SPEI_1__AK Coast",6.87420674652493,0.971421417913852,4.97022076741378,8.77819272563608
"SPEI_3","AK Coast",0.579911970030099,"Upland","7","US-A03","SPEI_3__AK Coast",6.90094094748127,0.977805506436725,4.98444215486529,8.81743974009725
"SPEI_6","AK Coast",0.579911970030099,"Upland","7","US-A03","SPEI_6__AK Coast",6.93957418537069,0.97618678629591,5.02624808423071,8.85290028651067
"SPEI_12","AK Coast",0.579911970030099,"Upland","7","US-A03","SPEI_12__AK Coast",6.89952876625254,0.971465719613697,4.99545595580969,8.80360157669539
"SPEI_24","AK Coast",0.579911970030099,"Upland","7","US-A03","SPEI_24__AK Coast",6.96235203878362,0.975369174704784,5.05062845636224,8.87407562120499
"SPEI_36","AK Coast",0.579911970030099,"Upland","7","US-A03","SPEI_36__AK Coast",6.84958226888926,0.971626643039496,4.94519404853185,8.75397048924667
"SPEI_48","AK Coast",0.579911970030099,"Upland","7","US-A03","SPEI_48__AK Coast",6.86106222706466,0.971465222393383,4.95699039117363,8.76513406295569
"SPEI_1","Atlantic Coast",0.61415138195381,"Upland","7","US-A03","SPEI_1__Atlantic Coast",4.4122836886603,0.657067120031105,3.12443213339933,5.70013524392126
"SPEI_3","Atlantic Coast",0.61415138195381,"Upland","7","US-A03","SPEI_3__Atlantic Coast",4.35468837586868,0.658418167593915,3.06418876738461,5.64518798435276
"SPEI_6","Atlantic Coast",0.61415138195381,"Upland","7","US-A03","SPEI_6__Atlantic Coast",4.37090435168153,0.657948090661334,3.08132609398532,5.66048260937775
"SPEI_12","Atlantic Coast",0.61415138195381,"Upland","7","US-A03","SPEI_12__Atlantic Coast",4.39780104145182,0.657816984656929,3.10847975152424,5.6871223313794
"SPEI_24","Atlantic Coast",0.61415138195381,"Upland","7","US-A03","SPEI_24__Atlantic Coast",4.36336950493944,0.658031015970381,3.0736287136375,5.65311029624139
"SPEI_36","Atlantic Coast",0.61415138195381,"Upland","7","US-A03","SPEI_36__Atlantic Coast",4.34343711617795,0.658105262679838,3.05355080132547,5.63332343103044
"SPEI_48","Atlantic Coast",0.61415138195381,"Upland","7","US-A03","SPEI_48__Atlantic Coast",4.34425194384834,0.658862430657183,3.05288157976026,5.63562230793642
"SPEI_1","Pacific Coast",0.61415138195381,"Upland","7","US-A03","SPEI_1__Pacific Coast",5.03177334504394,0.841120309910956,3.38317753761847,6.68036915246942
"SPEI_3","Pacific Coast",0.61415138195381,"Upland","7","US-A03","SPEI_3__Pacific Coast",5.16245713687766,0.838851124531128,3.51830893279665,6.80660534095867
"SPEI_6","Pacific Coast",0.61415138195381,"Upland","7","US-A03","SPEI_6__Pacific Coast",5.14787021155968,0.83913129899425,3.50317286553095,6.79256755758841
"SPEI_12","Pacific Coast",0.61415138195381,"Upland","7","US-A03","SPEI_12__Pacific Coast",5.22633908661337,0.837255638481716,3.58531803518921,6.86736013803753
"SPEI_24","Pacific Coast",0.61415138195381,"Upland","7","US-A03","SPEI_24__Pacific Coast",5.21813565591722,0.837575999495124,3.57648669690677,6.85978461492766
"SPEI_36","Pacific Coast",0.61415138195381,"Upland","7","US-A03","SPEI_36__Pacific Coast",5.22652163147758,0.837252822580225,3.58550609922034,6.86753716373482
"SPEI_48","Pacific Coast",0.61415138195381,"Upland","7","US-A03","SPEI_48__Pacific Coast",5.22654469068222,0.837254202039354,3.58552645468509,6.86756292667936
"SPEI_1","Gulf Coast",0.61415138195381,"Upland","7","US-A03","SPEI_1__Gulf Coast",7.5256891126012,1.27001427165762,5.03646114015226,10.0149170850501
"SPEI_3","Gulf Coast",0.61415138195381,"Upland","7","US-A03","SPEI_3__Gulf Coast",6.02716927832105,1.28693170192554,3.50478314254699,8.54955541409512
"SPEI_6","Gulf Coast",0.61415138195381,"Upland","7","US-A03","SPEI_6__Gulf Coast",7.0751620443569,1.2796594222033,4.56702957683842,9.58329451187537
"SPEI_12","Gulf Coast",0.61415138195381,"Upland","7","US-A03","SPEI_12__Gulf Coast",6.54932641280863,1.3010113424519,3.9993441816029,9.09930864401435
"SPEI_24","Gulf Coast",0.61415138195381,"Upland","7","US-A03","SPEI_24__Gulf Coast",7.5231985272145,1.28612591629348,5.00239173127928,10.0440053231497
"SPEI_36","Gulf Coast",0.61415138195381,"Upland","7","US-A03","SPEI_36__Gulf Coast",7.57946206735978,1.26926141189308,5.09170970004934,10.0672144346702
"SPEI_48","Gulf Coast",0.61415138195381,"Upland","7","US-A03","SPEI_48__Gulf Coast",7.866904253779,1.26503470611476,5.38743622979407,10.3463722777639
"SPEI_1","AK Coast",0.61415138195381,"Upland","7","US-A03","SPEI_1__AK Coast",6.87426614672036,0.971424829970462,4.97027347997825,8.77825881346246
"SPEI_3","AK Coast",0.61415138195381,"Upland","7","US-A03","SPEI_3__AK Coast",6.91638396560338,0.977896623448852,4.99970658364363,8.83306134756313
"SPEI_6","AK Coast",0.61415138195381,"Upland","7","US-A03","SPEI_6__AK Coast",6.95376729030599,0.976301665758544,5.04021602541924,8.86731855519274
"SPEI_12","AK Coast",0.61415138195381,"Upland","7","US-A03","SPEI_12__AK Coast",6.90983235800995,0.971533010665913,5.00562765710476,8.81403705891514
"SPEI_24","AK Coast",0.61415138195381,"Upland","7","US-A03","SPEI_24__AK Coast",6.97170850098908,0.975311408998885,5.06009813935126,8.88331886262689
"SPEI_36","AK Coast",0.61415138195381,"Upland","7","US-A03","SPEI_36__AK Coast",6.86093470999065,0.971550680217663,4.95669537676403,8.76517404321727
"SPEI_48","AK Coast",0.61415138195381,"Upland","7","US-A03","SPEI_48__AK Coast",6.86915405612323,0.971426281442821,4.9651585444953,8.77314956775116
"SPEI_1","Atlantic Coast",0.648390793877521,"Upland","7","US-A03","SPEI_1__Atlantic Coast",4.4122640977644,0.657068567746813,3.12440970498065,5.70011849054815
"SPEI_3","Atlantic Coast",0.648390793877521,"Upland","7","US-A03","SPEI_3__Atlantic Coast",4.35118488141752,0.658506761026001,3.06051162980656,5.64185813302849
"SPEI_6","Atlantic Coast",0.648390793877521,"Upland","7","US-A03","SPEI_6__Atlantic Coast",4.36872397296569,0.658040702642337,3.07896419578671,5.65848375014467
"SPEI_12","Atlantic Coast",0.648390793877521,"Upland","7","US-A03","SPEI_12__Atlantic Coast",4.39637143428639,0.657875104005758,3.1069362304351,5.68580663813767
"SPEI_24","Atlantic Coast",0.648390793877521,"Upland","7","US-A03","SPEI_24__Atlantic Coast",4.36077898387316,0.658131104009589,3.07084202001437,5.65071594773196
"SPEI_36","Atlantic Coast",0.648390793877521,"Upland","7","US-A03","SPEI_36__Atlantic Coast",4.33960523907446,0.658216714937937,3.0495004777961,5.62971000035281
"SPEI_48","Atlantic Coast",0.648390793877521,"Upland","7","US-A03","SPEI_48__Atlantic Coast",4.33695533871768,0.658935335243482,3.04544208164045,5.6284685957949
"SPEI_1","Pacific Coast",0.648390793877521,"Upland","7","US-A03","SPEI_1__Pacific Coast",5.03148660842726,0.841235043984683,3.38266592221728,6.68030729463724
"SPEI_3","Pacific Coast",0.648390793877521,"Upland","7","US-A03","SPEI_3__Pacific Coast",5.16074105867004,0.83892972099981,3.51643880551042,6.80504331182967
"SPEI_6","Pacific Coast",0.648390793877521,"Upland","7","US-A03","SPEI_6__Pacific Coast",5.14604301905874,0.839191424779004,3.50122782649189,6.79085821162559
"SPEI_12","Pacific Coast",0.648390793877521,"Upland","7","US-A03","SPEI_12__Pacific Coast",5.22632485018817,0.837256404420423,3.58530229752414,6.8673474028522
"SPEI_24","Pacific Coast",0.648390793877521,"Upland","7","US-A03","SPEI_24__Pacific Coast",5.21743409900371,0.837588292107553,3.57576104647291,6.85910715153452
"SPEI_36","Pacific Coast",0.648390793877521,"Upland","7","US-A03","SPEI_36__Pacific Coast",5.22651442150255,0.837253370465472,3.58549781539022,6.86753102761487
"SPEI_48","Pacific Coast",0.648390793877521,"Upland","7","US-A03","SPEI_48__Pacific Coast",5.22654278167239,0.837255085001156,3.58552281507013,6.86756274827466
"SPEI_1","Gulf Coast",0.648390793877521,"Upland","7","US-A03","SPEI_1__Gulf Coast",7.50544724522176,1.27064915591213,5.01497489963399,9.99591959080954
"SPEI_3","Gulf Coast",0.648390793877521,"Upland","7","US-A03","SPEI_3__Gulf Coast",6.08748166108654,1.2868317662335,3.56529139926887,8.6096719229042
"SPEI_6","Gulf Coast",0.648390793877521,"Upland","7","US-A03","SPEI_6__Gulf Coast",7.06413135415197,1.27983606707446,4.55565266268604,9.57261004561791
"SPEI_12","Gulf Coast",0.648390793877521,"Upland","7","US-A03","SPEI_12__Gulf Coast",6.53469244540585,1.3019366394003,3.98289663218126,9.08648825863045
"SPEI_24","Gulf Coast",0.648390793877521,"Upland","7","US-A03","SPEI_24__Gulf Coast",7.49995818080989,1.28496421997522,4.98142830965845,10.0184880519613
"SPEI_36","Gulf Coast",0.648390793877521,"Upland","7","US-A03","SPEI_36__Gulf Coast",7.56073454778457,1.26985891291932,5.0718110784627,10.0496580171064
"SPEI_48","Gulf Coast",0.648390793877521,"Upland","7","US-A03","SPEI_48__Gulf Coast",7.86691404768449,1.26504464898572,5.38742653567248,10.3464015596965
"SPEI_1","AK Coast",0.648390793877521,"Upland","7","US-A03","SPEI_1__AK Coast",6.87432494311202,0.971428666551739,4.97032475667061,8.77832512955343
"SPEI_3","AK Coast",0.648390793877521,"Upland","7","US-A03","SPEI_3__AK Coast",6.93185400512622,0.977999394324175,5.01497519225083,8.8487328180016
"SPEI_6","AK Coast",0.648390793877521,"Upland","7","US-A03","SPEI_6__AK Coast",6.968038966907,0.976431547604662,5.05423313360187,8.88184480021214
"SPEI_12","AK Coast",0.648390793877521,"Upland","7","US-A03","SPEI_12__AK Coast",6.9201352874275,0.97163066965403,5.0157391749056,8.8245313999494
"SPEI_24","AK Coast",0.648390793877521,"Upland","7","US-A03","SPEI_24__AK Coast",6.98063588755235,0.97527296783852,5.06910087058885,8.89217090451585
"SPEI_36","AK Coast",0.648390793877521,"Upland","7","US-A03","SPEI_36__AK Coast",6.87228226576442,0.971504632203781,4.96813318664501,8.77643134488384
"SPEI_48","AK Coast",0.648390793877521,"Upland","7","US-A03","SPEI_48__AK Coast",6.87724541765418,0.97141069713497,4.97328045126964,8.78121038403873
"SPEI_1","Atlantic Coast",0.682630205801231,"Upland","7","US-A03","SPEI_1__Atlantic Coast",4.41224455546694,0.657070094107466,3.12438717101631,5.70010193991757
"SPEI_3","Atlantic Coast",0.682630205801231,"Upland","7","US-A03","SPEI_3__Atlantic Coast",4.34768581757514,0.658602091091452,3.0568257190359,5.63854591611439
"SPEI_6","Atlantic Coast",0.682630205801231,"Upland","7","US-A03","SPEI_6__Atlantic Coast",4.36654359147737,0.658137897782953,3.07659331182278,5.65649387113196
"SPEI_12","Atlantic Coast",0.682630205801231,"Upland","7","US-A03","SPEI_12__Atlantic Coast",4.39492684816663,0.657936756581613,3.10537080526667,5.68448289106659
"SPEI_24","Atlantic Coast",0.682630205801231,"Upland","7","US-A03","SPEI_24__Atlantic Coast",4.35818835220304,0.658236075489656,3.06804564424332,5.64833106016277
"SPEI_36","Atlantic Coast",0.682630205801231,"Upland","7","US-A03","SPEI_36__Atlantic Coast",4.33577331399961,0.658333875430334,3.04543891815615,5.62610770984306
"SPEI_48","Atlantic Coast",0.682630205801231,"Upland","7","US-A03","SPEI_48__Atlantic Coast",4.32956573725972,0.659016984733461,3.03789244718213,5.6212390273373
"SPEI_1","Pacific Coast",0.682630205801231,"Upland","7","US-A03","SPEI_1__Pacific Coast",5.03159630667807,0.841357423344663,3.38253575692253,6.68065685643361
"SPEI_3","Pacific Coast",0.682630205801231,"Upland","7","US-A03","SPEI_3__Pacific Coast",5.15909638334932,0.83901421951229,3.51462851310523,6.80356425359341
"SPEI_6","Pacific Coast",0.682630205801231,"Upland","7","US-A03","SPEI_6__Pacific Coast",5.14426017029893,0.839258115111142,3.49931426468109,6.78920607591677
"SPEI_12","Pacific Coast",0.682630205801231,"Upland","7","US-A03","SPEI_12__Pacific Coast",5.22631069536233,0.837257224615343,3.58528653511626,6.8673348556084
"SPEI_24","Pacific Coast",0.682630205801231,"Upland","7","US-A03","SPEI_24__Pacific Coast",5.21673864815072,0.837602088266947,3.5750385551475,6.85843874115393
"SPEI_36","Pacific Coast",0.682630205801231,"Upland","7","US-A03","SPEI_36__Pacific Coast",5.2265071718435,0.837253962752343,3.5854894048489,6.86752493883809
"SPEI_48","Pacific Coast",0.682630205801231,"Upland","7","US-A03","SPEI_48__Pacific Coast",5.22654089275011,0.83725603457425,3.58551906498458,6.86756272051564
"SPEI_1","Gulf Coast",0.682630205801231,"Upland","7","US-A03","SPEI_1__Gulf Coast",7.48520900068381,1.2713218778952,4.99341812000922,9.9769998813584
"SPEI_3","Gulf Coast",0.682630205801231,"Upland","7","US-A03","SPEI_3__Gulf Coast",6.15574884459769,1.28704492594916,3.63314078973734,8.67835689945803
"SPEI_6","Gulf Coast",0.682630205801231,"Upland","7","US-A03","SPEI_6__Gulf Coast",7.05516022945772,1.28004128328567,4.5462793142178,9.56404114469763
"SPEI_12","Gulf Coast",0.682630205801231,"Upland","7","US-A03","SPEI_12__Gulf Coast",6.52386005717505,1.30271283868217,3.970542893358,9.07717722099211
"SPEI_24","Gulf Coast",0.682630205801231,"Upland","7","US-A03","SPEI_24__Gulf Coast",7.47607987257093,1.28378521090757,4.9598608591921,9.99229888594977
"SPEI_36","Gulf Coast",0.682630205801231,"Upland","7","US-A03","SPEI_36__Gulf Coast",7.54200721972373,1.27049675869021,5.05183357269093,10.0321808667565
"SPEI_48","Gulf Coast",0.682630205801231,"Upland","7","US-A03","SPEI_48__Gulf Coast",7.86692380383838,1.26505517137142,5.3874156679504,10.3464319397264
"SPEI_1","AK Coast",0.682630205801231,"Upland","7","US-A03","SPEI_1__AK Coast",6.8743830347889,0.971432929785049,4.97037449241021,8.7783915771676
"SPEI_3","AK Coast",0.682630205801231,"Upland","7","US-A03","SPEI_3__AK Coast",6.94735624315421,0.97811556539102,5.03024973498781,8.86446275132061
"SPEI_6","AK Coast",0.682630205801231,"Upland","7","US-A03","SPEI_6__AK Coast",6.98238563378561,0.976577672583139,5.06829339552266,8.89647787204856
"SPEI_12","AK Coast",0.682630205801231,"Upland","7","US-A03","SPEI_12__AK Coast",6.93043740595657,0.971758706670879,5.02579034088164,8.83508447103149
"SPEI_24","AK Coast",0.682630205801231,"Upland","7","US-A03","SPEI_24__AK Coast",6.98912534073835,0.97525502450056,5.07762549271725,8.90062518875945
"SPEI_36","AK Coast",0.682630205801231,"Upland","7","US-A03","SPEI_36__AK Coast",6.88362480107724,0.971488515373634,4.97950731094491,8.78774229120956
"SPEI_48","AK Coast",0.682630205801231,"Upland","7","US-A03","SPEI_48__AK Coast",6.88533633044088,0.971418475387027,4.9813561186823,8.78931654219945
"SPEI_1","Atlantic Coast",0.716869617724942,"Upland","7","US-A03","SPEI_1__Atlantic Coast",4.41222507277028,0.657071698749419,3.12436454322142,5.70008560231914
"SPEI_3","Atlantic Coast",0.716869617724942,"Upland","7","US-A03","SPEI_3__Atlantic Coast",4.34419506536332,0.658704443123477,3.05313435684131,5.63525577388534
"SPEI_6","Atlantic Coast",0.716869617724942,"Upland","7","US-A03","SPEI_6__Atlantic Coast",4.36436322506092,0.658239676437693,3.07421345924305,5.6545129908788
"SPEI_12","Atlantic Coast",0.716869617724942,"Upland","7","US-A03","SPEI_12__Atlantic Coast",4.39346894490522,0.658001980313237,3.10378506349127,5.68315282631916
"SPEI_24","Atlantic Coast",0.716869617724942,"Upland","7","US-A03","SPEI_24__Atlantic Coast",4.3555976378606,0.658345930077998,3.06523961490772,5.64595566081347
"SPEI_36","Atlantic Coast",0.716869617724942,"Upland","7","US-A03","SPEI_36__Atlantic Coast",4.33194139209795,0.658456749491282,3.04136616309504,5.62251662110087
"SPEI_48","Atlantic Coast",0.716869617724942,"Upland","7","US-A03","SPEI_48__Atlantic Coast",4.32208936249712,0.65910815965797,3.0302373695675,5.61394135542674
"SPEI_1","Pacific Coast",0.716869617724942,"Upland","7","US-A03","SPEI_1__Pacific Coast",5.03209837881053,0.841488772817164,3.38278038408889,6.68141637353217
"SPEI_3","Pacific Coast",0.716869617724942,"Upland","7","US-A03","SPEI_3__Pacific Coast",5.15752511184016,0.839104809247047,3.51287968571595,6.80217053796437
"SPEI_6","Pacific Coast",0.716869617724942,"Upland","7","US-A03","SPEI_6__Pacific Coast",5.14252239003235,0.839331875919252,3.49743191323062,6.78761286683409
"SPEI_12","Pacific Coast",0.716869617724942,"Upland","7","US-A03","SPEI_12__Pacific Coast",5.22629663019335,0.837258099023068,3.58527075610813,6.86732250427856
"SPEI_24","Pacific Coast",0.716869617724942,"Upland","7","US-A03","SPEI_24__Pacific Coast",5.2160500034636,0.837617411368822,3.57431987718071,6.85778012974649
"SPEI_36","Pacific Coast",0.716869617724942,"Upland","7","US-A03","SPEI_36__Pacific Coast",5.22649988912278,0.837254599417902,3.5854808742637,6.86751890398187
"SPEI_48","Pacific Coast",0.716869617724942,"Upland","7","US-A03","SPEI_48__Pacific Coast",5.22653902571009,0.837257050686819,3.58551520636392,6.86756284505625
"SPEI_1","Gulf Coast",0.716869617724942,"Upland","7","US-A03","SPEI_1__Gulf Coast",7.46497436155776,1.27203243438302,4.97179079016704,9.95815793294849
"SPEI_3","Gulf Coast",0.716869617724942,"Upland","7","US-A03","SPEI_3__Gulf Coast",6.23140497294063,1.28763235250279,3.70764556203517,8.7551643838461
"SPEI_6","Gulf Coast",0.716869617724942,"Upland","7","US-A03","SPEI_6__Gulf Coast",7.04818220698369,1.28029104099198,4.53881176663942,9.55755264732797
"SPEI_12","Gulf Coast",0.716869617724942,"Upland","7","US-A03","SPEI_12__Gulf Coast",6.51673026318635,1.30333757260375,3.962188620883,9.0712719054897
"SPEI_24","Gulf Coast",0.716869617724942,"Upland","7","US-A03","SPEI_24__Gulf Coast",7.45165321027298,1.28262238528427,4.93771333511581,9.96559308543015
"SPEI_36","Gulf Coast",0.716869617724942,"Upland","7","US-A03","SPEI_36__Gulf Coast",7.52328037706311,1.27117504235383,5.03177729404961,10.0147834600766
"SPEI_48","Gulf Coast",0.716869617724942,"Upland","7","US-A03","SPEI_48__Gulf Coast",7.86693352055536,1.26506627047257,5.38740363042913,10.3464634106816
"SPEI_1","AK Coast",0.716869617724942,"Upland","7","US-A03","SPEI_1__AK Coast",6.87444031620566,0.971437620498441,4.97042258002871,8.7784580523826
"SPEI_3","AK Coast",0.716869617724942,"Upland","7","US-A03","SPEI_3__AK Coast",6.96289765661438,0.978246976228366,5.04553358320678,8.88026173002198
"SPEI_6","AK Coast",0.716869617724942,"Upland","7","US-A03","SPEI_6__AK Coast",6.9968037196276,0.97674136888059,5.08239063662164,8.91121680263356
"SPEI_12","AK Coast",0.716869617724942,"Upland","7","US-A03","SPEI_12__AK Coast",6.94073856156209,0.971917130296067,5.03578098618179,8.84569613694238
"SPEI_24","AK Coast",0.716869617724942,"Upland","7","US-A03","SPEI_24__AK Coast",6.99716859476222,0.97525893084091,5.08566109031403,8.9086760992104
"SPEI_36","AK Coast",0.716869617724942,"Upland","7","US-A03","SPEI_36__AK Coast",6.89496217814721,0.971502346951055,4.99081757812314,8.79910677817128
"SPEI_48","AK Coast",0.716869617724942,"Upland","7","US-A03","SPEI_48__AK Coast",6.89342681086084,0.971449620846707,4.9893855540013,8.79746806772039
"SPEI_1","Atlantic Coast",0.751109029648652,"Upland","7","US-A03","SPEI_1__Atlantic Coast",4.41220566116439,0.657073381122572,3.12434183416415,5.70006948816463
"SPEI_3","Atlantic Coast",0.751109029648652,"Upland","7","US-A03","SPEI_3__Atlantic Coast",4.34071678066805,0.658814087169419,3.04944116981599,5.63199239152011
"SPEI_6","Atlantic Coast",0.751109029648652,"Upland","7","US-A03","SPEI_6__Atlantic Coast",4.36218289273123,0.65834603871889,3.0718246568422,5.65254112862025
"SPEI_12","Atlantic Coast",0.751109029648652,"Upland","7","US-A03","SPEI_12__Atlantic Coast",4.39199948601309,0.658070800328576,3.10218071736908,5.6818182546571
"SPEI_24","Atlantic Coast",0.751109029648652,"Upland","7","US-A03","SPEI_24__Atlantic Coast",4.35300686998646,0.65846066725542,3.06242396216584,5.64358977780708
"SPEI_36","Atlantic Coast",0.751109029648652,"Upland","7","US-A03","SPEI_36__Atlantic Coast",4.32810952643621,0.658585342274849,3.03728225557751,5.61893679729491
"SPEI_48","Atlantic Coast",0.751109029648652,"Upland","7","US-A03","SPEI_48__Atlantic Coast",4.31453269376027,0.6592096584894,3.02248176312104,5.60658362439949
"SPEI_1","Pacific Coast",0.751109029648652,"Upland","7","US-A03","SPEI_1__Pacific Coast",5.03298810198332,0.841630483394689,3.38339235452973,6.68258384943691
"SPEI_3","Pacific Coast",0.751109029648652,"Upland","7","US-A03","SPEI_3__Pacific Coast",5.15602931284327,0.839201660870973,3.51119405753616,6.80086456815038
"SPEI_6","Pacific Coast",0.751109029648652,"Upland","7","US-A03","SPEI_6__Pacific Coast",5.14083072159238,0.839413217503043,3.49558081528642,6.78608062789835
"SPEI_12","Pacific Coast",0.751109029648652,"Upland","7","US-A03","SPEI_12__Pacific Coast",5.22628266305584,0.837259027473711,3.58525496920736,6.86731035690431
"SPEI_24","Pacific Coast",0.751109029648652,"Upland","7","US-A03","SPEI_24__Pacific Coast",5.21536888158706,0.837634278224261,3.5736056962675,6.85713206690661
"SPEI_36","Pacific Coast",0.751109029648652,"Upland","7","US-A03","SPEI_36__Pacific Coast",5.22649258020489,0.837255280307663,3.58547223080187,6.86751292960791
"SPEI_48","Pacific Coast",0.751109029648652,"Upland","7","US-A03","SPEI_48__Pacific Coast",5.2265371823223,0.837258133140549,3.58551124136682,6.86756312327778
"SPEI_1","Gulf Coast",0.751109029648652,"Upland","7","US-A03","SPEI_1__Gulf Coast",7.4447432988484,1.27278081871468,4.95009289416762,9.93939370352918
"SPEI_3","Gulf Coast",0.751109029648652,"Upland","7","US-A03","SPEI_3__Gulf Coast",6.31386714729834,1.28864335623583,3.78812616907612,8.83960812552057
"SPEI_6","Gulf Coast",0.751109029648652,"Upland","7","US-A03","SPEI_6__Gulf Coast",7.04312485260911,1.28060283509532,4.5331432958223,9.55310640939593
"SPEI_12","Gulf Coast",0.751109029648652,"Upland","7","US-A03","SPEI_12__Gulf Coast",6.51318785576944,1.30381135656608,3.95771759689993,9.06865811463896
"SPEI_24","Gulf Coast",0.751109029648652,"Upland","7","US-A03","SPEI_24__Gulf Coast",7.42677991336108,1.2815118501076,4.91501668715017,9.93854313957198
"SPEI_36","Gulf Coast",0.751109029648652,"Upland","7","US-A03","SPEI_36__Gulf Coast",7.50455434375871,1.27189385283504,5.01164239220203,9.99746629531539
"SPEI_48","Gulf Coast",0.751109029648652,"Upland","7","US-A03","SPEI_48__Gulf Coast",7.86694319355112,1.26507794212017,5.38739042699559,10.3464959601067
"SPEI_1","AK Coast",0.751109029648652,"Upland","7","US-A03","SPEI_1__AK Coast",6.87449667815679,0.971442738036049,4.97046891160613,8.77852444470744
"SPEI_3","AK Coast",0.751109029648652,"Upland","7","US-A03","SPEI_3__AK Coast",6.97848690159782,0.978395502164264,5.06083171735586,8.89614208583978
"SPEI_6","AK Coast",0.751109029648652,"Upland","7","US-A03","SPEI_6__AK Coast",7.01128966745108,0.976924019404893,5.09651858941749,8.92606074548467
"SPEI_12","AK Coast",0.751109029648652,"Upland","7","US-A03","SPEI_12__AK Coast",6.95103859994739,0.972105947055601,5.04571094371841,8.85636625617636
"SPEI_24","AK Coast",0.751109029648652,"Upland","7","US-A03","SPEI_24__AK Coast",7.00475806807783,0.975286155715192,5.09319720287605,8.9163189332796
"SPEI_36","AK Coast",0.751109029648652,"Upland","7","US-A03","SPEI_36__AK Coast",6.90629425816853,0.97154614396691,5.00206381599338,8.81052470034367
"SPEI_48","AK Coast",0.751109029648652,"Upland","7","US-A03","SPEI_48__AK Coast",6.90151687286637,0.971504136680019,4.99736876497354,8.80566498075921
"SPEI_1","Atlantic Coast",0.785348441572363,"Upland","7","US-A03","SPEI_1__Atlantic Coast",4.41218633252884,0.657075140476186,3.12431905719552,5.70005360786217
"SPEI_3","Atlantic Coast",0.785348441572363,"Upland","7","US-A03","SPEI_3__Atlantic Coast",4.33725535727368,0.658931270487008,3.04575006711914,5.62876064742821
"SPEI_6","Atlantic Coast",0.785348441572363,"Upland","7","US-A03","SPEI_6__Atlantic Coast",4.36000261451393,0.658456984456978,3.06942692497825,5.6505783040496
"SPEI_12","Atlantic Coast",0.785348441572363,"Upland","7","US-A03","SPEI_12__Atlantic Coast",4.39052031991802,0.658143226958997,3.10055959507839,5.68048104475766
"SPEI_24","Atlantic Coast",0.785348441572363,"Upland","7","US-A03","SPEI_24__Atlantic Coast",4.35041607870927,0.658580286286528,3.05959871758767,5.64123343983086
"SPEI_36","Atlantic Coast",0.785348441572363,"Upland","7","US-A03","SPEI_36__Atlantic Coast",4.32427777160102,0.658719658655635,3.03318724063598,5.61536830256607
"SPEI_48","Atlantic Coast",0.785348441572363,"Upland","7","US-A03","SPEI_48__Atlantic Coast",4.30690242747572,0.659322286491088,3.01463074595319,5.59917410899825
"SPEI_1","Pacific Coast",0.785348441572363,"Upland","7","US-A03","SPEI_1__Pacific Coast",5.03426009167128,0.84178397472917,3.38436350120211,6.68415668214045
"SPEI_3","Pacific Coast",0.785348441572363,"Upland","7","US-A03","SPEI_3__Pacific Coast",5.15461109673181,0.839304920665757,3.50957345222692,6.79964874123669
"SPEI_6","Pacific Coast",0.785348441572363,"Upland","7","US-A03","SPEI_6__Pacific Coast",5.1391865015989,0.83950264643608,3.49376131458418,6.78461168861362
"SPEI_12","Pacific Coast",0.785348441572363,"Upland","7","US-A03","SPEI_12__Pacific Coast",5.22626880256367,0.837260009659215,3.58523918363161,6.86729842149573
"SPEI_24","Pacific Coast",0.785348441572363,"Upland","7","US-A03","SPEI_24__Pacific Coast",5.2146960097111,0.837652698126632,3.5728967213829,6.8564952980393
"SPEI_36","Pacific Coast",0.785348441572363,"Upland","7","US-A03","SPEI_36__Pacific Coast",5.22648525214884,0.837256005123089,3.58546348210759,6.8675070221901
"SPEI_48","Pacific Coast",0.785348441572363,"Upland","7","US-A03","SPEI_48__Pacific Coast",5.2265353643187,0.837259281598544,3.58550717238556,6.86756355625185
"SPEI_1","Gulf Coast",0.785348441572363,"Upland","7","US-A03","SPEI_1__Gulf Coast",7.4245157721049,1.27356702026745,4.9283244123807,9.9207071318291
"SPEI_3","Gulf Coast",0.785348441572363,"Upland","7","US-A03","SPEI_3__Gulf Coast",6.40253934600465,1.29011190833919,3.87392000565983,8.93115868634946
"SPEI_6","Gulf Coast",0.785348441572363,"Upland","7","US-A03","SPEI_6__Gulf Coast",7.03991021359392,1.28099530522698,4.52915941534905,9.55066101183879
"SPEI_12","Gulf Coast",0.785348441572363,"Upland","7","US-A03","SPEI_12__Gulf Coast",6.51310227482884,1.30413740812356,3.95699295490665,9.06921159475102
"SPEI_24","Gulf Coast",0.785348441572363,"Upland","7","US-A03","SPEI_24__Gulf Coast",7.40157276435914,1.28049169595945,4.89180904027862,9.91133648843965
"SPEI_36","Gulf Coast",0.785348441572363,"Upland","7","US-A03","SPEI_36__Gulf Coast",7.48582947057633,1.27265327340264,4.99142905470716,9.9802298864455
"SPEI_48","Gulf Coast",0.785348441572363,"Upland","7","US-A03","SPEI_48__Gulf Coast",7.86695281607102,1.26509018067771,5.3873760619427,10.3465295701993
"SPEI_1","AK Coast",0.785348441572363,"Upland","7","US-A03","SPEI_1__AK Coast",6.87455200875506,0.971448280096393,4.97051337976613,8.77859063774399
"SPEI_3","AK Coast",0.785348441572363,"Upland","7","US-A03","SPEI_3__AK Coast",6.99413418102019,0.978562996680627,5.07615070752617,8.91211765451422
"SPEI_6","AK Coast",0.785348441572363,"Upland","7","US-A03","SPEI_6__AK Coast",7.02583994022819,0.977127028485521,5.11067096439657,8.94100891605981
"SPEI_12","AK Coast",0.785348441572363,"Upland","7","US-A03","SPEI_12__AK Coast",6.9613373657685,0.972325160897294,5.0555800504098,8.86709468112719
"SPEI_24","AK Coast",0.785348441572363,"Upland","7","US-A03","SPEI_24__AK Coast",7.01188694973022,0.975338221643989,5.10022403530801,8.92354986415244
"SPEI_36","AK Coast",0.785348441572363,"Upland","7","US-A03","SPEI_36__AK Coast",6.91762090295456,0.971619922242298,5.01324585535965,8.82199595054946
"SPEI_48","AK Coast",0.785348441572363,"Upland","7","US-A03","SPEI_48__AK Coast",6.90960652801221,0.971582024367411,5.00530576025209,8.81390729577234
"SPEI_1","Atlantic Coast",0.819587853496074,"Upland","7","US-A03","SPEI_1__Atlantic Coast",4.41216709898651,0.657076975848351,3.12429622632374,5.70003797164928
"SPEI_3","Atlantic Coast",0.819587853496074,"Upland","7","US-A03","SPEI_3__Atlantic Coast",4.33381536038863,0.659056209377547,3.04206519000864,5.62556553076863
"SPEI_6","Atlantic Coast",0.819587853496074,"Upland","7","US-A03","SPEI_6__Atlantic Coast",4.35782241115957,0.658572513161082,3.06702028536385,5.64862453695529
"SPEI_12","Atlantic Coast",0.819587853496074,"Upland","7","US-A03","SPEI_12__Atlantic Coast",4.38903335855634,0.658219253863568,3.09892362098375,5.67914309612893
"SPEI_24","Atlantic Coast",0.819587853496074,"Upland","7","US-A03","SPEI_24__Atlantic Coast",4.3478252948058,0.658704786188731,3.05676391387589,5.63888667573571
"SPEI_36","Atlantic Coast",0.819587853496074,"Upland","7","US-A03","SPEI_36__Atlantic Coast",4.32044618311059,0.658859703118681,3.02908116499798,5.61181120122321
"SPEI_48","Atlantic Coast",0.819587853496074,"Upland","7","US-A03","SPEI_48__Atlantic Coast",4.29920541240052,0.659446842494039,3.0066896011122,5.59172122368883
"SPEI_1","Pacific Coast",0.819587853496074,"Upland","7","US-A03","SPEI_1__Pacific Coast",5.03590838072109,0.841950647293381,3.38568511202607,6.68613164941612
"SPEI_3","Pacific Coast",0.819587853496074,"Upland","7","US-A03","SPEI_3__Pacific Coast",5.15327258399311,0.839414704145053,3.50801976386881,6.79852540411741
"SPEI_6","Pacific Coast",0.819587853496074,"Upland","7","US-A03","SPEI_6__Pacific Coast",5.13759129814085,0.839600655995535,3.4919740123896,6.7832085838921
"SPEI_12","Pacific Coast",0.819587853496074,"Upland","7","US-A03","SPEI_12__Pacific Coast",5.22625505746265,0.837261045123309,3.58522340902096,6.86728670590433
"SPEI_24","Pacific Coast",0.819587853496074,"Upland","7","US-A03","SPEI_24__Pacific Coast",5.21403211824462,0.837672671963798,3.57219368119558,6.85587055529366
"SPEI_36","Pacific Coast",0.819587853496074,"Upland","7","US-A03","SPEI_36__Pacific Coast",5.22647791213719,0.83725677341092,3.58545463625179,6.86750118802259
"SPEI_48","Pacific Coast",0.819587853496074,"Upland","7","US-A03","SPEI_48__Pacific Coast",5.2265335733846,0.837260495574805,3.58550300205799,6.86756414471122
"SPEI_1","Gulf Coast",0.819587853496074,"Upland","7","US-A03","SPEI_1__Gulf Coast",7.4042917309267,1.27439102391578,4.90648532405177,9.90209813780163
"SPEI_3","Gulf Coast",0.819587853496074,"Upland","7","US-A03","SPEI_3__Gulf Coast",6.49681767162639,1.29205390452514,3.96439201875712,9.02924332449567
"SPEI_6","Gulf Coast",0.819587853496074,"Upland","7","US-A03","SPEI_6__Gulf Coast",7.03845592030241,1.28148774935697,4.52673993156275,9.55017190904206
"SPEI_12","Gulf Coast",0.819587853496074,"Upland","7","US-A03","SPEI_12__Gulf Coast",6.51633033273002,1.30432120593214,3.95986076910301,9.07279989635702
"SPEI_24","Gulf Coast",0.819587853496074,"Upland","7","US-A03","SPEI_24__Gulf Coast",7.37615320745267,1.2796012233432,4.86813480970001,9.88417160520533
"SPEI_36","Gulf Coast",0.819587853496074,"Upland","7","US-A03","SPEI_36__Gulf Coast",7.46710612853017,1.27345338025508,4.97113750323021,9.96307475383014
"SPEI_48","Gulf Coast",0.819587853496074,"Upland","7","US-A03","SPEI_48__Gulf Coast",7.86696237932594,1.26510297897776,5.38736054052952,10.3465642181224
"SPEI_1","AK Coast",0.819587853496074,"Upland","7","US-A03","SPEI_1__AK Coast",6.87460619472756,0.971454242586748,4.97055587925753,8.77865651019759
"SPEI_3","AK Coast",0.819587853496074,"Upland","7","US-A03","SPEI_3__AK Coast",7.00985092351275,0.978751221121942,5.09149853011374,8.92820331691175
"SPEI_6","AK Coast",0.819587853496074,"Upland","7","US-A03","SPEI_6__AK Coast",7.040451025244,0.97735177968429,5.12484153706279,8.9560605134252
"SPEI_12","AK Coast",0.819587853496074,"Upland","7","US-A03","SPEI_12__AK Coast",6.97163470396611,0.97257477258995,5.0653881496898,8.87788125824241
"SPEI_24","AK Coast",0.819587853496074,"Upland","7","US-A03","SPEI_24__AK Coast",7.01854919198111,0.975416628438118,5.1067326002424,8.93036578371982
"SPEI_36","AK Coast",0.819587853496074,"Upland","7","US-A03","SPEI_36__AK Coast",6.92894197652721,0.971723695141717,5.02436353404945,8.83352041900497
"SPEI_48","AK Coast",0.819587853496074,"Upland","7","US-A03","SPEI_48__AK Coast",6.91769578579669,0.971683283457837,5.01319655021932,8.82219502137405
"SPEI_1","Atlantic Coast",0.853827265419785,"Upland","7","US-A03","SPEI_1__Atlantic Coast",4.41214797274855,0.657078886055903,3.12427335607899,5.70002258941812
"SPEI_3","Atlantic Coast",0.853827265419785,"Upland","7","US-A03","SPEI_3__Atlantic Coast",4.33040144167195,0.659189080218653,3.03839084444339,5.62241203890051
"SPEI_6","Atlantic Coast",0.853827265419785,"Upland","7","US-A03","SPEI_6__Atlantic Coast",4.35564230378055,0.658692623977344,3.06460476078495,5.64667984677614
"SPEI_12","Atlantic Coast",0.853827265419785,"Upland","7","US-A03","SPEI_12__Atlantic Coast",4.38754054680597,0.658298856067401,3.09727478891387,5.67780630469808
"SPEI_24","Atlantic Coast",0.853827265419785,"Upland","7","US-A03","SPEI_24__Atlantic Coast",4.34523454932369,0.658834165697731,3.05391958455614,5.63654951409124
"SPEI_36","Atlantic Coast",0.853827265419785,"Upland","7","US-A03","SPEI_36__Atlantic Coast",4.31661481680368,0.65900547963656,3.02496407671603,5.60826555689134
"SPEI_48","Atlantic Coast",0.853827265419785,"Upland","7","US-A03","SPEI_48__Atlantic Coast",4.29144857127804,0.659584103999826,2.99866372743838,5.5842334151177
"SPEI_1","Pacific Coast",0.853827265419785,"Upland","7","US-A03","SPEI_1__Pacific Coast",5.03792660848612,0.842131824594212,3.38734823228147,6.68850498469078
"SPEI_3","Pacific Coast",0.853827265419785,"Upland","7","US-A03","SPEI_3__Pacific Coast",5.15201588168237,0.83953108879668,3.50653494764088,6.79749681572387
"SPEI_6","Pacific Coast",0.853827265419785,"Upland","7","US-A03","SPEI_6__Pacific Coast",5.13604681450074,0.839707715143743,3.49021969281901,6.78187393618248
"SPEI_12","Pacific Coast",0.853827265419785,"Upland","7","US-A03","SPEI_12__Pacific Coast",5.2262414365279,0.83726213325119,3.58520765535557,6.86727521770023
"SPEI_24","Pacific Coast",0.853827265419785,"Upland","7","US-A03","SPEI_24__Pacific Coast",5.21337793516816,0.837694191307976,3.57149732020453,6.85525855013179
"SPEI_36","Pacific Coast",0.853827265419785,"Upland","7","US-A03","SPEI_36__Pacific Coast",5.22647056739993,0.837257584552598,3.58544570167684,6.86749543312302
"SPEI_48","Pacific Coast",0.853827265419785,"Upland","7","US-A03","SPEI_48__Pacific Coast",5.22653181116409,0.837261774423492,3.58549873329404,6.86756488903413
"SPEI_1","Gulf Coast",0.853827265419785,"Upland","7","US-A03","SPEI_1__Gulf Coast",7.38407111831681,1.27525280949864,4.88457561169947,9.88356662493415
"SPEI_3","Gulf Coast",0.853827265419785,"Upland","7","US-A03","SPEI_3__Gulf Coast",6.59609550010601,1.2944656212433,4.05894288246915,9.13324811774287
"SPEI_6","Gulf Coast",0.853827265419785,"Upland","7","US-A03","SPEI_6__Gulf Coast",7.03867694567687,1.28209956170329,4.52576180473842,9.55159208661531
"SPEI_12","Gulf Coast",0.853827265419785,"Upland","7","US-A03","SPEI_12__Gulf Coast",6.52272099751893,1.30436975052622,3.96615628648754,9.07928570855032
"SPEI_24","Gulf Coast",0.853827265419785,"Upland","7","US-A03","SPEI_24__Gulf Coast",7.35064770419947,1.2788800917112,4.84404272444552,9.85725268395342
"SPEI_36","Gulf Coast",0.853827265419785,"Upland","7","US-A03","SPEI_36__Gulf Coast",7.44838469971989,1.27429424125358,4.95076798686288,9.9460014125769
"SPEI_48","Gulf Coast",0.853827265419785,"Upland","7","US-A03","SPEI_48__Gulf Coast",7.86697187326699,1.26511632827399,5.38734386984997,10.346599876684
"SPEI_1","AK Coast",0.853827265419785,"Upland","7","US-A03","SPEI_1__AK Coast",6.87465912259559,0.971460619479552,4.97059630841567,8.77872193677551
"SPEI_3","AK Coast",0.853827265419785,"Upland","7","US-A03","SPEI_3__AK Coast",7.02564928042787,0.978961761375454,5.10688422813198,8.94441433272376
"SPEI_6","AK Coast",0.853827265419785,"Upland","7","US-A03","SPEI_6__AK Coast",7.05511943208115,0.977599583867893,5.13902424770008,8.97121461646222
"SPEI_12","AK Coast",0.853827265419785,"Upland","7","US-A03","SPEI_12__AK Coast",6.98193046057333,0.972854779052969,5.07513509362951,8.88872582751715
"SPEI_24","AK Coast",0.853827265419785,"Upland","7","US-A03","SPEI_24__AK Coast",7.02473932479332,0.975522765225119,5.11271470495209,8.93676394463455
"SPEI_36","AK Coast",0.853827265419785,"Upland","7","US-A03","SPEI_36__AK Coast",6.94025734566106,0.971857472067566,5.03541670040863,8.84509799091349
"SPEI_48","AK Coast",0.853827265419785,"Upland","7","US-A03","SPEI_48__AK Coast",6.92578465438935,0.971807911273459,5.02104114829337,8.83052816048533
"SPEI_1","Atlantic Coast",0.888066677343495,"Upland","7","US-A03","SPEI_1__Atlantic Coast",4.41212896599414,0.65708086970546,3.12425046137144,5.70000747061684
"SPEI_3","Atlantic Coast",0.888066677343495,"Upland","7","US-A03","SPEI_3__Atlantic Coast",4.32701830523745,0.659330017736398,3.03473147047411,5.61930514000079
"SPEI_6","Atlantic Coast",0.888066677343495,"Upland","7","US-A03","SPEI_6__Atlantic Coast",4.35346231369883,0.658817315695645,3.06218037493537,5.6447442524623
"SPEI_12","Atlantic Coast",0.888066677343495,"Upland","7","US-A03","SPEI_12__Atlantic Coast",4.3860438519439,0.658381990323282,3.09561515091026,5.67647255297753
"SPEI_24","Atlantic Coast",0.888066677343495,"Upland","7","US-A03","SPEI_24__Atlantic Coast",4.34264387333896,0.658968423272682,3.05106576372451,5.63422198295342
"SPEI_36","Atlantic Coast",0.888066677343495,"Upland","7","US-A03","SPEI_36__Atlantic Coast",4.3127837283441,0.659156991667987,3.02083602467485,5.60473143201335
"SPEI_48","Atlantic Coast",0.888066677343495,"Upland","7","US-A03","SPEI_48__Atlantic Coast",4.2836388659312,0.65973482400836,2.99055861087482,5.57671912098759
"SPEI_1","Pacific Coast",0.888066677343495,"Upland","7","US-A03","SPEI_1__Pacific Coast",5.04030792454346,0.842328737972293,3.38934359811776,6.69127225096915
"SPEI_3","Pacific Coast",0.888066677343495,"Upland","7","US-A03","SPEI_3__Pacific Coast",5.15084304232319,0.839654113654326,3.50512097956071,6.79656510508567
"SPEI_6","Pacific Coast",0.888066677343495,"Upland","7","US-A03","SPEI_6__Pacific Coast",5.13455488187406,0.839824266628513,3.48849931928218,6.78061044446595
"SPEI_12","Pacific Coast",0.888066677343495,"Upland","7","US-A03","SPEI_12__Pacific Coast",5.22622794846005,0.83726327327634,3.58519193283843,6.86726396408168
"SPEI_24","Pacific Coast",0.888066677343495,"Upland","7","US-A03","SPEI_24__Pacific Coast",5.21273417687752,0.837717238575137,3.57080838927025,6.85465996448479
"SPEI_36","Pacific Coast",0.888066677343495,"Upland","7","US-A03","SPEI_36__Pacific Coast",5.22646322515945,0.837258437770544,3.58543668712918,6.86748976318971
"SPEI_48","Pacific Coast",0.888066677343495,"Upland","7","US-A03","SPEI_48__Pacific Coast",5.22653007923211,0.837263117345346,3.58549436923523,6.86756578922898
"SPEI_1","Gulf Coast",0.888066677343495,"Upland","7","US-A03","SPEI_1__Gulf Coast",7.36385386932208,1.27615235171748,4.86259525995582,9.86511247868834
"SPEI_3","Gulf Coast",0.888066677343495,"Upland","7","US-A03","SPEI_3__Gulf Coast",6.69976736976411,1.2973243766511,4.15701159152795,9.24252314800028
"SPEI_6","Gulf Coast",0.888066677343495,"Upland","7","US-A03","SPEI_6__Gulf Coast",7.04048554711477,1.28285004308889,4.52609946266055,9.55487163156898
"SPEI_12","Gulf Coast",0.888066677343495,"Upland","7","US-A03","SPEI_12__Gulf Coast",6.53211475577046,1.30429180948009,3.97570280918949,9.08852670235144
"SPEI_24","Gulf Coast",0.888066677343495,"Upland","7","US-A03","SPEI_24__Gulf Coast",7.3251873958628,1.27836785354782,4.81958640290907,9.83078838881653
"SPEI_36","Gulf Coast",0.888066677343495,"Upland","7","US-A03","SPEI_36__Gulf Coast",7.42966557517195,1.27517591541033,4.9303207809677,9.9290103693762
"SPEI_48","Gulf Coast",0.888066677343495,"Upland","7","US-A03","SPEI_48__Gulf Coast",7.86698128649928,1.26513021830824,5.38732605861514,10.3466365143834
"SPEI_1","AK Coast",0.888066677343495,"Upland","7","US-A03","SPEI_1__AK Coast",6.87471067996863,0.971467402866726,4.97063457034985,8.77878678958741
"SPEI_3","AK Coast",0.888066677343495,"Upland","7","US-A03","SPEI_3__AK Coast",7.04154210516539,0.979196019761708,5.12231790643244,8.96076630389834
"SPEI_6","AK Coast",0.888066677343495,"Upland","7","US-A03","SPEI_6__AK Coast",7.06984171009572,0.97787167626545,5.15321322461544,8.986470195576
"SPEI_12","AK Coast",0.888066677343495,"Upland","7","US-A03","SPEI_12__AK Coast",6.99222448463716,0.97316517330982,5.08482074494991,8.89962822432441
"SPEI_24","AK Coast",0.888066677343495,"Upland","7","US-A03","SPEI_24__AK Coast",7.03045271034453,0.97565788880729,5.11816324828224,8.94274217240682
"SPEI_36","AK Coast",0.888066677343495,"Upland","7","US-A03","SPEI_36__AK Coast",6.95156688290126,0.972021258479981,5.04640521628049,8.85672854952202
"SPEI_48","AK Coast",0.888066677343495,"Upland","7","US-A03","SPEI_48__AK Coast",6.93387314044215,0.971955902924485,5.02883957071016,8.83890671017414
"SPEI_1","Atlantic Coast",0.922306089267206,"Upland","7","US-A03","SPEI_1__Atlantic Coast",4.4121100907181,0.657082925219216,3.12422755728844,5.69999262414777
"SPEI_3","Atlantic Coast",0.922306089267206,"Upland","7","US-A03","SPEI_3__Atlantic Coast",4.32367067243983,0.659479116643324,3.03109160381892,5.61624974106075
"SPEI_6","Atlantic Coast",0.922306089267206,"Upland","7","US-A03","SPEI_6__Atlantic Coast",4.3512824622843,0.658946586781682,3.0597471521922,5.6428177723764
"SPEI_12","Atlantic Coast",0.922306089267206,"Upland","7","US-A03","SPEI_12__Atlantic Coast",4.38454525361696,0.658468596842256,3.09394680380613,5.67514370342778
"SPEI_24","Atlantic Coast",0.922306089267206,"Upland","7","US-A03","SPEI_24__Atlantic Coast",4.34005329766387,0.659107557120953,3.0482024857068,5.63190410962094
"SPEI_36","Atlantic Coast",0.922306089267206,"Upland","7","US-A03","SPEI_36__Atlantic Coast",4.30895297258919,0.659314242209743,3.0166970578581,5.60120888732029
"SPEI_48","Atlantic Coast",0.922306089267206,"Upland","7","US-A03","SPEI_48__Atlantic Coast",4.27578326024416,0.659899732110278,2.98237978530801,5.5691867351803
"SPEI_1","Pacific Coast",0.922306089267206,"Upland","7","US-A03","SPEI_1__Pacific Coast",5.04304480525882,0.84254252640137,3.39166145351213,6.6944281570055
"SPEI_3","Pacific Coast",0.922306089267206,"Upland","7","US-A03","SPEI_3__Pacific Coast",5.14975600611827,0.839783782250496,3.50377979290729,6.79573221932924
"SPEI_6","Pacific Coast",0.922306089267206,"Upland","7","US-A03","SPEI_6__Pacific Coast",5.13311746666483,0.839950728696752,3.4868140384192,6.77942089491047
"SPEI_12","Pacific Coast",0.922306089267206,"Upland","7","US-A03","SPEI_12__Pacific Coast",5.22621460174784,0.837264464298059,3.58517625172365,6.86725295177204
"SPEI_24","Pacific Coast",0.922306089267206,"Upland","7","US-A03","SPEI_24__Pacific Coast",5.21210153540126,0.837741787802291,3.57012763130877,6.85407543949375
"SPEI_36","Pacific Coast",0.922306089267206,"Upland","7","US-A03","SPEI_36__Pacific Coast",5.22645589256219,0.837259332145071,3.58542760155785,6.86748418356653
"SPEI_48","Pacific Coast",0.922306089267206,"Upland","7","US-A03","SPEI_48__Pacific Coast",5.22652837905128,0.837264523404737,3.585489913178,6.86756684492457
"SPEI_1","Gulf Coast",0.922306089267206,"Upland","7","US-A03","SPEI_1__Gulf Coast",7.34363990832418,1.27708962022001,4.84054425269296,9.84673556395539
"SPEI_3","Gulf Coast",0.922306089267206,"Upland","7","US-A03","SPEI_3__Gulf Coast",6.80723368283116,1.30059061118754,4.25807608490358,9.35639128075873
"SPEI_6","Gulf Coast",0.922306089267206,"Upland","7","US-A03","SPEI_6__Gulf Coast",7.04379082126943,1.28375830815226,4.52762453729099,9.55995710524786
"SPEI_12","Gulf Coast",0.922306089267206,"Upland","7","US-A03","SPEI_12__Gulf Coast",6.54434170695472,1.30409847907025,3.98830868797703,9.10037472593242
"SPEI_24","Gulf Coast",0.922306089267206,"Upland","7","US-A03","SPEI_24__Gulf Coast",7.29990830018121,1.27810353756982,4.79482536654437,9.80499123381805
"SPEI_36","Gulf Coast",0.922306089267206,"Upland","7","US-A03","SPEI_36__Gulf Coast",7.41094915333866,1.27609845268525,4.90979618607557,9.91210212060174
"SPEI_48","Gulf Coast",0.922306089267206,"Upland","7","US-A03","SPEI_48__Gulf Coast",7.86699060600437,1.26514463747072,5.38730711656176,10.346674095447
"SPEI_1","AK Coast",0.922306089267206,"Upland","7","US-A03","SPEI_1__AK Coast",6.87476075726536,0.971474583133307,4.97067057432407,8.77885094020664
"SPEI_3","AK Coast",0.922306089267206,"Upland","7","US-A03","SPEI_3__AK Coast",7.05754301998376,0.979455237872087,5.13781075375447,8.97727528621305
"SPEI_6","AK Coast",0.922306089267206,"Upland","7","US-A03","SPEI_6__AK Coast",7.08461447616233,0.97816923296473,5.16740277955146,9.0018261727732
"SPEI_12","AK Coast",0.922306089267206,"Upland","7","US-A03","SPEI_12__AK Coast",7.00251663096135,0.973505944696437,5.09444497935634,8.91058828256637
"SPEI_24","AK Coast",0.922306089267206,"Upland","7","US-A03","SPEI_24__AK Coast",7.0356859641284,0.975823127749763,5.12307263373887,8.94829929451794
"SPEI_36","AK Coast",0.922306089267206,"Upland","7","US-A03","SPEI_36__AK Coast",6.96287047103461,0.972215056545012,5.05732896020639,8.86841198186283
"SPEI_48","AK Coast",0.922306089267206,"Upland","7","US-A03","SPEI_48__AK Coast",6.94196124867568,0.972127251455755,5.03659183582241,8.84733066152896
"SPEI_1","Atlantic Coast",0.956545501190917,"Upland","7","US-A03","SPEI_1__Atlantic Coast",4.41209135856904,0.657085050855719,3.12420465889183,5.69997805824624
"SPEI_3","Atlantic Coast",0.956545501190917,"Upland","7","US-A03","SPEI_3__Atlantic Coast",4.32036321527558,0.659636430665641,3.02747581117092,5.61325061938023
"SPEI_6","Atlantic Coast",0.956545501190917,"Upland","7","US-A03","SPEI_6__Atlantic Coast",4.34910277066365,0.659080435393547,3.0573051172923,5.640900424035
"SPEI_12","Atlantic Coast",0.956545501190917,"Upland","7","US-A03","SPEI_12__Atlantic Coast",4.38304672131977,0.658558600341324,3.09227186465078,5.67382157798877
"SPEI_24","Atlantic Coast",0.956545501190917,"Upland","7","US-A03","SPEI_24__Atlantic Coast",4.33746285249461,0.659251565208452,3.04532978468605,5.62959592030318
"SPEI_36","Atlantic Coast",0.956545501190917,"Upland","7","US-A03","SPEI_36__Atlantic Coast",4.30512260293987,0.659477233802223,3.01254722468751,5.59769798119222
"SPEI_48","Atlantic Coast",0.956545501190917,"Upland","7","US-A03","SPEI_48__Atlantic Coast",4.26788865872559,0.660079530751881,2.97413277845191,5.56164453899928
"SPEI_1","Pacific Coast",0.956545501190917,"Upland","7","US-A03","SPEI_1__Pacific Coast",5.04612907668382,0.842774215529962,3.39429161424509,6.69796653912254
"SPEI_3","Pacific Coast",0.956545501190917,"Upland","7","US-A03","SPEI_3__Pacific Coast",5.14875656000235,0.839920062975629,3.50251323657012,6.79499988343459
"SPEI_6","Pacific Coast",0.956545501190917,"Upland","7","US-A03","SPEI_6__Pacific Coast",5.13173661672295,0.84008749295947,3.48516513052239,6.77830810292351
"SPEI_12","Pacific Coast",0.956545501190917,"Upland","7","US-A03","SPEI_12__Pacific Coast",5.2262014045444,0.837265705294288,3.5851606221676,6.8672421869212
"SPEI_24","Pacific Coast",0.956545501190917,"Upland","7","US-A03","SPEI_24__Pacific Coast",5.21148066912107,0.8377678051409,3.5694557710449,6.85350556719723
"SPEI_36","Pacific Coast",0.956545501190917,"Upland","7","US-A03","SPEI_36__Pacific Coast",5.22644857660306,0.837260266627192,3.58541845401376,6.86747869919236
"SPEI_48","Pacific Coast",0.956545501190917,"Upland","7","US-A03","SPEI_48__Pacific Coast",5.22652671195521,0.837265991542109,3.58548536853267,6.86756805537774
"SPEI_1","Gulf Coast",0.956545501190917,"Upland","7","US-A03","SPEI_1__Gulf Coast",7.32342914974051,1.27806457957415,4.81842257377518,9.82843572570583
"SPEI_3","Gulf Coast",0.956545501190917,"Upland","7","US-A03","SPEI_3__Gulf Coast",6.91790543602142,1.30421085748597,4.36165215534893,9.47415871669392
"SPEI_6","Gulf Coast",0.956545501190917,"Upland","7","US-A03","SPEI_6__Gulf Coast",7.04849948624785,1.28484300877594,4.53020718904701,9.56679178344869
"SPEI_12","Gulf Coast",0.956545501190917,"Upland","7","US-A03","SPEI_12__Gulf Coast",6.55922344111156,1.30380314867955,4.00376926969964,9.11467761252347
"SPEI_24","Gulf Coast",0.956545501190917,"Upland","7","US-A03","SPEI_24__Gulf Coast",7.27494927540361,1.27812503561562,4.76982420559699,9.78007434521023
"SPEI_36","Gulf Coast",0.956545501190917,"Upland","7","US-A03","SPEI_36__Gulf Coast",7.3922358340195,1.27706189372348,4.88919452232148,9.89527714571752
"SPEI_48","Gulf Coast",0.956545501190917,"Upland","7","US-A03","SPEI_48__Gulf Coast",7.86699981747205,1.26515957294823,5.38728705449352,10.3467125804506
"SPEI_1","AK Coast",0.956545501190917,"Upland","7","US-A03","SPEI_1__AK Coast",6.87480924918053,0.971482149084949,4.97070423697403,8.77891426138703
"SPEI_3","AK Coast",0.956545501190917,"Upland","7","US-A03","SPEI_3__AK Coast",7.07366615440428,0.979740488284296,5.15337479736705,8.9939575114415
"SPEI_6","AK Coast",0.956545501190917,"Upland","7","US-A03","SPEI_6__AK Coast",7.09943442862166,0.978493364920784,5.18158743337693,9.0172814238664
"SPEI_12","AK Coast",0.956545501190917,"Upland","7","US-A03","SPEI_12__AK Coast",7.01280676182986,0.973877078833828,5.10400768731556,8.92160583634417
"SPEI_24","AK Coast",0.956545501190917,"Upland","7","US-A03","SPEI_24__AK Coast",7.04043704168775,0.976019459154869,5.12743890174421,8.9534351816313
"SPEI_36","AK Coast",0.956545501190917,"Upland","7","US-A03","SPEI_36__AK Coast",6.97416800550392,0.972438865123573,5.06818782986171,8.88014818114612
"SPEI_48","AK Coast",0.956545501190917,"Upland","7","US-A03","SPEI_48__AK Coast",6.9500489821451,0.972321947863144,5.04429796433334,8.85579999995686
"SPEI_1","Atlantic Coast",0.990784913114627,"Upland","7","US-A03","SPEI_1__Atlantic Coast",4.41207278065028,0.657087244743927,3.12418178095219,5.69996378034838
"SPEI_3","Atlantic Coast",0.990784913114627,"Upland","7","US-A03","SPEI_3__Atlantic Coast",4.31710047692772,0.659801974458956,3.02388860698816,5.61031234686727
"SPEI_6","Atlantic Coast",0.990784913114627,"Upland","7","US-A03","SPEI_6__Atlantic Coast",4.34692325937189,0.659218859419695,3.05485429490929,5.63899222383449
"SPEI_12","Atlantic Coast",0.990784913114627,"Upland","7","US-A03","SPEI_12__Atlantic Coast",4.38155018775901,0.658651912306406,3.09059243963846,5.67250793587957
"SPEI_24","Atlantic Coast",0.990784913114627,"Upland","7","US-A03","SPEI_24__Atlantic Coast",4.33487256698412,0.659400445285409,3.04244769422472,5.62729743974352
"SPEI_36","Atlantic Coast",0.990784913114627,"Upland","7","US-A03","SPEI_36__Atlantic Coast",4.30129267054098,0.659645968575297,3.00838657213339,5.59419876894856
"SPEI_48","Atlantic Coast",0.990784913114627,"Upland","7","US-A03","SPEI_48__Atlantic Coast",4.25996183354128,0.660274894718005,2.96582303989399,5.55410062718857
"SPEI_1","Pacific Coast",0.990784913114627,"Upland","7","US-A03","SPEI_1__Pacific Coast",5.04955192327551,0.843024706791335,3.3972234979645,6.70188034858653
"SPEI_3","Pacific Coast",0.990784913114627,"Upland","7","US-A03","SPEI_3__Pacific Coast",5.14784628555949,0.84006289215664,3.50132301693248,6.79436955418651
"SPEI_6","Pacific Coast",0.990784913114627,"Upland","7","US-A03","SPEI_6__Pacific Coast",5.13041440037909,0.840234924894936,3.48355394758502,6.77727485317317
"SPEI_12","Pacific Coast",0.990784913114627,"Upland","7","US-A03","SPEI_12__Pacific Coast",5.22618836451361,0.83726699514367,3.58514505403202,6.8672316749952
"SPEI_24","Pacific Coast",0.990784913114627,"Upland","7","US-A03","SPEI_24__Pacific Coast",5.21087219099865,0.837795249889048,3.56879350121611,6.85295088078118
"SPEI_36","Pacific Coast",0.990784913114627,"Upland","7","US-A03","SPEI_36__Pacific Coast",5.22644128403311,0.837261240060797,3.58540925351395,6.86747331455228
"SPEI_48","Pacific Coast",0.990784913114627,"Upland","7","US-A03","SPEI_48__Pacific Coast",5.22652507912549,0.837267520595612,3.5854807387581,6.86756941949289
"SPEI_1","Gulf Coast",0.990784913114627,"Upland","7","US-A03","SPEI_1__Gulf Coast",7.30322149857878,1.27907718941747,4.79623020732054,9.81021278983702
"SPEI_3","Gulf Coast",0.990784913114627,"Upland","7","US-A03","SPEI_3__Gulf Coast",7.0312098650087,1.30812226196687,4.46729023155364,9.59512949846377
"SPEI_6","Gulf Coast",0.990784913114627,"Upland","7","US-A03","SPEI_6__Gulf Coast",7.05451671896859,1.28612213718196,4.53371733009195,9.57531610784523
"SPEI_12","Gulf Coast",0.990784913114627,"Upland","7","US-A03","SPEI_12__Gulf Coast",6.57657499632218,1.30342157398184,4.02186871131778,9.13128128132658
"SPEI_24","Gulf Coast",0.990784913114627,"Upland","7","US-A03","SPEI_24__Gulf Coast",7.25044971626411,1.27846856696144,4.7446513250197,9.75624810750853
"SPEI_36","Gulf Coast",0.990784913114627,"Upland","7","US-A03","SPEI_36__Gulf Coast",7.37352601127809,1.2780662699784,4.86851612212042,9.87853590043575
"SPEI_48","Gulf Coast",0.990784913114627,"Upland","7","US-A03","SPEI_48__Gulf Coast",7.86700890565652,1.26517501096323,5.3872658841686,10.3467519271444
"SPEI_1","AK Coast",0.990784913114627,"Upland","7","US-A03","SPEI_1__AK Coast",6.87485605650659,0.971490088180408,4.97073548367299,8.77897662934019
"SPEI_3","AK Coast",0.990784913114627,"Upland","7","US-A03","SPEI_3__AK Coast",7.08992585359638,0.980052686759491,5.16902258754777,9.01082911964498
"SPEI_6","AK Coast",0.990784913114627,"Upland","7","US-A03","SPEI_6__AK Coast",7.11429836680402,0.978845124214767,5.19576192334308,9.03283481026497
"SPEI_12","AK Coast",0.990784913114627,"Upland","7","US-A03","SPEI_12__AK Coast",7.02309474921485,0.974278557785523,5.11350877595523,8.93268072247448
"SPEI_24","AK Coast",0.990784913114627,"Upland","7","US-A03","SPEI_24__AK Coast",7.04470537558881,0.976247704004946,5.13125987573911,8.9581508754385
"SPEI_36","AK Coast",0.990784913114627,"Upland","7","US-A03","SPEI_36__AK Coast",6.9854593975756,0.972692680154967,5.07898174447186,8.89193705067933
"SPEI_48","AK Coast",0.990784913114627,"Upland","7","US-A03","SPEI_48__AK Coast",6.95813634251858,0.972539981194536,5.05195797937729,8.86431470565987
"SPEI_1","Atlantic Coast",1.02502432503834,"Upland","7","US-A03","SPEI_1__Atlantic Coast",4.41205436729561,0.657089504930927,3.12415893763099,5.69994979696023
"SPEI_3","Atlantic Coast",1.02502432503834,"Upland","7","US-A03","SPEI_3__Atlantic Coast",4.31388678594394,0.659975728767299,3.02033435756003,5.60743921432784
"SPEI_6","Atlantic Coast",1.02502432503834,"Upland","7","US-A03","SPEI_6__Atlantic Coast",4.34474394797421,0.65936185653929,3.0523947091572,5.63709318679121
"SPEI_12","Atlantic Coast",1.02502432503834,"Upland","7","US-A03","SPEI_12__Atlantic Coast",4.38005752039209,0.658748434541225,3.08891058869129,5.67120445209289
"SPEI_24","Atlantic Coast",1.02502432503834,"Upland","7","US-A03","SPEI_24__Atlantic Coast",4.3322824687671,0.659554194928558,3.03955624670713,5.62500869082708
"SPEI_36","Atlantic Coast",1.02502432503834,"Upland","7","US-A03","SPEI_36__Atlantic Coast",4.29746322337722,0.659820448337727,3.00421514463527,5.59071130211916
"SPEI_48","Atlantic Coast",1.02502432503834,"Upland","7","US-A03","SPEI_48__Atlantic Coast",4.25200934553326,0.660486474299452,2.95745585590634,5.54656283516019
"SPEI_1","Pacific Coast",1.02502432503834,"Upland","7","US-A03","SPEI_1__Pacific Coast",5.05330386850799,0.843294779320621,3.40044610103957,6.7061616359764
"SPEI_3","Pacific Coast",1.02502432503834,"Upland","7","US-A03","SPEI_3__Pacific Coast",5.14702649760081,0.840212180178427,3.5002106244511,6.79384237075053
"SPEI_6","Pacific Coast",1.02502432503834,"Upland","7","US-A03","SPEI_6__Pacific Coast",5.12915284578647,0.840393367415511,3.48198184565207,6.77632384592087
"SPEI_12","Pacific Coast",1.02502432503834,"Upland","7","US-A03","SPEI_12__Pacific Coast",5.2261754886541,0.837268332657334,3.58512955664572,6.86722142066247
"SPEI_24","Pacific Coast",1.02502432503834,"Upland","7","US-A03","SPEI_24__Pacific Coast",5.21027665472619,0.837824076104675,3.56814146556103,6.85241184389136
"SPEI_36","Pacific Coast",1.02502432503834,"Upland","7","US-A03","SPEI_36__Pacific Coast",5.22643402125595,0.837262251214721,3.5854000088751,6.8674680336368
"SPEI_48","Pacific Coast",1.02502432503834,"Upland","7","US-A03","SPEI_48__Pacific Coast",5.2265234815621,0.837269109332432,3.58547602727054,6.86757093585367
"SPEI_1","Gulf Coast",1.02502432503834,"Upland","7","US-A03","SPEI_1__Gulf Coast",7.2830168505887,1.28012740478668,4.77396713720682,9.79206656397059
"SPEI_3","Gulf Coast",1.02502432503834,"Upland","7","US-A03","SPEI_3__Gulf Coast",7.14659671272088,1.31225848489252,4.57457008233153,9.71862334311023
"SPEI_6","Gulf Coast",1.02502432503834,"Upland","7","US-A03","SPEI_6__Gulf Coast",7.0617469222852,1.28761292690514,4.53802558555113,9.58546825901927
"SPEI_12","Gulf Coast",1.02502432503834,"Upland","7","US-A03","SPEI_12__Gulf Coast",6.59620653872335,1.30297210145403,4.04238121987346,9.15003185757325
"SPEI_24","Gulf Coast",1.02502432503834,"Upland","7","US-A03","SPEI_24__Gulf Coast",7.22654725761825,1.27916824576389,4.71937749592103,9.73371701931547
"SPEI_36","Gulf Coast",1.02502432503834,"Upland","7","US-A03","SPEI_36__Gulf Coast",7.35482006605172,1.27911160421539,4.84776132178956,9.86187881031388
"SPEI_48","Gulf Coast",1.02502432503834,"Upland","7","US-A03","SPEI_48__Gulf Coast",7.86701785469621,1.26519093710484,5.38724361797072,10.3467920914217
"SPEI_1","AK Coast",1.02502432503834,"Upland","7","US-A03","SPEI_1__AK Coast",6.87490108822724,0.971498386876443,4.97076424994941,8.77903792650507
"SPEI_3","AK Coast",1.02502432503834,"Upland","7","US-A03","SPEI_3__AK Coast",7.10633639477444,0.980392628730711,5.18476684246225,9.02790594708664
"SPEI_6","AK Coast",1.02502432503834,"Upland","7","US-A03","SPEI_6__AK Coast",7.12920321597093,0.979225524881151,5.20992118720387,9.04848524473799
"SPEI_12","AK Coast",1.02502432503834,"Upland","7","US-A03","SPEI_12__AK Coast",7.03338047741676,0.974710360422283,5.12294817098908,8.94381278384443
"SPEI_24","AK Coast",1.02502432503834,"Upland","7","US-A03","SPEI_24__AK Coast",7.04849207722827,0.9765085450725,5.13453532888617,8.96244882557037
"SPEI_36","AK Coast",1.02502432503834,"Upland","7","US-A03","SPEI_36__AK Coast",6.99674457822019,0.972976495499562,5.08971064704104,8.90377850939933
"SPEI_48","AK Coast",1.02502432503834,"Upland","7","US-A03","SPEI_48__AK Coast",6.96622333030598,0.97278133874886,5.05957190635822,8.87287475425375
"SPEI_1","Atlantic Coast",1.05926373696205,"Upland","7","US-A03","SPEI_1__Atlantic Coast",4.41203612803312,0.657091829401696,3.1241361424058,5.69993611366045
"SPEI_3","Atlantic Coast",1.05926373696205,"Upland","7","US-A03","SPEI_3__Atlantic Coast",4.31072622475247,0.66015764110569,3.01681724818532,5.60463520131962
"SPEI_6","Atlantic Coast",1.05926373696205,"Upland","7","US-A03","SPEI_6__Atlantic Coast",4.34256485493231,0.659509424243153,3.04992638341573,5.63520332644889
"SPEI_12","Atlantic Coast",1.05926373696205,"Upland","7","US-A03","SPEI_12__Atlantic Coast",4.37857050967965,0.658848060391753,3.08722831131182,5.66991270804749
"SPEI_24","Atlantic Coast",1.05926373696205,"Upland","7","US-A03","SPEI_24__Atlantic Coast",4.32969258385989,0.659712811553797,3.03665547321445,5.62272969450533
"SPEI_36","Atlantic Coast",1.05926373696205,"Upland","7","US-A03","SPEI_36__Atlantic Coast",4.29363430614085,0.660000674598286,3.00003298392821,5.58723562835349
"SPEI_48","Atlantic Coast",1.05926373696205,"Upland","7","US-A03","SPEI_48__Atlantic Coast",4.24403751849372,0.660714894521955,2.94903632523069,5.53903871175675
"SPEI_1","Pacific Coast",1.05926373696205,"Upland","7","US-A03","SPEI_1__Pacific Coast",5.05737490328113,0.843585077542396,3.40394815129803,6.71080165526423
"SPEI_3","Pacific Coast",1.05926373696205,"Upland","7","US-A03","SPEI_3__Pacific Coast",5.14629824676297,0.840367812649803,3.49917733396936,6.79341915955659
"SPEI_6","Pacific Coast",1.05926373696205,"Upland","7","US-A03","SPEI_6__Pacific Coast",5.12795389407473,0.840563140470541,3.48045013875247,6.77545764939699
"SPEI_12","Pacific Coast",1.05926373696205,"Upland","7","US-A03","SPEI_12__Pacific Coast",5.22616278328471,0.837269716592252,3.58511413876389,6.86721142780552
"SPEI_24","Pacific Coast",1.05926373696205,"Upland","7","US-A03","SPEI_24__Pacific Coast",5.20969455510127,0.837854233285335,3.56750025786201,6.85188885234052
"SPEI_36","Pacific Coast",1.05926373696205,"Upland","7","US-A03","SPEI_36__Pacific Coast",5.22642679430943,0.837263298796951,3.58539072866741,6.86746285995145
"SPEI_48","Pacific Coast",1.05926373696205,"Upland","7","US-A03","SPEI_48__Pacific Coast",5.22652192009628,0.83727075646228,3.58547123743022,6.86757260276235
"SPEI_1","Gulf Coast",1.05926373696205,"Upland","7","US-A03","SPEI_1__Gulf Coast",7.26281509445115,1.28121517625573,4.75163334898991,9.77399683991239
"SPEI_3","Gulf Coast",1.05926373696205,"Upland","7","US-A03","SPEI_3__Gulf Coast",7.26353893603882,1.31655566355962,4.68308983546196,9.84398803661568
"SPEI_6","Gulf Coast",1.05926373696205,"Upland","7","US-A03","SPEI_6__Gulf Coast",7.07009459579424,1.28933167990935,4.54300450317191,9.59718468841656
"SPEI_12","Gulf Coast",1.05926373696205,"Upland","7","US-A03","SPEI_12__Gulf Coast",6.61792597965279,1.30247549322173,4.06507401293819,9.17077794636739
"SPEI_24","Gulf Coast",1.05926373696205,"Upland","7","US-A03","SPEI_24__Gulf Coast",7.20337605567759,1.28025567496249,4.69407493275111,9.71267717860407
"SPEI_36","Gulf Coast",1.05926373696205,"Upland","7","US-A03","SPEI_36__Gulf Coast",7.33611836226355,1.28019791082728,4.82693045704207,9.84530626748502
"SPEI_48","Gulf Coast",1.05926373696205,"Upland","7","US-A03","SPEI_48__Gulf Coast",7.86702664854443,1.26520733648038,5.38722026904288,10.346833028046
"SPEI_1","AK Coast",1.05926373696205,"Upland","7","US-A03","SPEI_1__AK Coast",6.87494426162472,0.971507030791675,4.97079048127303,8.7790980419764
"SPEI_3","AK Coast",1.05926373696205,"Upland","7","US-A03","SPEI_3__AK Coast",7.12291174247015,0.980760997536205,5.20062018729918,9.04520329764111
"SPEI_6","AK Coast",1.05926373696205,"Upland","7","US-A03","SPEI_6__AK Coast",7.14414602307014,0.979635542469689,5.22406035982955,9.06423168631073
"SPEI_12","AK Coast",1.05926373696205,"Upland","7","US-A03","SPEI_12__AK Coast",7.04366384276008,0.975172462530542,5.13232581620022,8.95500186931995
"SPEI_24","AK Coast",1.05926373696205,"Upland","7","US-A03","SPEI_24__AK Coast",7.05179975055779,0.976802523266196,5.13726680495605,8.96633269615953
"SPEI_36","AK Coast",1.05926373696205,"Upland","7","US-A03","SPEI_36__AK Coast",7.00802349731802,0.973290303101301,5.10037450323947,8.91567249139657
"SPEI_48","AK Coast",1.05926373696205,"Upland","7","US-A03","SPEI_48__AK Coast",6.97430994532985,0.973046006129771,5.0671397733155,8.8814801173442
"SPEI_1","Atlantic Coast",1.09350314888576,"Upland","7","US-A03","SPEI_1__Atlantic Coast",4.41201807159902,0.657094216094142,3.1241134080545,5.69992273514354
"SPEI_3","Atlantic Coast",1.09350314888576,"Upland","7","US-A03","SPEI_3__Atlantic Coast",4.30762261815034,0.660347626619542,3.01334126997603,5.60190396632464
"SPEI_6","Atlantic Coast",1.09350314888576,"Upland","7","US-A03","SPEI_6__Atlantic Coast",4.3403859975583,0.659661559852005,3.04744934024837,5.63332265486823
"SPEI_12","Atlantic Coast",1.09350314888576,"Upland","7","US-A03","SPEI_12__Atlantic Coast",4.37709086401556,0.658950675721756,3.08554753960092,5.6686341884302
"SPEI_24","Atlantic Coast",1.09350314888576,"Upland","7","US-A03","SPEI_24__Atlantic Coast",4.32710293666699,0.659876292427395,3.0337454035093,5.62046046982469
"SPEI_36","Atlantic Coast",1.09350314888576,"Upland","7","US-A03","SPEI_36__Atlantic Coast",4.28980596029903,0.660186648589114,2.99584012906437,5.5837717915337
"SPEI_48","Atlantic Coast",1.09350314888576,"Upland","7","US-A03","SPEI_48__Atlantic Coast",4.23605243161155,0.660960755583076,2.94056935066872,5.53153551255438
"SPEI_1","Pacific Coast",1.09350314888576,"Upland","7","US-A03","SPEI_1__Pacific Coast",5.06175461193945,0.843896103463553,3.40771824915089,6.71579097472801
"SPEI_3","Pacific Coast",1.09350314888576,"Upland","7","US-A03","SPEI_3__Pacific Coast",5.14566233515486,0.840529651426496,3.49822421835893,6.79310045195079
"SPEI_6","Pacific Coast",1.09350314888576,"Upland","7","US-A03","SPEI_6__Pacific Coast",5.12681936804189,0.840744541237335,3.47896006721671,6.77467866886707
"SPEI_12","Pacific Coast",1.09350314888576,"Upland","7","US-A03","SPEI_12__Pacific Coast",5.22615025406843,0.837271145661834,3.58509880857123,6.86720169956562
"SPEI_24","Pacific Coast",1.09350314888576,"Upland","7","US-A03","SPEI_24__Pacific Coast",5.2091263313366,0.8378856669452,3.56687042412401,6.8513822385492
"SPEI_36","Pacific Coast",1.09350314888576,"Upland","7","US-A03","SPEI_36__Pacific Coast",5.22641960887035,0.837264381466152,3.5853814211967,6.86745779654401
"SPEI_48","Pacific Coast",1.09350314888576,"Upland","7","US-A03","SPEI_48__Pacific Coast",5.22652039540914,0.837272460648246,3.58546637253858,6.8675744182797
"SPEI_1","Gulf Coast",1.09350314888576,"Upland","7","US-A03","SPEI_1__Gulf Coast",7.24261611382077,1.28234045010726,4.72922883161054,9.756003396031
"SPEI_3","Gulf Coast",1.09350314888576,"Upland","7","US-A03","SPEI_3__Gulf Coast",7.38153201520467,1.32095872405834,4.79245291605034,9.97061111435901
"SPEI_6","Gulf Coast",1.09350314888576,"Upland","7","US-A03","SPEI_6__Gulf Coast",7.07946499581388,1.29129366138131,4.54852941950652,9.61040057212124
"SPEI_12","Gulf Coast",1.09350314888576,"Upland","7","US-A03","SPEI_12__Gulf Coast",6.64154109469868,1.30195480079685,4.08970968513686,9.19337250426051
"SPEI_24","Gulf Coast",1.09350314888576,"Upland","7","US-A03","SPEI_24__Gulf Coast",7.18106565255287,1.28175966206888,4.66881671489787,9.69331459020786
"SPEI_36","Gulf Coast",1.09350314888576,"Upland","7","US-A03","SPEI_36__Gulf Coast",7.31742124472201,1.2813251962689,4.80602386003498,9.82881862940905
"SPEI_48","Gulf Coast",1.09350314888576,"Upland","7","US-A03","SPEI_48__Gulf Coast",7.86703527130857,1.2652241938332,5.3871958513955,10.3468746912216
"SPEI_1","AK Coast",1.09350314888576,"Upland","7","US-A03","SPEI_1__AK Coast",6.87498550193215,0.97151600484592,4.97081413243415,8.77915687143015
"SPEI_3","AK Coast",1.09350314888576,"Upland","7","US-A03","SPEI_3__AK Coast",7.1396653779959,0.981158378133088,5.21659495685505,9.06273579913675
"SPEI_6","AK Coast",1.09350314888576,"Upland","7","US-A03","SPEI_6__AK Coast",7.1591239477909,0.980076116310646,5.23817475982203,9.08007313575976
"SPEI_12","AK Coast",1.09350314888576,"Upland","7","US-A03","SPEI_12__AK Coast",7.05394475274069,0.975664836952796,5.14164167231321,8.96624783316818
"SPEI_24","AK Coast",1.09350314888576,"Upland","7","US-A03","SPEI_24__AK Coast",7.05463227227074,0.977130040455903,5.13945739297717,8.96980715156431
"SPEI_36","AK Coast",1.09350314888576,"Upland","7","US-A03","SPEI_36__AK Coast",7.01929612207445,0.973634093200093,5.11097329940227,8.92761894474663
"SPEI_48","AK Coast",1.09350314888576,"Upland","7","US-A03","SPEI_48__AK Coast",6.98239618712335,0.973333967306124,5.07466161120334,8.89013076304335
"SPEI_1","Atlantic Coast",1.12774256080947,"Upland","7","US-A03","SPEI_1__Atlantic Coast",4.41200020609596,0.657096662890867,3.12409074682986,5.69990966536206
"SPEI_3","Atlantic Coast",1.12774256080947,"Upland","7","US-A03","SPEI_3__Atlantic Coast",4.30457957687254,0.660545565887506,3.00991026773303,5.59924888601205
"SPEI_6","Atlantic Coast",1.12774256080947,"Upland","7","US-A03","SPEI_6__Atlantic Coast",4.33820739221154,0.659818260506358,3.04496360161908,5.631451182804
"SPEI_12","Atlantic Coast",1.12774256080947,"Upland","7","US-A03","SPEI_12__Atlantic Coast",4.3756202228861,0.659056158061124,3.08387015308629,5.6673702926859
"SPEI_24","Atlantic Coast",1.12774256080947,"Upland","7","US-A03","SPEI_24__Atlantic Coast",4.32451355029268,0.6600446346577,3.03082606636359,5.61820103422177
"SPEI_36","Atlantic Coast",1.12774256080947,"Upland","7","US-A03","SPEI_36__Atlantic Coast",4.2859782247441,0.660378371249917,2.99163661709427,5.58031983239394
"SPEI_48","Atlantic Coast",1.12774256080947,"Upland","7","US-A03","SPEI_48__Atlantic Coast",4.22805996241636,0.661224631864002,2.93205968396292,5.52406024086981
"SPEI_1","Pacific Coast",1.12774256080947,"Upland","7","US-A03","SPEI_1__Pacific Coast",5.06643231313171,0.844228205092874,3.41174503114968,6.72111959511375
"SPEI_3","Pacific Coast",1.12774256080947,"Upland","7","US-A03","SPEI_3__Pacific Coast",5.1451193717835,0.840697532247496,3.49735220857841,6.7928865349886
"SPEI_6","Pacific Coast",1.12774256080947,"Upland","7","US-A03","SPEI_6__Pacific Coast",5.12575097935078,0.840937842402571,3.47751280824174,6.77398915045982
"SPEI_12","Pacific Coast",1.12774256080947,"Upland","7","US-A03","SPEI_12__Pacific Coast",5.22613790614989,0.837272618531492,3.58508357382816,6.86719223847161
"SPEI_24","Pacific Coast",1.12774256080947,"Upland","7","US-A03","SPEI_24__Pacific Coast",5.20857237934283,0.837918318420115,3.56625247523941,6.85089228344626
"SPEI_36","Pacific Coast",1.12774256080947,"Upland","7","US-A03","SPEI_36__Pacific Coast",5.22641247032581,0.837265497828174,3.58537209458259,6.86745284606903
"SPEI_48","Pacific Coast",1.12774256080947,"Upland","7","US-A03","SPEI_48__Pacific Coast",5.22651890806962,0.837274220502972,3.5854614358838,6.86757638025545
"SPEI_1","Gulf Coast",1.12774256080947,"Upland","7","US-A03","SPEI_1__Gulf Coast",7.22241978930609,1.28350316837591,4.7067535792893,9.73808599932288
"SPEI_3","Gulf Coast",1.12774256080947,"Upland","7","US-A03","SPEI_3__Gulf Coast",7.50008929351151,1.32542727079458,4.90225184275413,10.0979267442689
"SPEI_6","Gulf Coast",1.12774256080947,"Upland","7","US-A03","SPEI_6__Gulf Coast",7.08976431936584,1.29351300589693,4.55447882780786,9.62504981092383
"SPEI_12","Gulf Coast",1.12774256080947,"Upland","7","US-A03","SPEI_12__Gulf Coast",6.66686060450333,1.30143520195824,4.11604760866517,9.21767360034148
"SPEI_24","Gulf Coast",1.12774256080947,"Upland","7","US-A03","SPEI_24__Gulf Coast",7.15974129600641,1.28370602129575,4.64367749426675,9.67580509774607
"SPEI_36","Gulf Coast",1.12774256080947,"Upland","7","US-A03","SPEI_36__Gulf Coast",7.2987290417375,1.2824934592925,4.7850418615242,9.8124162219508
"SPEI_48","Gulf Coast",1.12774256080947,"Upland","7","US-A03","SPEI_48__Gulf Coast",7.86704370738885,1.26524149349934,5.38717038013015,10.3469170346476
"SPEI_1","AK Coast",1.12774256080947,"Upland","7","US-A03","SPEI_1__AK Coast",6.8750247406376,0.971525293243418,4.9708351658805,8.7792143153947
"SPEI_3","AK Coast",1.12774256080947,"Upland","7","US-A03","SPEI_3__AK Coast",7.15661030767612,0.98158525958684,5.23270319888591,9.08051741646633
"SPEI_6","AK Coast",1.12774256080947,"Upland","7","US-A03","SPEI_6__AK Coast",7.17413423686839,0.980548143458532,5.25225987568967,9.09600859804711
"SPEI_12","AK Coast",1.12774256080947,"Upland","7","US-A03","SPEI_12__AK Coast",7.0642231234636,0.976187453596406,5.15089571441464,8.97755053251255
"SPEI_24","AK Coast",1.12774256080947,"Upland","7","US-A03","SPEI_24__AK Coast",7.05699443856545,0.977491353479051,5.14111138574651,8.97287749138439
"SPEI_36","AK Coast",1.12774256080947,"Upland","7","US-A03","SPEI_36__AK Coast",7.03056243291133,0.974007854237762,5.12150703860531,8.93961782721734
"SPEI_48","AK Coast",1.12774256080947,"Upland","7","US-A03","SPEI_48__AK Coast",6.9904820551835,0.973645204599959,5.08213745416758,8.89882665619942
"SPEI_1","Atlantic Coast",1.16198197273318,"Upland","7","US-A03","SPEI_1__Atlantic Coast",4.41198253902938,0.657099167631958,3.12406817047074,5.69989690758801
"SPEI_3","Atlantic Coast",1.16198197273318,"Upland","7","US-A03","SPEI_3__Atlantic Coast",4.30160050263167,0.66075130704186,3.00652794082962,5.59667306443371
"SPEI_6","Atlantic Coast",1.16198197273318,"Upland","7","US-A03","SPEI_6__Atlantic Coast",4.33602905432313,0.659979523189325,3.04246918887205,5.6295889197742
"SPEI_12","Atlantic Coast",1.16198197273318,"Upland","7","US-A03","SPEI_12__Atlantic Coast",4.37416015783079,0.659164377653897,3.08219797762915,5.66612233803243
"SPEI_24","Atlantic Coast",1.16198197273318,"Upland","7","US-A03","SPEI_24__Atlantic Coast",4.32192444660548,0.660217835211175,3.02789748959158,5.61595140361938
"SPEI_36","Atlantic Coast",1.16198197273318,"Upland","7","US-A03","SPEI_36__Atlantic Coast",4.28215113594536,0.660575843272801,2.98742248313067,5.57687978876005
"SPEI_48","Atlantic Coast",1.16198197273318,"Upland","7","US-A03","SPEI_48__Atlantic Coast",4.22006579272207,0.66150707549814,2.92351192474571,5.51661966069842
"SPEI_1","Pacific Coast",1.16198197273318,"Upland","7","US-A03","SPEI_1__Pacific Coast",5.07139712973323,0.844581580756832,3.41601723144984,6.72677702801662
"SPEI_3","Pacific Coast",1.16198197273318,"Upland","7","US-A03","SPEI_3__Pacific Coast",5.14466978893263,0.840871266633607,3.49656210633076,6.7927774715345
"SPEI_6","Pacific Coast",1.16198197273318,"Upland","7","US-A03","SPEI_6__Pacific Coast",5.12475032008506,0.841143294344322,3.47610946317019,6.77339117699993
"SPEI_12","Pacific Coast",1.16198197273318,"Upland","7","US-A03","SPEI_12__Pacific Coast",5.2261257441909,0.837274133828155,3.58506844188771,6.86718304649408
"SPEI_24","Pacific Coast",1.16198197273318,"Upland","7","US-A03","SPEI_24__Pacific Coast",5.20803305527139,0.837952125435463,3.56564688941788,6.8504192211249
"SPEI_36","Pacific Coast",1.16198197273318,"Upland","7","US-A03","SPEI_36__Pacific Coast",5.22640538378888,0.8372666464463,3.58536275675413,6.86744801082363
"SPEI_48","Pacific Coast",1.16198197273318,"Upland","7","US-A03","SPEI_48__Pacific Coast",5.22651745854817,0.837276034598441,3.58545643073522,6.86757848636111
"SPEI_1","Gulf Coast",1.16198197273318,"Upland","7","US-A03","SPEI_1__Gulf Coast",7.2022259995337,1.28470326912227,4.68420759205406,9.72024440701335
"SPEI_3","Gulf Coast",1.16198197273318,"Upland","7","US-A03","SPEI_3__Gulf Coast",7.61874081993409,1.32994220293382,5.01205410218381,10.2254275376844
"SPEI_6","Gulf Coast",1.16198197273318,"Upland","7","US-A03","SPEI_6__Gulf Coast",7.10089995728335,1.2960027559056,4.56073455570839,9.64106535885832
"SPEI_12","Gulf Coast",1.16198197273318,"Upland","7","US-A03","SPEI_12__Gulf Coast",6.69369508131771,1.30094410697382,4.14384463164902,9.24354553098639
"SPEI_24","Gulf Coast",1.16198197273318,"Upland","7","US-A03","SPEI_24__Gulf Coast",7.13952363853335,1.28611749894392,4.61873334060326,9.66031393646344
"SPEI_36","Gulf Coast",1.16198197273318,"Upland","7","US-A03","SPEI_36__Gulf Coast",7.2800420649752,1.28370269160293,4.76398478943345,9.79609934051694
"SPEI_48","Gulf Coast",1.16198197273318,"Upland","7","US-A03","SPEI_48__Gulf Coast",7.8670519416149,1.26525921950343,5.38714387138818,10.3469600118416
"SPEI_1","AK Coast",1.16198197273318,"Upland","7","US-A03","SPEI_1__AK Coast",6.87506191502833,0.97153487959965,4.97085355101301,8.77927027904364
"SPEI_3","AK Coast",1.16198197273318,"Upland","7","US-A03","SPEI_3__AK Coast",7.17375901024936,0.982042065425862,5.24895656201467,9.09856145848405
"SPEI_6","AK Coast",1.16198197273318,"Upland","7","US-A03","SPEI_6__AK Coast",7.18917421653315,0.981052491541607,5.2663113331116,9.1120370999547
"SPEI_12","AK Coast",1.16198197273318,"Upland","7","US-A03","SPEI_12__AK Coast",7.07449887885161,0.976740279687063,5.16008793066496,8.98890982703825
"SPEI_24","AK Coast",1.16198197273318,"Upland","7","US-A03","SPEI_24__AK Coast",7.05889182227811,0.977886592884255,5.14223410022497,8.97554954433125
"SPEI_36","AK Coast",1.16198197273318,"Upland","7","US-A03","SPEI_36__AK Coast",7.04182242211782,0.974411573328783,5.13197573839341,8.95166910584224
"SPEI_48","AK Coast",1.16198197273318,"Upland","7","US-A03","SPEI_48__AK Coast",6.99856754914969,0.973979698793429,5.08956733951457,8.90756775878481
"SPEI_1","Atlantic Coast",1.19622138465689,"Upland","7","US-A03","SPEI_1__Atlantic Coast",4.41196507713312,0.657101728168742,3.12404568992239,5.69988446434386
"SPEI_3","Atlantic Coast",1.19622138465689,"Upland","7","US-A03","SPEI_3__Atlantic Coast",4.29868851947017,0.660964675678252,3.00319775514079,5.59417928379954
"SPEI_6","Atlantic Coast",1.19622138465689,"Upland","7","US-A03","SPEI_6__Atlantic Coast",4.33385099809299,0.660145344808577,3.03996612226818,5.6277358739178
"SPEI_12","Atlantic Coast",1.19622138465689,"Upland","7","US-A03","SPEI_12__Atlantic Coast",4.37271214937274,0.659275202094851,3.08053275326683,5.66489154547865
"SPEI_24","Atlantic Coast",1.19622138465689,"Upland","7","US-A03","SPEI_24__Atlantic Coast",4.31933564586581,0.660395890970809,3.02495969956303,5.6137115921686
"SPEI_36","Atlantic Coast",1.19622138465689,"Upland","7","US-A03","SPEI_36__Atlantic Coast",4.27832472724489,0.660779065247847,2.98319775935911,5.57345169513067
"SPEI_48","Atlantic Coast",1.19622138465689,"Upland","7","US-A03","SPEI_48__Atlantic Coast",4.21207534505407,0.66180862697113,2.91493043619065,5.50922025391748
"SPEI_1","Pacific Coast",1.19622138465689,"Upland","7","US-A03","SPEI_1__Pacific Coast",5.07663799092254,0.844956308158524,3.42052362693183,6.73275235491325
"SPEI_3","Pacific Coast",1.19622138465689,"Upland","7","US-A03","SPEI_3__Pacific Coast",5.14431379643446,0.841050651519516,3.49585451945621,6.79277307341271
"SPEI_6","Pacific Coast",1.19622138465689,"Upland","7","US-A03","SPEI_6__Pacific Coast",5.12381881252933,0.841361133734557,3.4747509904096,6.77288663464906
"SPEI_12","Pacific Coast",1.19622138465689,"Upland","7","US-A03","SPEI_12__Pacific Coast",5.22611377223589,0.837275690177014,3.58505341948895,6.86717412498284
"SPEI_24","Pacific Coast",1.19622138465689,"Upland","7","US-A03","SPEI_24__Pacific Coast",5.20750866503339,0.837987024174227,3.5650540976519,6.84996323241487
"SPEI_36","Pacific Coast",1.19622138465689,"Upland","7","US-A03","SPEI_36__Pacific Coast",5.22639835401737,0.837267825878701,3.58535341529511,6.86744329273962
"SPEI_48","Pacific Coast",1.19622138465689,"Upland","7","US-A03","SPEI_48__Pacific Coast",5.22651604719557,0.837277901502515,3.58545136025064,6.8675807341405
"SPEI_1","Gulf Coast",1.19622138465689,"Upland","7","US-A03","SPEI_1__Gulf Coast",7.18203462151871,1.28594068709391,4.66159087481465,9.70247836822277
"SPEI_3","Gulf Coast",1.19622138465689,"Upland","7","US-A03","SPEI_3__Gulf Coast",7.73703813159423,1.33451352074689,5.12139163093032,10.3526846322581
"SPEI_6","Gulf Coast",1.19622138465689,"Upland","7","US-A03","SPEI_6__Gulf Coast",7.11278117500444,1.29877508309345,4.56718201214128,9.6583803378676
"SPEI_12","Gulf Coast",1.19622138465689,"Upland","7","US-A03","SPEI_12__Gulf Coast",6.72185851516936,1.3005115819555,4.17285581453658,9.27086121580214
"SPEI_24","Gulf Coast",1.19622138465689,"Upland","7","US-A03","SPEI_24__Gulf Coast",7.12052681846708,1.28901385818195,4.59405965643045,9.6469939805037
"SPEI_36","Gulf Coast",1.19622138465689,"Upland","7","US-A03","SPEI_36__Gulf Coast",7.261360603447,1.2849528792513,4.74285296011444,9.77986824677955
"SPEI_48","Gulf Coast",1.19622138465689,"Upland","7","US-A03","SPEI_48__Gulf Coast",7.86705995953159,1.2652773559334,5.38711634190213,10.347003577161
"SPEI_1","AK Coast",1.19622138465689,"Upland","7","US-A03","SPEI_1__AK Coast",6.87509696978043,0.971544747357942,4.97086926495887,8.779324674602
"SPEI_3","AK Coast",1.19622138465689,"Upland","7","US-A03","SPEI_3__AK Coast",7.19112319934213,0.982529228035116,5.2653659123933,9.11688048629095
"SPEI_6","AK Coast",1.19622138465689,"Upland","7","US-A03","SPEI_6__AK Coast",7.20424131349657,0.981590041002134,5.28032483313238,9.12815779386075
"SPEI_12","AK Coast",1.19622138465689,"Upland","7","US-A03","SPEI_12__AK Coast",7.08477195261468,0.977323280426929,5.1692183229779,9.00032558225146
"SPEI_24","AK Coast",1.19622138465689,"Upland","7","US-A03","SPEI_24__AK Coast",7.06033090326864,0.978315822510387,5.14283189114828,8.977829915389
"SPEI_36","AK Coast",1.19622138465689,"Upland","7","US-A03","SPEI_36__AK Coast",7.05307609667414,0.974845237638574,5.14237943090254,8.96377276244575
"SPEI_48","AK Coast",1.19622138465689,"Upland","7","US-A03","SPEI_48__AK Coast",7.00665266902772,0.974337429433549,5.09695130733796,8.91635403071747
"SPEI_1","Atlantic Coast",1.2304607965806,"Upland","7","US-A03","SPEI_1__Atlantic Coast",4.41194782585916,0.657104342488482,3.12402331458174,5.69987233713658
"SPEI_3","Atlantic Coast",1.2304607965806,"Upland","7","US-A03","SPEI_3__Atlantic Coast",4.29584628297968,0.661185497989104,2.99992270692104,5.59176985903832
"SPEI_6","Atlantic Coast",1.2304607965806,"Upland","7","US-A03","SPEI_6__Atlantic Coast",4.33167323564561,0.660315722376382,3.0374544197879,5.62589205150332
"SPEI_12","Atlantic Coast",1.2304607965806,"Upland","7","US-A03","SPEI_12__Atlantic Coast",4.37127752372283,0.659388507119635,3.07887604976835,5.66367899767731
"SPEI_24","Atlantic Coast",1.2304607965806,"Upland","7","US-A03","SPEI_24__Atlantic Coast",4.31674716565047,0.660578798863757,3.02201271987751,5.61148161142344
"SPEI_36","Atlantic Coast",1.2304607965806,"Upland","7","US-A03","SPEI_36__Atlantic Coast",4.27449902679083,0.660988037968493,2.97896247237258,5.57003558120908
"SPEI_48","Atlantic Coast",1.2304607965806,"Upland","7","US-A03","SPEI_48__Atlantic Coast",4.2040936046292,0.662129836534515,2.90631912502155,5.50186808423685
"SPEI_1","Pacific Coast",1.2304607965806,"Upland","7","US-A03","SPEI_1__Pacific Coast",5.08214356075184,0.845352413092242,3.42525283109105,6.73903429041263
"SPEI_3","Pacific Coast",1.2304607965806,"Upland","7","US-A03","SPEI_3__Pacific Coast",5.14405124022917,0.841235492005307,3.49522967589877,6.79287280455957
"SPEI_6","Pacific Coast",1.2304607965806,"Upland","7","US-A03","SPEI_6__Pacific Coast",5.1229575828526,0.841591602495521,3.47343804196137,6.77247712374382
"SPEI_12","Pacific Coast",1.2304607965806,"Upland","7","US-A03","SPEI_12__Pacific Coast",5.22610199330959,0.837277286285633,3.58503851218975,6.86716547442943
"SPEI_24","Pacific Coast",1.2304607965806,"Upland","7","US-A03","SPEI_24__Pacific Coast",5.2069994321244,0.838022953971767,3.56447444233973,6.84952442190906
"SPEI_36","Pacific Coast",1.2304607965806,"Upland","7","US-A03","SPEI_36__Pacific Coast",5.22639138517735,0.837269034763484,3.58534407704092,6.86743869331378
"SPEI_48","Pacific Coast",1.2304607965806,"Upland","7","US-A03","SPEI_48__Pacific Coast",5.22651467417092,0.837279819862145,3.58544622724111,6.86758312110072
"SPEI_1","Gulf Coast",1.2304607965806,"Upland","7","US-A03","SPEI_1__Gulf Coast",7.16184553049395,1.28721535499696,4.6389034346999,9.684787626288
"SPEI_3","Gulf Coast",1.2304607965806,"Upland","7","US-A03","SPEI_3__Gulf Coast",7.85456843477219,1.33918969113356,5.22975664015041,10.479380229394
"SPEI_6","Gulf Coast",1.2304607965806,"Upland","7","US-A03","SPEI_6__Gulf Coast",7.12532067136614,1.3018417768112,4.57371078881619,9.67693055391609
"SPEI_12","Gulf Coast",1.2304607965806,"Upland","7","US-A03","SPEI_12__Gulf Coast",6.7511715438556,1.30017116109244,4.20283606811443,9.29950701959678
"SPEI_24","Gulf Coast",1.2304607965806,"Upland","7","US-A03","SPEI_24__Gulf Coast",7.1028536114427,1.29241219947006,4.56972570048138,9.63598152240402
"SPEI_36","Gulf Coast",1.2304607965806,"Upland","7","US-A03","SPEI_36__Gulf Coast",7.24268490745813,1.28624400521659,4.72164665723362,9.76372315768264
"SPEI_48","Gulf Coast",1.2304607965806,"Upland","7","US-A03","SPEI_48__Gulf Coast",7.86706774802059,1.26529588780234,5.38708780792801,10.3470476881132
"SPEI_1","AK Coast",1.2304607965806,"Upland","7","US-A03","SPEI_1__AK Coast",6.87512986175015,0.971554880718309,4.97088229554226,8.77937742795803
"SPEI_3","AK Coast",1.2304607965806,"Upland","7","US-A03","SPEI_3__AK Coast",7.20871323993496,0.983047331982715,5.28194046924884,9.13548601062108
"SPEI_6","AK Coast",1.2304607965806,"Upland","7","US-A03","SPEI_6__AK Coast",7.21933311968334,0.982161772848095,5.29429604490107,9.1443701944656
"SPEI_12","AK Coast",1.2304607965806,"Upland","7","US-A03","SPEI_12__AK Coast",7.09504229443374,0.977936420296181,5.17828691065323,9.01179767821426
"SPEI_24","AK Coast",1.2304607965806,"Upland","7","US-A03","SPEI_24__AK Coast",7.06131957741886,0.978779165564976,5.14291241291151,8.97972674192622
"SPEI_36","AK Coast",1.2304607965806,"Upland","7","US-A03","SPEI_36__AK Coast",7.06432348735634,0.975308837183409,5.15271816647686,8.97592880823582
"SPEI_48","AK Coast",1.2304607965806,"Upland","7","US-A03","SPEI_48__AK Coast",7.01473741559836,0.974718375453934,5.10428939970865,8.92518543148807
"SPEI_1","Atlantic Coast",1.26470020850431,"Upland","7","US-A03","SPEI_1__Atlantic Coast",4.4119307894557,0.657107008737059,3.12400105233107,5.69986052658034
"SPEI_3","Atlantic Coast",1.26470020850431,"Upland","7","US-A03","SPEI_3__Atlantic Coast",4.29307600257227,0.661413607013411,2.99670533282598,5.58944667231855
"SPEI_6","Atlantic Coast",1.26470020850431,"Upland","7","US-A03","SPEI_6__Atlantic Coast",4.32949577713008,0.660490653047586,3.03493409715682,5.62405745710335
"SPEI_12","Atlantic Coast",1.26470020850431,"Upland","7","US-A03","SPEI_12__Atlantic Coast",4.3698574593443,0.659504178825715,3.0772292688459,5.6624856498427
"SPEI_24","Atlantic Coast",1.26470020850431,"Upland","7","US-A03","SPEI_24__Atlantic Coast",4.31415902100424,0.660766555888036,3.01905657146369,5.60926147054479
"SPEI_36","Atlantic Coast",1.26470020850431,"Upland","7","US-A03","SPEI_36__Atlantic Coast",4.27067405785385,0.661202762505373,2.97471664334332,5.56663147236438
"SPEI_48","Atlantic Coast",1.26470020850431,"Upland","7","US-A03","SPEI_48__Atlantic Coast",4.19612513951763,0.662471271622526,2.89768144713748,5.49456883189778
"SPEI_1","Pacific Coast",1.26470020850431,"Upland","7","US-A03","SPEI_1__Pacific Coast",5.08790230654282,0.845769895084323,3.43019331217754,6.74561130090809
"SPEI_3","Pacific Coast",1.26470020850431,"Upland","7","US-A03","SPEI_3__Pacific Coast",5.14388162992096,0.841425606745141,3.49468744070049,6.79307581914144
"SPEI_6","Pacific Coast",1.26470020850431,"Upland","7","US-A03","SPEI_6__Pacific Coast",5.12216746715951,0.841834953501076,3.4721709582974,6.77216397602162
"SPEI_12","Pacific Coast",1.26470020850431,"Upland","7","US-A03","SPEI_12__Pacific Coast",5.22609040948474,0.837278920961253,3.58502372440068,6.86715709456879
"SPEI_24","Pacific Coast",1.26470020850431,"Upland","7","US-A03","SPEI_24__Pacific Coast",5.20650550359369,0.838059858450912,3.5639081810299,6.84910282615747
"SPEI_36","Pacific Coast",1.26470020850431,"Upland","7","US-A03","SPEI_36__Pacific Coast",5.2263844808775,0.837270271837136,3.58533474807671,6.86743421367828
"SPEI_48","Pacific Coast",1.26470020850431,"Upland","7","US-A03","SPEI_48__Pacific Coast",5.22651333945962,0.837281788421163,3.58544103415414,6.8675856447651
"SPEI_1","Gulf Coast",1.26470020850431,"Upland","7","US-A03","SPEI_1__Gulf Coast",7.14165860082501,1.28852720389217,4.61614528119636,9.66717192045365
"SPEI_3","Gulf Coast",1.26470020850431,"Upland","7","US-A03","SPEI_3__Gulf Coast",7.97095248922922,1.34406308587523,5.33658884091377,10.6053161375447
"SPEI_6","Gulf Coast",1.26470020850431,"Upland","7","US-A03","SPEI_6__Gulf Coast",7.13843466475012,1.30521444996036,4.58021434282781,9.69665498667242
"SPEI_12","Gulf Coast",1.26470020850431,"Upland","7","US-A03","SPEI_12__Gulf Coast",6.78146192413646,1.29996002665589,4.23354027189091,9.329383576382
"SPEI_24","Gulf Coast",1.26470020850431,"Upland","7","US-A03","SPEI_24__Gulf Coast",7.08659564343933,1.29632719270194,4.54579434574353,9.62739694113513
"SPEI_36","Gulf Coast",1.26470020850431,"Upland","7","US-A03","SPEI_36__Gulf Coast",7.22401519002347,1.28757605036465,4.70036613130875,9.74766424873819
"SPEI_48","Gulf Coast",1.26470020850431,"Upland","7","US-A03","SPEI_48__Gulf Coast",7.86707529534847,1.2653148012122,5.38705828497255,10.3470923057244
"SPEI_1","AK Coast",1.26470020850431,"Upland","7","US-A03","SPEI_1__AK Coast",6.87516055914709,0.971565264866786,4.97089264000819,8.77942847828599
"SPEI_3","AK Coast",1.26470020850431,"Upland","7","US-A03","SPEI_3__AK Coast",7.22653816255232,0.983597168169385,5.29868771294033,9.15438861216432
"SPEI_6","AK Coast",1.26470020850431,"Upland","7","US-A03","SPEI_6__AK Coast",7.23444738103125,0.982768795266043,5.30822054230981,9.1606742197527
"SPEI_12","AK Coast",1.26470020850431,"Upland","7","US-A03","SPEI_12__AK Coast",7.10530986873346,0.978579663469065,5.18729372833409,9.02332600913283
"SPEI_24","AK Coast",1.26470020850431,"Upland","7","US-A03","SPEI_24__AK Coast",7.06186698827851,0.979276853821372,5.14248435478862,8.9812496217684
"SPEI_36","AK Coast",1.26470020850431,"Upland","7","US-A03","SPEI_36__AK Coast",7.07556464672234,0.975802365639332,5.16299201006925,8.98813728337543
"SPEI_48","AK Coast",1.26470020850431,"Upland","7","US-A03","SPEI_48__AK Coast",7.02282179051103,0.97512251535882,5.11158166040775,8.93406192061432
"SPEI_1","Atlantic Coast",1.29893962042802,"Upland","7","US-A03","SPEI_1__Atlantic Coast",4.4119139711833,0.657109725210656,3.12397890977042,5.69984903259619
"SPEI_3","Atlantic Coast",1.29893962042802,"Upland","7","US-A03","SPEI_3__Atlantic Coast",4.29037951701304,0.66164884351718,2.99354778371937,5.58721125030672
"SPEI_6","Atlantic Coast",1.29893962042802,"Upland","7","US-A03","SPEI_6__Atlantic Coast",4.32731863105544,0.660670134113686,3.03240516819262,5.62223209391827
"SPEI_12","Atlantic Coast",1.29893962042802,"Upland","7","US-A03","SPEI_12__Atlantic Coast",4.368453011332,0.659622113259549,3.07559366934328,5.66131235332071
"SPEI_24","Atlantic Coast",1.29893962042802,"Upland","7","US-A03","SPEI_24__Atlantic Coast",4.31157122488441,0.660959159108382,3.01609127303198,5.60705117673684
"SPEI_36","Atlantic Coast",1.29893962042802,"Upland","7","US-A03","SPEI_36__Atlantic Coast",4.26684983970115,0.661423240207549,2.97046028889435,5.56323939050794
"SPEI_48","Atlantic Coast",1.29893962042802,"Upland","7","US-A03","SPEI_48__Atlantic Coast",4.1881741702449,0.662833519554529,2.88902047191802,5.48732786857177
"SPEI_1","Pacific Coast",1.29893962042802,"Upland","7","US-A03","SPEI_1__Pacific Coast",5.09390257354754,0.84620873911881,3.43533344487468,6.75247170222041
"SPEI_3","Pacific Coast",1.29893962042802,"Upland","7","US-A03","SPEI_3__Pacific Coast",5.1438042032689,0.841620827963724,3.49422738046,6.7933810260778
"SPEI_6","Pacific Coast",1.29893962042802,"Upland","7","US-A03","SPEI_6__Pacific Coast",5.12144905514865,0.84209145199355,3.47094980924129,6.771948301056
"SPEI_12","Pacific Coast",1.29893962042802,"Upland","7","US-A03","SPEI_12__Pacific Coast",5.22607902205714,0.837280593107382,3.58500905956667,6.86714898454761
"SPEI_24","Pacific Coast",1.29893962042802,"Upland","7","US-A03","SPEI_24__Pacific Coast",5.20602696445554,0.83809768551432,3.56335550084747,6.84869842806361
"SPEI_36","Pacific Coast",1.29893962042802,"Upland","7","US-A03","SPEI_36__Pacific Coast",5.22637764426752,0.837271535932034,3.58532543384073,6.8674298546943
"SPEI_48","Pacific Coast",1.29893962042802,"Upland","7","US-A03","SPEI_48__Pacific Coast",5.2265120429091,0.8372838060176,3.5854357831146,6.8675883027036
"SPEI_1","Gulf Coast",1.29893962042802,"Upland","7","US-A03","SPEI_1__Gulf Coast",7.12147370676011,1.2898761632936,4.59331642670465,9.64963098681558
"SPEI_3","Gulf Coast",1.29893962042802,"Upland","7","US-A03","SPEI_3__Gulf Coast",8.08583869910301,1.34927356886343,5.44126250413069,10.7304148940753
"SPEI_6","Gulf Coast",1.29893962042802,"Upland","7","US-A03","SPEI_6__Gulf Coast",7.15204248562403,1.30890464286064,4.58658938561717,9.71749558563088
"SPEI_12","Gulf Coast",1.29893962042802,"Upland","7","US-A03","SPEI_12__Gulf Coast",6.81256390290626,1.29991901727772,4.26472262904192,9.3604051767706
"SPEI_24","Gulf Coast",1.29893962042802,"Upland","7","US-A03","SPEI_24__Gulf Coast",7.07183504279589,1.30077125752996,4.52232337803717,9.6213467075546
"SPEI_36","Gulf Coast",1.29893962042802,"Upland","7","US-A03","SPEI_36__Gulf Coast",7.20535163287889,1.28894899379018,4.67901160505014,9.73169166070763
"SPEI_48","Gulf Coast",1.29893962042802,"Upland","7","US-A03","SPEI_48__Gulf Coast",7.86708259101062,1.26533408330179,5.38702778773912,10.3471373942821
"SPEI_1","AK Coast",1.29893962042802,"Upland","7","US-A03","SPEI_1__AK Coast",6.87518903943677,0.971575885977492,4.97090030292088,8.77947777595265
"SPEI_3","AK Coast",1.29893962042802,"Upland","7","US-A03","SPEI_3__AK Coast",7.24460585382545,0.984179758394363,5.3156135273725,9.17359818027841
"SPEI_6","AK Coast",1.29893962042802,"Upland","7","US-A03","SPEI_6__AK Coast",7.24958196929558,0.983412351036705,5.32209376126364,9.17707017732752
"SPEI_12","AK Coast",1.29893962042802,"Upland","7","US-A03","SPEI_12__AK Coast",7.11557465185526,0.97925297393112,5.19623882295027,9.03491048076026
"SPEI_24","AK Coast",1.29893962042802,"Upland","7","US-A03","SPEI_24__AK Coast",7.0619832426456,0.97980924990895,5.14155711282406,8.98240937246714
"SPEI_36","AK Coast",1.29893962042802,"Upland","7","US-A03","SPEI_36__AK Coast",7.08679964477934,0.976325820507625,5.1732010365844,9.00039825297428
"SPEI_48","AK Coast",1.29893962042802,"Upland","7","US-A03","SPEI_48__AK Coast",7.03090579622505,0.975549827265063,5.11882813478553,8.94298345766457
"SPEI_1","Atlantic Coast",1.33317903235173,"Upland","7","US-A03","SPEI_1__Atlantic Coast",4.41189737336627,0.657112490373597,3.12395689223402,5.69983785449852
"SPEI_3","Atlantic Coast",1.33317903235173,"Upland","7","US-A03","SPEI_3__Atlantic Coast",4.28775830867033,0.661891061436083,2.99045182825561,5.58506478908506
"SPEI_6","Atlantic Coast",1.33317903235173,"Upland","7","US-A03","SPEI_6__Atlantic Coast",4.32514180435468,0.660854163031908,3.02986764481214,5.62041596389722
"SPEI_12","Atlantic Coast",1.33317903235173,"Upland","7","US-A03","SPEI_12__Atlantic Coast",4.36706511531034,0.659742218237635,3.07397036756458,5.66015986305611
"SPEI_24","Atlantic Coast",1.33317903235173,"Upland","7","US-A03","SPEI_24__Atlantic Coast",4.30898378825627,0.661156605676535,3.01311684113026,5.60485073538227
"SPEI_36","Atlantic Coast",1.33317903235173,"Upland","7","US-A03","SPEI_36__Atlantic Coast",4.26302638780088,0.661649472757198,2.96619342119677,5.55985935440499
"SPEI_48","Atlantic Coast",1.33317903235173,"Upland","7","US-A03","SPEI_48__Atlantic Coast",4.18024458098857,0.663217193469549,2.88033888178825,5.48015028018889
"SPEI_1","Pacific Coast",1.33317903235173,"Upland","7","US-A03","SPEI_1__Pacific Coast",5.10013263790163,0.846668939362076,3.44066151675196,6.7596037590513
"SPEI_3","Pacific Coast",1.33317903235173,"Upland","7","US-A03","SPEI_3__Pacific Coast",5.14381794536087,0.841821006051921,3.49384877349911,6.79378711722264
"SPEI_6","Pacific Coast",1.33317903235173,"Upland","7","US-A03","SPEI_6__Pacific Coast",5.12080269411576,0.84236138025842,3.46977438880926,6.77183099942226
"SPEI_12","Pacific Coast",1.33317903235173,"Upland","7","US-A03","SPEI_12__Pacific Coast",5.22606783159094,0.837282301737245,3.58499452018594,6.86714114299595
"SPEI_24","Pacific Coast",1.33317903235173,"Upland","7","US-A03","SPEI_24__Pacific Coast",5.20556384170017,0.838136388238801,3.56281652075212,6.84831116264822
"SPEI_36","Pacific Coast",1.33317903235173,"Upland","7","US-A03","SPEI_36__Pacific Coast",5.2263708780597,0.837272825990729,3.58531613911787,6.86742561700153
"SPEI_48","Pacific Coast",1.33317903235173,"Upland","7","US-A03","SPEI_48__Pacific Coast",5.22651078424102,0.837285871597508,3.5854304759099,6.86759109257213
"SPEI_1","Gulf Coast",1.33317903235173,"Upland","7","US-A03","SPEI_1__Gulf Coast",7.10129072311645,1.29126216147284,4.57041688662968,9.63216455960322
"SPEI_3","Gulf Coast",1.33317903235173,"Upland","7","US-A03","SPEI_3__Gulf Coast",8.19890193257124,1.35501181761513,5.54307877004558,10.8547250950969
"SPEI_6","Gulf Coast",1.33317903235173,"Upland","7","US-A03","SPEI_6__Gulf Coast",7.16606668320287,1.31292400638576,4.59273563068678,9.73939773571896
"SPEI_12","Gulf Coast",1.33317903235173,"Upland","7","US-A03","SPEI_12__Gulf Coast",6.84431862777946,1.30009272275173,4.29613689118608,9.39250036437284
"SPEI_24","Gulf Coast",1.33317903235173,"Upland","7","US-A03","SPEI_24__Gulf Coast",7.05864454272419,1.30575481581839,4.49936510372015,9.61792398172823
"SPEI_36","Gulf Coast",1.33317903235173,"Upland","7","US-A03","SPEI_36__Gulf Coast",7.18669438735418,1.29036281354506,4.65758327280586,9.7158055019025
"SPEI_48","Gulf Coast",1.33317903235173,"Upland","7","US-A03","SPEI_48__Gulf Coast",7.86708962576775,1.26535372237532,5.38699632991213,10.3471829216234
"SPEI_1","AK Coast",1.33317903235173,"Upland","7","US-A03","SPEI_1__AK Coast",6.87521528879449,0.97158673138932,4.97090529527142,8.77952528231756
"SPEI_3","AK Coast",1.33317903235173,"Upland","7","US-A03","SPEI_3__AK Coast",7.26292306210239,0.98479639856504,5.33272212091491,9.19312400328987
"SPEI_6","AK Coast",1.33317903235173,"Upland","7","US-A03","SPEI_6__AK Coast",7.26473487532814,0.984093838381553,5.33591095210029,9.19355879855598
"SPEI_12","AK Coast",1.33317903235173,"Upland","7","US-A03","SPEI_12__AK Coast",7.12583663124091,0.979956315783336,5.20512225230557,9.04655101017625
"SPEI_24","AK Coast",1.33317903235173,"Upland","7","US-A03","SPEI_24__AK Coast",7.06167929111553,0.980376887894737,5.14014059084185,8.98321799138921
"SPEI_36","AK Coast",1.33317903235173,"Upland","7","US-A03","SPEI_36__AK Coast",7.09802856757663,0.976879203681607,5.18334532836068,9.01271180679257
"SPEI_48","AK Coast",1.33317903235173,"Upland","7","US-A03","SPEI_48__AK Coast",7.03898943606636,0.976000289035505,5.12602886955677,8.95195000257595
"SPEI_1","Atlantic Coast",1.36741844427544,"Upland","7","US-A03","SPEI_1__Atlantic Coast",4.41188099702855,0.657115302959822,3.1239350032273,5.6998269908298
"SPEI_3","Atlantic Coast",1.36741844427544,"Upland","7","US-A03","SPEI_3__Atlantic Coast",4.28521335994941,0.662140148549482,2.98741866879242,5.58300805110639
"SPEI_6","Atlantic Coast",1.36741844427544,"Upland","7","US-A03","SPEI_6__Atlantic Coast",4.32296530175079,0.66104273756671,3.02732153612004,5.61860906738154
"SPEI_12","Atlantic Coast",1.36741844427544,"Upland","7","US-A03","SPEI_12__Atlantic Coast",4.36569453832211,0.659864422373906,3.07236027046926,5.65902880617497
"SPEI_24","Atlantic Coast",1.36741844427544,"Upland","7","US-A03","SPEI_24__Atlantic Coast",4.30639671930274,0.661358892929625,3.01013328916068,5.60266014944481
"SPEI_36","Atlantic Coast",1.36741844427544,"Upland","7","US-A03","SPEI_36__Atlantic Coast",4.25920371233807,0.661881462399101,2.96191604603583,5.55649137864031
"SPEI_48","Atlantic Coast",1.36741844427544,"Upland","7","US-A03","SPEI_48__Atlantic Coast",4.17233978082398,0.663622949595153,2.87163879961748,5.47304076203048
"SPEI_1","Pacific Coast",1.36741844427544,"Upland","7","US-A03","SPEI_1__Pacific Coast",5.10658072868641,0.847150565094576,3.44616562110104,6.76699583627178
"SPEI_3","Pacific Coast",1.36741844427544,"Upland","7","US-A03","SPEI_3__Pacific Coast",5.14392149575162,0.842026029213122,3.4935504784939,6.79429251300934
"SPEI_6","Pacific Coast",1.36741844427544,"Upland","7","US-A03","SPEI_6__Pacific Coast",5.12022838656604,0.842645053508202,3.46864408168996,6.77181269144211
"SPEI_12","Pacific Coast",1.36741844427544,"Upland","7","US-A03","SPEI_12__Pacific Coast",5.2260568376391,0.837284046042477,3.58498010739585,6.86713356788236
"SPEI_24","Pacific Coast",1.36741844427544,"Upland","7","US-A03","SPEI_24__Pacific Coast",5.20511608250832,0.83817592882158,3.56229126201803,6.84794090299862
"SPEI_36","Pacific Coast",1.36741844427544,"Upland","7","US-A03","SPEI_36__Pacific Coast",5.22636418435579,0.837274141135885,3.58530686772946,6.86742150098213
"SPEI_48","Pacific Coast",1.36741844427544,"Upland","7","US-A03","SPEI_48__Pacific Coast",5.22650956300736,0.837287984283254,3.58542511381218,6.86759401220254
"SPEI_1","Gulf Coast",1.36741844427544,"Upland","7","US-A03","SPEI_1__Gulf Coast",7.08110952619157,1.29268512645096,4.54744667834769,9.61477237403545
"SPEI_3","Gulf Coast",1.36741844427544,"Upland","7","US-A03","SPEI_3__Gulf Coast",8.30985421934344,1.36152300120757,5.64126913697659,10.9784393017103
"SPEI_6","Gulf Coast",1.36741844427544,"Upland","7","US-A03","SPEI_6__Gulf Coast",7.18043456308414,1.31728476755582,4.59855641867472,9.76231270749355
"SPEI_12","Gulf Coast",1.36741844427544,"Upland","7","US-A03","SPEI_12__Gulf Coast",6.87657759686977,1.30052986583057,4.32753905984185,9.4256161338977
"SPEI_24","Gulf Coast",1.36741844427544,"Upland","7","US-A03","SPEI_24__Gulf Coast",7.04708343752551,1.31128681099437,4.47696128797653,9.61720558707448
"SPEI_36","Gulf Coast",1.36741844427544,"Upland","7","US-A03","SPEI_36__Gulf Coast",7.16804356180644,1.2918174887513,4.6360812838539,9.70000583975898
"SPEI_48","Gulf Coast",1.36741844427544,"Upland","7","US-A03","SPEI_48__Gulf Coast",7.86709639223407,1.26537370861146,5.3869639233556,10.3472288611125
"SPEI_1","AK Coast",1.36741844427544,"Upland","7","US-A03","SPEI_1__AK Coast",6.87523930543262,0.971597790379935,4.97090763628795,8.77957097457729
"SPEI_3","AK Coast",1.36741844427544,"Upland","7","US-A03","SPEI_3__AK Coast",7.28149490217698,0.985448769957142,5.35001531306098,9.21297449129298
"SPEI_6","AK Coast",1.36741844427544,"Upland","7","US-A03","SPEI_6__AK Coast",7.27990425569463,0.984814877927933,5.34966709495588,9.21014141643338
"SPEI_12","AK Coast",1.36741844427544,"Upland","7","US-A03","SPEI_12__AK Coast",7.13609580956297,0.980689654219124,5.21394408729348,9.05824753183245
"SPEI_24","AK Coast",1.36741844427544,"Upland","7","US-A03","SPEI_24__AK Coast",7.06096718590298,0.980980582791802,5.13824524363104,8.98368912817491
"SPEI_36","AK Coast",1.36741844427544,"Upland","7","US-A03","SPEI_36__AK Coast",7.10925152292354,0.977462523442655,5.19342497697593,9.02507806887114
"SPEI_48","AK Coast",1.36741844427544,"Upland","7","US-A03","SPEI_48__AK Coast",7.04707271465166,0.976473878738307,5.13318391232458,8.96096151697874
"SPEI_1","Atlantic Coast",1.40165785619916,"Upland","7","US-A03","SPEI_1__Atlantic Coast",4.41186484209293,0.657118161962345,3.12391324464673,5.69981643953912
"SPEI_3","Atlantic Coast",1.40165785619916,"Upland","7","US-A03","SPEI_3__Atlantic Coast",4.28274522661923,0.662396027256897,2.98444901319571,5.58104144004275
"SPEI_6","Atlantic Coast",1.40165785619916,"Upland","7","US-A03","SPEI_6__Atlantic Coast",4.32078912608139,0.661235855773404,3.02476684876551,5.61681140339726
"SPEI_12","Atlantic Coast",1.40165785619916,"Upland","7","US-A03","SPEI_12__Atlantic Coast",4.36434190278475,0.659988674498765,3.07076410076717,5.65791970480233
"SPEI_24","Atlantic Coast",1.40165785619916,"Upland","7","US-A03","SPEI_24__Atlantic Coast",4.30381002383854,0.661566018377853,3.00714062781795,5.60047941985913
"SPEI_36","Atlantic Coast",1.40165785619916,"Upland","7","US-A03","SPEI_36__Atlantic Coast",4.25538181901763,0.662119211912833,2.95762816366848,5.55313547436679
"SPEI_48","Atlantic Coast",1.40165785619916,"Upland","7","US-A03","SPEI_48__Atlantic Coast",4.16446277039953,0.664051487625289,2.86292185465397,5.4660036861451
"SPEI_1","Pacific Coast",1.40165785619916,"Upland","7","US-A03","SPEI_1__Pacific Coast",5.11323506983406,0.847653773499463,3.45183367377511,6.77463646589301
"SPEI_3","Pacific Coast",1.40165785619916,"Upland","7","US-A03","SPEI_3__Pacific Coast",5.14411320532745,0.842235823397476,3.4933309914684,6.79489541918651
"SPEI_6","Pacific Coast",1.40165785619916,"Upland","7","US-A03","SPEI_6__Pacific Coast",5.11972583809283,0.842942820335669,3.46755791023491,6.77189376595074
"SPEI_12","Pacific Coast",1.40165785619916,"Upland","7","US-A03","SPEI_12__Pacific Coast",5.22604603890176,0.837285825388025,3.58496582114123,6.86712625666229
"SPEI_24","Pacific Coast",1.40165785619916,"Upland","7","US-A03","SPEI_24__Pacific Coast",5.20468356700574,0.838216278472466,3.5617796611997,6.84758747281177
"SPEI_36","Pacific Coast",1.40165785619916,"Upland","7","US-A03","SPEI_36__Pacific Coast",5.22635756473802,0.837275480665843,3.58529762263297,6.86741750684307
"SPEI_48","Pacific Coast",1.40165785619916,"Upland","7","US-A03","SPEI_48__Pacific Coast",5.22650837861969,0.837290143369051,3.58541969761635,6.86759705962303
"SPEI_1","Gulf Coast",1.40165785619916,"Upland","7","US-A03","SPEI_1__Gulf Coast",7.06092999400892,1.29414498592716,4.52440582159169,9.59745416642615
"SPEI_3","Gulf Coast",1.40165785619916,"Upland","7","US-A03","SPEI_3__Gulf Coast",8.41843943764285,1.36910526852233,5.73499311133909,11.1018857639466
"SPEI_6","Gulf Coast",1.40165785619916,"Upland","7","US-A03","SPEI_6__Gulf Coast",7.19507766367906,1.32199978710815,4.60395808094709,9.78619724641104
"SPEI_12","Gulf Coast",1.40165785619916,"Upland","7","US-A03","SPEI_12__Gulf Coast",6.90920160198097,1.30128311545146,4.35868669569611,9.45971650826583
"SPEI_24","Gulf Coast",1.40165785619916,"Upland","7","US-A03","SPEI_24__Gulf Coast",7.03719938039174,1.31737492184678,4.45514453357205,9.61925422721143
"SPEI_36","Gulf Coast",1.40165785619916,"Upland","7","US-A03","SPEI_36__Gulf Coast",7.149399227715,1.29331299951308,4.61450574866937,9.68429270676063
"SPEI_48","Gulf Coast",1.40165785619916,"Upland","7","US-A03","SPEI_48__Gulf Coast",7.86710288465494,1.26539403399254,5.38693057802956,10.3472751912803
"SPEI_1","AK Coast",1.40165785619916,"Upland","7","US-A03","SPEI_1__AK Coast",6.87526109771881,0.971609054141955,4.97090735160057,8.77961484383704
"SPEI_3","AK Coast",1.40165785619916,"Upland","7","US-A03","SPEI_3__AK Coast",7.30032507113234,0.98613894945567,5.36749273019923,9.23315741206545
"SPEI_6","AK Coast",1.40165785619916,"Upland","7","US-A03","SPEI_6__AK Coast",7.29508840782094,0.985577312613757,5.36335687509797,9.2268199405439
"SPEI_12","AK Coast",1.40165785619916,"Upland","7","US-A03","SPEI_12__AK Coast",7.14635220227231,0.981452955488851,5.22270440951416,9.06999999503046
"SPEI_24","AK Coast",1.40165785619916,"Upland","7","US-A03","SPEI_24__AK Coast",7.05985986389156,0.981621445358443,5.13588183098902,8.98383789679411
"SPEI_36","AK Coast",1.40165785619916,"Upland","7","US-A03","SPEI_36__AK Coast",7.12046863668819,0.978075794309188,5.20344007984218,9.0374971935342
"SPEI_48","AK Coast",1.40165785619916,"Upland","7","US-A03","SPEI_48__AK Coast",7.05515563774062,0.976970574630499,5.14029331146484,8.9700179640164
"SPEI_1","Atlantic Coast",1.43589726812287,"Upland","7","US-A03","SPEI_1__Atlantic Coast",4.41184890743658,0.657121066645733,3.12389161681094,5.69980619806222
"SPEI_3","Atlantic Coast",1.43589726812287,"Upland","7","US-A03","SPEI_3__Atlantic Coast",4.28035405457477,0.662658659284138,2.98154308237786,5.57916502677168
"SPEI_6","Atlantic Coast",1.43589726812287,"Upland","7","US-A03","SPEI_6__Atlantic Coast",4.31861327837354,0.661433516011389,3.02220358699122,5.61502296975586
"SPEI_12","Atlantic Coast",1.43589726812287,"Upland","7","US-A03","SPEI_12__Atlantic Coast",4.36300769085052,0.660114945031914,3.06918239858797,5.65683298311307
"SPEI_24","Atlantic Coast",1.43589726812287,"Upland","7","US-A03","SPEI_24__Atlantic Coast",4.30122370540871,0.661777979712304,3.0041388651726,5.59830854564483
"SPEI_36","Atlantic Coast",1.43589726812287,"Upland","7","US-A03","SPEI_36__Atlantic Coast",4.25156070927789,0.66236272462679,2.95332976900939,5.5497916495464
"SPEI_48","Atlantic Coast",1.43589726812287,"Upland","7","US-A03","SPEI_48__Atlantic Coast",4.15661615217128,0.664503553403856,2.85418918749973,5.45904311684284
"SPEI_1","Pacific Coast",1.43589726812287,"Upland","7","US-A03","SPEI_1__Pacific Coast",5.12008393503073,0.8481788313606,3.45765342556395,6.7825144444975
"SPEI_3","Pacific Coast",1.43589726812287,"Upland","7","US-A03","SPEI_3__Pacific Coast",5.14439115720817,0.842450356127633,3.49318845919801,6.79559385521833
"SPEI_6","Pacific Coast",1.43589726812287,"Upland","7","US-A03","SPEI_6__Pacific Coast",5.11929446583222,0.843255065660975,3.46651453713671,6.77207439452773
"SPEI_12","Pacific Coast",1.43589726812287,"Upland","7","US-A03","SPEI_12__Pacific Coast",5.22603543327469,0.837287639321685,3.58495166020419,6.86711920634519
"SPEI_24","Pacific Coast",1.43589726812287,"Upland","7","US-A03","SPEI_24__Pacific Coast",5.20426611243639,0.838257418090933,3.56128157297816,6.84725065189462
"SPEI_36","Pacific Coast",1.43589726812287,"Upland","7","US-A03","SPEI_36__Pacific Coast",5.22635102029087,0.837276844064871,3.58528840592372,6.86741363465802
"SPEI_48","Pacific Coast",1.43589726812287,"Upland","7","US-A03","SPEI_48__Pacific Coast",5.226507230361,0.837292348330881,3.58541422763248,6.86760023308953
"SPEI_1","Gulf Coast",1.43589726812287,"Upland","7","US-A03","SPEI_1__Gulf Coast",7.04075200694824,1.2956416673821,4.50129433887932,9.58020967501716
"SPEI_3","Gulf Coast",1.43589726812287,"Upland","7","US-A03","SPEI_3__Gulf Coast",8.52443245079336,1.37810675058637,5.82334321964407,11.2255216819427
"SPEI_6","Gulf Coast",1.43589726812287,"Upland","7","US-A03","SPEI_6__Gulf Coast",7.20993186957002,1.3270826722281,4.60884983200294,9.8110139071371
"SPEI_12","Gulf Coast",1.43589726812287,"Upland","7","US-A03","SPEI_12__Gulf Coast",6.94206107065363,1.30240888494224,4.38933965616684,9.49478248514042
"SPEI_24","Gulf Coast",1.43589726812287,"Upland","7","US-A03","SPEI_24__Gulf Coast",7.02902858350694,1.32402583585083,4.43393794523931,9.62411922177457
"SPEI_36","Gulf Coast",1.43589726812287,"Upland","7","US-A03","SPEI_36__Gulf Coast",7.13076142083034,1.29484932718446,4.59285673954881,9.66866610211188
"SPEI_48","Gulf Coast",1.43589726812287,"Upland","7","US-A03","SPEI_48__Gulf Coast",7.86710909891137,1.26541469239574,5.38689630181571,10.347321896007
"SPEI_1","AK Coast",1.43589726812287,"Upland","7","US-A03","SPEI_1__AK Coast",6.875280683612,0.971620515913044,4.97090447242244,8.77965689480157
"SPEI_3","AK Coast",1.43589726812287,"Upland","7","US-A03","SPEI_3__AK Coast",7.31941587011129,0.986869430816722,5.38515178571052,9.25367995451207
"SPEI_6","AK Coast",1.43589726812287,"Upland","7","US-A03","SPEI_6__AK Coast",7.31028576423031,0.98638321627534,5.37697466033064,9.24359686812997
"SPEI_12","AK Coast",1.43589726812287,"Upland","7","US-A03","SPEI_12__AK Coast",7.15660583678634,0.982246186997116,5.231403310272,9.08180836330069
"SPEI_24","AK Coast",1.43589726812287,"Upland","7","US-A03","SPEI_24__AK Coast",7.05837102874947,0.982300909522739,5.1330612460849,8.98368081141404
"SPEI_36","AK Coast",1.43589726812287,"Upland","7","US-A03","SPEI_36__AK Coast",7.13168005131005,0.978719037140013,5.21339073851563,9.04996936410448
"SPEI_48","AK Coast",1.43589726812287,"Upland","7","US-A03","SPEI_48__AK Coast",7.06323821223849,0.977490355203505,5.14735711603962,8.97911930843736
"SPEI_1","Atlantic Coast",1.47013668004658,"Upland","7","US-A03","SPEI_1__Atlantic Coast",4.41183319079029,0.657124016588922,3.12387011827601,5.69979626330458
"SPEI_3","Atlantic Coast",1.47013668004658,"Upland","7","US-A03","SPEI_3__Atlantic Coast",4.27803953682695,0.662928055835837,2.97870054738871,5.57737852626519
"SPEI_6","Atlantic Coast",1.47013668004658,"Upland","7","US-A03","SPEI_6__Atlantic Coast",4.31643775765425,0.661635716995213,3.01963175234363,5.61324376296486
"SPEI_12","Atlantic Coast",1.47013668004658,"Upland","7","US-A03","SPEI_12__Atlantic Coast",4.36169222854262,0.66024322995163,3.06761549783742,5.65576895924781
"SPEI_24","Atlantic Coast",1.47013668004658,"Upland","7","US-A03","SPEI_24__Atlantic Coast",4.29863776505176,0.661994774838465,3.00112800636837,5.59614752373515
"SPEI_36","Atlantic Coast",1.47013668004658,"Upland","7","US-A03","SPEI_36__Atlantic Coast",4.24774037986726,0.662612004485443,2.94902085107579,5.54645990865873
"SPEI_48","Atlantic Coast",1.47013668004658,"Upland","7","US-A03","SPEI_48__Atlantic Coast",4.14880208311315,0.664979944725777,2.84544139145062,5.45216277477567
"SPEI_1","Pacific Coast",1.47013668004658,"Upland","7","US-A03","SPEI_1__Pacific Coast",5.12711569626891,0.848726150978267,3.46361244035151,6.79061895218632
"SPEI_3","Pacific Coast",1.47013668004658,"Upland","7","US-A03","SPEI_3__Pacific Coast",5.14475314613562,0.842669645721389,3.4931206405217,6.79638565174954
"SPEI_6","Pacific Coast",1.47013668004658,"Upland","7","US-A03","SPEI_6__Pacific Coast",5.11893336645619,0.843582217268384,3.46551222061016,6.77235451230223
"SPEI_12","Pacific Coast",1.47013668004658,"Upland","7","US-A03","SPEI_12__Pacific Coast",5.22602501777602,0.837289487603574,3.58493762207302,6.86711241347903
"SPEI_24","Pacific Coast",1.47013668004658,"Upland","7","US-A03","SPEI_24__Pacific Coast",5.20386346770105,0.838299340040633,3.56079676122141,6.84693017418069
"SPEI_36","Pacific Coast",1.47013668004658,"Upland","7","US-A03","SPEI_36__Pacific Coast",5.22634455154909,0.837278231033491,3.58527921872344,6.86740988437473
"SPEI_48","Pacific Coast",1.47013668004658,"Upland","7","US-A03","SPEI_48__Pacific Coast",5.22650611737686,0.837294598856092,3.58540870361892,6.8676035311348
"SPEI_1","Gulf Coast",1.47013668004658,"Upland","7","US-A03","SPEI_1__Gulf Coast",7.02057544852581,1.29717509838053,4.47811225569997,9.56303864135164
"SPEI_3","Gulf Coast",1.47013668004658,"Upland","7","US-A03","SPEI_3__Gulf Coast",8.62764280506662,1.38892032645656,5.90535896521177,11.3499266449215
"SPEI_6","Gulf Coast",1.47013668004658,"Upland","7","US-A03","SPEI_6__Gulf Coast",7.22493809525454,1.33254796431561,4.61314408519595,9.83673210531313
"SPEI_12","Gulf Coast",1.47013668004658,"Upland","7","US-A03","SPEI_12__Gulf Coast",6.97503762635768,1.30396712682611,4.41926205777851,9.53081319493685
"SPEI_24","Gulf Coast",1.47013668004658,"Upland","7","US-A03","SPEI_24__Gulf Coast",7.02259442463789,1.33124561006799,4.41335302890462,9.63183582037115
"SPEI_36","Gulf Coast",1.47013668004658,"Upland","7","US-A03","SPEI_36__Gulf Coast",7.11213013720719,1.29642645502621,4.57113428535583,9.65312598905856
"SPEI_48","Gulf Coast",1.47013668004658,"Upland","7","US-A03","SPEI_48__Gulf Coast",7.86711503273887,1.26543567989553,5.38686110014363,10.3473689653341
"SPEI_1","AK Coast",1.47013668004658,"Upland","7","US-A03","SPEI_1__AK Coast",6.87529809155175,0.971632171320744,4.9708990357631,8.77969714734041
"SPEI_3","AK Coast",1.47013668004658,"Upland","7","US-A03","SPEI_3__AK Coast",7.3387680335452,0.987643163514964,5.40298743305588,9.27454863403453
"SPEI_6","AK Coast",1.47013668004658,"Upland","7","US-A03","SPEI_6__AK Coast",7.32549490706133,0.987234915148384,5.3905144733705,9.26047534075216
"SPEI_12","AK Coast",1.47013668004658,"Upland","7","US-A03","SPEI_12__AK Coast",7.16685675352521,0.98306931758852,5.24004089105171,9.09367261599871
"SPEI_24","AK Coast",1.47013668004658,"Upland","7","US-A03","SPEI_24__AK Coast",7.05651516830626,0.983020780443494,5.12979443863701,8.98323589797551
"SPEI_36","AK Coast",1.47013668004658,"Upland","7","US-A03","SPEI_36__AK Coast",7.14288592693782,0.979392279625354,5.22327705887213,9.06249479500351
"SPEI_48","AK Coast",1.47013668004658,"Upland","7","US-A03","SPEI_48__AK Coast",7.07132044634006,0.978033199323347,5.1543753756663,8.98826551701382
"SPEI_1","Atlantic Coast",1.50437609197029,"Upland","7","US-A03","SPEI_1__Atlantic Coast",4.41181768892944,0.657127011662024,3.12384874607187,5.69978663178701
"SPEI_3","Atlantic Coast",1.50437609197029,"Upland","7","US-A03","SPEI_3__Atlantic Coast",4.27580098551476,0.66320427527456,2.97592060597662,5.5756813650529
"SPEI_6","Atlantic Coast",1.50437609197029,"Upland","7","US-A03","SPEI_6__Atlantic Coast",4.31426256126884,0.661842457751157,3.01705134407658,5.61147377846111
"SPEI_12","Atlantic Coast",1.50437609197029,"Upland","7","US-A03","SPEI_12__Atlantic Coast",4.36039570929809,0.660373548994373,3.06606355326912,5.65472786532706
"SPEI_24","Atlantic Coast",1.50437609197029,"Upland","7","US-A03","SPEI_24__Atlantic Coast",4.29605220169695,0.662216401843681,2.99810805408334,5.59399634931057
"SPEI_36","Atlantic Coast",1.50437609197029,"Upland","7","US-A03","SPEI_36__Atlantic Coast",4.24392082361105,0.662867055960467,2.94470139392853,5.54314025329356
"SPEI_48","Atlantic Coast",1.50437609197029,"Upland","7","US-A03","SPEI_48__Atlantic Coast",4.14102233902839,0.665481506173772,2.8366785869278,5.44536609112899
"SPEI_1","Pacific Coast",1.50437609197029,"Upland","7","US-A03","SPEI_1__Pacific Coast",5.13431885365144,0.849296290218727,3.46969812482273,6.79893958248014
"SPEI_3","Pacific Coast",1.50437609197029,"Upland","7","US-A03","SPEI_3__Pacific Coast",5.14519673210804,0.842893758426758,3.4931249655916,6.79726849862449
"SPEI_6","Pacific Coast",1.50437609197029,"Upland","7","US-A03","SPEI_6__Pacific Coast",5.11864136598478,0.843924742551641,3.46454887058357,6.772733861386
"SPEI_12","Pacific Coast",1.50437609197029,"Upland","7","US-A03","SPEI_12__Pacific Coast",5.22601478869689,0.837291370191731,3.5849237031211,6.86710587427269
"SPEI_24","Pacific Coast",1.50437609197029,"Upland","7","US-A03","SPEI_24__Pacific Coast",5.20347532534813,0.838342047461272,3.56032491232403,6.84662573837222
"SPEI_36","Pacific Coast",1.50437609197029,"Upland","7","US-A03","SPEI_36__Pacific Coast",5.22633815858465,0.837279641474345,3.58527006129493,6.86740625587436
"SPEI_48","Pacific Coast",1.50437609197029,"Upland","7","US-A03","SPEI_48__Pacific Coast",5.22650503870176,0.837296894829512,3.58540312483592,6.8676069525676
"SPEI_1","Gulf Coast",1.50437609197029,"Upland","7","US-A03","SPEI_1__Gulf Coast",7.00040020543783,1.29874520620569,4.45485960127467,9.54594080960099
"SPEI_3","Gulf Coast",1.50437609197029,"Upland","7","US-A03","SPEI_3__Gulf Coast",8.72790979753604,1.40197429977841,5.98004016997036,11.4757794251017
"SPEI_6","Gulf Coast",1.50437609197029,"Upland","7","US-A03","SPEI_6__Gulf Coast",7.24004172907263,1.3384110343566,4.61675610173371,9.86332735641156
"SPEI_12","Gulf Coast",1.50437609197029,"Upland","7","US-A03","SPEI_12__Gulf Coast",7.00802287446902,1.30602076348259,4.44822217804314,9.5678235708949
"SPEI_24","Gulf Coast",1.50437609197029,"Upland","7","US-A03","SPEI_24__Gulf Coast",7.01790929500381,1.33903976049573,4.39339136443219,9.64242722557544
"SPEI_36","Gulf Coast",1.50437609197029,"Upland","7","US-A03","SPEI_36__Gulf Coast",7.0935053393051,1.29804436742154,4.54933837915889,9.63767229945132
"SPEI_48","Gulf Coast",1.50437609197029,"Upland","7","US-A03","SPEI_48__Gulf Coast",7.8671206854762,1.2654569946038,5.38682497605276,10.3474163948996
"SPEI_1","AK Coast",1.50437609197029,"Upland","7","US-A03","SPEI_1__AK Coast",6.87531335868005,0.971644018243111,4.97089108292355,8.77973563443654
"SPEI_3","AK Coast",1.50437609197029,"Upland","7","US-A03","SPEI_3__AK Coast",7.35838095500838,0.988463527355665,5.42099244139127,9.29576946862548
"SPEI_6","AK Coast",1.50437609197029,"Upland","7","US-A03","SPEI_6__AK Coast",7.34071454509105,0.9881349675935,5.40397000860779,9.27745908157431
"SPEI_12","AK Coast",1.50437609197029,"Upland","7","US-A03","SPEI_12__AK Coast",7.17710500363563,0.983922317202133,5.24861726191945,9.1055927453518
"SPEI_24","AK Coast",1.50437609197029,"Upland","7","US-A03","SPEI_24__AK Coast",7.05430736601979,0.983783219820396,5.12609225517181,8.98252247686777
"SPEI_36","AK Coast",1.50437609197029,"Upland","7","US-A03","SPEI_36__AK Coast",7.15408643799593,0.980095555465972,5.23309914928262,9.07507372670924
"SPEI_48","AK Coast",1.50437609197029,"Upland","7","US-A03","SPEI_48__AK Coast",7.07940234933788,0.97859908607995,5.16134814062118,8.99745655805458
"SPEI_1","Atlantic Coast",1.538615503894,"Upland","7","US-A03","SPEI_1__Atlantic Coast",4.41180239767212,0.657130052040358,3.12382749567302,5.69977729967122
"SPEI_3","Atlantic Coast",1.538615503894,"Upland","7","US-A03","SPEI_3__Atlantic Coast",4.27363732669663,0.663487427573737,2.9732019686521,5.57407268474115
"SPEI_6","Atlantic Coast",1.538615503894,"Upland","7","US-A03","SPEI_6__Atlantic Coast",4.31208768485843,0.662053737623925,3.01446235911553,5.60971301060132
"SPEI_12","Atlantic Coast",1.538615503894,"Upland","7","US-A03","SPEI_12__Atlantic Coast",4.35911819024337,0.660505947075914,3.06452653397458,5.65370984651216
"SPEI_24","Atlantic Coast",1.538615503894,"Upland","7","US-A03","SPEI_24__Atlantic Coast",4.29346701212998,0.662442858998889,2.99507900849216,5.5918550157678
"SPEI_36","Atlantic Coast",1.538615503894,"Upland","7","US-A03","SPEI_36__Atlantic Coast",4.24010202938099,0.663127884037313,2.94037137666786,5.53983268209413
"SPEI_48","Atlantic Coast",1.538615503894,"Upland","7","US-A03","SPEI_48__Atlantic Coast",4.13327829914506,0.66600912865118,2.82790040698875,5.43865619130138
"SPEI_1","Pacific Coast",1.538615503894,"Upland","7","US-A03","SPEI_1__Pacific Coast",5.14168210066299,0.849889969610663,3.4758977602261,6.80746644109989
"SPEI_3","Pacific Coast",1.538615503894,"Upland","7","US-A03","SPEI_3__Pacific Coast",5.14571924795048,0.843122812130577,3.49319853617455,6.79823995972641
"SPEI_6","Pacific Coast",1.538615503894,"Upland","7","US-A03","SPEI_6__Pacific Coast",5.11841701546785,0.844283149911362,3.46362204164158,6.77321198929412
"SPEI_12","Pacific Coast",1.538615503894,"Upland","7","US-A03","SPEI_12__Pacific Coast",5.22600474160624,0.837293287251859,3.58490989859259,6.86709958461988
"SPEI_24","Pacific Coast",1.538615503894,"Upland","7","US-A03","SPEI_24__Pacific Coast",5.20310132227567,0.838385554912583,3.55986563464701,6.84633700990433
"SPEI_36","Pacific Coast",1.538615503894,"Upland","7","US-A03","SPEI_36__Pacific Coast",5.22633184099884,0.837281075502468,3.585260933014,6.86740274898368
"SPEI_48","Pacific Coast",1.538615503894,"Upland","7","US-A03","SPEI_48__Pacific Coast",5.22650399326338,0.837299236343505,3.58539749003011,6.86761049649666
"SPEI_1","Gulf Coast",1.538615503894,"Upland","7","US-A03","SPEI_1__Gulf Coast",6.98022616833758,1.30035191782627,4.4315364093981,9.52891592727706
"SPEI_3","Gulf Coast",1.538615503894,"Upland","7","US-A03","SPEI_3__Gulf Coast",8.8251038581809,1.4177211098915,6.04637048279355,11.6038372335683
"SPEI_6","Gulf Coast",1.538615503894,"Upland","7","US-A03","SPEI_6__Gulf Coast",7.25519304194549,1.34468809934825,4.61960436722292,9.89078171666806
"SPEI_12","Gulf Coast",1.538615503894,"Upland","7","US-A03","SPEI_12__Gulf Coast",7.04091931624612,1.30863513591198,4.47599444985864,9.6058441826336
"SPEI_24","Gulf Coast",1.538615503894,"Upland","7","US-A03","SPEI_24__Gulf Coast",7.01497419306328,1.3474134850741,4.37404376231805,9.65590462380851
"SPEI_36","Gulf Coast",1.538615503894,"Upland","7","US-A03","SPEI_36__Gulf Coast",7.07488695525848,1.29970304980875,4.52746897763333,9.62230493288363
"SPEI_48","Gulf Coast",1.538615503894,"Upland","7","US-A03","SPEI_48__Gulf Coast",7.86712605813968,1.26547863677318,5.38678793006425,10.3474641862151
"SPEI_1","AK Coast",1.538615503894,"Upland","7","US-A03","SPEI_1__AK Coast",6.8753265308199,0.971656056932011,4.97088065923316,8.77977240240664
"SPEI_3","AK Coast",1.538615503894,"Upland","7","US-A03","SPEI_3__AK Coast",7.37825263960372,0.989334330073085,5.43915735266047,9.31734792654696
"SPEI_6","AK Coast",1.538615503894,"Upland","7","US-A03","SPEI_6__AK Coast",7.35594351729878,0.989086160681707,5.41733464236263,9.29455239223492
"SPEI_12","AK Coast",1.538615503894,"Upland","7","US-A03","SPEI_12__AK Coast",7.18735064887662,0.984805156792695,5.25713254156294,9.1175687561903
"SPEI_24","AK Coast",1.538615503894,"Upland","7","US-A03","SPEI_24__AK Coast",7.05176322315774,0.984590757115129,5.12196533921208,8.98156110710339
"SPEI_36","AK Coast",1.538615503894,"Upland","7","US-A03","SPEI_36__AK Coast",7.16528177253427,0.980828904065039,5.24285712056679,9.08770642450174
"SPEI_48","AK Coast",1.538615503894,"Upland","7","US-A03","SPEI_48__AK Coast",7.08748393163933,0.979187994757706,5.16827546191422,9.00669240136443
"SPEI_1","Atlantic Coast",1.57285491581771,"Upland","7","US-A03","SPEI_1__Atlantic Coast",4.41178731153738,0.657133138296539,3.12380636047616,5.6997682625986
"SPEI_3","Atlantic Coast",1.57285491581771,"Upland","7","US-A03","SPEI_3__Atlantic Coast",4.2715469568989,0.663777694004465,2.97054267665015,5.57255123714766
"SPEI_6","Atlantic Coast",1.57285491581771,"Upland","7","US-A03","SPEI_6__Atlantic Coast",4.30991312172692,0.662269556389743,3.01186479120302,5.60796145225081
"SPEI_12","Atlantic Coast",1.57285491581771,"Upland","7","US-A03","SPEI_12__Atlantic Coast",4.35785953888613,0.660640502610492,3.06300415376956,5.65271492400269
"SPEI_24","Atlantic Coast",1.57285491581771,"Upland","7","US-A03","SPEI_24__Atlantic Coast",4.2908821901855,0.662674144833129,2.99204086631257,5.58972351405843
"SPEI_36","Atlantic Coast",1.57285491581771,"Upland","7","US-A03","SPEI_36__Atlantic Coast",4.23628398065028,0.663394494365181,2.93603077169453,5.53653718960604
"SPEI_48","Atlantic Coast",1.57285491581771,"Upland","7","US-A03","SPEI_48__Atlantic Coast",4.12557078412754,0.666563760003182,2.8191058145213,5.43203575373377
"SPEI_1","Pacific Coast",1.57285491581771,"Upland","7","US-A03","SPEI_1__Pacific Coast",5.14919448037197,0.850508131868524,3.48219854190966,6.81619041883428
"SPEI_3","Pacific Coast",1.57285491581771,"Upland","7","US-A03","SPEI_3__Pacific Coast",5.14631772913023,0.843356994571426,3.49333801977024,6.79929743849023
"SPEI_6","Pacific Coast",1.57285491581771,"Upland","7","US-A03","SPEI_6__Pacific Coast",5.11825848903194,0.84465800092899,3.46272880721112,6.77378817085277
"SPEI_12","Pacific Coast",1.57285491581771,"Upland","7","US-A03","SPEI_12__Pacific Coast",5.22599487110114,0.837295239218484,3.58489620223291,6.86709353996937
"SPEI_24","Pacific Coast",1.57285491581771,"Upland","7","US-A03","SPEI_24__Pacific Coast",5.20274102090703,0.83842989193268,3.55941843271897,6.84606360909508
"SPEI_36","Pacific Coast",1.57285491581771,"Upland","7","US-A03","SPEI_36__Pacific Coast",5.22632559774423,0.837282533507934,3.58525183206868,6.86739936341978
"SPEI_48","Pacific Coast",1.57285491581771,"Upland","7","US-A03","SPEI_48__Pacific Coast",5.22650297985018,0.837301623759287,3.58539179728198,6.86761416241838
"SPEI_1","Gulf Coast",1.57285491581771,"Upland","7","US-A03","SPEI_1__Gulf Coast",6.96005323425483,1.30199516059507,4.40814271948849,9.51196374902117
"SPEI_3","Gulf Coast",1.57285491581771,"Upland","7","US-A03","SPEI_3__Gulf Coast",8.91913957367095,1.43662327594504,6.10335795281867,11.7349211945232
"SPEI_6","Gulf Coast",1.57285491581771,"Upland","7","US-A03","SPEI_6__Gulf Coast",7.27034946967125,1.35139655179909,4.62161222814504,9.91908671119746
"SPEI_12","Gulf Coast",1.57285491581771,"Upland","7","US-A03","SPEI_12__Gulf Coast",7.073645414394,1.31187755190102,4.502365412668,9.64492541612
"SPEI_24","Gulf Coast",1.57285491581771,"Upland","7","US-A03","SPEI_24__Gulf Coast",7.0137741662815,1.35637227085972,4.35528451539644,9.67226381716655
"SPEI_36","Gulf Coast",1.57285491581771,"Upland","7","US-A03","SPEI_36__Gulf Coast",7.05627486579032,1.3014024902456,4.50552598490894,9.60702374667169
"SPEI_48","Gulf Coast",1.57285491581771,"Upland","7","US-A03","SPEI_48__Gulf Coast",7.86713115410714,1.26550060945298,5.38674995957929,10.347512348635
"SPEI_1","AK Coast",1.57285491581771,"Upland","7","US-A03","SPEI_1__AK Coast",6.87533766553028,0.971668290709957,4.97086781573876,8.77980751532179
"SPEI_3","AK Coast",1.57285491581771,"Upland","7","US-A03","SPEI_3__AK Coast",7.39837915268014,0.990259859542678,5.4574698279765,9.33928847738379
"SPEI_6","AK Coast",1.57285491581771,"Upland","7","US-A03","SPEI_6__AK Coast",7.3711808444582,0.990091545528118,5.43060141522309,9.31176027369331
"SPEI_12","AK Coast",1.57285491581771,"Upland","7","US-A03","SPEI_12__AK Coast",7.19759376524775,0.985717808858702,5.26558685988469,9.12960067061081
"SPEI_24","AK Coast",1.57285491581771,"Upland","7","US-A03","SPEI_24__AK Coast",7.04889894043785,0.985446364750428,5.11742406552702,8.98037381534869
"SPEI_36","AK Coast",1.57285491581771,"Upland","7","US-A03","SPEI_36__AK Coast",7.17647213618622,0.981592371377342,5.25255108828663,9.10039318408581
"SPEI_48","AK Coast",1.57285491581771,"Upland","7","US-A03","SPEI_48__AK Coast",7.09556520516672,0.9797999050798,5.17515739121031,9.01597301912313
"SPEI_1","Atlantic Coast",1.60709432774142,"Upland","7","US-A03","SPEI_1__Atlantic Coast",4.41177242374562,0.657136271416103,3.12378533177005,5.69975951572118
"SPEI_3","Atlantic Coast",1.60709432774142,"Upland","7","US-A03","SPEI_3__Atlantic Coast",4.26952773734551,0.664075332157572,2.96794008631667,5.57111538837435
"SPEI_6","Atlantic Coast",1.60709432774142,"Upland","7","US-A03","SPEI_6__Atlantic Coast",4.30773886281581,0.662489914257914,3.0092586308703,5.60621909476132
"SPEI_12","Atlantic Coast",1.60709432774142,"Upland","7","US-A03","SPEI_12__Atlantic Coast",4.35661942798371,0.660777329101688,3.0614958629444,5.65174299302302
"SPEI_24","Atlantic Coast",1.60709432774142,"Upland","7","US-A03","SPEI_24__Atlantic Coast",4.28829772669944,0.662910258130024,2.98899362076459,5.58760183263428
"SPEI_36","Atlantic Coast",1.60709432774142,"Upland","7","US-A03","SPEI_36__Atlantic Coast",4.23246665545564,0.663666893220878,2.93167954474272,5.53325376616856
"SPEI_48","Atlantic Coast",1.60709432774142,"Upland","7","US-A03","SPEI_48__Atlantic Coast",4.11790003276219,0.667146402302122,2.81029308425003,5.42550698127434
"SPEI_1","Pacific Coast",1.60709432774142,"Upland","7","US-A03","SPEI_1__Pacific Coast",5.15684548297813,0.851151958957745,3.48858764342094,6.82510332253531
"SPEI_3","Pacific Coast",1.60709432774142,"Upland","7","US-A03","SPEI_3__Pacific Coast",5.14698892625013,0.843596567489225,3.49353965397125,6.80043819852901
"SPEI_6","Pacific Coast",1.60709432774142,"Upland","7","US-A03","SPEI_6__Pacific Coast",5.11816358093611,0.845049911000844,3.46186575537445,6.77446140649776
"SPEI_12","Pacific Coast",1.60709432774142,"Upland","7","US-A03","SPEI_12__Pacific Coast",5.22598517081637,0.837297226805634,3.58488260627732,6.86708773535541
"SPEI_24","Pacific Coast",1.60709432774142,"Upland","7","US-A03","SPEI_24__Pacific Coast",5.20239391034821,0.838475103757288,3.55898270698393,6.8458051137125
"SPEI_36","Pacific Coast",1.60709432774142,"Upland","7","US-A03","SPEI_36__Pacific Coast",5.22631942711323,0.837284016167204,3.58524275542551,6.86739609880095
"SPEI_48","Pacific Coast",1.60709432774142,"Upland","7","US-A03","SPEI_48__Pacific Coast",5.22650199711738,0.837304057718078,3.58538604398994,6.86761795024481
"SPEI_1","Gulf Coast",1.60709432774142,"Upland","7","US-A03","SPEI_1__Gulf Coast",6.93988130769791,1.30367486212103,4.38467857794069,9.49508403745512
"SPEI_3","Gulf Coast",1.60709432774142,"Upland","7","US-A03","SPEI_3__Gulf Coast",9.00997792192377,1.45913497354955,6.15007337376666,11.8698824700809
"SPEI_6","Gulf Coast",1.60709432774142,"Upland","7","US-A03","SPEI_6__Gulf Coast",7.28547621649895,1.35855492076555,4.62270857179848,9.94824386119943
"SPEI_12","Gulf Coast",1.60709432774142,"Upland","7","US-A03","SPEI_12__Gulf Coast",7.10613688309293,1.31581640388833,4.5271367314718,9.68513703471406
"SPEI_24","Gulf Coast",1.60709432774142,"Upland","7","US-A03","SPEI_24__Gulf Coast",7.01427778951662,1.3659221445817,4.33707038613649,9.69148519289674
"SPEI_36","Gulf Coast",1.60709432774142,"Upland","7","US-A03","SPEI_36__Gulf Coast",7.03766890335058,1.30314267915743,4.48350925220202,9.59182855449914
"SPEI_48","Gulf Coast",1.60709432774142,"Upland","7","US-A03","SPEI_48__Gulf Coast",7.86713597920315,1.26552291860632,5.38671105873477,10.3475608996715
"SPEI_1","AK Coast",1.60709432774142,"Upland","7","US-A03","SPEI_1__AK Coast",6.87534683205787,0.971680726107844,4.97085260888649,8.77984105522924
"SPEI_3","AK Coast",1.60709432774142,"Upland","7","US-A03","SPEI_3__AK Coast",7.41875456258646,0.991244859564092,5.47591463784084,9.36159448733208
"SPEI_6","AK Coast",1.60709432774142,"Upland","7","US-A03","SPEI_6__AK Coast",7.386425735447,0.991154423318434,5.44376306574287,9.32908840515113
"SPEI_12","AK Coast",1.60709432774142,"Upland","7","US-A03","SPEI_12__AK Coast",7.20783444282177,0.986660247223208,5.27398035826428,9.14168852737925
"SPEI_24","AK Coast",1.60709432774142,"Upland","7","US-A03","SPEI_24__AK Coast",7.04573120444054,0.986353458894652,5.11247842500702,8.97898398387405
"SPEI_36","AK Coast",1.60709432774142,"Upland","7","US-A03","SPEI_36__AK Coast",7.18765775114846,0.982386009231336,5.26218117305504,9.11313432924188
"SPEI_48","AK Coast",1.60709432774142,"Upland","7","US-A03","SPEI_48__AK Coast",7.10364618334356,0.980434797115983,5.18199398099624,9.02529838569089
"SPEI_1","Atlantic Coast",1.64133373966513,"Upland","7","US-A03","SPEI_1__Atlantic Coast",4.41175772654708,0.657139452728775,3.12376439919868,5.69975105389548
"SPEI_3","Atlantic Coast",1.64133373966513,"Upland","7","US-A03","SPEI_3__Atlantic Coast",4.26757712401303,0.664380663625553,2.96539102330694,5.56976322471911
"SPEI_6","Atlantic Coast",1.64133373966513,"Upland","7","US-A03","SPEI_6__Atlantic Coast",4.30556489727809,0.662714811749261,3.00664386624954,5.60448592830664
"SPEI_12","Atlantic Coast",1.64133373966513,"Upland","7","US-A03","SPEI_12__Atlantic Coast",4.35539737994267,0.660916569134293,3.06000090443946,5.65079385544589
"SPEI_24","Atlantic Coast",1.64133373966513,"Upland","7","US-A03","SPEI_24__Atlantic Coast",4.28571361022107,0.66315119783882,2.98593726245698,5.58548995798515
"SPEI_36","Atlantic Coast",1.64133373966513,"Upland","7","US-A03","SPEI_36__Atlantic Coast",4.22865002773377,0.663945087268924,2.92731765668668,5.52998239878086
"SPEI_48","Atlantic Coast",1.64133373966513,"Upland","7","US-A03","SPEI_48__Atlantic Coast",4.11026582672071,0.667758093962095,2.801459962555,5.41907169088641
"SPEI_1","Pacific Coast",1.64133373966513,"Upland","7","US-A03","SPEI_1__Pacific Coast",5.16462502420946,0.851822836456838,3.49505226475406,6.83419778366486
"SPEI_3","Pacific Coast",1.64133373966513,"Upland","7","US-A03","SPEI_3__Pacific Coast",5.14772938882536,0.843841854523388,3.49379935395952,6.8016594236912
"SPEI_6","Pacific Coast",1.64133373966513,"Upland","7","US-A03","SPEI_6__Pacific Coast",5.11812979955396,0.845459536639511,3.46102910774052,6.7752304913674
"SPEI_12","Pacific Coast",1.64133373966513,"Upland","7","US-A03","SPEI_12__Pacific Coast",5.22597563367639,0.83729925096151,3.58486910179183,6.86708216556094
"SPEI_24","Pacific Coast",1.64133373966513,"Upland","7","US-A03","SPEI_24__Pacific Coast",5.2020594259702,0.8385212488178,3.55855777828731,6.84556107365309
"SPEI_36","Pacific Coast",1.64133373966513,"Upland","7","US-A03","SPEI_36__Pacific Coast",5.22631332689382,0.837285524397288,3.58523369907514,6.86739295471251
"SPEI_48","Pacific Coast",1.64133373966513,"Upland","7","US-A03","SPEI_48__Pacific Coast",5.22650104362608,0.837306539096278,3.58538022699738,6.86762186025479
"SPEI_1","Gulf Coast",1.64133373966513,"Upland","7","US-A03","SPEI_1__Gulf Coast",6.91971029978091,1.30539094919852,4.3611440393518,9.47827656021002
"SPEI_3","Gulf Coast",1.64133373966513,"Upland","7","US-A03","SPEI_3__Gulf Coast",9.09761671103403,1.48568233060952,6.18567934303938,12.0095540790287
"SPEI_6","Gulf Coast",1.64133373966513,"Upland","7","US-A03","SPEI_6__Gulf Coast",7.30054485856947,1.36618238645949,4.62282738110888,9.97826233603006
"SPEI_12","Gulf Coast",1.64133373966513,"Upland","7","US-A03","SPEI_12__Gulf Coast",7.13834352304397,1.32051990937312,4.55012450067265,9.7265625454153
"SPEI_24","Gulf Coast",1.64133373966513,"Upland","7","US-A03","SPEI_24__Gulf Coast",7.01644085348451,1.37606940721203,4.31934481534894,9.71353689162009
"SPEI_36","Gulf Coast",1.64133373966513,"Upland","7","US-A03","SPEI_36__Gulf Coast",7.0190688635409,1.30492360694121,4.46141859393612,9.57671913314568
"SPEI_48","Gulf Coast",1.64133373966513,"Upland","7","US-A03","SPEI_48__Gulf Coast",7.86714054115466,1.26554557262832,5.38667121880316,10.3476098635062
"SPEI_1","AK Coast",1.64133373966513,"Upland","7","US-A03","SPEI_1__AK Coast",6.87535410834216,0.971693372369203,4.97083509849852,8.77987311818579
"SPEI_3","AK Coast",1.64133373966513,"Upland","7","US-A03","SPEI_3__AK Coast",7.43937139452547,0.992294425691478,5.49447432017017,9.38426846888077
"SPEI_6","AK Coast",1.64133373966513,"Upland","7","US-A03","SPEI_6__AK Coast",7.40167754611062,0.992278278614741,5.45681212002573,9.34654297219552
"SPEI_12","AK Coast",1.64133373966513,"Upland","7","US-A03","SPEI_12__AK Coast",7.2180727820436,0.987632446008724,5.2823131878665,9.1538323762207
"SPEI_24","AK Coast",1.64133373966513,"Upland","7","US-A03","SPEI_24__AK Coast",7.04227695993942,0.987315814882188,5.10713796277033,8.97741595710851
"SPEI_36","AK Coast",1.64133373966513,"Upland","7","US-A03","SPEI_36__AK Coast",7.19883885104143,0.983209873076099,5.27174749981227,9.12593020227058
"SPEI_48","AK Coast",1.64133373966513,"Upland","7","US-A03","SPEI_48__AK Coast",7.11172688069254,0.981092650835077,5.18878528505579,9.03466847632929
"SPEI_1","Atlantic Coast",1.67557315158884,"Upland","7","US-A03","SPEI_1__Atlantic Coast",4.41174321170543,0.657142683788506,3.12374355147996,5.6997428719309
"SPEI_3","Atlantic Coast",1.67557315158884,"Upland","7","US-A03","SPEI_3__Atlantic Coast",4.26569236601772,0.664694050018719,2.96289202798103,5.56849270405441
"SPEI_6","Atlantic Coast",1.67557315158884,"Upland","7","US-A03","SPEI_6__Atlantic Coast",4.30339121335369,0.662944249497941,3.00402048433773,5.60276194236966
"SPEI_12","Atlantic Coast",1.67557315158884,"Upland","7","US-A03","SPEI_12__Atlantic Coast",4.35419283836139,0.661058383570887,3.05851840656245,5.64986727016033
"SPEI_24","Atlantic Coast",1.67557315158884,"Upland","7","US-A03","SPEI_24__Atlantic Coast",4.28312982811978,0.663396962932594,2.9828717807719,5.58338787546767
"SPEI_36","Atlantic Coast",1.67557315158884,"Upland","7","US-A03","SPEI_36__Atlantic Coast",4.22483406933683,0.664229083193765,2.92294506627705,5.52672307239661
"SPEI_48","Atlantic Coast",1.67557315158884,"Upland","7","US-A03","SPEI_48__Atlantic Coast",4.10266770247584,0.668399881742915,2.79260393425973,5.41273147069195
"SPEI_1","Pacific Coast",1.67557315158884,"Upland","7","US-A03","SPEI_1__Pacific Coast",5.17252329716034,0.852522280159718,3.50157962804729,6.84346696627338
"SPEI_3","Pacific Coast",1.67557315158884,"Upland","7","US-A03","SPEI_3__Pacific Coast",5.14853557377386,0.844093218528034,3.49411286545891,6.8029582820888
"SPEI_6","Pacific Coast",1.67557315158884,"Upland","7","US-A03","SPEI_6__Pacific Coast",5.1181545088988,0.84588755390305,3.46021490324883,6.77609411454878
"SPEI_12","Pacific Coast",1.67557315158884,"Upland","7","US-A03","SPEI_12__Pacific Coast",5.22596625225542,0.837301312788972,3.58485567918903,6.8670768253218
"SPEI_24","Pacific Coast",1.67557315158884,"Upland","7","US-A03","SPEI_24__Pacific Coast",5.20173697689988,0.838568394204113,3.55814292425982,6.84533102953994
"SPEI_36","Pacific Coast",1.67557315158884,"Upland","7","US-A03","SPEI_36__Pacific Coast",5.22630729461292,0.837287059274654,3.5852246584346,6.86738993079125
"SPEI_48","Pacific Coast",1.67557315158884,"Upland","7","US-A03","SPEI_48__Pacific Coast",5.22650011789385,0.837309068926074,3.58537434279875,6.86762589298896
"SPEI_1","Gulf Coast",1.67557315158884,"Upland","7","US-A03","SPEI_1__Gulf Coast",6.89954012563327,1.30714334610256,4.33753916727225,9.46154108399428
"SPEI_3","Gulf Coast",1.67557315158884,"Upland","7","US-A03","SPEI_3__Gulf Coast",9.18207377858896,1.51664605788703,6.20944750513039,12.1547000520475
"SPEI_6","Gulf Coast",1.67557315158884,"Upland","7","US-A03","SPEI_6__Gulf Coast",7.31553056529489,1.37429797861563,4.62190652720826,10.0091546033815
"SPEI_12","Gulf Coast",1.67557315158884,"Upland","7","US-A03","SPEI_12__Gulf Coast",7.17022302804018,1.32605467587357,4.57115586332798,9.76929019275238
"SPEI_24","Gulf Coast",1.67557315158884,"Upland","7","US-A03","SPEI_24__Gulf Coast",7.02021241274069,1.3868199399177,4.302045330502,9.73837949497939
"SPEI_36","Gulf Coast",1.67557315158884,"Upland","7","US-A03","SPEI_36__Gulf Coast",7.00047452295517,1.30674526005758,4.43925381324231,9.56169523266803
"SPEI_48","Gulf Coast",1.67557315158884,"Upland","7","US-A03","SPEI_48__Gulf Coast",7.86714484869093,1.26556858149642,5.38663042895793,10.3476592684239
"SPEI_1","AK Coast",1.67557315158884,"Upland","7","US-A03","SPEI_1__AK Coast",6.87535957665744,0.971706240555193,4.97081534516926,8.77990380814562
"SPEI_3","AK Coast",1.67557315158884,"Upland","7","US-A03","SPEI_3__AK Coast",7.4602213658508,0.99341385457695,5.51313021087998,9.40731252082162
"SPEI_6","AK Coast",1.67557315158884,"Upland","7","US-A03","SPEI_6__AK Coast",7.416935710872,0.993466680914137,5.46974101628029,9.36413040546371
"SPEI_12","AK Coast",1.67557315158884,"Upland","7","US-A03","SPEI_12__AK Coast",7.22830888846882,0.988634378119345,5.2905855073549,9.16603226958274
"SPEI_24","AK Coast",1.67557315158884,"Upland","7","US-A03","SPEI_24__AK Coast",7.03855320892761,0.988337426689321,5.10141185261654,8.97569456523868
"SPEI_36","AK Coast",1.67557315158884,"Upland","7","US-A03","SPEI_36__AK Coast",7.21001567455201,0.984064018833671,5.28125019763801,9.138781151466
"SPEI_48","AK Coast",1.67557315158884,"Upland","7","US-A03","SPEI_48__AK Coast",7.11980731226599,0.981773445449665,5.19553135918464,9.04408326534733
"SPEI_1","Atlantic Coast",1.70981256351255,"Upland","7","US-A03","SPEI_1__Atlantic Coast",4.41172887067149,0.657145966321589,3.12372277668117,5.6997349646618
"SPEI_3","Atlantic Coast",1.70981256351255,"Upland","7","US-A03","SPEI_3__Atlantic Coast",4.26387057517675,0.66501588228941,2.96043944588951,5.567301704464
"SPEI_6","Atlantic Coast",1.70981256351255,"Upland","7","US-A03","SPEI_6__Atlantic Coast",4.30121779867621,0.663178228154905,3.0013884714926,5.60104712585982
"SPEI_12","Atlantic Coast",1.70981256351255,"Upland","7","US-A03","SPEI_12__Atlantic Coast",4.35300519199078,0.661202946811325,3.05704741624058,5.64896296774098
"SPEI_24","Atlantic Coast",1.70981256351255,"Upland","7","US-A03","SPEI_24__Atlantic Coast",4.28054636696544,0.663647552337239,2.97979716438445,5.58129556954643
"SPEI_36","Atlantic Coast",1.70981256351255,"Upland","7","US-A03","SPEI_36__Atlantic Coast",4.22101875074144,0.664518887501283,2.91856173123893,5.52347577024396
"SPEI_48","Atlantic Coast",1.70981256351255,"Upland","7","US-A03","SPEI_48__Atlantic Coast",4.09510501903419,0.66907280468429,2.78372232185298,5.4064877162154
"SPEI_1","Pacific Coast",1.70981256351255,"Upland","7","US-A03","SPEI_1__Pacific Coast",5.18053075197146,0.853251899384482,3.50815702917788,6.85290447476505
"SPEI_3","Pacific Coast",1.70981256351255,"Upland","7","US-A03","SPEI_3__Pacific Coast",5.14940388873072,0.844351051421809,3.49447582794398,6.80433194951747
"SPEI_6","Pacific Coast",1.70981256351255,"Upland","7","US-A03","SPEI_6__Pacific Coast",5.11823497944831,0.846334646975923,3.4594190713755,6.77705088752112
"SPEI_12","Pacific Coast",1.70981256351255,"Upland","7","US-A03","SPEI_12__Pacific Coast",5.22595701890994,0.837303413510309,3.58484232842974,6.86707170939015
"SPEI_24","Pacific Coast",1.70981256351255,"Upland","7","US-A03","SPEI_24__Pacific Coast",5.20142595624857,0.838616613624532,3.55773739354449,6.84511451895265
"SPEI_36","Pacific Coast",1.70981256351255,"Upland","7","US-A03","SPEI_36__Pacific Coast",5.2263013276195,0.837288621999298,3.58521562850088,6.86738702673813
"SPEI_48","Pacific Coast",1.70981256351255,"Upland","7","US-A03","SPEI_48__Pacific Coast",5.22649921841458,0.83731164836035,3.58536838762829,6.86763004920086
"SPEI_1","Gulf Coast",1.70981256351255,"Upland","7","US-A03","SPEI_1__Gulf Coast",6.87937070382127,1.30893197370436,4.31386403536071,9.44487737228182
"SPEI_3","Gulf Coast",1.70981256351255,"Upland","7","US-A03","SPEI_3__Gulf Coast",9.2633817836677,1.55234778053242,6.22078013382415,12.3059834335112
"SPEI_6","Gulf Coast",1.70981256351255,"Upland","7","US-A03","SPEI_6__Gulf Coast",7.3304113050227,1.38292011497418,4.61988787967331,10.0409347303721
"SPEI_12","Gulf Coast",1.70981256351255,"Upland","7","US-A03","SPEI_12__Gulf Coast",7.20173917591641,1.33248452558421,4.59006950577136,9.81340884606146
"SPEI_24","Gulf Coast",1.70981256351255,"Upland","7","US-A03","SPEI_24__Gulf Coast",7.0255368018909,1.39817887819408,4.2851062006305,9.7659674031513
"SPEI_36","Gulf Coast",1.70981256351255,"Upland","7","US-A03","SPEI_36__Gulf Coast",6.98188564534193,1.30860761898677,4.41701471212786,9.54675657855601
"SPEI_48","Gulf Coast",1.70981256351255,"Upland","7","US-A03","SPEI_48__Gulf Coast",7.86714891124135,1.26559195640716,5.38658867668333,10.3477091457994
"SPEI_1","AK Coast",1.70981256351255,"Upland","7","US-A03","SPEI_1__AK Coast",6.87536332203473,0.971719343144442,4.97079340947163,8.77993323459784
"SPEI_3","AK Coast",1.70981256351255,"Upland","7","US-A03","SPEI_3__AK Coast",7.48129563477956,0.994608551341244,5.53186287415072,9.4307283954084
"SPEI_6","AK Coast",1.70981256351255,"Upland","7","US-A03","SPEI_6__AK Coast",7.43219972104614,0.994723226071413,5.48254219794618,9.38185724414611
"SPEI_12","AK Coast",1.70981256351255,"Upland","7","US-A03","SPEI_12__AK Coast",7.2385428708316,0.989666014363865,5.29879748267842,9.17828825898477
"SPEI_24","AK Coast",1.70981256351255,"Upland","7","US-A03","SPEI_24__AK Coast",7.03457690198268,0.989422426912396,5.09530894523438,8.97384485873098
"SPEI_36","AK Coast",1.70981256351255,"Upland","7","US-A03","SPEI_36__AK Coast",7.2211884628072,0.984948500972977,5.29068940090016,9.15168752471423
"SPEI_48","AK Coast",1.70981256351255,"Upland","7","US-A03","SPEI_48__AK Coast",7.12788749342482,0.982477159034566,5.20223226171708,9.05354272513257
"SPEI_1","Atlantic Coast",1.74405197543626,"Upland","7","US-A03","SPEI_1__Atlantic Coast",4.41171469459081,0.657149302218207,3.12370206224312,5.6997273269385
"SPEI_3","Atlantic Coast",1.74405197543626,"Upland","7","US-A03","SPEI_3__Atlantic Coast",4.26210872272088,0.665346579536218,2.95802942682989,5.56618801861187
"SPEI_6","Atlantic Coast",1.74405197543626,"Upland","7","US-A03","SPEI_6__Atlantic Coast",4.2990446402577,0.6634167483625,2.9987478134672,5.59934146704821
"SPEI_12","Atlantic Coast",1.74405197543626,"Upland","7","US-A03","SPEI_12__Atlantic Coast",4.35183376950135,0.661350446104118,3.05558689513728,5.64808064386542
"SPEI_24","Atlantic Coast",1.74405197543626,"Upland","7","US-A03","SPEI_24__Atlantic Coast",4.27796321248293,0.663902964910413,2.97671340125852,5.57921302370734
"SPEI_36","Atlantic Coast",1.74405197543626,"Upland","7","US-A03","SPEI_36__Atlantic Coast",4.21720404102514,0.664814506446644,2.91416760838972,5.52024047366056
"SPEI_48","Atlantic Coast",1.74405197543626,"Upland","7","US-A03","SPEI_48__Atlantic Coast",4.08757693087227,0.669777887544696,2.77481227128466,5.40034159045987
"SPEI_1","Pacific Coast",1.74405197543626,"Upland","7","US-A03","SPEI_1__Pacific Coast",5.18863821309923,0.854013388467433,3.51477197170306,6.8625044544954
"SPEI_3","Pacific Coast",1.74405197543626,"Upland","7","US-A03","SPEI_3__Pacific Coast",5.15033070941548,0.844615772635637,3.49488379504963,6.80577762378133
"SPEI_6","Pacific Coast",1.74405197543626,"Upland","7","US-A03","SPEI_6__Pacific Coast",5.11836838986142,0.846801504355702,3.45863744132424,6.77809933839859
"SPEI_12","Pacific Coast",1.74405197543626,"Upland","7","US-A03","SPEI_12__Pacific Coast",5.22594792579569,0.837305554460228,3.58482903905364,6.86706681253774
"SPEI_24","Pacific Coast",1.74405197543626,"Upland","7","US-A03","SPEI_24__Pacific Coast",5.20112574282406,0.838665987013247,3.5573404082781,6.84491107737002
"SPEI_36","Pacific Coast",1.74405197543626,"Upland","7","US-A03","SPEI_36__Pacific Coast",5.22629542307283,0.837290213887875,3.58520660385259,6.86738424229306
"SPEI_48","Pacific Coast",1.74405197543626,"Upland","7","US-A03","SPEI_48__Pacific Coast",5.22649834366576,0.837314278666176,3.58536235748005,6.86763432985146
"SPEI_1","Gulf Coast",1.74405197543626,"Upland","7","US-A03","SPEI_1__Gulf Coast",6.85920195759554,1.3107567492559,4.29011872905398,9.42828518613711
"SPEI_3","Gulf Coast",1.74405197543626,"Upland","7","US-A03","SPEI_3__Gulf Coast",9.34159092262325,1.59303956283613,6.21923337946444,12.4639484657821
"SPEI_6","Gulf Coast",1.74405197543626,"Upland","7","US-A03","SPEI_6__Gulf Coast",7.34516854270881,1.39206642420618,4.6167183512647,10.0736187341529
"SPEI_12","Gulf Coast",1.74405197543626,"Upland","7","US-A03","SPEI_12__Gulf Coast",7.23286325198646,1.33986952650149,4.60671898004353,9.85900752392939
"SPEI_24","Gulf Coast",1.74405197543626,"Upland","7","US-A03","SPEI_24__Gulf Coast",7.03235315189892,1.41015063461561,4.26845790805233,9.79624839574551
"SPEI_36","Gulf Coast",1.74405197543626,"Upland","7","US-A03","SPEI_36__Gulf Coast",6.96330198096283,1.31051065776995,4.39470109173374,9.53190287019193
"SPEI_48","Gulf Coast",1.74405197543626,"Upland","7","US-A03","SPEI_48__Gulf Coast",7.86715273900151,1.26561570972783,5.38654594793497,10.3477595300681
"SPEI_1","AK Coast",1.74405197543626,"Upland","7","US-A03","SPEI_1__AK Coast",6.87536543214831,0.9717326939587,4.97076935198926,8.77996151230736
"SPEI_3","AK Coast",1.74405197543626,"Upland","7","US-A03","SPEI_3__AK Coast",7.50258475409262,0.995883976120565,5.55065216089631,9.45451734728892
"SPEI_6","AK Coast",1.74405197543626,"Upland","7","US-A03","SPEI_6__AK Coast",7.44746913404508,0.996051505903284,5.49520818247464,9.39973008561551
"SPEI_12","AK Coast",1.74405197543626,"Upland","7","US-A03","SPEI_12__AK Coast",7.2487748408068,0.990727323049944,5.30694928762891,9.19060039398469
"SPEI_24","AK Coast",1.74405197543626,"Upland","7","US-A03","SPEI_24__AK Coast",7.03036480212028,0.990575050651529,5.08883770284329,8.97189190139728
"SPEI_36","AK Coast",1.74405197543626,"Upland","7","US-A03","SPEI_36__AK Coast",7.23235745803279,0.985863371425795,5.30006525003823,9.16464966602735
"SPEI_48","AK Coast",1.74405197543626,"Upland","7","US-A03","SPEI_48__AK Coast",7.13596743977511,0.98320376833352,5.20888805384141,9.06304682570881
"SPEI_1","Atlantic Coast",1.77829138735997,"Upland","7","US-A03","SPEI_1__Atlantic Coast",4.41170067432733,0.657152693521913,3.12368139502438,5.69971995363028
"SPEI_3","Atlantic Coast",1.77829138735997,"Upland","7","US-A03","SPEI_3__Atlantic Coast",4.26040364224866,0.665686587648766,2.95565793045707,5.56514935404024
"SPEI_6","Atlantic Coast",1.77829138735997,"Upland","7","US-A03","SPEI_6__Atlantic Coast",4.2968717245008,0.663659810730136,2.99609849546973,5.59764495353186
"SPEI_12","Atlantic Coast",1.77829138735997,"Upland","7","US-A03","SPEI_12__Atlantic Coast",4.35067783618916,0.661501080735627,3.05413571794733,5.64721995443099
"SPEI_24","Atlantic Coast",1.77829138735997,"Upland","7","US-A03","SPEI_24__Atlantic Coast",4.27538034953901,0.66416319942179,2.9736204786723,5.57714022040572
"SPEI_36","Atlantic Coast",1.77829138735997,"Upland","7","US-A03","SPEI_36__Atlantic Coast",4.21338990790523,0.665115945970005,2.90976265380402,5.51701716200643
"SPEI_48","Atlantic Coast",1.77829138735997,"Upland","7","US-A03","SPEI_48__Atlantic Coast",4.08008236567071,0.670516134932769,2.76587074120248,5.39429399013894
"SPEI_1","Pacific Coast",1.77829138735997,"Upland","7","US-A03","SPEI_1__Pacific Coast",5.19683699978306,0.854808518134375,3.52141230423969,6.87226169532644
"SPEI_3","Pacific Coast",1.77829138735997,"Upland","7","US-A03","SPEI_3__Pacific Coast",5.15131240173345,0.844887827347996,3.49533226013138,6.80729254333552
"SPEI_6","Pacific Coast",1.77829138735997,"Upland","7","US-A03","SPEI_6__Pacific Coast",5.11855183377127,0.847288815321545,3.45786575574104,6.7792379118015
"SPEI_12","Pacific Coast",1.77829138735997,"Upland","7","US-A03","SPEI_12__Pacific Coast",5.22593896489735,0.83730773707754,3.58481580022537,6.86706212956933
"SPEI_24","Pacific Coast",1.77829138735997,"Upland","7","US-A03","SPEI_24__Pacific Coast",5.20083570382702,0.838716600080463,3.55695116766931,6.84472023998473
"SPEI_36","Pacific Coast",1.77829138735997,"Upland","7","US-A03","SPEI_36__Pacific Coast",5.22628957793753,0.837291836365536,3.58519757866108,6.86738157721398
"SPEI_48","Pacific Coast",1.77829138735997,"Upland","7","US-A03","SPEI_48__Pacific Coast",5.22649749211774,0.83731696121707,3.58535624813228,6.8676387361032
"SPEI_1","Gulf Coast",1.77829138735997,"Upland","7","US-A03","SPEI_1__Gulf Coast",6.83903381613232,1.31261758623355,4.26630334711457,9.41176428515007
"SPEI_3","Gulf Coast",1.77829138735997,"Upland","7","US-A03","SPEI_3__Gulf Coast",9.41677129970596,1.63889696849366,6.20453324145839,12.6290093579535
"SPEI_6","Gulf Coast",1.77829138735997,"Upland","7","US-A03","SPEI_6__Gulf Coast",7.35978789425731,1.40175359097458,4.61235085594714,10.1072249325675
"SPEI_12","Gulf Coast",1.77829138735997,"Upland","7","US-A03","SPEI_12__Gulf Coast",7.26357536072332,1.34826509049526,4.62097578335261,9.90617493809403
"SPEI_24","Gulf Coast",1.77829138735997,"Upland","7","US-A03","SPEI_24__Gulf Coast",7.04059507685303,1.42273894914687,4.25202673652517,9.82916341718089
"SPEI_36","Gulf Coast",1.77829138735997,"Upland","7","US-A03","SPEI_36__Gulf Coast",6.94472326650007,1.31245434370431,4.37231275283963,9.51713378016051
"SPEI_48","Gulf Coast",1.77829138735997,"Upland","7","US-A03","SPEI_48__Gulf Coast",7.86715634297173,1.26563985493411,5.38650222730088,10.3478104586426
"SPEI_1","AK Coast",1.77829138735997,"Upland","7","US-A03","SPEI_1__AK Coast",6.87536599705446,0.971746308075768,4.97074323322596,8.77998876088297
"SPEI_3","AK Coast",1.77829138735997,"Upland","7","US-A03","SPEI_3__AK Coast",7.52407864716834,0.997245590352187,5.56947729007805,9.47868000425862
"SPEI_6","AK Coast",1.77829138735997,"Upland","7","US-A03","SPEI_6__AK Coast",7.46274358148307,0.997455078736174,5.50773162716017,9.41775553580598
"SPEI_12","AK Coast",1.77829138735997,"Upland","7","US-A03","SPEI_12__AK Coast",7.25900491259154,0.991818269610054,5.31504110415583,9.20296872102724
"SPEI_24","AK Coast",1.77829138735997,"Upland","7","US-A03","SPEI_24__AK Coast",7.02593333359938,0.99179959941025,5.08200611875529,8.96986054844347
"SPEI_36","AK Coast",1.77829138735997,"Upland","7","US-A03","SPEI_36__AK Coast",7.24352290191641,0.986808678552781,5.30937789195296,9.17766791187986
"SPEI_48","AK Coast",1.77829138735997,"Upland","7","US-A03","SPEI_48__AK Coast",7.14404716707818,0.98395324857448,5.2154987998722,9.07259553428416
"SPEI_1","Atlantic Coast",1.81253079928368,"Upland","7","US-A03","SPEI_1__Atlantic Coast",4.41168680060763,0.65715614238318,3.1236607615366,5.69971283967866
"SPEI_3","Atlantic Coast",1.81253079928368,"Upland","7","US-A03","SPEI_3__Atlantic Coast",4.25875208842013,0.666036369591678,2.95332080402044,5.56418337281982
"SPEI_6","Atlantic Coast",1.81253079928368,"Upland","7","US-A03","SPEI_6__Atlantic Coast",4.29469903745699,0.6639074157529,2.99344050258131,5.59595757233267
"SPEI_12","Atlantic Coast",1.81253079928368,"Upland","7","US-A03","SPEI_12__Atlantic Coast",4.34953661450153,0.661655057797633,3.05269270121817,5.64638052778489
"SPEI_24","Atlantic Coast",1.81253079928368,"Upland","7","US-A03","SPEI_24__Atlantic Coast",4.27279776246375,0.664428254493886,2.97051838365573,5.57507714127177
"SPEI_36","Atlantic Coast",1.81253079928368,"Upland","7","US-A03","SPEI_36__Atlantic Coast",4.20957631833057,0.665423211534964,2.90534682372205,5.5138058129391
"SPEI_48","Atlantic Coast",1.81253079928368,"Upland","7","US-A03","SPEI_48__Atlantic Coast",4.07262008310814,0.671288517855361,2.75689458811164,5.38834557810465
"SPEI_1","Pacific Coast",1.81253079928368,"Upland","7","US-A03","SPEI_1__Pacific Coast",5.20511889727118,0.855639100908232,3.52806625949105,6.88217153505131
"SPEI_3","Pacific Coast",1.81253079928368,"Upland","7","US-A03","SPEI_3__Pacific Coast",5.15234535641216,0.845167677309614,3.49581670888531,6.808874003939
"SPEI_6","Pacific Coast",1.81253079928368,"Upland","7","US-A03","SPEI_6__Pacific Coast",5.11878236327164,0.847797260131846,3.45709973341322,6.78046499313005
"SPEI_12","Pacific Coast",1.81253079928368,"Upland","7","US-A03","SPEI_12__Pacific Coast",5.22593012813766,0.837309962873511,3.58480260090557,6.86705765536974
"SPEI_24","Pacific Coast",1.81253079928368,"Upland","7","US-A03","SPEI_24__Pacific Coast",5.20055520317766,0.838768542475887,3.55656885992492,6.8445415464304
"SPEI_36","Pacific Coast",1.81253079928368,"Upland","7","US-A03","SPEI_36__Pacific Coast",5.22628378905377,0.83729349093359,3.58518854682394,6.86737903128361
"SPEI_48","Pacific Coast",1.81253079928368,"Upland","7","US-A03","SPEI_48__Pacific Coast",5.22649666224932,0.837319697461401,3.58535005522497,6.86764326927366
"SPEI_1","Gulf Coast",1.81253079928368,"Upland","7","US-A03","SPEI_1__Gulf Coast",6.81886621390242,1.31451439365123,4.24241800234601,9.39531442545883
"SPEI_3","Gulf Coast",1.81253079928368,"Upland","7","US-A03","SPEI_3__Gulf Coast",9.48900833088337,1.69001689983901,6.1765752071989,12.8014414545678
"SPEI_6","Gulf Coast",1.81253079928368,"Upland","7","US-A03","SPEI_6__Gulf Coast",7.37425838849543,1.41199697312565,4.60674432116915,10.1417724558217
"SPEI_12","Gulf Coast",1.81253079928368,"Upland","7","US-A03","SPEI_12__Gulf Coast",7.29386274387742,1.35772103538087,4.63272951453092,9.95499597322392
"SPEI_24","Gulf Coast",1.81253079928368,"Upland","7","US-A03","SPEI_24__Gulf Coast",7.05019243303829,1.43594662120987,4.23573705546696,9.86464781060963
"SPEI_36","Gulf Coast",1.81253079928368,"Upland","7","US-A03","SPEI_36__Gulf Coast",6.92614923032503,1.31443863575019,4.34984950425467,9.50244895639539
"SPEI_48","Gulf Coast",1.81253079928368,"Upland","7","US-A03","SPEI_48__Gulf Coast",7.86715973468912,1.26566440628393,5.38645749837262,10.3478619710056
"SPEI_1","AK Coast",1.81253079928368,"Upland","7","US-A03","SPEI_1__AK Coast",6.87536510788463,0.971760201467412,4.97071511300851,8.78001510276076
"SPEI_3","AK Coast",1.81253079928368,"Upland","7","US-A03","SPEI_3__AK Coast",7.54576682583488,0.99869877324723,5.58831723027031,9.50321642139945
"SPEI_6","AK Coast",1.81253079928368,"Upland","7","US-A03","SPEI_6__AK Coast",7.47802275155058,0.998937418733501,5.52010541083292,9.43594009226825
"SPEI_12","AK Coast",1.81253079928368,"Upland","7","US-A03","SPEI_12__AK Coast",7.26923320132887,0.992938815882141,5.32307312219987,9.21539328045786
"SPEI_24","AK Coast",1.81253079928368,"Upland","7","US-A03","SPEI_24__AK Coast",7.02129850676893,0.993100368044349,5.07482178540201,8.96777522813586
"SPEI_36","AK Coast",1.81253079928368,"Upland","7","US-A03","SPEI_36__AK Coast",7.25468503354768,0.987784465537265,5.31862748109464,9.19074258600072
"SPEI_48","AK Coast",1.81253079928368,"Upland","7","US-A03","SPEI_48__AK Coast",7.15212669106171,0.984725573151153,5.22206456768545,9.08218881443797
"SPEI_1","Atlantic Coast",1.84677021120739,"Upland","7","US-A03","SPEI_1__Atlantic Coast",4.41167306412588,0.657159651020166,3.12364014812636,5.69970598012541
"SPEI_3","Atlantic Coast",1.84677021120739,"Upland","7","US-A03","SPEI_3__Atlantic Coast",4.25715078075103,0.666396396768544,2.95101384308468,5.56328771841738
"SPEI_6","Atlantic Coast",1.84677021120739,"Upland","7","US-A03","SPEI_6__Atlantic Coast",4.2925265650194,0.664159563740564,2.9907738200879,5.59427930995091
"SPEI_12","Atlantic Coast",1.84677021120739,"Upland","7","US-A03","SPEI_12__Atlantic Coast",4.3484093000513,0.661812588541297,3.05125662651036,5.64556197359224
"SPEI_24","Atlantic Coast",1.84677021120739,"Upland","7","US-A03","SPEI_24__Atlantic Coast",4.27021543529498,0.664698128550313,2.96740710333637,5.5730237672536
"SPEI_36","Atlantic Coast",1.84677021120739,"Upland","7","US-A03","SPEI_36__Atlantic Coast",4.20576323892103,0.665736307984946,2.90092007527053,5.51060640257152
"SPEI_48","Atlantic Coast",1.84677021120739,"Upland","7","US-A03","SPEI_48__Atlantic Coast",4.06518872280687,0.672095961453218,2.74788063835856,5.38249680725518
"SPEI_1","Pacific Coast",1.84677021120739,"Upland","7","US-A03","SPEI_1__Pacific Coast",5.21347611522667,0.856506959101685,3.53472247538737,6.89222975506597
"SPEI_3","Pacific Coast",1.84677021120739,"Upland","7","US-A03","SPEI_3__Pacific Coast",5.15342601150416,0.845455792814343,3.49633265758805,6.81051936542027
"SPEI_6","Pacific Coast",1.84677021120739,"Upland","7","US-A03","SPEI_6__Pacific Coast",5.11905702077783,0.848327501198541,3.45633511842869,6.78177892312697
"SPEI_12","Pacific Coast",1.84677021120739,"Upland","7","US-A03","SPEI_12__Pacific Coast",5.22592140745475,0.837312233405043,3.58478942998087,6.86705338492864
"SPEI_24","Pacific Coast",1.84677021120739,"Upland","7","US-A03","SPEI_24__Pacific Coast",5.20028360734022,0.83882190620878,3.55619267117101,6.84437454350943
"SPEI_36","Pacific Coast",1.84677021120739,"Upland","7","US-A03","SPEI_36__Pacific Coast",5.22627805319083,0.83729517914197,3.58517950207257,6.86737660430909
"SPEI_48","Pacific Coast",1.84677021120739,"Upland","7","US-A03","SPEI_48__Pacific Coast",5.22649585255792,0.837322488895497,3.58534377432275,6.86764793079309
"SPEI_1","Gulf Coast",1.84677021120739,"Upland","7","US-A03","SPEI_1__Gulf Coast",6.7986990899872,1.31644707544307,4.21846282211878,9.37893535785561
"SPEI_3","Gulf Coast",1.84677021120739,"Upland","7","US-A03","SPEI_3__Gulf Coast",9.55839887926844,1.74641982863059,6.13541601515249,12.9813817433844
"SPEI_6","Gulf Coast",1.84677021120739,"Upland","7","US-A03","SPEI_6__Gulf Coast",7.38857180107266,1.42281025913474,4.59986369316857,10.1772799089767
"SPEI_12","Gulf Coast",1.84677021120739,"Upland","7","US-A03","SPEI_12__Gulf Coast",7.32371829055484,1.36828078060812,4.64188796056293,10.0055486205468
"SPEI_24","Gulf Coast",1.84677021120739,"Upland","7","US-A03","SPEI_24__Gulf Coast",7.06107270157962,1.4497752598501,4.21951319227341,9.90263221088582
"SPEI_36","Gulf Coast",1.84677021120739,"Upland","7","US-A03","SPEI_36__Gulf Coast",6.90757959649527,1.31646348307416,4.32731116966991,9.48784802332063
"SPEI_48","Gulf Coast",1.84677021120739,"Upland","7","US-A03","SPEI_48__Gulf Coast",7.86716292601789,1.26568937854081,5.3864117440779,10.3479141079579
"SPEI_1","AK Coast",1.84677021120739,"Upland","7","US-A03","SPEI_1__AK Coast",6.87536285590239,0.971774390687882,4.97068505015414,8.78004066165064
"SPEI_3","AK Coast",1.84677021120739,"Upland","7","US-A03","SPEI_3__AK Coast",7.5676385595959,1.00024874677875,5.60715101590954,9.52812610328226
"SPEI_6","AK Coast",1.84677021120739,"Upland","7","US-A03","SPEI_6__AK Coast",7.49330637471874,1.00050187060103,5.53232270834071,9.45429004109677
"SPEI_12","AK Coast",1.84677021120739,"Upland","7","US-A03","SPEI_12__AK Coast",7.27945982198998,0.994088919474467,5.33104553982003,9.22787410415994
"SPEI_24","AK Coast",1.84677021120739,"Upland","7","US-A03","SPEI_24__AK Coast",7.01647588662077,0.994481578406027,5.06729199294496,8.96565978029659
"SPEI_36","AK Coast",1.84677021120739,"Upland","7","US-A03","SPEI_36__AK Coast",7.26584408813502,0.988790768972532,5.32781418094886,9.20387399532118
"SPEI_48","AK Coast",1.84677021120739,"Upland","7","US-A03","SPEI_48__AK Coast",7.16020602729108,0.985520713344803,5.22858542913526,9.09182662544689
"SPEI_1","Atlantic Coast",1.8810096231311,"Upland","7","US-A03","SPEI_1__Atlantic Coast",4.41165945562017,0.657163221681565,3.1236195411243,5.69969937011604
"SPEI_3","Atlantic Coast",1.8810096231311,"Upland","7","US-A03","SPEI_3__Atlantic Coast",4.25559643939839,0.666767139885239,2.94873284522332,5.56246003357345
"SPEI_6","Atlantic Coast",1.8810096231311,"Upland","7","US-A03","SPEI_6__Atlantic Coast",4.29035429308079,0.664416254743395,2.98809843378374,5.59261015237784
"SPEI_12","Atlantic Coast",1.8810096231311,"Upland","7","US-A03","SPEI_12__Atlantic Coast",4.34729507718771,0.661973884738779,3.0498262630997,5.64476389127571
"SPEI_24","Atlantic Coast",1.8810096231311,"Upland","7","US-A03","SPEI_24__Atlantic Coast",4.26763335199515,0.664972819761448,2.96428662526271,5.57098007872759
"SPEI_36","Atlantic Coast",1.8810096231311,"Upland","7","US-A03","SPEI_36__Atlantic Coast",4.20195063632148,0.666055239387313,2.89648236712235,5.50741890552061
"SPEI_48","Atlantic Coast",1.8810096231311,"Upland","7","US-A03","SPEI_48__Atlantic Coast",4.05778685802153,0.672939331443968,2.73882576839135,5.3767479476517
"SPEI_1","Pacific Coast",1.8810096231311,"Upland","7","US-A03","SPEI_1__Pacific Coast",5.22190118386423,0.857413890076727,3.54136995931385,6.90243240841462
"SPEI_3","Pacific Coast",1.8810096231311,"Upland","7","US-A03","SPEI_3__Pacific Coast",5.15455085911577,0.845752644538156,3.49687567582098,6.81222604241056
"SPEI_6","Pacific Coast",1.8810096231311,"Upland","7","US-A03","SPEI_6__Pacific Coast",5.11937286238833,0.848880173629749,3.45556772207402,6.78317800270264
"SPEI_12","Pacific Coast",1.8810096231311,"Upland","7","US-A03","SPEI_12__Pacific Coast",5.22591279485152,0.837314550249483,3.58477627636253,6.86704931334051
"SPEI_24","Pacific Coast",1.8810096231311,"Upland","7","US-A03","SPEI_24__Pacific Coast",5.20002028878131,0.838876784115887,3.55582179191417,6.84421878564845
"SPEI_36","Pacific Coast",1.8810096231311,"Upland","7","US-A03","SPEI_36__Pacific Coast",5.22627236709583,0.837296902563132,3.58517043807209,6.86737429611957
"SPEI_48","Pacific Coast",1.8810096231311,"Upland","7","US-A03","SPEI_48__Pacific Coast",5.22649506156307,0.837325337038001,3.58533740096859,6.86765272215755
"SPEI_1","Gulf Coast",1.8810096231311,"Upland","7","US-A03","SPEI_1__Gulf Coast",6.77853238679095,1.31841552972677,4.19443794852648,9.36262682505542
"SPEI_3","Gulf Coast",1.8810096231311,"Upland","7","US-A03","SPEI_3__Gulf Coast",9.62504659511111,1.80805563897205,6.08125754272589,13.1688356474963
"SPEI_6","Gulf Coast",1.8810096231311,"Upland","7","US-A03","SPEI_6__Gulf Coast",7.40272171322268,1.43420509833211,4.59167972049174,10.2137637059536
"SPEI_12","Gulf Coast",1.8810096231311,"Upland","7","US-A03","SPEI_12__Gulf Coast",7.35313851962859,1.37998063199654,4.64837648091537,10.0579005583418
"SPEI_24","Gulf Coast",1.8810096231311,"Upland","7","US-A03","SPEI_24__Gulf Coast",7.07316234825491,1.46422496243,4.20328142189212,9.9430432746177
"SPEI_36","Gulf Coast",1.8810096231311,"Upland","7","US-A03","SPEI_36__Gulf Coast",6.88901408822502,1.31852882325789,4.30469759463955,9.47333058181048
"SPEI_48","Gulf Coast",1.8810096231311,"Upland","7","US-A03","SPEI_48__Gulf Coast",7.86716592894846,1.26571478670648,5.38636494700376,10.3479669108932
"SPEI_1","AK Coast",1.8810096231311,"Upland","7","US-A03","SPEI_1__AK Coast",6.87535933184386,0.971788892571961,4.97065310240282,8.78006556128491
"SPEI_3","AK Coast",1.8810096231311,"Upland","7","US-A03","SPEI_3__AK Coast",7.58968303387035,1.00190050201707,5.6259580499169,9.5534080178238
"SPEI_6","AK Coast",1.8810096231311,"Upland","7","US-A03","SPEI_6__AK Coast",7.50859420691362,1.00215160394541,5.54437706318063,9.47281135064662
"SPEI_12","AK Coast",1.8810096231311,"Upland","7","US-A03","SPEI_12__AK Coast",7.28968488865368,0.995268533107776,5.33895856376244,9.24041121354492
"SPEI_24","AK Coast",1.8810096231311,"Upland","7","US-A03","SPEI_24__AK Coast",7.01148065142346,0.995947311566303,5.0594239207535,8.96353738209341
"SPEI_36","AK Coast",1.8810096231311,"Upland","7","US-A03","SPEI_36__AK Coast",7.27700029683499,0.98982761747289,5.33693816658812,9.21706242708185
"SPEI_48","AK Coast",1.8810096231311,"Upland","7","US-A03","SPEI_48__AK Coast",7.16828519111112,0.986338638050854,5.23506146053145,9.1015089216908
"SPEI_1","Atlantic Coast",1.91524903505482,"Upland","7","US-A03","SPEI_1__Atlantic Coast",4.41164596601744,0.657166856611817,3.12359892705827,5.6996930049766
"SPEI_3","Atlantic Coast",1.91524903505482,"Upland","7","US-A03","SPEI_3__Atlantic Coast",4.25408583286511,0.667149064115987,2.94647366719777,5.56169799853244
"SPEI_6","Atlantic Coast",1.91524903505482,"Upland","7","US-A03","SPEI_6__Atlantic Coast",4.28818220774062,0.664677488524963,2.9854143302317,5.59095008524955
"SPEI_12","Atlantic Coast",1.91524903505482,"Upland","7","US-A03","SPEI_12__Atlantic Coast",4.34619312802622,0.66213915607009,3.04840038212884,5.6439858739236
"SPEI_24","Atlantic Coast",1.91524903505482,"Upland","7","US-A03","SPEI_24__Atlantic Coast",4.26505149665985,0.665252326027385,2.96115693764617,5.56894605567352
"SPEI_36","Atlantic Coast",1.91524903505482,"Upland","7","US-A03","SPEI_36__Atlantic Coast",4.19813847769201,0.66638000901282,2.89203366002689,5.50424329535714
"SPEI_48","Atlantic Coast",1.91524903505482,"Upland","7","US-A03","SPEI_48__Atlantic Coast",4.05041299884546,0.673819432972586,2.72972691021919,5.37109908747173
"SPEI_1","Pacific Coast",1.91524903505482,"Upland","7","US-A03","SPEI_1__Pacific Coast",5.23038714250112,0.858361650683006,3.54799830716242,6.91277597783981
"SPEI_3","Pacific Coast",1.91524903505482,"Upland","7","US-A03","SPEI_3__Pacific Coast",5.15571650912813,0.84605869796046,3.49744146112563,6.81399155713063
"SPEI_6","Pacific Coast",1.91524903505482,"Upland","7","US-A03","SPEI_6__Pacific Coast",5.11972700274392,0.849455882184214,3.45479347366286,6.78466053182498
"SPEI_12","Pacific Coast",1.91524903505482,"Upland","7","US-A03","SPEI_12__Pacific Coast",5.22590428252623,0.837316914979663,3.58476312916609,6.86704543588636
"SPEI_24","Pacific Coast",1.91524903505482,"Upland","7","US-A03","SPEI_24__Pacific Coast",5.19976463658877,0.83893326852303,3.55545543028363,6.84407384289391
"SPEI_36","Pacific Coast",1.91524903505482,"Upland","7","US-A03","SPEI_36__Pacific Coast",5.22626672753511,0.837298662767271,3.58516134851126,6.86737210655896
"SPEI_48","Pacific Coast",1.91524903505482,"Upland","7","US-A03","SPEI_48__Pacific Coast",5.22649428783334,0.837328243406096,3.5853309307574,6.86765764490929
"SPEI_1","Gulf Coast",1.91524903505482,"Upland","7","US-A03","SPEI_1__Gulf Coast",6.75836605171406,1.32041964902471,4.17034353962563,9.34638856380249
"SPEI_3","Gulf Coast",1.91524903505482,"Upland","7","US-A03","SPEI_3__Gulf Coast",9.6890626447239,1.87481304386135,6.01442907875565,13.3636962106921
"SPEI_6","Gulf Coast",1.91524903505482,"Upland","7","US-A03","SPEI_6__Gulf Coast",7.41670410211868,1.4461910990212,4.58216954803712,10.2512386562002
"SPEI_12","Gulf Coast",1.91524903505482,"Upland","7","US-A03","SPEI_12__Gulf Coast",7.38212460038298,1.39284955794993,4.65213946680112,10.1121097339648
"SPEI_24","Gulf Coast",1.91524903505482,"Upland","7","US-A03","SPEI_24__Gulf Coast",7.08638758819851,1.47929445540753,4.18697045559976,9.98580472079727
"SPEI_36","Gulf Coast",1.91524903505482,"Upland","7","US-A03","SPEI_36__Gulf Coast",6.87045243160471,1.32063458295497,4.28200864901297,9.45889621419645
"SPEI_48","Gulf Coast",1.91524903505482,"Upland","7","US-A03","SPEI_48__Gulf Coast",7.86716875545966,1.26574064579463,5.38631708970219,10.3480204212171
"SPEI_1","AK Coast",1.91524903505482,"Upland","7","US-A03","SPEI_1__AK Coast",6.87535462451373,0.971803723973494,4.97061932552568,8.78008992350177
"SPEI_3","AK Coast",1.91524903505482,"Upland","7","US-A03","SPEI_3__AK Coast",7.61188947434308,1.00365875825795,5.64471830815749,9.57906064052866
"SPEI_6","AK Coast",1.91524903505482,"Upland","7","US-A03","SPEI_6__AK Coast",7.52388603384741,1.00388959301069,5.55626243154645,9.49150963614838
"SPEI_12","AK Coast",1.91524903505482,"Upland","7","US-A03","SPEI_12__AK Coast",7.29990851265573,0.99647760444549,5.34681240794257,9.25300461736889
"SPEI_24","AK Coast",1.91524903505482,"Upland","7","US-A03","SPEI_24__AK Coast",7.00632727787379,0.997501472458417,5.05122439185529,8.96143016389228
"SPEI_36","AK Coast",1.91524903505482,"Upland","7","US-A03","SPEI_36__AK Coast",7.28815388241777,0.990895031020634,5.34599962161732,9.23030814321821
"SPEI_48","AK Coast",1.91524903505482,"Upland","7","US-A03","SPEI_48__AK Coast",7.17636419734578,0.987179313642948,5.24149274260561,9.11123565208596
